{"type":"FeatureCollection","name":"estadios_mundo","features":[{"type":"Feature","properties":{"ESTADIO":"Castelão","NOME_OFICIAL":"Estádio Governador Plácido Castelo","CIDADE":"Fortaleza","ESTADO":"Ceará","PAIS":"Brasil","LATITUDE":-3.8072834,"LONGITUDE":-38.5224331,"PRIMEIRA_PARTIDA":"ABC 0x3 CORINTHIANS","DATA_PRIMEIRA_PARTIDA":"1972-11-22","ANO_PRIMEIRA_PARTIDA":1972,"ADVERSARIO":"ABC","PLACAR":"0x3","COMPETICAO_PRIMEIRA_PARTIDA":"Brasileirão 1972","MANDO_PRIMEIRA_PARTIDA":"Visitante","TOTAL_JOGOS":74,"VITORIAS":32,"EMPATES":14,"DERROTAS":28,"APROVEITAMENTO_PCT":49.5,"GOLS_MARCADOS":100,"GOLS_SOFRIDOS":76,"ESTADIOS_COM_ESTREIA_NA_DECADA":44,"OBSERVACOES":null,"FONTE_PRIMEIRA_PARTIDA":"https://www.meutimao.com.br/jogo/4234/brasileirao-1972/abc-0-x-3-corinthians","DESCRICAO_ORIGINAL":"Estádio Governador Plácido Castelo<br><br>Primeira partida: ceará 0 x 1 Corinthians 03/02/1974 - Brasileiro","FONTE_COORDENADAS":"OpenStreetMap Nominatim (geocodificação reversa)","URL_FONTE_COORDENADAS":"https://www.openstreetmap.org/relation/302588","ATRIBUICAO_COORDENADAS":"© OpenStreetMap contributors, ODbL 1.0","CAPACIDADE":"63903","CAPACIDADE_FONTE":"StadiumDB.com","URL_FONTE_CAPACIDADE":"https://stadiumdb.com/stadiums/bra/estadio_castelao","PAIS_ISO3":"BRA"},"geometry":{"type":"Point","coordinates":[-38.5224331,-3.8072834]}},{"type":"Feature","properties":{"ESTADIO":"Abreuzão","NOME_OFICIAL":"Estádio Municipal Bento de Abreu Sampaio Vidal","CIDADE":"Marília","ESTADO":"São Paulo","PAIS":"Brasil","LATITUDE":-22.2196144,"LONGITUDE":-49.9400031,"PRIMEIRA_PARTIDA":"são bento de marília 1 x 6 Corinthians","DATA_PRIMEIRA_PARTIDA":"1940-11-03","ANO_PRIMEIRA_PARTIDA":1940,"ADVERSARIO":"são bento de marília","PLACAR":"1 x 6","COMPETICAO_PRIMEIRA_PARTIDA":"Amistoso","MANDO_PRIMEIRA_PARTIDA":"Visitante","TOTAL_JOGOS":50,"VITORIAS":26,"EMPATES":20,"DERROTAS":4,"APROVEITAMENTO_PCT":65.3,"GOLS_MARCADOS":86,"GOLS_SOFRIDOS":32,"ESTADIOS_COM_ESTREIA_NA_DECADA":48,"OBSERVACOES":null,"FONTE_PRIMEIRA_PARTIDA":"Meu Timão / Acervo ATLAS1910","DESCRICAO_ORIGINAL":"Estádio Municipal Bento de Abreu Sampaio Vidal<br><br>Primeira partida: são bento de marília 1 x 6 Corinthians 03/11/1940 - Amistoso","FONTE_COORDENADAS":"OpenStreetMap Nominatim (geocodificação reversa)","URL_FONTE_COORDENADAS":"https://www.openstreetmap.org/relation/298306","ATRIBUICAO_COORDENADAS":"© OpenStreetMap contributors, ODbL 1.0","CAPACIDADE":"19500","CAPACIDADE_FONTE":"Meu Timão","URL_FONTE_CAPACIDADE":"https://www.meutimao.com.br/estadio/abreuzao/","PAIS_ISO3":"BRA"},"geometry":{"type":"Point","coordinates":[-49.9400031,-22.2196144]}},{"type":"Feature","properties":{"ESTADIO":"Achiles Pimpão/Vitorino Gonçalves Dias","NOME_OFICIAL":"OBS: No Almanaque do timão, aparecem como 2 estádios diferentes, mas o local é o mesmo","CIDADE":"Londrina","ESTADO":"Paraná","PAIS":"Brazil","LATITUDE":-23.3086433,"LONGITUDE":-51.1519682,"PRIMEIRA_PARTIDA":"operario de londrina 1 x 3 Corinthians","DATA_PRIMEIRA_PARTIDA":"1951-05-01","ANO_PRIMEIRA_PARTIDA":1951,"ADVERSARIO":"operario de londrina","PLACAR":"1 x 3","COMPETICAO_PRIMEIRA_PARTIDA":"Amistoso","MANDO_PRIMEIRA_PARTIDA":"Visitante","TOTAL_JOGOS":11,"VITORIAS":3,"EMPATES":3,"DERROTAS":5,"APROVEITAMENTO_PCT":36.4,"GOLS_MARCADOS":22,"GOLS_SOFRIDOS":24,"ESTADIOS_COM_ESTREIA_NA_DECADA":72,"OBSERVACOES":"https://www.londrinaesporteclube.com.br/noticia/2020/6/24/estadio-vgd-c","FONTE_PRIMEIRA_PARTIDA":"https://www.londrinaesporteclube.com.br/noticia/2020/6/24/estadio-vgd-c","DESCRICAO_ORIGINAL":"Primeira partida: operario de londrina 1 x 3 Corinthians 01/05/1951 - Amistoso<br><br>OBS: No Almanaque do timão, aparecem como 2 estádios diferentes, mas o local é o mesmo<br><br>https://www.londrinaesporteclube.com.br/noticia/2020/6/24/estadio-vgd-c","FONTE_COORDENADAS":"OpenStreetMap Nominatim (geocodificação reversa)","URL_FONTE_COORDENADAS":"https://www.openstreetmap.org/relation/297756","ATRIBUICAO_COORDENADAS":"© OpenStreetMap contributors, ODbL 1.0","PAIS_ISO3":"BRA","FONTE_CORRECAO_PAIS":"https://data.geocode.earth/wof/dist/legacy/whosonfirst-data-country-latest.tar.bz2"},"geometry":{"type":"Point","coordinates":[-51.1519682,-23.3086433]}},{"type":"Feature","properties":{"ESTADIO":"Adhemar de Barros","NOME_OFICIAL":"Estádio Dr Adhemar de Barros","CIDADE":"Assis","ESTADO":"São Paulo","PAIS":"Brasil","LATITUDE":-22.6702485,"LONGITUDE":-50.4203455,"PRIMEIRA_PARTIDA":"ferroviaria de assis 1 x 4 Corinthians","DATA_PRIMEIRA_PARTIDA":"1951-05-01","ANO_PRIMEIRA_PARTIDA":1951,"ADVERSARIO":"ferroviaria de assis","PLACAR":"1 x 4","COMPETICAO_PRIMEIRA_PARTIDA":"Amistoso","MANDO_PRIMEIRA_PARTIDA":"Visitante","TOTAL_JOGOS":11,"VITORIAS":3,"EMPATES":3,"DERROTAS":5,"APROVEITAMENTO_PCT":36.4,"GOLS_MARCADOS":22,"GOLS_SOFRIDOS":24,"ESTADIOS_COM_ESTREIA_NA_DECADA":72,"OBSERVACOES":null,"FONTE_PRIMEIRA_PARTIDA":"Meu Timão / Acervo ATLAS1910","DESCRICAO_ORIGINAL":"Estádio Dr Adhemar de Barros<br><br>Primeira partida: ferroviaria de assis 1 x 4 Corinthians 1/05/1951 - Amistoso","FONTE_COORDENADAS":"OpenStreetMap Nominatim (geocodificação reversa)","URL_FONTE_COORDENADAS":"https://www.openstreetmap.org/relation/298317","ATRIBUICAO_COORDENADAS":"© OpenStreetMap contributors, ODbL 1.0","PAIS_ISO3":"BRA"},"geometry":{"type":"Point","coordinates":[-50.4203455,-22.6702485]}},{"type":"Feature","properties":{"ESTADIO":"Adhemarzão","NOME_OFICIAL":"Estádio Municipal Adhemar de Barros","CIDADE":"Araçatuba","ESTADO":"São Paulo","PAIS":"Brasil","LATITUDE":-21.2168008,"LONGITUDE":-50.4444156,"PRIMEIRA_PARTIDA":"ferroviario de araçatuba 2 x 5 Corinthians","DATA_PRIMEIRA_PARTIDA":"1967-01-22","ANO_PRIMEIRA_PARTIDA":1967,"ADVERSARIO":"ferroviario de araçatuba","PLACAR":"2 x 5","COMPETICAO_PRIMEIRA_PARTIDA":"Amistoso","MANDO_PRIMEIRA_PARTIDA":"Visitante","TOTAL_JOGOS":20,"VITORIAS":14,"EMPATES":4,"DERROTAS":2,"APROVEITAMENTO_PCT":76.7,"GOLS_MARCADOS":38,"GOLS_SOFRIDOS":14,"ESTADIOS_COM_ESTREIA_NA_DECADA":56,"OBSERVACOES":null,"FONTE_PRIMEIRA_PARTIDA":"Meu Timão / Acervo ATLAS1910","DESCRICAO_ORIGINAL":"Estádio Municipal Adhemar de Barros<br><br>Primeira partida: ferroviario de araçatuba 2 x 5 Corinthians 22/01/1967 - Amistoso","FONTE_COORDENADAS":"OpenStreetMap Nominatim (geocodificação reversa)","URL_FONTE_COORDENADAS":"https://www.openstreetmap.org/relation/297930","ATRIBUICAO_COORDENADAS":"© OpenStreetMap contributors, ODbL 1.0","CAPACIDADE":"11284","CAPACIDADE_FONTE":"Meu Timão","URL_FONTE_CAPACIDADE":"https://www.meutimao.com.br/estadio/adhemarzao/","PAIS_ISO3":"BRA"},"geometry":{"type":"Point","coordinates":[-50.4444156,-21.2168008]}},{"type":"Feature","properties":{"ESTADIO":"Aflitos","NOME_OFICIAL":"Estádio Eládio de Barros Carvalho","CIDADE":"Recife","ESTADO":"Pernambuco","PAIS":"Brasil","LATITUDE":-8.0405628,"LONGITUDE":-34.8968178,"PRIMEIRA_PARTIDA":"santa cruz 0 x 3 Corinthians","DATA_PRIMEIRA_PARTIDA":"1965-01-13","ANO_PRIMEIRA_PARTIDA":1965,"ADVERSARIO":"santa cruz","PLACAR":"0 x 3","COMPETICAO_PRIMEIRA_PARTIDA":"Pentagonal do Recife","MANDO_PRIMEIRA_PARTIDA":"Visitante","TOTAL_JOGOS":14,"VITORIAS":2,"EMPATES":4,"DERROTAS":8,"APROVEITAMENTO_PCT":23.8,"GOLS_MARCADOS":16,"GOLS_SOFRIDOS":18,"ESTADIOS_COM_ESTREIA_NA_DECADA":56,"OBSERVACOES":null,"FONTE_PRIMEIRA_PARTIDA":"Meu Timão / Acervo ATLAS1910","DESCRICAO_ORIGINAL":"Estádio Eládio de Barros Carvalho <br><br>Primeira partida: santa cruz 0 x 3 Corinthians 13/01/1965 - Pentagonal do Recife","FONTE_COORDENADAS":"OpenStreetMap Nominatim (geocodificação reversa)","URL_FONTE_COORDENADAS":"https://www.openstreetmap.org/relation/303585","ATRIBUICAO_COORDENADAS":"© OpenStreetMap contributors, ODbL 1.0","CAPACIDADE":"22000","CAPACIDADE_FONTE":"Meu Timão","URL_FONTE_CAPACIDADE":"https://www.meutimao.com.br/estadio/aflitos/","PAIS_ISO3":"BRA"},"geometry":{"type":"Point","coordinates":[-34.8968178,-8.0405628]}},{"type":"Feature","properties":{"ESTADIO":"Mangueirão","NOME_OFICIAL":"Estádio Estadual Jornalista Edgar Augusto Proença","CIDADE":"Belém","ESTADO":"Pará","PAIS":"Brasil","LATITUDE":-1.3811857,"LONGITUDE":-48.4441767,"PRIMEIRA_PARTIDA":"remo 1 x 0 Corinthians","DATA_PRIMEIRA_PARTIDA":"1980-03-19","ANO_PRIMEIRA_PARTIDA":1980,"ADVERSARIO":"remo","PLACAR":"1 x 0","COMPETICAO_PRIMEIRA_PARTIDA":"Brasileiro","MANDO_PRIMEIRA_PARTIDA":"Visitante","TOTAL_JOGOS":26,"VITORIAS":8,"EMPATES":10,"DERROTAS":8,"APROVEITAMENTO_PCT":43.6,"GOLS_MARCADOS":30,"GOLS_SOFRIDOS":30,"ESTADIOS_COM_ESTREIA_NA_DECADA":37,"OBSERVACOES":null,"FONTE_PRIMEIRA_PARTIDA":"Meu Timão / Acervo ATLAS1910","DESCRICAO_ORIGINAL":"Estádio Estadual Jornalista Edgar Augusto Proença<br><br>Primeira partida: remo 1 x 0 Corinthians 19/03/1980 - Brasileiro","FONTE_COORDENADAS":"OpenStreetMap Nominatim (geocodificação reversa)","URL_FONTE_COORDENADAS":"https://www.openstreetmap.org/relation/185567","ATRIBUICAO_COORDENADAS":"© OpenStreetMap contributors, ODbL 1.0","CAPACIDADE":"35000","CAPACIDADE_FONTE":"StadiumDB.com","URL_FONTE_CAPACIDADE":"https://stadiumdb.com/stadiums/bra/estadio_mangueirao","PAIS_ISO3":"BRA"},"geometry":{"type":"Point","coordinates":[-48.4441767,-1.3811857]}},{"type":"Feature","properties":{"ESTADIO":"Alameda","NOME_OFICIAL":"Estádio Otacílio Negrão de Lima","CIDADE":"Belo Horizonte","ESTADO":"Minas Gerais","PAIS":"Brasil","LATITUDE":-19.9232019,"LONGITUDE":-43.9294622,"PRIMEIRA_PARTIDA":"villa nova 2 x 2 Corinthians","DATA_PRIMEIRA_PARTIDA":"1937-08-04","ANO_PRIMEIRA_PARTIDA":1937,"ADVERSARIO":"villa nova","PLACAR":"2 x 2","COMPETICAO_PRIMEIRA_PARTIDA":"Amistoso","MANDO_PRIMEIRA_PARTIDA":"Visitante","TOTAL_JOGOS":2,"VITORIAS":0,"EMPATES":2,"DERROTAS":0,"APROVEITAMENTO_PCT":33.3,"GOLS_MARCADOS":3,"GOLS_SOFRIDOS":3,"ESTADIOS_COM_ESTREIA_NA_DECADA":19,"OBSERVACOES":"OBS: https://pt.wikipedia.org/wiki/Est%C3%A1dio_Otac%C3%ADlio_Negr%C3%A3o_de_Lima e http://camposinvisiveis.com/alameda.html","FONTE_PRIMEIRA_PARTIDA":"https://pt.wikipedia.org/wiki/Est%C3%A1dio_Otac%C3%ADlio_Negr%C3%A3o_de_Lima","DESCRICAO_ORIGINAL":"Estádio Otacílio Negrão de Lima <br><br>Primeira partida: villa nova 2 x 2 Corinthians 04/08/1937 - Amistoso<br><br>OBS: https://pt.wikipedia.org/wiki/Est%C3%A1dio_Otac%C3%ADlio_Negr%C3%A3o_de_Lima e http://camposinvisiveis.com/alameda.html","FONTE_COORDENADAS":"OpenStreetMap Nominatim (geocodificação reversa)","URL_FONTE_COORDENADAS":"https://www.openstreetmap.org/relation/368782","ATRIBUICAO_COORDENADAS":"© OpenStreetMap contributors, ODbL 1.0","PAIS_ISO3":"BRA"},"geometry":{"type":"Point","coordinates":[-43.9294622,-19.9232019]}},{"type":"Feature","properties":{"ESTADIO":"Albertão","NOME_OFICIAL":"Estádio Governador Alberto Tavares Silva","CIDADE":"Teresina","ESTADO":"Piauí","PAIS":"Brasil","LATITUDE":-5.1161156,"LONGITUDE":-42.792737,"PRIMEIRA_PARTIDA":"tiradentes 1 x 0 Corinthians","DATA_PRIMEIRA_PARTIDA":"1973-09-16","ANO_PRIMEIRA_PARTIDA":1973,"ADVERSARIO":"tiradentes","PLACAR":"1 x 0","COMPETICAO_PRIMEIRA_PARTIDA":"Brasileiro","MANDO_PRIMEIRA_PARTIDA":"Visitante","TOTAL_JOGOS":10,"VITORIAS":4,"EMPATES":2,"DERROTAS":4,"APROVEITAMENTO_PCT":46.7,"GOLS_MARCADOS":26,"GOLS_SOFRIDOS":14,"ESTADIOS_COM_ESTREIA_NA_DECADA":44,"OBSERVACOES":null,"FONTE_PRIMEIRA_PARTIDA":"Meu Timão / Acervo ATLAS1910","DESCRICAO_ORIGINAL":"Estádio Governador Alberto Tavares Silva <br><br>Primeira partida: tiradentes 1 x 0 Corinthians 16/09/1973 - Brasileiro","FONTE_COORDENADAS":"OpenStreetMap Nominatim (geocodificação reversa)","URL_FONTE_COORDENADAS":"https://www.openstreetmap.org/relation/302749","ATRIBUICAO_COORDENADAS":"© OpenStreetMap contributors, ODbL 1.0","CAPACIDADE":"44200","CAPACIDADE_FONTE":"Meu Timão","URL_FONTE_CAPACIDADE":"https://www.meutimao.com.br/estadio/albertao/","PAIS_ISO3":"BRA"},"geometry":{"type":"Point","coordinates":[-42.792737,-5.1161156]}},{"type":"Feature","properties":{"ESTADIO":"Alfredo Jaconi","NOME_OFICIAL":null,"CIDADE":"Caxias do Sul","ESTADO":"Rio Grande do Sul","PAIS":"Brasil","LATITUDE":-29.162314,"LONGITUDE":-51.176265,"PRIMEIRA_PARTIDA":"juventude 2 x 0 Corinthians","DATA_PRIMEIRA_PARTIDA":"1997-03-20","ANO_PRIMEIRA_PARTIDA":1997,"ADVERSARIO":"juventude","PLACAR":"2 x 0","COMPETICAO_PRIMEIRA_PARTIDA":"Copa do Brasil","MANDO_PRIMEIRA_PARTIDA":"Visitante","TOTAL_JOGOS":28,"VITORIAS":6,"EMPATES":6,"DERROTAS":16,"APROVEITAMENTO_PCT":28.6,"GOLS_MARCADOS":26,"GOLS_SOFRIDOS":48,"ESTADIOS_COM_ESTREIA_NA_DECADA":35,"OBSERVACOES":null,"FONTE_PRIMEIRA_PARTIDA":"Meu Timão / Acervo ATLAS1910","DESCRICAO_ORIGINAL":"Primeira partida: juventude 2 x 0 Corinthians 20/03/1997 - Copa do Brasil","FONTE_COORDENADAS":"OpenStreetMap Nominatim (geocodificação reversa)","URL_FONTE_COORDENADAS":"https://www.openstreetmap.org/relation/242450","ATRIBUICAO_COORDENADAS":"© OpenStreetMap contributors, ODbL 1.0","CAPACIDADE":"23726","CAPACIDADE_FONTE":"Meu Timão","URL_FONTE_CAPACIDADE":"https://www.meutimao.com.br/estadio/alfredo_jaconi/","PAIS_ISO3":"BRA"},"geometry":{"type":"Point","coordinates":[-51.176265,-29.162314]}},{"type":"Feature","properties":{"ESTADIO":"Parque Antarctica","NOME_OFICIAL":"Atual Allianz Parque","CIDADE":"São Paulo","ESTADO":"SP","PAIS":"Brasil","LATITUDE":-23.5276207,"LONGITUDE":-46.6784662,"PRIMEIRA_PARTIDA":"Cambridge ? x ? Corinthians","DATA_PRIMEIRA_PARTIDA":"1911-04-16","ANO_PRIMEIRA_PARTIDA":1911,"ADVERSARIO":"Cambridge","PLACAR":"? x ?","COMPETICAO_PRIMEIRA_PARTIDA":"Jogo varzeano","MANDO_PRIMEIRA_PARTIDA":"Visitante","TOTAL_JOGOS":501,"VITORIAS":255,"EMPATES":105,"DERROTAS":135,"APROVEITAMENTO_PCT":58.6,"GOLS_MARCADOS":978,"GOLS_SOFRIDOS":651,"ESTADIOS_COM_ESTREIA_NA_DECADA":28,"OBSERVACOES":null,"FONTE_PRIMEIRA_PARTIDA":"Meu Timão / Acervo ATLAS1910","DESCRICAO_ORIGINAL":"Atual Allianz Parque<br><br>Primeira partida: Cambridge ? x ? Corinthians 16/04/1911 - Jogo varzeano","CAPACIDADE":"43713","CAPACIDADE_FONTE":"StadiumDB.com","URL_FONTE_CAPACIDADE":"https://stadiumdb.com/stadiums/bra/allianz_parque","PAIS_ISO3":"BRA"},"geometry":{"type":"Point","coordinates":[-46.6784662,-23.5276207]}},{"type":"Feature","properties":{"ESTADIO":"Almeidão","NOME_OFICIAL":"Estádio José Américo de Almeida Filho","CIDADE":"João Pessoa","ESTADO":"Paraíba","PAIS":"Brasil","LATITUDE":-7.1671695,"LONGITUDE":-34.8734486,"PRIMEIRA_PARTIDA":"botafogo-pb 0 x 1 Corinthians 24/09/1986 - Brasileiro","DATA_PRIMEIRA_PARTIDA":"1986-09-24","ANO_PRIMEIRA_PARTIDA":1986,"ADVERSARIO":"botafogo-pb","PLACAR":"0 x 1","COMPETICAO_PRIMEIRA_PARTIDA":"Brasileiro","MANDO_PRIMEIRA_PARTIDA":"Visitante","TOTAL_JOGOS":6,"VITORIAS":4,"EMPATES":0,"DERROTAS":2,"APROVEITAMENTO_PCT":66.7,"GOLS_MARCADOS":6,"GOLS_SOFRIDOS":4,"ESTADIOS_COM_ESTREIA_NA_DECADA":37,"OBSERVACOES":"botafogo-pb 0 x 1 Corinthians 24/09/1986 - Brasileiro","FONTE_PRIMEIRA_PARTIDA":"Meu Timão / Acervo ATLAS1910","DESCRICAO_ORIGINAL":"Estádio José Américo de Almeida Filho<br><br>botafogo-pb 0 x 1 Corinthians 24/09/1986 - Brasileiro","FONTE_COORDENADAS":"OpenStreetMap Nominatim (geocodificação reversa)","URL_FONTE_COORDENADAS":"https://www.openstreetmap.org/relation/301405","ATRIBUICAO_COORDENADAS":"© OpenStreetMap contributors, ODbL 1.0","CAPACIDADE":"25770","CAPACIDADE_FONTE":"Meu Timão","URL_FONTE_CAPACIDADE":"https://www.meutimao.com.br/estadio/almeidao/","PAIS_ISO3":"BRA"},"geometry":{"type":"Point","coordinates":[-34.8734486,-7.1671695]}},{"type":"Feature","properties":{"ESTADIO":"Alonso de Carvalho Braga","NOME_OFICIAL":"Obs: Alguns jogos no Alamanaque do Timão também marcados como \"Municipal de Tupã\"  (1956 e 1960)","CIDADE":"Tupã","ESTADO":"São Paulo","PAIS":"Brasil","LATITUDE":-21.9331875,"LONGITUDE":-50.5191875,"PRIMEIRA_PARTIDA":"tupã 1 x 1 Corinthians","DATA_PRIMEIRA_PARTIDA":"1956-06-29","ANO_PRIMEIRA_PARTIDA":1956,"ADVERSARIO":"tupã","PLACAR":"1 x 1","COMPETICAO_PRIMEIRA_PARTIDA":"Amistoso","MANDO_PRIMEIRA_PARTIDA":"Visitante","TOTAL_JOGOS":6,"VITORIAS":2,"EMPATES":4,"DERROTAS":0,"APROVEITAMENTO_PCT":55.6,"GOLS_MARCADOS":10,"GOLS_SOFRIDOS":4,"ESTADIOS_COM_ESTREIA_NA_DECADA":72,"OBSERVACOES":null,"FONTE_PRIMEIRA_PARTIDA":"Meu Timão / Acervo ATLAS1910","DESCRICAO_ORIGINAL":"Primeira partida: tupã 1 x 1 Corinthians 29/06/1956 - Amistoso<br><br>Obs: Alguns jogos no Alamanaque do Timão também marcados como \"Municipal de Tupã\"  (1956 e 1960)","FONTE_COORDENADAS":"OpenStreetMap Nominatim (geocodificação reversa)","URL_FONTE_COORDENADAS":"https://www.openstreetmap.org/relation/298164","ATRIBUICAO_COORDENADAS":"© OpenStreetMap contributors, ODbL 1.0","CAPACIDADE":"5515","CAPACIDADE_FONTE":"Meu Timão","URL_FONTE_CAPACIDADE":"https://www.meutimao.com.br/estadio/alonso_de_carvalho_braga/","PAIS_ISO3":"BRA"},"geometry":{"type":"Point","coordinates":[-50.5191875,-21.9331875]}},{"type":"Feature","properties":{"ESTADIO":"Aluísio Ferreira","NOME_OFICIAL":"Estádio Municipal Aluízio Pinheiro Ferreira","CIDADE":"Porto Velho","ESTADO":"Rondônia","PAIS":"Brasil","LATITUDE":-8.7573356,"LONGITUDE":-63.9103967,"PRIMEIRA_PARTIDA":"FERROVIÁRIOS DE SÃO CARLOS 2x7 CORINTHIANS","DATA_PRIMEIRA_PARTIDA":"1947-01-05","ANO_PRIMEIRA_PARTIDA":1947,"ADVERSARIO":"FERROVIÁRIOS DE SÃO CARLOS","PLACAR":"2x7","COMPETICAO_PRIMEIRA_PARTIDA":"Amistosos 1947","MANDO_PRIMEIRA_PARTIDA":"Visitante","TOTAL_JOGOS":13,"VITORIAS":11,"EMPATES":0,"DERROTAS":2,"APROVEITAMENTO_PCT":84.6,"GOLS_MARCADOS":50,"GOLS_SOFRIDOS":12,"ESTADIOS_COM_ESTREIA_NA_DECADA":48,"OBSERVACOES":null,"FONTE_PRIMEIRA_PARTIDA":"https://www.meutimao.com.br/jogo/5982/amistosos-1947/amistoso/ferroviarios_de_sao_carlos-2-x-7-corinthians","DESCRICAO_ORIGINAL":"Estádio Municipal Aluízio Pinheiro Ferreira<br><br>Primeira partida: combinado fla-moto-ro 0 x 4 Corinthians 23/11/1980 - Amistoso","FONTE_COORDENADAS":"OpenStreetMap Nominatim (geocodificação reversa)","URL_FONTE_COORDENADAS":"https://www.openstreetmap.org/relation/325855","ATRIBUICAO_COORDENADAS":"© OpenStreetMap contributors, ODbL 1.0","PAIS_ISO3":"BRA"},"geometry":{"type":"Point","coordinates":[-63.9103967,-8.7573356]}},{"type":"Feature","properties":{"ESTADIO":"Alçapão da Pires Barbosa","NOME_OFICIAL":"Campo da esportiva de guaratingueta","CIDADE":"Guaratinguetá","ESTADO":"São Paulo","PAIS":"Brasil","LATITUDE":-22.8154448,"LONGITUDE":-45.1979528,"PRIMEIRA_PARTIDA":"esportiva de guará 0 x 3 Corinthians","DATA_PRIMEIRA_PARTIDA":"1920-09-19","ANO_PRIMEIRA_PARTIDA":1920,"ADVERSARIO":"esportiva de guará","PLACAR":"0 x 3","COMPETICAO_PRIMEIRA_PARTIDA":"Amistoso Taça prefeitura de Guaratinguetá","MANDO_PRIMEIRA_PARTIDA":"Visitante","TOTAL_JOGOS":1,"VITORIAS":1,"EMPATES":0,"DERROTAS":0,"APROVEITAMENTO_PCT":100.0,"GOLS_MARCADOS":3,"GOLS_SOFRIDOS":0,"ESTADIOS_COM_ESTREIA_NA_DECADA":26,"OBSERVACOES":"Benedito Meireles | Obs: A localização exata do estádio não foi encontrada, as ref","FONTE_PRIMEIRA_PARTIDA":"Meu Timão / Acervo ATLAS1910","DESCRICAO_ORIGINAL":"Campo da esportiva de guaratingueta<br><br>Benedito Meireles<br><br>Primeira partida: esportiva de guará 0 x 3 Corinthians 19/09/1920 - Amistoso Taça prefeitura de Guaratinguetá<br><br>Obs: A localização exata do estádio não foi encontrada, as ref","FONTE_COORDENADAS":"OpenStreetMap Nominatim (geocodificação reversa)","URL_FONTE_COORDENADAS":"https://www.openstreetmap.org/relation/298076","ATRIBUICAO_COORDENADAS":"© OpenStreetMap contributors, ODbL 1.0","CAPACIDADE":"1000","CAPACIDADE_FONTE":"Meu Timão","URL_FONTE_CAPACIDADE":"https://www.meutimao.com.br/estadio/campo_da_esportiva_de_guaratingueta/","PAIS_ISO3":"BRA"},"geometry":{"type":"Point","coordinates":[-45.1979528,-22.8154448]}},{"type":"Feature","properties":{"ESTADIO":"Alçapão do Bonfim","NOME_OFICIAL":"Estádio Municipal Castor Cifuentes","CIDADE":"Nova Lima","ESTADO":"Minas Gerais","PAIS":"Brasil","LATITUDE":-19.9878391,"LONGITUDE":-43.84464,"PRIMEIRA_PARTIDA":"vila nova 2 x 1 Corinthians","DATA_PRIMEIRA_PARTIDA":"1937-08-01","ANO_PRIMEIRA_PARTIDA":1937,"ADVERSARIO":"vila nova","PLACAR":"2 x 1","COMPETICAO_PRIMEIRA_PARTIDA":"Amistoso","MANDO_PRIMEIRA_PARTIDA":"Visitante","TOTAL_JOGOS":2,"VITORIAS":0,"EMPATES":0,"DERROTAS":2,"APROVEITAMENTO_PCT":0.0,"GOLS_MARCADOS":2,"GOLS_SOFRIDOS":4,"ESTADIOS_COM_ESTREIA_NA_DECADA":19,"OBSERVACOES":null,"FONTE_PRIMEIRA_PARTIDA":"Meu Timão / Acervo ATLAS1910","DESCRICAO_ORIGINAL":"Estádio Municipal Castor Cifuentes<br><br>Primeira partida: vila nova 2 x 1 Corinthians 01/08/1937 - Amistoso","FONTE_COORDENADAS":"OpenStreetMap Nominatim (geocodificação reversa)","URL_FONTE_COORDENADAS":"https://www.openstreetmap.org/relation/368772","ATRIBUICAO_COORDENADAS":"© OpenStreetMap contributors, ODbL 1.0","PAIS_ISO3":"BRA"},"geometry":{"type":"Point","coordinates":[-43.84464,-19.9878391]}},{"type":"Feature","properties":{"ESTADIO":"Amigão","NOME_OFICIAL":"Estadio Governador Ernani Sátiro","CIDADE":"Campina Grande","ESTADO":"Paraíba","PAIS":"Brasil","LATITUDE":-7.2537422,"LONGITUDE":-35.879906,"PRIMEIRA_PARTIDA":"treze 0 x 0 Corinthians","DATA_PRIMEIRA_PARTIDA":"1984-03-18","ANO_PRIMEIRA_PARTIDA":1984,"ADVERSARIO":"treze","PLACAR":"0 x 0","COMPETICAO_PRIMEIRA_PARTIDA":"Brasileiro","MANDO_PRIMEIRA_PARTIDA":"Visitante","TOTAL_JOGOS":6,"VITORIAS":2,"EMPATES":4,"DERROTAS":0,"APROVEITAMENTO_PCT":55.6,"GOLS_MARCADOS":8,"GOLS_SOFRIDOS":4,"ESTADIOS_COM_ESTREIA_NA_DECADA":37,"OBSERVACOES":null,"FONTE_PRIMEIRA_PARTIDA":"Meu Timão / Acervo ATLAS1910","DESCRICAO_ORIGINAL":"Estadio Governador Ernani Sátiro<br><br>Primeira partida: treze 0 x 0 Corinthians 18/03/1984 - Brasileiro","FONTE_COORDENADAS":"OpenStreetMap Nominatim (geocodificação reversa)","URL_FONTE_COORDENADAS":"https://www.openstreetmap.org/relation/301462","ATRIBUICAO_COORDENADAS":"© OpenStreetMap contributors, ODbL 1.0","CAPACIDADE":"35000","CAPACIDADE_FONTE":"Meu Timão","URL_FONTE_CAPACIDADE":"https://www.meutimao.com.br/estadio/amigao/","PAIS_ISO3":"BRA"},"geometry":{"type":"Point","coordinates":[-35.879906,-7.2537422]}},{"type":"Feature","properties":{"ESTADIO":"Anacleto Campanella","NOME_OFICIAL":"Estádio Municipal Anacleto Campanella que também teve o nome de Lauro Gomes (https://pt.wikipedia.org/wiki/Est%C3%A1dio_Municipal_Anacleto_Campanella#Est%C3%A1dio_Lauro_Gomes_de_Almeida)","CIDADE":"São Caetano do Sul","ESTADO":"São Paulo","PAIS":"Brasil","LATITUDE":-23.6302452,"LONGITUDE":-46.5609028,"PRIMEIRA_PARTIDA":"SÃO BENTO DE SÃO CAETANO 2x3 CORINTHIANS","DATA_PRIMEIRA_PARTIDA":"1955-01-13","ANO_PRIMEIRA_PARTIDA":1955,"ADVERSARIO":"SÃO BENTO DE SÃO CAETANO","PLACAR":"2x3","COMPETICAO_PRIMEIRA_PARTIDA":"Amistosos 1955","MANDO_PRIMEIRA_PARTIDA":"Visitante","TOTAL_JOGOS":18,"VITORIAS":10,"EMPATES":2,"DERROTAS":6,"APROVEITAMENTO_PCT":59.3,"GOLS_MARCADOS":24,"GOLS_SOFRIDOS":21,"ESTADIOS_COM_ESTREIA_NA_DECADA":72,"OBSERVACOES":"Também houve partida como \"Estádio Municipal de São Cae","FONTE_PRIMEIRA_PARTIDA":"https://www.meutimao.com.br/jogo/5483/amistosos-1955/amistoso/sao_bento_de_sao_caetano-2-x-3-corinthians","DESCRICAO_ORIGINAL":"Estádio Municipal Anacleto Campanella que também teve o nome de Lauro Gomes (https://pt.wikipedia.org/wiki/Est%C3%A1dio_Municipal_Anacleto_Campanella#Est%C3%A1dio_Lauro_Gomes_de_Almeida)<br><br>Também houve partida como \"Estádio Municipal de São Cae","FONTE_COORDENADAS":"OpenStreetMap Nominatim (geocodificação reversa)","URL_FONTE_COORDENADAS":"https://www.openstreetmap.org/relation/298170","ATRIBUICAO_COORDENADAS":"© OpenStreetMap contributors, ODbL 1.0","CAPACIDADE":"14400","CAPACIDADE_FONTE":"StadiumDB.com","URL_FONTE_CAPACIDADE":"https://stadiumdb.com/stadiums/bra/estadio_anacleto_campanella","PAIS_ISO3":"BRA"},"geometry":{"type":"Point","coordinates":[-46.5609028,-23.6302452]}},{"type":"Feature","properties":{"ESTADIO":"Andaraí","NOME_OFICIAL":"Campo da Rua Prefeito Serzedello Correa, atual Rua Barão de São Francisco","CIDADE":"Rio de Janeiro","ESTADO":"Rio de Janeiro","PAIS":"Brasil","LATITUDE":-22.9218137,"LONGITUDE":-43.2502973,"PRIMEIRA_PARTIDA":"andarahy 1 x 5 Corinthians","DATA_PRIMEIRA_PARTIDA":"1921-12-04","ANO_PRIMEIRA_PARTIDA":1921,"ADVERSARIO":"andarahy","PLACAR":"1 x 5","COMPETICAO_PRIMEIRA_PARTIDA":"Amistoso","MANDO_PRIMEIRA_PARTIDA":"Visitante","TOTAL_JOGOS":1,"VITORIAS":1,"EMPATES":0,"DERROTAS":0,"APROVEITAMENTO_PCT":100.0,"GOLS_MARCADOS":5,"GOLS_SOFRIDOS":1,"ESTADIOS_COM_ESTREIA_NA_DECADA":26,"OBSERVACOES":"Obs: Localização exata não encontrada https://pt.wikipedia.org/wiki/Andarahy_Athletico_Club#Hi","FONTE_PRIMEIRA_PARTIDA":"https://pt.wikipedia.org/wiki/Andarahy_Athletico_Club#Hi","DESCRICAO_ORIGINAL":"Campo da Rua Prefeito Serzedello Correa, atual Rua Barão de São Francisco<br><br>Primeira partida: andarahy 1 x 5 Corinthians 04/12/1921 - Amistoso<br><br>Obs: Localização exata não encontrada https://pt.wikipedia.org/wiki/Andarahy_Athletico_Club#Hi","FONTE_COORDENADAS":"OpenStreetMap Nominatim (geocodificação reversa)","URL_FONTE_COORDENADAS":"https://www.openstreetmap.org/relation/2697338","ATRIBUICAO_COORDENADAS":"© OpenStreetMap contributors, ODbL 1.0","PAIS_ISO3":"BRA"},"geometry":{"type":"Point","coordinates":[-43.2502973,-22.9218137]}},{"type":"Feature","properties":{"ESTADIO":"Antônio Alonso","NOME_OFICIAL":"Obs: A localização exata na Rua Vinte e Oito de Setembro não encontrada https://www.novomilenio.inf.br/santos/h0100b25b.htm e https://www.santosfc.com.br/memoria-santos-fc-jogan","CIDADE":"Santos","ESTADO":"São Paulo","PAIS":"Brazil","LATITUDE":-23.9562015,"LONGITUDE":-46.3159358,"PRIMEIRA_PARTIDA":"hespanha 5 x 6 Corinthians","DATA_PRIMEIRA_PARTIDA":"1933-01-29","ANO_PRIMEIRA_PARTIDA":1933,"ADVERSARIO":"hespanha","PLACAR":"5 x 6","COMPETICAO_PRIMEIRA_PARTIDA":"Amistoso","MANDO_PRIMEIRA_PARTIDA":"Visitante","TOTAL_JOGOS":4,"VITORIAS":2,"EMPATES":1,"DERROTAS":1,"APROVEITAMENTO_PCT":58.3,"GOLS_MARCADOS":9,"GOLS_SOFRIDOS":9,"ESTADIOS_COM_ESTREIA_NA_DECADA":19,"OBSERVACOES":null,"FONTE_PRIMEIRA_PARTIDA":"https://www.novomilenio.inf.br/santos/h0100b25b.htm","DESCRICAO_ORIGINAL":"Primeira partida: hespanha 5 x 6 Corinthians 29/01/1933 - Amistoso<br><br>Obs: A localização exata na Rua Vinte e Oito de Setembro não encontrada https://www.novomilenio.inf.br/santos/h0100b25b.htm e https://www.santosfc.com.br/memoria-santos-fc-jogan","FONTE_COORDENADAS":"OpenStreetMap Nominatim (geocodificação reversa)","URL_FONTE_COORDENADAS":"https://www.openstreetmap.org/relation/298442","ATRIBUICAO_COORDENADAS":"© OpenStreetMap contributors, ODbL 1.0","PAIS_ISO3":"BRA","FONTE_CORRECAO_PAIS":"https://data.geocode.earth/wof/dist/legacy/whosonfirst-data-country-latest.tar.bz2"},"geometry":{"type":"Point","coordinates":[-46.3159358,-23.9562015]}},{"type":"Feature","properties":{"ESTADIO":"Antônio Barbosa Pinto da Fonseca","NOME_OFICIAL":null,"CIDADE":"Serra Negra","ESTADO":"São Paulo","PAIS":"Brasil","LATITUDE":-22.6133151,"LONGITUDE":-46.7036114,"PRIMEIRA_PARTIDA":"seleção de serra negra 0 x 3 Corinthias","DATA_PRIMEIRA_PARTIDA":"1996-08-04","ANO_PRIMEIRA_PARTIDA":1996,"ADVERSARIO":"seleção de serra negra","PLACAR":"0 x 3","COMPETICAO_PRIMEIRA_PARTIDA":"Amistoso","MANDO_PRIMEIRA_PARTIDA":"Visitante","TOTAL_JOGOS":8,"VITORIAS":6,"EMPATES":2,"DERROTAS":0,"APROVEITAMENTO_PCT":83.3,"GOLS_MARCADOS":24,"GOLS_SOFRIDOS":4,"ESTADIOS_COM_ESTREIA_NA_DECADA":35,"OBSERVACOES":null,"FONTE_PRIMEIRA_PARTIDA":"Meu Timão / Acervo ATLAS1910","DESCRICAO_ORIGINAL":"Primeira partida: seleção de serra negra 0 x 3 Corinthias 04/08/1996 - Amistoso","FONTE_COORDENADAS":"OpenStreetMap Nominatim (geocodificação reversa)","URL_FONTE_COORDENADAS":"https://www.openstreetmap.org/relation/298111","ATRIBUICAO_COORDENADAS":"© OpenStreetMap contributors, ODbL 1.0","CAPACIDADE":"3500","CAPACIDADE_FONTE":"Meu Timão","URL_FONTE_CAPACIDADE":"https://www.meutimao.com.br/estadio/antonio_barbosa_pinto_da_fonseca/","PAIS_ISO3":"BRA"},"geometry":{"type":"Point","coordinates":[-46.7036114,-22.6133151]}},{"type":"Feature","properties":{"ESTADIO":"Antônio Carlos","NOME_OFICIAL":"Estádio Presidente Antônio Carlos","CIDADE":"Belo Horizonte","ESTADO":"Minas Gerais","PAIS":"Brasil","LATITUDE":-19.9279851,"LONGITUDE":-43.9474041,"PRIMEIRA_PARTIDA":"atlético-mg 4 x 2 Corinthians","DATA_PRIMEIRA_PARTIDA":"1929-05-30","ANO_PRIMEIRA_PARTIDA":1929,"ADVERSARIO":"atlético-mg","PLACAR":"4 x 2","COMPETICAO_PRIMEIRA_PARTIDA":"Amistoso","MANDO_PRIMEIRA_PARTIDA":"Visitante","TOTAL_JOGOS":5,"VITORIAS":2,"EMPATES":0,"DERROTAS":3,"APROVEITAMENTO_PCT":40.0,"GOLS_MARCADOS":6,"GOLS_SOFRIDOS":13,"ESTADIOS_COM_ESTREIA_NA_DECADA":26,"OBSERVACOES":"Obs: Atual DiamondMall, https://pt.wikipedia.org/wiki/Est%C3%A1dio_Presidente_Ant%C3%B4nio_Carlos e https://terceirotempo.uol.com.br/","FONTE_PRIMEIRA_PARTIDA":"https://pt.wikipedia.org/wiki/Est%C3%A1dio_Presidente_Ant%C3%B4nio_Carlos","DESCRICAO_ORIGINAL":"Estádio Presidente Antônio Carlos<br><br>Primeira partida: atlético-mg 4 x 2 Corinthians 30/05/1929 - Amistoso<br><br>Obs: Atual DiamondMall, https://pt.wikipedia.org/wiki/Est%C3%A1dio_Presidente_Ant%C3%B4nio_Carlos e https://terceirotempo.uol.com.br/","FONTE_COORDENADAS":"OpenStreetMap Nominatim (geocodificação reversa)","URL_FONTE_COORDENADAS":"https://www.openstreetmap.org/relation/368782","ATRIBUICAO_COORDENADAS":"© OpenStreetMap contributors, ODbL 1.0","PAIS_ISO3":"BRA"},"geometry":{"type":"Point","coordinates":[-43.9474041,-19.9279851]}},{"type":"Feature","properties":{"ESTADIO":"Antônio Fragoas","NOME_OFICIAL":"Localização exata não encontrada*","CIDADE":"Bauru","ESTADO":"São Paulo","PAIS":"Brasil","LATITUDE":-22.314459,"LONGITUDE":-49.0586951,"PRIMEIRA_PARTIDA":"bauru 0 x 1 Corinthians","DATA_PRIMEIRA_PARTIDA":"1952-08-15","ANO_PRIMEIRA_PARTIDA":1952,"ADVERSARIO":"bauru","PLACAR":"0 x 1","COMPETICAO_PRIMEIRA_PARTIDA":"Amistoso","MANDO_PRIMEIRA_PARTIDA":"Visitante","TOTAL_JOGOS":2,"VITORIAS":2,"EMPATES":0,"DERROTAS":0,"APROVEITAMENTO_PCT":100.0,"GOLS_MARCADOS":2,"GOLS_SOFRIDOS":0,"ESTADIOS_COM_ESTREIA_NA_DECADA":72,"OBSERVACOES":null,"FONTE_PRIMEIRA_PARTIDA":"Meu Timão / Acervo ATLAS1910","DESCRICAO_ORIGINAL":"Localização exata não encontrada*<br><br>Primeira partida: bauru 0 x 1 Corinthians 15/08/1952 - Amistoso","FONTE_COORDENADAS":"OpenStreetMap Nominatim (geocodificação reversa)","URL_FONTE_COORDENADAS":"https://www.openstreetmap.org/relation/298315","ATRIBUICAO_COORDENADAS":"© OpenStreetMap contributors, ODbL 1.0","CAPACIDADE":"5000","CAPACIDADE_FONTE":"Meu Timão","URL_FONTE_CAPACIDADE":"https://www.meutimao.com.br/estadio/antonio_fragoas/","PAIS_ISO3":"BRA"},"geometry":{"type":"Point","coordinates":[-49.0586951,-22.314459]}},{"type":"Feature","properties":{"ESTADIO":"Antonio Lins Ribeiro Guimarães","NOME_OFICIAL":"Estádio Antonio Lins Ribeiro Guimarães","CIDADE":"Santa Bárbara D'Oeste","ESTADO":"SP","PAIS":"Brasil","LATITUDE":-22.7555141,"LONGITUDE":-47.4243333,"PRIMEIRA_PARTIDA":"união barbarense 1 x 1 Corinthians","DATA_PRIMEIRA_PARTIDA":"1998-06-07","ANO_PRIMEIRA_PARTIDA":1998,"ADVERSARIO":"união barbarense","PLACAR":"1 x 1","COMPETICAO_PRIMEIRA_PARTIDA":"Amistoso","MANDO_PRIMEIRA_PARTIDA":"Visitante","TOTAL_JOGOS":15,"VITORIAS":9,"EMPATES":6,"DERROTAS":0,"APROVEITAMENTO_PCT":73.3,"GOLS_MARCADOS":33,"GOLS_SOFRIDOS":18,"ESTADIOS_COM_ESTREIA_NA_DECADA":35,"OBSERVACOES":null,"FONTE_PRIMEIRA_PARTIDA":"Meu Timão / Acervo ATLAS1910","DESCRICAO_ORIGINAL":"Estádio Antonio Lins Ribeiro Guimarães<br><br>Primeira partida: união barbarense 1 x 1 Corinthians 07/06/1998 - Amistoso","PAIS_ISO3":"BRA"},"geometry":{"type":"Point","coordinates":[-47.4243333,-22.7555141]}},{"type":"Feature","properties":{"ESTADIO":"Arena Barueri","NOME_OFICIAL":null,"CIDADE":"Barueri","ESTADO":"São Paulo","PAIS":"Brasil","LATITUDE":-23.5124719,"LONGITUDE":-46.8995624,"PRIMEIRA_PARTIDA":"grêmio barueri 1 x 1 Corinthians","DATA_PRIMEIRA_PARTIDA":"2008-02-06","ANO_PRIMEIRA_PARTIDA":2008,"ADVERSARIO":"grêmio barueri","PLACAR":"1 x 1","COMPETICAO_PRIMEIRA_PARTIDA":"Paulista","MANDO_PRIMEIRA_PARTIDA":"Visitante","TOTAL_JOGOS":26,"VITORIAS":8,"EMPATES":10,"DERROTAS":8,"APROVEITAMENTO_PCT":43.6,"GOLS_MARCADOS":32,"GOLS_SOFRIDOS":32,"ESTADIOS_COM_ESTREIA_NA_DECADA":21,"OBSERVACOES":null,"FONTE_PRIMEIRA_PARTIDA":"Meu Timão / Acervo ATLAS1910","DESCRICAO_ORIGINAL":"Primeira partida: grêmio barueri 1 x 1 Corinthians 06/02/2008 - Paulista","FONTE_COORDENADAS":"OpenStreetMap Nominatim (geocodificação reversa)","URL_FONTE_COORDENADAS":"https://www.openstreetmap.org/relation/298021","ATRIBUICAO_COORDENADAS":"© OpenStreetMap contributors, ODbL 1.0","CAPACIDADE":"38789","CAPACIDADE_FONTE":"Meu Timão","URL_FONTE_CAPACIDADE":"https://www.meutimao.com.br/estadio/arena_barueri/","PAIS_ISO3":"BRA"},"geometry":{"type":"Point","coordinates":[-46.8995624,-23.5124719]}},{"type":"Feature","properties":{"ESTADIO":"Arena Condá","NOME_OFICIAL":"Indio Condá","CIDADE":"Chapecó","ESTADO":"Santa Catarina","PAIS":"Brasil","LATITUDE":-27.1041983,"LONGITUDE":-52.6069171,"PRIMEIRA_PARTIDA":"chapecoense 0 x 1 Corinthians","DATA_PRIMEIRA_PARTIDA":"2014-05-04","ANO_PRIMEIRA_PARTIDA":2014,"ADVERSARIO":"chapecoense","PLACAR":"0 x 1","COMPETICAO_PRIMEIRA_PARTIDA":"Brasileiro","MANDO_PRIMEIRA_PARTIDA":"Visitante","TOTAL_JOGOS":20,"VITORIAS":14,"EMPATES":2,"DERROTAS":4,"APROVEITAMENTO_PCT":73.3,"GOLS_MARCADOS":22,"GOLS_SOFRIDOS":8,"ESTADIOS_COM_ESTREIA_NA_DECADA":31,"OBSERVACOES":null,"FONTE_PRIMEIRA_PARTIDA":"Meu Timão / Acervo ATLAS1910","DESCRICAO_ORIGINAL":"Indio Condá<br><br>Primeira partida: chapecoense 0 x 1 Corinthians 04/05/2014 - Brasileiro","FONTE_COORDENADAS":"OpenStreetMap Nominatim (geocodificação reversa)","URL_FONTE_COORDENADAS":"https://www.openstreetmap.org/relation/296501","ATRIBUICAO_COORDENADAS":"© OpenStreetMap contributors, ODbL 1.0","CAPACIDADE":"19325","CAPACIDADE_FONTE":"StadiumDB.com","URL_FONTE_CAPACIDADE":"https://stadiumdb.com/stadiums/bra/arena_conda","PAIS_ISO3":"BRA"},"geometry":{"type":"Point","coordinates":[-52.6069171,-27.1041983]}},{"type":"Feature","properties":{"ESTADIO":"Neo Quimica Arena","NOME_OFICIAL":"Antiga 'Arena Corinthians'","CIDADE":"São Paulo","ESTADO":"São Paulo","PAIS":"Brasil","LATITUDE":-23.5453221,"LONGITUDE":-46.4742676,"PRIMEIRA_PARTIDA":"CORINTHIANS 0x1 FIGUEIRENSE","DATA_PRIMEIRA_PARTIDA":"2014-05-18","ANO_PRIMEIRA_PARTIDA":2014,"ADVERSARIO":"FIGUEIRENSE","PLACAR":"0x1","COMPETICAO_PRIMEIRA_PARTIDA":"Brasileirão 2014","MANDO_PRIMEIRA_PARTIDA":"Mandante","TOTAL_JOGOS":850,"VITORIAS":484,"EMPATES":234,"DERROTAS":132,"APROVEITAMENTO_PCT":66.1,"GOLS_MARCADOS":1330,"GOLS_SOFRIDOS":658,"ESTADIOS_COM_ESTREIA_NA_DECADA":31,"OBSERVACOES":"Faça sua visita! | https://www.neoquimicaarena.com.br/","FONTE_PRIMEIRA_PARTIDA":"https://www.meutimao.com.br/jogo/452/brasileirao-2014/corinthians-0-x-1-figueirense","DESCRICAO_ORIGINAL":"Antiga 'Arena Corinthians'<br><br>Faça sua visita!<br><br>https://www.neoquimicaarena.com.br/","FONTE_COORDENADAS":"OpenStreetMap Nominatim (geocodificação reversa)","URL_FONTE_COORDENADAS":"https://www.openstreetmap.org/relation/298285","ATRIBUICAO_COORDENADAS":"© OpenStreetMap contributors, ODbL 1.0","CAPACIDADE":"48905","CAPACIDADE_FONTE":"StadiumDB.com","URL_FONTE_CAPACIDADE":"https://stadiumdb.com/stadiums/bra/arena_corinthians","PAIS_ISO3":"BRA"},"geometry":{"type":"Point","coordinates":[-46.4742676,-23.5453221]}},{"type":"Feature","properties":{"ESTADIO":"Arena Fonte Luminosa","NOME_OFICIAL":"Estádio Doutor Adhemar de Barros","CIDADE":"Araraquara","ESTADO":"São Paulo","PAIS":"Brasil","LATITUDE":-21.7744444,"LONGITUDE":-48.17,"PRIMEIRA_PARTIDA":"ferroviaria 3 x 1 Corinthians","DATA_PRIMEIRA_PARTIDA":"1957-06-02","ANO_PRIMEIRA_PARTIDA":1957,"ADVERSARIO":"ferroviaria","PLACAR":"3 x 1","COMPETICAO_PRIMEIRA_PARTIDA":"Amistoso","MANDO_PRIMEIRA_PARTIDA":"Visitante","TOTAL_JOGOS":100,"VITORIAS":38,"EMPATES":38,"DERROTAS":24,"APROVEITAMENTO_PCT":50.7,"GOLS_MARCADOS":138,"GOLS_SOFRIDOS":112,"ESTADIOS_COM_ESTREIA_NA_DECADA":72,"OBSERVACOES":null,"FONTE_PRIMEIRA_PARTIDA":"Meu Timão / Acervo ATLAS1910","DESCRICAO_ORIGINAL":"Estádio Doutor Adhemar de Barros<br><br>Primeira partida: ferroviaria 3 x 1 Corinthians 02/06/1957 - Amistoso","FONTE_COORDENADAS":"OpenStreetMap Nominatim (geocodificação reversa)","URL_FONTE_COORDENADAS":"https://www.openstreetmap.org/relation/298395","ATRIBUICAO_COORDENADAS":"© OpenStreetMap contributors, ODbL 1.0","PAIS_ISO3":"BRA"},"geometry":{"type":"Point","coordinates":[-48.17,-21.7744444]}},{"type":"Feature","properties":{"ESTADIO":"Arena Inamar","NOME_OFICIAL":"Estádio Municipal José Batista Pereira Fernandes","CIDADE":"Diadema","ESTADO":"São Paulo","PAIS":"Brasil","LATITUDE":-23.7227778,"LONGITUDE":-46.6130556,"PRIMEIRA_PARTIDA":"agua santa 2 x 1 Corinthians","DATA_PRIMEIRA_PARTIDA":"2020-02-22","ANO_PRIMEIRA_PARTIDA":2020,"ADVERSARIO":"agua santa","PLACAR":"2 x 1","COMPETICAO_PRIMEIRA_PARTIDA":"Paulista","MANDO_PRIMEIRA_PARTIDA":"Visitante","TOTAL_JOGOS":1,"VITORIAS":0,"EMPATES":0,"DERROTAS":1,"APROVEITAMENTO_PCT":0.0,"GOLS_MARCADOS":1,"GOLS_SOFRIDOS":2,"ESTADIOS_COM_ESTREIA_NA_DECADA":6,"OBSERVACOES":null,"FONTE_PRIMEIRA_PARTIDA":"Meu Timão / Acervo ATLAS1910","DESCRICAO_ORIGINAL":"Estádio Municipal José Batista Pereira Fernandes<br><br>Primeira partida: agua santa 2 x 1 Corinthians 22/02/2020 - Paulista","FONTE_COORDENADAS":"OpenStreetMap Nominatim (geocodificação reversa)","URL_FONTE_COORDENADAS":"https://www.openstreetmap.org/relation/298242","ATRIBUICAO_COORDENADAS":"© OpenStreetMap contributors, ODbL 1.0","PAIS_ISO3":"BRA"},"geometry":{"type":"Point","coordinates":[-46.6130556,-23.7227778]}},{"type":"Feature","properties":{"ESTADIO":"Arena Joinville","NOME_OFICIAL":null,"CIDADE":"Joinville","ESTADO":"Santa Catarina","PAIS":"Brasil","LATITUDE":-26.3166507,"LONGITUDE":-48.8334964,"PRIMEIRA_PARTIDA":"joinville 0 x 1 Corinthians","DATA_PRIMEIRA_PARTIDA":"2015-06-06","ANO_PRIMEIRA_PARTIDA":2015,"ADVERSARIO":"joinville","PLACAR":"0 x 1","COMPETICAO_PRIMEIRA_PARTIDA":"Brasileiro","MANDO_PRIMEIRA_PARTIDA":"Visitante","TOTAL_JOGOS":2,"VITORIAS":2,"EMPATES":0,"DERROTAS":0,"APROVEITAMENTO_PCT":100.0,"GOLS_MARCADOS":2,"GOLS_SOFRIDOS":0,"ESTADIOS_COM_ESTREIA_NA_DECADA":31,"OBSERVACOES":null,"FONTE_PRIMEIRA_PARTIDA":"Meu Timão / Acervo ATLAS1910","DESCRICAO_ORIGINAL":"Primeira partida: joinville 0 x 1 Corinthians 06/06/2015 - Brasileiro","FONTE_COORDENADAS":"OpenStreetMap Nominatim (geocodificação reversa)","URL_FONTE_COORDENADAS":"https://www.openstreetmap.org/relation/296650","ATRIBUICAO_COORDENADAS":"© OpenStreetMap contributors, ODbL 1.0","CAPACIDADE":"20160","CAPACIDADE_FONTE":"Meu Timão","URL_FONTE_CAPACIDADE":"https://www.meutimao.com.br/estadio/arena_joinville/","PAIS_ISO3":"BRA"},"geometry":{"type":"Point","coordinates":[-48.8334964,-26.3166507]}},{"type":"Feature","properties":{"ESTADIO":"Arena Pantanal","NOME_OFICIAL":"Estou somando também os resultados dos jogos realizados antes da demolição, no antigo José Fragelli (Verdâo)","CIDADE":"Cuiabá","ESTADO":"Mato Grosso","PAIS":"Brasil","LATITUDE":-15.6040194,"LONGITUDE":-56.1216245,"PRIMEIRA_PARTIDA":"combinado de cuiabá 0 x 3 Corinthians","DATA_PRIMEIRA_PARTIDA":"1976-05-12","ANO_PRIMEIRA_PARTIDA":1976,"ADVERSARIO":"combinado de cuiabá","PLACAR":"0 x 3","COMPETICAO_PRIMEIRA_PARTIDA":"Amistoso (Ainda como José Fragelli, \"Verdâo\")","MANDO_PRIMEIRA_PARTIDA":"Visitante","TOTAL_JOGOS":25,"VITORIAS":18,"EMPATES":3,"DERROTAS":4,"APROVEITAMENTO_PCT":76.0,"GOLS_MARCADOS":40,"GOLS_SOFRIDOS":14,"ESTADIOS_COM_ESTREIA_NA_DECADA":44,"OBSERVACOES":null,"FONTE_PRIMEIRA_PARTIDA":"Meu Timão / Acervo ATLAS1910","DESCRICAO_ORIGINAL":"Estou somando também os resultados dos jogos realizados antes da demolição, no antigo José Fragelli (Verdâo)<br><br>Primeira partida: combinado de cuiabá 0 x 3 Corinthians 12/05/1976 - Amistoso (Ainda como José Fragelli, \"Verdâo\")","FONTE_COORDENADAS":"OpenStreetMap Nominatim (geocodificação reversa)","URL_FONTE_COORDENADAS":"https://www.openstreetmap.org/relation/333734","ATRIBUICAO_COORDENADAS":"© OpenStreetMap contributors, ODbL 1.0","CAPACIDADE":"41390","CAPACIDADE_FONTE":"StadiumDB.com","URL_FONTE_CAPACIDADE":"https://stadiumdb.com/stadiums/bra/arena_pantanal","PAIS_ISO3":"BRA"},"geometry":{"type":"Point","coordinates":[-56.1216245,-15.6040194]}},{"type":"Feature","properties":{"ESTADIO":"Arena de Pernambuco","NOME_OFICIAL":"Estádio Governador Carlos Wilson Campos","CIDADE":"São Lourenço da Mata","ESTADO":"Pernambuco","PAIS":"Brasil","LATITUDE":-8.0406625,"LONGITUDE":-35.0081868,"PRIMEIRA_PARTIDA":"náutico 1 x 0 Corinthians","DATA_PRIMEIRA_PARTIDA":"2013-12-07","ANO_PRIMEIRA_PARTIDA":2013,"ADVERSARIO":"náutico","PLACAR":"1 x 0","COMPETICAO_PRIMEIRA_PARTIDA":"Brasileiro","MANDO_PRIMEIRA_PARTIDA":"Visitante","TOTAL_JOGOS":2,"VITORIAS":0,"EMPATES":0,"DERROTAS":2,"APROVEITAMENTO_PCT":0.0,"GOLS_MARCADOS":0,"GOLS_SOFRIDOS":2,"ESTADIOS_COM_ESTREIA_NA_DECADA":31,"OBSERVACOES":null,"FONTE_PRIMEIRA_PARTIDA":"Meu Timão / Acervo ATLAS1910","DESCRICAO_ORIGINAL":"Estádio Governador Carlos Wilson Campos <br><br>Primeira partida: náutico 1 x 0 Corinthians 07/12/2013 - Brasileiro","FONTE_COORDENADAS":"OpenStreetMap Nominatim (geocodificação reversa)","URL_FONTE_COORDENADAS":"https://www.openstreetmap.org/relation/303591","ATRIBUICAO_COORDENADAS":"© OpenStreetMap contributors, ODbL 1.0","PAIS_ISO3":"BRA"},"geometry":{"type":"Point","coordinates":[-35.0081868,-8.0406625]}},{"type":"Feature","properties":{"ESTADIO":"Estádio Luso Brasileiro","NOME_OFICIAL":"O estàdio teve diferentes nomes ao longo dos anos","CIDADE":"Ilha do Governador","ESTADO":"RJ","PAIS":"Brasil","LATITUDE":-22.8017816,"LONGITUDE":-43.2085454,"PRIMEIRA_PARTIDA":"botafogo 3 x 1 Corinthians","DATA_PRIMEIRA_PARTIDA":"2005-05-01","ANO_PRIMEIRA_PARTIDA":2005,"ADVERSARIO":"botafogo","PLACAR":"3 x 1","COMPETICAO_PRIMEIRA_PARTIDA":null,"MANDO_PRIMEIRA_PARTIDA":"Visitante","TOTAL_JOGOS":2,"VITORIAS":1,"EMPATES":0,"DERROTAS":1,"APROVEITAMENTO_PCT":50.0,"GOLS_MARCADOS":4,"GOLS_SOFRIDOS":4,"ESTADIOS_COM_ESTREIA_NA_DECADA":21,"OBSERVACOES":null,"FONTE_PRIMEIRA_PARTIDA":"Meu Timão / Acervo ATLAS1910","DESCRICAO_ORIGINAL":"O estàdio teve diferentes nomes ao longo dos anos<br><br>Primeira partida: botafogo 3 x 1 Corinthians 01/05/2005","CAPACIDADE":"22000","CAPACIDADE_FONTE":"Meu Timão","URL_FONTE_CAPACIDADE":"https://www.meutimao.com.br/estadio/arena_botafogo/","PAIS_ISO3":"BRA"},"geometry":{"type":"Point","coordinates":[-43.2085454,-22.8017816]}},{"type":"Feature","properties":{"ESTADIO":"Arena da Amazônia","NOME_OFICIAL":"Antigo Vivaldo Lima, demolido para a construção da nova, Arena da Amazônia.","CIDADE":"Manaus","ESTADO":"AM","PAIS":"Brasil","LATITUDE":-3.0832457,"LONGITUDE":-60.0281392,"PRIMEIRA_PARTIDA":"fast 1 x 2 Corinthians","DATA_PRIMEIRA_PARTIDA":"1971-11-03","ANO_PRIMEIRA_PARTIDA":1971,"ADVERSARIO":"fast","PLACAR":"1 x 2","COMPETICAO_PRIMEIRA_PARTIDA":"Amistoso","MANDO_PRIMEIRA_PARTIDA":"Visitante","TOTAL_JOGOS":27,"VITORIAS":15,"EMPATES":9,"DERROTAS":3,"APROVEITAMENTO_PCT":66.7,"GOLS_MARCADOS":39,"GOLS_SOFRIDOS":27,"ESTADIOS_COM_ESTREIA_NA_DECADA":44,"OBSERVACOES":null,"FONTE_PRIMEIRA_PARTIDA":"Meu Timão / Acervo ATLAS1910","DESCRICAO_ORIGINAL":"Antigo Vivaldo Lima, demolido para a construção da nova, Arena da Amazônia.<br><br>Primeira partida: fast 1 x 2 Corinthians 03/11/1971 - Amistoso","CAPACIDADE":"44351","CAPACIDADE_FONTE":"StadiumDB.com","URL_FONTE_CAPACIDADE":"https://stadiumdb.com/stadiums/bra/arena_da_amazonia","PAIS_ISO3":"BRA"},"geometry":{"type":"Point","coordinates":[-60.0281392,-3.0832457]}},{"type":"Feature","properties":{"ESTADIO":"Arena da baixada","NOME_OFICIAL":"Estádio Joaquim Américo Guimarães","CIDADE":"Curitiba","ESTADO":"Paraná","PAIS":"Brasil","LATITUDE":-25.4482116,"LONGITUDE":-49.2769866,"PRIMEIRA_PARTIDA":"atlético pr 1 x 0 Corinthians","DATA_PRIMEIRA_PARTIDA":"1930-07-21","ANO_PRIMEIRA_PARTIDA":1930,"ADVERSARIO":"atlético pr","PLACAR":"1 x 0","COMPETICAO_PRIMEIRA_PARTIDA":"Amistoso","MANDO_PRIMEIRA_PARTIDA":"Visitante","TOTAL_JOGOS":62,"VITORIAS":26,"EMPATES":16,"DERROTAS":20,"APROVEITAMENTO_PCT":50.5,"GOLS_MARCADOS":78,"GOLS_SOFRIDOS":68,"ESTADIOS_COM_ESTREIA_NA_DECADA":19,"OBSERVACOES":null,"FONTE_PRIMEIRA_PARTIDA":"Meu Timão / Acervo ATLAS1910","DESCRICAO_ORIGINAL":"Estádio Joaquim Américo Guimarães<br><br>Primeira partida: atlético pr 1 x 0 Corinthians 21/07/1930 - Amistoso","FONTE_COORDENADAS":"OpenStreetMap Nominatim (geocodificação reversa)","URL_FONTE_COORDENADAS":"https://www.openstreetmap.org/node/206136859","ATRIBUICAO_COORDENADAS":"© OpenStreetMap contributors, ODbL 1.0","CAPACIDADE":"25180","CAPACIDADE_FONTE":"Meu Timão","URL_FONTE_CAPACIDADE":"https://www.meutimao.com.br/estadio/arena_da_baixada/","PAIS_ISO3":"BRA"},"geometry":{"type":"Point","coordinates":[-49.2769866,-25.4482116]}},{"type":"Feature","properties":{"ESTADIO":"Arena do Grêmio","NOME_OFICIAL":null,"CIDADE":"Porto Alegre","ESTADO":"Rio Grande do Sul","PAIS":"Brasil","LATITUDE":-29.9739628,"LONGITUDE":-51.1948838,"PRIMEIRA_PARTIDA":"gremio 1 x 0 Corinthians","DATA_PRIMEIRA_PARTIDA":"2013-10-16","ANO_PRIMEIRA_PARTIDA":2013,"ADVERSARIO":"gremio","PLACAR":"1 x 0","COMPETICAO_PRIMEIRA_PARTIDA":"Brasileiro","MANDO_PRIMEIRA_PARTIDA":"Visitante","TOTAL_JOGOS":28,"VITORIAS":10,"EMPATES":8,"DERROTAS":10,"APROVEITAMENTO_PCT":45.2,"GOLS_MARCADOS":24,"GOLS_SOFRIDOS":24,"ESTADIOS_COM_ESTREIA_NA_DECADA":31,"OBSERVACOES":null,"FONTE_PRIMEIRA_PARTIDA":"Meu Timão / Acervo ATLAS1910","DESCRICAO_ORIGINAL":"Primeira partida: gremio 1 x 0 Corinthians 16/10/2013 - Brasileiro","FONTE_COORDENADAS":"OpenStreetMap Nominatim (geocodificação reversa)","URL_FONTE_COORDENADAS":"https://www.openstreetmap.org/relation/242397","ATRIBUICAO_COORDENADAS":"© OpenStreetMap contributors, ODbL 1.0","CAPACIDADE":"55662","CAPACIDADE_FONTE":"StadiumDB.com","URL_FONTE_CAPACIDADE":"https://stadiumdb.com/stadiums/bra/arena_do_gremio","PAIS_ISO3":"BRA"},"geometry":{"type":"Point","coordinates":[-51.1948838,-29.9739628]}},{"type":"Feature","properties":{"ESTADIO":"Arena do Jacaré","NOME_OFICIAL":"Estádio Joaquim Henrique Nogueira","CIDADE":"Sete Lagoas","ESTADO":"Minas Gerais","PAIS":"Brasil","LATITUDE":-19.4776055,"LONGITUDE":-44.2215488,"PRIMEIRA_PARTIDA":"atlético mg 2 x 1 Corinthians","DATA_PRIMEIRA_PARTIDA":"2010-10-06","ANO_PRIMEIRA_PARTIDA":2010,"ADVERSARIO":"atlético mg","PLACAR":"2 x 1","COMPETICAO_PRIMEIRA_PARTIDA":"Brasileiro","MANDO_PRIMEIRA_PARTIDA":"Visitante","TOTAL_JOGOS":8,"VITORIAS":4,"EMPATES":0,"DERROTAS":4,"APROVEITAMENTO_PCT":50.0,"GOLS_MARCADOS":10,"GOLS_SOFRIDOS":10,"ESTADIOS_COM_ESTREIA_NA_DECADA":31,"OBSERVACOES":null,"FONTE_PRIMEIRA_PARTIDA":"Meu Timão / Acervo ATLAS1910","DESCRICAO_ORIGINAL":"Estádio Joaquim Henrique Nogueira<br><br>Primeira partida: atlético mg 2 x 1 Corinthians 06/10/2010 - Brasileiro","FONTE_COORDENADAS":"OpenStreetMap Nominatim (geocodificação reversa)","URL_FONTE_COORDENADAS":"https://www.openstreetmap.org/relation/314658","ATRIBUICAO_COORDENADAS":"© OpenStreetMap contributors, ODbL 1.0","CAPACIDADE":"18870","CAPACIDADE_FONTE":"StadiumDB.com","URL_FONTE_CAPACIDADE":"https://stadiumdb.com/stadiums/bra/estadio_joaquim_henrique_nogueira","PAIS_ISO3":"BRA"},"geometry":{"type":"Point","coordinates":[-44.2215488,-19.4776055]}},{"type":"Feature","properties":{"ESTADIO":"Arruda","NOME_OFICIAL":"Estádio José do Rego Maciel","CIDADE":"Recife","ESTADO":"Pernambuco","PAIS":"Brasil","LATITUDE":-8.0266992,"LONGITUDE":-34.8911112,"PRIMEIRA_PARTIDA":"santa cruz 3 x 3 Corinthians","DATA_PRIMEIRA_PARTIDA":"1972-10-05","ANO_PRIMEIRA_PARTIDA":1972,"ADVERSARIO":"santa cruz","PLACAR":"3 x 3","COMPETICAO_PRIMEIRA_PARTIDA":"Brasileiro","MANDO_PRIMEIRA_PARTIDA":"Visitante","TOTAL_JOGOS":28,"VITORIAS":10,"EMPATES":8,"DERROTAS":10,"APROVEITAMENTO_PCT":45.2,"GOLS_MARCADOS":32,"GOLS_SOFRIDOS":38,"ESTADIOS_COM_ESTREIA_NA_DECADA":44,"OBSERVACOES":null,"FONTE_PRIMEIRA_PARTIDA":"Meu Timão / Acervo ATLAS1910","DESCRICAO_ORIGINAL":"Estádio José do Rego Maciel<br><br>Primeira partida: santa cruz 3 x 3 Corinthians 05/10/1972 - Brasileiro","FONTE_COORDENADAS":"OpenStreetMap Nominatim (geocodificação reversa)","URL_FONTE_COORDENADAS":"https://www.openstreetmap.org/relation/303585","ATRIBUICAO_COORDENADAS":"© OpenStreetMap contributors, ODbL 1.0","CAPACIDADE":"60044","CAPACIDADE_FONTE":"Meu Timão","URL_FONTE_CAPACIDADE":"https://www.meutimao.com.br/estadio/arruda/","PAIS_ISO3":"BRA"},"geometry":{"type":"Point","coordinates":[-34.8911112,-8.0266992]}},{"type":"Feature","properties":{"ESTADIO":"Artemio Franchi","NOME_OFICIAL":null,"CIDADE":"Florença","ESTADO":"Toscânia","PAIS":"Italy","LATITUDE":43.7808349,"LONGITUDE":11.2825717000001,"PRIMEIRA_PARTIDA":"fiorentina 2 x 2 Corinthians","DATA_PRIMEIRA_PARTIDA":"1974-09-05","ANO_PRIMEIRA_PARTIDA":1974,"ADVERSARIO":"fiorentina","PLACAR":"2 x 2","COMPETICAO_PRIMEIRA_PARTIDA":"Amistoso","MANDO_PRIMEIRA_PARTIDA":"Visitante","TOTAL_JOGOS":2,"VITORIAS":0,"EMPATES":2,"DERROTAS":0,"APROVEITAMENTO_PCT":33.3,"GOLS_MARCADOS":4,"GOLS_SOFRIDOS":4,"ESTADIOS_COM_ESTREIA_NA_DECADA":44,"OBSERVACOES":null,"FONTE_PRIMEIRA_PARTIDA":"Meu Timão / Acervo ATLAS1910","DESCRICAO_ORIGINAL":"Primeira partida: fiorentina 2 x 2 Corinthians 05/09/1974 - Amistoso","FONTE_COORDENADAS":"OpenStreetMap Nominatim (geocodificação reversa)","URL_FONTE_COORDENADAS":"https://www.openstreetmap.org/relation/42602","ATRIBUICAO_COORDENADAS":"© OpenStreetMap contributors, ODbL 1.0","CAPACIDADE":"43147","CAPACIDADE_FONTE":"Meu Timão","URL_FONTE_CAPACIDADE":"https://www.meutimao.com.br/estadio/artemio_franchi/","PAIS_ISO3":"ITA","FONTE_CORRECAO_PAIS":"https://data.geocode.earth/wof/dist/legacy/whosonfirst-data-country-latest.tar.bz2"},"geometry":{"type":"Point","coordinates":[11.2825717000001,43.7808349]}},{"type":"Feature","properties":{"ESTADIO":"Arthur Marinho","NOME_OFICIAL":null,"CIDADE":"Corumbá","ESTADO":"Mato Grosso do Sul","PAIS":"Brasil","LATITUDE":-19.0028126,"LONGITUDE":-57.6654218,"PRIMEIRA_PARTIDA":"corumbaense 3 x 4 Corinthians","DATA_PRIMEIRA_PARTIDA":"1964-06-11","ANO_PRIMEIRA_PARTIDA":1964,"ADVERSARIO":"corumbaense","PLACAR":"3 x 4","COMPETICAO_PRIMEIRA_PARTIDA":"Amistoso","MANDO_PRIMEIRA_PARTIDA":"Visitante","TOTAL_JOGOS":2,"VITORIAS":2,"EMPATES":0,"DERROTAS":0,"APROVEITAMENTO_PCT":100.0,"GOLS_MARCADOS":8,"GOLS_SOFRIDOS":6,"ESTADIOS_COM_ESTREIA_NA_DECADA":56,"OBSERVACOES":null,"FONTE_PRIMEIRA_PARTIDA":"Meu Timão / Acervo ATLAS1910","DESCRICAO_ORIGINAL":"Primeira partida: corumbaense 3 x 4 Corinthians 11/06/1964 - Amistoso","FONTE_COORDENADAS":"OpenStreetMap Nominatim (geocodificação reversa)","URL_FONTE_COORDENADAS":"https://www.openstreetmap.org/relation/2697064","ATRIBUICAO_COORDENADAS":"© OpenStreetMap contributors, ODbL 1.0","CAPACIDADE":"5000","CAPACIDADE_FONTE":"Meu Timão","URL_FONTE_CAPACIDADE":"https://www.meutimao.com.br/estadio/arthur_marinho/","PAIS_ISO3":"BRA"},"geometry":{"type":"Point","coordinates":[-57.6654218,-19.0028126]}},{"type":"Feature","properties":{"ESTADIO":"Atanasio Girardot","NOME_OFICIAL":null,"CIDADE":"Medellín","ESTADO":"Antioquia","PAIS":"Colombia","LATITUDE":6.256864,"LONGITUDE":-75.59013,"PRIMEIRA_PARTIDA":"atlético nacional 3 x 4 Corinthians","DATA_PRIMEIRA_PARTIDA":"1954-03-14","ANO_PRIMEIRA_PARTIDA":1954,"ADVERSARIO":"atlético nacional","PLACAR":"3 x 4","COMPETICAO_PRIMEIRA_PARTIDA":"Troféu Maria Eugênia Rojas","MANDO_PRIMEIRA_PARTIDA":"Visitante","TOTAL_JOGOS":2,"VITORIAS":2,"EMPATES":0,"DERROTAS":0,"APROVEITAMENTO_PCT":100.0,"GOLS_MARCADOS":11,"GOLS_SOFRIDOS":6,"ESTADIOS_COM_ESTREIA_NA_DECADA":72,"OBSERVACOES":null,"FONTE_PRIMEIRA_PARTIDA":"Meu Timão / Acervo ATLAS1910","DESCRICAO_ORIGINAL":"Primeira partida: atlético nacional 3 x 4 Corinthians 14/03/1954 - Troféu Maria Eugênia Rojas","FONTE_COORDENADAS":"OpenStreetMap Nominatim (geocodificação reversa)","URL_FONTE_COORDENADAS":"https://www.openstreetmap.org/relation/7680490","ATRIBUICAO_COORDENADAS":"© OpenStreetMap contributors, ODbL 1.0","CAPACIDADE":"40043","CAPACIDADE_FONTE":"StadiumDB.com","URL_FONTE_CAPACIDADE":"https://stadiumdb.com/stadiums/col/estadio_atanasio_girardot","PAIS_ISO3":"COL","FONTE_CORRECAO_PAIS":"https://data.geocode.earth/wof/dist/legacy/whosonfirst-data-country-latest.tar.bz2"},"geometry":{"type":"Point","coordinates":[-75.59013,6.256864]}},{"type":"Feature","properties":{"ESTADIO":"Augusto Bauer","NOME_OFICIAL":null,"CIDADE":"Brusque","ESTADO":"Santa Catarina","PAIS":"Brasil","LATITUDE":-27.1014153,"LONGITUDE":-48.9159822,"PRIMEIRA_PARTIDA":"brusque 0 x 0 Corinthians","DATA_PRIMEIRA_PARTIDA":"2017-03-01","ANO_PRIMEIRA_PARTIDA":2017,"ADVERSARIO":"brusque","PLACAR":"0 x 0","COMPETICAO_PRIMEIRA_PARTIDA":"Copa do Brasil","MANDO_PRIMEIRA_PARTIDA":"Visitante","TOTAL_JOGOS":2,"VITORIAS":0,"EMPATES":2,"DERROTAS":0,"APROVEITAMENTO_PCT":33.3,"GOLS_MARCADOS":0,"GOLS_SOFRIDOS":0,"ESTADIOS_COM_ESTREIA_NA_DECADA":31,"OBSERVACOES":null,"FONTE_PRIMEIRA_PARTIDA":"Meu Timão / Acervo ATLAS1910","DESCRICAO_ORIGINAL":"Primeira partida: brusque 0 x 0 Corinthians 01/03/2017 - Copa do Brasil","FONTE_COORDENADAS":"OpenStreetMap Nominatim (geocodificação reversa)","URL_FONTE_COORDENADAS":"https://www.openstreetmap.org/relation/296588","ATRIBUICAO_COORDENADAS":"© OpenStreetMap contributors, ODbL 1.0","CAPACIDADE":"5000","CAPACIDADE_FONTE":"Meu Timão","URL_FONTE_CAPACIDADE":"https://www.meutimao.com.br/estadio/augusto_bauer/","PAIS_ISO3":"BRA"},"geometry":{"type":"Point","coordinates":[-48.9159822,-27.1014153]}},{"type":"Feature","properties":{"ESTADIO":"Augusto Schmidt Filho","NOME_OFICIAL":null,"CIDADE":"Rio Claro","ESTADO":"São Paulo","PAIS":"Brasil","LATITUDE":-22.4224595,"LONGITUDE":-47.5618982,"PRIMEIRA_PARTIDA":"rio claro 2 x 2 Corinthians","DATA_PRIMEIRA_PARTIDA":"1950-05-14","ANO_PRIMEIRA_PARTIDA":1950,"ADVERSARIO":"rio claro","PLACAR":"2 x 2","COMPETICAO_PRIMEIRA_PARTIDA":"Amistoso","MANDO_PRIMEIRA_PARTIDA":"Visitante","TOTAL_JOGOS":2,"VITORIAS":1,"EMPATES":1,"DERROTAS":0,"APROVEITAMENTO_PCT":66.7,"GOLS_MARCADOS":4,"GOLS_SOFRIDOS":3,"ESTADIOS_COM_ESTREIA_NA_DECADA":72,"OBSERVACOES":null,"FONTE_PRIMEIRA_PARTIDA":"Meu Timão / Acervo ATLAS1910","DESCRICAO_ORIGINAL":"Primeira partida: rio claro 2 x 2 Corinthians 14/05/1950 - Amistoso","FONTE_COORDENADAS":"OpenStreetMap Nominatim (geocodificação reversa)","URL_FONTE_COORDENADAS":"https://www.openstreetmap.org/relation/298435","ATRIBUICAO_COORDENADAS":"© OpenStreetMap contributors, ODbL 1.0","PAIS_ISO3":"BRA"},"geometry":{"type":"Point","coordinates":[-47.5618982,-22.4224595]}},{"type":"Feature","properties":{"ESTADIO":"AutoStade","NOME_OFICIAL":"Localização fornecida via wikipedia: https://fr.wikipedia.org/wiki/Autostade","CIDADE":"Montreal","ESTADO":"Quebec","PAIS":"Canada","LATITUDE":45.492247,"LONGITUDE":-73.543655,"PRIMEIRA_PARTIDA":"Corinthians 2 x 1 river plate","DATA_PRIMEIRA_PARTIDA":"1969-07-27","ANO_PRIMEIRA_PARTIDA":1969,"ADVERSARIO":"river plate","PLACAR":"2 x 1","COMPETICAO_PRIMEIRA_PARTIDA":"Troféu Apolo V","MANDO_PRIMEIRA_PARTIDA":"Mandante","TOTAL_JOGOS":2,"VITORIAS":2,"EMPATES":0,"DERROTAS":0,"APROVEITAMENTO_PCT":100.0,"GOLS_MARCADOS":4,"GOLS_SOFRIDOS":2,"ESTADIOS_COM_ESTREIA_NA_DECADA":56,"OBSERVACOES":null,"FONTE_PRIMEIRA_PARTIDA":"https://fr.wikipedia.org/wiki/Autostade","DESCRICAO_ORIGINAL":"Localização fornecida via wikipedia: https://fr.wikipedia.org/wiki/Autostade<br><br>Primeira partida: Corinthians 2 x 1 river plate 27/07/1969 - Troféu Apolo V","FONTE_COORDENADAS":"OpenStreetMap Nominatim (geocodificação reversa)","URL_FONTE_COORDENADAS":"https://www.openstreetmap.org/relation/1634158","ATRIBUICAO_COORDENADAS":"© OpenStreetMap contributors, ODbL 1.0","CAPACIDADE":"33172","CAPACIDADE_FONTE":"Meu Timão","URL_FONTE_CAPACIDADE":"https://www.meutimao.com.br/estadio/autostade/","PAIS_ISO3":"CAN","FONTE_CORRECAO_PAIS":"https://data.geocode.earth/wof/dist/legacy/whosonfirst-data-country-latest.tar.bz2"},"geometry":{"type":"Point","coordinates":[-73.543655,45.492247]}},{"type":"Feature","properties":{"ESTADIO":"Libertadores de América/Avellaneda","NOME_OFICIAL":"Antigo Avellaneda","CIDADE":"Buenos Aires","ESTADO":"Buenos Aires","PAIS":"Argentina","LATITUDE":-34.6702197,"LONGITUDE":-58.3713407,"PRIMEIRA_PARTIDA":"independiente 2 x 0 Corinthians","DATA_PRIMEIRA_PARTIDA":"1999-09-28","ANO_PRIMEIRA_PARTIDA":1999,"ADVERSARIO":"independiente","PLACAR":"2 x 0","COMPETICAO_PRIMEIRA_PARTIDA":"Copa Mercosul","MANDO_PRIMEIRA_PARTIDA":"Visitante","TOTAL_JOGOS":9,"VITORIAS":3,"EMPATES":0,"DERROTAS":6,"APROVEITAMENTO_PCT":33.3,"GOLS_MARCADOS":3,"GOLS_SOFRIDOS":9,"ESTADIOS_COM_ESTREIA_NA_DECADA":35,"OBSERVACOES":null,"FONTE_PRIMEIRA_PARTIDA":"Meu Timão / Acervo ATLAS1910","DESCRICAO_ORIGINAL":"Antigo Avellaneda<br>Primeira partida: independiente 2 x 0 Corinthians 28/09/1999 - Copa Mercosul","FONTE_COORDENADAS":"OpenStreetMap Nominatim (geocodificação reversa)","URL_FONTE_COORDENADAS":"https://www.openstreetmap.org/relation/2149189","ATRIBUICAO_COORDENADAS":"© OpenStreetMap contributors, ODbL 1.0","PAIS_ISO3":"ARG"},"geometry":{"type":"Point","coordinates":[-58.3713407,-34.6702197]}},{"type":"Feature","properties":{"ESTADIO":"Avenida Água Branca","NOME_OFICIAL":"Avenido mudou de nome para francisco matarazzo, local exato do campo não encontrado","CIDADE":"São Paulo","ESTADO":"São Paulo","PAIS":"Brasil","LATITUDE":-23.5261698,"LONGITUDE":-46.6754905,"PRIMEIRA_PARTIDA":"seleção da 2º divisão 2 x 4 Corinthians","DATA_PRIMEIRA_PARTIDA":"1919-02-16","ANO_PRIMEIRA_PARTIDA":1919,"ADVERSARIO":"seleção da 2º divisão","PLACAR":"2 x 4","COMPETICAO_PRIMEIRA_PARTIDA":"Amistoso","MANDO_PRIMEIRA_PARTIDA":"Visitante","TOTAL_JOGOS":28,"VITORIAS":26,"EMPATES":0,"DERROTAS":2,"APROVEITAMENTO_PCT":92.9,"GOLS_MARCADOS":88,"GOLS_SOFRIDOS":20,"ESTADIOS_COM_ESTREIA_NA_DECADA":28,"OBSERVACOES":null,"FONTE_PRIMEIRA_PARTIDA":"Meu Timão / Acervo ATLAS1910","DESCRICAO_ORIGINAL":"Avenido mudou de nome para francisco matarazzo, local exato do campo não encontrado<br><br>Primeira partida: seleção da 2º divisão 2 x 4 Corinthians  16/02/1919 - Amistoso","FONTE_COORDENADAS":"OpenStreetMap Nominatim (geocodificação reversa)","URL_FONTE_COORDENADAS":"https://www.openstreetmap.org/relation/298285","ATRIBUICAO_COORDENADAS":"© OpenStreetMap contributors, ODbL 1.0","CAPACIDADE":"1000","CAPACIDADE_FONTE":"Meu Timão","URL_FONTE_CAPACIDADE":"https://www.meutimao.com.br/estadio/avenida_agua_branca/","PAIS_ISO3":"BRA"},"geometry":{"type":"Point","coordinates":[-46.6754905,-23.5261698]}},{"type":"Feature","properties":{"ESTADIO":"Baenão","NOME_OFICIAL":"Estádio Evandro Almeida","CIDADE":"Belém","ESTADO":"Pará","PAIS":"Brasil","LATITUDE":-1.4452147,"LONGITUDE":-48.4658781,"PRIMEIRA_PARTIDA":"paysandu 0 x 1 Corinthians","DATA_PRIMEIRA_PARTIDA":"1955-05-19","ANO_PRIMEIRA_PARTIDA":1955,"ADVERSARIO":"paysandu","PLACAR":"0 x 1","COMPETICAO_PRIMEIRA_PARTIDA":"Amistoso","MANDO_PRIMEIRA_PARTIDA":"Visitante","TOTAL_JOGOS":14,"VITORIAS":6,"EMPATES":6,"DERROTAS":2,"APROVEITAMENTO_PCT":57.1,"GOLS_MARCADOS":14,"GOLS_SOFRIDOS":8,"ESTADIOS_COM_ESTREIA_NA_DECADA":72,"OBSERVACOES":null,"FONTE_PRIMEIRA_PARTIDA":"Meu Timão / Acervo ATLAS1910","DESCRICAO_ORIGINAL":"Estádio Evandro Almeida<br><br>Primeira partida: paysandu 0 x 1 Corinthians 19/05/1955 - Amistoso","FONTE_COORDENADAS":"OpenStreetMap Nominatim (geocodificação reversa)","URL_FONTE_COORDENADAS":"https://www.openstreetmap.org/relation/185567","ATRIBUICAO_COORDENADAS":"© OpenStreetMap contributors, ODbL 1.0","CAPACIDADE":"17250","CAPACIDADE_FONTE":"Meu Timão","URL_FONTE_CAPACIDADE":"https://www.meutimao.com.br/estadio/baenao/","PAIS_ISO3":"BRA"},"geometry":{"type":"Point","coordinates":[-48.4658781,-1.4452147]}},{"type":"Feature","properties":{"ESTADIO":"Barradão","NOME_OFICIAL":"Manoel Barradas","CIDADE":"Salvador","ESTADO":"Bahia","PAIS":"Brasil","LATITUDE":-12.9195408,"LONGITUDE":-38.4282201,"PRIMEIRA_PARTIDA":"vitória 1 x 1 Corinthians","DATA_PRIMEIRA_PARTIDA":"1994-11-11","ANO_PRIMEIRA_PARTIDA":1994,"ADVERSARIO":"vitória","PLACAR":"1 x 1","COMPETICAO_PRIMEIRA_PARTIDA":"Copa Conmebol","MANDO_PRIMEIRA_PARTIDA":"Visitante","TOTAL_JOGOS":34,"VITORIAS":10,"EMPATES":16,"DERROTAS":8,"APROVEITAMENTO_PCT":45.1,"GOLS_MARCADOS":36,"GOLS_SOFRIDOS":40,"ESTADIOS_COM_ESTREIA_NA_DECADA":35,"OBSERVACOES":null,"FONTE_PRIMEIRA_PARTIDA":"Meu Timão / Acervo ATLAS1910","DESCRICAO_ORIGINAL":"Manoel Barradas<br><br>Primeira partida: vitória 1 x 1 Corinthians 11/11/1994 - Copa Conmebol","FONTE_COORDENADAS":"OpenStreetMap Nominatim (geocodificação reversa)","URL_FONTE_COORDENADAS":"https://www.openstreetmap.org/relation/362362","ATRIBUICAO_COORDENADAS":"© OpenStreetMap contributors, ODbL 1.0","CAPACIDADE":"34842","CAPACIDADE_FONTE":"StadiumDB.com","URL_FONTE_CAPACIDADE":"https://stadiumdb.com/stadiums/bra/estadio_manoel_barradas","PAIS_ISO3":"BRA"},"geometry":{"type":"Point","coordinates":[-38.4282201,-12.9195408]}},{"type":"Feature","properties":{"ESTADIO":"Barão da Serra Negra","NOME_OFICIAL":null,"CIDADE":"Piracicaba","ESTADO":"São Paulo","PAIS":"Brasil","LATITUDE":-22.7296738,"LONGITUDE":-47.6371371,"PRIMEIRA_PARTIDA":"xv de piracicaba 1 x 3 Corinthians","DATA_PRIMEIRA_PARTIDA":"1965-09-19","ANO_PRIMEIRA_PARTIDA":1965,"ADVERSARIO":"xv de piracicaba","PLACAR":"1 x 3","COMPETICAO_PRIMEIRA_PARTIDA":"Paulista","MANDO_PRIMEIRA_PARTIDA":"Visitante","TOTAL_JOGOS":40,"VITORIAS":18,"EMPATES":16,"DERROTAS":6,"APROVEITAMENTO_PCT":58.3,"GOLS_MARCADOS":64,"GOLS_SOFRIDOS":38,"ESTADIOS_COM_ESTREIA_NA_DECADA":56,"OBSERVACOES":null,"FONTE_PRIMEIRA_PARTIDA":"Meu Timão / Acervo ATLAS1910","DESCRICAO_ORIGINAL":"Primeira partida: xv de piracicaba 1 x 3 Corinthians 19/09/1965 - Paulista","FONTE_COORDENADAS":"OpenStreetMap Nominatim (geocodificação reversa)","URL_FONTE_COORDENADAS":"https://www.openstreetmap.org/relation/298413","ATRIBUICAO_COORDENADAS":"© OpenStreetMap contributors, ODbL 1.0","PAIS_ISO3":"BRA"},"geometry":{"type":"Point","coordinates":[-47.6371371,-22.7296738]}},{"type":"Feature","properties":{"ESTADIO":"Batistão","NOME_OFICIAL":"Lourival Batista","CIDADE":"Aracaju","ESTADO":"Sergipe","PAIS":"Brasil","LATITUDE":-10.9274814,"LONGITUDE":-37.0490497,"PRIMEIRA_PARTIDA":"SERGIPE 1x4 CORINTHIANS","DATA_PRIMEIRA_PARTIDA":"1965-01-27","ANO_PRIMEIRA_PARTIDA":1965,"ADVERSARIO":"SERGIPE","PLACAR":"1x4","COMPETICAO_PRIMEIRA_PARTIDA":"Amistosos 1965","MANDO_PRIMEIRA_PARTIDA":"Visitante","TOTAL_JOGOS":12,"VITORIAS":6,"EMPATES":4,"DERROTAS":2,"APROVEITAMENTO_PCT":61.1,"GOLS_MARCADOS":26,"GOLS_SOFRIDOS":12,"ESTADIOS_COM_ESTREIA_NA_DECADA":56,"OBSERVACOES":null,"FONTE_PRIMEIRA_PARTIDA":"https://www.meutimao.com.br/jogo/4745/amistosos-1965/amistoso/sergipe-1-x-4-corinthians","DESCRICAO_ORIGINAL":"Lourival Batista<br><br>Primeira partida: bahia 3 x 2 Corinthians 29/11/1970 - Robertão","FONTE_COORDENADAS":"OpenStreetMap Nominatim (geocodificação reversa)","URL_FONTE_COORDENADAS":"https://www.openstreetmap.org/relation/303928","ATRIBUICAO_COORDENADAS":"© OpenStreetMap contributors, ODbL 1.0","CAPACIDADE":"15575","CAPACIDADE_FONTE":"Meu Timão","URL_FONTE_CAPACIDADE":"https://www.meutimao.com.br/estadio/batistao/","PAIS_ISO3":"BRA"},"geometry":{"type":"Point","coordinates":[-37.0490497,-10.9274814]}},{"type":"Feature","properties":{"ESTADIO":"Beira-Rio","NOME_OFICIAL":"Estádio José Pinheiro Borda","CIDADE":"Porto Alegre","ESTADO":"Rio Grande do Sul","PAIS":"Brasil","LATITUDE":-30.0654826,"LONGITUDE":-51.2358459,"PRIMEIRA_PARTIDA":"internacional 2 x 2 Corinthians","DATA_PRIMEIRA_PARTIDA":"1971-09-05","ANO_PRIMEIRA_PARTIDA":1971,"ADVERSARIO":"internacional","PLACAR":"2 x 2","COMPETICAO_PRIMEIRA_PARTIDA":"Brasileiro","MANDO_PRIMEIRA_PARTIDA":"Visitante","TOTAL_JOGOS":86,"VITORIAS":12,"EMPATES":50,"DERROTAS":24,"APROVEITAMENTO_PCT":33.3,"GOLS_MARCADOS":80,"GOLS_SOFRIDOS":102,"ESTADIOS_COM_ESTREIA_NA_DECADA":44,"OBSERVACOES":null,"FONTE_PRIMEIRA_PARTIDA":"Meu Timão / Acervo ATLAS1910","DESCRICAO_ORIGINAL":"Estádio José Pinheiro Borda <br><br>Primeira partida: internacional 2 x 2 Corinthians 05/09/1971 - Brasileiro","FONTE_COORDENADAS":"OpenStreetMap Nominatim (geocodificação reversa)","URL_FONTE_COORDENADAS":"https://www.openstreetmap.org/relation/242397","ATRIBUICAO_COORDENADAS":"© OpenStreetMap contributors, ODbL 1.0","CAPACIDADE":"50842","CAPACIDADE_FONTE":"StadiumDB.com","URL_FONTE_CAPACIDADE":"https://stadiumdb.com/stadiums/bra/estadio_beira_rio","PAIS_ISO3":"BRA"},"geometry":{"type":"Point","coordinates":[-51.2358459,-30.0654826]}},{"type":"Feature","properties":{"ESTADIO":"Lanchão","NOME_OFICIAL":"Doutor Lancha Filho","CIDADE":"Franca","ESTADO":"São Paulo","PAIS":"Brazil","LATITUDE":-20.5353204,"LONGITUDE":-47.385693,"PRIMEIRA_PARTIDA":"francana 3 x 3 Corinthians","DATA_PRIMEIRA_PARTIDA":"1948-02-01","ANO_PRIMEIRA_PARTIDA":1948,"ADVERSARIO":"francana","PLACAR":"3 x 3","COMPETICAO_PRIMEIRA_PARTIDA":"Amistoso","MANDO_PRIMEIRA_PARTIDA":"Visitante","TOTAL_JOGOS":22,"VITORIAS":10,"EMPATES":8,"DERROTAS":4,"APROVEITAMENTO_PCT":57.6,"GOLS_MARCADOS":44,"GOLS_SOFRIDOS":22,"ESTADIOS_COM_ESTREIA_NA_DECADA":48,"OBSERVACOES":null,"FONTE_PRIMEIRA_PARTIDA":"Meu Timão / Acervo ATLAS1910","DESCRICAO_ORIGINAL":"Doutor Lancha Filho<br><br>Primeira partida: francana 3 x 3 Corinthians 01/02/1948 - Amistoso","FONTE_COORDENADAS":"OpenStreetMap Nominatim (geocodificação reversa)","URL_FONTE_COORDENADAS":"https://www.openstreetmap.org/relation/298530","ATRIBUICAO_COORDENADAS":"© OpenStreetMap contributors, ODbL 1.0","PAIS_ISO3":"BRA","FONTE_CORRECAO_PAIS":"https://data.geocode.earth/wof/dist/legacy/whosonfirst-data-country-latest.tar.bz2"},"geometry":{"type":"Point","coordinates":[-47.385693,-20.5353204]}},{"type":"Feature","properties":{"ESTADIO":"Major Antônio Couto Pereira","NOME_OFICIAL":"Alto da Glória","CIDADE":"Curitiba","ESTADO":"Paraná","PAIS":"Brasil","LATITUDE":-25.4214176,"LONGITUDE":-49.2597547,"PRIMEIRA_PARTIDA":"seleção paranaense 2 x 5 Corinthians","DATA_PRIMEIRA_PARTIDA":"1941-04-13","ANO_PRIMEIRA_PARTIDA":1941,"ADVERSARIO":"seleção paranaense","PLACAR":"2 x 5","COMPETICAO_PRIMEIRA_PARTIDA":"Copa Getúlio Vargas (amistoso)","MANDO_PRIMEIRA_PARTIDA":"Visitante","TOTAL_JOGOS":47,"VITORIAS":16,"EMPATES":16,"DERROTAS":15,"APROVEITAMENTO_PCT":45.4,"GOLS_MARCADOS":50,"GOLS_SOFRIDOS":45,"ESTADIOS_COM_ESTREIA_NA_DECADA":48,"OBSERVACOES":null,"FONTE_PRIMEIRA_PARTIDA":"Meu Timão / Acervo ATLAS1910","DESCRICAO_ORIGINAL":"Alto da Glória<br><br>Primeira partida: seleção paranaense 2 x 5 Corinthians 13/04/1941 - Copa Getúlio Vargas (amistoso)","FONTE_COORDENADAS":"OpenStreetMap Nominatim (geocodificação reversa)","URL_FONTE_COORDENADAS":"https://www.openstreetmap.org/node/206136859","ATRIBUICAO_COORDENADAS":"© OpenStreetMap contributors, ODbL 1.0","PAIS_ISO3":"BRA"},"geometry":{"type":"Point","coordinates":[-49.2597547,-25.4214176]}},{"type":"Feature","properties":{"ESTADIO":"Benito A. Castellano.","NOME_OFICIAL":null,"CIDADE":"Rio Claro","ESTADO":"São Paulo","PAIS":"Brasil","LATITUDE":-22.4180623,"LONGITUDE":-47.5564202,"PRIMEIRA_PARTIDA":"velo club 0 x 2 Corinthians","DATA_PRIMEIRA_PARTIDA":"1975-06-24","ANO_PRIMEIRA_PARTIDA":1975,"ADVERSARIO":"velo club","PLACAR":"0 x 2","COMPETICAO_PRIMEIRA_PARTIDA":"Amistoso","MANDO_PRIMEIRA_PARTIDA":"Visitante","TOTAL_JOGOS":4,"VITORIAS":3,"EMPATES":1,"DERROTAS":0,"APROVEITAMENTO_PCT":83.3,"GOLS_MARCADOS":9,"GOLS_SOFRIDOS":0,"ESTADIOS_COM_ESTREIA_NA_DECADA":44,"OBSERVACOES":null,"FONTE_PRIMEIRA_PARTIDA":"Meu Timão / Acervo ATLAS1910","DESCRICAO_ORIGINAL":"Primeira partida: velo club 0 x 2 Corinthians 24/06/1975 - Amistoso","FONTE_COORDENADAS":"OpenStreetMap Nominatim (geocodificação reversa)","URL_FONTE_COORDENADAS":"https://www.openstreetmap.org/relation/298435","ATRIBUICAO_COORDENADAS":"© OpenStreetMap contributors, ODbL 1.0","PAIS_ISO3":"BRA"},"geometry":{"type":"Point","coordinates":[-47.5564202,-22.4180623]}},{"type":"Feature","properties":{"ESTADIO":"Bosuilstadion","NOME_OFICIAL":null,"CIDADE":"Antuérpia","ESTADO":"Antuérpia","PAIS":"Belgium","LATITUDE":51.2327385,"LONGITUDE":4.4715695,"PRIMEIRA_PARTIDA":"seleção de antuérpia 2 x 3 Corinthians","DATA_PRIMEIRA_PARTIDA":"1959-05-31","ANO_PRIMEIRA_PARTIDA":1959,"ADVERSARIO":"seleção de antuérpia","PLACAR":"2 x 3","COMPETICAO_PRIMEIRA_PARTIDA":"Amistoso","MANDO_PRIMEIRA_PARTIDA":"Visitante","TOTAL_JOGOS":2,"VITORIAS":2,"EMPATES":0,"DERROTAS":0,"APROVEITAMENTO_PCT":100.0,"GOLS_MARCADOS":6,"GOLS_SOFRIDOS":4,"ESTADIOS_COM_ESTREIA_NA_DECADA":72,"OBSERVACOES":null,"FONTE_PRIMEIRA_PARTIDA":"Meu Timão / Acervo ATLAS1910","DESCRICAO_ORIGINAL":"Primeira partida; seleção de antuérpia 2 x 3 Corinthians 31/05/1959 - Amistoso","FONTE_COORDENADAS":"OpenStreetMap Nominatim (geocodificação reversa)","URL_FONTE_COORDENADAS":"https://www.openstreetmap.org/relation/59576","ATRIBUICAO_COORDENADAS":"© OpenStreetMap contributors, ODbL 1.0","CAPACIDADE":"12975","CAPACIDADE_FONTE":"Meu Timão","URL_FONTE_CAPACIDADE":"https://www.meutimao.com.br/estadio/bosuilstadion/","PAIS_ISO3":"BEL","FONTE_CORRECAO_PAIS":"https://data.geocode.earth/wof/dist/legacy/whosonfirst-data-country-latest.tar.bz2"},"geometry":{"type":"Point","coordinates":[4.4715695,51.2327385]}},{"type":"Feature","properties":{"ESTADIO":"Boulanger Pucci","NOME_OFICIAL":"Conhecido também como Estádio das Mercês","CIDADE":"Uberaba","ESTADO":"Minas Gerais","PAIS":"Brasil","LATITUDE":-19.7478969,"LONGITUDE":-47.9469209,"PRIMEIRA_PARTIDA":"uberaba 0 x 3 Corinthians","DATA_PRIMEIRA_PARTIDA":"1933-04-30","ANO_PRIMEIRA_PARTIDA":1933,"ADVERSARIO":"uberaba","PLACAR":"0 x 3","COMPETICAO_PRIMEIRA_PARTIDA":"Amistoso","MANDO_PRIMEIRA_PARTIDA":"Visitante","TOTAL_JOGOS":14,"VITORIAS":14,"EMPATES":0,"DERROTAS":0,"APROVEITAMENTO_PCT":100.0,"GOLS_MARCADOS":38,"GOLS_SOFRIDOS":8,"ESTADIOS_COM_ESTREIA_NA_DECADA":19,"OBSERVACOES":null,"FONTE_PRIMEIRA_PARTIDA":"Meu Timão / Acervo ATLAS1910","DESCRICAO_ORIGINAL":"Conhecido também como Estádio das Mercês<br><br>Primeira partida: uberaba 0 x 3 Corinthians 30/04/1933 - Amistoso","FONTE_COORDENADAS":"OpenStreetMap Nominatim (geocodificação reversa)","URL_FONTE_COORDENADAS":"https://www.openstreetmap.org/relation/314874","ATRIBUICAO_COORDENADAS":"© OpenStreetMap contributors, ODbL 1.0","CAPACIDADE":"8000","CAPACIDADE_FONTE":"Meu Timão","URL_FONTE_CAPACIDADE":"https://www.meutimao.com.br/estadio/boulanger_pucci/","PAIS_ISO3":"BRA"},"geometry":{"type":"Point","coordinates":[-47.9469209,-19.7478969]}},{"type":"Feature","properties":{"ESTADIO":"Spectrum Stadium","NOME_OFICIAL":"Bright House","CIDADE":"Orlando","ESTADO":"Flórida","PAIS":"Estados Unidos da América","LATITUDE":28.6082145,"LONGITUDE":-81.1926196,"PRIMEIRA_PARTIDA":"vasco 1 x 4 Corinthians","DATA_PRIMEIRA_PARTIDA":"2017-01-18","ANO_PRIMEIRA_PARTIDA":2017,"ADVERSARIO":"vasco","PLACAR":"1 x 4","COMPETICAO_PRIMEIRA_PARTIDA":"Florida Cup","MANDO_PRIMEIRA_PARTIDA":"Mandante","TOTAL_JOGOS":9,"VITORIAS":3,"EMPATES":3,"DERROTAS":3,"APROVEITAMENTO_PCT":44.4,"GOLS_MARCADOS":18,"GOLS_SOFRIDOS":15,"ESTADIOS_COM_ESTREIA_NA_DECADA":31,"OBSERVACOES":null,"FONTE_PRIMEIRA_PARTIDA":"Meu Timão / Acervo ATLAS1910","DESCRICAO_ORIGINAL":"Bright House<br><br>Primeira partida: vasco 1 x 4 Corinthians 18/01/2017 - Florida Cup","FONTE_COORDENADAS":"OpenStreetMap Nominatim (geocodificação reversa)","URL_FONTE_COORDENADAS":"https://www.openstreetmap.org/relation/389011","ATRIBUICAO_COORDENADAS":"© OpenStreetMap contributors, ODbL 1.0","PAIS_ISO3":"USA"},"geometry":{"type":"Point","coordinates":[-81.1926196,28.6082145]}},{"type":"Feature","properties":{"ESTADIO":"Brinco de Ouro da Princesa","NOME_OFICIAL":null,"CIDADE":"Campinas","ESTADO":"São Paulo","PAIS":"Brasil","LATITUDE":-22.9095857,"LONGITUDE":-47.0433705,"PRIMEIRA_PARTIDA":"guarani 0 x 0 Corinthians","DATA_PRIMEIRA_PARTIDA":"1954-01-03","ANO_PRIMEIRA_PARTIDA":1954,"ADVERSARIO":"guarani","PLACAR":"0 x 0","COMPETICAO_PRIMEIRA_PARTIDA":"Paulista","MANDO_PRIMEIRA_PARTIDA":"Visitante","TOTAL_JOGOS":72,"VITORIAS":23,"EMPATES":22,"DERROTAS":27,"APROVEITAMENTO_PCT":42.1,"GOLS_MARCADOS":70,"GOLS_SOFRIDOS":80,"ESTADIOS_COM_ESTREIA_NA_DECADA":72,"OBSERVACOES":null,"FONTE_PRIMEIRA_PARTIDA":"Meu Timão / Acervo ATLAS1910","DESCRICAO_ORIGINAL":"Primeira partida: guarani 0 x 0 Corinthians 03/01/1954 - Paulista","FONTE_COORDENADAS":"OpenStreetMap Nominatim (geocodificação reversa)","URL_FONTE_COORDENADAS":"https://www.openstreetmap.org/relation/298227","ATRIBUICAO_COORDENADAS":"© OpenStreetMap contributors, ODbL 1.0","PAIS_ISO3":"BRA"},"geometry":{"type":"Point","coordinates":[-47.0433705,-22.9095857]}},{"type":"Feature","properties":{"ESTADIO":"Bruno José Daniel","NOME_OFICIAL":null,"CIDADE":"Santo André","ESTADO":"São Paulo","PAIS":"Brasil","LATITUDE":-23.6698747,"LONGITUDE":-46.5098586,"PRIMEIRA_PARTIDA":"santo andré 2 x 1 Corinthians","DATA_PRIMEIRA_PARTIDA":"1979-06-03","ANO_PRIMEIRA_PARTIDA":1979,"ADVERSARIO":"santo andré","PLACAR":"2 x 1","COMPETICAO_PRIMEIRA_PARTIDA":"Amistoso","MANDO_PRIMEIRA_PARTIDA":"Visitante","TOTAL_JOGOS":30,"VITORIAS":12,"EMPATES":14,"DERROTAS":4,"APROVEITAMENTO_PCT":55.6,"GOLS_MARCADOS":34,"GOLS_SOFRIDOS":22,"ESTADIOS_COM_ESTREIA_NA_DECADA":44,"OBSERVACOES":null,"FONTE_PRIMEIRA_PARTIDA":"Meu Timão / Acervo ATLAS1910","DESCRICAO_ORIGINAL":"Primeira partida: santo andré 2 x 1 Corinthians 03/06/1979 - Amistoso","FONTE_COORDENADAS":"OpenStreetMap Nominatim (geocodificação reversa)","URL_FONTE_COORDENADAS":"https://www.openstreetmap.org/relation/298086","ATRIBUICAO_COORDENADAS":"© OpenStreetMap contributors, ODbL 1.0","PAIS_ISO3":"BRA"},"geometry":{"type":"Point","coordinates":[-46.5098586,-23.6698747]}},{"type":"Feature","properties":{"ESTADIO":"La Bombonera","NOME_OFICIAL":"Alberto J. Armando","CIDADE":"Buenos Aires","ESTADO":"Autonomous City of Buenos Aires","PAIS":"Argentina","LATITUDE":-34.6356109,"LONGITUDE":-58.3647563,"PRIMEIRA_PARTIDA":"boca juniors 3 x 4 Corinthians","DATA_PRIMEIRA_PARTIDA":"1961-01-21","ANO_PRIMEIRA_PARTIDA":1961,"ADVERSARIO":"boca juniors","PLACAR":"3 x 4","COMPETICAO_PRIMEIRA_PARTIDA":"Torneio Octogonal de Verão","MANDO_PRIMEIRA_PARTIDA":"Visitante","TOTAL_JOGOS":16,"VITORIAS":2,"EMPATES":6,"DERROTAS":8,"APROVEITAMENTO_PCT":25.0,"GOLS_MARCADOS":14,"GOLS_SOFRIDOS":34,"ESTADIOS_COM_ESTREIA_NA_DECADA":56,"OBSERVACOES":null,"FONTE_PRIMEIRA_PARTIDA":"Meu Timão / Acervo ATLAS1910","DESCRICAO_ORIGINAL":"Alberto J. Armando<br><br>Primeira partida: boca juniors 3 x 4 Corinthians 21/01/1961 - Torneio Octogonal de Verão","FONTE_COORDENADAS":"OpenStreetMap Nominatim (geocodificação reversa)","URL_FONTE_COORDENADAS":"https://www.openstreetmap.org/relation/1224652","ATRIBUICAO_COORDENADAS":"© OpenStreetMap contributors, ODbL 1.0","CAPACIDADE":"54000","CAPACIDADE_FONTE":"StadiumDB.com","URL_FONTE_CAPACIDADE":"https://stadiumdb.com/stadiums/arg/la_bombonera","PAIS_ISO3":"ARG","FONTE_CORRECAO_PAIS":"https://data.geocode.earth/wof/dist/legacy/whosonfirst-data-country-latest.tar.bz2"},"geometry":{"type":"Point","coordinates":[-58.3647563,-34.6356109]}},{"type":"Feature","properties":{"ESTADIO":"Joaquinzão","NOME_OFICIAL":"Joaquim de Morais Filho","CIDADE":"Taubaté","ESTADO":"São Paulo","PAIS":"Brasil","LATITUDE":-23.028033,"LONGITUDE":-45.5703466,"PRIMEIRA_PARTIDA":"TAUBATÉ 0x2 CORINTHIANS","DATA_PRIMEIRA_PARTIDA":"1916-10-08","ANO_PRIMEIRA_PARTIDA":1916,"ADVERSARIO":"TAUBATÉ","PLACAR":"0x2","COMPETICAO_PRIMEIRA_PARTIDA":"Amistosos 1916","MANDO_PRIMEIRA_PARTIDA":"Visitante","TOTAL_JOGOS":50,"VITORIAS":22,"EMPATES":18,"DERROTAS":10,"APROVEITAMENTO_PCT":56.0,"GOLS_MARCADOS":100,"GOLS_SOFRIDOS":48,"ESTADIOS_COM_ESTREIA_NA_DECADA":28,"OBSERVACOES":null,"FONTE_PRIMEIRA_PARTIDA":"https://www.meutimao.com.br/jogo/7000/amistosos-1916/amistoso/taubate-0-x-2-corinthians","DESCRICAO_ORIGINAL":"Joaquim de Morais Filho<br><br>Primeira partida: taubaté 1 x 4 Corinthians 23/01/1976 - Amistoso","FONTE_COORDENADAS":"OpenStreetMap Nominatim (geocodificação reversa)","URL_FONTE_COORDENADAS":"https://www.openstreetmap.org/relation/298039","ATRIBUICAO_COORDENADAS":"© OpenStreetMap contributors, ODbL 1.0","CAPACIDADE":"9600","CAPACIDADE_FONTE":"Meu Timão","URL_FONTE_CAPACIDADE":"https://www.meutimao.com.br/estadio/joaquinzao/","PAIS_ISO3":"BRA"},"geometry":{"type":"Point","coordinates":[-45.5703466,-23.028033]}},{"type":"Feature","properties":{"ESTADIO":"Cachmay","NOME_OFICIAL":"Poliesportivo Cachamay","CIDADE":"Cidade Guayana","ESTADO":"Bolivar State","PAIS":"Venezuela","LATITUDE":8.3126419,"LONGITUDE":-62.6962556,"PRIMEIRA_PARTIDA":"minerven 2 x 5 Corinthians","DATA_PRIMEIRA_PARTIDA":"1994-11-18","ANO_PRIMEIRA_PARTIDA":1994,"ADVERSARIO":"minerven","PLACAR":"2 x 5","COMPETICAO_PRIMEIRA_PARTIDA":"Copa Conmebol","MANDO_PRIMEIRA_PARTIDA":"Visitante","TOTAL_JOGOS":1,"VITORIAS":1,"EMPATES":0,"DERROTAS":0,"APROVEITAMENTO_PCT":100.0,"GOLS_MARCADOS":5,"GOLS_SOFRIDOS":2,"ESTADIOS_COM_ESTREIA_NA_DECADA":35,"OBSERVACOES":null,"FONTE_PRIMEIRA_PARTIDA":"Meu Timão / Acervo ATLAS1910","DESCRICAO_ORIGINAL":"Poliesportivo Cachamay<br><br>Primeira partida: minerven 2 x 5 Corinthians 18/11/1994 - Copa Conmebol","FONTE_COORDENADAS":"OpenStreetMap Nominatim (geocodificação reversa)","URL_FONTE_COORDENADAS":"https://www.openstreetmap.org/relation/12508232","ATRIBUICAO_COORDENADAS":"© OpenStreetMap contributors, ODbL 1.0","PAIS_ISO3":"VEN","FONTE_CORRECAO_PAIS":"https://data.geocode.earth/wof/dist/legacy/whosonfirst-data-country-latest.tar.bz2"},"geometry":{"type":"Point","coordinates":[-62.6962556,8.3126419]}},{"type":"Feature","properties":{"ESTADIO":"Caio Martins","NOME_OFICIAL":null,"CIDADE":"Niterói","ESTADO":"Rio de Janeiro","PAIS":"Brasil","LATITUDE":-22.9006008,"LONGITUDE":-43.1058558,"PRIMEIRA_PARTIDA":"botafogo 1 x 0 Corinthians","DATA_PRIMEIRA_PARTIDA":"1990-10-24","ANO_PRIMEIRA_PARTIDA":1990,"ADVERSARIO":"botafogo","PLACAR":"1 x 0","COMPETICAO_PRIMEIRA_PARTIDA":"Brasileiro","MANDO_PRIMEIRA_PARTIDA":"Visitante","TOTAL_JOGOS":20,"VITORIAS":10,"EMPATES":2,"DERROTAS":8,"APROVEITAMENTO_PCT":53.3,"GOLS_MARCADOS":32,"GOLS_SOFRIDOS":28,"ESTADIOS_COM_ESTREIA_NA_DECADA":35,"OBSERVACOES":null,"FONTE_PRIMEIRA_PARTIDA":"Meu Timão / Acervo ATLAS1910","DESCRICAO_ORIGINAL":"Primeira partida: botafogo 1 x 0 Corinthians 24/10/1990 - Brasileiro","FONTE_COORDENADAS":"OpenStreetMap Nominatim (geocodificação reversa)","URL_FONTE_COORDENADAS":"https://www.openstreetmap.org/relation/2220789","ATRIBUICAO_COORDENADAS":"© OpenStreetMap contributors, ODbL 1.0","CAPACIDADE":"15000","CAPACIDADE_FONTE":"StadiumDB.com","URL_FONTE_CAPACIDADE":"https://stadiumdb.com/stadiums/bra/estadio_caio_martins","PAIS_ISO3":"BRA"},"geometry":{"type":"Point","coordinates":[-43.1058558,-22.9006008]}},{"type":"Feature","properties":{"ESTADIO":"Caliente","NOME_OFICIAL":null,"CIDADE":"Tijuana","ESTADO":"Baja California","PAIS":"Mexico","LATITUDE":32.5068213,"LONGITUDE":-116.9934082,"PRIMEIRA_PARTIDA":"tijuana 1 x 0 Corinthians","DATA_PRIMEIRA_PARTIDA":"2013-03-06","ANO_PRIMEIRA_PARTIDA":2013,"ADVERSARIO":"tijuana","PLACAR":"1 x 0","COMPETICAO_PRIMEIRA_PARTIDA":"Libertadores","MANDO_PRIMEIRA_PARTIDA":"Visitante","TOTAL_JOGOS":2,"VITORIAS":0,"EMPATES":0,"DERROTAS":2,"APROVEITAMENTO_PCT":0.0,"GOLS_MARCADOS":0,"GOLS_SOFRIDOS":2,"ESTADIOS_COM_ESTREIA_NA_DECADA":31,"OBSERVACOES":null,"FONTE_PRIMEIRA_PARTIDA":"Meu Timão / Acervo ATLAS1910","DESCRICAO_ORIGINAL":"Primeira partida: tijuana 1 x 0 Corinthians 06/03/2013 - Libertadores","FONTE_COORDENADAS":"OpenStreetMap Nominatim (geocodificação reversa)","URL_FONTE_COORDENADAS":"https://www.openstreetmap.org/node/4145201092","ATRIBUICAO_COORDENADAS":"© OpenStreetMap contributors, ODbL 1.0","CAPACIDADE":"27333","CAPACIDADE_FONTE":"StadiumDB.com","URL_FONTE_CAPACIDADE":"https://stadiumdb.com/stadiums/mex/estadio_caliente","PAIS_ISO3":"MEX","FONTE_CORRECAO_PAIS":"https://data.geocode.earth/wof/dist/legacy/whosonfirst-data-country-latest.tar.bz2"},"geometry":{"type":"Point","coordinates":[-116.9934082,32.5068213]}},{"type":"Feature","properties":{"ESTADIO":"Camp Nou","NOME_OFICIAL":null,"CIDADE":"Barcelona","ESTADO":"Catalunha","PAIS":"Spain","LATITUDE":41.380896,"LONGITUDE":2.1228198,"PRIMEIRA_PARTIDA":"barcelona 3 x 5 Corinthians","DATA_PRIMEIRA_PARTIDA":"1959-06-24","ANO_PRIMEIRA_PARTIDA":1959,"ADVERSARIO":"barcelona","PLACAR":"3 x 5","COMPETICAO_PRIMEIRA_PARTIDA":"Amistoso","MANDO_PRIMEIRA_PARTIDA":"Visitante","TOTAL_JOGOS":2,"VITORIAS":2,"EMPATES":0,"DERROTAS":0,"APROVEITAMENTO_PCT":100.0,"GOLS_MARCADOS":10,"GOLS_SOFRIDOS":6,"ESTADIOS_COM_ESTREIA_NA_DECADA":72,"OBSERVACOES":null,"FONTE_PRIMEIRA_PARTIDA":"Meu Timão / Acervo ATLAS1910","DESCRICAO_ORIGINAL":"Primeira partida: barcelona 3 x 5 Corinthians 24/06/1959 - Amistoso","FONTE_COORDENADAS":"OpenStreetMap Nominatim (geocodificação reversa)","URL_FONTE_COORDENADAS":"https://www.openstreetmap.org/relation/347950","ATRIBUICAO_COORDENADAS":"© OpenStreetMap contributors, ODbL 1.0","CAPACIDADE":"99354","CAPACIDADE_FONTE":"Meu Timão","URL_FONTE_CAPACIDADE":"https://www.meutimao.com.br/estadio/camp_nou/","PAIS_ISO3":"ESP","FONTE_CORRECAO_PAIS":"https://data.geocode.earth/wof/dist/legacy/whosonfirst-data-country-latest.tar.bz2"},"geometry":{"type":"Point","coordinates":[2.1228198,41.380896]}},{"type":"Feature","properties":{"ESTADIO":"Campo Vera Cruz","NOME_OFICIAL":"Localização exata não encontrada","CIDADE":"Caçapava","ESTADO":"São Paulo","PAIS":"Brasil","LATITUDE":-23.1033932,"LONGITUDE":-45.7147982,"PRIMEIRA_PARTIDA":"CAÇAPAVENSE 1x2 CORINTHIANS","DATA_PRIMEIRA_PARTIDA":"1915-02-14","ANO_PRIMEIRA_PARTIDA":1915,"ADVERSARIO":"CAÇAPAVENSE","PLACAR":"1x2","COMPETICAO_PRIMEIRA_PARTIDA":"Amistosos 1915","MANDO_PRIMEIRA_PARTIDA":"Visitante","TOTAL_JOGOS":4,"VITORIAS":4,"EMPATES":0,"DERROTAS":0,"APROVEITAMENTO_PCT":100.0,"GOLS_MARCADOS":16,"GOLS_SOFRIDOS":2,"ESTADIOS_COM_ESTREIA_NA_DECADA":28,"OBSERVACOES":"https://ge.globo.com/sp/vale-do-paraiba-regiao/noticia/clubes-do-passado-cacapavense-o-que-time-faz-parte-das-historias-de-atletico-mineiro-e-cruzeiro.ghtml","FONTE_PRIMEIRA_PARTIDA":"https://www.meutimao.com.br/jogo/7013/amistosos-1915/amistoso/cacapavense-1-x-2-corinthians","DESCRICAO_ORIGINAL":"Localização exata não encontrada<br>https://ge.globo.com/sp/vale-do-paraiba-regiao/noticia/clubes-do-passado-cacapavense-o-que-time-faz-parte-das-historias-de-atletico-mineiro-e-cruzeiro.ghtml<br><br>Primeira partida: caçapavense 1 x 2 Corinthians 14","FONTE_COORDENADAS":"OpenStreetMap Nominatim (geocodificação reversa)","URL_FONTE_COORDENADAS":"https://www.openstreetmap.org/relation/298443","ATRIBUICAO_COORDENADAS":"© OpenStreetMap contributors, ODbL 1.0","CAPACIDADE":"4000","CAPACIDADE_FONTE":"Meu Timão","URL_FONTE_CAPACIDADE":"https://www.meutimao.com.br/estadio/campo_vera_cruz/","PAIS_ISO3":"BRA"},"geometry":{"type":"Point","coordinates":[-45.7147982,-23.1033932]}},{"type":"Feature","properties":{"ESTADIO":"Campo da Lema","NOME_OFICIAL":"Ficava mais ao lado do Hospital, demolido pra obras de ampliação do hospital https://pousoalegre.net/noticia/2018/09/estadio-da-lema-comeca-a-ser-destruido-em-pouso-alegre/","CIDADE":"Pouso Alegre","ESTADO":"Minas Gerais","PAIS":"Brasil","LATITUDE":-22.2262466,"LONGITUDE":-45.9296777,"PRIMEIRA_PARTIDA":"SELEÇÃO DE POUSO ALEGRE 2x0 CORINTHIANS","DATA_PRIMEIRA_PARTIDA":"1990-06-23","ANO_PRIMEIRA_PARTIDA":1990,"ADVERSARIO":"SELEÇÃO DE POUSO ALEGRE","PLACAR":"2x0","COMPETICAO_PRIMEIRA_PARTIDA":"Amistosos 1990","MANDO_PRIMEIRA_PARTIDA":"Visitante","TOTAL_JOGOS":2,"VITORIAS":0,"EMPATES":0,"DERROTAS":2,"APROVEITAMENTO_PCT":0.0,"GOLS_MARCADOS":0,"GOLS_SOFRIDOS":4,"ESTADIOS_COM_ESTREIA_NA_DECADA":35,"OBSERVACOES":null,"FONTE_PRIMEIRA_PARTIDA":"https://www.meutimao.com.br/jogo/2897/amistosos-1990/amistoso/selecao_de_pouso_alegre-2-x-0-corinthians","DESCRICAO_ORIGINAL":"Ficava mais ao lado do Hospital, demolido pra obras de ampliação do hospital https://pousoalegre.net/noticia/2018/09/estadio-da-lema-comeca-a-ser-destruido-em-pouso-alegre/<br><br>Primeira partida: seleção de pouso alegre 2 x 0 Corinthians 23/06/199","FONTE_COORDENADAS":"OpenStreetMap Nominatim (geocodificação reversa)","URL_FONTE_COORDENADAS":"https://www.openstreetmap.org/relation/315431","ATRIBUICAO_COORDENADAS":"© OpenStreetMap contributors, ODbL 1.0","CAPACIDADE":"5000","CAPACIDADE_FONTE":"Meu Timão","URL_FONTE_CAPACIDADE":"https://www.meutimao.com.br/estadio/campo_da_lema/","PAIS_ISO3":"BRA"},"geometry":{"type":"Point","coordinates":[-45.9296777,-22.2262466]}},{"type":"Feature","properties":{"ESTADIO":"Campo do Bosque","NOME_OFICIAL":"Praça Monsenhor Silva Barros, antigo estádio do EC Taubaté","CIDADE":"Taubaté","ESTADO":"São Paulo","PAIS":"Brasil","LATITUDE":-23.0227929,"LONGITUDE":-45.5523915,"PRIMEIRA_PARTIDA":"taubaté 0 x 2 Corinthians","DATA_PRIMEIRA_PARTIDA":"1916-10-08","ANO_PRIMEIRA_PARTIDA":1916,"ADVERSARIO":"taubaté","PLACAR":"0 x 2","COMPETICAO_PRIMEIRA_PARTIDA":"Amistoso","MANDO_PRIMEIRA_PARTIDA":"Visitante","TOTAL_JOGOS":50,"VITORIAS":22,"EMPATES":18,"DERROTAS":10,"APROVEITAMENTO_PCT":56.0,"GOLS_MARCADOS":100,"GOLS_SOFRIDOS":48,"ESTADIOS_COM_ESTREIA_NA_DECADA":28,"OBSERVACOES":null,"FONTE_PRIMEIRA_PARTIDA":"Meu Timão / Acervo ATLAS1910","DESCRICAO_ORIGINAL":"Praça Monsenhor Silva Barros, antigo estádio do EC Taubaté<br><br> Primeira partida: taubaté 0 x 2 Corinthians 08/10/1916 - Amistoso","FONTE_COORDENADAS":"OpenStreetMap Nominatim (geocodificação reversa)","URL_FONTE_COORDENADAS":"https://www.openstreetmap.org/relation/298039","ATRIBUICAO_COORDENADAS":"© OpenStreetMap contributors, ODbL 1.0","PAIS_ISO3":"BRA"},"geometry":{"type":"Point","coordinates":[-45.5523915,-23.0227929]}},{"type":"Feature","properties":{"ESTADIO":"Campo do Brasil Futebol Clube","NOME_OFICIAL":"Estadio Doutor Arnaldo Guinle","CIDADE":"Santos","ESTADO":"São Paulo","PAIS":"Brasil","LATITUDE":-23.977095,"LONGITUDE":-46.3037674,"PRIMEIRA_PARTIDA":"seleção santista 1 x 2 Corinthians","DATA_PRIMEIRA_PARTIDA":"1921-05-13","ANO_PRIMEIRA_PARTIDA":1921,"ADVERSARIO":"seleção santista","PLACAR":"1 x 2","COMPETICAO_PRIMEIRA_PARTIDA":"Amistoso","MANDO_PRIMEIRA_PARTIDA":"Visitante","TOTAL_JOGOS":1,"VITORIAS":1,"EMPATES":0,"DERROTAS":0,"APROVEITAMENTO_PCT":100.0,"GOLS_MARCADOS":2,"GOLS_SOFRIDOS":1,"ESTADIOS_COM_ESTREIA_NA_DECADA":26,"OBSERVACOES":"Localização não encontrada","FONTE_PRIMEIRA_PARTIDA":"Meu Timão / Acervo ATLAS1910","DESCRICAO_ORIGINAL":"Estadio Doutor Arnaldo Guinle<br><br>Localização não encontrada<br><br>Primeira partida: seleção santista 1 x 2 Corinthians 13/05/1921 - Amistoso","FONTE_COORDENADAS":"OpenStreetMap Nominatim (geocodificação reversa)","URL_FONTE_COORDENADAS":"https://www.openstreetmap.org/relation/298442","ATRIBUICAO_COORDENADAS":"© OpenStreetMap contributors, ODbL 1.0","PAIS_ISO3":"BRA"},"geometry":{"type":"Point","coordinates":[-46.3037674,-23.977095]}},{"type":"Feature","properties":{"ESTADIO":"Campo do Brasil Futebol Clube (Av conselheiro Nébias)","NOME_OFICIAL":"Localização exata não encontrada","CIDADE":"Santos","ESTADO":"SP","PAIS":"Brasil","LATITUDE":-23.9532448,"LONGITUDE":-46.3224017,"PRIMEIRA_PARTIDA":"santos 0 x 0 Corinthians","DATA_PRIMEIRA_PARTIDA":"1914-08-30","ANO_PRIMEIRA_PARTIDA":1914,"ADVERSARIO":"santos","PLACAR":"0 x 0","COMPETICAO_PRIMEIRA_PARTIDA":"Amistoso","MANDO_PRIMEIRA_PARTIDA":"Visitante","TOTAL_JOGOS":18,"VITORIAS":6,"EMPATES":9,"DERROTAS":3,"APROVEITAMENTO_PCT":50.0,"GOLS_MARCADOS":39,"GOLS_SOFRIDOS":21,"ESTADIOS_COM_ESTREIA_NA_DECADA":28,"OBSERVACOES":null,"FONTE_PRIMEIRA_PARTIDA":"Meu Timão / Acervo ATLAS1910","DESCRICAO_ORIGINAL":"Localização exata não encontrada<br><br>Primeira partida: santos 0 x 0 Corinthians 30/08/1914 - Amistoso","PAIS_ISO3":"BRA"},"geometry":{"type":"Point","coordinates":[-46.3224017,-23.9532448]}},{"type":"Feature","properties":{"ESTADIO":"Campo do Frigorifico Wilson","NOME_OFICIAL":"Localização exata não encontrada, o frigorifico aparentemente ficava proximo ao que hoje é a estação presidente altino","CIDADE":"Osasco","ESTADO":"São Paulo","PAIS":"Brasil","LATITUDE":-23.5312117,"LONGITUDE":-46.7618009,"PRIMEIRA_PARTIDA":"AA OSASQUENSE 1x7 CORINTHIANS","DATA_PRIMEIRA_PARTIDA":"1965-02-20","ANO_PRIMEIRA_PARTIDA":1965,"ADVERSARIO":"AA OSASQUENSE","PLACAR":"1x7","COMPETICAO_PRIMEIRA_PARTIDA":"Amistosos 1965","MANDO_PRIMEIRA_PARTIDA":"Visitante","TOTAL_JOGOS":2,"VITORIAS":2,"EMPATES":0,"DERROTAS":0,"APROVEITAMENTO_PCT":100.0,"GOLS_MARCADOS":14,"GOLS_SOFRIDOS":2,"ESTADIOS_COM_ESTREIA_NA_DECADA":56,"OBSERVACOES":"https://www.osasco.sp.leg.br/institucional/especial-cidade-de-osasco/fotos/industrias/321.jpg/view | http://www.hagop","FONTE_PRIMEIRA_PARTIDA":"https://www.meutimao.com.br/jogo/4747/amistosos-1965/amistoso/aa_osasquense-1-x-7-corinthians","DESCRICAO_ORIGINAL":"Localização exata não encontrada, o frigorifico aparentemente ficava proximo ao que hoje é a estação presidente altino<br><br>https://www.osasco.sp.leg.br/institucional/especial-cidade-de-osasco/fotos/industrias/321.jpg/view<br><br>http://www.hagop","FONTE_COORDENADAS":"OpenStreetMap Nominatim (geocodificação reversa)","URL_FONTE_COORDENADAS":"https://www.openstreetmap.org/relation/298470","ATRIBUICAO_COORDENADAS":"© OpenStreetMap contributors, ODbL 1.0","CAPACIDADE":"5000","CAPACIDADE_FONTE":"Meu Timão","URL_FONTE_CAPACIDADE":"https://www.meutimao.com.br/estadio/campo_do_frigorifico_wilson/","PAIS_ISO3":"BRA"},"geometry":{"type":"Point","coordinates":[-46.7618009,-23.5312117]}},{"type":"Feature","properties":{"ESTADIO":"Campo do Grêmio dos empregados da Paulista","NOME_OFICIAL":"Referências:","CIDADE":"Rio Claro","ESTADO":"SP","PAIS":"Brasil","LATITUDE":-22.4073047,"LONGITUDE":-47.5673752,"PRIMEIRA_PARTIDA":"rio claro 2 x 3 Corinthians","DATA_PRIMEIRA_PARTIDA":"1916-12-25","ANO_PRIMEIRA_PARTIDA":1916,"ADVERSARIO":"rio claro","PLACAR":"2 x 3","COMPETICAO_PRIMEIRA_PARTIDA":"Amistoso","MANDO_PRIMEIRA_PARTIDA":"Visitante","TOTAL_JOGOS":6,"VITORIAS":6,"EMPATES":0,"DERROTAS":0,"APROVEITAMENTO_PCT":100.0,"GOLS_MARCADOS":27,"GOLS_SOFRIDOS":9,"ESTADIOS_COM_ESTREIA_NA_DECADA":28,"OBSERVACOES":"https://asmilcamisas.wordpress.com/tag/estadio-do-gremio-recreativo-dos-empregados-da-cia-paulista-de-estradas-de-ferro/ e | http://www.gremiocp.com.br/site/","FONTE_PRIMEIRA_PARTIDA":"https://asmilcamisas.wordpress.com/tag/estadio-do-gremio-recreativo-dos-empregados-da-cia-paulista-de-estradas-de-ferro/","DESCRICAO_ORIGINAL":"Referências:<br>https://asmilcamisas.wordpress.com/tag/estadio-do-gremio-recreativo-dos-empregados-da-cia-paulista-de-estradas-de-ferro/ e<br>http://www.gremiocp.com.br/site/<br><br>Primeira partida: rio claro 2 x 3 Corinthians 25/12/1916 - Amistoso","PAIS_ISO3":"BRA"},"geometry":{"type":"Point","coordinates":[-47.5673752,-22.4073047]}},{"type":"Feature","properties":{"ESTADIO":"Campo do Lenheiro","NOME_OFICIAL":"Primeiro campo onde o Corinthians mandou jogos, o local já não existe mais.","CIDADE":"São Paulo","ESTADO":"São Paulo","PAIS":"Brasil","LATITUDE":-23.531526,"LONGITUDE":-46.6378626,"PRIMEIRA_PARTIDA":"Corinthians 2 x 0 estrela polar","DATA_PRIMEIRA_PARTIDA":"1910-09-14","ANO_PRIMEIRA_PARTIDA":1910,"ADVERSARIO":"estrela polar","PLACAR":"2 x 0","COMPETICAO_PRIMEIRA_PARTIDA":"Jogo Varzeano","MANDO_PRIMEIRA_PARTIDA":"Mandante","TOTAL_JOGOS":44,"VITORIAS":26,"EMPATES":2,"DERROTAS":2,"APROVEITAMENTO_PCT":88.9,"GOLS_MARCADOS":84,"GOLS_SOFRIDOS":16,"ESTADIOS_COM_ESTREIA_NA_DECADA":28,"OBSERVACOES":null,"FONTE_PRIMEIRA_PARTIDA":"Meu Timão / Acervo ATLAS1910","DESCRICAO_ORIGINAL":"Primeiro campo onde o Corinthians mandou jogos, o local já não existe mais.<br><br>Primeira partida: Corinthians 2 x 0 estrela polar 14/09/1910 - Jogo Varzeano","FONTE_COORDENADAS":"OpenStreetMap Nominatim (geocodificação reversa)","URL_FONTE_COORDENADAS":"https://www.openstreetmap.org/relation/298285","ATRIBUICAO_COORDENADAS":"© OpenStreetMap contributors, ODbL 1.0","CAPACIDADE":"1000","CAPACIDADE_FONTE":"Meu Timão","URL_FONTE_CAPACIDADE":"https://www.meutimao.com.br/estadio/campo_do_lenheiro/","PAIS_ISO3":"BRA"},"geometry":{"type":"Point","coordinates":[-46.6378626,-23.531526]}},{"type":"Feature","properties":{"ESTADIO":"Campo do Nacional de Rolândia","NOME_OFICIAL":"Atual Estádio Erich George","CIDADE":"Rolândia","ESTADO":"Paraná","PAIS":"Brasil","LATITUDE":-23.3161963,"LONGITUDE":-51.3688525,"PRIMEIRA_PARTIDA":"nacional de rolândia 2 x 5 Corinthians","DATA_PRIMEIRA_PARTIDA":"1951-04-29","ANO_PRIMEIRA_PARTIDA":1951,"ADVERSARIO":"nacional de rolândia","PLACAR":"2 x 5","COMPETICAO_PRIMEIRA_PARTIDA":"Amistoso","MANDO_PRIMEIRA_PARTIDA":"Visitante","TOTAL_JOGOS":4,"VITORIAS":2,"EMPATES":0,"DERROTAS":2,"APROVEITAMENTO_PCT":50.0,"GOLS_MARCADOS":12,"GOLS_SOFRIDOS":8,"ESTADIOS_COM_ESTREIA_NA_DECADA":72,"OBSERVACOES":"Referência: | https://pt.wikipedia.org/wiki/Nacional_Atl%C3%A9tico_Clube_(Paran%C3%A1)#O_Est%C3%A1dio","FONTE_PRIMEIRA_PARTIDA":"https://pt.wikipedia.org/wiki/Nacional_Atl%C3%A9tico_Clube_(Paran%C3%A1)#O_Est%C3%A1dio","DESCRICAO_ORIGINAL":"Atual Estádio Erich George<br><br>Referência:<br>https://pt.wikipedia.org/wiki/Nacional_Atl%C3%A9tico_Clube_(Paran%C3%A1)#O_Est%C3%A1dio<br><br>Primeira partida: nacional de rolândia 2 x 5 Corinthians 29/04/1951 - Amistoso","FONTE_COORDENADAS":"OpenStreetMap Nominatim (geocodificação reversa)","URL_FONTE_COORDENADAS":"https://www.openstreetmap.org/relation/297510","ATRIBUICAO_COORDENADAS":"© OpenStreetMap contributors, ODbL 1.0","CAPACIDADE":"5000","CAPACIDADE_FONTE":"Meu Timão","URL_FONTE_CAPACIDADE":"https://www.meutimao.com.br/estadio/campo_do_nacional_de_rolandia/","PAIS_ISO3":"BRA"},"geometry":{"type":"Point","coordinates":[-51.3688525,-23.3161963]}},{"type":"Feature","properties":{"ESTADIO":"Campo do Nitro Química","NOME_OFICIAL":"Estádio José Ermírio de Moraes","CIDADE":"São Paulo","ESTADO":"São Paulo","PAIS":"Brasil","LATITUDE":-23.4857926,"LONGITUDE":-46.4367352,"PRIMEIRA_PARTIDA":"nitroquimica 1 x 7 Corinthians","DATA_PRIMEIRA_PARTIDA":"1961-05-07","ANO_PRIMEIRA_PARTIDA":1961,"ADVERSARIO":"nitroquimica","PLACAR":"1 x 7","COMPETICAO_PRIMEIRA_PARTIDA":"Amistoso","MANDO_PRIMEIRA_PARTIDA":"Visitante","TOTAL_JOGOS":4,"VITORIAS":2,"EMPATES":0,"DERROTAS":2,"APROVEITAMENTO_PCT":50.0,"GOLS_MARCADOS":14,"GOLS_SOFRIDOS":4,"ESTADIOS_COM_ESTREIA_NA_DECADA":56,"OBSERVACOES":"Localização aproximada (https://www.ogol.com.br/estadio.php?id=11890)","FONTE_PRIMEIRA_PARTIDA":"https://www.ogol.com.br/estadio.php?id=11890)","DESCRICAO_ORIGINAL":"Estádio José Ermírio de Moraes<br><br>Localização aproximada (https://www.ogol.com.br/estadio.php?id=11890)<br><br>Primeira partida: nitroquimica 1 x 7 Corinthians 07/05/1961 - Amistoso","FONTE_COORDENADAS":"OpenStreetMap Nominatim (geocodificação reversa)","URL_FONTE_COORDENADAS":"https://www.openstreetmap.org/relation/298285","ATRIBUICAO_COORDENADAS":"© OpenStreetMap contributors, ODbL 1.0","CAPACIDADE":"3000","CAPACIDADE_FONTE":"Meu Timão","URL_FONTE_CAPACIDADE":"https://www.meutimao.com.br/estadio/campo_do_nitro-quimica/","PAIS_ISO3":"BRA"},"geometry":{"type":"Point","coordinates":[-46.4367352,-23.4857926]}},{"type":"Feature","properties":{"ESTADIO":"Caneleira","NOME_OFICIAL":"Estadio Espanha","CIDADE":"Santos","ESTADO":"São Paulo","PAIS":"Brazil","LATITUDE":-23.9457944,"LONGITUDE":-46.3640427,"PRIMEIRA_PARTIDA":"jabaquara 2 x 6 Corinthians","DATA_PRIMEIRA_PARTIDA":"1989-10-12","ANO_PRIMEIRA_PARTIDA":1989,"ADVERSARIO":"jabaquara","PLACAR":"2 x 6","COMPETICAO_PRIMEIRA_PARTIDA":"Amistoso","MANDO_PRIMEIRA_PARTIDA":"Visitante","TOTAL_JOGOS":1,"VITORIAS":1,"EMPATES":0,"DERROTAS":0,"APROVEITAMENTO_PCT":100.0,"GOLS_MARCADOS":6,"GOLS_SOFRIDOS":2,"ESTADIOS_COM_ESTREIA_NA_DECADA":37,"OBSERVACOES":null,"FONTE_PRIMEIRA_PARTIDA":"Meu Timão / Acervo ATLAS1910","DESCRICAO_ORIGINAL":"Estadio Espanha<br><br>Primeira partida: jabaquara 2 x 6 Corinthians 12/10/1989 - Amistoso","FONTE_COORDENADAS":"OpenStreetMap Nominatim (geocodificação reversa)","URL_FONTE_COORDENADAS":"https://www.openstreetmap.org/relation/298442","ATRIBUICAO_COORDENADAS":"© OpenStreetMap contributors, ODbL 1.0","CAPACIDADE":"8031","CAPACIDADE_FONTE":"Meu Timão","URL_FONTE_CAPACIDADE":"https://www.meutimao.com.br/estadio/estadio_espanha/","PAIS_ISO3":"BRA","FONTE_CORRECAO_PAIS":"https://data.geocode.earth/wof/dist/legacy/whosonfirst-data-country-latest.tar.bz2"},"geometry":{"type":"Point","coordinates":[-46.3640427,-23.9457944]}},{"type":"Feature","properties":{"ESTADIO":"Carlos Colnaghi","NOME_OFICIAL":"Nova Arena Capivari","CIDADE":"Capivari","ESTADO":"São Paulo","PAIS":"Brasil","LATITUDE":-22.9937357,"LONGITUDE":-47.5144315,"PRIMEIRA_PARTIDA":"capivariano 2 x 3 Corinthians","DATA_PRIMEIRA_PARTIDA":"2015-03-22","ANO_PRIMEIRA_PARTIDA":2015,"ADVERSARIO":"capivariano","PLACAR":"2 x 3","COMPETICAO_PRIMEIRA_PARTIDA":"Paulista","MANDO_PRIMEIRA_PARTIDA":"Visitante","TOTAL_JOGOS":2,"VITORIAS":2,"EMPATES":0,"DERROTAS":0,"APROVEITAMENTO_PCT":100.0,"GOLS_MARCADOS":6,"GOLS_SOFRIDOS":4,"ESTADIOS_COM_ESTREIA_NA_DECADA":31,"OBSERVACOES":null,"FONTE_PRIMEIRA_PARTIDA":"Meu Timão / Acervo ATLAS1910","DESCRICAO_ORIGINAL":"Nova Arena Capivari<br><br>Primeira partida: capivariano 2 x 3 Corinthians 22/03/2015 - Paulista","FONTE_COORDENADAS":"OpenStreetMap Nominatim (geocodificação reversa)","URL_FONTE_COORDENADAS":"https://www.openstreetmap.org/relation/298223","ATRIBUICAO_COORDENADAS":"© OpenStreetMap contributors, ODbL 1.0","CAPACIDADE":"15000","CAPACIDADE_FONTE":"Meu Timão","URL_FONTE_CAPACIDADE":"https://www.meutimao.com.br/estadio/carlos_colnaghi/","PAIS_ISO3":"BRA"},"geometry":{"type":"Point","coordinates":[-47.5144315,-22.9937357]}},{"type":"Feature","properties":{"ESTADIO":"Canindé","NOME_OFICIAL":null,"CIDADE":"São Paulo","ESTADO":"São Paulo","PAIS":"Brasil","LATITUDE":-23.5205333,"LONGITUDE":-46.6186972,"PRIMEIRA_PARTIDA":"portuguesa 1 x 4 Corinthians","DATA_PRIMEIRA_PARTIDA":"1959-09-19","ANO_PRIMEIRA_PARTIDA":1959,"ADVERSARIO":"portuguesa","PLACAR":"1 x 4","COMPETICAO_PRIMEIRA_PARTIDA":"Amistoso","MANDO_PRIMEIRA_PARTIDA":"Visitante","TOTAL_JOGOS":154,"VITORIAS":96,"EMPATES":34,"DERROTAS":24,"APROVEITAMENTO_PCT":69.7,"GOLS_MARCADOS":310,"GOLS_SOFRIDOS":148,"ESTADIOS_COM_ESTREIA_NA_DECADA":72,"OBSERVACOES":null,"FONTE_PRIMEIRA_PARTIDA":"Meu Timão / Acervo ATLAS1910","DESCRICAO_ORIGINAL":"Primeira partida: portuguesa 1 x 4 Corinthians 19/09/1959 - Amistoso","FONTE_COORDENADAS":"OpenStreetMap Nominatim (geocodificação reversa)","URL_FONTE_COORDENADAS":"https://www.openstreetmap.org/relation/298285","ATRIBUICAO_COORDENADAS":"© OpenStreetMap contributors, ODbL 1.0","CAPACIDADE":"16592","CAPACIDADE_FONTE":"Meu Timão","URL_FONTE_CAPACIDADE":"https://www.meutimao.com.br/estadio/caninde/","PAIS_ISO3":"BRA"},"geometry":{"type":"Point","coordinates":[-46.6186972,-23.5205333]}},{"type":"Feature","properties":{"ESTADIO":"Carneirão","NOME_OFICIAL":"Estádio Municipal Antônio de Figueiredo Carneiro","CIDADE":"Alagoinhas","ESTADO":"Bahia","PAIS":"Brasil","LATITUDE":-12.1402713,"LONGITUDE":-38.4150548,"PRIMEIRA_PARTIDA":"bahia 3 x 1 Corinthians","DATA_PRIMEIRA_PARTIDA":"1971-01-23","ANO_PRIMEIRA_PARTIDA":1971,"ADVERSARIO":"bahia","PLACAR":"3 x 1","COMPETICAO_PRIMEIRA_PARTIDA":"Amistoso","MANDO_PRIMEIRA_PARTIDA":"Visitante","TOTAL_JOGOS":4,"VITORIAS":0,"EMPATES":2,"DERROTAS":2,"APROVEITAMENTO_PCT":16.7,"GOLS_MARCADOS":2,"GOLS_SOFRIDOS":6,"ESTADIOS_COM_ESTREIA_NA_DECADA":44,"OBSERVACOES":null,"FONTE_PRIMEIRA_PARTIDA":"Meu Timão / Acervo ATLAS1910","DESCRICAO_ORIGINAL":"Estádio Municipal Antônio de Figueiredo Carneiro<br><br>Primeira partida: bahia 3 x 1 Corinthians 23/01/1971 - Amistoso","FONTE_COORDENADAS":"OpenStreetMap Nominatim (geocodificação reversa)","URL_FONTE_COORDENADAS":"https://www.openstreetmap.org/relation/362337","ATRIBUICAO_COORDENADAS":"© OpenStreetMap contributors, ODbL 1.0","CAPACIDADE":"16000","CAPACIDADE_FONTE":"Meu Timão","URL_FONTE_CAPACIDADE":"https://www.meutimao.com.br/estadio/carneirao/","PAIS_ISO3":"BRA"},"geometry":{"type":"Point","coordinates":[-38.4150548,-12.1402713]}},{"type":"Feature","properties":{"ESTADIO":"Casa Blanca","NOME_OFICIAL":"Estádio Rodrigo Paz Delgado","CIDADE":"Quito","ESTADO":"Pichincha","PAIS":"Ecuador","LATITUDE":-0.1076798,"LONGITUDE":-78.4890979,"PRIMEIRA_PARTIDA":"liga deportiva universitária (LDU) 0 x 2 Corinthians","DATA_PRIMEIRA_PARTIDA":"2000-04-11","ANO_PRIMEIRA_PARTIDA":2000,"ADVERSARIO":"liga deportiva universitária (LDU)","PLACAR":"0 x 2","COMPETICAO_PRIMEIRA_PARTIDA":"Libertadores","MANDO_PRIMEIRA_PARTIDA":"Visitante","TOTAL_JOGOS":2,"VITORIAS":2,"EMPATES":0,"DERROTAS":0,"APROVEITAMENTO_PCT":100.0,"GOLS_MARCADOS":4,"GOLS_SOFRIDOS":0,"ESTADIOS_COM_ESTREIA_NA_DECADA":21,"OBSERVACOES":null,"FONTE_PRIMEIRA_PARTIDA":"Meu Timão / Acervo ATLAS1910","DESCRICAO_ORIGINAL":"Estádio Rodrigo Paz Delgado<br><br>Primeira partida: liga deportiva universitária (LDU) 0 x 2 Corinthians 11/04/2000 - Libertadores","FONTE_COORDENADAS":"OpenStreetMap Nominatim (geocodificação reversa)","URL_FONTE_COORDENADAS":"https://www.openstreetmap.org/node/58950371","ATRIBUICAO_COORDENADAS":"© OpenStreetMap contributors, ODbL 1.0","CAPACIDADE":"41596","CAPACIDADE_FONTE":"StadiumDB.com","URL_FONTE_CAPACIDADE":"https://stadiumdb.com/stadiums/ecu/estadio_la_casa_blanca","PAIS_ISO3":"ECU","FONTE_CORRECAO_PAIS":"https://data.geocode.earth/wof/dist/legacy/whosonfirst-data-country-latest.tar.bz2"},"geometry":{"type":"Point","coordinates":[-78.4890979,-0.1076798]}},{"type":"Feature","properties":{"ESTADIO":"Castelão","NOME_OFICIAL":"Estádio Governador João Castelo","CIDADE":"São Luís","ESTADO":"Maranhão","PAIS":"Brasil","LATITUDE":-2.5487007,"LONGITUDE":-44.2600722,"PRIMEIRA_PARTIDA":"ABC 0x3 CORINTHIANS","DATA_PRIMEIRA_PARTIDA":"1972-11-22","ANO_PRIMEIRA_PARTIDA":1972,"ADVERSARIO":"ABC","PLACAR":"0x3","COMPETICAO_PRIMEIRA_PARTIDA":"Brasileirão 1972","MANDO_PRIMEIRA_PARTIDA":"Visitante","TOTAL_JOGOS":74,"VITORIAS":32,"EMPATES":14,"DERROTAS":28,"APROVEITAMENTO_PCT":49.5,"GOLS_MARCADOS":100,"GOLS_SOFRIDOS":76,"ESTADIOS_COM_ESTREIA_NA_DECADA":44,"OBSERVACOES":null,"FONTE_PRIMEIRA_PARTIDA":"https://www.meutimao.com.br/jogo/4234/brasileirao-1972/abc-0-x-3-corinthians","DESCRICAO_ORIGINAL":"Estádio Governador João Castelo<br><br>Primeira partida: sampaio corrêa 3 x 2 Corinthians 19/07/1989 - Copa do Brasil","FONTE_COORDENADAS":"OpenStreetMap Nominatim (geocodificação reversa)","URL_FONTE_COORDENADAS":"https://www.openstreetmap.org/relation/332923","ATRIBUICAO_COORDENADAS":"© OpenStreetMap contributors, ODbL 1.0","CAPACIDADE":"60326","CAPACIDADE_FONTE":"Meu Timão","URL_FONTE_CAPACIDADE":"https://www.meutimao.com.br/estadio/castelao/","PAIS_ISO3":"BRA"},"geometry":{"type":"Point","coordinates":[-44.2600722,-2.5487007]}},{"type":"Feature","properties":{"ESTADIO":"Castelões","NOME_OFICIAL":"Atual Rua Savóia","CIDADE":"Votorantim","ESTADO":"São Paulo","PAIS":"Brasil","LATITUDE":-23.5459562,"LONGITUDE":-47.4455032,"PRIMEIRA_PARTIDA":"sorocabano 1 x 8 Corinthians","DATA_PRIMEIRA_PARTIDA":"1918-09-29","ANO_PRIMEIRA_PARTIDA":1918,"ADVERSARIO":"sorocabano","PLACAR":"1 x 8","COMPETICAO_PRIMEIRA_PARTIDA":"Amistoso","MANDO_PRIMEIRA_PARTIDA":"Visitante","TOTAL_JOGOS":1,"VITORIAS":1,"EMPATES":0,"DERROTAS":0,"APROVEITAMENTO_PCT":100.0,"GOLS_MARCADOS":8,"GOLS_SOFRIDOS":1,"ESTADIOS_COM_ESTREIA_NA_DECADA":28,"OBSERVACOES":null,"FONTE_PRIMEIRA_PARTIDA":"Meu Timão / Acervo ATLAS1910","DESCRICAO_ORIGINAL":"Atual Rua Savóia<br><br>Primeira partida: sorocabano 1 x 8 Corinthians 29/09/1918 - Amistoso","FONTE_COORDENADAS":"OpenStreetMap Nominatim (geocodificação reversa)","URL_FONTE_COORDENADAS":"https://www.openstreetmap.org/relation/297909","ATRIBUICAO_COORDENADAS":"© OpenStreetMap contributors, ODbL 1.0","PAIS_ISO3":"BRA"},"geometry":{"type":"Point","coordinates":[-47.4455032,-23.5459562]}},{"type":"Feature","properties":{"ESTADIO":"Centenário","NOME_OFICIAL":null,"CIDADE":"Montevidéu","ESTADO":"Montevideo","PAIS":"Uruguai","LATITUDE":-34.8945376,"LONGITUDE":-56.1528289,"PRIMEIRA_PARTIDA":"combinado uruguaio 1 x 4 Corinthians","DATA_PRIMEIRA_PARTIDA":"1951-06-30","ANO_PRIMEIRA_PARTIDA":1951,"ADVERSARIO":"combinado uruguaio","PLACAR":"1 x 4","COMPETICAO_PRIMEIRA_PARTIDA":"Torneio internacional Quadrangular de Montevidéu","MANDO_PRIMEIRA_PARTIDA":"Visitante","TOTAL_JOGOS":35,"VITORIAS":11,"EMPATES":14,"DERROTAS":10,"APROVEITAMENTO_PCT":44.8,"GOLS_MARCADOS":58,"GOLS_SOFRIDOS":39,"ESTADIOS_COM_ESTREIA_NA_DECADA":72,"OBSERVACOES":null,"FONTE_PRIMEIRA_PARTIDA":"Meu Timão / Acervo ATLAS1910","DESCRICAO_ORIGINAL":"Primeira partida: combinado uruguaio 1 x 4 Corinthians 30/06/1951 - Torneio internacional Quadrangular de Montevidéu","FONTE_COORDENADAS":"OpenStreetMap Nominatim (geocodificação reversa)","URL_FONTE_COORDENADAS":"https://www.openstreetmap.org/relation/2929054","ATRIBUICAO_COORDENADAS":"© OpenStreetMap contributors, ODbL 1.0","CAPACIDADE":"76609","CAPACIDADE_FONTE":"Meu Timão","URL_FONTE_CAPACIDADE":"https://www.meutimao.com.br/estadio/centenario/","PAIS_ISO3":"URY"},"geometry":{"type":"Point","coordinates":[-56.1528289,-34.8945376]}},{"type":"Feature","properties":{"ESTADIO":"Centro esportivo José Liberatti","NOME_OFICIAL":null,"CIDADE":"Osasco","ESTADO":"São Paulo","PAIS":"Brasil","LATITUDE":-23.5112646,"LONGITUDE":-46.7761948,"PRIMEIRA_PARTIDA":"independência 1 x 1 Corinthians","DATA_PRIMEIRA_PARTIDA":"1976-02-18","ANO_PRIMEIRA_PARTIDA":1976,"ADVERSARIO":"independência","PLACAR":"1 x 1","COMPETICAO_PRIMEIRA_PARTIDA":"Amistoso","MANDO_PRIMEIRA_PARTIDA":"Visitante","TOTAL_JOGOS":10,"VITORIAS":8,"EMPATES":2,"DERROTAS":0,"APROVEITAMENTO_PCT":86.7,"GOLS_MARCADOS":12,"GOLS_SOFRIDOS":2,"ESTADIOS_COM_ESTREIA_NA_DECADA":44,"OBSERVACOES":null,"FONTE_PRIMEIRA_PARTIDA":"Meu Timão / Acervo ATLAS1910","DESCRICAO_ORIGINAL":"Primeira partida: independência 1 x 1 Corinthians 18/02/1976 - Amistoso","FONTE_COORDENADAS":"OpenStreetMap Nominatim (geocodificação reversa)","URL_FONTE_COORDENADAS":"https://www.openstreetmap.org/relation/298470","ATRIBUICAO_COORDENADAS":"© OpenStreetMap contributors, ODbL 1.0","PAIS_ISO3":"BRA"},"geometry":{"type":"Point","coordinates":[-46.7761948,-23.5112646]}},{"type":"Feature","properties":{"ESTADIO":"Cidade do Panamá","NOME_OFICIAL":"* Local exato não descrito no Almanaque do timão","CIDADE":"Bella Vista","ESTADO":"Panamá Province","PAIS":"Panama","LATITUDE":8.9823792,"LONGITUDE":-79.5198696,"PRIMEIRA_PARTIDA":"VASCO DA GAMA 3x4 CORINTHIANS","DATA_PRIMEIRA_PARTIDA":"1951-02-24","ANO_PRIMEIRA_PARTIDA":1951,"ADVERSARIO":"VASCO DA GAMA","PLACAR":"3x4","COMPETICAO_PRIMEIRA_PARTIDA":"Torneio Rio-São Paulo 1951","MANDO_PRIMEIRA_PARTIDA":"Visitante","TOTAL_JOGOS":327,"VITORIAS":89,"EMPATES":74,"DERROTAS":164,"APROVEITAMENTO_PCT":34.8,"GOLS_MARCADOS":363,"GOLS_SOFRIDOS":538,"ESTADIOS_COM_ESTREIA_NA_DECADA":72,"OBSERVACOES":null,"FONTE_PRIMEIRA_PARTIDA":"https://www.meutimao.com.br/jogo/5752/torneio-rio-sao-paulo-1951/vasco_da_gama-3-x-4-corinthians","DESCRICAO_ORIGINAL":"* Local exato não descrito no Almanaque do timão <br><br>Primeira partida: seleção panamenha 0 x 7 Corinthians 30/01/1963 - Amistoso","FONTE_COORDENADAS":"OpenStreetMap Nominatim (geocodificação reversa)","URL_FONTE_COORDENADAS":"https://www.openstreetmap.org/relation/11381324","ATRIBUICAO_COORDENADAS":"© OpenStreetMap contributors, ODbL 1.0","PAIS_ISO3":"PAN","FONTE_CORRECAO_PAIS":"https://data.geocode.earth/wof/dist/legacy/whosonfirst-data-country-latest.tar.bz2"},"geometry":{"type":"Point","coordinates":[-79.5198696,8.9823792]}},{"type":"Feature","properties":{"ESTADIO":"Coberto da ilha de Okinawa","NOME_OFICIAL":"Antigo Okinawa Athletic Park Stadium , atual Tapic Kenso Hiyagon Stadium","CIDADE":"Okinawa","ESTADO":null,"PAIS":"Japão","LATITUDE":26.3086934,"LONGITUDE":127.8212072,"PRIMEIRA_PARTIDA":"Primeir Partida: flugels 0 x 2 Corinthians 27/02/1994 - Amistoso","DATA_PRIMEIRA_PARTIDA":"1994-02-27","ANO_PRIMEIRA_PARTIDA":1994,"ADVERSARIO":"Primeir Partida: flugels","PLACAR":"0 x 2","COMPETICAO_PRIMEIRA_PARTIDA":"Amistoso","MANDO_PRIMEIRA_PARTIDA":"Visitante","TOTAL_JOGOS":1,"VITORIAS":1,"EMPATES":0,"DERROTAS":0,"APROVEITAMENTO_PCT":100.0,"GOLS_MARCADOS":2,"GOLS_SOFRIDOS":0,"ESTADIOS_COM_ESTREIA_NA_DECADA":35,"OBSERVACOES":"Referência: https://www.meutimao.com.br/jogo/2575/amistosos_1994/yokohama_flugels-0-x-2-corinthians | Primeir Partida: flugels 0 x 2 Corinthians 27/02/1994 - Amistoso","FONTE_PRIMEIRA_PARTIDA":"https://www.meutimao.com.br/jogo/2575/amistosos_1994/yokohama_flugels-0-x-2-corinthians","DESCRICAO_ORIGINAL":"Antigo Okinawa Athletic Park Stadium , atual Tapic Kenso Hiyagon Stadium<br><br>Referência: https://www.meutimao.com.br/jogo/2575/amistosos_1994/yokohama_flugels-0-x-2-corinthians<br><br>Primeir Partida: flugels 0 x 2 Corinthians 27/02/1994 - Amistoso","FONTE_COORDENADAS":"OpenStreetMap Nominatim (geocodificação reversa)","URL_FONTE_COORDENADAS":"https://www.openstreetmap.org/relation/4556086","ATRIBUICAO_COORDENADAS":"© OpenStreetMap contributors, ODbL 1.0","PAIS_ISO3":"JPN"},"geometry":{"type":"Point","coordinates":[127.8212072,26.3086934]}},{"type":"Feature","properties":{"ESTADIO":"Colina Melancólica","NOME_OFICIAL":"Também conhecido como Estádio da Montanha","CIDADE":"Porto Alegre","ESTADO":"Rio Grande do Sul","PAIS":"Brasil","LATITUDE":-30.0604856,"LONGITUDE":-51.2096667,"PRIMEIRA_PARTIDA":"cruzeiro-RS 0 x 2 Corinthians","DATA_PRIMEIRA_PARTIDA":"1953-03-31","ANO_PRIMEIRA_PARTIDA":1953,"ADVERSARIO":"cruzeiro-RS","PLACAR":"0 x 2","COMPETICAO_PRIMEIRA_PARTIDA":null,"MANDO_PRIMEIRA_PARTIDA":"Visitante","TOTAL_JOGOS":4,"VITORIAS":2,"EMPATES":2,"DERROTAS":0,"APROVEITAMENTO_PCT":66.7,"GOLS_MARCADOS":6,"GOLS_SOFRIDOS":2,"ESTADIOS_COM_ESTREIA_NA_DECADA":72,"OBSERVACOES":"Referência: https://www.verminososporfutebol.com.br/viagem-no-tempo/colina-melancolica-o-estadio-de-porto-alegre-que-virou-cemiterio/","FONTE_PRIMEIRA_PARTIDA":"https://www.verminososporfutebol.com.br/viagem-no-tempo/colina-melancolica-o-estadio-de-porto-alegre-que-virou-cemiterio/","DESCRICAO_ORIGINAL":"Também conhecido como Estádio da Montanha <br><br>Referência: https://www.verminososporfutebol.com.br/viagem-no-tempo/colina-melancolica-o-estadio-de-porto-alegre-que-virou-cemiterio/<br><br>Primeira partida: cruzeiro-RS 0 x 2 Corinthians 31/03/1953 -","FONTE_COORDENADAS":"OpenStreetMap Nominatim (geocodificação reversa)","URL_FONTE_COORDENADAS":"https://www.openstreetmap.org/relation/242397","ATRIBUICAO_COORDENADAS":"© OpenStreetMap contributors, ODbL 1.0","CAPACIDADE":"20000","CAPACIDADE_FONTE":"Meu Timão","URL_FONTE_CAPACIDADE":"https://www.meutimao.com.br/estadio/colina_melancolica/","PAIS_ISO3":"BRA"},"geometry":{"type":"Point","coordinates":[-51.2096667,-30.0604856]}},{"type":"Feature","properties":{"ESTADIO":"Coliseum","NOME_OFICIAL":"Los Angeles Memorial Sports Arena","CIDADE":"Los Angeles","ESTADO":"Califórnia","PAIS":"United States","LATITUDE":34.0140526,"LONGITUDE":-118.2878754,"PRIMEIRA_PARTIDA":"atlante-MX 2 x 3 Corinthians","DATA_PRIMEIRA_PARTIDA":"1982-08-31","ANO_PRIMEIRA_PARTIDA":1982,"ADVERSARIO":"atlante-MX","PLACAR":"2 x 3","COMPETICAO_PRIMEIRA_PARTIDA":"Amistoso","MANDO_PRIMEIRA_PARTIDA":"Visitante","TOTAL_JOGOS":6,"VITORIAS":4,"EMPATES":2,"DERROTAS":0,"APROVEITAMENTO_PCT":77.8,"GOLS_MARCADOS":16,"GOLS_SOFRIDOS":12,"ESTADIOS_COM_ESTREIA_NA_DECADA":37,"OBSERVACOES":null,"FONTE_PRIMEIRA_PARTIDA":"Meu Timão / Acervo ATLAS1910","DESCRICAO_ORIGINAL":"Los Angeles Memorial Sports Arena<br><br>Primeira partida: atlante-MX 2 x 3 Corinthians 31/08/1982 - Amistoso","FONTE_COORDENADAS":"OpenStreetMap Nominatim (geocodificação reversa)","URL_FONTE_COORDENADAS":"https://www.openstreetmap.org/relation/207359","ATRIBUICAO_COORDENADAS":"© OpenStreetMap contributors, ODbL 1.0","CAPACIDADE":"77500","CAPACIDADE_FONTE":"StadiumDB.com","URL_FONTE_CAPACIDADE":"https://stadiumdb.com/stadiums/usa/los_angeles_memorial_coliseum","PAIS_ISO3":"USA","FONTE_CORRECAO_PAIS":"https://data.geocode.earth/wof/dist/legacy/whosonfirst-data-country-latest.tar.bz2"},"geometry":{"type":"Point","coordinates":[-118.2878754,34.0140526]}},{"type":"Feature","properties":{"ESTADIO":"Comendador Agostinho Prada","NOME_OFICIAL":null,"CIDADE":"Limeira","ESTADO":"São Paulo","PAIS":"Brasil","LATITUDE":-22.5746475,"LONGITUDE":-47.4128666,"PRIMEIRA_PARTIDA":"internacional de limeira 2 x 0 Corinthians","DATA_PRIMEIRA_PARTIDA":"1961-05-14","ANO_PRIMEIRA_PARTIDA":1961,"ADVERSARIO":"internacional de limeira","PLACAR":"2 x 0","COMPETICAO_PRIMEIRA_PARTIDA":"Amistoso","MANDO_PRIMEIRA_PARTIDA":"Visitante","TOTAL_JOGOS":1,"VITORIAS":0,"EMPATES":0,"DERROTAS":1,"APROVEITAMENTO_PCT":0.0,"GOLS_MARCADOS":0,"GOLS_SOFRIDOS":2,"ESTADIOS_COM_ESTREIA_NA_DECADA":56,"OBSERVACOES":null,"FONTE_PRIMEIRA_PARTIDA":"Meu Timão / Acervo ATLAS1910","DESCRICAO_ORIGINAL":"Primeira partida: internacional de limeira 2 x 0 Corinthians 14/05/1961 - Amistoso","FONTE_COORDENADAS":"OpenStreetMap Nominatim (geocodificação reversa)","URL_FONTE_COORDENADAS":"https://www.openstreetmap.org/relation/297919","ATRIBUICAO_COORDENADAS":"© OpenStreetMap contributors, ODbL 1.0","PAIS_ISO3":"BRA"},"geometry":{"type":"Point","coordinates":[-47.4128666,-22.5746475]}},{"type":"Feature","properties":{"ESTADIO":"Complexo esportivo da Cidade de Deus","NOME_OFICIAL":"Amistoso na sede do Bradesco","CIDADE":"Osasco","ESTADO":"São Paulo","PAIS":"Brasil","LATITUDE":-23.5478554,"LONGITUDE":-46.771807,"PRIMEIRA_PARTIDA":"INDEPENDÊNCIA DE OSASCO 1x1 CORINTHIANS","DATA_PRIMEIRA_PARTIDA":"1976-02-18","ANO_PRIMEIRA_PARTIDA":1976,"ADVERSARIO":"INDEPENDÊNCIA DE OSASCO","PLACAR":"1x1","COMPETICAO_PRIMEIRA_PARTIDA":"Amistosos 1976","MANDO_PRIMEIRA_PARTIDA":"Visitante","TOTAL_JOGOS":10,"VITORIAS":8,"EMPATES":2,"DERROTAS":0,"APROVEITAMENTO_PCT":86.7,"GOLS_MARCADOS":12,"GOLS_SOFRIDOS":2,"ESTADIOS_COM_ESTREIA_NA_DECADA":44,"OBSERVACOES":null,"FONTE_PRIMEIRA_PARTIDA":"https://www.meutimao.com.br/jogo/3859/amistosos-1976/amistoso/independencia_de_osasco-1-x-1-corinthians","DESCRICAO_ORIGINAL":"Amistoso na sede do Bradesco<br><br>Primeira partida: grêmio osasco 0 x 2 Corinthians 15/09/2011 - Amistoso (Troféu Bradesco)","FONTE_COORDENADAS":"OpenStreetMap Nominatim (geocodificação reversa)","URL_FONTE_COORDENADAS":"https://www.openstreetmap.org/relation/298470","ATRIBUICAO_COORDENADAS":"© OpenStreetMap contributors, ODbL 1.0","PAIS_ISO3":"BRA"},"geometry":{"type":"Point","coordinates":[-46.771807,-23.5478554]}},{"type":"Feature","properties":{"ESTADIO":"Comunale de Caserta","NOME_OFICIAL":"Stadio Alberto Pinto","CIDADE":"Caserta","ESTADO":"Campânia","PAIS":"Italy","LATITUDE":41.0747346,"LONGITUDE":14.3457453,"PRIMEIRA_PARTIDA":"casertana 1 x 0 Corinthians","DATA_PRIMEIRA_PARTIDA":"1969-08-26","ANO_PRIMEIRA_PARTIDA":1969,"ADVERSARIO":"casertana","PLACAR":"1 x 0","COMPETICAO_PRIMEIRA_PARTIDA":"Amistoso","MANDO_PRIMEIRA_PARTIDA":"Visitante","TOTAL_JOGOS":1,"VITORIAS":0,"EMPATES":0,"DERROTAS":1,"APROVEITAMENTO_PCT":0.0,"GOLS_MARCADOS":0,"GOLS_SOFRIDOS":1,"ESTADIOS_COM_ESTREIA_NA_DECADA":56,"OBSERVACOES":null,"FONTE_PRIMEIRA_PARTIDA":"Meu Timão / Acervo ATLAS1910","DESCRICAO_ORIGINAL":"Stadio Alberto Pinto<br><br>Primeira partida: casertana 1 x 0 Corinthians 26/08/1969 - Amistoso","FONTE_COORDENADAS":"OpenStreetMap Nominatim (geocodificação reversa)","URL_FONTE_COORDENADAS":"https://www.openstreetmap.org/relation/41056","ATRIBUICAO_COORDENADAS":"© OpenStreetMap contributors, ODbL 1.0","CAPACIDADE":"12000","CAPACIDADE_FONTE":"StadiumDB.com","URL_FONTE_CAPACIDADE":"https://stadiumdb.com/stadiums/ita/stadio_alberto_pinto","PAIS_ISO3":"ITA","FONTE_CORRECAO_PAIS":"https://data.geocode.earth/wof/dist/legacy/whosonfirst-data-country-latest.tar.bz2"},"geometry":{"type":"Point","coordinates":[14.3457453,41.0747346]}},{"type":"Feature","properties":{"ESTADIO":"Comunale de Turim","NOME_OFICIAL":"Atual Estádio Olímpico Grande Torino","CIDADE":"Turim","ESTADO":"Piedmont","PAIS":"Italy","LATITUDE":45.0418233,"LONGITUDE":7.6500522,"PRIMEIRA_PARTIDA":"español 1 x 1 Corinthians","DATA_PRIMEIRA_PARTIDA":"1966-06-01","ANO_PRIMEIRA_PARTIDA":1966,"ADVERSARIO":"español","PLACAR":"1 x 1","COMPETICAO_PRIMEIRA_PARTIDA":"Torneio Copa Cidade de Turim (Vencido pelo Timão)","MANDO_PRIMEIRA_PARTIDA":"Visitante","TOTAL_JOGOS":1,"VITORIAS":0,"EMPATES":1,"DERROTAS":0,"APROVEITAMENTO_PCT":33.3,"GOLS_MARCADOS":1,"GOLS_SOFRIDOS":1,"ESTADIOS_COM_ESTREIA_NA_DECADA":56,"OBSERVACOES":null,"FONTE_PRIMEIRA_PARTIDA":"Meu Timão / Acervo ATLAS1910","DESCRICAO_ORIGINAL":"Atual Estádio Olímpico Grande Torino<br><br>Primeira partida: español 1 x 1 Corinthians 01/06/1966 - Torneio Copa Cidade de Turim (Vencido pelo Timão)","FONTE_COORDENADAS":"OpenStreetMap Nominatim (geocodificação reversa)","URL_FONTE_COORDENADAS":"https://www.openstreetmap.org/relation/43992","ATRIBUICAO_COORDENADAS":"© OpenStreetMap contributors, ODbL 1.0","PAIS_ISO3":"ITA","FONTE_CORRECAO_PAIS":"https://data.geocode.earth/wof/dist/legacy/whosonfirst-data-country-latest.tar.bz2"},"geometry":{"type":"Point","coordinates":[7.6500522,45.0418233]}},{"type":"Feature","properties":{"ESTADIO":"Coronel Cristiano Osório","NOME_OFICIAL":"Campo desativado","CIDADE":"Poços de Caldas","ESTADO":"Minas Gerais","PAIS":"Brasil","LATITUDE":-21.7848768,"LONGITUDE":-46.5629017,"PRIMEIRA_PARTIDA":"caldense 1 x 3 Corinthians","DATA_PRIMEIRA_PARTIDA":"1950-06-18","ANO_PRIMEIRA_PARTIDA":1950,"ADVERSARIO":"caldense","PLACAR":"1 x 3","COMPETICAO_PRIMEIRA_PARTIDA":"Amistoso","MANDO_PRIMEIRA_PARTIDA":"Visitante","TOTAL_JOGOS":6,"VITORIAS":4,"EMPATES":2,"DERROTAS":0,"APROVEITAMENTO_PCT":77.8,"GOLS_MARCADOS":12,"GOLS_SOFRIDOS":6,"ESTADIOS_COM_ESTREIA_NA_DECADA":72,"OBSERVACOES":"Referência: http://www.caldense.com.br/futebol_christiano_osorio.asp","FONTE_PRIMEIRA_PARTIDA":"http://www.caldense.com.br/futebol_christiano_osorio.asp","DESCRICAO_ORIGINAL":"Campo desativado<br><br>Referência: http://www.caldense.com.br/futebol_christiano_osorio.asp<br><br>Primeira partida: caldense 1 x 3 Corinthians 18/06/1950 - Amistoso","FONTE_COORDENADAS":"OpenStreetMap Nominatim (geocodificação reversa)","URL_FONTE_COORDENADAS":"https://www.openstreetmap.org/relation/315315","ATRIBUICAO_COORDENADAS":"© OpenStreetMap contributors, ODbL 1.0","CAPACIDADE":"15000","CAPACIDADE_FONTE":"Meu Timão","URL_FONTE_CAPACIDADE":"https://www.meutimao.com.br/estadio/coronel_cristiano_osorio/","PAIS_ISO3":"BRA"},"geometry":{"type":"Point","coordinates":[-46.5629017,-21.7848768]}},{"type":"Feature","properties":{"ESTADIO":"Coronel Francisco Vieira","NOME_OFICIAL":null,"CIDADE":"Itapira","ESTADO":"SP","PAIS":"Brasil","LATITUDE":-22.4396355,"LONGITUDE":-46.8312407,"PRIMEIRA_PARTIDA":"seleção de itapira 1 x 7 Corinthians","DATA_PRIMEIRA_PARTIDA":"1998-07-09","ANO_PRIMEIRA_PARTIDA":1998,"ADVERSARIO":"seleção de itapira","PLACAR":"1 x 7","COMPETICAO_PRIMEIRA_PARTIDA":"Amistoso","MANDO_PRIMEIRA_PARTIDA":"Visitante","TOTAL_JOGOS":3,"VITORIAS":3,"EMPATES":0,"DERROTAS":0,"APROVEITAMENTO_PCT":100.0,"GOLS_MARCADOS":21,"GOLS_SOFRIDOS":3,"ESTADIOS_COM_ESTREIA_NA_DECADA":35,"OBSERVACOES":null,"FONTE_PRIMEIRA_PARTIDA":"Meu Timão / Acervo ATLAS1910","DESCRICAO_ORIGINAL":"Primeira partida: seleção de itapira 1 x 7 Corinthians 09/07/1998 - Amistoso","PAIS_ISO3":"BRA"},"geometry":{"type":"Point","coordinates":[-46.8312407,-22.4396355]}},{"type":"Feature","properties":{"ESTADIO":"Cônsul Carlos Renaux","NOME_OFICIAL":null,"CIDADE":"Brusque","ESTADO":"Santa Catarina","PAIS":"Brasil","LATITUDE":-27.1034867,"LONGITUDE":-48.9187094,"PRIMEIRA_PARTIDA":"paysandu de brusque 0 x 0 Corinthians","DATA_PRIMEIRA_PARTIDA":"1982-05-20","ANO_PRIMEIRA_PARTIDA":1982,"ADVERSARIO":"paysandu de brusque","PLACAR":"0 x 0","COMPETICAO_PRIMEIRA_PARTIDA":"Amistoso","MANDO_PRIMEIRA_PARTIDA":"Visitante","TOTAL_JOGOS":2,"VITORIAS":0,"EMPATES":2,"DERROTAS":0,"APROVEITAMENTO_PCT":33.3,"GOLS_MARCADOS":0,"GOLS_SOFRIDOS":0,"ESTADIOS_COM_ESTREIA_NA_DECADA":37,"OBSERVACOES":null,"FONTE_PRIMEIRA_PARTIDA":"Meu Timão / Acervo ATLAS1910","DESCRICAO_ORIGINAL":"Primeira partida: paysandu de brusque 0 x 0 Corinthians 20/05/1982 - Amistoso","FONTE_COORDENADAS":"OpenStreetMap Nominatim (geocodificação reversa)","URL_FONTE_COORDENADAS":"https://www.openstreetmap.org/relation/296588","ATRIBUICAO_COORDENADAS":"© OpenStreetMap contributors, ODbL 1.0","CAPACIDADE":"3000","CAPACIDADE_FONTE":"Meu Timão","URL_FONTE_CAPACIDADE":"https://www.meutimao.com.br/estadio/consul_carlos_renaux/","PAIS_ISO3":"BRA"},"geometry":{"type":"Point","coordinates":[-48.9187094,-27.1034867]}},{"type":"Feature","properties":{"ESTADIO":"Defensores del Chaco","NOME_OFICIAL":null,"CIDADE":"Asunción","ESTADO":null,"PAIS":"Paraguai","LATITUDE":-25.2920837,"LONGITUDE":-57.6574033,"PRIMEIRA_PARTIDA":"seleção paraguaia 4 x 3 Corinthians","DATA_PRIMEIRA_PARTIDA":"1965-02-28","ANO_PRIMEIRA_PARTIDA":1965,"ADVERSARIO":"seleção paraguaia","PLACAR":"4 x 3","COMPETICAO_PRIMEIRA_PARTIDA":"Amistoso","MANDO_PRIMEIRA_PARTIDA":"Visitante","TOTAL_JOGOS":9,"VITORIAS":2,"EMPATES":3,"DERROTAS":4,"APROVEITAMENTO_PCT":33.3,"GOLS_MARCADOS":15,"GOLS_SOFRIDOS":17,"ESTADIOS_COM_ESTREIA_NA_DECADA":56,"OBSERVACOES":null,"FONTE_PRIMEIRA_PARTIDA":"Meu Timão / Acervo ATLAS1910","DESCRICAO_ORIGINAL":"Primeira partida: seleção paraguaia 4 x 3 Corinthians 28/02/1965 - Amistoso","FONTE_COORDENADAS":"OpenStreetMap Nominatim (geocodificação reversa)","URL_FONTE_COORDENADAS":"https://www.openstreetmap.org/relation/3654543","ATRIBUICAO_COORDENADAS":"© OpenStreetMap contributors, ODbL 1.0","CAPACIDADE":"36000","CAPACIDADE_FONTE":"StadiumDB.com","URL_FONTE_CAPACIDADE":"https://stadiumdb.com/stadiums/par/estadio_defensores_del_chaco","PAIS_ISO3":"PRY"},"geometry":{"type":"Point","coordinates":[-57.6574033,-25.2920837]}},{"type":"Feature","properties":{"ESTADIO":"ESPN Wide World of Sports Complex","NOME_OFICIAL":null,"CIDADE":"Condado de Osceola","ESTADO":"Flórida","PAIS":"Estados Unidos","LATITUDE":28.3381102,"LONGITUDE":-81.5563845,"PRIMEIRA_PARTIDA":"colônia 1 x 0 Corinthians","DATA_PRIMEIRA_PARTIDA":"2015-01-15","ANO_PRIMEIRA_PARTIDA":2015,"ADVERSARIO":"colônia","PLACAR":"1 x 0","COMPETICAO_PRIMEIRA_PARTIDA":"Florida Cup","MANDO_PRIMEIRA_PARTIDA":"Mandante","TOTAL_JOGOS":4,"VITORIAS":2,"EMPATES":0,"DERROTAS":2,"APROVEITAMENTO_PCT":50.0,"GOLS_MARCADOS":6,"GOLS_SOFRIDOS":6,"ESTADIOS_COM_ESTREIA_NA_DECADA":31,"OBSERVACOES":null,"FONTE_PRIMEIRA_PARTIDA":"Meu Timão / Acervo ATLAS1910","DESCRICAO_ORIGINAL":"Primeira partida: colônia 1 x 0 Corinthians 15/01/2015 - Florida Cup","FONTE_COORDENADAS":"OpenStreetMap Nominatim (geocodificação reversa)","URL_FONTE_COORDENADAS":"https://www.openstreetmap.org/relation/389023","ATRIBUICAO_COORDENADAS":"© OpenStreetMap contributors, ODbL 1.0","PAIS_ISO3":"USA"},"geometry":{"type":"Point","coordinates":[-81.5563845,28.3381102]}},{"type":"Feature","properties":{"ESTADIO":"Douradão","NOME_OFICIAL":null,"CIDADE":"Dourados","ESTADO":"Mato Grosso do Sul","PAIS":"Brasil","LATITUDE":-22.2441952,"LONGITUDE":-54.7819643,"PRIMEIRA_PARTIDA":"ubiratan de dourados 0 x 1 Corinthians","DATA_PRIMEIRA_PARTIDA":"1999-02-03","ANO_PRIMEIRA_PARTIDA":1999,"ADVERSARIO":"ubiratan de dourados","PLACAR":"0 x 1","COMPETICAO_PRIMEIRA_PARTIDA":"Copa do Brasil","MANDO_PRIMEIRA_PARTIDA":"Visitante","TOTAL_JOGOS":2,"VITORIAS":2,"EMPATES":0,"DERROTAS":0,"APROVEITAMENTO_PCT":100.0,"GOLS_MARCADOS":2,"GOLS_SOFRIDOS":0,"ESTADIOS_COM_ESTREIA_NA_DECADA":35,"OBSERVACOES":null,"FONTE_PRIMEIRA_PARTIDA":"Meu Timão / Acervo ATLAS1910","DESCRICAO_ORIGINAL":"Primeira partida: ubiratan de dourados 0 x 1 Corinthians 03/02/1999 - Copa do Brasil","FONTE_COORDENADAS":"OpenStreetMap Nominatim (geocodificação reversa)","URL_FONTE_COORDENADAS":"https://www.openstreetmap.org/relation/334017","ATRIBUICAO_COORDENADAS":"© OpenStreetMap contributors, ODbL 1.0","CAPACIDADE":"30000","CAPACIDADE_FONTE":"Meu Timão","URL_FONTE_CAPACIDADE":"https://www.meutimao.com.br/estadio/douradao/","PAIS_ISO3":"BRA"},"geometry":{"type":"Point","coordinates":[-54.7819643,-22.2441952]}},{"type":"Feature","properties":{"ESTADIO":"Dr. Acrísio Paes Cruz","NOME_OFICIAL":"Referência: https://www.asmilcamisas.com.br/2011/11/21/botucatu/","CIDADE":"Botucatu","ESTADO":"São Paulo","PAIS":"Brasil","LATITUDE":-22.8767099,"LONGITUDE":-48.4469638,"PRIMEIRA_PARTIDA":"ferroviária de botucatu 0 x 4 Corinthians","DATA_PRIMEIRA_PARTIDA":"1964-05-16","ANO_PRIMEIRA_PARTIDA":1964,"ADVERSARIO":"ferroviária de botucatu","PLACAR":"0 x 4","COMPETICAO_PRIMEIRA_PARTIDA":"Amistoso","MANDO_PRIMEIRA_PARTIDA":"Visitante","TOTAL_JOGOS":1,"VITORIAS":1,"EMPATES":0,"DERROTAS":0,"APROVEITAMENTO_PCT":100.0,"GOLS_MARCADOS":4,"GOLS_SOFRIDOS":0,"ESTADIOS_COM_ESTREIA_NA_DECADA":56,"OBSERVACOES":null,"FONTE_PRIMEIRA_PARTIDA":"https://www.asmilcamisas.com.br/2011/11/21/botucatu/","DESCRICAO_ORIGINAL":"Referência: https://www.asmilcamisas.com.br/2011/11/21/botucatu/<br><br>Primeira partida: ferroviária de botucatu 0 x 4 Corinthians 16/05/1964 - Amistoso","FONTE_COORDENADAS":"OpenStreetMap Nominatim (geocodificação reversa)","URL_FONTE_COORDENADAS":"https://www.openstreetmap.org/relation/297987","ATRIBUICAO_COORDENADAS":"© OpenStreetMap contributors, ODbL 1.0","PAIS_ISO3":"BRA"},"geometry":{"type":"Point","coordinates":[-48.4469638,-22.8767099]}},{"type":"Feature","properties":{"ESTADIO":"Downing Stadium","NOME_OFICIAL":"Estadio demolido em 2002, dando espaço ao atual Icahn Stadium","CIDADE":"Nova Iorque","ESTADO":"Nova Iorque","PAIS":"Estados Unidos","LATITUDE":40.7929773,"LONGITUDE":-73.9244123,"PRIMEIRA_PARTIDA":"river Plate - ARG 1 x 1 Corinthians","DATA_PRIMEIRA_PARTIDA":"1969-08-02","ANO_PRIMEIRA_PARTIDA":1969,"ADVERSARIO":"river Plate - ARG","PLACAR":"1 x 1","COMPETICAO_PRIMEIRA_PARTIDA":"Troféu Apolo V","MANDO_PRIMEIRA_PARTIDA":"Visitante","TOTAL_JOGOS":2,"VITORIAS":0,"EMPATES":2,"DERROTAS":0,"APROVEITAMENTO_PCT":33.3,"GOLS_MARCADOS":2,"GOLS_SOFRIDOS":2,"ESTADIOS_COM_ESTREIA_NA_DECADA":56,"OBSERVACOES":null,"FONTE_PRIMEIRA_PARTIDA":"Meu Timão / Acervo ATLAS1910","DESCRICAO_ORIGINAL":"Estadio demolido em 2002, dando espaço ao atual Icahn Stadium<br><br>Primeira partida: river Plate - ARG 1 x 1 Corinthians 02/08/1969 - Troféu Apolo V","FONTE_COORDENADAS":"OpenStreetMap Nominatim (geocodificação reversa)","URL_FONTE_COORDENADAS":"https://www.openstreetmap.org/relation/8398124","ATRIBUICAO_COORDENADAS":"© OpenStreetMap contributors, ODbL 1.0","CAPACIDADE":"22000","CAPACIDADE_FONTE":"Meu Timão","URL_FONTE_CAPACIDADE":"https://www.meutimao.com.br/estadio/downing_stadium/","PAIS_ISO3":"USA"},"geometry":{"type":"Point","coordinates":[-73.9244123,40.7929773]}},{"type":"Feature","properties":{"ESTADIO":"Décio Vitta (Rio Brancão)","NOME_OFICIAL":null,"CIDADE":"Americana","ESTADO":"São Paulo","PAIS":"Brasil","LATITUDE":-22.7342966,"LONGITUDE":-47.3479018,"PRIMEIRA_PARTIDA":"RIO BRANCO 5x4 CORINTHIANS","DATA_PRIMEIRA_PARTIDA":"1950-03-19","ANO_PRIMEIRA_PARTIDA":1950,"ADVERSARIO":"RIO BRANCO","PLACAR":"5x4","COMPETICAO_PRIMEIRA_PARTIDA":"Amistosos 1950","MANDO_PRIMEIRA_PARTIDA":"Visitante","TOTAL_JOGOS":9,"VITORIAS":3,"EMPATES":3,"DERROTAS":3,"APROVEITAMENTO_PCT":44.4,"GOLS_MARCADOS":17,"GOLS_SOFRIDOS":13,"ESTADIOS_COM_ESTREIA_NA_DECADA":72,"OBSERVACOES":null,"FONTE_PRIMEIRA_PARTIDA":"https://www.meutimao.com.br/jogo/5822/amistosos-1950/amistoso/rio_branco-5-x-4-corinthians","DESCRICAO_ORIGINAL":"Primeira partida: rio branco de americana 0 x 0 Corinthians 11/02/1993 - Paulista","FONTE_COORDENADAS":"OpenStreetMap Nominatim (geocodificação reversa)","URL_FONTE_COORDENADAS":"https://www.openstreetmap.org/relation/297977","ATRIBUICAO_COORDENADAS":"© OpenStreetMap contributors, ODbL 1.0","PAIS_ISO3":"BRA"},"geometry":{"type":"Point","coordinates":[-47.3479018,-22.7342966]}},{"type":"Feature","properties":{"ESTADIO":"Ipatingão","NOME_OFICIAL":"Estádio Municipal João Lamego Neto","CIDADE":"Ipatinga","ESTADO":"Minas Gerais","PAIS":"Brasil","LATITUDE":-19.4710319,"LONGITUDE":-42.541674,"PRIMEIRA_PARTIDA":"cruzeiro 0 x 2 Corinthians","DATA_PRIMEIRA_PARTIDA":"2001-08-22","ANO_PRIMEIRA_PARTIDA":2001,"ADVERSARIO":"cruzeiro","PLACAR":"0 x 2","COMPETICAO_PRIMEIRA_PARTIDA":"Copa Mercosul","MANDO_PRIMEIRA_PARTIDA":"Visitante","TOTAL_JOGOS":2,"VITORIAS":2,"EMPATES":0,"DERROTAS":0,"APROVEITAMENTO_PCT":100.0,"GOLS_MARCADOS":4,"GOLS_SOFRIDOS":0,"ESTADIOS_COM_ESTREIA_NA_DECADA":21,"OBSERVACOES":null,"FONTE_PRIMEIRA_PARTIDA":"Meu Timão / Acervo ATLAS1910","DESCRICAO_ORIGINAL":"Estádio Municipal João Lamego Neto<br><br>Primeira partida: cruzeiro 0 x 2 Corinthians 22/08/2001 - Copa Mercosul","FONTE_COORDENADAS":"OpenStreetMap Nominatim (geocodificação reversa)","URL_FONTE_COORDENADAS":"https://www.openstreetmap.org/relation/314741","ATRIBUICAO_COORDENADAS":"© OpenStreetMap contributors, ODbL 1.0","CAPACIDADE":"20500","CAPACIDADE_FONTE":"Meu Timão","URL_FONTE_CAPACIDADE":"https://www.meutimao.com.br/estadio/ipatingao/","PAIS_ISO3":"BRA"},"geometry":{"type":"Point","coordinates":[-42.541674,-19.4710319]}},{"type":"Feature","properties":{"ESTADIO":"Raulino de Oliveira","NOME_OFICIAL":"General Sylvio Raulino de Oliveira","CIDADE":"Volta Redonda","ESTADO":"Rio de Janeiro","PAIS":"Brasil","LATITUDE":-22.5083419,"LONGITUDE":-44.0968421,"PRIMEIRA_PARTIDA":"fluminense 0 x 2 Corinthians","DATA_PRIMEIRA_PARTIDA":"2005-10-05","ANO_PRIMEIRA_PARTIDA":2005,"ADVERSARIO":"fluminense","PLACAR":"0 x 2","COMPETICAO_PRIMEIRA_PARTIDA":"Brasileiro","MANDO_PRIMEIRA_PARTIDA":"Visitante","TOTAL_JOGOS":4,"VITORIAS":4,"EMPATES":0,"DERROTAS":0,"APROVEITAMENTO_PCT":100.0,"GOLS_MARCADOS":6,"GOLS_SOFRIDOS":0,"ESTADIOS_COM_ESTREIA_NA_DECADA":21,"OBSERVACOES":null,"FONTE_PRIMEIRA_PARTIDA":"Meu Timão / Acervo ATLAS1910","DESCRICAO_ORIGINAL":"General Sylvio Raulino de Oliveira<br><br>Primeira partida: fluminense 0 x 2 Corinthians 05/10/2005 -  Brasileiro","FONTE_COORDENADAS":"OpenStreetMap Nominatim (geocodificação reversa)","URL_FONTE_COORDENADAS":"https://www.openstreetmap.org/relation/2217382","ATRIBUICAO_COORDENADAS":"© OpenStreetMap contributors, ODbL 1.0","CAPACIDADE":"21000","CAPACIDADE_FONTE":"StadiumDB.com","URL_FONTE_CAPACIDADE":"https://stadiumdb.com/stadiums/bra/estadio_raulino_oliveira","PAIS_ISO3":"BRA"},"geometry":{"type":"Point","coordinates":[-44.0968421,-22.5083419]}},{"type":"Feature","properties":{"ESTADIO":"El Campín","NOME_OFICIAL":"Estádio distrital nemesio camacho","CIDADE":"Bogotá","ESTADO":"Bogota, Capital District","PAIS":"Colombia","LATITUDE":4.6458552,"LONGITUDE":-74.0773771,"PRIMEIRA_PARTIDA":"milionarios - COL 1 x 0 Corinthians","DATA_PRIMEIRA_PARTIDA":"1954-02-28","ANO_PRIMEIRA_PARTIDA":1954,"ADVERSARIO":"milionarios - COL","PLACAR":"1 x 0","COMPETICAO_PRIMEIRA_PARTIDA":"Troféu Maria Eugênia Rojas","MANDO_PRIMEIRA_PARTIDA":"Visitante","TOTAL_JOGOS":24,"VITORIAS":6,"EMPATES":12,"DERROTAS":6,"APROVEITAMENTO_PCT":41.7,"GOLS_MARCADOS":28,"GOLS_SOFRIDOS":30,"ESTADIOS_COM_ESTREIA_NA_DECADA":72,"OBSERVACOES":null,"FONTE_PRIMEIRA_PARTIDA":"Meu Timão / Acervo ATLAS1910","DESCRICAO_ORIGINAL":"Estádio distrital nemesio camacho<br><br>Primeira partida: milionarios - COL 1 x 0 Corinthians 28/02/1954 - Troféu Maria Eugênia Rojas","FONTE_COORDENADAS":"OpenStreetMap Nominatim (geocodificação reversa)","URL_FONTE_COORDENADAS":"https://www.openstreetmap.org/relation/2216632","ATRIBUICAO_COORDENADAS":"© OpenStreetMap contributors, ODbL 1.0","CAPACIDADE":"36343","CAPACIDADE_FONTE":"Meu Timão","URL_FONTE_CAPACIDADE":"https://www.meutimao.com.br/estadio/el_campin/","PAIS_ISO3":"COL","FONTE_CORRECAO_PAIS":"https://data.geocode.earth/wof/dist/legacy/whosonfirst-data-country-latest.tar.bz2"},"geometry":{"type":"Point","coordinates":[-74.0773771,4.6458552]}},{"type":"Feature","properties":{"ESTADIO":"El Cilindro","NOME_OFICIAL":"Estadio Presidente Perón","CIDADE":"Avellaneda","ESTADO":"Buenos Aires","PAIS":"Argentina","LATITUDE":-34.667737,"LONGITUDE":-58.3682195,"PRIMEIRA_PARTIDA":"RACING CLUB 1x0 CORINTHIANS","DATA_PRIMEIRA_PARTIDA":"1998-09-29","ANO_PRIMEIRA_PARTIDA":1998,"ADVERSARIO":"RACING CLUB","PLACAR":"1x0","COMPETICAO_PRIMEIRA_PARTIDA":"Copa Mercosul 1998","MANDO_PRIMEIRA_PARTIDA":"Visitante","TOTAL_JOGOS":8,"VITORIAS":0,"EMPATES":4,"DERROTAS":4,"APROVEITAMENTO_PCT":16.7,"GOLS_MARCADOS":4,"GOLS_SOFRIDOS":8,"ESTADIOS_COM_ESTREIA_NA_DECADA":35,"OBSERVACOES":null,"FONTE_PRIMEIRA_PARTIDA":"https://www.meutimao.com.br/jogo/2307/copa-mercosul-1998/racing_club-1-x-0-corinthians","DESCRICAO_ORIGINAL":"Estadio Presidente Perón<br><br>Primeira partida: racing 1 x 0 Corinthians 29/02/1998 - Copa Mercosul","FONTE_COORDENADAS":"OpenStreetMap Nominatim (geocodificação reversa)","URL_FONTE_COORDENADAS":"https://www.openstreetmap.org/relation/2149189","ATRIBUICAO_COORDENADAS":"© OpenStreetMap contributors, ODbL 1.0","CAPACIDADE":"42500","CAPACIDADE_FONTE":"StadiumDB.com","URL_FONTE_CAPACIDADE":"https://stadiumdb.com/stadiums/arg/estadio_presidente_peron","PAIS_ISO3":"ARG","FONTE_CORRECAO_PAIS":"https://data.geocode.earth/wof/dist/legacy/whosonfirst-data-country-latest.tar.bz2"},"geometry":{"type":"Point","coordinates":[-58.3682195,-34.667737]}},{"type":"Feature","properties":{"ESTADIO":"El Cobre","NOME_OFICIAL":null,"CIDADE":"Diego de Almagro","ESTADO":"Atacama Region","PAIS":"Chile","LATITUDE":-26.251913,"LONGITUDE":-69.6287103,"PRIMEIRA_PARTIDA":"cobresal 0 x 1 Corinthians","DATA_PRIMEIRA_PARTIDA":"2016-02-17","ANO_PRIMEIRA_PARTIDA":2016,"ADVERSARIO":"cobresal","PLACAR":"0 x 1","COMPETICAO_PRIMEIRA_PARTIDA":"Libertadores","MANDO_PRIMEIRA_PARTIDA":"Visitante","TOTAL_JOGOS":2,"VITORIAS":2,"EMPATES":0,"DERROTAS":0,"APROVEITAMENTO_PCT":100.0,"GOLS_MARCADOS":2,"GOLS_SOFRIDOS":0,"ESTADIOS_COM_ESTREIA_NA_DECADA":31,"OBSERVACOES":null,"FONTE_PRIMEIRA_PARTIDA":"Meu Timão / Acervo ATLAS1910","DESCRICAO_ORIGINAL":"Primeira partida: cobresal 0 x 1 Corinthians 17/02/2016 - Libertadores","FONTE_COORDENADAS":"OpenStreetMap Nominatim (geocodificação reversa)","URL_FONTE_COORDENADAS":"https://www.openstreetmap.org/relation/295896","ATRIBUICAO_COORDENADAS":"© OpenStreetMap contributors, ODbL 1.0","CAPACIDADE":"20752","CAPACIDADE_FONTE":"Meu Timão","URL_FONTE_CAPACIDADE":"https://www.meutimao.com.br/estadio/el_cobre/","PAIS_ISO3":"CHL","FONTE_CORRECAO_PAIS":"https://data.geocode.earth/wof/dist/legacy/whosonfirst-data-country-latest.tar.bz2"},"geometry":{"type":"Point","coordinates":[-69.6287103,-26.251913]}},{"type":"Feature","properties":{"ESTADIO":"El Egido","NOME_OFICIAL":"Alejandro Serrano Aguilar","CIDADE":"Cuenca","ESTADO":"Azuay","PAIS":"Equador","LATITUDE":-2.9067434,"LONGITUDE":-79.0055218,"PRIMEIRA_PARTIDA":"deportivo cuenca 2 x 1 Corinthians","DATA_PRIMEIRA_PARTIDA":"1977-04-13","ANO_PRIMEIRA_PARTIDA":1977,"ADVERSARIO":"deportivo cuenca","PLACAR":"2 x 1","COMPETICAO_PRIMEIRA_PARTIDA":"Libertadores","MANDO_PRIMEIRA_PARTIDA":"Visitante","TOTAL_JOGOS":3,"VITORIAS":0,"EMPATES":0,"DERROTAS":3,"APROVEITAMENTO_PCT":0.0,"GOLS_MARCADOS":3,"GOLS_SOFRIDOS":6,"ESTADIOS_COM_ESTREIA_NA_DECADA":44,"OBSERVACOES":null,"FONTE_PRIMEIRA_PARTIDA":"Meu Timão / Acervo ATLAS1910","DESCRICAO_ORIGINAL":"Alejandro Serrano Aguilar<br><br>Primeira partida: deportivo cuenca 2 x 1 Corinthians 13/04/1977 - Libertadores","FONTE_COORDENADAS":"OpenStreetMap Nominatim (geocodificação reversa)","URL_FONTE_COORDENADAS":"https://www.openstreetmap.org/node/9911249241","ATRIBUICAO_COORDENADAS":"© OpenStreetMap contributors, ODbL 1.0","PAIS_ISO3":"ECU"},"geometry":{"type":"Point","coordinates":[-79.0055218,-2.9067434]}},{"type":"Feature","properties":{"ESTADIO":"El Fortín","NOME_OFICIAL":"Estádio José Amalfitani","CIDADE":"Buenos Aires","ESTADO":"Autonomous City of Buenos Aires","PAIS":"Argentina","LATITUDE":-34.635406,"LONGITUDE":-58.5206968,"PRIMEIRA_PARTIDA":"velez sarsfield 0 x 3 Corinthians","DATA_PRIMEIRA_PARTIDA":"1999-08-10","ANO_PRIMEIRA_PARTIDA":1999,"ADVERSARIO":"velez sarsfield","PLACAR":"0 x 3","COMPETICAO_PRIMEIRA_PARTIDA":"Mercosul","MANDO_PRIMEIRA_PARTIDA":"Visitante","TOTAL_JOGOS":1,"VITORIAS":1,"EMPATES":0,"DERROTAS":0,"APROVEITAMENTO_PCT":100.0,"GOLS_MARCADOS":3,"GOLS_SOFRIDOS":0,"ESTADIOS_COM_ESTREIA_NA_DECADA":35,"OBSERVACOES":null,"FONTE_PRIMEIRA_PARTIDA":"Meu Timão / Acervo ATLAS1910","DESCRICAO_ORIGINAL":"Estádio José Amalfitani<br><br>Primeira partida: velez sarsfield 0 x 3 Corinthians 10/08/1999 - Mercosul","FONTE_COORDENADAS":"OpenStreetMap Nominatim (geocodificação reversa)","URL_FONTE_COORDENADAS":"https://www.openstreetmap.org/relation/1224652","ATRIBUICAO_COORDENADAS":"© OpenStreetMap contributors, ODbL 1.0","CAPACIDADE":"49540","CAPACIDADE_FONTE":"StadiumDB.com","URL_FONTE_CAPACIDADE":"https://stadiumdb.com/stadiums/arg/estadio_jose_amalfitani","PAIS_ISO3":"ARG","FONTE_CORRECAO_PAIS":"https://data.geocode.earth/wof/dist/legacy/whosonfirst-data-country-latest.tar.bz2"},"geometry":{"type":"Point","coordinates":[-58.5206968,-34.635406]}},{"type":"Feature","properties":{"ESTADIO":"El Vivero","NOME_OFICIAL":"Ciudad Deportiva del Viejo Vivero","CIDADE":"Badajoz","ESTADO":"Estremadura","PAIS":"Spain","LATITUDE":38.8856703,"LONGITUDE":-6.99287789999994,"PRIMEIRA_PARTIDA":"SPORTING GIJÓN 2x0 CORINTHIANS","DATA_PRIMEIRA_PARTIDA":"1972-06-28","ANO_PRIMEIRA_PARTIDA":1972,"ADVERSARIO":"SPORTING GIJÓN","PLACAR":"2x0","COMPETICAO_PRIMEIRA_PARTIDA":"Troféu Ibérico 1972","MANDO_PRIMEIRA_PARTIDA":"Visitante","TOTAL_JOGOS":4,"VITORIAS":2,"EMPATES":0,"DERROTAS":2,"APROVEITAMENTO_PCT":50.0,"GOLS_MARCADOS":6,"GOLS_SOFRIDOS":6,"ESTADIOS_COM_ESTREIA_NA_DECADA":44,"OBSERVACOES":"Localização exata não encontrada | O clube CD Badajoz usou o estádio até 1999 quando foi para o Nuevo Vivero (https://espanaestadios.com/2018/08/25/badajoz-el-vivero/, https://en.wikipedia.org/wiki/Estadio_N","FONTE_PRIMEIRA_PARTIDA":"https://www.meutimao.com.br/jogo/4200/trofeu-iberico-1972/sporting_gijon-2-x-0-corinthians","DESCRICAO_ORIGINAL":"Ciudad Deportiva del Viejo Vivero<br>Localização exata não encontrada<br><br>O clube CD Badajoz usou o estádio até 1999 quando foi para o Nuevo Vivero (https://espanaestadios.com/2018/08/25/badajoz-el-vivero/, https://en.wikipedia.org/wiki/Estadio_N","FONTE_COORDENADAS":"OpenStreetMap Nominatim (geocodificação reversa)","URL_FONTE_COORDENADAS":"https://www.openstreetmap.org/relation/342316","ATRIBUICAO_COORDENADAS":"© OpenStreetMap contributors, ODbL 1.0","CAPACIDADE":"14175","CAPACIDADE_FONTE":"Meu Timão","URL_FONTE_CAPACIDADE":"https://www.meutimao.com.br/estadio/el_vivero/","PAIS_ISO3":"ESP","FONTE_CORRECAO_PAIS":"https://data.geocode.earth/wof/dist/legacy/whosonfirst-data-country-latest.tar.bz2"},"geometry":{"type":"Point","coordinates":[-6.99287789999994,38.8856703]}},{"type":"Feature","properties":{"ESTADIO":"Engenheiro Araripe","NOME_OFICIAL":"Estádio Engenheiro Alencar Araripe","CIDADE":"Cariacica","ESTADO":"Espírito Santo","PAIS":"Brasil","LATITUDE":-20.3340616,"LONGITUDE":-40.3561167,"PRIMEIRA_PARTIDA":"rio branco-ES 2 x 0 Corinthians","DATA_PRIMEIRA_PARTIDA":"1970-12-13","ANO_PRIMEIRA_PARTIDA":1970,"ADVERSARIO":"rio branco-ES","PLACAR":"2 x 0","COMPETICAO_PRIMEIRA_PARTIDA":"Amistoso","MANDO_PRIMEIRA_PARTIDA":"Visitante","TOTAL_JOGOS":4,"VITORIAS":2,"EMPATES":0,"DERROTAS":2,"APROVEITAMENTO_PCT":50.0,"GOLS_MARCADOS":2,"GOLS_SOFRIDOS":4,"ESTADIOS_COM_ESTREIA_NA_DECADA":44,"OBSERVACOES":null,"FONTE_PRIMEIRA_PARTIDA":"Meu Timão / Acervo ATLAS1910","DESCRICAO_ORIGINAL":"Estádio Engenheiro Alencar Araripe<br><br>Primeira partida: rio branco-ES 2 x 0 Corinthians 13/12/1970 - Amistoso","FONTE_COORDENADAS":"OpenStreetMap Nominatim (geocodificação reversa)","URL_FONTE_COORDENADAS":"https://www.openstreetmap.org/relation/1825819","ATRIBUICAO_COORDENADAS":"© OpenStreetMap contributors, ODbL 1.0","CAPACIDADE":"7700","CAPACIDADE_FONTE":"Meu Timão","URL_FONTE_CAPACIDADE":"https://www.meutimao.com.br/estadio/engenheiro_araripe/","PAIS_ISO3":"BRA"},"geometry":{"type":"Point","coordinates":[-40.3561167,-20.3340616]}},{"type":"Feature","properties":{"ESTADIO":"Engº Péricles D'Ávila Mendes","NOME_OFICIAL":"DERAC","CIDADE":"Itapetininga","ESTADO":"São Paulo","PAIS":"Brasil","LATITUDE":-23.5888363,"LONGITUDE":-48.0553569,"PRIMEIRA_PARTIDA":"derac 1 x 2 Corinthians","DATA_PRIMEIRA_PARTIDA":"1961-05-21","ANO_PRIMEIRA_PARTIDA":1961,"ADVERSARIO":"derac","PLACAR":"1 x 2","COMPETICAO_PRIMEIRA_PARTIDA":"Amistoso","MANDO_PRIMEIRA_PARTIDA":"Visitante","TOTAL_JOGOS":1,"VITORIAS":1,"EMPATES":0,"DERROTAS":0,"APROVEITAMENTO_PCT":100.0,"GOLS_MARCADOS":2,"GOLS_SOFRIDOS":1,"ESTADIOS_COM_ESTREIA_NA_DECADA":56,"OBSERVACOES":null,"FONTE_PRIMEIRA_PARTIDA":"Meu Timão / Acervo ATLAS1910","DESCRICAO_ORIGINAL":"DERAC<br><br>Primeira partida: derac 1 x 2 Corinthians 21/05/1961 - Amistoso","FONTE_COORDENADAS":"OpenStreetMap Nominatim (geocodificação reversa)","URL_FONTE_COORDENADAS":"https://www.openstreetmap.org/relation/298289","ATRIBUICAO_COORDENADAS":"© OpenStreetMap contributors, ODbL 1.0","PAIS_ISO3":"BRA"},"geometry":{"type":"Point","coordinates":[-48.0553569,-23.5888363]}},{"type":"Feature","properties":{"ESTADIO":"Engenhão","NOME_OFICIAL":"Estádio Nilton Santos","CIDADE":"Rio de Janeiro","ESTADO":"Rio de Janeiro","PAIS":"Brasil","LATITUDE":-22.8932749,"LONGITUDE":-43.2923128,"PRIMEIRA_PARTIDA":"botafogo 2 x 1 Corinthians","DATA_PRIMEIRA_PARTIDA":"2008-05-20","ANO_PRIMEIRA_PARTIDA":2008,"ADVERSARIO":"botafogo","PLACAR":"2 x 1","COMPETICAO_PRIMEIRA_PARTIDA":"Copa do brasil","MANDO_PRIMEIRA_PARTIDA":"Visitante","TOTAL_JOGOS":40,"VITORIAS":8,"EMPATES":14,"DERROTAS":18,"APROVEITAMENTO_PCT":31.7,"GOLS_MARCADOS":46,"GOLS_SOFRIDOS":56,"ESTADIOS_COM_ESTREIA_NA_DECADA":21,"OBSERVACOES":null,"FONTE_PRIMEIRA_PARTIDA":"Meu Timão / Acervo ATLAS1910","DESCRICAO_ORIGINAL":"Estádio Nilton Santos<br><br>Primeira partida: botafogo 2 x 1 Corinthians 20/05/2008 - Copa do brasil","FONTE_COORDENADAS":"OpenStreetMap Nominatim (geocodificação reversa)","URL_FONTE_COORDENADAS":"https://www.openstreetmap.org/relation/2697338","ATRIBUICAO_COORDENADAS":"© OpenStreetMap contributors, ODbL 1.0","CAPACIDADE":"44661","CAPACIDADE_FONTE":"StadiumDB.com","URL_FONTE_CAPACIDADE":"https://stadiumdb.com/stadiums/bra/engenhao","PAIS_ISO3":"BRA"},"geometry":{"type":"Point","coordinates":[-43.2923128,-22.8932749]}},{"type":"Feature","properties":{"ESTADIO":"Ernestão","NOME_OFICIAL":"Estádio Ernesto Schlemm Sobrinho - Ernestão","CIDADE":"Joinville","ESTADO":"Santa Catarina","PAIS":"Brasil","LATITUDE":-26.3186757,"LONGITUDE":-48.8437322,"PRIMEIRA_PARTIDA":"américa de joinville 1 x 1 Corinthians","DATA_PRIMEIRA_PARTIDA":"1969-07-20","ANO_PRIMEIRA_PARTIDA":1969,"ADVERSARIO":"américa de joinville","PLACAR":"1 x 1","COMPETICAO_PRIMEIRA_PARTIDA":"Amistoso","MANDO_PRIMEIRA_PARTIDA":"Visitante","TOTAL_JOGOS":12,"VITORIAS":2,"EMPATES":4,"DERROTAS":6,"APROVEITAMENTO_PCT":27.8,"GOLS_MARCADOS":12,"GOLS_SOFRIDOS":16,"ESTADIOS_COM_ESTREIA_NA_DECADA":56,"OBSERVACOES":null,"FONTE_PRIMEIRA_PARTIDA":"Meu Timão / Acervo ATLAS1910","DESCRICAO_ORIGINAL":"Estádio Ernesto Schlemm Sobrinho - Ernestão<br><br>Primeira partida: américa de joinville 1 x 1 Corinthians 20/07/1969 - Amistoso","FONTE_COORDENADAS":"OpenStreetMap Nominatim (geocodificação reversa)","URL_FONTE_COORDENADAS":"https://www.openstreetmap.org/relation/296650","ATRIBUICAO_COORDENADAS":"© OpenStreetMap contributors, ODbL 1.0","CAPACIDADE":"5000","CAPACIDADE_FONTE":"Meu Timão","URL_FONTE_CAPACIDADE":"https://www.meutimao.com.br/estadio/ernestao/","PAIS_ISO3":"BRA"},"geometry":{"type":"Point","coordinates":[-48.8437322,-26.3186757]}},{"type":"Feature","properties":{"ESTADIO":"Estádio Azteca","NOME_OFICIAL":null,"CIDADE":"Cidade do México","ESTADO":"Cidade do México","PAIS":"Mexico","LATITUDE":19.3028607,"LONGITUDE":-99.1505277,"PRIMEIRA_PARTIDA":"américa 2 x 0 Corinthians","DATA_PRIMEIRA_PARTIDA":"2000-02-16","ANO_PRIMEIRA_PARTIDA":2000,"ADVERSARIO":"américa","PLACAR":"2 x 0","COMPETICAO_PRIMEIRA_PARTIDA":"Libertadors","MANDO_PRIMEIRA_PARTIDA":"Visitante","TOTAL_JOGOS":2,"VITORIAS":0,"EMPATES":0,"DERROTAS":2,"APROVEITAMENTO_PCT":0.0,"GOLS_MARCADOS":0,"GOLS_SOFRIDOS":4,"ESTADIOS_COM_ESTREIA_NA_DECADA":21,"OBSERVACOES":null,"FONTE_PRIMEIRA_PARTIDA":"Meu Timão / Acervo ATLAS1910","DESCRICAO_ORIGINAL":"Primeira partida: américa 2 x 0 Corinthians 16/02/2000 - Libertadors","FONTE_COORDENADAS":"OpenStreetMap Nominatim (geocodificação reversa)","URL_FONTE_COORDENADAS":"https://www.openstreetmap.org/relation/17483459","ATRIBUICAO_COORDENADAS":"© OpenStreetMap contributors, ODbL 1.0","CAPACIDADE":"87523","CAPACIDADE_FONTE":"Meu Timão","URL_FONTE_CAPACIDADE":"https://www.meutimao.com.br/estadio/estadio_azteca/","PAIS_ISO3":"MEX","FONTE_CORRECAO_PAIS":"https://data.geocode.earth/wof/dist/legacy/whosonfirst-data-country-latest.tar.bz2"},"geometry":{"type":"Point","coordinates":[-99.1505277,19.3028607]}},{"type":"Feature","properties":{"ESTADIO":"Estádio Azul","NOME_OFICIAL":null,"CIDADE":"Cidade do México","ESTADO":"Cidade do México","PAIS":"Mexico","LATITUDE":19.3834469,"LONGITUDE":-99.1782654,"PRIMEIRA_PARTIDA":"cruz azul 3 x 0 Corinthians","DATA_PRIMEIRA_PARTIDA":"2003-03-26","ANO_PRIMEIRA_PARTIDA":2003,"ADVERSARIO":"cruz azul","PLACAR":"3 x 0","COMPETICAO_PRIMEIRA_PARTIDA":"LIbertadores","MANDO_PRIMEIRA_PARTIDA":"Visitante","TOTAL_JOGOS":4,"VITORIAS":0,"EMPATES":2,"DERROTAS":2,"APROVEITAMENTO_PCT":16.7,"GOLS_MARCADOS":0,"GOLS_SOFRIDOS":6,"ESTADIOS_COM_ESTREIA_NA_DECADA":21,"OBSERVACOES":null,"FONTE_PRIMEIRA_PARTIDA":"Meu Timão / Acervo ATLAS1910","DESCRICAO_ORIGINAL":"Primeira partida:  cruz azul 3 x 0 Corinthians 26/03/2003 - LIbertadores","FONTE_COORDENADAS":"OpenStreetMap Nominatim (geocodificação reversa)","URL_FONTE_COORDENADAS":"https://www.openstreetmap.org/relation/17483459","ATRIBUICAO_COORDENADAS":"© OpenStreetMap contributors, ODbL 1.0","CAPACIDADE":"35161","CAPACIDADE_FONTE":"Meu Timão","URL_FONTE_CAPACIDADE":"https://www.meutimao.com.br/estadio/estadio_azul/","PAIS_ISO3":"MEX","FONTE_CORRECAO_PAIS":"https://data.geocode.earth/wof/dist/legacy/whosonfirst-data-country-latest.tar.bz2"},"geometry":{"type":"Point","coordinates":[-99.1782654,19.3834469]}},{"type":"Feature","properties":{"ESTADIO":"Metropolitano de Fútbol de Lara","NOME_OFICIAL":null,"CIDADE":"Cabudare","ESTADO":"Lara State","PAIS":"Venezuela","LATITUDE":9.99353,"LONGITUDE":-69.2201603,"PRIMEIRA_PARTIDA":"deportivo lara 2 x 7 Corinthians","DATA_PRIMEIRA_PARTIDA":"2018-05-17","ANO_PRIMEIRA_PARTIDA":2018,"ADVERSARIO":"deportivo lara","PLACAR":"2 x 7","COMPETICAO_PRIMEIRA_PARTIDA":"Libertadores","MANDO_PRIMEIRA_PARTIDA":"Visitante","TOTAL_JOGOS":2,"VITORIAS":2,"EMPATES":0,"DERROTAS":0,"APROVEITAMENTO_PCT":100.0,"GOLS_MARCADOS":9,"GOLS_SOFRIDOS":2,"ESTADIOS_COM_ESTREIA_NA_DECADA":31,"OBSERVACOES":null,"FONTE_PRIMEIRA_PARTIDA":"Meu Timão / Acervo ATLAS1910","DESCRICAO_ORIGINAL":"Primeira partida: deportivo lara 2 x 7 Corinthians 17/05/2018 - Libertadores","FONTE_COORDENADAS":"OpenStreetMap Nominatim (geocodificação reversa)","URL_FONTE_COORDENADAS":"https://www.openstreetmap.org/node/987588281","ATRIBUICAO_COORDENADAS":"© OpenStreetMap contributors, ODbL 1.0","PAIS_ISO3":"VEN"},"geometry":{"type":"Point","coordinates":[-69.2201603,9.99353]}},{"type":"Feature","properties":{"ESTADIO":"Arena Independência","NOME_OFICIAL":"Estádio Raimundo Sampaio","CIDADE":"Belo Horizonte","ESTADO":"Minas Gerais","PAIS":"Brasil","LATITUDE":-19.9087708,"LONGITUDE":-43.9180009,"PRIMEIRA_PARTIDA":"atlético-MG 1 x 1 Corinthians","DATA_PRIMEIRA_PARTIDA":"1946-03-24","ANO_PRIMEIRA_PARTIDA":1946,"ADVERSARIO":"atlético-MG","PLACAR":"1 x 1","COMPETICAO_PRIMEIRA_PARTIDA":"Amistoso","MANDO_PRIMEIRA_PARTIDA":"Visitante","TOTAL_JOGOS":28,"VITORIAS":7,"EMPATES":10,"DERROTAS":11,"APROVEITAMENTO_PCT":36.9,"GOLS_MARCADOS":30,"GOLS_SOFRIDOS":37,"ESTADIOS_COM_ESTREIA_NA_DECADA":48,"OBSERVACOES":null,"FONTE_PRIMEIRA_PARTIDA":"Meu Timão / Acervo ATLAS1910","DESCRICAO_ORIGINAL":"Estádio Raimundo Sampaio<br><br>Primeira partida: atlético-MG 1 x 1 Corinthians 24/03/1946 - Amistoso","FONTE_COORDENADAS":"OpenStreetMap Nominatim (geocodificação reversa)","URL_FONTE_COORDENADAS":"https://www.openstreetmap.org/relation/368782","ATRIBUICAO_COORDENADAS":"© OpenStreetMap contributors, ODbL 1.0","CAPACIDADE":"23950","CAPACIDADE_FONTE":"StadiumDB.com","URL_FONTE_CAPACIDADE":"https://stadiumdb.com/stadiums/bra/estadio_raimundo_sampaio","FONTE_CORRECAO_LOCALIDADE":"https://www.meutimao.com.br/estadio/independencia/","PAIS_ISO3":"BRA"},"geometry":{"type":"Point","coordinates":[-43.9180009,-19.9087708]}},{"type":"Feature","properties":{"ESTADIO":"Willie Davids","NOME_OFICIAL":"Estádio Regional Willie Davids","CIDADE":"Maringá","ESTADO":"Paraná","PAIS":"Brasil","LATITUDE":-23.4142951,"LONGITUDE":-51.9380737,"PRIMEIRA_PARTIDA":"GRÊMIO MARINGÁ 0x1 CORINTHIANS","DATA_PRIMEIRA_PARTIDA":"1965-06-13","ANO_PRIMEIRA_PARTIDA":1965,"ADVERSARIO":"GRÊMIO MARINGÁ","PLACAR":"0x1","COMPETICAO_PRIMEIRA_PARTIDA":"Amistosos 1965","MANDO_PRIMEIRA_PARTIDA":"Visitante","TOTAL_JOGOS":14,"VITORIAS":7,"EMPATES":2,"DERROTAS":5,"APROVEITAMENTO_PCT":54.8,"GOLS_MARCADOS":22,"GOLS_SOFRIDOS":17,"ESTADIOS_COM_ESTREIA_NA_DECADA":56,"OBSERVACOES":null,"FONTE_PRIMEIRA_PARTIDA":"https://www.meutimao.com.br/jogo/4832/amistosos-1965/amistoso/gremio_maringa-0-x-1-corinthians","DESCRICAO_ORIGINAL":"Estádio Regional Willie Davids<br><br>Primeira partida: londrina 2 x 1 Corinthians 07/07/2019 - Amistoso","FONTE_COORDENADAS":"OpenStreetMap Nominatim (geocodificação reversa)","URL_FONTE_COORDENADAS":"https://www.openstreetmap.org/relation/297521","ATRIBUICAO_COORDENADAS":"© OpenStreetMap contributors, ODbL 1.0","PAIS_ISO3":"BRA"},"geometry":{"type":"Point","coordinates":[-51.9380737,-23.4142951]}},{"type":"Feature","properties":{"ESTADIO":"Estádio da A.A. Jacarezinho","NOME_OFICIAL":"Campo ao lado do  'Estádio Municipal Pedro Vilela'","CIDADE":"Jacarezinho","ESTADO":"Paraná","PAIS":"Brasil","LATITUDE":-23.157939,"LONGITUDE":-49.9777202,"PRIMEIRA_PARTIDA":"jacarezinho 1 x 1 Corinthians","DATA_PRIMEIRA_PARTIDA":"1945-10-28","ANO_PRIMEIRA_PARTIDA":1945,"ADVERSARIO":"jacarezinho","PLACAR":"1 x 1","COMPETICAO_PRIMEIRA_PARTIDA":"Amistoso","MANDO_PRIMEIRA_PARTIDA":"Visitante","TOTAL_JOGOS":6,"VITORIAS":4,"EMPATES":2,"DERROTAS":0,"APROVEITAMENTO_PCT":77.8,"GOLS_MARCADOS":18,"GOLS_SOFRIDOS":4,"ESTADIOS_COM_ESTREIA_NA_DECADA":48,"OBSERVACOES":null,"FONTE_PRIMEIRA_PARTIDA":"Meu Timão / Acervo ATLAS1910","DESCRICAO_ORIGINAL":"Campo ao lado do  'Estádio Municipal Pedro Vilela' <br><br>Primeira partida: jacarezinho 1 x 1 Corinthians 28/10/1945 - Amistoso","FONTE_COORDENADAS":"OpenStreetMap Nominatim (geocodificação reversa)","URL_FONTE_COORDENADAS":"https://www.openstreetmap.org/relation/297731","ATRIBUICAO_COORDENADAS":"© OpenStreetMap contributors, ODbL 1.0","PAIS_ISO3":"BRA"},"geometry":{"type":"Point","coordinates":[-49.9777202,-23.157939]}},{"type":"Feature","properties":{"ESTADIO":"Estádio da Luz","NOME_OFICIAL":"Estádio Sport Lisboa e Benfica","CIDADE":"Lisboa","ESTADO":null,"PAIS":"Portugal","LATITUDE":38.752711,"LONGITUDE":-9.18477400000006,"PRIMEIRA_PARTIDA":"benfica 1 x 1 Corinthians","DATA_PRIMEIRA_PARTIDA":"1959-06-04","ANO_PRIMEIRA_PARTIDA":1959,"ADVERSARIO":"benfica","PLACAR":"1 x 1","COMPETICAO_PRIMEIRA_PARTIDA":"Amistoso","MANDO_PRIMEIRA_PARTIDA":"Visitante","TOTAL_JOGOS":2,"VITORIAS":0,"EMPATES":2,"DERROTAS":0,"APROVEITAMENTO_PCT":33.3,"GOLS_MARCADOS":2,"GOLS_SOFRIDOS":2,"ESTADIOS_COM_ESTREIA_NA_DECADA":72,"OBSERVACOES":null,"FONTE_PRIMEIRA_PARTIDA":"Meu Timão / Acervo ATLAS1910","DESCRICAO_ORIGINAL":"Estádio Sport Lisboa e Benfica<br><br>Primeira partida: benfica 1 x 1 Corinthians 04/06/1959 - Amistoso","FONTE_COORDENADAS":"OpenStreetMap Nominatim (geocodificação reversa)","URL_FONTE_COORDENADAS":"https://www.openstreetmap.org/relation/6384173","ATRIBUICAO_COORDENADAS":"© OpenStreetMap contributors, ODbL 1.0","CAPACIDADE":"65642","CAPACIDADE_FONTE":"Meu Timão","URL_FONTE_CAPACIDADE":"https://www.meutimao.com.br/estadio/estadio_da_luz/","PAIS_ISO3":"PRT","FONTE_CORRECAO_PAIS":"https://data.geocode.earth/wof/dist/legacy/whosonfirst-data-country-latest.tar.bz2"},"geometry":{"type":"Point","coordinates":[-9.184774,38.752711]}},{"type":"Feature","properties":{"ESTADIO":"Estádio das Antas","NOME_OFICIAL":"Numeração exata não encontrada, segundo o wikipedia, 1 dos refletores permanece no local","CIDADE":"Porto","ESTADO":null,"PAIS":"Portugal","LATITUDE":41.1652504,"LONGITUDE":-8.5890259,"PRIMEIRA_PARTIDA":"porto 0 x 1 Corinthians","DATA_PRIMEIRA_PARTIDA":"1959-06-07","ANO_PRIMEIRA_PARTIDA":1959,"ADVERSARIO":"porto","PLACAR":"0 x 1","COMPETICAO_PRIMEIRA_PARTIDA":"amistoso","MANDO_PRIMEIRA_PARTIDA":"Visitante","TOTAL_JOGOS":2,"VITORIAS":2,"EMPATES":0,"DERROTAS":0,"APROVEITAMENTO_PCT":100.0,"GOLS_MARCADOS":2,"GOLS_SOFRIDOS":0,"ESTADIOS_COM_ESTREIA_NA_DECADA":72,"OBSERVACOES":null,"FONTE_PRIMEIRA_PARTIDA":"Meu Timão / Acervo ATLAS1910","DESCRICAO_ORIGINAL":"Numeração exata não encontrada, segundo o wikipedia, 1 dos refletores permanece no local<br><br>Primeira partida: porto 0 x 1 Corinthians 07/06/1959 - amistoso","FONTE_COORDENADAS":"OpenStreetMap Nominatim (geocodificação reversa)","URL_FONTE_COORDENADAS":"https://www.openstreetmap.org/relation/3383100","ATRIBUICAO_COORDENADAS":"© OpenStreetMap contributors, ODbL 1.0","CAPACIDADE":"75000","CAPACIDADE_FONTE":"Meu Timão","URL_FONTE_CAPACIDADE":"https://www.meutimao.com.br/estadio/estadio_das_antas/","PAIS_ISO3":"PRT","FONTE_CORRECAO_PAIS":"https://data.geocode.earth/wof/dist/legacy/whosonfirst-data-country-latest.tar.bz2"},"geometry":{"type":"Point","coordinates":[-8.58902590000002,41.1652504]}},{"type":"Feature","properties":{"ESTADIO":"Estádio de Ancara","NOME_OFICIAL":"19 Mayıs Stadium","CIDADE":"Ancara","ESTADO":null,"PAIS":"Turquia","LATITUDE":39.9401436,"LONGITUDE":32.8457395,"PRIMEIRA_PARTIDA":"seleção de ancara 1 x 3 Corinthians","DATA_PRIMEIRA_PARTIDA":"1952-05-03","ANO_PRIMEIRA_PARTIDA":1952,"ADVERSARIO":"seleção de ancara","PLACAR":"1 x 3","COMPETICAO_PRIMEIRA_PARTIDA":"Amis","MANDO_PRIMEIRA_PARTIDA":"Visitante","TOTAL_JOGOS":9,"VITORIAS":9,"EMPATES":0,"DERROTAS":0,"APROVEITAMENTO_PCT":100.0,"GOLS_MARCADOS":30,"GOLS_SOFRIDOS":12,"ESTADIOS_COM_ESTREIA_NA_DECADA":72,"OBSERVACOES":"Localização não confirmada, não existe facilmente um 'estádio de ancara'. Levei em conta a data de construção do estádio e sua localização","FONTE_PRIMEIRA_PARTIDA":"Meu Timão / Acervo ATLAS1910","DESCRICAO_ORIGINAL":"19 Mayıs Stadium<br><br>Localização não confirmada, não existe facilmente um 'estádio de ancara'. Levei em conta a data de construção do estádio e sua localização<br><br>Primeira partida: seleção de ancara 1 x 3 Corinthians 03/05/1952 - Amis","FONTE_COORDENADAS":"OpenStreetMap Nominatim (geocodificação reversa)","URL_FONTE_COORDENADAS":"https://www.openstreetmap.org/relation/3114197","ATRIBUICAO_COORDENADAS":"© OpenStreetMap contributors, ODbL 1.0","PAIS_ISO3":"TUR"},"geometry":{"type":"Point","coordinates":[32.8457395,39.9401436]}},{"type":"Feature","properties":{"ESTADIO":"Estádio de Gaevle","NOME_OFICIAL":"Gavlestadion","CIDADE":"Gävle kommun","ESTADO":null,"PAIS":"Sweden","LATITUDE":60.6928807,"LONGITUDE":17.1320903000001,"PRIMEIRA_PARTIDA":"seleção de gävle 0 x 6 Corinthias","DATA_PRIMEIRA_PARTIDA":"1952-06-04","ANO_PRIMEIRA_PARTIDA":1952,"ADVERSARIO":"seleção de gävle","PLACAR":"0 x 6","COMPETICAO_PRIMEIRA_PARTIDA":"Amistoso","MANDO_PRIMEIRA_PARTIDA":"Visitante","TOTAL_JOGOS":2,"VITORIAS":2,"EMPATES":0,"DERROTAS":0,"APROVEITAMENTO_PCT":100.0,"GOLS_MARCADOS":12,"GOLS_SOFRIDOS":0,"ESTADIOS_COM_ESTREIA_NA_DECADA":72,"OBSERVACOES":null,"FONTE_PRIMEIRA_PARTIDA":"Meu Timão / Acervo ATLAS1910","DESCRICAO_ORIGINAL":"Gavlestadion<br><br>Primeira partida: seleção de gävle 0 x 6 Corinthias 04/06/1952 - Amistoso","FONTE_COORDENADAS":"OpenStreetMap Nominatim (geocodificação reversa)","URL_FONTE_COORDENADAS":"https://www.openstreetmap.org/relation/278620","ATRIBUICAO_COORDENADAS":"© OpenStreetMap contributors, ODbL 1.0","CAPACIDADE":"10000","CAPACIDADE_FONTE":"Meu Timão","URL_FONTE_CAPACIDADE":"https://www.meutimao.com.br/estadio/estadio_de_gaevle/","PAIS_ISO3":"SWE","FONTE_CORRECAO_PAIS":"https://data.geocode.earth/wof/dist/legacy/whosonfirst-data-country-latest.tar.bz2"},"geometry":{"type":"Point","coordinates":[17.1320903000001,60.6928807]}},{"type":"Feature","properties":{"ESTADIO":"De Kuip","NOME_OFICIAL":"Feyenoord Stadium","CIDADE":"Roterdão","ESTADO":"South Holland","PAIS":"Holanda","LATITUDE":51.8939035,"LONGITUDE":4.5231354,"PRIMEIRA_PARTIDA":"FEYENOORD ROTTERDAM 5x1 CORINTHIANS","DATA_PRIMEIRA_PARTIDA":"1959-05-21","ANO_PRIMEIRA_PARTIDA":1959,"ADVERSARIO":"FEYENOORD ROTTERDAM","PLACAR":"5x1","COMPETICAO_PRIMEIRA_PARTIDA":"Amistosos 1959","MANDO_PRIMEIRA_PARTIDA":"Visitante","TOTAL_JOGOS":2,"VITORIAS":0,"EMPATES":0,"DERROTAS":2,"APROVEITAMENTO_PCT":0.0,"GOLS_MARCADOS":3,"GOLS_SOFRIDOS":9,"ESTADIOS_COM_ESTREIA_NA_DECADA":72,"OBSERVACOES":"No aplicativo \"Almanaque do Timão\", consta apenas o jogo Feyenoord 4 x 2 Corinthians, de 1970. Porém, outro jogo aparece no estádio 'Nehnoord,', Feyenoord 5 x 1 Corinthians de 1959, mas esse estádio aparentemente não existe.","FONTE_PRIMEIRA_PARTIDA":"https://www.meutimao.com.br/jogo/5193/amistosos-1959/amistoso/feyenoord_rotterdam-5-x-1-corinthians","DESCRICAO_ORIGINAL":"Feyenoord Stadium<br><br>No aplicativo \"Almanaque do Timão\", consta apenas o jogo Feyenoord 4 x 2 Corinthians, de 1970. Porém, outro jogo aparece no estádio 'Nehnoord,', Feyenoord 5 x 1 Corinthians de 1959, mas esse estádio aparentemente não existe.","FONTE_COORDENADAS":"OpenStreetMap Nominatim (geocodificação reversa)","URL_FONTE_COORDENADAS":"https://www.openstreetmap.org/relation/1411101","ATRIBUICAO_COORDENADAS":"© OpenStreetMap contributors, ODbL 1.0","PAIS_ISO3":"NLD"},"geometry":{"type":"Point","coordinates":[4.5231354,51.8939035]}},{"type":"Feature","properties":{"ESTADIO":"Estádio do CIC","NOME_OFICIAL":"Estádio Municipal Doutor Octávio da Silva Bastos","CIDADE":"São João da Boa Vista","ESTADO":"São Paulo","PAIS":"Brasil","LATITUDE":-21.9632405,"LONGITUDE":-46.7913949,"PRIMEIRA_PARTIDA":"palmeiras de são joão da boa vista 0 x 2 Corinthians","DATA_PRIMEIRA_PARTIDA":"1989-09-03","ANO_PRIMEIRA_PARTIDA":1989,"ADVERSARIO":"palmeiras de são joão da boa vista","PLACAR":"0 x 2","COMPETICAO_PRIMEIRA_PARTIDA":"Amistoso","MANDO_PRIMEIRA_PARTIDA":"Visitante","TOTAL_JOGOS":1,"VITORIAS":1,"EMPATES":0,"DERROTAS":0,"APROVEITAMENTO_PCT":100.0,"GOLS_MARCADOS":2,"GOLS_SOFRIDOS":0,"ESTADIOS_COM_ESTREIA_NA_DECADA":37,"OBSERVACOES":null,"FONTE_PRIMEIRA_PARTIDA":"Meu Timão / Acervo ATLAS1910","DESCRICAO_ORIGINAL":"Estádio Municipal Doutor Octávio da Silva Bastos<br><br>Primeira partida: palmeiras de são joão da boa vista 0 x 2 Corinthians 03/09/1989 - Amistoso","FONTE_COORDENADAS":"OpenStreetMap Nominatim (geocodificação reversa)","URL_FONTE_COORDENADAS":"https://www.openstreetmap.org/relation/298438","ATRIBUICAO_COORDENADAS":"© OpenStreetMap contributors, ODbL 1.0","PAIS_ISO3":"BRA"},"geometry":{"type":"Point","coordinates":[-46.7913949,-21.9632405]}},{"type":"Feature","properties":{"ESTADIO":"Estádio do Café","NOME_OFICIAL":null,"CIDADE":"Londrina","ESTADO":"Paraná","PAIS":"Brasil","LATITUDE":-23.2823595,"LONGITUDE":-51.1649186,"PRIMEIRA_PARTIDA":"londrina 1 x 1 Corinthians","DATA_PRIMEIRA_PARTIDA":"1976-08-25","ANO_PRIMEIRA_PARTIDA":1976,"ADVERSARIO":"londrina","PLACAR":"1 x 1","COMPETICAO_PRIMEIRA_PARTIDA":"Amistoso","MANDO_PRIMEIRA_PARTIDA":"Visitante","TOTAL_JOGOS":22,"VITORIAS":8,"EMPATES":10,"DERROTAS":4,"APROVEITAMENTO_PCT":51.5,"GOLS_MARCADOS":36,"GOLS_SOFRIDOS":26,"ESTADIOS_COM_ESTREIA_NA_DECADA":44,"OBSERVACOES":null,"FONTE_PRIMEIRA_PARTIDA":"Meu Timão / Acervo ATLAS1910","DESCRICAO_ORIGINAL":"Primeira partida: londrina 1 x 1 Corinthians 25/08/1976 - Amistoso","FONTE_COORDENADAS":"OpenStreetMap Nominatim (geocodificação reversa)","URL_FONTE_COORDENADAS":"https://www.openstreetmap.org/relation/297756","ATRIBUICAO_COORDENADAS":"© OpenStreetMap contributors, ODbL 1.0","CAPACIDADE":"36000","CAPACIDADE_FONTE":"Meu Timão","URL_FONTE_CAPACIDADE":"https://www.meutimao.com.br/estadio/estadio_do_cafe/","PAIS_ISO3":"BRA"},"geometry":{"type":"Point","coordinates":[-51.1649186,-23.2823595]}},{"type":"Feature","properties":{"ESTADIO":"Estádio do Clube Atlético Monte Azul","NOME_OFICIAL":"Estádio Otacília Patrício Arroyo","CIDADE":"Monte Azul Paulista","ESTADO":"SP","PAIS":"Brasil","LATITUDE":-20.9041132,"LONGITUDE":-48.6458416,"PRIMEIRA_PARTIDA":"monte azul 1 x 2 Corinthians 24/08/1947 - Amistoso","DATA_PRIMEIRA_PARTIDA":"1947-08-24","ANO_PRIMEIRA_PARTIDA":1947,"ADVERSARIO":"monte azul","PLACAR":"1 x 2","COMPETICAO_PRIMEIRA_PARTIDA":"Amistoso","MANDO_PRIMEIRA_PARTIDA":"Visitante","TOTAL_JOGOS":6,"VITORIAS":3,"EMPATES":3,"DERROTAS":0,"APROVEITAMENTO_PCT":66.7,"GOLS_MARCADOS":9,"GOLS_SOFRIDOS":6,"ESTADIOS_COM_ESTREIA_NA_DECADA":48,"OBSERVACOES":"monte azul 1 x 2 Corinthians 24/08/1947 - Amistoso","FONTE_PRIMEIRA_PARTIDA":"Meu Timão / Acervo ATLAS1910","DESCRICAO_ORIGINAL":"Estádio Otacília Patrício Arroyo <br><br>monte azul 1 x 2 Corinthians 24/08/1947 - Amistoso","PAIS_ISO3":"BRA"},"geometry":{"type":"Point","coordinates":[-48.6458416,-20.9041132]}},{"type":"Feature","properties":{"ESTADIO":"Estádio do Corinthians Saltense","NOME_OFICIAL":"Associação Atlética Saltense","CIDADE":"Salto","ESTADO":"São Paulo","PAIS":"Brasil","LATITUDE":-23.2034536,"LONGITUDE":-47.2936686,"PRIMEIRA_PARTIDA":"CORINTHIANS SALTENSE 2x1 CORINTHIANS","DATA_PRIMEIRA_PARTIDA":"1932-04-17","ANO_PRIMEIRA_PARTIDA":1932,"ADVERSARIO":"CORINTHIANS","PLACAR":"2x1","COMPETICAO_PRIMEIRA_PARTIDA":"Amistosos 1932","MANDO_PRIMEIRA_PARTIDA":"Mandante","TOTAL_JOGOS":2,"VITORIAS":2,"EMPATES":0,"DERROTAS":0,"APROVEITAMENTO_PCT":100.0,"GOLS_MARCADOS":4,"GOLS_SOFRIDOS":2,"ESTADIOS_COM_ESTREIA_NA_DECADA":19,"OBSERVACOES":"Enfrentamos o Corinthians Saltense em um amisoso no ano de 1932, antes da fusão com os demais clubes de Salto que deram origem a Associação Atlética Saltense. | Fonte que informa que o clube herdou o estád","FONTE_PRIMEIRA_PARTIDA":"https://www.meutimao.com.br/jogo/6588/amistosos-1932/amistoso/corinthians_saltense-2-x-1-corinthians","DESCRICAO_ORIGINAL":"Associação Atlética Saltense<br><br>Enfrentamos o Corinthians Saltense em um amisoso no ano de 1932, antes da fusão com os demais clubes de Salto que deram origem a Associação Atlética Saltense.<br><br>Fonte que informa que o clube herdou o estád","FONTE_COORDENADAS":"OpenStreetMap Nominatim (geocodificação reversa)","URL_FONTE_COORDENADAS":"https://www.openstreetmap.org/relation/298520","ATRIBUICAO_COORDENADAS":"© OpenStreetMap contributors, ODbL 1.0","CAPACIDADE":"1000","CAPACIDADE_FONTE":"Meu Timão","URL_FONTE_CAPACIDADE":"https://www.meutimao.com.br/estadio/estadio_do_corinthians_saltense/","PAIS_ISO3":"BRA"},"geometry":{"type":"Point","coordinates":[-47.2936686,-23.2034536]}},{"type":"Feature","properties":{"ESTADIO":"Estádio do Vale","NOME_OFICIAL":null,"CIDADE":"Novo Hamburgo","ESTADO":"Rio Grande do Sul","PAIS":"Brasil","LATITUDE":-29.7260092,"LONGITUDE":-51.144376,"PRIMEIRA_PARTIDA":"internacional 1 x 0 Corinthians","DATA_PRIMEIRA_PARTIDA":"2013-09-04","ANO_PRIMEIRA_PARTIDA":2013,"ADVERSARIO":"internacional","PLACAR":"1 x 0","COMPETICAO_PRIMEIRA_PARTIDA":"Brasileiro","MANDO_PRIMEIRA_PARTIDA":"Visitante","TOTAL_JOGOS":2,"VITORIAS":0,"EMPATES":0,"DERROTAS":2,"APROVEITAMENTO_PCT":0.0,"GOLS_MARCADOS":0,"GOLS_SOFRIDOS":2,"ESTADIOS_COM_ESTREIA_NA_DECADA":31,"OBSERVACOES":null,"FONTE_PRIMEIRA_PARTIDA":"Meu Timão / Acervo ATLAS1910","DESCRICAO_ORIGINAL":"Primeira partida: internacional 1 x 0 Corinthians 04/09/2013 - Brasileiro","FONTE_COORDENADAS":"OpenStreetMap Nominatim (geocodificação reversa)","URL_FONTE_COORDENADAS":"https://www.openstreetmap.org/relation/242616","ATRIBUICAO_COORDENADAS":"© OpenStreetMap contributors, ODbL 1.0","CAPACIDADE":"15000","CAPACIDADE_FONTE":"Meu Timão","URL_FONTE_CAPACIDADE":"https://www.meutimao.com.br/estadio/estadio_do_vale/","PAIS_ISO3":"BRA"},"geometry":{"type":"Point","coordinates":[-51.144376,-29.7260092]}},{"type":"Feature","properties":{"ESTADIO":"Estádio dos Eucaliptos","NOME_OFICIAL":"Posteriormente: Gigante da madeira.","CIDADE":"Lins","ESTADO":"SP","PAIS":"Brasil","LATITUDE":-21.6743999,"LONGITUDE":-49.7569149,"PRIMEIRA_PARTIDA":"LINENSE 3x1 CORINTHIANS","DATA_PRIMEIRA_PARTIDA":"1948-03-28","ANO_PRIMEIRA_PARTIDA":1948,"ADVERSARIO":"LINENSE","PLACAR":"3x1","COMPETICAO_PRIMEIRA_PARTIDA":"Amistosos 1948","MANDO_PRIMEIRA_PARTIDA":"Visitante","TOTAL_JOGOS":15,"VITORIAS":6,"EMPATES":3,"DERROTAS":6,"APROVEITAMENTO_PCT":46.7,"GOLS_MARCADOS":15,"GOLS_SOFRIDOS":18,"ESTADIOS_COM_ESTREIA_NA_DECADA":48,"OBSERVACOES":"http://www.calinense.com.br/gilbertao Hoje o local é um mercado no centro da cidade. | Referência: https://www.asmilcamisas.com.br/2013/06/07/estadios-do-oeste-paulista-2-lins/","FONTE_PRIMEIRA_PARTIDA":"https://www.meutimao.com.br/jogo/5950/amistosos-1948/amistoso/linense-3-x-1-corinthians","DESCRICAO_ORIGINAL":"Posteriormente: Gigante da madeira.<br><br>http://www.calinense.com.br/gilbertao Hoje o local é um mercado no centro da cidade.<br>Referência: https://www.asmilcamisas.com.br/2013/06/07/estadios-do-oeste-paulista-2-lins/<br><br>Primeira partida: linens","PAIS_ISO3":"BRA"},"geometry":{"type":"Point","coordinates":[-49.7569149,-21.6743999]}},{"type":"Feature","properties":{"ESTADIO":"EverBank Field","NOME_OFICIAL":null,"CIDADE":"Jacksonville","ESTADO":"Flórida","PAIS":"Estados Unidos","LATITUDE":30.3239536,"LONGITUDE":-81.6372528,"PRIMEIRA_PARTIDA":"Corinthians 2 x 1 bayer leverkusen","DATA_PRIMEIRA_PARTIDA":"2015-01-17","ANO_PRIMEIRA_PARTIDA":2015,"ADVERSARIO":"bayer leverkusen","PLACAR":"2 x 1","COMPETICAO_PRIMEIRA_PARTIDA":"Florida Cup","MANDO_PRIMEIRA_PARTIDA":"Mandante","TOTAL_JOGOS":2,"VITORIAS":2,"EMPATES":0,"DERROTAS":0,"APROVEITAMENTO_PCT":100.0,"GOLS_MARCADOS":4,"GOLS_SOFRIDOS":2,"ESTADIOS_COM_ESTREIA_NA_DECADA":31,"OBSERVACOES":null,"FONTE_PRIMEIRA_PARTIDA":"Meu Timão / Acervo ATLAS1910","DESCRICAO_ORIGINAL":"Primeira partida: Corinthians 2 x 1 bayer leverkusen 17/01/2015 - Florida Cup","FONTE_COORDENADAS":"OpenStreetMap Nominatim (geocodificação reversa)","URL_FONTE_COORDENADAS":"https://www.openstreetmap.org/relation/119008","ATRIBUICAO_COORDENADAS":"© OpenStreetMap contributors, ODbL 1.0","CAPACIDADE":"84000","CAPACIDADE_FONTE":"Meu Timão","URL_FONTE_CAPACIDADE":"https://www.meutimao.com.br/estadio/everbank_field/","PAIS_ISO3":"USA"},"geometry":{"type":"Point","coordinates":[-81.6372528,30.3239536]}},{"type":"Feature","properties":{"ESTADIO":"Exploria Stadium","NOME_OFICIAL":"Orlando City Stadium","CIDADE":"Orlando","ESTADO":"Flórida","PAIS":"Estados Unidos","LATITUDE":28.5412473,"LONGITUDE":-81.3890904,"PRIMEIRA_PARTIDA":"CORINTHIANS 1x1 PSV EINDHOVEN","DATA_PRIMEIRA_PARTIDA":"2018-01-10","ANO_PRIMEIRA_PARTIDA":2018,"ADVERSARIO":"PSV EINDHOVEN","PLACAR":"1x1","COMPETICAO_PRIMEIRA_PARTIDA":"Florida Cup 2018","MANDO_PRIMEIRA_PARTIDA":"Mandante","TOTAL_JOGOS":5,"VITORIAS":2,"EMPATES":1,"DERROTAS":2,"APROVEITAMENTO_PCT":46.7,"GOLS_MARCADOS":7,"GOLS_SOFRIDOS":7,"ESTADIOS_COM_ESTREIA_NA_DECADA":31,"OBSERVACOES":null,"FONTE_PRIMEIRA_PARTIDA":"https://www.meutimao.com.br/jogo/796/florida-cup-2018/corinthians-1-x-1-psv_eindhoven","DESCRICAO_ORIGINAL":"Orlando City Stadium<br><br>Primeira partida: Corinthians 2 x 1 new york city 15/01/2020 - Florida Cup","FONTE_COORDENADAS":"OpenStreetMap Nominatim (geocodificação reversa)","URL_FONTE_COORDENADAS":"https://www.openstreetmap.org/relation/1128379","ATRIBUICAO_COORDENADAS":"© OpenStreetMap contributors, ODbL 1.0","CAPACIDADE":"25500","CAPACIDADE_FONTE":"Meu Timão","URL_FONTE_CAPACIDADE":"https://www.meutimao.com.br/estadio/exploria_stadium/","PAIS_ISO3":"USA"},"geometry":{"type":"Point","coordinates":[-81.3890904,28.5412473]}},{"type":"Feature","properties":{"ESTADIO":"FAU Stadium","NOME_OFICIAL":null,"CIDADE":"Boca Raton","ESTADO":"Flórida","PAIS":"Estados Unidos","LATITUDE":26.3761349,"LONGITUDE":-80.1016311,"PRIMEIRA_PARTIDA":"Corinthians 0 x 1 atletico mineiro","DATA_PRIMEIRA_PARTIDA":"2016-01-17","ANO_PRIMEIRA_PARTIDA":2016,"ADVERSARIO":"atletico mineiro","PLACAR":"0 x 1","COMPETICAO_PRIMEIRA_PARTIDA":"Florida Cup","MANDO_PRIMEIRA_PARTIDA":"Mandante","TOTAL_JOGOS":2,"VITORIAS":0,"EMPATES":0,"DERROTAS":2,"APROVEITAMENTO_PCT":0.0,"GOLS_MARCADOS":0,"GOLS_SOFRIDOS":2,"ESTADIOS_COM_ESTREIA_NA_DECADA":31,"OBSERVACOES":null,"FONTE_PRIMEIRA_PARTIDA":"Meu Timão / Acervo ATLAS1910","DESCRICAO_ORIGINAL":"Primeira Partida: Corinthians 0 x 1 atletico mineiro 17/01/2016 - Florida Cup","FONTE_COORDENADAS":"OpenStreetMap Nominatim (geocodificação reversa)","URL_FONTE_COORDENADAS":"https://www.openstreetmap.org/relation/1216593","ATRIBUICAO_COORDENADAS":"© OpenStreetMap contributors, ODbL 1.0","CAPACIDADE":"29419","CAPACIDADE_FONTE":"StadiumDB.com","URL_FONTE_CAPACIDADE":"https://stadiumdb.com/stadiums/usa/fau_stadium","PAIS_ISO3":"USA"},"geometry":{"type":"Point","coordinates":[-80.1016311,26.3761349]}},{"type":"Feature","properties":{"ESTADIO":"Farazão","NOME_OFICIAL":"Estádio Paulo Constantino (1982-2002 e 2013 atualmente)","CIDADE":"Presidente Prudente","ESTADO":"São Paulo","PAIS":"Brasil","LATITUDE":-22.0985498,"LONGITUDE":-51.4148828,"PRIMEIRA_PARTIDA":"PRUDENTINA 1x1 CORINTHIANS","DATA_PRIMEIRA_PARTIDA":"1949-03-20","ANO_PRIMEIRA_PARTIDA":1949,"ADVERSARIO":"PRUDENTINA","PLACAR":"1x1","COMPETICAO_PRIMEIRA_PARTIDA":"Amistosos 1949","MANDO_PRIMEIRA_PARTIDA":"Visitante","TOTAL_JOGOS":52,"VITORIAS":22,"EMPATES":14,"DERROTAS":16,"APROVEITAMENTO_PCT":51.3,"GOLS_MARCADOS":88,"GOLS_SOFRIDOS":70,"ESTADIOS_COM_ESTREIA_NA_DECADA":48,"OBSERVACOES":"Estádio Eduardo José Farah (2002-2013)","FONTE_PRIMEIRA_PARTIDA":"https://www.meutimao.com.br/jogo/5856/amistosos-1949/amistoso/prudentina-1-x-1-corinthians","DESCRICAO_ORIGINAL":"Estádio Paulo Constantino (1982-2002 e 2013 atualmente)<br>Estádio Eduardo José Farah (2002-2013) <br><br>Primeira partida: Corinthians 1 x 3 palmeiras 03/03/1996 - Paulista","FONTE_COORDENADAS":"OpenStreetMap Nominatim (geocodificação reversa)","URL_FONTE_COORDENADAS":"https://www.openstreetmap.org/relation/298001","ATRIBUICAO_COORDENADAS":"© OpenStreetMap contributors, ODbL 1.0","PAIS_ISO3":"BRA"},"geometry":{"type":"Point","coordinates":[-51.4148828,-22.0985498]}},{"type":"Feature","properties":{"ESTADIO":"Felipão","NOME_OFICIAL":"Estádio Municipal Doutor Waldemiro Wagner","CIDADE":"Paranavaí","ESTADO":"Paraná","PAIS":"Brasil","LATITUDE":-23.074008,"LONGITUDE":-52.4681991,"PRIMEIRA_PARTIDA":"atlético paranavai 1 x 2 Corinthians","DATA_PRIMEIRA_PARTIDA":"1996-06-30","ANO_PRIMEIRA_PARTIDA":1996,"ADVERSARIO":"atlético paranavai","PLACAR":"1 x 2","COMPETICAO_PRIMEIRA_PARTIDA":"Amistoso","MANDO_PRIMEIRA_PARTIDA":"Visitante","TOTAL_JOGOS":2,"VITORIAS":2,"EMPATES":0,"DERROTAS":0,"APROVEITAMENTO_PCT":100.0,"GOLS_MARCADOS":4,"GOLS_SOFRIDOS":2,"ESTADIOS_COM_ESTREIA_NA_DECADA":35,"OBSERVACOES":null,"FONTE_PRIMEIRA_PARTIDA":"Meu Timão / Acervo ATLAS1910","DESCRICAO_ORIGINAL":"Estádio Municipal Doutor Waldemiro Wagner<br><br>Primeira partida: atlético paranavai 1 x 2 Corinthians 30/06/1996 - Amistoso","FONTE_COORDENADAS":"OpenStreetMap Nominatim (geocodificação reversa)","URL_FONTE_COORDENADAS":"https://www.openstreetmap.org/relation/297761","ATRIBUICAO_COORDENADAS":"© OpenStreetMap contributors, ODbL 1.0","CAPACIDADE":"25000","CAPACIDADE_FONTE":"Meu Timão","URL_FONTE_CAPACIDADE":"https://www.meutimao.com.br/estadio/felipao/","PAIS_ISO3":"BRA"},"geometry":{"type":"Point","coordinates":[-52.4681991,-23.074008]}},{"type":"Feature","properties":{"ESTADIO":"Figueira de Melo","NOME_OFICIAL":"Estádio Ronaldo Luís Nazário de Lima","CIDADE":"Rio de Janeiro","ESTADO":"Rio de Janeiro","PAIS":"Brasil","LATITUDE":-22.9050176,"LONGITUDE":-43.2139294,"PRIMEIRA_PARTIDA":"são cristovão 2 x 1 Corinthians","DATA_PRIMEIRA_PARTIDA":"1935-10-22","ANO_PRIMEIRA_PARTIDA":1935,"ADVERSARIO":"são cristovão","PLACAR":"2 x 1","COMPETICAO_PRIMEIRA_PARTIDA":"Amistoso","MANDO_PRIMEIRA_PARTIDA":"Visitante","TOTAL_JOGOS":2,"VITORIAS":0,"EMPATES":0,"DERROTAS":2,"APROVEITAMENTO_PCT":0.0,"GOLS_MARCADOS":3,"GOLS_SOFRIDOS":6,"ESTADIOS_COM_ESTREIA_NA_DECADA":19,"OBSERVACOES":null,"FONTE_PRIMEIRA_PARTIDA":"Meu Timão / Acervo ATLAS1910","DESCRICAO_ORIGINAL":"Estádio Ronaldo Luís Nazário de Lima<br><br>Primeira partida: são cristovão 2 x 1 Corinthians 22/10/1935 - Amistoso","FONTE_COORDENADAS":"OpenStreetMap Nominatim (geocodificação reversa)","URL_FONTE_COORDENADAS":"https://www.openstreetmap.org/relation/2697338","ATRIBUICAO_COORDENADAS":"© OpenStreetMap contributors, ODbL 1.0","CAPACIDADE":"8000","CAPACIDADE_FONTE":"Meu Timão","URL_FONTE_CAPACIDADE":"https://www.meutimao.com.br/estadio/estadio_ronaldo_luis_nazario_de_lima/","PAIS_ISO3":"BRA"},"geometry":{"type":"Point","coordinates":[-43.2139294,-22.9050176]}},{"type":"Feature","properties":{"ESTADIO":"Flaminio","NOME_OFICIAL":null,"CIDADE":"Roma","ESTADO":"Lácio","PAIS":"Italy","LATITUDE":41.9265865,"LONGITUDE":12.4720953999999,"PRIMEIRA_PARTIDA":"lazio 2 x 3 Corinthians","DATA_PRIMEIRA_PARTIDA":"1966-05-25","ANO_PRIMEIRA_PARTIDA":1966,"ADVERSARIO":"lazio","PLACAR":"2 x 3","COMPETICAO_PRIMEIRA_PARTIDA":"Amistoso","MANDO_PRIMEIRA_PARTIDA":"Visitante","TOTAL_JOGOS":1,"VITORIAS":1,"EMPATES":0,"DERROTAS":0,"APROVEITAMENTO_PCT":100.0,"GOLS_MARCADOS":3,"GOLS_SOFRIDOS":2,"ESTADIOS_COM_ESTREIA_NA_DECADA":56,"OBSERVACOES":null,"FONTE_PRIMEIRA_PARTIDA":"Meu Timão / Acervo ATLAS1910","DESCRICAO_ORIGINAL":"Primeira partida: lazio 2 x 3 Corinthians 25/05/1966 - Amistoso","FONTE_COORDENADAS":"OpenStreetMap Nominatim (geocodificação reversa)","URL_FONTE_COORDENADAS":"https://www.openstreetmap.org/relation/41485","ATRIBUICAO_COORDENADAS":"© OpenStreetMap contributors, ODbL 1.0","PAIS_ISO3":"ITA","FONTE_CORRECAO_PAIS":"https://data.geocode.earth/wof/dist/legacy/whosonfirst-data-country-latest.tar.bz2"},"geometry":{"type":"Point","coordinates":[12.4720953999999,41.9265865]}},{"type":"Feature","properties":{"ESTADIO":"Floresta","NOME_OFICIAL":"Clube Tietê","CIDADE":"São Paulo","ESTADO":"São Paulo","PAIS":"Brasil","LATITUDE":-23.5212261,"LONGITUDE":-46.6307932,"PRIMEIRA_PARTIDA":"morgan ? x ? Corinthians","DATA_PRIMEIRA_PARTIDA":"1910-10-08","ANO_PRIMEIRA_PARTIDA":1910,"ADVERSARIO":"morgan","PLACAR":"? x ?","COMPETICAO_PRIMEIRA_PARTIDA":"Jogo Varzeano","MANDO_PRIMEIRA_PARTIDA":"Visitante","TOTAL_JOGOS":69,"VITORIAS":44,"EMPATES":11,"DERROTAS":12,"APROVEITAMENTO_PCT":71.1,"GOLS_MARCADOS":210,"GOLS_SOFRIDOS":95,"ESTADIOS_COM_ESTREIA_NA_DECADA":28,"OBSERVACOES":"Campo permanece dentro do Clube Tietê (https://pt.wikipedia.org/wiki/Ch%C3%A1cara_da_Floresta)","FONTE_PRIMEIRA_PARTIDA":"https://pt.wikipedia.org/wiki/Ch%C3%A1cara_da_Floresta)","DESCRICAO_ORIGINAL":"Clube Tietê<br><br>Campo permanece dentro do Clube Tietê (https://pt.wikipedia.org/wiki/Ch%C3%A1cara_da_Floresta)<br><br>Primeira partida: morgan ? x ? Corinthians 08/10/1910 - Jogo Varzeano","FONTE_COORDENADAS":"OpenStreetMap Nominatim (geocodificação reversa)","URL_FONTE_COORDENADAS":"https://www.openstreetmap.org/relation/298285","ATRIBUICAO_COORDENADAS":"© OpenStreetMap contributors, ODbL 1.0","PAIS_ISO3":"BRA"},"geometry":{"type":"Point","coordinates":[-46.6307932,-23.5212261]}},{"type":"Feature","properties":{"ESTADIO":"Fortaleza","NOME_OFICIAL":"Estádio Antônio Gomes Martins - Estádio Fortaleza","CIDADE":"Barretos","ESTADO":"São Paulo","PAIS":"Brasil","LATITUDE":-20.5680119,"LONGITUDE":-48.563717,"PRIMEIRA_PARTIDA":"combinad barretos/fortaleza 2 x 7 Corinthians","DATA_PRIMEIRA_PARTIDA":"1960-05-15","ANO_PRIMEIRA_PARTIDA":1960,"ADVERSARIO":"combinad barretos/fortaleza","PLACAR":"2 x 7","COMPETICAO_PRIMEIRA_PARTIDA":"Amistoso","MANDO_PRIMEIRA_PARTIDA":"Visitante","TOTAL_JOGOS":1,"VITORIAS":1,"EMPATES":0,"DERROTAS":0,"APROVEITAMENTO_PCT":100.0,"GOLS_MARCADOS":7,"GOLS_SOFRIDOS":2,"ESTADIOS_COM_ESTREIA_NA_DECADA":56,"OBSERVACOES":null,"FONTE_PRIMEIRA_PARTIDA":"Meu Timão / Acervo ATLAS1910","DESCRICAO_ORIGINAL":"Estádio Antônio Gomes Martins - Estádio Fortaleza<br><br>Primeira partida: combinad barretos/fortaleza 2 x 7 Corinthians 15/05/1960 - Amistoso","FONTE_COORDENADAS":"OpenStreetMap Nominatim (geocodificação reversa)","URL_FONTE_COORDENADAS":"https://www.openstreetmap.org/relation/297907","ATRIBUICAO_COORDENADAS":"© OpenStreetMap contributors, ODbL 1.0","PAIS_ISO3":"BRA"},"geometry":{"type":"Point","coordinates":[-48.563717,-20.5680119]}},{"type":"Feature","properties":{"ESTADIO":"Francisco Vasques","NOME_OFICIAL":"Estádio Francisco Vasques (Souza)","CIDADE":"Belém","ESTADO":"Pará","PAIS":"Brasil","LATITUDE":-1.4178113,"LONGITUDE":-48.4457716,"PRIMEIRA_PARTIDA":"remo 0 x 4 Corinthians","DATA_PRIMEIRA_PARTIDA":"1955-05-22","ANO_PRIMEIRA_PARTIDA":1955,"ADVERSARIO":"remo","PLACAR":"0 x 4","COMPETICAO_PRIMEIRA_PARTIDA":"Amistoso","MANDO_PRIMEIRA_PARTIDA":"Visitante","TOTAL_JOGOS":1,"VITORIAS":1,"EMPATES":0,"DERROTAS":0,"APROVEITAMENTO_PCT":100.0,"GOLS_MARCADOS":4,"GOLS_SOFRIDOS":0,"ESTADIOS_COM_ESTREIA_NA_DECADA":72,"OBSERVACOES":null,"FONTE_PRIMEIRA_PARTIDA":"Meu Timão / Acervo ATLAS1910","DESCRICAO_ORIGINAL":"Estádio Francisco Vasques (Souza)<br><br>Primeira partida: remo 0 x 4 Corinthians 22/05/1955 - Amistoso","FONTE_COORDENADAS":"OpenStreetMap Nominatim (geocodificação reversa)","URL_FONTE_COORDENADAS":"https://www.openstreetmap.org/relation/185567","ATRIBUICAO_COORDENADAS":"© OpenStreetMap contributors, ODbL 1.0","PAIS_ISO3":"BRA"},"geometry":{"type":"Point","coordinates":[-48.4457716,-1.4178113]}},{"type":"Feature","properties":{"ESTADIO":"Frasqueirão","NOME_OFICIAL":"Estádio Maria Lamas Farache - FRASQUEIRÃO","CIDADE":"Natal","ESTADO":"Rio Grande do Norte","PAIS":"Brasil","LATITUDE":-5.8891468,"LONGITUDE":-35.1792889,"PRIMEIRA_PARTIDA":"abc 0 x 1 Corinthians","DATA_PRIMEIRA_PARTIDA":"2008-05-24","ANO_PRIMEIRA_PARTIDA":2008,"ADVERSARIO":"abc","PLACAR":"0 x 1","COMPETICAO_PRIMEIRA_PARTIDA":"Brasileiro B","MANDO_PRIMEIRA_PARTIDA":"Visitante","TOTAL_JOGOS":4,"VITORIAS":4,"EMPATES":0,"DERROTAS":0,"APROVEITAMENTO_PCT":100.0,"GOLS_MARCADOS":4,"GOLS_SOFRIDOS":0,"ESTADIOS_COM_ESTREIA_NA_DECADA":21,"OBSERVACOES":null,"FONTE_PRIMEIRA_PARTIDA":"Meu Timão / Acervo ATLAS1910","DESCRICAO_ORIGINAL":"Estádio Maria Lamas Farache - FRASQUEIRÃO <br><br>Primeira partida: abc 0 x 1 Corinthians 24/05/2008 - Brasileiro B","FONTE_COORDENADAS":"OpenStreetMap Nominatim (geocodificação reversa)","URL_FONTE_COORDENADAS":"https://www.openstreetmap.org/relation/301091","ATRIBUICAO_COORDENADAS":"© OpenStreetMap contributors, ODbL 1.0","CAPACIDADE":"18000","CAPACIDADE_FONTE":"Meu Timão","URL_FONTE_CAPACIDADE":"https://www.meutimao.com.br/estadio/frasqueirao/","PAIS_ISO3":"BRA"},"geometry":{"type":"Point","coordinates":[-35.1792889,-5.8891468]}},{"type":"Feature","properties":{"ESTADIO":"Frederico Dalmaso","NOME_OFICIAL":"Estádio Municipal Frederico Dalmaso","CIDADE":"Sertãozinho","ESTADO":"São Paulo","PAIS":"Brasil","LATITUDE":-21.1439821,"LONGITUDE":-47.9922131,"PRIMEIRA_PARTIDA":"sertãozinho 0 x 1 Corinthians","DATA_PRIMEIRA_PARTIDA":"1990-05-29","ANO_PRIMEIRA_PARTIDA":1990,"ADVERSARIO":"sertãozinho","PLACAR":"0 x 1","COMPETICAO_PRIMEIRA_PARTIDA":"Amistoso","MANDO_PRIMEIRA_PARTIDA":"Visitante","TOTAL_JOGOS":1,"VITORIAS":1,"EMPATES":0,"DERROTAS":0,"APROVEITAMENTO_PCT":100.0,"GOLS_MARCADOS":1,"GOLS_SOFRIDOS":0,"ESTADIOS_COM_ESTREIA_NA_DECADA":35,"OBSERVACOES":null,"FONTE_PRIMEIRA_PARTIDA":"Meu Timão / Acervo ATLAS1910","DESCRICAO_ORIGINAL":"Estádio Municipal Frederico Dalmaso<br><br>Primeira partida: sertãozinho 0 x 1 Corinthians 29/05/1990 - Amistoso","FONTE_COORDENADAS":"OpenStreetMap Nominatim (geocodificação reversa)","URL_FONTE_COORDENADAS":"https://www.openstreetmap.org/relation/298517","ATRIBUICAO_COORDENADAS":"© OpenStreetMap contributors, ODbL 1.0","PAIS_ISO3":"BRA"},"geometry":{"type":"Point","coordinates":[-47.9922131,-21.1439821]}},{"type":"Feature","properties":{"ESTADIO":"Félix Capriles","NOME_OFICIAL":null,"CIDADE":"Cochabamba","ESTADO":"Cochabamba","PAIS":"Bolivia","LATITUDE":-17.3792677,"LONGITUDE":-66.1617936,"PRIMEIRA_PARTIDA":"jorge wilstermann 1 x 1 Corinthians","DATA_PRIMEIRA_PARTIDA":"1999-04-14","ANO_PRIMEIRA_PARTIDA":1999,"ADVERSARIO":"jorge wilstermann","PLACAR":"1 x 1","COMPETICAO_PRIMEIRA_PARTIDA":"Libertadores","MANDO_PRIMEIRA_PARTIDA":"Visitante","TOTAL_JOGOS":2,"VITORIAS":0,"EMPATES":2,"DERROTAS":0,"APROVEITAMENTO_PCT":33.3,"GOLS_MARCADOS":2,"GOLS_SOFRIDOS":2,"ESTADIOS_COM_ESTREIA_NA_DECADA":35,"OBSERVACOES":null,"FONTE_PRIMEIRA_PARTIDA":"Meu Timão / Acervo ATLAS1910","DESCRICAO_ORIGINAL":"Primeira partida: jorge wilstermann 1 x 1 Corinthians 14/04/1999 - Libertadores","FONTE_COORDENADAS":"OpenStreetMap Nominatim (geocodificação reversa)","URL_FONTE_COORDENADAS":"https://www.openstreetmap.org/relation/4503297","ATRIBUICAO_COORDENADAS":"© OpenStreetMap contributors, ODbL 1.0","CAPACIDADE":"32000","CAPACIDADE_FONTE":"Meu Timão","URL_FONTE_CAPACIDADE":"https://www.meutimao.com.br/estadio/felix_capriles/","PAIS_ISO3":"BOL","FONTE_CORRECAO_PAIS":"https://data.geocode.earth/wof/dist/legacy/whosonfirst-data-country-latest.tar.bz2"},"geometry":{"type":"Point","coordinates":[-66.1617936,-17.3792677]}},{"type":"Feature","properties":{"ESTADIO":"Gauchão","NOME_OFICIAL":"Lozalização não confirmada no wikipedia ou fonte difundida.","CIDADE":"Araguaína","ESTADO":"Tocantins","PAIS":"Brasil","LATITUDE":-7.211167,"LONGITUDE":-48.23942,"PRIMEIRA_PARTIDA":"SELEÇÃO DE ARAGUAÍNA 0x4 CORINTHIANS","DATA_PRIMEIRA_PARTIDA":"1990-06-10","ANO_PRIMEIRA_PARTIDA":1990,"ADVERSARIO":"SELEÇÃO DE ARAGUAÍNA","PLACAR":"0x4","COMPETICAO_PRIMEIRA_PARTIDA":"Amistosos 1990","MANDO_PRIMEIRA_PARTIDA":"Visitante","TOTAL_JOGOS":1,"VITORIAS":1,"EMPATES":0,"DERROTAS":0,"APROVEITAMENTO_PCT":100.0,"GOLS_MARCADOS":4,"GOLS_SOFRIDOS":0,"ESTADIOS_COM_ESTREIA_NA_DECADA":35,"OBSERVACOES":"Fontes: http://wikimapia.org/3838520/pt/Est%C3%A1dio-Municipal-George-Yunes-Gauch%C3%A3o, https://www.ogol.com.br/estadio.php?id=2807","FONTE_PRIMEIRA_PARTIDA":"https://www.meutimao.com.br/jogo/2895/amistosos-1990/amistoso/selecao_de_araguaina-0-x-4-corinthians","DESCRICAO_ORIGINAL":"Lozalização não confirmada no wikipedia ou fonte difundida.<br>Fontes: http://wikimapia.org/3838520/pt/Est%C3%A1dio-Municipal-George-Yunes-Gauch%C3%A3o, https://www.ogol.com.br/estadio.php?id=2807<br><br>Primeira partida: seleção de araguaiana 0 x 4","FONTE_COORDENADAS":"OpenStreetMap Nominatim (geocodificação reversa)","URL_FONTE_COORDENADAS":"https://www.openstreetmap.org/relation/336824","ATRIBUICAO_COORDENADAS":"© OpenStreetMap contributors, ODbL 1.0","PAIS_ISO3":"BRA"},"geometry":{"type":"Point","coordinates":[-48.23942,-7.211167]}},{"type":"Feature","properties":{"ESTADIO":"General Affonseca","NOME_OFICIAL":"Atualmente Supermercado Nagumo","CIDADE":"Lorena","ESTADO":"São Paulo","PAIS":"Brasil","LATITUDE":-22.735018,"LONGITUDE":-45.1253621,"PRIMEIRA_PARTIDA":"HEPACARÉ 1x5 CORINTHIANS","DATA_PRIMEIRA_PARTIDA":"1948-11-28","ANO_PRIMEIRA_PARTIDA":1948,"ADVERSARIO":"HEPACARÉ","PLACAR":"1x5","COMPETICAO_PRIMEIRA_PARTIDA":"Amistosos 1948","MANDO_PRIMEIRA_PARTIDA":"Visitante","TOTAL_JOGOS":2,"VITORIAS":2,"EMPATES":0,"DERROTAS":0,"APROVEITAMENTO_PCT":100.0,"GOLS_MARCADOS":10,"GOLS_SOFRIDOS":2,"ESTADIOS_COM_ESTREIA_NA_DECADA":48,"OBSERVACOES":"Registros sobre o campo e a transformação para supermercado: | - https://jogosperdidos2.blogspot.com/2008/12/estadios-pelo-brasil-volume-36-estadio.html | - http://www.asmilcamisas.com.br/2019/04/08/lorena/ | <b","FONTE_PRIMEIRA_PARTIDA":"https://www.meutimao.com.br/jogo/5988/amistosos-1948/amistoso/hepacare-1-x-5-corinthians","DESCRICAO_ORIGINAL":"Atualmente Supermercado Nagumo<br><br>Registros sobre o campo e a transformação para supermercado:<br>- https://jogosperdidos2.blogspot.com/2008/12/estadios-pelo-brasil-volume-36-estadio.html<br>- http://www.asmilcamisas.com.br/2019/04/08/lorena/<br><b","FONTE_COORDENADAS":"OpenStreetMap Nominatim (geocodificação reversa)","URL_FONTE_COORDENADAS":"https://www.openstreetmap.org/relation/297911","ATRIBUICAO_COORDENADAS":"© OpenStreetMap contributors, ODbL 1.0","CAPACIDADE":"5000","CAPACIDADE_FONTE":"Meu Timão","URL_FONTE_CAPACIDADE":"https://www.meutimao.com.br/estadio/general_affonseca/","PAIS_ISO3":"BRA"},"geometry":{"type":"Point","coordinates":[-45.1253621,-22.735018]}},{"type":"Feature","properties":{"ESTADIO":"General Severiano","NOME_OFICIAL":"Wenceslau Brás - General Severiano-Sede Social do botafogo de Futebol e Regatas","CIDADE":"Rio de Janeiro","ESTADO":"Rio de Janeiro","PAIS":"Brasil","LATITUDE":-22.9537511,"LONGITUDE":-43.1779218,"PRIMEIRA_PARTIDA":"BOTAFOGO 7x1 CORINTHIANS","DATA_PRIMEIRA_PARTIDA":"1931-05-06","ANO_PRIMEIRA_PARTIDA":1931,"ADVERSARIO":"BOTAFOGO","PLACAR":"7x1","COMPETICAO_PRIMEIRA_PARTIDA":"Taça dos Campeões 1931","MANDO_PRIMEIRA_PARTIDA":"Visitante","TOTAL_JOGOS":4,"VITORIAS":2,"EMPATES":0,"DERROTAS":2,"APROVEITAMENTO_PCT":50.0,"GOLS_MARCADOS":4,"GOLS_SOFRIDOS":14,"ESTADIOS_COM_ESTREIA_NA_DECADA":19,"OBSERVACOES":"Estádio já demolido, terreno deixou de ser do botafogo duante anos e voltou a ser na década de 90 (https://pt.wikipedia.org/wiki/Est%C3%A1dio_de_General_Severiano)","FONTE_PRIMEIRA_PARTIDA":"https://www.meutimao.com.br/jogo/6609/taca-dos-campeoes-1931/botafogo-7-x-1-corinthians","DESCRICAO_ORIGINAL":"Wenceslau Brás - General Severiano-Sede Social do botafogo de Futebol e Regatas<br><br>Estádio já demolido, terreno deixou de ser do botafogo duante anos e voltou a ser na década de 90 (https://pt.wikipedia.org/wiki/Est%C3%A1dio_de_General_Severiano)","FONTE_COORDENADAS":"OpenStreetMap Nominatim (geocodificação reversa)","URL_FONTE_COORDENADAS":"https://www.openstreetmap.org/relation/2697338","ATRIBUICAO_COORDENADAS":"© OpenStreetMap contributors, ODbL 1.0","CAPACIDADE":"20000","CAPACIDADE_FONTE":"Meu Timão","URL_FONTE_CAPACIDADE":"https://www.meutimao.com.br/estadio/general_severiano/","PAIS_ISO3":"BRA"},"geometry":{"type":"Point","coordinates":[-43.1779218,-22.9537511]}},{"type":"Feature","properties":{"ESTADIO":"George Capwell","NOME_OFICIAL":null,"CIDADE":"Guayaquil","ESTADO":"Guayas","PAIS":"Ecuador","LATITUDE":-2.2067158,"LONGITUDE":-79.8937912,"PRIMEIRA_PARTIDA":"emelec 0 x 0 Corinthians","DATA_PRIMEIRA_PARTIDA":"2012-05-02","ANO_PRIMEIRA_PARTIDA":2012,"ADVERSARIO":"emelec","PLACAR":"0 x 0","COMPETICAO_PRIMEIRA_PARTIDA":"Libertadores","MANDO_PRIMEIRA_PARTIDA":"Visitante","TOTAL_JOGOS":2,"VITORIAS":0,"EMPATES":2,"DERROTAS":0,"APROVEITAMENTO_PCT":33.3,"GOLS_MARCADOS":0,"GOLS_SOFRIDOS":0,"ESTADIOS_COM_ESTREIA_NA_DECADA":31,"OBSERVACOES":null,"FONTE_PRIMEIRA_PARTIDA":"Meu Timão / Acervo ATLAS1910","DESCRICAO_ORIGINAL":"Primeira partida: emelec 0 x 0 Corinthians 02/05/2012 - Libertadores","FONTE_COORDENADAS":"OpenStreetMap Nominatim (geocodificação reversa)","URL_FONTE_COORDENADAS":"https://www.openstreetmap.org/relation/2403848","ATRIBUICAO_COORDENADAS":"© OpenStreetMap contributors, ODbL 1.0","PAIS_ISO3":"ECU","FONTE_CORRECAO_PAIS":"https://data.geocode.earth/wof/dist/legacy/whosonfirst-data-country-latest.tar.bz2"},"geometry":{"type":"Point","coordinates":[-79.8937912,-2.2067158]}},{"type":"Feature","properties":{"ESTADIO":"Gerland","NOME_OFICIAL":"Matmut Stadium","CIDADE":"Lião","ESTADO":"Auvergne-Rhône-Alpes","PAIS":"France","LATITUDE":45.723699,"LONGITUDE":4.8321401000001,"PRIMEIRA_PARTIDA":"lyon 0 x 1 Corinthians","DATA_PRIMEIRA_PARTIDA":"1996-07-18","ANO_PRIMEIRA_PARTIDA":1996,"ADVERSARIO":"lyon","PLACAR":"0 x 1","COMPETICAO_PRIMEIRA_PARTIDA":"Amistoso","MANDO_PRIMEIRA_PARTIDA":"Visitante","TOTAL_JOGOS":1,"VITORIAS":1,"EMPATES":0,"DERROTAS":0,"APROVEITAMENTO_PCT":100.0,"GOLS_MARCADOS":1,"GOLS_SOFRIDOS":0,"ESTADIOS_COM_ESTREIA_NA_DECADA":35,"OBSERVACOES":null,"FONTE_PRIMEIRA_PARTIDA":"Meu Timão / Acervo ATLAS1910","DESCRICAO_ORIGINAL":"Matmut Stadium<br><br>Primeira partida: lyon 0 x 1 Corinthians 18/07/1996 - Amistoso","FONTE_COORDENADAS":"OpenStreetMap Nominatim (geocodificação reversa)","URL_FONTE_COORDENADAS":"https://www.openstreetmap.org/relation/120965","ATRIBUICAO_COORDENADAS":"© OpenStreetMap contributors, ODbL 1.0","PAIS_ISO3":"FRA","FONTE_CORRECAO_PAIS":"https://data.geocode.earth/wof/dist/legacy/whosonfirst-data-country-latest.tar.bz2"},"geometry":{"type":"Point","coordinates":[4.83214010000006,45.723699]}},{"type":"Feature","properties":{"ESTADIO":"Germano Krüger","NOME_OFICIAL":null,"CIDADE":"Ponta Grossa","ESTADO":"Paraná","PAIS":"Brasil","LATITUDE":-25.1161531,"LONGITUDE":-50.1566018,"PRIMEIRA_PARTIDA":"operario ferroviario 1 x 7 Corinthians","DATA_PRIMEIRA_PARTIDA":"1962-03-01","ANO_PRIMEIRA_PARTIDA":1962,"ADVERSARIO":"operario ferroviario","PLACAR":"1 x 7","COMPETICAO_PRIMEIRA_PARTIDA":"Amistoso","MANDO_PRIMEIRA_PARTIDA":"Visitante","TOTAL_JOGOS":4,"VITORIAS":4,"EMPATES":0,"DERROTAS":0,"APROVEITAMENTO_PCT":100.0,"GOLS_MARCADOS":22,"GOLS_SOFRIDOS":4,"ESTADIOS_COM_ESTREIA_NA_DECADA":56,"OBSERVACOES":null,"FONTE_PRIMEIRA_PARTIDA":"Meu Timão / Acervo ATLAS1910","DESCRICAO_ORIGINAL":"Primeira partida: operario ferroviario 1 x 7 Corinthians 01/03/1962 - Amistoso","FONTE_COORDENADAS":"OpenStreetMap Nominatim (geocodificação reversa)","URL_FONTE_COORDENADAS":"https://www.openstreetmap.org/relation/297796","ATRIBUICAO_COORDENADAS":"© OpenStreetMap contributors, ODbL 1.0","CAPACIDADE":"10632","CAPACIDADE_FONTE":"Meu Timão","URL_FONTE_CAPACIDADE":"https://www.meutimao.com.br/estadio/germano_kruger/","PAIS_ISO3":"BRA"},"geometry":{"type":"Point","coordinates":[-50.1566018,-25.1161531]}},{"type":"Feature","properties":{"ESTADIO":"Gigante de Arroyito","NOME_OFICIAL":null,"CIDADE":"Rosário","ESTADO":"Santa Fe","PAIS":"Argentina","LATITUDE":-32.9140305,"LONGITUDE":-60.6745499,"PRIMEIRA_PARTIDA":"rosario central 3 x 2 Corinthians","DATA_PRIMEIRA_PARTIDA":"2000-05-03","ANO_PRIMEIRA_PARTIDA":2000,"ADVERSARIO":"rosario central","PLACAR":"3 x 2","COMPETICAO_PRIMEIRA_PARTIDA":"Libertadores","MANDO_PRIMEIRA_PARTIDA":"Visitante","TOTAL_JOGOS":4,"VITORIAS":0,"EMPATES":2,"DERROTAS":2,"APROVEITAMENTO_PCT":16.7,"GOLS_MARCADOS":4,"GOLS_SOFRIDOS":6,"ESTADIOS_COM_ESTREIA_NA_DECADA":21,"OBSERVACOES":null,"FONTE_PRIMEIRA_PARTIDA":"Meu Timão / Acervo ATLAS1910","DESCRICAO_ORIGINAL":"Primeira partida: rosario central 3 x 2 Corinthians 03/05/2000 - Libertadores","FONTE_COORDENADAS":"OpenStreetMap Nominatim (geocodificação reversa)","URL_FONTE_COORDENADAS":"https://www.openstreetmap.org/relation/3594027","ATRIBUICAO_COORDENADAS":"© OpenStreetMap contributors, ODbL 1.0","CAPACIDADE":"46955","CAPACIDADE_FONTE":"StadiumDB.com","URL_FONTE_CAPACIDADE":"https://stadiumdb.com/stadiums/arg/el_gigante_de_arroyito","PAIS_ISO3":"ARG","FONTE_CORRECAO_PAIS":"https://data.geocode.earth/wof/dist/legacy/whosonfirst-data-country-latest.tar.bz2"},"geometry":{"type":"Point","coordinates":[-60.6745499,-32.9140305]}},{"type":"Feature","properties":{"ESTADIO":"Ground do Santos Dumont","NOME_OFICIAL":"Bairro Cidade Santos Dumont","CIDADE":"Jundiaí","ESTADO":"São Paulo","PAIS":"Brasil","LATITUDE":-23.1676264,"LONGITUDE":-46.9101143,"PRIMEIRA_PARTIDA":"paulista de jundiai 0 x 1 Corinthians","DATA_PRIMEIRA_PARTIDA":"1912-06-09","ANO_PRIMEIRA_PARTIDA":1912,"ADVERSARIO":"paulista de jundiai","PLACAR":"0 x 1","COMPETICAO_PRIMEIRA_PARTIDA":"Jogo Varzeano","MANDO_PRIMEIRA_PARTIDA":"Visitante","TOTAL_JOGOS":2,"VITORIAS":2,"EMPATES":0,"DERROTAS":0,"APROVEITAMENTO_PCT":100.0,"GOLS_MARCADOS":2,"GOLS_SOFRIDOS":0,"ESTADIOS_COM_ESTREIA_NA_DECADA":28,"OBSERVACOES":"Localização exata não encontrada - Não encontrei referências","FONTE_PRIMEIRA_PARTIDA":"Meu Timão / Acervo ATLAS1910","DESCRICAO_ORIGINAL":"Bairro Cidade Santos Dumont<br><br>Localização exata não encontrada - Não encontrei referências<br><br>Primeira partida: paulista de jundiai 0 x 1 Corinthians 09/06/1912 - Jogo Varzeano","FONTE_COORDENADAS":"OpenStreetMap Nominatim (geocodificação reversa)","URL_FONTE_COORDENADAS":"https://www.openstreetmap.org/relation/297991","ATRIBUICAO_COORDENADAS":"© OpenStreetMap contributors, ODbL 1.0","CAPACIDADE":"1000","CAPACIDADE_FONTE":"Meu Timão","URL_FONTE_CAPACIDADE":"https://www.meutimao.com.br/estadio/ground_do_santos_dumont/","PAIS_ISO3":"BRA"},"geometry":{"type":"Point","coordinates":[-46.9101143,-23.1676264]}},{"type":"Feature","properties":{"ESTADIO":"Gustavo Nunes Diniz","NOME_OFICIAL":"Cidade de Cambará","CIDADE":"Cambará","ESTADO":"Paraná","PAIS":"Brasil","LATITUDE":-23.0465199,"LONGITUDE":-50.0720282,"PRIMEIRA_PARTIDA":"CAMBARAENSE 0x3 CORINTHIANS","DATA_PRIMEIRA_PARTIDA":"1950-06-04","ANO_PRIMEIRA_PARTIDA":1950,"ADVERSARIO":"CAMBARAENSE","PLACAR":"0x3","COMPETICAO_PRIMEIRA_PARTIDA":"Amistosos 1950","MANDO_PRIMEIRA_PARTIDA":"Visitante","TOTAL_JOGOS":1,"VITORIAS":1,"EMPATES":0,"DERROTAS":0,"APROVEITAMENTO_PCT":100.0,"GOLS_MARCADOS":3,"GOLS_SOFRIDOS":0,"ESTADIOS_COM_ESTREIA_NA_DECADA":72,"OBSERVACOES":"Localização exata não encontrada, clube extinto desde 1963. | A fonte: https://www.folhadelondrina.com.br/esporte/cambaraense-teve-trajetoria-curta-mas-vitoriosa-467307.html informa que o estádio situava-se na Vila Rubi","FONTE_PRIMEIRA_PARTIDA":"https://www.meutimao.com.br/jogo/5834/amistosos-1950/amistoso/cambaraense-0-x-3-corinthians","DESCRICAO_ORIGINAL":"Cidade de Cambará<br><br>Localização exata não encontrada, clube extinto desde 1963.<br><br>A fonte: https://www.folhadelondrina.com.br/esporte/cambaraense-teve-trajetoria-curta-mas-vitoriosa-467307.html informa que o estádio situava-se na Vila Rubi","FONTE_COORDENADAS":"OpenStreetMap Nominatim (geocodificação reversa)","URL_FONTE_COORDENADAS":"https://www.openstreetmap.org/relation/297500","ATRIBUICAO_COORDENADAS":"© OpenStreetMap contributors, ODbL 1.0","PAIS_ISO3":"BRA"},"geometry":{"type":"Point","coordinates":[-50.0720282,-23.0465199]}},{"type":"Feature","properties":{"ESTADIO":"Gymnásio de Jaú","NOME_OFICIAL":"Cidade de Jaú","CIDADE":"Jaú","ESTADO":"SP","PAIS":"Brasil","LATITUDE":-22.30275,"LONGITUDE":-48.5755491,"PRIMEIRA_PARTIDA":"XV de Jaú 0 x 2 Corinthians","DATA_PRIMEIRA_PARTIDA":"1935-08-25","ANO_PRIMEIRA_PARTIDA":1935,"ADVERSARIO":"XV de Jaú","PLACAR":"0 x 2","COMPETICAO_PRIMEIRA_PARTIDA":"Amistoso","MANDO_PRIMEIRA_PARTIDA":null,"TOTAL_JOGOS":1,"VITORIAS":0,"EMPATES":0,"DERROTAS":0,"APROVEITAMENTO_PCT":0.0,"GOLS_MARCADOS":0,"GOLS_SOFRIDOS":0,"ESTADIOS_COM_ESTREIA_NA_DECADA":19,"OBSERVACOES":"Localização exata não encontrada, não consegui ter certeza se o Ginásio de Jaú indicado em alguns sites é o mesmo onde aconteceram os jogos. | Partidas até 1936","FONTE_PRIMEIRA_PARTIDA":"Meu Timão / Acervo ATLAS1910","DESCRICAO_ORIGINAL":"Cidade de Jaú<br><br>Localização exata não encontrada, não consegui ter certeza se o Ginásio de Jaú indicado em alguns sites é o mesmo onde aconteceram os jogos.<br><br>Partidas até 1936<br><br>Primeira partida: xv de jaú 0 x 3 Corinthians 15/1","PAIS_ISO3":"BRA"},"geometry":{"type":"Point","coordinates":[-48.5755491,-22.30275]}},{"type":"Feature","properties":{"ESTADIO":"Hercílio Luz","NOME_OFICIAL":"Estádio Dr. Hercílio Luz","CIDADE":"Itajaí","ESTADO":"Santa Catarina","PAIS":"Brasil","LATITUDE":-26.9084026,"LONGITUDE":-48.6597802,"PRIMEIRA_PARTIDA":"marcilio dias 0 x 1 Corinthians","DATA_PRIMEIRA_PARTIDA":"1968-08-18","ANO_PRIMEIRA_PARTIDA":1968,"ADVERSARIO":"marcilio dias","PLACAR":"0 x 1","COMPETICAO_PRIMEIRA_PARTIDA":"Amistoso","MANDO_PRIMEIRA_PARTIDA":"Visitante","TOTAL_JOGOS":2,"VITORIAS":2,"EMPATES":0,"DERROTAS":0,"APROVEITAMENTO_PCT":100.0,"GOLS_MARCADOS":2,"GOLS_SOFRIDOS":0,"ESTADIOS_COM_ESTREIA_NA_DECADA":56,"OBSERVACOES":null,"FONTE_PRIMEIRA_PARTIDA":"Meu Timão / Acervo ATLAS1910","DESCRICAO_ORIGINAL":"Estádio Dr. Hercílio Luz<br><br>Primeira partida: marcilio dias 0 x 1 Corinthians 18/08/1968 - Amistoso","FONTE_COORDENADAS":"OpenStreetMap Nominatim (geocodificação reversa)","URL_FONTE_COORDENADAS":"https://www.openstreetmap.org/relation/296666","ATRIBUICAO_COORDENADAS":"© OpenStreetMap contributors, ODbL 1.0","CAPACIDADE":"6010","CAPACIDADE_FONTE":"Meu Timão","URL_FONTE_CAPACIDADE":"https://www.meutimao.com.br/estadio/hercilio_luz/","PAIS_ISO3":"BRA"},"geometry":{"type":"Point","coordinates":[-48.6597802,-26.9084026]}},{"type":"Feature","properties":{"ESTADIO":"Heriberto Hulse","NOME_OFICIAL":null,"CIDADE":"Criciúma","ESTADO":"Santa Catarina","PAIS":"Brasil","LATITUDE":-28.6845169,"LONGITUDE":-49.3676877,"PRIMEIRA_PARTIDA":"PONTE PRETA 0x6 CORINTHIANS","DATA_PRIMEIRA_PARTIDA":"1948-12-08","ANO_PRIMEIRA_PARTIDA":1948,"ADVERSARIO":"PONTE PRETA","PLACAR":"0x6","COMPETICAO_PRIMEIRA_PARTIDA":"Amistosos 1948","MANDO_PRIMEIRA_PARTIDA":"Visitante","TOTAL_JOGOS":77,"VITORIAS":30,"EMPATES":26,"DERROTAS":21,"APROVEITAMENTO_PCT":50.2,"GOLS_MARCADOS":112,"GOLS_SOFRIDOS":89,"ESTADIOS_COM_ESTREIA_NA_DECADA":48,"OBSERVACOES":null,"FONTE_PRIMEIRA_PARTIDA":"https://www.meutimao.com.br/jogo/5979/amistosos-1948/amistoso/ponte_preta-0-x-6-corinthians","DESCRICAO_ORIGINAL":"Primeira partida: criciúma 1 x 0 Corinthians 10/12/1986 - Brasileiro","FONTE_COORDENADAS":"OpenStreetMap Nominatim (geocodificação reversa)","URL_FONTE_COORDENADAS":"https://www.openstreetmap.org/relation/296527","ATRIBUICAO_COORDENADAS":"© OpenStreetMap contributors, ODbL 1.0","PAIS_ISO3":"BRA"},"geometry":{"type":"Point","coordinates":[-49.3676877,-28.6845169]}},{"type":"Feature","properties":{"ESTADIO":"Hermínio Ometto","NOME_OFICIAL":"Estádio Municipal Doutor Hermínio Ometto","CIDADE":"Araras","ESTADO":"SP","PAIS":"Brasil","LATITUDE":-22.3592045,"LONGITUDE":-47.3406672,"PRIMEIRA_PARTIDA":"união são joão de araras 2 x 0 Corinthians","DATA_PRIMEIRA_PARTIDA":"1989-02-12","ANO_PRIMEIRA_PARTIDA":1989,"ADVERSARIO":"união são joão de araras","PLACAR":"2 x 0","COMPETICAO_PRIMEIRA_PARTIDA":"Amistoso","MANDO_PRIMEIRA_PARTIDA":"Visitante","TOTAL_JOGOS":30,"VITORIAS":15,"EMPATES":3,"DERROTAS":12,"APROVEITAMENTO_PCT":53.3,"GOLS_MARCADOS":30,"GOLS_SOFRIDOS":30,"ESTADIOS_COM_ESTREIA_NA_DECADA":37,"OBSERVACOES":null,"FONTE_PRIMEIRA_PARTIDA":"Meu Timão / Acervo ATLAS1910","DESCRICAO_ORIGINAL":"Estádio Municipal Doutor Hermínio Ometto<br><br>Primeira partida: união são joão de araras 2 x 0 Corinthians 12/02/1989 - Amistoso","PAIS_ISO3":"BRA"},"geometry":{"type":"Point","coordinates":[-47.3406672,-22.3592045]}},{"type":"Feature","properties":{"ESTADIO":"Hernando Siles","NOME_OFICIAL":"Olympic Stadium Hernando Siles","CIDADE":"La Paz","ESTADO":"La Paz","PAIS":"Bolivia","LATITUDE":-16.499465,"LONGITUDE":-68.1226791,"PRIMEIRA_PARTIDA":"the strongest 0 x 2 Corinthians","DATA_PRIMEIRA_PARTIDA":"2003-04-09","ANO_PRIMEIRA_PARTIDA":2003,"ADVERSARIO":"the strongest","PLACAR":"0 x 2","COMPETICAO_PRIMEIRA_PARTIDA":"Libertadores","MANDO_PRIMEIRA_PARTIDA":"Visitante","TOTAL_JOGOS":4,"VITORIAS":2,"EMPATES":0,"DERROTAS":2,"APROVEITAMENTO_PCT":50.0,"GOLS_MARCADOS":4,"GOLS_SOFRIDOS":4,"ESTADIOS_COM_ESTREIA_NA_DECADA":21,"OBSERVACOES":null,"FONTE_PRIMEIRA_PARTIDA":"Meu Timão / Acervo ATLAS1910","DESCRICAO_ORIGINAL":"Olympic Stadium Hernando Siles<br><br>Primeira partida: the strongest 0 x 2 Corinthians 09/04/2003 - Libertadores","FONTE_COORDENADAS":"OpenStreetMap Nominatim (geocodificação reversa)","URL_FONTE_COORDENADAS":"https://www.openstreetmap.org/relation/4499870","ATRIBUICAO_COORDENADAS":"© OpenStreetMap contributors, ODbL 1.0","CAPACIDADE":"42000","CAPACIDADE_FONTE":"StadiumDB.com","URL_FONTE_CAPACIDADE":"https://stadiumdb.com/stadiums/bol/estadio_hernando_siles","PAIS_ISO3":"BOL","FONTE_CORRECAO_PAIS":"https://data.geocode.earth/wof/dist/legacy/whosonfirst-data-country-latest.tar.bz2"},"geometry":{"type":"Point","coordinates":[-68.1226791,-16.499465]}},{"type":"Feature","properties":{"ESTADIO":"Highbury","NOME_OFICIAL":"Estádio demolido em 2006","CIDADE":"Grande Londres","ESTADO":"Inglaterra","PAIS":"United Kingdom","LATITUDE":51.557732,"LONGITUDE":-0.101917500000013,"PRIMEIRA_PARTIDA":"arsenal 2 x 0 Corinthians","DATA_PRIMEIRA_PARTIDA":"1965-11-16","ANO_PRIMEIRA_PARTIDA":1965,"ADVERSARIO":"arsenal","PLACAR":"2 x 0","COMPETICAO_PRIMEIRA_PARTIDA":"Amistoso","MANDO_PRIMEIRA_PARTIDA":"Visitante","TOTAL_JOGOS":1,"VITORIAS":0,"EMPATES":0,"DERROTAS":1,"APROVEITAMENTO_PCT":0.0,"GOLS_MARCADOS":0,"GOLS_SOFRIDOS":2,"ESTADIOS_COM_ESTREIA_NA_DECADA":56,"OBSERVACOES":"O Corinthians representando a seleção brasileira","FONTE_PRIMEIRA_PARTIDA":"Meu Timão / Acervo ATLAS1910","DESCRICAO_ORIGINAL":"Estádio demolido em 2006<br><br>O Corinthians representando a seleção brasileira<br><br>Primeira partida: arsenal 2 x 0 Corinthians 16/11/1965 - Amistoso","FONTE_COORDENADAS":"OpenStreetMap Nominatim (geocodificação reversa)","URL_FONTE_COORDENADAS":"https://www.openstreetmap.org/relation/51821","ATRIBUICAO_COORDENADAS":"© OpenStreetMap contributors, ODbL 1.0","PAIS_ISO3":"GBR","FONTE_CORRECAO_PAIS":"https://data.geocode.earth/wof/dist/legacy/whosonfirst-data-country-latest.tar.bz2"},"geometry":{"type":"Point","coordinates":[-0.101917500000013,51.557732]}},{"type":"Feature","properties":{"ESTADIO":"Hong Kong Stadium","NOME_OFICIAL":null,"CIDADE":"Hong Kong","ESTADO":null,"PAIS":"Hong Kong","LATITUDE":22.2730071,"LONGITUDE":114.1886196,"PRIMEIRA_PARTIDA":"seiko 0 x 0 Corinthians","DATA_PRIMEIRA_PARTIDA":"1984-01-24","ANO_PRIMEIRA_PARTIDA":1984,"ADVERSARIO":"seiko","PLACAR":"0 x 0","COMPETICAO_PRIMEIRA_PARTIDA":"Amistoso","MANDO_PRIMEIRA_PARTIDA":"Visitante","TOTAL_JOGOS":2,"VITORIAS":0,"EMPATES":2,"DERROTAS":0,"APROVEITAMENTO_PCT":33.3,"GOLS_MARCADOS":0,"GOLS_SOFRIDOS":0,"ESTADIOS_COM_ESTREIA_NA_DECADA":37,"OBSERVACOES":null,"FONTE_PRIMEIRA_PARTIDA":"Meu Timão / Acervo ATLAS1910","DESCRICAO_ORIGINAL":"Primeira partida: seiko 0 x 0 Corinthians 24/01/1984 - Amistoso","FONTE_COORDENADAS":"OpenStreetMap Nominatim (geocodificação reversa)","URL_FONTE_COORDENADAS":"https://www.openstreetmap.org/relation/2558883","ATRIBUICAO_COORDENADAS":"© OpenStreetMap contributors, ODbL 1.0","CAPACIDADE":"40000","CAPACIDADE_FONTE":"StadiumDB.com","URL_FONTE_CAPACIDADE":"https://stadiumdb.com/stadiums/hkg/hong_kong_stadium","FONTE_CORRECAO_LOCALIDADE":"https://www.lcsd.gov.hk/en/stadium/hs.html","PAIS_ISO3":"HKG"},"geometry":{"type":"Point","coordinates":[114.1886196,22.2730071]}},{"type":"Feature","properties":{"ESTADIO":"Horácio Antônio da Costa","NOME_OFICIAL":"Estádio Cerecamp","CIDADE":"Campinas","ESTADO":"São Paulo","PAIS":"Brasil","LATITUDE":-22.8958907,"LONGITUDE":-47.0694161,"PRIMEIRA_PARTIDA":"PONTE PRETA 1x7 CORINTHIANS","DATA_PRIMEIRA_PARTIDA":"1943-12-05","ANO_PRIMEIRA_PARTIDA":1943,"ADVERSARIO":"PONTE PRETA","PLACAR":"1x7","COMPETICAO_PRIMEIRA_PARTIDA":"Amistosos 1943","MANDO_PRIMEIRA_PARTIDA":"Visitante","TOTAL_JOGOS":5,"VITORIAS":4,"EMPATES":0,"DERROTAS":1,"APROVEITAMENTO_PCT":80.0,"GOLS_MARCADOS":19,"GOLS_SOFRIDOS":7,"ESTADIOS_COM_ESTREIA_NA_DECADA":48,"OBSERVACOES":"Conhecido também como estádio da Mogiana, hoje. Estádio Cerecamp | - Matéria sobre o antigo clube e a praça de esportes (https://ihggcampinas.org/2019/09/04/o-esporte-clube-mogiana-e-a-praca-de-esportes-horacio-costa/)<","FONTE_PRIMEIRA_PARTIDA":"https://www.meutimao.com.br/jogo/6194/amistosos-1943/amistoso/ponte_preta-1-x-7-corinthians","DESCRICAO_ORIGINAL":"Estádio Cerecamp<br><br>Conhecido também como estádio da Mogiana, hoje. Estádio Cerecamp<br><br>- Matéria sobre o antigo clube e a praça de esportes (https://ihggcampinas.org/2019/09/04/o-esporte-clube-mogiana-e-a-praca-de-esportes-horacio-costa/)<","FONTE_COORDENADAS":"OpenStreetMap Nominatim (geocodificação reversa)","URL_FONTE_COORDENADAS":"https://www.openstreetmap.org/relation/298227","ATRIBUICAO_COORDENADAS":"© OpenStreetMap contributors, ODbL 1.0","PAIS_ISO3":"BRA"},"geometry":{"type":"Point","coordinates":[-47.0694161,-22.8958907]}},{"type":"Feature","properties":{"ESTADIO":"Horácio Klabin","NOME_OFICIAL":null,"CIDADE":"Telêmaco Borba","ESTADO":"Paraná","PAIS":"Brasil","LATITUDE":-24.3279349,"LONGITUDE":-50.6201913,"PRIMEIRA_PARTIDA":"athletico-PR 3 x 3 Corinthians","DATA_PRIMEIRA_PARTIDA":"1949-04-10","ANO_PRIMEIRA_PARTIDA":1949,"ADVERSARIO":"athletico-PR","PLACAR":"3 x 3","COMPETICAO_PRIMEIRA_PARTIDA":"Amistoso","MANDO_PRIMEIRA_PARTIDA":"Visitante","TOTAL_JOGOS":1,"VITORIAS":0,"EMPATES":1,"DERROTAS":0,"APROVEITAMENTO_PCT":33.3,"GOLS_MARCADOS":3,"GOLS_SOFRIDOS":3,"ESTADIOS_COM_ESTREIA_NA_DECADA":48,"OBSERVACOES":null,"FONTE_PRIMEIRA_PARTIDA":"Meu Timão / Acervo ATLAS1910","DESCRICAO_ORIGINAL":"Primeira partida: athletico-PR 3 x 3 Corinthians 10/04/1949 - Amistoso","FONTE_COORDENADAS":"OpenStreetMap Nominatim (geocodificação reversa)","URL_FONTE_COORDENADAS":"https://www.openstreetmap.org/relation/297518","ATRIBUICAO_COORDENADAS":"© OpenStreetMap contributors, ODbL 1.0","PAIS_ISO3":"BRA"},"geometry":{"type":"Point","coordinates":[-50.6201913,-24.3279349]}},{"type":"Feature","properties":{"ESTADIO":"Hudson Buck Ferreira","NOME_OFICIAL":"Estádio Municipal Doutor Hudson Buck Ferreira","CIDADE":"Matão","ESTADO":"SP","PAIS":"Brasil","LATITUDE":-21.6073952,"LONGITUDE":-48.3667262,"PRIMEIRA_PARTIDA":"matonense 2 x 4 Corinthians","DATA_PRIMEIRA_PARTIDA":"1999-03-06","ANO_PRIMEIRA_PARTIDA":1999,"ADVERSARIO":"matonense","PLACAR":"2 x 4","COMPETICAO_PRIMEIRA_PARTIDA":"Paulista","MANDO_PRIMEIRA_PARTIDA":"Visitante","TOTAL_JOGOS":9,"VITORIAS":3,"EMPATES":0,"DERROTAS":6,"APROVEITAMENTO_PCT":33.3,"GOLS_MARCADOS":18,"GOLS_SOFRIDOS":21,"ESTADIOS_COM_ESTREIA_NA_DECADA":35,"OBSERVACOES":null,"FONTE_PRIMEIRA_PARTIDA":"Meu Timão / Acervo ATLAS1910","DESCRICAO_ORIGINAL":"Estádio Municipal Doutor Hudson Buck Ferreira<br><br>Primeira partida: matonense 2 x 4 Corinthians 06/03/1999 - Paulista","PAIS_ISO3":"BRA"},"geometry":{"type":"Point","coordinates":[-48.3667262,-21.6073952]}},{"type":"Feature","properties":{"ESTADIO":"Hyppodromo Campineiro","NOME_OFICIAL":"Sesc Campinas","CIDADE":"Campinas","ESTADO":"São Paulo","PAIS":"Brasil","LATITUDE":-22.904163,"LONGITUDE":-47.0749616,"PRIMEIRA_PARTIDA":"ponte preta 1 x 2 Corinthias","DATA_PRIMEIRA_PARTIDA":"1914-10-04","ANO_PRIMEIRA_PARTIDA":1914,"ADVERSARIO":"ponte preta","PLACAR":"1 x 2","COMPETICAO_PRIMEIRA_PARTIDA":"Amistoso","MANDO_PRIMEIRA_PARTIDA":"Visitante","TOTAL_JOGOS":5,"VITORIAS":5,"EMPATES":0,"DERROTAS":0,"APROVEITAMENTO_PCT":100.0,"GOLS_MARCADOS":17,"GOLS_SOFRIDOS":5,"ESTADIOS_COM_ESTREIA_NA_DECADA":28,"OBSERVACOES":"Localização exata não encontrada, deduzi que seja o local onde ficava o hipódromo do Bonfim.","FONTE_PRIMEIRA_PARTIDA":"Meu Timão / Acervo ATLAS1910","DESCRICAO_ORIGINAL":"Sesc Campinas<br><br>Localização exata não encontrada, deduzi que seja o local onde ficava o hipódromo do Bonfim.<br><br>Primeira partida: ponte preta 1 x 2 Corinthias 04/10/1914 - Amistoso","FONTE_COORDENADAS":"OpenStreetMap Nominatim (geocodificação reversa)","URL_FONTE_COORDENADAS":"https://www.openstreetmap.org/relation/298227","ATRIBUICAO_COORDENADAS":"© OpenStreetMap contributors, ODbL 1.0","PAIS_ISO3":"BRA"},"geometry":{"type":"Point","coordinates":[-47.0749616,-22.904163]}},{"type":"Feature","properties":{"ESTADIO":"Ibirapuera","NOME_OFICIAL":"Estádio Ícaro de Castro Melo","CIDADE":"São Paulo","ESTADO":"São Paulo","PAIS":"Brasil","LATITUDE":-23.5781368,"LONGITUDE":-46.6544714,"PRIMEIRA_PARTIDA":"Corinthians 3 x 1 fluminense","DATA_PRIMEIRA_PARTIDA":"1996-10-13","ANO_PRIMEIRA_PARTIDA":1996,"ADVERSARIO":"fluminense","PLACAR":"3 x 1","COMPETICAO_PRIMEIRA_PARTIDA":"Brasileiro","MANDO_PRIMEIRA_PARTIDA":"Mandante","TOTAL_JOGOS":1,"VITORIAS":1,"EMPATES":0,"DERROTAS":0,"APROVEITAMENTO_PCT":100.0,"GOLS_MARCADOS":3,"GOLS_SOFRIDOS":1,"ESTADIOS_COM_ESTREIA_NA_DECADA":35,"OBSERVACOES":null,"FONTE_PRIMEIRA_PARTIDA":"Meu Timão / Acervo ATLAS1910","DESCRICAO_ORIGINAL":"Estádio Ícaro de Castro Melo<br><br>Primeira partida: Corinthians 3 x 1 fluminense 13/10/1996 - Brasileiro","FONTE_COORDENADAS":"OpenStreetMap Nominatim (geocodificação reversa)","URL_FONTE_COORDENADAS":"https://www.openstreetmap.org/relation/298285","ATRIBUICAO_COORDENADAS":"© OpenStreetMap contributors, ODbL 1.0","PAIS_ISO3":"BRA"},"geometry":{"type":"Point","coordinates":[-46.6544714,-23.5781368]}},{"type":"Feature","properties":{"ESTADIO":"Ilha do Retiro","NOME_OFICIAL":"Estádio Adelmar da Costa Carvalho","CIDADE":"Recife","ESTADO":"Pernambuco","PAIS":"Brasil","LATITUDE":-8.0629168,"LONGITUDE":-34.9029094,"PRIMEIRA_PARTIDA":"américa 0 x 3 Corinthians","DATA_PRIMEIRA_PARTIDA":"1954-05-06","ANO_PRIMEIRA_PARTIDA":1954,"ADVERSARIO":"américa","PLACAR":"0 x 3","COMPETICAO_PRIMEIRA_PARTIDA":"Amistoso","MANDO_PRIMEIRA_PARTIDA":"Visitante","TOTAL_JOGOS":70,"VITORIAS":22,"EMPATES":18,"DERROTAS":30,"APROVEITAMENTO_PCT":40.0,"GOLS_MARCADOS":82,"GOLS_SOFRIDOS":82,"ESTADIOS_COM_ESTREIA_NA_DECADA":72,"OBSERVACOES":null,"FONTE_PRIMEIRA_PARTIDA":"Meu Timão / Acervo ATLAS1910","DESCRICAO_ORIGINAL":"Estádio Adelmar da Costa Carvalho<br><br>Primeira partida: américa 0 x 3 Corinthians 06/05/1954 - Amistoso","FONTE_COORDENADAS":"OpenStreetMap Nominatim (geocodificação reversa)","URL_FONTE_COORDENADAS":"https://www.openstreetmap.org/relation/303585","ATRIBUICAO_COORDENADAS":"© OpenStreetMap contributors, ODbL 1.0","CAPACIDADE":"45500","CAPACIDADE_FONTE":"StadiumDB.com","URL_FONTE_CAPACIDADE":"https://stadiumdb.com/stadiums/bra/estadio_ilha_do_retiro","PAIS_ISO3":"BRA"},"geometry":{"type":"Point","coordinates":[-34.9029094,-8.0629168]}},{"type":"Feature","properties":{"ESTADIO":"Ismet Inonu/Mitatpasa","NOME_OFICIAL":"Vodafone Park","CIDADE":"Istambul","ESTADO":null,"PAIS":"Turquia","LATITUDE":41.0393954,"LONGITUDE":28.9941087,"PRIMEIRA_PARTIDA":"Beşiktaş 0 x 1 Corinthians","DATA_PRIMEIRA_PARTIDA":"1952-05-24","ANO_PRIMEIRA_PARTIDA":1952,"ADVERSARIO":"Beşiktaş","PLACAR":"0 x 1","COMPETICAO_PRIMEIRA_PARTIDA":"Torneio de Istambul","MANDO_PRIMEIRA_PARTIDA":null,"TOTAL_JOGOS":1,"VITORIAS":0,"EMPATES":0,"DERROTAS":0,"APROVEITAMENTO_PCT":0.0,"GOLS_MARCADOS":0,"GOLS_SOFRIDOS":0,"ESTADIOS_COM_ESTREIA_NA_DECADA":72,"OBSERVACOES":"Estádio demolido em 2013 para construção de nova Arena | Joos da excursão do Corinthians a Europa em 1952 e um amistoso em 1972 (https://timoneirosblog.wordpress.com/2017/05/16/corinthians-derrota-djugardens-em-excursao-pela","FONTE_PRIMEIRA_PARTIDA":"https://timoneirosblog.wordpress.com/2017/05/16/corinthians-derrota-djugardens-em-excursao-pela","DESCRICAO_ORIGINAL":"Vodafone Park<br><br>Estádio demolido em 2013 para construção de nova Arena<br><br>Joos da excursão do Corinthians a Europa em 1952 e um amistoso em 1972 (https://timoneirosblog.wordpress.com/2017/05/16/corinthians-derrota-djugardens-em-excursao-pela","FONTE_COORDENADAS":"OpenStreetMap Nominatim (geocodificação reversa)","URL_FONTE_COORDENADAS":"https://www.openstreetmap.org/relation/9296001","ATRIBUICAO_COORDENADAS":"© OpenStreetMap contributors, ODbL 1.0","PAIS_ISO3":"TUR"},"geometry":{"type":"Point","coordinates":[28.9941087,41.0393954]}},{"type":"Feature","properties":{"ESTADIO":"Vail Chaves","NOME_OFICIAL":null,"CIDADE":"Mogi Mirim","ESTADO":"São Paulo","PAIS":"Brasil","LATITUDE":-22.4395925,"LONGITUDE":-46.9619915,"PRIMEIRA_PARTIDA":"mogi-mirim 0 x 2 Corinthians","DATA_PRIMEIRA_PARTIDA":"1986-07-23","ANO_PRIMEIRA_PARTIDA":1986,"ADVERSARIO":"mogi-mirim","PLACAR":"0 x 2","COMPETICAO_PRIMEIRA_PARTIDA":"Paulista","MANDO_PRIMEIRA_PARTIDA":"Visitante","TOTAL_JOGOS":50,"VITORIAS":24,"EMPATES":18,"DERROTAS":8,"APROVEITAMENTO_PCT":60.0,"GOLS_MARCADOS":96,"GOLS_SOFRIDOS":46,"ESTADIOS_COM_ESTREIA_NA_DECADA":37,"OBSERVACOES":null,"FONTE_PRIMEIRA_PARTIDA":"Meu Timão / Acervo ATLAS1910","DESCRICAO_ORIGINAL":"Primeira Partida:  mogi-mirim 0 x 2 Corinthians 23/07/1986 - Paulista","FONTE_COORDENADAS":"OpenStreetMap Nominatim (geocodificação reversa)","URL_FONTE_COORDENADAS":"https://www.openstreetmap.org/relation/298036","ATRIBUICAO_COORDENADAS":"© OpenStreetMap contributors, ODbL 1.0","CAPACIDADE":"19900","CAPACIDADE_FONTE":"Meu Timão","URL_FONTE_CAPACIDADE":"https://www.meutimao.com.br/estadio/vail_chaves/","PAIS_ISO3":"BRA"},"geometry":{"type":"Point","coordinates":[-46.9619915,-22.4395925]}},{"type":"Feature","properties":{"ESTADIO":"Jaime Cintra","NOME_OFICIAL":"Estádio Doutor Jayme Cintra","CIDADE":"Jundiaí","ESTADO":"São Paulo","PAIS":"Brasil","LATITUDE":-23.1882884,"LONGITUDE":-46.8599183,"PRIMEIRA_PARTIDA":"paulista de jundiai 2 x 3 Corinthians","DATA_PRIMEIRA_PARTIDA":"1958-04-20","ANO_PRIMEIRA_PARTIDA":1958,"ADVERSARIO":"paulista de jundiai","PLACAR":"2 x 3","COMPETICAO_PRIMEIRA_PARTIDA":"Amistoso","MANDO_PRIMEIRA_PARTIDA":"Visitante","TOTAL_JOGOS":32,"VITORIAS":14,"EMPATES":14,"DERROTAS":4,"APROVEITAMENTO_PCT":58.3,"GOLS_MARCADOS":46,"GOLS_SOFRIDOS":24,"ESTADIOS_COM_ESTREIA_NA_DECADA":72,"OBSERVACOES":null,"FONTE_PRIMEIRA_PARTIDA":"Meu Timão / Acervo ATLAS1910","DESCRICAO_ORIGINAL":"Estádio Doutor Jayme Cintra<br><br>Primeira partida: paulista de jundiai 2 x 3 Corinthians 20/04/1958 - Amistoso","FONTE_COORDENADAS":"OpenStreetMap Nominatim (geocodificação reversa)","URL_FONTE_COORDENADAS":"https://www.openstreetmap.org/relation/297991","ATRIBUICAO_COORDENADAS":"© OpenStreetMap contributors, ODbL 1.0","CAPACIDADE":"14771","CAPACIDADE_FONTE":"Meu Timão","URL_FONTE_CAPACIDADE":"https://www.meutimao.com.br/estadio/jaime_cintra/","PAIS_ISO3":"BRA"},"geometry":{"type":"Point","coordinates":[-46.8599183,-23.1882884]}},{"type":"Feature","properties":{"ESTADIO":"Jardim América","NOME_OFICIAL":"Club Athletico Paulistano","CIDADE":"São Paulo","ESTADO":"São Paulo","PAIS":"Brasil","LATITUDE":-23.568036,"LONGITUDE":-46.668675,"PRIMEIRA_PARTIDA":"paulistano 1 x 2 Corinthians","DATA_PRIMEIRA_PARTIDA":"1918-09-08","ANO_PRIMEIRA_PARTIDA":1918,"ADVERSARIO":"paulistano","PLACAR":"1 x 2","COMPETICAO_PRIMEIRA_PARTIDA":"Paulista","MANDO_PRIMEIRA_PARTIDA":"Visitante","TOTAL_JOGOS":8,"VITORIAS":7,"EMPATES":0,"DERROTAS":1,"APROVEITAMENTO_PCT":87.5,"GOLS_MARCADOS":16,"GOLS_SOFRIDOS":9,"ESTADIOS_COM_ESTREIA_NA_DECADA":28,"OBSERVACOES":"Estádio demolido em 1950","FONTE_PRIMEIRA_PARTIDA":"Meu Timão / Acervo ATLAS1910","DESCRICAO_ORIGINAL":"Club Athletico Paulistano<br><br>Estádio demolido em 1950<br><br>Primeira partida: paulistano 1 x 2 Corinthians 08/09/1918 - Paulista","FONTE_COORDENADAS":"OpenStreetMap Nominatim (geocodificação reversa)","URL_FONTE_COORDENADAS":"https://www.openstreetmap.org/relation/298285","ATRIBUICAO_COORDENADAS":"© OpenStreetMap contributors, ODbL 1.0","PAIS_ISO3":"BRA"},"geometry":{"type":"Point","coordinates":[-46.668675,-23.568036]}},{"type":"Feature","properties":{"ESTADIO":"Jesús Bermúdez","NOME_OFICIAL":null,"CIDADE":"Municipio Oruro","ESTADO":"Oruro","PAIS":"Bolivia","LATITUDE":-17.9462579,"LONGITUDE":-67.1116054,"PRIMEIRA_PARTIDA":"san josé 1 x 1 Corinthians","DATA_PRIMEIRA_PARTIDA":"2013-02-20","ANO_PRIMEIRA_PARTIDA":2013,"ADVERSARIO":"san josé","PLACAR":"1 x 1","COMPETICAO_PRIMEIRA_PARTIDA":"Libertadores","MANDO_PRIMEIRA_PARTIDA":"Visitante","TOTAL_JOGOS":2,"VITORIAS":0,"EMPATES":2,"DERROTAS":0,"APROVEITAMENTO_PCT":33.3,"GOLS_MARCADOS":2,"GOLS_SOFRIDOS":2,"ESTADIOS_COM_ESTREIA_NA_DECADA":31,"OBSERVACOES":null,"FONTE_PRIMEIRA_PARTIDA":"Meu Timão / Acervo ATLAS1910","DESCRICAO_ORIGINAL":"Primeira partida: san josé 1 x 1 Corinthians 20/02/2013 - Libertadores","FONTE_COORDENADAS":"OpenStreetMap Nominatim (geocodificação reversa)","URL_FONTE_COORDENADAS":"https://www.openstreetmap.org/relation/4494717","ATRIBUICAO_COORDENADAS":"© OpenStreetMap contributors, ODbL 1.0","CAPACIDADE":"32000","CAPACIDADE_FONTE":"Meu Timão","URL_FONTE_CAPACIDADE":"https://www.meutimao.com.br/estadio/jesus_bermudez/","PAIS_ISO3":"BOL","FONTE_CORRECAO_PAIS":"https://data.geocode.earth/wof/dist/legacy/whosonfirst-data-country-latest.tar.bz2"},"geometry":{"type":"Point","coordinates":[-67.1116054,-17.9462579]}},{"type":"Feature","properties":{"ESTADIO":"Joia da Princesa","NOME_OFICIAL":"Estádio Alberto Oliveira","CIDADE":"Feira de Santana","ESTADO":"Bahia","PAIS":"Brasil","LATITUDE":-12.2441667,"LONGITUDE":-38.9727778,"PRIMEIRA_PARTIDA":"fluminense de feira de santana 1 x 2 Corinthians","DATA_PRIMEIRA_PARTIDA":"1958-02-02","ANO_PRIMEIRA_PARTIDA":1958,"ADVERSARIO":"fluminense de feira de santana","PLACAR":"1 x 2","COMPETICAO_PRIMEIRA_PARTIDA":"Amistoso","MANDO_PRIMEIRA_PARTIDA":"Visitante","TOTAL_JOGOS":4,"VITORIAS":4,"EMPATES":0,"DERROTAS":0,"APROVEITAMENTO_PCT":100.0,"GOLS_MARCADOS":14,"GOLS_SOFRIDOS":1,"ESTADIOS_COM_ESTREIA_NA_DECADA":72,"OBSERVACOES":null,"FONTE_PRIMEIRA_PARTIDA":"Meu Timão / Acervo ATLAS1910","DESCRICAO_ORIGINAL":"Estádio Alberto Oliveira<br><br>Primeira partida: fluminense de feira de santana 1 x 2 Corinthians 02/02/1958 - Amistoso","FONTE_COORDENADAS":"OpenStreetMap Nominatim (geocodificação reversa)","URL_FONTE_COORDENADAS":"https://www.openstreetmap.org/relation/362294","ATRIBUICAO_COORDENADAS":"© OpenStreetMap contributors, ODbL 1.0","PAIS_ISO3":"BRA"},"geometry":{"type":"Point","coordinates":[-38.9727778,-12.2441667]}},{"type":"Feature","properties":{"ESTADIO":"Jonas Duarte","NOME_OFICIAL":null,"CIDADE":"Anápolis","ESTADO":"Goiás","PAIS":"Brasil","LATITUDE":-16.3464273,"LONGITUDE":-48.9555716,"PRIMEIRA_PARTIDA":"anapolina 0 x 0 Corinthians","DATA_PRIMEIRA_PARTIDA":"1978-03-26","ANO_PRIMEIRA_PARTIDA":1978,"ADVERSARIO":"anapolina","PLACAR":"0 x 0","COMPETICAO_PRIMEIRA_PARTIDA":"Brasileiro","MANDO_PRIMEIRA_PARTIDA":"Visitante","TOTAL_JOGOS":2,"VITORIAS":0,"EMPATES":2,"DERROTAS":0,"APROVEITAMENTO_PCT":33.3,"GOLS_MARCADOS":0,"GOLS_SOFRIDOS":0,"ESTADIOS_COM_ESTREIA_NA_DECADA":44,"OBSERVACOES":null,"FONTE_PRIMEIRA_PARTIDA":"Meu Timão / Acervo ATLAS1910","DESCRICAO_ORIGINAL":"Primeira partida: anapolina 0 x 0 Corinthians 26/03/1978 - Brasileiro","FONTE_COORDENADAS":"OpenStreetMap Nominatim (geocodificação reversa)","URL_FONTE_COORDENADAS":"https://www.openstreetmap.org/relation/334463","ATRIBUICAO_COORDENADAS":"© OpenStreetMap contributors, ODbL 1.0","CAPACIDADE":"20000","CAPACIDADE_FONTE":"Meu Timão","URL_FONTE_CAPACIDADE":"https://www.meutimao.com.br/estadio/jonas_duarte/","PAIS_ISO3":"BRA"},"geometry":{"type":"Point","coordinates":[-48.9555716,-16.3464273]}},{"type":"Feature","properties":{"ESTADIO":"Jorge Ismael de Biasi","NOME_OFICIAL":"Jorjão","CIDADE":"Novo Horizonte","ESTADO":"São Paulo","PAIS":"Brasil","LATITUDE":-21.4670913,"LONGITUDE":-49.2319125,"PRIMEIRA_PARTIDA":"novorizonte 1 x 1 Corinthians","DATA_PRIMEIRA_PARTIDA":"1987-06-28","ANO_PRIMEIRA_PARTIDA":1987,"ADVERSARIO":"novorizonte","PLACAR":"1 x 1","COMPETICAO_PRIMEIRA_PARTIDA":"Paulista","MANDO_PRIMEIRA_PARTIDA":"Visitante","TOTAL_JOGOS":14,"VITORIAS":5,"EMPATES":4,"DERROTAS":5,"APROVEITAMENTO_PCT":45.2,"GOLS_MARCADOS":13,"GOLS_SOFRIDOS":12,"ESTADIOS_COM_ESTREIA_NA_DECADA":37,"OBSERVACOES":null,"FONTE_PRIMEIRA_PARTIDA":"Meu Timão / Acervo ATLAS1910","DESCRICAO_ORIGINAL":"Jorjão<br><br>Primeira partida: novorizonte 1 x 1 Corinthians 28/06/1987 - Paulista","FONTE_COORDENADAS":"OpenStreetMap Nominatim (geocodificação reversa)","URL_FONTE_COORDENADAS":"https://www.openstreetmap.org/relation/298133","ATRIBUICAO_COORDENADAS":"© OpenStreetMap contributors, ODbL 1.0","CAPACIDADE":"12398","CAPACIDADE_FONTE":"Meu Timão","URL_FONTE_CAPACIDADE":"https://www.meutimao.com.br/estadio/jorjao/","PAIS_ISO3":"BRA"},"geometry":{"type":"Point","coordinates":[-49.2319125,-21.4670913]}},{"type":"Feature","properties":{"ESTADIO":"Josué Quirino de Moraes","NOME_OFICIAL":"Estádio Quirinão","CIDADE":"Novo Horizonte","ESTADO":"São Paulo","PAIS":"Brasil","LATITUDE":-21.4698362,"LONGITUDE":-49.2170019,"PRIMEIRA_PARTIDA":"novorizonte 1 x 1 Corinthians","DATA_PRIMEIRA_PARTIDA":"1986-05-04","ANO_PRIMEIRA_PARTIDA":1986,"ADVERSARIO":"novorizonte","PLACAR":"1 x 1","COMPETICAO_PRIMEIRA_PARTIDA":"Paulista","MANDO_PRIMEIRA_PARTIDA":"Visitante","TOTAL_JOGOS":1,"VITORIAS":0,"EMPATES":1,"DERROTAS":0,"APROVEITAMENTO_PCT":33.3,"GOLS_MARCADOS":1,"GOLS_SOFRIDOS":1,"ESTADIOS_COM_ESTREIA_NA_DECADA":37,"OBSERVACOES":null,"FONTE_PRIMEIRA_PARTIDA":"Meu Timão / Acervo ATLAS1910","DESCRICAO_ORIGINAL":"Estádio Quirinão<br><br>Primeira partida: novorizonte 1 x 1 Corinthians 04/05/1986 - Paulista","FONTE_COORDENADAS":"OpenStreetMap Nominatim (geocodificação reversa)","URL_FONTE_COORDENADAS":"https://www.openstreetmap.org/relation/298133","ATRIBUICAO_COORDENADAS":"© OpenStreetMap contributors, ODbL 1.0","PAIS_ISO3":"BRA"},"geometry":{"type":"Point","coordinates":[-49.2170019,-21.4698362]}},{"type":"Feature","properties":{"ESTADIO":"José Maria de Campos Maia","NOME_OFICIAL":null,"CIDADE":"Mirassol","ESTADO":"São Paulo","PAIS":"Brasil","LATITUDE":-20.82242,"LONGITUDE":-49.5063968,"PRIMEIRA_PARTIDA":"américa de rio preto 0 x 1 Corinthians","DATA_PRIMEIRA_PARTIDA":"1948-03-21","ANO_PRIMEIRA_PARTIDA":1948,"ADVERSARIO":"américa de rio preto","PLACAR":"0 x 1","COMPETICAO_PRIMEIRA_PARTIDA":"Amistoso","MANDO_PRIMEIRA_PARTIDA":"Visitante","TOTAL_JOGOS":16,"VITORIAS":8,"EMPATES":4,"DERROTAS":4,"APROVEITAMENTO_PCT":58.3,"GOLS_MARCADOS":26,"GOLS_SOFRIDOS":22,"ESTADIOS_COM_ESTREIA_NA_DECADA":48,"OBSERVACOES":null,"FONTE_PRIMEIRA_PARTIDA":"Meu Timão / Acervo ATLAS1910","DESCRICAO_ORIGINAL":"Primeira partida: américa de rio preto 0 x 1 Corinthians 21/03/1948 - Amistoso","FONTE_COORDENADAS":"OpenStreetMap Nominatim (geocodificação reversa)","URL_FONTE_COORDENADAS":"https://www.openstreetmap.org/relation/298200","ATRIBUICAO_COORDENADAS":"© OpenStreetMap contributors, ODbL 1.0","PAIS_ISO3":"BRA"},"geometry":{"type":"Point","coordinates":[-49.5063968,-20.82242]}},{"type":"Feature","properties":{"ESTADIO":"José Zuquim Nogueira","NOME_OFICIAL":"Estádio Municipal José Zuquim Nogueira","CIDADE":"Guaíra","ESTADO":"São Paulo","PAIS":"Brasil","LATITUDE":-20.31531,"LONGITUDE":-48.3118433,"PRIMEIRA_PARTIDA":"são paulo 2 x 1 Corinthians","DATA_PRIMEIRA_PARTIDA":"1976-05-23","ANO_PRIMEIRA_PARTIDA":1976,"ADVERSARIO":"são paulo","PLACAR":"2 x 1","COMPETICAO_PRIMEIRA_PARTIDA":"Amistoso","MANDO_PRIMEIRA_PARTIDA":"Visitante","TOTAL_JOGOS":2,"VITORIAS":0,"EMPATES":0,"DERROTAS":2,"APROVEITAMENTO_PCT":0.0,"GOLS_MARCADOS":2,"GOLS_SOFRIDOS":4,"ESTADIOS_COM_ESTREIA_NA_DECADA":44,"OBSERVACOES":null,"FONTE_PRIMEIRA_PARTIDA":"Meu Timão / Acervo ATLAS1910","DESCRICAO_ORIGINAL":"Estádio Municipal José Zuquim Nogueira<br><br>Primeira partida: são paulo 2 x 1 Corinthians 23/05/1976 - Amistoso","FONTE_COORDENADAS":"OpenStreetMap Nominatim (geocodificação reversa)","URL_FONTE_COORDENADAS":"https://www.openstreetmap.org/relation/298257","ATRIBUICAO_COORDENADAS":"© OpenStreetMap contributors, ODbL 1.0","CAPACIDADE":"10000","CAPACIDADE_FONTE":"Meu Timão","URL_FONTE_CAPACIDADE":"https://www.meutimao.com.br/estadio/jose_zuquim_nogueira/","PAIS_ISO3":"BRA"},"geometry":{"type":"Point","coordinates":[-48.3118433,-20.31531]}},{"type":"Feature","properties":{"ESTADIO":"José de Melo","NOME_OFICIAL":null,"CIDADE":"Rio Branco","ESTADO":"Acre","PAIS":"Brasil","LATITUDE":-9.9703891,"LONGITUDE":-67.8079838,"PRIMEIRA_PARTIDA":"rio branco 0 x 3 Corinthians","DATA_PRIMEIRA_PARTIDA":"1995-04-11","ANO_PRIMEIRA_PARTIDA":1995,"ADVERSARIO":"rio branco","PLACAR":"0 x 3","COMPETICAO_PRIMEIRA_PARTIDA":"Copa do Brasil","MANDO_PRIMEIRA_PARTIDA":"Visitante","TOTAL_JOGOS":1,"VITORIAS":1,"EMPATES":0,"DERROTAS":0,"APROVEITAMENTO_PCT":100.0,"GOLS_MARCADOS":3,"GOLS_SOFRIDOS":0,"ESTADIOS_COM_ESTREIA_NA_DECADA":35,"OBSERVACOES":null,"FONTE_PRIMEIRA_PARTIDA":"Meu Timão / Acervo ATLAS1910","DESCRICAO_ORIGINAL":"Primeira partida: rio branco 0 x 3 Corinthians 11/04/1995 - Copa do Brasil","FONTE_COORDENADAS":"OpenStreetMap Nominatim (geocodificação reversa)","URL_FONTE_COORDENADAS":"https://www.openstreetmap.org/relation/326253","ATRIBUICAO_COORDENADAS":"© OpenStreetMap contributors, ODbL 1.0","PAIS_ISO3":"BRA"},"geometry":{"type":"Point","coordinates":[-67.8079838,-9.9703891]}},{"type":"Feature","properties":{"ESTADIO":"Juscelino Kubitschek","NOME_OFICIAL":"Estádio J.K.","CIDADE":"Andradas","ESTADO":"Minas Gerais","PAIS":"Brasil","LATITUDE":-22.0668055,"LONGITUDE":-46.5692842,"PRIMEIRA_PARTIDA":"rio branco de andradas 1 x 1 Corinthians","DATA_PRIMEIRA_PARTIDA":"1989-02-15","ANO_PRIMEIRA_PARTIDA":1989,"ADVERSARIO":"rio branco de andradas","PLACAR":"1 x 1","COMPETICAO_PRIMEIRA_PARTIDA":"Amistoso","MANDO_PRIMEIRA_PARTIDA":"Visitante","TOTAL_JOGOS":2,"VITORIAS":1,"EMPATES":1,"DERROTAS":0,"APROVEITAMENTO_PCT":66.7,"GOLS_MARCADOS":3,"GOLS_SOFRIDOS":1,"ESTADIOS_COM_ESTREIA_NA_DECADA":37,"OBSERVACOES":null,"FONTE_PRIMEIRA_PARTIDA":"Meu Timão / Acervo ATLAS1910","DESCRICAO_ORIGINAL":"Estádio J.K.<br><br>Primeira partida: rio branco de andradas 1 x 1 Corinthians 15/02/1989 - Amistoso","FONTE_COORDENADAS":"OpenStreetMap Nominatim (geocodificação reversa)","URL_FONTE_COORDENADAS":"https://www.openstreetmap.org/relation/315087","ATRIBUICAO_COORDENADAS":"© OpenStreetMap contributors, ODbL 1.0","CAPACIDADE":"33000","CAPACIDADE_FONTE":"Meu Timão","URL_FONTE_CAPACIDADE":"https://www.meutimao.com.br/estadio/estadio_jk/","PAIS_ISO3":"BRA"},"geometry":{"type":"Point","coordinates":[-46.5692842,-22.0668055]}},{"type":"Feature","properties":{"ESTADIO":"Juscelino Kubitschek","NOME_OFICIAL":"Estádio Municipal Juscelino Kubitschek","CIDADE":"Itumbiara","ESTADO":"Goiás","PAIS":"Brasil","LATITUDE":-18.4086111,"LONGITUDE":-49.2436111,"PRIMEIRA_PARTIDA":"RIO BRANCO DE ANDRADAS 1x1 CORINTHIANS","DATA_PRIMEIRA_PARTIDA":"1989-02-15","ANO_PRIMEIRA_PARTIDA":1989,"ADVERSARIO":"RIO BRANCO DE ANDRADAS","PLACAR":"1x1","COMPETICAO_PRIMEIRA_PARTIDA":"Amistosos 1989","MANDO_PRIMEIRA_PARTIDA":"Visitante","TOTAL_JOGOS":2,"VITORIAS":1,"EMPATES":1,"DERROTAS":0,"APROVEITAMENTO_PCT":66.7,"GOLS_MARCADOS":3,"GOLS_SOFRIDOS":1,"ESTADIOS_COM_ESTREIA_NA_DECADA":37,"OBSERVACOES":null,"FONTE_PRIMEIRA_PARTIDA":"https://www.meutimao.com.br/jogo/2940/amistosos-1989/amistoso/rio_branco_de_andradas-1-x-1-corinthians","DESCRICAO_ORIGINAL":"Estádio Municipal Juscelino Kubitschek<br><br>Primeira partida: itumbiara 0 x 2 Corinthians 04/03/2009 - Copa do Brasil","FONTE_COORDENADAS":"OpenStreetMap Nominatim (geocodificação reversa)","URL_FONTE_COORDENADAS":"https://www.openstreetmap.org/relation/334603","ATRIBUICAO_COORDENADAS":"© OpenStreetMap contributors, ODbL 1.0","PAIS_ISO3":"BRA"},"geometry":{"type":"Point","coordinates":[-49.2436111,-18.4086111]}},{"type":"Feature","properties":{"ESTADIO":"Juvevê","NOME_OFICIAL":"Parque Graciosa (Juvevê)","CIDADE":"Curitiba","ESTADO":"Paraná","PAIS":"Brasil","LATITUDE":-25.4130919,"LONGITUDE":-49.2586613,"PRIMEIRA_PARTIDA":"BRITÂNIA 2x2 CORINTHIANS","DATA_PRIMEIRA_PARTIDA":"1937-05-20","ANO_PRIMEIRA_PARTIDA":1937,"ADVERSARIO":"BRITÂNIA","PLACAR":"2x2","COMPETICAO_PRIMEIRA_PARTIDA":"Amistosos 1937","MANDO_PRIMEIRA_PARTIDA":"Visitante","TOTAL_JOGOS":2,"VITORIAS":0,"EMPATES":1,"DERROTAS":1,"APROVEITAMENTO_PCT":16.7,"GOLS_MARCADOS":2,"GOLS_SOFRIDOS":4,"ESTADIOS_COM_ESTREIA_NA_DECADA":19,"OBSERVACOES":"Localização exata não confirmada (Fonte da localização aproximada: https://joaoparanista.blogspot.com/2014/05/estadios-de-futebol-antigos-de-curitiba.html a partir de comentários) visitado em 24/02/2022 | Prime","FONTE_PRIMEIRA_PARTIDA":"https://www.meutimao.com.br/jogo/6416/amistosos-1937/amistoso/britania-2-x-2-corinthians","DESCRICAO_ORIGINAL":"Parque Graciosa (Juvevê)<br><br>Localização exata não confirmada (Fonte da localização aproximada: https://joaoparanista.blogspot.com/2014/05/estadios-de-futebol-antigos-de-curitiba.html a partir de comentários) visitado em 24/02/2022<br><br>Prime","FONTE_COORDENADAS":"OpenStreetMap Nominatim (geocodificação reversa)","URL_FONTE_COORDENADAS":"https://www.openstreetmap.org/node/206136859","ATRIBUICAO_COORDENADAS":"© OpenStreetMap contributors, ODbL 1.0","PAIS_ISO3":"BRA"},"geometry":{"type":"Point","coordinates":[-49.2586613,-25.4130919]}},{"type":"Feature","properties":{"ESTADIO":"Kleber Andrade","NOME_OFICIAL":"Estádio Estadual Kleber José de Andrade","CIDADE":"Cariacica","ESTADO":"Espírito Santo","PAIS":"Brasil","LATITUDE":-20.33293,"LONGITUDE":-40.3852101,"PRIMEIRA_PARTIDA":"rio branco 1 x 2 Corinthians","DATA_PRIMEIRA_PARTIDA":"1986-11-09","ANO_PRIMEIRA_PARTIDA":1986,"ADVERSARIO":"rio branco","PLACAR":"1 x 2","COMPETICAO_PRIMEIRA_PARTIDA":"Brasileirão","MANDO_PRIMEIRA_PARTIDA":"Visitante","TOTAL_JOGOS":2,"VITORIAS":2,"EMPATES":0,"DERROTAS":0,"APROVEITAMENTO_PCT":100.0,"GOLS_MARCADOS":4,"GOLS_SOFRIDOS":2,"ESTADIOS_COM_ESTREIA_NA_DECADA":37,"OBSERVACOES":null,"FONTE_PRIMEIRA_PARTIDA":"Meu Timão / Acervo ATLAS1910","DESCRICAO_ORIGINAL":"Estádio Estadual Kleber José de Andrade<br><br>Primeira partida: rio branco 1 x 2 Corinthians 09/11/1986 - Brasileirão","FONTE_COORDENADAS":"OpenStreetMap Nominatim (geocodificação reversa)","URL_FONTE_COORDENADAS":"https://www.openstreetmap.org/relation/1825819","ATRIBUICAO_COORDENADAS":"© OpenStreetMap contributors, ODbL 1.0","CAPACIDADE":"21150","CAPACIDADE_FONTE":"StadiumDB.com","URL_FONTE_CAPACIDADE":"https://stadiumdb.com/stadiums/bra/estadio_kleber_andrade","PAIS_ISO3":"BRA"},"geometry":{"type":"Point","coordinates":[-40.3852101,-20.33293]}},{"type":"Feature","properties":{"ESTADIO":"La Fortaleza","NOME_OFICIAL":"Estádio Ciudad de Lanús - Néstor Díaz Pérez","CIDADE":"Remedios de Escalada","ESTADO":"Buenos Aires","PAIS":"Argentina","LATITUDE":-34.7167386,"LONGITUDE":-58.3837397,"PRIMEIRA_PARTIDA":"lanus 4 x 2 Corinthians","DATA_PRIMEIRA_PARTIDA":"2006-10-11","ANO_PRIMEIRA_PARTIDA":2006,"ADVERSARIO":"lanus","PLACAR":"4 x 2","COMPETICAO_PRIMEIRA_PARTIDA":"Sul-Americana","MANDO_PRIMEIRA_PARTIDA":"Visitante","TOTAL_JOGOS":1,"VITORIAS":0,"EMPATES":0,"DERROTAS":1,"APROVEITAMENTO_PCT":0.0,"GOLS_MARCADOS":2,"GOLS_SOFRIDOS":4,"ESTADIOS_COM_ESTREIA_NA_DECADA":21,"OBSERVACOES":null,"FONTE_PRIMEIRA_PARTIDA":"Meu Timão / Acervo ATLAS1910","DESCRICAO_ORIGINAL":"Estádio Ciudad de Lanús - Néstor Díaz Pérez<br><br>Primeira partida: lanus 4 x 2 Corinthians 11/10/2006 - Sul-Americana","FONTE_COORDENADAS":"OpenStreetMap Nominatim (geocodificação reversa)","URL_FONTE_COORDENADAS":"https://www.openstreetmap.org/relation/2546155","ATRIBUICAO_COORDENADAS":"© OpenStreetMap contributors, ODbL 1.0","PAIS_ISO3":"ARG","FONTE_CORRECAO_PAIS":"https://data.geocode.earth/wof/dist/legacy/whosonfirst-data-country-latest.tar.bz2"},"geometry":{"type":"Point","coordinates":[-58.3837397,-34.7167386]}},{"type":"Feature","properties":{"ESTADIO":"La Independencia","NOME_OFICIAL":null,"CIDADE":"Tunja","ESTADO":"Boyacá","PAIS":"Colombia","LATITUDE":5.5420478,"LONGITUDE":-73.3533681,"PRIMEIRA_PARTIDA":"Patriotas 1 x 1 Corinthians","DATA_PRIMEIRA_PARTIDA":"2017-06-28","ANO_PRIMEIRA_PARTIDA":2017,"ADVERSARIO":"Patriotas","PLACAR":"1 x 1","COMPETICAO_PRIMEIRA_PARTIDA":"Copa Sul-Americana 2017","MANDO_PRIMEIRA_PARTIDA":"Visitante","TOTAL_JOGOS":1,"VITORIAS":0,"EMPATES":1,"DERROTAS":0,"APROVEITAMENTO_PCT":33.3,"GOLS_MARCADOS":1,"GOLS_SOFRIDOS":1,"ESTADIOS_COM_ESTREIA_NA_DECADA":48,"OBSERVACOES":null,"FONTE_PRIMEIRA_PARTIDA":"https://www.meutimao.com.br/jogo/6031/amistosos-1946/amistoso/atletico-mg-1-x-1-corinthians","DESCRICAO_ORIGINAL":"Primeira partida: patriotas 1 x 1 Corinthians 28/06/2017 - Sul-Americana","FONTE_COORDENADAS":"OpenStreetMap Nominatim (geocodificação reversa)","URL_FONTE_COORDENADAS":"https://www.openstreetmap.org/node/5548746213","ATRIBUICAO_COORDENADAS":"© OpenStreetMap contributors, ODbL 1.0","CAPACIDADE":"2000","CAPACIDADE_FONTE":"Meu Timão","URL_FONTE_CAPACIDADE":"https://www.meutimao.com.br/estadio/la_independencia/","FONTE_CORRECAO_LOCALIDADE":"https://www.openstreetmap.org/node/5548746213","VITÓRIAS":0,"PAIS_ISO3":"COL"},"geometry":{"type":"Point","coordinates":[-73.3533681,5.5420478]}},{"type":"Feature","properties":{"ESTADIO":"La Nueva Olla","NOME_OFICIAL":"Estádio General Pablo Rojas","CIDADE":"Assunção","ESTADO":null,"PAIS":"Paraguay","LATITUDE":-25.2998797,"LONGITUDE":-57.6374375,"PRIMEIRA_PARTIDA":"cerro porteño 3 x 0 Corinthians","DATA_PRIMEIRA_PARTIDA":"1999-03-24","ANO_PRIMEIRA_PARTIDA":1999,"ADVERSARIO":"cerro porteño","PLACAR":"3 x 0","COMPETICAO_PRIMEIRA_PARTIDA":"Libertadores","MANDO_PRIMEIRA_PARTIDA":"Visitante","TOTAL_JOGOS":6,"VITORIAS":2,"EMPATES":0,"DERROTAS":4,"APROVEITAMENTO_PCT":33.3,"GOLS_MARCADOS":2,"GOLS_SOFRIDOS":8,"ESTADIOS_COM_ESTREIA_NA_DECADA":35,"OBSERVACOES":null,"FONTE_PRIMEIRA_PARTIDA":"Meu Timão / Acervo ATLAS1910","DESCRICAO_ORIGINAL":"Estádio General Pablo Rojas<br><br>Primeira partida: cerro porteño 3 x 0 Corinthians 24/03/1999 - Libertadores","FONTE_COORDENADAS":"OpenStreetMap Nominatim (geocodificação reversa)","URL_FONTE_COORDENADAS":"https://www.openstreetmap.org/relation/3654543","ATRIBUICAO_COORDENADAS":"© OpenStreetMap contributors, ODbL 1.0","PAIS_ISO3":"PRY","FONTE_CORRECAO_PAIS":"https://data.geocode.earth/wof/dist/legacy/whosonfirst-data-country-latest.tar.bz2"},"geometry":{"type":"Point","coordinates":[-57.6374375,-25.2998797]}},{"type":"Feature","properties":{"ESTADIO":"La Rosaleda","NOME_OFICIAL":null,"CIDADE":"Málaga","ESTADO":"Andaluzia","PAIS":"Spain","LATITUDE":36.7335796,"LONGITUDE":-4.4266511,"PRIMEIRA_PARTIDA":"málaga 0 x 1 Corinthians","DATA_PRIMEIRA_PARTIDA":"1969-08-16","ANO_PRIMEIRA_PARTIDA":1969,"ADVERSARIO":"málaga","PLACAR":"0 x 1","COMPETICAO_PRIMEIRA_PARTIDA":"IV Copa Costa del sol","MANDO_PRIMEIRA_PARTIDA":"Visitante","TOTAL_JOGOS":4,"VITORIAS":4,"EMPATES":0,"DERROTAS":0,"APROVEITAMENTO_PCT":100.0,"GOLS_MARCADOS":6,"GOLS_SOFRIDOS":2,"ESTADIOS_COM_ESTREIA_NA_DECADA":56,"OBSERVACOES":null,"FONTE_PRIMEIRA_PARTIDA":"Meu Timão / Acervo ATLAS1910","DESCRICAO_ORIGINAL":"Primeira partida: málaga 0 x 1 Corinthians 16/08/1969 - IV Copa Costa del sol","FONTE_COORDENADAS":"OpenStreetMap Nominatim (geocodificação reversa)","URL_FONTE_COORDENADAS":"https://www.openstreetmap.org/relation/340746","ATRIBUICAO_COORDENADAS":"© OpenStreetMap contributors, ODbL 1.0","CAPACIDADE":"30778","CAPACIDADE_FONTE":"StadiumDB.com","URL_FONTE_CAPACIDADE":"https://stadiumdb.com/stadiums/esp/estadio_la_rosaleda","PAIS_ISO3":"ESP","FONTE_CORRECAO_PAIS":"https://data.geocode.earth/wof/dist/legacy/whosonfirst-data-country-latest.tar.bz2"},"geometry":{"type":"Point","coordinates":[-4.42665109999996,36.7335796]}},{"type":"Feature","properties":{"ESTADIO":"Laranjeiras - Álvaro Chaves","NOME_OFICIAL":"Atual Estádio Manoel Schwartz","CIDADE":"Rio de Janeiro","ESTADO":"RJ","PAIS":"Brasil","LATITUDE":-22.9368681,"LONGITUDE":-43.1844181,"PRIMEIRA_PARTIDA":"américa 2 x 2 Corinthians","DATA_PRIMEIRA_PARTIDA":"1929-05-13","ANO_PRIMEIRA_PARTIDA":1929,"ADVERSARIO":"américa","PLACAR":"2 x 2","COMPETICAO_PRIMEIRA_PARTIDA":"Amistoso","MANDO_PRIMEIRA_PARTIDA":"Visitante","TOTAL_JOGOS":24,"VITORIAS":0,"EMPATES":12,"DERROTAS":12,"APROVEITAMENTO_PCT":16.7,"GOLS_MARCADOS":39,"GOLS_SOFRIDOS":63,"ESTADIOS_COM_ESTREIA_NA_DECADA":26,"OBSERVACOES":null,"FONTE_PRIMEIRA_PARTIDA":"Meu Timão / Acervo ATLAS1910","DESCRICAO_ORIGINAL":"Atual Estádio Manoel Schwartz<br><br>Primeira partida: américa 2 x 2 Corinthians 13/05/1929 - Amistoso","PAIS_ISO3":"BRA"},"geometry":{"type":"Point","coordinates":[-43.1844181,-22.9368681]}},{"type":"Feature","properties":{"ESTADIO":"Letzigrund","NOME_OFICIAL":null,"CIDADE":"Zurique","ESTADO":"Zurique","PAIS":"Switzerland","LATITUDE":47.3826664,"LONGITUDE":8.5038076,"PRIMEIRA_PARTIDA":"zurich 0 x 5 Corinthians","DATA_PRIMEIRA_PARTIDA":"1966-05-18","ANO_PRIMEIRA_PARTIDA":1966,"ADVERSARIO":"zurich","PLACAR":"0 x 5","COMPETICAO_PRIMEIRA_PARTIDA":"Amistoso","MANDO_PRIMEIRA_PARTIDA":"Visitante","TOTAL_JOGOS":1,"VITORIAS":1,"EMPATES":0,"DERROTAS":0,"APROVEITAMENTO_PCT":100.0,"GOLS_MARCADOS":5,"GOLS_SOFRIDOS":0,"ESTADIOS_COM_ESTREIA_NA_DECADA":56,"OBSERVACOES":null,"FONTE_PRIMEIRA_PARTIDA":"Meu Timão / Acervo ATLAS1910","DESCRICAO_ORIGINAL":"Primeira partida: zurich 0 x 5 Corinthians 18/05/1966 - Amistoso","FONTE_COORDENADAS":"OpenStreetMap Nominatim (geocodificação reversa)","URL_FONTE_COORDENADAS":"https://www.openstreetmap.org/relation/1682248","ATRIBUICAO_COORDENADAS":"© OpenStreetMap contributors, ODbL 1.0","PAIS_ISO3":"CHE","FONTE_CORRECAO_PAIS":"https://data.geocode.earth/wof/dist/legacy/whosonfirst-data-country-latest.tar.bz2"},"geometry":{"type":"Point","coordinates":[8.50380759999996,47.3826664]}},{"type":"Feature","properties":{"ESTADIO":"Limeirão","NOME_OFICIAL":"Estádio Major José Levy Sobrinho","CIDADE":"Limeira","ESTADO":"São Paulo","PAIS":"Brasil","LATITUDE":-22.5554318,"LONGITUDE":-47.3851779,"PRIMEIRA_PARTIDA":"internacional de limeira 2 x 3 Corinthians","DATA_PRIMEIRA_PARTIDA":"1977-01-30","ANO_PRIMEIRA_PARTIDA":1977,"ADVERSARIO":"internacional de limeira","PLACAR":"2 x 3","COMPETICAO_PRIMEIRA_PARTIDA":"Amistoso","MANDO_PRIMEIRA_PARTIDA":"Visitante","TOTAL_JOGOS":50,"VITORIAS":24,"EMPATES":14,"DERROTAS":12,"APROVEITAMENTO_PCT":57.3,"GOLS_MARCADOS":68,"GOLS_SOFRIDOS":46,"ESTADIOS_COM_ESTREIA_NA_DECADA":44,"OBSERVACOES":null,"FONTE_PRIMEIRA_PARTIDA":"Meu Timão / Acervo ATLAS1910","DESCRICAO_ORIGINAL":"Estádio Major José Levy Sobrinho<br><br>Primeira partida: internacional de limeira 2 x 3 Corinthians 30/01/1977 - Amistoso","FONTE_COORDENADAS":"OpenStreetMap Nominatim (geocodificação reversa)","URL_FONTE_COORDENADAS":"https://www.openstreetmap.org/relation/297919","ATRIBUICAO_COORDENADAS":"© OpenStreetMap contributors, ODbL 1.0","PAIS_ISO3":"BRA"},"geometry":{"type":"Point","coordinates":[-47.3851779,-22.5554318]}},{"type":"Feature","properties":{"ESTADIO":"Lindolfinho","NOME_OFICIAL":"Estádio Municipal Lindolfo Monteiro","CIDADE":"Teresina","ESTADO":"Piauí","PAIS":"Brasil","LATITUDE":-5.0849876,"LONGITUDE":-42.8211732,"PRIMEIRA_PARTIDA":"seleção piauiense 3 x 5 Corinthians","DATA_PRIMEIRA_PARTIDA":"1968-01-16","ANO_PRIMEIRA_PARTIDA":1968,"ADVERSARIO":"seleção piauiense","PLACAR":"3 x 5","COMPETICAO_PRIMEIRA_PARTIDA":"Amistoso","MANDO_PRIMEIRA_PARTIDA":"Visitante","TOTAL_JOGOS":1,"VITORIAS":1,"EMPATES":0,"DERROTAS":0,"APROVEITAMENTO_PCT":100.0,"GOLS_MARCADOS":5,"GOLS_SOFRIDOS":3,"ESTADIOS_COM_ESTREIA_NA_DECADA":56,"OBSERVACOES":null,"FONTE_PRIMEIRA_PARTIDA":"Meu Timão / Acervo ATLAS1910","DESCRICAO_ORIGINAL":"Estádio Municipal Lindolfo Monteiro<br><br>Primeira partida: seleção piauiense 3 x 5 Corinthians 16/01/1968 - Amistoso","FONTE_COORDENADAS":"OpenStreetMap Nominatim (geocodificação reversa)","URL_FONTE_COORDENADAS":"https://www.openstreetmap.org/relation/302749","ATRIBUICAO_COORDENADAS":"© OpenStreetMap contributors, ODbL 1.0","PAIS_ISO3":"BRA"},"geometry":{"type":"Point","coordinates":[-42.8211732,-5.0849876]}},{"type":"Feature","properties":{"ESTADIO":"Lockhart Stadium","NOME_OFICIAL":null,"CIDADE":"Fort Lauderdale","ESTADO":"Flórida","PAIS":"United States","LATITUDE":26.1931127,"LONGITUDE":-80.1610244,"PRIMEIRA_PARTIDA":"fort lauderdale strikers 0 x 0 Corinthians","DATA_PRIMEIRA_PARTIDA":"2016-01-23","ANO_PRIMEIRA_PARTIDA":2016,"ADVERSARIO":"fort lauderdale strikers","PLACAR":"0 x 0","COMPETICAO_PRIMEIRA_PARTIDA":"Amistoso","MANDO_PRIMEIRA_PARTIDA":"Visitante","TOTAL_JOGOS":1,"VITORIAS":0,"EMPATES":1,"DERROTAS":0,"APROVEITAMENTO_PCT":33.3,"GOLS_MARCADOS":0,"GOLS_SOFRIDOS":0,"ESTADIOS_COM_ESTREIA_NA_DECADA":31,"OBSERVACOES":null,"FONTE_PRIMEIRA_PARTIDA":"Meu Timão / Acervo ATLAS1910","DESCRICAO_ORIGINAL":"Primeira partida: fort lauderdale strikers 0 x 0 Corinthians 23/01/2016 - Amistoso","FONTE_COORDENADAS":"OpenStreetMap Nominatim (geocodificação reversa)","URL_FONTE_COORDENADAS":"https://www.openstreetmap.org/relation/117955","ATRIBUICAO_COORDENADAS":"© OpenStreetMap contributors, ODbL 1.0","PAIS_ISO3":"USA","FONTE_CORRECAO_PAIS":"https://data.geocode.earth/wof/dist/legacy/whosonfirst-data-country-latest.tar.bz2"},"geometry":{"type":"Point","coordinates":[-80.1610244,26.1931127]}},{"type":"Feature","properties":{"ESTADIO":"Luis Franzini","NOME_OFICIAL":null,"CIDADE":"Montevidéu","ESTADO":"Montevideo","PAIS":"Uruguay","LATITUDE":-34.9164312,"LONGITUDE":-56.1667866,"PRIMEIRA_PARTIDA":"fênix 1 x 2 Corinthians","DATA_PRIMEIRA_PARTIDA":"2003-02-19","ANO_PRIMEIRA_PARTIDA":2003,"ADVERSARIO":"fênix","PLACAR":"1 x 2","COMPETICAO_PRIMEIRA_PARTIDA":"Libertadores","MANDO_PRIMEIRA_PARTIDA":"Visitante","TOTAL_JOGOS":4,"VITORIAS":4,"EMPATES":0,"DERROTAS":0,"APROVEITAMENTO_PCT":100.0,"GOLS_MARCADOS":8,"GOLS_SOFRIDOS":4,"ESTADIOS_COM_ESTREIA_NA_DECADA":21,"OBSERVACOES":null,"FONTE_PRIMEIRA_PARTIDA":"Meu Timão / Acervo ATLAS1910","DESCRICAO_ORIGINAL":"Primeira partida: fênix 1 x 2 Corinthians 19/02/2003 - Libertadores","FONTE_COORDENADAS":"OpenStreetMap Nominatim (geocodificação reversa)","URL_FONTE_COORDENADAS":"https://www.openstreetmap.org/relation/2929054","ATRIBUICAO_COORDENADAS":"© OpenStreetMap contributors, ODbL 1.0","PAIS_ISO3":"URY","FONTE_CORRECAO_PAIS":"https://data.geocode.earth/wof/dist/legacy/whosonfirst-data-country-latest.tar.bz2"},"geometry":{"type":"Point","coordinates":[-56.1667866,-34.9164312]}},{"type":"Feature","properties":{"ESTADIO":"Luisão","NOME_OFICIAL":"Estádio Luis Augusto de Oliveira - Luizão","CIDADE":"São Carlos","ESTADO":"São Paulo","PAIS":"Brasil","LATITUDE":-22.0325974,"LONGITUDE":-47.9017043,"PRIMEIRA_PARTIDA":"FERROVIÁRIOS DE SÃO CARLOS 2x7 CORINTHIANS","DATA_PRIMEIRA_PARTIDA":"1947-01-05","ANO_PRIMEIRA_PARTIDA":1947,"ADVERSARIO":"FERROVIÁRIOS DE SÃO CARLOS","PLACAR":"2x7","COMPETICAO_PRIMEIRA_PARTIDA":"Amistosos 1947","MANDO_PRIMEIRA_PARTIDA":"Visitante","TOTAL_JOGOS":13,"VITORIAS":11,"EMPATES":0,"DERROTAS":2,"APROVEITAMENTO_PCT":84.6,"GOLS_MARCADOS":50,"GOLS_SOFRIDOS":12,"ESTADIOS_COM_ESTREIA_NA_DECADA":48,"OBSERVACOES":null,"FONTE_PRIMEIRA_PARTIDA":"https://www.meutimao.com.br/jogo/5982/amistosos-1947/amistoso/ferroviarios_de_sao_carlos-2-x-7-corinthians","DESCRICAO_ORIGINAL":"Estádio Luis Augusto de Oliveira - Luizão<br><br>Primeira partida: estrela da bela vista 0 x 5 Corinthians 10/06/1956 - Amistoso","FONTE_COORDENADAS":"OpenStreetMap Nominatim (geocodificação reversa)","URL_FONTE_COORDENADAS":"https://www.openstreetmap.org/relation/297986","ATRIBUICAO_COORDENADAS":"© OpenStreetMap contributors, ODbL 1.0","PAIS_ISO3":"BRA"},"geometry":{"type":"Point","coordinates":[-47.9017043,-22.0325974]}},{"type":"Feature","properties":{"ESTADIO":"Luis Sitjar","NOME_OFICIAL":null,"CIDADE":"Palma","ESTADO":"Ilhas Baleares","PAIS":"Spain","LATITUDE":39.5808055555556,"LONGITUDE":2.64069444444442,"PRIMEIRA_PARTIDA":"deportivo mallorca 0 x 2 Corinthians","DATA_PRIMEIRA_PARTIDA":"1969-08-24","ANO_PRIMEIRA_PARTIDA":1969,"ADVERSARIO":"deportivo mallorca","PLACAR":"0 x 2","COMPETICAO_PRIMEIRA_PARTIDA":"Amistoso","MANDO_PRIMEIRA_PARTIDA":"Visitante","TOTAL_JOGOS":1,"VITORIAS":1,"EMPATES":0,"DERROTAS":0,"APROVEITAMENTO_PCT":100.0,"GOLS_MARCADOS":2,"GOLS_SOFRIDOS":0,"ESTADIOS_COM_ESTREIA_NA_DECADA":56,"OBSERVACOES":null,"FONTE_PRIMEIRA_PARTIDA":"Meu Timão / Acervo ATLAS1910","DESCRICAO_ORIGINAL":"Primeira partida: deportivo mallorca 0 x 2 Corinthians 24/08/1969 - Amistoso","FONTE_COORDENADAS":"OpenStreetMap Nominatim (geocodificação reversa)","URL_FONTE_COORDENADAS":"https://www.openstreetmap.org/relation/341321","ATRIBUICAO_COORDENADAS":"© OpenStreetMap contributors, ODbL 1.0","PAIS_ISO3":"ESP","FONTE_CORRECAO_PAIS":"https://data.geocode.earth/wof/dist/legacy/whosonfirst-data-country-latest.tar.bz2"},"geometry":{"type":"Point","coordinates":[2.64069444444442,39.5808055555556]}},{"type":"Feature","properties":{"ESTADIO":"Marcelo Stefani/Nabi Abi Chedid","NOME_OFICIAL":null,"CIDADE":"Bragança Paulista","ESTADO":"São Paulo","PAIS":"Brasil","LATITUDE":-22.9654139,"LONGITUDE":-46.5369361,"PRIMEIRA_PARTIDA":"bragantino 1 x 3 Corinthians","DATA_PRIMEIRA_PARTIDA":"1944-11-12","ANO_PRIMEIRA_PARTIDA":1944,"ADVERSARIO":"bragantino","PLACAR":"1 x 3","COMPETICAO_PRIMEIRA_PARTIDA":"Amistoso","MANDO_PRIMEIRA_PARTIDA":"Visitante","TOTAL_JOGOS":58,"VITORIAS":22,"EMPATES":24,"DERROTAS":12,"APROVEITAMENTO_PCT":51.7,"GOLS_MARCADOS":64,"GOLS_SOFRIDOS":50,"ESTADIOS_COM_ESTREIA_NA_DECADA":48,"OBSERVACOES":null,"FONTE_PRIMEIRA_PARTIDA":"Meu Timão / Acervo ATLAS1910","DESCRICAO_ORIGINAL":"Primeira partida: bragantino 1 x 3 Corinthians 12/11/1944 - Amistoso","FONTE_COORDENADAS":"OpenStreetMap Nominatim (geocodificação reversa)","URL_FONTE_COORDENADAS":"https://www.openstreetmap.org/relation/298179","ATRIBUICAO_COORDENADAS":"© OpenStreetMap contributors, ODbL 1.0","PAIS_ISO3":"BRA"},"geometry":{"type":"Point","coordinates":[-46.5369361,-22.9654139]}},{"type":"Feature","properties":{"ESTADIO":"Pacaembu","NOME_OFICIAL":"Estádio Municipal Paulo Machado de Carvalho","CIDADE":"São Paulo","ESTADO":"São Paulo","PAIS":"Brasil","LATITUDE":-23.5473429,"LONGITUDE":-46.6652465,"PRIMEIRA_PARTIDA":"Corinthians 4 x 2 atlético mineiro","DATA_PRIMEIRA_PARTIDA":"1940-04-28","ANO_PRIMEIRA_PARTIDA":1940,"ADVERSARIO":"atlético mineiro","PLACAR":"4 x 2","COMPETICAO_PRIMEIRA_PARTIDA":"Taça cidade de são paulo","MANDO_PRIMEIRA_PARTIDA":"Mandante","TOTAL_JOGOS":3400,"VITORIAS":1936,"EMPATES":800,"DERROTAS":664,"APROVEITAMENTO_PCT":64.8,"GOLS_MARCADOS":6642,"GOLS_SOFRIDOS":3878,"ESTADIOS_COM_ESTREIA_NA_DECADA":48,"OBSERVACOES":null,"FONTE_PRIMEIRA_PARTIDA":"Meu Timão / Acervo ATLAS1910","DESCRICAO_ORIGINAL":"Estádio Municipal Paulo Machado de Carvalho<br><br>Primeira partida: Corinthians 4 x 2 atlético mineiro 28/04/1940 - Taça cidade de são paulo","FONTE_COORDENADAS":"OpenStreetMap Nominatim (geocodificação reversa)","URL_FONTE_COORDENADAS":"https://www.openstreetmap.org/relation/298285","ATRIBUICAO_COORDENADAS":"© OpenStreetMap contributors, ODbL 1.0","CAPACIDADE":"26000","CAPACIDADE_FONTE":"StadiumDB.com","URL_FONTE_CAPACIDADE":"https://stadiumdb.com/stadiums/bra/estadio_do_pacaembu","PAIS_ISO3":"BRA"},"geometry":{"type":"Point","coordinates":[-46.6652465,-23.5473429]}},{"type":"Feature","properties":{"ESTADIO":"Moisés Lucarelli/Majestoso","NOME_OFICIAL":null,"CIDADE":"Campinas","ESTADO":"São Paulo","PAIS":"Brasil","LATITUDE":-22.9126747,"LONGITUDE":-47.0505475,"PRIMEIRA_PARTIDA":"ponte preta 0 x 6 Corinthians","DATA_PRIMEIRA_PARTIDA":"1948-12-08","ANO_PRIMEIRA_PARTIDA":1948,"ADVERSARIO":"ponte preta","PLACAR":"0 x 6","COMPETICAO_PRIMEIRA_PARTIDA":"Amistoso","MANDO_PRIMEIRA_PARTIDA":"Visitante","TOTAL_JOGOS":77,"VITORIAS":30,"EMPATES":26,"DERROTAS":21,"APROVEITAMENTO_PCT":50.2,"GOLS_MARCADOS":112,"GOLS_SOFRIDOS":89,"ESTADIOS_COM_ESTREIA_NA_DECADA":48,"OBSERVACOES":null,"FONTE_PRIMEIRA_PARTIDA":"Meu Timão / Acervo ATLAS1910","DESCRICAO_ORIGINAL":"Primeira partida: ponte preta 0 x 6 Corinthians 08/12/1948 - Amistoso","FONTE_COORDENADAS":"OpenStreetMap Nominatim (geocodificação reversa)","URL_FONTE_COORDENADAS":"https://www.openstreetmap.org/relation/298227","ATRIBUICAO_COORDENADAS":"© OpenStreetMap contributors, ODbL 1.0","PAIS_ISO3":"BRA"},"geometry":{"type":"Point","coordinates":[-47.0505475,-22.9126747]}},{"type":"Feature","properties":{"ESTADIO":"Malmö Stadion","NOME_OFICIAL":"A inauguração aparece como 1958, mas o jogo aconteceu antes disso, não consigo afirmar ser o local exato","CIDADE":"Malmo","ESTADO":null,"PAIS":"Sweden","LATITUDE":55.5860979,"LONGITUDE":12.9892329,"PRIMEIRA_PARTIDA":"malmoe 1 x 2 Corinthians","DATA_PRIMEIRA_PARTIDA":"1952-05-27","ANO_PRIMEIRA_PARTIDA":1952,"ADVERSARIO":"malmoe","PLACAR":"1 x 2","COMPETICAO_PRIMEIRA_PARTIDA":"Amistoso","MANDO_PRIMEIRA_PARTIDA":"Visitante","TOTAL_JOGOS":2,"VITORIAS":2,"EMPATES":0,"DERROTAS":0,"APROVEITAMENTO_PCT":100.0,"GOLS_MARCADOS":4,"GOLS_SOFRIDOS":2,"ESTADIOS_COM_ESTREIA_NA_DECADA":72,"OBSERVACOES":null,"FONTE_PRIMEIRA_PARTIDA":"Meu Timão / Acervo ATLAS1910","DESCRICAO_ORIGINAL":"A inauguração aparece como 1958, mas o jogo aconteceu antes disso, não consigo afirmar ser o local exato<br><br>Primeira partida: malmoe 1 x 2 Corinthians 27/05/1952 - Amistoso","FONTE_COORDENADAS":"OpenStreetMap Nominatim (geocodificação reversa)","URL_FONTE_COORDENADAS":"https://www.openstreetmap.org/relation/10663667","ATRIBUICAO_COORDENADAS":"© OpenStreetMap contributors, ODbL 1.0","PAIS_ISO3":"SWE","FONTE_CORRECAO_PAIS":"https://data.geocode.earth/wof/dist/legacy/whosonfirst-data-country-latest.tar.bz2"},"geometry":{"type":"Point","coordinates":[12.9892328999999,55.5860979]}},{"type":"Feature","properties":{"ESTADIO":"Manuel Toro","NOME_OFICIAL":"Estádio Manuel Murillo Toro","CIDADE":"Ibagué","ESTADO":"Tolima","PAIS":"Colombia","LATITUDE":4.4300469,"LONGITUDE":-75.2181362,"PRIMEIRA_PARTIDA":"tolima 2 x 0 Corinthians","DATA_PRIMEIRA_PARTIDA":"2011-02-02","ANO_PRIMEIRA_PARTIDA":2011,"ADVERSARIO":"tolima","PLACAR":"2 x 0","COMPETICAO_PRIMEIRA_PARTIDA":"Libertadores","MANDO_PRIMEIRA_PARTIDA":"Visitante","TOTAL_JOGOS":1,"VITORIAS":0,"EMPATES":0,"DERROTAS":1,"APROVEITAMENTO_PCT":0.0,"GOLS_MARCADOS":0,"GOLS_SOFRIDOS":2,"ESTADIOS_COM_ESTREIA_NA_DECADA":31,"OBSERVACOES":null,"FONTE_PRIMEIRA_PARTIDA":"Meu Timão / Acervo ATLAS1910","DESCRICAO_ORIGINAL":"Estádio Manuel Murillo Toro<br><br>Primeira partida: tolima 2 x 0 Corinthians 02/02/2011 - Libertadores","FONTE_COORDENADAS":"OpenStreetMap Nominatim (geocodificação reversa)","URL_FONTE_COORDENADAS":"https://www.openstreetmap.org/relation/13473938","ATRIBUICAO_COORDENADAS":"© OpenStreetMap contributors, ODbL 1.0","PAIS_ISO3":"COL","FONTE_CORRECAO_PAIS":"https://data.geocode.earth/wof/dist/legacy/whosonfirst-data-country-latest.tar.bz2"},"geometry":{"type":"Point","coordinates":[-75.2181362,4.4300469]}},{"type":"Feature","properties":{"ESTADIO":"Martins Pereira","NOME_OFICIAL":null,"CIDADE":"São José dos Campos","ESTADO":"São Paulo","PAIS":"Brasil","LATITUDE":-23.1886066,"LONGITUDE":-45.8698618,"PRIMEIRA_PARTIDA":"taubaté 3 x 1 Corinthians","DATA_PRIMEIRA_PARTIDA":"1957-04-20","ANO_PRIMEIRA_PARTIDA":1957,"ADVERSARIO":"taubaté","PLACAR":"3 x 1","COMPETICAO_PRIMEIRA_PARTIDA":"Amistoso","MANDO_PRIMEIRA_PARTIDA":"Visitante","TOTAL_JOGOS":20,"VITORIAS":6,"EMPATES":10,"DERROTAS":4,"APROVEITAMENTO_PCT":46.7,"GOLS_MARCADOS":26,"GOLS_SOFRIDOS":26,"ESTADIOS_COM_ESTREIA_NA_DECADA":72,"OBSERVACOES":null,"FONTE_PRIMEIRA_PARTIDA":"Meu Timão / Acervo ATLAS1910","DESCRICAO_ORIGINAL":"Primeira partida: taubaté 3 x 1 Corinthians 20/04/1957 - Amistoso","FONTE_COORDENADAS":"OpenStreetMap Nominatim (geocodificação reversa)","URL_FONTE_COORDENADAS":"https://www.openstreetmap.org/relation/298019","ATRIBUICAO_COORDENADAS":"© OpenStreetMap contributors, ODbL 1.0","PAIS_ISO3":"BRA"},"geometry":{"type":"Point","coordinates":[-45.8698618,-23.1886066]}},{"type":"Feature","properties":{"ESTADIO":"Mateo Flores","NOME_OFICIAL":"Estádio Doroteo Guamuch Flores","CIDADE":"Cidade da Guatemala","ESTADO":"Guatemala Department","PAIS":"Guatemala","LATITUDE":14.6257186,"LONGITUDE":-90.5101753,"PRIMEIRA_PARTIDA":"Corinthians 3 x 2 flamengo","DATA_PRIMEIRA_PARTIDA":"1966-05-08","ANO_PRIMEIRA_PARTIDA":1966,"ADVERSARIO":"flamengo","PLACAR":"3 x 2","COMPETICAO_PRIMEIRA_PARTIDA":"Amistoso","MANDO_PRIMEIRA_PARTIDA":"Mandante","TOTAL_JOGOS":3,"VITORIAS":2,"EMPATES":1,"DERROTAS":0,"APROVEITAMENTO_PCT":77.8,"GOLS_MARCADOS":4,"GOLS_SOFRIDOS":2,"ESTADIOS_COM_ESTREIA_NA_DECADA":56,"OBSERVACOES":null,"FONTE_PRIMEIRA_PARTIDA":"Meu Timão / Acervo ATLAS1910","DESCRICAO_ORIGINAL":"Estádio Doroteo Guamuch Flores<br><br>Primeira partida: Corinthians 3 x 2 flamengo 08/05/1966 - Amistoso","FONTE_COORDENADAS":"OpenStreetMap Nominatim (geocodificação reversa)","URL_FONTE_COORDENADAS":"https://www.openstreetmap.org/relation/13730388","ATRIBUICAO_COORDENADAS":"© OpenStreetMap contributors, ODbL 1.0","PAIS_ISO3":"GTM","FONTE_CORRECAO_PAIS":"https://data.geocode.earth/wof/dist/legacy/whosonfirst-data-country-latest.tar.bz2"},"geometry":{"type":"Point","coordinates":[-90.5101753,14.6257186]}},{"type":"Feature","properties":{"ESTADIO":"Melão","NOME_OFICIAL":"Estadio Municipal Prefeito Dilzon Melo","CIDADE":"Varginha","ESTADO":"Minas Gerais","PAIS":"Brasil","LATITUDE":-21.5701332,"LONGITUDE":-45.4141273,"PRIMEIRA_PARTIDA":"flamengo de varginha 0 x 0 Corinthians","DATA_PRIMEIRA_PARTIDA":"1990-01-23","ANO_PRIMEIRA_PARTIDA":1990,"ADVERSARIO":"flamengo de varginha","PLACAR":"0 x 0","COMPETICAO_PRIMEIRA_PARTIDA":"Amistoso","MANDO_PRIMEIRA_PARTIDA":"Visitante","TOTAL_JOGOS":4,"VITORIAS":0,"EMPATES":2,"DERROTAS":2,"APROVEITAMENTO_PCT":16.7,"GOLS_MARCADOS":0,"GOLS_SOFRIDOS":4,"ESTADIOS_COM_ESTREIA_NA_DECADA":35,"OBSERVACOES":null,"FONTE_PRIMEIRA_PARTIDA":"Meu Timão / Acervo ATLAS1910","DESCRICAO_ORIGINAL":"Estadio Municipal Prefeito Dilzon Melo<br><br>Primeira partida: flamengo de varginha 0 x 0 Corinthians 23/01/1990 - Amistoso","FONTE_COORDENADAS":"OpenStreetMap Nominatim (geocodificação reversa)","URL_FONTE_COORDENADAS":"https://www.openstreetmap.org/relation/315111","ATRIBUICAO_COORDENADAS":"© OpenStreetMap contributors, ODbL 1.0","PAIS_ISO3":"BRA"},"geometry":{"type":"Point","coordinates":[-45.4141273,-21.5701332]}},{"type":"Feature","properties":{"ESTADIO":"Memorial Stadium","NOME_OFICIAL":"Estádio Memorial da Universidade de Kobe","CIDADE":"Kobe","ESTADO":null,"PAIS":"Japan","LATITUDE":34.6823814,"LONGITUDE":135.0803433,"PRIMEIRA_PARTIDA":"seleção japonesa 2 x 1 Corinthians","DATA_PRIMEIRA_PARTIDA":"1984-01-14","ANO_PRIMEIRA_PARTIDA":1984,"ADVERSARIO":"seleção japonesa","PLACAR":"2 x 1","COMPETICAO_PRIMEIRA_PARTIDA":"Amistoso","MANDO_PRIMEIRA_PARTIDA":"Visitante","TOTAL_JOGOS":2,"VITORIAS":0,"EMPATES":0,"DERROTAS":2,"APROVEITAMENTO_PCT":0.0,"GOLS_MARCADOS":2,"GOLS_SOFRIDOS":4,"ESTADIOS_COM_ESTREIA_NA_DECADA":37,"OBSERVACOES":null,"FONTE_PRIMEIRA_PARTIDA":"Meu Timão / Acervo ATLAS1910","DESCRICAO_ORIGINAL":"Estádio Memorial da Universidade de Kobe<br><br>Primeira partida: seleção japonesa 2 x 1 Corinthians 14/01/1984 - Amistoso","FONTE_COORDENADAS":"OpenStreetMap Nominatim (geocodificação reversa)","URL_FONTE_COORDENADAS":"https://www.openstreetmap.org/relation/900329","ATRIBUICAO_COORDENADAS":"© OpenStreetMap contributors, ODbL 1.0","CAPACIDADE":"45000","CAPACIDADE_FONTE":"Meu Timão","URL_FONTE_CAPACIDADE":"https://www.meutimao.com.br/estadio/memorial_stadium/","PAIS_ISO3":"JPN","FONTE_CORRECAO_PAIS":"https://data.geocode.earth/wof/dist/legacy/whosonfirst-data-country-latest.tar.bz2"},"geometry":{"type":"Point","coordinates":[135.0803433,34.6823814]}},{"type":"Feature","properties":{"ESTADIO":"Ménez Paul","NOME_OFICIAL":null,"CIDADE":"Brest","ESTADO":"Bretanha","PAIS":"France","LATITUDE":48.4078242,"LONGITUDE":-4.4694373,"PRIMEIRA_PARTIDA":"brest 0 x 2 Corinthians","DATA_PRIMEIRA_PARTIDA":"1970-05-23","ANO_PRIMEIRA_PARTIDA":1970,"ADVERSARIO":"brest","PLACAR":"0 x 2","COMPETICAO_PRIMEIRA_PARTIDA":"Amistoso","MANDO_PRIMEIRA_PARTIDA":"Visitante","TOTAL_JOGOS":1,"VITORIAS":1,"EMPATES":0,"DERROTAS":0,"APROVEITAMENTO_PCT":100.0,"GOLS_MARCADOS":2,"GOLS_SOFRIDOS":0,"ESTADIOS_COM_ESTREIA_NA_DECADA":44,"OBSERVACOES":null,"FONTE_PRIMEIRA_PARTIDA":"Meu Timão / Acervo ATLAS1910","DESCRICAO_ORIGINAL":"Primeira partida: brest 0 x 2 Corinthians 23/05/1970 - Amistoso","FONTE_COORDENADAS":"OpenStreetMap Nominatim (geocodificação reversa)","URL_FONTE_COORDENADAS":"https://www.openstreetmap.org/relation/1076124","ATRIBUICAO_COORDENADAS":"© OpenStreetMap contributors, ODbL 1.0","PAIS_ISO3":"FRA","FONTE_CORRECAO_PAIS":"https://data.geocode.earth/wof/dist/legacy/whosonfirst-data-country-latest.tar.bz2"},"geometry":{"type":"Point","coordinates":[-4.46943729999998,48.4078242]}},{"type":"Feature","properties":{"ESTADIO":"Mestalla","NOME_OFICIAL":null,"CIDADE":"Valência","ESTADO":"Comunidade Valenciana","PAIS":"Spain","LATITUDE":39.4746099,"LONGITUDE":-0.358240099999989,"PRIMEIRA_PARTIDA":"combinado de valencia/mestalla 1 x 3 Corinthians","DATA_PRIMEIRA_PARTIDA":"1959-06-11","ANO_PRIMEIRA_PARTIDA":1959,"ADVERSARIO":"combinado de valencia/mestalla","PLACAR":"1 x 3","COMPETICAO_PRIMEIRA_PARTIDA":"Amistoso","MANDO_PRIMEIRA_PARTIDA":"Visitante","TOTAL_JOGOS":1,"VITORIAS":1,"EMPATES":0,"DERROTAS":0,"APROVEITAMENTO_PCT":100.0,"GOLS_MARCADOS":3,"GOLS_SOFRIDOS":1,"ESTADIOS_COM_ESTREIA_NA_DECADA":72,"OBSERVACOES":null,"FONTE_PRIMEIRA_PARTIDA":"Meu Timão / Acervo ATLAS1910","DESCRICAO_ORIGINAL":"Primeira partida: combinado de valencia/mestalla 1 x 3 Corinthians 11/06/1959 - Amistoso","FONTE_COORDENADAS":"OpenStreetMap Nominatim (geocodificação reversa)","URL_FONTE_COORDENADAS":"https://www.openstreetmap.org/relation/344953","ATRIBUICAO_COORDENADAS":"© OpenStreetMap contributors, ODbL 1.0","CAPACIDADE":"49419","CAPACIDADE_FONTE":"StadiumDB.com","URL_FONTE_CAPACIDADE":"https://stadiumdb.com/stadiums/esp/estadio_mestalla","PAIS_ISO3":"ESP","FONTE_CORRECAO_PAIS":"https://data.geocode.earth/wof/dist/legacy/whosonfirst-data-country-latest.tar.bz2"},"geometry":{"type":"Point","coordinates":[-0.358240099999989,39.4746099]}},{"type":"Feature","properties":{"ESTADIO":"Mineirão","NOME_OFICIAL":null,"CIDADE":"Belo Horizonte","ESTADO":"Minas Gerais","PAIS":"Brasil","LATITUDE":-19.865867,"LONGITUDE":-43.9711315,"PRIMEIRA_PARTIDA":"seleção mineira 1 x 6 Corinthians","DATA_PRIMEIRA_PARTIDA":"1966-02-27","ANO_PRIMEIRA_PARTIDA":1966,"ADVERSARIO":"seleção mineira","PLACAR":"1 x 6","COMPETICAO_PRIMEIRA_PARTIDA":"Amistoso","MANDO_PRIMEIRA_PARTIDA":"Visitante","TOTAL_JOGOS":170,"VITORIAS":56,"EMPATES":44,"DERROTAS":70,"APROVEITAMENTO_PCT":41.6,"GOLS_MARCADOS":212,"GOLS_SOFRIDOS":230,"ESTADIOS_COM_ESTREIA_NA_DECADA":56,"OBSERVACOES":null,"FONTE_PRIMEIRA_PARTIDA":"Meu Timão / Acervo ATLAS1910","DESCRICAO_ORIGINAL":"Primeira partida: seleção mineira 1 x 6 Corinthians 27/02/1966 - Amistoso","FONTE_COORDENADAS":"OpenStreetMap Nominatim (geocodificação reversa)","URL_FONTE_COORDENADAS":"https://www.openstreetmap.org/relation/368782","ATRIBUICAO_COORDENADAS":"© OpenStreetMap contributors, ODbL 1.0","CAPACIDADE":"61919","CAPACIDADE_FONTE":"StadiumDB.com","URL_FONTE_CAPACIDADE":"https://stadiumdb.com/stadiums/bra/estadio_mineirao","PAIS_ISO3":"BRA"},"geometry":{"type":"Point","coordinates":[-43.9711315,-19.865867]}},{"type":"Feature","properties":{"ESTADIO":"Hailé Pinheiro (Serrinha)","NOME_OFICIAL":null,"CIDADE":"Goiânia","ESTADO":"GO","PAIS":"Brasil","LATITUDE":-16.7104284,"LONGITUDE":-49.2612882,"PRIMEIRA_PARTIDA":"goias 1 x 2 Corinthians","DATA_PRIMEIRA_PARTIDA":"2020-09-02","ANO_PRIMEIRA_PARTIDA":2020,"ADVERSARIO":"goias","PLACAR":"1 x 2","COMPETICAO_PRIMEIRA_PARTIDA":"Brasileiro","MANDO_PRIMEIRA_PARTIDA":"Visitante","TOTAL_JOGOS":9,"VITORIAS":3,"EMPATES":3,"DERROTAS":3,"APROVEITAMENTO_PCT":44.4,"GOLS_MARCADOS":9,"GOLS_SOFRIDOS":12,"ESTADIOS_COM_ESTREIA_NA_DECADA":6,"OBSERVACOES":null,"FONTE_PRIMEIRA_PARTIDA":"Meu Timão / Acervo ATLAS1910","DESCRICAO_ORIGINAL":"Primeira partida: goias 1 x 2 Corinthians 02/09/2020 - Brasileiro","PAIS_ISO3":"BRA"},"geometry":{"type":"Point","coordinates":[-49.2612882,-16.7104284]}},{"type":"Feature","properties":{"ESTADIO":"Mohamed V","NOME_OFICIAL":null,"CIDADE":"Casablanca","ESTADO":"Casablanca-Settat","PAIS":"Marrocos","LATITUDE":33.5827953,"LONGITUDE":-7.6467228,"PRIMEIRA_PARTIDA":"seleção marroquina 1 x 0 Corinthians","DATA_PRIMEIRA_PARTIDA":"1970-05-10","ANO_PRIMEIRA_PARTIDA":1970,"ADVERSARIO":"seleção marroquina","PLACAR":"1 x 0","COMPETICAO_PRIMEIRA_PARTIDA":"Amistoso","MANDO_PRIMEIRA_PARTIDA":"Visitante","TOTAL_JOGOS":3,"VITORIAS":0,"EMPATES":0,"DERROTAS":3,"APROVEITAMENTO_PCT":0.0,"GOLS_MARCADOS":0,"GOLS_SOFRIDOS":3,"ESTADIOS_COM_ESTREIA_NA_DECADA":44,"OBSERVACOES":null,"FONTE_PRIMEIRA_PARTIDA":"Meu Timão / Acervo ATLAS1910","DESCRICAO_ORIGINAL":"Primeira partida: seleção marroquina 1 x 0 Corinthians 10/05/1970 - Amistoso","FONTE_COORDENADAS":"OpenStreetMap Nominatim (geocodificação reversa)","URL_FONTE_COORDENADAS":"https://www.openstreetmap.org/relation/4072985","ATRIBUICAO_COORDENADAS":"© OpenStreetMap contributors, ODbL 1.0","PAIS_ISO3":"MAR"},"geometry":{"type":"Point","coordinates":[-7.6467228,33.5827953]}},{"type":"Feature","properties":{"ESTADIO":"Monumental de Núñez","NOME_OFICIAL":null,"CIDADE":"Buenos Aires","ESTADO":"Autonomous City of Buenos Aires","PAIS":"Argentina","LATITUDE":-34.5453062,"LONGITUDE":-58.4497749,"PRIMEIRA_PARTIDA":"river plate 2 x 1 Corinthians","DATA_PRIMEIRA_PARTIDA":"1961-01-24","ANO_PRIMEIRA_PARTIDA":1961,"ADVERSARIO":"river plate","PLACAR":"2 x 1","COMPETICAO_PRIMEIRA_PARTIDA":"Octagonal de verão","MANDO_PRIMEIRA_PARTIDA":"Visitante","TOTAL_JOGOS":8,"VITORIAS":0,"EMPATES":2,"DERROTAS":6,"APROVEITAMENTO_PCT":8.3,"GOLS_MARCADOS":10,"GOLS_SOFRIDOS":16,"ESTADIOS_COM_ESTREIA_NA_DECADA":56,"OBSERVACOES":null,"FONTE_PRIMEIRA_PARTIDA":"Meu Timão / Acervo ATLAS1910","DESCRICAO_ORIGINAL":"Primeira partida: river plate 2 x 1 Corinthians 24/01/1961 - Octagonal de verão","FONTE_COORDENADAS":"OpenStreetMap Nominatim (geocodificação reversa)","URL_FONTE_COORDENADAS":"https://www.openstreetmap.org/relation/1224652","ATRIBUICAO_COORDENADAS":"© OpenStreetMap contributors, ODbL 1.0","CAPACIDADE":"7597","CAPACIDADE_FONTE":"Meu Timão","URL_FONTE_CAPACIDADE":"https://www.meutimao.com.br/estadio/monumental_de_nunez/","PAIS_ISO3":"ARG","FONTE_CORRECAO_PAIS":"https://data.geocode.earth/wof/dist/legacy/whosonfirst-data-country-latest.tar.bz2"},"geometry":{"type":"Point","coordinates":[-58.4497749,-34.5453062]}},{"type":"Feature","properties":{"ESTADIO":"Monumental de Santiago","NOME_OFICIAL":"Estádio Monumental David Arellano","CIDADE":"Santiago","ESTADO":"Região Metropolitana de Santiago","PAIS":"Chile","LATITUDE":-33.5066621,"LONGITUDE":-70.6060094,"PRIMEIRA_PARTIDA":"colo colo 0 x 2 Corinthians","DATA_PRIMEIRA_PARTIDA":"2001-07-26","ANO_PRIMEIRA_PARTIDA":2001,"ADVERSARIO":"colo colo","PLACAR":"0 x 2","COMPETICAO_PRIMEIRA_PARTIDA":"Mercosul","MANDO_PRIMEIRA_PARTIDA":"Visitante","TOTAL_JOGOS":6,"VITORIAS":3,"EMPATES":0,"DERROTAS":3,"APROVEITAMENTO_PCT":50.0,"GOLS_MARCADOS":6,"GOLS_SOFRIDOS":3,"ESTADIOS_COM_ESTREIA_NA_DECADA":21,"OBSERVACOES":null,"FONTE_PRIMEIRA_PARTIDA":"Meu Timão / Acervo ATLAS1910","DESCRICAO_ORIGINAL":"Estádio Monumental David Arellano<br><br>Primeira partida: colo colo 0 x 2 Corinthians 26/07/2001 - Mercosul","FONTE_COORDENADAS":"OpenStreetMap Nominatim (geocodificação reversa)","URL_FONTE_COORDENADAS":"https://www.openstreetmap.org/relation/191190","ATRIBUICAO_COORDENADAS":"© OpenStreetMap contributors, ODbL 1.0","CAPACIDADE":"47347","CAPACIDADE_FONTE":"StadiumDB.com","URL_FONTE_CAPACIDADE":"https://stadiumdb.com/stadiums/chi/estadio_monumental_david_arellano","PAIS_ISO3":"CHL"},"geometry":{"type":"Point","coordinates":[-70.6060094,-33.5066621]}},{"type":"Feature","properties":{"ESTADIO":"Morenão","NOME_OFICIAL":"Estádio Universitário Pedro Pedrossian","CIDADE":"Campo Grande","ESTADO":"Mato Grosso do Sul","PAIS":"Brasil","LATITUDE":-20.5019956,"LONGITUDE":-54.6100501,"PRIMEIRA_PARTIDA":"flamengo 3 x 1 Corinthians","DATA_PRIMEIRA_PARTIDA":"1971-03-07","ANO_PRIMEIRA_PARTIDA":1971,"ADVERSARIO":"flamengo","PLACAR":"3 x 1","COMPETICAO_PRIMEIRA_PARTIDA":"Amistoso","MANDO_PRIMEIRA_PARTIDA":"Visitante","TOTAL_JOGOS":40,"VITORIAS":22,"EMPATES":12,"DERROTAS":6,"APROVEITAMENTO_PCT":65.0,"GOLS_MARCADOS":60,"GOLS_SOFRIDOS":26,"ESTADIOS_COM_ESTREIA_NA_DECADA":44,"OBSERVACOES":null,"FONTE_PRIMEIRA_PARTIDA":"Meu Timão / Acervo ATLAS1910","DESCRICAO_ORIGINAL":"Estádio Universitário Pedro Pedrossian<br><br>Primeira partida: flamengo 3 x 1 Corinthians 07/03/1971 - Amistoso","FONTE_COORDENADAS":"OpenStreetMap Nominatim (geocodificação reversa)","URL_FONTE_COORDENADAS":"https://www.openstreetmap.org/relation/334022","ATRIBUICAO_COORDENADAS":"© OpenStreetMap contributors, ODbL 1.0","CAPACIDADE":"45000","CAPACIDADE_FONTE":"Meu Timão","URL_FONTE_CAPACIDADE":"https://www.meutimao.com.br/estadio/morenao/","PAIS_ISO3":"BRA"},"geometry":{"type":"Point","coordinates":[-54.6100501,-20.5019956]}},{"type":"Feature","properties":{"ESTADIO":"Morumbi","NOME_OFICIAL":"Estádio Cícero Pompeu de Toledo","CIDADE":"São Paulo","ESTADO":"São Paulo","PAIS":"Brasil","LATITUDE":-23.6000888,"LONGITUDE":-46.7200902,"PRIMEIRA_PARTIDA":"são paulo 1 x 2 Corinthians","DATA_PRIMEIRA_PARTIDA":"1962-01-25","ANO_PRIMEIRA_PARTIDA":1962,"ADVERSARIO":"são paulo","PLACAR":"1 x 2","COMPETICAO_PRIMEIRA_PARTIDA":"Troféu Lourenço Fló Júnior","MANDO_PRIMEIRA_PARTIDA":"Visitante","TOTAL_JOGOS":558,"VITORIAS":213,"EMPATES":194,"DERROTAS":151,"APROVEITAMENTO_PCT":49.8,"GOLS_MARCADOS":723,"GOLS_SOFRIDOS":599,"ESTADIOS_COM_ESTREIA_NA_DECADA":56,"OBSERVACOES":null,"FONTE_PRIMEIRA_PARTIDA":"Meu Timão / Acervo ATLAS1910","DESCRICAO_ORIGINAL":"Estádio Cícero Pompeu de Toledo<br><br>Primeira partida: são paulo 1 x 2 Corinthians 25/01/1962 - Troféu Lourenço Fló Júnior","FONTE_COORDENADAS":"OpenStreetMap Nominatim (geocodificação reversa)","URL_FONTE_COORDENADAS":"https://www.openstreetmap.org/relation/298285","ATRIBUICAO_COORDENADAS":"© OpenStreetMap contributors, ODbL 1.0","PAIS_ISO3":"BRA"},"geometry":{"type":"Point","coordinates":[-46.7200902,-23.6000888]}},{"type":"Feature","properties":{"ESTADIO":"Moça Bonita","NOME_OFICIAL":"Proletário Guilherme da Silveira","CIDADE":"Rio de Janeiro","ESTADO":"Rio de Janeiro","PAIS":"Brasil","LATITUDE":-22.8725,"LONGITUDE":-43.4566109,"PRIMEIRA_PARTIDA":"bangu 2 x 1 Corinthians","DATA_PRIMEIRA_PARTIDA":"1988-11-09","ANO_PRIMEIRA_PARTIDA":1988,"ADVERSARIO":"bangu","PLACAR":"2 x 1","COMPETICAO_PRIMEIRA_PARTIDA":"Brasileiro","MANDO_PRIMEIRA_PARTIDA":"Visitante","TOTAL_JOGOS":1,"VITORIAS":0,"EMPATES":0,"DERROTAS":1,"APROVEITAMENTO_PCT":0.0,"GOLS_MARCADOS":1,"GOLS_SOFRIDOS":2,"ESTADIOS_COM_ESTREIA_NA_DECADA":37,"OBSERVACOES":null,"FONTE_PRIMEIRA_PARTIDA":"Meu Timão / Acervo ATLAS1910","DESCRICAO_ORIGINAL":"Proletário Guilherme da Silveira<br><br>Primeira partida: bangu 2 x 1 Corinthians 09/11/1988 - Brasileiro","FONTE_COORDENADAS":"OpenStreetMap Nominatim (geocodificação reversa)","URL_FONTE_COORDENADAS":"https://www.openstreetmap.org/relation/2697338","ATRIBUICAO_COORDENADAS":"© OpenStreetMap contributors, ODbL 1.0","PAIS_ISO3":"BRA"},"geometry":{"type":"Point","coordinates":[-43.4566109,-22.8725]}},{"type":"Feature","properties":{"ESTADIO":"Mundialista","NOME_OFICIAL":"Estádio José María Minella","CIDADE":"Mar del Plata","ESTADO":"Buenos Aires","PAIS":"Argentina","LATITUDE":-38.0179547,"LONGITUDE":-57.5822691,"PRIMEIRA_PARTIDA":"independiente 0 x 1 Corinthians","DATA_PRIMEIRA_PARTIDA":"1986-02-18","ANO_PRIMEIRA_PARTIDA":1986,"ADVERSARIO":"independiente","PLACAR":"0 x 1","COMPETICAO_PRIMEIRA_PARTIDA":"Troféu copa dos campeões","MANDO_PRIMEIRA_PARTIDA":"Visitante","TOTAL_JOGOS":1,"VITORIAS":1,"EMPATES":0,"DERROTAS":0,"APROVEITAMENTO_PCT":100.0,"GOLS_MARCADOS":1,"GOLS_SOFRIDOS":0,"ESTADIOS_COM_ESTREIA_NA_DECADA":37,"OBSERVACOES":null,"FONTE_PRIMEIRA_PARTIDA":"Meu Timão / Acervo ATLAS1910","DESCRICAO_ORIGINAL":"Estádio José María Minella<br><br>Primeira partida: independiente 0 x 1 Corinthians 18/02/1986 - Troféu copa dos campeões","FONTE_COORDENADAS":"OpenStreetMap Nominatim (geocodificação reversa)","URL_FONTE_COORDENADAS":"https://www.openstreetmap.org/relation/3402727","ATRIBUICAO_COORDENADAS":"© OpenStreetMap contributors, ODbL 1.0","CAPACIDADE":"35180","CAPACIDADE_FONTE":"StadiumDB.com","URL_FONTE_CAPACIDADE":"https://stadiumdb.com/stadiums/arg/estadio_jose_maria_minella","PAIS_ISO3":"ARG","FONTE_CORRECAO_PAIS":"https://data.geocode.earth/wof/dist/legacy/whosonfirst-data-country-latest.tar.bz2"},"geometry":{"type":"Point","coordinates":[-57.5822691,-38.0179547]}},{"type":"Feature","properties":{"ESTADIO":"Municipal de Andradina","NOME_OFICIAL":"Localização exata não confirmada, o jogo do Corinthians consta como exato 1 anos antes da inauguração, não encontrei outro estádio municipal","CIDADE":"Andradina","ESTADO":"São Paulo","PAIS":"Brasil","LATITUDE":-20.9008066,"LONGITUDE":-51.3732046,"PRIMEIRA_PARTIDA":"andradina 2 x 4 Corinthians","DATA_PRIMEIRA_PARTIDA":"1956-07-11","ANO_PRIMEIRA_PARTIDA":1956,"ADVERSARIO":"andradina","PLACAR":"2 x 4","COMPETICAO_PRIMEIRA_PARTIDA":"Amistoso","MANDO_PRIMEIRA_PARTIDA":"Visitante","TOTAL_JOGOS":1,"VITORIAS":1,"EMPATES":0,"DERROTAS":0,"APROVEITAMENTO_PCT":100.0,"GOLS_MARCADOS":4,"GOLS_SOFRIDOS":2,"ESTADIOS_COM_ESTREIA_NA_DECADA":72,"OBSERVACOES":null,"FONTE_PRIMEIRA_PARTIDA":"Meu Timão / Acervo ATLAS1910","DESCRICAO_ORIGINAL":"Localização exata não confirmada, o jogo do Corinthians consta como exato 1 anos antes da inauguração, não encontrei outro estádio municipal<br><br>Primeira partida: andradina 2 x 4 Corinthians 11/07/1956 - Amistoso","FONTE_COORDENADAS":"OpenStreetMap Nominatim (geocodificação reversa)","URL_FONTE_COORDENADAS":"https://www.openstreetmap.org/relation/298128","ATRIBUICAO_COORDENADAS":"© OpenStreetMap contributors, ODbL 1.0","PAIS_ISO3":"BRA"},"geometry":{"type":"Point","coordinates":[-51.3732046,-20.9008066]}},{"type":"Feature","properties":{"ESTADIO":"Municipal de Aracaju","NOME_OFICIAL":"Municipal do Anchietao","CIDADE":"Aracaju","ESTADO":"Sergipe","PAIS":"Brasil","LATITUDE":-10.8906356,"LONGITUDE":-37.1017728,"PRIMEIRA_PARTIDA":"sergipe 1 x 4 Corinthians","DATA_PRIMEIRA_PARTIDA":"1965-01-27","ANO_PRIMEIRA_PARTIDA":1965,"ADVERSARIO":"sergipe","PLACAR":"1 x 4","COMPETICAO_PRIMEIRA_PARTIDA":"Amistoso","MANDO_PRIMEIRA_PARTIDA":"Visitante","TOTAL_JOGOS":12,"VITORIAS":6,"EMPATES":4,"DERROTAS":2,"APROVEITAMENTO_PCT":61.1,"GOLS_MARCADOS":26,"GOLS_SOFRIDOS":12,"ESTADIOS_COM_ESTREIA_NA_DECADA":56,"OBSERVACOES":"Não consegui confirmar que esse é o local, dado que não encontrei a data de inauguração do estádio","FONTE_PRIMEIRA_PARTIDA":"Meu Timão / Acervo ATLAS1910","DESCRICAO_ORIGINAL":"Municipal do Anchietao<br><br>Não consegui confirmar que esse é o local, dado que não encontrei a data de inauguração do estádio <br><br>Primeira partida: sergipe 1 x 4 Corinthians 27/01/1965 - Amistoso","FONTE_COORDENADAS":"OpenStreetMap Nominatim (geocodificação reversa)","URL_FONTE_COORDENADAS":"https://www.openstreetmap.org/relation/303928","ATRIBUICAO_COORDENADAS":"© OpenStreetMap contributors, ODbL 1.0","PAIS_ISO3":"BRA"},"geometry":{"type":"Point","coordinates":[-37.1017728,-10.8906356]}},{"type":"Feature","properties":{"ESTADIO":"Municipal de Araguari","NOME_OFICIAL":"Estádio Sebastião César","CIDADE":"Araguari","ESTADO":"Minas Gerais","PAIS":"Brasil","LATITUDE":-18.6526447,"LONGITUDE":-48.1822937,"PRIMEIRA_PARTIDA":"fluminense 1 x 1 Corinthians","DATA_PRIMEIRA_PARTIDA":"1961-05-28","ANO_PRIMEIRA_PARTIDA":1961,"ADVERSARIO":"fluminense","PLACAR":"1 x 1","COMPETICAO_PRIMEIRA_PARTIDA":"Amistoso","MANDO_PRIMEIRA_PARTIDA":"Visitante","TOTAL_JOGOS":2,"VITORIAS":0,"EMPATES":2,"DERROTAS":0,"APROVEITAMENTO_PCT":33.3,"GOLS_MARCADOS":2,"GOLS_SOFRIDOS":2,"ESTADIOS_COM_ESTREIA_NA_DECADA":56,"OBSERVACOES":"https://en.wikipedia.org/wiki/Fluminense_Futebol_Clube_(Araguari)","FONTE_PRIMEIRA_PARTIDA":"https://en.wikipedia.org/wiki/Fluminense_Futebol_Clube_(Araguari)","DESCRICAO_ORIGINAL":"Estádio Sebastião César<br><br>https://en.wikipedia.org/wiki/Fluminense_Futebol_Clube_(Araguari)<br><br>Primeira partida: fluminense 1 x 1 Corinthians 28/05/1961 - Amistoso","FONTE_COORDENADAS":"OpenStreetMap Nominatim (geocodificação reversa)","URL_FONTE_COORDENADAS":"https://www.openstreetmap.org/relation/314597","ATRIBUICAO_COORDENADAS":"© OpenStreetMap contributors, ODbL 1.0","CAPACIDADE":"5000","CAPACIDADE_FONTE":"Meu Timão","URL_FONTE_CAPACIDADE":"https://www.meutimao.com.br/estadio/municipal_de_araguari/","PAIS_ISO3":"BRA"},"geometry":{"type":"Point","coordinates":[-48.1822937,-18.6526447]}},{"type":"Feature","properties":{"ESTADIO":"Municipal de Arapongas","NOME_OFICIAL":"Localização incorreta, o estadio é posterior a primeira partida do clube, informações sobre o estadio anterior ou sobre o adversário não foram encontradas","CIDADE":"Arapongas","ESTADO":"Paraná","PAIS":"Brasil","LATITUDE":-23.418164,"LONGITUDE":-51.4231486,"PRIMEIRA_PARTIDA":"lavoura 1 x 4 Corinthians","DATA_PRIMEIRA_PARTIDA":"1951-05-06","ANO_PRIMEIRA_PARTIDA":1951,"ADVERSARIO":"lavoura","PLACAR":"1 x 4","COMPETICAO_PRIMEIRA_PARTIDA":"Amistoso","MANDO_PRIMEIRA_PARTIDA":"Visitante","TOTAL_JOGOS":2,"VITORIAS":1,"EMPATES":1,"DERROTAS":0,"APROVEITAMENTO_PCT":66.7,"GOLS_MARCADOS":4,"GOLS_SOFRIDOS":1,"ESTADIOS_COM_ESTREIA_NA_DECADA":72,"OBSERVACOES":null,"FONTE_PRIMEIRA_PARTIDA":"Meu Timão / Acervo ATLAS1910","DESCRICAO_ORIGINAL":"Localização incorreta, o estadio é posterior a primeira partida do clube, informações sobre o estadio anterior ou sobre o adversário não foram encontradas<br><br>Primeira partida: lavoura 1 x 4 Corinthians 06/05/1951 - Amistoso","FONTE_COORDENADAS":"OpenStreetMap Nominatim (geocodificação reversa)","URL_FONTE_COORDENADAS":"https://www.openstreetmap.org/relation/297713","ATRIBUICAO_COORDENADAS":"© OpenStreetMap contributors, ODbL 1.0","PAIS_ISO3":"BRA"},"geometry":{"type":"Point","coordinates":[-51.4231486,-23.418164]}},{"type":"Feature","properties":{"ESTADIO":"Municipal de Avaré","NOME_OFICIAL":"Estádio Doutor Paulo Araújo de Novaes","CIDADE":"Avaré","ESTADO":"São Paulo","PAIS":"Brasil","LATITUDE":-23.1033722,"LONGITUDE":-48.9300433,"PRIMEIRA_PARTIDA":"avareense 0 x 4 Corinthians","DATA_PRIMEIRA_PARTIDA":"1960-06-05","ANO_PRIMEIRA_PARTIDA":1960,"ADVERSARIO":"avareense","PLACAR":"0 x 4","COMPETICAO_PRIMEIRA_PARTIDA":"Amistoso","MANDO_PRIMEIRA_PARTIDA":"Visitante","TOTAL_JOGOS":1,"VITORIAS":1,"EMPATES":0,"DERROTAS":0,"APROVEITAMENTO_PCT":100.0,"GOLS_MARCADOS":4,"GOLS_SOFRIDOS":0,"ESTADIOS_COM_ESTREIA_NA_DECADA":56,"OBSERVACOES":"Localização não confirmada","FONTE_PRIMEIRA_PARTIDA":"Meu Timão / Acervo ATLAS1910","DESCRICAO_ORIGINAL":"Estádio Doutor Paulo Araújo de Novaes<br><br>Localização não confirmada<br><br>Primeira partida: avareense 0 x 4 Corinthians 05/06/1960 - Amistoso","FONTE_COORDENADAS":"OpenStreetMap Nominatim (geocodificação reversa)","URL_FONTE_COORDENADAS":"https://www.openstreetmap.org/relation/297963","ATRIBUICAO_COORDENADAS":"© OpenStreetMap contributors, ODbL 1.0","PAIS_ISO3":"BRA"},"geometry":{"type":"Point","coordinates":[-48.9300433,-23.1033722]}},{"type":"Feature","properties":{"ESTADIO":"Municipal de Banja Luka","NOME_OFICIAL":"Banja Luka City Stadium","CIDADE":"City of Banja Luka","ESTADO":"República Sérvia","PAIS":"Bosnia and Herzegovina","LATITUDE":44.7760279,"LONGITUDE":17.1995594,"PRIMEIRA_PARTIDA":"borac (IUG) 0 x 2 Corinthians","DATA_PRIMEIRA_PARTIDA":"1972-06-15","ANO_PRIMEIRA_PARTIDA":1972,"ADVERSARIO":"borac (IUG)","PLACAR":"0 x 2","COMPETICAO_PRIMEIRA_PARTIDA":"Amistoso","MANDO_PRIMEIRA_PARTIDA":"Visitante","TOTAL_JOGOS":1,"VITORIAS":1,"EMPATES":0,"DERROTAS":0,"APROVEITAMENTO_PCT":100.0,"GOLS_MARCADOS":2,"GOLS_SOFRIDOS":0,"ESTADIOS_COM_ESTREIA_NA_DECADA":44,"OBSERVACOES":null,"FONTE_PRIMEIRA_PARTIDA":"Meu Timão / Acervo ATLAS1910","DESCRICAO_ORIGINAL":"Banja Luka City Stadium<br><br>Primeira partida: borac (IUG) 0 x 2 Corinthians - 15/06/1972 - Amistoso","FONTE_COORDENADAS":"OpenStreetMap Nominatim (geocodificação reversa)","URL_FONTE_COORDENADAS":"https://www.openstreetmap.org/relation/2528156","ATRIBUICAO_COORDENADAS":"© OpenStreetMap contributors, ODbL 1.0","CAPACIDADE":"10030","CAPACIDADE_FONTE":"Meu Timão","URL_FONTE_CAPACIDADE":"https://www.meutimao.com.br/estadio/banja_luka_city_stadium/","PAIS_ISO3":"BIH","FONTE_CORRECAO_PAIS":"https://data.geocode.earth/wof/dist/legacy/whosonfirst-data-country-latest.tar.bz2"},"geometry":{"type":"Point","coordinates":[17.1995594,44.7760279]}},{"type":"Feature","properties":{"ESTADIO":"Municipal de Batatais","NOME_OFICIAL":"Atual Estádio Doutor Oswaldo Scatena","CIDADE":"Batatais","ESTADO":"São Paulo","PAIS":"Brasil","LATITUDE":-20.8967844,"LONGITUDE":-47.5860473,"PRIMEIRA_PARTIDA":"batatais 4 x 3 Corinthians","DATA_PRIMEIRA_PARTIDA":"1946-05-05","ANO_PRIMEIRA_PARTIDA":1946,"ADVERSARIO":"batatais","PLACAR":"4 x 3","COMPETICAO_PRIMEIRA_PARTIDA":"Amistoso","MANDO_PRIMEIRA_PARTIDA":"Visitante","TOTAL_JOGOS":4,"VITORIAS":2,"EMPATES":0,"DERROTAS":2,"APROVEITAMENTO_PCT":50.0,"GOLS_MARCADOS":10,"GOLS_SOFRIDOS":8,"ESTADIOS_COM_ESTREIA_NA_DECADA":48,"OBSERVACOES":"https://pt.wikipedia.org/wiki/Batatais_Futebol_Clube","FONTE_PRIMEIRA_PARTIDA":"https://pt.wikipedia.org/wiki/Batatais_Futebol_Clube","DESCRICAO_ORIGINAL":"Atual Estádio Doutor Oswaldo Scatena<br><br>https://pt.wikipedia.org/wiki/Batatais_Futebol_Clube<br><br>Primeira partida: batatais 4 x 3 Corinthians 05/05/1946 - Amistoso","FONTE_COORDENADAS":"OpenStreetMap Nominatim (geocodificação reversa)","URL_FONTE_COORDENADAS":"https://www.openstreetmap.org/relation/298266","ATRIBUICAO_COORDENADAS":"© OpenStreetMap contributors, ODbL 1.0","CAPACIDADE":"15000","CAPACIDADE_FONTE":"Meu Timão","URL_FONTE_CAPACIDADE":"https://www.meutimao.com.br/estadio/municipal_de_batatais/","PAIS_ISO3":"BRA"},"geometry":{"type":"Point","coordinates":[-47.5860473,-20.8967844]}},{"type":"Feature","properties":{"ESTADIO":"Municipal de Catanduva","NOME_OFICIAL":"Hoje Garden Shopping Catanduva https://pt.wikipedia.org/wiki/Est%C3%A1dio_Municipal_Silvio_Salles","CIDADE":"Catanduva","ESTADO":"São Paulo","PAIS":"Brasil","LATITUDE":-21.1361732,"LONGITUDE":-48.9687878,"PRIMEIRA_PARTIDA":"comercial de catanduva 0 x 5 Corinthians","DATA_PRIMEIRA_PARTIDA":"1925-03-01","ANO_PRIMEIRA_PARTIDA":1925,"ADVERSARIO":"comercial de catanduva","PLACAR":"0 x 5","COMPETICAO_PRIMEIRA_PARTIDA":"Amistoso","MANDO_PRIMEIRA_PARTIDA":"Visitante","TOTAL_JOGOS":14,"VITORIAS":8,"EMPATES":2,"DERROTAS":4,"APROVEITAMENTO_PCT":61.9,"GOLS_MARCADOS":36,"GOLS_SOFRIDOS":14,"ESTADIOS_COM_ESTREIA_NA_DECADA":26,"OBSERVACOES":null,"FONTE_PRIMEIRA_PARTIDA":"https://pt.wikipedia.org/wiki/Est%C3%A1dio_Municipal_Silvio_Salles","DESCRICAO_ORIGINAL":"Hoje Garden Shopping Catanduva https://pt.wikipedia.org/wiki/Est%C3%A1dio_Municipal_Silvio_Salles<br><br>Primeira partida: comercial de catanduva 0 x 5 Corinthians 01/03/1925 - Amistoso","FONTE_COORDENADAS":"OpenStreetMap Nominatim (geocodificação reversa)","URL_FONTE_COORDENADAS":"https://www.openstreetmap.org/relation/298080","ATRIBUICAO_COORDENADAS":"© OpenStreetMap contributors, ODbL 1.0","PAIS_ISO3":"BRA"},"geometry":{"type":"Point","coordinates":[-48.9687878,-21.1361732]}},{"type":"Feature","properties":{"ESTADIO":"Municipal de Espírito Santo de Pinhal","NOME_OFICIAL":"Estádio Municipal Prefeito José Costa","CIDADE":"Espírito Santo do Pinhal","ESTADO":"São Paulo","PAIS":"Brasil","LATITUDE":-22.2012941,"LONGITUDE":-46.7556545,"PRIMEIRA_PARTIDA":"seleção de pinhal 0 x 4 Corinthians","DATA_PRIMEIRA_PARTIDA":"1947-09-07","ANO_PRIMEIRA_PARTIDA":1947,"ADVERSARIO":"seleção de pinhal","PLACAR":"0 x 4","COMPETICAO_PRIMEIRA_PARTIDA":"Amistoso","MANDO_PRIMEIRA_PARTIDA":"Visitante","TOTAL_JOGOS":3,"VITORIAS":3,"EMPATES":0,"DERROTAS":0,"APROVEITAMENTO_PCT":100.0,"GOLS_MARCADOS":8,"GOLS_SOFRIDOS":2,"ESTADIOS_COM_ESTREIA_NA_DECADA":48,"OBSERVACOES":"Localização exata não encontrada, aparentemente o jogo ocorreu antes da inauguração desse espaço","FONTE_PRIMEIRA_PARTIDA":"Meu Timão / Acervo ATLAS1910","DESCRICAO_ORIGINAL":"Estádio Municipal Prefeito José Costa<br><br>Localização exata não encontrada, aparentemente o jogo ocorreu antes da inauguração desse espaço<br><br>Primeira partida: seleção de pinhal 0 x 4 Corinthians 07/09/1947 - Amistoso","FONTE_COORDENADAS":"OpenStreetMap Nominatim (geocodificação reversa)","URL_FONTE_COORDENADAS":"https://www.openstreetmap.org/relation/298116","ATRIBUICAO_COORDENADAS":"© OpenStreetMap contributors, ODbL 1.0","PAIS_ISO3":"BRA"},"geometry":{"type":"Point","coordinates":[-46.7556545,-22.2012941]}},{"type":"Feature","properties":{"ESTADIO":"Municipal de Garça","NOME_OFICIAL":"Estádio Municipal Frederico Platzeck","CIDADE":"Garça","ESTADO":"SP","PAIS":"Brasil","LATITUDE":-22.2040696,"LONGITUDE":-49.650064,"PRIMEIRA_PARTIDA":"Garça 0 x 2 Corinthians","DATA_PRIMEIRA_PARTIDA":"1954-07-09","ANO_PRIMEIRA_PARTIDA":1954,"ADVERSARIO":"Garça","PLACAR":"0 x 2","COMPETICAO_PRIMEIRA_PARTIDA":"Amistoso","MANDO_PRIMEIRA_PARTIDA":null,"TOTAL_JOGOS":1,"VITORIAS":0,"EMPATES":0,"DERROTAS":0,"APROVEITAMENTO_PCT":0.0,"GOLS_MARCADOS":0,"GOLS_SOFRIDOS":0,"ESTADIOS_COM_ESTREIA_NA_DECADA":72,"OBSERVACOES":"Localização não confirmada, o jogo ocoreu antes da inauguração desse espaço https://www.garcaonline.com.br/2014/06/o-estadio-municipal-frederico-platzeck, informações sobre o estádio anterior ou sobre","FONTE_PRIMEIRA_PARTIDA":"https://www.garcaonline.com.br/2014/06/o-estadio-municipal-frederico-platzeck,","DESCRICAO_ORIGINAL":"Estádio Municipal Frederico Platzeck<br><br>Localização não confirmada, o jogo ocoreu antes da inauguração desse espaço https://www.garcaonline.com.br/2014/06/o-estadio-municipal-frederico-platzeck, informações sobre o estádio anterior ou sobre","PAIS_ISO3":"BRA"},"geometry":{"type":"Point","coordinates":[-49.650064,-22.2040696]}},{"type":"Feature","properties":{"ESTADIO":"Fernando Costa","NOME_OFICIAL":"Municipal Doutor Fernando Costa","CIDADE":"Espírito Santo do Pinhal","ESTADO":"São Paulo","PAIS":"Brasil","LATITUDE":-22.1991124,"LONGITUDE":-46.7433756,"PRIMEIRA_PARTIDA":"SELEÇÃO DE PINHAL 0x4 CORINTHIANS","DATA_PRIMEIRA_PARTIDA":"1947-09-07","ANO_PRIMEIRA_PARTIDA":1947,"ADVERSARIO":"SELEÇÃO DE PINHAL","PLACAR":"0x4","COMPETICAO_PRIMEIRA_PARTIDA":"Amistosos 1947","MANDO_PRIMEIRA_PARTIDA":"Visitante","TOTAL_JOGOS":3,"VITORIAS":3,"EMPATES":0,"DERROTAS":0,"APROVEITAMENTO_PCT":100.0,"GOLS_MARCADOS":8,"GOLS_SOFRIDOS":2,"ESTADIOS_COM_ESTREIA_NA_DECADA":48,"OBSERVACOES":null,"FONTE_PRIMEIRA_PARTIDA":"https://www.meutimao.com.br/jogo/6013/amistosos-1947/amistoso/selecao_de_pinhal-0-x-4-corinthians","DESCRICAO_ORIGINAL":"Municipal Doutor Fernando Costa<br><br>Primeira partida: seleção de pinhal 1 x 2 Corinthians 30/09/1956 - Amistoso","FONTE_COORDENADAS":"OpenStreetMap Nominatim (geocodificação reversa)","URL_FONTE_COORDENADAS":"https://www.openstreetmap.org/relation/298116","ATRIBUICAO_COORDENADAS":"© OpenStreetMap contributors, ODbL 1.0","PAIS_ISO3":"BRA"},"geometry":{"type":"Point","coordinates":[-46.7433756,-22.1991124]}},{"type":"Feature","properties":{"ESTADIO":"Municipal de Ipauçu","NOME_OFICIAL":"Estádio \"Arnaldo Borba de Moraes\" https://jogosperdidos2.blogspot.com/2008/05/uma-volta-ao-passado-volume-28-ca.html","CIDADE":"Ipaussu","ESTADO":"SP","PAIS":"Brasil","LATITUDE":-23.0505655,"LONGITUDE":-49.6240915,"PRIMEIRA_PARTIDA":"ipuçuense 0 x 7 Corinthians","DATA_PRIMEIRA_PARTIDA":"1957-04-07","ANO_PRIMEIRA_PARTIDA":1957,"ADVERSARIO":"ipuçuense","PLACAR":"0 x 7","COMPETICAO_PRIMEIRA_PARTIDA":"Amistoso","MANDO_PRIMEIRA_PARTIDA":"Visitante","TOTAL_JOGOS":3,"VITORIAS":3,"EMPATES":0,"DERROTAS":0,"APROVEITAMENTO_PCT":100.0,"GOLS_MARCADOS":21,"GOLS_SOFRIDOS":0,"ESTADIOS_COM_ESTREIA_NA_DECADA":72,"OBSERVACOES":null,"FONTE_PRIMEIRA_PARTIDA":"https://jogosperdidos2.blogspot.com/2008/05/uma-volta-ao-passado-volume-28-ca.html","DESCRICAO_ORIGINAL":"Estádio \"Arnaldo Borba de Moraes\" https://jogosperdidos2.blogspot.com/2008/05/uma-volta-ao-passado-volume-28-ca.html<br><br>Primeira partida: ipuçuense 0 x 7 Corinthians 07/04/1957 - Amistoso","PAIS_ISO3":"BRA"},"geometry":{"type":"Point","coordinates":[-49.6240915,-23.0505655]}},{"type":"Feature","properties":{"ESTADIO":"Municipal de Ituverava","NOME_OFICIAL":"estadio orlando seixas rego (Nome atual)","CIDADE":"Ituverava","ESTADO":"São Paulo","PAIS":"Brasil","LATITUDE":-20.3330555555556,"LONGITUDE":-47.7794444444444,"PRIMEIRA_PARTIDA":"ituveravense 2 x 5 Corinthians","DATA_PRIMEIRA_PARTIDA":"1960-06-10","ANO_PRIMEIRA_PARTIDA":1960,"ADVERSARIO":"ituveravense","PLACAR":"2 x 5","COMPETICAO_PRIMEIRA_PARTIDA":"Amistoso","MANDO_PRIMEIRA_PARTIDA":"Visitante","TOTAL_JOGOS":1,"VITORIAS":1,"EMPATES":0,"DERROTAS":0,"APROVEITAMENTO_PCT":100.0,"GOLS_MARCADOS":5,"GOLS_SOFRIDOS":2,"ESTADIOS_COM_ESTREIA_NA_DECADA":56,"OBSERVACOES":"Não consegui confirmar que esse é o estádio da partida | Localização encontrada no wikimapia 20°19'59\"S 47°46'46\"W","FONTE_PRIMEIRA_PARTIDA":"Meu Timão / Acervo ATLAS1910","DESCRICAO_ORIGINAL":"estadio orlando seixas rego (Nome atual)<br><br>Não consegui confirmar que esse é o estádio da partida<br><br>Localização encontrada no wikimapia 20°19'59\"S 47°46'46\"W<br><br>Primeira partida: ituveravense 2 x 5 Corinthians 10/06/1960 - Amistoso","FONTE_COORDENADAS":"OpenStreetMap Nominatim (geocodificação reversa)","URL_FONTE_COORDENADAS":"https://www.openstreetmap.org/relation/298429","ATRIBUICAO_COORDENADAS":"© OpenStreetMap contributors, ODbL 1.0","PAIS_ISO3":"BRA"},"geometry":{"type":"Point","coordinates":[-47.7794444444444,-20.3330555555556]}},{"type":"Feature","properties":{"ESTADIO":"Municipal de Jacareí","NOME_OFICIAL":"* Não foi possivel determinar o local do unico jogo","CIDADE":"Jacareí","ESTADO":"SP","PAIS":"Brasil","LATITUDE":-23.2987827,"LONGITUDE":-45.9662542,"PRIMEIRA_PARTIDA":"elvira de jacarei 2 x 4 Corinthians","DATA_PRIMEIRA_PARTIDA":"1924-12-07","ANO_PRIMEIRA_PARTIDA":1924,"ADVERSARIO":"elvira de jacarei","PLACAR":"2 x 4","COMPETICAO_PRIMEIRA_PARTIDA":"Amistoso","MANDO_PRIMEIRA_PARTIDA":"Visitante","TOTAL_JOGOS":3,"VITORIAS":3,"EMPATES":0,"DERROTAS":0,"APROVEITAMENTO_PCT":100.0,"GOLS_MARCADOS":12,"GOLS_SOFRIDOS":6,"ESTADIOS_COM_ESTREIA_NA_DECADA":26,"OBSERVACOES":null,"FONTE_PRIMEIRA_PARTIDA":"Meu Timão / Acervo ATLAS1910","DESCRICAO_ORIGINAL":"* Não foi possivel determinar o local do unico jogo <br><br>Primeira partida: elvira de jacarei 2 x 4 Corinthians  07/12/1924 - Amistoso","PAIS_ISO3":"BRA"},"geometry":{"type":"Point","coordinates":[-45.9662542,-23.2987827]}},{"type":"Feature","properties":{"ESTADIO":"Municipal de Laranjal Paulista","NOME_OFICIAL":"Municipal Acácio Luvizoto","CIDADE":"Laranjal Paulista","ESTADO":"São Paulo","PAIS":"Brasil","LATITUDE":-23.0534264,"LONGITUDE":-47.8394633,"PRIMEIRA_PARTIDA":"Combinado regional de Laranjal 0 x 6 Corinthians 01/07/1962 - Amistoso","DATA_PRIMEIRA_PARTIDA":"1962-07-01","ANO_PRIMEIRA_PARTIDA":1962,"ADVERSARIO":"Combinado regional de Laranjal","PLACAR":"0 x 6","COMPETICAO_PRIMEIRA_PARTIDA":"Amistoso","MANDO_PRIMEIRA_PARTIDA":"Visitante","TOTAL_JOGOS":1,"VITORIAS":1,"EMPATES":0,"DERROTAS":0,"APROVEITAMENTO_PCT":100.0,"GOLS_MARCADOS":6,"GOLS_SOFRIDOS":0,"ESTADIOS_COM_ESTREIA_NA_DECADA":56,"OBSERVACOES":"Não consegui confirmar a data de inauguração do estádio | Combinado regional de Laranjal 0 x 6 Corinthians 01/07/1962 - Amistoso","FONTE_PRIMEIRA_PARTIDA":"Meu Timão / Acervo ATLAS1910","DESCRICAO_ORIGINAL":"Municipal Acácio Luvizoto<br><br>Não consegui confirmar a data de inauguração do estádio<br><br>Combinado regional de Laranjal 0 x 6 Corinthians 01/07/1962 - Amistoso","FONTE_COORDENADAS":"OpenStreetMap Nominatim (geocodificação reversa)","URL_FONTE_COORDENADAS":"https://www.openstreetmap.org/relation/297897","ATRIBUICAO_COORDENADAS":"© OpenStreetMap contributors, ODbL 1.0","PAIS_ISO3":"BRA"},"geometry":{"type":"Point","coordinates":[-47.8394633,-23.0534264]}},{"type":"Feature","properties":{"ESTADIO":"Municipal de Mandaguari","NOME_OFICIAL":"*Localização exata do estádio da partida não encontrada","CIDADE":"Mandaguari","ESTADO":"Paraná","PAIS":"Brasil","LATITUDE":-23.5167916,"LONGITUDE":-51.6878456,"PRIMEIRA_PARTIDA":"Mandaguari 1 x 4 Corinthians 16/11/1956 - Amistoso","DATA_PRIMEIRA_PARTIDA":"1956-11-16","ANO_PRIMEIRA_PARTIDA":1956,"ADVERSARIO":"Mandaguari","PLACAR":"1 x 4","COMPETICAO_PRIMEIRA_PARTIDA":"Amistoso","MANDO_PRIMEIRA_PARTIDA":"Visitante","TOTAL_JOGOS":1,"VITORIAS":1,"EMPATES":0,"DERROTAS":0,"APROVEITAMENTO_PCT":100.0,"GOLS_MARCADOS":4,"GOLS_SOFRIDOS":1,"ESTADIOS_COM_ESTREIA_NA_DECADA":72,"OBSERVACOES":null,"FONTE_PRIMEIRA_PARTIDA":"Meu Timão / Acervo ATLAS1910","DESCRICAO_ORIGINAL":"*Localização exata do estádio da partida não encontrada<br><br>Mandaguari 1 x 4 Corinthians 16/11/1956 - Amistoso","FONTE_COORDENADAS":"OpenStreetMap Nominatim (geocodificação reversa)","URL_FONTE_COORDENADAS":"https://www.openstreetmap.org/relation/297494","ATRIBUICAO_COORDENADAS":"© OpenStreetMap contributors, ODbL 1.0","PAIS_ISO3":"BRA"},"geometry":{"type":"Point","coordinates":[-51.6878456,-23.5167916]}},{"type":"Feature","properties":{"ESTADIO":"Municipal de Novi Sadi","NOME_OFICIAL":"Estádio Karađorđe, inaugurado em 1924 e casa do adversário.","CIDADE":"Novi Sad","ESTADO":null,"PAIS":"Sérvia","LATITUDE":45.2468973,"LONGITUDE":19.8421991,"PRIMEIRA_PARTIDA":"vojvodina 1 x 1 Corinthains","DATA_PRIMEIRA_PARTIDA":"1970-05-13","ANO_PRIMEIRA_PARTIDA":1970,"ADVERSARIO":"vojvodina","PLACAR":"1 x 1","COMPETICAO_PRIMEIRA_PARTIDA":null,"MANDO_PRIMEIRA_PARTIDA":"Visitante","TOTAL_JOGOS":3,"VITORIAS":0,"EMPATES":3,"DERROTAS":0,"APROVEITAMENTO_PCT":33.3,"GOLS_MARCADOS":3,"GOLS_SOFRIDOS":3,"ESTADIOS_COM_ESTREIA_NA_DECADA":44,"OBSERVACOES":"Ingresso da partida: https://m.facebook.com/mantoalvinegro1910/photos/a.1686456814726710/2150212738351113/?type=3","FONTE_PRIMEIRA_PARTIDA":"https://m.facebook.com/mantoalvinegro1910/photos/a.1686456814726710/2150212738351113/?type=3","DESCRICAO_ORIGINAL":"Estádio Karađorđe, inaugurado em 1924 e casa do adversário.<br><br>Ingresso da partida: https://m.facebook.com/mantoalvinegro1910/photos/a.1686456814726710/2150212738351113/?type=3<br><br>Primeira partida: vojvodina 1 X 1 Corinthains<br>13/05/1970 -","FONTE_COORDENADAS":"OpenStreetMap Nominatim (geocodificação reversa)","URL_FONTE_COORDENADAS":"https://www.openstreetmap.org/relation/1649672","ATRIBUICAO_COORDENADAS":"© OpenStreetMap contributors, ODbL 1.0","PAIS_ISO3":"SRB"},"geometry":{"type":"Point","coordinates":[19.8421991,45.2468973]}},{"type":"Feature","properties":{"ESTADIO":"Municipal de Pirassununga","NOME_OFICIAL":"Estádio Bellarmino Del Nero","CIDADE":"Pirassununga","ESTADO":"São Paulo","PAIS":"Brasil","LATITUDE":-21.9951945,"LONGITUDE":-47.4228593,"PRIMEIRA_PARTIDA":"PIRASSUNUNGUENSE 0x5 CORINTHIANS","DATA_PRIMEIRA_PARTIDA":"1940-06-09","ANO_PRIMEIRA_PARTIDA":1940,"ADVERSARIO":"PIRASSUNUNGUENSE","PLACAR":"0x5","COMPETICAO_PRIMEIRA_PARTIDA":"Amistosos 1940","MANDO_PRIMEIRA_PARTIDA":"Visitante","TOTAL_JOGOS":1,"VITORIAS":1,"EMPATES":0,"DERROTAS":0,"APROVEITAMENTO_PCT":100.0,"GOLS_MARCADOS":5,"GOLS_SOFRIDOS":0,"ESTADIOS_COM_ESTREIA_NA_DECADA":48,"OBSERVACOES":"No Almanaque do Timão, o estádio aparece somente como Municipal de Pirassununga, no portal Meu Timão, existe a confirmação do local (https://www.meutimao.com.br/jogo/6314/amistosos_1940/pirassununguense-0-x-5-cori","FONTE_PRIMEIRA_PARTIDA":"https://www.meutimao.com.br/jogo/6314/amistosos-1940/amistoso/pirassununguense-0-x-5-corinthians","DESCRICAO_ORIGINAL":"Estádio Bellarmino Del Nero<br><br>No Almanaque do Timão, o estádio aparece somente como Municipal de Pirassununga, no portal Meu Timão, existe a confirmação do local (https://www.meutimao.com.br/jogo/6314/amistosos_1940/pirassununguense-0-x-5-cori","FONTE_COORDENADAS":"OpenStreetMap Nominatim (geocodificação reversa)","URL_FONTE_COORDENADAS":"https://www.openstreetmap.org/relation/298346","ATRIBUICAO_COORDENADAS":"© OpenStreetMap contributors, ODbL 1.0","PAIS_ISO3":"BRA"},"geometry":{"type":"Point","coordinates":[-47.4228593,-21.9951945]}},{"type":"Feature","properties":{"ESTADIO":"Municipal de Santa Cruz do Rio Pardo","NOME_OFICIAL":"Estádio Municipal Leônidas Camarinha","CIDADE":"Santa Cruz do Rio Pardo","ESTADO":"São Paulo","PAIS":"Brasil","LATITUDE":-22.8949624,"LONGITUDE":-49.6262729,"PRIMEIRA_PARTIDA":"santacruzense 2 x 4 Corinthians","DATA_PRIMEIRA_PARTIDA":"1949-04-03","ANO_PRIMEIRA_PARTIDA":1949,"ADVERSARIO":"santacruzense","PLACAR":"2 x 4","COMPETICAO_PRIMEIRA_PARTIDA":"Amistoso","MANDO_PRIMEIRA_PARTIDA":"Visitante","TOTAL_JOGOS":2,"VITORIAS":2,"EMPATES":0,"DERROTAS":0,"APROVEITAMENTO_PCT":100.0,"GOLS_MARCADOS":8,"GOLS_SOFRIDOS":4,"ESTADIOS_COM_ESTREIA_NA_DECADA":48,"OBSERVACOES":null,"FONTE_PRIMEIRA_PARTIDA":"Meu Timão / Acervo ATLAS1910","DESCRICAO_ORIGINAL":"Estádio Municipal Leônidas Camarinha<br><br>Primeira partida: santacruzense 2 x 4 Corinthians 03/04/1949 - Amistoso","FONTE_COORDENADAS":"OpenStreetMap Nominatim (geocodificação reversa)","URL_FONTE_COORDENADAS":"https://www.openstreetmap.org/relation/298106","ATRIBUICAO_COORDENADAS":"© OpenStreetMap contributors, ODbL 1.0","CAPACIDADE":"15000","CAPACIDADE_FONTE":"Meu Timão","URL_FONTE_CAPACIDADE":"https://www.meutimao.com.br/estadio/municipal_de_santa_cruz_do_rio_pardo/","PAIS_ISO3":"BRA"},"geometry":{"type":"Point","coordinates":[-49.6262729,-22.8949624]}},{"type":"Feature","properties":{"ESTADIO":"Municipal de São Carlos","NOME_OFICIAL":"Estádio Municipal Rui Barbosa","CIDADE":"São Carlos","ESTADO":"São Paulo","PAIS":"Brasil","LATITUDE":-22.0132139,"LONGITUDE":-47.882517,"PRIMEIRA_PARTIDA":"ferroviário de são carlos 2 x 7 Corinthians","DATA_PRIMEIRA_PARTIDA":"1947-01-05","ANO_PRIMEIRA_PARTIDA":1947,"ADVERSARIO":"ferroviário de são carlos","PLACAR":"2 x 7","COMPETICAO_PRIMEIRA_PARTIDA":"Amistoso","MANDO_PRIMEIRA_PARTIDA":"Visitante","TOTAL_JOGOS":13,"VITORIAS":11,"EMPATES":0,"DERROTAS":2,"APROVEITAMENTO_PCT":84.6,"GOLS_MARCADOS":50,"GOLS_SOFRIDOS":12,"ESTADIOS_COM_ESTREIA_NA_DECADA":48,"OBSERVACOES":"https://pt.wikipedia.org/wiki/Est%C3%A1dio_Municipal_Rui_Barbosa#Amistosos_no_local","FONTE_PRIMEIRA_PARTIDA":"https://pt.wikipedia.org/wiki/Est%C3%A1dio_Municipal_Rui_Barbosa#Amistosos_no_local","DESCRICAO_ORIGINAL":"Estádio Municipal Rui Barbosa<br><br>https://pt.wikipedia.org/wiki/Est%C3%A1dio_Municipal_Rui_Barbosa#Amistosos_no_local<br><br>Primeira partida: ferroviário de são carlos 2 x 7 Corinthians 05/01/1947 - Amistoso","FONTE_COORDENADAS":"OpenStreetMap Nominatim (geocodificação reversa)","URL_FONTE_COORDENADAS":"https://www.openstreetmap.org/relation/297986","ATRIBUICAO_COORDENADAS":"© OpenStreetMap contributors, ODbL 1.0","PAIS_ISO3":"BRA"},"geometry":{"type":"Point","coordinates":[-47.882517,-22.0132139]}},{"type":"Feature","properties":{"ESTADIO":"Municipal de Taquaritinga","NOME_OFICIAL":"Estádio Municipal Antônio Storti","CIDADE":"Taquaritinga","ESTADO":"SP","PAIS":"Brasil","LATITUDE":-21.4055446,"LONGITUDE":-48.5075505,"PRIMEIRA_PARTIDA":"Taquaritinga 1 x 4 Corinthians","DATA_PRIMEIRA_PARTIDA":"1959-02-22","ANO_PRIMEIRA_PARTIDA":1959,"ADVERSARIO":"Taquaritinga","PLACAR":"1 x 4","COMPETICAO_PRIMEIRA_PARTIDA":"Amistoso","MANDO_PRIMEIRA_PARTIDA":null,"TOTAL_JOGOS":1,"VITORIAS":0,"EMPATES":0,"DERROTAS":0,"APROVEITAMENTO_PCT":0.0,"GOLS_MARCADOS":0,"GOLS_SOFRIDOS":0,"ESTADIOS_COM_ESTREIA_NA_DECADA":72,"OBSERVACOES":"Estádio renomeado em 1962, provavelmente o estádio municipal na data do jogo (https://legislacao.camarataquaritinga.sp.gov.br/consultas/norma_juridica/norma_juridica_mostrar_proc?cod_norma=1243) | Primeira","FONTE_PRIMEIRA_PARTIDA":"https://legislacao.camarataquaritinga.sp.gov.br/consultas/norma_juridica/norma_juridica_mostrar_proc?cod_norma=1243)","DESCRICAO_ORIGINAL":"Estádio Municipal Antônio Storti<br><br>Estádio renomeado em 1962, provavelmente o estádio municipal na data do jogo (https://legislacao.camarataquaritinga.sp.gov.br/consultas/norma_juridica/norma_juridica_mostrar_proc?cod_norma=1243)<br><br>Primeira","PAIS_ISO3":"BRA"},"geometry":{"type":"Point","coordinates":[-48.5075505,-21.4055446]}},{"type":"Feature","properties":{"ESTADIO":"Municipal de Tietê","NOME_OFICIAL":"Estádio José Ferreira Alves","CIDADE":"Tietê","ESTADO":"São Paulo","PAIS":"Brasil","LATITUDE":-23.0957625,"LONGITUDE":-47.7172492,"PRIMEIRA_PARTIDA":"seleção de Tietê 1 x 3 Corinthians","DATA_PRIMEIRA_PARTIDA":"1965-03-08","ANO_PRIMEIRA_PARTIDA":1965,"ADVERSARIO":"seleção de Tietê","PLACAR":"1 x 3","COMPETICAO_PRIMEIRA_PARTIDA":null,"MANDO_PRIMEIRA_PARTIDA":"Visitante","TOTAL_JOGOS":2,"VITORIAS":2,"EMPATES":0,"DERROTAS":0,"APROVEITAMENTO_PCT":100.0,"GOLS_MARCADOS":6,"GOLS_SOFRIDOS":2,"ESTADIOS_COM_ESTREIA_NA_DECADA":56,"OBSERVACOES":"Aparentemente o campo fica um pouco mais ao lado, no clube Comercial (http://wikimapia.org/22380002/pt/Est%C3%A1dio-Jos%C3%A9-Ferreira-Alves)","FONTE_PRIMEIRA_PARTIDA":"http://wikimapia.org/22380002/pt/Est%C3%A1dio-Jos%C3%A9-Ferreira-Alves)","DESCRICAO_ORIGINAL":"Estádio José Ferreira Alves<br><br>Aparentemente o campo fica um pouco mais ao lado, no clube Comercial (http://wikimapia.org/22380002/pt/Est%C3%A1dio-Jos%C3%A9-Ferreira-Alves)<br><br>Primeira partida: seleção de Tietê 1 x 3 Corinthians 08/03/1965 -","FONTE_COORDENADAS":"OpenStreetMap Nominatim (geocodificação reversa)","URL_FONTE_COORDENADAS":"https://www.openstreetmap.org/relation/298280","ATRIBUICAO_COORDENADAS":"© OpenStreetMap contributors, ODbL 1.0","CAPACIDADE":"5000","CAPACIDADE_FONTE":"Meu Timão","URL_FONTE_CAPACIDADE":"https://www.meutimao.com.br/estadio/municipal_de_tiete/","PAIS_ISO3":"BRA"},"geometry":{"type":"Point","coordinates":[-47.7172492,-23.0957625]}},{"type":"Feature","properties":{"ESTADIO":"Municipal de Tulza","NOME_OFICIAL":"Tušanj City Stadium","CIDADE":"Tuzla","ESTADO":"Federação da Bósnia e Herzegovina","PAIS":"Bosnia and Herzegovina","LATITUDE":44.5418275,"LONGITUDE":18.661445,"PRIMEIRA_PARTIDA":"sloboda uzice 2 x 2 Corinthians","DATA_PRIMEIRA_PARTIDA":"1972-06-14","ANO_PRIMEIRA_PARTIDA":1972,"ADVERSARIO":"sloboda uzice","PLACAR":"2 x 2","COMPETICAO_PRIMEIRA_PARTIDA":"Amistoso","MANDO_PRIMEIRA_PARTIDA":"Visitante","TOTAL_JOGOS":1,"VITORIAS":0,"EMPATES":1,"DERROTAS":0,"APROVEITAMENTO_PCT":33.3,"GOLS_MARCADOS":2,"GOLS_SOFRIDOS":2,"ESTADIOS_COM_ESTREIA_NA_DECADA":44,"OBSERVACOES":"https://pt.wikipedia.org/wiki/Fudbalski_Klub_Sloboda#Est%C3%A1dio | O adversário da partida não é o proprietário do estádio","FONTE_PRIMEIRA_PARTIDA":"https://pt.wikipedia.org/wiki/Fudbalski_Klub_Sloboda#Est%C3%A1dio","DESCRICAO_ORIGINAL":"Tušanj City Stadium<br><br>https://pt.wikipedia.org/wiki/Fudbalski_Klub_Sloboda#Est%C3%A1dio<br>O adversário da partida não é o proprietário do estádio<br><br>Primeira partida: sloboda uzice 2 x 2 Corinthians 14/06/1972 - Amistoso","FONTE_COORDENADAS":"OpenStreetMap Nominatim (geocodificação reversa)","URL_FONTE_COORDENADAS":"https://www.openstreetmap.org/node/275005833","ATRIBUICAO_COORDENADAS":"© OpenStreetMap contributors, ODbL 1.0","PAIS_ISO3":"BIH","FONTE_CORRECAO_PAIS":"https://data.geocode.earth/wof/dist/legacy/whosonfirst-data-country-latest.tar.bz2"},"geometry":{"type":"Point","coordinates":[18.661445,44.5418275]}},{"type":"Feature","properties":{"ESTADIO":"Municipal de Uberlândia","NOME_OFICIAL":"Juca Ribeiro","CIDADE":"Uberlândia","ESTADO":"Minas Gerais","PAIS":"Brasil","LATITUDE":-18.9127982,"LONGITUDE":-48.2725062,"PRIMEIRA_PARTIDA":"uberlândia 1 x 5 Corinthians","DATA_PRIMEIRA_PARTIDA":"1947-08-17","ANO_PRIMEIRA_PARTIDA":1947,"ADVERSARIO":"uberlândia","PLACAR":"1 x 5","COMPETICAO_PRIMEIRA_PARTIDA":"Amistoso","MANDO_PRIMEIRA_PARTIDA":"Visitante","TOTAL_JOGOS":14,"VITORIAS":4,"EMPATES":4,"DERROTAS":6,"APROVEITAMENTO_PCT":38.1,"GOLS_MARCADOS":18,"GOLS_SOFRIDOS":14,"ESTADIOS_COM_ESTREIA_NA_DECADA":48,"OBSERVACOES":"Provavelmente, o estádio 'Municipal de Uberlândia' seja o mesmo local | OBS: Estádio demolido (https://www.youtube.com/watch?v=WOJS-WpnGpI)","FONTE_PRIMEIRA_PARTIDA":"https://www.youtube.com/watch?v=WOJS-WpnGpI)","DESCRICAO_ORIGINAL":"Juca Ribeiro<br><br>Provavelmente, o estádio 'Municipal de Uberlândia' seja o mesmo local<br><br>OBS: Estádio demolido (https://www.youtube.com/watch?v=WOJS-WpnGpI)<br><br>Primeira partida: uberlândia 1 x 5 Corinthians 17/08/1947 - Amistoso","FONTE_COORDENADAS":"OpenStreetMap Nominatim (geocodificação reversa)","URL_FONTE_COORDENADAS":"https://www.openstreetmap.org/relation/314875","ATRIBUICAO_COORDENADAS":"© OpenStreetMap contributors, ODbL 1.0","PAIS_ISO3":"BRA"},"geometry":{"type":"Point","coordinates":[-48.2725062,-18.9127982]}},{"type":"Feature","properties":{"ESTADIO":"Municipal de Umuarama","NOME_OFICIAL":"Estádio Municipal Lúcio Pipino","CIDADE":"Umuarama","ESTADO":"PR","PAIS":"Brasil","LATITUDE":-23.755355,"LONGITUDE":-53.3070403,"PRIMEIRA_PARTIDA":"Umuarama 1 x 1 Corinthians 05/12/1973 - Amistoso","DATA_PRIMEIRA_PARTIDA":"1973-12-05","ANO_PRIMEIRA_PARTIDA":1973,"ADVERSARIO":"Umuarama","PLACAR":"1 x 1","COMPETICAO_PRIMEIRA_PARTIDA":"Amistoso","MANDO_PRIMEIRA_PARTIDA":"Mandante","TOTAL_JOGOS":3,"VITORIAS":0,"EMPATES":3,"DERROTAS":0,"APROVEITAMENTO_PCT":33.3,"GOLS_MARCADOS":3,"GOLS_SOFRIDOS":3,"ESTADIOS_COM_ESTREIA_NA_DECADA":44,"OBSERVACOES":null,"FONTE_PRIMEIRA_PARTIDA":"Meu Timão / Acervo ATLAS1910","DESCRICAO_ORIGINAL":"Estádio Municipal Lúcio Pipino<br><br>Umuarama 1 x 1 Corinthians 05/12/1973 - Amistoso","PAIS_ISO3":"BRA"},"geometry":{"type":"Point","coordinates":[-53.3070403,-23.755355]}},{"type":"Feature","properties":{"ESTADIO":"Municipal de Águas de Lindóia","NOME_OFICIAL":"Estádio Leonardo Barbieri","CIDADE":"Águas de Lindóia","ESTADO":"SP","PAIS":"Brasil","LATITUDE":-22.4789379,"LONGITUDE":-46.636692,"PRIMEIRA_PARTIDA":"Seleção de Águas de Lindóia 0 x 5 Corinthians","DATA_PRIMEIRA_PARTIDA":"1951-04-08","ANO_PRIMEIRA_PARTIDA":1951,"ADVERSARIO":"Seleção de Águas de Lindóia","PLACAR":"0 x 5","COMPETICAO_PRIMEIRA_PARTIDA":"Amistoso","MANDO_PRIMEIRA_PARTIDA":null,"TOTAL_JOGOS":1,"VITORIAS":0,"EMPATES":0,"DERROTAS":0,"APROVEITAMENTO_PCT":0.0,"GOLS_MARCADOS":0,"GOLS_SOFRIDOS":0,"ESTADIOS_COM_ESTREIA_NA_DECADA":72,"OBSERVACOES":"* Houveram dois jogos como \"Municipal de Águas de Lindóia\" uma em 1966 contra o Amparo 7x1 para o Corinthians. E outra 1998, vitória por 3x1 contra o Mogi Mirim . O estádio aparece no wikipedia construido em 1972 htt","FONTE_PRIMEIRA_PARTIDA":"Meu Timão / Acervo ATLAS1910","DESCRICAO_ORIGINAL":"Estádio Leonardo Barbieri<br><br>* Houveram dois jogos como \"Municipal de Águas de Lindóia\" uma em 1966 contra o Amparo 7x1 para o Corinthians. E outra 1998, vitória por 3x1 contra o Mogi Mirim . O estádio aparece no wikipedia construido em 1972 htt","PAIS_ISO3":"BRA"},"geometry":{"type":"Point","coordinates":[-46.636692,-22.4789379]}},{"type":"Feature","properties":{"ESTADIO":"Mário Alves Mendonça","NOME_OFICIAL":"Atacadão - São José do Rio Preto (América)","CIDADE":"São José do Rio Preto","ESTADO":"São Paulo","PAIS":"Brasil","LATITUDE":-20.8190423,"LONGITUDE":-49.3731686,"PRIMEIRA_PARTIDA":"AMÉRICA FUTEBOL CLUBE 1x4 CORINTHIANS","DATA_PRIMEIRA_PARTIDA":"1950-05-28","ANO_PRIMEIRA_PARTIDA":1950,"ADVERSARIO":"AMÉRICA FUTEBOL CLUBE","PLACAR":"1x4","COMPETICAO_PRIMEIRA_PARTIDA":"Amistosos 1950","MANDO_PRIMEIRA_PARTIDA":"Visitante","TOTAL_JOGOS":68,"VITORIAS":28,"EMPATES":30,"DERROTAS":10,"APROVEITAMENTO_PCT":55.9,"GOLS_MARCADOS":86,"GOLS_SOFRIDOS":54,"ESTADIOS_COM_ESTREIA_NA_DECADA":72,"OBSERVACOES":"*Estádio foi demolido para a construção de um supermercado, no que encontrei, o terreno ficava na Vila Santa Cruz, acredito ser esse o supermercado em questão, deve-se confirmar | Primeira pa","FONTE_PRIMEIRA_PARTIDA":"https://www.meutimao.com.br/jogo/5833/amistosos-1950/amistoso/america_futebol_clube-1-x-4-corinthians","DESCRICAO_ORIGINAL":"Atacadão - São José do Rio Preto (América)<br><br>*Estádio foi demolido para a construção de um supermercado, no que encontrei, o terreno ficava na Vila Santa Cruz, acredito ser esse o supermercado em questão, deve-se confirmar<br><br>Primeira pa","FONTE_COORDENADAS":"OpenStreetMap Nominatim (geocodificação reversa)","URL_FONTE_COORDENADAS":"https://www.openstreetmap.org/relation/298344","ATRIBUICAO_COORDENADAS":"© OpenStreetMap contributors, ODbL 1.0","PAIS_ISO3":"BRA"},"geometry":{"type":"Point","coordinates":[-49.3731686,-20.8190423]}},{"type":"Feature","properties":{"ESTADIO":"Mané Garrincha","NOME_OFICIAL":"Inicialmente, o nome do estádio era Hélio Prates da Silveira, somei os jogos descritos no aplicativo Almanaque do Timão como dois locais distintos.","CIDADE":"Plano Piloto","ESTADO":"Distrito Federal","PAIS":"Brasil","LATITUDE":-15.7835191,"LONGITUDE":-47.899211,"PRIMEIRA_PARTIDA":"ATLÉTICO-MG 1x1 CORINTHIANS","DATA_PRIMEIRA_PARTIDA":"1967-06-10","ANO_PRIMEIRA_PARTIDA":1967,"ADVERSARIO":"ATLÉTICO-MG","PLACAR":"1x1","COMPETICAO_PRIMEIRA_PARTIDA":"Amistosos 1967","MANDO_PRIMEIRA_PARTIDA":"Visitante","TOTAL_JOGOS":32,"VITORIAS":14,"EMPATES":8,"DERROTAS":10,"APROVEITAMENTO_PCT":52.1,"GOLS_MARCADOS":58,"GOLS_SOFRIDOS":36,"ESTADIOS_COM_ESTREIA_NA_DECADA":56,"OBSERVACOES":null,"FONTE_PRIMEIRA_PARTIDA":"https://www.meutimao.com.br/jogo/4587/amistosos-1967/amistoso/atletico-mg-1-x-1-corinthians","DESCRICAO_ORIGINAL":"Inicialmente, o nome do estádio era Hélio Prates da Silveira, somei os jogos descritos no aplicativo Almanaque do Timão como dois locais distintos.<br><br>Primeira partida: ceub 1 x 2 Corinthians 10/03/1974 - Brasileiro","FONTE_COORDENADAS":"OpenStreetMap Nominatim (geocodificação reversa)","URL_FONTE_COORDENADAS":"https://www.openstreetmap.org/relation/2758138","ATRIBUICAO_COORDENADAS":"© OpenStreetMap contributors, ODbL 1.0","PAIS_ISO3":"BRA"},"geometry":{"type":"Point","coordinates":[-47.899211,-15.7835191]}},{"type":"Feature","properties":{"ESTADIO":"Nacional de Bangcoc","NOME_OFICIAL":"Estádio Suphachalasai","CIDADE":"Bangcoc","ESTADO":null,"PAIS":"Tailândia","LATITUDE":13.7455077,"LONGITUDE":100.5256813,"PRIMEIRA_PARTIDA":"Tailândia 1 x 2 Corinthians","DATA_PRIMEIRA_PARTIDA":"1984-01-18","ANO_PRIMEIRA_PARTIDA":1984,"ADVERSARIO":"Seleção da Tailândia","PLACAR":"1 x 2","COMPETICAO_PRIMEIRA_PARTIDA":"Torneio Internacional da Tailândia","MANDO_PRIMEIRA_PARTIDA":null,"TOTAL_JOGOS":1,"VITORIAS":0,"EMPATES":0,"DERROTAS":0,"APROVEITAMENTO_PCT":0.0,"GOLS_MARCADOS":0,"GOLS_SOFRIDOS":0,"ESTADIOS_COM_ESTREIA_NA_DECADA":37,"OBSERVACOES":"Consta outro estadio como o nacional (Estádio Nacional Rajamangala) mas inaugurado somente em 1998, o Corinthians jogou em Bangcoc em 1984, dando a entender que correto é o Suphachalasai","FONTE_PRIMEIRA_PARTIDA":"Meu Timão / Acervo ATLAS1910","DESCRICAO_ORIGINAL":"Estádio Suphachalasai<br><br>Consta outro estadio como o nacional (Estádio Nacional Rajamangala) mas inaugurado somente em 1998, o Corinthians jogou em Bangcoc em 1984, dando a entender que correto é o Suphachalasai<br><br>Primeira partida: seleção","FONTE_COORDENADAS":"OpenStreetMap Nominatim (geocodificação reversa)","URL_FONTE_COORDENADAS":"https://www.openstreetmap.org/relation/3320991","ATRIBUICAO_COORDENADAS":"© OpenStreetMap contributors, ODbL 1.0","PAIS_ISO3":"THA"},"geometry":{"type":"Point","coordinates":[100.5256813,13.7455077]}},{"type":"Feature","properties":{"ESTADIO":"Nacional de Brasilia","NOME_OFICIAL":"Brasilia","CIDADE":"Brasília","ESTADO":"DF","PAIS":"Brasil","LATITUDE":-15.826691,"LONGITUDE":-47.9218204,"PRIMEIRA_PARTIDA":"Atlético-MG 0 x 1 Corinthians","DATA_PRIMEIRA_PARTIDA":"1967-04-21","ANO_PRIMEIRA_PARTIDA":1967,"ADVERSARIO":"Atlético-MG","PLACAR":"0 x 1","COMPETICAO_PRIMEIRA_PARTIDA":"Torneio Gov. Roberto Santos","MANDO_PRIMEIRA_PARTIDA":null,"TOTAL_JOGOS":1,"VITORIAS":0,"EMPATES":0,"DERROTAS":0,"APROVEITAMENTO_PCT":0.0,"GOLS_MARCADOS":0,"GOLS_SOFRIDOS":0,"ESTADIOS_COM_ESTREIA_NA_DECADA":56,"OBSERVACOES":"Apontamento de um jogo contra o Atlético Mineiro, em 1967. O Mané Garrincha foi construído em 1974, não encontrei referência a localização do antigo nacional de brasilia, pode inclusive, ser no mesmo terreno do Mané Garrincha. (O","FONTE_PRIMEIRA_PARTIDA":"Meu Timão / Acervo ATLAS1910","DESCRICAO_ORIGINAL":"Brasilia<br><br>Apontamento de um jogo contra o Atlético Mineiro, em 1967. O Mané Garrincha foi construído em 1974, não encontrei referência a localização do antigo nacional de brasilia, pode inclusive, ser no mesmo terreno do Mané Garrincha. (O","PAIS_ISO3":"BRA"},"geometry":{"type":"Point","coordinates":[-47.9218204,-15.826691]}},{"type":"Feature","properties":{"ESTADIO":"Nacional de Copenhague","NOME_OFICIAL":"Estádio Parken","CIDADE":"Copenhague","ESTADO":"Região da Capital","PAIS":"Dinamarca","LATITUDE":55.7027169,"LONGITUDE":12.572316,"PRIMEIRA_PARTIDA":"Dinamarca 1 x 2 Corinthians","DATA_PRIMEIRA_PARTIDA":"1984-06-05","ANO_PRIMEIRA_PARTIDA":1984,"ADVERSARIO":"Seleção da Dinamarca","PLACAR":"1 x 2","COMPETICAO_PRIMEIRA_PARTIDA":"Amistoso Internacional","MANDO_PRIMEIRA_PARTIDA":null,"TOTAL_JOGOS":1,"VITORIAS":0,"EMPATES":0,"DERROTAS":0,"APROVEITAMENTO_PCT":0.0,"GOLS_MARCADOS":0,"GOLS_SOFRIDOS":0,"ESTADIOS_COM_ESTREIA_NA_DECADA":37,"OBSERVACOES":"Referências: https://web.archive.org/web/20140826114454/http://teliaparken.dk/presse/parkens-historie/ | https://pt.wikipedia.org/wiki/Est%C3%A1dio_Parken","FONTE_PRIMEIRA_PARTIDA":"https://web.archive.org/web/20140826114454/http://teliaparken.dk/presse/parkens-historie/","DESCRICAO_ORIGINAL":"Estádio Parken<br><br>Referências: https://web.archive.org/web/20140826114454/http://teliaparken.dk/presse/parkens-historie/<br>https://pt.wikipedia.org/wiki/Est%C3%A1dio_Parken<br><br>Primeira partida: staevenet/Combinado Copenhague 1 x  1 Corinthian","FONTE_COORDENADAS":"OpenStreetMap Nominatim (geocodificação reversa)","URL_FONTE_COORDENADAS":"https://www.openstreetmap.org/node/13707878","ATRIBUICAO_COORDENADAS":"© OpenStreetMap contributors, ODbL 1.0","PAIS_ISO3":"DNK"},"geometry":{"type":"Point","coordinates":[12.572316,55.7027169]}},{"type":"Feature","properties":{"ESTADIO":"Nacional de Guayaquil","NOME_OFICIAL":"Estádio Monumental Isidro Romero Carbo","CIDADE":"Guayaquil","ESTADO":"Guayas","PAIS":"Equador","LATITUDE":-2.186578,"LONGITUDE":-79.9250389,"PRIMEIRA_PARTIDA":"emelec 1 x 0 Corinthians","DATA_PRIMEIRA_PARTIDA":"1966-04-13","ANO_PRIMEIRA_PARTIDA":1966,"ADVERSARIO":"emelec","PLACAR":"1 x 0","COMPETICAO_PRIMEIRA_PARTIDA":"Amistoso","MANDO_PRIMEIRA_PARTIDA":"Visitante","TOTAL_JOGOS":3,"VITORIAS":1,"EMPATES":0,"DERROTAS":2,"APROVEITAMENTO_PCT":33.3,"GOLS_MARCADOS":5,"GOLS_SOFRIDOS":4,"ESTADIOS_COM_ESTREIA_NA_DECADA":56,"OBSERVACOES":"Referências: | https://www.meutimao.com.br/jogo/4635/amistosos_1966/emelec-x-corinthians","FONTE_PRIMEIRA_PARTIDA":"https://www.meutimao.com.br/jogo/4635/amistosos_1966/emelec-x-corinthians","DESCRICAO_ORIGINAL":"Estádio Monumental Isidro Romero Carbo<br><br>Referências:<br>https://www.meutimao.com.br/jogo/4635/amistosos_1966/emelec-x-corinthians<br><br>Primeira partida: emelec 1 x 0 Corinthians 13/04/1966 - Amistoso","FONTE_COORDENADAS":"OpenStreetMap Nominatim (geocodificação reversa)","URL_FONTE_COORDENADAS":"https://www.openstreetmap.org/relation/3652281","ATRIBUICAO_COORDENADAS":"© OpenStreetMap contributors, ODbL 1.0","PAIS_ISO3":"ECU"},"geometry":{"type":"Point","coordinates":[-79.9250389,-2.186578]}},{"type":"Feature","properties":{"ESTADIO":"Nacional de Kingston","NOME_OFICIAL":"Independence Park","CIDADE":"Saint Andrew","ESTADO":null,"PAIS":"Jamaica","LATITUDE":18.0009772,"LONGITUDE":-76.7725635,"PRIMEIRA_PARTIDA":"santos jam 2 x 1 Corinthians","DATA_PRIMEIRA_PARTIDA":"1984-06-10","ANO_PRIMEIRA_PARTIDA":1984,"ADVERSARIO":"santos jam","PLACAR":"2 x 1","COMPETICAO_PRIMEIRA_PARTIDA":"Amistoso","MANDO_PRIMEIRA_PARTIDA":"Visitante","TOTAL_JOGOS":2,"VITORIAS":0,"EMPATES":0,"DERROTAS":2,"APROVEITAMENTO_PCT":0.0,"GOLS_MARCADOS":2,"GOLS_SOFRIDOS":4,"ESTADIOS_COM_ESTREIA_NA_DECADA":37,"OBSERVACOES":null,"FONTE_PRIMEIRA_PARTIDA":"Meu Timão / Acervo ATLAS1910","DESCRICAO_ORIGINAL":"Independence Park<br><br>Primeira partida: santos jam 2 x 1 Corinthians 10/06/1984 - Amistoso","FONTE_COORDENADAS":"OpenStreetMap Nominatim (geocodificação reversa)","URL_FONTE_COORDENADAS":"https://www.openstreetmap.org/relation/6577862","ATRIBUICAO_COORDENADAS":"© OpenStreetMap contributors, ODbL 1.0","CAPACIDADE":"35000","CAPACIDADE_FONTE":"Meu Timão","URL_FONTE_CAPACIDADE":"https://www.meutimao.com.br/estadio/nacional_de_kingston/","PAIS_ISO3":"JAM","FONTE_CORRECAO_PAIS":"https://data.geocode.earth/wof/dist/legacy/whosonfirst-data-country-latest.tar.bz2"},"geometry":{"type":"Point","coordinates":[-76.7725635,18.0009772]}},{"type":"Feature","properties":{"ESTADIO":"Nacional de Lima","NOME_OFICIAL":"Estádio Nacional do Peru","CIDADE":"Lima","ESTADO":"Lima","PAIS":"Peru","LATITUDE":-12.0672896,"LONGITUDE":-77.0337292,"PRIMEIRA_PARTIDA":"Primeiro jogo:  universitario 3 x 3 Corinthians 13/02/1954 - Amistoso","DATA_PRIMEIRA_PARTIDA":"1954-02-13","ANO_PRIMEIRA_PARTIDA":1954,"ADVERSARIO":"Primeiro jogo:  universitario","PLACAR":"3 x 3","COMPETICAO_PRIMEIRA_PARTIDA":"Amistoso","MANDO_PRIMEIRA_PARTIDA":"Visitante","TOTAL_JOGOS":54,"VITORIAS":27,"EMPATES":18,"DERROTAS":9,"APROVEITAMENTO_PCT":61.1,"GOLS_MARCADOS":120,"GOLS_SOFRIDOS":84,"ESTADIOS_COM_ESTREIA_NA_DECADA":72,"OBSERVACOES":"Referências: | https://pt.wikipedia.org/wiki/Est%C3%A1dio_Nacional_do_Peru construção 1952 | Primeiro jogo:  universitario 3 x 3 Corinthians 13/02/1954 - Amistoso","FONTE_PRIMEIRA_PARTIDA":"https://pt.wikipedia.org/wiki/Est%C3%A1dio_Nacional_do_Peru","DESCRICAO_ORIGINAL":"Estádio Nacional do Peru<br><br>Referências:<br>https://pt.wikipedia.org/wiki/Est%C3%A1dio_Nacional_do_Peru construção 1952<br><br>Primeiro jogo:  universitario 3 x 3 Corinthians 13/02/1954 - Amistoso","FONTE_COORDENADAS":"OpenStreetMap Nominatim (geocodificação reversa)","URL_FONTE_COORDENADAS":"https://www.openstreetmap.org/relation/1944756","ATRIBUICAO_COORDENADAS":"© OpenStreetMap contributors, ODbL 1.0","PAIS_ISO3":"PER"},"geometry":{"type":"Point","coordinates":[-77.0337292,-12.0672896]}},{"type":"Feature","properties":{"ESTADIO":"Nacional de Port of Spain","NOME_OFICIAL":"Atual Hasely Crawford Stadium","CIDADE":"Porto Espanha","ESTADO":null,"PAIS":"Trinidad and Tobago","LATITUDE":10.6614597,"LONGITUDE":-61.5330448,"PRIMEIRA_PARTIDA":"seleção de trindad e tobago 2 x 8 Corinthians","DATA_PRIMEIRA_PARTIDA":"1982-09-03","ANO_PRIMEIRA_PARTIDA":1982,"ADVERSARIO":"seleção de trindad e tobago","PLACAR":"2 x 8","COMPETICAO_PRIMEIRA_PARTIDA":"Amistoso","MANDO_PRIMEIRA_PARTIDA":"Visitante","TOTAL_JOGOS":2,"VITORIAS":2,"EMPATES":0,"DERROTAS":0,"APROVEITAMENTO_PCT":100.0,"GOLS_MARCADOS":16,"GOLS_SOFRIDOS":4,"ESTADIOS_COM_ESTREIA_NA_DECADA":37,"OBSERVACOES":"https://en.wikipedia.org/wiki/Hasely_Crawford_Stadium","FONTE_PRIMEIRA_PARTIDA":"https://en.wikipedia.org/wiki/Hasely_Crawford_Stadium","DESCRICAO_ORIGINAL":"Atual Hasely Crawford Stadium<br><br>https://en.wikipedia.org/wiki/Hasely_Crawford_Stadium<br><br>Primeira partida: seleção de trindad e tobago 2 x 8 Corinthians 03/09/1982 - Amistoso ","FONTE_COORDENADAS":"OpenStreetMap Nominatim (geocodificação reversa)","URL_FONTE_COORDENADAS":"https://www.openstreetmap.org/relation/7363637","ATRIBUICAO_COORDENADAS":"© OpenStreetMap contributors, ODbL 1.0","CAPACIDADE":"27000","CAPACIDADE_FONTE":"Meu Timão","URL_FONTE_CAPACIDADE":"https://www.meutimao.com.br/estadio/nacional_de_port_of_spain/","PAIS_ISO3":"TTO","FONTE_CORRECAO_PAIS":"https://data.geocode.earth/wof/dist/legacy/whosonfirst-data-country-latest.tar.bz2"},"geometry":{"type":"Point","coordinates":[-61.5330448,10.6614597]}},{"type":"Feature","properties":{"ESTADIO":"Nacional de Santiago","NOME_OFICIAL":null,"CIDADE":"Lima","ESTADO":"Região Metropolitana de Santiago","PAIS":"Chile","LATITUDE":-33.4646281,"LONGITUDE":-70.6106762,"PRIMEIRA_PARTIDA":"UNIVERSITARIO DE DEPORTES 3x3 CORINTHIANS","DATA_PRIMEIRA_PARTIDA":"1954-02-13","ANO_PRIMEIRA_PARTIDA":1954,"ADVERSARIO":"UNIVERSITARIO DE DEPORTES","PLACAR":"3x3","COMPETICAO_PRIMEIRA_PARTIDA":"Amistosos 1954","MANDO_PRIMEIRA_PARTIDA":"Visitante","TOTAL_JOGOS":54,"VITORIAS":27,"EMPATES":18,"DERROTAS":9,"APROVEITAMENTO_PCT":61.1,"GOLS_MARCADOS":120,"GOLS_SOFRIDOS":84,"ESTADIOS_COM_ESTREIA_NA_DECADA":72,"OBSERVACOES":null,"FONTE_PRIMEIRA_PARTIDA":"https://www.meutimao.com.br/jogo/5550/amistosos-1954/amistoso/universitario_de_deportes-3-x-3-corinthians","DESCRICAO_ORIGINAL":"Primeira partida: combinado universidads católica e de chile 2 x 4 Corinthians 28/01/1960 - Amistoso","FONTE_COORDENADAS":"OpenStreetMap Nominatim (geocodificação reversa)","URL_FONTE_COORDENADAS":"https://www.openstreetmap.org/relation/162993","ATRIBUICAO_COORDENADAS":"© OpenStreetMap contributors, ODbL 1.0","PAIS_ISO3":"CHL"},"geometry":{"type":"Point","coordinates":[-70.6106762,-33.4646281]}},{"type":"Feature","properties":{"ESTADIO":"Nagoya-Shi Mizuho","NOME_OFICIAL":"Mizuho Athletic Stadium","CIDADE":"Nagoia","ESTADO":null,"PAIS":"Japan","LATITUDE":35.1224265,"LONGITUDE":136.9442276,"PRIMEIRA_PARTIDA":"seleção japonesa 1 x 2 Corinthians","DATA_PRIMEIRA_PARTIDA":"1984-01-16","ANO_PRIMEIRA_PARTIDA":1984,"ADVERSARIO":"seleção japonesa","PLACAR":"1 x 2","COMPETICAO_PRIMEIRA_PARTIDA":"Amistoso","MANDO_PRIMEIRA_PARTIDA":"Visitante","TOTAL_JOGOS":3,"VITORIAS":2,"EMPATES":1,"DERROTAS":0,"APROVEITAMENTO_PCT":77.8,"GOLS_MARCADOS":8,"GOLS_SOFRIDOS":3,"ESTADIOS_COM_ESTREIA_NA_DECADA":37,"OBSERVACOES":"* No aplicativo, o estádio leva o nome da região pelo que entendi e não do estádio de fato","FONTE_PRIMEIRA_PARTIDA":"Meu Timão / Acervo ATLAS1910","DESCRICAO_ORIGINAL":"Mizuho Athletic Stadium<br><br>* No aplicativo, o estádio leva o nome da região pelo que entendi e não do estádio de fato<br><br>Primeira partida: seleção japonesa 1 x 2 Corinthians 16/01/1984 - Amistoso","FONTE_COORDENADAS":"OpenStreetMap Nominatim (geocodificação reversa)","URL_FONTE_COORDENADAS":"https://www.openstreetmap.org/relation/4576938","ATRIBUICAO_COORDENADAS":"© OpenStreetMap contributors, ODbL 1.0","CAPACIDADE":"27000","CAPACIDADE_FONTE":"Meu Timão","URL_FONTE_CAPACIDADE":"https://www.meutimao.com.br/estadio/mizuho_athletic_stadium/","PAIS_ISO3":"JPN","FONTE_CORRECAO_PAIS":"https://data.geocode.earth/wof/dist/legacy/whosonfirst-data-country-latest.tar.bz2"},"geometry":{"type":"Point","coordinates":[136.9442276,35.1224265]}},{"type":"Feature","properties":{"ESTADIO":"Napoleão Francisco de Souza","NOME_OFICIAL":"Estádio da L.E.D.A","CIDADE":"Dourados","ESTADO":"MS","PAIS":"Brasil","LATITUDE":-22.2272248,"LONGITUDE":-54.8247945,"PRIMEIRA_PARTIDA":"dourados 0 x 3 Corinthians","DATA_PRIMEIRA_PARTIDA":"1984-08-24","ANO_PRIMEIRA_PARTIDA":1984,"ADVERSARIO":"dourados","PLACAR":"0 x 3","COMPETICAO_PRIMEIRA_PARTIDA":"Amistoso","MANDO_PRIMEIRA_PARTIDA":"Visitante","TOTAL_JOGOS":3,"VITORIAS":3,"EMPATES":0,"DERROTAS":0,"APROVEITAMENTO_PCT":100.0,"GOLS_MARCADOS":9,"GOLS_SOFRIDOS":0,"ESTADIOS_COM_ESTREIA_NA_DECADA":37,"OBSERVACOES":null,"FONTE_PRIMEIRA_PARTIDA":"Meu Timão / Acervo ATLAS1910","DESCRICAO_ORIGINAL":"Estádio da L.E.D.A<br><br>Primeira partida: dourados 0 x 3 Corinthians 24/08/1984 - Amistoso","PAIS_ISO3":"BRA"},"geometry":{"type":"Point","coordinates":[-54.8247945,-22.2272248]}},{"type":"Feature","properties":{"ESTADIO":"Natal Francisco Pereira","NOME_OFICIAL":"Atual Praça dos Pioneiros - Paranavaí","CIDADE":"Paranavaí","ESTADO":"Paraná","PAIS":"Brasil","LATITUDE":-23.0781371,"LONGITUDE":-52.4563486,"PRIMEIRA_PARTIDA":"PARANAVAÍ 0x2 CORINTHIANS","DATA_PRIMEIRA_PARTIDA":"1965-06-29","ANO_PRIMEIRA_PARTIDA":1965,"ADVERSARIO":"PARANAVAÍ","PLACAR":"0x2","COMPETICAO_PRIMEIRA_PARTIDA":"Amistosos 1965","MANDO_PRIMEIRA_PARTIDA":"Visitante","TOTAL_JOGOS":2,"VITORIAS":2,"EMPATES":0,"DERROTAS":0,"APROVEITAMENTO_PCT":100.0,"GOLS_MARCADOS":4,"GOLS_SOFRIDOS":0,"ESTADIOS_COM_ESTREIA_NA_DECADA":56,"OBSERVACOES":"https://www.paranavai.pr.gov.br/municipio/1611#:~:text=Numa%20entrevista%20publicada%20pelo%20Di%C3%A1rio,de%20onde%20vieram%20os%20irm%C3%A3os","FONTE_PRIMEIRA_PARTIDA":"https://www.meutimao.com.br/jogo/4834/amistosos-1965/amistoso/paranavai-0-x-2-corinthians","DESCRICAO_ORIGINAL":"Atual Praça dos Pioneiros - Paranavaí<br><br>https://www.paranavai.pr.gov.br/municipio/1611#:~:text=Numa%20entrevista%20publicada%20pelo%20Di%C3%A1rio,de%20onde%20vieram%20os%20irm%C3%A3os<br><br>Primeira partida: atlético Paranavaí 0 x 2 Corinthians","FONTE_COORDENADAS":"OpenStreetMap Nominatim (geocodificação reversa)","URL_FONTE_COORDENADAS":"https://www.openstreetmap.org/relation/297761","ATRIBUICAO_COORDENADAS":"© OpenStreetMap contributors, ODbL 1.0","CAPACIDADE":"10000","CAPACIDADE_FONTE":"Meu Timão","URL_FONTE_CAPACIDADE":"https://www.meutimao.com.br/estadio/natal_francisco_pereira/","PAIS_ISO3":"BRA"},"geometry":{"type":"Point","coordinates":[-52.4563486,-23.0781371]}},{"type":"Feature","properties":{"ESTADIO":"Nhozinho Santos","NOME_OFICIAL":"Primeiro jogo: seleção do maranhão 0 x 2 Corinthians 14/01/1968 - Amistoso","CIDADE":"São Luís","ESTADO":"Maranhão","PAIS":"Brasil","LATITUDE":-2.5363386,"LONGITUDE":-44.2891777,"PRIMEIRA_PARTIDA":"Primeiro jogo: seleção do maranhão 0 x 2 Corinthians 14/01/1968 - Amistoso","DATA_PRIMEIRA_PARTIDA":"1968-01-14","ANO_PRIMEIRA_PARTIDA":1968,"ADVERSARIO":"Primeiro jogo: seleção do maranhão","PLACAR":"0 x 2","COMPETICAO_PRIMEIRA_PARTIDA":"Amistoso","MANDO_PRIMEIRA_PARTIDA":"Visitante","TOTAL_JOGOS":10,"VITORIAS":4,"EMPATES":6,"DERROTAS":0,"APROVEITAMENTO_PCT":60.0,"GOLS_MARCADOS":12,"GOLS_SOFRIDOS":2,"ESTADIOS_COM_ESTREIA_NA_DECADA":56,"OBSERVACOES":null,"FONTE_PRIMEIRA_PARTIDA":"Meu Timão / Acervo ATLAS1910","DESCRICAO_ORIGINAL":"Primeiro jogo: seleção do maranhão 0 x 2 Corinthians 14/01/1968 - Amistoso","FONTE_COORDENADAS":"OpenStreetMap Nominatim (geocodificação reversa)","URL_FONTE_COORDENADAS":"https://www.openstreetmap.org/relation/332923","ATRIBUICAO_COORDENADAS":"© OpenStreetMap contributors, ODbL 1.0","CAPACIDADE":"16500","CAPACIDADE_FONTE":"Meu Timão","URL_FONTE_CAPACIDADE":"https://www.meutimao.com.br/estadio/nhozinho_santos/","PAIS_ISO3":"BRA"},"geometry":{"type":"Point","coordinates":[-44.2891777,-2.5363386]}},{"type":"Feature","properties":{"ESTADIO":"Ninho da garça","NOME_OFICIAL":"Estádio Municipal Professor Dario Rodrigues Leite","CIDADE":"Guaratinguetá","ESTADO":"São Paulo","PAIS":"Brasil","LATITUDE":-22.807262,"LONGITUDE":-45.185426,"PRIMEIRA_PARTIDA":"guaratingueta 2 x 3 Corinthians","DATA_PRIMEIRA_PARTIDA":"2007-02-04","ANO_PRIMEIRA_PARTIDA":2007,"ADVERSARIO":"guaratingueta","PLACAR":"2 x 3","COMPETICAO_PRIMEIRA_PARTIDA":"Paulista","MANDO_PRIMEIRA_PARTIDA":"Visitante","TOTAL_JOGOS":6,"VITORIAS":6,"EMPATES":0,"DERROTAS":0,"APROVEITAMENTO_PCT":100.0,"GOLS_MARCADOS":16,"GOLS_SOFRIDOS":6,"ESTADIOS_COM_ESTREIA_NA_DECADA":21,"OBSERVACOES":null,"FONTE_PRIMEIRA_PARTIDA":"Meu Timão / Acervo ATLAS1910","DESCRICAO_ORIGINAL":"Estádio Municipal Professor Dario Rodrigues Leite<br><br>Primeira partida: guaratingueta 2 x 3 Corinthians  04/02/2007 - Paulista","FONTE_COORDENADAS":"OpenStreetMap Nominatim (geocodificação reversa)","URL_FONTE_COORDENADAS":"https://www.openstreetmap.org/relation/298076","ATRIBUICAO_COORDENADAS":"© OpenStreetMap contributors, ODbL 1.0","CAPACIDADE":"15769","CAPACIDADE_FONTE":"Meu Timão","URL_FONTE_CAPACIDADE":"https://www.meutimao.com.br/estadio/ninho_da_garca/","PAIS_ISO3":"BRA"},"geometry":{"type":"Point","coordinates":[-45.185426,-22.807262]}},{"type":"Feature","properties":{"ESTADIO":"Nissam Stadium","NOME_OFICIAL":"Estádio Internacional de Yokohama","CIDADE":"Yokohama","ESTADO":null,"PAIS":"Japão","LATITUDE":35.5099461,"LONGITUDE":139.6063937,"PRIMEIRA_PARTIDA":"CORINTHIANS 1x0 CHELSEA","DATA_PRIMEIRA_PARTIDA":"2012-12-16","ANO_PRIMEIRA_PARTIDA":2012,"ADVERSARIO":"CHELSEA","PLACAR":"1x0","COMPETICAO_PRIMEIRA_PARTIDA":"Mundial de Clubes 2012","MANDO_PRIMEIRA_PARTIDA":"Mandante","TOTAL_JOGOS":1,"VITORIAS":1,"EMPATES":0,"DERROTAS":0,"APROVEITAMENTO_PCT":100.0,"GOLS_MARCADOS":1,"GOLS_SOFRIDOS":0,"ESTADIOS_COM_ESTREIA_NA_DECADA":31,"OBSERVACOES":null,"FONTE_PRIMEIRA_PARTIDA":"https://www.meutimao.com.br/jogo/374/mundial-de-clubes-2012/final/corinthians-1-x-0-chelsea","DESCRICAO_ORIGINAL":"Estádio Internacional de Yokohama<br><br>Primeira partida: Corinthians 1 x 0 chelsea - Final do mundial de clubes 2012","FONTE_COORDENADAS":"OpenStreetMap Nominatim (geocodificação reversa)","URL_FONTE_COORDENADAS":"https://www.openstreetmap.org/relation/2689482","ATRIBUICAO_COORDENADAS":"© OpenStreetMap contributors, ODbL 1.0","PAIS_ISO3":"JPN"},"geometry":{"type":"Point","coordinates":[139.6063937,35.5099461]}},{"type":"Feature","properties":{"ESTADIO":"Nogueirão","NOME_OFICIAL":"Estádio Municipal Francisco Ribeiro Nogueira","CIDADE":"Mogi das Cruzes","ESTADO":"São Paulo","PAIS":"Brasil","LATITUDE":-23.5187203,"LONGITUDE":-46.2060118,"PRIMEIRA_PARTIDA":"UNIÃO MOGI 2x7 CORINTHIANS","DATA_PRIMEIRA_PARTIDA":"1950-09-07","ANO_PRIMEIRA_PARTIDA":1950,"ADVERSARIO":"UNIÃO MOGI","PLACAR":"2x7","COMPETICAO_PRIMEIRA_PARTIDA":"Amistosos 1950","MANDO_PRIMEIRA_PARTIDA":"Visitante","TOTAL_JOGOS":6,"VITORIAS":2,"EMPATES":2,"DERROTAS":2,"APROVEITAMENTO_PCT":44.4,"GOLS_MARCADOS":14,"GOLS_SOFRIDOS":6,"ESTADIOS_COM_ESTREIA_NA_DECADA":72,"OBSERVACOES":"OBS: Dois jogos listados como nogueirão, União Mogi 0 x 0 Corinthians de 1990 e Corinthians 0 x 1 Juventude de 1995. Porém, o wikipedia aponta a inauguração do estádio em 31 de maio de 1995. Prov","FONTE_PRIMEIRA_PARTIDA":"https://www.meutimao.com.br/jogo/5843/amistosos-1950/amistoso/uniao_mogi-2-x-7-corinthians","DESCRICAO_ORIGINAL":"Estádio Municipal Francisco Ribeiro Nogueira<br><br>OBS: Dois jogos listados como nogueirão, União Mogi 0 x 0 Corinthians de 1990 e Corinthians 0 x 1 Juventude de 1995. Porém, o wikipedia aponta a inauguração do estádio em 31 de maio de 1995. Prov","FONTE_COORDENADAS":"OpenStreetMap Nominatim (geocodificação reversa)","URL_FONTE_COORDENADAS":"https://www.openstreetmap.org/relation/298415","ATRIBUICAO_COORDENADAS":"© OpenStreetMap contributors, ODbL 1.0","CAPACIDADE":"14384","CAPACIDADE_FONTE":"Meu Timão","URL_FONTE_CAPACIDADE":"https://www.meutimao.com.br/estadio/nogueirao/","PAIS_ISO3":"BRA"},"geometry":{"type":"Point","coordinates":[-46.2060118,-23.5187203]}},{"type":"Feature","properties":{"ESTADIO":"Novelli Junior","NOME_OFICIAL":"Estádio Municipal Doutor Novelli Júnior","CIDADE":"Itu","ESTADO":"São Paulo","PAIS":"Brasil","LATITUDE":-23.2808026,"LONGITUDE":-47.2877526,"PRIMEIRA_PARTIDA":"ituano 1 x 4 Corinthians","DATA_PRIMEIRA_PARTIDA":"1959-03-08","ANO_PRIMEIRA_PARTIDA":1959,"ADVERSARIO":"ituano","PLACAR":"1 x 4","COMPETICAO_PRIMEIRA_PARTIDA":"Amistoso","MANDO_PRIMEIRA_PARTIDA":"Visitante","TOTAL_JOGOS":40,"VITORIAS":30,"EMPATES":4,"DERROTAS":6,"APROVEITAMENTO_PCT":78.3,"GOLS_MARCADOS":68,"GOLS_SOFRIDOS":36,"ESTADIOS_COM_ESTREIA_NA_DECADA":72,"OBSERVACOES":null,"FONTE_PRIMEIRA_PARTIDA":"Meu Timão / Acervo ATLAS1910","DESCRICAO_ORIGINAL":"Estádio Municipal Doutor Novelli Júnior<br><br>Primeira partida: ituano 1 x 4 Corinthians 08/03/1959 - Amistoso","FONTE_COORDENADAS":"OpenStreetMap Nominatim (geocodificação reversa)","URL_FONTE_COORDENADAS":"https://www.openstreetmap.org/relation/298216","ATRIBUICAO_COORDENADAS":"© OpenStreetMap contributors, ODbL 1.0","CAPACIDADE":"16405","CAPACIDADE_FONTE":"Meu Timão","URL_FONTE_CAPACIDADE":"https://www.meutimao.com.br/estadio/novelli_junior/","PAIS_ISO3":"BRA"},"geometry":{"type":"Point","coordinates":[-47.2877526,-23.2808026]}},{"type":"Feature","properties":{"ESTADIO":"Nuevo Gasómetro","NOME_OFICIAL":"Estádio Pedro Bidegain","CIDADE":"Buenos Aires","ESTADO":"Autonomous City of Buenos Aires","PAIS":"Argentina","LATITUDE":-34.6520652,"LONGITUDE":-58.4401169,"PRIMEIRA_PARTIDA":"san lorenzo 2 x 1 Corinthians","DATA_PRIMEIRA_PARTIDA":"1999-10-21","ANO_PRIMEIRA_PARTIDA":1999,"ADVERSARIO":"san lorenzo","PLACAR":"2 x 1","COMPETICAO_PRIMEIRA_PARTIDA":"Copa Mercosul","MANDO_PRIMEIRA_PARTIDA":"Visitante","TOTAL_JOGOS":3,"VITORIAS":1,"EMPATES":0,"DERROTAS":2,"APROVEITAMENTO_PCT":33.3,"GOLS_MARCADOS":3,"GOLS_SOFRIDOS":6,"ESTADIOS_COM_ESTREIA_NA_DECADA":35,"OBSERVACOES":null,"FONTE_PRIMEIRA_PARTIDA":"Meu Timão / Acervo ATLAS1910","DESCRICAO_ORIGINAL":"Estádio Pedro Bidegain<br><br>Primeira partida: san lorenzo 2 x 1 Corinthians 21/10/1999 - Copa Mercosul","FONTE_COORDENADAS":"OpenStreetMap Nominatim (geocodificação reversa)","URL_FONTE_COORDENADAS":"https://www.openstreetmap.org/relation/1224652","ATRIBUICAO_COORDENADAS":"© OpenStreetMap contributors, ODbL 1.0","CAPACIDADE":"47964","CAPACIDADE_FONTE":"StadiumDB.com","URL_FONTE_CAPACIDADE":"https://stadiumdb.com/stadiums/arg/el_nuevo_gasometro","PAIS_ISO3":"ARG","FONTE_CORRECAO_PAIS":"https://data.geocode.earth/wof/dist/legacy/whosonfirst-data-country-latest.tar.bz2"},"geometry":{"type":"Point","coordinates":[-58.4401169,-34.6520652]}},{"type":"Feature","properties":{"ESTADIO":"Nya Ullevi","NOME_OFICIAL":"Estádio Gamla Ullevi","CIDADE":"Gotemburgo","ESTADO":null,"PAIS":"Suécia","LATITUDE":57.7062579,"LONGITUDE":11.9801221,"PRIMEIRA_PARTIDA":"SELEÇÃO DE GOTEMBURGO 3x9 CORINTHIANS","DATA_PRIMEIRA_PARTIDA":"1952-05-29","ANO_PRIMEIRA_PARTIDA":1952,"ADVERSARIO":"SELEÇÃO DE GOTEMBURGO","PLACAR":"3x9","COMPETICAO_PRIMEIRA_PARTIDA":"Amistosos 1952","MANDO_PRIMEIRA_PARTIDA":"Visitante","TOTAL_JOGOS":1,"VITORIAS":1,"EMPATES":0,"DERROTAS":0,"APROVEITAMENTO_PCT":100.0,"GOLS_MARCADOS":9,"GOLS_SOFRIDOS":3,"ESTADIOS_COM_ESTREIA_NA_DECADA":72,"OBSERVACOES":"* O estádio Nya Ullevi aparece no wikipedia como construido em 1958, o jogo do Corinthians foi em 1952, por isso assinalei no Gamla Ullevi, construido em 1916","FONTE_PRIMEIRA_PARTIDA":"https://www.meutimao.com.br/jogo/5703/amistosos-1952/amistoso/selecao_de_gotemburgo-3-x-9-corinthians","DESCRICAO_ORIGINAL":"Estádio Gamla Ullevi<br><br>* O estádio Nya Ullevi aparece no wikipedia como construido em 1958, o jogo do Corinthians foi em 1952, por isso assinalei no Gamla Ullevi, construido em 1916<br><br>Primeira partida: seleção de gottemburgo 3 x 9 Corinthia","FONTE_COORDENADAS":"OpenStreetMap Nominatim (geocodificação reversa)","URL_FONTE_COORDENADAS":"https://www.openstreetmap.org/node/25930131","ATRIBUICAO_COORDENADAS":"© OpenStreetMap contributors, ODbL 1.0","PAIS_ISO3":"SWE"},"geometry":{"type":"Point","coordinates":[11.9801221,57.7062579]}},{"type":"Feature","properties":{"ESTADIO":"OAKA Spiridon Louis","NOME_OFICIAL":"Estádio Olímpico de Atenas","CIDADE":"Municipality of Marousi","ESTADO":"Attica","PAIS":"Greece","LATITUDE":38.0361294,"LONGITUDE":23.7875913,"PRIMEIRA_PARTIDA":"olympiakos 0 x 2 Corinthians","DATA_PRIMEIRA_PARTIDA":"1972-06-11","ANO_PRIMEIRA_PARTIDA":1972,"ADVERSARIO":"olympiakos","PLACAR":"0 x 2","COMPETICAO_PRIMEIRA_PARTIDA":"Amistoso","MANDO_PRIMEIRA_PARTIDA":"Visitante","TOTAL_JOGOS":1,"VITORIAS":1,"EMPATES":0,"DERROTAS":0,"APROVEITAMENTO_PCT":100.0,"GOLS_MARCADOS":2,"GOLS_SOFRIDOS":0,"ESTADIOS_COM_ESTREIA_NA_DECADA":44,"OBSERVACOES":"*O local foi construido em 1979 e o jogo foi anterior a isso, preciso de mais informações","FONTE_PRIMEIRA_PARTIDA":"Meu Timão / Acervo ATLAS1910","DESCRICAO_ORIGINAL":"Estádio Olímpico de Atenas<br><br>*O local foi construido em 1979 e o jogo foi anterior a isso, preciso de mais informações<br><br>Primeira partida: olympiakos 0 x 2 Corinthians 11/06/1972 - Amistoso","FONTE_COORDENADAS":"OpenStreetMap Nominatim (geocodificação reversa)","URL_FONTE_COORDENADAS":"https://www.openstreetmap.org/relation/1385823","ATRIBUICAO_COORDENADAS":"© OpenStreetMap contributors, ODbL 1.0","CAPACIDADE":"71030","CAPACIDADE_FONTE":"Meu Timão","URL_FONTE_CAPACIDADE":"https://www.meutimao.com.br/estadio/estadio_olimpico_de_atenas/","PAIS_ISO3":"GRC","FONTE_CORRECAO_PAIS":"https://data.geocode.earth/wof/dist/legacy/whosonfirst-data-country-latest.tar.bz2"},"geometry":{"type":"Point","coordinates":[23.7875913,38.0361294]}},{"type":"Feature","properties":{"ESTADIO":"Olimpico","NOME_OFICIAL":"Estádio Olímpico Monumental","CIDADE":"Porto Alegre","ESTADO":"Rio Grande do Sul","PAIS":"Brasil","LATITUDE":-30.0603752,"LONGITUDE":-51.2132691,"PRIMEIRA_PARTIDA":"gremio 4 x 2 Corinthians","DATA_PRIMEIRA_PARTIDA":"1955-12-22","ANO_PRIMEIRA_PARTIDA":1955,"ADVERSARIO":"gremio","PLACAR":"4 x 2","COMPETICAO_PRIMEIRA_PARTIDA":"Amistoso","MANDO_PRIMEIRA_PARTIDA":"Visitante","TOTAL_JOGOS":90,"VITORIAS":27,"EMPATES":21,"DERROTAS":42,"APROVEITAMENTO_PCT":37.8,"GOLS_MARCADOS":80,"GOLS_SOFRIDOS":129,"ESTADIOS_COM_ESTREIA_NA_DECADA":72,"OBSERVACOES":null,"FONTE_PRIMEIRA_PARTIDA":"Meu Timão / Acervo ATLAS1910","DESCRICAO_ORIGINAL":"Estádio Olímpico Monumental<br><br>Primeira partida:  gremio 4 x 2 Corinthians 22/12/1955 - Amistoso","FONTE_COORDENADAS":"OpenStreetMap Nominatim (geocodificação reversa)","URL_FONTE_COORDENADAS":"https://www.openstreetmap.org/relation/242397","ATRIBUICAO_COORDENADAS":"© OpenStreetMap contributors, ODbL 1.0","CAPACIDADE":"51081","CAPACIDADE_FONTE":"StadiumDB.com","URL_FONTE_CAPACIDADE":"https://stadiumdb.com/stadiums/bra/estadio_olimpico_monumental","PAIS_ISO3":"BRA"},"geometry":{"type":"Point","coordinates":[-51.2132691,-30.0603752]}},{"type":"Feature","properties":{"ESTADIO":"Olimpico Regional","NOME_OFICIAL":"Estádio Municipal Arnaldo Busato","CIDADE":"Cascavel","ESTADO":"Paraná","PAIS":"Brazil","LATITUDE":-24.9751235,"LONGITUDE":-53.5023756,"PRIMEIRA_PARTIDA":"cascavel 1 x 1 Corinthians","DATA_PRIMEIRA_PARTIDA":"1982-11-12","ANO_PRIMEIRA_PARTIDA":1982,"ADVERSARIO":"cascavel","PLACAR":"1 x 1","COMPETICAO_PRIMEIRA_PARTIDA":"Amistoso","MANDO_PRIMEIRA_PARTIDA":"Visitante","TOTAL_JOGOS":6,"VITORIAS":2,"EMPATES":4,"DERROTAS":0,"APROVEITAMENTO_PCT":55.6,"GOLS_MARCADOS":10,"GOLS_SOFRIDOS":4,"ESTADIOS_COM_ESTREIA_NA_DECADA":37,"OBSERVACOES":null,"FONTE_PRIMEIRA_PARTIDA":"Meu Timão / Acervo ATLAS1910","DESCRICAO_ORIGINAL":"Estádio Municipal Arnaldo Busato<br><br>Primeira partida: cascavel 1 x 1 Corinthians 12/11/1982 - Amistoso","FONTE_COORDENADAS":"OpenStreetMap Nominatim (geocodificação reversa)","URL_FONTE_COORDENADAS":"https://www.openstreetmap.org/relation/297564","ATRIBUICAO_COORDENADAS":"© OpenStreetMap contributors, ODbL 1.0","CAPACIDADE":"28125","CAPACIDADE_FONTE":"Meu Timão","URL_FONTE_CAPACIDADE":"https://www.meutimao.com.br/estadio/olimpico_regional/","PAIS_ISO3":"BRA","FONTE_CORRECAO_PAIS":"https://data.geocode.earth/wof/dist/legacy/whosonfirst-data-country-latest.tar.bz2"},"geometry":{"type":"Point","coordinates":[-53.5023756,-24.9751235]}},{"type":"Feature","properties":{"ESTADIO":"Olimpico da Cidade do Mexico","NOME_OFICIAL":"Estadio Olímpico Universitario","CIDADE":"Cidade do México","ESTADO":"Cidade do México","PAIS":"México","LATITUDE":19.3319125,"LONGITUDE":-99.1921777,"PRIMEIRA_PARTIDA":"u.n.a.m - pumas 3 x 0 Corinthians","DATA_PRIMEIRA_PARTIDA":"2005-11-09","ANO_PRIMEIRA_PARTIDA":2005,"ADVERSARIO":"u.n.a.m - pumas","PLACAR":"3 x 0","COMPETICAO_PRIMEIRA_PARTIDA":"Sulamericana","MANDO_PRIMEIRA_PARTIDA":"Visitante","TOTAL_JOGOS":1,"VITORIAS":0,"EMPATES":0,"DERROTAS":1,"APROVEITAMENTO_PCT":0.0,"GOLS_MARCADOS":0,"GOLS_SOFRIDOS":3,"ESTADIOS_COM_ESTREIA_NA_DECADA":21,"OBSERVACOES":null,"FONTE_PRIMEIRA_PARTIDA":"Meu Timão / Acervo ATLAS1910","DESCRICAO_ORIGINAL":"Estadio Olímpico Universitario<br><br>Primeira partida: u.n.a.m - pumas 3 x 0 Corinthians 09/11/2005 - Sulamericana","FONTE_COORDENADAS":"OpenStreetMap Nominatim (geocodificação reversa)","URL_FONTE_COORDENADAS":"https://www.openstreetmap.org/relation/17483459","ATRIBUICAO_COORDENADAS":"© OpenStreetMap contributors, ODbL 1.0","CAPACIDADE":"58155","CAPACIDADE_FONTE":"Meu Timão","URL_FONTE_CAPACIDADE":"https://www.meutimao.com.br/estadio/olimpico_universitario/","PAIS_ISO3":"MEX"},"geometry":{"type":"Point","coordinates":[-99.1921777,19.3319125]}},{"type":"Feature","properties":{"ESTADIO":"Olimpico de Caracas","NOME_OFICIAL":"Estádio Olímpico de la Universidad Central de Venezuela","CIDADE":"Caracas","ESTADO":"Capital District","PAIS":"Venezuela","LATITUDE":10.4913486,"LONGITUDE":-66.885831,"PRIMEIRA_PARTIDA":"CORINTHIANS 1x0 ROMA","DATA_PRIMEIRA_PARTIDA":"1953-07-14","ANO_PRIMEIRA_PARTIDA":1953,"ADVERSARIO":"ROMA","PLACAR":"1x0","COMPETICAO_PRIMEIRA_PARTIDA":"Pequena Taça do Mundo 1953","MANDO_PRIMEIRA_PARTIDA":"Mandante","TOTAL_JOGOS":14,"VITORIAS":12,"EMPATES":2,"DERROTAS":0,"APROVEITAMENTO_PCT":90.5,"GOLS_MARCADOS":26,"GOLS_SOFRIDOS":10,"ESTADIOS_COM_ESTREIA_NA_DECADA":72,"OBSERVACOES":"Estádio onde aconteceram os jogos da Pequena Taça do Mundo de 1953, vale a pena ver o video  do \"The Leonardo SCCP\" https://www.youtube.com/watch?v=Ft4j5xSOauM","FONTE_PRIMEIRA_PARTIDA":"https://www.meutimao.com.br/jogo/5636/pequena-taca-do-mundo-1953/corinthians-1-x-0-roma","DESCRICAO_ORIGINAL":"Estádio Olímpico de la Universidad Central de Venezuela<br><br>Estádio onde aconteceram os jogos da Pequena Taça do Mundo de 1953, vale a pena ver o video  do \"The Leonardo SCCP\" https://www.youtube.com/watch?v=Ft4j5xSOauM<br><br>Primeira partida: C","FONTE_COORDENADAS":"OpenStreetMap Nominatim (geocodificação reversa)","URL_FONTE_COORDENADAS":"https://www.openstreetmap.org/relation/11219583","ATRIBUICAO_COORDENADAS":"© OpenStreetMap contributors, ODbL 1.0","CAPACIDADE":"30000","CAPACIDADE_FONTE":"StadiumDB.com","URL_FONTE_CAPACIDADE":"https://stadiumdb.com/stadiums/ven/estadio_olimpico_de_la_ucv","PAIS_ISO3":"VEN"},"geometry":{"type":"Point","coordinates":[-66.885831,10.4913486]}},{"type":"Feature","properties":{"ESTADIO":"Olimpico de  Halmstad","NOME_OFICIAL":"Örjans Vall","CIDADE":"Halmstad","ESTADO":null,"PAIS":"Suécia","LATITUDE":56.6842999,"LONGITUDE":12.867545,"PRIMEIRA_PARTIDA":"seleção de halmstads/hamlia 1 x 10 Corinthians","DATA_PRIMEIRA_PARTIDA":"1952-06-08","ANO_PRIMEIRA_PARTIDA":1952,"ADVERSARIO":"seleção de halmstads/hamlia","PLACAR":"1 x 10","COMPETICAO_PRIMEIRA_PARTIDA":"Amistoso","MANDO_PRIMEIRA_PARTIDA":"Visitante","TOTAL_JOGOS":3,"VITORIAS":3,"EMPATES":0,"DERROTAS":0,"APROVEITAMENTO_PCT":100.0,"GOLS_MARCADOS":30,"GOLS_SOFRIDOS":3,"ESTADIOS_COM_ESTREIA_NA_DECADA":72,"OBSERVACOES":"Estádio construido em 1922, não encontrei um olimpico da cidade, parece ser o Örjans Vall o estádio correto.","FONTE_PRIMEIRA_PARTIDA":"Meu Timão / Acervo ATLAS1910","DESCRICAO_ORIGINAL":"Örjans Vall<br><br>Estádio construido em 1922, não encontrei um olimpico da cidade, parece ser o Örjans Vall o estádio correto.<br><br>Primeira partida: seleção de halmstads/hamlia 1 x 10 Corinthians 08/06/1952 - Amistoso","FONTE_COORDENADAS":"OpenStreetMap Nominatim (geocodificação reversa)","URL_FONTE_COORDENADAS":"https://www.openstreetmap.org/node/1594669682","ATRIBUICAO_COORDENADAS":"© OpenStreetMap contributors, ODbL 1.0","CAPACIDADE":"15500","CAPACIDADE_FONTE":"StadiumDB.com","URL_FONTE_CAPACIDADE":"https://stadiumdb.com/stadiums/swe/orjans_vall","PAIS_ISO3":"SWE"},"geometry":{"type":"Point","coordinates":[12.867545,56.6842999]}},{"type":"Feature","properties":{"ESTADIO":"Olímpico de Helsinque","NOME_OFICIAL":null,"CIDADE":"Helsinque","ESTADO":"Uusimaa","PAIS":"Finlândia","LATITUDE":60.187902,"LONGITUDE":24.926746,"PRIMEIRA_PARTIDA":"seleção filandesa (Olimpica) 1 x 5 Corinthians","DATA_PRIMEIRA_PARTIDA":"1952-06-01","ANO_PRIMEIRA_PARTIDA":1952,"ADVERSARIO":"seleção filandesa (Olimpica)","PLACAR":"1 x 5","COMPETICAO_PRIMEIRA_PARTIDA":"Amistoso","MANDO_PRIMEIRA_PARTIDA":"Visitante","TOTAL_JOGOS":3,"VITORIAS":3,"EMPATES":0,"DERROTAS":0,"APROVEITAMENTO_PCT":100.0,"GOLS_MARCADOS":15,"GOLS_SOFRIDOS":3,"ESTADIOS_COM_ESTREIA_NA_DECADA":72,"OBSERVACOES":null,"FONTE_PRIMEIRA_PARTIDA":"Meu Timão / Acervo ATLAS1910","DESCRICAO_ORIGINAL":"Primeira partida: seleção filandesa (Olimpica) 1 x 5 Corinthians 01/06/1952 - Amistoso","FONTE_COORDENADAS":"OpenStreetMap Nominatim (geocodificação reversa)","URL_FONTE_COORDENADAS":"https://www.openstreetmap.org/relation/34914","ATRIBUICAO_COORDENADAS":"© OpenStreetMap contributors, ODbL 1.0","PAIS_ISO3":"FIN"},"geometry":{"type":"Point","coordinates":[24.926746,60.187902]}},{"type":"Feature","properties":{"ESTADIO":"Olímpico de Roma","NOME_OFICIAL":null,"CIDADE":"Roma","ESTADO":"Lácio","PAIS":"Itália","LATITUDE":41.934077,"LONGITUDE":12.454725,"PRIMEIRA_PARTIDA":"roma 0 x 1 Corinthians","DATA_PRIMEIRA_PARTIDA":"1972-06-20","ANO_PRIMEIRA_PARTIDA":1972,"ADVERSARIO":"roma","PLACAR":"0 x 1","COMPETICAO_PRIMEIRA_PARTIDA":"Amistoso","MANDO_PRIMEIRA_PARTIDA":"Visitante","TOTAL_JOGOS":3,"VITORIAS":3,"EMPATES":0,"DERROTAS":0,"APROVEITAMENTO_PCT":100.0,"GOLS_MARCADOS":3,"GOLS_SOFRIDOS":0,"ESTADIOS_COM_ESTREIA_NA_DECADA":44,"OBSERVACOES":null,"FONTE_PRIMEIRA_PARTIDA":"Meu Timão / Acervo ATLAS1910","DESCRICAO_ORIGINAL":"Primeira partida: roma 0 x 1 Corinthians 20/06/1972 - Amistoso","FONTE_COORDENADAS":"OpenStreetMap Nominatim (geocodificação reversa)","URL_FONTE_COORDENADAS":"https://www.openstreetmap.org/relation/41485","ATRIBUICAO_COORDENADAS":"© OpenStreetMap contributors, ODbL 1.0","PAIS_ISO3":"ITA"},"geometry":{"type":"Point","coordinates":[12.454725,41.934077]}},{"type":"Feature","properties":{"ESTADIO":"Orlando Scarpelli","NOME_OFICIAL":null,"CIDADE":"Florianópolis","ESTADO":"Santa Catarina","PAIS":"Brasil","LATITUDE":-27.5856563,"LONGITUDE":-48.5864866,"PRIMEIRA_PARTIDA":"figueirense 1 x 1 Corinthians","DATA_PRIMEIRA_PARTIDA":"1973-09-05","ANO_PRIMEIRA_PARTIDA":1973,"ADVERSARIO":"figueirense","PLACAR":"1 x 1","COMPETICAO_PRIMEIRA_PARTIDA":"Brasileiro","MANDO_PRIMEIRA_PARTIDA":"Visitante","TOTAL_JOGOS":28,"VITORIAS":8,"EMPATES":12,"DERROTAS":8,"APROVEITAMENTO_PCT":42.9,"GOLS_MARCADOS":30,"GOLS_SOFRIDOS":30,"ESTADIOS_COM_ESTREIA_NA_DECADA":44,"OBSERVACOES":null,"FONTE_PRIMEIRA_PARTIDA":"Meu Timão / Acervo ATLAS1910","DESCRICAO_ORIGINAL":"Primeira partida: figueirense 1 x 1 Corinthians 05/09/1973 - Brasileiro","FONTE_COORDENADAS":"OpenStreetMap Nominatim (geocodificação reversa)","URL_FONTE_COORDENADAS":"https://www.openstreetmap.org/relation/296561","ATRIBUICAO_COORDENADAS":"© OpenStreetMap contributors, ODbL 1.0","CAPACIDADE":"19069","CAPACIDADE_FONTE":"Meu Timão","URL_FONTE_CAPACIDADE":"https://www.meutimao.com.br/estadio/orlando_scarpelli/","PAIS_ISO3":"BRA"},"geometry":{"type":"Point","coordinates":[-48.5864866,-27.5856563]}},{"type":"Feature","properties":{"ESTADIO":"Parque São Jorge","NOME_OFICIAL":"Estádio Alfredo Schürig","CIDADE":"São Paulo","ESTADO":"São Paulo","PAIS":"Brasil","LATITUDE":-23.5268908,"LONGITUDE":-46.5685153,"PRIMEIRA_PARTIDA":"SÍRIO 0x1 CORINTHIANS","DATA_PRIMEIRA_PARTIDA":"1923-01-25","ANO_PRIMEIRA_PARTIDA":1923,"ADVERSARIO":"SÍRIO","PLACAR":"0x1","COMPETICAO_PRIMEIRA_PARTIDA":"Paulista 1922","MANDO_PRIMEIRA_PARTIDA":"Visitante","TOTAL_JOGOS":468,"VITORIAS":347,"EMPATES":59,"DERROTAS":62,"APROVEITAMENTO_PCT":78.3,"GOLS_MARCADOS":1320,"GOLS_SOFRIDOS":478,"ESTADIOS_COM_ESTREIA_NA_DECADA":26,"OBSERVACOES":null,"FONTE_PRIMEIRA_PARTIDA":"https://www.meutimao.com.br/jogo/6818/paulista-1922/sirio-0-x-1-corinthians","DESCRICAO_ORIGINAL":"Estádio Alfredo Schürig<br><br>Primeira partida: Sirio 0 x 1 Corinthians 25/01/2023 (O Timão ainda como visitante, a primeira partida após a compra do terreno, aconteceu em 22/07/1928, 2x2 contra o América do Rio)<br><br>Última partida: Corinthians","FONTE_COORDENADAS":"OpenStreetMap Nominatim (geocodificação reversa)","URL_FONTE_COORDENADAS":"https://www.openstreetmap.org/relation/298285","ATRIBUICAO_COORDENADAS":"© OpenStreetMap contributors, ODbL 1.0","PAIS_ISO3":"BRA"},"geometry":{"type":"Point","coordinates":[-46.5685153,-23.5268908]}},{"type":"Feature","properties":{"ESTADIO":"Pachuca","NOME_OFICIAL":"*No Almanaque do timão, o estádio aparece como 'Pachuca', porém, os jogos desse troféu são atribuidos mais precisamente para o estádio Revolucion Mexicana https://pt.wikipedia.org/wiki/Trof%C3%A9u_Internacional_Feira_de_Hidalgo_de_1981","CIDADE":"Pachuca","ESTADO":"Hidalgo","PAIS":"México","LATITUDE":20.1158676,"LONGITUDE":-98.7411083,"PRIMEIRA_PARTIDA":"INDEPENDIENTE 1x2 CORINTHIANS","DATA_PRIMEIRA_PARTIDA":"1981-11-18","ANO_PRIMEIRA_PARTIDA":1981,"ADVERSARIO":"INDEPENDIENTE","PLACAR":"1x2","COMPETICAO_PRIMEIRA_PARTIDA":"Troféu Feira de Hidalgo 1981","MANDO_PRIMEIRA_PARTIDA":"Visitante","TOTAL_JOGOS":6,"VITORIAS":6,"EMPATES":0,"DERROTAS":0,"APROVEITAMENTO_PCT":100.0,"GOLS_MARCADOS":12,"GOLS_SOFRIDOS":3,"ESTADIOS_COM_ESTREIA_NA_DECADA":37,"OBSERVACOES":"Hoje","FONTE_PRIMEIRA_PARTIDA":"https://www.meutimao.com.br/jogo/3563/trofeu-feira-de-hidalgo-1981/independiente-1-x-2-corinthians","DESCRICAO_ORIGINAL":"*No Almanaque do timão, o estádio aparece como 'Pachuca', porém, os jogos desse troféu são atribuidos mais precisamente para o estádio Revolucion Mexicana https://pt.wikipedia.org/wiki/Trof%C3%A9u_Internacional_Feira_de_Hidalgo_de_1981<br><br>Hoje","FONTE_COORDENADAS":"OpenStreetMap Nominatim (geocodificação reversa)","URL_FONTE_COORDENADAS":"https://www.openstreetmap.org/node/272109451","ATRIBUICAO_COORDENADAS":"© OpenStreetMap contributors, ODbL 1.0","PAIS_ISO3":"MEX"},"geometry":{"type":"Point","coordinates":[-98.7411083,20.1158676]}},{"type":"Feature","properties":{"ESTADIO":"Palma Travassos","NOME_OFICIAL":"Estádio Doutor Francisco de Palma Travassos-Comercial F.C","CIDADE":"Ribeirão Preto","ESTADO":"São Paulo","PAIS":"Brasil","LATITUDE":-21.1866813,"LONGITUDE":-47.788714,"PRIMEIRA_PARTIDA":"COMERCIAL DA CAPITAL 0x7 CORINTHIANS","DATA_PRIMEIRA_PARTIDA":"1940-06-30","ANO_PRIMEIRA_PARTIDA":1940,"ADVERSARIO":"COMERCIAL DA CAPITAL","PLACAR":"0x7","COMPETICAO_PRIMEIRA_PARTIDA":"Paulista 1940","MANDO_PRIMEIRA_PARTIDA":"Visitante","TOTAL_JOGOS":23,"VITORIAS":8,"EMPATES":7,"DERROTAS":8,"APROVEITAMENTO_PCT":44.9,"GOLS_MARCADOS":30,"GOLS_SOFRIDOS":21,"ESTADIOS_COM_ESTREIA_NA_DECADA":48,"OBSERVACOES":null,"FONTE_PRIMEIRA_PARTIDA":"https://www.meutimao.com.br/jogo/6313/paulista-1940/comercial_da_capital-0-x-7-corinthians","DESCRICAO_ORIGINAL":"Estádio Doutor Francisco de Palma Travassos-Comercial F.C<br><br>Primeira partida: Corinthians 2 x 2 botafogo RJ 27/05/1965 - Taça cidade de ribeirão preto","FONTE_COORDENADAS":"OpenStreetMap Nominatim (geocodificação reversa)","URL_FONTE_COORDENADAS":"https://www.openstreetmap.org/relation/298156","ATRIBUICAO_COORDENADAS":"© OpenStreetMap contributors, ODbL 1.0","PAIS_ISO3":"BRA"},"geometry":{"type":"Point","coordinates":[-47.788714,-21.1866813]}},{"type":"Feature","properties":{"ESTADIO":"Palmeirão","NOME_OFICIAL":"Estadio Os Pioneiros","CIDADE":"Pato Branco","ESTADO":"PR","PAIS":"Brasil","LATITUDE":-26.2110211,"LONGITUDE":-52.6802337,"PRIMEIRA_PARTIDA":"PATO BRANCO 0x3 CORINTHIANS","DATA_PRIMEIRA_PARTIDA":"1976-05-09","ANO_PRIMEIRA_PARTIDA":1976,"ADVERSARIO":"PATO BRANCO","PLACAR":"0x3","COMPETICAO_PRIMEIRA_PARTIDA":"Amistosos 1976","MANDO_PRIMEIRA_PARTIDA":"Visitante","TOTAL_JOGOS":1,"VITORIAS":1,"EMPATES":0,"DERROTAS":0,"APROVEITAMENTO_PCT":100.0,"GOLS_MARCADOS":3,"GOLS_SOFRIDOS":0,"ESTADIOS_COM_ESTREIA_NA_DECADA":44,"OBSERVACOES":"* No Almanaque do timão o estádio aparece como Palmeirão, seria o palco de Pato Branco 0 x 3 Corinthians, no wikipedia, o time parece mandar seus jogos no estádio Os Pioneiros, mas existe um detalhe, o clube Pato Branco Es","FONTE_PRIMEIRA_PARTIDA":"https://www.meutimao.com.br/jogo/3878/amistosos-1976/amistoso/pato_branco-0-x-3-corinthians","DESCRICAO_ORIGINAL":"Estadio Os Pioneiros<br><br>* No Almanaque do timão o estádio aparece como Palmeirão, seria o palco de Pato Branco 0 x 3 Corinthians, no wikipedia, o time parece mandar seus jogos no estádio Os Pioneiros, mas existe um detalhe, o clube Pato Branco Es","CAPACIDADE":"1500","CAPACIDADE_FONTE":"Meu Timão","URL_FONTE_CAPACIDADE":"https://www.meutimao.com.br/estadio/os_pioneiros/","PAIS_ISO3":"BRA"},"geometry":{"type":"Point","coordinates":[-52.6802337,-26.2110211]}},{"type":"Feature","properties":{"ESTADIO":"Palogrande","NOME_OFICIAL":null,"CIDADE":"Manizales","ESTADO":"Caldas","PAIS":"Colombia","LATITUDE":5.0569638,"LONGITUDE":-75.4899949,"PRIMEIRA_PARTIDA":"once caldas 0 x 1 Corinthians","DATA_PRIMEIRA_PARTIDA":"1963-01-23","ANO_PRIMEIRA_PARTIDA":1963,"ADVERSARIO":"once caldas","PLACAR":"0 x 1","COMPETICAO_PRIMEIRA_PARTIDA":"Amistoso","MANDO_PRIMEIRA_PARTIDA":"Visitante","TOTAL_JOGOS":4,"VITORIAS":2,"EMPATES":2,"DERROTAS":0,"APROVEITAMENTO_PCT":66.7,"GOLS_MARCADOS":4,"GOLS_SOFRIDOS":2,"ESTADIOS_COM_ESTREIA_NA_DECADA":56,"OBSERVACOES":null,"FONTE_PRIMEIRA_PARTIDA":"Meu Timão / Acervo ATLAS1910","DESCRICAO_ORIGINAL":"Primeira partida: once caldas 0 x 1 Corinthians 23/01/1963 - Amistoso","FONTE_COORDENADAS":"OpenStreetMap Nominatim (geocodificação reversa)","URL_FONTE_COORDENADAS":"https://www.openstreetmap.org/relation/406052","ATRIBUICAO_COORDENADAS":"© OpenStreetMap contributors, ODbL 1.0","CAPACIDADE":"32000","CAPACIDADE_FONTE":"StadiumDB.com","URL_FONTE_CAPACIDADE":"https://stadiumdb.com/stadiums/col/estadio_palogrande","PAIS_ISO3":"COL","FONTE_CORRECAO_PAIS":"https://data.geocode.earth/wof/dist/legacy/whosonfirst-data-country-latest.tar.bz2"},"geometry":{"type":"Point","coordinates":[-75.4899949,5.0569638]}},{"type":"Feature","properties":{"ESTADIO":"Parc des Princes","NOME_OFICIAL":null,"CIDADE":"Paris","ESTADO":"Ilha de França","PAIS":"France","LATITUDE":48.8414356,"LONGITUDE":2.2530487,"PRIMEIRA_PARTIDA":"stade reims 3 x 2 Corinthians","DATA_PRIMEIRA_PARTIDA":"1959-05-20","ANO_PRIMEIRA_PARTIDA":1959,"ADVERSARIO":"stade reims","PLACAR":"3 x 2","COMPETICAO_PRIMEIRA_PARTIDA":"Amistoso","MANDO_PRIMEIRA_PARTIDA":"Visitante","TOTAL_JOGOS":4,"VITORIAS":0,"EMPATES":2,"DERROTAS":2,"APROVEITAMENTO_PCT":16.7,"GOLS_MARCADOS":8,"GOLS_SOFRIDOS":10,"ESTADIOS_COM_ESTREIA_NA_DECADA":72,"OBSERVACOES":null,"FONTE_PRIMEIRA_PARTIDA":"Meu Timão / Acervo ATLAS1910","DESCRICAO_ORIGINAL":"Primeira partida: stade reims 3 x 2 Corinthians 20/05/1959 - Amistoso","FONTE_COORDENADAS":"OpenStreetMap Nominatim (geocodificação reversa)","URL_FONTE_COORDENADAS":"https://www.openstreetmap.org/relation/7444","ATRIBUICAO_COORDENADAS":"© OpenStreetMap contributors, ODbL 1.0","CAPACIDADE":"47929","CAPACIDADE_FONTE":"StadiumDB.com","URL_FONTE_CAPACIDADE":"https://stadiumdb.com/stadiums/fra/parc_des_princes","PAIS_ISO3":"FRA","FONTE_CORRECAO_PAIS":"https://data.geocode.earth/wof/dist/legacy/whosonfirst-data-country-latest.tar.bz2"},"geometry":{"type":"Point","coordinates":[2.2530487,48.8414356]}},{"type":"Feature","properties":{"ESTADIO":"Parque São Jorge de Presidente Prudente","NOME_OFICIAL":"Atual Parque Shopping Prudente, historia da venda do terreno - https://pt.wikipedia.org/wiki/Esporte_Clube_Corinthians#D%C3%A9cada_de_1980:_a_venda_do_est%C3%A1dio","CIDADE":"Presidente Prudente","ESTADO":"São Paulo","PAIS":"Brasil","LATITUDE":-22.131652,"LONGITUDE":-51.3902292,"PRIMEIRA_PARTIDA":"Corinthians de PP 1 x 1 Corinthians","DATA_PRIMEIRA_PARTIDA":"1962-01-28","ANO_PRIMEIRA_PARTIDA":1962,"ADVERSARIO":"Corinthians","PLACAR":"1 x 1","COMPETICAO_PRIMEIRA_PARTIDA":"Amistoso","MANDO_PRIMEIRA_PARTIDA":"Mandante","TOTAL_JOGOS":6,"VITORIAS":0,"EMPATES":4,"DERROTAS":2,"APROVEITAMENTO_PCT":22.2,"GOLS_MARCADOS":4,"GOLS_SOFRIDOS":14,"ESTADIOS_COM_ESTREIA_NA_DECADA":56,"OBSERVACOES":null,"FONTE_PRIMEIRA_PARTIDA":"https://pt.wikipedia.org/wiki/Esporte_Clube_Corinthians#D%C3%A9cada_de_1980:_a_venda_do_est%C3%A1dio","DESCRICAO_ORIGINAL":"Atual Parque Shopping Prudente, historia da venda do terreno - https://pt.wikipedia.org/wiki/Esporte_Clube_Corinthians#D%C3%A9cada_de_1980:_a_venda_do_est%C3%A1dio<br><br>Primeira partida: Corinthians de PP 1 x 1 Corinthians 28/01/1962 - Amistoso","FONTE_COORDENADAS":"OpenStreetMap Nominatim (geocodificação reversa)","URL_FONTE_COORDENADAS":"https://www.openstreetmap.org/relation/298001","ATRIBUICAO_COORDENADAS":"© OpenStreetMap contributors, ODbL 1.0","CAPACIDADE":"5000","CAPACIDADE_FONTE":"Meu Timão","URL_FONTE_CAPACIDADE":"https://www.meutimao.com.br/estadio/parque_sao_jorge_de_presidente_prudente/","PAIS_ISO3":"BRA"},"geometry":{"type":"Point","coordinates":[-51.3902292,-22.131652]}},{"type":"Feature","properties":{"ESTADIO":"Parque do Sabiá","NOME_OFICIAL":null,"CIDADE":"Uberlândia","ESTADO":"Minas Gerais","PAIS":"Brasil","LATITUDE":-18.9130624,"LONGITUDE":-48.2330308,"PRIMEIRA_PARTIDA":"UBERLÂNDIA 1x5 CORINTHIANS","DATA_PRIMEIRA_PARTIDA":"1947-08-17","ANO_PRIMEIRA_PARTIDA":1947,"ADVERSARIO":"UBERLÂNDIA","PLACAR":"1x5","COMPETICAO_PRIMEIRA_PARTIDA":"Amistosos 1947","MANDO_PRIMEIRA_PARTIDA":"Visitante","TOTAL_JOGOS":14,"VITORIAS":4,"EMPATES":4,"DERROTAS":6,"APROVEITAMENTO_PCT":38.1,"GOLS_MARCADOS":18,"GOLS_SOFRIDOS":14,"ESTADIOS_COM_ESTREIA_NA_DECADA":48,"OBSERVACOES":null,"FONTE_PRIMEIRA_PARTIDA":"https://www.meutimao.com.br/jogo/6011/amistosos-1947/amistoso/uberlandia-1-x-5-corinthians","DESCRICAO_ORIGINAL":"Primeira partida: Uberlândia 0 x 0 Corinthians 27/06/1982 - Amistoso","FONTE_COORDENADAS":"OpenStreetMap Nominatim (geocodificação reversa)","URL_FONTE_COORDENADAS":"https://www.openstreetmap.org/relation/314875","ATRIBUICAO_COORDENADAS":"© OpenStreetMap contributors, ODbL 1.0","CAPACIDADE":"50000","CAPACIDADE_FONTE":"Meu Timão","URL_FONTE_CAPACIDADE":"https://www.meutimao.com.br/estadio/parque_do_sabia/","PAIS_ISO3":"BRA"},"geometry":{"type":"Point","coordinates":[-48.2330308,-18.9130624]}},{"type":"Feature","properties":{"ESTADIO":"Pascual Guerrero","NOME_OFICIAL":"Estádio Olímpico Pascual Guerrero","CIDADE":"Cáli","ESTADO":"Valle del Cauca","PAIS":"Colombia","LATITUDE":3.4299548,"LONGITUDE":-76.5412366,"PRIMEIRA_PARTIDA":"boca juniors de cali 1 x 3 Corinthians","DATA_PRIMEIRA_PARTIDA":"1954-03-31","ANO_PRIMEIRA_PARTIDA":1954,"ADVERSARIO":"boca juniors de cali","PLACAR":"1 x 3","COMPETICAO_PRIMEIRA_PARTIDA":"Amistoso","MANDO_PRIMEIRA_PARTIDA":"Visitante","TOTAL_JOGOS":4,"VITORIAS":2,"EMPATES":1,"DERROTAS":1,"APROVEITAMENTO_PCT":58.3,"GOLS_MARCADOS":6,"GOLS_SOFRIDOS":5,"ESTADIOS_COM_ESTREIA_NA_DECADA":72,"OBSERVACOES":null,"FONTE_PRIMEIRA_PARTIDA":"Meu Timão / Acervo ATLAS1910","DESCRICAO_ORIGINAL":"Estádio Olímpico Pascual Guerrero<br><br>Primeira partida: boca juniors de cali 1 x 3 Corinthians 31/03/1954 - Amistoso","FONTE_COORDENADAS":"OpenStreetMap Nominatim (geocodificação reversa)","URL_FONTE_COORDENADAS":"https://www.openstreetmap.org/relation/8784644","ATRIBUICAO_COORDENADAS":"© OpenStreetMap contributors, ODbL 1.0","CAPACIDADE":"33130","CAPACIDADE_FONTE":"StadiumDB.com","URL_FONTE_CAPACIDADE":"https://stadiumdb.com/stadiums/col/estadio_pascual_guerrero","PAIS_ISO3":"COL","FONTE_CORRECAO_PAIS":"https://data.geocode.earth/wof/dist/legacy/whosonfirst-data-country-latest.tar.bz2"},"geometry":{"type":"Point","coordinates":[-76.5412366,3.4299548]}},{"type":"Feature","properties":{"ESTADIO":"Passo das Emas","NOME_OFICIAL":"Estádio Municipal Passo das Emas","CIDADE":"Lucas do Rio Verde","ESTADO":"Mato Grosso","PAIS":"Brasil","LATITUDE":-13.0745028,"LONGITUDE":-55.9241914,"PRIMEIRA_PARTIDA":"luverdense 1 x 0 Corinthians","DATA_PRIMEIRA_PARTIDA":"2013-08-21","ANO_PRIMEIRA_PARTIDA":2013,"ADVERSARIO":"luverdense","PLACAR":"1 x 0","COMPETICAO_PRIMEIRA_PARTIDA":"Copa do Brasil","MANDO_PRIMEIRA_PARTIDA":"Visitante","TOTAL_JOGOS":2,"VITORIAS":0,"EMPATES":0,"DERROTAS":2,"APROVEITAMENTO_PCT":0.0,"GOLS_MARCADOS":0,"GOLS_SOFRIDOS":2,"ESTADIOS_COM_ESTREIA_NA_DECADA":31,"OBSERVACOES":null,"FONTE_PRIMEIRA_PARTIDA":"Meu Timão / Acervo ATLAS1910","DESCRICAO_ORIGINAL":"Estádio Municipal Passo das Emas<br><br>Primeira partida: luverdense 1 x 0 Corinthians 21/08/2013 - Copa do Brasil","FONTE_COORDENADAS":"OpenStreetMap Nominatim (geocodificação reversa)","URL_FONTE_COORDENADAS":"https://www.openstreetmap.org/relation/333671","ATRIBUICAO_COORDENADAS":"© OpenStreetMap contributors, ODbL 1.0","CAPACIDADE":"8000","CAPACIDADE_FONTE":"Meu Timão","URL_FONTE_CAPACIDADE":"https://www.meutimao.com.br/estadio/passo_das_emas/","PAIS_ISO3":"BRA"},"geometry":{"type":"Point","coordinates":[-55.9241914,-13.0745028]}},{"type":"Feature","properties":{"ESTADIO":"Pastinho","NOME_OFICIAL":"Rua Barão Geraldo de Rezende","CIDADE":"Campinas","ESTADO":"São Paulo","PAIS":"Brasil","LATITUDE":-22.897266,"LONGITUDE":-47.0663726,"PRIMEIRA_PARTIDA":"GUARANI 3x4 CORINTHIANS","DATA_PRIMEIRA_PARTIDA":"1925-12-13","ANO_PRIMEIRA_PARTIDA":1925,"ADVERSARIO":"GUARANI","PLACAR":"3x4","COMPETICAO_PRIMEIRA_PARTIDA":"Amistosos 1925","MANDO_PRIMEIRA_PARTIDA":"Visitante","TOTAL_JOGOS":28,"VITORIAS":16,"EMPATES":6,"DERROTAS":6,"APROVEITAMENTO_PCT":64.3,"GOLS_MARCADOS":64,"GOLS_SOFRIDOS":48,"ESTADIOS_COM_ESTREIA_NA_DECADA":26,"OBSERVACOES":"* Não foi possível localizar o número exato, mas muitas fontes apontam para essa rua como local do estádio. | Algumas fontes: https://www.guaranifc.com.br/pastinho/, https://movimentobugreguerreiro.wordpress.","FONTE_PRIMEIRA_PARTIDA":"https://www.meutimao.com.br/jogo/6780/amistosos-1925/amistoso/guarani-3-x-4-corinthians","DESCRICAO_ORIGINAL":"Rua Barão Geraldo de Rezende<br><br>* Não foi possível localizar o número exato, mas muitas fontes apontam para essa rua como local do estádio.<br><br>Algumas fontes: https://www.guaranifc.com.br/pastinho/, https://movimentobugreguerreiro.wordpress.","FONTE_COORDENADAS":"OpenStreetMap Nominatim (geocodificação reversa)","URL_FONTE_COORDENADAS":"https://www.openstreetmap.org/relation/298227","ATRIBUICAO_COORDENADAS":"© OpenStreetMap contributors, ODbL 1.0","CAPACIDADE":"5000","CAPACIDADE_FONTE":"Meu Timão","URL_FONTE_CAPACIDADE":"https://www.meutimao.com.br/estadio/pastinho/","PAIS_ISO3":"BRA"},"geometry":{"type":"Point","coordinates":[-47.0663726,-22.897266]}},{"type":"Feature","properties":{"ESTADIO":"Pedro Benedetti","NOME_OFICIAL":"Estádio Municipal Pedro Benedetti","CIDADE":"Mauá","ESTADO":"São Paulo","PAIS":"Brasil","LATITUDE":-23.6689672,"LONGITUDE":-46.4708551,"PRIMEIRA_PARTIDA":"santo andré 1 x 0 Corinthians","DATA_PRIMEIRA_PARTIDA":"1985-09-21","ANO_PRIMEIRA_PARTIDA":1985,"ADVERSARIO":"santo andré","PLACAR":"1 x 0","COMPETICAO_PRIMEIRA_PARTIDA":"Paulista","MANDO_PRIMEIRA_PARTIDA":"Visitante","TOTAL_JOGOS":2,"VITORIAS":0,"EMPATES":0,"DERROTAS":2,"APROVEITAMENTO_PCT":0.0,"GOLS_MARCADOS":0,"GOLS_SOFRIDOS":2,"ESTADIOS_COM_ESTREIA_NA_DECADA":37,"OBSERVACOES":null,"FONTE_PRIMEIRA_PARTIDA":"Meu Timão / Acervo ATLAS1910","DESCRICAO_ORIGINAL":"Estádio Municipal Pedro Benedetti<br><br>Primeira partida: santo andré 1 x 0 Corinthians 21/09/1985 - Paulista","FONTE_COORDENADAS":"OpenStreetMap Nominatim (geocodificação reversa)","URL_FONTE_COORDENADAS":"https://www.openstreetmap.org/relation/297922","ATRIBUICAO_COORDENADAS":"© OpenStreetMap contributors, ODbL 1.0","CAPACIDADE":"11986","CAPACIDADE_FONTE":"Meu Timão","URL_FONTE_CAPACIDADE":"https://www.meutimao.com.br/estadio/pedro_benedetti/","PAIS_ISO3":"BRA"},"geometry":{"type":"Point","coordinates":[-46.4708551,-23.6689672]}},{"type":"Feature","properties":{"ESTADIO":"Pedro Marin Berbel","NOME_OFICIAL":"Estádio Municipal Pedro Marin Berbel","CIDADE":"Birigui","ESTADO":"São Paulo","PAIS":"Brasil","LATITUDE":-21.2688871,"LONGITUDE":-50.3319381,"PRIMEIRA_PARTIDA":"bandeirante de birigui 1 x 3 Corinthians","DATA_PRIMEIRA_PARTIDA":"1984-12-06","ANO_PRIMEIRA_PARTIDA":1984,"ADVERSARIO":"bandeirante de birigui","PLACAR":"1 x 3","COMPETICAO_PRIMEIRA_PARTIDA":"Amistoso","MANDO_PRIMEIRA_PARTIDA":"Visitante","TOTAL_JOGOS":6,"VITORIAS":4,"EMPATES":2,"DERROTAS":0,"APROVEITAMENTO_PCT":77.8,"GOLS_MARCADOS":10,"GOLS_SOFRIDOS":4,"ESTADIOS_COM_ESTREIA_NA_DECADA":37,"OBSERVACOES":null,"FONTE_PRIMEIRA_PARTIDA":"Meu Timão / Acervo ATLAS1910","DESCRICAO_ORIGINAL":"Estádio Municipal Pedro Marin Berbel<br><br>Primeira partida: bandeirante de birigui 1 x 3 Corinthians 06/12/1984 - Amistoso","FONTE_COORDENADAS":"OpenStreetMap Nominatim (geocodificação reversa)","URL_FONTE_COORDENADAS":"https://www.openstreetmap.org/relation/298335","ATRIBUICAO_COORDENADAS":"© OpenStreetMap contributors, ODbL 1.0","CAPACIDADE":"8240","CAPACIDADE_FONTE":"Meu Timão","URL_FONTE_CAPACIDADE":"https://www.meutimao.com.br/estadio/pedro_marin_berbel/","PAIS_ISO3":"BRA"},"geometry":{"type":"Point","coordinates":[-50.3319381,-21.2688871]}},{"type":"Feature","properties":{"ESTADIO":"Pedro Vilela","NOME_OFICIAL":"Estádio Municipal de Futebol Pedro Vilela","CIDADE":"Jacarezinho","ESTADO":"Paraná","PAIS":"Brasil","LATITUDE":-23.1567705,"LONGITUDE":-49.9769314,"PRIMEIRA_PARTIDA":"JACAREZINHO 1x1 CORINTHIANS","DATA_PRIMEIRA_PARTIDA":"1945-10-28","ANO_PRIMEIRA_PARTIDA":1945,"ADVERSARIO":"JACAREZINHO","PLACAR":"1x1","COMPETICAO_PRIMEIRA_PARTIDA":"Amistosos 1945","MANDO_PRIMEIRA_PARTIDA":"Visitante","TOTAL_JOGOS":6,"VITORIAS":4,"EMPATES":2,"DERROTAS":0,"APROVEITAMENTO_PCT":77.8,"GOLS_MARCADOS":18,"GOLS_SOFRIDOS":4,"ESTADIOS_COM_ESTREIA_NA_DECADA":48,"OBSERVACOES":null,"FONTE_PRIMEIRA_PARTIDA":"https://www.meutimao.com.br/jogo/6094/amistosos-1945/amistoso/jacarezinho-1-x-1-corinthians","DESCRICAO_ORIGINAL":"Estádio Municipal de Futebol Pedro Vilela<br><br>Primeira partida: jacarezinho 0 x 4 Corinthians 06/08/1950 - Amistoso","FONTE_COORDENADAS":"OpenStreetMap Nominatim (geocodificação reversa)","URL_FONTE_COORDENADAS":"https://www.openstreetmap.org/relation/297731","ATRIBUICAO_COORDENADAS":"© OpenStreetMap contributors, ODbL 1.0","CAPACIDADE":"2000","CAPACIDADE_FONTE":"Meu Timão","URL_FONTE_CAPACIDADE":"https://www.meutimao.com.br/estadio/pedro_vilela/","PAIS_ISO3":"BRA"},"geometry":{"type":"Point","coordinates":[-49.9769314,-23.1567705]}},{"type":"Feature","properties":{"ESTADIO":"Pelezão","NOME_OFICIAL":"Atual Living Superquadra Park Sul (http://doc.brazilia.jor.br/Construcao/estadio-Pelezao.shtml e https://pt.wikipedia.org/wiki/Est%C3%A1dio_Edson_Arantes_do_Nascimento)","CIDADE":"Guará","ESTADO":"Distrito Federal","PAIS":"Brasil","LATITUDE":-15.8288907,"LONGITUDE":-47.957359,"PRIMEIRA_PARTIDA":"ceub 2 x 1 Corinthians","DATA_PRIMEIRA_PARTIDA":"1973-10-31","ANO_PRIMEIRA_PARTIDA":1973,"ADVERSARIO":"ceub","PLACAR":"2 x 1","COMPETICAO_PRIMEIRA_PARTIDA":"Campeonato Brasileiro","MANDO_PRIMEIRA_PARTIDA":"Visitante","TOTAL_JOGOS":4,"VITORIAS":2,"EMPATES":0,"DERROTAS":2,"APROVEITAMENTO_PCT":50.0,"GOLS_MARCADOS":8,"GOLS_SOFRIDOS":4,"ESTADIOS_COM_ESTREIA_NA_DECADA":44,"OBSERVACOES":null,"FONTE_PRIMEIRA_PARTIDA":"http://doc.brazilia.jor.br/Construcao/estadio-Pelezao.shtml","DESCRICAO_ORIGINAL":"Atual Living Superquadra Park Sul (http://doc.brazilia.jor.br/Construcao/estadio-Pelezao.shtml e https://pt.wikipedia.org/wiki/Est%C3%A1dio_Edson_Arantes_do_Nascimento)<br><br>Primeira partida: ceub 2 x 1 Corinthians 31/10/1973 - Campeonato Brasileiro","FONTE_COORDENADAS":"OpenStreetMap Nominatim (geocodificação reversa)","URL_FONTE_COORDENADAS":"https://www.openstreetmap.org/relation/3359470","ATRIBUICAO_COORDENADAS":"© OpenStreetMap contributors, ODbL 1.0","CAPACIDADE":"30000","CAPACIDADE_FONTE":"Meu Timão","URL_FONTE_CAPACIDADE":"https://www.meutimao.com.br/estadio/pelezao/","PAIS_ISO3":"BRA"},"geometry":{"type":"Point","coordinates":[-47.957359,-15.8288907]}},{"type":"Feature","properties":{"ESTADIO":"Pequeno Maracanã","NOME_OFICIAL":"Clube Atlético Ourinhense","CIDADE":"Ourinhos","ESTADO":"São Paulo","PAIS":"Brasil","LATITUDE":-22.9760427,"LONGITUDE":-49.8607496,"PRIMEIRA_PARTIDA":"ourinhense 1 x 1 Corinthians","DATA_PRIMEIRA_PARTIDA":"1962-05-13","ANO_PRIMEIRA_PARTIDA":1962,"ADVERSARIO":"ourinhense","PLACAR":"1 x 1","COMPETICAO_PRIMEIRA_PARTIDA":"Amistoso","MANDO_PRIMEIRA_PARTIDA":"Visitante","TOTAL_JOGOS":4,"VITORIAS":2,"EMPATES":2,"DERROTAS":0,"APROVEITAMENTO_PCT":66.7,"GOLS_MARCADOS":8,"GOLS_SOFRIDOS":2,"ESTADIOS_COM_ESTREIA_NA_DECADA":56,"OBSERVACOES":null,"FONTE_PRIMEIRA_PARTIDA":"Meu Timão / Acervo ATLAS1910","DESCRICAO_ORIGINAL":"Clube Atlético Ourinhense<br><br>Primeira partida: ourinhense 1 x 1 Corinthians 13/05/1962 - Amistoso","FONTE_COORDENADAS":"OpenStreetMap Nominatim (geocodificação reversa)","URL_FONTE_COORDENADAS":"https://www.openstreetmap.org/relation/298375","ATRIBUICAO_COORDENADAS":"© OpenStreetMap contributors, ODbL 1.0","CAPACIDADE":"5000","CAPACIDADE_FONTE":"Meu Timão","URL_FONTE_CAPACIDADE":"https://www.meutimao.com.br/estadio/pequeno_maracana/","PAIS_ISO3":"BRA"},"geometry":{"type":"Point","coordinates":[-49.8607496,-22.9760427]}},{"type":"Feature","properties":{"ESTADIO":"Pinheirão","NOME_OFICIAL":"Complexo Poliesportivo Pinheirão","CIDADE":"Curitiba","ESTADO":"Paraná","PAIS":"Brasil","LATITUDE":-25.4313977,"LONGITUDE":-49.2193652,"PRIMEIRA_PARTIDA":"atlético PR 0 x 0 Corinthians","DATA_PRIMEIRA_PARTIDA":"1988-10-02","ANO_PRIMEIRA_PARTIDA":1988,"ADVERSARIO":"atlético PR","PLACAR":"0 x 0","COMPETICAO_PRIMEIRA_PARTIDA":"Campeonato Brasileiro","MANDO_PRIMEIRA_PARTIDA":"Visitante","TOTAL_JOGOS":12,"VITORIAS":10,"EMPATES":2,"DERROTAS":0,"APROVEITAMENTO_PCT":88.9,"GOLS_MARCADOS":22,"GOLS_SOFRIDOS":6,"ESTADIOS_COM_ESTREIA_NA_DECADA":37,"OBSERVACOES":null,"FONTE_PRIMEIRA_PARTIDA":"Meu Timão / Acervo ATLAS1910","DESCRICAO_ORIGINAL":"Complexo Poliesportivo Pinheirão<br><br>Primeira partida: atlético PR 0 x 0 Corinthians - 02/10/1988 - Campeonato Brasileiro","FONTE_COORDENADAS":"OpenStreetMap Nominatim (geocodificação reversa)","URL_FONTE_COORDENADAS":"https://www.openstreetmap.org/node/206136859","ATRIBUICAO_COORDENADAS":"© OpenStreetMap contributors, ODbL 1.0","CAPACIDADE":"45000","CAPACIDADE_FONTE":"Meu Timão","URL_FONTE_CAPACIDADE":"https://www.meutimao.com.br/estadio/pinheirao/","PAIS_ISO3":"BRA"},"geometry":{"type":"Point","coordinates":[-49.2193652,-25.4313977]}},{"type":"Feature","properties":{"ESTADIO":"Pituaçu","NOME_OFICIAL":"Estádio Roberto Santos (Pituaçu)","CIDADE":"Salvador","ESTADO":"Bahia","PAIS":"Brasil","LATITUDE":-12.9466152,"LONGITUDE":-38.4187011,"PRIMEIRA_PARTIDA":"bahia 0 x 1 Corinthians","DATA_PRIMEIRA_PARTIDA":"2011-06-29","ANO_PRIMEIRA_PARTIDA":2011,"ADVERSARIO":"bahia","PLACAR":"0 x 1","COMPETICAO_PRIMEIRA_PARTIDA":"Campeonato Brasileiro","MANDO_PRIMEIRA_PARTIDA":"Visitante","TOTAL_JOGOS":6,"VITORIAS":2,"EMPATES":4,"DERROTAS":0,"APROVEITAMENTO_PCT":55.6,"GOLS_MARCADOS":2,"GOLS_SOFRIDOS":0,"ESTADIOS_COM_ESTREIA_NA_DECADA":31,"OBSERVACOES":null,"FONTE_PRIMEIRA_PARTIDA":"Meu Timão / Acervo ATLAS1910","DESCRICAO_ORIGINAL":"Estádio Roberto Santos (Pituaçu)<br><br>Primeira partida: bahia 0 x 1 Corinthians 29/06/2011 - Campeonato Brasileiro","FONTE_COORDENADAS":"OpenStreetMap Nominatim (geocodificação reversa)","URL_FONTE_COORDENADAS":"https://www.openstreetmap.org/relation/362362","ATRIBUICAO_COORDENADAS":"© OpenStreetMap contributors, ODbL 1.0","CAPACIDADE":"32157","CAPACIDADE_FONTE":"Meu Timão","URL_FONTE_CAPACIDADE":"https://www.meutimao.com.br/estadio/pituacu/","PAIS_ISO3":"BRA"},"geometry":{"type":"Point","coordinates":[-38.4187011,-12.9466152]}},{"type":"Feature","properties":{"ESTADIO":"Plínio Marin","NOME_OFICIAL":"Arena Plínio Marin","CIDADE":"Votuporanga","ESTADO":"São Paulo","PAIS":"Brasil","LATITUDE":-20.4065179,"LONGITUDE":-49.964782,"PRIMEIRA_PARTIDA":"VOTUPORANGUENSE 2x2 CORINTHIANS","DATA_PRIMEIRA_PARTIDA":"1963-05-12","ANO_PRIMEIRA_PARTIDA":1963,"ADVERSARIO":"VOTUPORANGUENSE","PLACAR":"2x2","COMPETICAO_PRIMEIRA_PARTIDA":"Amistosos 1963","MANDO_PRIMEIRA_PARTIDA":"Visitante","TOTAL_JOGOS":2,"VITORIAS":1,"EMPATES":1,"DERROTAS":0,"APROVEITAMENTO_PCT":66.7,"GOLS_MARCADOS":3,"GOLS_SOFRIDOS":2,"ESTADIOS_COM_ESTREIA_NA_DECADA":56,"OBSERVACOES":"OBS: No wikipedia, a construção do estádio aparece como 1975, data posterior aos jogos registrados lá, não consegui identificar qual o possível estádio, se não esse.","FONTE_PRIMEIRA_PARTIDA":"https://www.meutimao.com.br/jogo/4934/amistosos-1963/amistoso/votuporanguense-2-x-2-corinthians","DESCRICAO_ORIGINAL":"Arena Plínio Marin<br><br>OBS: No wikipedia, a construção do estádio aparece como 1975, data posterior aos jogos registrados lá, não consegui identificar qual o possível estádio, se não esse.<br><br>Primeira partida: votuporanguense 2 x 2 Corint","FONTE_COORDENADAS":"OpenStreetMap Nominatim (geocodificação reversa)","URL_FONTE_COORDENADAS":"https://www.openstreetmap.org/relation/298439","ATRIBUICAO_COORDENADAS":"© OpenStreetMap contributors, ODbL 1.0","CAPACIDADE":"8145","CAPACIDADE_FONTE":"Meu Timão","URL_FONTE_CAPACIDADE":"https://www.meutimao.com.br/estadio/arena_plinio_marin/","PAIS_ISO3":"BRA"},"geometry":{"type":"Point","coordinates":[-49.964782,-20.4065179]}},{"type":"Feature","properties":{"ESTADIO":"Ponte Grande","NOME_OFICIAL":"Centro Esportivo Tietê","CIDADE":"São Paulo","ESTADO":"São Paulo","PAIS":"Brasil","LATITUDE":-23.520628,"LONGITUDE":-46.6319313,"PRIMEIRA_PARTIDA":"CORINTHIANS 3x3 PALMEIRAS","DATA_PRIMEIRA_PARTIDA":"1918-03-17","ANO_PRIMEIRA_PARTIDA":1918,"ADVERSARIO":"PALMEIRAS","PLACAR":"3x3","COMPETICAO_PRIMEIRA_PARTIDA":"Amistosos 1918","MANDO_PRIMEIRA_PARTIDA":"Mandante","TOTAL_JOGOS":204,"VITORIAS":160,"EMPATES":22,"DERROTAS":22,"APROVEITAMENTO_PCT":82.0,"GOLS_MARCADOS":774,"GOLS_SOFRIDOS":230,"ESTADIOS_COM_ESTREIA_NA_DECADA":28,"OBSERVACOES":"Não consegui colocar com certeza o local exato do estádio dentro do clube, mas segundo o wikipedia, o local é onde depois estariam as quadras de tênis (https://pt.wikipedia.org/wiki/Est%C3%A1dio_da_Ponte_Grande)","FONTE_PRIMEIRA_PARTIDA":"https://www.meutimao.com.br/jogo/6951/amistosos-1918/amistoso/corinthians-3-x-3-palmeiras","DESCRICAO_ORIGINAL":"Centro Esportivo Tietê<br><br>Não consegui colocar com certeza o local exato do estádio dentro do clube, mas segundo o wikipedia, o local é onde depois estariam as quadras de tênis (https://pt.wikipedia.org/wiki/Est%C3%A1dio_da_Ponte_Grande)<br><br>","FONTE_COORDENADAS":"OpenStreetMap Nominatim (geocodificação reversa)","URL_FONTE_COORDENADAS":"https://www.openstreetmap.org/relation/298285","ATRIBUICAO_COORDENADAS":"© OpenStreetMap contributors, ODbL 1.0","CAPACIDADE":"8000","CAPACIDADE_FONTE":"Meu Timão","URL_FONTE_CAPACIDADE":"https://www.meutimao.com.br/estadio/ponte_grande/","PAIS_ISO3":"BRA"},"geometry":{"type":"Point","coordinates":[-46.6319313,-23.520628]}},{"type":"Feature","properties":{"ESTADIO":"Prado da Mooca","NOME_OFICIAL":"Rua Bresser","CIDADE":"São Paulo","ESTADO":"São Paulo","PAIS":"Brasil","LATITUDE":-23.5510928,"LONGITUDE":-46.6005221,"PRIMEIRA_PARTIDA":"parnahyba ? x ? Corinthians","DATA_PRIMEIRA_PARTIDA":"1911-01-29","ANO_PRIMEIRA_PARTIDA":1911,"ADVERSARIO":"parnahyba","PLACAR":"? x ?","COMPETICAO_PRIMEIRA_PARTIDA":"Jogo varzeano","MANDO_PRIMEIRA_PARTIDA":"Visitante","TOTAL_JOGOS":2,"VITORIAS":0,"EMPATES":0,"DERROTAS":0,"APROVEITAMENTO_PCT":0.0,"GOLS_MARCADOS":0,"GOLS_SOFRIDOS":0,"ESTADIOS_COM_ESTREIA_NA_DECADA":28,"OBSERVACOES":"História do local: https://saopauloantiga.com.br/a-heranca-do-hipodromo-na-mooca/","FONTE_PRIMEIRA_PARTIDA":"https://saopauloantiga.com.br/a-heranca-do-hipodromo-na-mooca/","DESCRICAO_ORIGINAL":"Rua Bresser<br><br>História do local: https://saopauloantiga.com.br/a-heranca-do-hipodromo-na-mooca/<br><br>Primeira partida: parnahyba ? x ? Corinthians 29/01/1911 - Jogo varzeano","FONTE_COORDENADAS":"OpenStreetMap Nominatim (geocodificação reversa)","URL_FONTE_COORDENADAS":"https://www.openstreetmap.org/relation/298285","ATRIBUICAO_COORDENADAS":"© OpenStreetMap contributors, ODbL 1.0","CAPACIDADE":"5000","CAPACIDADE_FONTE":"Meu Timão","URL_FONTE_CAPACIDADE":"https://www.meutimao.com.br/estadio/prado_da_mooca/","PAIS_ISO3":"BRA"},"geometry":{"type":"Point","coordinates":[-46.6005221,-23.5510928]}},{"type":"Feature","properties":{"ESTADIO":"Presidente Dutra","NOME_OFICIAL":"Estádio Eurico Gaspar Dutra - Dutrinha","CIDADE":"Cuiabá","ESTADO":"Mato Grosso","PAIS":"Brasil","LATITUDE":-15.6070545,"LONGITUDE":-56.1052672,"PRIMEIRA_PARTIDA":"mixto 0 x 1 Corinthians","DATA_PRIMEIRA_PARTIDA":"1975-05-14","ANO_PRIMEIRA_PARTIDA":1975,"ADVERSARIO":"mixto","PLACAR":"0 x 1","COMPETICAO_PRIMEIRA_PARTIDA":"Amistoso","MANDO_PRIMEIRA_PARTIDA":"Visitante","TOTAL_JOGOS":2,"VITORIAS":2,"EMPATES":0,"DERROTAS":0,"APROVEITAMENTO_PCT":100.0,"GOLS_MARCADOS":2,"GOLS_SOFRIDOS":0,"ESTADIOS_COM_ESTREIA_NA_DECADA":44,"OBSERVACOES":null,"FONTE_PRIMEIRA_PARTIDA":"Meu Timão / Acervo ATLAS1910","DESCRICAO_ORIGINAL":"Estádio Eurico Gaspar Dutra - Dutrinha<br><br>Primeira partida: mixto 0  x 1 Corinthians 14/05/1975 - Amistoso","FONTE_COORDENADAS":"OpenStreetMap Nominatim (geocodificação reversa)","URL_FONTE_COORDENADAS":"https://www.openstreetmap.org/relation/333734","ATRIBUICAO_COORDENADAS":"© OpenStreetMap contributors, ODbL 1.0","CAPACIDADE":"4500","CAPACIDADE_FONTE":"Meu Timão","URL_FONTE_CAPACIDADE":"https://www.meutimao.com.br/estadio/presidente_dutra/","PAIS_ISO3":"BRA"},"geometry":{"type":"Point","coordinates":[-56.1052672,-15.6070545]}},{"type":"Feature","properties":{"ESTADIO":"Presidente Vargas","NOME_OFICIAL":"Estádio Presidente Vargas","CIDADE":"Fortaleza","ESTADO":"CE","PAIS":"Brasil","LATITUDE":-3.7458445,"LONGITUDE":-38.5368042,"PRIMEIRA_PARTIDA":"fortaleza 1 x 2 Corinthians","DATA_PRIMEIRA_PARTIDA":"1968-01-18","ANO_PRIMEIRA_PARTIDA":1968,"ADVERSARIO":"fortaleza","PLACAR":"1 x 2","COMPETICAO_PRIMEIRA_PARTIDA":"Amistoso","MANDO_PRIMEIRA_PARTIDA":"Visitante","TOTAL_JOGOS":15,"VITORIAS":12,"EMPATES":3,"DERROTAS":0,"APROVEITAMENTO_PCT":86.7,"GOLS_MARCADOS":18,"GOLS_SOFRIDOS":6,"ESTADIOS_COM_ESTREIA_NA_DECADA":56,"OBSERVACOES":null,"FONTE_PRIMEIRA_PARTIDA":"Meu Timão / Acervo ATLAS1910","DESCRICAO_ORIGINAL":"Estádio Presidente Vargas<br><br>Primeira partida: fortaleza 1 x 2 Corinthians 18/01/1968 - Amistoso","CAPACIDADE":"20268","CAPACIDADE_FONTE":"StadiumDB.com","URL_FONTE_CAPACIDADE":"https://stadiumdb.com/stadiums/bra/estadio_presidente_vargas","PAIS_ISO3":"BRA"},"geometry":{"type":"Point","coordinates":[-38.5368042,-3.7458445]}},{"type":"Feature","properties":{"ESTADIO":"Prudentão","NOME_OFICIAL":"Estádio Paulo Constantino (Prudentão)","CIDADE":"Presidente Prudente","ESTADO":"São Paulo","PAIS":"Brasil","LATITUDE":-22.0985498,"LONGITUDE":-51.4148828,"PRIMEIRA_PARTIDA":"PRUDENTINA 1x1 CORINTHIANS","DATA_PRIMEIRA_PARTIDA":"1949-03-20","ANO_PRIMEIRA_PARTIDA":1949,"ADVERSARIO":"PRUDENTINA","PLACAR":"1x1","COMPETICAO_PRIMEIRA_PARTIDA":"Amistosos 1949","MANDO_PRIMEIRA_PARTIDA":"Visitante","TOTAL_JOGOS":52,"VITORIAS":22,"EMPATES":14,"DERROTAS":16,"APROVEITAMENTO_PCT":51.3,"GOLS_MARCADOS":88,"GOLS_SOFRIDOS":70,"ESTADIOS_COM_ESTREIA_NA_DECADA":48,"OBSERVACOES":"*A inauguração do estádio consta como 1982, mas um dos jogos no local, é de 1975","FONTE_PRIMEIRA_PARTIDA":"https://www.meutimao.com.br/jogo/5856/amistosos-1949/amistoso/prudentina-1-x-1-corinthians","DESCRICAO_ORIGINAL":"Estádio Paulo Constantino (Prudentão)<br><br>*A inauguração do estádio consta como 1982, mas um dos jogos no local, é de 1975<br><br>Primeira partida: presidente prudente 0 x 3 Corinthians 06/05/1975 - Amistoso","FONTE_COORDENADAS":"OpenStreetMap Nominatim (geocodificação reversa)","URL_FONTE_COORDENADAS":"https://www.openstreetmap.org/relation/298001","ATRIBUICAO_COORDENADAS":"© OpenStreetMap contributors, ODbL 1.0","CAPACIDADE":"44414","CAPACIDADE_FONTE":"Meu Timão","URL_FONTE_CAPACIDADE":"https://www.meutimao.com.br/estadio/prudentao/","PAIS_ISO3":"BRA"},"geometry":{"type":"Point","coordinates":[-51.4148828,-22.0985498]}},{"type":"Feature","properties":{"ESTADIO":"Pueblo Nuevo","NOME_OFICIAL":"Estádio Polideportivo de Pueblo Nuevo","CIDADE":"Parroquia San Juan Bautista","ESTADO":"Tachira State","PAIS":"Venezuela","LATITUDE":7.7873656,"LONGITUDE":-72.1982544,"PRIMEIRA_PARTIDA":"deportivo táchira 1 x 1 Corinthians","DATA_PRIMEIRA_PARTIDA":"2012-02-15","ANO_PRIMEIRA_PARTIDA":2012,"ADVERSARIO":"deportivo táchira","PLACAR":"1 x 1","COMPETICAO_PRIMEIRA_PARTIDA":"Libertadores","MANDO_PRIMEIRA_PARTIDA":"Visitante","TOTAL_JOGOS":2,"VITORIAS":0,"EMPATES":2,"DERROTAS":0,"APROVEITAMENTO_PCT":33.3,"GOLS_MARCADOS":2,"GOLS_SOFRIDOS":2,"ESTADIOS_COM_ESTREIA_NA_DECADA":31,"OBSERVACOES":null,"FONTE_PRIMEIRA_PARTIDA":"Meu Timão / Acervo ATLAS1910","DESCRICAO_ORIGINAL":"Estádio Polideportivo de Pueblo Nuevo<br><br>Primeira partida: deportivo táchira 1 x 1 Corinthians 15/02/2012 - Libertadores","FONTE_COORDENADAS":"OpenStreetMap Nominatim (geocodificação reversa)","URL_FONTE_COORDENADAS":"https://www.openstreetmap.org/relation/3417232","ATRIBUICAO_COORDENADAS":"© OpenStreetMap contributors, ODbL 1.0","CAPACIDADE":"42500","CAPACIDADE_FONTE":"Meu Timão","URL_FONTE_CAPACIDADE":"https://www.meutimao.com.br/estadio/pueblo_nuevo/","PAIS_ISO3":"VEN","FONTE_CORRECAO_PAIS":"https://data.geocode.earth/wof/dist/legacy/whosonfirst-data-country-latest.tar.bz2"},"geometry":{"type":"Point","coordinates":[-72.1982544,7.7873656]}},{"type":"Feature","properties":{"ESTADIO":"Quintino de Lima","NOME_OFICIAL":"Estadio Municipal Quintino de Lima","CIDADE":"São Roque","ESTADO":"São Paulo","PAIS":"Brasil","LATITUDE":-23.5403667,"LONGITUDE":-47.1357642,"PRIMEIRA_PARTIDA":"paulistano de São Roque 0 x 2 Corinthians","DATA_PRIMEIRA_PARTIDA":"1991-05-30","ANO_PRIMEIRA_PARTIDA":1991,"ADVERSARIO":"paulistano de São Roque","PLACAR":"0 x 2","COMPETICAO_PRIMEIRA_PARTIDA":"Amistoso","MANDO_PRIMEIRA_PARTIDA":"Visitante","TOTAL_JOGOS":4,"VITORIAS":4,"EMPATES":0,"DERROTAS":0,"APROVEITAMENTO_PCT":100.0,"GOLS_MARCADOS":10,"GOLS_SOFRIDOS":0,"ESTADIOS_COM_ESTREIA_NA_DECADA":35,"OBSERVACOES":null,"FONTE_PRIMEIRA_PARTIDA":"Meu Timão / Acervo ATLAS1910","DESCRICAO_ORIGINAL":"Estadio Municipal Quintino de Lima<br><br>Primeira partida: paulistano de São Roque 0 x 2 Corinthians 30/05/1991 - Amistoso","FONTE_COORDENADAS":"OpenStreetMap Nominatim (geocodificação reversa)","URL_FONTE_COORDENADAS":"https://www.openstreetmap.org/relation/298124","ATRIBUICAO_COORDENADAS":"© OpenStreetMap contributors, ODbL 1.0","CAPACIDADE":"5000","CAPACIDADE_FONTE":"Meu Timão","URL_FONTE_CAPACIDADE":"https://www.meutimao.com.br/estadio/quintino_de_lima/","PAIS_ISO3":"BRA"},"geometry":{"type":"Point","coordinates":[-47.1357642,-23.5403667]}},{"type":"Feature","properties":{"ESTADIO":"Råsunda","NOME_OFICIAL":"Atual Friends Arena https://pt.wikipedia.org/wiki/Est%C3%A1dio_R%C3%A5sunda","CIDADE":"Solna","ESTADO":null,"PAIS":"Suécia","LATITUDE":59.3727005,"LONGITUDE":18.0002317,"PRIMEIRA_PARTIDA":"aik 3 x 3 Corinthians 14/05/1952 - Amistoso","DATA_PRIMEIRA_PARTIDA":"1952-05-14","ANO_PRIMEIRA_PARTIDA":1952,"ADVERSARIO":"aik","PLACAR":"3 x 3","COMPETICAO_PRIMEIRA_PARTIDA":"Amistoso","MANDO_PRIMEIRA_PARTIDA":"Visitante","TOTAL_JOGOS":6,"VITORIAS":3,"EMPATES":3,"DERROTAS":0,"APROVEITAMENTO_PCT":66.7,"GOLS_MARCADOS":18,"GOLS_SOFRIDOS":15,"ESTADIOS_COM_ESTREIA_NA_DECADA":72,"OBSERVACOES":"Partidas:","FONTE_PRIMEIRA_PARTIDA":"https://pt.wikipedia.org/wiki/Est%C3%A1dio_R%C3%A5sunda","DESCRICAO_ORIGINAL":"Atual Friends Arena https://pt.wikipedia.org/wiki/Est%C3%A1dio_R%C3%A5sunda<br><br>Partidas:<br>aik 3 x 3 Corinthians 14/05/1952 - Amistoso<br>djurgardens 2 x 3 Corinthians 16/05/1952 - Amistoso","FONTE_COORDENADAS":"OpenStreetMap Nominatim (geocodificação reversa)","URL_FONTE_COORDENADAS":"https://www.openstreetmap.org/relation/398040","ATRIBUICAO_COORDENADAS":"© OpenStreetMap contributors, ODbL 1.0","PAIS_ISO3":"SWE"},"geometry":{"type":"Point","coordinates":[18.0002317,59.3727005]}},{"type":"Feature","properties":{"ESTADIO":"Ramón Sánchez Pizjuán","NOME_OFICIAL":"Estádio Ramón Sánchez Pizjuán","CIDADE":"Sevilha","ESTADO":"Andaluzia","PAIS":"Spain","LATITUDE":37.3840655,"LONGITUDE":-5.9706902,"PRIMEIRA_PARTIDA":"sevilla 3 x 4 Corinthians","DATA_PRIMEIRA_PARTIDA":"1959-06-17","ANO_PRIMEIRA_PARTIDA":1959,"ADVERSARIO":"sevilla","PLACAR":"3 x 4","COMPETICAO_PRIMEIRA_PARTIDA":"Amistoso","MANDO_PRIMEIRA_PARTIDA":"Visitante","TOTAL_JOGOS":2,"VITORIAS":2,"EMPATES":0,"DERROTAS":0,"APROVEITAMENTO_PCT":100.0,"GOLS_MARCADOS":8,"GOLS_SOFRIDOS":6,"ESTADIOS_COM_ESTREIA_NA_DECADA":72,"OBSERVACOES":null,"FONTE_PRIMEIRA_PARTIDA":"Meu Timão / Acervo ATLAS1910","DESCRICAO_ORIGINAL":"Estádio Ramón Sánchez Pizjuán<br><br>Primeira partida: sevilla 3 x 4 Corinthians 17/06/1959 - Amistoso","FONTE_COORDENADAS":"OpenStreetMap Nominatim (geocodificação reversa)","URL_FONTE_COORDENADAS":"https://www.openstreetmap.org/relation/342563","ATRIBUICAO_COORDENADAS":"© OpenStreetMap contributors, ODbL 1.0","CAPACIDADE":"43883","CAPACIDADE_FONTE":"Meu Timão","URL_FONTE_CAPACIDADE":"https://www.meutimao.com.br/estadio/ramon_sanchez_pizjuan/","PAIS_ISO3":"ESP","FONTE_CORRECAO_PAIS":"https://data.geocode.earth/wof/dist/legacy/whosonfirst-data-country-latest.tar.bz2"},"geometry":{"type":"Point","coordinates":[-5.9706902,37.3840655]}},{"type":"Feature","properties":{"ESTADIO":"Ramon de Carranza","NOME_OFICIAL":"Atual Nuevo Miradilla","CIDADE":"Cádis","ESTADO":"Andaluzia","PAIS":"Spain","LATITUDE":36.502601,"LONGITUDE":-6.2729285,"PRIMEIRA_PARTIDA":"real madrid 1 x 1 Corinthians","DATA_PRIMEIRA_PARTIDA":"1966-09-03","ANO_PRIMEIRA_PARTIDA":1966,"ADVERSARIO":"real madrid","PLACAR":"1 x 1","COMPETICAO_PRIMEIRA_PARTIDA":"Troféu Ramon de Carranza","MANDO_PRIMEIRA_PARTIDA":"Visitante","TOTAL_JOGOS":12,"VITORIAS":6,"EMPATES":2,"DERROTAS":4,"APROVEITAMENTO_PCT":55.6,"GOLS_MARCADOS":16,"GOLS_SOFRIDOS":8,"ESTADIOS_COM_ESTREIA_NA_DECADA":56,"OBSERVACOES":null,"FONTE_PRIMEIRA_PARTIDA":"Meu Timão / Acervo ATLAS1910","DESCRICAO_ORIGINAL":"Atual Nuevo Miradilla<br><br>Primeira partida: real madrid 1 x 1 Corinthians 03/09/1966 - Troféu Ramon de Carranza","FONTE_COORDENADAS":"OpenStreetMap Nominatim (geocodificação reversa)","URL_FONTE_COORDENADAS":"https://www.openstreetmap.org/relation/346956","ATRIBUICAO_COORDENADAS":"© OpenStreetMap contributors, ODbL 1.0","CAPACIDADE":"20724","CAPACIDADE_FONTE":"Meu Timão","URL_FONTE_CAPACIDADE":"https://www.meutimao.com.br/estadio/ramon_de_carranza/","PAIS_ISO3":"ESP","FONTE_CORRECAO_PAIS":"https://data.geocode.earth/wof/dist/legacy/whosonfirst-data-country-latest.tar.bz2"},"geometry":{"type":"Point","coordinates":[-6.2729285,36.502601]}},{"type":"Feature","properties":{"ESTADIO":"Ray","NOME_OFICIAL":"Stade du Ray https://pt.wikipedia.org/wiki/Stade_du_Ray e https://fr.wikipedia.org/wiki/Stade_du_Ray","CIDADE":"Nice","ESTADO":"Provença-Alpes-Costa Azul","PAIS":"France","LATITUDE":43.7216181,"LONGITUDE":7.2605292,"PRIMEIRA_PARTIDA":"nice 0 x 1 Corinthians","DATA_PRIMEIRA_PARTIDA":"1970-04-30","ANO_PRIMEIRA_PARTIDA":1970,"ADVERSARIO":"nice","PLACAR":"0 x 1","COMPETICAO_PRIMEIRA_PARTIDA":"Amistoso","MANDO_PRIMEIRA_PARTIDA":"Visitante","TOTAL_JOGOS":1,"VITORIAS":1,"EMPATES":0,"DERROTAS":0,"APROVEITAMENTO_PCT":100.0,"GOLS_MARCADOS":1,"GOLS_SOFRIDOS":0,"ESTADIOS_COM_ESTREIA_NA_DECADA":44,"OBSERVACOES":null,"FONTE_PRIMEIRA_PARTIDA":"https://pt.wikipedia.org/wiki/Stade_du_Ray","DESCRICAO_ORIGINAL":"Stade du Ray https://pt.wikipedia.org/wiki/Stade_du_Ray e https://fr.wikipedia.org/wiki/Stade_du_Ray<br><br>Primeira partida: nice 0 x 1 Corinthians 30/04/1970 - Amistoso","FONTE_COORDENADAS":"OpenStreetMap Nominatim (geocodificação reversa)","URL_FONTE_COORDENADAS":"https://www.openstreetmap.org/relation/170100","ATRIBUICAO_COORDENADAS":"© OpenStreetMap contributors, ODbL 1.0","CAPACIDADE":"17415","CAPACIDADE_FONTE":"StadiumDB.com","URL_FONTE_CAPACIDADE":"https://stadiumdb.com/stadiums/fra/stade_du_ray","PAIS_ISO3":"FRA","FONTE_CORRECAO_PAIS":"https://data.geocode.earth/wof/dist/legacy/whosonfirst-data-country-latest.tar.bz2"},"geometry":{"type":"Point","coordinates":[7.2605292,43.7216181]}},{"type":"Feature","properties":{"ESTADIO":"Rei Pelé","NOME_OFICIAL":null,"CIDADE":"Maceió","ESTADO":"AL","PAIS":"Brasil","LATITUDE":-9.6708828,"LONGITUDE":-35.759448,"PRIMEIRA_PARTIDA":"csa 1 x 6 Corinthians","DATA_PRIMEIRA_PARTIDA":"1970-12-02","ANO_PRIMEIRA_PARTIDA":1970,"ADVERSARIO":"csa","PLACAR":"1 x 6","COMPETICAO_PRIMEIRA_PARTIDA":"Amistoso","MANDO_PRIMEIRA_PARTIDA":"Visitante","TOTAL_JOGOS":30,"VITORIAS":21,"EMPATES":3,"DERROTAS":6,"APROVEITAMENTO_PCT":73.3,"GOLS_MARCADOS":60,"GOLS_SOFRIDOS":21,"ESTADIOS_COM_ESTREIA_NA_DECADA":44,"OBSERVACOES":null,"FONTE_PRIMEIRA_PARTIDA":"Meu Timão / Acervo ATLAS1910","DESCRICAO_ORIGINAL":"Primeira partida: csa 1 x 6 Corinthians 02/12/1970 - Amistoso","PAIS_ISO3":"BRA"},"geometry":{"type":"Point","coordinates":[-35.759448,-9.6708828]}},{"type":"Feature","properties":{"ESTADIO":"Ressacada","NOME_OFICIAL":"Estádio Doutor Aderbal Ramos da Silva","CIDADE":"Florianópolis","ESTADO":"Santa Catarina","PAIS":"Brasil","LATITUDE":-27.6665434,"LONGITUDE":-48.5316518,"PRIMEIRA_PARTIDA":"avai 1 x 1 Corinthians","DATA_PRIMEIRA_PARTIDA":"2008-08-12","ANO_PRIMEIRA_PARTIDA":2008,"ADVERSARIO":"avai","PLACAR":"1 x 1","COMPETICAO_PRIMEIRA_PARTIDA":"Brasileirão série B","MANDO_PRIMEIRA_PARTIDA":"Visitante","TOTAL_JOGOS":18,"VITORIAS":4,"EMPATES":8,"DERROTAS":6,"APROVEITAMENTO_PCT":37.0,"GOLS_MARCADOS":22,"GOLS_SOFRIDOS":26,"ESTADIOS_COM_ESTREIA_NA_DECADA":21,"OBSERVACOES":null,"FONTE_PRIMEIRA_PARTIDA":"Meu Timão / Acervo ATLAS1910","DESCRICAO_ORIGINAL":"Estádio Doutor Aderbal Ramos da Silva<br><br>Primeira partida: avai 1 x 1 Corinthians 12/08/2008 - Brasileirão série B","FONTE_COORDENADAS":"OpenStreetMap Nominatim (geocodificação reversa)","URL_FONTE_COORDENADAS":"https://www.openstreetmap.org/relation/296561","ATRIBUICAO_COORDENADAS":"© OpenStreetMap contributors, ODbL 1.0","CAPACIDADE":"17800","CAPACIDADE_FONTE":"Meu Timão","URL_FONTE_CAPACIDADE":"https://www.meutimao.com.br/estadio/ressacada/","PAIS_ISO3":"BRA"},"geometry":{"type":"Point","coordinates":[-48.5316518,-27.6665434]}},{"type":"Feature","properties":{"ESTADIO":"Riazor","NOME_OFICIAL":"Estádio Municipal de Riazor","CIDADE":"Corunha","ESTADO":"Galiza","PAIS":"Spain","LATITUDE":43.3687184,"LONGITUDE":-8.4174835,"PRIMEIRA_PARTIDA":"seleção de la coruña 0 x 3 Corinthians","DATA_PRIMEIRA_PARTIDA":"1959-06-28","ANO_PRIMEIRA_PARTIDA":1959,"ADVERSARIO":"seleção de la coruña","PLACAR":"0 x 3","COMPETICAO_PRIMEIRA_PARTIDA":"Amistoso","MANDO_PRIMEIRA_PARTIDA":"Visitante","TOTAL_JOGOS":6,"VITORIAS":2,"EMPATES":2,"DERROTAS":2,"APROVEITAMENTO_PCT":44.4,"GOLS_MARCADOS":8,"GOLS_SOFRIDOS":6,"ESTADIOS_COM_ESTREIA_NA_DECADA":72,"OBSERVACOES":null,"FONTE_PRIMEIRA_PARTIDA":"Meu Timão / Acervo ATLAS1910","DESCRICAO_ORIGINAL":"Estádio Municipal de Riazor<br><br>Primeira partida: seleção de la coruña 0 x 3 Corinthians 28/06/1959 - Amistoso","FONTE_COORDENADAS":"OpenStreetMap Nominatim (geocodificação reversa)","URL_FONTE_COORDENADAS":"https://www.openstreetmap.org/relation/346810","ATRIBUICAO_COORDENADAS":"© OpenStreetMap contributors, ODbL 1.0","CAPACIDADE":"35600","CAPACIDADE_FONTE":"Meu Timão","URL_FONTE_CAPACIDADE":"https://www.meutimao.com.br/estadio/riazor/","PAIS_ISO3":"ESP","FONTE_CORRECAO_PAIS":"https://data.geocode.earth/wof/dist/legacy/whosonfirst-data-country-latest.tar.bz2"},"geometry":{"type":"Point","coordinates":[-8.4174835,43.3687184]}},{"type":"Feature","properties":{"ESTADIO":"Rio Pretão","NOME_OFICIAL":"Estádio Anísio Haddad","CIDADE":"São José do Rio Preto","ESTADO":"São Paulo","PAIS":"Brasil","LATITUDE":-20.8345771,"LONGITUDE":-49.4011085,"PRIMEIRA_PARTIDA":"RIO PRETO 2x2 CORINTHIANS","DATA_PRIMEIRA_PARTIDA":"1949-01-30","ANO_PRIMEIRA_PARTIDA":1949,"ADVERSARIO":"RIO PRETO","PLACAR":"2x2","COMPETICAO_PRIMEIRA_PARTIDA":"Amistosos 1949","MANDO_PRIMEIRA_PARTIDA":"Visitante","TOTAL_JOGOS":4,"VITORIAS":2,"EMPATES":2,"DERROTAS":0,"APROVEITAMENTO_PCT":66.7,"GOLS_MARCADOS":6,"GOLS_SOFRIDOS":4,"ESTADIOS_COM_ESTREIA_NA_DECADA":48,"OBSERVACOES":null,"FONTE_PRIMEIRA_PARTIDA":"https://www.meutimao.com.br/jogo/5853/amistosos-1949/amistoso/rio_preto-2-x-2-corinthians","DESCRICAO_ORIGINAL":"Estádio Anísio Haddad<br><br>Primeira partida: rio preto 0 x 1 Corinthians 12/03/2008 - Paulistão","FONTE_COORDENADAS":"OpenStreetMap Nominatim (geocodificação reversa)","URL_FONTE_COORDENADAS":"https://www.openstreetmap.org/relation/298344","ATRIBUICAO_COORDENADAS":"© OpenStreetMap contributors, ODbL 1.0","CAPACIDADE":"18670","CAPACIDADE_FONTE":"Meu Timão","URL_FONTE_CAPACIDADE":"https://www.meutimao.com.br/estadio/rio_pretao/","PAIS_ISO3":"BRA"},"geometry":{"type":"Point","coordinates":[-49.4011085,-20.8345771]}},{"type":"Feature","properties":{"ESTADIO":"Romeirão","NOME_OFICIAL":"Arena Romeirão,  Mauro Sampaio","CIDADE":"Juazeiro do Norte","ESTADO":"Ceará","PAIS":"Brasil","LATITUDE":-7.2241967,"LONGITUDE":-39.3179898,"PRIMEIRA_PARTIDA":"Corinthians 3 x 0 vasco","DATA_PRIMEIRA_PARTIDA":"1984-06-03","ANO_PRIMEIRA_PARTIDA":1984,"ADVERSARIO":"vasco","PLACAR":"3 x 0","COMPETICAO_PRIMEIRA_PARTIDA":"Amistoso","MANDO_PRIMEIRA_PARTIDA":"Visitante","TOTAL_JOGOS":2,"VITORIAS":2,"EMPATES":0,"DERROTAS":0,"APROVEITAMENTO_PCT":100.0,"GOLS_MARCADOS":6,"GOLS_SOFRIDOS":0,"ESTADIOS_COM_ESTREIA_NA_DECADA":37,"OBSERVACOES":null,"FONTE_PRIMEIRA_PARTIDA":"Meu Timão / Acervo ATLAS1910","DESCRICAO_ORIGINAL":"Arena Romeirão,  Mauro Sampaio<br><br>Primeira partida: Corinthians 3 x 0 vasco 03/06/1984 - Amistoso","FONTE_COORDENADAS":"OpenStreetMap Nominatim (geocodificação reversa)","URL_FONTE_COORDENADAS":"https://www.openstreetmap.org/relation/302487","ATRIBUICAO_COORDENADAS":"© OpenStreetMap contributors, ODbL 1.0","CAPACIDADE":"17230","CAPACIDADE_FONTE":"StadiumDB.com","URL_FONTE_CAPACIDADE":"https://stadiumdb.com/stadiums/bra/arena_romeirao","PAIS_ISO3":"BRA"},"geometry":{"type":"Point","coordinates":[-39.3179898,-7.2241967]}},{"type":"Feature","properties":{"ESTADIO":"Ronaldo Junqueira","NOME_OFICIAL":"Estádio Doutor Ronaldo Junqueira","CIDADE":"Poços de Caldas","ESTADO":"MG","PAIS":"Brasil","LATITUDE":-21.7778564,"LONGITUDE":-46.6058489,"PRIMEIRA_PARTIDA":"Caldense 0 x 3 Corinthians","DATA_PRIMEIRA_PARTIDA":"1979-09-04","ANO_PRIMEIRA_PARTIDA":1979,"ADVERSARIO":"Caldense","PLACAR":"0 x 3","COMPETICAO_PRIMEIRA_PARTIDA":"Amistoso","MANDO_PRIMEIRA_PARTIDA":"Visitante","TOTAL_JOGOS":21,"VITORIAS":12,"EMPATES":6,"DERROTAS":3,"APROVEITAMENTO_PCT":66.7,"GOLS_MARCADOS":30,"GOLS_SOFRIDOS":15,"ESTADIOS_COM_ESTREIA_NA_DECADA":44,"OBSERVACOES":"- Vitórias: 4 | - Empates: 2 | - Derrotas: 1","FONTE_PRIMEIRA_PARTIDA":"Meu Timão / Acervo ATLAS1910","DESCRICAO_ORIGINAL":"Estádio Doutor Ronaldo Junqueira<br><br>Primeira partida: Caldense 0 x 3 Corinthians 04/09/1979 - Amistoso<br>Última partida: Caldense 0 x 1 Corinthians 08/02/2017 - Copa do Brasil<br><br>- Vitórias: 4<br>- Empates: 2<br>- Derrotas: 1","PAIS_ISO3":"BRA"},"geometry":{"type":"Point","coordinates":[-46.6058489,-21.7778564]}},{"type":"Feature","properties":{"ESTADIO":"Rua 32","NOME_OFICIAL":"Atual Terminal De Integração","CIDADE":"Barretos","ESTADO":"São Paulo","PAIS":"Brasil","LATITUDE":-20.5600307,"LONGITUDE":-48.5753285,"PRIMEIRA_PARTIDA":"CORINTHIANS 0x1 PALMEIRAS","DATA_PRIMEIRA_PARTIDA":"1954-08-29","ANO_PRIMEIRA_PARTIDA":1954,"ADVERSARIO":"PALMEIRAS","PLACAR":"0x1","COMPETICAO_PRIMEIRA_PARTIDA":"Amistosos 1954","MANDO_PRIMEIRA_PARTIDA":"Mandante","TOTAL_JOGOS":2,"VITORIAS":1,"EMPATES":0,"DERROTAS":1,"APROVEITAMENTO_PCT":50.0,"GOLS_MARCADOS":5,"GOLS_SOFRIDOS":4,"ESTADIOS_COM_ESTREIA_NA_DECADA":72,"OBSERVACOES":"Referências: https://www.asmilcamisas.com.br/2020/09/24/o-futebol-em-barretos/ e https://www.odiarioonline.com.br/noticia/103167/estadio-da-rua-32-lembrava-o-alfredo-schurig","FONTE_PRIMEIRA_PARTIDA":"https://www.meutimao.com.br/jogo/5585/amistosos-1954/amistoso/corinthians-0-x-1-palmeiras","DESCRICAO_ORIGINAL":"Atual Terminal De Integração<br><br>Referências: https://www.asmilcamisas.com.br/2020/09/24/o-futebol-em-barretos/ e https://www.odiarioonline.com.br/noticia/103167/estadio-da-rua-32-lembrava-o-alfredo-schurig<br><br>Primeira partida: Corinthians 0 x","FONTE_COORDENADAS":"OpenStreetMap Nominatim (geocodificação reversa)","URL_FONTE_COORDENADAS":"https://www.openstreetmap.org/relation/297907","ATRIBUICAO_COORDENADAS":"© OpenStreetMap contributors, ODbL 1.0","PAIS_ISO3":"BRA"},"geometry":{"type":"Point","coordinates":[-48.5753285,-20.5600307]}},{"type":"Feature","properties":{"ESTADIO":"Rua Bariri","NOME_OFICIAL":"Estádio Antônio Mourão Vieira Filho","CIDADE":"Rio de Janeiro","ESTADO":"Rio de Janeiro","PAIS":"Brasil","LATITUDE":-22.8419525,"LONGITUDE":-43.2669575,"PRIMEIRA_PARTIDA":"olaria 2 x 4 Corinthians","DATA_PRIMEIRA_PARTIDA":"1948-04-04","ANO_PRIMEIRA_PARTIDA":1948,"ADVERSARIO":"olaria","PLACAR":"2 x 4","COMPETICAO_PRIMEIRA_PARTIDA":"Amistoso","MANDO_PRIMEIRA_PARTIDA":"Visitante","TOTAL_JOGOS":2,"VITORIAS":1,"EMPATES":0,"DERROTAS":1,"APROVEITAMENTO_PCT":50.0,"GOLS_MARCADOS":4,"GOLS_SOFRIDOS":3,"ESTADIOS_COM_ESTREIA_NA_DECADA":48,"OBSERVACOES":null,"FONTE_PRIMEIRA_PARTIDA":"Meu Timão / Acervo ATLAS1910","DESCRICAO_ORIGINAL":"Estádio Antônio Mourão Vieira Filho<br><br>Primeira partida: olaria 2 x 4 Corinthians 04/04/1948 - Amistoso","FONTE_COORDENADAS":"OpenStreetMap Nominatim (geocodificação reversa)","URL_FONTE_COORDENADAS":"https://www.openstreetmap.org/relation/2697338","ATRIBUICAO_COORDENADAS":"© OpenStreetMap contributors, ODbL 1.0","PAIS_ISO3":"BRA"},"geometry":{"type":"Point","coordinates":[-43.2669575,-22.8419525]}},{"type":"Feature","properties":{"ESTADIO":"Rua Bocaiúva","NOME_OFICIAL":"Adolpho Konder, atual Beiramar Shopping","CIDADE":"Florianópolis","ESTADO":"SC","PAIS":"Brasil","LATITUDE":-27.5848902,"LONGITUDE":-48.5450349,"PRIMEIRA_PARTIDA":"figueirense 3 x 6 Corinthians","DATA_PRIMEIRA_PARTIDA":"1943-02-04","ANO_PRIMEIRA_PARTIDA":1943,"ADVERSARIO":"figueirense","PLACAR":"3 x 6","COMPETICAO_PRIMEIRA_PARTIDA":"Amistoso","MANDO_PRIMEIRA_PARTIDA":"Visitante","TOTAL_JOGOS":6,"VITORIAS":6,"EMPATES":0,"DERROTAS":0,"APROVEITAMENTO_PCT":100.0,"GOLS_MARCADOS":30,"GOLS_SOFRIDOS":18,"ESTADIOS_COM_ESTREIA_NA_DECADA":48,"OBSERVACOES":null,"FONTE_PRIMEIRA_PARTIDA":"Meu Timão / Acervo ATLAS1910","DESCRICAO_ORIGINAL":"Adolpho Konder, atual Beiramar Shopping<br><br>Primeira partida: figueirense 3 x 6 Corinthians 04/02/1943 - Amistoso","PAIS_ISO3":"BRA"},"geometry":{"type":"Point","coordinates":[-48.5450349,-27.5848902]}},{"type":"Feature","properties":{"ESTADIO":"Rua Brás Cubas","NOME_OFICIAL":"* As duas fontes citam que o terreno era próximo a catedral, mas nenhuma delas diz o número da rua.","CIDADE":"Santo André","ESTADO":"São Paulo","PAIS":"Brasil","LATITUDE":-23.6566898,"LONGITUDE":-46.5258135,"PRIMEIRA_PARTIDA":"PRIMEIRO DE MAIO 1x5 CORINTHIANS","DATA_PRIMEIRA_PARTIDA":"1926-04-18","ANO_PRIMEIRA_PARTIDA":1926,"ADVERSARIO":"PRIMEIRO DE MAIO","PLACAR":"1x5","COMPETICAO_PRIMEIRA_PARTIDA":"Amistosos 1926","MANDO_PRIMEIRA_PARTIDA":"Visitante","TOTAL_JOGOS":2,"VITORIAS":2,"EMPATES":0,"DERROTAS":0,"APROVEITAMENTO_PCT":100.0,"GOLS_MARCADOS":10,"GOLS_SOFRIDOS":2,"ESTADIOS_COM_ESTREIA_NA_DECADA":26,"OBSERVACOES":"https://www.asmilcamisas.com.br/2020/06/24/o-estadio-da-rua-bras-cubas-a-casa-do-primeiro-de-maio-fc/ | http://www.santoandre.sp.gov.br/pesq","FONTE_PRIMEIRA_PARTIDA":"https://www.meutimao.com.br/jogo/6751/amistosos-1926/amistoso/primeiro_de_maio-1-x-5-corinthians","DESCRICAO_ORIGINAL":"* As duas fontes citam que o terreno era próximo a catedral, mas nenhuma delas diz o número da rua.<br><br>https://www.asmilcamisas.com.br/2020/06/24/o-estadio-da-rua-bras-cubas-a-casa-do-primeiro-de-maio-fc/<br><br>http://www.santoandre.sp.gov.br/pesq","FONTE_COORDENADAS":"OpenStreetMap Nominatim (geocodificação reversa)","URL_FONTE_COORDENADAS":"https://www.openstreetmap.org/relation/298086","ATRIBUICAO_COORDENADAS":"© OpenStreetMap contributors, ODbL 1.0","CAPACIDADE":"10000","CAPACIDADE_FONTE":"Meu Timão","URL_FONTE_CAPACIDADE":"https://www.meutimao.com.br/estadio/rua_bras_cubas/","PAIS_ISO3":"BRA"},"geometry":{"type":"Point","coordinates":[-46.5258135,-23.6566898]}},{"type":"Feature","properties":{"ESTADIO":"Rua Campos Salles","NOME_OFICIAL":"Atual Parque Shopping America","CIDADE":"Rio de Janeiro","ESTADO":"Rio de Janeiro","PAIS":"Brasil","LATITUDE":-22.9166264,"LONGITUDE":-43.2177987,"PRIMEIRA_PARTIDA":"AMÉRICA-RJ 4x2 CORINTHIANS","DATA_PRIMEIRA_PARTIDA":"1922-09-03","ANO_PRIMEIRA_PARTIDA":1922,"ADVERSARIO":"AMÉRICA-RJ","PLACAR":"4x2","COMPETICAO_PRIMEIRA_PARTIDA":"Amistosos 1922","MANDO_PRIMEIRA_PARTIDA":"Visitante","TOTAL_JOGOS":4,"VITORIAS":2,"EMPATES":0,"DERROTAS":2,"APROVEITAMENTO_PCT":50.0,"GOLS_MARCADOS":8,"GOLS_SOFRIDOS":8,"ESTADIOS_COM_ESTREIA_NA_DECADA":26,"OBSERVACOES":"https://pt.wikipedia.org/wiki/Est%C3%A1dio_da_Rua_Campos_Sales | https://diariodorio.com/para-construcao-de-um-shopping-tradicional-sede-do-america-na-tijuca-e-demolida/","FONTE_PRIMEIRA_PARTIDA":"https://www.meutimao.com.br/jogo/6843/amistosos-1922/amistoso/america-rj-4-x-2-corinthians","DESCRICAO_ORIGINAL":"Atual Parque Shopping America<br><br>https://pt.wikipedia.org/wiki/Est%C3%A1dio_da_Rua_Campos_Sales<br><br>https://diariodorio.com/para-construcao-de-um-shopping-tradicional-sede-do-america-na-tijuca-e-demolida/<br><br>Primeira partida: américa 4 x 2 Co","FONTE_COORDENADAS":"OpenStreetMap Nominatim (geocodificação reversa)","URL_FONTE_COORDENADAS":"https://www.openstreetmap.org/relation/2697338","ATRIBUICAO_COORDENADAS":"© OpenStreetMap contributors, ODbL 1.0","PAIS_ISO3":"BRA"},"geometry":{"type":"Point","coordinates":[-43.2177987,-22.9166264]}},{"type":"Feature","properties":{"ESTADIO":"Rua Cesário Ramalho","NOME_OFICIAL":"Não identifiquei o número exato","CIDADE":"São Paulo","ESTADO":"São Paulo","PAIS":"Brasil","LATITUDE":-23.5613191,"LONGITUDE":-46.6216534,"PRIMEIRA_PARTIDA":"UNIÃO ARTÍSTICA E RECREATIVA DO CAMBUCI 0x2 CORINTHIANS","DATA_PRIMEIRA_PARTIDA":"1919-12-28","ANO_PRIMEIRA_PARTIDA":1919,"ADVERSARIO":"UNIÃO ARTÍSTICA E RECREATIVA DO CAMBUCI","PLACAR":"0x2","COMPETICAO_PRIMEIRA_PARTIDA":"Amistosos 1919","MANDO_PRIMEIRA_PARTIDA":"Visitante","TOTAL_JOGOS":32,"VITORIAS":28,"EMPATES":0,"DERROTAS":4,"APROVEITAMENTO_PCT":87.5,"GOLS_MARCADOS":98,"GOLS_SOFRIDOS":22,"ESTADIOS_COM_ESTREIA_NA_DECADA":28,"OBSERVACOES":"http://portuguesa.com.br/site/clube/historia/ | Foi o primeiro estádio da Portuguesa, mas o primeiro jogo do Corinthians no local, é anterior a isso","FONTE_PRIMEIRA_PARTIDA":"https://www.meutimao.com.br/jogo/6932/amistosos-1919/amistoso/uniao_artistica_e_recreativa_do_cambuci-0-x-2-corinthians","DESCRICAO_ORIGINAL":"Não identifiquei o número exato<br><br>http://portuguesa.com.br/site/clube/historia/<br><br>Foi o primeiro estádio da Portuguesa, mas o primeiro jogo do Corinthians no local, é anterior a isso<br><br>Primeira partida: união artística e recreativa d","FONTE_COORDENADAS":"OpenStreetMap Nominatim (geocodificação reversa)","URL_FONTE_COORDENADAS":"https://www.openstreetmap.org/relation/298285","ATRIBUICAO_COORDENADAS":"© OpenStreetMap contributors, ODbL 1.0","CAPACIDADE":"3000","CAPACIDADE_FONTE":"Meu Timão","URL_FONTE_CAPACIDADE":"https://www.meutimao.com.br/estadio/rua_cesario_ramalho/","PAIS_ISO3":"BRA"},"geometry":{"type":"Point","coordinates":[-46.6216534,-23.5613191]}},{"type":"Feature","properties":{"ESTADIO":"Rua Comendador Souza","NOME_OFICIAL":"Estádio Nicolau Alayon","CIDADE":"São Paulo","ESTADO":"São Paulo","PAIS":"Brasil","LATITUDE":-23.5180229,"LONGITUDE":-46.6852378,"PRIMEIRA_PARTIDA":"spr 1 x 2 Corinthians","DATA_PRIMEIRA_PARTIDA":"1938-05-15","ANO_PRIMEIRA_PARTIDA":1938,"ADVERSARIO":"spr","PLACAR":"1 x 2","COMPETICAO_PRIMEIRA_PARTIDA":"Torneio extra/Taça Arthur Tarantino","MANDO_PRIMEIRA_PARTIDA":"Visitante","TOTAL_JOGOS":10,"VITORIAS":7,"EMPATES":3,"DERROTAS":0,"APROVEITAMENTO_PCT":80.0,"GOLS_MARCADOS":34,"GOLS_SOFRIDOS":18,"ESTADIOS_COM_ESTREIA_NA_DECADA":19,"OBSERVACOES":null,"FONTE_PRIMEIRA_PARTIDA":"Meu Timão / Acervo ATLAS1910","DESCRICAO_ORIGINAL":"Estádio Nicolau Alayon<br><br>Primeira partida: spr 1 x 2 Corinthians 15/05/1938 - Torneio extra/Taça Arthur Tarantino","FONTE_COORDENADAS":"OpenStreetMap Nominatim (geocodificação reversa)","URL_FONTE_COORDENADAS":"https://www.openstreetmap.org/relation/298285","ATRIBUICAO_COORDENADAS":"© OpenStreetMap contributors, ODbL 1.0","PAIS_ISO3":"BRA"},"geometry":{"type":"Point","coordinates":[-46.6852378,-23.5180229]}},{"type":"Feature","properties":{"ESTADIO":"Antônio Accioly","NOME_OFICIAL":null,"CIDADE":"Goiânia","ESTADO":"GO","PAIS":"Brasil","LATITUDE":-16.6701544,"LONGITUDE":-49.2842301,"PRIMEIRA_PARTIDA":"atlético goianiense 0 x 0 Corinthians","DATA_PRIMEIRA_PARTIDA":"2021-06-09","ANO_PRIMEIRA_PARTIDA":2021,"ADVERSARIO":"atlético goianiense","PLACAR":"0 x 0","COMPETICAO_PRIMEIRA_PARTIDA":"Copa do Brasil","MANDO_PRIMEIRA_PARTIDA":"Visitante","TOTAL_JOGOS":15,"VITORIAS":3,"EMPATES":9,"DERROTAS":3,"APROVEITAMENTO_PCT":40.0,"GOLS_MARCADOS":12,"GOLS_SOFRIDOS":15,"ESTADIOS_COM_ESTREIA_NA_DECADA":6,"OBSERVACOES":null,"FONTE_PRIMEIRA_PARTIDA":"Meu Timão / Acervo ATLAS1910","DESCRICAO_ORIGINAL":"Primeira partida: atlético goianiense 0 x 0 Corinthians 09/06/2021 - Copa do Brasil","PAIS_ISO3":"BRA"},"geometry":{"type":"Point","coordinates":[-49.2842301,-16.6701544]}},{"type":"Feature","properties":{"ESTADIO":"Rua Coronel Montenegro","NOME_OFICIAL":"Avenida Coronel Joaquim Montenegro","CIDADE":"Santos","ESTADO":"São Paulo","PAIS":"Brasil","LATITUDE":-23.9796868,"LONGITUDE":-46.3037332,"PRIMEIRA_PARTIDA":"ATLÉTICO SANTISTA 1x1 CORINTHIANS","DATA_PRIMEIRA_PARTIDA":"1930-08-10","ANO_PRIMEIRA_PARTIDA":1930,"ADVERSARIO":"ATLÉTICO SANTISTA","PLACAR":"1x1","COMPETICAO_PRIMEIRA_PARTIDA":"Paulista 1930","MANDO_PRIMEIRA_PARTIDA":"Visitante","TOTAL_JOGOS":2,"VITORIAS":0,"EMPATES":2,"DERROTAS":0,"APROVEITAMENTO_PCT":33.3,"GOLS_MARCADOS":2,"GOLS_SOFRIDOS":2,"ESTADIOS_COM_ESTREIA_NA_DECADA":19,"OBSERVACOES":"* O Almanaque do Timão aponta como Coronel Montenegro, mas não encontrei como Rua, e sim como avenida. Sua criação é de 1922. | Referência: https://www.novomilenio.inf.br/santos/poli1898.htm | Pr","FONTE_PRIMEIRA_PARTIDA":"https://www.meutimao.com.br/jogo/6652/paulista-1930/atletico_santista-1-x-1-corinthians","DESCRICAO_ORIGINAL":"Avenida Coronel Joaquim Montenegro<br><br>* O Almanaque do Timão aponta como Coronel Montenegro, mas não encontrei como Rua, e sim como avenida. Sua criação é de 1922.<br><br>Referência: https://www.novomilenio.inf.br/santos/poli1898.htm<br><br>Pr","FONTE_COORDENADAS":"OpenStreetMap Nominatim (geocodificação reversa)","URL_FONTE_COORDENADAS":"https://www.openstreetmap.org/relation/298442","ATRIBUICAO_COORDENADAS":"© OpenStreetMap contributors, ODbL 1.0","CAPACIDADE":"1000","CAPACIDADE_FONTE":"Meu Timão","URL_FONTE_CAPACIDADE":"https://www.meutimao.com.br/estadio/rua_coronel_montenegro/","PAIS_ISO3":"BRA"},"geometry":{"type":"Point","coordinates":[-46.3037332,-23.9796868]}},{"type":"Feature","properties":{"ESTADIO":"Rua Coronel Nogueira Padilha","NOME_OFICIAL":"Somei os jogos que aparecem como Rua Coronel Nogueira Padilha e Umberto Reali","CIDADE":"Sorocaba","ESTADO":"SP","PAIS":"Brasil","LATITUDE":-23.5045237,"LONGITUDE":-47.4460532,"PRIMEIRA_PARTIDA":"Primeiro jogo: são bento 1 x 5 Corinthians 29/08/1943 - Amistoso","DATA_PRIMEIRA_PARTIDA":"1943-08-29","ANO_PRIMEIRA_PARTIDA":1943,"ADVERSARIO":"Primeiro jogo: são bento","PLACAR":"1 x 5","COMPETICAO_PRIMEIRA_PARTIDA":"Amistoso","MANDO_PRIMEIRA_PARTIDA":"Visitante","TOTAL_JOGOS":42,"VITORIAS":21,"EMPATES":12,"DERROTAS":9,"APROVEITAMENTO_PCT":59.5,"GOLS_MARCADOS":75,"GOLS_SOFRIDOS":42,"ESTADIOS_COM_ESTREIA_NA_DECADA":48,"OBSERVACOES":"R. Cel. Nogueira Padilha, 657 | Primeiro jogo: são bento 1 x 5 Corinthians 29/08/1943 - Amistoso","FONTE_PRIMEIRA_PARTIDA":"Meu Timão / Acervo ATLAS1910","DESCRICAO_ORIGINAL":"Somei os jogos que aparecem como Rua Coronel Nogueira Padilha e Umberto Reali<br><br>R. Cel. Nogueira Padilha, 657<br><br>Primeiro jogo: são bento 1 x 5 Corinthians 29/08/1943 - Amistoso","PAIS_ISO3":"BRA"},"geometry":{"type":"Point","coordinates":[-47.4460532,-23.5045237]}},{"type":"Feature","properties":{"ESTADIO":"Rua Doze de Novembro","NOME_OFICIAL":"Referências: https://pt.wikipedia.org/wiki/Rio_Branco_Esporte_Clube#Est%C3%A1dio","CIDADE":"Americana","ESTADO":"São Paulo","PAIS":"Brasil","LATITUDE":-22.7378583,"LONGITUDE":-47.3320709,"PRIMEIRA_PARTIDA":"rio branco de americana 1 x 2 Corinthians","DATA_PRIMEIRA_PARTIDA":"1925-12-06","ANO_PRIMEIRA_PARTIDA":1925,"ADVERSARIO":"rio branco de americana","PLACAR":"1 x 2","COMPETICAO_PRIMEIRA_PARTIDA":"Amistoso, taça agencia ford","MANDO_PRIMEIRA_PARTIDA":"Visitante","TOTAL_JOGOS":2,"VITORIAS":2,"EMPATES":0,"DERROTAS":0,"APROVEITAMENTO_PCT":100.0,"GOLS_MARCADOS":4,"GOLS_SOFRIDOS":2,"ESTADIOS_COM_ESTREIA_NA_DECADA":26,"OBSERVACOES":"* Numeração exata não encontrada","FONTE_PRIMEIRA_PARTIDA":"https://pt.wikipedia.org/wiki/Rio_Branco_Esporte_Clube#Est%C3%A1dio","DESCRICAO_ORIGINAL":"Referências: https://pt.wikipedia.org/wiki/Rio_Branco_Esporte_Clube#Est%C3%A1dio<br><br>* Numeração exata não encontrada<br><br>Primeira partida: rio branco de americana 1 x 2 Corinthians 06/12/1925 - Amistoso, taça agencia ford","FONTE_COORDENADAS":"OpenStreetMap Nominatim (geocodificação reversa)","URL_FONTE_COORDENADAS":"https://www.openstreetmap.org/relation/297977","ATRIBUICAO_COORDENADAS":"© OpenStreetMap contributors, ODbL 1.0","CAPACIDADE":"1000","CAPACIDADE_FONTE":"Meu Timão","URL_FONTE_CAPACIDADE":"https://www.meutimao.com.br/estadio/rua_doze_de_novembro/","PAIS_ISO3":"BRA"},"geometry":{"type":"Point","coordinates":[-47.3320709,-22.7378583]}},{"type":"Feature","properties":{"ESTADIO":"Rua Javari","NOME_OFICIAL":"Atual Estádio Conde Rodolfo Crespi","CIDADE":"São Paulo","ESTADO":"São Paulo","PAIS":"Brasil","LATITUDE":-23.5532921,"LONGITUDE":-46.6048538,"PRIMEIRA_PARTIDA":"CORINTHIANS DE SANTO ANDRÉ 1x4 CORINTHIANS","DATA_PRIMEIRA_PARTIDA":"1927-07-31","ANO_PRIMEIRA_PARTIDA":1927,"ADVERSARIO":"CORINTHIANS","PLACAR":"1x4","COMPETICAO_PRIMEIRA_PARTIDA":"Paulista 1927","MANDO_PRIMEIRA_PARTIDA":"Mandante","TOTAL_JOGOS":56,"VITORIAS":38,"EMPATES":10,"DERROTAS":8,"APROVEITAMENTO_PCT":73.8,"GOLS_MARCADOS":140,"GOLS_SOFRIDOS":80,"ESTADIOS_COM_ESTREIA_NA_DECADA":26,"OBSERVACOES":null,"FONTE_PRIMEIRA_PARTIDA":"https://www.meutimao.com.br/jogo/6735/paulista-1927/corinthians_de_santo_andre-1-x-4-corinthians","DESCRICAO_ORIGINAL":"Atual Estádio Conde Rodolfo Crespi<br><br>Primeira partida: juventus 0 x 5 Corinthians 27/04/1930 - Paulista","FONTE_COORDENADAS":"OpenStreetMap Nominatim (geocodificação reversa)","URL_FONTE_COORDENADAS":"https://www.openstreetmap.org/relation/298285","ATRIBUICAO_COORDENADAS":"© OpenStreetMap contributors, ODbL 1.0","CAPACIDADE":"4000","CAPACIDADE_FONTE":"Meu Timão","URL_FONTE_CAPACIDADE":"https://www.meutimao.com.br/estadio/rua_javari/","PAIS_ISO3":"BRA"},"geometry":{"type":"Point","coordinates":[-46.6048538,-23.5532921]}},{"type":"Feature","properties":{"ESTADIO":"Rua Muller nº 57","NOME_OFICIAL":"* Não encontrei referências sobre o antigo campo","CIDADE":"São Paulo","ESTADO":"São Paulo","PAIS":"Brasil","LATITUDE":-23.5408397,"LONGITUDE":-46.6171309,"PRIMEIRA_PARTIDA":"minas gerais-sp 2 x 4 Corinthians","DATA_PRIMEIRA_PARTIDA":"1916-02-20","ANO_PRIMEIRA_PARTIDA":1916,"ADVERSARIO":"minas gerais-sp","PLACAR":"2 x 4","COMPETICAO_PRIMEIRA_PARTIDA":"Amistoso","MANDO_PRIMEIRA_PARTIDA":"Visitante","TOTAL_JOGOS":10,"VITORIAS":6,"EMPATES":2,"DERROTAS":0,"APROVEITAMENTO_PCT":83.3,"GOLS_MARCADOS":24,"GOLS_SOFRIDOS":8,"ESTADIOS_COM_ESTREIA_NA_DECADA":28,"OBSERVACOES":null,"FONTE_PRIMEIRA_PARTIDA":"Meu Timão / Acervo ATLAS1910","DESCRICAO_ORIGINAL":"* Não encontrei referências sobre o antigo campo<br><br>Primeira partida: minas gerais-sp 2 x 4 Corinthians 20/02/1916 - Amistoso","FONTE_COORDENADAS":"OpenStreetMap Nominatim (geocodificação reversa)","URL_FONTE_COORDENADAS":"https://www.openstreetmap.org/relation/298285","ATRIBUICAO_COORDENADAS":"© OpenStreetMap contributors, ODbL 1.0","PAIS_ISO3":"BRA"},"geometry":{"type":"Point","coordinates":[-46.6171309,-23.5408397]}},{"type":"Feature","properties":{"ESTADIO":"Rua Paraíba (Conde Francisco Matarazzo)","NOME_OFICIAL":"R. Paraíba, 698","CIDADE":"São Caetano do Sul","ESTADO":"SP","PAIS":"Brasil","LATITUDE":-23.6149177,"LONGITUDE":-46.5754454,"PRIMEIRA_PARTIDA":"São Caetano EC 1 x 4 Corinthians","DATA_PRIMEIRA_PARTIDA":"1928-06-24","ANO_PRIMEIRA_PARTIDA":1928,"ADVERSARIO":"São Caetano EC","PLACAR":"1 x 4","COMPETICAO_PRIMEIRA_PARTIDA":"Amistoso","MANDO_PRIMEIRA_PARTIDA":null,"TOTAL_JOGOS":1,"VITORIAS":0,"EMPATES":0,"DERROTAS":0,"APROVEITAMENTO_PCT":0.0,"GOLS_MARCADOS":0,"GOLS_SOFRIDOS":0,"ESTADIOS_COM_ESTREIA_NA_DECADA":26,"OBSERVACOES":"* Numeração exata não encontrada | Referência do possível local: https://www.asmilcamisas.com.br/2020/06/01/os-estadios-do-sao-caetano-esporte-clube/","FONTE_PRIMEIRA_PARTIDA":"https://www.asmilcamisas.com.br/2020/06/01/os-estadios-do-sao-caetano-esporte-clube/","DESCRICAO_ORIGINAL":"R. Paraíba, 698<br><br>* Numeração exata não encontrada<br><br>Referência do possível local: https://www.asmilcamisas.com.br/2020/06/01/os-estadios-do-sao-caetano-esporte-clube/<br><br>Primeira partida: seleção de santo andré 0 x 7 Corinthians","PAIS_ISO3":"BRA"},"geometry":{"type":"Point","coordinates":[-46.5754454,-23.6149177]}},{"type":"Feature","properties":{"ESTADIO":"Rua Paysandu","NOME_OFICIAL":"* Numeração exata não encontrada","CIDADE":"Rio de Janeiro","ESTADO":"Rio de Janeiro","PAIS":"Brasil","LATITUDE":-22.9350489,"LONGITUDE":-43.1785049,"PRIMEIRA_PARTIDA":"flamengo 1 x 2 Corinthians","DATA_PRIMEIRA_PARTIDA":"1918-12-01","ANO_PRIMEIRA_PARTIDA":1918,"ADVERSARIO":"flamengo","PLACAR":"1 x 2","COMPETICAO_PRIMEIRA_PARTIDA":"Amistoso","MANDO_PRIMEIRA_PARTIDA":"Visitante","TOTAL_JOGOS":6,"VITORIAS":2,"EMPATES":0,"DERROTAS":4,"APROVEITAMENTO_PCT":33.3,"GOLS_MARCADOS":6,"GOLS_SOFRIDOS":8,"ESTADIOS_COM_ESTREIA_NA_DECADA":28,"OBSERVACOES":null,"FONTE_PRIMEIRA_PARTIDA":"Meu Timão / Acervo ATLAS1910","DESCRICAO_ORIGINAL":"* Numeração exata não encontrada<br><br>Primeira partida: flamengo 1 x 2 Corinthians 01/12/1918 - Amistoso","FONTE_COORDENADAS":"OpenStreetMap Nominatim (geocodificação reversa)","URL_FONTE_COORDENADAS":"https://www.openstreetmap.org/relation/2697338","ATRIBUICAO_COORDENADAS":"© OpenStreetMap contributors, ODbL 1.0","CAPACIDADE":"15000","CAPACIDADE_FONTE":"Meu Timão","URL_FONTE_CAPACIDADE":"https://www.meutimao.com.br/estadio/rua_paysandu/","PAIS_ISO3":"BRA"},"geometry":{"type":"Point","coordinates":[-43.1785049,-22.9350489]}},{"type":"Feature","properties":{"ESTADIO":"Rua Regente Feijó (Roberto Gomes Pedrosa)","NOME_OFICIAL":"R. Reg. Feijó, 823, atualmente o local abriga um hipermercado https://pt.wikipedia.org/wiki/Est%C3%A1dio_Roberto_Gomes_Pedrosa","CIDADE":"Piracicaba","ESTADO":"SP","PAIS":"Brasil","LATITUDE":-22.7207685,"LONGITUDE":-47.6462089,"PRIMEIRA_PARTIDA":"xv de piracicaba 2 x 2 Corinthians","DATA_PRIMEIRA_PARTIDA":"1949-11-06","ANO_PRIMEIRA_PARTIDA":1949,"ADVERSARIO":"xv de piracicaba","PLACAR":"2 x 2","COMPETICAO_PRIMEIRA_PARTIDA":"Paulista","MANDO_PRIMEIRA_PARTIDA":"Visitante","TOTAL_JOGOS":51,"VITORIAS":18,"EMPATES":18,"DERROTAS":15,"APROVEITAMENTO_PCT":47.1,"GOLS_MARCADOS":99,"GOLS_SOFRIDOS":87,"ESTADIOS_COM_ESTREIA_NA_DECADA":48,"OBSERVACOES":null,"FONTE_PRIMEIRA_PARTIDA":"https://pt.wikipedia.org/wiki/Est%C3%A1dio_Roberto_Gomes_Pedrosa","DESCRICAO_ORIGINAL":"R. Reg. Feijó, 823, atualmente o local abriga um hipermercado https://pt.wikipedia.org/wiki/Est%C3%A1dio_Roberto_Gomes_Pedrosa<br><br>Primeira partida: xv de piracicaba 2 x 2 Corinthians 06/11/1949 - Paulista","PAIS_ISO3":"BRA"},"geometry":{"type":"Point","coordinates":[-47.6462089,-22.7207685]}},{"type":"Feature","properties":{"ESTADIO":"Rua São Jorge (Campo do Lusitano e Comercial)","NOME_OFICIAL":"* Não encontrei o número exato, tudo indica ser a rua são jorge proxima ao Corinthians, a rua é de 1917 https://dicionarioderuas.prefeitura.sp.gov.br/logradouro/rua-sao-jorge","CIDADE":"São Paulo","ESTADO":"SP","PAIS":"Brasil","LATITUDE":-23.5308042,"LONGITUDE":-46.5652656,"PRIMEIRA_PARTIDA":"Lusitano 0 x 3 Corinthians","DATA_PRIMEIRA_PARTIDA":"1917-08-12","ANO_PRIMEIRA_PARTIDA":1917,"ADVERSARIO":"Lusitano","PLACAR":"0 x 3","COMPETICAO_PRIMEIRA_PARTIDA":"Amistoso","MANDO_PRIMEIRA_PARTIDA":null,"TOTAL_JOGOS":1,"VITORIAS":0,"EMPATES":0,"DERROTAS":0,"APROVEITAMENTO_PCT":0.0,"GOLS_MARCADOS":0,"GOLS_SOFRIDOS":0,"ESTADIOS_COM_ESTREIA_NA_DECADA":28,"OBSERVACOES":"O Campo era do lusitano e  depois se fundiu ao comercial | Pa","FONTE_PRIMEIRA_PARTIDA":"https://dicionarioderuas.prefeitura.sp.gov.br/logradouro/rua-sao-jorge","DESCRICAO_ORIGINAL":"* Não encontrei o número exato, tudo indica ser a rua são jorge proxima ao Corinthians, a rua é de 1917 https://dicionarioderuas.prefeitura.sp.gov.br/logradouro/rua-sao-jorge<br><br>O Campo era do lusitano e  depois se fundiu ao comercial<br><br>Pa","PAIS_ISO3":"BRA"},"geometry":{"type":"Point","coordinates":[-46.5652656,-23.5308042]}},{"type":"Feature","properties":{"ESTADIO":"Rua Tabor","NOME_OFICIAL":"* Numeração exata não identificada, campo do Silex","CIDADE":"São Paulo","ESTADO":"São Paulo","PAIS":"Brasil","LATITUDE":-23.5770946,"LONGITUDE":-46.6072972,"PRIMEIRA_PARTIDA":"sirio 1 x 5 Corinthians","DATA_PRIMEIRA_PARTIDA":"1926-03-28","ANO_PRIMEIRA_PARTIDA":1926,"ADVERSARIO":"sirio","PLACAR":"1 x 5","COMPETICAO_PRIMEIRA_PARTIDA":"Amistoso Taça Apea","MANDO_PRIMEIRA_PARTIDA":"Visitante","TOTAL_JOGOS":6,"VITORIAS":4,"EMPATES":2,"DERROTAS":0,"APROVEITAMENTO_PCT":77.8,"GOLS_MARCADOS":24,"GOLS_SOFRIDOS":10,"ESTADIOS_COM_ESTREIA_NA_DECADA":26,"OBSERVACOES":null,"FONTE_PRIMEIRA_PARTIDA":"Meu Timão / Acervo ATLAS1910","DESCRICAO_ORIGINAL":"* Numeração exata não identificada, campo do Silex<br><br>Primeira partida: sirio 1 x 5 Corinthians 28/03/1926 - Amistoso Taça Apea","FONTE_COORDENADAS":"OpenStreetMap Nominatim (geocodificação reversa)","URL_FONTE_COORDENADAS":"https://www.openstreetmap.org/relation/298285","ATRIBUICAO_COORDENADAS":"© OpenStreetMap contributors, ODbL 1.0","CAPACIDADE":"1000","CAPACIDADE_FONTE":"Meu Timão","URL_FONTE_CAPACIDADE":"https://www.meutimao.com.br/estadio/rua_tabor/","PAIS_ISO3":"BRA"},"geometry":{"type":"Point","coordinates":[-46.6072972,-23.5770946]}},{"type":"Feature","properties":{"ESTADIO":"Rua Tibiriçá","NOME_OFICIAL":"Atual = Recra - Sociedade Recreativa e de Esportes de Ribeirão Preto https://pt.wikipedia.org/wiki/Est%C3%A1dio_da_Rua_Tibiri%C3%A7%C3%A1","CIDADE":"Ribeirão Preto","ESTADO":"São Paulo","PAIS":"Brasil","LATITUDE":-21.1817073,"LONGITUDE":-47.8137741,"PRIMEIRA_PARTIDA":"comercial 1 x 0 Corinthians","DATA_PRIMEIRA_PARTIDA":"1918-06-09","ANO_PRIMEIRA_PARTIDA":1918,"ADVERSARIO":"comercial","PLACAR":"1 x 0","COMPETICAO_PRIMEIRA_PARTIDA":"Amistoso Taça Clark","MANDO_PRIMEIRA_PARTIDA":"Visitante","TOTAL_JOGOS":3,"VITORIAS":1,"EMPATES":0,"DERROTAS":2,"APROVEITAMENTO_PCT":33.3,"GOLS_MARCADOS":4,"GOLS_SOFRIDOS":4,"ESTADIOS_COM_ESTREIA_NA_DECADA":28,"OBSERVACOES":null,"FONTE_PRIMEIRA_PARTIDA":"https://pt.wikipedia.org/wiki/Est%C3%A1dio_da_Rua_Tibiri%C3%A7%C3%A1","DESCRICAO_ORIGINAL":"Atual = Recra - Sociedade Recreativa e de Esportes de Ribeirão Preto https://pt.wikipedia.org/wiki/Est%C3%A1dio_da_Rua_Tibiri%C3%A7%C3%A1<br><br>Primeira partida: comercial 1 x 0 Corinthians 09/06/1918 - Amistoso Taça Clark","FONTE_COORDENADAS":"OpenStreetMap Nominatim (geocodificação reversa)","URL_FONTE_COORDENADAS":"https://www.openstreetmap.org/relation/298156","ATRIBUICAO_COORDENADAS":"© OpenStreetMap contributors, ODbL 1.0","PAIS_ISO3":"BRA"},"geometry":{"type":"Point","coordinates":[-47.8137741,-21.1817073]}},{"type":"Feature","properties":{"ESTADIO":"Arnoldo Bulle (Rua Valim)","NOME_OFICIAL":"* Por algum motivo, ao procurar no google por Arnoldo Bulle somos direcionados para a rua de tras, porém o estádio Arnoldo Bulle foi construido no antigo campo da Rua Valim.","CIDADE":"Bebedouro","ESTADO":"São Paulo","PAIS":"Brasil","LATITUDE":-20.9528571,"LONGITUDE":-48.4845881,"PRIMEIRA_PARTIDA":"INTERNACIONAL DE BEBEDOURO 3x3 CORINTHIANS","DATA_PRIMEIRA_PARTIDA":"1941-10-26","ANO_PRIMEIRA_PARTIDA":1941,"ADVERSARIO":"INTERNACIONAL DE BEBEDOURO","PLACAR":"3x3","COMPETICAO_PRIMEIRA_PARTIDA":"Amistosos 1941","MANDO_PRIMEIRA_PARTIDA":"Visitante","TOTAL_JOGOS":7,"VITORIAS":4,"EMPATES":2,"DERROTAS":1,"APROVEITAMENTO_PCT":66.7,"GOLS_MARCADOS":22,"GOLS_SOFRIDOS":17,"ESTADIOS_COM_ESTREIA_NA_DECADA":48,"OBSERVACOES":null,"FONTE_PRIMEIRA_PARTIDA":"https://www.meutimao.com.br/jogo/6290/amistosos-1941/amistoso/internacional_de_bebedouro-3-x-3-corinthians","DESCRICAO_ORIGINAL":"* Por algum motivo, ao procurar no google por Arnoldo Bulle somos direcionados para a rua de tras, porém o estádio Arnoldo Bulle foi construido no antigo campo da Rua Valim.<br><br>Primeira partida: internacional de bebedouro 3 x 3 Corinthians 26/10/19","FONTE_COORDENADAS":"OpenStreetMap Nominatim (geocodificação reversa)","URL_FONTE_COORDENADAS":"https://www.openstreetmap.org/relation/298041","ATRIBUICAO_COORDENADAS":"© OpenStreetMap contributors, ODbL 1.0","PAIS_ISO3":"BRA"},"geometry":{"type":"Point","coordinates":[-48.4845881,-20.9528571]}},{"type":"Feature","properties":{"ESTADIO":"Rua da Mooca","NOME_OFICIAL":"Estádio Antônio Alonso","CIDADE":"São Paulo","ESTADO":"São Paulo","PAIS":"Brasil","LATITUDE":-23.5554007,"LONGITUDE":-46.6012186,"PRIMEIRA_PARTIDA":"antartica 2 x 4 Corinthians","DATA_PRIMEIRA_PARTIDA":"1927-05-29","ANO_PRIMEIRA_PARTIDA":1927,"ADVERSARIO":"antartica","PLACAR":"2 x 4","COMPETICAO_PRIMEIRA_PARTIDA":"Paulista","MANDO_PRIMEIRA_PARTIDA":"Visitante","TOTAL_JOGOS":22,"VITORIAS":14,"EMPATES":6,"DERROTAS":2,"APROVEITAMENTO_PCT":72.7,"GOLS_MARCADOS":62,"GOLS_SOFRIDOS":30,"ESTADIOS_COM_ESTREIA_NA_DECADA":26,"OBSERVACOES":"* Numeração exata não encontrada","FONTE_PRIMEIRA_PARTIDA":"Meu Timão / Acervo ATLAS1910","DESCRICAO_ORIGINAL":"Estádio Antônio Alonso<br><br>* Numeração exata não encontrada<br><br>Primeira partida: antartica 2 x 4 Corinthians 29/05/1927 - Paulista","FONTE_COORDENADAS":"OpenStreetMap Nominatim (geocodificação reversa)","URL_FONTE_COORDENADAS":"https://www.openstreetmap.org/relation/298285","ATRIBUICAO_COORDENADAS":"© OpenStreetMap contributors, ODbL 1.0","CAPACIDADE":"5000","CAPACIDADE_FONTE":"Meu Timão","URL_FONTE_CAPACIDADE":"https://www.meutimao.com.br/estadio/rua_da_mooca/","PAIS_ISO3":"BRA"},"geometry":{"type":"Point","coordinates":[-46.6012186,-23.5554007]}},{"type":"Feature","properties":{"ESTADIO":"Rua do Conselho","NOME_OFICIAL":"Atual Rua Prudente de Moraes https://g1.globo.com/sp/piracicaba-regiao/piracicaba-250-anos/noticia/ruas-do-centro-de-piracicaba-contam-historia-do-brasil-diz-pesquisador-veja-nomes-curiosos.ghtml","CIDADE":"Piracicaba","ESTADO":"São Paulo","PAIS":"Brasil","LATITUDE":-22.7235027,"LONGITUDE":-47.6484682,"PRIMEIRA_PARTIDA":"XV DE PIRACICABA 0x1 CORINTHIANS","DATA_PRIMEIRA_PARTIDA":"1920-02-29","ANO_PRIMEIRA_PARTIDA":1920,"ADVERSARIO":"XV DE PIRACICABA","PLACAR":"0x1","COMPETICAO_PRIMEIRA_PARTIDA":"Amistosos 1920","MANDO_PRIMEIRA_PARTIDA":"Visitante","TOTAL_JOGOS":2,"VITORIAS":2,"EMPATES":0,"DERROTAS":0,"APROVEITAMENTO_PCT":100.0,"GOLS_MARCADOS":2,"GOLS_SOFRIDOS":0,"ESTADIOS_COM_ESTREIA_NA_DECADA":26,"OBSERVACOES":"* Numeração exata não encontrada | Primeir","FONTE_PRIMEIRA_PARTIDA":"https://www.meutimao.com.br/jogo/6892/amistosos-1920/amistoso/xv_de_piracicaba-0-x-1-corinthians","DESCRICAO_ORIGINAL":"Atual Rua Prudente de Moraes https://g1.globo.com/sp/piracicaba-regiao/piracicaba-250-anos/noticia/ruas-do-centro-de-piracicaba-contam-historia-do-brasil-diz-pesquisador-veja-nomes-curiosos.ghtml<br><br>* Numeração exata não encontrada<br><br>Primeir","FONTE_COORDENADAS":"OpenStreetMap Nominatim (geocodificação reversa)","URL_FONTE_COORDENADAS":"https://www.openstreetmap.org/relation/298413","ATRIBUICAO_COORDENADAS":"© OpenStreetMap contributors, ODbL 1.0","CAPACIDADE":"5000","CAPACIDADE_FONTE":"Meu Timão","URL_FONTE_CAPACIDADE":"https://www.meutimao.com.br/estadio/rua_do_conselho/","PAIS_ISO3":"BRA"},"geometry":{"type":"Point","coordinates":[-47.6484682,-22.7235027]}},{"type":"Feature","properties":{"ESTADIO":"Professor Nami Jafet","NOME_OFICIAL":"Nos primeiros jogos a entrada era pela rua dos Ituanos, posteriormente foi para a rua dos Sorocabanos e a partir de 1940 com o nome Professor Nami Jafet. Deduzo que todos esses jogos dizem respeito ao mesmo campo.","CIDADE":"São Paulo","ESTADO":"São Paulo","PAIS":"Brasil","LATITUDE":-23.5811811,"LONGITUDE":-46.6079546,"PRIMEIRA_PARTIDA":"YPIRANGA 2x3 CORINTHIANS","DATA_PRIMEIRA_PARTIDA":"1933-05-28","ANO_PRIMEIRA_PARTIDA":1933,"ADVERSARIO":"YPIRANGA","PLACAR":"2x3","COMPETICAO_PRIMEIRA_PARTIDA":"Paulista 1933","MANDO_PRIMEIRA_PARTIDA":"Visitante","TOTAL_JOGOS":3,"VITORIAS":2,"EMPATES":1,"DERROTAS":0,"APROVEITAMENTO_PCT":77.8,"GOLS_MARCADOS":7,"GOLS_SOFRIDOS":4,"ESTADIOS_COM_ESTREIA_NA_DECADA":19,"OBSERVACOES":"Rua dos Ituanos/Rua dos sorocab","FONTE_PRIMEIRA_PARTIDA":"https://www.meutimao.com.br/jogo/6554/paulista-1933/ypiranga-2-x-3-corinthians","DESCRICAO_ORIGINAL":"Nos primeiros jogos a entrada era pela rua dos Ituanos, posteriormente foi para a rua dos Sorocabanos e a partir de 1940 com o nome Professor Nami Jafet. Deduzo que todos esses jogos dizem respeito ao mesmo campo. <br><br>Rua dos Ituanos/Rua dos sorocab","FONTE_COORDENADAS":"OpenStreetMap Nominatim (geocodificação reversa)","URL_FONTE_COORDENADAS":"https://www.openstreetmap.org/relation/298285","ATRIBUICAO_COORDENADAS":"© OpenStreetMap contributors, ODbL 1.0","PAIS_ISO3":"BRA"},"geometry":{"type":"Point","coordinates":[-46.6079546,-23.5811811]}},{"type":"Feature","properties":{"ESTADIO":"San Carlos de Apoquindo","NOME_OFICIAL":"Estádio San Carlos de Apoquindo","CIDADE":"Santiago","ESTADO":"Região Metropolitana de Santiago","PAIS":"Chile","LATITUDE":-33.3960344,"LONGITUDE":-70.5005397,"PRIMEIRA_PARTIDA":"universidad católica 2 x 3 Corinthians","DATA_PRIMEIRA_PARTIDA":"1996-03-19","ANO_PRIMEIRA_PARTIDA":1996,"ADVERSARIO":"universidad católica","PLACAR":"2 x 3","COMPETICAO_PRIMEIRA_PARTIDA":"Libertadores","MANDO_PRIMEIRA_PARTIDA":"Visitante","TOTAL_JOGOS":3,"VITORIAS":2,"EMPATES":0,"DERROTAS":1,"APROVEITAMENTO_PCT":66.7,"GOLS_MARCADOS":7,"GOLS_SOFRIDOS":6,"ESTADIOS_COM_ESTREIA_NA_DECADA":35,"OBSERVACOES":null,"FONTE_PRIMEIRA_PARTIDA":"Meu Timão / Acervo ATLAS1910","DESCRICAO_ORIGINAL":"Estádio San Carlos de Apoquindo<br><br>Primeira partida: universidad católica 2 x 3 Corinthians 19/03/1996 - Libertadores","FONTE_COORDENADAS":"OpenStreetMap Nominatim (geocodificação reversa)","URL_FONTE_COORDENADAS":"https://www.openstreetmap.org/relation/162991","ATRIBUICAO_COORDENADAS":"© OpenStreetMap contributors, ODbL 1.0","PAIS_ISO3":"CHL","FONTE_CORRECAO_PAIS":"https://data.geocode.earth/wof/dist/legacy/whosonfirst-data-country-latest.tar.bz2"},"geometry":{"type":"Point","coordinates":[-70.5005397,-33.3960344]}},{"type":"Feature","properties":{"ESTADIO":"San Siro","NOME_OFICIAL":"Estádio Giuseppe Meazza","CIDADE":"Milão","ESTADO":"Lombardy","PAIS":"Italy","LATITUDE":45.4781236,"LONGITUDE":9.123962,"PRIMEIRA_PARTIDA":"internazionale 1 x 3 Corinthians","DATA_PRIMEIRA_PARTIDA":"1966-05-29","ANO_PRIMEIRA_PARTIDA":1966,"ADVERSARIO":"internazionale","PLACAR":"1 x 3","COMPETICAO_PRIMEIRA_PARTIDA":"Copa cidade de Turim","MANDO_PRIMEIRA_PARTIDA":"Visitante","TOTAL_JOGOS":2,"VITORIAS":2,"EMPATES":0,"DERROTAS":0,"APROVEITAMENTO_PCT":100.0,"GOLS_MARCADOS":6,"GOLS_SOFRIDOS":2,"ESTADIOS_COM_ESTREIA_NA_DECADA":56,"OBSERVACOES":null,"FONTE_PRIMEIRA_PARTIDA":"Meu Timão / Acervo ATLAS1910","DESCRICAO_ORIGINAL":"Estádio Giuseppe Meazza<br><br>Primeira partida: internazionale 1 x 3 Corinthians 29/05/1966 - Copa cidade de Turim","FONTE_COORDENADAS":"OpenStreetMap Nominatim (geocodificação reversa)","URL_FONTE_COORDENADAS":"https://www.openstreetmap.org/relation/44915","ATRIBUICAO_COORDENADAS":"© OpenStreetMap contributors, ODbL 1.0","CAPACIDADE":"80018","CAPACIDADE_FONTE":"Meu Timão","URL_FONTE_CAPACIDADE":"https://www.meutimao.com.br/estadio/san_siro/","PAIS_ISO3":"ITA","FONTE_CORRECAO_PAIS":"https://data.geocode.earth/wof/dist/legacy/whosonfirst-data-country-latest.tar.bz2"},"geometry":{"type":"Point","coordinates":[9.123962,45.4781236]}},{"type":"Feature","properties":{"ESTADIO":"Santa Cruz","NOME_OFICIAL":"Estádio Santa Cruz - Botafogo FC Eurobike","CIDADE":"Ribeirão Preto","ESTADO":"São Paulo","PAIS":"Brasil","LATITUDE":-21.2021264,"LONGITUDE":-47.7901447,"PRIMEIRA_PARTIDA":"botafogo 1 x 0 Corinthians","DATA_PRIMEIRA_PARTIDA":"1968-05-19","ANO_PRIMEIRA_PARTIDA":1968,"ADVERSARIO":"botafogo","PLACAR":"1 x 0","COMPETICAO_PRIMEIRA_PARTIDA":"Paulista","MANDO_PRIMEIRA_PARTIDA":"Visitante","TOTAL_JOGOS":98,"VITORIAS":38,"EMPATES":42,"DERROTAS":18,"APROVEITAMENTO_PCT":53.1,"GOLS_MARCADOS":146,"GOLS_SOFRIDOS":92,"ESTADIOS_COM_ESTREIA_NA_DECADA":56,"OBSERVACOES":null,"FONTE_PRIMEIRA_PARTIDA":"Meu Timão / Acervo ATLAS1910","DESCRICAO_ORIGINAL":"Estádio Santa Cruz - Botafogo FC Eurobike<br><br>Primeira partida: botafogo 1 x 0 Corinthians 19/05/1968 - Paulista","FONTE_COORDENADAS":"OpenStreetMap Nominatim (geocodificação reversa)","URL_FONTE_COORDENADAS":"https://www.openstreetmap.org/relation/298156","ATRIBUICAO_COORDENADAS":"© OpenStreetMap contributors, ODbL 1.0","CAPACIDADE":"29521","CAPACIDADE_FONTE":"Meu Timão","URL_FONTE_CAPACIDADE":"https://www.meutimao.com.br/estadio/santa_cruz/","PAIS_ISO3":"BRA"},"geometry":{"type":"Point","coordinates":[-47.7901447,-21.2021264]}},{"type":"Feature","properties":{"ESTADIO":"Santa Teresa","NOME_OFICIAL":"Santa Tereza I","CIDADE":"Barbacena","ESTADO":"Minas Gerais","PAIS":"Brasil","LATITUDE":-21.2297233,"LONGITUDE":-43.7824734,"PRIMEIRA_PARTIDA":"OLYMPIC CLUB 2x4 CORINTHIANS","DATA_PRIMEIRA_PARTIDA":"1957-03-09","ANO_PRIMEIRA_PARTIDA":1957,"ADVERSARIO":"OLYMPIC CLUB","PLACAR":"2x4","COMPETICAO_PRIMEIRA_PARTIDA":"Amistosos 1957","MANDO_PRIMEIRA_PARTIDA":"Visitante","TOTAL_JOGOS":1,"VITORIAS":1,"EMPATES":0,"DERROTAS":0,"APROVEITAMENTO_PCT":100.0,"GOLS_MARCADOS":4,"GOLS_SOFRIDOS":2,"ESTADIOS_COM_ESTREIA_NA_DECADA":72,"OBSERVACOES":"* Localização exata não confirmada, aparentemente o campo ainda existe e existiam projetos de revitalização, como encontrado no site da prefeitura http://barbacena.mg.gov.br/2/noticias/?id=5340","FONTE_PRIMEIRA_PARTIDA":"https://www.meutimao.com.br/jogo/5342/amistosos-1957/amistoso/olympic_club-2-x-4-corinthians","DESCRICAO_ORIGINAL":"Santa Tereza I<br><br>* Localização exata não confirmada, aparentemente o campo ainda existe e existiam projetos de revitalização, como encontrado no site da prefeitura http://barbacena.mg.gov.br/2/noticias/?id=5340<br><br>Primeira partida: olimpic","FONTE_COORDENADAS":"OpenStreetMap Nominatim (geocodificação reversa)","URL_FONTE_COORDENADAS":"https://www.openstreetmap.org/relation/314887","ATRIBUICAO_COORDENADAS":"© OpenStreetMap contributors, ODbL 1.0","PAIS_ISO3":"BRA"},"geometry":{"type":"Point","coordinates":[-43.7824734,-21.2297233]}},{"type":"Feature","properties":{"ESTADIO":"Saturn Stadium","NOME_OFICIAL":null,"CIDADE":"Ramenskoie","ESTADO":"Oblast de Moscou","PAIS":"Russia","LATITUDE":55.5774164,"LONGITUDE":38.2262203,"PRIMEIRA_PARTIDA":"saturn ren tv 1 x 0 Corinthians","DATA_PRIMEIRA_PARTIDA":"2003-09-07","ANO_PRIMEIRA_PARTIDA":2003,"ADVERSARIO":"saturn ren tv","PLACAR":"1 x 0","COMPETICAO_PRIMEIRA_PARTIDA":"Amistoso","MANDO_PRIMEIRA_PARTIDA":"Visitante","TOTAL_JOGOS":2,"VITORIAS":0,"EMPATES":0,"DERROTAS":2,"APROVEITAMENTO_PCT":0.0,"GOLS_MARCADOS":0,"GOLS_SOFRIDOS":2,"ESTADIOS_COM_ESTREIA_NA_DECADA":21,"OBSERVACOES":null,"FONTE_PRIMEIRA_PARTIDA":"Meu Timão / Acervo ATLAS1910","DESCRICAO_ORIGINAL":"Primeira partida: saturn ren tv 1 x 0 Corinthians 07/09/2003 - Amistoso","FONTE_COORDENADAS":"OpenStreetMap Nominatim (geocodificação reversa)","URL_FONTE_COORDENADAS":"https://www.openstreetmap.org/relation/3485815","ATRIBUICAO_COORDENADAS":"© OpenStreetMap contributors, ODbL 1.0","CAPACIDADE":"16500","CAPACIDADE_FONTE":"Meu Timão","URL_FONTE_CAPACIDADE":"https://www.meutimao.com.br/estadio/saturn_stadium/","PAIS_ISO3":"RUS","FONTE_CORRECAO_PAIS":"https://data.geocode.earth/wof/dist/legacy/whosonfirst-data-country-latest.tar.bz2"},"geometry":{"type":"Point","coordinates":[38.2262203,55.5774164]}},{"type":"Feature","properties":{"ESTADIO":"Sclessin","NOME_OFICIAL":"Estádio de Sclessin","CIDADE":"Liège","ESTADO":"Liège","PAIS":"Belgium","LATITUDE":50.6098975,"LONGITUDE":5.5441133,"PRIMEIRA_PARTIDA":"standard liége 2 x 2 Corinthians","DATA_PRIMEIRA_PARTIDA":"1970-05-02","ANO_PRIMEIRA_PARTIDA":1970,"ADVERSARIO":"standard liége","PLACAR":"2 x 2","COMPETICAO_PRIMEIRA_PARTIDA":"Amistoso","MANDO_PRIMEIRA_PARTIDA":"Visitante","TOTAL_JOGOS":1,"VITORIAS":0,"EMPATES":1,"DERROTAS":0,"APROVEITAMENTO_PCT":33.3,"GOLS_MARCADOS":2,"GOLS_SOFRIDOS":2,"ESTADIOS_COM_ESTREIA_NA_DECADA":44,"OBSERVACOES":null,"FONTE_PRIMEIRA_PARTIDA":"Meu Timão / Acervo ATLAS1910","DESCRICAO_ORIGINAL":"Estádio de Sclessin<br><br>Primeira partida: standard liége 2 x 2 Corinthians 02/05/1970 - Amistoso","FONTE_COORDENADAS":"OpenStreetMap Nominatim (geocodificação reversa)","URL_FONTE_COORDENADAS":"https://www.openstreetmap.org/relation/19672082","ATRIBUICAO_COORDENADAS":"© OpenStreetMap contributors, ODbL 1.0","CAPACIDADE":"27670","CAPACIDADE_FONTE":"StadiumDB.com","URL_FONTE_CAPACIDADE":"https://stadiumdb.com/stadiums/bel/stade_de_sclessin","PAIS_ISO3":"BEL","FONTE_CORRECAO_PAIS":"https://data.geocode.earth/wof/dist/legacy/whosonfirst-data-country-latest.tar.bz2"},"geometry":{"type":"Point","coordinates":[5.5441133,50.6098975]}},{"type":"Feature","properties":{"ESTADIO":"Senayan Utama","NOME_OFICIAL":"Estádio Gelora Bung Karno","CIDADE":"Jacarta","ESTADO":null,"PAIS":"Indonesia","LATITUDE":-6.2185701,"LONGITUDE":106.8017969,"PRIMEIRA_PARTIDA":"COMBINADO TUNAS E SELEÇÃO DE JACARTA 2x3 CORINTHIANS","DATA_PRIMEIRA_PARTIDA":"1984-01-26","ANO_PRIMEIRA_PARTIDA":1984,"ADVERSARIO":"COMBINADO TUNAS E SELEÇÃO DE JACARTA","PLACAR":"2x3","COMPETICAO_PRIMEIRA_PARTIDA":"Amistosos 1984","MANDO_PRIMEIRA_PARTIDA":"Visitante","TOTAL_JOGOS":1,"VITORIAS":1,"EMPATES":0,"DERROTAS":0,"APROVEITAMENTO_PCT":100.0,"GOLS_MARCADOS":3,"GOLS_SOFRIDOS":2,"ESTADIOS_COM_ESTREIA_NA_DECADA":37,"OBSERVACOES":"* Senayan Utama é o nome presente no almanaque do timão, mas não encontrei com esse nome, tudo indica ser o Gelora Bung Karno, construído em 1960","FONTE_PRIMEIRA_PARTIDA":"https://www.meutimao.com.br/jogo/3268/amistosos-1984/amistoso/combinado_tunas_e_selecao_de_jacarta-2-x-3-corinthians","DESCRICAO_ORIGINAL":"Estádio Gelora Bung Karno<br><br>* Senayan Utama é o nome presente no almanaque do timão, mas não encontrei com esse nome, tudo indica ser o Gelora Bung Karno, construído em 1960<br><br>Primeira partida: combinado tunas indi/seleção de jacarta 2 x","FONTE_COORDENADAS":"OpenStreetMap Nominatim (geocodificação reversa)","URL_FONTE_COORDENADAS":"https://www.openstreetmap.org/relation/5802334","ATRIBUICAO_COORDENADAS":"© OpenStreetMap contributors, ODbL 1.0","CAPACIDADE":"77193","CAPACIDADE_FONTE":"Meu Timão","URL_FONTE_CAPACIDADE":"https://www.meutimao.com.br/estadio/estadio_gelora_bung_karno/","PAIS_ISO3":"IDN","FONTE_CORRECAO_PAIS":"https://data.geocode.earth/wof/dist/legacy/whosonfirst-data-country-latest.tar.bz2"},"geometry":{"type":"Point","coordinates":[106.8017969,-6.2185701]}},{"type":"Feature","properties":{"ESTADIO":"Elmo Serejo (Serejão/Boca do Jacaré)","NOME_OFICIAL":"Estádio Elmo Serejo Farias - Serejão","CIDADE":"Taguatinga","ESTADO":"Distrito Federal","PAIS":"Brasil","LATITUDE":-15.8361382,"LONGITUDE":-48.0806217,"PRIMEIRA_PARTIDA":"flamengo 2 x 0 Corinthians","DATA_PRIMEIRA_PARTIDA":"1979-03-16","ANO_PRIMEIRA_PARTIDA":1979,"ADVERSARIO":"flamengo","PLACAR":"2 x 0","COMPETICAO_PRIMEIRA_PARTIDA":"Amistoso","MANDO_PRIMEIRA_PARTIDA":"Visitante","TOTAL_JOGOS":7,"VITORIAS":4,"EMPATES":2,"DERROTAS":1,"APROVEITAMENTO_PCT":66.7,"GOLS_MARCADOS":12,"GOLS_SOFRIDOS":7,"ESTADIOS_COM_ESTREIA_NA_DECADA":44,"OBSERVACOES":null,"FONTE_PRIMEIRA_PARTIDA":"Meu Timão / Acervo ATLAS1910","DESCRICAO_ORIGINAL":"Estádio Elmo Serejo Farias - Serejão<br><br>Primeira partida: flamengo 2 x 0 Corinthians 16/03/1979 - Amistoso","FONTE_COORDENADAS":"OpenStreetMap Nominatim (geocodificação reversa)","URL_FONTE_COORDENADAS":"https://www.openstreetmap.org/relation/3359490","ATRIBUICAO_COORDENADAS":"© OpenStreetMap contributors, ODbL 1.0","PAIS_ISO3":"BRA"},"geometry":{"type":"Point","coordinates":[-48.0806217,-15.8361382]}},{"type":"Feature","properties":{"ESTADIO":"Serra Dourada","NOME_OFICIAL":"Estádio Serra Dourada","CIDADE":"Goiânia","ESTADO":"Goiás","PAIS":"Brasil","LATITUDE":-16.6990618,"LONGITUDE":-49.2341521,"PRIMEIRA_PARTIDA":"goiás 0 x 0 Corinthians","DATA_PRIMEIRA_PARTIDA":"1978-04-02","ANO_PRIMEIRA_PARTIDA":1978,"ADVERSARIO":"goiás","PLACAR":"0 x 0","COMPETICAO_PRIMEIRA_PARTIDA":"Brasileiro","MANDO_PRIMEIRA_PARTIDA":"Visitante","TOTAL_JOGOS":68,"VITORIAS":20,"EMPATES":26,"DERROTAS":22,"APROVEITAMENTO_PCT":42.2,"GOLS_MARCADOS":88,"GOLS_SOFRIDOS":84,"ESTADIOS_COM_ESTREIA_NA_DECADA":44,"OBSERVACOES":null,"FONTE_PRIMEIRA_PARTIDA":"Meu Timão / Acervo ATLAS1910","DESCRICAO_ORIGINAL":"Estádio Serra Dourada<br><br>Primeira partida: goiás 0 x 0 Corinthians 02/04/1978 - Brasileiro","FONTE_COORDENADAS":"OpenStreetMap Nominatim (geocodificação reversa)","URL_FONTE_COORDENADAS":"https://www.openstreetmap.org/relation/334547","ATRIBUICAO_COORDENADAS":"© OpenStreetMap contributors, ODbL 1.0","CAPACIDADE":"50049","CAPACIDADE_FONTE":"StadiumDB.com","URL_FONTE_CAPACIDADE":"https://stadiumdb.com/stadiums/bra/estadio_serra_dourada","PAIS_ISO3":"BRA"},"geometry":{"type":"Point","coordinates":[-49.2341521,-16.6990618]}},{"type":"Feature","properties":{"ESTADIO":"Severiano Gomes","NOME_OFICIAL":"Estádio Severiano Gomes Filho https://pt.wikipedia.org/wiki/Est%C3%A1dio_Severiano_Gomes_Filho","CIDADE":"Maceió","ESTADO":"Alagoas","PAIS":"Brasil","LATITUDE":-9.6687968,"LONGITUDE":-35.7182112,"PRIMEIRA_PARTIDA":"crb 1 x 3 Corinthians","DATA_PRIMEIRA_PARTIDA":"1965-01-24","ANO_PRIMEIRA_PARTIDA":1965,"ADVERSARIO":"crb","PLACAR":"1 x 3","COMPETICAO_PRIMEIRA_PARTIDA":"Amistoso","MANDO_PRIMEIRA_PARTIDA":"Visitante","TOTAL_JOGOS":1,"VITORIAS":1,"EMPATES":0,"DERROTAS":0,"APROVEITAMENTO_PCT":100.0,"GOLS_MARCADOS":3,"GOLS_SOFRIDOS":1,"ESTADIOS_COM_ESTREIA_NA_DECADA":56,"OBSERVACOES":null,"FONTE_PRIMEIRA_PARTIDA":"https://pt.wikipedia.org/wiki/Est%C3%A1dio_Severiano_Gomes_Filho","DESCRICAO_ORIGINAL":"Estádio Severiano Gomes Filho https://pt.wikipedia.org/wiki/Est%C3%A1dio_Severiano_Gomes_Filho<br><br>Primeira partida: crb 1 x 3 Corinthians 24/01/1965 - Amistoso","FONTE_COORDENADAS":"OpenStreetMap Nominatim (geocodificação reversa)","URL_FONTE_COORDENADAS":"https://www.openstreetmap.org/relation/303815","ATRIBUICAO_COORDENADAS":"© OpenStreetMap contributors, ODbL 1.0","PAIS_ISO3":"BRA"},"geometry":{"type":"Point","coordinates":[-35.7182112,-9.6687968]}},{"type":"Feature","properties":{"ESTADIO":"Starling Soares","NOME_OFICIAL":"Estádio Municipal Starling Soares","CIDADE":"Passos","ESTADO":"Minas Gerais","PAIS":"Brasil","LATITUDE":-20.7277377,"LONGITUDE":-46.6040921,"PRIMEIRA_PARTIDA":"esportivo de passos 2 x 2 Corinthians","DATA_PRIMEIRA_PARTIDA":"1987-12-06","ANO_PRIMEIRA_PARTIDA":1987,"ADVERSARIO":"esportivo de passos","PLACAR":"2 x 2","COMPETICAO_PRIMEIRA_PARTIDA":"Amistoso","MANDO_PRIMEIRA_PARTIDA":"Visitante","TOTAL_JOGOS":2,"VITORIAS":0,"EMPATES":2,"DERROTAS":0,"APROVEITAMENTO_PCT":33.3,"GOLS_MARCADOS":4,"GOLS_SOFRIDOS":4,"ESTADIOS_COM_ESTREIA_NA_DECADA":37,"OBSERVACOES":null,"FONTE_PRIMEIRA_PARTIDA":"Meu Timão / Acervo ATLAS1910","DESCRICAO_ORIGINAL":"Estádio Municipal Starling Soares<br><br>Primeira partida: esportivo de passos 2 x 2 Corinthians 06/12/1987 - Amistoso","FONTE_COORDENADAS":"OpenStreetMap Nominatim (geocodificação reversa)","URL_FONTE_COORDENADAS":"https://www.openstreetmap.org/relation/315302","ATRIBUICAO_COORDENADAS":"© OpenStreetMap contributors, ODbL 1.0","CAPACIDADE":"12000","CAPACIDADE_FONTE":"Meu Timão","URL_FONTE_CAPACIDADE":"https://www.meutimao.com.br/estadio/starling_soares/","PAIS_ISO3":"BRA"},"geometry":{"type":"Point","coordinates":[-46.6040921,-20.7277377]}},{"type":"Feature","properties":{"ESTADIO":"Städtisches stadion an der grünwalder strasse","NOME_OFICIAL":null,"CIDADE":"Munique","ESTADO":"Baviera","PAIS":"Alemanha","LATITUDE":48.1109961,"LONGITUDE":11.5744736,"PRIMEIRA_PARTIDA":"bayern munique 2 x 3 Corinthians","DATA_PRIMEIRA_PARTIDA":"1959-05-24","ANO_PRIMEIRA_PARTIDA":1959,"ADVERSARIO":"bayern munique","PLACAR":"2 x 3","COMPETICAO_PRIMEIRA_PARTIDA":"Amistoso","MANDO_PRIMEIRA_PARTIDA":"Visitante","TOTAL_JOGOS":1,"VITORIAS":1,"EMPATES":0,"DERROTAS":0,"APROVEITAMENTO_PCT":100.0,"GOLS_MARCADOS":3,"GOLS_SOFRIDOS":2,"ESTADIOS_COM_ESTREIA_NA_DECADA":72,"OBSERVACOES":null,"FONTE_PRIMEIRA_PARTIDA":"Meu Timão / Acervo ATLAS1910","DESCRICAO_ORIGINAL":"Primeira partida: bayern munique 2 x 3 Corinthians 24/05/1959 - Amistoso","FONTE_COORDENADAS":"OpenStreetMap Nominatim (geocodificação reversa)","URL_FONTE_COORDENADAS":"https://www.openstreetmap.org/relation/62428","ATRIBUICAO_COORDENADAS":"© OpenStreetMap contributors, ODbL 1.0","PAIS_ISO3":"DEU"},"geometry":{"type":"Point","coordinates":[11.5744736,48.1109961]}},{"type":"Feature","properties":{"ESTADIO":"Suzanão","NOME_OFICIAL":"Estadio Municipal Francisco Marques Figueira - SUZANÃO","CIDADE":"Suzano","ESTADO":"São Paulo","PAIS":"Brasil","LATITUDE":-23.5540915,"LONGITUDE":-46.2982162,"PRIMEIRA_PARTIDA":"suzano 0 x 1 Corinthians","DATA_PRIMEIRA_PARTIDA":"1982-06-10","ANO_PRIMEIRA_PARTIDA":1982,"ADVERSARIO":"suzano","PLACAR":"0 x 1","COMPETICAO_PRIMEIRA_PARTIDA":"Amistoso","MANDO_PRIMEIRA_PARTIDA":"Visitante","TOTAL_JOGOS":2,"VITORIAS":2,"EMPATES":0,"DERROTAS":0,"APROVEITAMENTO_PCT":100.0,"GOLS_MARCADOS":2,"GOLS_SOFRIDOS":0,"ESTADIOS_COM_ESTREIA_NA_DECADA":37,"OBSERVACOES":null,"FONTE_PRIMEIRA_PARTIDA":"Meu Timão / Acervo ATLAS1910","DESCRICAO_ORIGINAL":"Estadio Municipal Francisco Marques Figueira - SUZANÃO<br><br>Primeira partida: suzano 0 x 1 Corinthians 10/06/1982 - Amistoso","FONTE_COORDENADAS":"OpenStreetMap Nominatim (geocodificação reversa)","URL_FONTE_COORDENADAS":"https://www.openstreetmap.org/relation/298085","ATRIBUICAO_COORDENADAS":"© OpenStreetMap contributors, ODbL 1.0","CAPACIDADE":"3445","CAPACIDADE_FONTE":"Meu Timão","URL_FONTE_CAPACIDADE":"https://www.meutimao.com.br/estadio/suzanao/","PAIS_ISO3":"BRA"},"geometry":{"type":"Point","coordinates":[-46.2982162,-23.5540915]}},{"type":"Feature","properties":{"ESTADIO":"São Januário","NOME_OFICIAL":"Estádio São Januário","CIDADE":"Rio de Janeiro","ESTADO":"Rio de Janeiro","PAIS":"Brasil","LATITUDE":-22.8911648,"LONGITUDE":-43.2280427,"PRIMEIRA_PARTIDA":"vasco 5 x 0 Corinthians","DATA_PRIMEIRA_PARTIDA":"1928-04-14","ANO_PRIMEIRA_PARTIDA":1928,"ADVERSARIO":"vasco","PLACAR":"5 x 0","COMPETICAO_PRIMEIRA_PARTIDA":"Amistoso","MANDO_PRIMEIRA_PARTIDA":"Visitante","TOTAL_JOGOS":74,"VITORIAS":30,"EMPATES":16,"DERROTAS":28,"APROVEITAMENTO_PCT":47.7,"GOLS_MARCADOS":110,"GOLS_SOFRIDOS":122,"ESTADIOS_COM_ESTREIA_NA_DECADA":26,"OBSERVACOES":null,"FONTE_PRIMEIRA_PARTIDA":"Meu Timão / Acervo ATLAS1910","DESCRICAO_ORIGINAL":"Estádio São Januário<br><br>Primeira partida: vasco 5 x 0 Corinthians 14/04/1928 - Amistoso","FONTE_COORDENADAS":"OpenStreetMap Nominatim (geocodificação reversa)","URL_FONTE_COORDENADAS":"https://www.openstreetmap.org/relation/2697338","ATRIBUICAO_COORDENADAS":"© OpenStreetMap contributors, ODbL 1.0","CAPACIDADE":"21880","CAPACIDADE_FONTE":"StadiumDB.com","URL_FONTE_CAPACIDADE":"https://stadiumdb.com/stadiums/bra/estadio_sao_januario","PAIS_ISO3":"BRA"},"geometry":{"type":"Point","coordinates":[-43.2280427,-22.8911648]}},{"type":"Feature","properties":{"ESTADIO":"Silvio Salles","NOME_OFICIAL":"Estádio Municipal Silvio Salles","CIDADE":"Catanduva","ESTADO":"São Paulo","PAIS":"Brasil","LATITUDE":-21.1526862,"LONGITUDE":-48.9759431,"PRIMEIRA_PARTIDA":"COMERCIAL DE CATANDUVA 0x5 CORINTHIANS","DATA_PRIMEIRA_PARTIDA":"1925-03-01","ANO_PRIMEIRA_PARTIDA":1925,"ADVERSARIO":"COMERCIAL DE CATANDUVA","PLACAR":"0x5","COMPETICAO_PRIMEIRA_PARTIDA":"Amistosos 1925","MANDO_PRIMEIRA_PARTIDA":"Visitante","TOTAL_JOGOS":14,"VITORIAS":8,"EMPATES":2,"DERROTAS":4,"APROVEITAMENTO_PCT":61.9,"GOLS_MARCADOS":36,"GOLS_SOFRIDOS":14,"ESTADIOS_COM_ESTREIA_NA_DECADA":26,"OBSERVACOES":null,"FONTE_PRIMEIRA_PARTIDA":"https://www.meutimao.com.br/jogo/6770/amistosos-1925/amistoso/comercial_de_catanduva-0-x-5-corinthians","DESCRICAO_ORIGINAL":"Estádio Municipal Silvio Salles<br><br>Primeira partida: grêmio catanduvense 2 x 1 Corinthians 09/04/1989 - Paulista","FONTE_COORDENADAS":"OpenStreetMap Nominatim (geocodificação reversa)","URL_FONTE_COORDENADAS":"https://www.openstreetmap.org/relation/298080","ATRIBUICAO_COORDENADAS":"© OpenStreetMap contributors, ODbL 1.0","CAPACIDADE":"10000","CAPACIDADE_FONTE":"Meu Timão","URL_FONTE_CAPACIDADE":"https://www.meutimao.com.br/estadio/silvio_salles/","PAIS_ISO3":"BRA"},"geometry":{"type":"Point","coordinates":[-48.9759431,-21.1526862]}},{"type":"Feature","properties":{"ESTADIO":"Taquarão","NOME_OFICIAL":"Estádio Dr. Adail Nunes da Silva","CIDADE":"Taquaritinga","ESTADO":"São Paulo","PAIS":"Brasil","LATITUDE":-21.4010401,"LONGITUDE":-48.4936051,"PRIMEIRA_PARTIDA":"TAQUARITINGA 0x0 CORINTHIANS","DATA_PRIMEIRA_PARTIDA":"1959-02-22","ANO_PRIMEIRA_PARTIDA":1959,"ADVERSARIO":"TAQUARITINGA","PLACAR":"0x0","COMPETICAO_PRIMEIRA_PARTIDA":"Amistosos 1959","MANDO_PRIMEIRA_PARTIDA":"Visitante","TOTAL_JOGOS":6,"VITORIAS":2,"EMPATES":2,"DERROTAS":2,"APROVEITAMENTO_PCT":44.4,"GOLS_MARCADOS":2,"GOLS_SOFRIDOS":4,"ESTADIOS_COM_ESTREIA_NA_DECADA":72,"OBSERVACOES":null,"FONTE_PRIMEIRA_PARTIDA":"https://www.meutimao.com.br/jogo/5177/amistosos-1959/amistoso/taquaritinga-0-x-0-corinthians","DESCRICAO_ORIGINAL":"Estádio Dr. Adail Nunes da Silva<br><br>Primeira partida: taquaritinga 2 x 0 Corinthians 10/07/1983 - Paulista","FONTE_COORDENADAS":"OpenStreetMap Nominatim (geocodificação reversa)","URL_FONTE_COORDENADAS":"https://www.openstreetmap.org/relation/298056","ATRIBUICAO_COORDENADAS":"© OpenStreetMap contributors, ODbL 1.0","CAPACIDADE":"18805","CAPACIDADE_FONTE":"Meu Timão","URL_FONTE_CAPACIDADE":"https://www.meutimao.com.br/estadio/taquarao/","PAIS_ISO3":"BRA"},"geometry":{"type":"Point","coordinates":[-48.4936051,-21.4010401]}},{"type":"Feature","properties":{"ESTADIO":"Teixeirão","NOME_OFICIAL":"Estádio Benedito Teixeira - Teixeirão","CIDADE":"São José do Rio Preto","ESTADO":"São Paulo","PAIS":"Brasil","LATITUDE":-20.796769,"LONGITUDE":-49.3589966,"PRIMEIRA_PARTIDA":"américa de rio preto 3 x 3 Corinthians","DATA_PRIMEIRA_PARTIDA":"1996-02-24","ANO_PRIMEIRA_PARTIDA":1996,"ADVERSARIO":"américa de rio preto","PLACAR":"3 x 3","COMPETICAO_PRIMEIRA_PARTIDA":"Paulista","MANDO_PRIMEIRA_PARTIDA":"Visitante","TOTAL_JOGOS":24,"VITORIAS":6,"EMPATES":10,"DERROTAS":8,"APROVEITAMENTO_PCT":38.9,"GOLS_MARCADOS":40,"GOLS_SOFRIDOS":44,"ESTADIOS_COM_ESTREIA_NA_DECADA":35,"OBSERVACOES":null,"FONTE_PRIMEIRA_PARTIDA":"Meu Timão / Acervo ATLAS1910","DESCRICAO_ORIGINAL":"Estádio Benedito Teixeira - Teixeirão<br><br>Primeira partida: américa de rio preto 3 x 3 Corinthians 24/02/1996 - Paulista","FONTE_COORDENADAS":"OpenStreetMap Nominatim (geocodificação reversa)","URL_FONTE_COORDENADAS":"https://www.openstreetmap.org/relation/298344","ATRIBUICAO_COORDENADAS":"© OpenStreetMap contributors, ODbL 1.0","CAPACIDADE":"32936","CAPACIDADE_FONTE":"Meu Timão","URL_FONTE_CAPACIDADE":"https://www.meutimao.com.br/estadio/teixeirao/","PAIS_ISO3":"BRA"},"geometry":{"type":"Point","coordinates":[-49.3589966,-20.796769]}},{"type":"Feature","properties":{"ESTADIO":"Tenente Carriço","NOME_OFICIAL":"Estádio Municipal Tenente Carriço","CIDADE":"Penápolis","ESTADO":"SP","PAIS":"Brasil","LATITUDE":-21.4221447,"LONGITUDE":-50.0689887,"PRIMEIRA_PARTIDA":"penapolense 0 x 0 Corinthians","DATA_PRIMEIRA_PARTIDA":"2014-03-16","ANO_PRIMEIRA_PARTIDA":2014,"ADVERSARIO":"penapolense","PLACAR":"0 x 0","COMPETICAO_PRIMEIRA_PARTIDA":"Paulista","MANDO_PRIMEIRA_PARTIDA":"Visitante","TOTAL_JOGOS":3,"VITORIAS":0,"EMPATES":3,"DERROTAS":0,"APROVEITAMENTO_PCT":33.3,"GOLS_MARCADOS":0,"GOLS_SOFRIDOS":0,"ESTADIOS_COM_ESTREIA_NA_DECADA":31,"OBSERVACOES":null,"FONTE_PRIMEIRA_PARTIDA":"Meu Timão / Acervo ATLAS1910","DESCRICAO_ORIGINAL":"Estádio Municipal Tenente Carriço<br><br>Primeira partida: penapolense 0 x 0 Corinthians 16/03/2014 - Paulista","PAIS_ISO3":"BRA"},"geometry":{"type":"Point","coordinates":[-50.0689887,-21.4221447]}},{"type":"Feature","properties":{"ESTADIO":"Tenente Siqueira Campos","NOME_OFICIAL":"Av. Dom Pedro Ⅱ, 1192, hoje clube Araraquarense","CIDADE":"Araraquara","ESTADO":"SP","PAIS":"Brasil","LATITUDE":-21.7974831,"LONGITUDE":-48.182508,"PRIMEIRA_PARTIDA":"seleção de araraquara 1 x 4 Corinthians","DATA_PRIMEIRA_PARTIDA":"1942-08-23","ANO_PRIMEIRA_PARTIDA":1942,"ADVERSARIO":"seleção de araraquara","PLACAR":"1 x 4","COMPETICAO_PRIMEIRA_PARTIDA":"Amistoso","MANDO_PRIMEIRA_PARTIDA":"Visitante","TOTAL_JOGOS":6,"VITORIAS":6,"EMPATES":0,"DERROTAS":0,"APROVEITAMENTO_PCT":100.0,"GOLS_MARCADOS":24,"GOLS_SOFRIDOS":3,"ESTADIOS_COM_ESTREIA_NA_DECADA":48,"OBSERVACOES":null,"FONTE_PRIMEIRA_PARTIDA":"Meu Timão / Acervo ATLAS1910","DESCRICAO_ORIGINAL":"Av. Dom Pedro Ⅱ, 1192, hoje clube Araraquarense<br><br>Primeira partida: seleção de araraquara 1 x 4 Corinthians 23/08/1942 - Amistoso","PAIS_ISO3":"BRA"},"geometry":{"type":"Point","coordinates":[-48.182508,-21.7974831]}},{"type":"Feature","properties":{"ESTADIO":"Timbaúva","NOME_OFICIAL":null,"CIDADE":"Porto Alegre","ESTADO":"Rio Grande do Sul","PAIS":"Brasil","LATITUDE":-30.040014,"LONGITUDE":-51.2026866,"PRIMEIRA_PARTIDA":"corinthians-rs 2 x 1 Corinthians","DATA_PRIMEIRA_PARTIDA":"1947-12-14","ANO_PRIMEIRA_PARTIDA":1947,"ADVERSARIO":"Corinthians","PLACAR":"2 x 1","COMPETICAO_PRIMEIRA_PARTIDA":"Amistoso","MANDO_PRIMEIRA_PARTIDA":"Mandante","TOTAL_JOGOS":2,"VITORIAS":2,"EMPATES":0,"DERROTAS":0,"APROVEITAMENTO_PCT":100.0,"GOLS_MARCADOS":4,"GOLS_SOFRIDOS":2,"ESTADIOS_COM_ESTREIA_NA_DECADA":48,"OBSERVACOES":null,"FONTE_PRIMEIRA_PARTIDA":"Meu Timão / Acervo ATLAS1910","DESCRICAO_ORIGINAL":"Primeira partida: corinthians-rs 2 x 1 Corinthians 14/12/1947 - Amistoso","FONTE_COORDENADAS":"OpenStreetMap Nominatim (geocodificação reversa)","URL_FONTE_COORDENADAS":"https://www.openstreetmap.org/relation/242397","ATRIBUICAO_COORDENADAS":"© OpenStreetMap contributors, ODbL 1.0","CAPACIDADE":"5000","CAPACIDADE_FONTE":"Meu Timão","URL_FONTE_CAPACIDADE":"https://www.meutimao.com.br/estadio/timbauva/","PAIS_ISO3":"BRA"},"geometry":{"type":"Point","coordinates":[-51.2026866,-30.040014]}},{"type":"Feature","properties":{"ESTADIO":"Tonicão","NOME_OFICIAL":"Estádio “Tonicão” Antônio Viana da Silva","CIDADE":"Assis","ESTADO":"São Paulo","PAIS":"Brasil","LATITUDE":-22.6597615,"LONGITUDE":-50.4331571,"PRIMEIRA_PARTIDA":"vocem 1 x 4 Corinthians","DATA_PRIMEIRA_PARTIDA":"1992-03-18","ANO_PRIMEIRA_PARTIDA":1992,"ADVERSARIO":"vocem","PLACAR":"1 x 4","COMPETICAO_PRIMEIRA_PARTIDA":"Amistoso (Inauguração do estádio)","MANDO_PRIMEIRA_PARTIDA":"Visitante","TOTAL_JOGOS":2,"VITORIAS":2,"EMPATES":0,"DERROTAS":0,"APROVEITAMENTO_PCT":100.0,"GOLS_MARCADOS":8,"GOLS_SOFRIDOS":2,"ESTADIOS_COM_ESTREIA_NA_DECADA":35,"OBSERVACOES":null,"FONTE_PRIMEIRA_PARTIDA":"Meu Timão / Acervo ATLAS1910","DESCRICAO_ORIGINAL":"Estádio “Tonicão” Antônio Viana da Silva<br><br>Primeira partida: vocem 1 x 4 Corinthians 18/03/1992 - Amistoso (Inauguração do estádio)","FONTE_COORDENADAS":"OpenStreetMap Nominatim (geocodificação reversa)","URL_FONTE_COORDENADAS":"https://www.openstreetmap.org/relation/298317","ATRIBUICAO_COORDENADAS":"© OpenStreetMap contributors, ODbL 1.0","CAPACIDADE":"8525","CAPACIDADE_FONTE":"Meu Timão","URL_FONTE_CAPACIDADE":"https://www.meutimao.com.br/estadio/tonicao/","PAIS_ISO3":"BRA"},"geometry":{"type":"Point","coordinates":[-50.4331571,-22.6597615]}},{"type":"Feature","properties":{"ESTADIO":"Toyota Stadium","NOME_OFICIAL":"Pimeira partida: al-ahly 0 x 1 Corinthians 12/12/2012 - Mundial de clubes da FIFA","CIDADE":"Toyota","ESTADO":null,"PAIS":"Japão","LATITUDE":35.0844793,"LONGITUDE":137.1709193,"PRIMEIRA_PARTIDA":"Pimeira partida: al-ahly 0 x 1 Corinthians 12/12/2012 - Mundial de clubes da FIFA","DATA_PRIMEIRA_PARTIDA":"2012-12-12","ANO_PRIMEIRA_PARTIDA":2012,"ADVERSARIO":"Pimeira partida: al-ahly","PLACAR":"0 x 1","COMPETICAO_PRIMEIRA_PARTIDA":"Mundial de clubes da FIFA","MANDO_PRIMEIRA_PARTIDA":"Mandante","TOTAL_JOGOS":1,"VITORIAS":1,"EMPATES":0,"DERROTAS":0,"APROVEITAMENTO_PCT":100.0,"GOLS_MARCADOS":1,"GOLS_SOFRIDOS":0,"ESTADIOS_COM_ESTREIA_NA_DECADA":31,"OBSERVACOES":null,"FONTE_PRIMEIRA_PARTIDA":"Meu Timão / Acervo ATLAS1910","DESCRICAO_ORIGINAL":"Pimeira partida: al-ahly 0 x 1 Corinthians 12/12/2012 - Mundial de clubes da FIFA","FONTE_COORDENADAS":"OpenStreetMap Nominatim (geocodificação reversa)","URL_FONTE_COORDENADAS":"https://www.openstreetmap.org/relation/4567509","ATRIBUICAO_COORDENADAS":"© OpenStreetMap contributors, ODbL 1.0","CAPACIDADE":"44380","CAPACIDADE_FONTE":"StadiumDB.com","URL_FONTE_CAPACIDADE":"https://stadiumdb.com/stadiums/jpn/toyota_stadium","PAIS_ISO3":"JPN"},"geometry":{"type":"Point","coordinates":[137.1709193,35.0844793]}},{"type":"Feature","properties":{"ESTADIO":"Tokyo Dome","NOME_OFICIAL":null,"CIDADE":"Bunkyō","ESTADO":null,"PAIS":"Japão","LATITUDE":35.7056396,"LONGITUDE":139.7518913,"PRIMEIRA_PARTIDA":"hiratsuka bellmare 4 x 7 Corinthians","DATA_PRIMEIRA_PARTIDA":"1994-03-02","ANO_PRIMEIRA_PARTIDA":1994,"ADVERSARIO":"hiratsuka bellmare","PLACAR":"4 x 7","COMPETICAO_PRIMEIRA_PARTIDA":"Amistoso","MANDO_PRIMEIRA_PARTIDA":"Visitante","TOTAL_JOGOS":2,"VITORIAS":2,"EMPATES":0,"DERROTAS":0,"APROVEITAMENTO_PCT":100.0,"GOLS_MARCADOS":14,"GOLS_SOFRIDOS":8,"ESTADIOS_COM_ESTREIA_NA_DECADA":35,"OBSERVACOES":null,"FONTE_PRIMEIRA_PARTIDA":"Meu Timão / Acervo ATLAS1910","DESCRICAO_ORIGINAL":"Primeira partida: hiratsuka bellmare 4 x 7 Corinthians 02/03/1994 - Amistoso","FONTE_COORDENADAS":"OpenStreetMap Nominatim (geocodificação reversa)","URL_FONTE_COORDENADAS":"https://www.openstreetmap.org/relation/1758878","ATRIBUICAO_COORDENADAS":"© OpenStreetMap contributors, ODbL 1.0","CAPACIDADE":"55000","CAPACIDADE_FONTE":"Meu Timão","URL_FONTE_CAPACIDADE":"https://www.meutimao.com.br/estadio/tokyo_dome/","PAIS_ISO3":"JPN"},"geometry":{"type":"Point","coordinates":[139.7518913,35.7056396]}},{"type":"Feature","properties":{"ESTADIO":"Alfredão","NOME_OFICIAL":"Estádio Alfredo de Castilho","CIDADE":"Bauru","ESTADO":"São Paulo","PAIS":"Brasil","LATITUDE":-22.3243423,"LONGITUDE":-49.0975768,"PRIMEIRA_PARTIDA":"seleção de bauru 2 x 5 Corinthians","DATA_PRIMEIRA_PARTIDA":"1946-08-01","ANO_PRIMEIRA_PARTIDA":1946,"ADVERSARIO":"seleção de bauru","PLACAR":"2 x 5","COMPETICAO_PRIMEIRA_PARTIDA":"Amistoso","MANDO_PRIMEIRA_PARTIDA":"Visitante","TOTAL_JOGOS":66,"VITORIAS":20,"EMPATES":14,"DERROTAS":32,"APROVEITAMENTO_PCT":37.4,"GOLS_MARCADOS":94,"GOLS_SOFRIDOS":90,"ESTADIOS_COM_ESTREIA_NA_DECADA":48,"OBSERVACOES":null,"FONTE_PRIMEIRA_PARTIDA":"Meu Timão / Acervo ATLAS1910","DESCRICAO_ORIGINAL":"Estádio Alfredo de Castilho<br><br>Primeira partida: seleção de bauru 2 x 5 Corinthians 01/08/1946 - Amistoso","FONTE_COORDENADAS":"OpenStreetMap Nominatim (geocodificação reversa)","URL_FONTE_COORDENADAS":"https://www.openstreetmap.org/relation/298315","ATRIBUICAO_COORDENADAS":"© OpenStreetMap contributors, ODbL 1.0","CAPACIDADE":"15420","CAPACIDADE_FONTE":"Meu Timão","URL_FONTE_CAPACIDADE":"https://www.meutimao.com.br/estadio/alfredao/","PAIS_ISO3":"BRA"},"geometry":{"type":"Point","coordinates":[-49.0975768,-22.3243423]}},{"type":"Feature","properties":{"ESTADIO":"Uberabão","NOME_OFICIAL":"Estádio Engenheiro João Guido Uberabão","CIDADE":"Uberaba","ESTADO":"Minas Gerais","PAIS":"Brasil","LATITUDE":-19.739209,"LONGITUDE":-47.940574,"PRIMEIRA_PARTIDA":"fluminense 1 x 1 Corinthians","DATA_PRIMEIRA_PARTIDA":"1995-11-26","ANO_PRIMEIRA_PARTIDA":1995,"ADVERSARIO":"fluminense","PLACAR":"1 x 1","COMPETICAO_PRIMEIRA_PARTIDA":"Brasileiro","MANDO_PRIMEIRA_PARTIDA":"Visitante","TOTAL_JOGOS":4,"VITORIAS":2,"EMPATES":2,"DERROTAS":0,"APROVEITAMENTO_PCT":66.7,"GOLS_MARCADOS":10,"GOLS_SOFRIDOS":4,"ESTADIOS_COM_ESTREIA_NA_DECADA":35,"OBSERVACOES":null,"FONTE_PRIMEIRA_PARTIDA":"Meu Timão / Acervo ATLAS1910","DESCRICAO_ORIGINAL":"Estádio Engenheiro João Guido Uberabão<br><br>Primeira partida: fluminense 1 x 1 Corinthians 26/11/1995 - Brasileiro","FONTE_COORDENADAS":"OpenStreetMap Nominatim (geocodificação reversa)","URL_FONTE_COORDENADAS":"https://www.openstreetmap.org/relation/314874","ATRIBUICAO_COORDENADAS":"© OpenStreetMap contributors, ODbL 1.0","CAPACIDADE":"10000","CAPACIDADE_FONTE":"Meu Timão","URL_FONTE_CAPACIDADE":"https://www.meutimao.com.br/estadio/uberabao/","PAIS_ISO3":"BRA"},"geometry":{"type":"Point","coordinates":[-47.940574,-19.739209]}},{"type":"Feature","properties":{"ESTADIO":"Ulrico Mursa","NOME_OFICIAL":null,"CIDADE":"Santos","ESTADO":"São Paulo","PAIS":"Brasil","LATITUDE":-23.9470355,"LONGITUDE":-46.337299,"PRIMEIRA_PARTIDA":"portuguesa santista 0 x 4 Corinthians","DATA_PRIMEIRA_PARTIDA":"1926-12-19","ANO_PRIMEIRA_PARTIDA":1926,"ADVERSARIO":"portuguesa santista","PLACAR":"0 x 4","COMPETICAO_PRIMEIRA_PARTIDA":"Amistoso Taça Adamastor","MANDO_PRIMEIRA_PARTIDA":"Visitante","TOTAL_JOGOS":55,"VITORIAS":38,"EMPATES":5,"DERROTAS":12,"APROVEITAMENTO_PCT":72.1,"GOLS_MARCADOS":138,"GOLS_SOFRIDOS":72,"ESTADIOS_COM_ESTREIA_NA_DECADA":26,"OBSERVACOES":null,"FONTE_PRIMEIRA_PARTIDA":"Meu Timão / Acervo ATLAS1910","DESCRICAO_ORIGINAL":"Primeira partida: portuguesa santista 0 x 4 Corinthians 19/12/1926 - Amistoso Taça Adamastor","FONTE_COORDENADAS":"OpenStreetMap Nominatim (geocodificação reversa)","URL_FONTE_COORDENADAS":"https://www.openstreetmap.org/relation/298442","ATRIBUICAO_COORDENADAS":"© OpenStreetMap contributors, ODbL 1.0","PAIS_ISO3":"BRA"},"geometry":{"type":"Point","coordinates":[-46.337299,-23.9470355]}},{"type":"Feature","properties":{"ESTADIO":"Universitario","NOME_OFICIAL":null,"CIDADE":"Nuevo León","ESTADO":"Nuevo León","PAIS":"México","LATITUDE":25.7225198,"LONGITUDE":-100.3120225,"PRIMEIRA_PARTIDA":"tigres 2 x 0 Corinthians","DATA_PRIMEIRA_PARTIDA":"2006-03-09","ANO_PRIMEIRA_PARTIDA":2006,"ADVERSARIO":"tigres","PLACAR":"2 x 0","COMPETICAO_PRIMEIRA_PARTIDA":"Libertadores","MANDO_PRIMEIRA_PARTIDA":"Visitante","TOTAL_JOGOS":3,"VITORIAS":0,"EMPATES":0,"DERROTAS":3,"APROVEITAMENTO_PCT":0.0,"GOLS_MARCADOS":0,"GOLS_SOFRIDOS":6,"ESTADIOS_COM_ESTREIA_NA_DECADA":21,"OBSERVACOES":null,"FONTE_PRIMEIRA_PARTIDA":"Meu Timão / Acervo ATLAS1910","DESCRICAO_ORIGINAL":"Primeira partida: tigres 2 x 0 Corinthians 09/03/2006 - Libertadores","FONTE_COORDENADAS":"OpenStreetMap Nominatim (geocodificação reversa)","URL_FONTE_COORDENADAS":"https://www.openstreetmap.org/node/1038661885","ATRIBUICAO_COORDENADAS":"© OpenStreetMap contributors, ODbL 1.0","PAIS_ISO3":"MEX"},"geometry":{"type":"Point","coordinates":[-100.3120225,25.7225198]}},{"type":"Feature","properties":{"ESTADIO":"Vila Belmiro","NOME_OFICIAL":"Estádio Urbano Caldeira","CIDADE":"Santos","ESTADO":"São Paulo","PAIS":"Brasil","LATITUDE":-23.9510794,"LONGITUDE":-46.3388549,"PRIMEIRA_PARTIDA":"santos 3 x 3 Corinthians","DATA_PRIMEIRA_PARTIDA":"1917-06-10","ANO_PRIMEIRA_PARTIDA":1917,"ADVERSARIO":"santos","PLACAR":"3 x 3","COMPETICAO_PRIMEIRA_PARTIDA":"Paulista","MANDO_PRIMEIRA_PARTIDA":"Visitante","TOTAL_JOGOS":280,"VITORIAS":98,"EMPATES":66,"DERROTAS":116,"APROVEITAMENTO_PCT":42.9,"GOLS_MARCADOS":464,"GOLS_SOFRIDOS":480,"ESTADIOS_COM_ESTREIA_NA_DECADA":28,"OBSERVACOES":null,"FONTE_PRIMEIRA_PARTIDA":"Meu Timão / Acervo ATLAS1910","DESCRICAO_ORIGINAL":"Estádio Urbano Caldeira<br><br>Primeira partida: santos 3 x 3 Corinthians 10/06/1917 - Paulista","FONTE_COORDENADAS":"OpenStreetMap Nominatim (geocodificação reversa)","URL_FONTE_COORDENADAS":"https://www.openstreetmap.org/relation/298442","ATRIBUICAO_COORDENADAS":"© OpenStreetMap contributors, ODbL 1.0","CAPACIDADE":"15800","CAPACIDADE_FONTE":"StadiumDB.com","URL_FONTE_CAPACIDADE":"https://stadiumdb.com/stadiums/bra/estadio_urbano_caldeira","PAIS_ISO3":"BRA"},"geometry":{"type":"Point","coordinates":[-46.3388549,-23.9510794]}},{"type":"Feature","properties":{"ESTADIO":"Velódromo Paulistano","NOME_OFICIAL":"Atual Teatro Cultura Artística https://pt.wikipedia.org/wiki/Vel%C3%B3dromo_de_S%C3%A3o_Paulo#Localiza%C3%A7%C3%A3o","CIDADE":"São Paulo","ESTADO":"São Paulo","PAIS":"Brasil","LATITUDE":-23.5493048,"LONGITUDE":-46.645903,"PRIMEIRA_PARTIDA":"Corinthians 1 x 0 Minas Gerais","DATA_PRIMEIRA_PARTIDA":"1913-03-23","ANO_PRIMEIRA_PARTIDA":1913,"ADVERSARIO":"Minas Gerais","PLACAR":"1 x 0","COMPETICAO_PRIMEIRA_PARTIDA":"Paulista","MANDO_PRIMEIRA_PARTIDA":"Mandante","TOTAL_JOGOS":12,"VITORIAS":8,"EMPATES":0,"DERROTAS":4,"APROVEITAMENTO_PCT":66.7,"GOLS_MARCADOS":30,"GOLS_SOFRIDOS":8,"ESTADIOS_COM_ESTREIA_NA_DECADA":28,"OBSERVACOES":null,"FONTE_PRIMEIRA_PARTIDA":"https://pt.wikipedia.org/wiki/Vel%C3%B3dromo_de_S%C3%A3o_Paulo#Localiza%C3%A7%C3%A3o","DESCRICAO_ORIGINAL":"Atual Teatro Cultura Artística https://pt.wikipedia.org/wiki/Vel%C3%B3dromo_de_S%C3%A3o_Paulo#Localiza%C3%A7%C3%A3o<br><br>Primeira partida: Corinthians 1 x 0 Minas Gerais 23/03/1913 - Paulista","FONTE_COORDENADAS":"OpenStreetMap Nominatim (geocodificação reversa)","URL_FONTE_COORDENADAS":"https://www.openstreetmap.org/relation/298285","ATRIBUICAO_COORDENADAS":"© OpenStreetMap contributors, ODbL 1.0","CAPACIDADE":"5000","CAPACIDADE_FONTE":"Meu Timão","URL_FONTE_CAPACIDADE":"https://www.meutimao.com.br/estadio/velodromo_paulistano/","PAIS_ISO3":"BRA"},"geometry":{"type":"Point","coordinates":[-46.645903,-23.5493048]}},{"type":"Feature","properties":{"ESTADIO":"Victor Brito Bastos","NOME_OFICIAL":"Atual R. Bernardino de Campos, 3959 https://www.youtube.com/watch?v=bq3uTaEh2BE","CIDADE":"São José do Rio Preto","ESTADO":"São Paulo","PAIS":"Brasil","LATITUDE":-20.81764,"LONGITUDE":-49.3872613,"PRIMEIRA_PARTIDA":"rio preto 2 x 2 Corinthians 30/01/1949 - Amistoso","DATA_PRIMEIRA_PARTIDA":"1949-01-30","ANO_PRIMEIRA_PARTIDA":1949,"ADVERSARIO":"rio preto","PLACAR":"2 x 2","COMPETICAO_PRIMEIRA_PARTIDA":"Amistoso","MANDO_PRIMEIRA_PARTIDA":"Visitante","TOTAL_JOGOS":4,"VITORIAS":2,"EMPATES":2,"DERROTAS":0,"APROVEITAMENTO_PCT":66.7,"GOLS_MARCADOS":6,"GOLS_SOFRIDOS":4,"ESTADIOS_COM_ESTREIA_NA_DECADA":48,"OBSERVACOES":"rio preto 2 x 2 Corinthians 30/01/1949 - Amistoso","FONTE_PRIMEIRA_PARTIDA":"https://www.youtube.com/watch?v=bq3uTaEh2BE","DESCRICAO_ORIGINAL":"Atual R. Bernardino de Campos, 3959 https://www.youtube.com/watch?v=bq3uTaEh2BE<br><br>rio preto 2 x 2 Corinthians 30/01/1949 - Amistoso","FONTE_COORDENADAS":"OpenStreetMap Nominatim (geocodificação reversa)","URL_FONTE_COORDENADAS":"https://www.openstreetmap.org/relation/298344","ATRIBUICAO_COORDENADAS":"© OpenStreetMap contributors, ODbL 1.0","PAIS_ISO3":"BRA"},"geometry":{"type":"Point","coordinates":[-49.3872613,-20.81764]}},{"type":"Feature","properties":{"ESTADIO":"Vila Alzira","NOME_OFICIAL":"R. Sete de Setembro, 288","CIDADE":"Santo André","ESTADO":"São Paulo","PAIS":"Brasil","LATITUDE":-23.6693894,"LONGITUDE":-46.520645,"PRIMEIRA_PARTIDA":"corinthians de santo andre 0 x 0 Corinthians","DATA_PRIMEIRA_PARTIDA":"1924-09-14","ANO_PRIMEIRA_PARTIDA":1924,"ADVERSARIO":"Corinthians","PLACAR":"0 x 0","COMPETICAO_PRIMEIRA_PARTIDA":"Amistoso","MANDO_PRIMEIRA_PARTIDA":"Mandante","TOTAL_JOGOS":12,"VITORIAS":4,"EMPATES":2,"DERROTAS":6,"APROVEITAMENTO_PCT":38.9,"GOLS_MARCADOS":16,"GOLS_SOFRIDOS":22,"ESTADIOS_COM_ESTREIA_NA_DECADA":26,"OBSERVACOES":"Referência: https://www.asmilcamisas.com.br/2020/05/28/o-estadio-americo-guazzelli/","FONTE_PRIMEIRA_PARTIDA":"https://www.asmilcamisas.com.br/2020/05/28/o-estadio-americo-guazzelli/","DESCRICAO_ORIGINAL":"R. Sete de Setembro, 288<br><br>Referência: https://www.asmilcamisas.com.br/2020/05/28/o-estadio-americo-guazzelli/<br><br>Primeira partida: corinthians de santo andre 0 x 0 Corinthians 14/09/1924 - Amistoso","FONTE_COORDENADAS":"OpenStreetMap Nominatim (geocodificação reversa)","URL_FONTE_COORDENADAS":"https://www.openstreetmap.org/relation/298086","ATRIBUICAO_COORDENADAS":"© OpenStreetMap contributors, ODbL 1.0","CAPACIDADE":"10000","CAPACIDADE_FONTE":"Meu Timão","URL_FONTE_CAPACIDADE":"https://www.meutimao.com.br/estadio/vila_alzira/","PAIS_ISO3":"BRA"},"geometry":{"type":"Point","coordinates":[-46.520645,-23.6693894]}},{"type":"Feature","properties":{"ESTADIO":"Vila América","NOME_OFICIAL":"Antônio Garcia, Atual Tauste Rio Branco","CIDADE":"Bauru","ESTADO":"SP","PAIS":"Brazil","LATITUDE":-22.3336429,"LONGITUDE":-49.0696459,"PRIMEIRA_PARTIDA":"bauru 0 x 3 Corinthians","DATA_PRIMEIRA_PARTIDA":"1944-12-08","ANO_PRIMEIRA_PARTIDA":1944,"ADVERSARIO":"bauru","PLACAR":"0 x 3","COMPETICAO_PRIMEIRA_PARTIDA":"Amistoso","MANDO_PRIMEIRA_PARTIDA":"Visitante","TOTAL_JOGOS":6,"VITORIAS":3,"EMPATES":0,"DERROTAS":3,"APROVEITAMENTO_PCT":50.0,"GOLS_MARCADOS":18,"GOLS_SOFRIDOS":18,"ESTADIOS_COM_ESTREIA_NA_DECADA":48,"OBSERVACOES":"* No almanaque do timão usa-se tb o nome do bairro (Vila América), mas segundo pesquisas, o antigo estádio do bauru no bairro, atual","FONTE_PRIMEIRA_PARTIDA":"Meu Timão / Acervo ATLAS1910","DESCRICAO_ORIGINAL":"Antônio Garcia, Atual Tauste Rio Branco<br><br>Primeira partida: bauru 0 x 3 Corinthians 08/12/1944 - Amistoso<br><br>* No almanaque do timão usa-se tb o nome do bairro (Vila América), mas segundo pesquisas, o antigo estádio do bauru no bairro, atual","PAIS_ISO3":"BRA","FONTE_CORRECAO_PAIS":"https://data.geocode.earth/wof/dist/legacy/whosonfirst-data-country-latest.tar.bz2"},"geometry":{"type":"Point","coordinates":[-49.0696459,-22.3336429]}},{"type":"Feature","properties":{"ESTADIO":"Vila Arens","NOME_OFICIAL":"R. Bento Pires, 1","CIDADE":"Jundiaí","ESTADO":"São Paulo","PAIS":"Brasil","LATITUDE":-23.2025115,"LONGITUDE":-46.8749097,"PRIMEIRA_PARTIDA":"CORINTHIANS DE JUNDIAÍ 1x3 CORINTHIANS","DATA_PRIMEIRA_PARTIDA":"1920-07-18","ANO_PRIMEIRA_PARTIDA":1920,"ADVERSARIO":"CORINTHIANS","PLACAR":"1x3","COMPETICAO_PRIMEIRA_PARTIDA":"Amistosos 1920","MANDO_PRIMEIRA_PARTIDA":"Mandante","TOTAL_JOGOS":3,"VITORIAS":1,"EMPATES":0,"DERROTAS":2,"APROVEITAMENTO_PCT":33.3,"GOLS_MARCADOS":3,"GOLS_SOFRIDOS":5,"ESTADIOS_COM_ESTREIA_NA_DECADA":26,"OBSERVACOES":"Aqui somei também o jogo marcado como Vila Lema no almanaque, pois nas fontes, o jogo se passa na vila Arens, onde existia o estádio do então Corinthians de Judiai (https://www.asmilcamisas.com.br/2019/02/06/o_futebol_em_jundi","FONTE_PRIMEIRA_PARTIDA":"https://www.meutimao.com.br/jogo/6898/amistosos-1920/amistoso/corinthians_de_jundiai-1-x-3-corinthians","DESCRICAO_ORIGINAL":"R. Bento Pires, 1<br><br>Aqui somei também o jogo marcado como Vila Lema no almanaque, pois nas fontes, o jogo se passa na vila Arens, onde existia o estádio do então Corinthians de Judiai (https://www.asmilcamisas.com.br/2019/02/06/o_futebol_em_jundi","FONTE_COORDENADAS":"OpenStreetMap Nominatim (geocodificação reversa)","URL_FONTE_COORDENADAS":"https://www.openstreetmap.org/relation/297991","ATRIBUICAO_COORDENADAS":"© OpenStreetMap contributors, ODbL 1.0","PAIS_ISO3":"BRA"},"geometry":{"type":"Point","coordinates":[-46.8749097,-23.2025115]}},{"type":"Feature","properties":{"ESTADIO":"Vila Capanema","NOME_OFICIAL":"Estádio Durival Britto e Silva","CIDADE":"Curitiba","ESTADO":"Paraná","PAIS":"Brasil","LATITUDE":-25.43948,"LONGITUDE":-49.2558691,"PRIMEIRA_PARTIDA":"ferroviário-PR 3 x 3 Corinthians","DATA_PRIMEIRA_PARTIDA":"1956-06-02","ANO_PRIMEIRA_PARTIDA":1956,"ADVERSARIO":"ferroviário-PR","PLACAR":"3 x 3","COMPETICAO_PRIMEIRA_PARTIDA":"Amistoso","MANDO_PRIMEIRA_PARTIDA":"Visitante","TOTAL_JOGOS":16,"VITORIAS":6,"EMPATES":6,"DERROTAS":4,"APROVEITAMENTO_PCT":50.0,"GOLS_MARCADOS":26,"GOLS_SOFRIDOS":22,"ESTADIOS_COM_ESTREIA_NA_DECADA":72,"OBSERVACOES":null,"FONTE_PRIMEIRA_PARTIDA":"Meu Timão / Acervo ATLAS1910","DESCRICAO_ORIGINAL":"Estádio Durival Britto e Silva<br><br>Primeira partida: ferroviário-PR 3 x 3 Corinthians 02/06/1956 - Amistoso","FONTE_COORDENADAS":"OpenStreetMap Nominatim (geocodificação reversa)","URL_FONTE_COORDENADAS":"https://www.openstreetmap.org/node/206136859","ATRIBUICAO_COORDENADAS":"© OpenStreetMap contributors, ODbL 1.0","CAPACIDADE":"20083","CAPACIDADE_FONTE":"Meu Timão","URL_FONTE_CAPACIDADE":"https://www.meutimao.com.br/estadio/vila_capanema/","PAIS_ISO3":"BRA"},"geometry":{"type":"Point","coordinates":[-49.2558691,-25.43948]}},{"type":"Feature","properties":{"ESTADIO":"Vila Euclides","NOME_OFICIAL":"Estádio Municipal 1° de Maio","CIDADE":"São Bernardo do Campo","ESTADO":"São Paulo","PAIS":"Brasil","LATITUDE":-23.6997698,"LONGITUDE":-46.5553928,"PRIMEIRA_PARTIDA":"são bernardo 2 x 2 Corinthians","DATA_PRIMEIRA_PARTIDA":"2011-01-30","ANO_PRIMEIRA_PARTIDA":2011,"ADVERSARIO":"são bernardo","PLACAR":"2 x 2","COMPETICAO_PRIMEIRA_PARTIDA":"Paulista","MANDO_PRIMEIRA_PARTIDA":"Visitante","TOTAL_JOGOS":7,"VITORIAS":3,"EMPATES":2,"DERROTAS":2,"APROVEITAMENTO_PCT":52.4,"GOLS_MARCADOS":8,"GOLS_SOFRIDOS":5,"ESTADIOS_COM_ESTREIA_NA_DECADA":31,"OBSERVACOES":null,"FONTE_PRIMEIRA_PARTIDA":"Meu Timão / Acervo ATLAS1910","DESCRICAO_ORIGINAL":"Estádio Municipal 1° de Maio<br><br>Primeira partida: são bernardo 2 x 2 Corinthians 30/01/2011 - Paulista","FONTE_COORDENADAS":"OpenStreetMap Nominatim (geocodificação reversa)","URL_FONTE_COORDENADAS":"https://www.openstreetmap.org/relation/297968","ATRIBUICAO_COORDENADAS":"© OpenStreetMap contributors, ODbL 1.0","PAIS_ISO3":"BRA"},"geometry":{"type":"Point","coordinates":[-46.5553928,-23.6997698]}},{"type":"Feature","properties":{"ESTADIO":"Vila Famosa","NOME_OFICIAL":"R. Joaquim Miguel Pereira, 1315","CIDADE":"Porto Ferreira","ESTADO":"São Paulo","PAIS":"Brasil","LATITUDE":-21.8704151,"LONGITUDE":-47.486168,"PRIMEIRA_PARTIDA":"palmeirinha de porto ferreira 1 x 0 Corinthians","DATA_PRIMEIRA_PARTIDA":"1992-06-10","ANO_PRIMEIRA_PARTIDA":1992,"ADVERSARIO":"palmeirinha de porto ferreira","PLACAR":"1 x 0","COMPETICAO_PRIMEIRA_PARTIDA":"Amistoso","MANDO_PRIMEIRA_PARTIDA":"Visitante","TOTAL_JOGOS":2,"VITORIAS":0,"EMPATES":0,"DERROTAS":2,"APROVEITAMENTO_PCT":0.0,"GOLS_MARCADOS":0,"GOLS_SOFRIDOS":2,"ESTADIOS_COM_ESTREIA_NA_DECADA":35,"OBSERVACOES":"https://pt.wikipedia.org/wiki/Est%C3%A1dio_Sociedade_Esportiva_Palmeirinha","FONTE_PRIMEIRA_PARTIDA":"https://pt.wikipedia.org/wiki/Est%C3%A1dio_Sociedade_Esportiva_Palmeirinha","DESCRICAO_ORIGINAL":"R. Joaquim Miguel Pereira, 1315<br><br>https://pt.wikipedia.org/wiki/Est%C3%A1dio_Sociedade_Esportiva_Palmeirinha<br><br>Primeira partida: palmeirinha de porto ferreira 1 x 0 Corinthians 10/06/1992 - Amistoso","FONTE_COORDENADAS":"OpenStreetMap Nominatim (geocodificação reversa)","URL_FONTE_COORDENADAS":"https://www.openstreetmap.org/relation/298178","ATRIBUICAO_COORDENADAS":"© OpenStreetMap contributors, ODbL 1.0","CAPACIDADE":"3402","CAPACIDADE_FONTE":"Meu Timão","URL_FONTE_CAPACIDADE":"https://www.meutimao.com.br/estadio/vila_famosa/","PAIS_ISO3":"BRA"},"geometry":{"type":"Point","coordinates":[-47.486168,-21.8704151]}},{"type":"Feature","properties":{"ESTADIO":"Vila Leme","NOME_OFICIAL":"Atual Velórimo Municipal Adamastor Fernandes","CIDADE":"Jundiaí","ESTADO":"São Paulo","PAIS":"Brasil","LATITUDE":-23.1816786,"LONGITUDE":-46.8908132,"PRIMEIRA_PARTIDA":"corinthians de Jundiai 0 x 5 Corinthians","DATA_PRIMEIRA_PARTIDA":"1915-09-05","ANO_PRIMEIRA_PARTIDA":1915,"ADVERSARIO":"Corinthians","PLACAR":"0 x 5","COMPETICAO_PRIMEIRA_PARTIDA":"Amistoso (O site asmilcamisas, indica que o jogo foi realizado no estádio da Vila Arens https://www.asmilcamisas.com.br/2019/02/","MANDO_PRIMEIRA_PARTIDA":"Mandante","TOTAL_JOGOS":6,"VITORIAS":3,"EMPATES":1,"DERROTAS":2,"APROVEITAMENTO_PCT":55.6,"GOLS_MARCADOS":13,"GOLS_SOFRIDOS":10,"ESTADIOS_COM_ESTREIA_NA_DECADA":28,"OBSERVACOES":null,"FONTE_PRIMEIRA_PARTIDA":"https://www.asmilcamisas.com.br/2019/02/","DESCRICAO_ORIGINAL":"Atual Velórimo Municipal Adamastor Fernandes<br><br>Primeira partida: corinthians de Jundiai 0 x 5 Corinthians 05/09/1915 - Amistoso (O site asmilcamisas, indica que o jogo foi realizado no estádio da Vila Arens https://www.asmilcamisas.com.br/2019/02/","FONTE_COORDENADAS":"OpenStreetMap Nominatim (geocodificação reversa)","URL_FONTE_COORDENADAS":"https://www.openstreetmap.org/relation/297991","ATRIBUICAO_COORDENADAS":"© OpenStreetMap contributors, ODbL 1.0","PAIS_ISO3":"BRA"},"geometry":{"type":"Point","coordinates":[-46.8908132,-23.1816786]}},{"type":"Feature","properties":{"ESTADIO":"Vila Luis Leite","NOME_OFICIAL":"Cidade de Amparo","CIDADE":"Amparo","ESTADO":"São Paulo","PAIS":"Brasil","LATITUDE":-22.7097409,"LONGITUDE":-46.7748446,"PRIMEIRA_PARTIDA":"amparo 0 x 3 Corinthians 15/11/1919 - Amistoso","DATA_PRIMEIRA_PARTIDA":"1919-11-15","ANO_PRIMEIRA_PARTIDA":1919,"ADVERSARIO":"amparo","PLACAR":"0 x 3","COMPETICAO_PRIMEIRA_PARTIDA":"Amistoso","MANDO_PRIMEIRA_PARTIDA":"Visitante","TOTAL_JOGOS":1,"VITORIAS":1,"EMPATES":0,"DERROTAS":0,"APROVEITAMENTO_PCT":100.0,"GOLS_MARCADOS":3,"GOLS_SOFRIDOS":0,"ESTADIOS_COM_ESTREIA_NA_DECADA":28,"OBSERVACOES":"* Não consegui determinar o local, apenas confirmado ser na cidade de Amparo","FONTE_PRIMEIRA_PARTIDA":"Meu Timão / Acervo ATLAS1910","DESCRICAO_ORIGINAL":"Cidade de Amparo<br><br>* Não consegui determinar o local, apenas confirmado ser na cidade de Amparo<br><br>amparo 0 x 3 Corinthians 15/11/1919 - Amistoso","FONTE_COORDENADAS":"OpenStreetMap Nominatim (geocodificação reversa)","URL_FONTE_COORDENADAS":"https://www.openstreetmap.org/relation/298494","ATRIBUICAO_COORDENADAS":"© OpenStreetMap contributors, ODbL 1.0","PAIS_ISO3":"BRA"},"geometry":{"type":"Point","coordinates":[-46.7748446,-22.7097409]}},{"type":"Feature","properties":{"ESTADIO":"Vila Manoel Cecilio","NOME_OFICIAL":"Getúlio Vargas Filho, R. João Matos Taváres, 76","CIDADE":"São João da Boa Vista","ESTADO":"São Paulo","PAIS":"Brasil","LATITUDE":-21.9742254,"LONGITUDE":-46.804252,"PRIMEIRA_PARTIDA":"palmeiras de são joão da boa vista 2 x 4 Corinthians","DATA_PRIMEIRA_PARTIDA":"1956-05-13","ANO_PRIMEIRA_PARTIDA":1956,"ADVERSARIO":"palmeiras de são joão da boa vista","PLACAR":"2 x 4","COMPETICAO_PRIMEIRA_PARTIDA":"Amistoso","MANDO_PRIMEIRA_PARTIDA":"Visitante","TOTAL_JOGOS":2,"VITORIAS":2,"EMPATES":0,"DERROTAS":0,"APROVEITAMENTO_PCT":100.0,"GOLS_MARCADOS":6,"GOLS_SOFRIDOS":3,"ESTADIOS_COM_ESTREIA_NA_DECADA":72,"OBSERVACOES":null,"FONTE_PRIMEIRA_PARTIDA":"Meu Timão / Acervo ATLAS1910","DESCRICAO_ORIGINAL":"Getúlio Vargas Filho, R. João Matos Taváres, 76<br><br>Primeira partida: palmeiras de são joão da boa vista 2 x 4 Corinthians 13/05/1956 - Amistoso","FONTE_COORDENADAS":"OpenStreetMap Nominatim (geocodificação reversa)","URL_FONTE_COORDENADAS":"https://www.openstreetmap.org/relation/298438","ATRIBUICAO_COORDENADAS":"© OpenStreetMap contributors, ODbL 1.0","PAIS_ISO3":"BRA"},"geometry":{"type":"Point","coordinates":[-46.804252,-21.9742254]}},{"type":"Feature","properties":{"ESTADIO":"Vila Mariana","NOME_OFICIAL":"Atual Sabesp - R. Cap. Miguel Ferreira, 290 (https://www.campeoesdofutebol.com.br/radiumfc_mococa.html, https://pt.wikipedia.org/wiki/Est%C3%A1dio_Ol%C3%ADmpico_S%C3%A3o_Sebasti%C3%A3o)","CIDADE":"Mococa","ESTADO":"São Paulo","PAIS":"Brasil","LATITUDE":-21.4648807,"LONGITUDE":-47.0088707,"PRIMEIRA_PARTIDA":"radium 2 x 4 Corinthians","DATA_PRIMEIRA_PARTIDA":"1952-04-06","ANO_PRIMEIRA_PARTIDA":1952,"ADVERSARIO":"radium","PLACAR":"2 x 4","COMPETICAO_PRIMEIRA_PARTIDA":"Amist","MANDO_PRIMEIRA_PARTIDA":"Visitante","TOTAL_JOGOS":4,"VITORIAS":4,"EMPATES":0,"DERROTAS":0,"APROVEITAMENTO_PCT":100.0,"GOLS_MARCADOS":12,"GOLS_SOFRIDOS":4,"ESTADIOS_COM_ESTREIA_NA_DECADA":72,"OBSERVACOES":null,"FONTE_PRIMEIRA_PARTIDA":"https://www.campeoesdofutebol.com.br/radiumfc_mococa.html,","DESCRICAO_ORIGINAL":"Atual Sabesp - R. Cap. Miguel Ferreira, 290 (https://www.campeoesdofutebol.com.br/radiumfc_mococa.html, https://pt.wikipedia.org/wiki/Est%C3%A1dio_Ol%C3%ADmpico_S%C3%A3o_Sebasti%C3%A3o)<br><br>Primeira partida: radium 2 x 4 Corinthians 06/04/1952 - Amist","FONTE_COORDENADAS":"OpenStreetMap Nominatim (geocodificação reversa)","URL_FONTE_COORDENADAS":"https://www.openstreetmap.org/relation/298286","ATRIBUICAO_COORDENADAS":"© OpenStreetMap contributors, ODbL 1.0","CAPACIDADE":"12000","CAPACIDADE_FONTE":"Meu Timão","URL_FONTE_CAPACIDADE":"https://www.meutimao.com.br/estadio/vila_mariana/","PAIS_ISO3":"BRA"},"geometry":{"type":"Point","coordinates":[-47.0088707,-21.4648807]}},{"type":"Feature","properties":{"ESTADIO":"Vila Olimpica","NOME_OFICIAL":"Estádio Vila Olímpica - Paraná Clube","CIDADE":"Curitiba","ESTADO":"Paraná","PAIS":"Brasil","LATITUDE":-25.5229681,"LONGITUDE":-49.2319996,"PRIMEIRA_PARTIDA":"parana 0 x 0 Corinthians","DATA_PRIMEIRA_PARTIDA":"1998-10-21","ANO_PRIMEIRA_PARTIDA":1998,"ADVERSARIO":"parana","PLACAR":"0 x 0","COMPETICAO_PRIMEIRA_PARTIDA":"Brasileiro","MANDO_PRIMEIRA_PARTIDA":"Visitante","TOTAL_JOGOS":1,"VITORIAS":0,"EMPATES":1,"DERROTAS":0,"APROVEITAMENTO_PCT":33.3,"GOLS_MARCADOS":0,"GOLS_SOFRIDOS":0,"ESTADIOS_COM_ESTREIA_NA_DECADA":35,"OBSERVACOES":null,"FONTE_PRIMEIRA_PARTIDA":"Meu Timão / Acervo ATLAS1910","DESCRICAO_ORIGINAL":"Estádio Vila Olímpica - Paraná Clube<br><br>Primeira partida: parana 0 x 0 Corinthians 21/10/1998 - Brasileiro","FONTE_COORDENADAS":"OpenStreetMap Nominatim (geocodificação reversa)","URL_FONTE_COORDENADAS":"https://www.openstreetmap.org/node/206136859","ATRIBUICAO_COORDENADAS":"© OpenStreetMap contributors, ODbL 1.0","PAIS_ISO3":"BRA"},"geometry":{"type":"Point","coordinates":[-49.2319996,-25.5229681]}},{"type":"Feature","properties":{"ESTADIO":"Vila Redemptora","NOME_OFICIAL":"* Localização exata não encontrada, acredito ser no mesmo campo da bernardino de campos ou na sede do palestra, próxima a Vila Redemptora.","CIDADE":"São José do Rio Preto","ESTADO":"São Paulo","PAIS":"Brasil","LATITUDE":-20.8209302,"LONGITUDE":-49.3871034,"PRIMEIRA_PARTIDA":"palestra de rio preto 3 x 9 Corinthians","DATA_PRIMEIRA_PARTIDA":"1936-06-21","ANO_PRIMEIRA_PARTIDA":1936,"ADVERSARIO":"palestra de rio preto","PLACAR":"3 x 9","COMPETICAO_PRIMEIRA_PARTIDA":"Amistoso","MANDO_PRIMEIRA_PARTIDA":"Visitante","TOTAL_JOGOS":2,"VITORIAS":2,"EMPATES":0,"DERROTAS":0,"APROVEITAMENTO_PCT":100.0,"GOLS_MARCADOS":18,"GOLS_SOFRIDOS":6,"ESTADIOS_COM_ESTREIA_NA_DECADA":19,"OBSERVACOES":null,"FONTE_PRIMEIRA_PARTIDA":"Meu Timão / Acervo ATLAS1910","DESCRICAO_ORIGINAL":"* Localização exata não encontrada, acredito ser no mesmo campo da bernardino de campos ou na sede do palestra, próxima a Vila Redemptora.<br><br>Primeira partida: palestra de rio preto 3 x 9 Corinthians 21/06/1936 - Amistoso","FONTE_COORDENADAS":"OpenStreetMap Nominatim (geocodificação reversa)","URL_FONTE_COORDENADAS":"https://www.openstreetmap.org/relation/298344","ATRIBUICAO_COORDENADAS":"© OpenStreetMap contributors, ODbL 1.0","CAPACIDADE":"1000","CAPACIDADE_FONTE":"Meu Timão","URL_FONTE_CAPACIDADE":"https://www.meutimao.com.br/estadio/vila_redemptora/","PAIS_ISO3":"BRA"},"geometry":{"type":"Point","coordinates":[-49.3871034,-20.8209302]}},{"type":"Feature","properties":{"ESTADIO":"Vila Resende","NOME_OFICIAL":"Av. Dona Francisca, 333, antigo Doutor Kok, não encontrei registro da construção do estádio, mas parece ser o campo da Vila Resende (https://pt.wikipedia.org/wiki/Clube_Atl%C3%A9tico_Piracicabano, https://pt.wikipedia.org/wiki/Est%C3%A1dio_Doutor_Kok","CIDADE":"Piracicaba","ESTADO":"São Paulo","PAIS":"Brasil","LATITUDE":-22.7107181,"LONGITUDE":-47.6551293,"PRIMEIRA_PARTIDA":"ATLÉTICO PIRACICABANO 2x4 CORINTHIANS","DATA_PRIMEIRA_PARTIDA":"1947-02-02","ANO_PRIMEIRA_PARTIDA":1947,"ADVERSARIO":"ATLÉTICO PIRACICABANO","PLACAR":"2x4","COMPETICAO_PRIMEIRA_PARTIDA":"Amistosos 1947","MANDO_PRIMEIRA_PARTIDA":"Visitante","TOTAL_JOGOS":1,"VITORIAS":1,"EMPATES":0,"DERROTAS":0,"APROVEITAMENTO_PCT":100.0,"GOLS_MARCADOS":4,"GOLS_SOFRIDOS":2,"ESTADIOS_COM_ESTREIA_NA_DECADA":48,"OBSERVACOES":null,"FONTE_PRIMEIRA_PARTIDA":"https://www.meutimao.com.br/jogo/5989/amistosos-1947/amistoso/atletico_piracicabano-2-x-4-corinthians","DESCRICAO_ORIGINAL":"Av. Dona Francisca, 333, antigo Doutor Kok, não encontrei registro da construção do estádio, mas parece ser o campo da Vila Resende (https://pt.wikipedia.org/wiki/Clube_Atl%C3%A9tico_Piracicabano, https://pt.wikipedia.org/wiki/Est%C3%A1dio_Doutor_Kok","FONTE_COORDENADAS":"OpenStreetMap Nominatim (geocodificação reversa)","URL_FONTE_COORDENADAS":"https://www.openstreetmap.org/relation/298413","ATRIBUICAO_COORDENADAS":"© OpenStreetMap contributors, ODbL 1.0","PAIS_ISO3":"BRA"},"geometry":{"type":"Point","coordinates":[-47.6551293,-22.7107181]}},{"type":"Feature","properties":{"ESTADIO":"Vila Sophia (Lapa)","NOME_OFICIAL":"* Não foi possível identificar o local exato, o campo conhecido da Lapa no período, era a várzea da lapa. Não encontrei qual região do bairro ficava a vila sofia (https://www.prefeitura.sp.gov.br/cidade/secretarias/subprefeituras/lapa/historico/)<b","CIDADE":"São Paulo","ESTADO":"São Paulo","PAIS":"Brasil","LATITUDE":-23.5291898,"LONGITUDE":-46.6979238,"PRIMEIRA_PARTIDA":"RUGGERONE 4x1 CORINTHIANS","DATA_PRIMEIRA_PARTIDA":"1912-02-10","ANO_PRIMEIRA_PARTIDA":1912,"ADVERSARIO":"RUGGERONE","PLACAR":"4x1","COMPETICAO_PRIMEIRA_PARTIDA":"Jogo varzeano 1910","MANDO_PRIMEIRA_PARTIDA":"Visitante","TOTAL_JOGOS":1,"VITORIAS":0,"EMPATES":0,"DERROTAS":1,"APROVEITAMENTO_PCT":0.0,"GOLS_MARCADOS":1,"GOLS_SOFRIDOS":4,"ESTADIOS_COM_ESTREIA_NA_DECADA":28,"OBSERVACOES":null,"FONTE_PRIMEIRA_PARTIDA":"https://www.meutimao.com.br/jogo/7060/jogo-varzeano-1910/amistoso/ruggerone-4-x-1-corinthians","DESCRICAO_ORIGINAL":"* Não foi possível identificar o local exato, o campo conhecido da Lapa no período, era a várzea da lapa. Não encontrei qual região do bairro ficava a vila sofia (https://www.prefeitura.sp.gov.br/cidade/secretarias/subprefeituras/lapa/historico/)<b","FONTE_COORDENADAS":"OpenStreetMap Nominatim (geocodificação reversa)","URL_FONTE_COORDENADAS":"https://www.openstreetmap.org/relation/298285","ATRIBUICAO_COORDENADAS":"© OpenStreetMap contributors, ODbL 1.0","PAIS_ISO3":"BRA"},"geometry":{"type":"Point","coordinates":[-46.6979238,-23.5291898]}},{"type":"Feature","properties":{"ESTADIO":"Várzea da Lapa","NOME_OFICIAL":"Atual Mercado Municipal da Lapa","CIDADE":"São Paulo","ESTADO":"São Paulo","PAIS":"Brasil","LATITUDE":-23.5193489,"LONGITUDE":-46.7017183,"PRIMEIRA_PARTIDA":"união lapa 1 x 0 Corinthians","DATA_PRIMEIRA_PARTIDA":"1910-09-10","ANO_PRIMEIRA_PARTIDA":1910,"ADVERSARIO":"união lapa","PLACAR":"1 x 0","COMPETICAO_PRIMEIRA_PARTIDA":"Jogo Varzeano","MANDO_PRIMEIRA_PARTIDA":"Visitante","TOTAL_JOGOS":4,"VITORIAS":2,"EMPATES":0,"DERROTAS":2,"APROVEITAMENTO_PCT":50.0,"GOLS_MARCADOS":12,"GOLS_SOFRIDOS":4,"ESTADIOS_COM_ESTREIA_NA_DECADA":28,"OBSERVACOES":"Local da primeira partida do Corinthians","FONTE_PRIMEIRA_PARTIDA":"Meu Timão / Acervo ATLAS1910","DESCRICAO_ORIGINAL":"Atual Mercado Municipal da Lapa<br><br>Local da primeira partida do Corinthians<br><br>Primeira partida: união lapa 1 x 0 Corinthians 10/09/1910 - Jogo Varzeano","FONTE_COORDENADAS":"OpenStreetMap Nominatim (geocodificação reversa)","URL_FONTE_COORDENADAS":"https://www.openstreetmap.org/relation/298285","ATRIBUICAO_COORDENADAS":"© OpenStreetMap contributors, ODbL 1.0","CAPACIDADE":"1000","CAPACIDADE_FONTE":"Meu Timão","URL_FONTE_CAPACIDADE":"https://www.meutimao.com.br/estadio/varzea_da_lapa/","PAIS_ISO3":"BRA"},"geometry":{"type":"Point","coordinates":[-46.7017183,-23.5193489]}},{"type":"Feature","properties":{"ESTADIO":"Vélodrome","NOME_OFICIAL":"Stade Vélodrome","CIDADE":"Marselha","ESTADO":"Provença-Alpes-Costa Azul","PAIS":"France","LATITUDE":43.269827,"LONGITUDE":5.3958873,"PRIMEIRA_PARTIDA":"olympique de marselha 1 x 2 Corinthians","DATA_PRIMEIRA_PARTIDA":"1970-05-15","ANO_PRIMEIRA_PARTIDA":1970,"ADVERSARIO":"olympique de marselha","PLACAR":"1 x 2","COMPETICAO_PRIMEIRA_PARTIDA":"Amistoso","MANDO_PRIMEIRA_PARTIDA":"Visitante","TOTAL_JOGOS":1,"VITORIAS":1,"EMPATES":0,"DERROTAS":0,"APROVEITAMENTO_PCT":100.0,"GOLS_MARCADOS":2,"GOLS_SOFRIDOS":1,"ESTADIOS_COM_ESTREIA_NA_DECADA":44,"OBSERVACOES":null,"FONTE_PRIMEIRA_PARTIDA":"Meu Timão / Acervo ATLAS1910","DESCRICAO_ORIGINAL":"Stade Vélodrome<br><br>Primeira partida: olympique de marselha 1 x 2 Corinthians 15/05/1970 - Amistoso","FONTE_COORDENADAS":"OpenStreetMap Nominatim (geocodificação reversa)","URL_FONTE_COORDENADAS":"https://www.openstreetmap.org/relation/76469","ATRIBUICAO_COORDENADAS":"© OpenStreetMap contributors, ODbL 1.0","CAPACIDADE":"67394","CAPACIDADE_FONTE":"Meu Timão","URL_FONTE_CAPACIDADE":"https://www.meutimao.com.br/estadio/stade_velodrome/","PAIS_ISO3":"FRA","FONTE_CORRECAO_PAIS":"https://data.geocode.earth/wof/dist/legacy/whosonfirst-data-country-latest.tar.bz2"},"geometry":{"type":"Point","coordinates":[5.3958873,43.269827]}},{"type":"Feature","properties":{"ESTADIO":"Walter Ribeiro/Estádio do CIC","NOME_OFICIAL":"Estádio Municipal de Sorocaba Walter Ribeiro","CIDADE":"Sorocaba","ESTADO":"SP","PAIS":"Brasil","LATITUDE":-23.4903864,"LONGITUDE":-47.4486124,"PRIMEIRA_PARTIDA":"são bento 0 x 2 Corinthians","DATA_PRIMEIRA_PARTIDA":"1978-10-22","ANO_PRIMEIRA_PARTIDA":1978,"ADVERSARIO":"são bento","PLACAR":"0 x 2","COMPETICAO_PRIMEIRA_PARTIDA":"Paulista","MANDO_PRIMEIRA_PARTIDA":"Visitante","TOTAL_JOGOS":21,"VITORIAS":11,"EMPATES":8,"DERROTAS":2,"APROVEITAMENTO_PCT":65.1,"GOLS_MARCADOS":29,"GOLS_SOFRIDOS":14,"ESTADIOS_COM_ESTREIA_NA_DECADA":44,"OBSERVACOES":null,"FONTE_PRIMEIRA_PARTIDA":"Meu Timão / Acervo ATLAS1910","DESCRICAO_ORIGINAL":"Estádio Municipal de Sorocaba Walter Ribeiro<br><br>Primeira partida: são bento 0 x 2 Corinthians 22/10/1978 - Paulista","PAIS_ISO3":"BRA"},"geometry":{"type":"Point","coordinates":[-47.4486124,-23.4903864]}},{"type":"Feature","properties":{"ESTADIO":"Wanderley José Vicentini","NOME_OFICIAL":"Estádio Municipal Wanderley José Vicentini","CIDADE":"Pedreira","ESTADO":"São Paulo","PAIS":"Brasil","LATITUDE":-22.7359758,"LONGITUDE":-46.8914446,"PRIMEIRA_PARTIDA":"Corinthians 1 x 0 ituano","DATA_PRIMEIRA_PARTIDA":"1998-01-11","ANO_PRIMEIRA_PARTIDA":1998,"ADVERSARIO":"ituano","PLACAR":"1 x 0","COMPETICAO_PRIMEIRA_PARTIDA":"Amistoso","MANDO_PRIMEIRA_PARTIDA":"Mandante","TOTAL_JOGOS":2,"VITORIAS":2,"EMPATES":0,"DERROTAS":0,"APROVEITAMENTO_PCT":100.0,"GOLS_MARCADOS":2,"GOLS_SOFRIDOS":0,"ESTADIOS_COM_ESTREIA_NA_DECADA":35,"OBSERVACOES":null,"FONTE_PRIMEIRA_PARTIDA":"Meu Timão / Acervo ATLAS1910","DESCRICAO_ORIGINAL":"Estádio Municipal Wanderley José Vicentini<br><br>Primeira partida: Corinthians 1 x 0 ituano 11/01/1998 - Amistoso","FONTE_COORDENADAS":"OpenStreetMap Nominatim (geocodificação reversa)","URL_FONTE_COORDENADAS":"https://www.openstreetmap.org/relation/298283","ATRIBUICAO_COORDENADAS":"© OpenStreetMap contributors, ODbL 1.0","CAPACIDADE":"4736","CAPACIDADE_FONTE":"Meu Timão","URL_FONTE_CAPACIDADE":"https://www.meutimao.com.br/estadio/wanderley_jose_vicentini/","PAIS_ISO3":"BRA"},"geometry":{"type":"Point","coordinates":[-46.8914446,-22.7359758]}},{"type":"Feature","properties":{"ESTADIO":"XV de Novembro","NOME_OFICIAL":null,"CIDADE":"Caraguatatuba","ESTADO":"São Paulo","PAIS":"Brasil","LATITUDE":-23.6180241,"LONGITUDE":-45.4101619,"PRIMEIRA_PARTIDA":"xv de caraguá 0 x 2 Corinthians","DATA_PRIMEIRA_PARTIDA":"1991-06-30","ANO_PRIMEIRA_PARTIDA":1991,"ADVERSARIO":"xv de caraguá","PLACAR":"0 x 2","COMPETICAO_PRIMEIRA_PARTIDA":"Amistoso","MANDO_PRIMEIRA_PARTIDA":"Visitante","TOTAL_JOGOS":1,"VITORIAS":1,"EMPATES":0,"DERROTAS":0,"APROVEITAMENTO_PCT":100.0,"GOLS_MARCADOS":2,"GOLS_SOFRIDOS":0,"ESTADIOS_COM_ESTREIA_NA_DECADA":35,"OBSERVACOES":null,"FONTE_PRIMEIRA_PARTIDA":"Meu Timão / Acervo ATLAS1910","DESCRICAO_ORIGINAL":"Primeira partida: xv de caraguá 0 x 2 Corinthians 30/06/1991 - Amistoso","FONTE_COORDENADAS":"OpenStreetMap Nominatim (geocodificação reversa)","URL_FONTE_COORDENADAS":"https://www.openstreetmap.org/relation/298259","ATRIBUICAO_COORDENADAS":"© OpenStreetMap contributors, ODbL 1.0","PAIS_ISO3":"BRA"},"geometry":{"type":"Point","coordinates":[-45.4101619,-23.6180241]}},{"type":"Feature","properties":{"ESTADIO":"Zezinho Magalhães","NOME_OFICIAL":null,"CIDADE":"Jaú","ESTADO":"São Paulo","PAIS":"Brasil","LATITUDE":-22.2965664,"LONGITUDE":-48.5726166,"PRIMEIRA_PARTIDA":"XV DE JAÚ 0x3 CORINTHIANS","DATA_PRIMEIRA_PARTIDA":"1925-11-15","ANO_PRIMEIRA_PARTIDA":1925,"ADVERSARIO":"XV DE JAÚ","PLACAR":"0x3","COMPETICAO_PRIMEIRA_PARTIDA":"Amistosos 1925","MANDO_PRIMEIRA_PARTIDA":"Visitante","TOTAL_JOGOS":42,"VITORIAS":20,"EMPATES":16,"DERROTAS":6,"APROVEITAMENTO_PCT":60.3,"GOLS_MARCADOS":58,"GOLS_SOFRIDOS":38,"ESTADIOS_COM_ESTREIA_NA_DECADA":26,"OBSERVACOES":null,"FONTE_PRIMEIRA_PARTIDA":"https://www.meutimao.com.br/jogo/6777/amistosos-1925/amistoso/xv_de_jau-0-x-3-corinthians","DESCRICAO_ORIGINAL":"Primeira partida: xv de jaú 3 x 0 Corinthians 05/06/1977 - Paulista","FONTE_COORDENADAS":"OpenStreetMap Nominatim (geocodificação reversa)","URL_FONTE_COORDENADAS":"https://www.openstreetmap.org/relation/298378","ATRIBUICAO_COORDENADAS":"© OpenStreetMap contributors, ODbL 1.0","CAPACIDADE":"20000","CAPACIDADE_FONTE":"Meu Timão","URL_FONTE_CAPACIDADE":"https://www.meutimao.com.br/estadio/zezinho_magalhaes/","PAIS_ISO3":"BRA"},"geometry":{"type":"Point","coordinates":[-48.5726166,-22.2965664]}},{"type":"Feature","properties":{"ESTADIO":"Giulite Coutinho (Édson Passos)","NOME_OFICIAL":null,"CIDADE":"Mesquita","ESTADO":"Rio de Janeiro","PAIS":"Brasil","LATITUDE":-22.7954789,"LONGITUDE":-43.4197703,"PRIMEIRA_PARTIDA":"américa 0 x 2 Corinthians","DATA_PRIMEIRA_PARTIDA":"2002-02-09","ANO_PRIMEIRA_PARTIDA":2002,"ADVERSARIO":"américa","PLACAR":"0 x 2","COMPETICAO_PRIMEIRA_PARTIDA":"Rio São Paulo","MANDO_PRIMEIRA_PARTIDA":"Visitante","TOTAL_JOGOS":2,"VITORIAS":1,"EMPATES":1,"DERROTAS":0,"APROVEITAMENTO_PCT":66.7,"GOLS_MARCADOS":3,"GOLS_SOFRIDOS":1,"ESTADIOS_COM_ESTREIA_NA_DECADA":21,"OBSERVACOES":null,"FONTE_PRIMEIRA_PARTIDA":"Meu Timão / Acervo ATLAS1910","DESCRICAO_ORIGINAL":"Primeira partida: américa 0 x 2 Corinthians 09/02/2002 - Rio São Paulo","FONTE_COORDENADAS":"OpenStreetMap Nominatim (geocodificação reversa)","URL_FONTE_COORDENADAS":"https://www.openstreetmap.org/relation/2709108","ATRIBUICAO_COORDENADAS":"© OpenStreetMap contributors, ODbL 1.0","PAIS_ISO3":"BRA"},"geometry":{"type":"Point","coordinates":[-43.4197703,-22.7954789]}},{"type":"Feature","properties":{"ESTADIO":"Ítalo Setti","NOME_OFICIAL":"Estádio demolido, https://pt.wikipedia.org/wiki/Esporte_Clube_S%C3%A3o_Bernardo#Est%C3%A1dios","CIDADE":"São Bernardo do Campo","ESTADO":"São Paulo","PAIS":"Brasil","LATITUDE":-23.7056855,"LONGITUDE":-46.5515933,"PRIMEIRA_PARTIDA":"são bernardo 2 x 2 Corinthians","DATA_PRIMEIRA_PARTIDA":"1959-03-01","ANO_PRIMEIRA_PARTIDA":1959,"ADVERSARIO":"são bernardo","PLACAR":"2 x 2","COMPETICAO_PRIMEIRA_PARTIDA":"Amistoso","MANDO_PRIMEIRA_PARTIDA":"Visitante","TOTAL_JOGOS":2,"VITORIAS":0,"EMPATES":2,"DERROTAS":0,"APROVEITAMENTO_PCT":33.3,"GOLS_MARCADOS":4,"GOLS_SOFRIDOS":4,"ESTADIOS_COM_ESTREIA_NA_DECADA":72,"OBSERVACOES":null,"FONTE_PRIMEIRA_PARTIDA":"https://pt.wikipedia.org/wiki/Esporte_Clube_S%C3%A3o_Bernardo#Est%C3%A1dios","DESCRICAO_ORIGINAL":"Estádio demolido, https://pt.wikipedia.org/wiki/Esporte_Clube_S%C3%A3o_Bernardo#Est%C3%A1dios<br><br>Primeira partida: são bernardo 2 x 2 Corinthians 01/03/1959 - Amistoso","FONTE_COORDENADAS":"OpenStreetMap Nominatim (geocodificação reversa)","URL_FONTE_COORDENADAS":"https://www.openstreetmap.org/relation/297968","ATRIBUICAO_COORDENADAS":"© OpenStreetMap contributors, ODbL 1.0","CAPACIDADE":"5000","CAPACIDADE_FONTE":"Meu Timão","URL_FONTE_CAPACIDADE":"https://www.meutimao.com.br/estadio/italo_setti/","PAIS_ISO3":"BRA"},"geometry":{"type":"Point","coordinates":[-46.5515933,-23.7056855]}},{"type":"Feature","properties":{"ESTADIO":"Ítalo Del Cima","NOME_OFICIAL":null,"CIDADE":"Rio de Janeiro","ESTADO":"Rio de Janeiro","PAIS":"Brasil","LATITUDE":-22.9015803,"LONGITUDE":-43.5458351,"PRIMEIRA_PARTIDA":"campo grande 1 x 1 Corinthians","DATA_PRIMEIRA_PARTIDA":"1983-03-23","ANO_PRIMEIRA_PARTIDA":1983,"ADVERSARIO":"campo grande","PLACAR":"1 x 1","COMPETICAO_PRIMEIRA_PARTIDA":"Brasileiro","MANDO_PRIMEIRA_PARTIDA":"Visitante","TOTAL_JOGOS":2,"VITORIAS":0,"EMPATES":2,"DERROTAS":0,"APROVEITAMENTO_PCT":33.3,"GOLS_MARCADOS":2,"GOLS_SOFRIDOS":2,"ESTADIOS_COM_ESTREIA_NA_DECADA":37,"OBSERVACOES":null,"FONTE_PRIMEIRA_PARTIDA":"Meu Timão / Acervo ATLAS1910","DESCRICAO_ORIGINAL":"Primeira partida: campo grande 1 x 1 Corinthians 23/03/1983 - Brasileiro","FONTE_COORDENADAS":"OpenStreetMap Nominatim (geocodificação reversa)","URL_FONTE_COORDENADAS":"https://www.openstreetmap.org/relation/2697338","ATRIBUICAO_COORDENADAS":"© OpenStreetMap contributors, ODbL 1.0","CAPACIDADE":"18000","CAPACIDADE_FONTE":"Meu Timão","URL_FONTE_CAPACIDADE":"https://www.meutimao.com.br/estadio/italo_del_cima/","PAIS_ISO3":"BRA"},"geometry":{"type":"Point","coordinates":[-43.5458351,-22.9015803]}},{"type":"Feature","properties":{"ESTADIO":"Olímpico Atahualpa","NOME_OFICIAL":null,"CIDADE":"Quito","ESTADO":"Pichincha","PAIS":"Ecuador","LATITUDE":-0.1775,"LONGITUDE":-78.4766667,"PRIMEIRA_PARTIDA":"el nacional 2 x 1 Corinthians","DATA_PRIMEIRA_PARTIDA":"1977-04-10","ANO_PRIMEIRA_PARTIDA":1977,"ADVERSARIO":"el nacional","PLACAR":"2 x 1","COMPETICAO_PRIMEIRA_PARTIDA":"Libertadores","MANDO_PRIMEIRA_PARTIDA":"Visitante","TOTAL_JOGOS":6,"VITORIAS":2,"EMPATES":2,"DERROTAS":2,"APROVEITAMENTO_PCT":44.4,"GOLS_MARCADOS":12,"GOLS_SOFRIDOS":10,"ESTADIOS_COM_ESTREIA_NA_DECADA":44,"OBSERVACOES":null,"FONTE_PRIMEIRA_PARTIDA":"Meu Timão / Acervo ATLAS1910","DESCRICAO_ORIGINAL":"Primeira partida: el nacional 2 x 1 Corinthians  10/04/1977 - Libertadores","FONTE_COORDENADAS":"OpenStreetMap Nominatim (geocodificação reversa)","URL_FONTE_COORDENADAS":"https://www.openstreetmap.org/node/58950371","ATRIBUICAO_COORDENADAS":"© OpenStreetMap contributors, ODbL 1.0","CAPACIDADE":"39816","CAPACIDADE_FONTE":"StadiumDB.com","URL_FONTE_CAPACIDADE":"https://stadiumdb.com/stadiums/ecu/estadio_olimpico_atahualpa","PAIS_ISO3":"ECU","FONTE_CORRECAO_PAIS":"https://data.geocode.earth/wof/dist/legacy/whosonfirst-data-country-latest.tar.bz2"},"geometry":{"type":"Point","coordinates":[-78.4766667,-0.1775]}},{"type":"Feature","properties":{"ESTADIO":"3 de Febrero","NOME_OFICIAL":"Estádio Tenente Coronel Antonio Oddone Sarubbi","CIDADE":"Ciudad del Este","ESTADO":"Alto Paraná","PAIS":"Paraguai","LATITUDE":-25.5268431,"LONGITUDE":-54.6118291,"PRIMEIRA_PARTIDA":"nacional (PAR) 1 x 3 Corinthians","DATA_PRIMEIRA_PARTIDA":"2012-04-11","ANO_PRIMEIRA_PARTIDA":2012,"ADVERSARIO":"nacional (PAR)","PLACAR":"1 x 3","COMPETICAO_PRIMEIRA_PARTIDA":"Libertadores","MANDO_PRIMEIRA_PARTIDA":"Visitante","TOTAL_JOGOS":3,"VITORIAS":3,"EMPATES":0,"DERROTAS":0,"APROVEITAMENTO_PCT":100.0,"GOLS_MARCADOS":9,"GOLS_SOFRIDOS":3,"ESTADIOS_COM_ESTREIA_NA_DECADA":31,"OBSERVACOES":null,"FONTE_PRIMEIRA_PARTIDA":"Meu Timão / Acervo ATLAS1910","DESCRICAO_ORIGINAL":"Estádio Tenente Coronel Antonio Oddone Sarubbi<br><br>Primeira partida: nacional (PAR) 1 x 3 Corinthians 11/04/2012 - Libertadores","FONTE_COORDENADAS":"OpenStreetMap Nominatim (geocodificação reversa)","URL_FONTE_COORDENADAS":"https://www.openstreetmap.org/relation/6552045","ATRIBUICAO_COORDENADAS":"© OpenStreetMap contributors, ODbL 1.0","PAIS_ISO3":"PRY"},"geometry":{"type":"Point","coordinates":[-54.6118291,-25.5268431]}},{"type":"Feature","properties":{"ESTADIO":"Fonte Nova","NOME_OFICIAL":"Itaipava Arena Fonte Nova","CIDADE":"Salvador","ESTADO":"Bahia","PAIS":"Brasil","LATITUDE":-12.97883,"LONGITUDE":-38.5043711,"PRIMEIRA_PARTIDA":"botafogo (BA) 2 x 2 Corinthians","DATA_PRIMEIRA_PARTIDA":"1955-06-04","ANO_PRIMEIRA_PARTIDA":1955,"ADVERSARIO":"botafogo (BA)","PLACAR":"2 x 2","COMPETICAO_PRIMEIRA_PARTIDA":"Amistoso","MANDO_PRIMEIRA_PARTIDA":"Visitante","TOTAL_JOGOS":106,"VITORIAS":38,"EMPATES":30,"DERROTAS":38,"APROVEITAMENTO_PCT":45.3,"GOLS_MARCADOS":134,"GOLS_SOFRIDOS":120,"ESTADIOS_COM_ESTREIA_NA_DECADA":72,"OBSERVACOES":null,"FONTE_PRIMEIRA_PARTIDA":"Meu Timão / Acervo ATLAS1910","DESCRICAO_ORIGINAL":"Itaipava Arena Fonte Nova<br><br>Primeira partida: botafogo (BA) 2 x 2 Corinthians 04/06/1955 - Amistoso","FONTE_COORDENADAS":"OpenStreetMap Nominatim (geocodificação reversa)","URL_FONTE_COORDENADAS":"https://www.openstreetmap.org/relation/362362","ATRIBUICAO_COORDENADAS":"© OpenStreetMap contributors, ODbL 1.0","CAPACIDADE":"50000","CAPACIDADE_FONTE":"StadiumDB.com","URL_FONTE_CAPACIDADE":"https://stadiumdb.com/stadiums/bra/arena_fonte_nova","PAIS_ISO3":"BRA"},"geometry":{"type":"Point","coordinates":[-38.5043711,-12.97883]}},{"type":"Feature","properties":{"ESTADIO":"Artur Simões","NOME_OFICIAL":"O estádio foi demolido e ocupado por residencias, mas não encontrei o local onde ficava o estádio https://xvdejau.com.br/estadio/","CIDADE":"Jaú","ESTADO":"São Paulo","PAIS":"Brasil","LATITUDE":-22.3023754,"LONGITUDE":-48.5723053,"PRIMEIRA_PARTIDA":"xv de jaú 0 x 3 Corinthians","DATA_PRIMEIRA_PARTIDA":"1947-11-16","ANO_PRIMEIRA_PARTIDA":1947,"ADVERSARIO":"xv de jaú","PLACAR":"0 x 3","COMPETICAO_PRIMEIRA_PARTIDA":"Amistoso","MANDO_PRIMEIRA_PARTIDA":"Visitante","TOTAL_JOGOS":8,"VITORIAS":3,"EMPATES":2,"DERROTAS":3,"APROVEITAMENTO_PCT":45.8,"GOLS_MARCADOS":16,"GOLS_SOFRIDOS":11,"ESTADIOS_COM_ESTREIA_NA_DECADA":48,"OBSERVACOES":null,"FONTE_PRIMEIRA_PARTIDA":"https://xvdejau.com.br/estadio/","DESCRICAO_ORIGINAL":"O estádio foi demolido e ocupado por residencias, mas não encontrei o local onde ficava o estádio https://xvdejau.com.br/estadio/<br><br>Primeira partida: xv de jaú 0 x 3 Corinthians 16/11/1947 - Amistoso","FONTE_COORDENADAS":"OpenStreetMap Nominatim (geocodificação reversa)","URL_FONTE_COORDENADAS":"https://www.openstreetmap.org/relation/298378","ATRIBUICAO_COORDENADAS":"© OpenStreetMap contributors, ODbL 1.0","PAIS_ISO3":"BRA"},"geometry":{"type":"Point","coordinates":[-48.5723053,-22.3023754]}},{"type":"Feature","properties":{"ESTADIO":"Avenida Bento Gonçalves","NOME_OFICIAL":"Estádio Boca do Lobo","CIDADE":"Pelotas","ESTADO":"Rio Grande do Sul","PAIS":"Brasil","LATITUDE":-31.760726,"LONGITUDE":-52.3367302,"PRIMEIRA_PARTIDA":"pelotas 1 x 2 Corinthians","DATA_PRIMEIRA_PARTIDA":"1957-10-08","ANO_PRIMEIRA_PARTIDA":1957,"ADVERSARIO":"pelotas","PLACAR":"1 x 2","COMPETICAO_PRIMEIRA_PARTIDA":"Amistoso","MANDO_PRIMEIRA_PARTIDA":"Visitante","TOTAL_JOGOS":1,"VITORIAS":1,"EMPATES":0,"DERROTAS":0,"APROVEITAMENTO_PCT":100.0,"GOLS_MARCADOS":2,"GOLS_SOFRIDOS":1,"ESTADIOS_COM_ESTREIA_NA_DECADA":72,"OBSERVACOES":null,"FONTE_PRIMEIRA_PARTIDA":"Meu Timão / Acervo ATLAS1910","DESCRICAO_ORIGINAL":"Estádio Boca do Lobo<br><br>primeira partida: pelotas 1 x 2 Corinthians 08/10/1957 - Amistoso","FONTE_COORDENADAS":"OpenStreetMap Nominatim (geocodificação reversa)","URL_FONTE_COORDENADAS":"https://www.openstreetmap.org/relation/361756","ATRIBUICAO_COORDENADAS":"© OpenStreetMap contributors, ODbL 1.0","CAPACIDADE":"23336","CAPACIDADE_FONTE":"StadiumDB.com","URL_FONTE_CAPACIDADE":"https://stadiumdb.com/stadiums/bra/estadio_boca_do_lobo","PAIS_ISO3":"BRA"},"geometry":{"type":"Point","coordinates":[-52.3367302,-31.760726]}},{"type":"Feature","properties":{"ESTADIO":"Robert Todd Locke","NOME_OFICIAL":"Estádio da Marechal","CIDADE":"Jaboticabal","ESTADO":"São Paulo","PAIS":"Brasil","LATITUDE":-21.26086,"LONGITUDE":-48.3252536,"PRIMEIRA_PARTIDA":"jaboticabal 1 x 1 Corinthians","DATA_PRIMEIRA_PARTIDA":"1928-08-05","ANO_PRIMEIRA_PARTIDA":1928,"ADVERSARIO":"jaboticabal","PLACAR":"1 x 1","COMPETICAO_PRIMEIRA_PARTIDA":"Amistoso","MANDO_PRIMEIRA_PARTIDA":"Visitante","TOTAL_JOGOS":3,"VITORIAS":1,"EMPATES":2,"DERROTAS":0,"APROVEITAMENTO_PCT":55.6,"GOLS_MARCADOS":4,"GOLS_SOFRIDOS":3,"ESTADIOS_COM_ESTREIA_NA_DECADA":26,"OBSERVACOES":"Localização Av. Mal. Deodoro, 1116","FONTE_PRIMEIRA_PARTIDA":"Meu Timão / Acervo ATLAS1910","DESCRICAO_ORIGINAL":"Estádio da Marechal<br><br>Localização Av. Mal. Deodoro, 1116<br><br>Primeira partida: jaboticabal 1 x 1 Corinthians 05/08/1928 - Amistoso","FONTE_COORDENADAS":"OpenStreetMap Nominatim (geocodificação reversa)","URL_FONTE_COORDENADAS":"https://www.openstreetmap.org/relation/297912","ATRIBUICAO_COORDENADAS":"© OpenStreetMap contributors, ODbL 1.0","PAIS_ISO3":"BRA"},"geometry":{"type":"Point","coordinates":[-48.3252536,-21.26086]}},{"type":"Feature","properties":{"ESTADIO":"Baetão","NOME_OFICIAL":"Atual: Estádio Municipal Giglio Portugal Pichinin","CIDADE":"São Bernardo do Campo","ESTADO":"São Paulo","PAIS":"Brasil","LATITUDE":-23.6996464,"LONGITUDE":-46.5425045,"PRIMEIRA_PARTIDA":"palestra de são bernardo 2 x 3 Corinthians","DATA_PRIMEIRA_PARTIDA":"1974-06-12","ANO_PRIMEIRA_PARTIDA":1974,"ADVERSARIO":"palestra de são bernardo","PLACAR":"2 x 3","COMPETICAO_PRIMEIRA_PARTIDA":"Amistoso","MANDO_PRIMEIRA_PARTIDA":"Visitante","TOTAL_JOGOS":2,"VITORIAS":2,"EMPATES":0,"DERROTAS":0,"APROVEITAMENTO_PCT":100.0,"GOLS_MARCADOS":6,"GOLS_SOFRIDOS":4,"ESTADIOS_COM_ESTREIA_NA_DECADA":44,"OBSERVACOES":"Antigo: Humberto de Alencar Castello Branco","FONTE_PRIMEIRA_PARTIDA":"Meu Timão / Acervo ATLAS1910","DESCRICAO_ORIGINAL":"Atual: Estádio Municipal Giglio Portugal Pichinin<br>Antigo: Humberto de Alencar Castello Branco<br><br>Primeira partida: palestra de são bernardo 2 x 3 Corinthians 12/06/1974 - Amistoso","FONTE_COORDENADAS":"OpenStreetMap Nominatim (geocodificação reversa)","URL_FONTE_COORDENADAS":"https://www.openstreetmap.org/relation/297968","ATRIBUICAO_COORDENADAS":"© OpenStreetMap contributors, ODbL 1.0","CAPACIDADE":"5200","CAPACIDADE_FONTE":"Meu Timão","URL_FONTE_CAPACIDADE":"https://www.meutimao.com.br/estadio/baetao/","PAIS_ISO3":"BRA"},"geometry":{"type":"Point","coordinates":[-46.5425045,-23.6996464]}},{"type":"Feature","properties":{"ESTADIO":"Baixada Rubra","NOME_OFICIAL":"Atual Estádio Francisco Stédile (Centenário)","CIDADE":"Caxias do Sul","ESTADO":"Rio Grande do Sul","PAIS":"Brasil","LATITUDE":-29.165035,"LONGITUDE":-51.1964629,"PRIMEIRA_PARTIDA":"flamengo-rs 1 x 4 Corinthians","DATA_PRIMEIRA_PARTIDA":"1957-10-06","ANO_PRIMEIRA_PARTIDA":1957,"ADVERSARIO":"flamengo-rs","PLACAR":"1 x 4","COMPETICAO_PRIMEIRA_PARTIDA":"Amistoso","MANDO_PRIMEIRA_PARTIDA":"Visitante","TOTAL_JOGOS":1,"VITORIAS":1,"EMPATES":0,"DERROTAS":0,"APROVEITAMENTO_PCT":100.0,"GOLS_MARCADOS":4,"GOLS_SOFRIDOS":1,"ESTADIOS_COM_ESTREIA_NA_DECADA":72,"OBSERVACOES":null,"FONTE_PRIMEIRA_PARTIDA":"Meu Timão / Acervo ATLAS1910","DESCRICAO_ORIGINAL":"Atual Estádio Francisco Stédile (Centenário)<br><br>Primeira partida: flamengo-rs 1 x 4 Corinthians 06/10/1957 - Amistoso","FONTE_COORDENADAS":"OpenStreetMap Nominatim (geocodificação reversa)","URL_FONTE_COORDENADAS":"https://www.openstreetmap.org/relation/242450","ATRIBUICAO_COORDENADAS":"© OpenStreetMap contributors, ODbL 1.0","PAIS_ISO3":"BRA"},"geometry":{"type":"Point","coordinates":[-51.1964629,-29.165035]}},{"type":"Feature","properties":{"ESTADIO":"Baixada dos Moinhos de vento","NOME_OFICIAL":"Estádio da Baixada ou \tFortim da Baixada","CIDADE":"Porto Alegre","ESTADO":"Rio Grande do Sul","PAIS":"Brasil","LATITUDE":-30.0285661,"LONGITUDE":-51.1993427,"PRIMEIRA_PARTIDA":"grêmio 0 x 1 Corinthians","DATA_PRIMEIRA_PARTIDA":"1947-12-11","ANO_PRIMEIRA_PARTIDA":1947,"ADVERSARIO":"grêmio","PLACAR":"0 x 1","COMPETICAO_PRIMEIRA_PARTIDA":null,"MANDO_PRIMEIRA_PARTIDA":"Visitante","TOTAL_JOGOS":1,"VITORIAS":1,"EMPATES":0,"DERROTAS":0,"APROVEITAMENTO_PCT":100.0,"GOLS_MARCADOS":1,"GOLS_SOFRIDOS":0,"ESTADIOS_COM_ESTREIA_NA_DECADA":48,"OBSERVACOES":"Localização exata não encontrada. Localização aproximada é baseada no conteúdo: https://www.gremiopedia.com/wiki/Est%C3%A1dio_da_Baixada","FONTE_PRIMEIRA_PARTIDA":"https://www.gremiopedia.com/wiki/Est%C3%A1dio_da_Baixada","DESCRICAO_ORIGINAL":"Estádio da Baixada ou \tFortim da Baixada<br><br>Localização exata não encontrada. Localização aproximada é baseada no conteúdo: https://www.gremiopedia.com/wiki/Est%C3%A1dio_da_Baixada<br><br>Primeira partida: grêmio 0 x 1 Corinthians 11/12/1947","FONTE_COORDENADAS":"OpenStreetMap Nominatim (geocodificação reversa)","URL_FONTE_COORDENADAS":"https://www.openstreetmap.org/relation/242397","ATRIBUICAO_COORDENADAS":"© OpenStreetMap contributors, ODbL 1.0","PAIS_ISO3":"BRA"},"geometry":{"type":"Point","coordinates":[-51.1993427,-30.0285661]}},{"type":"Feature","properties":{"ESTADIO":"Campeón del Siglo","NOME_OFICIAL":null,"CIDADE":"Montevidéu","ESTADO":"Montevideo","PAIS":"Uruguay","LATITUDE":-34.7970057,"LONGITUDE":-56.0672739,"PRIMEIRA_PARTIDA":"peñarol 4 x 0 Corinthians","DATA_PRIMEIRA_PARTIDA":"2021-05-13","ANO_PRIMEIRA_PARTIDA":2021,"ADVERSARIO":"peñarol","PLACAR":"4 x 0","COMPETICAO_PRIMEIRA_PARTIDA":"Sul-Americana","MANDO_PRIMEIRA_PARTIDA":"Visitante","TOTAL_JOGOS":4,"VITORIAS":0,"EMPATES":2,"DERROTAS":2,"APROVEITAMENTO_PCT":16.7,"GOLS_MARCADOS":2,"GOLS_SOFRIDOS":10,"ESTADIOS_COM_ESTREIA_NA_DECADA":6,"OBSERVACOES":null,"FONTE_PRIMEIRA_PARTIDA":"Meu Timão / Acervo ATLAS1910","DESCRICAO_ORIGINAL":"Primeira partida: peñarol 4 x 0 Corinthians 13/05/2021 - Sul-Americana","FONTE_COORDENADAS":"OpenStreetMap Nominatim (geocodificação reversa)","URL_FONTE_COORDENADAS":"https://www.openstreetmap.org/relation/2929054","ATRIBUICAO_COORDENADAS":"© OpenStreetMap contributors, ODbL 1.0","CAPACIDADE":"40000","CAPACIDADE_FONTE":"Meu Timão","URL_FONTE_CAPACIDADE":"https://www.meutimao.com.br/estadio/campeon_del_siglo/","PAIS_ISO3":"URY","FONTE_CORRECAO_PAIS":"https://data.geocode.earth/wof/dist/legacy/whosonfirst-data-country-latest.tar.bz2"},"geometry":{"type":"Point","coordinates":[-56.0672739,-34.7970057]}},{"type":"Feature","properties":{"ESTADIO":"Campo da A. A. Sãomanuelense","NOME_OFICIAL":"Estádio Municipal “DR. Adhemar De Barros”","CIDADE":"São Manuel","ESTADO":"São Paulo","PAIS":"Brasil","LATITUDE":-22.7315345,"LONGITUDE":-48.5667362,"PRIMEIRA_PARTIDA":"sãomanuelense 1 x 2 Corinthians","DATA_PRIMEIRA_PARTIDA":"1924-05-18","ANO_PRIMEIRA_PARTIDA":1924,"ADVERSARIO":"sãomanuelense","PLACAR":"1 x 2","COMPETICAO_PRIMEIRA_PARTIDA":"Amistoso","MANDO_PRIMEIRA_PARTIDA":"Visitante","TOTAL_JOGOS":1,"VITORIAS":1,"EMPATES":0,"DERROTAS":0,"APROVEITAMENTO_PCT":100.0,"GOLS_MARCADOS":2,"GOLS_SOFRIDOS":1,"ESTADIOS_COM_ESTREIA_NA_DECADA":26,"OBSERVACOES":null,"FONTE_PRIMEIRA_PARTIDA":"Meu Timão / Acervo ATLAS1910","DESCRICAO_ORIGINAL":"Estádio Municipal “DR. Adhemar De Barros”<br><br>Primeira partida: sãomanuelense 1 x 2 Corinthians 18/05/1924 - Amistoso","FONTE_COORDENADAS":"OpenStreetMap Nominatim (geocodificação reversa)","URL_FONTE_COORDENADAS":"https://www.openstreetmap.org/relation/298339","ATRIBUICAO_COORDENADAS":"© OpenStreetMap contributors, ODbL 1.0","PAIS_ISO3":"BRA"},"geometry":{"type":"Point","coordinates":[-48.5667362,-22.7315345]}},{"type":"Feature","properties":{"ESTADIO":"Campo da graça","NOME_OFICIAL":"Localização exata não encontrada https://atarde.com.br/muito/campo-da-graca-os-100-anos-do-primeiro-estadio-de-futebol-de-salvador-1116011","CIDADE":"Salvador","ESTADO":"Bahia","PAIS":"Brasil","LATITUDE":-12.9991643,"LONGITUDE":-38.5205235,"PRIMEIRA_PARTIDA":"ypiranga-BA 1 x 2 Corinthians","DATA_PRIMEIRA_PARTIDA":"1936-09-13","ANO_PRIMEIRA_PARTIDA":1936,"ADVERSARIO":"ypiranga-BA","PLACAR":"1 x 2","COMPETICAO_PRIMEIRA_PARTIDA":"Amistoso","MANDO_PRIMEIRA_PARTIDA":"Visitante","TOTAL_JOGOS":30,"VITORIAS":22,"EMPATES":0,"DERROTAS":8,"APROVEITAMENTO_PCT":73.3,"GOLS_MARCADOS":72,"GOLS_SOFRIDOS":40,"ESTADIOS_COM_ESTREIA_NA_DECADA":19,"OBSERVACOES":null,"FONTE_PRIMEIRA_PARTIDA":"https://atarde.com.br/muito/campo-da-graca-os-100-anos-do-primeiro-estadio-de-futebol-de-salvador-1116011","DESCRICAO_ORIGINAL":"Localização exata não encontrada https://atarde.com.br/muito/campo-da-graca-os-100-anos-do-primeiro-estadio-de-futebol-de-salvador-1116011<br><br>Primeira partida: ypiranga-BA 1 x 2 Corinthians 13/09/1936 - Amistoso","FONTE_COORDENADAS":"OpenStreetMap Nominatim (geocodificação reversa)","URL_FONTE_COORDENADAS":"https://www.openstreetmap.org/relation/362362","ATRIBUICAO_COORDENADAS":"© OpenStreetMap contributors, ODbL 1.0","CAPACIDADE":"5000","CAPACIDADE_FONTE":"Meu Timão","URL_FONTE_CAPACIDADE":"https://www.meutimao.com.br/estadio/campo_da_graca/","PAIS_ISO3":"BRA"},"geometry":{"type":"Point","coordinates":[-38.5205235,-12.9991643]}},{"type":"Feature","properties":{"ESTADIO":"Campo do Byron","NOME_OFICIAL":"O número exato não foi encontrado https://pt.wikipedia.org/wiki/Byron_Football_Club","CIDADE":"Niterói","ESTADO":"Rio de Janeiro","PAIS":"Brasil","LATITUDE":-22.8618299,"LONGITUDE":-43.0938917,"PRIMEIRA_PARTIDA":"seleção de niterói 1 x 1 Corinthians","DATA_PRIMEIRA_PARTIDA":"1940-08-31","ANO_PRIMEIRA_PARTIDA":1940,"ADVERSARIO":"seleção de niterói","PLACAR":"1 x 1","COMPETICAO_PRIMEIRA_PARTIDA":"Amistoso","MANDO_PRIMEIRA_PARTIDA":"Visitante","TOTAL_JOGOS":2,"VITORIAS":0,"EMPATES":2,"DERROTAS":0,"APROVEITAMENTO_PCT":33.3,"GOLS_MARCADOS":2,"GOLS_SOFRIDOS":2,"ESTADIOS_COM_ESTREIA_NA_DECADA":48,"OBSERVACOES":null,"FONTE_PRIMEIRA_PARTIDA":"https://pt.wikipedia.org/wiki/Byron_Football_Club","DESCRICAO_ORIGINAL":"O número exato não foi encontrado https://pt.wikipedia.org/wiki/Byron_Football_Club <br><br>Primeira partida: seleção de niterói 1 x 1 Corinthians 31/08/1940 - Amistoso","FONTE_COORDENADAS":"OpenStreetMap Nominatim (geocodificação reversa)","URL_FONTE_COORDENADAS":"https://www.openstreetmap.org/relation/2220789","ATRIBUICAO_COORDENADAS":"© OpenStreetMap contributors, ODbL 1.0","CAPACIDADE":"2000","CAPACIDADE_FONTE":"Meu Timão","URL_FONTE_CAPACIDADE":"https://www.meutimao.com.br/estadio/campo_do_byron/","PAIS_ISO3":"BRA"},"geometry":{"type":"Point","coordinates":[-43.0938917,-22.8618299]}},{"type":"Feature","properties":{"ESTADIO":"Campo do General Motors* (Eucaliptos)","NOME_OFICIAL":"Númeração não confirmada, antigo clube da GM","CIDADE":"São Caetano do Sul","ESTADO":"SP","PAIS":"Brasil","LATITUDE":-23.6196195,"LONGITUDE":-46.5510341,"PRIMEIRA_PARTIDA":"General Motors 1 x 5 Corinthians","DATA_PRIMEIRA_PARTIDA":"1938-05-01","ANO_PRIMEIRA_PARTIDA":1938,"ADVERSARIO":"General Motors","PLACAR":"1 x 5","COMPETICAO_PRIMEIRA_PARTIDA":"Amistoso","MANDO_PRIMEIRA_PARTIDA":null,"TOTAL_JOGOS":1,"VITORIAS":0,"EMPATES":0,"DERROTAS":0,"APROVEITAMENTO_PCT":0.0,"GOLS_MARCADOS":0,"GOLS_SOFRIDOS":0,"ESTADIOS_COM_ESTREIA_NA_DECADA":19,"OBSERVACOES":"https://www.dgabc.com.br/Noticia/1690751/clube-da-gm-fecha-as-portas-no-dia-31 | e | https://www.dgabc.com.br/2017/Noticia/3511664/o-clube-da-gm-a-liga-o-corinthians","FONTE_PRIMEIRA_PARTIDA":"https://www.dgabc.com.br/Noticia/1690751/clube-da-gm-fecha-as-portas-no-dia-31","DESCRICAO_ORIGINAL":"Númeração não confirmada, antigo clube da GM<br>https://www.dgabc.com.br/Noticia/1690751/clube-da-gm-fecha-as-portas-no-dia-31<br>e<br>https://www.dgabc.com.br/2017/Noticia/3511664/o-clube-da-gm-a-liga-o-corinthians<br><br>Primeira partida: general m","PAIS_ISO3":"BRA"},"geometry":{"type":"Point","coordinates":[-46.5510341,-23.6196195]}},{"type":"Feature","properties":{"ESTADIO":"Campo do Largo São Benedito","NOME_OFICIAL":"Atual Bosque Praça Prof. Silvia Simões Magro","CIDADE":"Campinas","ESTADO":"São Paulo","PAIS":"Brasil","LATITUDE":-22.9071162,"LONGITUDE":-47.0543685,"PRIMEIRA_PARTIDA":"CORINTHIANS CAMPINEIRO 1x3 CORINTHIANS","DATA_PRIMEIRA_PARTIDA":"1911-09-17","ANO_PRIMEIRA_PARTIDA":1911,"ADVERSARIO":"CORINTHIANS","PLACAR":"1x3","COMPETICAO_PRIMEIRA_PARTIDA":"Jogo varzeano 1910","MANDO_PRIMEIRA_PARTIDA":"Mandante","TOTAL_JOGOS":4,"VITORIAS":2,"EMPATES":0,"DERROTAS":2,"APROVEITAMENTO_PCT":50.0,"GOLS_MARCADOS":4,"GOLS_SOFRIDOS":6,"ESTADIOS_COM_ESTREIA_NA_DECADA":28,"OBSERVACOES":"Referências: | https://conheca.campinas.sp.gov.br/pois/806 e https://www.campinas.sp.gov.br/governo/cultura/patrimonio/bens-tombados/verBem.php?id=28","FONTE_PRIMEIRA_PARTIDA":"https://www.meutimao.com.br/jogo/7057/jogo-varzeano-1910/amistoso/corinthians_campineiro-1-x-3-corinthians","DESCRICAO_ORIGINAL":"Atual Bosque Praça Prof. Silvia Simões Magro<br><br>Referências: <br>https://conheca.campinas.sp.gov.br/pois/806 e https://www.campinas.sp.gov.br/governo/cultura/patrimonio/bens-tombados/verBem.php?id=28<br><br>Primeira partida: corinthians campineiro","FONTE_COORDENADAS":"OpenStreetMap Nominatim (geocodificação reversa)","URL_FONTE_COORDENADAS":"https://www.openstreetmap.org/relation/298227","ATRIBUICAO_COORDENADAS":"© OpenStreetMap contributors, ODbL 1.0","CAPACIDADE":"1000","CAPACIDADE_FONTE":"Meu Timão","URL_FONTE_CAPACIDADE":"https://www.meutimao.com.br/estadio/campo_do_largo_sao_benedito/","PAIS_ISO3":"BRA"},"geometry":{"type":"Point","coordinates":[-47.0543685,-22.9071162]}},{"type":"Feature","properties":{"ESTADIO":"Campo do Volkswagen Clube","NOME_OFICIAL":"Referência:","CIDADE":"São Bernardo do Campo","ESTADO":"São Paulo","PAIS":"Brasil","LATITUDE":-23.7235187,"LONGITUDE":-46.5258807,"PRIMEIRA_PARTIDA":"VOLKSWAGEN CLUBE 3x3 CORINTHIANS","DATA_PRIMEIRA_PARTIDA":"1963-04-07","ANO_PRIMEIRA_PARTIDA":1963,"ADVERSARIO":"VOLKSWAGEN CLUBE","PLACAR":"3x3","COMPETICAO_PRIMEIRA_PARTIDA":"Amistosos 1963","MANDO_PRIMEIRA_PARTIDA":"Visitante","TOTAL_JOGOS":4,"VITORIAS":2,"EMPATES":2,"DERROTAS":0,"APROVEITAMENTO_PCT":66.7,"GOLS_MARCADOS":12,"GOLS_SOFRIDOS":6,"ESTADIOS_COM_ESTREIA_NA_DECADA":56,"OBSERVACOES":"https://www.saobernardo.sp.gov.br/busca?p_p_id=101&p_p_lifecycle=0&p_p_state=maximized&p_p_mode=view&_101_struts_action=%2Fasset_publisher%2Fview_content&_101_returnToFullPageURL=http%3A%2F%2Fwww.saobernardo.sp.gov.br%2Fweb%2Fsbc%2Fbusca%","FONTE_PRIMEIRA_PARTIDA":"https://www.meutimao.com.br/jogo/4938/amistosos-1963/amistoso/volkswagen_clube-3-x-3-corinthians","DESCRICAO_ORIGINAL":"Referência:<br>https://www.saobernardo.sp.gov.br/busca?p_p_id=101&p_p_lifecycle=0&p_p_state=maximized&p_p_mode=view&_101_struts_action=%2Fasset_publisher%2Fview_content&_101_returnToFullPageURL=http%3A%2F%2Fwww.saobernardo.sp.gov.br%2Fweb%2Fsbc%2Fbusca%","FONTE_COORDENADAS":"OpenStreetMap Nominatim (geocodificação reversa)","URL_FONTE_COORDENADAS":"https://www.openstreetmap.org/relation/297968","ATRIBUICAO_COORDENADAS":"© OpenStreetMap contributors, ODbL 1.0","CAPACIDADE":"5000","CAPACIDADE_FONTE":"Meu Timão","URL_FONTE_CAPACIDADE":"https://www.meutimao.com.br/estadio/campo_do_volkswagen_clube/","PAIS_ISO3":"BRA"},"geometry":{"type":"Point","coordinates":[-46.5258807,-23.7235187]}},{"type":"Feature","properties":{"ESTADIO":"Campo do Votorantim","NOME_OFICIAL":"Estádio Municipal Domenico Paolo Metidieri","CIDADE":"Votorantim","ESTADO":"São Paulo","PAIS":"Brasil","LATITUDE":-23.5433861,"LONGITUDE":-47.4466102,"PRIMEIRA_PARTIDA":"VOTORANTIM 1x1 CORINTHIANS","DATA_PRIMEIRA_PARTIDA":"1938-08-28","ANO_PRIMEIRA_PARTIDA":1938,"ADVERSARIO":"VOTORANTIM","PLACAR":"1x1","COMPETICAO_PRIMEIRA_PARTIDA":"Amistosos 1938","MANDO_PRIMEIRA_PARTIDA":"Visitante","TOTAL_JOGOS":3,"VITORIAS":2,"EMPATES":1,"DERROTAS":0,"APROVEITAMENTO_PCT":77.8,"GOLS_MARCADOS":9,"GOLS_SOFRIDOS":3,"ESTADIOS_COM_ESTREIA_NA_DECADA":19,"OBSERVACOES":null,"FONTE_PRIMEIRA_PARTIDA":"https://www.meutimao.com.br/jogo/6441/amistosos-1938/amistoso/votorantim-1-x-1-corinthians","DESCRICAO_ORIGINAL":"Estádio Municipal Domenico Paolo Metidieri<br><br>Primeira partida: votorantim 1 x 4 Corinthians 30/04/1950 - Amistoso","FONTE_COORDENADAS":"OpenStreetMap Nominatim (geocodificação reversa)","URL_FONTE_COORDENADAS":"https://www.openstreetmap.org/relation/297909","ATRIBUICAO_COORDENADAS":"© OpenStreetMap contributors, ODbL 1.0","CAPACIDADE":"2000","CAPACIDADE_FONTE":"Meu Timão","URL_FONTE_CAPACIDADE":"https://www.meutimao.com.br/estadio/campo_do_votorantim/","PAIS_ISO3":"BRA"},"geometry":{"type":"Point","coordinates":[-47.4466102,-23.5433861]}},{"type":"Feature","properties":{"ESTADIO":"Castelão/Machadão","NOME_OFICIAL":"Atual Arena das Dunas, antigo Humberto de Alencar Castelo Branco","CIDADE":"Natal","ESTADO":"Rio Grande do Norte","PAIS":"Brasil","LATITUDE":-5.8268375,"LONGITUDE":-35.2124213,"PRIMEIRA_PARTIDA":"abc 0 x 3 Corinthians","DATA_PRIMEIRA_PARTIDA":"1972-11-22","ANO_PRIMEIRA_PARTIDA":1972,"ADVERSARIO":"abc","PLACAR":"0 x 3","COMPETICAO_PRIMEIRA_PARTIDA":null,"MANDO_PRIMEIRA_PARTIDA":"Visitante","TOTAL_JOGOS":74,"VITORIAS":32,"EMPATES":14,"DERROTAS":28,"APROVEITAMENTO_PCT":49.5,"GOLS_MARCADOS":100,"GOLS_SOFRIDOS":76,"ESTADIOS_COM_ESTREIA_NA_DECADA":44,"OBSERVACOES":"Referência: | https://pt.wikipedia.org/wiki/Arena_das_Dunas, https://pt.wikipedia.org/wiki/Est%C3%A1dio_Jo%C3%A3o_Machado","FONTE_PRIMEIRA_PARTIDA":"https://pt.wikipedia.org/wiki/Arena_das_Dunas,","DESCRICAO_ORIGINAL":"Atual Arena das Dunas, antigo Humberto de Alencar Castelo Branco<br><br>Referência:<br>https://pt.wikipedia.org/wiki/Arena_das_Dunas, https://pt.wikipedia.org/wiki/Est%C3%A1dio_Jo%C3%A3o_Machado<br><br>Primeira partida: abc 0 x 3 Corinthians 22/11/1972","FONTE_COORDENADAS":"OpenStreetMap Nominatim (geocodificação reversa)","URL_FONTE_COORDENADAS":"https://www.openstreetmap.org/relation/301091","ATRIBUICAO_COORDENADAS":"© OpenStreetMap contributors, ODbL 1.0","CAPACIDADE":"31375","CAPACIDADE_FONTE":"StadiumDB.com","URL_FONTE_CAPACIDADE":"https://stadiumdb.com/stadiums/bra/arena_das_dunas","PAIS_ISO3":"BRA"},"geometry":{"type":"Point","coordinates":[-35.2124213,-5.8268375]}},{"type":"Feature","properties":{"ESTADIO":"Centro esportivo de Curaçao","NOME_OFICIAL":"Sentro Deportivo Korsou (provavelmente o jogo ocorreu ao lado, no Ergilio Hatostadion)","CIDADE":null,"ESTADO":null,"PAIS":"Curacao","LATITUDE":12.154319,"LONGITUDE":-68.8904339,"PRIMEIRA_PARTIDA":"seleção de curaçao 0 x 6 Corinthians","DATA_PRIMEIRA_PARTIDA":"1981-12-02","ANO_PRIMEIRA_PARTIDA":1981,"ADVERSARIO":"seleção de curaçao","PLACAR":"0 x 6","COMPETICAO_PRIMEIRA_PARTIDA":"Amistoso","MANDO_PRIMEIRA_PARTIDA":"Visitante","TOTAL_JOGOS":4,"VITORIAS":2,"EMPATES":2,"DERROTAS":0,"APROVEITAMENTO_PCT":66.7,"GOLS_MARCADOS":12,"GOLS_SOFRIDOS":0,"ESTADIOS_COM_ESTREIA_NA_DECADA":37,"OBSERVACOES":null,"FONTE_PRIMEIRA_PARTIDA":"Meu Timão / Acervo ATLAS1910","DESCRICAO_ORIGINAL":"Sentro Deportivo Korsou (provavelmente o jogo ocorreu ao lado, no Ergilio Hatostadion)<br><br>Primeira partida: seleção de curaçao 0 x 6 Corinthians 02/12/1981 - Amistoso","FONTE_COORDENADAS":"OpenStreetMap Nominatim (geocodificação reversa)","URL_FONTE_COORDENADAS":"https://www.openstreetmap.org/relation/1216719","ATRIBUICAO_COORDENADAS":"© OpenStreetMap contributors, ODbL 1.0","CAPACIDADE":"20000","CAPACIDADE_FONTE":"Meu Timão","URL_FONTE_CAPACIDADE":"https://www.meutimao.com.br/estadio/centro_esportivo_de_curacao/","PAIS_ISO3":"CUW","FONTE_CORRECAO_PAIS":"https://data.geocode.earth/wof/dist/legacy/whosonfirst-data-country-latest.tar.bz2"},"geometry":{"type":"Point","coordinates":[-68.8904339,12.154319]}},{"type":"Feature","properties":{"ESTADIO":"Costa Coelho","NOME_OFICIAL":"Esporte Clube Mogiana","CIDADE":"Ribeirão Preto","ESTADO":"São Paulo","PAIS":"Brasil","LATITUDE":-21.1792438,"LONGITUDE":-47.8223072,"PRIMEIRA_PARTIDA":"PORTUGUESA DE RIBEIRÃO PRETO 1x6 CORINTHIANS","DATA_PRIMEIRA_PARTIDA":"1945-10-21","ANO_PRIMEIRA_PARTIDA":1945,"ADVERSARIO":"PORTUGUESA DE RIBEIRÃO PRETO","PLACAR":"1x6","COMPETICAO_PRIMEIRA_PARTIDA":"Amistosos 1945","MANDO_PRIMEIRA_PARTIDA":"Visitante","TOTAL_JOGOS":12,"VITORIAS":6,"EMPATES":0,"DERROTAS":6,"APROVEITAMENTO_PCT":50.0,"GOLS_MARCADOS":22,"GOLS_SOFRIDOS":18,"ESTADIOS_COM_ESTREIA_NA_DECADA":48,"OBSERVACOES":null,"FONTE_PRIMEIRA_PARTIDA":"https://www.meutimao.com.br/jogo/6093/amistosos-1945/amistoso/portuguesa_de_ribeirao_preto-1-x-6-corinthians","DESCRICAO_ORIGINAL":"Esporte Clube Mogiana<br><br>Primeira partida: comercial 2 x 0 Corinthians 0709/1959 - Paulista","FONTE_COORDENADAS":"OpenStreetMap Nominatim (geocodificação reversa)","URL_FONTE_COORDENADAS":"https://www.openstreetmap.org/relation/298156","ATRIBUICAO_COORDENADAS":"© OpenStreetMap contributors, ODbL 1.0","CAPACIDADE":"12000","CAPACIDADE_FONTE":"Meu Timão","URL_FONTE_CAPACIDADE":"https://www.meutimao.com.br/estadio/costa_coelho/","PAIS_ISO3":"BRA"},"geometry":{"type":"Point","coordinates":[-47.8223072,-21.1792438]}},{"type":"Feature","properties":{"ESTADIO":"Cuscatlán","NOME_OFICIAL":"Estádio Jorge \"Mágico\" González","CIDADE":"São Salvador","ESTADO":"San Salvador","PAIS":"El Salvador","LATITUDE":13.6983143,"LONGITUDE":-89.2153659,"PRIMEIRA_PARTIDA":"UNIVERSIDAD DE EL SALVADOR 0x6 CORINTHIANS","DATA_PRIMEIRA_PARTIDA":"1966-05-01","ANO_PRIMEIRA_PARTIDA":1966,"ADVERSARIO":"UNIVERSIDAD DE EL SALVADOR","PLACAR":"0x6","COMPETICAO_PRIMEIRA_PARTIDA":"Amistosos 1966","MANDO_PRIMEIRA_PARTIDA":"Visitante","TOTAL_JOGOS":1,"VITORIAS":1,"EMPATES":0,"DERROTAS":0,"APROVEITAMENTO_PCT":100.0,"GOLS_MARCADOS":6,"GOLS_SOFRIDOS":0,"ESTADIOS_COM_ESTREIA_NA_DECADA":56,"OBSERVACOES":"Localização exata não encontrada, no almanaque do timão aparece como 'Cuscatlán', mas o estadio que carrega esse nome, foi fundado anos depois da partida. | Registrei o Magico Gonzalez por ser o maior","FONTE_PRIMEIRA_PARTIDA":"https://www.meutimao.com.br/jogo/4639/amistosos-1966/amistoso/universidad_de_el_salvador-0-x-6-corinthians","DESCRICAO_ORIGINAL":"Estádio Jorge \"Mágico\" González<br><br>Localização exata não encontrada, no almanaque do timão aparece como 'Cuscatlán', mas o estadio que carrega esse nome, foi fundado anos depois da partida. <br><br>Registrei o Magico Gonzalez por ser o maior","FONTE_COORDENADAS":"OpenStreetMap Nominatim (geocodificação reversa)","URL_FONTE_COORDENADAS":"https://www.openstreetmap.org/relation/8008561","ATRIBUICAO_COORDENADAS":"© OpenStreetMap contributors, ODbL 1.0","PAIS_ISO3":"SLV","FONTE_CORRECAO_PAIS":"https://data.geocode.earth/wof/dist/legacy/whosonfirst-data-country-latest.tar.bz2"},"geometry":{"type":"Point","coordinates":[-89.2153659,13.6983143]}},{"type":"Feature","properties":{"ESTADIO":"Derby Sancarlense","NOME_OFICIAL":"Localização exata retirada da wikipedia (https://pt.wikipedia.org/wiki/Est%C3%A1dio_Derby_S%C3%A3ocarlense)","CIDADE":"São Carlos","ESTADO":"São Paulo","PAIS":"Brasil","LATITUDE":-22.0226264,"LONGITUDE":-47.8961827,"PRIMEIRA_PARTIDA":"PAULISTA DE SÃO CARLOS 1x4 CORINTHIANS","DATA_PRIMEIRA_PARTIDA":"1915-07-04","ANO_PRIMEIRA_PARTIDA":1915,"ADVERSARIO":"PAULISTA DE SÃO CARLOS","PLACAR":"1x4","COMPETICAO_PRIMEIRA_PARTIDA":"Amistosos 1915","MANDO_PRIMEIRA_PARTIDA":"Visitante","TOTAL_JOGOS":4,"VITORIAS":3,"EMPATES":0,"DERROTAS":1,"APROVEITAMENTO_PCT":75.0,"GOLS_MARCADOS":12,"GOLS_SOFRIDOS":5,"ESTADIOS_COM_ESTREIA_NA_DECADA":28,"OBSERVACOES":"Agrupado jogo do 'velodromo sancarlense', por ser o mesmo lugar","FONTE_PRIMEIRA_PARTIDA":"https://www.meutimao.com.br/jogo/7016/amistosos-1915/amistoso/paulista_de_sao_carlos-1-x-4-corinthians","DESCRICAO_ORIGINAL":"Localização exata retirada da wikipedia (https://pt.wikipedia.org/wiki/Est%C3%A1dio_Derby_S%C3%A3ocarlense)  <br>Agrupado jogo do 'velodromo sancarlense', por ser o mesmo lugar<br><br>Primeira partida: paulista de são carlos 1 x 4 Corinthians 04/07/1","FONTE_COORDENADAS":"OpenStreetMap Nominatim (geocodificação reversa)","URL_FONTE_COORDENADAS":"https://www.openstreetmap.org/relation/297986","ATRIBUICAO_COORDENADAS":"© OpenStreetMap contributors, ODbL 1.0","PAIS_ISO3":"BRA"},"geometry":{"type":"Point","coordinates":[-47.8961827,-22.0226264]}},{"type":"Feature","properties":{"ESTADIO":"Elcyr Resende de Mendonça","NOME_OFICIAL":null,"CIDADE":"Saquarema","ESTADO":"Rio de Janeiro","PAIS":"Brasil","LATITUDE":-22.8949796,"LONGITUDE":-42.4768496,"PRIMEIRA_PARTIDA":"Corinthians 1 x 1 retrô","DATA_PRIMEIRA_PARTIDA":"2021-03-26","ANO_PRIMEIRA_PARTIDA":2021,"ADVERSARIO":"retrô","PLACAR":"1 x 1","COMPETICAO_PRIMEIRA_PARTIDA":"Copa do brasil","MANDO_PRIMEIRA_PARTIDA":"Mandante","TOTAL_JOGOS":2,"VITORIAS":0,"EMPATES":2,"DERROTAS":0,"APROVEITAMENTO_PCT":33.3,"GOLS_MARCADOS":2,"GOLS_SOFRIDOS":2,"ESTADIOS_COM_ESTREIA_NA_DECADA":6,"OBSERVACOES":null,"FONTE_PRIMEIRA_PARTIDA":"Meu Timão / Acervo ATLAS1910","DESCRICAO_ORIGINAL":"Primeira partida: Corinthians 1 x 1 retrô 26/03/2021 - Copa do brasil","FONTE_COORDENADAS":"OpenStreetMap Nominatim (geocodificação reversa)","URL_FONTE_COORDENADAS":"https://www.openstreetmap.org/relation/2215573","ATRIBUICAO_COORDENADAS":"© OpenStreetMap contributors, ODbL 1.0","CAPACIDADE":"6000","CAPACIDADE_FONTE":"Meu Timão","URL_FONTE_CAPACIDADE":"https://www.meutimao.com.br/estadio/elcyr_resende_de_mendonca/","PAIS_ISO3":"BRA"},"geometry":{"type":"Point","coordinates":[-42.4768496,-22.8949796]}},{"type":"Feature","properties":{"ESTADIO":"Cornélio de Barros","NOME_OFICIAL":"Estádio Cornélio de Barros Muniz e Sá","CIDADE":"Salgueiro","ESTADO":"PE","PAIS":"Brasil","LATITUDE":-8.0759612,"LONGITUDE":-39.1194047,"PRIMEIRA_PARTIDA":"salgueiro 0 x 3 Corinthians","DATA_PRIMEIRA_PARTIDA":"2021-03-17","ANO_PRIMEIRA_PARTIDA":2021,"ADVERSARIO":"salgueiro","PLACAR":"0 x 3","COMPETICAO_PRIMEIRA_PARTIDA":"Copa do Brasil","MANDO_PRIMEIRA_PARTIDA":"Visitante","TOTAL_JOGOS":3,"VITORIAS":3,"EMPATES":0,"DERROTAS":0,"APROVEITAMENTO_PCT":100.0,"GOLS_MARCADOS":9,"GOLS_SOFRIDOS":0,"ESTADIOS_COM_ESTREIA_NA_DECADA":6,"OBSERVACOES":null,"FONTE_PRIMEIRA_PARTIDA":"Meu Timão / Acervo ATLAS1910","DESCRICAO_ORIGINAL":"Estádio Cornélio de Barros Muniz e Sá<br><br>Primeira partida: salgueiro 0 x 3 Corinthians 17/03/2021 - Copa do Brasil","PAIS_ISO3":"BRA"},"geometry":{"type":"Point","coordinates":[-39.1194047,-8.0759612]}},{"type":"Feature","properties":{"ESTADIO":"Maracanã","NOME_OFICIAL":"Estádio Mario Filho","CIDADE":"Rio de Janeiro","ESTADO":"Rio de Janeiro","PAIS":"Brasil","LATITUDE":-22.9121089,"LONGITUDE":-43.2301558,"PRIMEIRA_PARTIDA":"vasco 3 x 4 Corinthians","DATA_PRIMEIRA_PARTIDA":"1951-02-24","ANO_PRIMEIRA_PARTIDA":1951,"ADVERSARIO":"vasco","PLACAR":"3 x 4","COMPETICAO_PRIMEIRA_PARTIDA":"Rio São Paulo","MANDO_PRIMEIRA_PARTIDA":"Visitante","TOTAL_JOGOS":327,"VITORIAS":89,"EMPATES":74,"DERROTAS":164,"APROVEITAMENTO_PCT":34.8,"GOLS_MARCADOS":363,"GOLS_SOFRIDOS":538,"ESTADIOS_COM_ESTREIA_NA_DECADA":72,"OBSERVACOES":null,"FONTE_PRIMEIRA_PARTIDA":"Meu Timão / Acervo ATLAS1910","DESCRICAO_ORIGINAL":"Estádio Mario Filho<br><br>Primeira partida: vasco 3 x 4 Corinthians 24/02/1951 - Rio São Paulo","FONTE_COORDENADAS":"OpenStreetMap Nominatim (geocodificação reversa)","URL_FONTE_COORDENADAS":"https://www.openstreetmap.org/relation/2697338","ATRIBUICAO_COORDENADAS":"© OpenStreetMap contributors, ODbL 1.0","CAPACIDADE":"73609","CAPACIDADE_FONTE":"StadiumDB.com","URL_FONTE_CAPACIDADE":"https://stadiumdb.com/stadiums/bra/maracana","PAIS_ISO3":"BRA"},"geometry":{"type":"Point","coordinates":[-43.2301558,-22.9121089]}},{"type":"Feature","properties":{"ESTADIO":"Pedro Ludovico Teixeira","NOME_OFICIAL":"Estádio Olímpico Pedro Ludovico Teixeira","CIDADE":"Goiânia","ESTADO":"Goiás","PAIS":"Brasil","LATITUDE":-16.6707516,"LONGITUDE":-49.2624329,"PRIMEIRA_PARTIDA":"GRÊMIO 4x2 CORINTHIANS","DATA_PRIMEIRA_PARTIDA":"1955-12-22","ANO_PRIMEIRA_PARTIDA":1955,"ADVERSARIO":"GRÊMIO","PLACAR":"4x2","COMPETICAO_PRIMEIRA_PARTIDA":"Amistosos 1955","MANDO_PRIMEIRA_PARTIDA":"Visitante","TOTAL_JOGOS":90,"VITORIAS":27,"EMPATES":21,"DERROTAS":42,"APROVEITAMENTO_PCT":37.8,"GOLS_MARCADOS":80,"GOLS_SOFRIDOS":129,"ESTADIOS_COM_ESTREIA_NA_DECADA":72,"OBSERVACOES":null,"FONTE_PRIMEIRA_PARTIDA":"https://www.meutimao.com.br/jogo/5543/amistosos-1955/amistoso/gremio-4-x-2-corinthians","DESCRICAO_ORIGINAL":"Estádio Olímpico Pedro Ludovico Teixeira<br><br>Primeira partida: atlético-GO 0 x 4 Corinthians 19/06/1958 - Quadrangular de Brasilia","FONTE_COORDENADAS":"OpenStreetMap Nominatim (geocodificação reversa)","URL_FONTE_COORDENADAS":"https://www.openstreetmap.org/relation/334547","ATRIBUICAO_COORDENADAS":"© OpenStreetMap contributors, ODbL 1.0","PAIS_ISO3":"BRA"},"geometry":{"type":"Point","coordinates":[-49.2624329,-16.6707516]}},{"type":"Feature","properties":{"ESTADIO":"Gilbertão","NOME_OFICIAL":"Estádio Municipal Gilberto Siqueira Lopes","CIDADE":"Lins","ESTADO":"São Paulo","PAIS":"Brasil","LATITUDE":-21.666821,"LONGITUDE":-49.763251,"PRIMEIRA_PARTIDA":"linense 0 x 2 Corinthians","DATA_PRIMEIRA_PARTIDA":"2011-03-05","ANO_PRIMEIRA_PARTIDA":2011,"ADVERSARIO":"linense","PLACAR":"0 x 2","COMPETICAO_PRIMEIRA_PARTIDA":"Paulista","MANDO_PRIMEIRA_PARTIDA":"Visitante","TOTAL_JOGOS":8,"VITORIAS":6,"EMPATES":0,"DERROTAS":2,"APROVEITAMENTO_PCT":75.0,"GOLS_MARCADOS":18,"GOLS_SOFRIDOS":4,"ESTADIOS_COM_ESTREIA_NA_DECADA":31,"OBSERVACOES":null,"FONTE_PRIMEIRA_PARTIDA":"Meu Timão / Acervo ATLAS1910","DESCRICAO_ORIGINAL":"Estádio Municipal Gilberto Siqueira Lopes<br><br>Primeira partida: linense 0 x 2 Corinthians 05/03/2011 - Paulista","FONTE_COORDENADAS":"OpenStreetMap Nominatim (geocodificação reversa)","URL_FONTE_COORDENADAS":"https://www.openstreetmap.org/relation/298486","ATRIBUICAO_COORDENADAS":"© OpenStreetMap contributors, ODbL 1.0","CAPACIDADE":"16200","CAPACIDADE_FONTE":"Meu Timão","URL_FONTE_CAPACIDADE":"https://www.meutimao.com.br/estadio/gilbertao/","PAIS_ISO3":"BRA"},"geometry":{"type":"Point","coordinates":[-49.763251,-21.666821]}},{"type":"Feature","properties":{"ESTADIO":"Gino Rossi","NOME_OFICIAL":"Estádio Municipal Irmão Gino Maria Rossi - Manduzão","CIDADE":"Pouso Alegre","ESTADO":"Minas Gerais","PAIS":"Brasil","LATITUDE":-22.2514166,"LONGITUDE":-45.9214646,"PRIMEIRA_PARTIDA":"seleção de pouso alegre 0 x 8 Corinthians","DATA_PRIMEIRA_PARTIDA":"1998-07-11","ANO_PRIMEIRA_PARTIDA":1998,"ADVERSARIO":"seleção de pouso alegre","PLACAR":"0 x 8","COMPETICAO_PRIMEIRA_PARTIDA":"Amistoso","MANDO_PRIMEIRA_PARTIDA":"Visitante","TOTAL_JOGOS":1,"VITORIAS":1,"EMPATES":0,"DERROTAS":0,"APROVEITAMENTO_PCT":100.0,"GOLS_MARCADOS":8,"GOLS_SOFRIDOS":0,"ESTADIOS_COM_ESTREIA_NA_DECADA":35,"OBSERVACOES":null,"FONTE_PRIMEIRA_PARTIDA":"Meu Timão / Acervo ATLAS1910","DESCRICAO_ORIGINAL":"Estádio Municipal Irmão Gino Maria Rossi - Manduzão<br><br>Primeira partida: seleção de pouso alegre 0 x 8 Corinthians 11/07/1998 - Amistoso","FONTE_COORDENADAS":"OpenStreetMap Nominatim (geocodificação reversa)","URL_FONTE_COORDENADAS":"https://www.openstreetmap.org/relation/315431","ATRIBUICAO_COORDENADAS":"© OpenStreetMap contributors, ODbL 1.0","PAIS_ISO3":"BRA"},"geometry":{"type":"Point","coordinates":[-45.9214646,-22.2514166]}},{"type":"Feature","properties":{"ESTADIO":"Godofredo Cruz","NOME_OFICIAL":"Estádio demolido, segundo minha pesquisa, o estádio ficava nessa região","CIDADE":"Campos dos Goytacazes","ESTADO":"Rio de Janeiro","PAIS":"Brasil","LATITUDE":-21.7605072,"LONGITUDE":-41.3411293,"PRIMEIRA_PARTIDA":"americano 2 x 6 Corinthians","DATA_PRIMEIRA_PARTIDA":"2002-02-20","ANO_PRIMEIRA_PARTIDA":2002,"ADVERSARIO":"americano","PLACAR":"2 x 6","COMPETICAO_PRIMEIRA_PARTIDA":"Copa do Brasil","MANDO_PRIMEIRA_PARTIDA":"Visitante","TOTAL_JOGOS":1,"VITORIAS":1,"EMPATES":0,"DERROTAS":0,"APROVEITAMENTO_PCT":100.0,"GOLS_MARCADOS":6,"GOLS_SOFRIDOS":2,"ESTADIOS_COM_ESTREIA_NA_DECADA":21,"OBSERVACOES":"wikipedia: https://pt.wikipedia.org/wiki/Est%C3%A1dio_Godofredo_Cruz","FONTE_PRIMEIRA_PARTIDA":"https://pt.wikipedia.org/wiki/Est%C3%A1dio_Godofredo_Cruz","DESCRICAO_ORIGINAL":"Estádio demolido, segundo minha pesquisa, o estádio ficava nessa região<br><br>wikipedia: https://pt.wikipedia.org/wiki/Est%C3%A1dio_Godofredo_Cruz<br><br>Primeira partida: americano 2 x 6 Corinthians 20/02/2002 - Copa do Brasil","FONTE_COORDENADAS":"OpenStreetMap Nominatim (geocodificação reversa)","URL_FONTE_COORDENADAS":"https://www.openstreetmap.org/relation/2211795","ATRIBUICAO_COORDENADAS":"© OpenStreetMap contributors, ODbL 1.0","PAIS_ISO3":"BRA"},"geometry":{"type":"Point","coordinates":[-41.3411293,-21.7605072]}},{"type":"Feature","properties":{"ESTADIO":"Gran Parque Central","NOME_OFICIAL":null,"CIDADE":"Montevidéu","ESTADO":"Montevideo","PAIS":"Uruguai","LATITUDE":-34.8839988,"LONGITUDE":-56.1594734,"PRIMEIRA_PARTIDA":"racing-URUGUAI 0 x 2 Corinthians","DATA_PRIMEIRA_PARTIDA":"2010-04-14","ANO_PRIMEIRA_PARTIDA":2010,"ADVERSARIO":"racing-URUGUAI","PLACAR":"0 x 2","COMPETICAO_PRIMEIRA_PARTIDA":"Libertadores","MANDO_PRIMEIRA_PARTIDA":"Visitante","TOTAL_JOGOS":3,"VITORIAS":2,"EMPATES":1,"DERROTAS":0,"APROVEITAMENTO_PCT":77.8,"GOLS_MARCADOS":4,"GOLS_SOFRIDOS":1,"ESTADIOS_COM_ESTREIA_NA_DECADA":31,"OBSERVACOES":null,"FONTE_PRIMEIRA_PARTIDA":"Meu Timão / Acervo ATLAS1910","DESCRICAO_ORIGINAL":"Primeira partida: racing-URUGUAI 0 x 2 Corinthians 14/04/2010 - Libertadores","FONTE_COORDENADAS":"OpenStreetMap Nominatim (geocodificação reversa)","URL_FONTE_COORDENADAS":"https://www.openstreetmap.org/relation/2929054","ATRIBUICAO_COORDENADAS":"© OpenStreetMap contributors, ODbL 1.0","PAIS_ISO3":"URY"},"geometry":{"type":"Point","coordinates":[-56.1594734,-34.8839988]}},{"type":"Feature","properties":{"ESTADIO":"José de Freitas Cayres","NOME_OFICIAL":"R. Padre José de Anchieta, 250","CIDADE":"Lucélia","ESTADO":"São Paulo","PAIS":"Brasil","LATITUDE":-21.7164517,"LONGITUDE":-51.0229513,"PRIMEIRA_PARTIDA":"LUCÉLIA 0x2 CORINTHIANS","DATA_PRIMEIRA_PARTIDA":"1960-06-24","ANO_PRIMEIRA_PARTIDA":1960,"ADVERSARIO":"LUCÉLIA","PLACAR":"0x2","COMPETICAO_PRIMEIRA_PARTIDA":"Amistosos 1960","MANDO_PRIMEIRA_PARTIDA":"Visitante","TOTAL_JOGOS":1,"VITORIAS":1,"EMPATES":0,"DERROTAS":0,"APROVEITAMENTO_PCT":100.0,"GOLS_MARCADOS":2,"GOLS_SOFRIDOS":0,"ESTADIOS_COM_ESTREIA_NA_DECADA":56,"OBSERVACOES":"Localização confirmada getilmente pela equipe do 'As mil camisas': https://www.asmilcamisas.com.br/2018/06/22/role-2018-pelo-interior-paulista-lucelia-parte-10-de-27/#comment-6861","FONTE_PRIMEIRA_PARTIDA":"https://www.meutimao.com.br/jogo/5176/amistosos-1960/amistoso/lucelia-0-x-2-corinthians","DESCRICAO_ORIGINAL":"R. Padre José de Anchieta, 250<br><br>Localização confirmada getilmente pela equipe do 'As mil camisas': https://www.asmilcamisas.com.br/2018/06/22/role-2018-pelo-interior-paulista-lucelia-parte-10-de-27/#comment-6861<br><br>Primeira partida: lucélia","FONTE_COORDENADAS":"OpenStreetMap Nominatim (geocodificação reversa)","URL_FONTE_COORDENADAS":"https://www.openstreetmap.org/relation/298261","ATRIBUICAO_COORDENADAS":"© OpenStreetMap contributors, ODbL 1.0","PAIS_ISO3":"BRA"},"geometry":{"type":"Point","coordinates":[-51.0229513,-21.7164517]}},{"type":"Feature","properties":{"ESTADIO":"Lauro Gomes","NOME_OFICIAL":"Estádio Municipal Lauro Gomes","CIDADE":"São Caetano do Sul","ESTADO":"São Paulo","PAIS":"Brasil","LATITUDE":-23.6304416,"LONGITUDE":-46.5610739,"PRIMEIRA_PARTIDA":"SÃO BENTO DE SÃO CAETANO 2x3 CORINTHIANS","DATA_PRIMEIRA_PARTIDA":"1955-01-13","ANO_PRIMEIRA_PARTIDA":1955,"ADVERSARIO":"SÃO BENTO DE SÃO CAETANO","PLACAR":"2x3","COMPETICAO_PRIMEIRA_PARTIDA":"Amistosos 1955","MANDO_PRIMEIRA_PARTIDA":"Visitante","TOTAL_JOGOS":18,"VITORIAS":10,"EMPATES":2,"DERROTAS":6,"APROVEITAMENTO_PCT":59.3,"GOLS_MARCADOS":24,"GOLS_SOFRIDOS":21,"ESTADIOS_COM_ESTREIA_NA_DECADA":72,"OBSERVACOES":"Ícone: SAAD, adversário da única partida | Data Primeira Partida: 04/02/1973 | Data Última Partida: 04/02/1973 | -Vitórias: 1 | -Derrotas: 0 | -Empates: 0","FONTE_PRIMEIRA_PARTIDA":"https://www.meutimao.com.br/jogo/5483/amistosos-1955/amistoso/sao_bento_de_sao_caetano-2-x-3-corinthians","DESCRICAO_ORIGINAL":"Estádio Municipal Lauro Gomes<br><br>Ícone: SAAD, adversário da única partida<br><br>Data Primeira Partida: 04/02/1973<br>Data Última Partida: 04/02/1973<br><br>-Vitórias: 1<br>-Derrotas: 0<br>-Empates: 0","FONTE_COORDENADAS":"OpenStreetMap Nominatim (geocodificação reversa)","URL_FONTE_COORDENADAS":"https://www.openstreetmap.org/relation/298170","ATRIBUICAO_COORDENADAS":"© OpenStreetMap contributors, ODbL 1.0","PAIS_ISO3":"BRA"},"geometry":{"type":"Point","coordinates":[-46.5610739,-23.6304416]}},{"type":"Feature","properties":{"ESTADIO":"Luis Pereira","NOME_OFICIAL":"Estadio demolido, mas uma arquibancada preservada","CIDADE":"Ribeirão Preto","ESTADO":"São Paulo","PAIS":"Brasil","LATITUDE":-21.1678465,"LONGITUDE":-47.8208648,"PRIMEIRA_PARTIDA":"botafogo-SP 1 x 5 Corinthians","DATA_PRIMEIRA_PARTIDA":"1954-05-02","ANO_PRIMEIRA_PARTIDA":1954,"ADVERSARIO":"botafogo-SP","PLACAR":"1 x 5","COMPETICAO_PRIMEIRA_PARTIDA":"Amistoso","MANDO_PRIMEIRA_PARTIDA":"Visitante","TOTAL_JOGOS":36,"VITORIAS":10,"EMPATES":24,"DERROTAS":2,"APROVEITAMENTO_PCT":50.0,"GOLS_MARCADOS":68,"GOLS_SOFRIDOS":50,"ESTADIOS_COM_ESTREIA_NA_DECADA":72,"OBSERVACOES":"Fonte: https://thathi.com.br/opiniao/o-velho-estadio-luiz-pereira/","FONTE_PRIMEIRA_PARTIDA":"https://thathi.com.br/opiniao/o-velho-estadio-luiz-pereira/","DESCRICAO_ORIGINAL":"Estadio demolido, mas uma arquibancada preservada<br><br>Fonte: https://thathi.com.br/opiniao/o-velho-estadio-luiz-pereira/<br><br>Primeira partida: botafogo-SP 1 x 5 Corinthians 02/05/1954 - Amistoso","FONTE_COORDENADAS":"OpenStreetMap Nominatim (geocodificação reversa)","URL_FONTE_COORDENADAS":"https://www.openstreetmap.org/relation/298156","ATRIBUICAO_COORDENADAS":"© OpenStreetMap contributors, ODbL 1.0","PAIS_ISO3":"BRA"},"geometry":{"type":"Point","coordinates":[-47.8208648,-21.1678465]}},{"type":"Feature","properties":{"ESTADIO":"Municipal de Americana","NOME_OFICIAL":"Atual Escola Heitor Penteado","CIDADE":"Americana","ESTADO":"SP","PAIS":"Brasil","LATITUDE":-22.7441655,"LONGITUDE":-47.3306606,"PRIMEIRA_PARTIDA":"Rio Branco-SP 1 x 3 Corinthians","DATA_PRIMEIRA_PARTIDA":"1923-05-13","ANO_PRIMEIRA_PARTIDA":1923,"ADVERSARIO":"Rio Branco-SP","PLACAR":"1 x 3","COMPETICAO_PRIMEIRA_PARTIDA":"Amistoso","MANDO_PRIMEIRA_PARTIDA":null,"TOTAL_JOGOS":1,"VITORIAS":0,"EMPATES":0,"DERROTAS":0,"APROVEITAMENTO_PCT":0.0,"GOLS_MARCADOS":0,"GOLS_SOFRIDOS":0,"ESTADIOS_COM_ESTREIA_NA_DECADA":26,"OBSERVACOES":"Localização exata não confirmada, jogo é anterior ao atual estadio municipal (Localização extraida do wikipedia do Décio Vitta https://pt.wikipedia.org/wiki/Est%C3%A1dio_D%C3%A9cio_Vitta)","FONTE_PRIMEIRA_PARTIDA":"https://pt.wikipedia.org/wiki/Est%C3%A1dio_D%C3%A9cio_Vitta)","DESCRICAO_ORIGINAL":"Atual Escola Heitor Penteado<br><br>Localização exata não confirmada, jogo é anterior ao atual estadio municipal (Localização extraida do wikipedia do Décio Vitta https://pt.wikipedia.org/wiki/Est%C3%A1dio_D%C3%A9cio_Vitta)<br><br>Primeira partida","PAIS_ISO3":"BRA"},"geometry":{"type":"Point","coordinates":[-47.3306606,-22.7441655]}},{"type":"Feature","properties":{"ESTADIO":"Municipal de Campo Grande","NOME_OFICIAL":"Localização não encontrada","CIDADE":"Campo Grande","ESTADO":"Mato Grosso do Sul","PAIS":"Brasil","LATITUDE":-20.4648517,"LONGITUDE":-54.6218477,"PRIMEIRA_PARTIDA":"seleção de campo grande 0 x 2 Corinthians","DATA_PRIMEIRA_PARTIDA":"1964-06-14","ANO_PRIMEIRA_PARTIDA":1964,"ADVERSARIO":"seleção de campo grande","PLACAR":"0 x 2","COMPETICAO_PRIMEIRA_PARTIDA":"Amistoso","MANDO_PRIMEIRA_PARTIDA":"Visitante","TOTAL_JOGOS":2,"VITORIAS":2,"EMPATES":0,"DERROTAS":0,"APROVEITAMENTO_PCT":100.0,"GOLS_MARCADOS":4,"GOLS_SOFRIDOS":0,"ESTADIOS_COM_ESTREIA_NA_DECADA":56,"OBSERVACOES":null,"FONTE_PRIMEIRA_PARTIDA":"Meu Timão / Acervo ATLAS1910","DESCRICAO_ORIGINAL":"Localização não encontrada<br><br>Primeira partida: seleção de campo grande 0 x 2 Corinthians 14/06/1964 - Amistoso","FONTE_COORDENADAS":"OpenStreetMap Nominatim (geocodificação reversa)","URL_FONTE_COORDENADAS":"https://www.openstreetmap.org/relation/334022","ATRIBUICAO_COORDENADAS":"© OpenStreetMap contributors, ODbL 1.0","PAIS_ISO3":"BRA"},"geometry":{"type":"Point","coordinates":[-54.6218477,-20.4648517]}},{"type":"Feature","properties":{"ESTADIO":"Municipal de Juiz de Fora","NOME_OFICIAL":"Estádio José Paiz Soares","CIDADE":"Juiz de Fora","ESTADO":"Minas Gerais","PAIS":"Brasil","LATITUDE":-21.7653322,"LONGITUDE":-43.3338481,"PRIMEIRA_PARTIDA":"tupinambás de juiz de fora 3 x 5 Corinthians","DATA_PRIMEIRA_PARTIDA":"1950-03-26","ANO_PRIMEIRA_PARTIDA":1950,"ADVERSARIO":"tupinambás de juiz de fora","PLACAR":"3 x 5","COMPETICAO_PRIMEIRA_PARTIDA":"Amistoso","MANDO_PRIMEIRA_PARTIDA":"Visitante","TOTAL_JOGOS":2,"VITORIAS":2,"EMPATES":0,"DERROTAS":0,"APROVEITAMENTO_PCT":100.0,"GOLS_MARCADOS":10,"GOLS_SOFRIDOS":6,"ESTADIOS_COM_ESTREIA_NA_DECADA":72,"OBSERVACOES":"https://pt.wikipedia.org/wiki/Tupynamb%C3%A1s_Futebol_Clube#Est%C3%A1dio","FONTE_PRIMEIRA_PARTIDA":"https://pt.wikipedia.org/wiki/Tupynamb%C3%A1s_Futebol_Clube#Est%C3%A1dio","DESCRICAO_ORIGINAL":"Estádio José Paiz Soares<br><br>https://pt.wikipedia.org/wiki/Tupynamb%C3%A1s_Futebol_Clube#Est%C3%A1dio<br><br>Primeira partida: tupinambás de juiz de fora 3 x 5 Corinthians 26/03/1950 - Amistoso","FONTE_COORDENADAS":"OpenStreetMap Nominatim (geocodificação reversa)","URL_FONTE_COORDENADAS":"https://www.openstreetmap.org/relation/314769","ATRIBUICAO_COORDENADAS":"© OpenStreetMap contributors, ODbL 1.0","PAIS_ISO3":"BRA"},"geometry":{"type":"Point","coordinates":[-43.3338481,-21.7653322]}},{"type":"Feature","properties":{"ESTADIO":"Municipal de Mirassol","NOME_OFICIAL":"Antigo Estádio Giocondo Zancaner, atual Capelas Prever Mirassol ou ao lado onde hoje é o cemitério","CIDADE":"Mirassol","ESTADO":"SP","PAIS":"Brasil","LATITUDE":-20.8176961,"LONGITUDE":-49.5053569,"PRIMEIRA_PARTIDA":"Mirassol 0 x 3 Corinthians","DATA_PRIMEIRA_PARTIDA":"1948-03-21","ANO_PRIMEIRA_PARTIDA":1948,"ADVERSARIO":"Mirassol","PLACAR":"0 x 3","COMPETICAO_PRIMEIRA_PARTIDA":"Amistoso","MANDO_PRIMEIRA_PARTIDA":null,"TOTAL_JOGOS":1,"VITORIAS":0,"EMPATES":0,"DERROTAS":0,"APROVEITAMENTO_PCT":0.0,"GOLS_MARCADOS":0,"GOLS_SOFRIDOS":0,"ESTADIOS_COM_ESTREIA_NA_DECADA":48,"OBSERVACOES":"O Almanaque do timão aponta como 'Municipal de mirassol', mesmo com o José Maria de Campos Maia sendo também municipal, parece pelo adversári","FONTE_PRIMEIRA_PARTIDA":"Meu Timão / Acervo ATLAS1910","DESCRICAO_ORIGINAL":"Antigo Estádio Giocondo Zancaner, atual Capelas Prever Mirassol ou ao lado onde hoje é o cemitério<br><br>O Almanaque do timão aponta como 'Municipal de mirassol', mesmo com o José Maria de Campos Maia sendo também municipal, parece pelo adversári","PAIS_ISO3":"BRA"},"geometry":{"type":"Point","coordinates":[-49.5053569,-20.8176961]}},{"type":"Feature","properties":{"ESTADIO":"Municipal de Moji das Cruzes","NOME_OFICIAL":"Rua Casarejos Localização aproximada","CIDADE":"Mogi das Cruzes","ESTADO":"SP","PAIS":"Brasil","LATITUDE":-23.5179604,"LONGITUDE":-46.19662,"PRIMEIRA_PARTIDA":"União Mogi 1 x 4 Corinthians","DATA_PRIMEIRA_PARTIDA":"1931-11-15","ANO_PRIMEIRA_PARTIDA":1931,"ADVERSARIO":"União Mogi","PLACAR":"1 x 4","COMPETICAO_PRIMEIRA_PARTIDA":"Amistoso","MANDO_PRIMEIRA_PARTIDA":null,"TOTAL_JOGOS":1,"VITORIAS":0,"EMPATES":0,"DERROTAS":0,"APROVEITAMENTO_PCT":0.0,"GOLS_MARCADOS":0,"GOLS_SOFRIDOS":0,"ESTADIOS_COM_ESTREIA_NA_DECADA":19,"OBSERVACOES":"O Almanaque do timão aponta como 'Municipal de Moji das Cruzes', pela historia do adversário, é grande a possibilidade de o jogo ter sido no campo da Rua Casarejos | Referência: | - Historia do","FONTE_PRIMEIRA_PARTIDA":"Meu Timão / Acervo ATLAS1910","DESCRICAO_ORIGINAL":"Rua Casarejos Localização aproximada<br><br>O Almanaque do timão aponta como 'Municipal de Moji das Cruzes', pela historia do adversário, é grande a possibilidade de o jogo ter sido no campo da Rua Casarejos<br><br>Referência:<br><br>- Historia do","PAIS_ISO3":"BRA"},"geometry":{"type":"Point","coordinates":[-46.19662,-23.5179604]}},{"type":"Feature","properties":{"ESTADIO":"Municipal de Presidente Prudente","NOME_OFICIAL":"APEA - Associação Prudentina de Esportes Atléticos","CIDADE":"Presidente Prudente","ESTADO":"SP","PAIS":"Brasil","LATITUDE":-22.116927,"LONGITUDE":-51.3850019,"PRIMEIRA_PARTIDA":"Prudentina 1 x 2 Corinthians","DATA_PRIMEIRA_PARTIDA":"1949-03-20","ANO_PRIMEIRA_PARTIDA":1949,"ADVERSARIO":"Prudentina","PLACAR":"1 x 2","COMPETICAO_PRIMEIRA_PARTIDA":"Amistoso","MANDO_PRIMEIRA_PARTIDA":null,"TOTAL_JOGOS":1,"VITORIAS":0,"EMPATES":0,"DERROTAS":0,"APROVEITAMENTO_PCT":0.0,"GOLS_MARCADOS":0,"GOLS_SOFRIDOS":0,"ESTADIOS_COM_ESTREIA_NA_DECADA":48,"OBSERVACOES":"No Almanaque do Timão constam jogos de 1949 a 1967, sempre como Municipal de Presidente Prudente, mas as fontes indicam que a Prudentina jogava no Estádio Félix Ribeiro Marcondes, já demoli","FONTE_PRIMEIRA_PARTIDA":"Meu Timão / Acervo ATLAS1910","DESCRICAO_ORIGINAL":"APEA - Associação Prudentina de Esportes Atléticos<br><br>No Almanaque do Timão constam jogos de 1949 a 1967, sempre como Municipal de Presidente Prudente, mas as fontes indicam que a Prudentina jogava no Estádio Félix Ribeiro Marcondes, já demoli","PAIS_ISO3":"BRA"},"geometry":{"type":"Point","coordinates":[-51.3850019,-22.116927]}},{"type":"Feature","properties":{"ESTADIO":"Nacional de Manágua","NOME_OFICIAL":"Dennis Martínez National Stadium","CIDADE":"Guayaquil","ESTADO":"Managua","PAIS":"Nicaragua","LATITUDE":12.1344391,"LONGITUDE":-86.2693829,"PRIMEIRA_PARTIDA":"EMELEC 1x0 CORINTHIANS","DATA_PRIMEIRA_PARTIDA":"1966-04-13","ANO_PRIMEIRA_PARTIDA":1966,"ADVERSARIO":"EMELEC","PLACAR":"1x0","COMPETICAO_PRIMEIRA_PARTIDA":"Amistosos 1966","MANDO_PRIMEIRA_PARTIDA":"Visitante","TOTAL_JOGOS":3,"VITORIAS":1,"EMPATES":0,"DERROTAS":2,"APROVEITAMENTO_PCT":33.3,"GOLS_MARCADOS":5,"GOLS_SOFRIDOS":4,"ESTADIOS_COM_ESTREIA_NA_DECADA":56,"OBSERVACOES":null,"FONTE_PRIMEIRA_PARTIDA":"https://www.meutimao.com.br/jogo/4635/amistosos-1966/amistoso/emelec-1-x-0-corinthians","DESCRICAO_ORIGINAL":"Dennis Martínez National Stadium<br><br>Primeira partida: barcelona 1 x 5 Corinthians 21/04/1966 - Amistoso","FONTE_COORDENADAS":"OpenStreetMap Nominatim (geocodificação reversa)","URL_FONTE_COORDENADAS":"https://www.openstreetmap.org/relation/5833929","ATRIBUICAO_COORDENADAS":"© OpenStreetMap contributors, ODbL 1.0","CAPACIDADE":"20000","CAPACIDADE_FONTE":"Meu Timão","URL_FONTE_CAPACIDADE":"https://www.meutimao.com.br/estadio/nacional_de_managua/","PAIS_ISO3":"NIC","FONTE_CORRECAO_PAIS":"https://data.geocode.earth/wof/dist/legacy/whosonfirst-data-country-latest.tar.bz2"},"geometry":{"type":"Point","coordinates":[-86.2693829,12.1344391]}},{"type":"Feature","properties":{"ESTADIO":"Nacional de Tóquio","NOME_OFICIAL":"Estádio Jingu, provável local da partida","CIDADE":"Shinjuku","ESTADO":null,"PAIS":"Japan","LATITUDE":35.6742569,"LONGITUDE":139.7169535,"PRIMEIRA_PARTIDA":"seleção japonesa 3 x 2 Corinthians","DATA_PRIMEIRA_PARTIDA":"1984-01-22","ANO_PRIMEIRA_PARTIDA":1984,"ADVERSARIO":"seleção japonesa","PLACAR":"3 x 2","COMPETICAO_PRIMEIRA_PARTIDA":"Amistoso","MANDO_PRIMEIRA_PARTIDA":"Visitante","TOTAL_JOGOS":2,"VITORIAS":0,"EMPATES":0,"DERROTAS":2,"APROVEITAMENTO_PCT":0.0,"GOLS_MARCADOS":4,"GOLS_SOFRIDOS":6,"ESTADIOS_COM_ESTREIA_NA_DECADA":37,"OBSERVACOES":null,"FONTE_PRIMEIRA_PARTIDA":"Meu Timão / Acervo ATLAS1910","DESCRICAO_ORIGINAL":"Estádio Jingu, provável local da partida<br><br>Primeira partida: seleção japonesa 3 x 2 Corinthians 22/01/1984 - Amistoso","FONTE_COORDENADAS":"OpenStreetMap Nominatim (geocodificação reversa)","URL_FONTE_COORDENADAS":"https://www.openstreetmap.org/relation/1758858","ATRIBUICAO_COORDENADAS":"© OpenStreetMap contributors, ODbL 1.0","CAPACIDADE":"57363","CAPACIDADE_FONTE":"Meu Timão","URL_FONTE_CAPACIDADE":"https://www.meutimao.com.br/estadio/nacional_de_toquio/","PAIS_ISO3":"JPN","FONTE_CORRECAO_PAIS":"https://data.geocode.earth/wof/dist/legacy/whosonfirst-data-country-latest.tar.bz2"},"geometry":{"type":"Point","coordinates":[139.7169535,35.6742569]}},{"type":"Feature","properties":{"ESTADIO":"Spartan","NOME_OFICIAL":"Atual CEFCU Stadium","CIDADE":"San José","ESTADO":"Califórnia","PAIS":"United States","LATITUDE":37.3196675,"LONGITUDE":-121.8682962,"PRIMEIRA_PARTIDA":"seleção mexicana 1 x 1 Corinthians","DATA_PRIMEIRA_PARTIDA":"1985-08-31","ANO_PRIMEIRA_PARTIDA":1985,"ADVERSARIO":"seleção mexicana","PLACAR":"1 x 1","COMPETICAO_PRIMEIRA_PARTIDA":"Amistoso","MANDO_PRIMEIRA_PARTIDA":"Visitante","TOTAL_JOGOS":1,"VITORIAS":0,"EMPATES":1,"DERROTAS":0,"APROVEITAMENTO_PCT":33.3,"GOLS_MARCADOS":1,"GOLS_SOFRIDOS":1,"ESTADIOS_COM_ESTREIA_NA_DECADA":37,"OBSERVACOES":null,"FONTE_PRIMEIRA_PARTIDA":"Meu Timão / Acervo ATLAS1910","DESCRICAO_ORIGINAL":"Atual CEFCU Stadium<br><br>Primeira partida: seleção mexicana 1 x 1 Corinthians 31/08/1985 - Amistoso","FONTE_COORDENADAS":"OpenStreetMap Nominatim (geocodificação reversa)","URL_FONTE_COORDENADAS":"https://www.openstreetmap.org/relation/112143","ATRIBUICAO_COORDENADAS":"© OpenStreetMap contributors, ODbL 1.0","PAIS_ISO3":"USA","FONTE_CORRECAO_PAIS":"https://data.geocode.earth/wof/dist/legacy/whosonfirst-data-country-latest.tar.bz2"},"geometry":{"type":"Point","coordinates":[-121.8682962,37.3196675]}},{"type":"Feature","properties":{"ESTADIO":"Velodromo de Sorocaba","NOME_OFICIAL":"Rua da Penha","CIDADE":"Sorocaba","ESTADO":"São Paulo","PAIS":"Brasil","LATITUDE":-23.5007937,"LONGITUDE":-47.4614178,"PRIMEIRA_PARTIDA":"britannia de sorocaba 0 x 5 Corinthians","DATA_PRIMEIRA_PARTIDA":"1934-01-28","ANO_PRIMEIRA_PARTIDA":1934,"ADVERSARIO":"britannia de sorocaba","PLACAR":"0 x 5","COMPETICAO_PRIMEIRA_PARTIDA":"Amistoso","MANDO_PRIMEIRA_PARTIDA":"Visitante","TOTAL_JOGOS":2,"VITORIAS":2,"EMPATES":0,"DERROTAS":0,"APROVEITAMENTO_PCT":100.0,"GOLS_MARCADOS":10,"GOLS_SOFRIDOS":0,"ESTADIOS_COM_ESTREIA_NA_DECADA":19,"OBSERVACOES":"*Localização exata não encontrada https://www.facebook.com/sorocabaatravesdahistoria/posts/184426029581616/","FONTE_PRIMEIRA_PARTIDA":"https://www.facebook.com/sorocabaatravesdahistoria/posts/184426029581616/","DESCRICAO_ORIGINAL":"Rua da Penha<br><br>*Localização exata não encontrada https://www.facebook.com/sorocabaatravesdahistoria/posts/184426029581616/<br><br>Primeira partida: britannia de sorocaba 0 x 5 Corinthians 28/01/1934 - Amistoso","FONTE_COORDENADAS":"OpenStreetMap Nominatim (geocodificação reversa)","URL_FONTE_COORDENADAS":"https://www.openstreetmap.org/relation/298424","ATRIBUICAO_COORDENADAS":"© OpenStreetMap contributors, ODbL 1.0","CAPACIDADE":"6000","CAPACIDADE_FONTE":"Meu Timão","URL_FONTE_CAPACIDADE":"https://www.meutimao.com.br/estadio/velodromo_de_sorocaba/","PAIS_ISO3":"BRA"},"geometry":{"type":"Point","coordinates":[-47.4614178,-23.5007937]}}]}