{"type":"FeatureCollection","name":"estadios_masculinos_estatisticas","features":[{"type":"Feature","properties":{"ESTÁDIO":"1º DE MAIO (PRIMEIRÃO)","CIDADE":"SÃO BERNARDO DO CAMPO","ESTADO":"SÃO PAULO","PAÍS":"BRASIL","CAPACIDADE":"15759","PRIMEIRA_PARTIDA":"SÃO BERNARDO FC 2x2 CORINTHIANS","DATA_PRIMEIRA_PARTIDA":"2011-01-30","ANO_PRIMEIRA_PARTIDA":2011,"ADVERSARIO":"SÃO BERNARDO FC","PLACAR":"2x2","COMPETICAO_PRIMEIRA_PARTIDA":"Paulista 2011","MANDO_PRIMEIRA_PARTIDA":"Não","FONTE_PRIMEIRA_PARTIDA":"https://www.meutimao.com.br/jogo/219/paulista-2011/sao_bernardo_fc-2-x-2-corinthians","TOTAL_JOGOS":7,"VITÓRIAS":3,"EMPATES":2,"DERROTAS":2,"APROVEITAMENTO_PCT":52.4,"GOLS_MARCADOS":8,"GOLS_SOFRIDOS":5,"NOMES_ALTERNATIVOS":[],"FONTES_JOGOS":["Meu Timão"],"LATITUDE":-23.699558583592914,"LONGITUDE":-46.55493146008563,"PAIS_ISO3":"BRA"},"geometry":{"type":"Point","coordinates":[-46.55493146008563,-23.699558583592914]}},{"type":"Feature","properties":{"ESTÁDIO":"3 de Febrero","CIDADE":"Ciudad del Este","ESTADO":"Alto Paraná","PAÍS":"Paraguai","CAPACIDADE":null,"PRIMEIRA_PARTIDA":"nacional (PAR) 1 x 3 Corinthians","DATA_PRIMEIRA_PARTIDA":"2012-04-11","ANO_PRIMEIRA_PARTIDA":2012,"ADVERSARIO":"nacional (PAR)","PLACAR":"1 x 3","COMPETICAO_PRIMEIRA_PARTIDA":"Libertadores","MANDO_PRIMEIRA_PARTIDA":"Visitante","FONTE_PRIMEIRA_PARTIDA":"Meu Timão / Acervo ATLAS1910","TOTAL_JOGOS":3,"VITÓRIAS":3,"EMPATES":0,"DERROTAS":0,"APROVEITAMENTO_PCT":100,"GOLS_MARCADOS":9,"GOLS_SOFRIDOS":3,"NOMES_ALTERNATIVOS":[],"FONTES_JOGOS":[],"LATITUDE":-25.5268431,"LONGITUDE":-54.6118291,"FONTE_COORDENADAS":"OpenStreetMap Nominatim (geocodificação reversa)","URL_FONTE_COORDENADAS":"https://www.openstreetmap.org/relation/6552045","ATRIBUICAO_COORDENADAS":"© OpenStreetMap contributors, ODbL 1.0","PAIS_ISO3":"PRY"},"geometry":{"type":"Point","coordinates":[-54.6118291,-25.5268431]}},{"type":"Feature","properties":{"ESTÁDIO":"ARENA MRV","CIDADE":"BELO HORIZONTE","ESTADO":"MINAS GERAIS","PAÍS":"BRASIL","CAPACIDADE":"44892","PRIMEIRA_PARTIDA":"ATLÉTICO-MG 2x1 CORINTHIANS","DATA_PRIMEIRA_PARTIDA":"2024-07-28","ANO_PRIMEIRA_PARTIDA":2024,"ADVERSARIO":"ATLÉTICO-MG","PLACAR":"2x1","COMPETICAO_PRIMEIRA_PARTIDA":"Brasileirão 2024","MANDO_PRIMEIRA_PARTIDA":"Não","FONTE_PRIMEIRA_PARTIDA":"https://www.meutimao.com.br/jogo/8062/brasileirao-2024/atletico-mg-2-x-1-corinthians","TOTAL_JOGOS":2,"VITÓRIAS":0,"EMPATES":1,"DERROTAS":1,"APROVEITAMENTO_PCT":16.7,"GOLS_MARCADOS":1,"GOLS_SOFRIDOS":2,"NOMES_ALTERNATIVOS":[],"FONTES_JOGOS":["Meu Timão"],"LATITUDE":-19.92990521858634,"LONGITUDE":-44.01384728925445,"CAPACIDADE_STADIUMDB":"46000","FONTE_CAPACIDADE_STADIUMDB":"StadiumDB.com","URL_CAPACIDADE_STADIUMDB":"https://stadiumdb.com/stadiums/bra/arena_mrv","PAIS_ISO3":"BRA"},"geometry":{"type":"Point","coordinates":[-44.01384728925445,-19.92990521858634]}},{"type":"Feature","properties":{"ESTÁDIO":"Abreuzão","CIDADE":"Marília","ESTADO":"São Paulo","PAÍS":"Brasil","CAPACIDADE":"19500","PRIMEIRA_PARTIDA":"SÃO BENTO DE MARÍLIA 1x6 CORINTHIANS","DATA_PRIMEIRA_PARTIDA":"1940-11-03","ANO_PRIMEIRA_PARTIDA":1940,"ADVERSARIO":"SÃO BENTO DE MARÍLIA","PLACAR":"1x6","COMPETICAO_PRIMEIRA_PARTIDA":"Amistosos 1940","MANDO_PRIMEIRA_PARTIDA":"Não","FONTE_PRIMEIRA_PARTIDA":"https://www.meutimao.com.br/jogo/6335/amistosos-1940/amistoso/sao_bento_de_marilia-1-x-6-corinthians","TOTAL_JOGOS":25,"VITÓRIAS":13,"EMPATES":10,"DERROTAS":2,"APROVEITAMENTO_PCT":65.3,"GOLS_MARCADOS":43,"GOLS_SOFRIDOS":16,"NOMES_ALTERNATIVOS":[],"FONTES_JOGOS":["Meu Timão"],"LATITUDE":-22.2196144,"LONGITUDE":-49.9400031,"FONTE_COORDENADAS":"OpenStreetMap Nominatim (geocodificação reversa)","URL_FONTE_COORDENADAS":"https://www.openstreetmap.org/relation/298306","ATRIBUICAO_COORDENADAS":"© OpenStreetMap contributors, ODbL 1.0","CAPACIDADE_FONTE":"Meu Timão","URL_FONTE_CAPACIDADE":"https://www.meutimao.com.br/estadio/abreuzao/","PAIS_ISO3":"BRA"},"geometry":{"type":"Point","coordinates":[-49.9400031,-22.2196144]}},{"type":"Feature","properties":{"ESTÁDIO":"Achiles Pimpão/Vitorino Gonçalves Dias","CIDADE":"Londrina","ESTADO":"Paraná","PAÍS":"Brazil","CAPACIDADE":null,"PRIMEIRA_PARTIDA":"OPERÁRIO DE LONDRINA 1x3 CORINTHIANS","DATA_PRIMEIRA_PARTIDA":"1951-05-01","ANO_PRIMEIRA_PARTIDA":1951,"ADVERSARIO":"OPERÁRIO DE LONDRINA","PLACAR":"1x3","COMPETICAO_PRIMEIRA_PARTIDA":"Amistosos 1951","MANDO_PRIMEIRA_PARTIDA":"Não","FONTE_PRIMEIRA_PARTIDA":"https://www.meutimao.com.br/jogo/5762/amistosos-1951/amistoso/operario_de_londrina-1-x-3-corinthians","TOTAL_JOGOS":11,"VITÓRIAS":3,"EMPATES":3,"DERROTAS":5,"APROVEITAMENTO_PCT":36.4,"GOLS_MARCADOS":22,"GOLS_SOFRIDOS":24,"NOMES_ALTERNATIVOS":[],"FONTES_JOGOS":["Meu Timão"],"LATITUDE":-23.3086433,"LONGITUDE":-51.1519682,"FONTE_COORDENADAS":"OpenStreetMap Nominatim (geocodificação reversa)","URL_FONTE_COORDENADAS":"https://www.openstreetmap.org/relation/297756","ATRIBUICAO_COORDENADAS":"© OpenStreetMap contributors, ODbL 1.0","PAIS_ISO3":"BRA","FONTE_CORRECAO_PAIS":"https://data.geocode.earth/wof/dist/legacy/whosonfirst-data-country-latest.tar.bz2"},"geometry":{"type":"Point","coordinates":[-51.1519682,-23.3086433]}},{"type":"Feature","properties":{"ESTÁDIO":"Adhemar de Barros","CIDADE":"Assis","ESTADO":"São Paulo","PAÍS":"Brasil","CAPACIDADE":null,"PRIMEIRA_PARTIDA":"FERROVIÁRIA DE ASSIS 1x4 CORINTHIANS","DATA_PRIMEIRA_PARTIDA":"1951-05-15","ANO_PRIMEIRA_PARTIDA":1951,"ADVERSARIO":"FERROVIÁRIA DE ASSIS","PLACAR":"1x4","COMPETICAO_PRIMEIRA_PARTIDA":"Amistosos 1951","MANDO_PRIMEIRA_PARTIDA":"Não","FONTE_PRIMEIRA_PARTIDA":"https://www.meutimao.com.br/jogo/5766/amistosos-1951/amistoso/ferroviaria_de_assis-1-x-4-corinthians","TOTAL_JOGOS":2,"VITÓRIAS":2,"EMPATES":0,"DERROTAS":0,"APROVEITAMENTO_PCT":100.0,"GOLS_MARCADOS":6,"GOLS_SOFRIDOS":1,"NOMES_ALTERNATIVOS":[],"FONTES_JOGOS":["Meu Timão"],"LATITUDE":-22.6702485,"LONGITUDE":-50.4203455,"FONTE_COORDENADAS":"OpenStreetMap Nominatim (geocodificação reversa)","URL_FONTE_COORDENADAS":"https://www.openstreetmap.org/relation/298317","ATRIBUICAO_COORDENADAS":"© OpenStreetMap contributors, ODbL 1.0","PAIS_ISO3":"BRA"},"geometry":{"type":"Point","coordinates":[-50.4203455,-22.6702485]}},{"type":"Feature","properties":{"ESTÁDIO":"Adhemarzão","CIDADE":"Araçatuba","ESTADO":"São Paulo","PAÍS":"Brasil","CAPACIDADE":"11284","PRIMEIRA_PARTIDA":"FERROVIÁRIO DE ARAÇATUBA 2x5 CORINTHIANS","DATA_PRIMEIRA_PARTIDA":"1967-01-22","ANO_PRIMEIRA_PARTIDA":1967,"ADVERSARIO":"FERROVIÁRIO DE ARAÇATUBA","PLACAR":"2x5","COMPETICAO_PRIMEIRA_PARTIDA":"Amistosos 1967","MANDO_PRIMEIRA_PARTIDA":"Não","FONTE_PRIMEIRA_PARTIDA":"https://www.meutimao.com.br/jogo/4564/amistosos-1967/amistoso/ferroviario_de_aracatuba-2-x-5-corinthians","TOTAL_JOGOS":10,"VITÓRIAS":7,"EMPATES":2,"DERROTAS":1,"APROVEITAMENTO_PCT":76.7,"GOLS_MARCADOS":19,"GOLS_SOFRIDOS":7,"NOMES_ALTERNATIVOS":[],"FONTES_JOGOS":["Meu Timão"],"LATITUDE":-21.2168008,"LONGITUDE":-50.4444156,"FONTE_COORDENADAS":"OpenStreetMap Nominatim (geocodificação reversa)","URL_FONTE_COORDENADAS":"https://www.openstreetmap.org/relation/297930","ATRIBUICAO_COORDENADAS":"© OpenStreetMap contributors, ODbL 1.0","CAPACIDADE_FONTE":"Meu Timão","URL_FONTE_CAPACIDADE":"https://www.meutimao.com.br/estadio/adhemarzao/","PAIS_ISO3":"BRA"},"geometry":{"type":"Point","coordinates":[-50.4444156,-21.2168008]}},{"type":"Feature","properties":{"ESTÁDIO":"Adolfo Konder","CIDADE":"Florianópolis","ESTADO":"Santa Catarina","PAÍS":"Brasil","CAPACIDADE":"19985","PRIMEIRA_PARTIDA":"FIGUEIRENSE 3x6 CORINTHIANS","DATA_PRIMEIRA_PARTIDA":"1943-02-04","ANO_PRIMEIRA_PARTIDA":1943,"ADVERSARIO":"FIGUEIRENSE","PLACAR":"3x6","COMPETICAO_PRIMEIRA_PARTIDA":"Amistosos 1943","MANDO_PRIMEIRA_PARTIDA":"Não","FONTE_PRIMEIRA_PARTIDA":"https://www.meutimao.com.br/jogo/6152/amistosos-1943/amistoso/figueirense-3-x-6-corinthians","TOTAL_JOGOS":2,"VITÓRIAS":2,"EMPATES":0,"DERROTAS":0,"APROVEITAMENTO_PCT":100.0,"GOLS_MARCADOS":10,"GOLS_SOFRIDOS":6,"NOMES_ALTERNATIVOS":[],"FONTES_JOGOS":["Meu Timão"],"LATITUDE":-27.5973002,"LONGITUDE":-48.5496098,"PRECISAO_COORDENADAS":"Município (estádio exato não identificado)","FONTE_COORDENADAS":"OpenStreetMap Nominatim (localidade aproximada)","URL_FONTE_COORDENADAS":"https://www.openstreetmap.org/relation/296561","ATRIBUICAO_COORDENADAS":"© OpenStreetMap contributors, ODbL 1.0","CAPACIDADE_FONTE":"Meu Timão","URL_FONTE_CAPACIDADE":"https://www.meutimao.com.br/estadio/adolfo_konder/","PAIS_ISO3":"BRA"},"geometry":{"type":"Point","coordinates":[-48.5496098,-27.5973002]}},{"type":"Feature","properties":{"ESTÁDIO":"Aflitos","CIDADE":"Recife","ESTADO":"Pernambuco","PAÍS":"Brasil","CAPACIDADE":"22000","PRIMEIRA_PARTIDA":"SANTA CRUZ 0x3 CORINTHIANS","DATA_PRIMEIRA_PARTIDA":"1965-01-13","ANO_PRIMEIRA_PARTIDA":1965,"ADVERSARIO":"SANTA CRUZ","PLACAR":"0x3","COMPETICAO_PRIMEIRA_PARTIDA":"Amistosos 1965","MANDO_PRIMEIRA_PARTIDA":"Não","FONTE_PRIMEIRA_PARTIDA":"https://www.meutimao.com.br/jogo/4740/amistosos-1965/amistoso/santa_cruz-0-x-3-corinthians","TOTAL_JOGOS":7,"VITÓRIAS":1,"EMPATES":2,"DERROTAS":4,"APROVEITAMENTO_PCT":23.8,"GOLS_MARCADOS":8,"GOLS_SOFRIDOS":9,"NOMES_ALTERNATIVOS":[],"FONTES_JOGOS":["Meu Timão"],"LATITUDE":-8.0405628,"LONGITUDE":-34.8968178,"FONTE_COORDENADAS":"OpenStreetMap Nominatim (geocodificação reversa)","URL_FONTE_COORDENADAS":"https://www.openstreetmap.org/relation/303585","ATRIBUICAO_COORDENADAS":"© OpenStreetMap contributors, ODbL 1.0","CAPACIDADE_FONTE":"Meu Timão","URL_FONTE_CAPACIDADE":"https://www.meutimao.com.br/estadio/aflitos/","PAIS_ISO3":"BRA"},"geometry":{"type":"Point","coordinates":[-34.8968178,-8.0405628]}},{"type":"Feature","properties":{"ESTÁDIO":"Alameda","CIDADE":"Belo Horizonte","ESTADO":"Minas Gerais","PAÍS":"Brasil","CAPACIDADE":null,"PRIMEIRA_PARTIDA":"VILLA NOVA 2x2 CORINTHIANS","DATA_PRIMEIRA_PARTIDA":"1937-08-04","ANO_PRIMEIRA_PARTIDA":1937,"ADVERSARIO":"VILLA NOVA","PLACAR":"2x2","COMPETICAO_PRIMEIRA_PARTIDA":"Amistosos 1937","MANDO_PRIMEIRA_PARTIDA":"Não","FONTE_PRIMEIRA_PARTIDA":"https://www.meutimao.com.br/jogo/6423/amistosos-1937/amistoso/villa_nova-2-x-2-corinthians","TOTAL_JOGOS":2,"VITÓRIAS":0,"EMPATES":2,"DERROTAS":0,"APROVEITAMENTO_PCT":33.3,"GOLS_MARCADOS":3,"GOLS_SOFRIDOS":3,"NOMES_ALTERNATIVOS":[],"FONTES_JOGOS":["Meu Timão"],"LATITUDE":-19.9232019,"LONGITUDE":-43.9294622,"FONTE_COORDENADAS":"OpenStreetMap Nominatim (geocodificação reversa)","URL_FONTE_COORDENADAS":"https://www.openstreetmap.org/relation/368782","ATRIBUICAO_COORDENADAS":"© OpenStreetMap contributors, ODbL 1.0","PAIS_ISO3":"BRA"},"geometry":{"type":"Point","coordinates":[-43.9294622,-19.9232019]}},{"type":"Feature","properties":{"ESTÁDIO":"Albertão","CIDADE":"Teresina","ESTADO":"Piauí","PAÍS":"Brasil","CAPACIDADE":"44200","PRIMEIRA_PARTIDA":"TIRADENTES-PI 1x0 CORINTHIANS","DATA_PRIMEIRA_PARTIDA":"1973-09-16","ANO_PRIMEIRA_PARTIDA":1973,"ADVERSARIO":"TIRADENTES-PI","PLACAR":"1x0","COMPETICAO_PRIMEIRA_PARTIDA":"Brasileirão 1973","MANDO_PRIMEIRA_PARTIDA":"Não","FONTE_PRIMEIRA_PARTIDA":"https://www.meutimao.com.br/jogo/4146/brasileirao-1973/tiradentes-pi-1-x-0-corinthians","TOTAL_JOGOS":5,"VITÓRIAS":2,"EMPATES":1,"DERROTAS":2,"APROVEITAMENTO_PCT":46.7,"GOLS_MARCADOS":13,"GOLS_SOFRIDOS":7,"NOMES_ALTERNATIVOS":[],"FONTES_JOGOS":["Meu Timão"],"LATITUDE":-5.1161156,"LONGITUDE":-42.792737,"FONTE_COORDENADAS":"OpenStreetMap Nominatim (geocodificação reversa)","URL_FONTE_COORDENADAS":"https://www.openstreetmap.org/relation/302749","ATRIBUICAO_COORDENADAS":"© OpenStreetMap contributors, ODbL 1.0","CAPACIDADE_FONTE":"Meu Timão","URL_FONTE_CAPACIDADE":"https://www.meutimao.com.br/estadio/albertao/","PAIS_ISO3":"BRA"},"geometry":{"type":"Point","coordinates":[-42.792737,-5.1161156]}},{"type":"Feature","properties":{"ESTÁDIO":"Alfredo Jaconi","CIDADE":"Caxias do Sul","ESTADO":"Rio Grande do Sul","PAÍS":"Brasil","CAPACIDADE":"23726","PRIMEIRA_PARTIDA":"JUVENTUDE 2x0 CORINTHIANS","DATA_PRIMEIRA_PARTIDA":"1997-03-20","ANO_PRIMEIRA_PARTIDA":1997,"ADVERSARIO":"JUVENTUDE","PLACAR":"2x0","COMPETICAO_PRIMEIRA_PARTIDA":"Copa do Brasil 1997","MANDO_PRIMEIRA_PARTIDA":"Não","FONTE_PRIMEIRA_PARTIDA":"https://www.meutimao.com.br/jogo/2341/copa-do-brasil-1997/juventude-2-x-0-corinthians","TOTAL_JOGOS":14,"VITÓRIAS":3,"EMPATES":3,"DERROTAS":8,"APROVEITAMENTO_PCT":28.6,"GOLS_MARCADOS":13,"GOLS_SOFRIDOS":24,"NOMES_ALTERNATIVOS":[],"FONTES_JOGOS":["Meu Timão"],"LATITUDE":-29.162314,"LONGITUDE":-51.176265,"FONTE_COORDENADAS":"OpenStreetMap Nominatim (geocodificação reversa)","URL_FONTE_COORDENADAS":"https://www.openstreetmap.org/relation/242450","ATRIBUICAO_COORDENADAS":"© OpenStreetMap contributors, ODbL 1.0","CAPACIDADE_FONTE":"Meu Timão","URL_FONTE_CAPACIDADE":"https://www.meutimao.com.br/estadio/alfredo_jaconi/","PAIS_ISO3":"BRA"},"geometry":{"type":"Point","coordinates":[-51.176265,-29.162314]}},{"type":"Feature","properties":{"ESTÁDIO":"Alfredão","CIDADE":"Bauru","ESTADO":"São Paulo","PAÍS":"Brasil","CAPACIDADE":"15420","PRIMEIRA_PARTIDA":"SELEÇÃO DE BAURU 2x5 CORINTHIANS","DATA_PRIMEIRA_PARTIDA":"1946-08-01","ANO_PRIMEIRA_PARTIDA":1946,"ADVERSARIO":"SELEÇÃO DE BAURU","PLACAR":"2x5","COMPETICAO_PRIMEIRA_PARTIDA":"Amistosos 1946","MANDO_PRIMEIRA_PARTIDA":"Não","FONTE_PRIMEIRA_PARTIDA":"https://www.meutimao.com.br/jogo/6092/amistosos-1946/amistoso/selecao_de_bauru-2-x-5-corinthians","TOTAL_JOGOS":33,"VITÓRIAS":10,"EMPATES":7,"DERROTAS":16,"APROVEITAMENTO_PCT":37.4,"GOLS_MARCADOS":47,"GOLS_SOFRIDOS":45,"NOMES_ALTERNATIVOS":[],"FONTES_JOGOS":["Meu Timão"],"LATITUDE":-22.3243423,"LONGITUDE":-49.0975768,"FONTE_COORDENADAS":"OpenStreetMap Nominatim (geocodificação reversa)","URL_FONTE_COORDENADAS":"https://www.openstreetmap.org/relation/298315","ATRIBUICAO_COORDENADAS":"© OpenStreetMap contributors, ODbL 1.0","CAPACIDADE_FONTE":"Meu Timão","URL_FONTE_CAPACIDADE":"https://www.meutimao.com.br/estadio/alfredao/","PAIS_ISO3":"BRA"},"geometry":{"type":"Point","coordinates":[-49.0975768,-22.3243423]}},{"type":"Feature","properties":{"ESTÁDIO":"Almeidão","CIDADE":"João Pessoa","ESTADO":"Paraíba","PAÍS":"Brasil","CAPACIDADE":"25770","PRIMEIRA_PARTIDA":"BOTAFOGO DA PARAÍBA 0x1 CORINTHIANS","DATA_PRIMEIRA_PARTIDA":"1986-09-24","ANO_PRIMEIRA_PARTIDA":1986,"ADVERSARIO":"BOTAFOGO DA PARAÍBA","PLACAR":"0x1","COMPETICAO_PRIMEIRA_PARTIDA":"Brasileirão 1986","MANDO_PRIMEIRA_PARTIDA":"Não","FONTE_PRIMEIRA_PARTIDA":"https://www.meutimao.com.br/jogo/3177/brasileirao-1986/botafogo_da_paraiba-0-x-1-corinthians","TOTAL_JOGOS":3,"VITÓRIAS":2,"EMPATES":0,"DERROTAS":1,"APROVEITAMENTO_PCT":66.7,"GOLS_MARCADOS":3,"GOLS_SOFRIDOS":2,"NOMES_ALTERNATIVOS":[],"FONTES_JOGOS":["Meu Timão"],"LATITUDE":-7.1671695,"LONGITUDE":-34.8734486,"FONTE_COORDENADAS":"OpenStreetMap Nominatim (geocodificação reversa)","URL_FONTE_COORDENADAS":"https://www.openstreetmap.org/relation/301405","ATRIBUICAO_COORDENADAS":"© OpenStreetMap contributors, ODbL 1.0","CAPACIDADE_FONTE":"Meu Timão","URL_FONTE_CAPACIDADE":"https://www.meutimao.com.br/estadio/almeidao/","PAIS_ISO3":"BRA"},"geometry":{"type":"Point","coordinates":[-34.8734486,-7.1671695]}},{"type":"Feature","properties":{"ESTÁDIO":"Alonso de Carvalho Braga","CIDADE":"Tupã","ESTADO":"São Paulo","PAÍS":"Brasil","CAPACIDADE":"5515","PRIMEIRA_PARTIDA":"TUPÃ 1x1 CORINTHIANS","DATA_PRIMEIRA_PARTIDA":"1956-06-29","ANO_PRIMEIRA_PARTIDA":1956,"ADVERSARIO":"TUPÃ","PLACAR":"1x1","COMPETICAO_PRIMEIRA_PARTIDA":"Amistosos 1956","MANDO_PRIMEIRA_PARTIDA":"Não","FONTE_PRIMEIRA_PARTIDA":"https://www.meutimao.com.br/jogo/5438/amistosos-1956/amistoso/tupa-1-x-1-corinthians","TOTAL_JOGOS":3,"VITÓRIAS":1,"EMPATES":2,"DERROTAS":0,"APROVEITAMENTO_PCT":55.6,"GOLS_MARCADOS":5,"GOLS_SOFRIDOS":2,"NOMES_ALTERNATIVOS":[],"FONTES_JOGOS":["Meu Timão"],"LATITUDE":-21.9331875,"LONGITUDE":-50.5191875,"FONTE_COORDENADAS":"OpenStreetMap Nominatim (geocodificação reversa)","URL_FONTE_COORDENADAS":"https://www.openstreetmap.org/relation/298164","ATRIBUICAO_COORDENADAS":"© OpenStreetMap contributors, ODbL 1.0","CAPACIDADE_FONTE":"Meu Timão","URL_FONTE_CAPACIDADE":"https://www.meutimao.com.br/estadio/alonso_de_carvalho_braga/","PAIS_ISO3":"BRA"},"geometry":{"type":"Point","coordinates":[-50.5191875,-21.9331875]}},{"type":"Feature","properties":{"ESTÁDIO":"Aluísio Ferreira","CIDADE":"Porto Velho","ESTADO":"Rondônia","PAÍS":"Brasil","CAPACIDADE":null,"PRIMEIRA_PARTIDA":"FERROVIÁRIOS DE SÃO CARLOS 2x7 CORINTHIANS","DATA_PRIMEIRA_PARTIDA":"1947-01-05","ANO_PRIMEIRA_PARTIDA":1947,"ADVERSARIO":"FERROVIÁRIOS DE SÃO CARLOS","PLACAR":"2x7","COMPETICAO_PRIMEIRA_PARTIDA":"Amistosos 1947","MANDO_PRIMEIRA_PARTIDA":"Visitante","FONTE_PRIMEIRA_PARTIDA":"https://www.meutimao.com.br/jogo/5982/amistosos-1947/amistoso/ferroviarios_de_sao_carlos-2-x-7-corinthians","TOTAL_JOGOS":13,"VITÓRIAS":11,"EMPATES":0,"DERROTAS":2,"APROVEITAMENTO_PCT":84.6,"GOLS_MARCADOS":50,"GOLS_SOFRIDOS":12,"NOMES_ALTERNATIVOS":[],"FONTES_JOGOS":[],"LATITUDE":-8.7573356,"LONGITUDE":-63.9103967,"FONTE_COORDENADAS":"OpenStreetMap Nominatim (geocodificação reversa)","URL_FONTE_COORDENADAS":"https://www.openstreetmap.org/relation/325855","ATRIBUICAO_COORDENADAS":"© OpenStreetMap contributors, ODbL 1.0","PAIS_ISO3":"BRA"},"geometry":{"type":"Point","coordinates":[-63.9103967,-8.7573356]}},{"type":"Feature","properties":{"ESTÁDIO":"Alçapão da Pires Barbosa","CIDADE":"Guaratinguetá","ESTADO":"São Paulo","PAÍS":"Brasil","CAPACIDADE":null,"PRIMEIRA_PARTIDA":"ESPORTIVA GUARATINGUETÁ 0x3 CORINTHIANS","DATA_PRIMEIRA_PARTIDA":"1920-09-19","ANO_PRIMEIRA_PARTIDA":1920,"ADVERSARIO":"ESPORTIVA GUARATINGUETÁ","PLACAR":"0x3","COMPETICAO_PRIMEIRA_PARTIDA":"Amistosos 1920","MANDO_PRIMEIRA_PARTIDA":"Não","FONTE_PRIMEIRA_PARTIDA":"https://www.meutimao.com.br/jogo/6914/amistosos-1920/amistoso/esportiva_guaratingueta-0-x-3-corinthians","TOTAL_JOGOS":1,"VITÓRIAS":1,"EMPATES":0,"DERROTAS":0,"APROVEITAMENTO_PCT":100.0,"GOLS_MARCADOS":3,"GOLS_SOFRIDOS":0,"NOMES_ALTERNATIVOS":[],"FONTES_JOGOS":["Meu Timão"],"LATITUDE":-22.8154448,"LONGITUDE":-45.1979528,"FONTE_COORDENADAS":"OpenStreetMap Nominatim (geocodificação reversa)","URL_FONTE_COORDENADAS":"https://www.openstreetmap.org/relation/298076","ATRIBUICAO_COORDENADAS":"© OpenStreetMap contributors, ODbL 1.0","PAIS_ISO3":"BRA"},"geometry":{"type":"Point","coordinates":[-45.1979528,-22.8154448]}},{"type":"Feature","properties":{"ESTÁDIO":"Alçapão do Bonfim","CIDADE":"Nova Lima","ESTADO":"MG","PAÍS":"Brasil","CAPACIDADE":null,"PRIMEIRA_PARTIDA":"vila nova 2 x 1 Corinthians","DATA_PRIMEIRA_PARTIDA":"1937-08-01","ANO_PRIMEIRA_PARTIDA":1937,"ADVERSARIO":"vila nova","PLACAR":"2 x 1","COMPETICAO_PRIMEIRA_PARTIDA":"Amistoso","MANDO_PRIMEIRA_PARTIDA":"Visitante","FONTE_PRIMEIRA_PARTIDA":"Meu Timão / Acervo ATLAS1910","TOTAL_JOGOS":1,"VITÓRIAS":0,"EMPATES":0,"DERROTAS":1,"APROVEITAMENTO_PCT":0,"GOLS_MARCADOS":1,"GOLS_SOFRIDOS":2,"NOMES_ALTERNATIVOS":[],"FONTES_JOGOS":[],"LATITUDE":-19.9878391,"LONGITUDE":-43.84464,"PAIS_ISO3":"BRA"},"geometry":{"type":"Point","coordinates":[-43.84464,-19.9878391]}},{"type":"Feature","properties":{"ESTÁDIO":"Amigão","CIDADE":"Campina Grande","ESTADO":"Paraíba","PAÍS":"Brasil","CAPACIDADE":"35000","PRIMEIRA_PARTIDA":"TREZE FC 0x0 CORINTHIANS","DATA_PRIMEIRA_PARTIDA":"1984-03-18","ANO_PRIMEIRA_PARTIDA":1984,"ADVERSARIO":"TREZE FC","PLACAR":"0x0","COMPETICAO_PRIMEIRA_PARTIDA":"Brasileirão 1984","MANDO_PRIMEIRA_PARTIDA":"Não","FONTE_PRIMEIRA_PARTIDA":"https://www.meutimao.com.br/jogo/3281/brasileirao-1984/treze_fc-0-x-0-corinthians","TOTAL_JOGOS":3,"VITÓRIAS":1,"EMPATES":2,"DERROTAS":0,"APROVEITAMENTO_PCT":55.6,"GOLS_MARCADOS":4,"GOLS_SOFRIDOS":2,"NOMES_ALTERNATIVOS":[],"FONTES_JOGOS":["Meu Timão"],"LATITUDE":-7.2537422,"LONGITUDE":-35.879906,"FONTE_COORDENADAS":"OpenStreetMap Nominatim (geocodificação reversa)","URL_FONTE_COORDENADAS":"https://www.openstreetmap.org/relation/301462","ATRIBUICAO_COORDENADAS":"© OpenStreetMap contributors, ODbL 1.0","CAPACIDADE_FONTE":"Meu Timão","URL_FONTE_CAPACIDADE":"https://www.meutimao.com.br/estadio/amigao/","PAIS_ISO3":"BRA"},"geometry":{"type":"Point","coordinates":[-35.879906,-7.2537422]}},{"type":"Feature","properties":{"ESTÁDIO":"Anacleto Campanella","CIDADE":"São Caetano do Sul","ESTADO":"São Paulo","PAÍS":"Brasil","CAPACIDADE":"14400","PRIMEIRA_PARTIDA":"SÃO BENTO DE SÃO CAETANO 2x3 CORINTHIANS","DATA_PRIMEIRA_PARTIDA":"1955-01-13","ANO_PRIMEIRA_PARTIDA":1955,"ADVERSARIO":"SÃO BENTO DE SÃO CAETANO","PLACAR":"2x3","COMPETICAO_PRIMEIRA_PARTIDA":"Amistosos 1955","MANDO_PRIMEIRA_PARTIDA":"Não","FONTE_PRIMEIRA_PARTIDA":"https://www.meutimao.com.br/jogo/5483/amistosos-1955/amistoso/sao_bento_de_sao_caetano-2-x-3-corinthians","TOTAL_JOGOS":18,"VITÓRIAS":10,"EMPATES":2,"DERROTAS":6,"APROVEITAMENTO_PCT":59.3,"GOLS_MARCADOS":24,"GOLS_SOFRIDOS":21,"NOMES_ALTERNATIVOS":[],"FONTES_JOGOS":["Meu Timão"],"LATITUDE":-23.6302452,"LONGITUDE":-46.5609028,"FONTE_COORDENADAS":"OpenStreetMap Nominatim (geocodificação reversa)","URL_FONTE_COORDENADAS":"https://www.openstreetmap.org/relation/298170","ATRIBUICAO_COORDENADAS":"© OpenStreetMap contributors, ODbL 1.0","CAPACIDADE_FONTE":"StadiumDB.com","URL_FONTE_CAPACIDADE":"https://stadiumdb.com/stadiums/bra/estadio_anacleto_campanella","PAIS_ISO3":"BRA"},"geometry":{"type":"Point","coordinates":[-46.5609028,-23.6302452]}},{"type":"Feature","properties":{"ESTÁDIO":"Andaraí","CIDADE":"Rio de Janeiro","ESTADO":"Rio de Janeiro","PAÍS":"Brasil","CAPACIDADE":null,"PRIMEIRA_PARTIDA":"ANDARAHY 1x5 CORINTHIANS","DATA_PRIMEIRA_PARTIDA":"1921-12-04","ANO_PRIMEIRA_PARTIDA":1921,"ADVERSARIO":"ANDARAHY","PLACAR":"1x5","COMPETICAO_PRIMEIRA_PARTIDA":"Amistosos 1921","MANDO_PRIMEIRA_PARTIDA":"Não","FONTE_PRIMEIRA_PARTIDA":"https://www.meutimao.com.br/jogo/6865/amistosos-1921/amistoso/andarahy-1-x-5-corinthians","TOTAL_JOGOS":1,"VITÓRIAS":1,"EMPATES":0,"DERROTAS":0,"APROVEITAMENTO_PCT":100.0,"GOLS_MARCADOS":5,"GOLS_SOFRIDOS":1,"NOMES_ALTERNATIVOS":[],"FONTES_JOGOS":["Meu Timão"],"LATITUDE":-22.9218137,"LONGITUDE":-43.2502973,"FONTE_COORDENADAS":"OpenStreetMap Nominatim (geocodificação reversa)","URL_FONTE_COORDENADAS":"https://www.openstreetmap.org/relation/2697338","ATRIBUICAO_COORDENADAS":"© OpenStreetMap contributors, ODbL 1.0","PAIS_ISO3":"BRA"},"geometry":{"type":"Point","coordinates":[-43.2502973,-22.9218137]}},{"type":"Feature","properties":{"ESTÁDIO":"Ankara Arena","CIDADE":"Ancara","ESTADO":null,"PAÍS":"Turquia","CAPACIDADE":"10000","PRIMEIRA_PARTIDA":"SELEÇÃO DE ANCARA 1x3 CORINTHIANS","DATA_PRIMEIRA_PARTIDA":"1952-05-03","ANO_PRIMEIRA_PARTIDA":1952,"ADVERSARIO":"SELEÇÃO DE ANCARA","PLACAR":"1x3","COMPETICAO_PRIMEIRA_PARTIDA":"Amistosos 1952","MANDO_PRIMEIRA_PARTIDA":"Não","FONTE_PRIMEIRA_PARTIDA":"https://www.meutimao.com.br/jogo/5693/amistosos-1952/amistoso/selecao_de_ancara-1-x-3-corinthians","TOTAL_JOGOS":3,"VITÓRIAS":3,"EMPATES":0,"DERROTAS":0,"APROVEITAMENTO_PCT":100.0,"GOLS_MARCADOS":10,"GOLS_SOFRIDOS":4,"NOMES_ALTERNATIVOS":[],"FONTES_JOGOS":["Meu Timão"],"LATITUDE":39.9207759,"LONGITUDE":32.8540497,"PRECISAO_COORDENADAS":"Município (estádio exato não identificado)","FONTE_COORDENADAS":"OpenStreetMap Nominatim (localidade aproximada)","URL_FONTE_COORDENADAS":"https://www.openstreetmap.org/node/25869410","ATRIBUICAO_COORDENADAS":"© OpenStreetMap contributors, ODbL 1.0","CAPACIDADE_FONTE":"Meu Timão","URL_FONTE_CAPACIDADE":"https://www.meutimao.com.br/estadio/ankara_arena/","PAIS_ISO3":"TUR"},"geometry":{"type":"Point","coordinates":[32.8540497,39.9207759]}},{"type":"Feature","properties":{"ESTÁDIO":"Antonio Lins Ribeiro Guimarães","CIDADE":"Santa Bárbara D'Oeste","ESTADO":"SP","PAÍS":"Brasil","CAPACIDADE":null,"PRIMEIRA_PARTIDA":"união barbarense 1 x 1 Corinthians","DATA_PRIMEIRA_PARTIDA":"1998-06-07","ANO_PRIMEIRA_PARTIDA":1998,"ADVERSARIO":"união barbarense","PLACAR":"1 x 1","COMPETICAO_PRIMEIRA_PARTIDA":"Amistoso","MANDO_PRIMEIRA_PARTIDA":"Visitante","FONTE_PRIMEIRA_PARTIDA":"Meu Timão / Acervo ATLAS1910","TOTAL_JOGOS":15,"VITÓRIAS":9,"EMPATES":6,"DERROTAS":0,"APROVEITAMENTO_PCT":73.3,"GOLS_MARCADOS":33,"GOLS_SOFRIDOS":18,"NOMES_ALTERNATIVOS":[],"FONTES_JOGOS":[],"LATITUDE":-22.7555141,"LONGITUDE":-47.4243333,"PAIS_ISO3":"BRA"},"geometry":{"type":"Point","coordinates":[-47.4243333,-22.7555141]}},{"type":"Feature","properties":{"ESTÁDIO":"Antônio Accioly","CIDADE":"Goiânia","ESTADO":"GO","PAÍS":"Brasil","CAPACIDADE":null,"PRIMEIRA_PARTIDA":"atlético goianiense 0 x 0 Corinthians","DATA_PRIMEIRA_PARTIDA":"2021-06-09","ANO_PRIMEIRA_PARTIDA":2021,"ADVERSARIO":"atlético goianiense","PLACAR":"0 x 0","COMPETICAO_PRIMEIRA_PARTIDA":"Copa do Brasil","MANDO_PRIMEIRA_PARTIDA":"Visitante","FONTE_PRIMEIRA_PARTIDA":"Meu Timão / Acervo ATLAS1910","TOTAL_JOGOS":15,"VITÓRIAS":3,"EMPATES":9,"DERROTAS":3,"APROVEITAMENTO_PCT":40,"GOLS_MARCADOS":12,"GOLS_SOFRIDOS":15,"NOMES_ALTERNATIVOS":[],"FONTES_JOGOS":[],"LATITUDE":-16.6701544,"LONGITUDE":-49.2842301,"PAIS_ISO3":"BRA"},"geometry":{"type":"Point","coordinates":[-49.2842301,-16.6701544]}},{"type":"Feature","properties":{"ESTÁDIO":"Antônio Alonso","CIDADE":"Santos","ESTADO":"São Paulo","PAÍS":"Brazil","CAPACIDADE":null,"PRIMEIRA_PARTIDA":"JABAQUARA 5x6 CORINTHIANS","DATA_PRIMEIRA_PARTIDA":"1933-01-29","ANO_PRIMEIRA_PARTIDA":1933,"ADVERSARIO":"JABAQUARA","PLACAR":"5x6","COMPETICAO_PRIMEIRA_PARTIDA":"Amistosos 1933","MANDO_PRIMEIRA_PARTIDA":"Não","FONTE_PRIMEIRA_PARTIDA":"https://www.meutimao.com.br/jogo/6543/amistosos-1933/amistoso/jabaquara-5-x-6-corinthians","TOTAL_JOGOS":4,"VITÓRIAS":2,"EMPATES":1,"DERROTAS":1,"APROVEITAMENTO_PCT":58.3,"GOLS_MARCADOS":9,"GOLS_SOFRIDOS":9,"NOMES_ALTERNATIVOS":[],"FONTES_JOGOS":["Meu Timão"],"LATITUDE":-23.9562015,"LONGITUDE":-46.3159358,"FONTE_COORDENADAS":"OpenStreetMap Nominatim (geocodificação reversa)","URL_FONTE_COORDENADAS":"https://www.openstreetmap.org/relation/298442","ATRIBUICAO_COORDENADAS":"© OpenStreetMap contributors, ODbL 1.0","PAIS_ISO3":"BRA","FONTE_CORRECAO_PAIS":"https://data.geocode.earth/wof/dist/legacy/whosonfirst-data-country-latest.tar.bz2"},"geometry":{"type":"Point","coordinates":[-46.3159358,-23.9562015]}},{"type":"Feature","properties":{"ESTÁDIO":"Antônio Barbosa Pinto da Fonseca","CIDADE":"Serra Negra","ESTADO":"São Paulo","PAÍS":"Brasil","CAPACIDADE":"3500","PRIMEIRA_PARTIDA":"SELEÇÃO DE SERRA NEGRA 0x3 CORINTHIANS","DATA_PRIMEIRA_PARTIDA":"1996-08-04","ANO_PRIMEIRA_PARTIDA":1996,"ADVERSARIO":"SELEÇÃO DE SERRA NEGRA","PLACAR":"0x3","COMPETICAO_PRIMEIRA_PARTIDA":"Amistosos 1996","MANDO_PRIMEIRA_PARTIDA":"Não","FONTE_PRIMEIRA_PARTIDA":"https://www.meutimao.com.br/jogo/2455/amistosos-1996/amistoso/selecao_de_serra_negra-0-x-3-corinthians","TOTAL_JOGOS":4,"VITÓRIAS":3,"EMPATES":1,"DERROTAS":0,"APROVEITAMENTO_PCT":83.3,"GOLS_MARCADOS":12,"GOLS_SOFRIDOS":2,"NOMES_ALTERNATIVOS":[],"FONTES_JOGOS":["Meu Timão"],"LATITUDE":-22.6133151,"LONGITUDE":-46.7036114,"FONTE_COORDENADAS":"OpenStreetMap Nominatim (geocodificação reversa)","URL_FONTE_COORDENADAS":"https://www.openstreetmap.org/relation/298111","ATRIBUICAO_COORDENADAS":"© OpenStreetMap contributors, ODbL 1.0","CAPACIDADE_FONTE":"Meu Timão","URL_FONTE_CAPACIDADE":"https://www.meutimao.com.br/estadio/antonio_barbosa_pinto_da_fonseca/","PAIS_ISO3":"BRA"},"geometry":{"type":"Point","coordinates":[-46.7036114,-22.6133151]}},{"type":"Feature","properties":{"ESTÁDIO":"Antônio Carlos","CIDADE":"Belo Horizonte","ESTADO":"Minas Gerais","PAÍS":"Brasil","CAPACIDADE":null,"PRIMEIRA_PARTIDA":"ATLÉTICO-MG 4x2 CORINTHIANS","DATA_PRIMEIRA_PARTIDA":"1929-05-30","ANO_PRIMEIRA_PARTIDA":1929,"ADVERSARIO":"ATLÉTICO-MG","PLACAR":"4x2","COMPETICAO_PRIMEIRA_PARTIDA":"Amistosos 1929","MANDO_PRIMEIRA_PARTIDA":"Não","FONTE_PRIMEIRA_PARTIDA":"https://www.meutimao.com.br/jogo/6675/amistosos-1929/amistoso/atletico-mg-4-x-2-corinthians","TOTAL_JOGOS":5,"VITÓRIAS":2,"EMPATES":0,"DERROTAS":3,"APROVEITAMENTO_PCT":40.0,"GOLS_MARCADOS":6,"GOLS_SOFRIDOS":13,"NOMES_ALTERNATIVOS":[],"FONTES_JOGOS":["Meu Timão"],"LATITUDE":-19.9279851,"LONGITUDE":-43.9474041,"FONTE_COORDENADAS":"OpenStreetMap Nominatim (geocodificação reversa)","URL_FONTE_COORDENADAS":"https://www.openstreetmap.org/relation/368782","ATRIBUICAO_COORDENADAS":"© OpenStreetMap contributors, ODbL 1.0","PAIS_ISO3":"BRA"},"geometry":{"type":"Point","coordinates":[-43.9474041,-19.9279851]}},{"type":"Feature","properties":{"ESTÁDIO":"Antônio Fragoas","CIDADE":"Bauru","ESTADO":"São Paulo","PAÍS":"Brasil","CAPACIDADE":"5000","PRIMEIRA_PARTIDA":"BAURU ATLÉTICO CLUBE 0x1 CORINTHIANS","DATA_PRIMEIRA_PARTIDA":"1952-08-15","ANO_PRIMEIRA_PARTIDA":1952,"ADVERSARIO":"BAURU ATLÉTICO CLUBE","PLACAR":"0x1","COMPETICAO_PRIMEIRA_PARTIDA":"Amistosos 1952","MANDO_PRIMEIRA_PARTIDA":"Não","FONTE_PRIMEIRA_PARTIDA":"https://www.meutimao.com.br/jogo/5718/amistosos-1952/amistoso/bauru_atletico_clube-0-x-1-corinthians","TOTAL_JOGOS":1,"VITÓRIAS":1,"EMPATES":0,"DERROTAS":0,"APROVEITAMENTO_PCT":100.0,"GOLS_MARCADOS":1,"GOLS_SOFRIDOS":0,"NOMES_ALTERNATIVOS":[],"FONTES_JOGOS":["Meu Timão"],"LATITUDE":-22.314459,"LONGITUDE":-49.0586951,"FONTE_COORDENADAS":"OpenStreetMap Nominatim (geocodificação reversa)","URL_FONTE_COORDENADAS":"https://www.openstreetmap.org/relation/298315","ATRIBUICAO_COORDENADAS":"© OpenStreetMap contributors, ODbL 1.0","CAPACIDADE_FONTE":"Meu Timão","URL_FONTE_CAPACIDADE":"https://www.meutimao.com.br/estadio/antonio_fragoas/","PAIS_ISO3":"BRA"},"geometry":{"type":"Point","coordinates":[-49.0586951,-22.314459]}},{"type":"Feature","properties":{"ESTÁDIO":"Antônio Jordão Mercadante","CIDADE":"Jacareí","ESTADO":"São Paulo","PAÍS":"Brasil","CAPACIDADE":"5000","PRIMEIRA_PARTIDA":"ELVIRA DE JACAREÍ 2x4 CORINTHIANS","DATA_PRIMEIRA_PARTIDA":"1924-12-07","ANO_PRIMEIRA_PARTIDA":1924,"ADVERSARIO":"ELVIRA DE JACAREÍ","PLACAR":"2x4","COMPETICAO_PRIMEIRA_PARTIDA":"Amistosos 1924","MANDO_PRIMEIRA_PARTIDA":"Não","FONTE_PRIMEIRA_PARTIDA":"https://www.meutimao.com.br/jogo/6798/amistosos-1924/amistoso/elvira_de_jacarei-2-x-4-corinthians","TOTAL_JOGOS":1,"VITÓRIAS":1,"EMPATES":0,"DERROTAS":0,"APROVEITAMENTO_PCT":100.0,"GOLS_MARCADOS":4,"GOLS_SOFRIDOS":2,"NOMES_ALTERNATIVOS":[],"FONTES_JOGOS":["Meu Timão"],"LATITUDE":-23.3050682,"LONGITUDE":-45.9723075,"PRECISAO_COORDENADAS":"Município (estádio exato não identificado)","FONTE_COORDENADAS":"OpenStreetMap Nominatim (localidade aproximada)","URL_FONTE_COORDENADAS":"https://www.openstreetmap.org/relation/298234","ATRIBUICAO_COORDENADAS":"© OpenStreetMap contributors, ODbL 1.0","CAPACIDADE_FONTE":"Meu Timão","URL_FONTE_CAPACIDADE":"https://www.meutimao.com.br/estadio/antonio_jordao_mercadante/","PAIS_ISO3":"BRA"},"geometry":{"type":"Point","coordinates":[-45.9723075,-23.3050682]}},{"type":"Feature","properties":{"ESTÁDIO":"Arena Barueri","CIDADE":"Barueri","ESTADO":"São Paulo","PAÍS":"Brasil","CAPACIDADE":"38789","PRIMEIRA_PARTIDA":"GRÊMIO PRUDENTE 1x1 CORINTHIANS","DATA_PRIMEIRA_PARTIDA":"2008-02-06","ANO_PRIMEIRA_PARTIDA":2008,"ADVERSARIO":"GRÊMIO PRUDENTE","PLACAR":"1x1","COMPETICAO_PRIMEIRA_PARTIDA":"Paulista 2008","MANDO_PRIMEIRA_PARTIDA":"Não","FONTE_PRIMEIRA_PARTIDA":"https://www.meutimao.com.br/jogo/202/paulista-2008/gremio_prudente-1-x-1-corinthians","TOTAL_JOGOS":13,"VITÓRIAS":4,"EMPATES":5,"DERROTAS":4,"APROVEITAMENTO_PCT":43.6,"GOLS_MARCADOS":16,"GOLS_SOFRIDOS":16,"NOMES_ALTERNATIVOS":[],"FONTES_JOGOS":["Meu Timão"],"LATITUDE":-23.5124719,"LONGITUDE":-46.8995624,"FONTE_COORDENADAS":"OpenStreetMap Nominatim (geocodificação reversa)","URL_FONTE_COORDENADAS":"https://www.openstreetmap.org/relation/298021","ATRIBUICAO_COORDENADAS":"© OpenStreetMap contributors, ODbL 1.0","CAPACIDADE_FONTE":"Meu Timão","URL_FONTE_CAPACIDADE":"https://www.meutimao.com.br/estadio/arena_barueri/","PAIS_ISO3":"BRA"},"geometry":{"type":"Point","coordinates":[-46.8995624,-23.5124719]}},{"type":"Feature","properties":{"ESTÁDIO":"Arena Condá","CIDADE":"Chapecó","ESTADO":"Santa Catarina","PAÍS":"Brasil","CAPACIDADE":"19325","PRIMEIRA_PARTIDA":"CHAPECOENSE 0x1 CORINTHIANS","DATA_PRIMEIRA_PARTIDA":"2014-05-04","ANO_PRIMEIRA_PARTIDA":2014,"ADVERSARIO":"CHAPECOENSE","PLACAR":"0x1","COMPETICAO_PRIMEIRA_PARTIDA":"Brasileirão 2014","MANDO_PRIMEIRA_PARTIDA":"Não","FONTE_PRIMEIRA_PARTIDA":"https://www.meutimao.com.br/jogo/450/brasileirao-2014/chapecoense-0-x-1-corinthians","TOTAL_JOGOS":10,"VITÓRIAS":7,"EMPATES":1,"DERROTAS":2,"APROVEITAMENTO_PCT":73.3,"GOLS_MARCADOS":11,"GOLS_SOFRIDOS":4,"NOMES_ALTERNATIVOS":[],"FONTES_JOGOS":["Meu Timão"],"LATITUDE":-27.1041983,"LONGITUDE":-52.6069171,"FONTE_COORDENADAS":"OpenStreetMap Nominatim (geocodificação reversa)","URL_FONTE_COORDENADAS":"https://www.openstreetmap.org/relation/296501","ATRIBUICAO_COORDENADAS":"© OpenStreetMap contributors, ODbL 1.0","CAPACIDADE_FONTE":"StadiumDB.com","URL_FONTE_CAPACIDADE":"https://stadiumdb.com/stadiums/bra/arena_conda","PAIS_ISO3":"BRA"},"geometry":{"type":"Point","coordinates":[-52.6069171,-27.1041983]}},{"type":"Feature","properties":{"ESTÁDIO":"Arena Fonte Luminosa","CIDADE":"Araraquara","ESTADO":"SP","PAÍS":"Brasil","CAPACIDADE":null,"PRIMEIRA_PARTIDA":"ferroviaria 3 x 1 Corinthians","DATA_PRIMEIRA_PARTIDA":"1957-06-02","ANO_PRIMEIRA_PARTIDA":1957,"ADVERSARIO":"ferroviaria","PLACAR":"3 x 1","COMPETICAO_PRIMEIRA_PARTIDA":"Amistoso","MANDO_PRIMEIRA_PARTIDA":"Visitante","FONTE_PRIMEIRA_PARTIDA":"Meu Timão / Acervo ATLAS1910","TOTAL_JOGOS":150,"VITÓRIAS":57,"EMPATES":57,"DERROTAS":36,"APROVEITAMENTO_PCT":50.7,"GOLS_MARCADOS":207,"GOLS_SOFRIDOS":168,"NOMES_ALTERNATIVOS":[],"FONTES_JOGOS":[],"LATITUDE":-21.7744444,"LONGITUDE":-48.17,"PAIS_ISO3":"BRA"},"geometry":{"type":"Point","coordinates":[-48.17,-21.7744444]}},{"type":"Feature","properties":{"ESTÁDIO":"Arena Inamar","CIDADE":"Diadema","ESTADO":"São Paulo","PAÍS":"Brasil","CAPACIDADE":null,"PRIMEIRA_PARTIDA":"agua santa 2 x 1 Corinthians","DATA_PRIMEIRA_PARTIDA":"2020-02-22","ANO_PRIMEIRA_PARTIDA":2020,"ADVERSARIO":"agua santa","PLACAR":"2 x 1","COMPETICAO_PRIMEIRA_PARTIDA":"Paulista","MANDO_PRIMEIRA_PARTIDA":"Visitante","FONTE_PRIMEIRA_PARTIDA":"Meu Timão / Acervo ATLAS1910","TOTAL_JOGOS":1,"VITÓRIAS":0,"EMPATES":0,"DERROTAS":1,"APROVEITAMENTO_PCT":0,"GOLS_MARCADOS":1,"GOLS_SOFRIDOS":2,"NOMES_ALTERNATIVOS":[],"FONTES_JOGOS":[],"LATITUDE":-23.7227778,"LONGITUDE":-46.6130556,"FONTE_COORDENADAS":"OpenStreetMap Nominatim (geocodificação reversa)","URL_FONTE_COORDENADAS":"https://www.openstreetmap.org/relation/298242","ATRIBUICAO_COORDENADAS":"© OpenStreetMap contributors, ODbL 1.0","PAIS_ISO3":"BRA"},"geometry":{"type":"Point","coordinates":[-46.6130556,-23.7227778]}},{"type":"Feature","properties":{"ESTÁDIO":"Arena Independência","CIDADE":"Belo Horizonte","ESTADO":"Minas Gerais","PAÍS":"Brasil","CAPACIDADE":"23950","PRIMEIRA_PARTIDA":"atlético-MG 1 x 1 Corinthians","DATA_PRIMEIRA_PARTIDA":"1946-03-24","ANO_PRIMEIRA_PARTIDA":1946,"ADVERSARIO":"atlético-MG","PLACAR":"1 x 1","COMPETICAO_PRIMEIRA_PARTIDA":"Amistoso","MANDO_PRIMEIRA_PARTIDA":"Visitante","FONTE_PRIMEIRA_PARTIDA":"Meu Timão / Acervo ATLAS1910","TOTAL_JOGOS":28,"VITÓRIAS":7,"EMPATES":10,"DERROTAS":11,"APROVEITAMENTO_PCT":36.9,"GOLS_MARCADOS":30,"GOLS_SOFRIDOS":37,"NOMES_ALTERNATIVOS":[],"FONTES_JOGOS":[],"LATITUDE":-19.9087708,"LONGITUDE":-43.9180009,"FONTE_COORDENADAS":"OpenStreetMap Nominatim (geocodificação reversa)","URL_FONTE_COORDENADAS":"https://www.openstreetmap.org/relation/368782","ATRIBUICAO_COORDENADAS":"© OpenStreetMap contributors, ODbL 1.0","CAPACIDADE_FONTE":"StadiumDB.com","URL_FONTE_CAPACIDADE":"https://stadiumdb.com/stadiums/bra/estadio_raimundo_sampaio","PAIS":"Brasil","FONTE_CORRECAO_LOCALIDADE":"https://www.meutimao.com.br/estadio/independencia/","PAIS_ISO3":"BRA"},"geometry":{"type":"Point","coordinates":[-43.9180009,-19.9087708]}},{"type":"Feature","properties":{"ESTÁDIO":"Arena Joinville","CIDADE":"Joinville","ESTADO":"Santa Catarina","PAÍS":"Brasil","CAPACIDADE":"20160","PRIMEIRA_PARTIDA":"JOINVILLE 0x1 CORINTHIANS","DATA_PRIMEIRA_PARTIDA":"2015-06-06","ANO_PRIMEIRA_PARTIDA":2015,"ADVERSARIO":"JOINVILLE","PLACAR":"0x1","COMPETICAO_PRIMEIRA_PARTIDA":"Brasileirão 2015","MANDO_PRIMEIRA_PARTIDA":"Não","FONTE_PRIMEIRA_PARTIDA":"https://www.meutimao.com.br/jogo/545/brasileirao-2015/joinville-0-x-1-corinthians","TOTAL_JOGOS":1,"VITÓRIAS":1,"EMPATES":0,"DERROTAS":0,"APROVEITAMENTO_PCT":100.0,"GOLS_MARCADOS":1,"GOLS_SOFRIDOS":0,"NOMES_ALTERNATIVOS":[],"FONTES_JOGOS":["Meu Timão"],"LATITUDE":-26.3166507,"LONGITUDE":-48.8334964,"FONTE_COORDENADAS":"OpenStreetMap Nominatim (geocodificação reversa)","URL_FONTE_COORDENADAS":"https://www.openstreetmap.org/relation/296650","ATRIBUICAO_COORDENADAS":"© OpenStreetMap contributors, ODbL 1.0","CAPACIDADE_FONTE":"Meu Timão","URL_FONTE_CAPACIDADE":"https://www.meutimao.com.br/estadio/arena_joinville/","PAIS_ISO3":"BRA"},"geometry":{"type":"Point","coordinates":[-48.8334964,-26.3166507]}},{"type":"Feature","properties":{"ESTÁDIO":"Arena Pantanal","CIDADE":"Cuiabá","ESTADO":"Mato Grosso","PAÍS":"Brasil","CAPACIDADE":"41390","PRIMEIRA_PARTIDA":"COMBINADO DE CUIABÁ 0x3 CORINTHIANS","DATA_PRIMEIRA_PARTIDA":"1976-05-12","ANO_PRIMEIRA_PARTIDA":1976,"ADVERSARIO":"COMBINADO DE CUIABÁ","PLACAR":"0x3","COMPETICAO_PRIMEIRA_PARTIDA":"Amistosos 1976","MANDO_PRIMEIRA_PARTIDA":"Não","FONTE_PRIMEIRA_PARTIDA":"https://www.meutimao.com.br/jogo/3880/amistosos-1976/amistoso/combinado_de_cuiaba-0-x-3-corinthians","TOTAL_JOGOS":16,"VITÓRIAS":11,"EMPATES":3,"DERROTAS":2,"APROVEITAMENTO_PCT":75.0,"GOLS_MARCADOS":27,"GOLS_SOFRIDOS":8,"NOMES_ALTERNATIVOS":[],"FONTES_JOGOS":["Meu Timão"],"LATITUDE":-15.6040194,"LONGITUDE":-56.1216245,"FONTE_COORDENADAS":"OpenStreetMap Nominatim (geocodificação reversa)","URL_FONTE_COORDENADAS":"https://www.openstreetmap.org/relation/333734","ATRIBUICAO_COORDENADAS":"© OpenStreetMap contributors, ODbL 1.0","CAPACIDADE_FONTE":"StadiumDB.com","URL_FONTE_CAPACIDADE":"https://stadiumdb.com/stadiums/bra/arena_pantanal","PAIS_ISO3":"BRA"},"geometry":{"type":"Point","coordinates":[-56.1216245,-15.6040194]}},{"type":"Feature","properties":{"ESTÁDIO":"Arena da Amazônia","CIDADE":"Manaus","ESTADO":"AM","PAÍS":"Brasil","CAPACIDADE":"44351","PRIMEIRA_PARTIDA":"NACIONAL-AM 0x3 CORINTHIANS","DATA_PRIMEIRA_PARTIDA":"2014-04-30","ANO_PRIMEIRA_PARTIDA":2014,"ADVERSARIO":"NACIONAL-AM","PLACAR":"0x3","COMPETICAO_PRIMEIRA_PARTIDA":"Copa do Brasil 2014","MANDO_PRIMEIRA_PARTIDA":"Não","FONTE_PRIMEIRA_PARTIDA":"https://www.meutimao.com.br/jogo/486/copa-do-brasil-2014/nacional-am-0-x-3-corinthians","TOTAL_JOGOS":3,"VITÓRIAS":1,"EMPATES":1,"DERROTAS":1,"APROVEITAMENTO_PCT":44.4,"GOLS_MARCADOS":4,"GOLS_SOFRIDOS":2,"NOMES_ALTERNATIVOS":[],"FONTES_JOGOS":["Meu Timão"],"LATITUDE":-3.0832457,"LONGITUDE":-60.0281392,"CAPACIDADE_FONTE":"StadiumDB.com","URL_FONTE_CAPACIDADE":"https://stadiumdb.com/stadiums/bra/arena_da_amazonia","PAIS_ISO3":"BRA"},"geometry":{"type":"Point","coordinates":[-60.0281392,-3.0832457]}},{"type":"Feature","properties":{"ESTÁDIO":"Arena da baixada","CIDADE":"Curitiba","ESTADO":"Paraná","PAÍS":"Brasil","CAPACIDADE":"25180","PRIMEIRA_PARTIDA":"ATHLETICO-PR 1x0 CORINTHIANS","DATA_PRIMEIRA_PARTIDA":"1930-07-21","ANO_PRIMEIRA_PARTIDA":1930,"ADVERSARIO":"ATHLETICO-PR","PLACAR":"1x0","COMPETICAO_PRIMEIRA_PARTIDA":"Amistosos 1930","MANDO_PRIMEIRA_PARTIDA":"Não","FONTE_PRIMEIRA_PARTIDA":"https://www.meutimao.com.br/jogo/6639/amistosos-1930/amistoso/athletico-pr-1-x-0-corinthians","TOTAL_JOGOS":31,"VITÓRIAS":13,"EMPATES":8,"DERROTAS":10,"APROVEITAMENTO_PCT":50.5,"GOLS_MARCADOS":39,"GOLS_SOFRIDOS":34,"NOMES_ALTERNATIVOS":[],"FONTES_JOGOS":["Meu Timão"],"LATITUDE":-25.4482116,"LONGITUDE":-49.2769866,"FONTE_COORDENADAS":"OpenStreetMap Nominatim (geocodificação reversa)","URL_FONTE_COORDENADAS":"https://www.openstreetmap.org/node/206136859","ATRIBUICAO_COORDENADAS":"© OpenStreetMap contributors, ODbL 1.0","CAPACIDADE_FONTE":"Meu Timão","URL_FONTE_CAPACIDADE":"https://www.meutimao.com.br/estadio/arena_da_baixada/","PAIS_ISO3":"BRA"},"geometry":{"type":"Point","coordinates":[-49.2769866,-25.4482116]}},{"type":"Feature","properties":{"ESTÁDIO":"Arena de Pernambuco","CIDADE":"São Lourenço da Mata","ESTADO":"Pernambuco","PAÍS":"Brasil","CAPACIDADE":null,"PRIMEIRA_PARTIDA":"NÁUTICO 1x0 CORINTHIANS","DATA_PRIMEIRA_PARTIDA":"2013-12-07","ANO_PRIMEIRA_PARTIDA":2013,"ADVERSARIO":"NÁUTICO","PLACAR":"1x0","COMPETICAO_PRIMEIRA_PARTIDA":"Brasileirão 2013","MANDO_PRIMEIRA_PARTIDA":"Não","FONTE_PRIMEIRA_PARTIDA":"https://www.meutimao.com.br/jogo/418/brasileirao-2013/nautico-1-x-0-corinthians","TOTAL_JOGOS":2,"VITÓRIAS":0,"EMPATES":0,"DERROTAS":2,"APROVEITAMENTO_PCT":0.0,"GOLS_MARCADOS":0,"GOLS_SOFRIDOS":2,"NOMES_ALTERNATIVOS":[],"FONTES_JOGOS":["Meu Timão"],"LATITUDE":-8.0406625,"LONGITUDE":-35.0081868,"FONTE_COORDENADAS":"OpenStreetMap Nominatim (geocodificação reversa)","URL_FONTE_COORDENADAS":"https://www.openstreetmap.org/relation/303591","ATRIBUICAO_COORDENADAS":"© OpenStreetMap contributors, ODbL 1.0","PAIS_ISO3":"BRA"},"geometry":{"type":"Point","coordinates":[-35.0081868,-8.0406625]}},{"type":"Feature","properties":{"ESTÁDIO":"Arena do Grêmio","CIDADE":"Porto Alegre","ESTADO":"Rio Grande do Sul","PAÍS":"Brasil","CAPACIDADE":"55662","PRIMEIRA_PARTIDA":"GRÊMIO 1x0 CORINTHIANS","DATA_PRIMEIRA_PARTIDA":"2013-10-16","ANO_PRIMEIRA_PARTIDA":2013,"ADVERSARIO":"GRÊMIO","PLACAR":"1x0","COMPETICAO_PRIMEIRA_PARTIDA":"Brasileirão 2013","MANDO_PRIMEIRA_PARTIDA":"Não","FONTE_PRIMEIRA_PARTIDA":"https://www.meutimao.com.br/jogo/409/brasileirao-2013/gremio-1-x-0-corinthians","TOTAL_JOGOS":14,"VITÓRIAS":5,"EMPATES":4,"DERROTAS":5,"APROVEITAMENTO_PCT":45.2,"GOLS_MARCADOS":12,"GOLS_SOFRIDOS":12,"NOMES_ALTERNATIVOS":[],"FONTES_JOGOS":["Meu Timão"],"LATITUDE":-29.9739628,"LONGITUDE":-51.1948838,"FONTE_COORDENADAS":"OpenStreetMap Nominatim (geocodificação reversa)","URL_FONTE_COORDENADAS":"https://www.openstreetmap.org/relation/242397","ATRIBUICAO_COORDENADAS":"© OpenStreetMap contributors, ODbL 1.0","CAPACIDADE_FONTE":"StadiumDB.com","URL_FONTE_CAPACIDADE":"https://stadiumdb.com/stadiums/bra/arena_do_gremio","PAIS_ISO3":"BRA"},"geometry":{"type":"Point","coordinates":[-51.1948838,-29.9739628]}},{"type":"Feature","properties":{"ESTÁDIO":"Arena do Jacaré","CIDADE":"Sete Lagoas","ESTADO":"Minas Gerais","PAÍS":"Brasil","CAPACIDADE":"25000","PRIMEIRA_PARTIDA":"ATLÉTICO-MG 2x1 CORINTHIANS","DATA_PRIMEIRA_PARTIDA":"2010-10-06","ANO_PRIMEIRA_PARTIDA":2010,"ADVERSARIO":"ATLÉTICO-MG","PLACAR":"2x1","COMPETICAO_PRIMEIRA_PARTIDA":"Brasileirão 2010","MANDO_PRIMEIRA_PARTIDA":"Não","FONTE_PRIMEIRA_PARTIDA":"https://www.meutimao.com.br/jogo/164/brasileirao-2010/atletico-mg-2-x-1-corinthians","TOTAL_JOGOS":4,"VITÓRIAS":2,"EMPATES":0,"DERROTAS":2,"APROVEITAMENTO_PCT":50.0,"GOLS_MARCADOS":5,"GOLS_SOFRIDOS":5,"NOMES_ALTERNATIVOS":[],"FONTES_JOGOS":["Meu Timão"],"LATITUDE":-19.4776055,"LONGITUDE":-44.2215488,"FONTE_COORDENADAS":"OpenStreetMap Nominatim (geocodificação reversa)","URL_FONTE_COORDENADAS":"https://www.openstreetmap.org/relation/314658","ATRIBUICAO_COORDENADAS":"© OpenStreetMap contributors, ODbL 1.0","CAPACIDADE_FONTE":"Meu Timão","URL_FONTE_CAPACIDADE":"https://www.meutimao.com.br/estadio/arena_do_jacare/","PAIS_ISO3":"BRA"},"geometry":{"type":"Point","coordinates":[-44.2215488,-19.4776055]}},{"type":"Feature","properties":{"ESTÁDIO":"Arnoldo Bulle (Rua Valim)","CIDADE":"Bebedouro","ESTADO":"São Paulo","PAÍS":"Brasil","CAPACIDADE":null,"PRIMEIRA_PARTIDA":"INTERNACIONAL DE BEBEDOURO 3x3 CORINTHIANS","DATA_PRIMEIRA_PARTIDA":"1941-10-26","ANO_PRIMEIRA_PARTIDA":1941,"ADVERSARIO":"INTERNACIONAL DE BEBEDOURO","PLACAR":"3x3","COMPETICAO_PRIMEIRA_PARTIDA":"Amistosos 1941","MANDO_PRIMEIRA_PARTIDA":"Não","FONTE_PRIMEIRA_PARTIDA":"https://www.meutimao.com.br/jogo/6290/amistosos-1941/amistoso/internacional_de_bebedouro-3-x-3-corinthians","TOTAL_JOGOS":7,"VITÓRIAS":4,"EMPATES":2,"DERROTAS":1,"APROVEITAMENTO_PCT":66.7,"GOLS_MARCADOS":22,"GOLS_SOFRIDOS":17,"NOMES_ALTERNATIVOS":[],"FONTES_JOGOS":["Meu Timão"],"LATITUDE":-20.9528571,"LONGITUDE":-48.4845881,"FONTE_COORDENADAS":"OpenStreetMap Nominatim (geocodificação reversa)","URL_FONTE_COORDENADAS":"https://www.openstreetmap.org/relation/298041","ATRIBUICAO_COORDENADAS":"© OpenStreetMap contributors, ODbL 1.0","PAIS_ISO3":"BRA"},"geometry":{"type":"Point","coordinates":[-48.4845881,-20.9528571]}},{"type":"Feature","properties":{"ESTÁDIO":"Arruda","CIDADE":"Recife","ESTADO":"Pernambuco","PAÍS":"Brasil","CAPACIDADE":"60044","PRIMEIRA_PARTIDA":"SANTA CRUZ 3x3 CORINTHIANS","DATA_PRIMEIRA_PARTIDA":"1972-10-05","ANO_PRIMEIRA_PARTIDA":1972,"ADVERSARIO":"SANTA CRUZ","PLACAR":"3x3","COMPETICAO_PRIMEIRA_PARTIDA":"Brasileirão 1972","MANDO_PRIMEIRA_PARTIDA":"Não","FONTE_PRIMEIRA_PARTIDA":"https://www.meutimao.com.br/jogo/4220/brasileirao-1972/santa_cruz-3-x-3-corinthians","TOTAL_JOGOS":14,"VITÓRIAS":5,"EMPATES":4,"DERROTAS":5,"APROVEITAMENTO_PCT":45.2,"GOLS_MARCADOS":16,"GOLS_SOFRIDOS":19,"NOMES_ALTERNATIVOS":[],"FONTES_JOGOS":["Meu Timão"],"LATITUDE":-8.0266992,"LONGITUDE":-34.8911112,"FONTE_COORDENADAS":"OpenStreetMap Nominatim (geocodificação reversa)","URL_FONTE_COORDENADAS":"https://www.openstreetmap.org/relation/303585","ATRIBUICAO_COORDENADAS":"© OpenStreetMap contributors, ODbL 1.0","CAPACIDADE_FONTE":"Meu Timão","URL_FONTE_CAPACIDADE":"https://www.meutimao.com.br/estadio/arruda/","PAIS_ISO3":"BRA"},"geometry":{"type":"Point","coordinates":[-34.8911112,-8.0266992]}},{"type":"Feature","properties":{"ESTÁDIO":"Artemio Franchi","CIDADE":"Florença","ESTADO":"Toscânia","PAÍS":"Italy","CAPACIDADE":"43147","PRIMEIRA_PARTIDA":"FIORENTINA 2x2 CORINTHIANS","DATA_PRIMEIRA_PARTIDA":"1984-09-05","ANO_PRIMEIRA_PARTIDA":1984,"ADVERSARIO":"FIORENTINA","PLACAR":"2x2","COMPETICAO_PRIMEIRA_PARTIDA":"Amistosos 1984","MANDO_PRIMEIRA_PARTIDA":"Não","FONTE_PRIMEIRA_PARTIDA":"https://www.meutimao.com.br/jogo/3324/amistosos-1984/amistoso/fiorentina-2-x-2-corinthians","TOTAL_JOGOS":1,"VITÓRIAS":0,"EMPATES":1,"DERROTAS":0,"APROVEITAMENTO_PCT":33.3,"GOLS_MARCADOS":2,"GOLS_SOFRIDOS":2,"NOMES_ALTERNATIVOS":[],"FONTES_JOGOS":["Meu Timão"],"LATITUDE":43.7808349,"LONGITUDE":11.2825717000001,"FONTE_COORDENADAS":"OpenStreetMap Nominatim (geocodificação reversa)","URL_FONTE_COORDENADAS":"https://www.openstreetmap.org/relation/42602","ATRIBUICAO_COORDENADAS":"© OpenStreetMap contributors, ODbL 1.0","CAPACIDADE_FONTE":"Meu Timão","URL_FONTE_CAPACIDADE":"https://www.meutimao.com.br/estadio/artemio_franchi/","PAIS_ISO3":"ITA","FONTE_CORRECAO_PAIS":"https://data.geocode.earth/wof/dist/legacy/whosonfirst-data-country-latest.tar.bz2"},"geometry":{"type":"Point","coordinates":[11.2825717000001,43.7808349]}},{"type":"Feature","properties":{"ESTÁDIO":"Arthur Marinho","CIDADE":"Corumbá","ESTADO":"Mato Grosso do Sul","PAÍS":"Brasil","CAPACIDADE":"5000","PRIMEIRA_PARTIDA":"CORUMBAENSE 3x4 CORINTHIANS","DATA_PRIMEIRA_PARTIDA":"1964-06-11","ANO_PRIMEIRA_PARTIDA":1964,"ADVERSARIO":"CORUMBAENSE","PLACAR":"3x4","COMPETICAO_PRIMEIRA_PARTIDA":"Amistosos 1964","MANDO_PRIMEIRA_PARTIDA":"Não","FONTE_PRIMEIRA_PARTIDA":"https://www.meutimao.com.br/jogo/4885/amistosos-1964/amistoso/corumbaense-3-x-4-corinthians","TOTAL_JOGOS":1,"VITÓRIAS":1,"EMPATES":0,"DERROTAS":0,"APROVEITAMENTO_PCT":100.0,"GOLS_MARCADOS":4,"GOLS_SOFRIDOS":3,"NOMES_ALTERNATIVOS":[],"FONTES_JOGOS":["Meu Timão"],"LATITUDE":-19.0028126,"LONGITUDE":-57.6654218,"FONTE_COORDENADAS":"OpenStreetMap Nominatim (geocodificação reversa)","URL_FONTE_COORDENADAS":"https://www.openstreetmap.org/relation/2697064","ATRIBUICAO_COORDENADAS":"© OpenStreetMap contributors, ODbL 1.0","CAPACIDADE_FONTE":"Meu Timão","URL_FONTE_CAPACIDADE":"https://www.meutimao.com.br/estadio/arthur_marinho/","PAIS_ISO3":"BRA"},"geometry":{"type":"Point","coordinates":[-57.6654218,-19.0028126]}},{"type":"Feature","properties":{"ESTÁDIO":"Artur Simões","CIDADE":"Jaú","ESTADO":"São Paulo","PAÍS":"Brasil","CAPACIDADE":null,"PRIMEIRA_PARTIDA":"XV DE JAÚ 0x3 CORINTHIANS","DATA_PRIMEIRA_PARTIDA":"1947-11-16","ANO_PRIMEIRA_PARTIDA":1947,"ADVERSARIO":"XV DE JAÚ","PLACAR":"0x3","COMPETICAO_PRIMEIRA_PARTIDA":"Amistosos 1947","MANDO_PRIMEIRA_PARTIDA":"Não","FONTE_PRIMEIRA_PARTIDA":"https://www.meutimao.com.br/jogo/6015/amistosos-1947/amistoso/xv_de_jau-0-x-3-corinthians","TOTAL_JOGOS":8,"VITÓRIAS":3,"EMPATES":2,"DERROTAS":3,"APROVEITAMENTO_PCT":45.8,"GOLS_MARCADOS":16,"GOLS_SOFRIDOS":11,"NOMES_ALTERNATIVOS":[],"FONTES_JOGOS":["Meu Timão"],"LATITUDE":-22.3023754,"LONGITUDE":-48.5723053,"FONTE_COORDENADAS":"OpenStreetMap Nominatim (geocodificação reversa)","URL_FONTE_COORDENADAS":"https://www.openstreetmap.org/relation/298378","ATRIBUICAO_COORDENADAS":"© OpenStreetMap contributors, ODbL 1.0","PAIS_ISO3":"BRA"},"geometry":{"type":"Point","coordinates":[-48.5723053,-22.3023754]}},{"type":"Feature","properties":{"ESTÁDIO":"Atanasio Girardot","CIDADE":"Medellín","ESTADO":"Antioquia","PAÍS":"Colombia","CAPACIDADE":"40043","PRIMEIRA_PARTIDA":"ATLÉTICO NACIONAL 3x4 CORINTHIANS","DATA_PRIMEIRA_PARTIDA":"1954-03-14","ANO_PRIMEIRA_PARTIDA":1954,"ADVERSARIO":"ATLÉTICO NACIONAL","PLACAR":"3x4","COMPETICAO_PRIMEIRA_PARTIDA":"Amistosos 1954","MANDO_PRIMEIRA_PARTIDA":"Não","FONTE_PRIMEIRA_PARTIDA":"https://www.meutimao.com.br/jogo/5556/amistosos-1954/amistoso/atletico_nacional-3-x-4-corinthians","TOTAL_JOGOS":2,"VITÓRIAS":2,"EMPATES":0,"DERROTAS":0,"APROVEITAMENTO_PCT":100.0,"GOLS_MARCADOS":11,"GOLS_SOFRIDOS":6,"NOMES_ALTERNATIVOS":[],"FONTES_JOGOS":["Meu Timão"],"LATITUDE":6.256864,"LONGITUDE":-75.59013,"FONTE_COORDENADAS":"OpenStreetMap Nominatim (geocodificação reversa)","URL_FONTE_COORDENADAS":"https://www.openstreetmap.org/relation/7680490","ATRIBUICAO_COORDENADAS":"© OpenStreetMap contributors, ODbL 1.0","CAPACIDADE_FONTE":"StadiumDB.com","URL_FONTE_CAPACIDADE":"https://stadiumdb.com/stadiums/col/estadio_atanasio_girardot","PAIS_ISO3":"COL","FONTE_CORRECAO_PAIS":"https://data.geocode.earth/wof/dist/legacy/whosonfirst-data-country-latest.tar.bz2"},"geometry":{"type":"Point","coordinates":[-75.59013,6.256864]}},{"type":"Feature","properties":{"ESTÁDIO":"Augusto Bauer","CIDADE":"Brusque","ESTADO":"Santa Catarina","PAÍS":"Brasil","CAPACIDADE":"5000","PRIMEIRA_PARTIDA":"BRUSQUE 0x0 CORINTHIANS","DATA_PRIMEIRA_PARTIDA":"2017-03-01","ANO_PRIMEIRA_PARTIDA":2017,"ADVERSARIO":"BRUSQUE","PLACAR":"0x0","COMPETICAO_PRIMEIRA_PARTIDA":"Copa do Brasil 2017","MANDO_PRIMEIRA_PARTIDA":"Não","FONTE_PRIMEIRA_PARTIDA":"https://www.meutimao.com.br/jogo/672/copa-do-brasil-2017/brusque-0-x-0-corinthians","TOTAL_JOGOS":1,"VITÓRIAS":0,"EMPATES":1,"DERROTAS":0,"APROVEITAMENTO_PCT":33.3,"GOLS_MARCADOS":0,"GOLS_SOFRIDOS":0,"NOMES_ALTERNATIVOS":[],"FONTES_JOGOS":["Meu Timão"],"LATITUDE":-27.1014153,"LONGITUDE":-48.9159822,"FONTE_COORDENADAS":"OpenStreetMap Nominatim (geocodificação reversa)","URL_FONTE_COORDENADAS":"https://www.openstreetmap.org/relation/296588","ATRIBUICAO_COORDENADAS":"© OpenStreetMap contributors, ODbL 1.0","CAPACIDADE_FONTE":"Meu Timão","URL_FONTE_CAPACIDADE":"https://www.meutimao.com.br/estadio/augusto_bauer/","PAIS_ISO3":"BRA"},"geometry":{"type":"Point","coordinates":[-48.9159822,-27.1014153]}},{"type":"Feature","properties":{"ESTÁDIO":"Augusto Schmidt Filho","CIDADE":"Rio Claro","ESTADO":"São Paulo","PAÍS":"Brasil","CAPACIDADE":null,"PRIMEIRA_PARTIDA":"RIO CLARO 2x2 CORINTHIANS","DATA_PRIMEIRA_PARTIDA":"1950-05-14","ANO_PRIMEIRA_PARTIDA":1950,"ADVERSARIO":"RIO CLARO","PLACAR":"2x2","COMPETICAO_PRIMEIRA_PARTIDA":"Amistosos 1950","MANDO_PRIMEIRA_PARTIDA":"Não","FONTE_PRIMEIRA_PARTIDA":"https://www.meutimao.com.br/jogo/5829/amistosos-1950/amistoso/rio_claro-2-x-2-corinthians","TOTAL_JOGOS":2,"VITÓRIAS":1,"EMPATES":1,"DERROTAS":0,"APROVEITAMENTO_PCT":66.7,"GOLS_MARCADOS":4,"GOLS_SOFRIDOS":3,"NOMES_ALTERNATIVOS":[],"FONTES_JOGOS":["Meu Timão"],"LATITUDE":-22.4224595,"LONGITUDE":-47.5618982,"FONTE_COORDENADAS":"OpenStreetMap Nominatim (geocodificação reversa)","URL_FONTE_COORDENADAS":"https://www.openstreetmap.org/relation/298435","ATRIBUICAO_COORDENADAS":"© OpenStreetMap contributors, ODbL 1.0","PAIS_ISO3":"BRA"},"geometry":{"type":"Point","coordinates":[-47.5618982,-22.4224595]}},{"type":"Feature","properties":{"ESTÁDIO":"AutoStade","CIDADE":"Montreal","ESTADO":"Quebec","PAÍS":"Canada","CAPACIDADE":"33172","PRIMEIRA_PARTIDA":"CORINTHIANS 2x1 RIVER PLATE","DATA_PRIMEIRA_PARTIDA":"1969-07-27","ANO_PRIMEIRA_PARTIDA":1969,"ADVERSARIO":"RIVER PLATE","PLACAR":"2x1","COMPETICAO_PRIMEIRA_PARTIDA":"Torneio Internacional 1969","MANDO_PRIMEIRA_PARTIDA":"Sim","FONTE_PRIMEIRA_PARTIDA":"https://www.meutimao.com.br/jogo/4459/torneio-internacional-1969/amistoso/corinthians-2-x-1-river_plate","TOTAL_JOGOS":1,"VITÓRIAS":1,"EMPATES":0,"DERROTAS":0,"APROVEITAMENTO_PCT":100.0,"GOLS_MARCADOS":2,"GOLS_SOFRIDOS":1,"NOMES_ALTERNATIVOS":[],"FONTES_JOGOS":["Meu Timão"],"LATITUDE":45.492247,"LONGITUDE":-73.543655,"FONTE_COORDENADAS":"OpenStreetMap Nominatim (geocodificação reversa)","URL_FONTE_COORDENADAS":"https://www.openstreetmap.org/relation/1634158","ATRIBUICAO_COORDENADAS":"© OpenStreetMap contributors, ODbL 1.0","CAPACIDADE_FONTE":"Meu Timão","URL_FONTE_CAPACIDADE":"https://www.meutimao.com.br/estadio/autostade/","PAIS_ISO3":"CAN","FONTE_CORRECAO_PAIS":"https://data.geocode.earth/wof/dist/legacy/whosonfirst-data-country-latest.tar.bz2"},"geometry":{"type":"Point","coordinates":[-73.543655,45.492247]}},{"type":"Feature","properties":{"ESTÁDIO":"Avenida Bento Gonçalves","CIDADE":"Pelotas","ESTADO":"Rio Grande do Sul","PAÍS":"Brasil","CAPACIDADE":null,"PRIMEIRA_PARTIDA":"ESPORTE CLUBE PELOTAS 1x2 CORINTHIANS","DATA_PRIMEIRA_PARTIDA":"1957-10-08","ANO_PRIMEIRA_PARTIDA":1957,"ADVERSARIO":"ESPORTE CLUBE PELOTAS","PLACAR":"1x2","COMPETICAO_PRIMEIRA_PARTIDA":"Amistosos 1957","MANDO_PRIMEIRA_PARTIDA":"Não","FONTE_PRIMEIRA_PARTIDA":"https://www.meutimao.com.br/jogo/5389/amistosos-1957/amistoso/esporte_clube_pelotas-1-x-2-corinthians","TOTAL_JOGOS":1,"VITÓRIAS":1,"EMPATES":0,"DERROTAS":0,"APROVEITAMENTO_PCT":100.0,"GOLS_MARCADOS":2,"GOLS_SOFRIDOS":1,"NOMES_ALTERNATIVOS":[],"FONTES_JOGOS":["Meu Timão"],"LATITUDE":-31.760726,"LONGITUDE":-52.3367302,"FONTE_COORDENADAS":"OpenStreetMap Nominatim (geocodificação reversa)","URL_FONTE_COORDENADAS":"https://www.openstreetmap.org/relation/361756","ATRIBUICAO_COORDENADAS":"© OpenStreetMap contributors, ODbL 1.0","PAIS_ISO3":"BRA"},"geometry":{"type":"Point","coordinates":[-52.3367302,-31.760726]}},{"type":"Feature","properties":{"ESTÁDIO":"Avenida Conselheiro Nébias","CIDADE":"Santos","ESTADO":"São Paulo","PAÍS":"Brasil","CAPACIDADE":"2000","PRIMEIRA_PARTIDA":"SANTOS 0x0 CORINTHIANS","DATA_PRIMEIRA_PARTIDA":"1914-08-30","ANO_PRIMEIRA_PARTIDA":1914,"ADVERSARIO":"SANTOS","PLACAR":"0x0","COMPETICAO_PRIMEIRA_PARTIDA":"Amistosos 1914","MANDO_PRIMEIRA_PARTIDA":"Não","FONTE_PRIMEIRA_PARTIDA":"https://www.meutimao.com.br/jogo/7035/amistosos-1914/amistoso/santos-0-x-0-corinthians","TOTAL_JOGOS":6,"VITÓRIAS":2,"EMPATES":3,"DERROTAS":1,"APROVEITAMENTO_PCT":50.0,"GOLS_MARCADOS":13,"GOLS_SOFRIDOS":7,"NOMES_ALTERNATIVOS":[],"FONTES_JOGOS":["Meu Timão"],"LATITUDE":-23.9609448,"LONGITUDE":-46.3166316,"PRECISAO_COORDENADAS":"Município (estádio exato não identificado)","FONTE_COORDENADAS":"OpenStreetMap Nominatim (localidade aproximada)","URL_FONTE_COORDENADAS":"https://www.openstreetmap.org/relation/298442","ATRIBUICAO_COORDENADAS":"© OpenStreetMap contributors, ODbL 1.0","CAPACIDADE_FONTE":"Meu Timão","URL_FONTE_CAPACIDADE":"https://www.meutimao.com.br/estadio/avenida_conselheiro_nebias/","PAIS_ISO3":"BRA"},"geometry":{"type":"Point","coordinates":[-46.3166316,-23.9609448]}},{"type":"Feature","properties":{"ESTÁDIO":"Avenida Água Branca","CIDADE":"São Paulo","ESTADO":"São Paulo","PAÍS":"Brasil","CAPACIDADE":"1000","PRIMEIRA_PARTIDA":"SELEÇÃO PAULISTA 2x4 CORINTHIANS","DATA_PRIMEIRA_PARTIDA":"1919-02-16","ANO_PRIMEIRA_PARTIDA":1919,"ADVERSARIO":"SELEÇÃO PAULISTA","PLACAR":"2x4","COMPETICAO_PRIMEIRA_PARTIDA":"Amistosos 1919","MANDO_PRIMEIRA_PARTIDA":"Não","FONTE_PRIMEIRA_PARTIDA":"https://www.meutimao.com.br/jogo/6925/amistosos-1919/amistoso/selecao_paulista-2-x-4-corinthians","TOTAL_JOGOS":14,"VITÓRIAS":13,"EMPATES":0,"DERROTAS":1,"APROVEITAMENTO_PCT":92.9,"GOLS_MARCADOS":44,"GOLS_SOFRIDOS":10,"NOMES_ALTERNATIVOS":[],"FONTES_JOGOS":["Meu Timão"],"LATITUDE":-23.5261698,"LONGITUDE":-46.6754905,"FONTE_COORDENADAS":"OpenStreetMap Nominatim (geocodificação reversa)","URL_FONTE_COORDENADAS":"https://www.openstreetmap.org/relation/298285","ATRIBUICAO_COORDENADAS":"© OpenStreetMap contributors, ODbL 1.0","CAPACIDADE_FONTE":"Meu Timão","URL_FONTE_CAPACIDADE":"https://www.meutimao.com.br/estadio/avenida_agua_branca/","PAIS_ISO3":"BRA"},"geometry":{"type":"Point","coordinates":[-46.6754905,-23.5261698]}},{"type":"Feature","properties":{"ESTÁDIO":"Baenão","CIDADE":"Belém","ESTADO":"Pará","PAÍS":"Brasil","CAPACIDADE":"17250","PRIMEIRA_PARTIDA":"PAYSANDU 0x1 CORINTHIANS","DATA_PRIMEIRA_PARTIDA":"1955-05-19","ANO_PRIMEIRA_PARTIDA":1955,"ADVERSARIO":"PAYSANDU","PLACAR":"0x1","COMPETICAO_PRIMEIRA_PARTIDA":"Amistosos 1955","MANDO_PRIMEIRA_PARTIDA":"Não","FONTE_PRIMEIRA_PARTIDA":"https://www.meutimao.com.br/jogo/5504/amistosos-1955/amistoso/paysandu-0-x-1-corinthians","TOTAL_JOGOS":7,"VITÓRIAS":3,"EMPATES":3,"DERROTAS":1,"APROVEITAMENTO_PCT":57.1,"GOLS_MARCADOS":7,"GOLS_SOFRIDOS":4,"NOMES_ALTERNATIVOS":[],"FONTES_JOGOS":["Meu Timão"],"LATITUDE":-1.4452147,"LONGITUDE":-48.4658781,"FONTE_COORDENADAS":"OpenStreetMap Nominatim (geocodificação reversa)","URL_FONTE_COORDENADAS":"https://www.openstreetmap.org/relation/185567","ATRIBUICAO_COORDENADAS":"© OpenStreetMap contributors, ODbL 1.0","CAPACIDADE_FONTE":"Meu Timão","URL_FONTE_CAPACIDADE":"https://www.meutimao.com.br/estadio/baenao/","PAIS_ISO3":"BRA"},"geometry":{"type":"Point","coordinates":[-48.4658781,-1.4452147]}},{"type":"Feature","properties":{"ESTÁDIO":"Baetão","CIDADE":"São Bernardo do Campo","ESTADO":"São Paulo","PAÍS":"Brasil","CAPACIDADE":"5200","PRIMEIRA_PARTIDA":"PALESTRA DE SÃO BERNARDO 2x3 CORINTHIANS","DATA_PRIMEIRA_PARTIDA":"1974-06-12","ANO_PRIMEIRA_PARTIDA":1974,"ADVERSARIO":"PALESTRA DE SÃO BERNARDO","PLACAR":"2x3","COMPETICAO_PRIMEIRA_PARTIDA":"Amistosos 1974","MANDO_PRIMEIRA_PARTIDA":"Não","FONTE_PRIMEIRA_PARTIDA":"https://www.meutimao.com.br/jogo/4038/amistosos-1974/amistoso/palestra_de_sao_bernardo-2-x-3-corinthians","TOTAL_JOGOS":1,"VITÓRIAS":1,"EMPATES":0,"DERROTAS":0,"APROVEITAMENTO_PCT":100.0,"GOLS_MARCADOS":3,"GOLS_SOFRIDOS":2,"NOMES_ALTERNATIVOS":[],"FONTES_JOGOS":["Meu Timão"],"LATITUDE":-23.6996464,"LONGITUDE":-46.5425045,"FONTE_COORDENADAS":"OpenStreetMap Nominatim (geocodificação reversa)","URL_FONTE_COORDENADAS":"https://www.openstreetmap.org/relation/297968","ATRIBUICAO_COORDENADAS":"© OpenStreetMap contributors, ODbL 1.0","CAPACIDADE_FONTE":"Meu Timão","URL_FONTE_CAPACIDADE":"https://www.meutimao.com.br/estadio/baetao/","PAIS_ISO3":"BRA"},"geometry":{"type":"Point","coordinates":[-46.5425045,-23.6996464]}},{"type":"Feature","properties":{"ESTÁDIO":"Baixada Rubra","CIDADE":"Caxias do Sul","ESTADO":"Rio Grande do Sul","PAÍS":"Brasil","CAPACIDADE":null,"PRIMEIRA_PARTIDA":"FLAMENGO DE CAXIAS 1x4 CORINTHIANS","DATA_PRIMEIRA_PARTIDA":"1957-10-06","ANO_PRIMEIRA_PARTIDA":1957,"ADVERSARIO":"FLAMENGO DE CAXIAS","PLACAR":"1x4","COMPETICAO_PRIMEIRA_PARTIDA":"Amistosos 1957","MANDO_PRIMEIRA_PARTIDA":"Não","FONTE_PRIMEIRA_PARTIDA":"https://www.meutimao.com.br/jogo/5388/amistosos-1957/amistoso/flamengo_de_caxias-1-x-4-corinthians","TOTAL_JOGOS":1,"VITÓRIAS":1,"EMPATES":0,"DERROTAS":0,"APROVEITAMENTO_PCT":100.0,"GOLS_MARCADOS":4,"GOLS_SOFRIDOS":1,"NOMES_ALTERNATIVOS":[],"FONTES_JOGOS":["Meu Timão"],"LATITUDE":-29.165035,"LONGITUDE":-51.1964629,"FONTE_COORDENADAS":"OpenStreetMap Nominatim (geocodificação reversa)","URL_FONTE_COORDENADAS":"https://www.openstreetmap.org/relation/242450","ATRIBUICAO_COORDENADAS":"© OpenStreetMap contributors, ODbL 1.0","PAIS_ISO3":"BRA"},"geometry":{"type":"Point","coordinates":[-51.1964629,-29.165035]}},{"type":"Feature","properties":{"ESTÁDIO":"Baixada dos Moinhos de vento","CIDADE":"Porto Alegre","ESTADO":"Rio Grande do Sul","PAÍS":"Brasil","CAPACIDADE":null,"PRIMEIRA_PARTIDA":"GRÊMIO 0x1 CORINTHIANS","DATA_PRIMEIRA_PARTIDA":"1947-12-11","ANO_PRIMEIRA_PARTIDA":1947,"ADVERSARIO":"GRÊMIO","PLACAR":"0x1","COMPETICAO_PRIMEIRA_PARTIDA":"Amistosos 1947","MANDO_PRIMEIRA_PARTIDA":"Não","FONTE_PRIMEIRA_PARTIDA":"https://www.meutimao.com.br/jogo/6017/amistosos-1947/amistoso/gremio-0-x-1-corinthians","TOTAL_JOGOS":1,"VITÓRIAS":1,"EMPATES":0,"DERROTAS":0,"APROVEITAMENTO_PCT":100.0,"GOLS_MARCADOS":1,"GOLS_SOFRIDOS":0,"NOMES_ALTERNATIVOS":[],"FONTES_JOGOS":["Meu Timão"],"LATITUDE":-30.0285661,"LONGITUDE":-51.1993427,"FONTE_COORDENADAS":"OpenStreetMap Nominatim (geocodificação reversa)","URL_FONTE_COORDENADAS":"https://www.openstreetmap.org/relation/242397","ATRIBUICAO_COORDENADAS":"© OpenStreetMap contributors, ODbL 1.0","PAIS_ISO3":"BRA"},"geometry":{"type":"Point","coordinates":[-51.1993427,-30.0285661]}},{"type":"Feature","properties":{"ESTÁDIO":"Barradão","CIDADE":"Salvador","ESTADO":"Bahia","PAÍS":"Brasil","CAPACIDADE":"35632","PRIMEIRA_PARTIDA":"VITÓRIA 1x1 CORINTHIANS","DATA_PRIMEIRA_PARTIDA":"1994-11-11","ANO_PRIMEIRA_PARTIDA":1994,"ADVERSARIO":"VITÓRIA","PLACAR":"1x1","COMPETICAO_PRIMEIRA_PARTIDA":"Copa Conmebol 1994","MANDO_PRIMEIRA_PARTIDA":"Não","FONTE_PRIMEIRA_PARTIDA":"https://www.meutimao.com.br/jogo/2627/copa-conmebol-1994/vitoria-1-x-1-corinthians","TOTAL_JOGOS":17,"VITÓRIAS":5,"EMPATES":8,"DERROTAS":4,"APROVEITAMENTO_PCT":45.1,"GOLS_MARCADOS":18,"GOLS_SOFRIDOS":20,"NOMES_ALTERNATIVOS":[],"FONTES_JOGOS":["Meu Timão"],"LATITUDE":-12.9195408,"LONGITUDE":-38.4282201,"FONTE_COORDENADAS":"OpenStreetMap Nominatim (geocodificação reversa)","URL_FONTE_COORDENADAS":"https://www.openstreetmap.org/relation/362362","ATRIBUICAO_COORDENADAS":"© OpenStreetMap contributors, ODbL 1.0","CAPACIDADE_FONTE":"Meu Timão","URL_FONTE_CAPACIDADE":"https://www.meutimao.com.br/estadio/barradao/","PAIS_ISO3":"BRA"},"geometry":{"type":"Point","coordinates":[-38.4282201,-12.9195408]}},{"type":"Feature","properties":{"ESTÁDIO":"Barão","CIDADE":"Piracicaba","ESTADO":"São Paulo","PAÍS":"Brasil","CAPACIDADE":"18000","PRIMEIRA_PARTIDA":"XV DE PIRACICABA 1x3 CORINTHIANS","DATA_PRIMEIRA_PARTIDA":"1965-09-19","ANO_PRIMEIRA_PARTIDA":1965,"ADVERSARIO":"XV DE PIRACICABA","PLACAR":"1x3","COMPETICAO_PRIMEIRA_PARTIDA":"Paulista 1965","MANDO_PRIMEIRA_PARTIDA":"Não","FONTE_PRIMEIRA_PARTIDA":"https://www.meutimao.com.br/jogo/4795/paulista-1965/xv_de_piracicaba-1-x-3-corinthians","TOTAL_JOGOS":20,"VITÓRIAS":9,"EMPATES":8,"DERROTAS":3,"APROVEITAMENTO_PCT":58.3,"GOLS_MARCADOS":32,"GOLS_SOFRIDOS":19,"NOMES_ALTERNATIVOS":[],"FONTES_JOGOS":["Meu Timão"],"LATITUDE":-22.7295831,"LONGITUDE":-47.6371327,"PRECISAO_COORDENADAS":"Estádio identificado","FONTE_COORDENADAS":"OpenStreetMap Nominatim","URL_FONTE_COORDENADAS":"https://www.openstreetmap.org/way/89849118","ATRIBUICAO_COORDENADAS":"© OpenStreetMap contributors, ODbL 1.0","CAPACIDADE_FONTE":"Meu Timão","URL_FONTE_CAPACIDADE":"https://www.meutimao.com.br/estadio/barao/","PAIS_ISO3":"BRA"},"geometry":{"type":"Point","coordinates":[-47.6371327,-22.7295831]}},{"type":"Feature","properties":{"ESTÁDIO":"Barão da Serra Negra","CIDADE":"Piracicaba","ESTADO":"SP","PAÍS":"Brasil","CAPACIDADE":null,"PRIMEIRA_PARTIDA":"xv de piracicaba 1 x 3 Corinthians","DATA_PRIMEIRA_PARTIDA":"1965-09-19","ANO_PRIMEIRA_PARTIDA":1965,"ADVERSARIO":"xv de piracicaba","PLACAR":"1 x 3","COMPETICAO_PRIMEIRA_PARTIDA":"Paulista","MANDO_PRIMEIRA_PARTIDA":"Visitante","FONTE_PRIMEIRA_PARTIDA":"Meu Timão / Acervo ATLAS1910","TOTAL_JOGOS":20,"VITÓRIAS":9,"EMPATES":8,"DERROTAS":3,"APROVEITAMENTO_PCT":58.3,"GOLS_MARCADOS":32,"GOLS_SOFRIDOS":19,"NOMES_ALTERNATIVOS":[],"FONTES_JOGOS":[],"LATITUDE":-22.7296738,"LONGITUDE":-47.6371371,"PAIS_ISO3":"BRA"},"geometry":{"type":"Point","coordinates":[-47.6371371,-22.7296738]}},{"type":"Feature","properties":{"ESTÁDIO":"Batistão","CIDADE":"Aracaju","ESTADO":"Sergipe","PAÍS":"Brasil","CAPACIDADE":"15575","PRIMEIRA_PARTIDA":"SERGIPE 1x4 CORINTHIANS","DATA_PRIMEIRA_PARTIDA":"1965-01-27","ANO_PRIMEIRA_PARTIDA":1965,"ADVERSARIO":"SERGIPE","PLACAR":"1x4","COMPETICAO_PRIMEIRA_PARTIDA":"Amistosos 1965","MANDO_PRIMEIRA_PARTIDA":"Não","FONTE_PRIMEIRA_PARTIDA":"https://www.meutimao.com.br/jogo/4745/amistosos-1965/amistoso/sergipe-1-x-4-corinthians","TOTAL_JOGOS":6,"VITÓRIAS":3,"EMPATES":2,"DERROTAS":1,"APROVEITAMENTO_PCT":61.1,"GOLS_MARCADOS":13,"GOLS_SOFRIDOS":6,"NOMES_ALTERNATIVOS":[],"FONTES_JOGOS":["Meu Timão"],"LATITUDE":-10.9274814,"LONGITUDE":-37.0490497,"FONTE_COORDENADAS":"OpenStreetMap Nominatim (geocodificação reversa)","URL_FONTE_COORDENADAS":"https://www.openstreetmap.org/relation/303928","ATRIBUICAO_COORDENADAS":"© OpenStreetMap contributors, ODbL 1.0","CAPACIDADE_FONTE":"Meu Timão","URL_FONTE_CAPACIDADE":"https://www.meutimao.com.br/estadio/batistao/","PAIS_ISO3":"BRA"},"geometry":{"type":"Point","coordinates":[-37.0490497,-10.9274814]}},{"type":"Feature","properties":{"ESTÁDIO":"Beira-Rio","CIDADE":"Porto Alegre","ESTADO":"Rio Grande do Sul","PAÍS":"Brasil","CAPACIDADE":"50842","PRIMEIRA_PARTIDA":"INTERNACIONAL 2x2 CORINTHIANS","DATA_PRIMEIRA_PARTIDA":"1971-09-05","ANO_PRIMEIRA_PARTIDA":1971,"ADVERSARIO":"INTERNACIONAL","PLACAR":"2x2","COMPETICAO_PRIMEIRA_PARTIDA":"Brasileirão 1971","MANDO_PRIMEIRA_PARTIDA":"Não","FONTE_PRIMEIRA_PARTIDA":"https://www.meutimao.com.br/jogo/4287/brasileirao-1971/internacional-2-x-2-corinthians","TOTAL_JOGOS":43,"VITÓRIAS":6,"EMPATES":25,"DERROTAS":12,"APROVEITAMENTO_PCT":33.3,"GOLS_MARCADOS":40,"GOLS_SOFRIDOS":51,"NOMES_ALTERNATIVOS":[],"FONTES_JOGOS":["Meu Timão"],"LATITUDE":-30.0654826,"LONGITUDE":-51.2358459,"FONTE_COORDENADAS":"OpenStreetMap Nominatim (geocodificação reversa)","URL_FONTE_COORDENADAS":"https://www.openstreetmap.org/relation/242397","ATRIBUICAO_COORDENADAS":"© OpenStreetMap contributors, ODbL 1.0","CAPACIDADE_FONTE":"StadiumDB.com","URL_FONTE_CAPACIDADE":"https://stadiumdb.com/stadiums/bra/estadio_beira_rio","PAIS_ISO3":"BRA"},"geometry":{"type":"Point","coordinates":[-51.2358459,-30.0654826]}},{"type":"Feature","properties":{"ESTÁDIO":"Benedito Meirelles","CIDADE":"Guaratinguetá","ESTADO":"São Paulo","PAÍS":"Brasil","CAPACIDADE":"10000","PRIMEIRA_PARTIDA":"ESPORTIVA GUARATINGUETÁ 1x1 CORINTHIANS","DATA_PRIMEIRA_PARTIDA":"1958-06-05","ANO_PRIMEIRA_PARTIDA":1958,"ADVERSARIO":"ESPORTIVA GUARATINGUETÁ","PLACAR":"1x1","COMPETICAO_PRIMEIRA_PARTIDA":"Amistosos 1958","MANDO_PRIMEIRA_PARTIDA":"Não","FONTE_PRIMEIRA_PARTIDA":"https://www.meutimao.com.br/jogo/5265/amistosos-1958/amistoso/esportiva_guaratingueta-1-x-1-corinthians","TOTAL_JOGOS":7,"VITÓRIAS":3,"EMPATES":2,"DERROTAS":2,"APROVEITAMENTO_PCT":52.4,"GOLS_MARCADOS":10,"GOLS_SOFRIDOS":10,"NOMES_ALTERNATIVOS":[],"FONTES_JOGOS":["Meu Timão"],"LATITUDE":-22.8057839,"LONGITUDE":-45.1908926,"PRECISAO_COORDENADAS":"Município (estádio exato não identificado)","FONTE_COORDENADAS":"OpenStreetMap Nominatim (localidade aproximada)","URL_FONTE_COORDENADAS":"https://www.openstreetmap.org/relation/298076","ATRIBUICAO_COORDENADAS":"© OpenStreetMap contributors, ODbL 1.0","CAPACIDADE_FONTE":"Meu Timão","URL_FONTE_CAPACIDADE":"https://www.meutimao.com.br/estadio/benedito_meirelles/","PAIS_ISO3":"BRA"},"geometry":{"type":"Point","coordinates":[-45.1908926,-22.8057839]}},{"type":"Feature","properties":{"ESTÁDIO":"Benito A. Castellano.","CIDADE":"Rio Claro","ESTADO":"SP","PAÍS":"Brasil","CAPACIDADE":null,"PRIMEIRA_PARTIDA":"velo club 0 x 2 Corinthians","DATA_PRIMEIRA_PARTIDA":"1975-06-24","ANO_PRIMEIRA_PARTIDA":1975,"ADVERSARIO":"velo club","PLACAR":"0 x 2","COMPETICAO_PRIMEIRA_PARTIDA":"Amistoso","MANDO_PRIMEIRA_PARTIDA":"Visitante","FONTE_PRIMEIRA_PARTIDA":"Meu Timão / Acervo ATLAS1910","TOTAL_JOGOS":4,"VITÓRIAS":3,"EMPATES":1,"DERROTAS":0,"APROVEITAMENTO_PCT":83.3,"GOLS_MARCADOS":9,"GOLS_SOFRIDOS":0,"NOMES_ALTERNATIVOS":[],"FONTES_JOGOS":[],"LATITUDE":-22.4180623,"LONGITUDE":-47.5564202,"PAIS_ISO3":"BRA"},"geometry":{"type":"Point","coordinates":[-47.5564202,-22.4180623]}},{"type":"Feature","properties":{"ESTÁDIO":"Bosque da Saúde","CIDADE":"São Paulo","ESTADO":"São Paulo","PAÍS":"Brasil","CAPACIDADE":"5000","PRIMEIRA_PARTIDA":"EDEN AMERICANO ND CORINTHIANS","DATA_PRIMEIRA_PARTIDA":"1912-01-15","ANO_PRIMEIRA_PARTIDA":1912,"ADVERSARIO":"EDEN AMERICANO","PLACAR":"ND","COMPETICAO_PRIMEIRA_PARTIDA":"Jogo varzeano 1912","MANDO_PRIMEIRA_PARTIDA":"Não","FONTE_PRIMEIRA_PARTIDA":"https://www.meutimao.com.br/jogo/7997/jogo-varzeano-1912/amistoso/eden_americano-x-corinthians","TOTAL_JOGOS":1,"VITÓRIAS":0,"EMPATES":0,"DERROTAS":0,"APROVEITAMENTO_PCT":0,"GOLS_MARCADOS":0,"GOLS_SOFRIDOS":0,"NOMES_ALTERNATIVOS":[],"FONTES_JOGOS":["Meu Timão"],"LATITUDE":-23.5506507,"LONGITUDE":-46.6333824,"PRECISAO_COORDENADAS":"Município (estádio exato não identificado)","FONTE_COORDENADAS":"OpenStreetMap Nominatim (localidade aproximada)","URL_FONTE_COORDENADAS":"https://www.openstreetmap.org/relation/298285","ATRIBUICAO_COORDENADAS":"© OpenStreetMap contributors, ODbL 1.0","CAPACIDADE_FONTE":"Meu Timão","URL_FONTE_CAPACIDADE":"https://www.meutimao.com.br/estadio/bosque_da_saude/","PAIS_ISO3":"BRA"},"geometry":{"type":"Point","coordinates":[-46.6333824,-23.5506507]}},{"type":"Feature","properties":{"ESTÁDIO":"Bosuilstadion","CIDADE":"Antuérpia","ESTADO":"Antuérpia","PAÍS":"Belgium","CAPACIDADE":"12975","PRIMEIRA_PARTIDA":"SELEÇÃO DE ANTUÉRPIA 2x3 CORINTHIANS","DATA_PRIMEIRA_PARTIDA":"1959-05-31","ANO_PRIMEIRA_PARTIDA":1959,"ADVERSARIO":"SELEÇÃO DE ANTUÉRPIA","PLACAR":"2x3","COMPETICAO_PRIMEIRA_PARTIDA":"Amistosos 1959","MANDO_PRIMEIRA_PARTIDA":"Não","FONTE_PRIMEIRA_PARTIDA":"https://www.meutimao.com.br/jogo/5195/amistosos-1959/amistoso/selecao_de_antuerpia-2-x-3-corinthians","TOTAL_JOGOS":1,"VITÓRIAS":1,"EMPATES":0,"DERROTAS":0,"APROVEITAMENTO_PCT":100.0,"GOLS_MARCADOS":3,"GOLS_SOFRIDOS":2,"NOMES_ALTERNATIVOS":[],"FONTES_JOGOS":["Meu Timão"],"LATITUDE":51.2327385,"LONGITUDE":4.4715695,"FONTE_COORDENADAS":"OpenStreetMap Nominatim (geocodificação reversa)","URL_FONTE_COORDENADAS":"https://www.openstreetmap.org/relation/59576","ATRIBUICAO_COORDENADAS":"© OpenStreetMap contributors, ODbL 1.0","CAPACIDADE_FONTE":"Meu Timão","URL_FONTE_CAPACIDADE":"https://www.meutimao.com.br/estadio/bosuilstadion/","PAIS_ISO3":"BEL","FONTE_CORRECAO_PAIS":"https://data.geocode.earth/wof/dist/legacy/whosonfirst-data-country-latest.tar.bz2"},"geometry":{"type":"Point","coordinates":[4.4715695,51.2327385]}},{"type":"Feature","properties":{"ESTÁDIO":"Boulanger Pucci","CIDADE":"Uberaba","ESTADO":"Minas Gerais","PAÍS":"Brasil","CAPACIDADE":"8000","PRIMEIRA_PARTIDA":"UBERABA 0x3 CORINTHIANS","DATA_PRIMEIRA_PARTIDA":"1933-04-30","ANO_PRIMEIRA_PARTIDA":1933,"ADVERSARIO":"UBERABA","PLACAR":"0x3","COMPETICAO_PRIMEIRA_PARTIDA":"Amistosos 1933","MANDO_PRIMEIRA_PARTIDA":"Não","FONTE_PRIMEIRA_PARTIDA":"https://www.meutimao.com.br/jogo/6548/amistosos-1933/amistoso/uberaba-0-x-3-corinthians","TOTAL_JOGOS":7,"VITÓRIAS":7,"EMPATES":0,"DERROTAS":0,"APROVEITAMENTO_PCT":100.0,"GOLS_MARCADOS":19,"GOLS_SOFRIDOS":4,"NOMES_ALTERNATIVOS":[],"FONTES_JOGOS":["Meu Timão"],"LATITUDE":-19.7478969,"LONGITUDE":-47.9469209,"FONTE_COORDENADAS":"OpenStreetMap Nominatim (geocodificação reversa)","URL_FONTE_COORDENADAS":"https://www.openstreetmap.org/relation/314874","ATRIBUICAO_COORDENADAS":"© OpenStreetMap contributors, ODbL 1.0","CAPACIDADE_FONTE":"Meu Timão","URL_FONTE_CAPACIDADE":"https://www.meutimao.com.br/estadio/boulanger_pucci/","PAIS_ISO3":"BRA"},"geometry":{"type":"Point","coordinates":[-47.9469209,-19.7478969]}},{"type":"Feature","properties":{"ESTÁDIO":"Brinco de Ouro da Princesa","CIDADE":"Campinas","ESTADO":"São Paulo","PAÍS":"Brasil","CAPACIDADE":null,"PRIMEIRA_PARTIDA":"GUARANI 0x0 CORINTHIANS","DATA_PRIMEIRA_PARTIDA":"1954-01-03","ANO_PRIMEIRA_PARTIDA":1954,"ADVERSARIO":"GUARANI","PLACAR":"0x0","COMPETICAO_PRIMEIRA_PARTIDA":"Paulista 1953","MANDO_PRIMEIRA_PARTIDA":"Não","FONTE_PRIMEIRA_PARTIDA":"https://www.meutimao.com.br/jogo/5544/paulista-1953/guarani-0-x-0-corinthians","TOTAL_JOGOS":72,"VITÓRIAS":23,"EMPATES":22,"DERROTAS":27,"APROVEITAMENTO_PCT":42.1,"GOLS_MARCADOS":70,"GOLS_SOFRIDOS":80,"NOMES_ALTERNATIVOS":[],"FONTES_JOGOS":["Meu Timão"],"LATITUDE":-22.9095857,"LONGITUDE":-47.0433705,"FONTE_COORDENADAS":"OpenStreetMap Nominatim (geocodificação reversa)","URL_FONTE_COORDENADAS":"https://www.openstreetmap.org/relation/298227","ATRIBUICAO_COORDENADAS":"© OpenStreetMap contributors, ODbL 1.0","PAIS_ISO3":"BRA"},"geometry":{"type":"Point","coordinates":[-47.0433705,-22.9095857]}},{"type":"Feature","properties":{"ESTÁDIO":"Bruno José","CIDADE":"Santo André","ESTADO":"São Paulo","PAÍS":"Brasil","CAPACIDADE":"21000","PRIMEIRA_PARTIDA":"SANTO ANDRÉ 2x1 CORINTHIANS","DATA_PRIMEIRA_PARTIDA":"1979-06-03","ANO_PRIMEIRA_PARTIDA":1979,"ADVERSARIO":"SANTO ANDRÉ","PLACAR":"2x1","COMPETICAO_PRIMEIRA_PARTIDA":"Amistosos 1979","MANDO_PRIMEIRA_PARTIDA":"Não","FONTE_PRIMEIRA_PARTIDA":"https://www.meutimao.com.br/jogo/3662/amistosos-1979/amistoso/santo_andre-2-x-1-corinthians","TOTAL_JOGOS":15,"VITÓRIAS":6,"EMPATES":7,"DERROTAS":2,"APROVEITAMENTO_PCT":55.6,"GOLS_MARCADOS":17,"GOLS_SOFRIDOS":11,"NOMES_ALTERNATIVOS":[],"FONTES_JOGOS":["Meu Timão"],"LATITUDE":-23.6695672,"LONGITUDE":-46.5093186,"PRECISAO_COORDENADAS":"Estádio identificado","FONTE_COORDENADAS":"OpenStreetMap Nominatim","URL_FONTE_COORDENADAS":"https://www.openstreetmap.org/way/350999502","ATRIBUICAO_COORDENADAS":"© OpenStreetMap contributors, ODbL 1.0","CAPACIDADE_FONTE":"Meu Timão","URL_FONTE_CAPACIDADE":"https://www.meutimao.com.br/estadio/bruno_jose?genero=feminino","PAIS_ISO3":"BRA"},"geometry":{"type":"Point","coordinates":[-46.5093186,-23.6695672]}},{"type":"Feature","properties":{"ESTÁDIO":"Bruno José Daniel","CIDADE":"Santo André","ESTADO":"SP","PAÍS":"Brasil","CAPACIDADE":null,"PRIMEIRA_PARTIDA":"santo andré 2 x 1 Corinthians","DATA_PRIMEIRA_PARTIDA":"1979-06-03","ANO_PRIMEIRA_PARTIDA":1979,"ADVERSARIO":"santo andré","PLACAR":"2 x 1","COMPETICAO_PRIMEIRA_PARTIDA":"Amistoso","MANDO_PRIMEIRA_PARTIDA":"Visitante","FONTE_PRIMEIRA_PARTIDA":"Meu Timão / Acervo ATLAS1910","TOTAL_JOGOS":15,"VITÓRIAS":6,"EMPATES":7,"DERROTAS":2,"APROVEITAMENTO_PCT":55.6,"GOLS_MARCADOS":17,"GOLS_SOFRIDOS":11,"NOMES_ALTERNATIVOS":[],"FONTES_JOGOS":[],"LATITUDE":-23.6698747,"LONGITUDE":-46.5098586,"PAIS_ISO3":"BRA"},"geometry":{"type":"Point","coordinates":[-46.5098586,-23.6698747]}},{"type":"Feature","properties":{"ESTÁDIO":"COMENDADOR AGOSTINHO PRADA (PRADÃO)","CIDADE":"LIMEIRA ","ESTADO":"SÃO PAULO","PAÍS":"BRASIL","CAPACIDADE":"9483","PRIMEIRA_PARTIDA":"INTER DE LIMEIRA 2x0 CORINTHIANS","DATA_PRIMEIRA_PARTIDA":"1961-05-14","ANO_PRIMEIRA_PARTIDA":1961,"ADVERSARIO":"INTER DE LIMEIRA","PLACAR":"2x0","COMPETICAO_PRIMEIRA_PARTIDA":"Amistosos 1961","MANDO_PRIMEIRA_PARTIDA":"Não","FONTE_PRIMEIRA_PARTIDA":"https://www.meutimao.com.br/jogo/5031/amistosos-1961/amistoso/inter_de_limeira-2-x-0-corinthians","TOTAL_JOGOS":1,"VITÓRIAS":0,"EMPATES":0,"DERROTAS":1,"APROVEITAMENTO_PCT":0.0,"GOLS_MARCADOS":0,"GOLS_SOFRIDOS":2,"NOMES_ALTERNATIVOS":[],"FONTES_JOGOS":["Meu Timão"],"LATITUDE":-22.574173643057147,"LONGITUDE":-47.41149330943577,"PAIS_ISO3":"BRA"},"geometry":{"type":"Point","coordinates":[-47.41149330943577,-22.574173643057147]}},{"type":"Feature","properties":{"ESTÁDIO":"Cachmay","CIDADE":"Cidade Guayana","ESTADO":"Bolivar State","PAÍS":"Venezuela","CAPACIDADE":null,"PRIMEIRA_PARTIDA":"MINERVÉN SPORT CLUB 2x5 CORINTHIANS","DATA_PRIMEIRA_PARTIDA":"1994-11-18","ANO_PRIMEIRA_PARTIDA":1994,"ADVERSARIO":"MINERVÉN SPORT CLUB","PLACAR":"2x5","COMPETICAO_PRIMEIRA_PARTIDA":"Copa Conmebol 1994","MANDO_PRIMEIRA_PARTIDA":"Não","FONTE_PRIMEIRA_PARTIDA":"https://www.meutimao.com.br/jogo/2639/copa-conmebol-1994/quartas_de_final/minerven_sport_club-2-x-5-corinthians","TOTAL_JOGOS":1,"VITÓRIAS":1,"EMPATES":0,"DERROTAS":0,"APROVEITAMENTO_PCT":100.0,"GOLS_MARCADOS":5,"GOLS_SOFRIDOS":2,"NOMES_ALTERNATIVOS":[],"FONTES_JOGOS":["Meu Timão"],"LATITUDE":8.3126419,"LONGITUDE":-62.6962556,"FONTE_COORDENADAS":"OpenStreetMap Nominatim (geocodificação reversa)","URL_FONTE_COORDENADAS":"https://www.openstreetmap.org/relation/12508232","ATRIBUICAO_COORDENADAS":"© OpenStreetMap contributors, ODbL 1.0","PAIS_ISO3":"VEN","FONTE_CORRECAO_PAIS":"https://data.geocode.earth/wof/dist/legacy/whosonfirst-data-country-latest.tar.bz2"},"geometry":{"type":"Point","coordinates":[-62.6962556,8.3126419]}},{"type":"Feature","properties":{"ESTÁDIO":"Caio Martins","CIDADE":"Niterói","ESTADO":"Rio de Janeiro","PAÍS":"Brasil","CAPACIDADE":"15000","PRIMEIRA_PARTIDA":"BOTAFOGO 1x0 CORINTHIANS","DATA_PRIMEIRA_PARTIDA":"1990-10-24","ANO_PRIMEIRA_PARTIDA":1990,"ADVERSARIO":"BOTAFOGO","PLACAR":"1x0","COMPETICAO_PRIMEIRA_PARTIDA":"Brasileirão 1990","MANDO_PRIMEIRA_PARTIDA":"Não","FONTE_PRIMEIRA_PARTIDA":"https://www.meutimao.com.br/jogo/2926/brasileirao-1990/botafogo-1-x-0-corinthians","TOTAL_JOGOS":10,"VITÓRIAS":5,"EMPATES":1,"DERROTAS":4,"APROVEITAMENTO_PCT":53.3,"GOLS_MARCADOS":16,"GOLS_SOFRIDOS":14,"NOMES_ALTERNATIVOS":[],"FONTES_JOGOS":["Meu Timão"],"LATITUDE":-22.9006008,"LONGITUDE":-43.1058558,"FONTE_COORDENADAS":"OpenStreetMap Nominatim (geocodificação reversa)","URL_FONTE_COORDENADAS":"https://www.openstreetmap.org/relation/2220789","ATRIBUICAO_COORDENADAS":"© OpenStreetMap contributors, ODbL 1.0","CAPACIDADE_FONTE":"StadiumDB.com","URL_FONTE_CAPACIDADE":"https://stadiumdb.com/stadiums/bra/estadio_caio_martins","PAIS_ISO3":"BRA"},"geometry":{"type":"Point","coordinates":[-43.1058558,-22.9006008]}},{"type":"Feature","properties":{"ESTÁDIO":"Caliente","CIDADE":"Tijuana","ESTADO":"Baja California","PAÍS":"Mexico","CAPACIDADE":"27333","PRIMEIRA_PARTIDA":"TIJUANA 1x0 CORINTHIANS","DATA_PRIMEIRA_PARTIDA":"2013-03-06","ANO_PRIMEIRA_PARTIDA":2013,"ADVERSARIO":"TIJUANA","PLACAR":"1x0","COMPETICAO_PRIMEIRA_PARTIDA":"Libertadores 2013","MANDO_PRIMEIRA_PARTIDA":"Não","FONTE_PRIMEIRA_PARTIDA":"https://www.meutimao.com.br/jogo/377/libertadores-2013/tijuana-1-x-0-corinthians","TOTAL_JOGOS":1,"VITÓRIAS":0,"EMPATES":0,"DERROTAS":1,"APROVEITAMENTO_PCT":0.0,"GOLS_MARCADOS":0,"GOLS_SOFRIDOS":1,"NOMES_ALTERNATIVOS":[],"FONTES_JOGOS":["Meu Timão"],"LATITUDE":32.5068213,"LONGITUDE":-116.9934082,"FONTE_COORDENADAS":"OpenStreetMap Nominatim (geocodificação reversa)","URL_FONTE_COORDENADAS":"https://www.openstreetmap.org/node/4145201092","ATRIBUICAO_COORDENADAS":"© OpenStreetMap contributors, ODbL 1.0","CAPACIDADE_FONTE":"StadiumDB.com","URL_FONTE_CAPACIDADE":"https://stadiumdb.com/stadiums/mex/estadio_caliente","PAIS_ISO3":"MEX","FONTE_CORRECAO_PAIS":"https://data.geocode.earth/wof/dist/legacy/whosonfirst-data-country-latest.tar.bz2"},"geometry":{"type":"Point","coordinates":[-116.9934082,32.5068213]}},{"type":"Feature","properties":{"ESTÁDIO":"Camp Nou","CIDADE":"Barcelona","ESTADO":"Catalunha","PAÍS":"Spain","CAPACIDADE":"99354","PRIMEIRA_PARTIDA":"BARCELONA 3x5 CORINTHIANS","DATA_PRIMEIRA_PARTIDA":"1959-06-24","ANO_PRIMEIRA_PARTIDA":1959,"ADVERSARIO":"BARCELONA","PLACAR":"3x5","COMPETICAO_PRIMEIRA_PARTIDA":"Amistosos 1959","MANDO_PRIMEIRA_PARTIDA":"Não","FONTE_PRIMEIRA_PARTIDA":"https://www.meutimao.com.br/jogo/5200/amistosos-1959/amistoso/barcelona-3-x-5-corinthians","TOTAL_JOGOS":1,"VITÓRIAS":1,"EMPATES":0,"DERROTAS":0,"APROVEITAMENTO_PCT":100.0,"GOLS_MARCADOS":5,"GOLS_SOFRIDOS":3,"NOMES_ALTERNATIVOS":[],"FONTES_JOGOS":["Meu Timão"],"LATITUDE":41.380896,"LONGITUDE":2.1228198,"FONTE_COORDENADAS":"OpenStreetMap Nominatim (geocodificação reversa)","URL_FONTE_COORDENADAS":"https://www.openstreetmap.org/relation/347950","ATRIBUICAO_COORDENADAS":"© OpenStreetMap contributors, ODbL 1.0","CAPACIDADE_FONTE":"Meu Timão","URL_FONTE_CAPACIDADE":"https://www.meutimao.com.br/estadio/camp_nou/","PAIS_ISO3":"ESP","FONTE_CORRECAO_PAIS":"https://data.geocode.earth/wof/dist/legacy/whosonfirst-data-country-latest.tar.bz2"},"geometry":{"type":"Point","coordinates":[2.1228198,41.380896]}},{"type":"Feature","properties":{"ESTÁDIO":"Campeón del Siglo","CIDADE":"Montevidéu","ESTADO":"Montevideo","PAÍS":"Uruguay","CAPACIDADE":"40000","PRIMEIRA_PARTIDA":"PEÑAROL 4x0 CORINTHIANS","DATA_PRIMEIRA_PARTIDA":"2021-05-13","ANO_PRIMEIRA_PARTIDA":2021,"ADVERSARIO":"PEÑAROL","PLACAR":"4x0","COMPETICAO_PRIMEIRA_PARTIDA":"Sul-Americana 2021","MANDO_PRIMEIRA_PARTIDA":"Não","FONTE_PRIMEIRA_PARTIDA":"https://www.meutimao.com.br/jogo/5669/sul-americana-2021/penarol-4-x-0-corinthians","TOTAL_JOGOS":2,"VITÓRIAS":0,"EMPATES":1,"DERROTAS":1,"APROVEITAMENTO_PCT":16.7,"GOLS_MARCADOS":1,"GOLS_SOFRIDOS":5,"NOMES_ALTERNATIVOS":[],"FONTES_JOGOS":["Meu Timão"],"LATITUDE":-34.7970057,"LONGITUDE":-56.0672739,"FONTE_COORDENADAS":"OpenStreetMap Nominatim (geocodificação reversa)","URL_FONTE_COORDENADAS":"https://www.openstreetmap.org/relation/2929054","ATRIBUICAO_COORDENADAS":"© OpenStreetMap contributors, ODbL 1.0","CAPACIDADE_FONTE":"Meu Timão","URL_FONTE_CAPACIDADE":"https://www.meutimao.com.br/estadio/campeon_del_siglo/","PAIS_ISO3":"URY","FONTE_CORRECAO_PAIS":"https://data.geocode.earth/wof/dist/legacy/whosonfirst-data-country-latest.tar.bz2"},"geometry":{"type":"Point","coordinates":[-56.0672739,-34.7970057]}},{"type":"Feature","properties":{"ESTÁDIO":"Campo General Motors","CIDADE":"São Caetano do Sul","ESTADO":"São Paulo","PAÍS":"Brasil","CAPACIDADE":null,"PRIMEIRA_PARTIDA":"GENERAL MOTORS 0x6 CORINTHIANS","DATA_PRIMEIRA_PARTIDA":"1964-06-29","ANO_PRIMEIRA_PARTIDA":1964,"ADVERSARIO":"GENERAL MOTORS","PLACAR":"0x6","COMPETICAO_PRIMEIRA_PARTIDA":"Amistosos 1964","MANDO_PRIMEIRA_PARTIDA":"Não","FONTE_PRIMEIRA_PARTIDA":"https://www.meutimao.com.br/jogo/4888/amistosos-1964/amistoso/general_motors-0-x-6-corinthians","TOTAL_JOGOS":1,"VITÓRIAS":1,"EMPATES":0,"DERROTAS":0,"APROVEITAMENTO_PCT":100.0,"GOLS_MARCADOS":6,"GOLS_SOFRIDOS":0,"NOMES_ALTERNATIVOS":[],"FONTES_JOGOS":["Meu Timão"],"LATITUDE":-23.6195923,"LONGITUDE":-46.5688323,"PRECISAO_COORDENADAS":"Município (estádio exato não identificado)","FONTE_COORDENADAS":"OpenStreetMap Nominatim (localidade aproximada)","URL_FONTE_COORDENADAS":"https://www.openstreetmap.org/relation/298170","ATRIBUICAO_COORDENADAS":"© OpenStreetMap contributors, ODbL 1.0","PAIS_ISO3":"BRA"},"geometry":{"type":"Point","coordinates":[-46.5688323,-23.6195923]}},{"type":"Feature","properties":{"ESTÁDIO":"Campo Grêmio Recreativo dos Empregados da Paulista","CIDADE":"Rio Claro","ESTADO":"São Paulo","PAÍS":"Brasil","CAPACIDADE":"5000","PRIMEIRA_PARTIDA":"RIO CLARO 2x3 CORINTHIANS","DATA_PRIMEIRA_PARTIDA":"1916-12-25","ANO_PRIMEIRA_PARTIDA":1916,"ADVERSARIO":"RIO CLARO","PLACAR":"2x3","COMPETICAO_PRIMEIRA_PARTIDA":"Amistosos 1916","MANDO_PRIMEIRA_PARTIDA":"Não","FONTE_PRIMEIRA_PARTIDA":"https://www.meutimao.com.br/jogo/7002/amistosos-1916/amistoso/rio_claro-2-x-3-corinthians","TOTAL_JOGOS":2,"VITÓRIAS":2,"EMPATES":0,"DERROTAS":0,"APROVEITAMENTO_PCT":100.0,"GOLS_MARCADOS":9,"GOLS_SOFRIDOS":3,"NOMES_ALTERNATIVOS":[],"FONTES_JOGOS":["Meu Timão"],"LATITUDE":-22.4100108,"LONGITUDE":-47.5603933,"PRECISAO_COORDENADAS":"Município (estádio exato não identificado)","FONTE_COORDENADAS":"OpenStreetMap Nominatim (localidade aproximada)","URL_FONTE_COORDENADAS":"https://www.openstreetmap.org/relation/298435","ATRIBUICAO_COORDENADAS":"© OpenStreetMap contributors, ODbL 1.0","CAPACIDADE_FONTE":"Meu Timão","URL_FONTE_CAPACIDADE":"https://www.meutimao.com.br/estadio/campo_gremio_recreativo_dos_empregados_da_paulista/","PAIS_ISO3":"BRA"},"geometry":{"type":"Point","coordinates":[-47.5603933,-22.4100108]}},{"type":"Feature","properties":{"ESTÁDIO":"Campo Vera Cruz","CIDADE":"Caçapava","ESTADO":"São Paulo","PAÍS":"Brasil","CAPACIDADE":"4000","PRIMEIRA_PARTIDA":"CAÇAPAVENSE 1x2 CORINTHIANS","DATA_PRIMEIRA_PARTIDA":"1915-02-14","ANO_PRIMEIRA_PARTIDA":1915,"ADVERSARIO":"CAÇAPAVENSE","PLACAR":"1x2","COMPETICAO_PRIMEIRA_PARTIDA":"Amistosos 1915","MANDO_PRIMEIRA_PARTIDA":"Não","FONTE_PRIMEIRA_PARTIDA":"https://www.meutimao.com.br/jogo/7013/amistosos-1915/amistoso/cacapavense-1-x-2-corinthians","TOTAL_JOGOS":2,"VITÓRIAS":2,"EMPATES":0,"DERROTAS":0,"APROVEITAMENTO_PCT":100.0,"GOLS_MARCADOS":8,"GOLS_SOFRIDOS":1,"NOMES_ALTERNATIVOS":[],"FONTES_JOGOS":["Meu Timão"],"LATITUDE":-23.1033932,"LONGITUDE":-45.7147982,"FONTE_COORDENADAS":"OpenStreetMap Nominatim (geocodificação reversa)","URL_FONTE_COORDENADAS":"https://www.openstreetmap.org/relation/298443","ATRIBUICAO_COORDENADAS":"© OpenStreetMap contributors, ODbL 1.0","CAPACIDADE_FONTE":"Meu Timão","URL_FONTE_CAPACIDADE":"https://www.meutimao.com.br/estadio/campo_vera_cruz/","PAIS_ISO3":"BRA"},"geometry":{"type":"Point","coordinates":[-45.7147982,-23.1033932]}},{"type":"Feature","properties":{"ESTÁDIO":"Campo da A. A. Sãomanuelense","CIDADE":"São Manuel","ESTADO":"São Paulo","PAÍS":"Brasil","CAPACIDADE":null,"PRIMEIRA_PARTIDA":"SÃOMANOELENSE 1x2 CORINTHIANS","DATA_PRIMEIRA_PARTIDA":"1924-05-18","ANO_PRIMEIRA_PARTIDA":1924,"ADVERSARIO":"SÃOMANOELENSE","PLACAR":"1x2","COMPETICAO_PRIMEIRA_PARTIDA":"Amistosos 1924","MANDO_PRIMEIRA_PARTIDA":"Não","FONTE_PRIMEIRA_PARTIDA":"https://www.meutimao.com.br/jogo/6794/amistosos-1924/amistoso/saomanoelense-1-x-2-corinthians","TOTAL_JOGOS":1,"VITÓRIAS":1,"EMPATES":0,"DERROTAS":0,"APROVEITAMENTO_PCT":100.0,"GOLS_MARCADOS":2,"GOLS_SOFRIDOS":1,"NOMES_ALTERNATIVOS":[],"FONTES_JOGOS":["Meu Timão"],"LATITUDE":-22.7315345,"LONGITUDE":-48.5667362,"FONTE_COORDENADAS":"OpenStreetMap Nominatim (geocodificação reversa)","URL_FONTE_COORDENADAS":"https://www.openstreetmap.org/relation/298339","ATRIBUICAO_COORDENADAS":"© OpenStreetMap contributors, ODbL 1.0","PAIS_ISO3":"BRA"},"geometry":{"type":"Point","coordinates":[-48.5667362,-22.7315345]}},{"type":"Feature","properties":{"ESTÁDIO":"Campo da Lema","CIDADE":"Pouso Alegre","ESTADO":"Minas Gerais","PAÍS":"Brasil","CAPACIDADE":"5000","PRIMEIRA_PARTIDA":"SELEÇÃO DE POUSO ALEGRE 2x0 CORINTHIANS","DATA_PRIMEIRA_PARTIDA":"1990-06-23","ANO_PRIMEIRA_PARTIDA":1990,"ADVERSARIO":"SELEÇÃO DE POUSO ALEGRE","PLACAR":"2x0","COMPETICAO_PRIMEIRA_PARTIDA":"Amistosos 1990","MANDO_PRIMEIRA_PARTIDA":"Não","FONTE_PRIMEIRA_PARTIDA":"https://www.meutimao.com.br/jogo/2897/amistosos-1990/amistoso/selecao_de_pouso_alegre-2-x-0-corinthians","TOTAL_JOGOS":1,"VITÓRIAS":0,"EMPATES":0,"DERROTAS":1,"APROVEITAMENTO_PCT":0.0,"GOLS_MARCADOS":0,"GOLS_SOFRIDOS":2,"NOMES_ALTERNATIVOS":[],"FONTES_JOGOS":["Meu Timão"],"LATITUDE":-22.2262466,"LONGITUDE":-45.9296777,"FONTE_COORDENADAS":"OpenStreetMap Nominatim (geocodificação reversa)","URL_FONTE_COORDENADAS":"https://www.openstreetmap.org/relation/315431","ATRIBUICAO_COORDENADAS":"© OpenStreetMap contributors, ODbL 1.0","CAPACIDADE_FONTE":"Meu Timão","URL_FONTE_CAPACIDADE":"https://www.meutimao.com.br/estadio/campo_da_lema/","PAIS_ISO3":"BRA"},"geometry":{"type":"Point","coordinates":[-45.9296777,-22.2262466]}},{"type":"Feature","properties":{"ESTÁDIO":"Campo da Rua São Jorge","CIDADE":"São Paulo","ESTADO":"São Paulo","PAÍS":"Brasil","CAPACIDADE":"1000","PRIMEIRA_PARTIDA":"LUZITANO 0x5 CORINTHIANS","DATA_PRIMEIRA_PARTIDA":"1937-06-13","ANO_PRIMEIRA_PARTIDA":1937,"ADVERSARIO":"LUZITANO","PLACAR":"0x5","COMPETICAO_PRIMEIRA_PARTIDA":"Paulista 1937","MANDO_PRIMEIRA_PARTIDA":"Não","FONTE_PRIMEIRA_PARTIDA":"https://www.meutimao.com.br/jogo/6446/paulista-1937/luzitano-0-x-5-corinthians","TOTAL_JOGOS":1,"VITÓRIAS":1,"EMPATES":0,"DERROTAS":0,"APROVEITAMENTO_PCT":100.0,"GOLS_MARCADOS":5,"GOLS_SOFRIDOS":0,"NOMES_ALTERNATIVOS":[],"FONTES_JOGOS":["Meu Timão"],"LATITUDE":-23.5506507,"LONGITUDE":-46.6333824,"PRECISAO_COORDENADAS":"Município (estádio exato não identificado)","FONTE_COORDENADAS":"OpenStreetMap Nominatim (localidade aproximada)","URL_FONTE_COORDENADAS":"https://www.openstreetmap.org/relation/298285","ATRIBUICAO_COORDENADAS":"© OpenStreetMap contributors, ODbL 1.0","CAPACIDADE_FONTE":"Meu Timão","URL_FONTE_CAPACIDADE":"https://www.meutimao.com.br/estadio/campo_da_rua_sao_jorge/","PAIS_ISO3":"BRA"},"geometry":{"type":"Point","coordinates":[-46.6333824,-23.5506507]}},{"type":"Feature","properties":{"ESTÁDIO":"Campo da graça","CIDADE":"Salvador","ESTADO":"Bahia","PAÍS":"Brasil","CAPACIDADE":"5000","PRIMEIRA_PARTIDA":"YPIRANGA-BA 1x2 CORINTHIANS","DATA_PRIMEIRA_PARTIDA":"1936-09-13","ANO_PRIMEIRA_PARTIDA":1936,"ADVERSARIO":"YPIRANGA-BA","PLACAR":"1x2","COMPETICAO_PRIMEIRA_PARTIDA":"Amistosos 1936","MANDO_PRIMEIRA_PARTIDA":"Não","FONTE_PRIMEIRA_PARTIDA":"https://www.meutimao.com.br/jogo/6470/amistosos-1936/amistoso/ypiranga-ba-1-x-2-corinthians","TOTAL_JOGOS":15,"VITÓRIAS":11,"EMPATES":0,"DERROTAS":4,"APROVEITAMENTO_PCT":73.3,"GOLS_MARCADOS":36,"GOLS_SOFRIDOS":20,"NOMES_ALTERNATIVOS":[],"FONTES_JOGOS":["Meu Timão"],"LATITUDE":-12.9991643,"LONGITUDE":-38.5205235,"FONTE_COORDENADAS":"OpenStreetMap Nominatim (geocodificação reversa)","URL_FONTE_COORDENADAS":"https://www.openstreetmap.org/relation/362362","ATRIBUICAO_COORDENADAS":"© OpenStreetMap contributors, ODbL 1.0","CAPACIDADE_FONTE":"Meu Timão","URL_FONTE_CAPACIDADE":"https://www.meutimao.com.br/estadio/campo_da_graca/","PAIS_ISO3":"BRA"},"geometry":{"type":"Point","coordinates":[-38.5205235,-12.9991643]}},{"type":"Feature","properties":{"ESTÁDIO":"Campo do Bosque","CIDADE":"Taubaté","ESTADO":"São Paulo","PAÍS":"Brasil","CAPACIDADE":null,"PRIMEIRA_PARTIDA":"taubaté 0 x 2 Corinthians","DATA_PRIMEIRA_PARTIDA":"1916-10-08","ANO_PRIMEIRA_PARTIDA":1916,"ADVERSARIO":"taubaté","PLACAR":"0 x 2","COMPETICAO_PRIMEIRA_PARTIDA":"Amistoso","MANDO_PRIMEIRA_PARTIDA":"Visitante","FONTE_PRIMEIRA_PARTIDA":"Meu Timão / Acervo ATLAS1910","TOTAL_JOGOS":50,"VITÓRIAS":22,"EMPATES":18,"DERROTAS":10,"APROVEITAMENTO_PCT":56,"GOLS_MARCADOS":100,"GOLS_SOFRIDOS":48,"NOMES_ALTERNATIVOS":[],"FONTES_JOGOS":[],"LATITUDE":-23.0227929,"LONGITUDE":-45.5523915,"FONTE_COORDENADAS":"OpenStreetMap Nominatim (geocodificação reversa)","URL_FONTE_COORDENADAS":"https://www.openstreetmap.org/relation/298039","ATRIBUICAO_COORDENADAS":"© OpenStreetMap contributors, ODbL 1.0","PAIS_ISO3":"BRA"},"geometry":{"type":"Point","coordinates":[-45.5523915,-23.0227929]}},{"type":"Feature","properties":{"ESTÁDIO":"Campo do Brasil Futebol Clube","CIDADE":"Santos","ESTADO":"São Paulo","PAÍS":"Brasil","CAPACIDADE":null,"PRIMEIRA_PARTIDA":"COMBINADO SANTISTA 1x2 CORINTHIANS","DATA_PRIMEIRA_PARTIDA":"1921-05-13","ANO_PRIMEIRA_PARTIDA":1921,"ADVERSARIO":"COMBINADO SANTISTA","PLACAR":"1x2","COMPETICAO_PRIMEIRA_PARTIDA":"Amistosos 1921","MANDO_PRIMEIRA_PARTIDA":"Não","FONTE_PRIMEIRA_PARTIDA":"https://www.meutimao.com.br/jogo/6864/amistosos-1921/amistoso/combinado_santista-1-x-2-corinthians","TOTAL_JOGOS":1,"VITÓRIAS":1,"EMPATES":0,"DERROTAS":0,"APROVEITAMENTO_PCT":100.0,"GOLS_MARCADOS":2,"GOLS_SOFRIDOS":1,"NOMES_ALTERNATIVOS":[],"FONTES_JOGOS":["Meu Timão"],"LATITUDE":-23.977095,"LONGITUDE":-46.3037674,"FONTE_COORDENADAS":"OpenStreetMap Nominatim (geocodificação reversa)","URL_FONTE_COORDENADAS":"https://www.openstreetmap.org/relation/298442","ATRIBUICAO_COORDENADAS":"© OpenStreetMap contributors, ODbL 1.0","PAIS_ISO3":"BRA"},"geometry":{"type":"Point","coordinates":[-46.3037674,-23.977095]}},{"type":"Feature","properties":{"ESTÁDIO":"Campo do Brasil Futebol Clube (Av conselheiro Nébias)","CIDADE":"Santos","ESTADO":"SP","PAÍS":"Brasil","CAPACIDADE":null,"PRIMEIRA_PARTIDA":"santos 0 x 0 Corinthians","DATA_PRIMEIRA_PARTIDA":"1914-08-30","ANO_PRIMEIRA_PARTIDA":1914,"ADVERSARIO":"santos","PLACAR":"0 x 0","COMPETICAO_PRIMEIRA_PARTIDA":"Amistoso","MANDO_PRIMEIRA_PARTIDA":"Visitante","FONTE_PRIMEIRA_PARTIDA":"Meu Timão / Acervo ATLAS1910","TOTAL_JOGOS":18,"VITÓRIAS":6,"EMPATES":9,"DERROTAS":3,"APROVEITAMENTO_PCT":50,"GOLS_MARCADOS":39,"GOLS_SOFRIDOS":21,"NOMES_ALTERNATIVOS":[],"FONTES_JOGOS":[],"LATITUDE":-23.9532448,"LONGITUDE":-46.3224017,"PAIS_ISO3":"BRA"},"geometry":{"type":"Point","coordinates":[-46.3224017,-23.9532448]}},{"type":"Feature","properties":{"ESTÁDIO":"Campo do Byron","CIDADE":"Niterói","ESTADO":"Rio de Janeiro","PAÍS":"Brasil","CAPACIDADE":"2000","PRIMEIRA_PARTIDA":"SELEÇÃO DE NITERÓI 1x1 CORINTHIANS","DATA_PRIMEIRA_PARTIDA":"1940-08-31","ANO_PRIMEIRA_PARTIDA":1940,"ADVERSARIO":"SELEÇÃO DE NITERÓI","PLACAR":"1x1","COMPETICAO_PRIMEIRA_PARTIDA":"Amistosos 1940","MANDO_PRIMEIRA_PARTIDA":"Não","FONTE_PRIMEIRA_PARTIDA":"https://www.meutimao.com.br/jogo/6435/amistosos-1940/amistoso/selecao_de_niteroi-1-x-1-corinthians","TOTAL_JOGOS":1,"VITÓRIAS":0,"EMPATES":1,"DERROTAS":0,"APROVEITAMENTO_PCT":33.3,"GOLS_MARCADOS":1,"GOLS_SOFRIDOS":1,"NOMES_ALTERNATIVOS":[],"FONTES_JOGOS":["Meu Timão"],"LATITUDE":-22.8618299,"LONGITUDE":-43.0938917,"FONTE_COORDENADAS":"OpenStreetMap Nominatim (geocodificação reversa)","URL_FONTE_COORDENADAS":"https://www.openstreetmap.org/relation/2220789","ATRIBUICAO_COORDENADAS":"© OpenStreetMap contributors, ODbL 1.0","CAPACIDADE_FONTE":"Meu Timão","URL_FONTE_CAPACIDADE":"https://www.meutimao.com.br/estadio/campo_do_byron/","PAIS_ISO3":"BRA"},"geometry":{"type":"Point","coordinates":[-43.0938917,-22.8618299]}},{"type":"Feature","properties":{"ESTÁDIO":"Campo do Frigorifico Wilson","CIDADE":"Osasco","ESTADO":"São Paulo","PAÍS":"Brasil","CAPACIDADE":"5000","PRIMEIRA_PARTIDA":"AA OSASQUENSE 1x7 CORINTHIANS","DATA_PRIMEIRA_PARTIDA":"1965-02-20","ANO_PRIMEIRA_PARTIDA":1965,"ADVERSARIO":"AA OSASQUENSE","PLACAR":"1x7","COMPETICAO_PRIMEIRA_PARTIDA":"Amistosos 1965","MANDO_PRIMEIRA_PARTIDA":"Não","FONTE_PRIMEIRA_PARTIDA":"https://www.meutimao.com.br/jogo/4747/amistosos-1965/amistoso/aa_osasquense-1-x-7-corinthians","TOTAL_JOGOS":1,"VITÓRIAS":1,"EMPATES":0,"DERROTAS":0,"APROVEITAMENTO_PCT":100.0,"GOLS_MARCADOS":7,"GOLS_SOFRIDOS":1,"NOMES_ALTERNATIVOS":[],"FONTES_JOGOS":["Meu Timão"],"LATITUDE":-23.5312117,"LONGITUDE":-46.7618009,"FONTE_COORDENADAS":"OpenStreetMap Nominatim (geocodificação reversa)","URL_FONTE_COORDENADAS":"https://www.openstreetmap.org/relation/298470","ATRIBUICAO_COORDENADAS":"© OpenStreetMap contributors, ODbL 1.0","CAPACIDADE_FONTE":"Meu Timão","URL_FONTE_CAPACIDADE":"https://www.meutimao.com.br/estadio/campo_do_frigorifico_wilson/","PAIS_ISO3":"BRA"},"geometry":{"type":"Point","coordinates":[-46.7618009,-23.5312117]}},{"type":"Feature","properties":{"ESTÁDIO":"Campo do General Motors* (Eucaliptos)","CIDADE":"São Caetano do Sul","ESTADO":"SP","PAÍS":"Brasil","CAPACIDADE":null,"PRIMEIRA_PARTIDA":"General Motors 1 x 5 Corinthians","DATA_PRIMEIRA_PARTIDA":"1938-05-01","ANO_PRIMEIRA_PARTIDA":1938,"ADVERSARIO":"General Motors","PLACAR":"1 x 5","COMPETICAO_PRIMEIRA_PARTIDA":"Amistoso","MANDO_PRIMEIRA_PARTIDA":null,"FONTE_PRIMEIRA_PARTIDA":"https://www.dgabc.com.br/Noticia/1690751/clube-da-gm-fecha-as-portas-no-dia-31","TOTAL_JOGOS":1,"VITÓRIAS":0,"EMPATES":0,"DERROTAS":0,"APROVEITAMENTO_PCT":0,"GOLS_MARCADOS":0,"GOLS_SOFRIDOS":0,"NOMES_ALTERNATIVOS":[],"FONTES_JOGOS":[],"LATITUDE":-23.6196195,"LONGITUDE":-46.5510341,"PAIS_ISO3":"BRA"},"geometry":{"type":"Point","coordinates":[-46.5510341,-23.6196195]}},{"type":"Feature","properties":{"ESTÁDIO":"Campo do Grêmio dos empregados da Paulista","CIDADE":"Rio Claro","ESTADO":"SP","PAÍS":"Brasil","CAPACIDADE":null,"PRIMEIRA_PARTIDA":"rio claro 2 x 3 Corinthians","DATA_PRIMEIRA_PARTIDA":"1916-12-25","ANO_PRIMEIRA_PARTIDA":1916,"ADVERSARIO":"rio claro","PLACAR":"2 x 3","COMPETICAO_PRIMEIRA_PARTIDA":"Amistoso","MANDO_PRIMEIRA_PARTIDA":"Visitante","FONTE_PRIMEIRA_PARTIDA":"https://asmilcamisas.wordpress.com/tag/estadio-do-gremio-recreativo-dos-empregados-da-cia-paulista-de-estradas-de-ferro/","TOTAL_JOGOS":6,"VITÓRIAS":6,"EMPATES":0,"DERROTAS":0,"APROVEITAMENTO_PCT":100,"GOLS_MARCADOS":27,"GOLS_SOFRIDOS":9,"NOMES_ALTERNATIVOS":[],"FONTES_JOGOS":[],"LATITUDE":-22.4073047,"LONGITUDE":-47.5673752,"PAIS_ISO3":"BRA"},"geometry":{"type":"Point","coordinates":[-47.5673752,-22.4073047]}},{"type":"Feature","properties":{"ESTÁDIO":"Campo do Largo São Benedito","CIDADE":"Campinas","ESTADO":"São Paulo","PAÍS":"Brasil","CAPACIDADE":"1000","PRIMEIRA_PARTIDA":"CORINTHIANS CAMPINEIRO 1x3 CORINTHIANS","DATA_PRIMEIRA_PARTIDA":"1911-09-17","ANO_PRIMEIRA_PARTIDA":1911,"ADVERSARIO":"CORINTHIANS","PLACAR":"1x3","COMPETICAO_PRIMEIRA_PARTIDA":"Jogo varzeano 1910","MANDO_PRIMEIRA_PARTIDA":"Sim","FONTE_PRIMEIRA_PARTIDA":"https://www.meutimao.com.br/jogo/7057/jogo-varzeano-1910/amistoso/corinthians_campineiro-1-x-3-corinthians","TOTAL_JOGOS":2,"VITÓRIAS":1,"EMPATES":0,"DERROTAS":1,"APROVEITAMENTO_PCT":50.0,"GOLS_MARCADOS":2,"GOLS_SOFRIDOS":3,"NOMES_ALTERNATIVOS":[],"FONTES_JOGOS":["Meu Timão"],"LATITUDE":-22.9071162,"LONGITUDE":-47.0543685,"FONTE_COORDENADAS":"OpenStreetMap Nominatim (geocodificação reversa)","URL_FONTE_COORDENADAS":"https://www.openstreetmap.org/relation/298227","ATRIBUICAO_COORDENADAS":"© OpenStreetMap contributors, ODbL 1.0","CAPACIDADE_FONTE":"Meu Timão","URL_FONTE_CAPACIDADE":"https://www.meutimao.com.br/estadio/campo_do_largo_sao_benedito/","PAIS_ISO3":"BRA"},"geometry":{"type":"Point","coordinates":[-47.0543685,-22.9071162]}},{"type":"Feature","properties":{"ESTÁDIO":"Campo do Lenheiro","CIDADE":"São Paulo","ESTADO":"São Paulo","PAÍS":"Brasil","CAPACIDADE":"1000","PRIMEIRA_PARTIDA":"CORINTHIANS 2x0 ESTRELA POLAR","DATA_PRIMEIRA_PARTIDA":"1910-09-14","ANO_PRIMEIRA_PARTIDA":1910,"ADVERSARIO":"ESTRELA POLAR","PLACAR":"2x0","COMPETICAO_PRIMEIRA_PARTIDA":"Jogo varzeano 1910","MANDO_PRIMEIRA_PARTIDA":"Sim","FONTE_PRIMEIRA_PARTIDA":"https://www.meutimao.com.br/jogo/7050/jogo-varzeano-1910/amistoso/corinthians-2-x-0-estrela_polar","TOTAL_JOGOS":22,"VITÓRIAS":13,"EMPATES":1,"DERROTAS":1,"APROVEITAMENTO_PCT":88.9,"GOLS_MARCADOS":42,"GOLS_SOFRIDOS":8,"NOMES_ALTERNATIVOS":[],"FONTES_JOGOS":["Meu Timão"],"LATITUDE":-23.531526,"LONGITUDE":-46.6378626,"FONTE_COORDENADAS":"OpenStreetMap Nominatim (geocodificação reversa)","URL_FONTE_COORDENADAS":"https://www.openstreetmap.org/relation/298285","ATRIBUICAO_COORDENADAS":"© OpenStreetMap contributors, ODbL 1.0","CAPACIDADE_FONTE":"Meu Timão","URL_FONTE_CAPACIDADE":"https://www.meutimao.com.br/estadio/campo_do_lenheiro/","PAIS_ISO3":"BRA"},"geometry":{"type":"Point","coordinates":[-46.6378626,-23.531526]}},{"type":"Feature","properties":{"ESTÁDIO":"Campo do Nacional de Rolândia","CIDADE":"Rolândia","ESTADO":"Paraná","PAÍS":"Brasil","CAPACIDADE":"5000","PRIMEIRA_PARTIDA":"NACIONAL DE ROLÂNDIA 2x5 CORINTHIANS","DATA_PRIMEIRA_PARTIDA":"1951-04-29","ANO_PRIMEIRA_PARTIDA":1951,"ADVERSARIO":"NACIONAL DE ROLÂNDIA","PLACAR":"2x5","COMPETICAO_PRIMEIRA_PARTIDA":"Amistosos 1951","MANDO_PRIMEIRA_PARTIDA":"Não","FONTE_PRIMEIRA_PARTIDA":"https://www.meutimao.com.br/jogo/5761/amistosos-1951/amistoso/nacional_de_rolandia-2-x-5-corinthians","TOTAL_JOGOS":2,"VITÓRIAS":1,"EMPATES":0,"DERROTAS":1,"APROVEITAMENTO_PCT":50.0,"GOLS_MARCADOS":6,"GOLS_SOFRIDOS":4,"NOMES_ALTERNATIVOS":[],"FONTES_JOGOS":["Meu Timão"],"LATITUDE":-23.3161963,"LONGITUDE":-51.3688525,"FONTE_COORDENADAS":"OpenStreetMap Nominatim (geocodificação reversa)","URL_FONTE_COORDENADAS":"https://www.openstreetmap.org/relation/297510","ATRIBUICAO_COORDENADAS":"© OpenStreetMap contributors, ODbL 1.0","CAPACIDADE_FONTE":"Meu Timão","URL_FONTE_CAPACIDADE":"https://www.meutimao.com.br/estadio/campo_do_nacional_de_rolandia/","PAIS_ISO3":"BRA"},"geometry":{"type":"Point","coordinates":[-51.3688525,-23.3161963]}},{"type":"Feature","properties":{"ESTÁDIO":"Campo do Nitro Química","CIDADE":"São Paulo","ESTADO":"São Paulo","PAÍS":"Brasil","CAPACIDADE":"3000","PRIMEIRA_PARTIDA":"NITRO-QUÍMICA 1x7 CORINTHIANS","DATA_PRIMEIRA_PARTIDA":"1961-05-07","ANO_PRIMEIRA_PARTIDA":1961,"ADVERSARIO":"NITRO-QUÍMICA","PLACAR":"1x7","COMPETICAO_PRIMEIRA_PARTIDA":"Amistosos 1961","MANDO_PRIMEIRA_PARTIDA":"Não","FONTE_PRIMEIRA_PARTIDA":"https://www.meutimao.com.br/jogo/5029/amistosos-1961/amistoso/nitro-quimica-1-x-7-corinthians","TOTAL_JOGOS":2,"VITÓRIAS":1,"EMPATES":0,"DERROTAS":1,"APROVEITAMENTO_PCT":50.0,"GOLS_MARCADOS":7,"GOLS_SOFRIDOS":2,"NOMES_ALTERNATIVOS":[],"FONTES_JOGOS":["Meu Timão"],"LATITUDE":-23.4857926,"LONGITUDE":-46.4367352,"FONTE_COORDENADAS":"OpenStreetMap Nominatim (geocodificação reversa)","URL_FONTE_COORDENADAS":"https://www.openstreetmap.org/relation/298285","ATRIBUICAO_COORDENADAS":"© OpenStreetMap contributors, ODbL 1.0","CAPACIDADE_FONTE":"Meu Timão","URL_FONTE_CAPACIDADE":"https://www.meutimao.com.br/estadio/campo_do_nitro-quimica/","PAIS_ISO3":"BRA"},"geometry":{"type":"Point","coordinates":[-46.4367352,-23.4857926]}},{"type":"Feature","properties":{"ESTÁDIO":"Campo do Volkswagen Clube","CIDADE":"São Bernardo do Campo","ESTADO":"São Paulo","PAÍS":"Brasil","CAPACIDADE":"5000","PRIMEIRA_PARTIDA":"VOLKSWAGEN CLUBE 3x3 CORINTHIANS","DATA_PRIMEIRA_PARTIDA":"1963-04-07","ANO_PRIMEIRA_PARTIDA":1963,"ADVERSARIO":"VOLKSWAGEN CLUBE","PLACAR":"3x3","COMPETICAO_PRIMEIRA_PARTIDA":"Amistosos 1963","MANDO_PRIMEIRA_PARTIDA":"Não","FONTE_PRIMEIRA_PARTIDA":"https://www.meutimao.com.br/jogo/4938/amistosos-1963/amistoso/volkswagen_clube-3-x-3-corinthians","TOTAL_JOGOS":2,"VITÓRIAS":1,"EMPATES":1,"DERROTAS":0,"APROVEITAMENTO_PCT":66.7,"GOLS_MARCADOS":6,"GOLS_SOFRIDOS":3,"NOMES_ALTERNATIVOS":[],"FONTES_JOGOS":["Meu Timão"],"LATITUDE":-23.7235187,"LONGITUDE":-46.5258807,"FONTE_COORDENADAS":"OpenStreetMap Nominatim (geocodificação reversa)","URL_FONTE_COORDENADAS":"https://www.openstreetmap.org/relation/297968","ATRIBUICAO_COORDENADAS":"© OpenStreetMap contributors, ODbL 1.0","CAPACIDADE_FONTE":"Meu Timão","URL_FONTE_CAPACIDADE":"https://www.meutimao.com.br/estadio/campo_do_volkswagen_clube/","PAIS_ISO3":"BRA"},"geometry":{"type":"Point","coordinates":[-46.5258807,-23.7235187]}},{"type":"Feature","properties":{"ESTÁDIO":"Campo do Votorantim","CIDADE":"Votorantim","ESTADO":"São Paulo","PAÍS":"Brasil","CAPACIDADE":"2000","PRIMEIRA_PARTIDA":"VOTORANTIM 1x1 CORINTHIANS","DATA_PRIMEIRA_PARTIDA":"1938-08-28","ANO_PRIMEIRA_PARTIDA":1938,"ADVERSARIO":"VOTORANTIM","PLACAR":"1x1","COMPETICAO_PRIMEIRA_PARTIDA":"Amistosos 1938","MANDO_PRIMEIRA_PARTIDA":"Não","FONTE_PRIMEIRA_PARTIDA":"https://www.meutimao.com.br/jogo/6441/amistosos-1938/amistoso/votorantim-1-x-1-corinthians","TOTAL_JOGOS":2,"VITÓRIAS":1,"EMPATES":1,"DERROTAS":0,"APROVEITAMENTO_PCT":66.7,"GOLS_MARCADOS":5,"GOLS_SOFRIDOS":2,"NOMES_ALTERNATIVOS":[],"FONTES_JOGOS":["Meu Timão"],"LATITUDE":-23.5433861,"LONGITUDE":-47.4466102,"FONTE_COORDENADAS":"OpenStreetMap Nominatim (geocodificação reversa)","URL_FONTE_COORDENADAS":"https://www.openstreetmap.org/relation/297909","ATRIBUICAO_COORDENADAS":"© OpenStreetMap contributors, ODbL 1.0","CAPACIDADE_FONTE":"Meu Timão","URL_FONTE_CAPACIDADE":"https://www.meutimao.com.br/estadio/campo_do_votorantim/","PAIS_ISO3":"BRA"},"geometry":{"type":"Point","coordinates":[-47.4466102,-23.5433861]}},{"type":"Feature","properties":{"ESTÁDIO":"Campos Maia","CIDADE":"Mirassol","ESTADO":"São Paulo","PAÍS":"Brasil","CAPACIDADE":"15000","PRIMEIRA_PARTIDA":"AMÉRICA FUTEBOL CLUBE 0x1 CORINTHIANS","DATA_PRIMEIRA_PARTIDA":"1948-03-21","ANO_PRIMEIRA_PARTIDA":1948,"ADVERSARIO":"AMÉRICA FUTEBOL CLUBE","PLACAR":"0x1","COMPETICAO_PRIMEIRA_PARTIDA":"Amistosos 1948","MANDO_PRIMEIRA_PARTIDA":"Não","FONTE_PRIMEIRA_PARTIDA":"https://www.meutimao.com.br/jogo/5949/amistosos-1948/amistoso/america_futebol_clube-0-x-1-corinthians","TOTAL_JOGOS":8,"VITÓRIAS":4,"EMPATES":2,"DERROTAS":2,"APROVEITAMENTO_PCT":58.3,"GOLS_MARCADOS":13,"GOLS_SOFRIDOS":11,"NOMES_ALTERNATIVOS":[],"FONTES_JOGOS":["Meu Timão"],"LATITUDE":-20.8223716,"LONGITUDE":-49.5068916,"PRECISAO_COORDENADAS":"Estádio identificado","FONTE_COORDENADAS":"OpenStreetMap Nominatim","URL_FONTE_COORDENADAS":"https://www.openstreetmap.org/relation/9955043","ATRIBUICAO_COORDENADAS":"© OpenStreetMap contributors, ODbL 1.0","CAPACIDADE_FONTE":"Meu Timão","URL_FONTE_CAPACIDADE":"https://www.meutimao.com.br/estadio/campos_maia/","PAIS_ISO3":"BRA"},"geometry":{"type":"Point","coordinates":[-49.5068916,-20.8223716]}},{"type":"Feature","properties":{"ESTÁDIO":"Caneleira","CIDADE":"Santos","ESTADO":"São Paulo","PAÍS":"Brazil","CAPACIDADE":null,"PRIMEIRA_PARTIDA":"JABAQUARA 2x6 CORINTHIANS","DATA_PRIMEIRA_PARTIDA":"1989-10-12","ANO_PRIMEIRA_PARTIDA":1989,"ADVERSARIO":"JABAQUARA","PLACAR":"2x6","COMPETICAO_PRIMEIRA_PARTIDA":"Amistosos 1989","MANDO_PRIMEIRA_PARTIDA":"Não","FONTE_PRIMEIRA_PARTIDA":"https://www.meutimao.com.br/jogo/2977/amistosos-1989/amistoso/jabaquara-2-x-6-corinthians","TOTAL_JOGOS":1,"VITÓRIAS":1,"EMPATES":0,"DERROTAS":0,"APROVEITAMENTO_PCT":100.0,"GOLS_MARCADOS":6,"GOLS_SOFRIDOS":2,"NOMES_ALTERNATIVOS":[],"FONTES_JOGOS":["Meu Timão"],"LATITUDE":-23.9457944,"LONGITUDE":-46.3640427,"FONTE_COORDENADAS":"OpenStreetMap Nominatim (geocodificação reversa)","URL_FONTE_COORDENADAS":"https://www.openstreetmap.org/relation/298442","ATRIBUICAO_COORDENADAS":"© OpenStreetMap contributors, ODbL 1.0","PAIS_ISO3":"BRA","FONTE_CORRECAO_PAIS":"https://data.geocode.earth/wof/dist/legacy/whosonfirst-data-country-latest.tar.bz2"},"geometry":{"type":"Point","coordinates":[-46.3640427,-23.9457944]}},{"type":"Feature","properties":{"ESTÁDIO":"Canindé","CIDADE":"São Paulo","ESTADO":"São Paulo","PAÍS":"Brasil","CAPACIDADE":"16592","PRIMEIRA_PARTIDA":"PORTUGUESA 1x4 CORINTHIANS","DATA_PRIMEIRA_PARTIDA":"1959-09-19","ANO_PRIMEIRA_PARTIDA":1959,"ADVERSARIO":"PORTUGUESA","PLACAR":"1x4","COMPETICAO_PRIMEIRA_PARTIDA":"Amistosos 1959","MANDO_PRIMEIRA_PARTIDA":"Não","FONTE_PRIMEIRA_PARTIDA":"https://www.meutimao.com.br/jogo/5219/amistosos-1959/amistoso/portuguesa-1-x-4-corinthians","TOTAL_JOGOS":77,"VITÓRIAS":48,"EMPATES":17,"DERROTAS":12,"APROVEITAMENTO_PCT":69.7,"GOLS_MARCADOS":155,"GOLS_SOFRIDOS":74,"NOMES_ALTERNATIVOS":[],"FONTES_JOGOS":["Meu Timão"],"LATITUDE":-23.5205333,"LONGITUDE":-46.6186972,"FONTE_COORDENADAS":"OpenStreetMap Nominatim (geocodificação reversa)","URL_FONTE_COORDENADAS":"https://www.openstreetmap.org/relation/298285","ATRIBUICAO_COORDENADAS":"© OpenStreetMap contributors, ODbL 1.0","CAPACIDADE_FONTE":"Meu Timão","URL_FONTE_CAPACIDADE":"https://www.meutimao.com.br/estadio/caninde/","PAIS_ISO3":"BRA"},"geometry":{"type":"Point","coordinates":[-46.6186972,-23.5205333]}},{"type":"Feature","properties":{"ESTÁDIO":"Carlos Colnaghi","CIDADE":"Capivari","ESTADO":"São Paulo","PAÍS":"Brasil","CAPACIDADE":"15000","PRIMEIRA_PARTIDA":"CAPIVARIANO 2x3 CORINTHIANS","DATA_PRIMEIRA_PARTIDA":"2015-03-22","ANO_PRIMEIRA_PARTIDA":2015,"ADVERSARIO":"CAPIVARIANO","PLACAR":"2x3","COMPETICAO_PRIMEIRA_PARTIDA":"Paulista 2015","MANDO_PRIMEIRA_PARTIDA":"Não","FONTE_PRIMEIRA_PARTIDA":"https://www.meutimao.com.br/jogo/509/paulista-2015/capivariano-2-x-3-corinthians","TOTAL_JOGOS":1,"VITÓRIAS":1,"EMPATES":0,"DERROTAS":0,"APROVEITAMENTO_PCT":100.0,"GOLS_MARCADOS":3,"GOLS_SOFRIDOS":2,"NOMES_ALTERNATIVOS":[],"FONTES_JOGOS":["Meu Timão"],"LATITUDE":-22.9937357,"LONGITUDE":-47.5144315,"FONTE_COORDENADAS":"OpenStreetMap Nominatim (geocodificação reversa)","URL_FONTE_COORDENADAS":"https://www.openstreetmap.org/relation/298223","ATRIBUICAO_COORDENADAS":"© OpenStreetMap contributors, ODbL 1.0","CAPACIDADE_FONTE":"Meu Timão","URL_FONTE_CAPACIDADE":"https://www.meutimao.com.br/estadio/carlos_colnaghi/","PAIS_ISO3":"BRA"},"geometry":{"type":"Point","coordinates":[-47.5144315,-22.9937357]}},{"type":"Feature","properties":{"ESTÁDIO":"Carneirão","CIDADE":"Alagoinhas","ESTADO":"Bahia","PAÍS":"Brasil","CAPACIDADE":"16000","PRIMEIRA_PARTIDA":"BAHIA 3x1 CORINTHIANS","DATA_PRIMEIRA_PARTIDA":"1971-01-23","ANO_PRIMEIRA_PARTIDA":1971,"ADVERSARIO":"BAHIA","PLACAR":"3x1","COMPETICAO_PRIMEIRA_PARTIDA":"Amistosos 1971","MANDO_PRIMEIRA_PARTIDA":"Não","FONTE_PRIMEIRA_PARTIDA":"https://www.meutimao.com.br/jogo/4247/amistosos-1971/amistoso/bahia-3-x-1-corinthians","TOTAL_JOGOS":2,"VITÓRIAS":0,"EMPATES":1,"DERROTAS":1,"APROVEITAMENTO_PCT":16.7,"GOLS_MARCADOS":1,"GOLS_SOFRIDOS":3,"NOMES_ALTERNATIVOS":[],"FONTES_JOGOS":["Meu Timão"],"LATITUDE":-12.1402713,"LONGITUDE":-38.4150548,"FONTE_COORDENADAS":"OpenStreetMap Nominatim (geocodificação reversa)","URL_FONTE_COORDENADAS":"https://www.openstreetmap.org/relation/362337","ATRIBUICAO_COORDENADAS":"© OpenStreetMap contributors, ODbL 1.0","CAPACIDADE_FONTE":"Meu Timão","URL_FONTE_CAPACIDADE":"https://www.meutimao.com.br/estadio/carneirao/","PAIS_ISO3":"BRA"},"geometry":{"type":"Point","coordinates":[-38.4150548,-12.1402713]}},{"type":"Feature","properties":{"ESTÁDIO":"Casa Blanca","CIDADE":"Quito","ESTADO":"Pichincha","PAÍS":"Ecuador","CAPACIDADE":"41596","PRIMEIRA_PARTIDA":"LDU 0x2 CORINTHIANS","DATA_PRIMEIRA_PARTIDA":"2000-04-11","ANO_PRIMEIRA_PARTIDA":2000,"ADVERSARIO":"LDU","PLACAR":"0x2","COMPETICAO_PRIMEIRA_PARTIDA":"Libertadores 2000","MANDO_PRIMEIRA_PARTIDA":"Não","FONTE_PRIMEIRA_PARTIDA":"https://www.meutimao.com.br/jogo/2155/libertadores-2000/ldu-0-x-2-corinthians","TOTAL_JOGOS":1,"VITÓRIAS":1,"EMPATES":0,"DERROTAS":0,"APROVEITAMENTO_PCT":100.0,"GOLS_MARCADOS":2,"GOLS_SOFRIDOS":0,"NOMES_ALTERNATIVOS":[],"FONTES_JOGOS":["Meu Timão"],"LATITUDE":-0.1076798,"LONGITUDE":-78.4890979,"FONTE_COORDENADAS":"OpenStreetMap Nominatim (geocodificação reversa)","URL_FONTE_COORDENADAS":"https://www.openstreetmap.org/node/58950371","ATRIBUICAO_COORDENADAS":"© OpenStreetMap contributors, ODbL 1.0","CAPACIDADE_FONTE":"StadiumDB.com","URL_FONTE_CAPACIDADE":"https://stadiumdb.com/stadiums/ecu/estadio_la_casa_blanca","PAIS_ISO3":"ECU","FONTE_CORRECAO_PAIS":"https://data.geocode.earth/wof/dist/legacy/whosonfirst-data-country-latest.tar.bz2"},"geometry":{"type":"Point","coordinates":[-78.4890979,-0.1076798]}},{"type":"Feature","properties":{"ESTÁDIO":"Castelo do Dragão","CIDADE":"Goiânia","ESTADO":"Goiás","PAÍS":"Brasil","CAPACIDADE":"12500","PRIMEIRA_PARTIDA":"ATLÉTICO-GO 0x0 CORINTHIANS","DATA_PRIMEIRA_PARTIDA":"2021-06-09","ANO_PRIMEIRA_PARTIDA":2021,"ADVERSARIO":"ATLÉTICO-GO","PLACAR":"0x0","COMPETICAO_PRIMEIRA_PARTIDA":"Copa do Brasil 2021","MANDO_PRIMEIRA_PARTIDA":"Não","FONTE_PRIMEIRA_PARTIDA":"https://www.meutimao.com.br/jogo/5942/copa-do-brasil-2021/atletico-go-0-x-0-corinthians","TOTAL_JOGOS":5,"VITÓRIAS":1,"EMPATES":3,"DERROTAS":1,"APROVEITAMENTO_PCT":40.0,"GOLS_MARCADOS":4,"GOLS_SOFRIDOS":5,"NOMES_ALTERNATIVOS":[],"FONTES_JOGOS":["Meu Timão"],"LATITUDE":-16.680882,"LONGITUDE":-49.2532691,"PRECISAO_COORDENADAS":"Município (estádio exato não identificado)","FONTE_COORDENADAS":"OpenStreetMap Nominatim (localidade aproximada)","URL_FONTE_COORDENADAS":"https://www.openstreetmap.org/relation/334547","ATRIBUICAO_COORDENADAS":"© OpenStreetMap contributors, ODbL 1.0","CAPACIDADE_FONTE":"Meu Timão","URL_FONTE_CAPACIDADE":"https://www.meutimao.com.br/estadio/castelo_do_dragao/","PAIS_ISO3":"BRA"},"geometry":{"type":"Point","coordinates":[-49.2532691,-16.680882]}},{"type":"Feature","properties":{"ESTÁDIO":"Castelão","CIDADE":"Fortaleza","ESTADO":"Ceará","PAÍS":"Brasil","CAPACIDADE":"63903","PRIMEIRA_PARTIDA":"ABC 0x3 CORINTHIANS","DATA_PRIMEIRA_PARTIDA":"1972-11-22","ANO_PRIMEIRA_PARTIDA":1972,"ADVERSARIO":"ABC","PLACAR":"0x3","COMPETICAO_PRIMEIRA_PARTIDA":"Brasileirão 1972","MANDO_PRIMEIRA_PARTIDA":"Não","FONTE_PRIMEIRA_PARTIDA":"https://www.meutimao.com.br/jogo/4234/brasileirao-1972/abc-0-x-3-corinthians","TOTAL_JOGOS":37,"VITÓRIAS":16,"EMPATES":7,"DERROTAS":14,"APROVEITAMENTO_PCT":49.5,"GOLS_MARCADOS":50,"GOLS_SOFRIDOS":38,"NOMES_ALTERNATIVOS":[],"FONTES_JOGOS":["Meu Timão"],"LATITUDE":-3.8072834,"LONGITUDE":-38.5224331,"FONTE_COORDENADAS":"OpenStreetMap Nominatim (geocodificação reversa)","URL_FONTE_COORDENADAS":"https://www.openstreetmap.org/relation/302588","ATRIBUICAO_COORDENADAS":"© OpenStreetMap contributors, ODbL 1.0","CAPACIDADE_FONTE":"StadiumDB.com","URL_FONTE_CAPACIDADE":"https://stadiumdb.com/stadiums/bra/estadio_castelao","PAIS_ISO3":"BRA"},"geometry":{"type":"Point","coordinates":[-38.5224331,-3.8072834]}},{"type":"Feature","properties":{"ESTÁDIO":"Castelão/Machadão","CIDADE":"Natal","ESTADO":"Rio Grande do Norte","PAÍS":"Brasil","CAPACIDADE":null,"PRIMEIRA_PARTIDA":"AMÉRICA-RN 0x3 CORINTHIANS","DATA_PRIMEIRA_PARTIDA":"1992-08-25","ANO_PRIMEIRA_PARTIDA":1992,"ADVERSARIO":"AMÉRICA-RN","PLACAR":"0x3","COMPETICAO_PRIMEIRA_PARTIDA":"Copa do Brasil 1992","MANDO_PRIMEIRA_PARTIDA":"Não","FONTE_PRIMEIRA_PARTIDA":"https://www.meutimao.com.br/jogo/2769/copa-do-brasil-1992/america-rn-0-x-3-corinthians","TOTAL_JOGOS":6,"VITÓRIAS":4,"EMPATES":1,"DERROTAS":1,"APROVEITAMENTO_PCT":72.2,"GOLS_MARCADOS":12,"GOLS_SOFRIDOS":5,"NOMES_ALTERNATIVOS":[],"FONTES_JOGOS":["Meu Timão"],"LATITUDE":-5.8268375,"LONGITUDE":-35.2124213,"FONTE_COORDENADAS":"OpenStreetMap Nominatim (geocodificação reversa)","URL_FONTE_COORDENADAS":"https://www.openstreetmap.org/relation/301091","ATRIBUICAO_COORDENADAS":"© OpenStreetMap contributors, ODbL 1.0","PAIS_ISO3":"BRA"},"geometry":{"type":"Point","coordinates":[-35.2124213,-5.8268375]}},{"type":"Feature","properties":{"ESTÁDIO":"Castelões","CIDADE":"Votorantim","ESTADO":"São Paulo","PAÍS":"Brasil","CAPACIDADE":null,"PRIMEIRA_PARTIDA":"SOROCABANO 1x8 CORINTHIANS","DATA_PRIMEIRA_PARTIDA":"1918-09-29","ANO_PRIMEIRA_PARTIDA":1918,"ADVERSARIO":"SOROCABANO","PLACAR":"1x8","COMPETICAO_PRIMEIRA_PARTIDA":"Amistosos 1918","MANDO_PRIMEIRA_PARTIDA":"Não","FONTE_PRIMEIRA_PARTIDA":"https://www.meutimao.com.br/jogo/6955/amistosos-1918/amistoso/sorocabano-1-x-8-corinthians","TOTAL_JOGOS":1,"VITÓRIAS":1,"EMPATES":0,"DERROTAS":0,"APROVEITAMENTO_PCT":100.0,"GOLS_MARCADOS":8,"GOLS_SOFRIDOS":1,"NOMES_ALTERNATIVOS":[],"FONTES_JOGOS":["Meu Timão"],"LATITUDE":-23.5459562,"LONGITUDE":-47.4455032,"FONTE_COORDENADAS":"OpenStreetMap Nominatim (geocodificação reversa)","URL_FONTE_COORDENADAS":"https://www.openstreetmap.org/relation/297909","ATRIBUICAO_COORDENADAS":"© OpenStreetMap contributors, ODbL 1.0","PAIS_ISO3":"BRA"},"geometry":{"type":"Point","coordinates":[-47.4455032,-23.5459562]}},{"type":"Feature","properties":{"ESTÁDIO":"Castor Cifuentes","CIDADE":"Nova Lima","ESTADO":"Minas Gerais","PAÍS":"Brasil","CAPACIDADE":"15000","PRIMEIRA_PARTIDA":"VILLA NOVA 2x1 CORINTHIANS","DATA_PRIMEIRA_PARTIDA":"1937-08-01","ANO_PRIMEIRA_PARTIDA":1937,"ADVERSARIO":"VILLA NOVA","PLACAR":"2x1","COMPETICAO_PRIMEIRA_PARTIDA":"Amistosos 1937","MANDO_PRIMEIRA_PARTIDA":"Não","FONTE_PRIMEIRA_PARTIDA":"https://www.meutimao.com.br/jogo/6422/amistosos-1937/amistoso/villa_nova-2-x-1-corinthians","TOTAL_JOGOS":1,"VITÓRIAS":0,"EMPATES":0,"DERROTAS":1,"APROVEITAMENTO_PCT":0.0,"GOLS_MARCADOS":1,"GOLS_SOFRIDOS":2,"NOMES_ALTERNATIVOS":[],"FONTES_JOGOS":["Meu Timão"],"LATITUDE":-19.9875487,"LONGITUDE":-43.8447967,"PRECISAO_COORDENADAS":"Estádio identificado","FONTE_COORDENADAS":"OpenStreetMap Nominatim","URL_FONTE_COORDENADAS":"https://www.openstreetmap.org/relation/5709288","ATRIBUICAO_COORDENADAS":"© OpenStreetMap contributors, ODbL 1.0","CAPACIDADE_FONTE":"Meu Timão","URL_FONTE_CAPACIDADE":"https://www.meutimao.com.br/estadio/castor_cifuentes?genero=feminino","PAIS_ISO3":"BRA"},"geometry":{"type":"Point","coordinates":[-43.8447967,-19.9875487]}},{"type":"Feature","properties":{"ESTÁDIO":"Centenário","CIDADE":"Montevidéu","ESTADO":"Montevideo","PAÍS":"Uruguai","CAPACIDADE":"76609","PRIMEIRA_PARTIDA":"COMBINADO URUGUAIO 1x4 CORINTHIANS","DATA_PRIMEIRA_PARTIDA":"1951-06-30","ANO_PRIMEIRA_PARTIDA":1951,"ADVERSARIO":"COMBINADO URUGUAIO","PLACAR":"1x4","COMPETICAO_PRIMEIRA_PARTIDA":"Amistosos 1951","MANDO_PRIMEIRA_PARTIDA":"Não","FONTE_PRIMEIRA_PARTIDA":"https://www.meutimao.com.br/jogo/5815/amistosos-1951/amistoso/combinado_uruguaio-1-x-4-corinthians","TOTAL_JOGOS":18,"VITÓRIAS":6,"EMPATES":7,"DERROTAS":5,"APROVEITAMENTO_PCT":46.3,"GOLS_MARCADOS":31,"GOLS_SOFRIDOS":20,"NOMES_ALTERNATIVOS":[],"FONTES_JOGOS":["Meu Timão"],"LATITUDE":-34.8945376,"LONGITUDE":-56.1528289,"FONTE_COORDENADAS":"OpenStreetMap Nominatim (geocodificação reversa)","URL_FONTE_COORDENADAS":"https://www.openstreetmap.org/relation/2929054","ATRIBUICAO_COORDENADAS":"© OpenStreetMap contributors, ODbL 1.0","CAPACIDADE_FONTE":"Meu Timão","URL_FONTE_CAPACIDADE":"https://www.meutimao.com.br/estadio/centenario/","PAIS_ISO3":"URY"},"geometry":{"type":"Point","coordinates":[-56.1528289,-34.8945376]}},{"type":"Feature","properties":{"ESTÁDIO":"Centro esportivo José Liberatti","CIDADE":"Osasco","ESTADO":"SP","PAÍS":"Brasil","CAPACIDADE":null,"PRIMEIRA_PARTIDA":"independência 1 x 1 Corinthians","DATA_PRIMEIRA_PARTIDA":"1976-02-18","ANO_PRIMEIRA_PARTIDA":1976,"ADVERSARIO":"independência","PLACAR":"1 x 1","COMPETICAO_PRIMEIRA_PARTIDA":"Amistoso","MANDO_PRIMEIRA_PARTIDA":"Visitante","FONTE_PRIMEIRA_PARTIDA":"Meu Timão / Acervo ATLAS1910","TOTAL_JOGOS":5,"VITÓRIAS":4,"EMPATES":1,"DERROTAS":0,"APROVEITAMENTO_PCT":86.7,"GOLS_MARCADOS":6,"GOLS_SOFRIDOS":1,"NOMES_ALTERNATIVOS":[],"FONTES_JOGOS":[],"LATITUDE":-23.5112646,"LONGITUDE":-46.7761948,"PAIS_ISO3":"BRA"},"geometry":{"type":"Point","coordinates":[-46.7761948,-23.5112646]}},{"type":"Feature","properties":{"ESTÁDIO":"Centro esportivo de Curaçao","CIDADE":null,"ESTADO":null,"PAÍS":"Curacao","CAPACIDADE":"20000","PRIMEIRA_PARTIDA":"SELEÇÃO DE CURAÇAO 0x6 CORINTHIANS","DATA_PRIMEIRA_PARTIDA":"1981-12-02","ANO_PRIMEIRA_PARTIDA":1981,"ADVERSARIO":"SELEÇÃO DE CURAÇAO","PLACAR":"0x6","COMPETICAO_PRIMEIRA_PARTIDA":"Amistosos 1981","MANDO_PRIMEIRA_PARTIDA":"Não","FONTE_PRIMEIRA_PARTIDA":"https://www.meutimao.com.br/jogo/3567/amistosos-1981/amistoso/selecao_de_curacao-0-x-6-corinthians","TOTAL_JOGOS":2,"VITÓRIAS":1,"EMPATES":1,"DERROTAS":0,"APROVEITAMENTO_PCT":66.7,"GOLS_MARCADOS":6,"GOLS_SOFRIDOS":0,"NOMES_ALTERNATIVOS":[],"FONTES_JOGOS":["Meu Timão"],"LATITUDE":12.154319,"LONGITUDE":-68.8904339,"FONTE_COORDENADAS":"OpenStreetMap Nominatim (geocodificação reversa)","URL_FONTE_COORDENADAS":"https://www.openstreetmap.org/relation/1216719","ATRIBUICAO_COORDENADAS":"© OpenStreetMap contributors, ODbL 1.0","CAPACIDADE_FONTE":"Meu Timão","URL_FONTE_CAPACIDADE":"https://www.meutimao.com.br/estadio/centro_esportivo_de_curacao/","PAIS_ISO3":"CUW","FONTE_CORRECAO_PAIS":"https://data.geocode.earth/wof/dist/legacy/whosonfirst-data-country-latest.tar.bz2"},"geometry":{"type":"Point","coordinates":[-68.8904339,12.154319]}},{"type":"Feature","properties":{"ESTÁDIO":"Chico Vieira","CIDADE":"Itapira","ESTADO":"São Paulo","PAÍS":"Brasil","CAPACIDADE":"7000","PRIMEIRA_PARTIDA":"SELEÇÃO DE ITAPIRA 1x7 CORINTHIANS","DATA_PRIMEIRA_PARTIDA":"1998-07-09","ANO_PRIMEIRA_PARTIDA":1998,"ADVERSARIO":"SELEÇÃO DE ITAPIRA","PLACAR":"1x7","COMPETICAO_PRIMEIRA_PARTIDA":"Amistosos 1998","MANDO_PRIMEIRA_PARTIDA":"Não","FONTE_PRIMEIRA_PARTIDA":"https://www.meutimao.com.br/jogo/2283/amistosos-1998/amistoso/selecao_de_itapira-1-x-7-corinthians","TOTAL_JOGOS":1,"VITÓRIAS":1,"EMPATES":0,"DERROTAS":0,"APROVEITAMENTO_PCT":100.0,"GOLS_MARCADOS":7,"GOLS_SOFRIDOS":1,"NOMES_ALTERNATIVOS":[],"FONTES_JOGOS":["Meu Timão"],"LATITUDE":-22.436111,"LONGITUDE":-46.821667,"PRECISAO_COORDENADAS":"Município (estádio exato não identificado)","FONTE_COORDENADAS":"OpenStreetMap Nominatim (localidade aproximada)","URL_FONTE_COORDENADAS":"https://www.openstreetmap.org/relation/298454","ATRIBUICAO_COORDENADAS":"© OpenStreetMap contributors, ODbL 1.0","CAPACIDADE_FONTE":"Meu Timão","URL_FONTE_CAPACIDADE":"https://www.meutimao.com.br/estadio/chico_vieira/","PAIS_ISO3":"BRA"},"geometry":{"type":"Point","coordinates":[-46.821667,-22.436111]}},{"type":"Feature","properties":{"ESTÁDIO":"Cidade do Panamá","CIDADE":"Bella Vista","ESTADO":"Panamá Province","PAÍS":"Panama","CAPACIDADE":null,"PRIMEIRA_PARTIDA":"VASCO DA GAMA 3x4 CORINTHIANS","DATA_PRIMEIRA_PARTIDA":"1951-02-24","ANO_PRIMEIRA_PARTIDA":1951,"ADVERSARIO":"VASCO DA GAMA","PLACAR":"3x4","COMPETICAO_PRIMEIRA_PARTIDA":"Torneio Rio-São Paulo 1951","MANDO_PRIMEIRA_PARTIDA":"Visitante","FONTE_PRIMEIRA_PARTIDA":"https://www.meutimao.com.br/jogo/5752/torneio-rio-sao-paulo-1951/vasco_da_gama-3-x-4-corinthians","TOTAL_JOGOS":327,"VITÓRIAS":89,"EMPATES":74,"DERROTAS":164,"APROVEITAMENTO_PCT":34.8,"GOLS_MARCADOS":363,"GOLS_SOFRIDOS":538,"NOMES_ALTERNATIVOS":[],"FONTES_JOGOS":[],"LATITUDE":8.9823792,"LONGITUDE":-79.5198696,"FONTE_COORDENADAS":"OpenStreetMap Nominatim (geocodificação reversa)","URL_FONTE_COORDENADAS":"https://www.openstreetmap.org/relation/11381324","ATRIBUICAO_COORDENADAS":"© OpenStreetMap contributors, ODbL 1.0","PAIS_ISO3":"PAN","FONTE_CORRECAO_PAIS":"https://data.geocode.earth/wof/dist/legacy/whosonfirst-data-country-latest.tar.bz2"},"geometry":{"type":"Point","coordinates":[-79.5198696,8.9823792]}},{"type":"Feature","properties":{"ESTÁDIO":"Coberto da ilha de Okinawa","CIDADE":"Okinawa","ESTADO":null,"PAÍS":"Japão","CAPACIDADE":null,"PRIMEIRA_PARTIDA":"YOKOHAMA FLÜGELS 0x2 CORINTHIANS","DATA_PRIMEIRA_PARTIDA":"1994-02-27","ANO_PRIMEIRA_PARTIDA":1994,"ADVERSARIO":"YOKOHAMA FLÜGELS","PLACAR":"0x2","COMPETICAO_PRIMEIRA_PARTIDA":"Amistosos 1994","MANDO_PRIMEIRA_PARTIDA":"Não","FONTE_PRIMEIRA_PARTIDA":"https://www.meutimao.com.br/jogo/2575/amistosos-1994/amistoso/yokohama_flugels-0-x-2-corinthians","TOTAL_JOGOS":1,"VITÓRIAS":1,"EMPATES":0,"DERROTAS":0,"APROVEITAMENTO_PCT":100.0,"GOLS_MARCADOS":2,"GOLS_SOFRIDOS":0,"NOMES_ALTERNATIVOS":[],"FONTES_JOGOS":["Meu Timão"],"LATITUDE":26.3086934,"LONGITUDE":127.8212072,"FONTE_COORDENADAS":"OpenStreetMap Nominatim (geocodificação reversa)","URL_FONTE_COORDENADAS":"https://www.openstreetmap.org/relation/4556086","ATRIBUICAO_COORDENADAS":"© OpenStreetMap contributors, ODbL 1.0","PAIS_ISO3":"JPN"},"geometry":{"type":"Point","coordinates":[127.8212072,26.3086934]}},{"type":"Feature","properties":{"ESTÁDIO":"Colina Melancólica","CIDADE":"Porto Alegre","ESTADO":"Rio Grande do Sul","PAÍS":"Brasil","CAPACIDADE":"20000","PRIMEIRA_PARTIDA":"CRUZEIRO-RS 0x2 CORINTHIANS","DATA_PRIMEIRA_PARTIDA":"1953-03-31","ANO_PRIMEIRA_PARTIDA":1953,"ADVERSARIO":"CRUZEIRO-RS","PLACAR":"0x2","COMPETICAO_PRIMEIRA_PARTIDA":"Amistosos 1953","MANDO_PRIMEIRA_PARTIDA":"Não","FONTE_PRIMEIRA_PARTIDA":"https://www.meutimao.com.br/jogo/5618/amistosos-1953/amistoso/cruzeiro-rs-0-x-2-corinthians","TOTAL_JOGOS":2,"VITÓRIAS":1,"EMPATES":1,"DERROTAS":0,"APROVEITAMENTO_PCT":66.7,"GOLS_MARCADOS":3,"GOLS_SOFRIDOS":1,"NOMES_ALTERNATIVOS":[],"FONTES_JOGOS":["Meu Timão"],"LATITUDE":-30.0604856,"LONGITUDE":-51.2096667,"FONTE_COORDENADAS":"OpenStreetMap Nominatim (geocodificação reversa)","URL_FONTE_COORDENADAS":"https://www.openstreetmap.org/relation/242397","ATRIBUICAO_COORDENADAS":"© OpenStreetMap contributors, ODbL 1.0","CAPACIDADE_FONTE":"Meu Timão","URL_FONTE_CAPACIDADE":"https://www.meutimao.com.br/estadio/colina_melancolica/","PAIS_ISO3":"BRA"},"geometry":{"type":"Point","coordinates":[-51.2096667,-30.0604856]}},{"type":"Feature","properties":{"ESTÁDIO":"Coliseum","CIDADE":"Los Angeles","ESTADO":"Califórnia","PAÍS":"United States","CAPACIDADE":"77500","PRIMEIRA_PARTIDA":"ATLANTE 2x3 CORINTHIANS","DATA_PRIMEIRA_PARTIDA":"1982-08-31","ANO_PRIMEIRA_PARTIDA":1982,"ADVERSARIO":"ATLANTE","PLACAR":"2x3","COMPETICAO_PRIMEIRA_PARTIDA":"Amistosos 1982","MANDO_PRIMEIRA_PARTIDA":"Não","FONTE_PRIMEIRA_PARTIDA":"https://www.meutimao.com.br/jogo/3460/amistosos-1982/amistoso/atlante-2-x-3-corinthians","TOTAL_JOGOS":3,"VITÓRIAS":2,"EMPATES":1,"DERROTAS":0,"APROVEITAMENTO_PCT":77.8,"GOLS_MARCADOS":8,"GOLS_SOFRIDOS":6,"NOMES_ALTERNATIVOS":[],"FONTES_JOGOS":["Meu Timão"],"LATITUDE":34.0140526,"LONGITUDE":-118.2878754,"FONTE_COORDENADAS":"OpenStreetMap Nominatim (geocodificação reversa)","URL_FONTE_COORDENADAS":"https://www.openstreetmap.org/relation/207359","ATRIBUICAO_COORDENADAS":"© OpenStreetMap contributors, ODbL 1.0","CAPACIDADE_FONTE":"StadiumDB.com","URL_FONTE_CAPACIDADE":"https://stadiumdb.com/stadiums/usa/los_angeles_memorial_coliseum","PAIS_ISO3":"USA","FONTE_CORRECAO_PAIS":"https://data.geocode.earth/wof/dist/legacy/whosonfirst-data-country-latest.tar.bz2"},"geometry":{"type":"Point","coordinates":[-118.2878754,34.0140526]}},{"type":"Feature","properties":{"ESTÁDIO":"Comendador Agostinho Prada","CIDADE":"Limeira","ESTADO":"São Paulo","PAÍS":"Brasil","CAPACIDADE":null,"PRIMEIRA_PARTIDA":"internacional de limeira 2 x 0 Corinthians","DATA_PRIMEIRA_PARTIDA":"1961-05-14","ANO_PRIMEIRA_PARTIDA":1961,"ADVERSARIO":"internacional de limeira","PLACAR":"2 x 0","COMPETICAO_PRIMEIRA_PARTIDA":"Amistoso","MANDO_PRIMEIRA_PARTIDA":"Visitante","FONTE_PRIMEIRA_PARTIDA":"Meu Timão / Acervo ATLAS1910","TOTAL_JOGOS":1,"VITÓRIAS":0,"EMPATES":0,"DERROTAS":1,"APROVEITAMENTO_PCT":0,"GOLS_MARCADOS":0,"GOLS_SOFRIDOS":2,"NOMES_ALTERNATIVOS":[],"FONTES_JOGOS":[],"LATITUDE":-22.5746475,"LONGITUDE":-47.4128666,"FONTE_COORDENADAS":"OpenStreetMap Nominatim (geocodificação reversa)","URL_FONTE_COORDENADAS":"https://www.openstreetmap.org/relation/297919","ATRIBUICAO_COORDENADAS":"© OpenStreetMap contributors, ODbL 1.0","PAIS_ISO3":"BRA"},"geometry":{"type":"Point","coordinates":[-47.4128666,-22.5746475]}},{"type":"Feature","properties":{"ESTÁDIO":"Complexo esportivo da Cidade de Deus","CIDADE":"Osasco","ESTADO":"SP","PAÍS":"Brasil","CAPACIDADE":null,"PRIMEIRA_PARTIDA":"INDEPENDÊNCIA DE OSASCO 1x1 CORINTHIANS","DATA_PRIMEIRA_PARTIDA":"1976-02-18","ANO_PRIMEIRA_PARTIDA":1976,"ADVERSARIO":"INDEPENDÊNCIA DE OSASCO","PLACAR":"1x1","COMPETICAO_PRIMEIRA_PARTIDA":"Amistosos 1976","MANDO_PRIMEIRA_PARTIDA":"Visitante","FONTE_PRIMEIRA_PARTIDA":"https://www.meutimao.com.br/jogo/3859/amistosos-1976/amistoso/independencia_de_osasco-1-x-1-corinthians","TOTAL_JOGOS":5,"VITÓRIAS":4,"EMPATES":1,"DERROTAS":0,"APROVEITAMENTO_PCT":86.7,"GOLS_MARCADOS":6,"GOLS_SOFRIDOS":1,"NOMES_ALTERNATIVOS":[],"FONTES_JOGOS":[],"LATITUDE":-23.5478554,"LONGITUDE":-46.771807,"PAIS_ISO3":"BRA"},"geometry":{"type":"Point","coordinates":[-46.771807,-23.5478554]}},{"type":"Feature","properties":{"ESTÁDIO":"Comunale de Caserta","CIDADE":"Caserta","ESTADO":"Campânia","PAÍS":"Italy","CAPACIDADE":null,"PRIMEIRA_PARTIDA":"CASERTANA 1x0 CORINTHIANS","DATA_PRIMEIRA_PARTIDA":"1969-08-26","ANO_PRIMEIRA_PARTIDA":1969,"ADVERSARIO":"CASERTANA","PLACAR":"1x0","COMPETICAO_PRIMEIRA_PARTIDA":"Amistosos 1969","MANDO_PRIMEIRA_PARTIDA":"Não","FONTE_PRIMEIRA_PARTIDA":"https://www.meutimao.com.br/jogo/4464/amistosos-1969/amistoso/casertana-1-x-0-corinthians","TOTAL_JOGOS":1,"VITÓRIAS":0,"EMPATES":0,"DERROTAS":1,"APROVEITAMENTO_PCT":0.0,"GOLS_MARCADOS":0,"GOLS_SOFRIDOS":1,"NOMES_ALTERNATIVOS":[],"FONTES_JOGOS":["Meu Timão"],"LATITUDE":41.0747346,"LONGITUDE":14.3457453,"FONTE_COORDENADAS":"OpenStreetMap Nominatim (geocodificação reversa)","URL_FONTE_COORDENADAS":"https://www.openstreetmap.org/relation/41056","ATRIBUICAO_COORDENADAS":"© OpenStreetMap contributors, ODbL 1.0","PAIS_ISO3":"ITA","FONTE_CORRECAO_PAIS":"https://data.geocode.earth/wof/dist/legacy/whosonfirst-data-country-latest.tar.bz2"},"geometry":{"type":"Point","coordinates":[14.3457453,41.0747346]}},{"type":"Feature","properties":{"ESTÁDIO":"Comunale de Turim","CIDADE":"Turim","ESTADO":"Piedmont","PAÍS":"Italy","CAPACIDADE":null,"PRIMEIRA_PARTIDA":"ESPAÑOL 1x1 CORINTHIANS","DATA_PRIMEIRA_PARTIDA":"1966-06-01","ANO_PRIMEIRA_PARTIDA":1966,"ADVERSARIO":"ESPAÑOL","PLACAR":"1x1","COMPETICAO_PRIMEIRA_PARTIDA":"Copa Cidade de Turim 1966","MANDO_PRIMEIRA_PARTIDA":"Não","FONTE_PRIMEIRA_PARTIDA":"https://www.meutimao.com.br/jogo/4644/copa-cidade-de-turim-1966/amistoso/espanol-1-x-1-corinthians","TOTAL_JOGOS":1,"VITÓRIAS":0,"EMPATES":1,"DERROTAS":0,"APROVEITAMENTO_PCT":33.3,"GOLS_MARCADOS":1,"GOLS_SOFRIDOS":1,"NOMES_ALTERNATIVOS":[],"FONTES_JOGOS":["Meu Timão"],"LATITUDE":45.0418233,"LONGITUDE":7.6500522,"FONTE_COORDENADAS":"OpenStreetMap Nominatim (geocodificação reversa)","URL_FONTE_COORDENADAS":"https://www.openstreetmap.org/relation/43992","ATRIBUICAO_COORDENADAS":"© OpenStreetMap contributors, ODbL 1.0","PAIS_ISO3":"ITA","FONTE_CORRECAO_PAIS":"https://data.geocode.earth/wof/dist/legacy/whosonfirst-data-country-latest.tar.bz2"},"geometry":{"type":"Point","coordinates":[7.6500522,45.0418233]}},{"type":"Feature","properties":{"ESTÁDIO":"Cornélio de Barros","CIDADE":"Salgueiro","ESTADO":"PE","PAÍS":"Brasil","CAPACIDADE":null,"PRIMEIRA_PARTIDA":"salgueiro 0 x 3 Corinthians","DATA_PRIMEIRA_PARTIDA":"2021-03-17","ANO_PRIMEIRA_PARTIDA":2021,"ADVERSARIO":"salgueiro","PLACAR":"0 x 3","COMPETICAO_PRIMEIRA_PARTIDA":"Copa do Brasil","MANDO_PRIMEIRA_PARTIDA":"Visitante","FONTE_PRIMEIRA_PARTIDA":"Meu Timão / Acervo ATLAS1910","TOTAL_JOGOS":3,"VITÓRIAS":3,"EMPATES":0,"DERROTAS":0,"APROVEITAMENTO_PCT":100,"GOLS_MARCADOS":9,"GOLS_SOFRIDOS":0,"NOMES_ALTERNATIVOS":[],"FONTES_JOGOS":[],"LATITUDE":-8.0759612,"LONGITUDE":-39.1194047,"PAIS_ISO3":"BRA"},"geometry":{"type":"Point","coordinates":[-39.1194047,-8.0759612]}},{"type":"Feature","properties":{"ESTÁDIO":"Coronel Cristiano Osório","CIDADE":"Poços de Caldas","ESTADO":"Minas Gerais","PAÍS":"Brasil","CAPACIDADE":"15000","PRIMEIRA_PARTIDA":"CALDENSE 1x3 CORINTHIANS","DATA_PRIMEIRA_PARTIDA":"1950-06-18","ANO_PRIMEIRA_PARTIDA":1950,"ADVERSARIO":"CALDENSE","PLACAR":"1x3","COMPETICAO_PRIMEIRA_PARTIDA":"Amistosos 1950","MANDO_PRIMEIRA_PARTIDA":"Não","FONTE_PRIMEIRA_PARTIDA":"https://www.meutimao.com.br/jogo/5836/amistosos-1950/amistoso/caldense-1-x-3-corinthians","TOTAL_JOGOS":3,"VITÓRIAS":2,"EMPATES":1,"DERROTAS":0,"APROVEITAMENTO_PCT":77.8,"GOLS_MARCADOS":6,"GOLS_SOFRIDOS":3,"NOMES_ALTERNATIVOS":[],"FONTES_JOGOS":["Meu Timão"],"LATITUDE":-21.7848768,"LONGITUDE":-46.5629017,"FONTE_COORDENADAS":"OpenStreetMap Nominatim (geocodificação reversa)","URL_FONTE_COORDENADAS":"https://www.openstreetmap.org/relation/315315","ATRIBUICAO_COORDENADAS":"© OpenStreetMap contributors, ODbL 1.0","CAPACIDADE_FONTE":"Meu Timão","URL_FONTE_CAPACIDADE":"https://www.meutimao.com.br/estadio/coronel_cristiano_osorio/","PAIS_ISO3":"BRA"},"geometry":{"type":"Point","coordinates":[-46.5629017,-21.7848768]}},{"type":"Feature","properties":{"ESTÁDIO":"Coronel Francisco Vieira","CIDADE":"Itapira","ESTADO":"SP","PAÍS":"Brasil","CAPACIDADE":null,"PRIMEIRA_PARTIDA":"seleção de itapira 1 x 7 Corinthians","DATA_PRIMEIRA_PARTIDA":"1998-07-09","ANO_PRIMEIRA_PARTIDA":1998,"ADVERSARIO":"seleção de itapira","PLACAR":"1 x 7","COMPETICAO_PRIMEIRA_PARTIDA":"Amistoso","MANDO_PRIMEIRA_PARTIDA":"Visitante","FONTE_PRIMEIRA_PARTIDA":"Meu Timão / Acervo ATLAS1910","TOTAL_JOGOS":3,"VITÓRIAS":3,"EMPATES":0,"DERROTAS":0,"APROVEITAMENTO_PCT":100,"GOLS_MARCADOS":21,"GOLS_SOFRIDOS":3,"NOMES_ALTERNATIVOS":[],"FONTES_JOGOS":[],"LATITUDE":-22.4396355,"LONGITUDE":-46.8312407,"PAIS_ISO3":"BRA"},"geometry":{"type":"Point","coordinates":[-46.8312407,-22.4396355]}},{"type":"Feature","properties":{"ESTÁDIO":"Costa Coelho","CIDADE":"Ribeirão Preto","ESTADO":"São Paulo","PAÍS":"Brasil","CAPACIDADE":"12000","PRIMEIRA_PARTIDA":"PORTUGUESA DE RIBEIRÃO PRETO 1x6 CORINTHIANS","DATA_PRIMEIRA_PARTIDA":"1945-10-21","ANO_PRIMEIRA_PARTIDA":1945,"ADVERSARIO":"PORTUGUESA DE RIBEIRÃO PRETO","PLACAR":"1x6","COMPETICAO_PRIMEIRA_PARTIDA":"Amistosos 1945","MANDO_PRIMEIRA_PARTIDA":"Não","FONTE_PRIMEIRA_PARTIDA":"https://www.meutimao.com.br/jogo/6093/amistosos-1945/amistoso/portuguesa_de_ribeirao_preto-1-x-6-corinthians","TOTAL_JOGOS":6,"VITÓRIAS":3,"EMPATES":0,"DERROTAS":3,"APROVEITAMENTO_PCT":50.0,"GOLS_MARCADOS":11,"GOLS_SOFRIDOS":9,"NOMES_ALTERNATIVOS":[],"FONTES_JOGOS":["Meu Timão"],"LATITUDE":-21.1792438,"LONGITUDE":-47.8223072,"FONTE_COORDENADAS":"OpenStreetMap Nominatim (geocodificação reversa)","URL_FONTE_COORDENADAS":"https://www.openstreetmap.org/relation/298156","ATRIBUICAO_COORDENADAS":"© OpenStreetMap contributors, ODbL 1.0","CAPACIDADE_FONTE":"Meu Timão","URL_FONTE_CAPACIDADE":"https://www.meutimao.com.br/estadio/costa_coelho/","PAIS_ISO3":"BRA"},"geometry":{"type":"Point","coordinates":[-47.8223072,-21.1792438]}},{"type":"Feature","properties":{"ESTÁDIO":"Cuscatlán","CIDADE":"São Salvador","ESTADO":"San Salvador","PAÍS":"El Salvador","CAPACIDADE":null,"PRIMEIRA_PARTIDA":"UNIVERSIDAD DE EL SALVADOR 0x6 CORINTHIANS","DATA_PRIMEIRA_PARTIDA":"1966-05-01","ANO_PRIMEIRA_PARTIDA":1966,"ADVERSARIO":"UNIVERSIDAD DE EL SALVADOR","PLACAR":"0x6","COMPETICAO_PRIMEIRA_PARTIDA":"Amistosos 1966","MANDO_PRIMEIRA_PARTIDA":"Não","FONTE_PRIMEIRA_PARTIDA":"https://www.meutimao.com.br/jogo/4639/amistosos-1966/amistoso/universidad_de_el_salvador-0-x-6-corinthians","TOTAL_JOGOS":1,"VITÓRIAS":1,"EMPATES":0,"DERROTAS":0,"APROVEITAMENTO_PCT":100.0,"GOLS_MARCADOS":6,"GOLS_SOFRIDOS":0,"NOMES_ALTERNATIVOS":[],"FONTES_JOGOS":["Meu Timão"],"LATITUDE":13.6983143,"LONGITUDE":-89.2153659,"FONTE_COORDENADAS":"OpenStreetMap Nominatim (geocodificação reversa)","URL_FONTE_COORDENADAS":"https://www.openstreetmap.org/relation/8008561","ATRIBUICAO_COORDENADAS":"© OpenStreetMap contributors, ODbL 1.0","PAIS_ISO3":"SLV","FONTE_CORRECAO_PAIS":"https://data.geocode.earth/wof/dist/legacy/whosonfirst-data-country-latest.tar.bz2"},"geometry":{"type":"Point","coordinates":[-89.2153659,13.6983143]}},{"type":"Feature","properties":{"ESTÁDIO":"Cônsul Carlos Renaux","CIDADE":"Brusque","ESTADO":"Santa Catarina","PAÍS":"Brasil","CAPACIDADE":"3000","PRIMEIRA_PARTIDA":"PAYSANDU DE BRUSQUE 0x0 CORINTHIANS","DATA_PRIMEIRA_PARTIDA":"1982-05-20","ANO_PRIMEIRA_PARTIDA":1982,"ADVERSARIO":"PAYSANDU DE BRUSQUE","PLACAR":"0x0","COMPETICAO_PRIMEIRA_PARTIDA":"Amistosos 1982","MANDO_PRIMEIRA_PARTIDA":"Não","FONTE_PRIMEIRA_PARTIDA":"https://www.meutimao.com.br/jogo/3443/amistosos-1982/amistoso/paysandu_de_brusque-0-x-0-corinthians","TOTAL_JOGOS":1,"VITÓRIAS":0,"EMPATES":1,"DERROTAS":0,"APROVEITAMENTO_PCT":33.3,"GOLS_MARCADOS":0,"GOLS_SOFRIDOS":0,"NOMES_ALTERNATIVOS":[],"FONTES_JOGOS":["Meu Timão"],"LATITUDE":-27.1034867,"LONGITUDE":-48.9187094,"FONTE_COORDENADAS":"OpenStreetMap Nominatim (geocodificação reversa)","URL_FONTE_COORDENADAS":"https://www.openstreetmap.org/relation/296588","ATRIBUICAO_COORDENADAS":"© OpenStreetMap contributors, ODbL 1.0","CAPACIDADE_FONTE":"Meu Timão","URL_FONTE_CAPACIDADE":"https://www.meutimao.com.br/estadio/consul_carlos_renaux/","PAIS_ISO3":"BRA"},"geometry":{"type":"Point","coordinates":[-48.9187094,-27.1034867]}},{"type":"Feature","properties":{"ESTÁDIO":"De Kuip","CIDADE":"Roterdão","ESTADO":"South Holland","PAÍS":"Holanda","CAPACIDADE":null,"PRIMEIRA_PARTIDA":"FEYENOORD ROTTERDAM 5x1 CORINTHIANS","DATA_PRIMEIRA_PARTIDA":"1959-05-21","ANO_PRIMEIRA_PARTIDA":1959,"ADVERSARIO":"FEYENOORD ROTTERDAM","PLACAR":"5x1","COMPETICAO_PRIMEIRA_PARTIDA":"Amistosos 1959","MANDO_PRIMEIRA_PARTIDA":"Não","FONTE_PRIMEIRA_PARTIDA":"https://www.meutimao.com.br/jogo/5193/amistosos-1959/amistoso/feyenoord_rotterdam-5-x-1-corinthians","TOTAL_JOGOS":2,"VITÓRIAS":0,"EMPATES":0,"DERROTAS":2,"APROVEITAMENTO_PCT":0.0,"GOLS_MARCADOS":3,"GOLS_SOFRIDOS":9,"NOMES_ALTERNATIVOS":[],"FONTES_JOGOS":["Meu Timão"],"LATITUDE":51.8939035,"LONGITUDE":4.5231354,"FONTE_COORDENADAS":"OpenStreetMap Nominatim (geocodificação reversa)","URL_FONTE_COORDENADAS":"https://www.openstreetmap.org/relation/1411101","ATRIBUICAO_COORDENADAS":"© OpenStreetMap contributors, ODbL 1.0","PAIS_ISO3":"NLD"},"geometry":{"type":"Point","coordinates":[4.5231354,51.8939035]}},{"type":"Feature","properties":{"ESTÁDIO":"Defensores del Chaco","CIDADE":"Asunción","ESTADO":null,"PAÍS":"Paraguai","CAPACIDADE":"36000","PRIMEIRA_PARTIDA":"SELEÇÃO PARAGUAIA 4x3 CORINTHIANS","DATA_PRIMEIRA_PARTIDA":"1965-02-28","ANO_PRIMEIRA_PARTIDA":1965,"ADVERSARIO":"SELEÇÃO PARAGUAIA","PLACAR":"4x3","COMPETICAO_PRIMEIRA_PARTIDA":"Amistosos 1965","MANDO_PRIMEIRA_PARTIDA":"Não","FONTE_PRIMEIRA_PARTIDA":"https://www.meutimao.com.br/jogo/4748/amistosos-1965/amistoso/selecao_paraguaia-4-x-3-corinthians","TOTAL_JOGOS":9,"VITÓRIAS":2,"EMPATES":3,"DERROTAS":4,"APROVEITAMENTO_PCT":33.3,"GOLS_MARCADOS":15,"GOLS_SOFRIDOS":17,"NOMES_ALTERNATIVOS":[],"FONTES_JOGOS":["Meu Timão"],"LATITUDE":-25.2920837,"LONGITUDE":-57.6574033,"FONTE_COORDENADAS":"OpenStreetMap Nominatim (geocodificação reversa)","URL_FONTE_COORDENADAS":"https://www.openstreetmap.org/relation/3654543","ATRIBUICAO_COORDENADAS":"© OpenStreetMap contributors, ODbL 1.0","CAPACIDADE_FONTE":"StadiumDB.com","URL_FONTE_CAPACIDADE":"https://stadiumdb.com/stadiums/par/estadio_defensores_del_chaco","PAIS_ISO3":"PRY"},"geometry":{"type":"Point","coordinates":[-57.6574033,-25.2920837]}},{"type":"Feature","properties":{"ESTÁDIO":"Derby Sancarlense","CIDADE":"São Carlos","ESTADO":"São Paulo","PAÍS":"Brasil","CAPACIDADE":null,"PRIMEIRA_PARTIDA":"PAULISTA DE SÃO CARLOS 1x4 CORINTHIANS","DATA_PRIMEIRA_PARTIDA":"1915-07-04","ANO_PRIMEIRA_PARTIDA":1915,"ADVERSARIO":"PAULISTA DE SÃO CARLOS","PLACAR":"1x4","COMPETICAO_PRIMEIRA_PARTIDA":"Amistosos 1915","MANDO_PRIMEIRA_PARTIDA":"Não","FONTE_PRIMEIRA_PARTIDA":"https://www.meutimao.com.br/jogo/7016/amistosos-1915/amistoso/paulista_de_sao_carlos-1-x-4-corinthians","TOTAL_JOGOS":4,"VITÓRIAS":3,"EMPATES":0,"DERROTAS":1,"APROVEITAMENTO_PCT":75.0,"GOLS_MARCADOS":12,"GOLS_SOFRIDOS":5,"NOMES_ALTERNATIVOS":[],"FONTES_JOGOS":["Meu Timão"],"LATITUDE":-22.0226264,"LONGITUDE":-47.8961827,"FONTE_COORDENADAS":"OpenStreetMap Nominatim (geocodificação reversa)","URL_FONTE_COORDENADAS":"https://www.openstreetmap.org/relation/297986","ATRIBUICAO_COORDENADAS":"© OpenStreetMap contributors, ODbL 1.0","PAIS_ISO3":"BRA"},"geometry":{"type":"Point","coordinates":[-47.8961827,-22.0226264]}},{"type":"Feature","properties":{"ESTÁDIO":"Doble Visera","CIDADE":"Buenos Aires","ESTADO":"Autonomous City of Buenos Aires","PAÍS":"Argentina","CAPACIDADE":"40000","PRIMEIRA_PARTIDA":"INDEPENDIENTE 2x0 CORINTHIANS","DATA_PRIMEIRA_PARTIDA":"1999-09-28","ANO_PRIMEIRA_PARTIDA":1999,"ADVERSARIO":"INDEPENDIENTE","PLACAR":"2x0","COMPETICAO_PRIMEIRA_PARTIDA":"Copa Mercosul 1999","MANDO_PRIMEIRA_PARTIDA":"Não","FONTE_PRIMEIRA_PARTIDA":"https://www.meutimao.com.br/jogo/2232/copa-mercosul-1999/independiente-2-x-0-corinthians","TOTAL_JOGOS":3,"VITÓRIAS":1,"EMPATES":0,"DERROTAS":2,"APROVEITAMENTO_PCT":33.3,"GOLS_MARCADOS":1,"GOLS_SOFRIDOS":3,"NOMES_ALTERNATIVOS":[],"FONTES_JOGOS":["Meu Timão"],"LATITUDE":-34.6095579,"LONGITUDE":-58.3887904,"PRECISAO_COORDENADAS":"Município (estádio exato não identificado)","FONTE_COORDENADAS":"OpenStreetMap Nominatim (localidade aproximada)","URL_FONTE_COORDENADAS":"https://www.openstreetmap.org/relation/1224652","ATRIBUICAO_COORDENADAS":"© OpenStreetMap contributors, ODbL 1.0","CAPACIDADE_FONTE":"Meu Timão","URL_FONTE_CAPACIDADE":"https://www.meutimao.com.br/estadio/doble_visera/","PAIS_ISO3":"ARG"},"geometry":{"type":"Point","coordinates":[-58.3887904,-34.6095579]}},{"type":"Feature","properties":{"ESTÁDIO":"Douradão","CIDADE":"Dourados","ESTADO":"Mato Grosso do Sul","PAÍS":"Brasil","CAPACIDADE":"30000","PRIMEIRA_PARTIDA":"UBIRATAN ESPORTE CLUBE 0x1 CORINTHIANS","DATA_PRIMEIRA_PARTIDA":"1999-02-03","ANO_PRIMEIRA_PARTIDA":1999,"ADVERSARIO":"UBIRATAN ESPORTE CLUBE","PLACAR":"0x1","COMPETICAO_PRIMEIRA_PARTIDA":"Copa do Brasil 1999","MANDO_PRIMEIRA_PARTIDA":"Não","FONTE_PRIMEIRA_PARTIDA":"https://www.meutimao.com.br/jogo/2173/copa-do-brasil-1999/ubiratan_esporte_clube-0-x-1-corinthians","TOTAL_JOGOS":1,"VITÓRIAS":1,"EMPATES":0,"DERROTAS":0,"APROVEITAMENTO_PCT":100.0,"GOLS_MARCADOS":1,"GOLS_SOFRIDOS":0,"NOMES_ALTERNATIVOS":[],"FONTES_JOGOS":["Meu Timão"],"LATITUDE":-22.2441952,"LONGITUDE":-54.7819643,"FONTE_COORDENADAS":"OpenStreetMap Nominatim (geocodificação reversa)","URL_FONTE_COORDENADAS":"https://www.openstreetmap.org/relation/334017","ATRIBUICAO_COORDENADAS":"© OpenStreetMap contributors, ODbL 1.0","CAPACIDADE_FONTE":"Meu Timão","URL_FONTE_CAPACIDADE":"https://www.meutimao.com.br/estadio/douradao/","PAIS_ISO3":"BRA"},"geometry":{"type":"Point","coordinates":[-54.7819643,-22.2441952]}},{"type":"Feature","properties":{"ESTÁDIO":"Downing Stadium","CIDADE":"Nova Iorque","ESTADO":"Nova Iorque","PAÍS":"Estados Unidos","CAPACIDADE":"22000","PRIMEIRA_PARTIDA":"RIVER PLATE 1x1 CORINTHIANS","DATA_PRIMEIRA_PARTIDA":"1969-08-02","ANO_PRIMEIRA_PARTIDA":1969,"ADVERSARIO":"RIVER PLATE","PLACAR":"1x1","COMPETICAO_PRIMEIRA_PARTIDA":"Torneio Internacional 1969","MANDO_PRIMEIRA_PARTIDA":"Não","FONTE_PRIMEIRA_PARTIDA":"https://www.meutimao.com.br/jogo/4460/torneio-internacional-1969/amistoso/river_plate-1-x-1-corinthians","TOTAL_JOGOS":1,"VITÓRIAS":0,"EMPATES":1,"DERROTAS":0,"APROVEITAMENTO_PCT":33.3,"GOLS_MARCADOS":1,"GOLS_SOFRIDOS":1,"NOMES_ALTERNATIVOS":[],"FONTES_JOGOS":["Meu Timão"],"LATITUDE":40.7929773,"LONGITUDE":-73.9244123,"FONTE_COORDENADAS":"OpenStreetMap Nominatim (geocodificação reversa)","URL_FONTE_COORDENADAS":"https://www.openstreetmap.org/relation/8398124","ATRIBUICAO_COORDENADAS":"© OpenStreetMap contributors, ODbL 1.0","CAPACIDADE_FONTE":"Meu Timão","URL_FONTE_CAPACIDADE":"https://www.meutimao.com.br/estadio/downing_stadium/","PAIS_ISO3":"USA"},"geometry":{"type":"Point","coordinates":[-73.9244123,40.7929773]}},{"type":"Feature","properties":{"ESTÁDIO":"Dr. Acrísio Paes Cruz","CIDADE":"Botucatu","ESTADO":"São Paulo","PAÍS":"Brasil","CAPACIDADE":null,"PRIMEIRA_PARTIDA":"FERROVIÁRIA DE BOTUCATU 0x4 CORINTHIANS","DATA_PRIMEIRA_PARTIDA":"1964-05-16","ANO_PRIMEIRA_PARTIDA":1964,"ADVERSARIO":"FERROVIÁRIA DE BOTUCATU","PLACAR":"0x4","COMPETICAO_PRIMEIRA_PARTIDA":"Amistosos 1964","MANDO_PRIMEIRA_PARTIDA":"Não","FONTE_PRIMEIRA_PARTIDA":"https://www.meutimao.com.br/jogo/4883/amistosos-1964/amistoso/ferroviaria_de_botucatu-0-x-4-corinthians","TOTAL_JOGOS":1,"VITÓRIAS":1,"EMPATES":0,"DERROTAS":0,"APROVEITAMENTO_PCT":100.0,"GOLS_MARCADOS":4,"GOLS_SOFRIDOS":0,"NOMES_ALTERNATIVOS":[],"FONTES_JOGOS":["Meu Timão"],"LATITUDE":-22.8767099,"LONGITUDE":-48.4469638,"FONTE_COORDENADAS":"OpenStreetMap Nominatim (geocodificação reversa)","URL_FONTE_COORDENADAS":"https://www.openstreetmap.org/relation/297987","ATRIBUICAO_COORDENADAS":"© OpenStreetMap contributors, ODbL 1.0","PAIS_ISO3":"BRA"},"geometry":{"type":"Point","coordinates":[-48.4469638,-22.8767099]}},{"type":"Feature","properties":{"ESTÁDIO":"Décio Vitta (Rio Brancão)","CIDADE":"Americana","ESTADO":"São Paulo","PAÍS":"Brasil","CAPACIDADE":null,"PRIMEIRA_PARTIDA":"RIO BRANCO 5x4 CORINTHIANS","DATA_PRIMEIRA_PARTIDA":"1950-03-19","ANO_PRIMEIRA_PARTIDA":1950,"ADVERSARIO":"RIO BRANCO","PLACAR":"5x4","COMPETICAO_PRIMEIRA_PARTIDA":"Amistosos 1950","MANDO_PRIMEIRA_PARTIDA":"Não","FONTE_PRIMEIRA_PARTIDA":"https://www.meutimao.com.br/jogo/5822/amistosos-1950/amistoso/rio_branco-5-x-4-corinthians","TOTAL_JOGOS":9,"VITÓRIAS":3,"EMPATES":3,"DERROTAS":3,"APROVEITAMENTO_PCT":44.4,"GOLS_MARCADOS":17,"GOLS_SOFRIDOS":13,"NOMES_ALTERNATIVOS":[],"FONTES_JOGOS":["Meu Timão"],"LATITUDE":-22.7342966,"LONGITUDE":-47.3479018,"FONTE_COORDENADAS":"OpenStreetMap Nominatim (geocodificação reversa)","URL_FONTE_COORDENADAS":"https://www.openstreetmap.org/relation/297977","ATRIBUICAO_COORDENADAS":"© OpenStreetMap contributors, ODbL 1.0","PAIS_ISO3":"BRA"},"geometry":{"type":"Point","coordinates":[-47.3479018,-22.7342966]}},{"type":"Feature","properties":{"ESTÁDIO":"EMIRATES STADIUM (ARSENAL STADIUM)","CIDADE":"LONDRES","ESTADO":"HOLLOWAY","PAÍS":"INGLATERRA","CAPACIDADE":"60704","PRIMEIRA_PARTIDA":"ARSENAL 2x0 CORINTHIANS","DATA_PRIMEIRA_PARTIDA":"1965-11-16","ANO_PRIMEIRA_PARTIDA":1965,"ADVERSARIO":"ARSENAL","PLACAR":"2x0","COMPETICAO_PRIMEIRA_PARTIDA":"Amistosos 1965","MANDO_PRIMEIRA_PARTIDA":"Não","FONTE_PRIMEIRA_PARTIDA":"https://www.meutimao.com.br/jogo/4836/amistosos-1965/amistoso/arsenal-2-x-0-corinthians","TOTAL_JOGOS":1,"VITÓRIAS":0,"EMPATES":0,"DERROTAS":1,"APROVEITAMENTO_PCT":0.0,"GOLS_MARCADOS":0,"GOLS_SOFRIDOS":2,"NOMES_ALTERNATIVOS":[],"FONTES_JOGOS":["Meu Timão"],"LATITUDE":51.555162121144335,"LONGITUDE":-0.108045751715059,"PAIS_ISO3":"GBR"},"geometry":{"type":"Point","coordinates":[-0.108045751715059,51.555162121144335]}},{"type":"Feature","properties":{"ESTÁDIO":"ESPN Wide World of Sports Complex","CIDADE":"Condado de Osceola","ESTADO":"Flórida","PAÍS":"Estados Unidos","CAPACIDADE":null,"PRIMEIRA_PARTIDA":"CORINTHIANS 0x1 COLÔNIA","DATA_PRIMEIRA_PARTIDA":"2015-01-15","ANO_PRIMEIRA_PARTIDA":2015,"ADVERSARIO":"COLÔNIA","PLACAR":"0x1","COMPETICAO_PRIMEIRA_PARTIDA":"Florida Cup 2015","MANDO_PRIMEIRA_PARTIDA":"Sim","FONTE_PRIMEIRA_PARTIDA":"https://www.meutimao.com.br/jogo/496/florida-cup-2015/corinthians-0-x-1-colonia","TOTAL_JOGOS":2,"VITÓRIAS":1,"EMPATES":0,"DERROTAS":1,"APROVEITAMENTO_PCT":50.0,"GOLS_MARCADOS":3,"GOLS_SOFRIDOS":3,"NOMES_ALTERNATIVOS":[],"FONTES_JOGOS":["Meu Timão"],"LATITUDE":28.3381102,"LONGITUDE":-81.5563845,"FONTE_COORDENADAS":"OpenStreetMap Nominatim (geocodificação reversa)","URL_FONTE_COORDENADAS":"https://www.openstreetmap.org/relation/389023","ATRIBUICAO_COORDENADAS":"© OpenStreetMap contributors, ODbL 1.0","PAIS_ISO3":"USA"},"geometry":{"type":"Point","coordinates":[-81.5563845,28.3381102]}},{"type":"Feature","properties":{"ESTÁDIO":"ESTADIO BANCO GUAYAQUIL (ESTADIO IDV)","CIDADE":"QUITO","ESTADO":"PICHINCHA","PAÍS":"EQUADOR","CAPACIDADE":"12000","PRIMEIRA_PARTIDA":"INDEPENDIENTE DEL VALLE 3x0 CORINTHIANS","DATA_PRIMEIRA_PARTIDA":"2023-06-07","ANO_PRIMEIRA_PARTIDA":2023,"ADVERSARIO":"INDEPENDIENTE DEL VALLE","PLACAR":"3x0","COMPETICAO_PRIMEIRA_PARTIDA":"Libertadores 2023","MANDO_PRIMEIRA_PARTIDA":"Não","FONTE_PRIMEIRA_PARTIDA":"https://www.meutimao.com.br/jogo/7723/libertadores-2023/independiente_del_valle-3-x-0-corinthians","TOTAL_JOGOS":1,"VITÓRIAS":0,"EMPATES":0,"DERROTAS":1,"APROVEITAMENTO_PCT":0.0,"GOLS_MARCADOS":0,"GOLS_SOFRIDOS":3,"NOMES_ALTERNATIVOS":[],"FONTES_JOGOS":["Meu Timão"],"LATITUDE":-0.349179879569855,"LONGITUDE":-78.47030740156634,"PAIS_ISO3":"ECU"},"geometry":{"type":"Point","coordinates":[-78.47030740156634,-0.349179879569855]}},{"type":"Feature","properties":{"ESTÁDIO":"El Bastión del Este","CIDADE":"Cidade do Leste","ESTADO":"Alto Paraná","PAÍS":"Paraguai","CAPACIDADE":"28000","PRIMEIRA_PARTIDA":"NACIONAL-PAR 1x3 CORINTHIANS","DATA_PRIMEIRA_PARTIDA":"2012-04-11","ANO_PRIMEIRA_PARTIDA":2012,"ADVERSARIO":"NACIONAL-PAR","PLACAR":"1x3","COMPETICAO_PRIMEIRA_PARTIDA":"Libertadores 2012","MANDO_PRIMEIRA_PARTIDA":"Não","FONTE_PRIMEIRA_PARTIDA":"https://www.meutimao.com.br/jogo/302/libertadores-2012/nacional-par-1-x-3-corinthians","TOTAL_JOGOS":1,"VITÓRIAS":1,"EMPATES":0,"DERROTAS":0,"APROVEITAMENTO_PCT":100.0,"GOLS_MARCADOS":3,"GOLS_SOFRIDOS":1,"NOMES_ALTERNATIVOS":[],"FONTES_JOGOS":["Meu Timão"],"LATITUDE":-25.5169015,"LONGITUDE":-54.6168645,"PRECISAO_COORDENADAS":"Município (estádio exato não identificado)","FONTE_COORDENADAS":"OpenStreetMap Nominatim (localidade aproximada)","URL_FONTE_COORDENADAS":"https://www.openstreetmap.org/relation/6552045","ATRIBUICAO_COORDENADAS":"© OpenStreetMap contributors, ODbL 1.0","CAPACIDADE_FONTE":"Meu Timão","URL_FONTE_CAPACIDADE":"https://www.meutimao.com.br/estadio/el_bastion_del_este/","PAIS_ISO3":"PRY"},"geometry":{"type":"Point","coordinates":[-54.6168645,-25.5169015]}},{"type":"Feature","properties":{"ESTÁDIO":"El Campín","CIDADE":"Bogotá","ESTADO":"Bogota, Capital District","PAÍS":"Colombia","CAPACIDADE":"36343","PRIMEIRA_PARTIDA":"MILLONARIOS 1x0 CORINTHIANS","DATA_PRIMEIRA_PARTIDA":"1954-02-28","ANO_PRIMEIRA_PARTIDA":1954,"ADVERSARIO":"MILLONARIOS","PLACAR":"1x0","COMPETICAO_PRIMEIRA_PARTIDA":"Amistosos 1954","MANDO_PRIMEIRA_PARTIDA":"Não","FONTE_PRIMEIRA_PARTIDA":"https://www.meutimao.com.br/jogo/5554/amistosos-1954/amistoso/millonarios-1-x-0-corinthians","TOTAL_JOGOS":12,"VITÓRIAS":3,"EMPATES":6,"DERROTAS":3,"APROVEITAMENTO_PCT":41.7,"GOLS_MARCADOS":14,"GOLS_SOFRIDOS":15,"NOMES_ALTERNATIVOS":[],"FONTES_JOGOS":["Meu Timão"],"LATITUDE":4.6458552,"LONGITUDE":-74.0773771,"FONTE_COORDENADAS":"OpenStreetMap Nominatim (geocodificação reversa)","URL_FONTE_COORDENADAS":"https://www.openstreetmap.org/relation/2216632","ATRIBUICAO_COORDENADAS":"© OpenStreetMap contributors, ODbL 1.0","CAPACIDADE_FONTE":"Meu Timão","URL_FONTE_CAPACIDADE":"https://www.meutimao.com.br/estadio/el_campin/","PAIS_ISO3":"COL","FONTE_CORRECAO_PAIS":"https://data.geocode.earth/wof/dist/legacy/whosonfirst-data-country-latest.tar.bz2"},"geometry":{"type":"Point","coordinates":[-74.0773771,4.6458552]}},{"type":"Feature","properties":{"ESTÁDIO":"El Cilindro","CIDADE":"Avellaneda","ESTADO":"Buenos Aires","PAÍS":"Argentina","CAPACIDADE":"5000","PRIMEIRA_PARTIDA":"RACING CLUB 1x0 CORINTHIANS","DATA_PRIMEIRA_PARTIDA":"1998-09-29","ANO_PRIMEIRA_PARTIDA":1998,"ADVERSARIO":"RACING CLUB","PLACAR":"1x0","COMPETICAO_PRIMEIRA_PARTIDA":"Copa Mercosul 1998","MANDO_PRIMEIRA_PARTIDA":"Não","FONTE_PRIMEIRA_PARTIDA":"https://www.meutimao.com.br/jogo/2307/copa-mercosul-1998/racing_club-1-x-0-corinthians","TOTAL_JOGOS":4,"VITÓRIAS":0,"EMPATES":2,"DERROTAS":2,"APROVEITAMENTO_PCT":16.7,"GOLS_MARCADOS":2,"GOLS_SOFRIDOS":4,"NOMES_ALTERNATIVOS":[],"FONTES_JOGOS":["Meu Timão"],"LATITUDE":-34.667737,"LONGITUDE":-58.3682195,"FONTE_COORDENADAS":"OpenStreetMap Nominatim (geocodificação reversa)","URL_FONTE_COORDENADAS":"https://www.openstreetmap.org/relation/2149189","ATRIBUICAO_COORDENADAS":"© OpenStreetMap contributors, ODbL 1.0","CAPACIDADE_FONTE":"Meu Timão","URL_FONTE_CAPACIDADE":"https://www.meutimao.com.br/estadio/el_cilindro/","PAIS_ISO3":"ARG","FONTE_CORRECAO_PAIS":"https://data.geocode.earth/wof/dist/legacy/whosonfirst-data-country-latest.tar.bz2"},"geometry":{"type":"Point","coordinates":[-58.3682195,-34.667737]}},{"type":"Feature","properties":{"ESTÁDIO":"El Cobre","CIDADE":"Diego de Almagro","ESTADO":"Atacama Region","PAÍS":"Chile","CAPACIDADE":"20752","PRIMEIRA_PARTIDA":"COBRESAL 0x1 CORINTHIANS","DATA_PRIMEIRA_PARTIDA":"2016-02-17","ANO_PRIMEIRA_PARTIDA":2016,"ADVERSARIO":"COBRESAL","PLACAR":"0x1","COMPETICAO_PRIMEIRA_PARTIDA":"Libertadores 2016","MANDO_PRIMEIRA_PARTIDA":"Não","FONTE_PRIMEIRA_PARTIDA":"https://www.meutimao.com.br/jogo/591/libertadores-2016/cobresal-0-x-1-corinthians","TOTAL_JOGOS":1,"VITÓRIAS":1,"EMPATES":0,"DERROTAS":0,"APROVEITAMENTO_PCT":100.0,"GOLS_MARCADOS":1,"GOLS_SOFRIDOS":0,"NOMES_ALTERNATIVOS":[],"FONTES_JOGOS":["Meu Timão"],"LATITUDE":-26.251913,"LONGITUDE":-69.6287103,"FONTE_COORDENADAS":"OpenStreetMap Nominatim (geocodificação reversa)","URL_FONTE_COORDENADAS":"https://www.openstreetmap.org/relation/295896","ATRIBUICAO_COORDENADAS":"© OpenStreetMap contributors, ODbL 1.0","CAPACIDADE_FONTE":"Meu Timão","URL_FONTE_CAPACIDADE":"https://www.meutimao.com.br/estadio/el_cobre/","PAIS_ISO3":"CHL","FONTE_CORRECAO_PAIS":"https://data.geocode.earth/wof/dist/legacy/whosonfirst-data-country-latest.tar.bz2"},"geometry":{"type":"Point","coordinates":[-69.6287103,-26.251913]}},{"type":"Feature","properties":{"ESTÁDIO":"El Egido","CIDADE":"Cuenca","ESTADO":"Azuay","PAÍS":"Equador","CAPACIDADE":null,"PRIMEIRA_PARTIDA":"deportivo cuenca 2 x 1 Corinthians","DATA_PRIMEIRA_PARTIDA":"1977-04-13","ANO_PRIMEIRA_PARTIDA":1977,"ADVERSARIO":"deportivo cuenca","PLACAR":"2 x 1","COMPETICAO_PRIMEIRA_PARTIDA":"Libertadores","MANDO_PRIMEIRA_PARTIDA":"Visitante","FONTE_PRIMEIRA_PARTIDA":"Meu Timão / Acervo ATLAS1910","TOTAL_JOGOS":3,"VITÓRIAS":0,"EMPATES":0,"DERROTAS":3,"APROVEITAMENTO_PCT":0,"GOLS_MARCADOS":3,"GOLS_SOFRIDOS":6,"NOMES_ALTERNATIVOS":[],"FONTES_JOGOS":[],"LATITUDE":-2.9067434,"LONGITUDE":-79.0055218,"FONTE_COORDENADAS":"OpenStreetMap Nominatim (geocodificação reversa)","URL_FONTE_COORDENADAS":"https://www.openstreetmap.org/node/9911249241","ATRIBUICAO_COORDENADAS":"© OpenStreetMap contributors, ODbL 1.0","PAIS_ISO3":"ECU"},"geometry":{"type":"Point","coordinates":[-79.0055218,-2.9067434]}},{"type":"Feature","properties":{"ESTÁDIO":"El Ejido","CIDADE":"Cuenca","ESTADO":"Azuay","PAÍS":"Equador","CAPACIDADE":"16500","PRIMEIRA_PARTIDA":"DEPORTIVO CUENCA 2x1 CORINTHIANS","DATA_PRIMEIRA_PARTIDA":"1977-04-13","ANO_PRIMEIRA_PARTIDA":1977,"ADVERSARIO":"DEPORTIVO CUENCA","PLACAR":"2x1","COMPETICAO_PRIMEIRA_PARTIDA":"Libertadores 1977","MANDO_PRIMEIRA_PARTIDA":"Não","FONTE_PRIMEIRA_PARTIDA":"https://www.meutimao.com.br/jogo/3792/libertadores-1977/deportivo_cuenca-2-x-1-corinthians","TOTAL_JOGOS":1,"VITÓRIAS":0,"EMPATES":0,"DERROTAS":1,"APROVEITAMENTO_PCT":0.0,"GOLS_MARCADOS":1,"GOLS_SOFRIDOS":2,"NOMES_ALTERNATIVOS":[],"FONTES_JOGOS":["Meu Timão"],"LATITUDE":-2.8974072,"LONGITUDE":-79.0041726,"PRECISAO_COORDENADAS":"Município (estádio exato não identificado)","FONTE_COORDENADAS":"OpenStreetMap Nominatim (localidade aproximada)","URL_FONTE_COORDENADAS":"https://www.openstreetmap.org/node/9911249241","ATRIBUICAO_COORDENADAS":"© OpenStreetMap contributors, ODbL 1.0","CAPACIDADE_FONTE":"Meu Timão","URL_FONTE_CAPACIDADE":"https://www.meutimao.com.br/estadio/el_ejido/","PAIS_ISO3":"ECU"},"geometry":{"type":"Point","coordinates":[-79.0041726,-2.8974072]}},{"type":"Feature","properties":{"ESTÁDIO":"El Fortín","CIDADE":"Buenos Aires","ESTADO":"Autonomous City of Buenos Aires","PAÍS":"Argentina","CAPACIDADE":null,"PRIMEIRA_PARTIDA":"VÉLEZ SARSFIELD 0x3 CORINTHIANS","DATA_PRIMEIRA_PARTIDA":"1999-08-10","ANO_PRIMEIRA_PARTIDA":1999,"ADVERSARIO":"VÉLEZ SARSFIELD","PLACAR":"0x3","COMPETICAO_PRIMEIRA_PARTIDA":"Copa Mercosul 1999","MANDO_PRIMEIRA_PARTIDA":"Não","FONTE_PRIMEIRA_PARTIDA":"https://www.meutimao.com.br/jogo/2218/copa-mercosul-1999/velez_sarsfield-0-x-3-corinthians","TOTAL_JOGOS":1,"VITÓRIAS":1,"EMPATES":0,"DERROTAS":0,"APROVEITAMENTO_PCT":100.0,"GOLS_MARCADOS":3,"GOLS_SOFRIDOS":0,"NOMES_ALTERNATIVOS":[],"FONTES_JOGOS":["Meu Timão"],"LATITUDE":-34.635406,"LONGITUDE":-58.5206968,"FONTE_COORDENADAS":"OpenStreetMap Nominatim (geocodificação reversa)","URL_FONTE_COORDENADAS":"https://www.openstreetmap.org/relation/1224652","ATRIBUICAO_COORDENADAS":"© OpenStreetMap contributors, ODbL 1.0","PAIS_ISO3":"ARG","FONTE_CORRECAO_PAIS":"https://data.geocode.earth/wof/dist/legacy/whosonfirst-data-country-latest.tar.bz2"},"geometry":{"type":"Point","coordinates":[-58.5206968,-34.635406]}},{"type":"Feature","properties":{"ESTÁDIO":"El Palacio","CIDADE":"Buenos Aires","ESTADO":"Autonomous City of Buenos Aires","PAÍS":"Argentina","CAPACIDADE":"48314","PRIMEIRA_PARTIDA":"HURACÁN 1x0 CORINTHIANS","DATA_PRIMEIRA_PARTIDA":"2025-05-27","ANO_PRIMEIRA_PARTIDA":2025,"ADVERSARIO":"HURACÁN","PLACAR":"1x0","COMPETICAO_PRIMEIRA_PARTIDA":"Sul-Americana 2025","MANDO_PRIMEIRA_PARTIDA":"Não","FONTE_PRIMEIRA_PARTIDA":"https://www.meutimao.com.br/jogo/8534/sul-americana-2025/huracan-1-x-0-corinthians","TOTAL_JOGOS":1,"VITÓRIAS":0,"EMPATES":0,"DERROTAS":1,"APROVEITAMENTO_PCT":0.0,"GOLS_MARCADOS":0,"GOLS_SOFRIDOS":1,"NOMES_ALTERNATIVOS":[],"FONTES_JOGOS":["Meu Timão"],"LATITUDE":-34.6095579,"LONGITUDE":-58.3887904,"PRECISAO_COORDENADAS":"Município (estádio exato não identificado)","FONTE_COORDENADAS":"OpenStreetMap Nominatim (localidade aproximada)","URL_FONTE_COORDENADAS":"https://www.openstreetmap.org/relation/1224652","ATRIBUICAO_COORDENADAS":"© OpenStreetMap contributors, ODbL 1.0","CAPACIDADE_FONTE":"Meu Timão","URL_FONTE_CAPACIDADE":"https://www.meutimao.com.br/estadio/el_palacio/","PAIS_ISO3":"ARG"},"geometry":{"type":"Point","coordinates":[-58.3887904,-34.6095579]}},{"type":"Feature","properties":{"ESTÁDIO":"El Vivero","CIDADE":"Badajoz","ESTADO":"Estremadura","PAÍS":"Spain","CAPACIDADE":"14175","PRIMEIRA_PARTIDA":"SPORTING GIJÓN 2x0 CORINTHIANS","DATA_PRIMEIRA_PARTIDA":"1972-06-28","ANO_PRIMEIRA_PARTIDA":1972,"ADVERSARIO":"SPORTING GIJÓN","PLACAR":"2x0","COMPETICAO_PRIMEIRA_PARTIDA":"Troféu Ibérico 1972","MANDO_PRIMEIRA_PARTIDA":"Não","FONTE_PRIMEIRA_PARTIDA":"https://www.meutimao.com.br/jogo/4200/trofeu-iberico-1972/sporting_gijon-2-x-0-corinthians","TOTAL_JOGOS":2,"VITÓRIAS":1,"EMPATES":0,"DERROTAS":1,"APROVEITAMENTO_PCT":50.0,"GOLS_MARCADOS":3,"GOLS_SOFRIDOS":3,"NOMES_ALTERNATIVOS":[],"FONTES_JOGOS":["Meu Timão"],"LATITUDE":38.8856703,"LONGITUDE":-6.99287789999994,"FONTE_COORDENADAS":"OpenStreetMap Nominatim (geocodificação reversa)","URL_FONTE_COORDENADAS":"https://www.openstreetmap.org/relation/342316","ATRIBUICAO_COORDENADAS":"© OpenStreetMap contributors, ODbL 1.0","CAPACIDADE_FONTE":"Meu Timão","URL_FONTE_CAPACIDADE":"https://www.meutimao.com.br/estadio/el_vivero/","PAIS_ISO3":"ESP","FONTE_CORRECAO_PAIS":"https://data.geocode.earth/wof/dist/legacy/whosonfirst-data-country-latest.tar.bz2"},"geometry":{"type":"Point","coordinates":[-6.99287789999994,38.8856703]}},{"type":"Feature","properties":{"ESTÁDIO":"Elcyr Resende de Mendonça","CIDADE":"Saquarema","ESTADO":"Rio de Janeiro","PAÍS":"Brasil","CAPACIDADE":"6000","PRIMEIRA_PARTIDA":"CORINTHIANS 1x1 RETRÔ FC","DATA_PRIMEIRA_PARTIDA":"2021-03-26","ANO_PRIMEIRA_PARTIDA":2021,"ADVERSARIO":"RETRÔ FC","PLACAR":"1x1","COMPETICAO_PRIMEIRA_PARTIDA":"Copa do Brasil 2021","MANDO_PRIMEIRA_PARTIDA":"Sim","FONTE_PRIMEIRA_PARTIDA":"https://www.meutimao.com.br/jogo/5241/copa-do-brasil-2021/corinthians-1-x-1-retro_fc","TOTAL_JOGOS":1,"VITÓRIAS":0,"EMPATES":1,"DERROTAS":0,"APROVEITAMENTO_PCT":33.3,"GOLS_MARCADOS":1,"GOLS_SOFRIDOS":1,"NOMES_ALTERNATIVOS":[],"FONTES_JOGOS":["Meu Timão"],"LATITUDE":-22.8949796,"LONGITUDE":-42.4768496,"FONTE_COORDENADAS":"OpenStreetMap Nominatim (geocodificação reversa)","URL_FONTE_COORDENADAS":"https://www.openstreetmap.org/relation/2215573","ATRIBUICAO_COORDENADAS":"© OpenStreetMap contributors, ODbL 1.0","CAPACIDADE_FONTE":"Meu Timão","URL_FONTE_CAPACIDADE":"https://www.meutimao.com.br/estadio/elcyr_resende_de_mendonca/","PAIS_ISO3":"BRA"},"geometry":{"type":"Point","coordinates":[-42.4768496,-22.8949796]}},{"type":"Feature","properties":{"ESTÁDIO":"Elmo Serejo (Serejão/Boca do Jacaré)","CIDADE":"Taguatinga","ESTADO":"Distrito Federal","PAÍS":"Brasil","CAPACIDADE":null,"PRIMEIRA_PARTIDA":"FLAMENGO 2x0 CORINTHIANS","DATA_PRIMEIRA_PARTIDA":"1979-03-16","ANO_PRIMEIRA_PARTIDA":1979,"ADVERSARIO":"FLAMENGO","PLACAR":"2x0","COMPETICAO_PRIMEIRA_PARTIDA":"Amistosos 1979","MANDO_PRIMEIRA_PARTIDA":"Não","FONTE_PRIMEIRA_PARTIDA":"https://www.meutimao.com.br/jogo/3645/amistosos-1979/amistoso/flamengo-2-x-0-corinthians","TOTAL_JOGOS":7,"VITÓRIAS":4,"EMPATES":2,"DERROTAS":1,"APROVEITAMENTO_PCT":66.7,"GOLS_MARCADOS":12,"GOLS_SOFRIDOS":7,"NOMES_ALTERNATIVOS":[],"FONTES_JOGOS":["Meu Timão"],"LATITUDE":-15.8361382,"LONGITUDE":-48.0806217,"FONTE_COORDENADAS":"OpenStreetMap Nominatim (geocodificação reversa)","URL_FONTE_COORDENADAS":"https://www.openstreetmap.org/relation/3359490","ATRIBUICAO_COORDENADAS":"© OpenStreetMap contributors, ODbL 1.0","PAIS_ISO3":"BRA"},"geometry":{"type":"Point","coordinates":[-48.0806217,-15.8361382]}},{"type":"Feature","properties":{"ESTÁDIO":"Engenheiro Araripe","CIDADE":"Cariacica","ESTADO":"Espírito Santo","PAÍS":"Brasil","CAPACIDADE":"7700","PRIMEIRA_PARTIDA":"RIO BRANCO-ES 2x0 CORINTHIANS","DATA_PRIMEIRA_PARTIDA":"1970-12-13","ANO_PRIMEIRA_PARTIDA":1970,"ADVERSARIO":"RIO BRANCO-ES","PLACAR":"2x0","COMPETICAO_PRIMEIRA_PARTIDA":"Amistosos 1970","MANDO_PRIMEIRA_PARTIDA":"Não","FONTE_PRIMEIRA_PARTIDA":"https://www.meutimao.com.br/jogo/4414/amistosos-1970/amistoso/rio_branco-es-2-x-0-corinthians","TOTAL_JOGOS":2,"VITÓRIAS":1,"EMPATES":0,"DERROTAS":1,"APROVEITAMENTO_PCT":50.0,"GOLS_MARCADOS":1,"GOLS_SOFRIDOS":2,"NOMES_ALTERNATIVOS":[],"FONTES_JOGOS":["Meu Timão"],"LATITUDE":-20.3340616,"LONGITUDE":-40.3561167,"FONTE_COORDENADAS":"OpenStreetMap Nominatim (geocodificação reversa)","URL_FONTE_COORDENADAS":"https://www.openstreetmap.org/relation/1825819","ATRIBUICAO_COORDENADAS":"© OpenStreetMap contributors, ODbL 1.0","CAPACIDADE_FONTE":"Meu Timão","URL_FONTE_CAPACIDADE":"https://www.meutimao.com.br/estadio/engenheiro_araripe/","PAIS_ISO3":"BRA"},"geometry":{"type":"Point","coordinates":[-40.3561167,-20.3340616]}},{"type":"Feature","properties":{"ESTÁDIO":"Engenhão","CIDADE":"Rio de Janeiro","ESTADO":"RJ","PAÍS":"Brasil","CAPACIDADE":null,"PRIMEIRA_PARTIDA":"botafogo 2 x 1 Corinthians","DATA_PRIMEIRA_PARTIDA":"2008-05-20","ANO_PRIMEIRA_PARTIDA":2008,"ADVERSARIO":"botafogo","PLACAR":"2 x 1","COMPETICAO_PRIMEIRA_PARTIDA":"Copa do brasil","MANDO_PRIMEIRA_PARTIDA":"Visitante","FONTE_PRIMEIRA_PARTIDA":"Meu Timão / Acervo ATLAS1910","TOTAL_JOGOS":20,"VITÓRIAS":4,"EMPATES":7,"DERROTAS":9,"APROVEITAMENTO_PCT":31.7,"GOLS_MARCADOS":23,"GOLS_SOFRIDOS":28,"NOMES_ALTERNATIVOS":[],"FONTES_JOGOS":[],"LATITUDE":-22.8932749,"LONGITUDE":-43.2923128,"PAIS_ISO3":"BRA"},"geometry":{"type":"Point","coordinates":[-43.2923128,-22.8932749]}},{"type":"Feature","properties":{"ESTÁDIO":"Engº Péricles D'Ávila Mendes","CIDADE":"Itapetininga","ESTADO":"São Paulo","PAÍS":"Brasil","CAPACIDADE":null,"PRIMEIRA_PARTIDA":"DERAC 1x2 CORINTHIANS","DATA_PRIMEIRA_PARTIDA":"1961-05-21","ANO_PRIMEIRA_PARTIDA":1961,"ADVERSARIO":"DERAC","PLACAR":"1x2","COMPETICAO_PRIMEIRA_PARTIDA":"Amistosos 1961","MANDO_PRIMEIRA_PARTIDA":"Não","FONTE_PRIMEIRA_PARTIDA":"https://www.meutimao.com.br/jogo/5100/amistosos-1961/amistoso/derac-1-x-2-corinthians","TOTAL_JOGOS":1,"VITÓRIAS":1,"EMPATES":0,"DERROTAS":0,"APROVEITAMENTO_PCT":100.0,"GOLS_MARCADOS":2,"GOLS_SOFRIDOS":1,"NOMES_ALTERNATIVOS":[],"FONTES_JOGOS":["Meu Timão"],"LATITUDE":-23.5888363,"LONGITUDE":-48.0553569,"FONTE_COORDENADAS":"OpenStreetMap Nominatim (geocodificação reversa)","URL_FONTE_COORDENADAS":"https://www.openstreetmap.org/relation/298289","ATRIBUICAO_COORDENADAS":"© OpenStreetMap contributors, ODbL 1.0","PAIS_ISO3":"BRA"},"geometry":{"type":"Point","coordinates":[-48.0553569,-23.5888363]}},{"type":"Feature","properties":{"ESTÁDIO":"Ernestão","CIDADE":"Joinville","ESTADO":"Santa Catarina","PAÍS":"Brasil","CAPACIDADE":"5000","PRIMEIRA_PARTIDA":"AMÉRICA DE JOINVILLE 1x1 CORINTHIANS","DATA_PRIMEIRA_PARTIDA":"1969-07-20","ANO_PRIMEIRA_PARTIDA":1969,"ADVERSARIO":"AMÉRICA DE JOINVILLE","PLACAR":"1x1","COMPETICAO_PRIMEIRA_PARTIDA":"Amistosos 1969","MANDO_PRIMEIRA_PARTIDA":"Não","FONTE_PRIMEIRA_PARTIDA":"https://www.meutimao.com.br/jogo/4458/amistosos-1969/amistoso/america_de_joinville-1-x-1-corinthians","TOTAL_JOGOS":6,"VITÓRIAS":1,"EMPATES":2,"DERROTAS":3,"APROVEITAMENTO_PCT":27.8,"GOLS_MARCADOS":6,"GOLS_SOFRIDOS":8,"NOMES_ALTERNATIVOS":[],"FONTES_JOGOS":["Meu Timão"],"LATITUDE":-26.3186757,"LONGITUDE":-48.8437322,"FONTE_COORDENADAS":"OpenStreetMap Nominatim (geocodificação reversa)","URL_FONTE_COORDENADAS":"https://www.openstreetmap.org/relation/296650","ATRIBUICAO_COORDENADAS":"© OpenStreetMap contributors, ODbL 1.0","CAPACIDADE_FONTE":"Meu Timão","URL_FONTE_CAPACIDADE":"https://www.meutimao.com.br/estadio/ernestao/","PAIS_ISO3":"BRA"},"geometry":{"type":"Point","coordinates":[-48.8437322,-26.3186757]}},{"type":"Feature","properties":{"ESTÁDIO":"Estadio Deportivo Cali","CIDADE":"Palmira","ESTADO":"Valle del Cauca","PAÍS":"Colômbia","CAPACIDADE":"52000","PRIMEIRA_PARTIDA":"DEPORTIVO CALI 0x0 CORINTHIANS","DATA_PRIMEIRA_PARTIDA":"2022-05-04","ANO_PRIMEIRA_PARTIDA":2022,"ADVERSARIO":"DEPORTIVO CALI","PLACAR":"0x0","COMPETICAO_PRIMEIRA_PARTIDA":"Libertadores 2022","MANDO_PRIMEIRA_PARTIDA":"Não","FONTE_PRIMEIRA_PARTIDA":"https://www.meutimao.com.br/jogo/7342/libertadores-2022/deportivo_cali-0-x-0-corinthians","TOTAL_JOGOS":1,"VITÓRIAS":0,"EMPATES":1,"DERROTAS":0,"APROVEITAMENTO_PCT":33.3,"GOLS_MARCADOS":0,"GOLS_SOFRIDOS":0,"NOMES_ALTERNATIVOS":["Deportivo Cali"],"FONTES_JOGOS":["Meu Timão"],"LATITUDE":3.5216811,"LONGITUDE":-76.4170626,"PRECISAO_COORDENADAS":"Estádio identificado","FONTE_COORDENADAS":"OpenStreetMap Nominatim","URL_FONTE_COORDENADAS":"https://www.openstreetmap.org/way/1019253593","ATRIBUICAO_COORDENADAS":"© OpenStreetMap contributors, ODbL 1.0","CAPACIDADE_FONTE":"Meu Timão","URL_FONTE_CAPACIDADE":"https://www.meutimao.com.br/estadio/deportivo_cali/","PAIS_ISO3":"COL"},"geometry":{"type":"Point","coordinates":[-76.4170626,3.5216811]}},{"type":"Feature","properties":{"ESTÁDIO":"Estadio Diego Armando Maradona","CIDADE":"Buenos Aires","ESTADO":"Autonomous City of Buenos Aires","PAÍS":"Argentina","CAPACIDADE":"24800","PRIMEIRA_PARTIDA":"ARGENTINOS JUNIORS 0x0 CORINTHIANS","DATA_PRIMEIRA_PARTIDA":"2023-05-24","ANO_PRIMEIRA_PARTIDA":2023,"ADVERSARIO":"ARGENTINOS JUNIORS","PLACAR":"0x0","COMPETICAO_PRIMEIRA_PARTIDA":"Libertadores 2023","MANDO_PRIMEIRA_PARTIDA":"Não","FONTE_PRIMEIRA_PARTIDA":"https://www.meutimao.com.br/jogo/7722/libertadores-2023/argentinos_juniors-0-x-0-corinthians","TOTAL_JOGOS":2,"VITÓRIAS":0,"EMPATES":1,"DERROTAS":1,"APROVEITAMENTO_PCT":16.7,"GOLS_MARCADOS":0,"GOLS_SOFRIDOS":1,"NOMES_ALTERNATIVOS":[],"FONTES_JOGOS":["Meu Timão"],"LATITUDE":-34.6061053,"LONGITUDE":-58.47263,"PRECISAO_COORDENADAS":"Estádio identificado","FONTE_COORDENADAS":"OpenStreetMap Nominatim","URL_FONTE_COORDENADAS":"https://www.openstreetmap.org/relation/4161394","ATRIBUICAO_COORDENADAS":"© OpenStreetMap contributors, ODbL 1.0","CAPACIDADE_FONTE":"StadiumDB.com","URL_FONTE_CAPACIDADE":"https://stadiumdb.com/stadiums/arg/estadio_diego_armando_maradona","PAIS_ISO3":"ARG"},"geometry":{"type":"Point","coordinates":[-58.47263,-34.6061053]}},{"type":"Feature","properties":{"ESTÁDIO":"Estadio Hidalgo","CIDADE":"Pachuca","ESTADO":"Hidalgo","PAÍS":"México","CAPACIDADE":"30000","PRIMEIRA_PARTIDA":"INDEPENDIENTE 1x2 CORINTHIANS","DATA_PRIMEIRA_PARTIDA":"1981-11-18","ANO_PRIMEIRA_PARTIDA":1981,"ADVERSARIO":"INDEPENDIENTE","PLACAR":"1x2","COMPETICAO_PRIMEIRA_PARTIDA":"Troféu Feira de Hidalgo 1981","MANDO_PRIMEIRA_PARTIDA":"Não","FONTE_PRIMEIRA_PARTIDA":"https://www.meutimao.com.br/jogo/3563/trofeu-feira-de-hidalgo-1981/independiente-1-x-2-corinthians","TOTAL_JOGOS":2,"VITÓRIAS":2,"EMPATES":0,"DERROTAS":0,"APROVEITAMENTO_PCT":100.0,"GOLS_MARCADOS":4,"GOLS_SOFRIDOS":1,"NOMES_ALTERNATIVOS":[],"FONTES_JOGOS":["Meu Timão"],"LATITUDE":20.104934,"LONGITUDE":-98.7564235,"PRECISAO_COORDENADAS":"Estádio identificado","FONTE_COORDENADAS":"OpenStreetMap Nominatim","URL_FONTE_COORDENADAS":"https://www.openstreetmap.org/way/473611576","ATRIBUICAO_COORDENADAS":"© OpenStreetMap contributors, ODbL 1.0","CAPACIDADE_FONTE":"Meu Timão","URL_FONTE_CAPACIDADE":"https://www.meutimao.com.br/estadio/estadio_hidalgo/","PAIS_ISO3":"MEX"},"geometry":{"type":"Point","coordinates":[-98.7564235,20.104934]}},{"type":"Feature","properties":{"ESTÁDIO":"Estadio Marcelo Bielsa","CIDADE":"Rosário","ESTADO":"Santa Fe","PAÍS":"Argentina","CAPACIDADE":"42000","PRIMEIRA_PARTIDA":"NEWELLS OLD BOYS 0x0 CORINTHIANS","DATA_PRIMEIRA_PARTIDA":"2023-08-08","ANO_PRIMEIRA_PARTIDA":2023,"ADVERSARIO":"NEWELLS OLD BOYS","PLACAR":"0x0","COMPETICAO_PRIMEIRA_PARTIDA":"Sul-Americana 2023","MANDO_PRIMEIRA_PARTIDA":"Não","FONTE_PRIMEIRA_PARTIDA":"https://www.meutimao.com.br/jogo/7826/sul-americana-2023/newells_old_boys-0-x-0-corinthians","TOTAL_JOGOS":1,"VITÓRIAS":0,"EMPATES":1,"DERROTAS":0,"APROVEITAMENTO_PCT":33.3,"GOLS_MARCADOS":0,"GOLS_SOFRIDOS":0,"NOMES_ALTERNATIVOS":[],"FONTES_JOGOS":["Meu Timão"],"LATITUDE":-32.9560673,"LONGITUDE":-60.661413,"PRECISAO_COORDENADAS":"Estádio identificado","FONTE_COORDENADAS":"OpenStreetMap Nominatim","URL_FONTE_COORDENADAS":"https://www.openstreetmap.org/way/462624889","ATRIBUICAO_COORDENADAS":"© OpenStreetMap contributors, ODbL 1.0","CAPACIDADE_FONTE":"StadiumDB.com","URL_FONTE_CAPACIDADE":"https://stadiumdb.com/stadiums/arg/el_coloso_del_parque","PAIS_ISO3":"ARG"},"geometry":{"type":"Point","coordinates":[-60.661413,-32.9560673]}},{"type":"Feature","properties":{"ESTÁDIO":"Estadio Metropolitano de Lara","CIDADE":"Cabudare","ESTADO":"Lara State","PAÍS":"Venezuela","CAPACIDADE":"40000","PRIMEIRA_PARTIDA":"DEPORTIVO LARA 2x7 CORINTHIANS","DATA_PRIMEIRA_PARTIDA":"2018-05-17","ANO_PRIMEIRA_PARTIDA":2018,"ADVERSARIO":"DEPORTIVO LARA","PLACAR":"2x7","COMPETICAO_PRIMEIRA_PARTIDA":"Libertadores 2018","MANDO_PRIMEIRA_PARTIDA":"Não","FONTE_PRIMEIRA_PARTIDA":"https://www.meutimao.com.br/jogo/817/libertadores-2018/deportivo_lara-2-x-7-corinthians","TOTAL_JOGOS":2,"VITÓRIAS":2,"EMPATES":0,"DERROTAS":0,"APROVEITAMENTO_PCT":100.0,"GOLS_MARCADOS":9,"GOLS_SOFRIDOS":2,"NOMES_ALTERNATIVOS":["Metropolitano de Lara"],"FONTES_JOGOS":["Meu Timão"],"LATITUDE":9.9935508,"LONGITUDE":-69.2200385,"PRECISAO_COORDENADAS":"Estádio identificado","FONTE_COORDENADAS":"OpenStreetMap Nominatim","URL_FONTE_COORDENADAS":"https://www.openstreetmap.org/way/616874326","ATRIBUICAO_COORDENADAS":"© OpenStreetMap contributors, ODbL 1.0","CAPACIDADE_FONTE":"Meu Timão","URL_FONTE_CAPACIDADE":"https://www.meutimao.com.br/estadio/metropolitano_de_lara/","PAIS_ISO3":"VEN"},"geometry":{"type":"Point","coordinates":[-69.2200385,9.9935508]}},{"type":"Feature","properties":{"ESTÁDIO":"Estadio Modelo Alberto Spencer Herrera","CIDADE":"Guaiaquil","ESTADO":"Guayas","PAÍS":"Equador","CAPACIDADE":"42000","PRIMEIRA_PARTIDA":"EMELEC 1x0 CORINTHIANS","DATA_PRIMEIRA_PARTIDA":"1966-04-13","ANO_PRIMEIRA_PARTIDA":1966,"ADVERSARIO":"EMELEC","PLACAR":"1x0","COMPETICAO_PRIMEIRA_PARTIDA":"Amistosos 1966","MANDO_PRIMEIRA_PARTIDA":"Não","FONTE_PRIMEIRA_PARTIDA":"https://www.meutimao.com.br/jogo/4635/amistosos-1966/amistoso/emelec-1-x-0-corinthians","TOTAL_JOGOS":3,"VITÓRIAS":1,"EMPATES":0,"DERROTAS":2,"APROVEITAMENTO_PCT":33.3,"GOLS_MARCADOS":5,"GOLS_SOFRIDOS":4,"NOMES_ALTERNATIVOS":["Estadio Modelo"],"FONTES_JOGOS":["Meu Timão"],"LATITUDE":-2.1789233,"LONGITUDE":-79.8943538,"PRECISAO_COORDENADAS":"Estádio identificado","FONTE_COORDENADAS":"OpenStreetMap Nominatim","URL_FONTE_COORDENADAS":"https://www.openstreetmap.org/way/35425151","ATRIBUICAO_COORDENADAS":"© OpenStreetMap contributors, ODbL 1.0","CAPACIDADE_FONTE":"Meu Timão","URL_FONTE_CAPACIDADE":"https://www.meutimao.com.br/estadio/estadio_modelo/","PAIS_ISO3":"ECU"},"geometry":{"type":"Point","coordinates":[-79.8943538,-2.1789233]}},{"type":"Feature","properties":{"ESTÁDIO":"Estadio Monumental","CIDADE":"Santiago","ESTADO":"Região Metropolitana de Santiago","PAÍS":"Chile","CAPACIDADE":"47347","PRIMEIRA_PARTIDA":"COLO-COLO 0x2 CORINTHIANS","DATA_PRIMEIRA_PARTIDA":"2001-07-26","ANO_PRIMEIRA_PARTIDA":2001,"ADVERSARIO":"COLO-COLO","PLACAR":"0x2","COMPETICAO_PRIMEIRA_PARTIDA":"Copa Mercosul 2001","MANDO_PRIMEIRA_PARTIDA":"Não","FONTE_PRIMEIRA_PARTIDA":"https://www.meutimao.com.br/jogo/2059/copa-mercosul-2001/colo-colo-0-x-2-corinthians","TOTAL_JOGOS":2,"VITÓRIAS":1,"EMPATES":0,"DERROTAS":1,"APROVEITAMENTO_PCT":50.0,"GOLS_MARCADOS":2,"GOLS_SOFRIDOS":1,"NOMES_ALTERNATIVOS":[],"FONTES_JOGOS":["Meu Timão"],"LATITUDE":-33.5064372,"LONGITUDE":-70.6059468,"PRECISAO_COORDENADAS":"Estádio identificado","FONTE_COORDENADAS":"OpenStreetMap Nominatim","URL_FONTE_COORDENADAS":"https://www.openstreetmap.org/way/297163434","ATRIBUICAO_COORDENADAS":"© OpenStreetMap contributors, ODbL 1.0","CAPACIDADE_FONTE":"StadiumDB.com","URL_FONTE_CAPACIDADE":"https://stadiumdb.com/stadiums/chi/estadio_monumental_david_arellano","PAIS_ISO3":"CHL"},"geometry":{"type":"Point","coordinates":[-70.6059468,-33.5064372]}},{"type":"Feature","properties":{"ESTÁDIO":"Estadio Monumental U","CIDADE":"Lima","ESTADO":"Lima","PAÍS":"Peru","CAPACIDADE":"80093","PRIMEIRA_PARTIDA":"UNIVERSITARIO DE DEPORTES 1x2 CORINTHIANS","DATA_PRIMEIRA_PARTIDA":"2023-07-18","ANO_PRIMEIRA_PARTIDA":2023,"ADVERSARIO":"UNIVERSITARIO DE DEPORTES","PLACAR":"1x2","COMPETICAO_PRIMEIRA_PARTIDA":"Sul-Americana 2023","MANDO_PRIMEIRA_PARTIDA":"Não","FONTE_PRIMEIRA_PARTIDA":"https://www.meutimao.com.br/jogo/7818/sul-americana-2023/universitario_de_deportes-1-x-2-corinthians","TOTAL_JOGOS":1,"VITÓRIAS":1,"EMPATES":0,"DERROTAS":0,"APROVEITAMENTO_PCT":100.0,"GOLS_MARCADOS":2,"GOLS_SOFRIDOS":1,"NOMES_ALTERNATIVOS":[],"FONTES_JOGOS":["Meu Timão"],"LATITUDE":-12.0556,"LONGITUDE":-76.93583,"PRECISAO_COORDENADAS":"Estádio identificado","FONTE_COORDENADAS":"Wikipedia","URL_FONTE_COORDENADAS":"https://pt.wikipedia.org/wiki/Est%C3%A1dio_Monumental_%22U%22","ATRIBUICAO_COORDENADAS":"Wikimedia / Wikipedia","CAPACIDADE_FONTE":"Meu Timão","URL_FONTE_CAPACIDADE":"https://www.meutimao.com.br/estadio/estadio_monumental_u/","PAIS_ISO3":"PER"},"geometry":{"type":"Point","coordinates":[-76.93583,-12.0556]}},{"type":"Feature","properties":{"ESTÁDIO":"Estadio Municipal Walter Ribeiro","CIDADE":"Sorocaba","ESTADO":"São Paulo","PAÍS":"Brasil","CAPACIDADE":"13722","PRIMEIRA_PARTIDA":"SÃO BENTO 0x2 CORINTHIANS","DATA_PRIMEIRA_PARTIDA":"1978-10-22","ANO_PRIMEIRA_PARTIDA":1978,"ADVERSARIO":"SÃO BENTO","PLACAR":"0x2","COMPETICAO_PRIMEIRA_PARTIDA":"Paulista 1978","MANDO_PRIMEIRA_PARTIDA":"Não","FONTE_PRIMEIRA_PARTIDA":"https://www.meutimao.com.br/jogo/3760/paulista-1978/sao_bento-0-x-2-corinthians","TOTAL_JOGOS":21,"VITÓRIAS":11,"EMPATES":8,"DERROTAS":2,"APROVEITAMENTO_PCT":65.1,"GOLS_MARCADOS":29,"GOLS_SOFRIDOS":14,"NOMES_ALTERNATIVOS":["Walter Ribeiro"],"FONTES_JOGOS":["Meu Timão"],"LATITUDE":-23.4898482,"LONGITUDE":-47.4488192,"PRECISAO_COORDENADAS":"Estádio identificado","FONTE_COORDENADAS":"OpenStreetMap Nominatim","URL_FONTE_COORDENADAS":"https://www.openstreetmap.org/way/1149658152","ATRIBUICAO_COORDENADAS":"© OpenStreetMap contributors, ODbL 1.0","CAPACIDADE_FONTE":"Meu Timão","URL_FONTE_CAPACIDADE":"https://www.meutimao.com.br/estadio/walter_ribeiro/","PAIS_ISO3":"BRA"},"geometry":{"type":"Point","coordinates":[-47.4488192,-23.4898482]}},{"type":"Feature","properties":{"ESTÁDIO":"Estadio Olímpico Atahualpa","CIDADE":"Quito","ESTADO":"Pichincha","PAÍS":"Equador","CAPACIDADE":"35258","PRIMEIRA_PARTIDA":"EL NACIONAL 2x1 CORINTHIANS","DATA_PRIMEIRA_PARTIDA":"1977-04-10","ANO_PRIMEIRA_PARTIDA":1977,"ADVERSARIO":"EL NACIONAL","PLACAR":"2x1","COMPETICAO_PRIMEIRA_PARTIDA":"Libertadores 1977","MANDO_PRIMEIRA_PARTIDA":"Não","FONTE_PRIMEIRA_PARTIDA":"https://www.meutimao.com.br/jogo/3791/libertadores-1977/el_nacional-2-x-1-corinthians","TOTAL_JOGOS":3,"VITÓRIAS":1,"EMPATES":1,"DERROTAS":1,"APROVEITAMENTO_PCT":44.4,"GOLS_MARCADOS":6,"GOLS_SOFRIDOS":5,"NOMES_ALTERNATIVOS":[],"FONTES_JOGOS":["Meu Timão"],"LATITUDE":-0.1775141,"LONGITUDE":-78.4766126,"PRECISAO_COORDENADAS":"Estádio identificado","FONTE_COORDENADAS":"OpenStreetMap Nominatim","URL_FONTE_COORDENADAS":"https://www.openstreetmap.org/way/24611185","ATRIBUICAO_COORDENADAS":"© OpenStreetMap contributors, ODbL 1.0","CAPACIDADE_STADIUMDB":"39816","FONTE_CAPACIDADE_STADIUMDB":"StadiumDB.com","URL_CAPACIDADE_STADIUMDB":"https://stadiumdb.com/stadiums/ecu/estadio_olimpico_atahualpa","PAIS_ISO3":"ECU"},"geometry":{"type":"Point","coordinates":[-78.4766126,-0.1775141]}},{"type":"Feature","properties":{"ESTÁDIO":"Estadio Olímpico Universitario","CIDADE":"Cidade do México","ESTADO":"Cidade do México","PAÍS":"México","CAPACIDADE":"58155","PRIMEIRA_PARTIDA":"PUMAS 3x0 CORINTHIANS","DATA_PRIMEIRA_PARTIDA":"2005-11-09","ANO_PRIMEIRA_PARTIDA":2005,"ADVERSARIO":"PUMAS","PLACAR":"3x0","COMPETICAO_PRIMEIRA_PARTIDA":"Sul-Americana 2005","MANDO_PRIMEIRA_PARTIDA":"Não","FONTE_PRIMEIRA_PARTIDA":"https://www.meutimao.com.br/jogo/1811/sul-americana-2005/quartas_de_final/pumas-3-x-0-corinthians","TOTAL_JOGOS":1,"VITÓRIAS":0,"EMPATES":0,"DERROTAS":1,"APROVEITAMENTO_PCT":0.0,"GOLS_MARCADOS":0,"GOLS_SOFRIDOS":3,"NOMES_ALTERNATIVOS":["Olímpico Universitário"],"FONTES_JOGOS":["Meu Timão"],"LATITUDE":19.3316881,"LONGITUDE":-99.1922864,"PRECISAO_COORDENADAS":"Estádio identificado","FONTE_COORDENADAS":"OpenStreetMap Nominatim","URL_FONTE_COORDENADAS":"https://www.openstreetmap.org/relation/14549034","ATRIBUICAO_COORDENADAS":"© OpenStreetMap contributors, ODbL 1.0","CAPACIDADE_FONTE":"Meu Timão","URL_FONTE_CAPACIDADE":"https://www.meutimao.com.br/estadio/olimpico_universitario/","PAIS_ISO3":"MEX"},"geometry":{"type":"Point","coordinates":[-99.1922864,19.3316881]}},{"type":"Feature","properties":{"ESTÁDIO":"Estádio Alfredo Schürig (Fazendinha)","CIDADE":"São Paulo","ESTADO":"São Paulo","PAÍS":"Brasil","CAPACIDADE":null,"PRIMEIRA_PARTIDA":"SÍRIO 0x1 CORINTHIANS","DATA_PRIMEIRA_PARTIDA":"1923-01-25","ANO_PRIMEIRA_PARTIDA":1923,"ADVERSARIO":"SÍRIO","PLACAR":"0x1","COMPETICAO_PRIMEIRA_PARTIDA":"Paulista 1922","MANDO_PRIMEIRA_PARTIDA":"Não","FONTE_PRIMEIRA_PARTIDA":"https://www.meutimao.com.br/jogo/6818/paulista-1922/sirio-0-x-1-corinthians","TOTAL_JOGOS":468,"VITÓRIAS":347,"EMPATES":59,"DERROTAS":62,"APROVEITAMENTO_PCT":78.3,"GOLS_MARCADOS":1320,"GOLS_SOFRIDOS":478,"NOMES_ALTERNATIVOS":[],"FONTES_JOGOS":["Meu Timão"],"LATITUDE":-23.5268908,"LONGITUDE":-46.5685153,"FONTE_COORDENADAS":"OpenStreetMap Nominatim (geocodificação reversa)","URL_FONTE_COORDENADAS":"https://www.openstreetmap.org/relation/298285","ATRIBUICAO_COORDENADAS":"© OpenStreetMap contributors, ODbL 1.0","PAIS_ISO3":"BRA"},"geometry":{"type":"Point","coordinates":[-46.5685153,-23.5268908]}},{"type":"Feature","properties":{"ESTÁDIO":"Estádio Antônio Garcia","CIDADE":"Bauru","ESTADO":"São Paulo","PAÍS":"Brasil","CAPACIDADE":"10000","PRIMEIRA_PARTIDA":"BAURU ATLÉTICO CLUBE 0x3 CORINTHIANS","DATA_PRIMEIRA_PARTIDA":"1944-12-08","ANO_PRIMEIRA_PARTIDA":1944,"ADVERSARIO":"BAURU ATLÉTICO CLUBE","PLACAR":"0x3","COMPETICAO_PRIMEIRA_PARTIDA":"Amistosos 1944","MANDO_PRIMEIRA_PARTIDA":"Não","FONTE_PRIMEIRA_PARTIDA":"https://www.meutimao.com.br/jogo/6143/amistosos-1944/amistoso/bauru_atletico_clube-0-x-3-corinthians","TOTAL_JOGOS":2,"VITÓRIAS":1,"EMPATES":0,"DERROTAS":1,"APROVEITAMENTO_PCT":50.0,"GOLS_MARCADOS":6,"GOLS_SOFRIDOS":6,"NOMES_ALTERNATIVOS":[],"FONTES_JOGOS":["Meu Timão"],"LATITUDE":-22.3173803,"LONGITUDE":-49.0689778,"PRECISAO_COORDENADAS":"Município (estádio exato não identificado)","FONTE_COORDENADAS":"OpenStreetMap Nominatim (localidade aproximada)","URL_FONTE_COORDENADAS":"https://www.openstreetmap.org/relation/298315","ATRIBUICAO_COORDENADAS":"© OpenStreetMap contributors, ODbL 1.0","CAPACIDADE_FONTE":"Meu Timão","URL_FONTE_CAPACIDADE":"https://www.meutimao.com.br/estadio/estadio_antonio_garcia/","PAIS_ISO3":"BRA"},"geometry":{"type":"Point","coordinates":[-49.0689778,-22.3173803]}},{"type":"Feature","properties":{"ESTÁDIO":"Estádio Azteca","CIDADE":"Cidade do México","ESTADO":"Cidade do México","PAÍS":"Mexico","CAPACIDADE":"87523","PRIMEIRA_PARTIDA":"AMÉRICA 2x0 CORINTHIANS","DATA_PRIMEIRA_PARTIDA":"2000-02-16","ANO_PRIMEIRA_PARTIDA":2000,"ADVERSARIO":"AMÉRICA","PLACAR":"2x0","COMPETICAO_PRIMEIRA_PARTIDA":"Libertadores 2000","MANDO_PRIMEIRA_PARTIDA":"Não","FONTE_PRIMEIRA_PARTIDA":"https://www.meutimao.com.br/jogo/2106/libertadores-2000/america-2-x-0-corinthians","TOTAL_JOGOS":1,"VITÓRIAS":0,"EMPATES":0,"DERROTAS":1,"APROVEITAMENTO_PCT":0.0,"GOLS_MARCADOS":0,"GOLS_SOFRIDOS":2,"NOMES_ALTERNATIVOS":[],"FONTES_JOGOS":["Meu Timão"],"LATITUDE":19.3028607,"LONGITUDE":-99.1505277,"FONTE_COORDENADAS":"OpenStreetMap Nominatim (geocodificação reversa)","URL_FONTE_COORDENADAS":"https://www.openstreetmap.org/relation/17483459","ATRIBUICAO_COORDENADAS":"© OpenStreetMap contributors, ODbL 1.0","CAPACIDADE_FONTE":"Meu Timão","URL_FONTE_CAPACIDADE":"https://www.meutimao.com.br/estadio/estadio_azteca/","PAIS_ISO3":"MEX","FONTE_CORRECAO_PAIS":"https://data.geocode.earth/wof/dist/legacy/whosonfirst-data-country-latest.tar.bz2"},"geometry":{"type":"Point","coordinates":[-99.1505277,19.3028607]}},{"type":"Feature","properties":{"ESTÁDIO":"Estádio Azul","CIDADE":"Cidade do México","ESTADO":"Cidade do México","PAÍS":"Mexico","CAPACIDADE":"35161","PRIMEIRA_PARTIDA":"CRUZ AZUL 3x0 CORINTHIANS","DATA_PRIMEIRA_PARTIDA":"2003-03-26","ANO_PRIMEIRA_PARTIDA":2003,"ADVERSARIO":"CRUZ AZUL","PLACAR":"3x0","COMPETICAO_PRIMEIRA_PARTIDA":"Libertadores 2003","MANDO_PRIMEIRA_PARTIDA":"Não","FONTE_PRIMEIRA_PARTIDA":"https://www.meutimao.com.br/jogo/1896/libertadores-2003/cruz_azul-3-x-0-corinthians","TOTAL_JOGOS":2,"VITÓRIAS":0,"EMPATES":1,"DERROTAS":1,"APROVEITAMENTO_PCT":16.7,"GOLS_MARCADOS":0,"GOLS_SOFRIDOS":3,"NOMES_ALTERNATIVOS":[],"FONTES_JOGOS":["Meu Timão"],"LATITUDE":19.3834469,"LONGITUDE":-99.1782654,"FONTE_COORDENADAS":"OpenStreetMap Nominatim (geocodificação reversa)","URL_FONTE_COORDENADAS":"https://www.openstreetmap.org/relation/17483459","ATRIBUICAO_COORDENADAS":"© OpenStreetMap contributors, ODbL 1.0","CAPACIDADE_FONTE":"Meu Timão","URL_FONTE_CAPACIDADE":"https://www.meutimao.com.br/estadio/estadio_azul/","PAIS_ISO3":"MEX","FONTE_CORRECAO_PAIS":"https://data.geocode.earth/wof/dist/legacy/whosonfirst-data-country-latest.tar.bz2"},"geometry":{"type":"Point","coordinates":[-99.1782654,19.3834469]}},{"type":"Feature","properties":{"ESTÁDIO":"Estádio Benito Agnelo Castellano","CIDADE":"Rio Claro","ESTADO":"São Paulo","PAÍS":"Brasil","CAPACIDADE":null,"PRIMEIRA_PARTIDA":"VELO CLUBE 0x2 CORINTHIANS","DATA_PRIMEIRA_PARTIDA":"1975-06-24","ANO_PRIMEIRA_PARTIDA":1975,"ADVERSARIO":"VELO CLUBE","PLACAR":"0x2","COMPETICAO_PRIMEIRA_PARTIDA":"Amistosos 1975","MANDO_PRIMEIRA_PARTIDA":"Não","FONTE_PRIMEIRA_PARTIDA":"https://www.meutimao.com.br/jogo/3969/amistosos-1975/amistoso/velo_clube-0-x-2-corinthians","TOTAL_JOGOS":4,"VITÓRIAS":3,"EMPATES":1,"DERROTAS":0,"APROVEITAMENTO_PCT":83.3,"GOLS_MARCADOS":9,"GOLS_SOFRIDOS":0,"NOMES_ALTERNATIVOS":[],"FONTES_JOGOS":["Meu Timão"],"LATITUDE":-22.4181293,"LONGITUDE":-47.5564008,"PRECISAO_COORDENADAS":"Estádio identificado","FONTE_COORDENADAS":"OpenStreetMap Nominatim","URL_FONTE_COORDENADAS":"https://www.openstreetmap.org/way/188337617","ATRIBUICAO_COORDENADAS":"© OpenStreetMap contributors, ODbL 1.0","PAIS_ISO3":"BRA"},"geometry":{"type":"Point","coordinates":[-47.5564008,-22.4181293]}},{"type":"Feature","properties":{"ESTÁDIO":"Estádio Luso-Brasileiro","CIDADE":"Ilha do Governador","ESTADO":"RJ","PAÍS":"Brasil","CAPACIDADE":"22000","PRIMEIRA_PARTIDA":"BOTAFOGO 3x1 CORINTHIANS","DATA_PRIMEIRA_PARTIDA":"2005-05-01","ANO_PRIMEIRA_PARTIDA":2005,"ADVERSARIO":"BOTAFOGO","PLACAR":"3x1","COMPETICAO_PRIMEIRA_PARTIDA":"Brasileirão 2005","MANDO_PRIMEIRA_PARTIDA":"Não","FONTE_PRIMEIRA_PARTIDA":"https://www.meutimao.com.br/jogo/1764/brasileirao-2005/botafogo-3-x-1-corinthians","TOTAL_JOGOS":2,"VITÓRIAS":1,"EMPATES":0,"DERROTAS":1,"APROVEITAMENTO_PCT":50.0,"GOLS_MARCADOS":4,"GOLS_SOFRIDOS":4,"NOMES_ALTERNATIVOS":["Arena Botafogo"],"FONTES_JOGOS":["Meu Timão"],"LATITUDE":-22.8017154,"LONGITUDE":-43.2081599,"PRECISAO_COORDENADAS":"Estádio identificado","FONTE_COORDENADAS":"OpenStreetMap Nominatim","URL_FONTE_COORDENADAS":"https://www.openstreetmap.org/way/499897352","ATRIBUICAO_COORDENADAS":"© OpenStreetMap contributors, ODbL 1.0","CAPACIDADE_FONTE":"Meu Timão","URL_FONTE_CAPACIDADE":"https://www.meutimao.com.br/estadio/arena_botafogo/","PAIS_ISO3":"BRA"},"geometry":{"type":"Point","coordinates":[-43.2081599,-22.8017154]}},{"type":"Feature","properties":{"ESTÁDIO":"Estádio Mithatpasa","CIDADE":"Istambul","ESTADO":null,"PAÍS":"Turquia","CAPACIDADE":"32145","PRIMEIRA_PARTIDA":"BESIKTAS 0x3 CORINTHIANS","DATA_PRIMEIRA_PARTIDA":"1972-06-01","ANO_PRIMEIRA_PARTIDA":1972,"ADVERSARIO":"BESIKTAS","PLACAR":"0x3","COMPETICAO_PRIMEIRA_PARTIDA":"Amistosos 1972","MANDO_PRIMEIRA_PARTIDA":"Não","FONTE_PRIMEIRA_PARTIDA":"https://www.meutimao.com.br/jogo/4194/amistosos-1972/amistoso/besiktas-0-x-3-corinthians","TOTAL_JOGOS":1,"VITÓRIAS":1,"EMPATES":0,"DERROTAS":0,"APROVEITAMENTO_PCT":100.0,"GOLS_MARCADOS":3,"GOLS_SOFRIDOS":0,"NOMES_ALTERNATIVOS":[],"FONTES_JOGOS":["Meu Timão"],"LATITUDE":41.006381,"LONGITUDE":28.9758715,"PRECISAO_COORDENADAS":"Município (estádio exato não identificado)","FONTE_COORDENADAS":"OpenStreetMap Nominatim (localidade aproximada)","URL_FONTE_COORDENADAS":"https://www.openstreetmap.org/node/1882099475","ATRIBUICAO_COORDENADAS":"© OpenStreetMap contributors, ODbL 1.0","CAPACIDADE_FONTE":"Meu Timão","URL_FONTE_CAPACIDADE":"https://www.meutimao.com.br/estadio/estadio_mithatpasa/","PAIS_ISO3":"TUR"},"geometry":{"type":"Point","coordinates":[28.9758715,41.006381]}},{"type":"Feature","properties":{"ESTÁDIO":"Estádio Mohammed V","CIDADE":"Casablanca","ESTADO":"Casablanca-Settat","PAÍS":"Marrocos","CAPACIDADE":"52000","PRIMEIRA_PARTIDA":"SELEÇÃO MARROQUINA 1x0 CORINTHIANS","DATA_PRIMEIRA_PARTIDA":"1970-05-10","ANO_PRIMEIRA_PARTIDA":1970,"ADVERSARIO":"SELEÇÃO MARROQUINA","PLACAR":"1x0","COMPETICAO_PRIMEIRA_PARTIDA":"Amistosos 1970","MANDO_PRIMEIRA_PARTIDA":"Não","FONTE_PRIMEIRA_PARTIDA":"https://www.meutimao.com.br/jogo/4373/amistosos-1970/amistoso/selecao_marroquina-1-x-0-corinthians","TOTAL_JOGOS":1,"VITÓRIAS":0,"EMPATES":0,"DERROTAS":1,"APROVEITAMENTO_PCT":0.0,"GOLS_MARCADOS":0,"GOLS_SOFRIDOS":1,"NOMES_ALTERNATIVOS":[],"FONTES_JOGOS":["Meu Timão"],"LATITUDE":33.5828667,"LONGITUDE":-7.6468167,"PRECISAO_COORDENADAS":"Estádio identificado","FONTE_COORDENADAS":"Wikipedia","URL_FONTE_COORDENADAS":"https://pt.wikipedia.org/wiki/Est%C3%A1dio_Mohammed_V","ATRIBUICAO_COORDENADAS":"Wikimedia / Wikipedia","CAPACIDADE_FONTE":"Meu Timão","URL_FONTE_CAPACIDADE":"https://www.meutimao.com.br/estadio/estadio_mohammed_v/","PAIS_ISO3":"MAR"},"geometry":{"type":"Point","coordinates":[-7.6468167,33.5828667]}},{"type":"Feature","properties":{"ESTÁDIO":"Estádio Municipal Cândido de Barros","CIDADE":"Araraquara","ESTADO":"São Paulo","PAÍS":"Brasil","CAPACIDADE":"14805","PRIMEIRA_PARTIDA":"SELEÇÃO DE ARARAQUARA 1x4 CORINTHIANS","DATA_PRIMEIRA_PARTIDA":"1942-08-23","ANO_PRIMEIRA_PARTIDA":1942,"ADVERSARIO":"SELEÇÃO DE ARARAQUARA","PLACAR":"1x4","COMPETICAO_PRIMEIRA_PARTIDA":"Amistosos 1942","MANDO_PRIMEIRA_PARTIDA":"Não","FONTE_PRIMEIRA_PARTIDA":"https://www.meutimao.com.br/jogo/6229/amistosos-1942/amistoso/selecao_de_araraquara-1-x-4-corinthians","TOTAL_JOGOS":2,"VITÓRIAS":2,"EMPATES":0,"DERROTAS":0,"APROVEITAMENTO_PCT":100.0,"GOLS_MARCADOS":8,"GOLS_SOFRIDOS":1,"NOMES_ALTERNATIVOS":[],"FONTES_JOGOS":["Meu Timão"],"LATITUDE":-21.7886713,"LONGITUDE":-48.1773096,"PRECISAO_COORDENADAS":"Município (estádio exato não identificado)","FONTE_COORDENADAS":"OpenStreetMap Nominatim (localidade aproximada)","URL_FONTE_COORDENADAS":"https://www.openstreetmap.org/relation/298395","ATRIBUICAO_COORDENADAS":"© OpenStreetMap contributors, ODbL 1.0","CAPACIDADE_FONTE":"Meu Timão","URL_FONTE_CAPACIDADE":"https://www.meutimao.com.br/estadio/estadio_municipal_candido_de_barros/","PAIS_ISO3":"BRA"},"geometry":{"type":"Point","coordinates":[-48.1773096,-21.7886713]}},{"type":"Feature","properties":{"ESTÁDIO":"Estádio Municipal de Ipaussu","CIDADE":"Ipaussu","ESTADO":"São Paulo","PAÍS":"Brasil","CAPACIDADE":"5000","PRIMEIRA_PARTIDA":"IPAUÇUENSE 0x7 CORINTHIANS","DATA_PRIMEIRA_PARTIDA":"1957-04-07","ANO_PRIMEIRA_PARTIDA":1957,"ADVERSARIO":"IPAUÇUENSE","PLACAR":"0x7","COMPETICAO_PRIMEIRA_PARTIDA":"Amistosos 1957","MANDO_PRIMEIRA_PARTIDA":"Não","FONTE_PRIMEIRA_PARTIDA":"https://www.meutimao.com.br/jogo/5346/amistosos-1957/amistoso/ipaucuense-0-x-7-corinthians","TOTAL_JOGOS":1,"VITÓRIAS":1,"EMPATES":0,"DERROTAS":0,"APROVEITAMENTO_PCT":100.0,"GOLS_MARCADOS":7,"GOLS_SOFRIDOS":0,"NOMES_ALTERNATIVOS":[],"FONTES_JOGOS":["Meu Timão"],"LATITUDE":-23.0544285,"LONGITUDE":-49.6264306,"PRECISAO_COORDENADAS":"Município (estádio exato não identificado)","FONTE_COORDENADAS":"OpenStreetMap Nominatim (localidade aproximada)","URL_FONTE_COORDENADAS":"https://www.openstreetmap.org/relation/5684893","ATRIBUICAO_COORDENADAS":"© OpenStreetMap contributors, ODbL 1.0","CAPACIDADE_FONTE":"Meu Timão","URL_FONTE_CAPACIDADE":"https://www.meutimao.com.br/estadio/estadio_municipal_de_ipaussu/","PAIS_ISO3":"BRA"},"geometry":{"type":"Point","coordinates":[-49.6264306,-23.0544285]}},{"type":"Feature","properties":{"ESTÁDIO":"Estádio Nacional da Tailândia","CIDADE":"Banguecoque","ESTADO":null,"PAÍS":"Tailândia","CAPACIDADE":"35000","PRIMEIRA_PARTIDA":"SELEÇÃO TAILANDESA 0x4 CORINTHIANS","DATA_PRIMEIRA_PARTIDA":"1984-01-31","ANO_PRIMEIRA_PARTIDA":1984,"ADVERSARIO":"SELEÇÃO TAILANDESA","PLACAR":"0x4","COMPETICAO_PRIMEIRA_PARTIDA":"Amistosos 1984","MANDO_PRIMEIRA_PARTIDA":"Não","FONTE_PRIMEIRA_PARTIDA":"https://www.meutimao.com.br/jogo/3269/amistosos-1984/amistoso/selecao_tailandesa-0-x-4-corinthians","TOTAL_JOGOS":1,"VITÓRIAS":1,"EMPATES":0,"DERROTAS":0,"APROVEITAMENTO_PCT":100.0,"GOLS_MARCADOS":4,"GOLS_SOFRIDOS":0,"NOMES_ALTERNATIVOS":[],"FONTES_JOGOS":["Meu Timão"],"LATITUDE":13.7524938,"LONGITUDE":100.4935089,"PRECISAO_COORDENADAS":"Município (estádio exato não identificado)","FONTE_COORDENADAS":"OpenStreetMap Nominatim (localidade aproximada)","URL_FONTE_COORDENADAS":"https://www.openstreetmap.org/relation/92277","ATRIBUICAO_COORDENADAS":"© OpenStreetMap contributors, ODbL 1.0","CAPACIDADE_FONTE":"Meu Timão","URL_FONTE_CAPACIDADE":"https://www.meutimao.com.br/estadio/estadio_nacional_da_tailandia/","PAIS_ISO3":"THA"},"geometry":{"type":"Point","coordinates":[100.4935089,13.7524938]}},{"type":"Feature","properties":{"ESTÁDIO":"Estádio Olímpico de Helsinque","CIDADE":"Helsínquia","ESTADO":"Uusimaa","PAÍS":"Finlândia","CAPACIDADE":"39784","PRIMEIRA_PARTIDA":"SELEÇÃO FINLANDESA DE FUTEBOL 1x5 CORINTHIANS","DATA_PRIMEIRA_PARTIDA":"1952-06-01","ANO_PRIMEIRA_PARTIDA":1952,"ADVERSARIO":"SELEÇÃO FINLANDESA DE FUTEBOL","PLACAR":"1x5","COMPETICAO_PRIMEIRA_PARTIDA":"Amistosos 1952","MANDO_PRIMEIRA_PARTIDA":"Não","FONTE_PRIMEIRA_PARTIDA":"https://www.meutimao.com.br/jogo/5704/amistosos-1952/amistoso/selecao_finlandesa_de_futebol-1-x-5-corinthians","TOTAL_JOGOS":1,"VITÓRIAS":1,"EMPATES":0,"DERROTAS":0,"APROVEITAMENTO_PCT":100.0,"GOLS_MARCADOS":5,"GOLS_SOFRIDOS":1,"NOMES_ALTERNATIVOS":[],"FONTES_JOGOS":["Meu Timão"],"LATITUDE":60.1875,"LONGITUDE":24.92722,"PRECISAO_COORDENADAS":"Estádio identificado","FONTE_COORDENADAS":"Wikipedia","URL_FONTE_COORDENADAS":"https://pt.wikipedia.org/wiki/Est%C3%A1dio_Ol%C3%ADmpico_de_Helsinque","ATRIBUICAO_COORDENADAS":"Wikimedia / Wikipedia","CAPACIDADE_FONTE":"Meu Timão","URL_FONTE_CAPACIDADE":"https://www.meutimao.com.br/estadio/estadio_olimpico_de_helsinque/","PAIS_ISO3":"FIN"},"geometry":{"type":"Point","coordinates":[24.92722,60.1875]}},{"type":"Feature","properties":{"ESTÁDIO":"Estádio Olímpico de Roma","CIDADE":"Roma","ESTADO":"Lácio","PAÍS":"Itália","CAPACIDADE":"72698","PRIMEIRA_PARTIDA":"ROMA 0x1 CORINTHIANS","DATA_PRIMEIRA_PARTIDA":"1972-06-20","ANO_PRIMEIRA_PARTIDA":1972,"ADVERSARIO":"ROMA","PLACAR":"0x1","COMPETICAO_PRIMEIRA_PARTIDA":"Amistosos 1972","MANDO_PRIMEIRA_PARTIDA":"Não","FONTE_PRIMEIRA_PARTIDA":"https://www.meutimao.com.br/jogo/4199/amistosos-1972/amistoso/roma-0-x-1-corinthians","TOTAL_JOGOS":1,"VITÓRIAS":1,"EMPATES":0,"DERROTAS":0,"APROVEITAMENTO_PCT":100.0,"GOLS_MARCADOS":1,"GOLS_SOFRIDOS":0,"NOMES_ALTERNATIVOS":[],"FONTES_JOGOS":["Meu Timão"],"LATITUDE":41.93389,"LONGITUDE":12.45472,"PRECISAO_COORDENADAS":"Estádio identificado","FONTE_COORDENADAS":"Wikipedia","URL_FONTE_COORDENADAS":"https://pt.wikipedia.org/wiki/Est%C3%A1dio_Ol%C3%ADmpico_de_Roma","ATRIBUICAO_COORDENADAS":"Wikimedia / Wikipedia","CAPACIDADE_FONTE":"Meu Timão","URL_FONTE_CAPACIDADE":"https://www.meutimao.com.br/estadio/estadio_olimpico_de_roma/","PAIS_ISO3":"ITA"},"geometry":{"type":"Point","coordinates":[12.45472,41.93389]}},{"type":"Feature","properties":{"ESTÁDIO":"Estádio Os Pioneiros","CIDADE":"Pato Branco","ESTADO":"Paraná","PAÍS":"Brasil","CAPACIDADE":"1500","PRIMEIRA_PARTIDA":"PATO BRANCO 0x3 CORINTHIANS","DATA_PRIMEIRA_PARTIDA":"1976-05-09","ANO_PRIMEIRA_PARTIDA":1976,"ADVERSARIO":"PATO BRANCO","PLACAR":"0x3","COMPETICAO_PRIMEIRA_PARTIDA":"Amistosos 1976","MANDO_PRIMEIRA_PARTIDA":"Não","FONTE_PRIMEIRA_PARTIDA":"https://www.meutimao.com.br/jogo/3878/amistosos-1976/amistoso/pato_branco-0-x-3-corinthians","TOTAL_JOGOS":1,"VITÓRIAS":1,"EMPATES":0,"DERROTAS":0,"APROVEITAMENTO_PCT":100.0,"GOLS_MARCADOS":3,"GOLS_SOFRIDOS":0,"NOMES_ALTERNATIVOS":["Os Pioneiros"],"FONTES_JOGOS":["Meu Timão"],"LATITUDE":-26.2111271,"LONGITUDE":-52.6795706,"PRECISAO_COORDENADAS":"Estádio identificado","FONTE_COORDENADAS":"OpenStreetMap Nominatim","URL_FONTE_COORDENADAS":"https://www.openstreetmap.org/way/96299422","ATRIBUICAO_COORDENADAS":"© OpenStreetMap contributors, ODbL 1.0","CAPACIDADE_FONTE":"Meu Timão","URL_FONTE_CAPACIDADE":"https://www.meutimao.com.br/estadio/os_pioneiros/","PAIS_ISO3":"BRA"},"geometry":{"type":"Point","coordinates":[-52.6795706,-26.2111271]}},{"type":"Feature","properties":{"ESTÁDIO":"Estádio Papa João","CIDADE":"Mogi Mirim","ESTADO":"São Paulo","PAÍS":"Brasil","CAPACIDADE":"150","PRIMEIRA_PARTIDA":"MOGI MIRIM 1x1 CORINTHIANS","DATA_PRIMEIRA_PARTIDA":"2012-02-08","ANO_PRIMEIRA_PARTIDA":2012,"ADVERSARIO":"MOGI MIRIM","PLACAR":"1x1","COMPETICAO_PRIMEIRA_PARTIDA":"Paulista 2012","MANDO_PRIMEIRA_PARTIDA":"Não","FONTE_PRIMEIRA_PARTIDA":"https://www.meutimao.com.br/jogo/295/paulista-2012/mogi_mirim-1-x-1-corinthians","TOTAL_JOGOS":1,"VITÓRIAS":0,"EMPATES":1,"DERROTAS":0,"APROVEITAMENTO_PCT":33.3,"GOLS_MARCADOS":1,"GOLS_SOFRIDOS":1,"NOMES_ALTERNATIVOS":[],"FONTES_JOGOS":["Meu Timão"],"LATITUDE":-22.433123,"LONGITUDE":-46.958246,"PRECISAO_COORDENADAS":"Município (estádio exato não identificado)","FONTE_COORDENADAS":"OpenStreetMap Nominatim (localidade aproximada)","URL_FONTE_COORDENADAS":"https://www.openstreetmap.org/relation/298036","ATRIBUICAO_COORDENADAS":"© OpenStreetMap contributors, ODbL 1.0","CAPACIDADE_FONTE":"Meu Timão","URL_FONTE_CAPACIDADE":"https://www.meutimao.com.br/estadio/estadio_papa_joao/","PAIS_ISO3":"BRA"},"geometry":{"type":"Point","coordinates":[-46.958246,-22.433123]}},{"type":"Feature","properties":{"ESTÁDIO":"Estádio Raasunda","CIDADE":"Solna kommun","ESTADO":null,"PAÍS":"Suécia","CAPACIDADE":"36608","PRIMEIRA_PARTIDA":"AIK 3x3 CORINTHIANS","DATA_PRIMEIRA_PARTIDA":"1952-05-14","ANO_PRIMEIRA_PARTIDA":1952,"ADVERSARIO":"AIK","PLACAR":"3x3","COMPETICAO_PRIMEIRA_PARTIDA":"Amistosos 1952","MANDO_PRIMEIRA_PARTIDA":"Não","FONTE_PRIMEIRA_PARTIDA":"https://www.meutimao.com.br/jogo/5697/amistosos-1952/amistoso/aik-3-x-3-corinthians","TOTAL_JOGOS":2,"VITÓRIAS":1,"EMPATES":1,"DERROTAS":0,"APROVEITAMENTO_PCT":66.7,"GOLS_MARCADOS":6,"GOLS_SOFRIDOS":5,"NOMES_ALTERNATIVOS":[],"FONTES_JOGOS":["Meu Timão"],"LATITUDE":59.366667,"LONGITUDE":18.016667,"PRECISAO_COORDENADAS":"Município (estádio exato não identificado)","FONTE_COORDENADAS":"OpenStreetMap Nominatim (localidade aproximada)","URL_FONTE_COORDENADAS":"https://www.openstreetmap.org/relation/398040","ATRIBUICAO_COORDENADAS":"© OpenStreetMap contributors, ODbL 1.0","CAPACIDADE_FONTE":"Meu Timão","URL_FONTE_CAPACIDADE":"https://www.meutimao.com.br/estadio/estadio_raasunda/","PAIS_ISO3":"SWE"},"geometry":{"type":"Point","coordinates":[18.016667,59.366667]}},{"type":"Feature","properties":{"ESTÁDIO":"Estádio Universitario","CIDADE":"San Nicolás de los Garza","ESTADO":"Nuevo León","PAÍS":"México","CAPACIDADE":"41886","PRIMEIRA_PARTIDA":"TIGRES 2x0 CORINTHIANS","DATA_PRIMEIRA_PARTIDA":"2006-03-09","ANO_PRIMEIRA_PARTIDA":2006,"ADVERSARIO":"TIGRES","PLACAR":"2x0","COMPETICAO_PRIMEIRA_PARTIDA":"Libertadores 2006","MANDO_PRIMEIRA_PARTIDA":"Não","FONTE_PRIMEIRA_PARTIDA":"https://www.meutimao.com.br/jogo/1684/libertadores-2006/tigres-2-x-0-corinthians","TOTAL_JOGOS":1,"VITÓRIAS":0,"EMPATES":0,"DERROTAS":1,"APROVEITAMENTO_PCT":0.0,"GOLS_MARCADOS":0,"GOLS_SOFRIDOS":2,"NOMES_ALTERNATIVOS":[],"FONTES_JOGOS":["Meu Timão"],"LATITUDE":25.722805555556,"LONGITUDE":-100.31205555556,"PRECISAO_COORDENADAS":"Estádio identificado","FONTE_COORDENADAS":"Wikidata","URL_FONTE_COORDENADAS":"https://www.wikidata.org/wiki/Q771800","ATRIBUICAO_COORDENADAS":"Wikidata (CC0)","CAPACIDADE_FONTE":"StadiumDB.com","URL_FONTE_CAPACIDADE":"https://stadiumdb.com/stadiums/mex/estadio_universitario","PAIS_ISO3":"MEX"},"geometry":{"type":"Point","coordinates":[-100.31205555556,25.722805555556]}},{"type":"Feature","properties":{"ESTÁDIO":"Estádio da A.A. Jacarezinho","CIDADE":"Jacarezinho","ESTADO":"Paraná","PAÍS":"Brasil","CAPACIDADE":null,"PRIMEIRA_PARTIDA":"jacarezinho 1 x 1 Corinthians","DATA_PRIMEIRA_PARTIDA":"1945-10-28","ANO_PRIMEIRA_PARTIDA":1945,"ADVERSARIO":"jacarezinho","PLACAR":"1 x 1","COMPETICAO_PRIMEIRA_PARTIDA":"Amistoso","MANDO_PRIMEIRA_PARTIDA":"Visitante","FONTE_PRIMEIRA_PARTIDA":"Meu Timão / Acervo ATLAS1910","TOTAL_JOGOS":6,"VITÓRIAS":4,"EMPATES":2,"DERROTAS":0,"APROVEITAMENTO_PCT":77.8,"GOLS_MARCADOS":18,"GOLS_SOFRIDOS":4,"NOMES_ALTERNATIVOS":[],"FONTES_JOGOS":[],"LATITUDE":-23.157939,"LONGITUDE":-49.9777202,"FONTE_COORDENADAS":"OpenStreetMap Nominatim (geocodificação reversa)","URL_FONTE_COORDENADAS":"https://www.openstreetmap.org/relation/297731","ATRIBUICAO_COORDENADAS":"© OpenStreetMap contributors, ODbL 1.0","PAIS_ISO3":"BRA"},"geometry":{"type":"Point","coordinates":[-49.9777202,-23.157939]}},{"type":"Feature","properties":{"ESTÁDIO":"Estádio da Luz","CIDADE":"Lisboa","ESTADO":null,"PAÍS":"Portugal","CAPACIDADE":"65642","PRIMEIRA_PARTIDA":"BENFICA 1x1 CORINTHIANS","DATA_PRIMEIRA_PARTIDA":"1959-06-04","ANO_PRIMEIRA_PARTIDA":1959,"ADVERSARIO":"BENFICA","PLACAR":"1x1","COMPETICAO_PRIMEIRA_PARTIDA":"Amistosos 1959","MANDO_PRIMEIRA_PARTIDA":"Não","FONTE_PRIMEIRA_PARTIDA":"https://www.meutimao.com.br/jogo/5196/amistosos-1959/amistoso/benfica-1-x-1-corinthians","TOTAL_JOGOS":1,"VITÓRIAS":0,"EMPATES":1,"DERROTAS":0,"APROVEITAMENTO_PCT":33.3,"GOLS_MARCADOS":1,"GOLS_SOFRIDOS":1,"NOMES_ALTERNATIVOS":[],"FONTES_JOGOS":["Meu Timão"],"LATITUDE":38.752711,"LONGITUDE":-9.184774,"FONTE_COORDENADAS":"OpenStreetMap Nominatim (geocodificação reversa)","URL_FONTE_COORDENADAS":"https://www.openstreetmap.org/relation/6384173","ATRIBUICAO_COORDENADAS":"© OpenStreetMap contributors, ODbL 1.0","CAPACIDADE_FONTE":"Meu Timão","URL_FONTE_CAPACIDADE":"https://www.meutimao.com.br/estadio/estadio_da_luz/","PAIS_ISO3":"PRT","FONTE_CORRECAO_PAIS":"https://data.geocode.earth/wof/dist/legacy/whosonfirst-data-country-latest.tar.bz2"},"geometry":{"type":"Point","coordinates":[-9.184774,38.752711]}},{"type":"Feature","properties":{"ESTÁDIO":"Estádio da Rua Paraíba","CIDADE":"São Caetano do Sul","ESTADO":"São Paulo","PAÍS":"Brasil","CAPACIDADE":"600","PRIMEIRA_PARTIDA":"SELEÇÃO DE SANTO ANDRÉ 0x7 CORINTHIANS","DATA_PRIMEIRA_PARTIDA":"1944-12-17","ANO_PRIMEIRA_PARTIDA":1944,"ADVERSARIO":"SELEÇÃO DE SANTO ANDRÉ","PLACAR":"0x7","COMPETICAO_PRIMEIRA_PARTIDA":"Amistosos 1944","MANDO_PRIMEIRA_PARTIDA":"Não","FONTE_PRIMEIRA_PARTIDA":"https://www.meutimao.com.br/jogo/6148/amistosos-1944/amistoso/selecao_de_santo_andre-0-x-7-corinthians","TOTAL_JOGOS":4,"VITÓRIAS":3,"EMPATES":0,"DERROTAS":1,"APROVEITAMENTO_PCT":75.0,"GOLS_MARCADOS":12,"GOLS_SOFRIDOS":3,"NOMES_ALTERNATIVOS":[],"FONTES_JOGOS":["Meu Timão"],"LATITUDE":-23.6195923,"LONGITUDE":-46.5688323,"PRECISAO_COORDENADAS":"Município (estádio exato não identificado)","FONTE_COORDENADAS":"OpenStreetMap Nominatim (localidade aproximada)","URL_FONTE_COORDENADAS":"https://www.openstreetmap.org/relation/298170","ATRIBUICAO_COORDENADAS":"© OpenStreetMap contributors, ODbL 1.0","CAPACIDADE_FONTE":"Meu Timão","URL_FONTE_CAPACIDADE":"https://www.meutimao.com.br/estadio/estadio_da_rua_paraiba/","PAIS_ISO3":"BRA"},"geometry":{"type":"Point","coordinates":[-46.5688323,-23.6195923]}},{"type":"Feature","properties":{"ESTÁDIO":"Estádio da Serrinha","CIDADE":"Goiânia","ESTADO":"Goiás","PAÍS":"Brasil","CAPACIDADE":"12500","PRIMEIRA_PARTIDA":"GOIÁS 1x2 CORINTHIANS","DATA_PRIMEIRA_PARTIDA":"2020-09-02","ANO_PRIMEIRA_PARTIDA":2020,"ADVERSARIO":"GOIÁS","PLACAR":"1x2","COMPETICAO_PRIMEIRA_PARTIDA":"Brasileirão 2020","MANDO_PRIMEIRA_PARTIDA":"Não","FONTE_PRIMEIRA_PARTIDA":"https://www.meutimao.com.br/jogo/1486/brasileirao-2020/goias-1-x-2-corinthians","TOTAL_JOGOS":3,"VITÓRIAS":1,"EMPATES":1,"DERROTAS":1,"APROVEITAMENTO_PCT":44.4,"GOLS_MARCADOS":3,"GOLS_SOFRIDOS":4,"NOMES_ALTERNATIVOS":[],"FONTES_JOGOS":["Meu Timão"],"LATITUDE":-16.680882,"LONGITUDE":-49.2532691,"PRECISAO_COORDENADAS":"Município (estádio exato não identificado)","FONTE_COORDENADAS":"OpenStreetMap Nominatim (localidade aproximada)","URL_FONTE_COORDENADAS":"https://www.openstreetmap.org/relation/334547","ATRIBUICAO_COORDENADAS":"© OpenStreetMap contributors, ODbL 1.0","CAPACIDADE_FONTE":"Meu Timão","URL_FONTE_CAPACIDADE":"https://www.meutimao.com.br/estadio/estadio_da_serrinha/","PAIS_ISO3":"BRA"},"geometry":{"type":"Point","coordinates":[-49.2532691,-16.680882]}},{"type":"Feature","properties":{"ESTÁDIO":"Estádio das Antas","CIDADE":"Porto","ESTADO":null,"PAÍS":"Portugal","CAPACIDADE":"75000","PRIMEIRA_PARTIDA":"PORTO 0x1 CORINTHIANS","DATA_PRIMEIRA_PARTIDA":"1959-06-07","ANO_PRIMEIRA_PARTIDA":1959,"ADVERSARIO":"PORTO","PLACAR":"0x1","COMPETICAO_PRIMEIRA_PARTIDA":"Amistosos 1959","MANDO_PRIMEIRA_PARTIDA":"Não","FONTE_PRIMEIRA_PARTIDA":"https://www.meutimao.com.br/jogo/5197/amistosos-1959/amistoso/porto-0-x-1-corinthians","TOTAL_JOGOS":1,"VITÓRIAS":1,"EMPATES":0,"DERROTAS":0,"APROVEITAMENTO_PCT":100.0,"GOLS_MARCADOS":1,"GOLS_SOFRIDOS":0,"NOMES_ALTERNATIVOS":[],"FONTES_JOGOS":["Meu Timão"],"LATITUDE":41.1652504,"LONGITUDE":-8.58902590000002,"FONTE_COORDENADAS":"OpenStreetMap Nominatim (geocodificação reversa)","URL_FONTE_COORDENADAS":"https://www.openstreetmap.org/relation/3383100","ATRIBUICAO_COORDENADAS":"© OpenStreetMap contributors, ODbL 1.0","CAPACIDADE_FONTE":"Meu Timão","URL_FONTE_CAPACIDADE":"https://www.meutimao.com.br/estadio/estadio_das_antas/","PAIS_ISO3":"PRT","FONTE_CORRECAO_PAIS":"https://data.geocode.earth/wof/dist/legacy/whosonfirst-data-country-latest.tar.bz2"},"geometry":{"type":"Point","coordinates":[-8.58902590000002,41.1652504]}},{"type":"Feature","properties":{"ESTÁDIO":"Estádio das Laranjeiras","CIDADE":"Rio de Janeiro","ESTADO":"Rio de Janeiro","PAÍS":"Brasil","CAPACIDADE":"8000","PRIMEIRA_PARTIDA":"AMÉRICA-RJ 2x2 CORINTHIANS","DATA_PRIMEIRA_PARTIDA":"1929-05-13","ANO_PRIMEIRA_PARTIDA":1929,"ADVERSARIO":"AMÉRICA-RJ","PLACAR":"2x2","COMPETICAO_PRIMEIRA_PARTIDA":"Amistosos 1929","MANDO_PRIMEIRA_PARTIDA":"Não","FONTE_PRIMEIRA_PARTIDA":"https://www.meutimao.com.br/jogo/6674/amistosos-1929/amistoso/america-rj-2-x-2-corinthians","TOTAL_JOGOS":8,"VITÓRIAS":0,"EMPATES":4,"DERROTAS":4,"APROVEITAMENTO_PCT":16.7,"GOLS_MARCADOS":13,"GOLS_SOFRIDOS":21,"NOMES_ALTERNATIVOS":[],"FONTES_JOGOS":["Meu Timão"],"LATITUDE":-22.936861,"LONGITUDE":-43.184472,"PRECISAO_COORDENADAS":"Estádio identificado","FONTE_COORDENADAS":"Wikidata","URL_FONTE_COORDENADAS":"https://www.wikidata.org/wiki/Q2290323","ATRIBUICAO_COORDENADAS":"Wikidata (CC0)","CAPACIDADE_FONTE":"Meu Timão","URL_FONTE_CAPACIDADE":"https://www.meutimao.com.br/estadio/estadio_das_laranjeiras/","PAIS_ISO3":"BRA"},"geometry":{"type":"Point","coordinates":[-43.184472,-22.936861]}},{"type":"Feature","properties":{"ESTÁDIO":"Estádio de Ancara","CIDADE":"Ancara","ESTADO":null,"PAÍS":"Turquia","CAPACIDADE":null,"PRIMEIRA_PARTIDA":"seleção de ancara 1 x 3 Corinthians","DATA_PRIMEIRA_PARTIDA":"1952-05-03","ANO_PRIMEIRA_PARTIDA":1952,"ADVERSARIO":"seleção de ancara","PLACAR":"1 x 3","COMPETICAO_PRIMEIRA_PARTIDA":"Amis","MANDO_PRIMEIRA_PARTIDA":"Visitante","FONTE_PRIMEIRA_PARTIDA":"Meu Timão / Acervo ATLAS1910","TOTAL_JOGOS":9,"VITÓRIAS":9,"EMPATES":0,"DERROTAS":0,"APROVEITAMENTO_PCT":100,"GOLS_MARCADOS":30,"GOLS_SOFRIDOS":12,"NOMES_ALTERNATIVOS":[],"FONTES_JOGOS":[],"LATITUDE":39.9401436,"LONGITUDE":32.8457395,"FONTE_COORDENADAS":"OpenStreetMap Nominatim (geocodificação reversa)","URL_FONTE_COORDENADAS":"https://www.openstreetmap.org/relation/3114197","ATRIBUICAO_COORDENADAS":"© OpenStreetMap contributors, ODbL 1.0","PAIS_ISO3":"TUR"},"geometry":{"type":"Point","coordinates":[32.8457395,39.9401436]}},{"type":"Feature","properties":{"ESTÁDIO":"Estádio de Gaevle","CIDADE":"Gävle kommun","ESTADO":null,"PAÍS":"Sweden","CAPACIDADE":"10000","PRIMEIRA_PARTIDA":"SELEÇÃO DE GAEVLE 0x6 CORINTHIANS","DATA_PRIMEIRA_PARTIDA":"1952-06-04","ANO_PRIMEIRA_PARTIDA":1952,"ADVERSARIO":"SELEÇÃO DE GAEVLE","PLACAR":"0x6","COMPETICAO_PRIMEIRA_PARTIDA":"Amistosos 1952","MANDO_PRIMEIRA_PARTIDA":"Não","FONTE_PRIMEIRA_PARTIDA":"https://www.meutimao.com.br/jogo/5706/amistosos-1952/amistoso/selecao_de_gaevle-0-x-6-corinthians","TOTAL_JOGOS":1,"VITÓRIAS":1,"EMPATES":0,"DERROTAS":0,"APROVEITAMENTO_PCT":100.0,"GOLS_MARCADOS":6,"GOLS_SOFRIDOS":0,"NOMES_ALTERNATIVOS":[],"FONTES_JOGOS":["Meu Timão"],"LATITUDE":60.6928807,"LONGITUDE":17.1320903000001,"FONTE_COORDENADAS":"OpenStreetMap Nominatim (geocodificação reversa)","URL_FONTE_COORDENADAS":"https://www.openstreetmap.org/relation/278620","ATRIBUICAO_COORDENADAS":"© OpenStreetMap contributors, ODbL 1.0","CAPACIDADE_FONTE":"Meu Timão","URL_FONTE_CAPACIDADE":"https://www.meutimao.com.br/estadio/estadio_de_gaevle/","PAIS_ISO3":"SWE","FONTE_CORRECAO_PAIS":"https://data.geocode.earth/wof/dist/legacy/whosonfirst-data-country-latest.tar.bz2"},"geometry":{"type":"Point","coordinates":[17.1320903000001,60.6928807]}},{"type":"Feature","properties":{"ESTÁDIO":"Estádio de Halmstad","CIDADE":"Halmstad","ESTADO":null,"PAÍS":"Suécia","CAPACIDADE":"15000","PRIMEIRA_PARTIDA":"SELEÇÃO DE HALMSTADS/HAMLIA 1x10 CORINTHIANS","DATA_PRIMEIRA_PARTIDA":"1952-06-08","ANO_PRIMEIRA_PARTIDA":1952,"ADVERSARIO":"SELEÇÃO DE HALMSTADS/HAMLIA","PLACAR":"1x10","COMPETICAO_PRIMEIRA_PARTIDA":"Amistosos 1952","MANDO_PRIMEIRA_PARTIDA":"Não","FONTE_PRIMEIRA_PARTIDA":"https://www.meutimao.com.br/jogo/5707/amistosos-1952/amistoso/selecao_de_halmstadshamlia-1-x-10-corinthians","TOTAL_JOGOS":1,"VITÓRIAS":1,"EMPATES":0,"DERROTAS":0,"APROVEITAMENTO_PCT":100.0,"GOLS_MARCADOS":10,"GOLS_SOFRIDOS":1,"NOMES_ALTERNATIVOS":[],"FONTES_JOGOS":["Meu Timão"],"LATITUDE":56.6739826,"LONGITUDE":12.8574827,"PRECISAO_COORDENADAS":"Município (estádio exato não identificado)","FONTE_COORDENADAS":"OpenStreetMap Nominatim (localidade aproximada)","URL_FONTE_COORDENADAS":"https://www.openstreetmap.org/node/1594669682","ATRIBUICAO_COORDENADAS":"© OpenStreetMap contributors, ODbL 1.0","CAPACIDADE_FONTE":"Meu Timão","URL_FONTE_CAPACIDADE":"https://www.meutimao.com.br/estadio/estadio_de_halmstad/","PAIS_ISO3":"SWE"},"geometry":{"type":"Point","coordinates":[12.8574827,56.6739826]}},{"type":"Feature","properties":{"ESTÁDIO":"Estádio do CIC","CIDADE":"São João da Boa Vista","ESTADO":"São Paulo","PAÍS":"Brasil","CAPACIDADE":null,"PRIMEIRA_PARTIDA":"PALMEIRAS DE SÃO JOÃO DA BOA VISTA 0x2 CORINTHIANS","DATA_PRIMEIRA_PARTIDA":"1989-09-03","ANO_PRIMEIRA_PARTIDA":1989,"ADVERSARIO":"PALMEIRAS DE SÃO JOÃO DA BOA VISTA","PLACAR":"0x2","COMPETICAO_PRIMEIRA_PARTIDA":"Amistosos 1989","MANDO_PRIMEIRA_PARTIDA":"Não","FONTE_PRIMEIRA_PARTIDA":"https://www.meutimao.com.br/jogo/2976/amistosos-1989/amistoso/palmeiras_de_sao_joao_da_boa_vista-0-x-2-corinthians","TOTAL_JOGOS":1,"VITÓRIAS":1,"EMPATES":0,"DERROTAS":0,"APROVEITAMENTO_PCT":100.0,"GOLS_MARCADOS":2,"GOLS_SOFRIDOS":0,"NOMES_ALTERNATIVOS":[],"FONTES_JOGOS":["Meu Timão"],"LATITUDE":-21.9632405,"LONGITUDE":-46.7913949,"FONTE_COORDENADAS":"OpenStreetMap Nominatim (geocodificação reversa)","URL_FONTE_COORDENADAS":"https://www.openstreetmap.org/relation/298438","ATRIBUICAO_COORDENADAS":"© OpenStreetMap contributors, ODbL 1.0","PAIS_ISO3":"BRA"},"geometry":{"type":"Point","coordinates":[-46.7913949,-21.9632405]}},{"type":"Feature","properties":{"ESTÁDIO":"Estádio do Café","CIDADE":"Londrina","ESTADO":"Paraná","PAÍS":"Brasil","CAPACIDADE":"36000","PRIMEIRA_PARTIDA":"LONDRINA 1x1 CORINTHIANS","DATA_PRIMEIRA_PARTIDA":"1976-08-25","ANO_PRIMEIRA_PARTIDA":1976,"ADVERSARIO":"LONDRINA","PLACAR":"1x1","COMPETICAO_PRIMEIRA_PARTIDA":"Amistosos 1976","MANDO_PRIMEIRA_PARTIDA":"Não","FONTE_PRIMEIRA_PARTIDA":"https://www.meutimao.com.br/jogo/3899/amistosos-1976/amistoso/londrina-1-x-1-corinthians","TOTAL_JOGOS":11,"VITÓRIAS":4,"EMPATES":5,"DERROTAS":2,"APROVEITAMENTO_PCT":51.5,"GOLS_MARCADOS":18,"GOLS_SOFRIDOS":13,"NOMES_ALTERNATIVOS":[],"FONTES_JOGOS":["Meu Timão"],"LATITUDE":-23.2823595,"LONGITUDE":-51.1649186,"FONTE_COORDENADAS":"OpenStreetMap Nominatim (geocodificação reversa)","URL_FONTE_COORDENADAS":"https://www.openstreetmap.org/relation/297756","ATRIBUICAO_COORDENADAS":"© OpenStreetMap contributors, ODbL 1.0","CAPACIDADE_FONTE":"Meu Timão","URL_FONTE_CAPACIDADE":"https://www.meutimao.com.br/estadio/estadio_do_cafe/","PAIS_ISO3":"BRA"},"geometry":{"type":"Point","coordinates":[-51.1649186,-23.2823595]}},{"type":"Feature","properties":{"ESTÁDIO":"Estádio do Clube Atlético Monte Azul","CIDADE":"Monte Azul Paulista","ESTADO":"SP","PAÍS":"Brasil","CAPACIDADE":null,"PRIMEIRA_PARTIDA":"monte azul 1 x 2 Corinthians 24/08/1947 - Amistoso","DATA_PRIMEIRA_PARTIDA":"1947-08-24","ANO_PRIMEIRA_PARTIDA":1947,"ADVERSARIO":"monte azul","PLACAR":"1 x 2","COMPETICAO_PRIMEIRA_PARTIDA":"Amistoso","MANDO_PRIMEIRA_PARTIDA":"Visitante","FONTE_PRIMEIRA_PARTIDA":"Meu Timão / Acervo ATLAS1910","TOTAL_JOGOS":6,"VITÓRIAS":3,"EMPATES":3,"DERROTAS":0,"APROVEITAMENTO_PCT":66.7,"GOLS_MARCADOS":9,"GOLS_SOFRIDOS":6,"NOMES_ALTERNATIVOS":[],"FONTES_JOGOS":[],"LATITUDE":-20.9041132,"LONGITUDE":-48.6458416,"PAIS_ISO3":"BRA"},"geometry":{"type":"Point","coordinates":[-48.6458416,-20.9041132]}},{"type":"Feature","properties":{"ESTÁDIO":"Estádio do Corinthians Saltense","CIDADE":"Salto","ESTADO":"São Paulo","PAÍS":"Brasil","CAPACIDADE":"1000","PRIMEIRA_PARTIDA":"CORINTHIANS SALTENSE 2x1 CORINTHIANS","DATA_PRIMEIRA_PARTIDA":"1932-04-17","ANO_PRIMEIRA_PARTIDA":1932,"ADVERSARIO":"CORINTHIANS","PLACAR":"2x1","COMPETICAO_PRIMEIRA_PARTIDA":"Amistosos 1932","MANDO_PRIMEIRA_PARTIDA":"Sim","FONTE_PRIMEIRA_PARTIDA":"https://www.meutimao.com.br/jogo/6588/amistosos-1932/amistoso/corinthians_saltense-2-x-1-corinthians","TOTAL_JOGOS":1,"VITÓRIAS":1,"EMPATES":0,"DERROTAS":0,"APROVEITAMENTO_PCT":100.0,"GOLS_MARCADOS":2,"GOLS_SOFRIDOS":1,"NOMES_ALTERNATIVOS":[],"FONTES_JOGOS":["Meu Timão"],"LATITUDE":-23.2034536,"LONGITUDE":-47.2936686,"FONTE_COORDENADAS":"OpenStreetMap Nominatim (geocodificação reversa)","URL_FONTE_COORDENADAS":"https://www.openstreetmap.org/relation/298520","ATRIBUICAO_COORDENADAS":"© OpenStreetMap contributors, ODbL 1.0","CAPACIDADE_FONTE":"Meu Timão","URL_FONTE_CAPACIDADE":"https://www.meutimao.com.br/estadio/estadio_do_corinthians_saltense/","PAIS_ISO3":"BRA"},"geometry":{"type":"Point","coordinates":[-47.2936686,-23.2034536]}},{"type":"Feature","properties":{"ESTÁDIO":"Estádio do Vale","CIDADE":"Novo Hamburgo","ESTADO":"Rio Grande do Sul","PAÍS":"Brasil","CAPACIDADE":"15000","PRIMEIRA_PARTIDA":"INTERNACIONAL 1x0 CORINTHIANS","DATA_PRIMEIRA_PARTIDA":"2013-09-04","ANO_PRIMEIRA_PARTIDA":2013,"ADVERSARIO":"INTERNACIONAL","PLACAR":"1x0","COMPETICAO_PRIMEIRA_PARTIDA":"Brasileirão 2013","MANDO_PRIMEIRA_PARTIDA":"Não","FONTE_PRIMEIRA_PARTIDA":"https://www.meutimao.com.br/jogo/398/brasileirao-2013/internacional-1-x-0-corinthians","TOTAL_JOGOS":1,"VITÓRIAS":0,"EMPATES":0,"DERROTAS":1,"APROVEITAMENTO_PCT":0.0,"GOLS_MARCADOS":0,"GOLS_SOFRIDOS":1,"NOMES_ALTERNATIVOS":[],"FONTES_JOGOS":["Meu Timão"],"LATITUDE":-29.7260092,"LONGITUDE":-51.144376,"FONTE_COORDENADAS":"OpenStreetMap Nominatim (geocodificação reversa)","URL_FONTE_COORDENADAS":"https://www.openstreetmap.org/relation/242616","ATRIBUICAO_COORDENADAS":"© OpenStreetMap contributors, ODbL 1.0","CAPACIDADE_FONTE":"Meu Timão","URL_FONTE_CAPACIDADE":"https://www.meutimao.com.br/estadio/estadio_do_vale/","PAIS_ISO3":"BRA"},"geometry":{"type":"Point","coordinates":[-51.144376,-29.7260092]}},{"type":"Feature","properties":{"ESTÁDIO":"Estádio dos Eucaliptos","CIDADE":"Lins","ESTADO":"SP","PAÍS":"Brasil","CAPACIDADE":null,"PRIMEIRA_PARTIDA":"LINENSE 3x1 CORINTHIANS","DATA_PRIMEIRA_PARTIDA":"1948-03-28","ANO_PRIMEIRA_PARTIDA":1948,"ADVERSARIO":"LINENSE","PLACAR":"3x1","COMPETICAO_PRIMEIRA_PARTIDA":"Amistosos 1948","MANDO_PRIMEIRA_PARTIDA":"Visitante","FONTE_PRIMEIRA_PARTIDA":"https://www.meutimao.com.br/jogo/5950/amistosos-1948/amistoso/linense-3-x-1-corinthians","TOTAL_JOGOS":15,"VITÓRIAS":6,"EMPATES":3,"DERROTAS":6,"APROVEITAMENTO_PCT":46.7,"GOLS_MARCADOS":15,"GOLS_SOFRIDOS":18,"NOMES_ALTERNATIVOS":[],"FONTES_JOGOS":[],"LATITUDE":-21.6743999,"LONGITUDE":-49.7569149,"PAIS_ISO3":"BRA"},"geometry":{"type":"Point","coordinates":[-49.7569149,-21.6743999]}},{"type":"Feature","properties":{"ESTÁDIO":"Estádio İnönü de Besiktas","CIDADE":"Istambul","ESTADO":null,"PAÍS":"Turquia","CAPACIDADE":"32086","PRIMEIRA_PARTIDA":"BESIKTAS 1x0 CORINTHIANS","DATA_PRIMEIRA_PARTIDA":"1952-04-22","ANO_PRIMEIRA_PARTIDA":1952,"ADVERSARIO":"BESIKTAS","PLACAR":"1x0","COMPETICAO_PRIMEIRA_PARTIDA":"Amistosos 1952","MANDO_PRIMEIRA_PARTIDA":"Não","FONTE_PRIMEIRA_PARTIDA":"https://www.meutimao.com.br/jogo/5689/amistosos-1952/amistoso/besiktas-1-x-0-corinthians","TOTAL_JOGOS":6,"VITÓRIAS":4,"EMPATES":1,"DERROTAS":1,"APROVEITAMENTO_PCT":72.2,"GOLS_MARCADOS":13,"GOLS_SOFRIDOS":5,"NOMES_ALTERNATIVOS":[],"FONTES_JOGOS":["Meu Timão"],"LATITUDE":41.03917,"LONGITUDE":28.99472,"PRECISAO_COORDENADAS":"Estádio identificado","FONTE_COORDENADAS":"Wikipedia","URL_FONTE_COORDENADAS":"https://pt.wikipedia.org/wiki/Est%C3%A1dio_%C4%B0n%C3%B6n%C3%BC_de_Be%C5%9Fikta%C5%9F","ATRIBUICAO_COORDENADAS":"Wikimedia / Wikipedia","CAPACIDADE_FONTE":"Meu Timão","URL_FONTE_CAPACIDADE":"https://www.meutimao.com.br/estadio/estadio_nnu_de_besiktas/","PAIS_ISO3":"TUR"},"geometry":{"type":"Point","coordinates":[28.99472,41.03917]}},{"type":"Feature","properties":{"ESTÁDIO":"Eucaliptos","CIDADE":"Porto Alegre","ESTADO":"Rio Grande do Sul","PAÍS":"Brasil","CAPACIDADE":"20000","PRIMEIRA_PARTIDA":"INTERNACIONAL 1x0 CORINTHIANS","DATA_PRIMEIRA_PARTIDA":"1964-02-25","ANO_PRIMEIRA_PARTIDA":1964,"ADVERSARIO":"INTERNACIONAL","PLACAR":"1x0","COMPETICAO_PRIMEIRA_PARTIDA":"Amistosos 1964","MANDO_PRIMEIRA_PARTIDA":"Não","FONTE_PRIMEIRA_PARTIDA":"https://www.meutimao.com.br/jogo/4882/amistosos-1964/amistoso/internacional-1-x-0-corinthians","TOTAL_JOGOS":1,"VITÓRIAS":0,"EMPATES":0,"DERROTAS":1,"APROVEITAMENTO_PCT":0.0,"GOLS_MARCADOS":0,"GOLS_SOFRIDOS":1,"NOMES_ALTERNATIVOS":[],"FONTES_JOGOS":["Meu Timão"],"LATITUDE":-30.0324999,"LONGITUDE":-51.2303767,"PRECISAO_COORDENADAS":"Município (estádio exato não identificado)","FONTE_COORDENADAS":"OpenStreetMap Nominatim (localidade aproximada)","URL_FONTE_COORDENADAS":"https://www.openstreetmap.org/relation/20676578","ATRIBUICAO_COORDENADAS":"© OpenStreetMap contributors, ODbL 1.0","CAPACIDADE_FONTE":"Meu Timão","URL_FONTE_CAPACIDADE":"https://www.meutimao.com.br/estadio/eucaliptos/","PAIS_ISO3":"BRA"},"geometry":{"type":"Point","coordinates":[-51.2303767,-30.0324999]}},{"type":"Feature","properties":{"ESTÁDIO":"EverBank Field","CIDADE":"Jacksonville","ESTADO":"Flórida","PAÍS":"Estados Unidos","CAPACIDADE":"84000","PRIMEIRA_PARTIDA":"CORINTHIANS 2x1 BAYER LEVERKUSEN","DATA_PRIMEIRA_PARTIDA":"2015-01-17","ANO_PRIMEIRA_PARTIDA":2015,"ADVERSARIO":"BAYER LEVERKUSEN","PLACAR":"2x1","COMPETICAO_PRIMEIRA_PARTIDA":"Florida Cup 2015","MANDO_PRIMEIRA_PARTIDA":"Sim","FONTE_PRIMEIRA_PARTIDA":"https://www.meutimao.com.br/jogo/497/florida-cup-2015/corinthians-2-x-1-bayer_leverkusen","TOTAL_JOGOS":1,"VITÓRIAS":1,"EMPATES":0,"DERROTAS":0,"APROVEITAMENTO_PCT":100.0,"GOLS_MARCADOS":2,"GOLS_SOFRIDOS":1,"NOMES_ALTERNATIVOS":[],"FONTES_JOGOS":["Meu Timão"],"LATITUDE":30.3239536,"LONGITUDE":-81.6372528,"FONTE_COORDENADAS":"OpenStreetMap Nominatim (geocodificação reversa)","URL_FONTE_COORDENADAS":"https://www.openstreetmap.org/relation/119008","ATRIBUICAO_COORDENADAS":"© OpenStreetMap contributors, ODbL 1.0","CAPACIDADE_FONTE":"Meu Timão","URL_FONTE_CAPACIDADE":"https://www.meutimao.com.br/estadio/everbank_field/","PAIS_ISO3":"USA"},"geometry":{"type":"Point","coordinates":[-81.6372528,30.3239536]}},{"type":"Feature","properties":{"ESTÁDIO":"Exploria Stadium","CIDADE":"Orlando","ESTADO":"Flórida","PAÍS":"Estados Unidos","CAPACIDADE":"25500","PRIMEIRA_PARTIDA":"CORINTHIANS 1x1 PSV EINDHOVEN","DATA_PRIMEIRA_PARTIDA":"2018-01-10","ANO_PRIMEIRA_PARTIDA":2018,"ADVERSARIO":"PSV EINDHOVEN","PLACAR":"1x1","COMPETICAO_PRIMEIRA_PARTIDA":"Florida Cup 2018","MANDO_PRIMEIRA_PARTIDA":"Sim","FONTE_PRIMEIRA_PARTIDA":"https://www.meutimao.com.br/jogo/796/florida-cup-2018/corinthians-1-x-1-psv_eindhoven","TOTAL_JOGOS":3,"VITÓRIAS":1,"EMPATES":1,"DERROTAS":1,"APROVEITAMENTO_PCT":44.4,"GOLS_MARCADOS":4,"GOLS_SOFRIDOS":4,"NOMES_ALTERNATIVOS":[],"FONTES_JOGOS":["Meu Timão"],"LATITUDE":28.5412473,"LONGITUDE":-81.3890904,"FONTE_COORDENADAS":"OpenStreetMap Nominatim (geocodificação reversa)","URL_FONTE_COORDENADAS":"https://www.openstreetmap.org/relation/1128379","ATRIBUICAO_COORDENADAS":"© OpenStreetMap contributors, ODbL 1.0","CAPACIDADE_FONTE":"Meu Timão","URL_FONTE_CAPACIDADE":"https://www.meutimao.com.br/estadio/exploria_stadium/","PAIS_ISO3":"USA"},"geometry":{"type":"Point","coordinates":[-81.3890904,28.5412473]}},{"type":"Feature","properties":{"ESTÁDIO":"FAU Stadium","CIDADE":"Boca Raton","ESTADO":"Flórida","PAÍS":"Estados Unidos","CAPACIDADE":"29419","PRIMEIRA_PARTIDA":"CORINTHIANS 0x1 ATLÉTICO-MG","DATA_PRIMEIRA_PARTIDA":"2016-01-17","ANO_PRIMEIRA_PARTIDA":2016,"ADVERSARIO":"ATLÉTICO-MG","PLACAR":"0x1","COMPETICAO_PRIMEIRA_PARTIDA":"Florida Cup 2016","MANDO_PRIMEIRA_PARTIDA":"Sim","FONTE_PRIMEIRA_PARTIDA":"https://www.meutimao.com.br/jogo/573/florida-cup-2016/corinthians-0-x-1-atletico-mg","TOTAL_JOGOS":1,"VITÓRIAS":0,"EMPATES":0,"DERROTAS":1,"APROVEITAMENTO_PCT":0.0,"GOLS_MARCADOS":0,"GOLS_SOFRIDOS":1,"NOMES_ALTERNATIVOS":[],"FONTES_JOGOS":["Meu Timão"],"LATITUDE":26.3761349,"LONGITUDE":-80.1016311,"FONTE_COORDENADAS":"OpenStreetMap Nominatim (geocodificação reversa)","URL_FONTE_COORDENADAS":"https://www.openstreetmap.org/relation/1216593","ATRIBUICAO_COORDENADAS":"© OpenStreetMap contributors, ODbL 1.0","CAPACIDADE_FONTE":"StadiumDB.com","URL_FONTE_CAPACIDADE":"https://stadiumdb.com/stadiums/usa/fau_stadium","PAIS_ISO3":"USA"},"geometry":{"type":"Point","coordinates":[-80.1016311,26.3761349]}},{"type":"Feature","properties":{"ESTÁDIO":"Farazão","CIDADE":"Presidente Prudente","ESTADO":"São Paulo","PAÍS":"Brasil","CAPACIDADE":null,"PRIMEIRA_PARTIDA":"PRUDENTINA 1x1 CORINTHIANS","DATA_PRIMEIRA_PARTIDA":"1949-03-20","ANO_PRIMEIRA_PARTIDA":1949,"ADVERSARIO":"PRUDENTINA","PLACAR":"1x1","COMPETICAO_PRIMEIRA_PARTIDA":"Amistosos 1949","MANDO_PRIMEIRA_PARTIDA":"Visitante","FONTE_PRIMEIRA_PARTIDA":"https://www.meutimao.com.br/jogo/5856/amistosos-1949/amistoso/prudentina-1-x-1-corinthians","TOTAL_JOGOS":52,"VITÓRIAS":22,"EMPATES":14,"DERROTAS":16,"APROVEITAMENTO_PCT":51.3,"GOLS_MARCADOS":88,"GOLS_SOFRIDOS":70,"NOMES_ALTERNATIVOS":[],"FONTES_JOGOS":[],"LATITUDE":-22.0985498,"LONGITUDE":-51.4148828,"FONTE_COORDENADAS":"OpenStreetMap Nominatim (geocodificação reversa)","URL_FONTE_COORDENADAS":"https://www.openstreetmap.org/relation/298001","ATRIBUICAO_COORDENADAS":"© OpenStreetMap contributors, ODbL 1.0","PAIS_ISO3":"BRA"},"geometry":{"type":"Point","coordinates":[-51.4148828,-22.0985498]}},{"type":"Feature","properties":{"ESTÁDIO":"Felipão","CIDADE":"Paranavaí","ESTADO":"Paraná","PAÍS":"Brasil","CAPACIDADE":"25000","PRIMEIRA_PARTIDA":"PARANAVAÍ 1x2 CORINTHIANS","DATA_PRIMEIRA_PARTIDA":"1996-06-30","ANO_PRIMEIRA_PARTIDA":1996,"ADVERSARIO":"PARANAVAÍ","PLACAR":"1x2","COMPETICAO_PRIMEIRA_PARTIDA":"Amistosos 1996","MANDO_PRIMEIRA_PARTIDA":"Não","FONTE_PRIMEIRA_PARTIDA":"https://www.meutimao.com.br/jogo/2451/amistosos-1996/amistoso/paranavai-1-x-2-corinthians","TOTAL_JOGOS":1,"VITÓRIAS":1,"EMPATES":0,"DERROTAS":0,"APROVEITAMENTO_PCT":100.0,"GOLS_MARCADOS":2,"GOLS_SOFRIDOS":1,"NOMES_ALTERNATIVOS":[],"FONTES_JOGOS":["Meu Timão"],"LATITUDE":-23.074008,"LONGITUDE":-52.4681991,"FONTE_COORDENADAS":"OpenStreetMap Nominatim (geocodificação reversa)","URL_FONTE_COORDENADAS":"https://www.openstreetmap.org/relation/297761","ATRIBUICAO_COORDENADAS":"© OpenStreetMap contributors, ODbL 1.0","CAPACIDADE_FONTE":"Meu Timão","URL_FONTE_CAPACIDADE":"https://www.meutimao.com.br/estadio/felipao/","PAIS_ISO3":"BRA"},"geometry":{"type":"Point","coordinates":[-52.4681991,-23.074008]}},{"type":"Feature","properties":{"ESTÁDIO":"Fernando Costa","CIDADE":"Espírito Santo do Pinhal","ESTADO":"São Paulo","PAÍS":"Brasil","CAPACIDADE":null,"PRIMEIRA_PARTIDA":"SELEÇÃO DE PINHAL 0x4 CORINTHIANS","DATA_PRIMEIRA_PARTIDA":"1947-09-07","ANO_PRIMEIRA_PARTIDA":1947,"ADVERSARIO":"SELEÇÃO DE PINHAL","PLACAR":"0x4","COMPETICAO_PRIMEIRA_PARTIDA":"Amistosos 1947","MANDO_PRIMEIRA_PARTIDA":"Visitante","FONTE_PRIMEIRA_PARTIDA":"https://www.meutimao.com.br/jogo/6013/amistosos-1947/amistoso/selecao_de_pinhal-0-x-4-corinthians","TOTAL_JOGOS":3,"VITÓRIAS":3,"EMPATES":0,"DERROTAS":0,"APROVEITAMENTO_PCT":100,"GOLS_MARCADOS":8,"GOLS_SOFRIDOS":2,"NOMES_ALTERNATIVOS":[],"FONTES_JOGOS":[],"LATITUDE":-22.1991124,"LONGITUDE":-46.7433756,"FONTE_COORDENADAS":"OpenStreetMap Nominatim (geocodificação reversa)","URL_FONTE_COORDENADAS":"https://www.openstreetmap.org/relation/298116","ATRIBUICAO_COORDENADAS":"© OpenStreetMap contributors, ODbL 1.0","PAIS_ISO3":"BRA"},"geometry":{"type":"Point","coordinates":[-46.7433756,-22.1991124]}},{"type":"Feature","properties":{"ESTÁDIO":"Ferreirão","CIDADE":"Matão","ESTADO":"São Paulo","PAÍS":"Brasil","CAPACIDADE":"14500","PRIMEIRA_PARTIDA":"MATONENSE 2x4 CORINTHIANS","DATA_PRIMEIRA_PARTIDA":"1999-03-06","ANO_PRIMEIRA_PARTIDA":1999,"ADVERSARIO":"MATONENSE","PLACAR":"2x4","COMPETICAO_PRIMEIRA_PARTIDA":"Paulista 1999","MANDO_PRIMEIRA_PARTIDA":"Não","FONTE_PRIMEIRA_PARTIDA":"https://www.meutimao.com.br/jogo/2179/paulista-1999/matonense-2-x-4-corinthians","TOTAL_JOGOS":3,"VITÓRIAS":1,"EMPATES":0,"DERROTAS":2,"APROVEITAMENTO_PCT":33.3,"GOLS_MARCADOS":6,"GOLS_SOFRIDOS":7,"NOMES_ALTERNATIVOS":[],"FONTES_JOGOS":["Meu Timão"],"LATITUDE":-21.6033611,"LONGITUDE":-48.3660603,"PRECISAO_COORDENADAS":"Município (estádio exato não identificado)","FONTE_COORDENADAS":"OpenStreetMap Nominatim (localidade aproximada)","URL_FONTE_COORDENADAS":"https://www.openstreetmap.org/relation/298082","ATRIBUICAO_COORDENADAS":"© OpenStreetMap contributors, ODbL 1.0","CAPACIDADE_FONTE":"Meu Timão","URL_FONTE_CAPACIDADE":"https://www.meutimao.com.br/estadio/ferreirao/","PAIS_ISO3":"BRA"},"geometry":{"type":"Point","coordinates":[-48.3660603,-21.6033611]}},{"type":"Feature","properties":{"ESTÁDIO":"Figueira de Melo","CIDADE":"Rio de Janeiro","ESTADO":"Rio de Janeiro","PAÍS":"Brasil","CAPACIDADE":null,"PRIMEIRA_PARTIDA":"SÃO CRISTÓVÃO-RJ 2x1 CORINTHIANS","DATA_PRIMEIRA_PARTIDA":"1935-10-22","ANO_PRIMEIRA_PARTIDA":1935,"ADVERSARIO":"SÃO CRISTÓVÃO-RJ","PLACAR":"2x1","COMPETICAO_PRIMEIRA_PARTIDA":"Amistosos 1935","MANDO_PRIMEIRA_PARTIDA":"Não","FONTE_PRIMEIRA_PARTIDA":"https://www.meutimao.com.br/jogo/6506/amistosos-1935/amistoso/sao_cristovao-rj-2-x-1-corinthians","TOTAL_JOGOS":2,"VITÓRIAS":0,"EMPATES":0,"DERROTAS":2,"APROVEITAMENTO_PCT":0.0,"GOLS_MARCADOS":3,"GOLS_SOFRIDOS":6,"NOMES_ALTERNATIVOS":[],"FONTES_JOGOS":["Meu Timão"],"LATITUDE":-22.9050176,"LONGITUDE":-43.2139294,"FONTE_COORDENADAS":"OpenStreetMap Nominatim (geocodificação reversa)","URL_FONTE_COORDENADAS":"https://www.openstreetmap.org/relation/2697338","ATRIBUICAO_COORDENADAS":"© OpenStreetMap contributors, ODbL 1.0","PAIS_ISO3":"BRA"},"geometry":{"type":"Point","coordinates":[-43.2139294,-22.9050176]}},{"type":"Feature","properties":{"ESTÁDIO":"Flaminio","CIDADE":"Roma","ESTADO":"Lácio","PAÍS":"Italy","CAPACIDADE":null,"PRIMEIRA_PARTIDA":"LAZIO 2x3 CORINTHIANS","DATA_PRIMEIRA_PARTIDA":"1966-05-25","ANO_PRIMEIRA_PARTIDA":1966,"ADVERSARIO":"LAZIO","PLACAR":"2x3","COMPETICAO_PRIMEIRA_PARTIDA":"Amistosos 1966","MANDO_PRIMEIRA_PARTIDA":"Não","FONTE_PRIMEIRA_PARTIDA":"https://www.meutimao.com.br/jogo/4642/amistosos-1966/amistoso/lazio-2-x-3-corinthians","TOTAL_JOGOS":1,"VITÓRIAS":1,"EMPATES":0,"DERROTAS":0,"APROVEITAMENTO_PCT":100.0,"GOLS_MARCADOS":3,"GOLS_SOFRIDOS":2,"NOMES_ALTERNATIVOS":[],"FONTES_JOGOS":["Meu Timão"],"LATITUDE":41.9265865,"LONGITUDE":12.4720953999999,"FONTE_COORDENADAS":"OpenStreetMap Nominatim (geocodificação reversa)","URL_FONTE_COORDENADAS":"https://www.openstreetmap.org/relation/41485","ATRIBUICAO_COORDENADAS":"© OpenStreetMap contributors, ODbL 1.0","PAIS_ISO3":"ITA","FONTE_CORRECAO_PAIS":"https://data.geocode.earth/wof/dist/legacy/whosonfirst-data-country-latest.tar.bz2"},"geometry":{"type":"Point","coordinates":[12.4720953999999,41.9265865]}},{"type":"Feature","properties":{"ESTÁDIO":"Floresta","CIDADE":"São Paulo","ESTADO":"São Paulo","PAÍS":"Brasil","CAPACIDADE":null,"PRIMEIRA_PARTIDA":"MORGAN-SP ND CORINTHIANS","DATA_PRIMEIRA_PARTIDA":"1910-10-08","ANO_PRIMEIRA_PARTIDA":1910,"ADVERSARIO":"MORGAN-SP","PLACAR":"ND","COMPETICAO_PRIMEIRA_PARTIDA":"Jogo varzeano 1910","MANDO_PRIMEIRA_PARTIDA":"Não","FONTE_PRIMEIRA_PARTIDA":"https://www.meutimao.com.br/jogo/7992/jogo-varzeano-1910/amistoso/morgan-sp-x-corinthians","TOTAL_JOGOS":69,"VITÓRIAS":44,"EMPATES":11,"DERROTAS":12,"APROVEITAMENTO_PCT":71.1,"GOLS_MARCADOS":210,"GOLS_SOFRIDOS":95,"NOMES_ALTERNATIVOS":[],"FONTES_JOGOS":["Meu Timão"],"LATITUDE":-23.5212261,"LONGITUDE":-46.6307932,"FONTE_COORDENADAS":"OpenStreetMap Nominatim (geocodificação reversa)","URL_FONTE_COORDENADAS":"https://www.openstreetmap.org/relation/298285","ATRIBUICAO_COORDENADAS":"© OpenStreetMap contributors, ODbL 1.0","PAIS_ISO3":"BRA"},"geometry":{"type":"Point","coordinates":[-46.6307932,-23.5212261]}},{"type":"Feature","properties":{"ESTÁDIO":"Fonte Luminosa","CIDADE":"Araraquara","ESTADO":"São Paulo","PAÍS":"Brasil","CAPACIDADE":"25000","PRIMEIRA_PARTIDA":"FERROVIÁRIA 3x1 CORINTHIANS","DATA_PRIMEIRA_PARTIDA":"1957-06-02","ANO_PRIMEIRA_PARTIDA":1957,"ADVERSARIO":"FERROVIÁRIA","PLACAR":"3x1","COMPETICAO_PRIMEIRA_PARTIDA":"Amistosos 1957","MANDO_PRIMEIRA_PARTIDA":"Não","FONTE_PRIMEIRA_PARTIDA":"https://www.meutimao.com.br/jogo/5360/amistosos-1957/amistoso/ferroviaria-3-x-1-corinthians","TOTAL_JOGOS":50,"VITÓRIAS":19,"EMPATES":19,"DERROTAS":12,"APROVEITAMENTO_PCT":50.7,"GOLS_MARCADOS":69,"GOLS_SOFRIDOS":56,"NOMES_ALTERNATIVOS":[],"FONTES_JOGOS":["Meu Timão"],"LATITUDE":-21.7886713,"LONGITUDE":-48.1773096,"PRECISAO_COORDENADAS":"Município (estádio exato não identificado)","FONTE_COORDENADAS":"OpenStreetMap Nominatim (localidade aproximada)","URL_FONTE_COORDENADAS":"https://www.openstreetmap.org/relation/298395","ATRIBUICAO_COORDENADAS":"© OpenStreetMap contributors, ODbL 1.0","CAPACIDADE_FONTE":"Meu Timão","URL_FONTE_CAPACIDADE":"https://www.meutimao.com.br/estadio/fonte_luminosa?genero=feminino","PAIS_ISO3":"BRA"},"geometry":{"type":"Point","coordinates":[-48.1773096,-21.7886713]}},{"type":"Feature","properties":{"ESTÁDIO":"Fonte Nova","CIDADE":"Salvador","ESTADO":"Bahia","PAÍS":"Brasil","CAPACIDADE":"50000","PRIMEIRA_PARTIDA":"BOTAFOGO DA BAHIA 2x2 CORINTHIANS","DATA_PRIMEIRA_PARTIDA":"1955-06-04","ANO_PRIMEIRA_PARTIDA":1955,"ADVERSARIO":"BOTAFOGO DA BAHIA","PLACAR":"2x2","COMPETICAO_PRIMEIRA_PARTIDA":"Amistosos 1955","MANDO_PRIMEIRA_PARTIDA":"Não","FONTE_PRIMEIRA_PARTIDA":"https://www.meutimao.com.br/jogo/5507/amistosos-1955/amistoso/botafogo_da_bahia-2-x-2-corinthians","TOTAL_JOGOS":53,"VITÓRIAS":19,"EMPATES":15,"DERROTAS":19,"APROVEITAMENTO_PCT":45.3,"GOLS_MARCADOS":67,"GOLS_SOFRIDOS":60,"NOMES_ALTERNATIVOS":[],"FONTES_JOGOS":["Meu Timão"],"LATITUDE":-12.97883,"LONGITUDE":-38.5043711,"FONTE_COORDENADAS":"OpenStreetMap Nominatim (geocodificação reversa)","URL_FONTE_COORDENADAS":"https://www.openstreetmap.org/relation/362362","ATRIBUICAO_COORDENADAS":"© OpenStreetMap contributors, ODbL 1.0","CAPACIDADE_FONTE":"StadiumDB.com","URL_FONTE_CAPACIDADE":"https://stadiumdb.com/stadiums/bra/arena_fonte_nova","PAIS_ISO3":"BRA"},"geometry":{"type":"Point","coordinates":[-38.5043711,-12.97883]}},{"type":"Feature","properties":{"ESTÁDIO":"Fortaleza","CIDADE":"Barretos","ESTADO":"São Paulo","PAÍS":"Brasil","CAPACIDADE":null,"PRIMEIRA_PARTIDA":"COMBINADO BARRETOS/FORTALEZA-SP 2x7 CORINTHIANS","DATA_PRIMEIRA_PARTIDA":"1960-05-15","ANO_PRIMEIRA_PARTIDA":1960,"ADVERSARIO":"COMBINADO BARRETOS/FORTALEZA-SP","PLACAR":"2x7","COMPETICAO_PRIMEIRA_PARTIDA":"Amistosos 1960","MANDO_PRIMEIRA_PARTIDA":"Não","FONTE_PRIMEIRA_PARTIDA":"https://www.meutimao.com.br/jogo/5173/amistosos-1960/amistoso/combinado_barretosfortaleza-sp-2-x-7-corinthians","TOTAL_JOGOS":1,"VITÓRIAS":1,"EMPATES":0,"DERROTAS":0,"APROVEITAMENTO_PCT":100.0,"GOLS_MARCADOS":7,"GOLS_SOFRIDOS":2,"NOMES_ALTERNATIVOS":[],"FONTES_JOGOS":["Meu Timão"],"LATITUDE":-20.5680119,"LONGITUDE":-48.563717,"FONTE_COORDENADAS":"OpenStreetMap Nominatim (geocodificação reversa)","URL_FONTE_COORDENADAS":"https://www.openstreetmap.org/relation/297907","ATRIBUICAO_COORDENADAS":"© OpenStreetMap contributors, ODbL 1.0","PAIS_ISO3":"BRA"},"geometry":{"type":"Point","coordinates":[-48.563717,-20.5680119]}},{"type":"Feature","properties":{"ESTÁDIO":"Francisco Vasques","CIDADE":"Belém","ESTADO":"Pará","PAÍS":"Brasil","CAPACIDADE":null,"PRIMEIRA_PARTIDA":"REMO 0x4 CORINTHIANS","DATA_PRIMEIRA_PARTIDA":"1955-05-22","ANO_PRIMEIRA_PARTIDA":1955,"ADVERSARIO":"REMO","PLACAR":"0x4","COMPETICAO_PRIMEIRA_PARTIDA":"Amistosos 1955","MANDO_PRIMEIRA_PARTIDA":"Não","FONTE_PRIMEIRA_PARTIDA":"https://www.meutimao.com.br/jogo/5505/amistosos-1955/amistoso/remo-0-x-4-corinthians","TOTAL_JOGOS":1,"VITÓRIAS":1,"EMPATES":0,"DERROTAS":0,"APROVEITAMENTO_PCT":100.0,"GOLS_MARCADOS":4,"GOLS_SOFRIDOS":0,"NOMES_ALTERNATIVOS":[],"FONTES_JOGOS":["Meu Timão"],"LATITUDE":-1.4178113,"LONGITUDE":-48.4457716,"FONTE_COORDENADAS":"OpenStreetMap Nominatim (geocodificação reversa)","URL_FONTE_COORDENADAS":"https://www.openstreetmap.org/relation/185567","ATRIBUICAO_COORDENADAS":"© OpenStreetMap contributors, ODbL 1.0","PAIS_ISO3":"BRA"},"geometry":{"type":"Point","coordinates":[-48.4457716,-1.4178113]}},{"type":"Feature","properties":{"ESTÁDIO":"Frasqueirão","CIDADE":"Natal","ESTADO":"Rio Grande do Norte","PAÍS":"Brasil","CAPACIDADE":"18000","PRIMEIRA_PARTIDA":"ABC 0x1 CORINTHIANS","DATA_PRIMEIRA_PARTIDA":"2008-05-24","ANO_PRIMEIRA_PARTIDA":2008,"ADVERSARIO":"ABC","PLACAR":"0x1","COMPETICAO_PRIMEIRA_PARTIDA":"Brasileirão - Série B 2008","MANDO_PRIMEIRA_PARTIDA":"Não","FONTE_PRIMEIRA_PARTIDA":"https://www.meutimao.com.br/jogo/176/brasileirao-serie-b-2008/abc-0-x-1-corinthians","TOTAL_JOGOS":2,"VITÓRIAS":2,"EMPATES":0,"DERROTAS":0,"APROVEITAMENTO_PCT":100.0,"GOLS_MARCADOS":2,"GOLS_SOFRIDOS":0,"NOMES_ALTERNATIVOS":[],"FONTES_JOGOS":["Meu Timão"],"LATITUDE":-5.8891468,"LONGITUDE":-35.1792889,"FONTE_COORDENADAS":"OpenStreetMap Nominatim (geocodificação reversa)","URL_FONTE_COORDENADAS":"https://www.openstreetmap.org/relation/301091","ATRIBUICAO_COORDENADAS":"© OpenStreetMap contributors, ODbL 1.0","CAPACIDADE_FONTE":"Meu Timão","URL_FONTE_CAPACIDADE":"https://www.meutimao.com.br/estadio/frasqueirao/","PAIS_ISO3":"BRA"},"geometry":{"type":"Point","coordinates":[-35.1792889,-5.8891468]}},{"type":"Feature","properties":{"ESTÁDIO":"Frederico Dalmaso","CIDADE":"Sertãozinho","ESTADO":"São Paulo","PAÍS":"Brasil","CAPACIDADE":null,"PRIMEIRA_PARTIDA":"SERTÃOZINHO 0x1 CORINTHIANS","DATA_PRIMEIRA_PARTIDA":"1990-05-29","ANO_PRIMEIRA_PARTIDA":1990,"ADVERSARIO":"SERTÃOZINHO","PLACAR":"0x1","COMPETICAO_PRIMEIRA_PARTIDA":"Amistosos 1990","MANDO_PRIMEIRA_PARTIDA":"Não","FONTE_PRIMEIRA_PARTIDA":"https://www.meutimao.com.br/jogo/2893/amistosos-1990/amistoso/sertaozinho-0-x-1-corinthians","TOTAL_JOGOS":1,"VITÓRIAS":1,"EMPATES":0,"DERROTAS":0,"APROVEITAMENTO_PCT":100.0,"GOLS_MARCADOS":1,"GOLS_SOFRIDOS":0,"NOMES_ALTERNATIVOS":[],"FONTES_JOGOS":["Meu Timão"],"LATITUDE":-21.1439821,"LONGITUDE":-47.9922131,"FONTE_COORDENADAS":"OpenStreetMap Nominatim (geocodificação reversa)","URL_FONTE_COORDENADAS":"https://www.openstreetmap.org/relation/298517","ATRIBUICAO_COORDENADAS":"© OpenStreetMap contributors, ODbL 1.0","PAIS_ISO3":"BRA"},"geometry":{"type":"Point","coordinates":[-47.9922131,-21.1439821]}},{"type":"Feature","properties":{"ESTÁDIO":"Félix Capriles","CIDADE":"Cochabamba","ESTADO":"Cochabamba","PAÍS":"Bolivia","CAPACIDADE":"32000","PRIMEIRA_PARTIDA":"JORGE WILSTERMANN 1x1 CORINTHIANS","DATA_PRIMEIRA_PARTIDA":"1999-04-14","ANO_PRIMEIRA_PARTIDA":1999,"ADVERSARIO":"JORGE WILSTERMANN","PLACAR":"1x1","COMPETICAO_PRIMEIRA_PARTIDA":"Libertadores 1999","MANDO_PRIMEIRA_PARTIDA":"Não","FONTE_PRIMEIRA_PARTIDA":"https://www.meutimao.com.br/jogo/2193/libertadores-1999/jorge_wilstermann-1-x-1-corinthians","TOTAL_JOGOS":1,"VITÓRIAS":0,"EMPATES":1,"DERROTAS":0,"APROVEITAMENTO_PCT":33.3,"GOLS_MARCADOS":1,"GOLS_SOFRIDOS":1,"NOMES_ALTERNATIVOS":[],"FONTES_JOGOS":["Meu Timão"],"LATITUDE":-17.3792677,"LONGITUDE":-66.1617936,"FONTE_COORDENADAS":"OpenStreetMap Nominatim (geocodificação reversa)","URL_FONTE_COORDENADAS":"https://www.openstreetmap.org/relation/4503297","ATRIBUICAO_COORDENADAS":"© OpenStreetMap contributors, ODbL 1.0","CAPACIDADE_FONTE":"Meu Timão","URL_FONTE_CAPACIDADE":"https://www.meutimao.com.br/estadio/felix_capriles/","PAIS_ISO3":"BOL","FONTE_CORRECAO_PAIS":"https://data.geocode.earth/wof/dist/legacy/whosonfirst-data-country-latest.tar.bz2"},"geometry":{"type":"Point","coordinates":[-66.1617936,-17.3792677]}},{"type":"Feature","properties":{"ESTÁDIO":"Gauchão","CIDADE":"Araguaína","ESTADO":"Tocantins","PAÍS":"Brasil","CAPACIDADE":null,"PRIMEIRA_PARTIDA":"SELEÇÃO DE ARAGUAÍNA 0x4 CORINTHIANS","DATA_PRIMEIRA_PARTIDA":"1990-06-10","ANO_PRIMEIRA_PARTIDA":1990,"ADVERSARIO":"SELEÇÃO DE ARAGUAÍNA","PLACAR":"0x4","COMPETICAO_PRIMEIRA_PARTIDA":"Amistosos 1990","MANDO_PRIMEIRA_PARTIDA":"Não","FONTE_PRIMEIRA_PARTIDA":"https://www.meutimao.com.br/jogo/2895/amistosos-1990/amistoso/selecao_de_araguaina-0-x-4-corinthians","TOTAL_JOGOS":1,"VITÓRIAS":1,"EMPATES":0,"DERROTAS":0,"APROVEITAMENTO_PCT":100.0,"GOLS_MARCADOS":4,"GOLS_SOFRIDOS":0,"NOMES_ALTERNATIVOS":[],"FONTES_JOGOS":["Meu Timão"],"LATITUDE":-7.211167,"LONGITUDE":-48.23942,"FONTE_COORDENADAS":"OpenStreetMap Nominatim (geocodificação reversa)","URL_FONTE_COORDENADAS":"https://www.openstreetmap.org/relation/336824","ATRIBUICAO_COORDENADAS":"© OpenStreetMap contributors, ODbL 1.0","PAIS_ISO3":"BRA"},"geometry":{"type":"Point","coordinates":[-48.23942,-7.211167]}},{"type":"Feature","properties":{"ESTÁDIO":"General Affonseca","CIDADE":"Lorena","ESTADO":"São Paulo","PAÍS":"Brasil","CAPACIDADE":"5000","PRIMEIRA_PARTIDA":"HEPACARÉ 1x5 CORINTHIANS","DATA_PRIMEIRA_PARTIDA":"1948-11-28","ANO_PRIMEIRA_PARTIDA":1948,"ADVERSARIO":"HEPACARÉ","PLACAR":"1x5","COMPETICAO_PRIMEIRA_PARTIDA":"Amistosos 1948","MANDO_PRIMEIRA_PARTIDA":"Não","FONTE_PRIMEIRA_PARTIDA":"https://www.meutimao.com.br/jogo/5988/amistosos-1948/amistoso/hepacare-1-x-5-corinthians","TOTAL_JOGOS":1,"VITÓRIAS":1,"EMPATES":0,"DERROTAS":0,"APROVEITAMENTO_PCT":100.0,"GOLS_MARCADOS":5,"GOLS_SOFRIDOS":1,"NOMES_ALTERNATIVOS":[],"FONTES_JOGOS":["Meu Timão"],"LATITUDE":-22.735018,"LONGITUDE":-45.1253621,"FONTE_COORDENADAS":"OpenStreetMap Nominatim (geocodificação reversa)","URL_FONTE_COORDENADAS":"https://www.openstreetmap.org/relation/297911","ATRIBUICAO_COORDENADAS":"© OpenStreetMap contributors, ODbL 1.0","CAPACIDADE_FONTE":"Meu Timão","URL_FONTE_CAPACIDADE":"https://www.meutimao.com.br/estadio/general_affonseca/","PAIS_ISO3":"BRA"},"geometry":{"type":"Point","coordinates":[-45.1253621,-22.735018]}},{"type":"Feature","properties":{"ESTÁDIO":"General Severiano","CIDADE":"Rio de Janeiro","ESTADO":"Rio de Janeiro","PAÍS":"Brasil","CAPACIDADE":"20000","PRIMEIRA_PARTIDA":"BOTAFOGO 7x1 CORINTHIANS","DATA_PRIMEIRA_PARTIDA":"1931-05-06","ANO_PRIMEIRA_PARTIDA":1931,"ADVERSARIO":"BOTAFOGO","PLACAR":"7x1","COMPETICAO_PRIMEIRA_PARTIDA":"Taça dos Campeões 1931","MANDO_PRIMEIRA_PARTIDA":"Não","FONTE_PRIMEIRA_PARTIDA":"https://www.meutimao.com.br/jogo/6609/taca-dos-campeoes-1931/botafogo-7-x-1-corinthians","TOTAL_JOGOS":2,"VITÓRIAS":1,"EMPATES":0,"DERROTAS":1,"APROVEITAMENTO_PCT":50.0,"GOLS_MARCADOS":2,"GOLS_SOFRIDOS":7,"NOMES_ALTERNATIVOS":[],"FONTES_JOGOS":["Meu Timão"],"LATITUDE":-22.9537511,"LONGITUDE":-43.1779218,"FONTE_COORDENADAS":"OpenStreetMap Nominatim (geocodificação reversa)","URL_FONTE_COORDENADAS":"https://www.openstreetmap.org/relation/2697338","ATRIBUICAO_COORDENADAS":"© OpenStreetMap contributors, ODbL 1.0","CAPACIDADE_FONTE":"Meu Timão","URL_FONTE_CAPACIDADE":"https://www.meutimao.com.br/estadio/general_severiano/","PAIS_ISO3":"BRA"},"geometry":{"type":"Point","coordinates":[-43.1779218,-22.9537511]}},{"type":"Feature","properties":{"ESTÁDIO":"George Capwell","CIDADE":"Guayaquil","ESTADO":"Guayas","PAÍS":"Ecuador","CAPACIDADE":null,"PRIMEIRA_PARTIDA":"EMELEC 0x0 CORINTHIANS","DATA_PRIMEIRA_PARTIDA":"2012-05-02","ANO_PRIMEIRA_PARTIDA":2012,"ADVERSARIO":"EMELEC","PLACAR":"0x0","COMPETICAO_PRIMEIRA_PARTIDA":"Libertadores 2012","MANDO_PRIMEIRA_PARTIDA":"Não","FONTE_PRIMEIRA_PARTIDA":"https://www.meutimao.com.br/jogo/346/libertadores-2012/emelec-0-x-0-corinthians","TOTAL_JOGOS":1,"VITÓRIAS":0,"EMPATES":1,"DERROTAS":0,"APROVEITAMENTO_PCT":33.3,"GOLS_MARCADOS":0,"GOLS_SOFRIDOS":0,"NOMES_ALTERNATIVOS":[],"FONTES_JOGOS":["Meu Timão"],"LATITUDE":-2.2067158,"LONGITUDE":-79.8937912,"FONTE_COORDENADAS":"OpenStreetMap Nominatim (geocodificação reversa)","URL_FONTE_COORDENADAS":"https://www.openstreetmap.org/relation/2403848","ATRIBUICAO_COORDENADAS":"© OpenStreetMap contributors, ODbL 1.0","PAIS_ISO3":"ECU","FONTE_CORRECAO_PAIS":"https://data.geocode.earth/wof/dist/legacy/whosonfirst-data-country-latest.tar.bz2"},"geometry":{"type":"Point","coordinates":[-79.8937912,-2.2067158]}},{"type":"Feature","properties":{"ESTÁDIO":"Gerland","CIDADE":"Lião","ESTADO":"Auvergne-Rhône-Alpes","PAÍS":"France","CAPACIDADE":null,"PRIMEIRA_PARTIDA":"LYON 0x1 CORINTHIANS","DATA_PRIMEIRA_PARTIDA":"1996-07-18","ANO_PRIMEIRA_PARTIDA":1996,"ADVERSARIO":"LYON","PLACAR":"0x1","COMPETICAO_PRIMEIRA_PARTIDA":"Amistosos 1996","MANDO_PRIMEIRA_PARTIDA":"Não","FONTE_PRIMEIRA_PARTIDA":"https://www.meutimao.com.br/jogo/2453/amistosos-1996/amistoso/lyon-0-x-1-corinthians","TOTAL_JOGOS":1,"VITÓRIAS":1,"EMPATES":0,"DERROTAS":0,"APROVEITAMENTO_PCT":100.0,"GOLS_MARCADOS":1,"GOLS_SOFRIDOS":0,"NOMES_ALTERNATIVOS":[],"FONTES_JOGOS":["Meu Timão"],"LATITUDE":45.723699,"LONGITUDE":4.83214010000006,"FONTE_COORDENADAS":"OpenStreetMap Nominatim (geocodificação reversa)","URL_FONTE_COORDENADAS":"https://www.openstreetmap.org/relation/120965","ATRIBUICAO_COORDENADAS":"© OpenStreetMap contributors, ODbL 1.0","PAIS_ISO3":"FRA","FONTE_CORRECAO_PAIS":"https://data.geocode.earth/wof/dist/legacy/whosonfirst-data-country-latest.tar.bz2"},"geometry":{"type":"Point","coordinates":[4.83214010000006,45.723699]}},{"type":"Feature","properties":{"ESTÁDIO":"Germano Krüger","CIDADE":"Ponta Grossa","ESTADO":"Paraná","PAÍS":"Brasil","CAPACIDADE":"10632","PRIMEIRA_PARTIDA":"OPERÁRIO FERROVIÁRIO 1x7 CORINTHIANS","DATA_PRIMEIRA_PARTIDA":"1962-05-01","ANO_PRIMEIRA_PARTIDA":1962,"ADVERSARIO":"OPERÁRIO FERROVIÁRIO","PLACAR":"1x7","COMPETICAO_PRIMEIRA_PARTIDA":"Amistosos 1962","MANDO_PRIMEIRA_PARTIDA":"Não","FONTE_PRIMEIRA_PARTIDA":"https://www.meutimao.com.br/jogo/4990/amistosos-1962/amistoso/operario_ferroviario-1-x-7-corinthians","TOTAL_JOGOS":2,"VITÓRIAS":2,"EMPATES":0,"DERROTAS":0,"APROVEITAMENTO_PCT":100.0,"GOLS_MARCADOS":11,"GOLS_SOFRIDOS":2,"NOMES_ALTERNATIVOS":[],"FONTES_JOGOS":["Meu Timão"],"LATITUDE":-25.1161531,"LONGITUDE":-50.1566018,"FONTE_COORDENADAS":"OpenStreetMap Nominatim (geocodificação reversa)","URL_FONTE_COORDENADAS":"https://www.openstreetmap.org/relation/297796","ATRIBUICAO_COORDENADAS":"© OpenStreetMap contributors, ODbL 1.0","CAPACIDADE_FONTE":"Meu Timão","URL_FONTE_CAPACIDADE":"https://www.meutimao.com.br/estadio/germano_kruger/","PAIS_ISO3":"BRA"},"geometry":{"type":"Point","coordinates":[-50.1566018,-25.1161531]}},{"type":"Feature","properties":{"ESTÁDIO":"Gigante da Baixada","CIDADE":"Umuarama","ESTADO":"Paraná","PAÍS":"Brasil","CAPACIDADE":"3000","PRIMEIRA_PARTIDA":"CORINTHIANS 1x1 UMUARAMA","DATA_PRIMEIRA_PARTIDA":"1973-12-05","ANO_PRIMEIRA_PARTIDA":1973,"ADVERSARIO":"UMUARAMA","PLACAR":"1x1","COMPETICAO_PRIMEIRA_PARTIDA":"Amistosos 1973","MANDO_PRIMEIRA_PARTIDA":"Sim","FONTE_PRIMEIRA_PARTIDA":"https://www.meutimao.com.br/jogo/4168/amistosos-1973/amistoso/corinthians-1-x-1-umuarama","TOTAL_JOGOS":1,"VITÓRIAS":0,"EMPATES":1,"DERROTAS":0,"APROVEITAMENTO_PCT":33.3,"GOLS_MARCADOS":1,"GOLS_SOFRIDOS":1,"NOMES_ALTERNATIVOS":[],"FONTES_JOGOS":["Meu Timão"],"LATITUDE":-23.7621152,"LONGITUDE":-53.3116192,"PRECISAO_COORDENADAS":"Município (estádio exato não identificado)","FONTE_COORDENADAS":"OpenStreetMap Nominatim (localidade aproximada)","URL_FONTE_COORDENADAS":"https://www.openstreetmap.org/relation/297607","ATRIBUICAO_COORDENADAS":"© OpenStreetMap contributors, ODbL 1.0","CAPACIDADE_FONTE":"Meu Timão","URL_FONTE_CAPACIDADE":"https://www.meutimao.com.br/estadio/gigante_da_baixada/","PAIS_ISO3":"BRA"},"geometry":{"type":"Point","coordinates":[-53.3116192,-23.7621152]}},{"type":"Feature","properties":{"ESTÁDIO":"Gigante de Arroyito","CIDADE":"Rosário","ESTADO":"Santa Fe","PAÍS":"Argentina","CAPACIDADE":"46955","PRIMEIRA_PARTIDA":"ROSARIO CENTRAL 3x2 CORINTHIANS","DATA_PRIMEIRA_PARTIDA":"2000-05-03","ANO_PRIMEIRA_PARTIDA":2000,"ADVERSARIO":"ROSARIO CENTRAL","PLACAR":"3x2","COMPETICAO_PRIMEIRA_PARTIDA":"Libertadores 2000","MANDO_PRIMEIRA_PARTIDA":"Não","FONTE_PRIMEIRA_PARTIDA":"https://www.meutimao.com.br/jogo/2121/libertadores-2000/rosario_central-3-x-2-corinthians","TOTAL_JOGOS":2,"VITÓRIAS":0,"EMPATES":1,"DERROTAS":1,"APROVEITAMENTO_PCT":16.7,"GOLS_MARCADOS":2,"GOLS_SOFRIDOS":3,"NOMES_ALTERNATIVOS":[],"FONTES_JOGOS":["Meu Timão"],"LATITUDE":-32.9140305,"LONGITUDE":-60.6745499,"FONTE_COORDENADAS":"OpenStreetMap Nominatim (geocodificação reversa)","URL_FONTE_COORDENADAS":"https://www.openstreetmap.org/relation/3594027","ATRIBUICAO_COORDENADAS":"© OpenStreetMap contributors, ODbL 1.0","CAPACIDADE_FONTE":"StadiumDB.com","URL_FONTE_CAPACIDADE":"https://stadiumdb.com/stadiums/arg/el_gigante_de_arroyito","PAIS_ISO3":"ARG","FONTE_CORRECAO_PAIS":"https://data.geocode.earth/wof/dist/legacy/whosonfirst-data-country-latest.tar.bz2"},"geometry":{"type":"Point","coordinates":[-60.6745499,-32.9140305]}},{"type":"Feature","properties":{"ESTÁDIO":"Gigante de Madeira","CIDADE":"Lins","ESTADO":"São Paulo","PAÍS":"Brasil","CAPACIDADE":"5000","PRIMEIRA_PARTIDA":"LINENSE 3x1 CORINTHIANS","DATA_PRIMEIRA_PARTIDA":"1948-03-28","ANO_PRIMEIRA_PARTIDA":1948,"ADVERSARIO":"LINENSE","PLACAR":"3x1","COMPETICAO_PRIMEIRA_PARTIDA":"Amistosos 1948","MANDO_PRIMEIRA_PARTIDA":"Não","FONTE_PRIMEIRA_PARTIDA":"https://www.meutimao.com.br/jogo/5950/amistosos-1948/amistoso/linense-3-x-1-corinthians","TOTAL_JOGOS":5,"VITÓRIAS":2,"EMPATES":1,"DERROTAS":2,"APROVEITAMENTO_PCT":46.7,"GOLS_MARCADOS":5,"GOLS_SOFRIDOS":6,"NOMES_ALTERNATIVOS":[],"FONTES_JOGOS":["Meu Timão"],"LATITUDE":-21.6741873,"LONGITUDE":-49.7518932,"PRECISAO_COORDENADAS":"Município (estádio exato não identificado)","FONTE_COORDENADAS":"OpenStreetMap Nominatim (localidade aproximada)","URL_FONTE_COORDENADAS":"https://www.openstreetmap.org/relation/298486","ATRIBUICAO_COORDENADAS":"© OpenStreetMap contributors, ODbL 1.0","CAPACIDADE_FONTE":"Meu Timão","URL_FONTE_CAPACIDADE":"https://www.meutimao.com.br/estadio/gigante_de_madeira/","PAIS_ISO3":"BRA"},"geometry":{"type":"Point","coordinates":[-49.7518932,-21.6741873]}},{"type":"Feature","properties":{"ESTÁDIO":"Gilbertão","CIDADE":"Lins","ESTADO":"São Paulo","PAÍS":"Brasil","CAPACIDADE":"16200","PRIMEIRA_PARTIDA":"LINENSE 0x2 CORINTHIANS","DATA_PRIMEIRA_PARTIDA":"2011-03-05","ANO_PRIMEIRA_PARTIDA":2011,"ADVERSARIO":"LINENSE","PLACAR":"0x2","COMPETICAO_PRIMEIRA_PARTIDA":"Paulista 2011","MANDO_PRIMEIRA_PARTIDA":"Não","FONTE_PRIMEIRA_PARTIDA":"https://www.meutimao.com.br/jogo/225/paulista-2011/linense-0-x-2-corinthians","TOTAL_JOGOS":4,"VITÓRIAS":3,"EMPATES":0,"DERROTAS":1,"APROVEITAMENTO_PCT":75.0,"GOLS_MARCADOS":9,"GOLS_SOFRIDOS":2,"NOMES_ALTERNATIVOS":[],"FONTES_JOGOS":["Meu Timão"],"LATITUDE":-21.666821,"LONGITUDE":-49.763251,"FONTE_COORDENADAS":"OpenStreetMap Nominatim (geocodificação reversa)","URL_FONTE_COORDENADAS":"https://www.openstreetmap.org/relation/298486","ATRIBUICAO_COORDENADAS":"© OpenStreetMap contributors, ODbL 1.0","CAPACIDADE_FONTE":"Meu Timão","URL_FONTE_CAPACIDADE":"https://www.meutimao.com.br/estadio/gilbertao/","PAIS_ISO3":"BRA"},"geometry":{"type":"Point","coordinates":[-49.763251,-21.666821]}},{"type":"Feature","properties":{"ESTÁDIO":"Gino Rossi","CIDADE":"Pouso Alegre","ESTADO":"Minas Gerais","PAÍS":"Brasil","CAPACIDADE":null,"PRIMEIRA_PARTIDA":"SELEÇÃO DE POUSO ALEGRE 0x8 CORINTHIANS","DATA_PRIMEIRA_PARTIDA":"1998-07-11","ANO_PRIMEIRA_PARTIDA":1998,"ADVERSARIO":"SELEÇÃO DE POUSO ALEGRE","PLACAR":"0x8","COMPETICAO_PRIMEIRA_PARTIDA":"Amistosos 1998","MANDO_PRIMEIRA_PARTIDA":"Não","FONTE_PRIMEIRA_PARTIDA":"https://www.meutimao.com.br/jogo/2284/amistosos-1998/amistoso/selecao_de_pouso_alegre-0-x-8-corinthians","TOTAL_JOGOS":1,"VITÓRIAS":1,"EMPATES":0,"DERROTAS":0,"APROVEITAMENTO_PCT":100.0,"GOLS_MARCADOS":8,"GOLS_SOFRIDOS":0,"NOMES_ALTERNATIVOS":[],"FONTES_JOGOS":["Meu Timão"],"LATITUDE":-22.2514166,"LONGITUDE":-45.9214646,"FONTE_COORDENADAS":"OpenStreetMap Nominatim (geocodificação reversa)","URL_FONTE_COORDENADAS":"https://www.openstreetmap.org/relation/315431","ATRIBUICAO_COORDENADAS":"© OpenStreetMap contributors, ODbL 1.0","PAIS_ISO3":"BRA"},"geometry":{"type":"Point","coordinates":[-45.9214646,-22.2514166]}},{"type":"Feature","properties":{"ESTÁDIO":"Giulite Coutinho (Édson Passos)","CIDADE":"Mesquita","ESTADO":"Rio de Janeiro","PAÍS":"Brasil","CAPACIDADE":null,"PRIMEIRA_PARTIDA":"AMÉRICA-RJ 0x2 CORINTHIANS","DATA_PRIMEIRA_PARTIDA":"2002-02-09","ANO_PRIMEIRA_PARTIDA":2002,"ADVERSARIO":"AMÉRICA-RJ","PLACAR":"0x2","COMPETICAO_PRIMEIRA_PARTIDA":"Torneio Rio-São Paulo 2002","MANDO_PRIMEIRA_PARTIDA":"Não","FONTE_PRIMEIRA_PARTIDA":"https://www.meutimao.com.br/jogo/1958/torneio-rio-sao-paulo-2002/america-rj-0-x-2-corinthians","TOTAL_JOGOS":2,"VITÓRIAS":1,"EMPATES":1,"DERROTAS":0,"APROVEITAMENTO_PCT":66.7,"GOLS_MARCADOS":3,"GOLS_SOFRIDOS":1,"NOMES_ALTERNATIVOS":[],"FONTES_JOGOS":["Meu Timão"],"LATITUDE":-22.7954789,"LONGITUDE":-43.4197703,"FONTE_COORDENADAS":"OpenStreetMap Nominatim (geocodificação reversa)","URL_FONTE_COORDENADAS":"https://www.openstreetmap.org/relation/2709108","ATRIBUICAO_COORDENADAS":"© OpenStreetMap contributors, ODbL 1.0","PAIS_ISO3":"BRA"},"geometry":{"type":"Point","coordinates":[-43.4197703,-22.7954789]}},{"type":"Feature","properties":{"ESTÁDIO":"Godofredo Cruz","CIDADE":"Campos dos Goytacazes","ESTADO":"Rio de Janeiro","PAÍS":"Brasil","CAPACIDADE":null,"PRIMEIRA_PARTIDA":"AMERICANO 2x6 CORINTHIANS","DATA_PRIMEIRA_PARTIDA":"2002-02-20","ANO_PRIMEIRA_PARTIDA":2002,"ADVERSARIO":"AMERICANO","PLACAR":"2x6","COMPETICAO_PRIMEIRA_PARTIDA":"Copa do Brasil 2002","MANDO_PRIMEIRA_PARTIDA":"Não","FONTE_PRIMEIRA_PARTIDA":"https://www.meutimao.com.br/jogo/1961/copa-do-brasil-2002/americano-2-x-6-corinthians","TOTAL_JOGOS":1,"VITÓRIAS":1,"EMPATES":0,"DERROTAS":0,"APROVEITAMENTO_PCT":100.0,"GOLS_MARCADOS":6,"GOLS_SOFRIDOS":2,"NOMES_ALTERNATIVOS":[],"FONTES_JOGOS":["Meu Timão"],"LATITUDE":-21.7605072,"LONGITUDE":-41.3411293,"FONTE_COORDENADAS":"OpenStreetMap Nominatim (geocodificação reversa)","URL_FONTE_COORDENADAS":"https://www.openstreetmap.org/relation/2211795","ATRIBUICAO_COORDENADAS":"© OpenStreetMap contributors, ODbL 1.0","PAIS_ISO3":"BRA"},"geometry":{"type":"Point","coordinates":[-41.3411293,-21.7605072]}},{"type":"Feature","properties":{"ESTÁDIO":"Gran Parque Central","CIDADE":"Montevidéu","ESTADO":"Montevideo","PAÍS":"Uruguai","CAPACIDADE":null,"PRIMEIRA_PARTIDA":"RACING-URU 0x2 CORINTHIANS","DATA_PRIMEIRA_PARTIDA":"2010-04-14","ANO_PRIMEIRA_PARTIDA":2010,"ADVERSARIO":"RACING-URU","PLACAR":"0x2","COMPETICAO_PRIMEIRA_PARTIDA":"Libertadores 2010","MANDO_PRIMEIRA_PARTIDA":"Não","FONTE_PRIMEIRA_PARTIDA":"https://www.meutimao.com.br/jogo/99/libertadores-2010/racing-uru-0-x-2-corinthians","TOTAL_JOGOS":3,"VITÓRIAS":2,"EMPATES":1,"DERROTAS":0,"APROVEITAMENTO_PCT":77.8,"GOLS_MARCADOS":4,"GOLS_SOFRIDOS":1,"NOMES_ALTERNATIVOS":[],"FONTES_JOGOS":["Meu Timão"],"LATITUDE":-34.8839988,"LONGITUDE":-56.1594734,"FONTE_COORDENADAS":"OpenStreetMap Nominatim (geocodificação reversa)","URL_FONTE_COORDENADAS":"https://www.openstreetmap.org/relation/2929054","ATRIBUICAO_COORDENADAS":"© OpenStreetMap contributors, ODbL 1.0","PAIS_ISO3":"URY"},"geometry":{"type":"Point","coordinates":[-56.1594734,-34.8839988]}},{"type":"Feature","properties":{"ESTÁDIO":"Ground do Santos Dumont","CIDADE":"Jundiaí","ESTADO":"São Paulo","PAÍS":"Brasil","CAPACIDADE":"1000","PRIMEIRA_PARTIDA":"PAULISTA 0x1 CORINTHIANS","DATA_PRIMEIRA_PARTIDA":"1912-06-09","ANO_PRIMEIRA_PARTIDA":1912,"ADVERSARIO":"PAULISTA","PLACAR":"0x1","COMPETICAO_PRIMEIRA_PARTIDA":"Jogo varzeano 1910","MANDO_PRIMEIRA_PARTIDA":"Não","FONTE_PRIMEIRA_PARTIDA":"https://www.meutimao.com.br/jogo/7066/jogo-varzeano-1910/amistoso/paulista-0-x-1-corinthians","TOTAL_JOGOS":1,"VITÓRIAS":1,"EMPATES":0,"DERROTAS":0,"APROVEITAMENTO_PCT":100.0,"GOLS_MARCADOS":1,"GOLS_SOFRIDOS":0,"NOMES_ALTERNATIVOS":[],"FONTES_JOGOS":["Meu Timão"],"LATITUDE":-23.1676264,"LONGITUDE":-46.9101143,"FONTE_COORDENADAS":"OpenStreetMap Nominatim (geocodificação reversa)","URL_FONTE_COORDENADAS":"https://www.openstreetmap.org/relation/297991","ATRIBUICAO_COORDENADAS":"© OpenStreetMap contributors, ODbL 1.0","CAPACIDADE_FONTE":"Meu Timão","URL_FONTE_CAPACIDADE":"https://www.meutimao.com.br/estadio/ground_do_santos_dumont/","PAIS_ISO3":"BRA"},"geometry":{"type":"Point","coordinates":[-46.9101143,-23.1676264]}},{"type":"Feature","properties":{"ESTÁDIO":"Gustavo Nunes Diniz","CIDADE":"Cambará","ESTADO":"Paraná","PAÍS":"Brasil","CAPACIDADE":null,"PRIMEIRA_PARTIDA":"CAMBARAENSE 0x3 CORINTHIANS","DATA_PRIMEIRA_PARTIDA":"1950-06-04","ANO_PRIMEIRA_PARTIDA":1950,"ADVERSARIO":"CAMBARAENSE","PLACAR":"0x3","COMPETICAO_PRIMEIRA_PARTIDA":"Amistosos 1950","MANDO_PRIMEIRA_PARTIDA":"Não","FONTE_PRIMEIRA_PARTIDA":"https://www.meutimao.com.br/jogo/5834/amistosos-1950/amistoso/cambaraense-0-x-3-corinthians","TOTAL_JOGOS":1,"VITÓRIAS":1,"EMPATES":0,"DERROTAS":0,"APROVEITAMENTO_PCT":100.0,"GOLS_MARCADOS":3,"GOLS_SOFRIDOS":0,"NOMES_ALTERNATIVOS":[],"FONTES_JOGOS":["Meu Timão"],"LATITUDE":-23.0465199,"LONGITUDE":-50.0720282,"FONTE_COORDENADAS":"OpenStreetMap Nominatim (geocodificação reversa)","URL_FONTE_COORDENADAS":"https://www.openstreetmap.org/relation/297500","ATRIBUICAO_COORDENADAS":"© OpenStreetMap contributors, ODbL 1.0","PAIS_ISO3":"BRA"},"geometry":{"type":"Point","coordinates":[-50.0720282,-23.0465199]}},{"type":"Feature","properties":{"ESTÁDIO":"Gymnásio de Jaú","CIDADE":"Jaú","ESTADO":"SP","PAÍS":"Brasil","CAPACIDADE":null,"PRIMEIRA_PARTIDA":"XV de Jaú 0 x 2 Corinthians","DATA_PRIMEIRA_PARTIDA":"1935-08-25","ANO_PRIMEIRA_PARTIDA":1935,"ADVERSARIO":"XV de Jaú","PLACAR":"0 x 2","COMPETICAO_PRIMEIRA_PARTIDA":"Amistoso","MANDO_PRIMEIRA_PARTIDA":null,"FONTE_PRIMEIRA_PARTIDA":"Meu Timão / Acervo ATLAS1910","TOTAL_JOGOS":1,"VITÓRIAS":0,"EMPATES":0,"DERROTAS":0,"APROVEITAMENTO_PCT":0,"GOLS_MARCADOS":0,"GOLS_SOFRIDOS":0,"NOMES_ALTERNATIVOS":[],"FONTES_JOGOS":[],"LATITUDE":-22.30275,"LONGITUDE":-48.5755491,"PAIS_ISO3":"BRA"},"geometry":{"type":"Point","coordinates":[-48.5755491,-22.30275]}},{"type":"Feature","properties":{"ESTÁDIO":"Hailé Pinheiro (Serrinha)","CIDADE":"Goiânia","ESTADO":"GO","PAÍS":"Brasil","CAPACIDADE":null,"PRIMEIRA_PARTIDA":"goias 1 x 2 Corinthians","DATA_PRIMEIRA_PARTIDA":"2020-09-02","ANO_PRIMEIRA_PARTIDA":2020,"ADVERSARIO":"goias","PLACAR":"1 x 2","COMPETICAO_PRIMEIRA_PARTIDA":"Brasileiro","MANDO_PRIMEIRA_PARTIDA":"Visitante","FONTE_PRIMEIRA_PARTIDA":"Meu Timão / Acervo ATLAS1910","TOTAL_JOGOS":9,"VITÓRIAS":3,"EMPATES":3,"DERROTAS":3,"APROVEITAMENTO_PCT":44.4,"GOLS_MARCADOS":9,"GOLS_SOFRIDOS":12,"NOMES_ALTERNATIVOS":[],"FONTES_JOGOS":[],"LATITUDE":-16.7104284,"LONGITUDE":-49.2612882,"PAIS_ISO3":"BRA"},"geometry":{"type":"Point","coordinates":[-49.2612882,-16.7104284]}},{"type":"Feature","properties":{"ESTÁDIO":"Hercílio Luz","CIDADE":"Itajaí","ESTADO":"Santa Catarina","PAÍS":"Brasil","CAPACIDADE":"6010","PRIMEIRA_PARTIDA":"MARCÍLIO DIAS 0x1 CORINTHIANS","DATA_PRIMEIRA_PARTIDA":"1968-08-18","ANO_PRIMEIRA_PARTIDA":1968,"ADVERSARIO":"MARCÍLIO DIAS","PLACAR":"0x1","COMPETICAO_PRIMEIRA_PARTIDA":"Amistosos 1968","MANDO_PRIMEIRA_PARTIDA":"Não","FONTE_PRIMEIRA_PARTIDA":"https://www.meutimao.com.br/jogo/4538/amistosos-1968/amistoso/marcilio_dias-0-x-1-corinthians","TOTAL_JOGOS":1,"VITÓRIAS":1,"EMPATES":0,"DERROTAS":0,"APROVEITAMENTO_PCT":100.0,"GOLS_MARCADOS":1,"GOLS_SOFRIDOS":0,"NOMES_ALTERNATIVOS":[],"FONTES_JOGOS":["Meu Timão"],"LATITUDE":-26.9084026,"LONGITUDE":-48.6597802,"FONTE_COORDENADAS":"OpenStreetMap Nominatim (geocodificação reversa)","URL_FONTE_COORDENADAS":"https://www.openstreetmap.org/relation/296666","ATRIBUICAO_COORDENADAS":"© OpenStreetMap contributors, ODbL 1.0","CAPACIDADE_FONTE":"Meu Timão","URL_FONTE_CAPACIDADE":"https://www.meutimao.com.br/estadio/hercilio_luz/","PAIS_ISO3":"BRA"},"geometry":{"type":"Point","coordinates":[-48.6597802,-26.9084026]}},{"type":"Feature","properties":{"ESTÁDIO":"Heriberto Hulse","CIDADE":"Criciúma","ESTADO":"Santa Catarina","PAÍS":"Brasil","CAPACIDADE":null,"PRIMEIRA_PARTIDA":"PONTE PRETA 0x6 CORINTHIANS","DATA_PRIMEIRA_PARTIDA":"1948-12-08","ANO_PRIMEIRA_PARTIDA":1948,"ADVERSARIO":"PONTE PRETA","PLACAR":"0x6","COMPETICAO_PRIMEIRA_PARTIDA":"Amistosos 1948","MANDO_PRIMEIRA_PARTIDA":"Visitante","FONTE_PRIMEIRA_PARTIDA":"https://www.meutimao.com.br/jogo/5979/amistosos-1948/amistoso/ponte_preta-0-x-6-corinthians","TOTAL_JOGOS":77,"VITÓRIAS":30,"EMPATES":26,"DERROTAS":21,"APROVEITAMENTO_PCT":50.2,"GOLS_MARCADOS":112,"GOLS_SOFRIDOS":89,"NOMES_ALTERNATIVOS":[],"FONTES_JOGOS":[],"LATITUDE":-28.6845169,"LONGITUDE":-49.3676877,"FONTE_COORDENADAS":"OpenStreetMap Nominatim (geocodificação reversa)","URL_FONTE_COORDENADAS":"https://www.openstreetmap.org/relation/296527","ATRIBUICAO_COORDENADAS":"© OpenStreetMap contributors, ODbL 1.0","PAIS_ISO3":"BRA"},"geometry":{"type":"Point","coordinates":[-49.3676877,-28.6845169]}},{"type":"Feature","properties":{"ESTÁDIO":"Herminião","CIDADE":"Araras","ESTADO":"São Paulo","PAÍS":"Brasil","CAPACIDADE":"16096","PRIMEIRA_PARTIDA":"UNIÃO SÃO JOÃO 2x0 CORINTHIANS","DATA_PRIMEIRA_PARTIDA":"1989-02-12","ANO_PRIMEIRA_PARTIDA":1989,"ADVERSARIO":"UNIÃO SÃO JOÃO","PLACAR":"2x0","COMPETICAO_PRIMEIRA_PARTIDA":"Amistosos 1989","MANDO_PRIMEIRA_PARTIDA":"Não","FONTE_PRIMEIRA_PARTIDA":"https://www.meutimao.com.br/jogo/2939/amistosos-1989/amistoso/uniao_sao_joao-2-x-0-corinthians","TOTAL_JOGOS":10,"VITÓRIAS":5,"EMPATES":1,"DERROTAS":4,"APROVEITAMENTO_PCT":53.3,"GOLS_MARCADOS":10,"GOLS_SOFRIDOS":10,"NOMES_ALTERNATIVOS":[],"FONTES_JOGOS":["Meu Timão"],"LATITUDE":-22.357202,"LONGITUDE":-47.3838715,"PRECISAO_COORDENADAS":"Município (estádio exato não identificado)","FONTE_COORDENADAS":"OpenStreetMap Nominatim (localidade aproximada)","URL_FONTE_COORDENADAS":"https://www.openstreetmap.org/relation/298532","ATRIBUICAO_COORDENADAS":"© OpenStreetMap contributors, ODbL 1.0","CAPACIDADE_FONTE":"Meu Timão","URL_FONTE_CAPACIDADE":"https://www.meutimao.com.br/estadio/herminiao/","PAIS_ISO3":"BRA"},"geometry":{"type":"Point","coordinates":[-47.3838715,-22.357202]}},{"type":"Feature","properties":{"ESTÁDIO":"Hermínio Ometto","CIDADE":"Araras","ESTADO":"SP","PAÍS":"Brasil","CAPACIDADE":null,"PRIMEIRA_PARTIDA":"união são joão de araras 2 x 0 Corinthians","DATA_PRIMEIRA_PARTIDA":"1989-02-12","ANO_PRIMEIRA_PARTIDA":1989,"ADVERSARIO":"união são joão de araras","PLACAR":"2 x 0","COMPETICAO_PRIMEIRA_PARTIDA":"Amistoso","MANDO_PRIMEIRA_PARTIDA":"Visitante","FONTE_PRIMEIRA_PARTIDA":"Meu Timão / Acervo ATLAS1910","TOTAL_JOGOS":30,"VITÓRIAS":15,"EMPATES":3,"DERROTAS":12,"APROVEITAMENTO_PCT":53.3,"GOLS_MARCADOS":30,"GOLS_SOFRIDOS":30,"NOMES_ALTERNATIVOS":[],"FONTES_JOGOS":[],"LATITUDE":-22.3592045,"LONGITUDE":-47.3406672,"PAIS_ISO3":"BRA"},"geometry":{"type":"Point","coordinates":[-47.3406672,-22.3592045]}},{"type":"Feature","properties":{"ESTÁDIO":"Hernando Siles","CIDADE":"La Paz","ESTADO":"La Paz","PAÍS":"Bolivia","CAPACIDADE":"42000","PRIMEIRA_PARTIDA":"THE STRONGEST 0x2 CORINTHIANS","DATA_PRIMEIRA_PARTIDA":"2003-04-09","ANO_PRIMEIRA_PARTIDA":2003,"ADVERSARIO":"THE STRONGEST","PLACAR":"0x2","COMPETICAO_PRIMEIRA_PARTIDA":"Libertadores 2003","MANDO_PRIMEIRA_PARTIDA":"Não","FONTE_PRIMEIRA_PARTIDA":"https://www.meutimao.com.br/jogo/1900/libertadores-2003/the_strongest-0-x-2-corinthians","TOTAL_JOGOS":2,"VITÓRIAS":1,"EMPATES":0,"DERROTAS":1,"APROVEITAMENTO_PCT":50.0,"GOLS_MARCADOS":2,"GOLS_SOFRIDOS":2,"NOMES_ALTERNATIVOS":[],"FONTES_JOGOS":["Meu Timão"],"LATITUDE":-16.499465,"LONGITUDE":-68.1226791,"FONTE_COORDENADAS":"OpenStreetMap Nominatim (geocodificação reversa)","URL_FONTE_COORDENADAS":"https://www.openstreetmap.org/relation/4499870","ATRIBUICAO_COORDENADAS":"© OpenStreetMap contributors, ODbL 1.0","CAPACIDADE_FONTE":"StadiumDB.com","URL_FONTE_CAPACIDADE":"https://stadiumdb.com/stadiums/bol/estadio_hernando_siles","PAIS_ISO3":"BOL","FONTE_CORRECAO_PAIS":"https://data.geocode.earth/wof/dist/legacy/whosonfirst-data-country-latest.tar.bz2"},"geometry":{"type":"Point","coordinates":[-68.1226791,-16.499465]}},{"type":"Feature","properties":{"ESTÁDIO":"Highbury","CIDADE":"Grande Londres","ESTADO":"Inglaterra","PAÍS":"United Kingdom","CAPACIDADE":null,"PRIMEIRA_PARTIDA":"arsenal 2 x 0 Corinthians","DATA_PRIMEIRA_PARTIDA":"1965-11-16","ANO_PRIMEIRA_PARTIDA":1965,"ADVERSARIO":"arsenal","PLACAR":"2 x 0","COMPETICAO_PRIMEIRA_PARTIDA":"Amistoso","MANDO_PRIMEIRA_PARTIDA":"Visitante","FONTE_PRIMEIRA_PARTIDA":"Meu Timão / Acervo ATLAS1910","TOTAL_JOGOS":1,"VITÓRIAS":0,"EMPATES":0,"DERROTAS":1,"APROVEITAMENTO_PCT":0,"GOLS_MARCADOS":0,"GOLS_SOFRIDOS":2,"NOMES_ALTERNATIVOS":[],"FONTES_JOGOS":[],"LATITUDE":51.557732,"LONGITUDE":-0.101917500000013,"FONTE_COORDENADAS":"OpenStreetMap Nominatim (geocodificação reversa)","URL_FONTE_COORDENADAS":"https://www.openstreetmap.org/relation/51821","ATRIBUICAO_COORDENADAS":"© OpenStreetMap contributors, ODbL 1.0","PAIS_ISO3":"GBR","FONTE_CORRECAO_PAIS":"https://data.geocode.earth/wof/dist/legacy/whosonfirst-data-country-latest.tar.bz2"},"geometry":{"type":"Point","coordinates":[-0.101917500000013,51.557732]}},{"type":"Feature","properties":{"ESTÁDIO":"Hong Kong Stadium","CIDADE":"Hong Kong","ESTADO":null,"PAÍS":"Hong Kong","CAPACIDADE":"40000","PRIMEIRA_PARTIDA":"SEIKO 0x0 CORINTHIANS","DATA_PRIMEIRA_PARTIDA":"1984-01-24","ANO_PRIMEIRA_PARTIDA":1984,"ADVERSARIO":"SEIKO","PLACAR":"0x0","COMPETICAO_PRIMEIRA_PARTIDA":"Amistosos 1984","MANDO_PRIMEIRA_PARTIDA":"Não","FONTE_PRIMEIRA_PARTIDA":"https://www.meutimao.com.br/jogo/3267/amistosos-1984/amistoso/seiko-0-x-0-corinthians","TOTAL_JOGOS":1,"VITÓRIAS":0,"EMPATES":1,"DERROTAS":0,"APROVEITAMENTO_PCT":33.3,"GOLS_MARCADOS":0,"GOLS_SOFRIDOS":0,"NOMES_ALTERNATIVOS":[],"FONTES_JOGOS":["Meu Timão"],"LATITUDE":22.2730071,"LONGITUDE":114.1886196,"FONTE_COORDENADAS":"OpenStreetMap Nominatim (geocodificação reversa)","URL_FONTE_COORDENADAS":"https://www.openstreetmap.org/relation/2558883","ATRIBUICAO_COORDENADAS":"© OpenStreetMap contributors, ODbL 1.0","CAPACIDADE_FONTE":"StadiumDB.com","URL_FONTE_CAPACIDADE":"https://stadiumdb.com/stadiums/hkg/hong_kong_stadium","FONTE_CORRECAO_LOCALIDADE":"https://www.lcsd.gov.hk/en/stadium/hs.html","PAIS_ISO3":"HKG"},"geometry":{"type":"Point","coordinates":[114.1886196,22.2730071]}},{"type":"Feature","properties":{"ESTÁDIO":"Horácio Antônio da Costa","CIDADE":"Campinas","ESTADO":"São Paulo","PAÍS":"Brasil","CAPACIDADE":null,"PRIMEIRA_PARTIDA":"PONTE PRETA 1x7 CORINTHIANS","DATA_PRIMEIRA_PARTIDA":"1943-12-05","ANO_PRIMEIRA_PARTIDA":1943,"ADVERSARIO":"PONTE PRETA","PLACAR":"1x7","COMPETICAO_PRIMEIRA_PARTIDA":"Amistosos 1943","MANDO_PRIMEIRA_PARTIDA":"Não","FONTE_PRIMEIRA_PARTIDA":"https://www.meutimao.com.br/jogo/6194/amistosos-1943/amistoso/ponte_preta-1-x-7-corinthians","TOTAL_JOGOS":5,"VITÓRIAS":4,"EMPATES":0,"DERROTAS":1,"APROVEITAMENTO_PCT":80.0,"GOLS_MARCADOS":19,"GOLS_SOFRIDOS":7,"NOMES_ALTERNATIVOS":[],"FONTES_JOGOS":["Meu Timão"],"LATITUDE":-22.8958907,"LONGITUDE":-47.0694161,"FONTE_COORDENADAS":"OpenStreetMap Nominatim (geocodificação reversa)","URL_FONTE_COORDENADAS":"https://www.openstreetmap.org/relation/298227","ATRIBUICAO_COORDENADAS":"© OpenStreetMap contributors, ODbL 1.0","PAIS_ISO3":"BRA"},"geometry":{"type":"Point","coordinates":[-47.0694161,-22.8958907]}},{"type":"Feature","properties":{"ESTÁDIO":"Horácio Klabin","CIDADE":"Telêmaco Borba","ESTADO":"Paraná","PAÍS":"Brasil","CAPACIDADE":null,"PRIMEIRA_PARTIDA":"ATHLETICO-PR 3x3 CORINTHIANS","DATA_PRIMEIRA_PARTIDA":"1949-04-10","ANO_PRIMEIRA_PARTIDA":1949,"ADVERSARIO":"ATHLETICO-PR","PLACAR":"3x3","COMPETICAO_PRIMEIRA_PARTIDA":"Amistosos 1949","MANDO_PRIMEIRA_PARTIDA":"Não","FONTE_PRIMEIRA_PARTIDA":"https://www.meutimao.com.br/jogo/5872/amistosos-1949/amistoso/athletico-pr-3-x-3-corinthians","TOTAL_JOGOS":1,"VITÓRIAS":0,"EMPATES":1,"DERROTAS":0,"APROVEITAMENTO_PCT":33.3,"GOLS_MARCADOS":3,"GOLS_SOFRIDOS":3,"NOMES_ALTERNATIVOS":[],"FONTES_JOGOS":["Meu Timão"],"LATITUDE":-24.3279349,"LONGITUDE":-50.6201913,"FONTE_COORDENADAS":"OpenStreetMap Nominatim (geocodificação reversa)","URL_FONTE_COORDENADAS":"https://www.openstreetmap.org/relation/297518","ATRIBUICAO_COORDENADAS":"© OpenStreetMap contributors, ODbL 1.0","PAIS_ISO3":"BRA"},"geometry":{"type":"Point","coordinates":[-50.6201913,-24.3279349]}},{"type":"Feature","properties":{"ESTÁDIO":"Hudson Buck Ferreira","CIDADE":"Matão","ESTADO":"SP","PAÍS":"Brasil","CAPACIDADE":null,"PRIMEIRA_PARTIDA":"matonense 2 x 4 Corinthians","DATA_PRIMEIRA_PARTIDA":"1999-03-06","ANO_PRIMEIRA_PARTIDA":1999,"ADVERSARIO":"matonense","PLACAR":"2 x 4","COMPETICAO_PRIMEIRA_PARTIDA":"Paulista","MANDO_PRIMEIRA_PARTIDA":"Visitante","FONTE_PRIMEIRA_PARTIDA":"Meu Timão / Acervo ATLAS1910","TOTAL_JOGOS":9,"VITÓRIAS":3,"EMPATES":0,"DERROTAS":6,"APROVEITAMENTO_PCT":33.3,"GOLS_MARCADOS":18,"GOLS_SOFRIDOS":21,"NOMES_ALTERNATIVOS":[],"FONTES_JOGOS":[],"LATITUDE":-21.6073952,"LONGITUDE":-48.3667262,"PAIS_ISO3":"BRA"},"geometry":{"type":"Point","coordinates":[-48.3667262,-21.6073952]}},{"type":"Feature","properties":{"ESTÁDIO":"Humberto Reale","CIDADE":"Sorocaba","ESTADO":"São Paulo","PAÍS":"Brasil","CAPACIDADE":"9000","PRIMEIRA_PARTIDA":"SÃO BENTO 1x5 CORINTHIANS","DATA_PRIMEIRA_PARTIDA":"1943-08-29","ANO_PRIMEIRA_PARTIDA":1943,"ADVERSARIO":"SÃO BENTO","PLACAR":"1x5","COMPETICAO_PRIMEIRA_PARTIDA":"Amistosos 1943","MANDO_PRIMEIRA_PARTIDA":"Não","FONTE_PRIMEIRA_PARTIDA":"https://www.meutimao.com.br/jogo/6186/amistosos-1943/amistoso/sao_bento-1-x-5-corinthians","TOTAL_JOGOS":14,"VITÓRIAS":7,"EMPATES":4,"DERROTAS":3,"APROVEITAMENTO_PCT":59.5,"GOLS_MARCADOS":25,"GOLS_SOFRIDOS":14,"NOMES_ALTERNATIVOS":[],"FONTES_JOGOS":["Meu Timão"],"LATITUDE":-23.5003451,"LONGITUDE":-47.4582864,"PRECISAO_COORDENADAS":"Município (estádio exato não identificado)","FONTE_COORDENADAS":"OpenStreetMap Nominatim (localidade aproximada)","URL_FONTE_COORDENADAS":"https://www.openstreetmap.org/relation/298424","ATRIBUICAO_COORDENADAS":"© OpenStreetMap contributors, ODbL 1.0","CAPACIDADE_FONTE":"Meu Timão","URL_FONTE_CAPACIDADE":"https://www.meutimao.com.br/estadio/humberto_reale/","PAIS_ISO3":"BRA"},"geometry":{"type":"Point","coordinates":[-47.4582864,-23.5003451]}},{"type":"Feature","properties":{"ESTÁDIO":"Hyppodromo Campineiro","CIDADE":"Campinas","ESTADO":"São Paulo","PAÍS":"Brasil","CAPACIDADE":null,"PRIMEIRA_PARTIDA":"PONTE PRETA 1x2 CORINTHIANS","DATA_PRIMEIRA_PARTIDA":"1914-10-04","ANO_PRIMEIRA_PARTIDA":1914,"ADVERSARIO":"PONTE PRETA","PLACAR":"1x2","COMPETICAO_PRIMEIRA_PARTIDA":"Amistosos 1914","MANDO_PRIMEIRA_PARTIDA":"Não","FONTE_PRIMEIRA_PARTIDA":"https://www.meutimao.com.br/jogo/7036/amistosos-1914/amistoso/ponte_preta-1-x-2-corinthians","TOTAL_JOGOS":5,"VITÓRIAS":5,"EMPATES":0,"DERROTAS":0,"APROVEITAMENTO_PCT":100.0,"GOLS_MARCADOS":17,"GOLS_SOFRIDOS":5,"NOMES_ALTERNATIVOS":[],"FONTES_JOGOS":["Meu Timão"],"LATITUDE":-22.904163,"LONGITUDE":-47.0749616,"FONTE_COORDENADAS":"OpenStreetMap Nominatim (geocodificação reversa)","URL_FONTE_COORDENADAS":"https://www.openstreetmap.org/relation/298227","ATRIBUICAO_COORDENADAS":"© OpenStreetMap contributors, ODbL 1.0","PAIS_ISO3":"BRA"},"geometry":{"type":"Point","coordinates":[-47.0749616,-22.904163]}},{"type":"Feature","properties":{"ESTÁDIO":"Ibirapuera","CIDADE":"São Paulo","ESTADO":"São Paulo","PAÍS":"Brasil","CAPACIDADE":null,"PRIMEIRA_PARTIDA":"CORINTHIANS 3x1 FLUMINENSE","DATA_PRIMEIRA_PARTIDA":"1996-10-13","ANO_PRIMEIRA_PARTIDA":1996,"ADVERSARIO":"FLUMINENSE","PLACAR":"3x1","COMPETICAO_PRIMEIRA_PARTIDA":"Brasileirão 1996","MANDO_PRIMEIRA_PARTIDA":"Sim","FONTE_PRIMEIRA_PARTIDA":"https://www.meutimao.com.br/jogo/2471/brasileirao-1996/corinthians-3-x-1-fluminense","TOTAL_JOGOS":1,"VITÓRIAS":1,"EMPATES":0,"DERROTAS":0,"APROVEITAMENTO_PCT":100.0,"GOLS_MARCADOS":3,"GOLS_SOFRIDOS":1,"NOMES_ALTERNATIVOS":[],"FONTES_JOGOS":["Meu Timão"],"LATITUDE":-23.5781368,"LONGITUDE":-46.6544714,"FONTE_COORDENADAS":"OpenStreetMap Nominatim (geocodificação reversa)","URL_FONTE_COORDENADAS":"https://www.openstreetmap.org/relation/298285","ATRIBUICAO_COORDENADAS":"© OpenStreetMap contributors, ODbL 1.0","PAIS_ISO3":"BRA"},"geometry":{"type":"Point","coordinates":[-46.6544714,-23.5781368]}},{"type":"Feature","properties":{"ESTÁDIO":"Ilha do Retiro","CIDADE":"Recife","ESTADO":"Pernambuco","PAÍS":"Brasil","CAPACIDADE":"45500","PRIMEIRA_PARTIDA":"AMÉRICA DE PERNAMBUCO 0x3 CORINTHIANS","DATA_PRIMEIRA_PARTIDA":"1954-05-06","ANO_PRIMEIRA_PARTIDA":1954,"ADVERSARIO":"AMÉRICA DE PERNAMBUCO","PLACAR":"0x3","COMPETICAO_PRIMEIRA_PARTIDA":"Amistosos 1954","MANDO_PRIMEIRA_PARTIDA":"Não","FONTE_PRIMEIRA_PARTIDA":"https://www.meutimao.com.br/jogo/5564/amistosos-1954/amistoso/america_de_pernambuco-0-x-3-corinthians","TOTAL_JOGOS":35,"VITÓRIAS":11,"EMPATES":9,"DERROTAS":15,"APROVEITAMENTO_PCT":40.0,"GOLS_MARCADOS":41,"GOLS_SOFRIDOS":41,"NOMES_ALTERNATIVOS":[],"FONTES_JOGOS":["Meu Timão"],"LATITUDE":-8.0629168,"LONGITUDE":-34.9029094,"FONTE_COORDENADAS":"OpenStreetMap Nominatim (geocodificação reversa)","URL_FONTE_COORDENADAS":"https://www.openstreetmap.org/relation/303585","ATRIBUICAO_COORDENADAS":"© OpenStreetMap contributors, ODbL 1.0","CAPACIDADE_FONTE":"StadiumDB.com","URL_FONTE_CAPACIDADE":"https://stadiumdb.com/stadiums/bra/estadio_ilha_do_retiro","PAIS_ISO3":"BRA"},"geometry":{"type":"Point","coordinates":[-34.9029094,-8.0629168]}},{"type":"Feature","properties":{"ESTÁDIO":"Ipatingão","CIDADE":"Ipatinga","ESTADO":"Minas Gerais","PAÍS":"Brasil","CAPACIDADE":"20500","PRIMEIRA_PARTIDA":"CRUZEIRO 0x2 CORINTHIANS","DATA_PRIMEIRA_PARTIDA":"2001-08-22","ANO_PRIMEIRA_PARTIDA":2001,"ADVERSARIO":"CRUZEIRO","PLACAR":"0x2","COMPETICAO_PRIMEIRA_PARTIDA":"Copa Mercosul 2001","MANDO_PRIMEIRA_PARTIDA":"Não","FONTE_PRIMEIRA_PARTIDA":"https://www.meutimao.com.br/jogo/2067/copa-mercosul-2001/cruzeiro-0-x-2-corinthians","TOTAL_JOGOS":1,"VITÓRIAS":1,"EMPATES":0,"DERROTAS":0,"APROVEITAMENTO_PCT":100.0,"GOLS_MARCADOS":2,"GOLS_SOFRIDOS":0,"NOMES_ALTERNATIVOS":[],"FONTES_JOGOS":["Meu Timão"],"LATITUDE":-19.4710319,"LONGITUDE":-42.541674,"FONTE_COORDENADAS":"OpenStreetMap Nominatim (geocodificação reversa)","URL_FONTE_COORDENADAS":"https://www.openstreetmap.org/relation/314741","ATRIBUICAO_COORDENADAS":"© OpenStreetMap contributors, ODbL 1.0","CAPACIDADE_FONTE":"Meu Timão","URL_FONTE_CAPACIDADE":"https://www.meutimao.com.br/estadio/ipatingao/","PAIS_ISO3":"BRA"},"geometry":{"type":"Point","coordinates":[-42.541674,-19.4710319]}},{"type":"Feature","properties":{"ESTÁDIO":"Ismet Inonu/Mitatpasa","CIDADE":"Istambul","ESTADO":null,"PAÍS":"Turquia","CAPACIDADE":null,"PRIMEIRA_PARTIDA":"Beşiktaş 0 x 1 Corinthians","DATA_PRIMEIRA_PARTIDA":"1952-05-24","ANO_PRIMEIRA_PARTIDA":1952,"ADVERSARIO":"Beşiktaş","PLACAR":"0 x 1","COMPETICAO_PRIMEIRA_PARTIDA":"Torneio de Istambul","MANDO_PRIMEIRA_PARTIDA":null,"FONTE_PRIMEIRA_PARTIDA":"https://timoneirosblog.wordpress.com/2017/05/16/corinthians-derrota-djugardens-em-excursao-pela","TOTAL_JOGOS":1,"VITÓRIAS":0,"EMPATES":0,"DERROTAS":0,"APROVEITAMENTO_PCT":0,"GOLS_MARCADOS":0,"GOLS_SOFRIDOS":0,"NOMES_ALTERNATIVOS":[],"FONTES_JOGOS":[],"LATITUDE":41.0393954,"LONGITUDE":28.9941087,"FONTE_COORDENADAS":"OpenStreetMap Nominatim (geocodificação reversa)","URL_FONTE_COORDENADAS":"https://www.openstreetmap.org/relation/9296001","ATRIBUICAO_COORDENADAS":"© OpenStreetMap contributors, ODbL 1.0","PAIS_ISO3":"TUR"},"geometry":{"type":"Point","coordinates":[28.9941087,41.0393954]}},{"type":"Feature","properties":{"ESTÁDIO":"JOSÉ BATISTA PEREIRA FERNANDES (DISTRITAL DO INAMAR)","CIDADE":"DIADEMA","ESTADO":"SÃO PAULO","PAÍS":"BRASIL","CAPACIDADE":"8075","PRIMEIRA_PARTIDA":"ÁGUA SANTA 2x1 CORINTHIANS","DATA_PRIMEIRA_PARTIDA":"2020-02-22","ANO_PRIMEIRA_PARTIDA":2020,"ADVERSARIO":"ÁGUA SANTA","PLACAR":"2x1","COMPETICAO_PRIMEIRA_PARTIDA":"Paulista 2020","MANDO_PRIMEIRA_PARTIDA":"Não","FONTE_PRIMEIRA_PARTIDA":"https://www.meutimao.com.br/jogo/1423/paulista-2020/agua_santa-2-x-1-corinthians","TOTAL_JOGOS":1,"VITÓRIAS":0,"EMPATES":0,"DERROTAS":1,"APROVEITAMENTO_PCT":0.0,"GOLS_MARCADOS":1,"GOLS_SOFRIDOS":2,"NOMES_ALTERNATIVOS":[],"FONTES_JOGOS":["Meu Timão"],"LATITUDE":-23.72265991128569,"LONGITUDE":-46.61270155300039,"PAIS_ISO3":"BRA"},"geometry":{"type":"Point","coordinates":[-46.61270155300039,-23.72265991128569]}},{"type":"Feature","properties":{"ESTÁDIO":"Jaime Cintra","CIDADE":"Jundiaí","ESTADO":"São Paulo","PAÍS":"Brasil","CAPACIDADE":"14771","PRIMEIRA_PARTIDA":"PAULISTA 2x3 CORINTHIANS","DATA_PRIMEIRA_PARTIDA":"1958-04-20","ANO_PRIMEIRA_PARTIDA":1958,"ADVERSARIO":"PAULISTA","PLACAR":"2x3","COMPETICAO_PRIMEIRA_PARTIDA":"Amistosos 1958","MANDO_PRIMEIRA_PARTIDA":"Não","FONTE_PRIMEIRA_PARTIDA":"https://www.meutimao.com.br/jogo/5260/amistosos-1958/amistoso/paulista-2-x-3-corinthians","TOTAL_JOGOS":16,"VITÓRIAS":7,"EMPATES":7,"DERROTAS":2,"APROVEITAMENTO_PCT":58.3,"GOLS_MARCADOS":23,"GOLS_SOFRIDOS":12,"NOMES_ALTERNATIVOS":[],"FONTES_JOGOS":["Meu Timão"],"LATITUDE":-23.1882884,"LONGITUDE":-46.8599183,"FONTE_COORDENADAS":"OpenStreetMap Nominatim (geocodificação reversa)","URL_FONTE_COORDENADAS":"https://www.openstreetmap.org/relation/297991","ATRIBUICAO_COORDENADAS":"© OpenStreetMap contributors, ODbL 1.0","CAPACIDADE_FONTE":"Meu Timão","URL_FONTE_CAPACIDADE":"https://www.meutimao.com.br/estadio/jaime_cintra/","PAIS_ISO3":"BRA"},"geometry":{"type":"Point","coordinates":[-46.8599183,-23.1882884]}},{"type":"Feature","properties":{"ESTÁDIO":"Jardim América","CIDADE":"São Paulo","ESTADO":"São Paulo","PAÍS":"Brasil","CAPACIDADE":null,"PRIMEIRA_PARTIDA":"PAULISTANO 1x2 CORINTHIANS","DATA_PRIMEIRA_PARTIDA":"1918-09-08","ANO_PRIMEIRA_PARTIDA":1918,"ADVERSARIO":"PAULISTANO","PLACAR":"1x2","COMPETICAO_PRIMEIRA_PARTIDA":"Paulista 1918","MANDO_PRIMEIRA_PARTIDA":"Não","FONTE_PRIMEIRA_PARTIDA":"https://www.meutimao.com.br/jogo/6965/paulista-1918/paulistano-1-x-2-corinthians","TOTAL_JOGOS":8,"VITÓRIAS":7,"EMPATES":0,"DERROTAS":1,"APROVEITAMENTO_PCT":87.5,"GOLS_MARCADOS":16,"GOLS_SOFRIDOS":9,"NOMES_ALTERNATIVOS":[],"FONTES_JOGOS":["Meu Timão"],"LATITUDE":-23.568036,"LONGITUDE":-46.668675,"FONTE_COORDENADAS":"OpenStreetMap Nominatim (geocodificação reversa)","URL_FONTE_COORDENADAS":"https://www.openstreetmap.org/relation/298285","ATRIBUICAO_COORDENADAS":"© OpenStreetMap contributors, ODbL 1.0","PAIS_ISO3":"BRA"},"geometry":{"type":"Point","coordinates":[-46.668675,-23.568036]}},{"type":"Feature","properties":{"ESTÁDIO":"Jesús Bermúdez","CIDADE":"Municipio Oruro","ESTADO":"Oruro","PAÍS":"Bolivia","CAPACIDADE":"32000","PRIMEIRA_PARTIDA":"GV SAN JOSÉ 1x1 CORINTHIANS","DATA_PRIMEIRA_PARTIDA":"2013-02-20","ANO_PRIMEIRA_PARTIDA":2013,"ADVERSARIO":"GV SAN JOSÉ","PLACAR":"1x1","COMPETICAO_PRIMEIRA_PARTIDA":"Libertadores 2013","MANDO_PRIMEIRA_PARTIDA":"Não","FONTE_PRIMEIRA_PARTIDA":"https://www.meutimao.com.br/jogo/375/libertadores-2013/gv_san_jose-1-x-1-corinthians","TOTAL_JOGOS":1,"VITÓRIAS":0,"EMPATES":1,"DERROTAS":0,"APROVEITAMENTO_PCT":33.3,"GOLS_MARCADOS":1,"GOLS_SOFRIDOS":1,"NOMES_ALTERNATIVOS":[],"FONTES_JOGOS":["Meu Timão"],"LATITUDE":-17.9462579,"LONGITUDE":-67.1116054,"FONTE_COORDENADAS":"OpenStreetMap Nominatim (geocodificação reversa)","URL_FONTE_COORDENADAS":"https://www.openstreetmap.org/relation/4494717","ATRIBUICAO_COORDENADAS":"© OpenStreetMap contributors, ODbL 1.0","CAPACIDADE_FONTE":"Meu Timão","URL_FONTE_CAPACIDADE":"https://www.meutimao.com.br/estadio/jesus_bermudez/","PAIS_ISO3":"BOL","FONTE_CORRECAO_PAIS":"https://data.geocode.earth/wof/dist/legacy/whosonfirst-data-country-latest.tar.bz2"},"geometry":{"type":"Point","coordinates":[-67.1116054,-17.9462579]}},{"type":"Feature","properties":{"ESTÁDIO":"Joaquinzão","CIDADE":"Taubaté","ESTADO":"São Paulo","PAÍS":"Brasil","CAPACIDADE":"9600","PRIMEIRA_PARTIDA":"TAUBATÉ 0x2 CORINTHIANS","DATA_PRIMEIRA_PARTIDA":"1916-10-08","ANO_PRIMEIRA_PARTIDA":1916,"ADVERSARIO":"TAUBATÉ","PLACAR":"0x2","COMPETICAO_PRIMEIRA_PARTIDA":"Amistosos 1916","MANDO_PRIMEIRA_PARTIDA":"Não","FONTE_PRIMEIRA_PARTIDA":"https://www.meutimao.com.br/jogo/7000/amistosos-1916/amistoso/taubate-0-x-2-corinthians","TOTAL_JOGOS":25,"VITÓRIAS":11,"EMPATES":9,"DERROTAS":5,"APROVEITAMENTO_PCT":56.0,"GOLS_MARCADOS":50,"GOLS_SOFRIDOS":24,"NOMES_ALTERNATIVOS":[],"FONTES_JOGOS":["Meu Timão"],"LATITUDE":-23.028033,"LONGITUDE":-45.5703466,"FONTE_COORDENADAS":"OpenStreetMap Nominatim (geocodificação reversa)","URL_FONTE_COORDENADAS":"https://www.openstreetmap.org/relation/298039","ATRIBUICAO_COORDENADAS":"© OpenStreetMap contributors, ODbL 1.0","CAPACIDADE_FONTE":"Meu Timão","URL_FONTE_CAPACIDADE":"https://www.meutimao.com.br/estadio/joaquinzao/","PAIS_ISO3":"BRA"},"geometry":{"type":"Point","coordinates":[-45.5703466,-23.028033]}},{"type":"Feature","properties":{"ESTÁDIO":"Joel Fachini","CIDADE":"Araras","ESTADO":"São Paulo","PAÍS":"Brasil","CAPACIDADE":"5000","PRIMEIRA_PARTIDA":"COMERCIAL DE ARARAS 0x2 CORINTHIANS","DATA_PRIMEIRA_PARTIDA":"1956-03-18","ANO_PRIMEIRA_PARTIDA":1956,"ADVERSARIO":"COMERCIAL DE ARARAS","PLACAR":"0x2","COMPETICAO_PRIMEIRA_PARTIDA":"Amistosos 1956","MANDO_PRIMEIRA_PARTIDA":"Não","FONTE_PRIMEIRA_PARTIDA":"https://www.meutimao.com.br/jogo/8007/amistosos-1956/amistoso/comercial_de_araras-0-x-2-corinthians","TOTAL_JOGOS":1,"VITÓRIAS":1,"EMPATES":0,"DERROTAS":0,"APROVEITAMENTO_PCT":100.0,"GOLS_MARCADOS":2,"GOLS_SOFRIDOS":0,"NOMES_ALTERNATIVOS":[],"FONTES_JOGOS":["Meu Timão"],"LATITUDE":-22.357202,"LONGITUDE":-47.3838715,"PRECISAO_COORDENADAS":"Município (estádio exato não identificado)","FONTE_COORDENADAS":"OpenStreetMap Nominatim (localidade aproximada)","URL_FONTE_COORDENADAS":"https://www.openstreetmap.org/relation/298532","ATRIBUICAO_COORDENADAS":"© OpenStreetMap contributors, ODbL 1.0","CAPACIDADE_FONTE":"Meu Timão","URL_FONTE_CAPACIDADE":"https://www.meutimao.com.br/estadio/joel_fachini/","PAIS_ISO3":"BRA"},"geometry":{"type":"Point","coordinates":[-47.3838715,-22.357202]}},{"type":"Feature","properties":{"ESTÁDIO":"Joia da Princesa","CIDADE":"Feira de Santana","ESTADO":"Bahia","PAÍS":"Brasil","CAPACIDADE":null,"PRIMEIRA_PARTIDA":"FLUMINENSE DE FEIRA DE SANTANA 1x2 CORINTHIANS","DATA_PRIMEIRA_PARTIDA":"1958-02-02","ANO_PRIMEIRA_PARTIDA":1958,"ADVERSARIO":"FLUMINENSE DE FEIRA DE SANTANA","PLACAR":"1x2","COMPETICAO_PRIMEIRA_PARTIDA":"Amistosos 1958","MANDO_PRIMEIRA_PARTIDA":"Não","FONTE_PRIMEIRA_PARTIDA":"https://www.meutimao.com.br/jogo/5245/amistosos-1958/amistoso/fluminense_de_feira_de_santana-1-x-2-corinthians","TOTAL_JOGOS":4,"VITÓRIAS":4,"EMPATES":0,"DERROTAS":0,"APROVEITAMENTO_PCT":100.0,"GOLS_MARCADOS":14,"GOLS_SOFRIDOS":1,"NOMES_ALTERNATIVOS":[],"FONTES_JOGOS":["Meu Timão"],"LATITUDE":-12.2441667,"LONGITUDE":-38.9727778,"FONTE_COORDENADAS":"OpenStreetMap Nominatim (geocodificação reversa)","URL_FONTE_COORDENADAS":"https://www.openstreetmap.org/relation/362294","ATRIBUICAO_COORDENADAS":"© OpenStreetMap contributors, ODbL 1.0","PAIS_ISO3":"BRA"},"geometry":{"type":"Point","coordinates":[-38.9727778,-12.2441667]}},{"type":"Feature","properties":{"ESTÁDIO":"Jonas Duarte","CIDADE":"Anápolis","ESTADO":"Goiás","PAÍS":"Brasil","CAPACIDADE":"20000","PRIMEIRA_PARTIDA":"ANAPOLINA 0x0 CORINTHIANS","DATA_PRIMEIRA_PARTIDA":"1978-03-26","ANO_PRIMEIRA_PARTIDA":1978,"ADVERSARIO":"ANAPOLINA","PLACAR":"0x0","COMPETICAO_PRIMEIRA_PARTIDA":"Brasileirão 1978","MANDO_PRIMEIRA_PARTIDA":"Não","FONTE_PRIMEIRA_PARTIDA":"https://www.meutimao.com.br/jogo/3718/brasileirao-1978/anapolina-0-x-0-corinthians","TOTAL_JOGOS":1,"VITÓRIAS":0,"EMPATES":1,"DERROTAS":0,"APROVEITAMENTO_PCT":33.3,"GOLS_MARCADOS":0,"GOLS_SOFRIDOS":0,"NOMES_ALTERNATIVOS":[],"FONTES_JOGOS":["Meu Timão"],"LATITUDE":-16.3464273,"LONGITUDE":-48.9555716,"FONTE_COORDENADAS":"OpenStreetMap Nominatim (geocodificação reversa)","URL_FONTE_COORDENADAS":"https://www.openstreetmap.org/relation/334463","ATRIBUICAO_COORDENADAS":"© OpenStreetMap contributors, ODbL 1.0","CAPACIDADE_FONTE":"Meu Timão","URL_FONTE_CAPACIDADE":"https://www.meutimao.com.br/estadio/jonas_duarte/","PAIS_ISO3":"BRA"},"geometry":{"type":"Point","coordinates":[-48.9555716,-16.3464273]}},{"type":"Feature","properties":{"ESTÁDIO":"Jorge Ismael de Biasi","CIDADE":"Novo Horizonte","ESTADO":"São Paulo","PAÍS":"Brasil","CAPACIDADE":null,"PRIMEIRA_PARTIDA":"NOVORIZONTINO 1x1 CORINTHIANS","DATA_PRIMEIRA_PARTIDA":"1987-06-28","ANO_PRIMEIRA_PARTIDA":1987,"ADVERSARIO":"NOVORIZONTINO","PLACAR":"1x1","COMPETICAO_PRIMEIRA_PARTIDA":"Paulista 1987","MANDO_PRIMEIRA_PARTIDA":"Não","FONTE_PRIMEIRA_PARTIDA":"https://www.meutimao.com.br/jogo/3092/paulista-1987/novorizontino-1-x-1-corinthians","TOTAL_JOGOS":14,"VITÓRIAS":5,"EMPATES":4,"DERROTAS":5,"APROVEITAMENTO_PCT":45.2,"GOLS_MARCADOS":13,"GOLS_SOFRIDOS":12,"NOMES_ALTERNATIVOS":[],"FONTES_JOGOS":["Meu Timão"],"LATITUDE":-21.4670913,"LONGITUDE":-49.2319125,"FONTE_COORDENADAS":"OpenStreetMap Nominatim (geocodificação reversa)","URL_FONTE_COORDENADAS":"https://www.openstreetmap.org/relation/298133","ATRIBUICAO_COORDENADAS":"© OpenStreetMap contributors, ODbL 1.0","PAIS_ISO3":"BRA"},"geometry":{"type":"Point","coordinates":[-49.2319125,-21.4670913]}},{"type":"Feature","properties":{"ESTÁDIO":"Josué Quirino de Moraes","CIDADE":"Novo Horizonte","ESTADO":"São Paulo","PAÍS":"Brasil","CAPACIDADE":null,"PRIMEIRA_PARTIDA":"NOVORIZONTINO 1x1 CORINTHIANS","DATA_PRIMEIRA_PARTIDA":"1986-05-04","ANO_PRIMEIRA_PARTIDA":1986,"ADVERSARIO":"NOVORIZONTINO","PLACAR":"1x1","COMPETICAO_PRIMEIRA_PARTIDA":"Paulista 1986","MANDO_PRIMEIRA_PARTIDA":"Não","FONTE_PRIMEIRA_PARTIDA":"https://www.meutimao.com.br/jogo/3143/paulista-1986/novorizontino-1-x-1-corinthians","TOTAL_JOGOS":1,"VITÓRIAS":0,"EMPATES":1,"DERROTAS":0,"APROVEITAMENTO_PCT":33.3,"GOLS_MARCADOS":1,"GOLS_SOFRIDOS":1,"NOMES_ALTERNATIVOS":[],"FONTES_JOGOS":["Meu Timão"],"LATITUDE":-21.4698362,"LONGITUDE":-49.2170019,"FONTE_COORDENADAS":"OpenStreetMap Nominatim (geocodificação reversa)","URL_FONTE_COORDENADAS":"https://www.openstreetmap.org/relation/298133","ATRIBUICAO_COORDENADAS":"© OpenStreetMap contributors, ODbL 1.0","PAIS_ISO3":"BRA"},"geometry":{"type":"Point","coordinates":[-49.2170019,-21.4698362]}},{"type":"Feature","properties":{"ESTÁDIO":"José Liberatti","CIDADE":"Osasco","ESTADO":"São Paulo","PAÍS":"Brasil","CAPACIDADE":"17430","PRIMEIRA_PARTIDA":"INDEPENDÊNCIA DE OSASCO 1x1 CORINTHIANS","DATA_PRIMEIRA_PARTIDA":"1976-02-18","ANO_PRIMEIRA_PARTIDA":1976,"ADVERSARIO":"INDEPENDÊNCIA DE OSASCO","PLACAR":"1x1","COMPETICAO_PRIMEIRA_PARTIDA":"Amistosos 1976","MANDO_PRIMEIRA_PARTIDA":"Não","FONTE_PRIMEIRA_PARTIDA":"https://www.meutimao.com.br/jogo/3859/amistosos-1976/amistoso/independencia_de_osasco-1-x-1-corinthians","TOTAL_JOGOS":5,"VITÓRIAS":4,"EMPATES":1,"DERROTAS":0,"APROVEITAMENTO_PCT":86.7,"GOLS_MARCADOS":6,"GOLS_SOFRIDOS":1,"NOMES_ALTERNATIVOS":[],"FONTES_JOGOS":["Meu Timão"],"LATITUDE":-23.5112728,"LONGITUDE":-46.7763584,"PRECISAO_COORDENADAS":"Estádio identificado","FONTE_COORDENADAS":"OpenStreetMap Nominatim","URL_FONTE_COORDENADAS":"https://www.openstreetmap.org/way/161555648","ATRIBUICAO_COORDENADAS":"© OpenStreetMap contributors, ODbL 1.0","CAPACIDADE_FONTE":"Meu Timão","URL_FONTE_CAPACIDADE":"https://www.meutimao.com.br/estadio/jose_liberatti?genero=feminino","PAIS_ISO3":"BRA"},"geometry":{"type":"Point","coordinates":[-46.7763584,-23.5112728]}},{"type":"Feature","properties":{"ESTÁDIO":"José Maria de Campos Maia","CIDADE":"Mirassol","ESTADO":"SP","PAÍS":"Brasil","CAPACIDADE":null,"PRIMEIRA_PARTIDA":"américa de rio preto 0 x 1 Corinthians","DATA_PRIMEIRA_PARTIDA":"1948-03-21","ANO_PRIMEIRA_PARTIDA":1948,"ADVERSARIO":"américa de rio preto","PLACAR":"0 x 1","COMPETICAO_PRIMEIRA_PARTIDA":"Amistoso","MANDO_PRIMEIRA_PARTIDA":"Visitante","FONTE_PRIMEIRA_PARTIDA":"Meu Timão / Acervo ATLAS1910","TOTAL_JOGOS":8,"VITÓRIAS":4,"EMPATES":2,"DERROTAS":2,"APROVEITAMENTO_PCT":58.3,"GOLS_MARCADOS":13,"GOLS_SOFRIDOS":11,"NOMES_ALTERNATIVOS":[],"FONTES_JOGOS":[],"LATITUDE":-20.82242,"LONGITUDE":-49.5063968,"PAIS_ISO3":"BRA"},"geometry":{"type":"Point","coordinates":[-49.5063968,-20.82242]}},{"type":"Feature","properties":{"ESTÁDIO":"José Zuquim Nogueira","CIDADE":"Guaíra","ESTADO":"São Paulo","PAÍS":"Brasil","CAPACIDADE":"10000","PRIMEIRA_PARTIDA":"SÃO PAULO 2x1 CORINTHIANS","DATA_PRIMEIRA_PARTIDA":"1976-05-23","ANO_PRIMEIRA_PARTIDA":1976,"ADVERSARIO":"SÃO PAULO","PLACAR":"2x1","COMPETICAO_PRIMEIRA_PARTIDA":"Amistosos 1976","MANDO_PRIMEIRA_PARTIDA":"Não","FONTE_PRIMEIRA_PARTIDA":"https://www.meutimao.com.br/jogo/3879/amistosos-1976/amistoso/sao_paulo-2-x-1-corinthians","TOTAL_JOGOS":1,"VITÓRIAS":0,"EMPATES":0,"DERROTAS":1,"APROVEITAMENTO_PCT":0.0,"GOLS_MARCADOS":1,"GOLS_SOFRIDOS":2,"NOMES_ALTERNATIVOS":[],"FONTES_JOGOS":["Meu Timão"],"LATITUDE":-20.31531,"LONGITUDE":-48.3118433,"FONTE_COORDENADAS":"OpenStreetMap Nominatim (geocodificação reversa)","URL_FONTE_COORDENADAS":"https://www.openstreetmap.org/relation/298257","ATRIBUICAO_COORDENADAS":"© OpenStreetMap contributors, ODbL 1.0","CAPACIDADE_FONTE":"Meu Timão","URL_FONTE_CAPACIDADE":"https://www.meutimao.com.br/estadio/jose_zuquim_nogueira/","PAIS_ISO3":"BRA"},"geometry":{"type":"Point","coordinates":[-48.3118433,-20.31531]}},{"type":"Feature","properties":{"ESTÁDIO":"José de Freitas Cayres","CIDADE":"Lucélia","ESTADO":"São Paulo","PAÍS":"Brasil","CAPACIDADE":null,"PRIMEIRA_PARTIDA":"LUCÉLIA 0x2 CORINTHIANS","DATA_PRIMEIRA_PARTIDA":"1960-06-24","ANO_PRIMEIRA_PARTIDA":1960,"ADVERSARIO":"LUCÉLIA","PLACAR":"0x2","COMPETICAO_PRIMEIRA_PARTIDA":"Amistosos 1960","MANDO_PRIMEIRA_PARTIDA":"Não","FONTE_PRIMEIRA_PARTIDA":"https://www.meutimao.com.br/jogo/5176/amistosos-1960/amistoso/lucelia-0-x-2-corinthians","TOTAL_JOGOS":1,"VITÓRIAS":1,"EMPATES":0,"DERROTAS":0,"APROVEITAMENTO_PCT":100.0,"GOLS_MARCADOS":2,"GOLS_SOFRIDOS":0,"NOMES_ALTERNATIVOS":[],"FONTES_JOGOS":["Meu Timão"],"LATITUDE":-21.7164517,"LONGITUDE":-51.0229513,"FONTE_COORDENADAS":"OpenStreetMap Nominatim (geocodificação reversa)","URL_FONTE_COORDENADAS":"https://www.openstreetmap.org/relation/298261","ATRIBUICAO_COORDENADAS":"© OpenStreetMap contributors, ODbL 1.0","PAIS_ISO3":"BRA"},"geometry":{"type":"Point","coordinates":[-51.0229513,-21.7164517]}},{"type":"Feature","properties":{"ESTÁDIO":"José de Melo","CIDADE":"Rio Branco","ESTADO":"Acre","PAÍS":"Brasil","CAPACIDADE":null,"PRIMEIRA_PARTIDA":"RIO BRANCO - AC 0x3 CORINTHIANS","DATA_PRIMEIRA_PARTIDA":"1995-04-11","ANO_PRIMEIRA_PARTIDA":1995,"ADVERSARIO":"RIO BRANCO - AC","PLACAR":"0x3","COMPETICAO_PRIMEIRA_PARTIDA":"Copa do Brasil 1995","MANDO_PRIMEIRA_PARTIDA":"Não","FONTE_PRIMEIRA_PARTIDA":"https://www.meutimao.com.br/jogo/2491/copa-do-brasil-1995/rio_branco-ac-0-x-3-corinthians","TOTAL_JOGOS":1,"VITÓRIAS":1,"EMPATES":0,"DERROTAS":0,"APROVEITAMENTO_PCT":100.0,"GOLS_MARCADOS":3,"GOLS_SOFRIDOS":0,"NOMES_ALTERNATIVOS":[],"FONTES_JOGOS":["Meu Timão"],"LATITUDE":-9.9703891,"LONGITUDE":-67.8079838,"FONTE_COORDENADAS":"OpenStreetMap Nominatim (geocodificação reversa)","URL_FONTE_COORDENADAS":"https://www.openstreetmap.org/relation/326253","ATRIBUICAO_COORDENADAS":"© OpenStreetMap contributors, ODbL 1.0","PAIS_ISO3":"BRA"},"geometry":{"type":"Point","coordinates":[-67.8079838,-9.9703891]}},{"type":"Feature","properties":{"ESTÁDIO":"Juscelino Kubitschek","CIDADE":"Andradas","ESTADO":"Minas Gerais","PAÍS":"Brasil","CAPACIDADE":null,"PRIMEIRA_PARTIDA":"RIO BRANCO DE ANDRADAS 1x1 CORINTHIANS","DATA_PRIMEIRA_PARTIDA":"1989-02-15","ANO_PRIMEIRA_PARTIDA":1989,"ADVERSARIO":"RIO BRANCO DE ANDRADAS","PLACAR":"1x1","COMPETICAO_PRIMEIRA_PARTIDA":"Amistosos 1989","MANDO_PRIMEIRA_PARTIDA":"Não","FONTE_PRIMEIRA_PARTIDA":"https://www.meutimao.com.br/jogo/2940/amistosos-1989/amistoso/rio_branco_de_andradas-1-x-1-corinthians","TOTAL_JOGOS":2,"VITÓRIAS":1,"EMPATES":1,"DERROTAS":0,"APROVEITAMENTO_PCT":66.7,"GOLS_MARCADOS":3,"GOLS_SOFRIDOS":1,"NOMES_ALTERNATIVOS":[],"FONTES_JOGOS":["Meu Timão"],"LATITUDE":-22.0668055,"LONGITUDE":-46.5692842,"FONTE_COORDENADAS":"OpenStreetMap Nominatim (geocodificação reversa)","URL_FONTE_COORDENADAS":"https://www.openstreetmap.org/relation/315087","ATRIBUICAO_COORDENADAS":"© OpenStreetMap contributors, ODbL 1.0","PAIS_ISO3":"BRA"},"geometry":{"type":"Point","coordinates":[-46.5692842,-22.0668055]}},{"type":"Feature","properties":{"ESTÁDIO":"Juvevê","CIDADE":"Curitiba","ESTADO":"Paraná","PAÍS":"Brasil","CAPACIDADE":null,"PRIMEIRA_PARTIDA":"BRITÂNIA 2x2 CORINTHIANS","DATA_PRIMEIRA_PARTIDA":"1937-05-20","ANO_PRIMEIRA_PARTIDA":1937,"ADVERSARIO":"BRITÂNIA","PLACAR":"2x2","COMPETICAO_PRIMEIRA_PARTIDA":"Amistosos 1937","MANDO_PRIMEIRA_PARTIDA":"Não","FONTE_PRIMEIRA_PARTIDA":"https://www.meutimao.com.br/jogo/6416/amistosos-1937/amistoso/britania-2-x-2-corinthians","TOTAL_JOGOS":2,"VITÓRIAS":0,"EMPATES":1,"DERROTAS":1,"APROVEITAMENTO_PCT":16.7,"GOLS_MARCADOS":2,"GOLS_SOFRIDOS":4,"NOMES_ALTERNATIVOS":[],"FONTES_JOGOS":["Meu Timão"],"LATITUDE":-25.4130919,"LONGITUDE":-49.2586613,"FONTE_COORDENADAS":"OpenStreetMap Nominatim (geocodificação reversa)","URL_FONTE_COORDENADAS":"https://www.openstreetmap.org/node/206136859","ATRIBUICAO_COORDENADAS":"© OpenStreetMap contributors, ODbL 1.0","PAIS_ISO3":"BRA"},"geometry":{"type":"Point","coordinates":[-49.2586613,-25.4130919]}},{"type":"Feature","properties":{"ESTÁDIO":"Kleber Andrade","CIDADE":"Cariacica","ESTADO":"Espírito Santo","PAÍS":"Brasil","CAPACIDADE":"21150","PRIMEIRA_PARTIDA":"RIO BRANCO-ES 1x2 CORINTHIANS","DATA_PRIMEIRA_PARTIDA":"1986-11-09","ANO_PRIMEIRA_PARTIDA":1986,"ADVERSARIO":"RIO BRANCO-ES","PLACAR":"1x2","COMPETICAO_PRIMEIRA_PARTIDA":"Brasileirão 1986","MANDO_PRIMEIRA_PARTIDA":"Não","FONTE_PRIMEIRA_PARTIDA":"https://www.meutimao.com.br/jogo/3186/brasileirao-1986/rio_branco-es-1-x-2-corinthians","TOTAL_JOGOS":1,"VITÓRIAS":1,"EMPATES":0,"DERROTAS":0,"APROVEITAMENTO_PCT":100.0,"GOLS_MARCADOS":2,"GOLS_SOFRIDOS":1,"NOMES_ALTERNATIVOS":[],"FONTES_JOGOS":["Meu Timão"],"LATITUDE":-20.33293,"LONGITUDE":-40.3852101,"FONTE_COORDENADAS":"OpenStreetMap Nominatim (geocodificação reversa)","URL_FONTE_COORDENADAS":"https://www.openstreetmap.org/relation/1825819","ATRIBUICAO_COORDENADAS":"© OpenStreetMap contributors, ODbL 1.0","CAPACIDADE_FONTE":"StadiumDB.com","URL_FONTE_CAPACIDADE":"https://stadiumdb.com/stadiums/bra/estadio_kleber_andrade","PAIS_ISO3":"BRA"},"geometry":{"type":"Point","coordinates":[-40.3852101,-20.33293]}},{"type":"Feature","properties":{"ESTÁDIO":"LEDA","CIDADE":"Dourados","ESTADO":"Mato Grosso do Sul","PAÍS":"Brasil","CAPACIDADE":"15000","PRIMEIRA_PARTIDA":"DOURADOS 0x3 CORINTHIANS","DATA_PRIMEIRA_PARTIDA":"1984-08-24","ANO_PRIMEIRA_PARTIDA":1984,"ADVERSARIO":"DOURADOS","PLACAR":"0x3","COMPETICAO_PRIMEIRA_PARTIDA":"Amistosos 1984","MANDO_PRIMEIRA_PARTIDA":"Não","FONTE_PRIMEIRA_PARTIDA":"https://www.meutimao.com.br/jogo/3312/amistosos-1984/amistoso/dourados-0-x-3-corinthians","TOTAL_JOGOS":1,"VITÓRIAS":1,"EMPATES":0,"DERROTAS":0,"APROVEITAMENTO_PCT":100.0,"GOLS_MARCADOS":3,"GOLS_SOFRIDOS":0,"NOMES_ALTERNATIVOS":[],"FONTES_JOGOS":["Meu Timão"],"LATITUDE":-22.2206145,"LONGITUDE":-54.812208,"PRECISAO_COORDENADAS":"Município (estádio exato não identificado)","FONTE_COORDENADAS":"OpenStreetMap Nominatim (localidade aproximada)","URL_FONTE_COORDENADAS":"https://www.openstreetmap.org/relation/334017","ATRIBUICAO_COORDENADAS":"© OpenStreetMap contributors, ODbL 1.0","CAPACIDADE_FONTE":"Meu Timão","URL_FONTE_CAPACIDADE":"https://www.meutimao.com.br/estadio/leda/","PAIS_ISO3":"BRA"},"geometry":{"type":"Point","coordinates":[-54.812208,-22.2206145]}},{"type":"Feature","properties":{"ESTÁDIO":"LEONARDO BARBIERI","CIDADE":"ÁGUAS DE LINDOIA ","ESTADO":"SÃO PAULO","PAÍS":"BRASIL","CAPACIDADE":"7200","PRIMEIRA_PARTIDA":"CORINTHIANS 7x1 AMPARO ATHLÉTICO CLUB","DATA_PRIMEIRA_PARTIDA":"1966-08-02","ANO_PRIMEIRA_PARTIDA":1966,"ADVERSARIO":"AMPARO ATHLÉTICO CLUB","PLACAR":"7x1","COMPETICAO_PRIMEIRA_PARTIDA":"Amistosos 1966","MANDO_PRIMEIRA_PARTIDA":"Sim","FONTE_PRIMEIRA_PARTIDA":"https://www.meutimao.com.br/jogo/4650/amistosos-1966/amistoso/corinthians-7-x-1-amparo_athletico_club","TOTAL_JOGOS":2,"VITÓRIAS":1,"EMPATES":0,"DERROTAS":1,"APROVEITAMENTO_PCT":50.0,"GOLS_MARCADOS":8,"GOLS_SOFRIDOS":4,"NOMES_ALTERNATIVOS":[],"FONTES_JOGOS":["Meu Timão"],"LATITUDE":-22.478608595106202,"LONGITUDE":-46.63596156988692,"PAIS_ISO3":"BRA"},"geometry":{"type":"Point","coordinates":[-46.63596156988692,-22.478608595106202]}},{"type":"Feature","properties":{"ESTÁDIO":"La Bombonera","CIDADE":"Buenos Aires","ESTADO":"Autonomous City of Buenos Aires","PAÍS":"Argentina","CAPACIDADE":"54000","PRIMEIRA_PARTIDA":"BOCA JUNIORS 3x4 CORINTHIANS","DATA_PRIMEIRA_PARTIDA":"1961-01-21","ANO_PRIMEIRA_PARTIDA":1961,"ADVERSARIO":"BOCA JUNIORS","PLACAR":"3x4","COMPETICAO_PRIMEIRA_PARTIDA":"Torneio Octagonal de Verão 1961","MANDO_PRIMEIRA_PARTIDA":"Não","FONTE_PRIMEIRA_PARTIDA":"https://www.meutimao.com.br/jogo/5011/torneio-octagonal-de-verao-1961/boca_juniors-3-x-4-corinthians","TOTAL_JOGOS":8,"VITÓRIAS":1,"EMPATES":3,"DERROTAS":4,"APROVEITAMENTO_PCT":25.0,"GOLS_MARCADOS":7,"GOLS_SOFRIDOS":17,"NOMES_ALTERNATIVOS":[],"FONTES_JOGOS":["Meu Timão"],"LATITUDE":-34.6356109,"LONGITUDE":-58.3647563,"FONTE_COORDENADAS":"OpenStreetMap Nominatim (geocodificação reversa)","URL_FONTE_COORDENADAS":"https://www.openstreetmap.org/relation/1224652","ATRIBUICAO_COORDENADAS":"© OpenStreetMap contributors, ODbL 1.0","CAPACIDADE_FONTE":"StadiumDB.com","URL_FONTE_CAPACIDADE":"https://stadiumdb.com/stadiums/arg/la_bombonera","PAIS_ISO3":"ARG","FONTE_CORRECAO_PAIS":"https://data.geocode.earth/wof/dist/legacy/whosonfirst-data-country-latest.tar.bz2"},"geometry":{"type":"Point","coordinates":[-58.3647563,-34.6356109]}},{"type":"Feature","properties":{"ESTÁDIO":"La Fortaleza","CIDADE":"Remedios de Escalada","ESTADO":"Buenos Aires","PAÍS":"Argentina","CAPACIDADE":null,"PRIMEIRA_PARTIDA":"LANÚS 4x2 CORINTHIANS","DATA_PRIMEIRA_PARTIDA":"2006-10-11","ANO_PRIMEIRA_PARTIDA":2006,"ADVERSARIO":"LANÚS","PLACAR":"4x2","COMPETICAO_PRIMEIRA_PARTIDA":"Sul-Americana 2006","MANDO_PRIMEIRA_PARTIDA":"Não","FONTE_PRIMEIRA_PARTIDA":"https://www.meutimao.com.br/jogo/1728/sul-americana-2006/lanus-4-x-2-corinthians","TOTAL_JOGOS":1,"VITÓRIAS":0,"EMPATES":0,"DERROTAS":1,"APROVEITAMENTO_PCT":0.0,"GOLS_MARCADOS":2,"GOLS_SOFRIDOS":4,"NOMES_ALTERNATIVOS":[],"FONTES_JOGOS":["Meu Timão"],"LATITUDE":-34.7167386,"LONGITUDE":-58.3837397,"FONTE_COORDENADAS":"OpenStreetMap Nominatim (geocodificação reversa)","URL_FONTE_COORDENADAS":"https://www.openstreetmap.org/relation/2546155","ATRIBUICAO_COORDENADAS":"© OpenStreetMap contributors, ODbL 1.0","PAIS_ISO3":"ARG","FONTE_CORRECAO_PAIS":"https://data.geocode.earth/wof/dist/legacy/whosonfirst-data-country-latest.tar.bz2"},"geometry":{"type":"Point","coordinates":[-58.3837397,-34.7167386]}},{"type":"Feature","properties":{"ESTÁDIO":"La Independencia","CIDADE":"Tunja","ESTADO":"Boyacá","PAÍS":"Colombia","CAPACIDADE":"2000","PRIMEIRA_PARTIDA":"Patriotas 1 x 1 Corinthians","DATA_PRIMEIRA_PARTIDA":"2017-06-28","ANO_PRIMEIRA_PARTIDA":2017,"ADVERSARIO":"Patriotas","PLACAR":"1 x 1","COMPETICAO_PRIMEIRA_PARTIDA":"Copa Sul-Americana 2017","MANDO_PRIMEIRA_PARTIDA":"Visitante","FONTE_PRIMEIRA_PARTIDA":"https://www.meutimao.com.br/jogo/6031/amistosos-1946/amistoso/atletico-mg-1-x-1-corinthians","TOTAL_JOGOS":1,"VITÓRIAS":0,"EMPATES":1,"DERROTAS":0,"APROVEITAMENTO_PCT":33.3,"GOLS_MARCADOS":1,"GOLS_SOFRIDOS":1,"NOMES_ALTERNATIVOS":[],"FONTES_JOGOS":["Meu Timão"],"LATITUDE":5.5420478,"LONGITUDE":-73.3533681,"FONTE_COORDENADAS":"OpenStreetMap Nominatim (geocodificação reversa)","URL_FONTE_COORDENADAS":"https://www.openstreetmap.org/node/5548746213","ATRIBUICAO_COORDENADAS":"© OpenStreetMap contributors, ODbL 1.0","CAPACIDADE_FONTE":"Meu Timão","URL_FONTE_CAPACIDADE":"https://www.meutimao.com.br/estadio/la_independencia/","PAIS":"Colombia","FONTE_CORRECAO_LOCALIDADE":"https://www.openstreetmap.org/node/5548746213","VITORIAS":0,"PAIS_ISO3":"COL"},"geometry":{"type":"Point","coordinates":[-73.3533681,5.5420478]}},{"type":"Feature","properties":{"ESTÁDIO":"La Nueva Olla","CIDADE":"Assunção","ESTADO":null,"PAÍS":"Paraguay","CAPACIDADE":null,"PRIMEIRA_PARTIDA":"CERRO PORTEÑO 3x0 CORINTHIANS","DATA_PRIMEIRA_PARTIDA":"1999-03-24","ANO_PRIMEIRA_PARTIDA":1999,"ADVERSARIO":"CERRO PORTEÑO","PLACAR":"3x0","COMPETICAO_PRIMEIRA_PARTIDA":"Libertadores 1999","MANDO_PRIMEIRA_PARTIDA":"Não","FONTE_PRIMEIRA_PARTIDA":"https://www.meutimao.com.br/jogo/2185/libertadores-1999/cerro_porteno-3-x-0-corinthians","TOTAL_JOGOS":3,"VITÓRIAS":1,"EMPATES":0,"DERROTAS":2,"APROVEITAMENTO_PCT":33.3,"GOLS_MARCADOS":1,"GOLS_SOFRIDOS":4,"NOMES_ALTERNATIVOS":[],"FONTES_JOGOS":["Meu Timão"],"LATITUDE":-25.2998797,"LONGITUDE":-57.6374375,"FONTE_COORDENADAS":"OpenStreetMap Nominatim (geocodificação reversa)","URL_FONTE_COORDENADAS":"https://www.openstreetmap.org/relation/3654543","ATRIBUICAO_COORDENADAS":"© OpenStreetMap contributors, ODbL 1.0","PAIS_ISO3":"PRY","FONTE_CORRECAO_PAIS":"https://data.geocode.earth/wof/dist/legacy/whosonfirst-data-country-latest.tar.bz2"},"geometry":{"type":"Point","coordinates":[-57.6374375,-25.2998797]}},{"type":"Feature","properties":{"ESTÁDIO":"La Rosaleda","CIDADE":"Málaga","ESTADO":"Andaluzia","PAÍS":"Spain","CAPACIDADE":"30778","PRIMEIRA_PARTIDA":"MÁLAGA 0x1 CORINTHIANS","DATA_PRIMEIRA_PARTIDA":"1969-08-16","ANO_PRIMEIRA_PARTIDA":1969,"ADVERSARIO":"MÁLAGA","PLACAR":"0x1","COMPETICAO_PRIMEIRA_PARTIDA":"Torneio Internacional 1969","MANDO_PRIMEIRA_PARTIDA":"Não","FONTE_PRIMEIRA_PARTIDA":"https://www.meutimao.com.br/jogo/4461/torneio-internacional-1969/amistoso/malaga-0-x-1-corinthians","TOTAL_JOGOS":2,"VITÓRIAS":2,"EMPATES":0,"DERROTAS":0,"APROVEITAMENTO_PCT":100.0,"GOLS_MARCADOS":3,"GOLS_SOFRIDOS":1,"NOMES_ALTERNATIVOS":[],"FONTES_JOGOS":["Meu Timão"],"LATITUDE":36.7335796,"LONGITUDE":-4.42665109999996,"FONTE_COORDENADAS":"OpenStreetMap Nominatim (geocodificação reversa)","URL_FONTE_COORDENADAS":"https://www.openstreetmap.org/relation/340746","ATRIBUICAO_COORDENADAS":"© OpenStreetMap contributors, ODbL 1.0","CAPACIDADE_FONTE":"StadiumDB.com","URL_FONTE_CAPACIDADE":"https://stadiumdb.com/stadiums/esp/estadio_la_rosaleda","PAIS_ISO3":"ESP","FONTE_CORRECAO_PAIS":"https://data.geocode.earth/wof/dist/legacy/whosonfirst-data-country-latest.tar.bz2"},"geometry":{"type":"Point","coordinates":[-4.42665109999996,36.7335796]}},{"type":"Feature","properties":{"ESTÁDIO":"Lancha Filho","CIDADE":"Franca","ESTADO":"São Paulo","PAÍS":"Brasil","CAPACIDADE":"14686","PRIMEIRA_PARTIDA":"FRANCANA 3x3 CORINTHIANS","DATA_PRIMEIRA_PARTIDA":"1948-02-01","ANO_PRIMEIRA_PARTIDA":1948,"ADVERSARIO":"FRANCANA","PLACAR":"3x3","COMPETICAO_PRIMEIRA_PARTIDA":"Amistosos 1948","MANDO_PRIMEIRA_PARTIDA":"Não","FONTE_PRIMEIRA_PARTIDA":"https://www.meutimao.com.br/jogo/5947/amistosos-1948/amistoso/francana-3-x-3-corinthians","TOTAL_JOGOS":11,"VITÓRIAS":5,"EMPATES":4,"DERROTAS":2,"APROVEITAMENTO_PCT":57.6,"GOLS_MARCADOS":22,"GOLS_SOFRIDOS":11,"NOMES_ALTERNATIVOS":[],"FONTES_JOGOS":["Meu Timão"],"LATITUDE":-20.5381768,"LONGITUDE":-47.4009795,"PRECISAO_COORDENADAS":"Município (estádio exato não identificado)","FONTE_COORDENADAS":"OpenStreetMap Nominatim (localidade aproximada)","URL_FONTE_COORDENADAS":"https://www.openstreetmap.org/relation/298530","ATRIBUICAO_COORDENADAS":"© OpenStreetMap contributors, ODbL 1.0","CAPACIDADE_FONTE":"Meu Timão","URL_FONTE_CAPACIDADE":"https://www.meutimao.com.br/estadio/lancha_filho?genero=feminino","PAIS_ISO3":"BRA"},"geometry":{"type":"Point","coordinates":[-47.4009795,-20.5381768]}},{"type":"Feature","properties":{"ESTÁDIO":"Lanchão","CIDADE":"Franca","ESTADO":"SP","PAÍS":"Brazil","CAPACIDADE":null,"PRIMEIRA_PARTIDA":"francana 3 x 3 Corinthians","DATA_PRIMEIRA_PARTIDA":"1948-02-01","ANO_PRIMEIRA_PARTIDA":1948,"ADVERSARIO":"francana","PLACAR":"3 x 3","COMPETICAO_PRIMEIRA_PARTIDA":"Amistoso","MANDO_PRIMEIRA_PARTIDA":"Visitante","FONTE_PRIMEIRA_PARTIDA":"Meu Timão / Acervo ATLAS1910","TOTAL_JOGOS":33,"VITÓRIAS":15,"EMPATES":12,"DERROTAS":6,"APROVEITAMENTO_PCT":57.6,"GOLS_MARCADOS":66,"GOLS_SOFRIDOS":33,"NOMES_ALTERNATIVOS":[],"FONTES_JOGOS":[],"LATITUDE":-20.5353204,"LONGITUDE":-47.385693,"PAIS_ISO3":"BRA","FONTE_CORRECAO_PAIS":"https://data.geocode.earth/wof/dist/legacy/whosonfirst-data-country-latest.tar.bz2"},"geometry":{"type":"Point","coordinates":[-47.385693,-20.5353204]}},{"type":"Feature","properties":{"ESTÁDIO":"Laranjeiras - Álvaro Chaves","CIDADE":"Rio de Janeiro","ESTADO":"RJ","PAÍS":"Brasil","CAPACIDADE":null,"PRIMEIRA_PARTIDA":"américa 2 x 2 Corinthians","DATA_PRIMEIRA_PARTIDA":"1929-05-13","ANO_PRIMEIRA_PARTIDA":1929,"ADVERSARIO":"américa","PLACAR":"2 x 2","COMPETICAO_PRIMEIRA_PARTIDA":"Amistoso","MANDO_PRIMEIRA_PARTIDA":"Visitante","FONTE_PRIMEIRA_PARTIDA":"Meu Timão / Acervo ATLAS1910","TOTAL_JOGOS":24,"VITÓRIAS":0,"EMPATES":12,"DERROTAS":12,"APROVEITAMENTO_PCT":16.7,"GOLS_MARCADOS":39,"GOLS_SOFRIDOS":63,"NOMES_ALTERNATIVOS":[],"FONTES_JOGOS":[],"LATITUDE":-22.9368681,"LONGITUDE":-43.1844181,"PAIS_ISO3":"BRA"},"geometry":{"type":"Point","coordinates":[-43.1844181,-22.9368681]}},{"type":"Feature","properties":{"ESTÁDIO":"Lauro Gomes","CIDADE":"São Caetano do Sul","ESTADO":"São Paulo","PAÍS":"Brasil","CAPACIDADE":null,"PRIMEIRA_PARTIDA":"SÃO BENTO DE SÃO CAETANO 2x3 CORINTHIANS","DATA_PRIMEIRA_PARTIDA":"1955-01-13","ANO_PRIMEIRA_PARTIDA":1955,"ADVERSARIO":"SÃO BENTO DE SÃO CAETANO","PLACAR":"2x3","COMPETICAO_PRIMEIRA_PARTIDA":"Amistosos 1955","MANDO_PRIMEIRA_PARTIDA":"Visitante","FONTE_PRIMEIRA_PARTIDA":"https://www.meutimao.com.br/jogo/5483/amistosos-1955/amistoso/sao_bento_de_sao_caetano-2-x-3-corinthians","TOTAL_JOGOS":18,"VITÓRIAS":10,"EMPATES":2,"DERROTAS":6,"APROVEITAMENTO_PCT":59.3,"GOLS_MARCADOS":24,"GOLS_SOFRIDOS":21,"NOMES_ALTERNATIVOS":[],"FONTES_JOGOS":[],"LATITUDE":-23.6304416,"LONGITUDE":-46.5610739,"FONTE_COORDENADAS":"OpenStreetMap Nominatim (geocodificação reversa)","URL_FONTE_COORDENADAS":"https://www.openstreetmap.org/relation/298170","ATRIBUICAO_COORDENADAS":"© OpenStreetMap contributors, ODbL 1.0","PAIS_ISO3":"BRA"},"geometry":{"type":"Point","coordinates":[-46.5610739,-23.6304416]}},{"type":"Feature","properties":{"ESTÁDIO":"Letzigrund","CIDADE":"Zurique","ESTADO":"Zurique","PAÍS":"Switzerland","CAPACIDADE":null,"PRIMEIRA_PARTIDA":"FC ZÜRICH 0x5 CORINTHIANS","DATA_PRIMEIRA_PARTIDA":"1966-05-18","ANO_PRIMEIRA_PARTIDA":1966,"ADVERSARIO":"FC ZÜRICH","PLACAR":"0x5","COMPETICAO_PRIMEIRA_PARTIDA":"Amistosos 1966","MANDO_PRIMEIRA_PARTIDA":"Não","FONTE_PRIMEIRA_PARTIDA":"https://www.meutimao.com.br/jogo/4641/amistosos-1966/amistoso/fc_zurich-0-x-5-corinthians","TOTAL_JOGOS":1,"VITÓRIAS":1,"EMPATES":0,"DERROTAS":0,"APROVEITAMENTO_PCT":100.0,"GOLS_MARCADOS":5,"GOLS_SOFRIDOS":0,"NOMES_ALTERNATIVOS":[],"FONTES_JOGOS":["Meu Timão"],"LATITUDE":47.3826664,"LONGITUDE":8.50380759999996,"FONTE_COORDENADAS":"OpenStreetMap Nominatim (geocodificação reversa)","URL_FONTE_COORDENADAS":"https://www.openstreetmap.org/relation/1682248","ATRIBUICAO_COORDENADAS":"© OpenStreetMap contributors, ODbL 1.0","PAIS_ISO3":"CHE","FONTE_CORRECAO_PAIS":"https://data.geocode.earth/wof/dist/legacy/whosonfirst-data-country-latest.tar.bz2"},"geometry":{"type":"Point","coordinates":[8.50380759999996,47.3826664]}},{"type":"Feature","properties":{"ESTÁDIO":"Libertadores de América/Avellaneda","CIDADE":"Buenos Aires","ESTADO":"Buenos Aires","PAÍS":"Argentina","CAPACIDADE":null,"PRIMEIRA_PARTIDA":"independiente 2 x 0 Corinthians","DATA_PRIMEIRA_PARTIDA":"1999-09-28","ANO_PRIMEIRA_PARTIDA":1999,"ADVERSARIO":"independiente","PLACAR":"2 x 0","COMPETICAO_PRIMEIRA_PARTIDA":"Copa Mercosul","MANDO_PRIMEIRA_PARTIDA":"Visitante","FONTE_PRIMEIRA_PARTIDA":"Meu Timão / Acervo ATLAS1910","TOTAL_JOGOS":9,"VITÓRIAS":3,"EMPATES":0,"DERROTAS":6,"APROVEITAMENTO_PCT":33.3,"GOLS_MARCADOS":3,"GOLS_SOFRIDOS":9,"NOMES_ALTERNATIVOS":[],"FONTES_JOGOS":[],"LATITUDE":-34.6702197,"LONGITUDE":-58.3713407,"FONTE_COORDENADAS":"OpenStreetMap Nominatim (geocodificação reversa)","URL_FONTE_COORDENADAS":"https://www.openstreetmap.org/relation/2149189","ATRIBUICAO_COORDENADAS":"© OpenStreetMap contributors, ODbL 1.0","PAIS_ISO3":"ARG"},"geometry":{"type":"Point","coordinates":[-58.3713407,-34.6702197]}},{"type":"Feature","properties":{"ESTÁDIO":"Limeirão","CIDADE":"Limeira","ESTADO":"São Paulo","PAÍS":"Brasil","CAPACIDADE":null,"PRIMEIRA_PARTIDA":"INTER DE LIMEIRA 2x3 CORINTHIANS","DATA_PRIMEIRA_PARTIDA":"1977-01-30","ANO_PRIMEIRA_PARTIDA":1977,"ADVERSARIO":"INTER DE LIMEIRA","PLACAR":"2x3","COMPETICAO_PRIMEIRA_PARTIDA":"Amistosos 1977","MANDO_PRIMEIRA_PARTIDA":"Não","FONTE_PRIMEIRA_PARTIDA":"https://www.meutimao.com.br/jogo/3774/amistosos-1977/amistoso/inter_de_limeira-2-x-3-corinthians","TOTAL_JOGOS":25,"VITÓRIAS":12,"EMPATES":7,"DERROTAS":6,"APROVEITAMENTO_PCT":57.3,"GOLS_MARCADOS":34,"GOLS_SOFRIDOS":23,"NOMES_ALTERNATIVOS":[],"FONTES_JOGOS":["Meu Timão"],"LATITUDE":-22.5554318,"LONGITUDE":-47.3851779,"FONTE_COORDENADAS":"OpenStreetMap Nominatim (geocodificação reversa)","URL_FONTE_COORDENADAS":"https://www.openstreetmap.org/relation/297919","ATRIBUICAO_COORDENADAS":"© OpenStreetMap contributors, ODbL 1.0","PAIS_ISO3":"BRA"},"geometry":{"type":"Point","coordinates":[-47.3851779,-22.5554318]}},{"type":"Feature","properties":{"ESTÁDIO":"Lindolfinho","CIDADE":"Teresina","ESTADO":"Piauí","PAÍS":"Brasil","CAPACIDADE":null,"PRIMEIRA_PARTIDA":"SELEÇÃO PIAUIENSE 3x5 CORINTHIANS","DATA_PRIMEIRA_PARTIDA":"1968-01-16","ANO_PRIMEIRA_PARTIDA":1968,"ADVERSARIO":"SELEÇÃO PIAUIENSE","PLACAR":"3x5","COMPETICAO_PRIMEIRA_PARTIDA":"Amistosos 1968","MANDO_PRIMEIRA_PARTIDA":"Não","FONTE_PRIMEIRA_PARTIDA":"https://www.meutimao.com.br/jogo/4504/amistosos-1968/amistoso/selecao_piauiense-3-x-5-corinthians","TOTAL_JOGOS":1,"VITÓRIAS":1,"EMPATES":0,"DERROTAS":0,"APROVEITAMENTO_PCT":100.0,"GOLS_MARCADOS":5,"GOLS_SOFRIDOS":3,"NOMES_ALTERNATIVOS":[],"FONTES_JOGOS":["Meu Timão"],"LATITUDE":-5.0849876,"LONGITUDE":-42.8211732,"FONTE_COORDENADAS":"OpenStreetMap Nominatim (geocodificação reversa)","URL_FONTE_COORDENADAS":"https://www.openstreetmap.org/relation/302749","ATRIBUICAO_COORDENADAS":"© OpenStreetMap contributors, ODbL 1.0","PAIS_ISO3":"BRA"},"geometry":{"type":"Point","coordinates":[-42.8211732,-5.0849876]}},{"type":"Feature","properties":{"ESTÁDIO":"Lockhart Stadium","CIDADE":"Fort Lauderdale","ESTADO":"Flórida","PAÍS":"United States","CAPACIDADE":null,"PRIMEIRA_PARTIDA":"STRIKERS 0x0 CORINTHIANS","DATA_PRIMEIRA_PARTIDA":"2016-01-23","ANO_PRIMEIRA_PARTIDA":2016,"ADVERSARIO":"STRIKERS","PLACAR":"0x0","COMPETICAO_PRIMEIRA_PARTIDA":"Amistosos 2016","MANDO_PRIMEIRA_PARTIDA":"Não","FONTE_PRIMEIRA_PARTIDA":"https://www.meutimao.com.br/jogo/582/amistosos-2016/amistoso/strikers-0-x-0-corinthians","TOTAL_JOGOS":1,"VITÓRIAS":0,"EMPATES":1,"DERROTAS":0,"APROVEITAMENTO_PCT":33.3,"GOLS_MARCADOS":0,"GOLS_SOFRIDOS":0,"NOMES_ALTERNATIVOS":[],"FONTES_JOGOS":["Meu Timão"],"LATITUDE":26.1931127,"LONGITUDE":-80.1610244,"FONTE_COORDENADAS":"OpenStreetMap Nominatim (geocodificação reversa)","URL_FONTE_COORDENADAS":"https://www.openstreetmap.org/relation/117955","ATRIBUICAO_COORDENADAS":"© OpenStreetMap contributors, ODbL 1.0","PAIS_ISO3":"USA","FONTE_CORRECAO_PAIS":"https://data.geocode.earth/wof/dist/legacy/whosonfirst-data-country-latest.tar.bz2"},"geometry":{"type":"Point","coordinates":[-80.1610244,26.1931127]}},{"type":"Feature","properties":{"ESTÁDIO":"Luis Franzini","CIDADE":"Montevidéu","ESTADO":"Montevideo","PAÍS":"Uruguay","CAPACIDADE":null,"PRIMEIRA_PARTIDA":"FÉNIX-URU 1x2 CORINTHIANS","DATA_PRIMEIRA_PARTIDA":"2003-02-19","ANO_PRIMEIRA_PARTIDA":2003,"ADVERSARIO":"FÉNIX-URU","PLACAR":"1x2","COMPETICAO_PRIMEIRA_PARTIDA":"Libertadores 2003","MANDO_PRIMEIRA_PARTIDA":"Não","FONTE_PRIMEIRA_PARTIDA":"https://www.meutimao.com.br/jogo/1888/libertadores-2003/fenix-uru-1-x-2-corinthians","TOTAL_JOGOS":2,"VITÓRIAS":2,"EMPATES":0,"DERROTAS":0,"APROVEITAMENTO_PCT":100.0,"GOLS_MARCADOS":4,"GOLS_SOFRIDOS":2,"NOMES_ALTERNATIVOS":[],"FONTES_JOGOS":["Meu Timão"],"LATITUDE":-34.9164312,"LONGITUDE":-56.1667866,"FONTE_COORDENADAS":"OpenStreetMap Nominatim (geocodificação reversa)","URL_FONTE_COORDENADAS":"https://www.openstreetmap.org/relation/2929054","ATRIBUICAO_COORDENADAS":"© OpenStreetMap contributors, ODbL 1.0","PAIS_ISO3":"URY","FONTE_CORRECAO_PAIS":"https://data.geocode.earth/wof/dist/legacy/whosonfirst-data-country-latest.tar.bz2"},"geometry":{"type":"Point","coordinates":[-56.1667866,-34.9164312]}},{"type":"Feature","properties":{"ESTÁDIO":"Luis Pereira","CIDADE":"Ribeirão Preto","ESTADO":"São Paulo","PAÍS":"Brasil","CAPACIDADE":null,"PRIMEIRA_PARTIDA":"BOTAFOGO-SP 1x5 CORINTHIANS","DATA_PRIMEIRA_PARTIDA":"1954-05-02","ANO_PRIMEIRA_PARTIDA":1954,"ADVERSARIO":"BOTAFOGO-SP","PLACAR":"1x5","COMPETICAO_PRIMEIRA_PARTIDA":"Amistosos 1954","MANDO_PRIMEIRA_PARTIDA":"Não","FONTE_PRIMEIRA_PARTIDA":"https://www.meutimao.com.br/jogo/5563/amistosos-1954/amistoso/botafogo-sp-1-x-5-corinthians","TOTAL_JOGOS":18,"VITÓRIAS":5,"EMPATES":12,"DERROTAS":1,"APROVEITAMENTO_PCT":50.0,"GOLS_MARCADOS":34,"GOLS_SOFRIDOS":25,"NOMES_ALTERNATIVOS":[],"FONTES_JOGOS":["Meu Timão"],"LATITUDE":-21.1678465,"LONGITUDE":-47.8208648,"FONTE_COORDENADAS":"OpenStreetMap Nominatim (geocodificação reversa)","URL_FONTE_COORDENADAS":"https://www.openstreetmap.org/relation/298156","ATRIBUICAO_COORDENADAS":"© OpenStreetMap contributors, ODbL 1.0","PAIS_ISO3":"BRA"},"geometry":{"type":"Point","coordinates":[-47.8208648,-21.1678465]}},{"type":"Feature","properties":{"ESTÁDIO":"Luis Sitjar","CIDADE":"Palma","ESTADO":"Ilhas Baleares","PAÍS":"Spain","CAPACIDADE":null,"PRIMEIRA_PARTIDA":"DEPORTIVO MALLORCA 0x2 CORINTHIANS","DATA_PRIMEIRA_PARTIDA":"1969-08-24","ANO_PRIMEIRA_PARTIDA":1969,"ADVERSARIO":"DEPORTIVO MALLORCA","PLACAR":"0x2","COMPETICAO_PRIMEIRA_PARTIDA":"Amistosos 1969","MANDO_PRIMEIRA_PARTIDA":"Não","FONTE_PRIMEIRA_PARTIDA":"https://www.meutimao.com.br/jogo/4463/amistosos-1969/amistoso/deportivo_mallorca-0-x-2-corinthians","TOTAL_JOGOS":1,"VITÓRIAS":1,"EMPATES":0,"DERROTAS":0,"APROVEITAMENTO_PCT":100.0,"GOLS_MARCADOS":2,"GOLS_SOFRIDOS":0,"NOMES_ALTERNATIVOS":[],"FONTES_JOGOS":["Meu Timão"],"LATITUDE":39.5808055555556,"LONGITUDE":2.64069444444442,"FONTE_COORDENADAS":"OpenStreetMap Nominatim (geocodificação reversa)","URL_FONTE_COORDENADAS":"https://www.openstreetmap.org/relation/341321","ATRIBUICAO_COORDENADAS":"© OpenStreetMap contributors, ODbL 1.0","PAIS_ISO3":"ESP","FONTE_CORRECAO_PAIS":"https://data.geocode.earth/wof/dist/legacy/whosonfirst-data-country-latest.tar.bz2"},"geometry":{"type":"Point","coordinates":[2.64069444444442,39.5808055555556]}},{"type":"Feature","properties":{"ESTÁDIO":"Luisão","CIDADE":"São Carlos","ESTADO":"São Paulo","PAÍS":"Brasil","CAPACIDADE":null,"PRIMEIRA_PARTIDA":"FERROVIÁRIOS DE SÃO CARLOS 2x7 CORINTHIANS","DATA_PRIMEIRA_PARTIDA":"1947-01-05","ANO_PRIMEIRA_PARTIDA":1947,"ADVERSARIO":"FERROVIÁRIOS DE SÃO CARLOS","PLACAR":"2x7","COMPETICAO_PRIMEIRA_PARTIDA":"Amistosos 1947","MANDO_PRIMEIRA_PARTIDA":"Não","FONTE_PRIMEIRA_PARTIDA":"https://www.meutimao.com.br/jogo/5982/amistosos-1947/amistoso/ferroviarios_de_sao_carlos-2-x-7-corinthians","TOTAL_JOGOS":7,"VITÓRIAS":6,"EMPATES":0,"DERROTAS":1,"APROVEITAMENTO_PCT":85.7,"GOLS_MARCADOS":27,"GOLS_SOFRIDOS":6,"NOMES_ALTERNATIVOS":[],"FONTES_JOGOS":["Meu Timão"],"LATITUDE":-22.0325974,"LONGITUDE":-47.9017043,"FONTE_COORDENADAS":"OpenStreetMap Nominatim (geocodificação reversa)","URL_FONTE_COORDENADAS":"https://www.openstreetmap.org/relation/297986","ATRIBUICAO_COORDENADAS":"© OpenStreetMap contributors, ODbL 1.0","PAIS_ISO3":"BRA"},"geometry":{"type":"Point","coordinates":[-47.9017043,-22.0325974]}},{"type":"Feature","properties":{"ESTÁDIO":"Luso Brasileiro","CIDADE":"Rio de Janeiro","ESTADO":"Rio de Janeiro","PAÍS":"Brasil","CAPACIDADE":"18000","PRIMEIRA_PARTIDA":"BOTAFOGO 2x0 CORINTHIANS","DATA_PRIMEIRA_PARTIDA":"2016-10-01","ANO_PRIMEIRA_PARTIDA":2016,"ADVERSARIO":"BOTAFOGO","PLACAR":"2x0","COMPETICAO_PRIMEIRA_PARTIDA":"Brasileirão 2016","MANDO_PRIMEIRA_PARTIDA":"Não","FONTE_PRIMEIRA_PARTIDA":"https://www.meutimao.com.br/jogo/628/brasileirao-2016/botafogo-2-x-0-corinthians","TOTAL_JOGOS":2,"VITÓRIAS":0,"EMPATES":0,"DERROTAS":2,"APROVEITAMENTO_PCT":0.0,"GOLS_MARCADOS":0,"GOLS_SOFRIDOS":5,"NOMES_ALTERNATIVOS":[],"FONTES_JOGOS":["Meu Timão"],"LATITUDE":-22.8017154,"LONGITUDE":-43.2081599,"PRECISAO_COORDENADAS":"Estádio identificado","FONTE_COORDENADAS":"OpenStreetMap Nominatim","URL_FONTE_COORDENADAS":"https://www.openstreetmap.org/way/499897352","ATRIBUICAO_COORDENADAS":"© OpenStreetMap contributors, ODbL 1.0","CAPACIDADE_FONTE":"Meu Timão","URL_FONTE_CAPACIDADE":"https://www.meutimao.com.br/estadio/luso_brasileiro?genero=feminino","PAIS_ISO3":"BRA"},"geometry":{"type":"Point","coordinates":[-43.2081599,-22.8017154]}},{"type":"Feature","properties":{"ESTÁDIO":"Major Antônio Couto Pereira","CIDADE":"Curitiba","ESTADO":"Paraná","PAÍS":"Brasil","CAPACIDADE":null,"PRIMEIRA_PARTIDA":"SELEÇÃO PARANAENSE 2x5 CORINTHIANS","DATA_PRIMEIRA_PARTIDA":"1941-04-13","ANO_PRIMEIRA_PARTIDA":1941,"ADVERSARIO":"SELEÇÃO PARANAENSE","PLACAR":"2x5","COMPETICAO_PRIMEIRA_PARTIDA":"Amistosos 1941","MANDO_PRIMEIRA_PARTIDA":"Não","FONTE_PRIMEIRA_PARTIDA":"https://www.meutimao.com.br/jogo/6297/amistosos-1941/amistoso/selecao_paranaense-2-x-5-corinthians","TOTAL_JOGOS":47,"VITÓRIAS":16,"EMPATES":16,"DERROTAS":15,"APROVEITAMENTO_PCT":45.4,"GOLS_MARCADOS":50,"GOLS_SOFRIDOS":45,"NOMES_ALTERNATIVOS":[],"FONTES_JOGOS":["Meu Timão"],"LATITUDE":-25.4214176,"LONGITUDE":-49.2597547,"FONTE_COORDENADAS":"OpenStreetMap Nominatim (geocodificação reversa)","URL_FONTE_COORDENADAS":"https://www.openstreetmap.org/node/206136859","ATRIBUICAO_COORDENADAS":"© OpenStreetMap contributors, ODbL 1.0","PAIS_ISO3":"BRA"},"geometry":{"type":"Point","coordinates":[-49.2597547,-25.4214176]}},{"type":"Feature","properties":{"ESTÁDIO":"Malmö Stadion","CIDADE":"Malmo","ESTADO":null,"PAÍS":"Sweden","CAPACIDADE":null,"PRIMEIRA_PARTIDA":"MALMOE 1x2 CORINTHIANS","DATA_PRIMEIRA_PARTIDA":"1952-05-27","ANO_PRIMEIRA_PARTIDA":1952,"ADVERSARIO":"MALMOE","PLACAR":"1x2","COMPETICAO_PRIMEIRA_PARTIDA":"Amistosos 1952","MANDO_PRIMEIRA_PARTIDA":"Não","FONTE_PRIMEIRA_PARTIDA":"https://www.meutimao.com.br/jogo/5701/amistosos-1952/amistoso/malmoe-1-x-2-corinthians","TOTAL_JOGOS":1,"VITÓRIAS":1,"EMPATES":0,"DERROTAS":0,"APROVEITAMENTO_PCT":100.0,"GOLS_MARCADOS":2,"GOLS_SOFRIDOS":1,"NOMES_ALTERNATIVOS":[],"FONTES_JOGOS":["Meu Timão"],"LATITUDE":55.5860979,"LONGITUDE":12.9892328999999,"FONTE_COORDENADAS":"OpenStreetMap Nominatim (geocodificação reversa)","URL_FONTE_COORDENADAS":"https://www.openstreetmap.org/relation/10663667","ATRIBUICAO_COORDENADAS":"© OpenStreetMap contributors, ODbL 1.0","PAIS_ISO3":"SWE","FONTE_CORRECAO_PAIS":"https://data.geocode.earth/wof/dist/legacy/whosonfirst-data-country-latest.tar.bz2"},"geometry":{"type":"Point","coordinates":[12.9892328999999,55.5860979]}},{"type":"Feature","properties":{"ESTÁDIO":"Mangueirão","CIDADE":"Belém","ESTADO":"Pará","PAÍS":"Brasil","CAPACIDADE":"35000","PRIMEIRA_PARTIDA":"REMO 1x0 CORINTHIANS","DATA_PRIMEIRA_PARTIDA":"1980-03-19","ANO_PRIMEIRA_PARTIDA":1980,"ADVERSARIO":"REMO","PLACAR":"1x0","COMPETICAO_PRIMEIRA_PARTIDA":"Brasileirão 1980","MANDO_PRIMEIRA_PARTIDA":"Não","FONTE_PRIMEIRA_PARTIDA":"https://www.meutimao.com.br/jogo/3580/brasileirao-1980/remo-1-x-0-corinthians","TOTAL_JOGOS":13,"VITÓRIAS":4,"EMPATES":5,"DERROTAS":4,"APROVEITAMENTO_PCT":43.6,"GOLS_MARCADOS":15,"GOLS_SOFRIDOS":15,"NOMES_ALTERNATIVOS":[],"FONTES_JOGOS":["Meu Timão"],"LATITUDE":-1.3811857,"LONGITUDE":-48.4441767,"FONTE_COORDENADAS":"OpenStreetMap Nominatim (geocodificação reversa)","URL_FONTE_COORDENADAS":"https://www.openstreetmap.org/relation/185567","ATRIBUICAO_COORDENADAS":"© OpenStreetMap contributors, ODbL 1.0","CAPACIDADE_FONTE":"StadiumDB.com","URL_FONTE_CAPACIDADE":"https://stadiumdb.com/stadiums/bra/estadio_mangueirao","PAIS_ISO3":"BRA"},"geometry":{"type":"Point","coordinates":[-48.4441767,-1.3811857]}},{"type":"Feature","properties":{"ESTÁDIO":"Manuel Toro","CIDADE":"Ibagué","ESTADO":"Tolima","PAÍS":"Colombia","CAPACIDADE":null,"PRIMEIRA_PARTIDA":"TOLIMA 2x0 CORINTHIANS","DATA_PRIMEIRA_PARTIDA":"2011-02-02","ANO_PRIMEIRA_PARTIDA":2011,"ADVERSARIO":"TOLIMA","PLACAR":"2x0","COMPETICAO_PRIMEIRA_PARTIDA":"Libertadores 2011","MANDO_PRIMEIRA_PARTIDA":"Não","FONTE_PRIMEIRA_PARTIDA":"https://www.meutimao.com.br/jogo/214/libertadores-2011/tolima-2-x-0-corinthians","TOTAL_JOGOS":1,"VITÓRIAS":0,"EMPATES":0,"DERROTAS":1,"APROVEITAMENTO_PCT":0.0,"GOLS_MARCADOS":0,"GOLS_SOFRIDOS":2,"NOMES_ALTERNATIVOS":[],"FONTES_JOGOS":["Meu Timão"],"LATITUDE":4.4300469,"LONGITUDE":-75.2181362,"FONTE_COORDENADAS":"OpenStreetMap Nominatim (geocodificação reversa)","URL_FONTE_COORDENADAS":"https://www.openstreetmap.org/relation/13473938","ATRIBUICAO_COORDENADAS":"© OpenStreetMap contributors, ODbL 1.0","PAIS_ISO3":"COL","FONTE_CORRECAO_PAIS":"https://data.geocode.earth/wof/dist/legacy/whosonfirst-data-country-latest.tar.bz2"},"geometry":{"type":"Point","coordinates":[-75.2181362,4.4300469]}},{"type":"Feature","properties":{"ESTÁDIO":"Mané Garrincha","CIDADE":"Plano Piloto","ESTADO":"Distrito Federal","PAÍS":"Brasil","CAPACIDADE":null,"PRIMEIRA_PARTIDA":"ATLÉTICO-MG 1x1 CORINTHIANS","DATA_PRIMEIRA_PARTIDA":"1967-06-10","ANO_PRIMEIRA_PARTIDA":1967,"ADVERSARIO":"ATLÉTICO-MG","PLACAR":"1x1","COMPETICAO_PRIMEIRA_PARTIDA":"Amistosos 1967","MANDO_PRIMEIRA_PARTIDA":"Não","FONTE_PRIMEIRA_PARTIDA":"https://www.meutimao.com.br/jogo/4587/amistosos-1967/amistoso/atletico-mg-1-x-1-corinthians","TOTAL_JOGOS":16,"VITÓRIAS":7,"EMPATES":4,"DERROTAS":5,"APROVEITAMENTO_PCT":52.1,"GOLS_MARCADOS":29,"GOLS_SOFRIDOS":18,"NOMES_ALTERNATIVOS":[],"FONTES_JOGOS":["Meu Timão"],"LATITUDE":-15.7835191,"LONGITUDE":-47.899211,"FONTE_COORDENADAS":"OpenStreetMap Nominatim (geocodificação reversa)","URL_FONTE_COORDENADAS":"https://www.openstreetmap.org/relation/2758138","ATRIBUICAO_COORDENADAS":"© OpenStreetMap contributors, ODbL 1.0","PAIS_ISO3":"BRA"},"geometry":{"type":"Point","coordinates":[-47.899211,-15.7835191]}},{"type":"Feature","properties":{"ESTÁDIO":"Maracanã","CIDADE":"Rio de Janeiro","ESTADO":"Rio de Janeiro","PAÍS":"Brasil","CAPACIDADE":"73609","PRIMEIRA_PARTIDA":"VASCO DA GAMA 3x4 CORINTHIANS","DATA_PRIMEIRA_PARTIDA":"1951-02-24","ANO_PRIMEIRA_PARTIDA":1951,"ADVERSARIO":"VASCO DA GAMA","PLACAR":"3x4","COMPETICAO_PRIMEIRA_PARTIDA":"Torneio Rio-São Paulo 1951","MANDO_PRIMEIRA_PARTIDA":"Não","FONTE_PRIMEIRA_PARTIDA":"https://www.meutimao.com.br/jogo/5752/torneio-rio-sao-paulo-1951/vasco_da_gama-3-x-4-corinthians","TOTAL_JOGOS":164,"VITÓRIAS":45,"EMPATES":37,"DERROTAS":82,"APROVEITAMENTO_PCT":35.0,"GOLS_MARCADOS":185,"GOLS_SOFRIDOS":269,"NOMES_ALTERNATIVOS":[],"FONTES_JOGOS":["Meu Timão"],"LATITUDE":-22.9121089,"LONGITUDE":-43.2301558,"FONTE_COORDENADAS":"OpenStreetMap Nominatim (geocodificação reversa)","URL_FONTE_COORDENADAS":"https://www.openstreetmap.org/relation/2697338","ATRIBUICAO_COORDENADAS":"© OpenStreetMap contributors, ODbL 1.0","CAPACIDADE_FONTE":"StadiumDB.com","URL_FONTE_CAPACIDADE":"https://stadiumdb.com/stadiums/bra/maracana","PAIS_ISO3":"BRA"},"geometry":{"type":"Point","coordinates":[-43.2301558,-22.9121089]}},{"type":"Feature","properties":{"ESTÁDIO":"Marcelo Stefani/Nabi Abi Chedid","CIDADE":"Bragança Paulista","ESTADO":"SP","PAÍS":"Brasil","CAPACIDADE":null,"PRIMEIRA_PARTIDA":"bragantino 1 x 3 Corinthians","DATA_PRIMEIRA_PARTIDA":"1944-11-12","ANO_PRIMEIRA_PARTIDA":1944,"ADVERSARIO":"bragantino","PLACAR":"1 x 3","COMPETICAO_PRIMEIRA_PARTIDA":"Amistoso","MANDO_PRIMEIRA_PARTIDA":"Visitante","FONTE_PRIMEIRA_PARTIDA":"Meu Timão / Acervo ATLAS1910","TOTAL_JOGOS":29,"VITÓRIAS":11,"EMPATES":12,"DERROTAS":6,"APROVEITAMENTO_PCT":51.7,"GOLS_MARCADOS":32,"GOLS_SOFRIDOS":25,"NOMES_ALTERNATIVOS":[],"FONTES_JOGOS":[],"LATITUDE":-22.9654139,"LONGITUDE":-46.5369361,"PAIS_ISO3":"BRA"},"geometry":{"type":"Point","coordinates":[-46.5369361,-22.9654139]}},{"type":"Feature","properties":{"ESTÁDIO":"Martins Pereira","CIDADE":"São José dos Campos","ESTADO":"São Paulo","PAÍS":"Brasil","CAPACIDADE":null,"PRIMEIRA_PARTIDA":"TAUBATÉ 3x1 CORINTHIANS","DATA_PRIMEIRA_PARTIDA":"1957-04-20","ANO_PRIMEIRA_PARTIDA":1957,"ADVERSARIO":"TAUBATÉ","PLACAR":"3x1","COMPETICAO_PRIMEIRA_PARTIDA":"Amistosos 1957","MANDO_PRIMEIRA_PARTIDA":"Não","FONTE_PRIMEIRA_PARTIDA":"https://www.meutimao.com.br/jogo/5349/amistosos-1957/amistoso/taubate-3-x-1-corinthians","TOTAL_JOGOS":20,"VITÓRIAS":6,"EMPATES":10,"DERROTAS":4,"APROVEITAMENTO_PCT":46.7,"GOLS_MARCADOS":26,"GOLS_SOFRIDOS":26,"NOMES_ALTERNATIVOS":[],"FONTES_JOGOS":["Meu Timão"],"LATITUDE":-23.1886066,"LONGITUDE":-45.8698618,"FONTE_COORDENADAS":"OpenStreetMap Nominatim (geocodificação reversa)","URL_FONTE_COORDENADAS":"https://www.openstreetmap.org/relation/298019","ATRIBUICAO_COORDENADAS":"© OpenStreetMap contributors, ODbL 1.0","PAIS_ISO3":"BRA"},"geometry":{"type":"Point","coordinates":[-45.8698618,-23.1886066]}},{"type":"Feature","properties":{"ESTÁDIO":"Mateo Flores","CIDADE":"Cidade da Guatemala","ESTADO":"Guatemala Department","PAÍS":"Guatemala","CAPACIDADE":null,"PRIMEIRA_PARTIDA":"CORINTHIANS 3x2 FLAMENGO","DATA_PRIMEIRA_PARTIDA":"1966-05-08","ANO_PRIMEIRA_PARTIDA":1966,"ADVERSARIO":"FLAMENGO","PLACAR":"3x2","COMPETICAO_PRIMEIRA_PARTIDA":"Amistosos 1966","MANDO_PRIMEIRA_PARTIDA":"Sim","FONTE_PRIMEIRA_PARTIDA":"https://www.meutimao.com.br/jogo/4640/amistosos-1966/amistoso/corinthians-3-x-2-flamengo","TOTAL_JOGOS":3,"VITÓRIAS":2,"EMPATES":1,"DERROTAS":0,"APROVEITAMENTO_PCT":77.8,"GOLS_MARCADOS":4,"GOLS_SOFRIDOS":2,"NOMES_ALTERNATIVOS":[],"FONTES_JOGOS":["Meu Timão"],"LATITUDE":14.6257186,"LONGITUDE":-90.5101753,"FONTE_COORDENADAS":"OpenStreetMap Nominatim (geocodificação reversa)","URL_FONTE_COORDENADAS":"https://www.openstreetmap.org/relation/13730388","ATRIBUICAO_COORDENADAS":"© OpenStreetMap contributors, ODbL 1.0","PAIS_ISO3":"GTM","FONTE_CORRECAO_PAIS":"https://data.geocode.earth/wof/dist/legacy/whosonfirst-data-country-latest.tar.bz2"},"geometry":{"type":"Point","coordinates":[-90.5101753,14.6257186]}},{"type":"Feature","properties":{"ESTÁDIO":"Melão","CIDADE":"Varginha","ESTADO":"Minas Gerais","PAÍS":"Brasil","CAPACIDADE":null,"PRIMEIRA_PARTIDA":"FLAMENGO DE VARGINHA 0x0 CORINTHIANS","DATA_PRIMEIRA_PARTIDA":"1990-01-23","ANO_PRIMEIRA_PARTIDA":1990,"ADVERSARIO":"FLAMENGO DE VARGINHA","PLACAR":"0x0","COMPETICAO_PRIMEIRA_PARTIDA":"Amistosos 1990","MANDO_PRIMEIRA_PARTIDA":"Não","FONTE_PRIMEIRA_PARTIDA":"https://www.meutimao.com.br/jogo/2868/amistosos-1990/amistoso/flamengo_de_varginha-0-x-0-corinthians","TOTAL_JOGOS":2,"VITÓRIAS":0,"EMPATES":1,"DERROTAS":1,"APROVEITAMENTO_PCT":16.7,"GOLS_MARCADOS":0,"GOLS_SOFRIDOS":2,"NOMES_ALTERNATIVOS":[],"FONTES_JOGOS":["Meu Timão"],"LATITUDE":-21.5701332,"LONGITUDE":-45.4141273,"FONTE_COORDENADAS":"OpenStreetMap Nominatim (geocodificação reversa)","URL_FONTE_COORDENADAS":"https://www.openstreetmap.org/relation/315111","ATRIBUICAO_COORDENADAS":"© OpenStreetMap contributors, ODbL 1.0","PAIS_ISO3":"BRA"},"geometry":{"type":"Point","coordinates":[-45.4141273,-21.5701332]}},{"type":"Feature","properties":{"ESTÁDIO":"Memorial Stadium","CIDADE":"Kobe","ESTADO":null,"PAÍS":"Japan","CAPACIDADE":"45000","PRIMEIRA_PARTIDA":"SELEÇÃO JAPONESA 2x1 CORINTHIANS","DATA_PRIMEIRA_PARTIDA":"1984-01-14","ANO_PRIMEIRA_PARTIDA":1984,"ADVERSARIO":"SELEÇÃO JAPONESA","PLACAR":"2x1","COMPETICAO_PRIMEIRA_PARTIDA":"Amistosos 1984","MANDO_PRIMEIRA_PARTIDA":"Não","FONTE_PRIMEIRA_PARTIDA":"https://www.meutimao.com.br/jogo/3264/amistosos-1984/amistoso/selecao_japonesa-2-x-1-corinthians","TOTAL_JOGOS":1,"VITÓRIAS":0,"EMPATES":0,"DERROTAS":1,"APROVEITAMENTO_PCT":0.0,"GOLS_MARCADOS":1,"GOLS_SOFRIDOS":2,"NOMES_ALTERNATIVOS":[],"FONTES_JOGOS":["Meu Timão"],"LATITUDE":34.6823814,"LONGITUDE":135.0803433,"FONTE_COORDENADAS":"OpenStreetMap Nominatim (geocodificação reversa)","URL_FONTE_COORDENADAS":"https://www.openstreetmap.org/relation/900329","ATRIBUICAO_COORDENADAS":"© OpenStreetMap contributors, ODbL 1.0","CAPACIDADE_FONTE":"Meu Timão","URL_FONTE_CAPACIDADE":"https://www.meutimao.com.br/estadio/memorial_stadium/","PAIS_ISO3":"JPN","FONTE_CORRECAO_PAIS":"https://data.geocode.earth/wof/dist/legacy/whosonfirst-data-country-latest.tar.bz2"},"geometry":{"type":"Point","coordinates":[135.0803433,34.6823814]}},{"type":"Feature","properties":{"ESTÁDIO":"Mestalla","CIDADE":"Valência","ESTADO":"Comunidade Valenciana","PAÍS":"Spain","CAPACIDADE":"49419","PRIMEIRA_PARTIDA":"COMBINADO VALENCIA/MESTALLA 1x3 CORINTHIANS","DATA_PRIMEIRA_PARTIDA":"1959-06-11","ANO_PRIMEIRA_PARTIDA":1959,"ADVERSARIO":"COMBINADO VALENCIA/MESTALLA","PLACAR":"1x3","COMPETICAO_PRIMEIRA_PARTIDA":"Amistosos 1959","MANDO_PRIMEIRA_PARTIDA":"Não","FONTE_PRIMEIRA_PARTIDA":"https://www.meutimao.com.br/jogo/5198/amistosos-1959/amistoso/combinado_valenciamestalla-1-x-3-corinthians","TOTAL_JOGOS":1,"VITÓRIAS":1,"EMPATES":0,"DERROTAS":0,"APROVEITAMENTO_PCT":100.0,"GOLS_MARCADOS":3,"GOLS_SOFRIDOS":1,"NOMES_ALTERNATIVOS":[],"FONTES_JOGOS":["Meu Timão"],"LATITUDE":39.4746099,"LONGITUDE":-0.358240099999989,"FONTE_COORDENADAS":"OpenStreetMap Nominatim (geocodificação reversa)","URL_FONTE_COORDENADAS":"https://www.openstreetmap.org/relation/344953","ATRIBUICAO_COORDENADAS":"© OpenStreetMap contributors, ODbL 1.0","CAPACIDADE_FONTE":"StadiumDB.com","URL_FONTE_CAPACIDADE":"https://stadiumdb.com/stadiums/esp/estadio_mestalla","PAIS_ISO3":"ESP","FONTE_CORRECAO_PAIS":"https://data.geocode.earth/wof/dist/legacy/whosonfirst-data-country-latest.tar.bz2"},"geometry":{"type":"Point","coordinates":[-0.358240099999989,39.4746099]}},{"type":"Feature","properties":{"ESTÁDIO":"Metropolitano de Fútbol de Lara","CIDADE":"Cabudare","ESTADO":"Lara State","PAÍS":"Venezuela","CAPACIDADE":null,"PRIMEIRA_PARTIDA":"deportivo lara 2 x 7 Corinthians","DATA_PRIMEIRA_PARTIDA":"2018-05-17","ANO_PRIMEIRA_PARTIDA":2018,"ADVERSARIO":"deportivo lara","PLACAR":"2 x 7","COMPETICAO_PRIMEIRA_PARTIDA":"Libertadores","MANDO_PRIMEIRA_PARTIDA":"Visitante","FONTE_PRIMEIRA_PARTIDA":"Meu Timão / Acervo ATLAS1910","TOTAL_JOGOS":2,"VITÓRIAS":2,"EMPATES":0,"DERROTAS":0,"APROVEITAMENTO_PCT":100,"GOLS_MARCADOS":9,"GOLS_SOFRIDOS":2,"NOMES_ALTERNATIVOS":[],"FONTES_JOGOS":[],"LATITUDE":9.99353,"LONGITUDE":-69.2201603,"FONTE_COORDENADAS":"OpenStreetMap Nominatim (geocodificação reversa)","URL_FONTE_COORDENADAS":"https://www.openstreetmap.org/node/987588281","ATRIBUICAO_COORDENADAS":"© OpenStreetMap contributors, ODbL 1.0","PAIS_ISO3":"VEN"},"geometry":{"type":"Point","coordinates":[-69.2201603,9.99353]}},{"type":"Feature","properties":{"ESTÁDIO":"Mineirão","CIDADE":"Belo Horizonte","ESTADO":"Minas Gerais","PAÍS":"Brasil","CAPACIDADE":"61919","PRIMEIRA_PARTIDA":"SELEÇÃO MINEIRA 1x6 CORINTHIANS","DATA_PRIMEIRA_PARTIDA":"1966-02-27","ANO_PRIMEIRA_PARTIDA":1966,"ADVERSARIO":"SELEÇÃO MINEIRA","PLACAR":"1x6","COMPETICAO_PRIMEIRA_PARTIDA":"Amistosos 1966","MANDO_PRIMEIRA_PARTIDA":"Não","FONTE_PRIMEIRA_PARTIDA":"https://www.meutimao.com.br/jogo/4626/amistosos-1966/amistoso/selecao_mineira-1-x-6-corinthians","TOTAL_JOGOS":85,"VITÓRIAS":28,"EMPATES":22,"DERROTAS":35,"APROVEITAMENTO_PCT":41.6,"GOLS_MARCADOS":106,"GOLS_SOFRIDOS":115,"NOMES_ALTERNATIVOS":[],"FONTES_JOGOS":["Meu Timão"],"LATITUDE":-19.865867,"LONGITUDE":-43.9711315,"FONTE_COORDENADAS":"OpenStreetMap Nominatim (geocodificação reversa)","URL_FONTE_COORDENADAS":"https://www.openstreetmap.org/relation/368782","ATRIBUICAO_COORDENADAS":"© OpenStreetMap contributors, ODbL 1.0","CAPACIDADE_FONTE":"StadiumDB.com","URL_FONTE_CAPACIDADE":"https://stadiumdb.com/stadiums/bra/estadio_mineirao","PAIS_ISO3":"BRA"},"geometry":{"type":"Point","coordinates":[-43.9711315,-19.865867]}},{"type":"Feature","properties":{"ESTÁDIO":"Mohamed V","CIDADE":"Casablanca","ESTADO":"Casablanca-Settat","PAÍS":"Marrocos","CAPACIDADE":null,"PRIMEIRA_PARTIDA":"seleção marroquina 1 x 0 Corinthians","DATA_PRIMEIRA_PARTIDA":"1970-05-10","ANO_PRIMEIRA_PARTIDA":1970,"ADVERSARIO":"seleção marroquina","PLACAR":"1 x 0","COMPETICAO_PRIMEIRA_PARTIDA":"Amistoso","MANDO_PRIMEIRA_PARTIDA":"Visitante","FONTE_PRIMEIRA_PARTIDA":"Meu Timão / Acervo ATLAS1910","TOTAL_JOGOS":3,"VITÓRIAS":0,"EMPATES":0,"DERROTAS":3,"APROVEITAMENTO_PCT":0,"GOLS_MARCADOS":0,"GOLS_SOFRIDOS":3,"NOMES_ALTERNATIVOS":[],"FONTES_JOGOS":[],"LATITUDE":33.5827953,"LONGITUDE":-7.6467228,"FONTE_COORDENADAS":"OpenStreetMap Nominatim (geocodificação reversa)","URL_FONTE_COORDENADAS":"https://www.openstreetmap.org/relation/4072985","ATRIBUICAO_COORDENADAS":"© OpenStreetMap contributors, ODbL 1.0","PAIS_ISO3":"MAR"},"geometry":{"type":"Point","coordinates":[-7.6467228,33.5827953]}},{"type":"Feature","properties":{"ESTÁDIO":"Moisés Lucarelli/Majestoso","CIDADE":"Campinas","ESTADO":"São Paulo","PAÍS":"Brasil","CAPACIDADE":null,"PRIMEIRA_PARTIDA":"PONTE PRETA 0x6 CORINTHIANS","DATA_PRIMEIRA_PARTIDA":"1948-12-08","ANO_PRIMEIRA_PARTIDA":1948,"ADVERSARIO":"PONTE PRETA","PLACAR":"0x6","COMPETICAO_PRIMEIRA_PARTIDA":"Amistosos 1948","MANDO_PRIMEIRA_PARTIDA":"Não","FONTE_PRIMEIRA_PARTIDA":"https://www.meutimao.com.br/jogo/5979/amistosos-1948/amistoso/ponte_preta-0-x-6-corinthians","TOTAL_JOGOS":77,"VITÓRIAS":30,"EMPATES":26,"DERROTAS":21,"APROVEITAMENTO_PCT":50.2,"GOLS_MARCADOS":112,"GOLS_SOFRIDOS":89,"NOMES_ALTERNATIVOS":[],"FONTES_JOGOS":["Meu Timão"],"LATITUDE":-22.9126747,"LONGITUDE":-47.0505475,"FONTE_COORDENADAS":"OpenStreetMap Nominatim (geocodificação reversa)","URL_FONTE_COORDENADAS":"https://www.openstreetmap.org/relation/298227","ATRIBUICAO_COORDENADAS":"© OpenStreetMap contributors, ODbL 1.0","PAIS_ISO3":"BRA"},"geometry":{"type":"Point","coordinates":[-47.0505475,-22.9126747]}},{"type":"Feature","properties":{"ESTÁDIO":"Monumental de Guayaquil","CIDADE":"Guayaquil","ESTADO":"Guayas","PAÍS":"Equador","CAPACIDADE":null,"PRIMEIRA_PARTIDA":"BARCELONA DE GUAYAQUIL 3x0 CORINTHIANS","DATA_PRIMEIRA_PARTIDA":"2025-03-05","ANO_PRIMEIRA_PARTIDA":2025,"ADVERSARIO":"BARCELONA DE GUAYAQUIL","PLACAR":"3x0","COMPETICAO_PRIMEIRA_PARTIDA":"Libertadores 2025","MANDO_PRIMEIRA_PARTIDA":"Não","FONTE_PRIMEIRA_PARTIDA":"https://www.meutimao.com.br/jogo/8484/libertadores-2025/barcelona_de_guayaquil-3-x-0-corinthians","TOTAL_JOGOS":1,"VITÓRIAS":0,"EMPATES":0,"DERROTAS":1,"APROVEITAMENTO_PCT":0.0,"GOLS_MARCADOS":0,"GOLS_SOFRIDOS":3,"NOMES_ALTERNATIVOS":[],"FONTES_JOGOS":["Meu Timão"],"LATITUDE":-2.1704143,"LONGITUDE":-79.9050241,"PRECISAO_COORDENADAS":"Município (estádio exato não identificado)","FONTE_COORDENADAS":"OpenStreetMap Nominatim (localidade aproximada)","URL_FONTE_COORDENADAS":"https://www.openstreetmap.org/relation/2403848","ATRIBUICAO_COORDENADAS":"© OpenStreetMap contributors, ODbL 1.0","PAIS_ISO3":"ECU"},"geometry":{"type":"Point","coordinates":[-79.9050241,-2.1704143]}},{"type":"Feature","properties":{"ESTÁDIO":"Monumental de Núñez","CIDADE":"Buenos Aires","ESTADO":"Autonomous City of Buenos Aires","PAÍS":"Argentina","CAPACIDADE":"7597","PRIMEIRA_PARTIDA":"RIVER PLATE 2x1 CORINTHIANS","DATA_PRIMEIRA_PARTIDA":"1961-01-24","ANO_PRIMEIRA_PARTIDA":1961,"ADVERSARIO":"RIVER PLATE","PLACAR":"2x1","COMPETICAO_PRIMEIRA_PARTIDA":"Torneio Octagonal de Verão 1961","MANDO_PRIMEIRA_PARTIDA":"Não","FONTE_PRIMEIRA_PARTIDA":"https://www.meutimao.com.br/jogo/5012/torneio-octagonal-de-verao-1961/river_plate-2-x-1-corinthians","TOTAL_JOGOS":4,"VITÓRIAS":0,"EMPATES":1,"DERROTAS":3,"APROVEITAMENTO_PCT":8.3,"GOLS_MARCADOS":5,"GOLS_SOFRIDOS":8,"NOMES_ALTERNATIVOS":[],"FONTES_JOGOS":["Meu Timão"],"LATITUDE":-34.5453062,"LONGITUDE":-58.4497749,"FONTE_COORDENADAS":"OpenStreetMap Nominatim (geocodificação reversa)","URL_FONTE_COORDENADAS":"https://www.openstreetmap.org/relation/1224652","ATRIBUICAO_COORDENADAS":"© OpenStreetMap contributors, ODbL 1.0","CAPACIDADE_FONTE":"Meu Timão","URL_FONTE_CAPACIDADE":"https://www.meutimao.com.br/estadio/monumental_de_nunez/","PAIS_ISO3":"ARG","FONTE_CORRECAO_PAIS":"https://data.geocode.earth/wof/dist/legacy/whosonfirst-data-country-latest.tar.bz2"},"geometry":{"type":"Point","coordinates":[-58.4497749,-34.5453062]}},{"type":"Feature","properties":{"ESTÁDIO":"Monumental de Santiago","CIDADE":"Santiago","ESTADO":"Região Metropolitana de Santiago","PAÍS":"Chile","CAPACIDADE":null,"PRIMEIRA_PARTIDA":"colo colo 0 x 2 Corinthians","DATA_PRIMEIRA_PARTIDA":"2001-07-26","ANO_PRIMEIRA_PARTIDA":2001,"ADVERSARIO":"colo colo","PLACAR":"0 x 2","COMPETICAO_PRIMEIRA_PARTIDA":"Mercosul","MANDO_PRIMEIRA_PARTIDA":"Visitante","FONTE_PRIMEIRA_PARTIDA":"Meu Timão / Acervo ATLAS1910","TOTAL_JOGOS":6,"VITÓRIAS":3,"EMPATES":0,"DERROTAS":3,"APROVEITAMENTO_PCT":50,"GOLS_MARCADOS":6,"GOLS_SOFRIDOS":3,"NOMES_ALTERNATIVOS":[],"FONTES_JOGOS":[],"LATITUDE":-33.5066621,"LONGITUDE":-70.6060094,"FONTE_COORDENADAS":"OpenStreetMap Nominatim (geocodificação reversa)","URL_FONTE_COORDENADAS":"https://www.openstreetmap.org/relation/191190","ATRIBUICAO_COORDENADAS":"© OpenStreetMap contributors, ODbL 1.0","PAIS_ISO3":"CHL"},"geometry":{"type":"Point","coordinates":[-70.6060094,-33.5066621]}},{"type":"Feature","properties":{"ESTÁDIO":"Morenão","CIDADE":"Campo Grande","ESTADO":"Mato Grosso do Sul","PAÍS":"Brasil","CAPACIDADE":"45000","PRIMEIRA_PARTIDA":"FLAMENGO 3x1 CORINTHIANS","DATA_PRIMEIRA_PARTIDA":"1971-03-07","ANO_PRIMEIRA_PARTIDA":1971,"ADVERSARIO":"FLAMENGO","PLACAR":"3x1","COMPETICAO_PRIMEIRA_PARTIDA":"Amistosos 1971","MANDO_PRIMEIRA_PARTIDA":"Não","FONTE_PRIMEIRA_PARTIDA":"https://www.meutimao.com.br/jogo/4254/amistosos-1971/amistoso/flamengo-3-x-1-corinthians","TOTAL_JOGOS":20,"VITÓRIAS":11,"EMPATES":6,"DERROTAS":3,"APROVEITAMENTO_PCT":65.0,"GOLS_MARCADOS":30,"GOLS_SOFRIDOS":13,"NOMES_ALTERNATIVOS":[],"FONTES_JOGOS":["Meu Timão"],"LATITUDE":-20.5019956,"LONGITUDE":-54.6100501,"FONTE_COORDENADAS":"OpenStreetMap Nominatim (geocodificação reversa)","URL_FONTE_COORDENADAS":"https://www.openstreetmap.org/relation/334022","ATRIBUICAO_COORDENADAS":"© OpenStreetMap contributors, ODbL 1.0","CAPACIDADE_FONTE":"Meu Timão","URL_FONTE_CAPACIDADE":"https://www.meutimao.com.br/estadio/morenao/","PAIS_ISO3":"BRA"},"geometry":{"type":"Point","coordinates":[-54.6100501,-20.5019956]}},{"type":"Feature","properties":{"ESTÁDIO":"Morumbi","CIDADE":"São Paulo","ESTADO":"São Paulo","PAÍS":"Brasil","CAPACIDADE":null,"PRIMEIRA_PARTIDA":"SÃO PAULO 1x2 CORINTHIANS","DATA_PRIMEIRA_PARTIDA":"1962-01-25","ANO_PRIMEIRA_PARTIDA":1962,"ADVERSARIO":"SÃO PAULO","PLACAR":"1x2","COMPETICAO_PRIMEIRA_PARTIDA":"Amistosos 1962","MANDO_PRIMEIRA_PARTIDA":"Não","FONTE_PRIMEIRA_PARTIDA":"https://www.meutimao.com.br/jogo/4980/amistosos-1962/amistoso/sao_paulo-1-x-2-corinthians","TOTAL_JOGOS":558,"VITÓRIAS":213,"EMPATES":194,"DERROTAS":151,"APROVEITAMENTO_PCT":49.8,"GOLS_MARCADOS":723,"GOLS_SOFRIDOS":599,"NOMES_ALTERNATIVOS":[],"FONTES_JOGOS":["Meu Timão"],"LATITUDE":-23.6000888,"LONGITUDE":-46.7200902,"FONTE_COORDENADAS":"OpenStreetMap Nominatim (geocodificação reversa)","URL_FONTE_COORDENADAS":"https://www.openstreetmap.org/relation/298285","ATRIBUICAO_COORDENADAS":"© OpenStreetMap contributors, ODbL 1.0","PAIS_ISO3":"BRA"},"geometry":{"type":"Point","coordinates":[-46.7200902,-23.6000888]}},{"type":"Feature","properties":{"ESTÁDIO":"Moça Bonita","CIDADE":"Rio de Janeiro","ESTADO":"Rio de Janeiro","PAÍS":"Brasil","CAPACIDADE":null,"PRIMEIRA_PARTIDA":"BANGU 2x1 CORINTHIANS","DATA_PRIMEIRA_PARTIDA":"1988-11-09","ANO_PRIMEIRA_PARTIDA":1988,"ADVERSARIO":"BANGU","PLACAR":"2x1","COMPETICAO_PRIMEIRA_PARTIDA":"Brasileirão 1988","MANDO_PRIMEIRA_PARTIDA":"Não","FONTE_PRIMEIRA_PARTIDA":"https://www.meutimao.com.br/jogo/3045/brasileirao-1988/bangu-2-x-1-corinthians","TOTAL_JOGOS":1,"VITÓRIAS":0,"EMPATES":0,"DERROTAS":1,"APROVEITAMENTO_PCT":0.0,"GOLS_MARCADOS":1,"GOLS_SOFRIDOS":2,"NOMES_ALTERNATIVOS":[],"FONTES_JOGOS":["Meu Timão"],"LATITUDE":-22.8725,"LONGITUDE":-43.4566109,"FONTE_COORDENADAS":"OpenStreetMap Nominatim (geocodificação reversa)","URL_FONTE_COORDENADAS":"https://www.openstreetmap.org/relation/2697338","ATRIBUICAO_COORDENADAS":"© OpenStreetMap contributors, ODbL 1.0","PAIS_ISO3":"BRA"},"geometry":{"type":"Point","coordinates":[-43.4566109,-22.8725]}},{"type":"Feature","properties":{"ESTÁDIO":"Mundialista","CIDADE":"Mar del Plata","ESTADO":"Buenos Aires","PAÍS":"Argentina","CAPACIDADE":null,"PRIMEIRA_PARTIDA":"INDEPENDIENTE 0x1 CORINTHIANS","DATA_PRIMEIRA_PARTIDA":"1986-02-18","ANO_PRIMEIRA_PARTIDA":1986,"ADVERSARIO":"INDEPENDIENTE","PLACAR":"0x1","COMPETICAO_PRIMEIRA_PARTIDA":"Amistosos 1986","MANDO_PRIMEIRA_PARTIDA":"Não","FONTE_PRIMEIRA_PARTIDA":"https://www.meutimao.com.br/jogo/3126/amistosos-1986/amistoso/independiente-0-x-1-corinthians","TOTAL_JOGOS":1,"VITÓRIAS":1,"EMPATES":0,"DERROTAS":0,"APROVEITAMENTO_PCT":100.0,"GOLS_MARCADOS":1,"GOLS_SOFRIDOS":0,"NOMES_ALTERNATIVOS":[],"FONTES_JOGOS":["Meu Timão"],"LATITUDE":-38.0179547,"LONGITUDE":-57.5822691,"FONTE_COORDENADAS":"OpenStreetMap Nominatim (geocodificação reversa)","URL_FONTE_COORDENADAS":"https://www.openstreetmap.org/relation/3402727","ATRIBUICAO_COORDENADAS":"© OpenStreetMap contributors, ODbL 1.0","PAIS_ISO3":"ARG","FONTE_CORRECAO_PAIS":"https://data.geocode.earth/wof/dist/legacy/whosonfirst-data-country-latest.tar.bz2"},"geometry":{"type":"Point","coordinates":[-57.5822691,-38.0179547]}},{"type":"Feature","properties":{"ESTÁDIO":"Municipal de Americana","CIDADE":"Americana","ESTADO":"SP","PAÍS":"Brasil","CAPACIDADE":null,"PRIMEIRA_PARTIDA":"Rio Branco-SP 1 x 3 Corinthians","DATA_PRIMEIRA_PARTIDA":"1923-05-13","ANO_PRIMEIRA_PARTIDA":1923,"ADVERSARIO":"Rio Branco-SP","PLACAR":"1 x 3","COMPETICAO_PRIMEIRA_PARTIDA":"Amistoso","MANDO_PRIMEIRA_PARTIDA":null,"FONTE_PRIMEIRA_PARTIDA":"https://pt.wikipedia.org/wiki/Est%C3%A1dio_D%C3%A9cio_Vitta)","TOTAL_JOGOS":1,"VITÓRIAS":0,"EMPATES":0,"DERROTAS":0,"APROVEITAMENTO_PCT":0,"GOLS_MARCADOS":0,"GOLS_SOFRIDOS":0,"NOMES_ALTERNATIVOS":[],"FONTES_JOGOS":[],"LATITUDE":-22.7441655,"LONGITUDE":-47.3306606,"PAIS_ISO3":"BRA"},"geometry":{"type":"Point","coordinates":[-47.3306606,-22.7441655]}},{"type":"Feature","properties":{"ESTÁDIO":"Municipal de Andradina","CIDADE":"Andradina","ESTADO":"São Paulo","PAÍS":"Brasil","CAPACIDADE":null,"PRIMEIRA_PARTIDA":"ANDRADINA 2x4 CORINTHIANS","DATA_PRIMEIRA_PARTIDA":"1956-07-11","ANO_PRIMEIRA_PARTIDA":1956,"ADVERSARIO":"ANDRADINA","PLACAR":"2x4","COMPETICAO_PRIMEIRA_PARTIDA":"Amistosos 1956","MANDO_PRIMEIRA_PARTIDA":"Não","FONTE_PRIMEIRA_PARTIDA":"https://www.meutimao.com.br/jogo/5441/amistosos-1956/amistoso/andradina-2-x-4-corinthians","TOTAL_JOGOS":1,"VITÓRIAS":1,"EMPATES":0,"DERROTAS":0,"APROVEITAMENTO_PCT":100.0,"GOLS_MARCADOS":4,"GOLS_SOFRIDOS":2,"NOMES_ALTERNATIVOS":[],"FONTES_JOGOS":["Meu Timão"],"LATITUDE":-20.9008066,"LONGITUDE":-51.3732046,"FONTE_COORDENADAS":"OpenStreetMap Nominatim (geocodificação reversa)","URL_FONTE_COORDENADAS":"https://www.openstreetmap.org/relation/298128","ATRIBUICAO_COORDENADAS":"© OpenStreetMap contributors, ODbL 1.0","PAIS_ISO3":"BRA"},"geometry":{"type":"Point","coordinates":[-51.3732046,-20.9008066]}},{"type":"Feature","properties":{"ESTÁDIO":"Municipal de Aracaju","CIDADE":"Aracaju","ESTADO":"Sergipe","PAÍS":"Brasil","CAPACIDADE":null,"PRIMEIRA_PARTIDA":"sergipe 1 x 4 Corinthians","DATA_PRIMEIRA_PARTIDA":"1965-01-27","ANO_PRIMEIRA_PARTIDA":1965,"ADVERSARIO":"sergipe","PLACAR":"1 x 4","COMPETICAO_PRIMEIRA_PARTIDA":"Amistoso","MANDO_PRIMEIRA_PARTIDA":"Visitante","FONTE_PRIMEIRA_PARTIDA":"Meu Timão / Acervo ATLAS1910","TOTAL_JOGOS":12,"VITÓRIAS":6,"EMPATES":4,"DERROTAS":2,"APROVEITAMENTO_PCT":61.1,"GOLS_MARCADOS":26,"GOLS_SOFRIDOS":12,"NOMES_ALTERNATIVOS":[],"FONTES_JOGOS":[],"LATITUDE":-10.8906356,"LONGITUDE":-37.1017728,"FONTE_COORDENADAS":"OpenStreetMap Nominatim (geocodificação reversa)","URL_FONTE_COORDENADAS":"https://www.openstreetmap.org/relation/303928","ATRIBUICAO_COORDENADAS":"© OpenStreetMap contributors, ODbL 1.0","PAIS_ISO3":"BRA"},"geometry":{"type":"Point","coordinates":[-37.1017728,-10.8906356]}},{"type":"Feature","properties":{"ESTÁDIO":"Municipal de Araguari","CIDADE":"Araguari","ESTADO":"Minas Gerais","PAÍS":"Brasil","CAPACIDADE":"5000","PRIMEIRA_PARTIDA":"FLUMINENSE DE ARAGUARI 1x1 CORINTHIANS","DATA_PRIMEIRA_PARTIDA":"1961-05-28","ANO_PRIMEIRA_PARTIDA":1961,"ADVERSARIO":"FLUMINENSE DE ARAGUARI","PLACAR":"1x1","COMPETICAO_PRIMEIRA_PARTIDA":"Amistosos 1961","MANDO_PRIMEIRA_PARTIDA":"Não","FONTE_PRIMEIRA_PARTIDA":"https://www.meutimao.com.br/jogo/5101/amistosos-1961/amistoso/fluminense_de_araguari-1-x-1-corinthians","TOTAL_JOGOS":1,"VITÓRIAS":0,"EMPATES":1,"DERROTAS":0,"APROVEITAMENTO_PCT":33.3,"GOLS_MARCADOS":1,"GOLS_SOFRIDOS":1,"NOMES_ALTERNATIVOS":[],"FONTES_JOGOS":["Meu Timão"],"LATITUDE":-18.6526447,"LONGITUDE":-48.1822937,"FONTE_COORDENADAS":"OpenStreetMap Nominatim (geocodificação reversa)","URL_FONTE_COORDENADAS":"https://www.openstreetmap.org/relation/314597","ATRIBUICAO_COORDENADAS":"© OpenStreetMap contributors, ODbL 1.0","CAPACIDADE_FONTE":"Meu Timão","URL_FONTE_CAPACIDADE":"https://www.meutimao.com.br/estadio/municipal_de_araguari/","PAIS_ISO3":"BRA"},"geometry":{"type":"Point","coordinates":[-48.1822937,-18.6526447]}},{"type":"Feature","properties":{"ESTÁDIO":"Municipal de Arapongas","CIDADE":"Arapongas","ESTADO":"Paraná","PAÍS":"Brasil","CAPACIDADE":null,"PRIMEIRA_PARTIDA":"LAVOURA 1x4 CORINTHIANS","DATA_PRIMEIRA_PARTIDA":"1951-05-06","ANO_PRIMEIRA_PARTIDA":1951,"ADVERSARIO":"LAVOURA","PLACAR":"1x4","COMPETICAO_PRIMEIRA_PARTIDA":"Amistosos 1951","MANDO_PRIMEIRA_PARTIDA":"Não","FONTE_PRIMEIRA_PARTIDA":"https://www.meutimao.com.br/jogo/5764/amistosos-1951/amistoso/lavoura-1-x-4-corinthians","TOTAL_JOGOS":2,"VITÓRIAS":1,"EMPATES":1,"DERROTAS":0,"APROVEITAMENTO_PCT":66.7,"GOLS_MARCADOS":4,"GOLS_SOFRIDOS":1,"NOMES_ALTERNATIVOS":[],"FONTES_JOGOS":["Meu Timão"],"LATITUDE":-23.418164,"LONGITUDE":-51.4231486,"FONTE_COORDENADAS":"OpenStreetMap Nominatim (geocodificação reversa)","URL_FONTE_COORDENADAS":"https://www.openstreetmap.org/relation/297713","ATRIBUICAO_COORDENADAS":"© OpenStreetMap contributors, ODbL 1.0","PAIS_ISO3":"BRA"},"geometry":{"type":"Point","coordinates":[-51.4231486,-23.418164]}},{"type":"Feature","properties":{"ESTÁDIO":"Municipal de Avaré","CIDADE":"Avaré","ESTADO":"São Paulo","PAÍS":"Brasil","CAPACIDADE":null,"PRIMEIRA_PARTIDA":"AVAREENSE 0x4 CORINTHIANS","DATA_PRIMEIRA_PARTIDA":"1960-06-05","ANO_PRIMEIRA_PARTIDA":1960,"ADVERSARIO":"AVAREENSE","PLACAR":"0x4","COMPETICAO_PRIMEIRA_PARTIDA":"Amistosos 1960","MANDO_PRIMEIRA_PARTIDA":"Não","FONTE_PRIMEIRA_PARTIDA":"https://www.meutimao.com.br/jogo/5174/amistosos-1960/amistoso/avareense-0-x-4-corinthians","TOTAL_JOGOS":1,"VITÓRIAS":1,"EMPATES":0,"DERROTAS":0,"APROVEITAMENTO_PCT":100.0,"GOLS_MARCADOS":4,"GOLS_SOFRIDOS":0,"NOMES_ALTERNATIVOS":[],"FONTES_JOGOS":["Meu Timão"],"LATITUDE":-23.1033722,"LONGITUDE":-48.9300433,"FONTE_COORDENADAS":"OpenStreetMap Nominatim (geocodificação reversa)","URL_FONTE_COORDENADAS":"https://www.openstreetmap.org/relation/297963","ATRIBUICAO_COORDENADAS":"© OpenStreetMap contributors, ODbL 1.0","PAIS_ISO3":"BRA"},"geometry":{"type":"Point","coordinates":[-48.9300433,-23.1033722]}},{"type":"Feature","properties":{"ESTÁDIO":"Municipal de Banja Luka","CIDADE":"City of Banja Luka","ESTADO":"República Sérvia","PAÍS":"Bosnia and Herzegovina","CAPACIDADE":null,"PRIMEIRA_PARTIDA":"BORAC 0x2 CORINTHIANS","DATA_PRIMEIRA_PARTIDA":"1972-06-15","ANO_PRIMEIRA_PARTIDA":1972,"ADVERSARIO":"BORAC","PLACAR":"0x2","COMPETICAO_PRIMEIRA_PARTIDA":"Amistosos 1972","MANDO_PRIMEIRA_PARTIDA":"Não","FONTE_PRIMEIRA_PARTIDA":"https://www.meutimao.com.br/jogo/4198/amistosos-1972/amistoso/borac-0-x-2-corinthians","TOTAL_JOGOS":1,"VITÓRIAS":1,"EMPATES":0,"DERROTAS":0,"APROVEITAMENTO_PCT":100.0,"GOLS_MARCADOS":2,"GOLS_SOFRIDOS":0,"NOMES_ALTERNATIVOS":[],"FONTES_JOGOS":["Meu Timão"],"LATITUDE":44.7760279,"LONGITUDE":17.1995594,"FONTE_COORDENADAS":"OpenStreetMap Nominatim (geocodificação reversa)","URL_FONTE_COORDENADAS":"https://www.openstreetmap.org/relation/2528156","ATRIBUICAO_COORDENADAS":"© OpenStreetMap contributors, ODbL 1.0","PAIS_ISO3":"BIH","FONTE_CORRECAO_PAIS":"https://data.geocode.earth/wof/dist/legacy/whosonfirst-data-country-latest.tar.bz2"},"geometry":{"type":"Point","coordinates":[17.1995594,44.7760279]}},{"type":"Feature","properties":{"ESTÁDIO":"Municipal de Batatais","CIDADE":"Batatais","ESTADO":"São Paulo","PAÍS":"Brasil","CAPACIDADE":"15000","PRIMEIRA_PARTIDA":"BATATAIS 4x3 CORINTHIANS","DATA_PRIMEIRA_PARTIDA":"1946-05-05","ANO_PRIMEIRA_PARTIDA":1946,"ADVERSARIO":"BATATAIS","PLACAR":"4x3","COMPETICAO_PRIMEIRA_PARTIDA":"Amistosos 1946","MANDO_PRIMEIRA_PARTIDA":"Não","FONTE_PRIMEIRA_PARTIDA":"https://www.meutimao.com.br/jogo/6037/amistosos-1946/amistoso/batatais-4-x-3-corinthians","TOTAL_JOGOS":2,"VITÓRIAS":1,"EMPATES":0,"DERROTAS":1,"APROVEITAMENTO_PCT":50.0,"GOLS_MARCADOS":5,"GOLS_SOFRIDOS":4,"NOMES_ALTERNATIVOS":[],"FONTES_JOGOS":["Meu Timão"],"LATITUDE":-20.8967844,"LONGITUDE":-47.5860473,"FONTE_COORDENADAS":"OpenStreetMap Nominatim (geocodificação reversa)","URL_FONTE_COORDENADAS":"https://www.openstreetmap.org/relation/298266","ATRIBUICAO_COORDENADAS":"© OpenStreetMap contributors, ODbL 1.0","CAPACIDADE_FONTE":"Meu Timão","URL_FONTE_CAPACIDADE":"https://www.meutimao.com.br/estadio/municipal_de_batatais/","PAIS_ISO3":"BRA"},"geometry":{"type":"Point","coordinates":[-47.5860473,-20.8967844]}},{"type":"Feature","properties":{"ESTÁDIO":"Municipal de Bragança Paulista","CIDADE":"Bragança Paulista","ESTADO":"São Paulo","PAÍS":"Brasil","CAPACIDADE":"12004","PRIMEIRA_PARTIDA":"RED BULL BRAGANTINO 2x1 CORINTHIANS","DATA_PRIMEIRA_PARTIDA":"2025-11-05","ANO_PRIMEIRA_PARTIDA":2025,"ADVERSARIO":"RED BULL BRAGANTINO","PLACAR":"2x1","COMPETICAO_PRIMEIRA_PARTIDA":"Brasileirão 2025","MANDO_PRIMEIRA_PARTIDA":"Não","FONTE_PRIMEIRA_PARTIDA":"https://www.meutimao.com.br/jogo/8457/brasileirao-2025/red_bull_bragantino-2-x-1-corinthians","TOTAL_JOGOS":3,"VITÓRIAS":1,"EMPATES":0,"DERROTAS":2,"APROVEITAMENTO_PCT":33.3,"GOLS_MARCADOS":3,"GOLS_SOFRIDOS":5,"NOMES_ALTERNATIVOS":[],"FONTES_JOGOS":["Meu Timão"],"LATITUDE":-22.9520235,"LONGITUDE":-46.5418586,"PRECISAO_COORDENADAS":"Município (estádio exato não identificado)","FONTE_COORDENADAS":"OpenStreetMap Nominatim (localidade aproximada)","URL_FONTE_COORDENADAS":"https://www.openstreetmap.org/relation/298179","ATRIBUICAO_COORDENADAS":"© OpenStreetMap contributors, ODbL 1.0","CAPACIDADE_FONTE":"Meu Timão","URL_FONTE_CAPACIDADE":"https://www.meutimao.com.br/estadio/municipal_de_braganca_paulista/","PAIS_ISO3":"BRA"},"geometry":{"type":"Point","coordinates":[-46.5418586,-22.9520235]}},{"type":"Feature","properties":{"ESTÁDIO":"Municipal de Campo Grande","CIDADE":"Campo Grande","ESTADO":"Mato Grosso do Sul","PAÍS":"Brasil","CAPACIDADE":null,"PRIMEIRA_PARTIDA":"SELEÇÃO CAMPO GRANDE 0x2 CORINTHIANS","DATA_PRIMEIRA_PARTIDA":"1964-06-14","ANO_PRIMEIRA_PARTIDA":1964,"ADVERSARIO":"SELEÇÃO CAMPO GRANDE","PLACAR":"0x2","COMPETICAO_PRIMEIRA_PARTIDA":"Amistosos 1964","MANDO_PRIMEIRA_PARTIDA":"Não","FONTE_PRIMEIRA_PARTIDA":"https://www.meutimao.com.br/jogo/4886/amistosos-1964/amistoso/selecao_campo_grande-0-x-2-corinthians","TOTAL_JOGOS":1,"VITÓRIAS":1,"EMPATES":0,"DERROTAS":0,"APROVEITAMENTO_PCT":100.0,"GOLS_MARCADOS":2,"GOLS_SOFRIDOS":0,"NOMES_ALTERNATIVOS":[],"FONTES_JOGOS":["Meu Timão"],"LATITUDE":-20.4648517,"LONGITUDE":-54.6218477,"FONTE_COORDENADAS":"OpenStreetMap Nominatim (geocodificação reversa)","URL_FONTE_COORDENADAS":"https://www.openstreetmap.org/relation/334022","ATRIBUICAO_COORDENADAS":"© OpenStreetMap contributors, ODbL 1.0","PAIS_ISO3":"BRA"},"geometry":{"type":"Point","coordinates":[-54.6218477,-20.4648517]}},{"type":"Feature","properties":{"ESTÁDIO":"Municipal de Catanduva","CIDADE":"Catanduva","ESTADO":"São Paulo","PAÍS":"Brasil","CAPACIDADE":null,"PRIMEIRA_PARTIDA":"comercial de catanduva 0 x 5 Corinthians","DATA_PRIMEIRA_PARTIDA":"1925-03-01","ANO_PRIMEIRA_PARTIDA":1925,"ADVERSARIO":"comercial de catanduva","PLACAR":"0 x 5","COMPETICAO_PRIMEIRA_PARTIDA":"Amistoso","MANDO_PRIMEIRA_PARTIDA":"Visitante","FONTE_PRIMEIRA_PARTIDA":"https://pt.wikipedia.org/wiki/Est%C3%A1dio_Municipal_Silvio_Salles","TOTAL_JOGOS":14,"VITÓRIAS":8,"EMPATES":2,"DERROTAS":4,"APROVEITAMENTO_PCT":61.9,"GOLS_MARCADOS":36,"GOLS_SOFRIDOS":14,"NOMES_ALTERNATIVOS":[],"FONTES_JOGOS":[],"LATITUDE":-21.1361732,"LONGITUDE":-48.9687878,"FONTE_COORDENADAS":"OpenStreetMap Nominatim (geocodificação reversa)","URL_FONTE_COORDENADAS":"https://www.openstreetmap.org/relation/298080","ATRIBUICAO_COORDENADAS":"© OpenStreetMap contributors, ODbL 1.0","PAIS_ISO3":"BRA"},"geometry":{"type":"Point","coordinates":[-48.9687878,-21.1361732]}},{"type":"Feature","properties":{"ESTÁDIO":"Municipal de Espírito Santo de Pinhal","CIDADE":"Espírito Santo do Pinhal","ESTADO":"São Paulo","PAÍS":"Brasil","CAPACIDADE":null,"PRIMEIRA_PARTIDA":"SELEÇÃO DE PINHAL 0x4 CORINTHIANS","DATA_PRIMEIRA_PARTIDA":"1947-09-07","ANO_PRIMEIRA_PARTIDA":1947,"ADVERSARIO":"SELEÇÃO DE PINHAL","PLACAR":"0x4","COMPETICAO_PRIMEIRA_PARTIDA":"Amistosos 1947","MANDO_PRIMEIRA_PARTIDA":"Não","FONTE_PRIMEIRA_PARTIDA":"https://www.meutimao.com.br/jogo/6013/amistosos-1947/amistoso/selecao_de_pinhal-0-x-4-corinthians","TOTAL_JOGOS":3,"VITÓRIAS":3,"EMPATES":0,"DERROTAS":0,"APROVEITAMENTO_PCT":100.0,"GOLS_MARCADOS":8,"GOLS_SOFRIDOS":2,"NOMES_ALTERNATIVOS":[],"FONTES_JOGOS":["Meu Timão"],"LATITUDE":-22.2012941,"LONGITUDE":-46.7556545,"FONTE_COORDENADAS":"OpenStreetMap Nominatim (geocodificação reversa)","URL_FONTE_COORDENADAS":"https://www.openstreetmap.org/relation/298116","ATRIBUICAO_COORDENADAS":"© OpenStreetMap contributors, ODbL 1.0","PAIS_ISO3":"BRA"},"geometry":{"type":"Point","coordinates":[-46.7556545,-22.2012941]}},{"type":"Feature","properties":{"ESTÁDIO":"Municipal de Garça","CIDADE":"Garça","ESTADO":"SP","PAÍS":"Brasil","CAPACIDADE":null,"PRIMEIRA_PARTIDA":"Garça 0 x 2 Corinthians","DATA_PRIMEIRA_PARTIDA":"1954-07-09","ANO_PRIMEIRA_PARTIDA":1954,"ADVERSARIO":"Garça","PLACAR":"0 x 2","COMPETICAO_PRIMEIRA_PARTIDA":"Amistoso","MANDO_PRIMEIRA_PARTIDA":null,"FONTE_PRIMEIRA_PARTIDA":"https://www.garcaonline.com.br/2014/06/o-estadio-municipal-frederico-platzeck,","TOTAL_JOGOS":1,"VITÓRIAS":0,"EMPATES":0,"DERROTAS":0,"APROVEITAMENTO_PCT":0,"GOLS_MARCADOS":0,"GOLS_SOFRIDOS":0,"NOMES_ALTERNATIVOS":[],"FONTES_JOGOS":[],"LATITUDE":-22.2040696,"LONGITUDE":-49.650064,"PAIS_ISO3":"BRA"},"geometry":{"type":"Point","coordinates":[-49.650064,-22.2040696]}},{"type":"Feature","properties":{"ESTÁDIO":"Municipal de Ipauçu","CIDADE":"Ipaussu","ESTADO":"SP","PAÍS":"Brasil","CAPACIDADE":null,"PRIMEIRA_PARTIDA":"ipuçuense 0 x 7 Corinthians","DATA_PRIMEIRA_PARTIDA":"1957-04-07","ANO_PRIMEIRA_PARTIDA":1957,"ADVERSARIO":"ipuçuense","PLACAR":"0 x 7","COMPETICAO_PRIMEIRA_PARTIDA":"Amistoso","MANDO_PRIMEIRA_PARTIDA":"Visitante","FONTE_PRIMEIRA_PARTIDA":"https://jogosperdidos2.blogspot.com/2008/05/uma-volta-ao-passado-volume-28-ca.html","TOTAL_JOGOS":3,"VITÓRIAS":3,"EMPATES":0,"DERROTAS":0,"APROVEITAMENTO_PCT":100,"GOLS_MARCADOS":21,"GOLS_SOFRIDOS":0,"NOMES_ALTERNATIVOS":[],"FONTES_JOGOS":[],"LATITUDE":-23.0505655,"LONGITUDE":-49.6240915,"PAIS_ISO3":"BRA"},"geometry":{"type":"Point","coordinates":[-49.6240915,-23.0505655]}},{"type":"Feature","properties":{"ESTÁDIO":"Municipal de Ituverava","CIDADE":"Ituverava","ESTADO":"São Paulo","PAÍS":"Brasil","CAPACIDADE":null,"PRIMEIRA_PARTIDA":"ITUVERAVENSE 2x5 CORINTHIANS","DATA_PRIMEIRA_PARTIDA":"1960-06-10","ANO_PRIMEIRA_PARTIDA":1960,"ADVERSARIO":"ITUVERAVENSE","PLACAR":"2x5","COMPETICAO_PRIMEIRA_PARTIDA":"Amistosos 1960","MANDO_PRIMEIRA_PARTIDA":"Não","FONTE_PRIMEIRA_PARTIDA":"https://www.meutimao.com.br/jogo/5175/amistosos-1960/amistoso/ituveravense-2-x-5-corinthians","TOTAL_JOGOS":1,"VITÓRIAS":1,"EMPATES":0,"DERROTAS":0,"APROVEITAMENTO_PCT":100.0,"GOLS_MARCADOS":5,"GOLS_SOFRIDOS":2,"NOMES_ALTERNATIVOS":[],"FONTES_JOGOS":["Meu Timão"],"LATITUDE":-20.3330555555556,"LONGITUDE":-47.7794444444444,"FONTE_COORDENADAS":"OpenStreetMap Nominatim (geocodificação reversa)","URL_FONTE_COORDENADAS":"https://www.openstreetmap.org/relation/298429","ATRIBUICAO_COORDENADAS":"© OpenStreetMap contributors, ODbL 1.0","PAIS_ISO3":"BRA"},"geometry":{"type":"Point","coordinates":[-47.7794444444444,-20.3330555555556]}},{"type":"Feature","properties":{"ESTÁDIO":"Municipal de Jacareí","CIDADE":"Jacareí","ESTADO":"SP","PAÍS":"Brasil","CAPACIDADE":null,"PRIMEIRA_PARTIDA":"elvira de jacarei 2 x 4 Corinthians","DATA_PRIMEIRA_PARTIDA":"1924-12-07","ANO_PRIMEIRA_PARTIDA":1924,"ADVERSARIO":"elvira de jacarei","PLACAR":"2 x 4","COMPETICAO_PRIMEIRA_PARTIDA":"Amistoso","MANDO_PRIMEIRA_PARTIDA":"Visitante","FONTE_PRIMEIRA_PARTIDA":"Meu Timão / Acervo ATLAS1910","TOTAL_JOGOS":3,"VITÓRIAS":3,"EMPATES":0,"DERROTAS":0,"APROVEITAMENTO_PCT":100,"GOLS_MARCADOS":12,"GOLS_SOFRIDOS":6,"NOMES_ALTERNATIVOS":[],"FONTES_JOGOS":[],"LATITUDE":-23.2987827,"LONGITUDE":-45.9662542,"PAIS_ISO3":"BRA"},"geometry":{"type":"Point","coordinates":[-45.9662542,-23.2987827]}},{"type":"Feature","properties":{"ESTÁDIO":"Municipal de Juiz de Fora","CIDADE":"Juiz de Fora","ESTADO":"Minas Gerais","PAÍS":"Brasil","CAPACIDADE":null,"PRIMEIRA_PARTIDA":"TUPYNAMBÁS DE JUIZ DE FORA 3x5 CORINTHIANS","DATA_PRIMEIRA_PARTIDA":"1950-03-26","ANO_PRIMEIRA_PARTIDA":1950,"ADVERSARIO":"TUPYNAMBÁS DE JUIZ DE FORA","PLACAR":"3x5","COMPETICAO_PRIMEIRA_PARTIDA":"Amistosos 1950","MANDO_PRIMEIRA_PARTIDA":"Não","FONTE_PRIMEIRA_PARTIDA":"https://www.meutimao.com.br/jogo/5823/amistosos-1950/amistoso/tupynambas_de_juiz_de_fora-3-x-5-corinthians","TOTAL_JOGOS":1,"VITÓRIAS":1,"EMPATES":0,"DERROTAS":0,"APROVEITAMENTO_PCT":100.0,"GOLS_MARCADOS":5,"GOLS_SOFRIDOS":3,"NOMES_ALTERNATIVOS":[],"FONTES_JOGOS":["Meu Timão"],"LATITUDE":-21.7653322,"LONGITUDE":-43.3338481,"FONTE_COORDENADAS":"OpenStreetMap Nominatim (geocodificação reversa)","URL_FONTE_COORDENADAS":"https://www.openstreetmap.org/relation/314769","ATRIBUICAO_COORDENADAS":"© OpenStreetMap contributors, ODbL 1.0","PAIS_ISO3":"BRA"},"geometry":{"type":"Point","coordinates":[-43.3338481,-21.7653322]}},{"type":"Feature","properties":{"ESTÁDIO":"Municipal de Laranjal Paulista","CIDADE":"Laranjal Paulista","ESTADO":"São Paulo","PAÍS":"Brasil","CAPACIDADE":null,"PRIMEIRA_PARTIDA":"COMBINADO REGIONAL DE LARANJAL 0x6 CORINTHIANS","DATA_PRIMEIRA_PARTIDA":"1962-07-01","ANO_PRIMEIRA_PARTIDA":1962,"ADVERSARIO":"COMBINADO REGIONAL DE LARANJAL","PLACAR":"0x6","COMPETICAO_PRIMEIRA_PARTIDA":"Amistosos 1962","MANDO_PRIMEIRA_PARTIDA":"Não","FONTE_PRIMEIRA_PARTIDA":"https://www.meutimao.com.br/jogo/5002/amistosos-1962/amistoso/combinado_regional_de_laranjal-0-x-6-corinthians","TOTAL_JOGOS":1,"VITÓRIAS":1,"EMPATES":0,"DERROTAS":0,"APROVEITAMENTO_PCT":100.0,"GOLS_MARCADOS":6,"GOLS_SOFRIDOS":0,"NOMES_ALTERNATIVOS":[],"FONTES_JOGOS":["Meu Timão"],"LATITUDE":-23.0534264,"LONGITUDE":-47.8394633,"FONTE_COORDENADAS":"OpenStreetMap Nominatim (geocodificação reversa)","URL_FONTE_COORDENADAS":"https://www.openstreetmap.org/relation/297897","ATRIBUICAO_COORDENADAS":"© OpenStreetMap contributors, ODbL 1.0","PAIS_ISO3":"BRA"},"geometry":{"type":"Point","coordinates":[-47.8394633,-23.0534264]}},{"type":"Feature","properties":{"ESTÁDIO":"Municipal de Mandaguari","CIDADE":"Mandaguari","ESTADO":"Paraná","PAÍS":"Brasil","CAPACIDADE":null,"PRIMEIRA_PARTIDA":"MANDAGUARI 1x4 CORINTHIANS","DATA_PRIMEIRA_PARTIDA":"1956-11-16","ANO_PRIMEIRA_PARTIDA":1956,"ADVERSARIO":"MANDAGUARI","PLACAR":"1x4","COMPETICAO_PRIMEIRA_PARTIDA":"Amistosos 1956","MANDO_PRIMEIRA_PARTIDA":"Não","FONTE_PRIMEIRA_PARTIDA":"https://www.meutimao.com.br/jogo/5470/amistosos-1956/amistoso/mandaguari-1-x-4-corinthians","TOTAL_JOGOS":1,"VITÓRIAS":1,"EMPATES":0,"DERROTAS":0,"APROVEITAMENTO_PCT":100.0,"GOLS_MARCADOS":4,"GOLS_SOFRIDOS":1,"NOMES_ALTERNATIVOS":[],"FONTES_JOGOS":["Meu Timão"],"LATITUDE":-23.5167916,"LONGITUDE":-51.6878456,"FONTE_COORDENADAS":"OpenStreetMap Nominatim (geocodificação reversa)","URL_FONTE_COORDENADAS":"https://www.openstreetmap.org/relation/297494","ATRIBUICAO_COORDENADAS":"© OpenStreetMap contributors, ODbL 1.0","PAIS_ISO3":"BRA"},"geometry":{"type":"Point","coordinates":[-51.6878456,-23.5167916]}},{"type":"Feature","properties":{"ESTÁDIO":"Municipal de Mirassol","CIDADE":"Mirassol","ESTADO":"SP","PAÍS":"Brasil","CAPACIDADE":null,"PRIMEIRA_PARTIDA":"Mirassol 0 x 3 Corinthians","DATA_PRIMEIRA_PARTIDA":"1948-03-21","ANO_PRIMEIRA_PARTIDA":1948,"ADVERSARIO":"Mirassol","PLACAR":"0 x 3","COMPETICAO_PRIMEIRA_PARTIDA":"Amistoso","MANDO_PRIMEIRA_PARTIDA":null,"FONTE_PRIMEIRA_PARTIDA":"Meu Timão / Acervo ATLAS1910","TOTAL_JOGOS":1,"VITÓRIAS":0,"EMPATES":0,"DERROTAS":0,"APROVEITAMENTO_PCT":0,"GOLS_MARCADOS":0,"GOLS_SOFRIDOS":0,"NOMES_ALTERNATIVOS":[],"FONTES_JOGOS":[],"LATITUDE":-20.8176961,"LONGITUDE":-49.5053569,"PAIS_ISO3":"BRA"},"geometry":{"type":"Point","coordinates":[-49.5053569,-20.8176961]}},{"type":"Feature","properties":{"ESTÁDIO":"Municipal de Moji das Cruzes","CIDADE":"Mogi das Cruzes","ESTADO":"SP","PAÍS":"Brasil","CAPACIDADE":null,"PRIMEIRA_PARTIDA":"União Mogi 1 x 4 Corinthians","DATA_PRIMEIRA_PARTIDA":"1931-11-15","ANO_PRIMEIRA_PARTIDA":1931,"ADVERSARIO":"União Mogi","PLACAR":"1 x 4","COMPETICAO_PRIMEIRA_PARTIDA":"Amistoso","MANDO_PRIMEIRA_PARTIDA":null,"FONTE_PRIMEIRA_PARTIDA":"Meu Timão / Acervo ATLAS1910","TOTAL_JOGOS":1,"VITÓRIAS":0,"EMPATES":0,"DERROTAS":0,"APROVEITAMENTO_PCT":0,"GOLS_MARCADOS":0,"GOLS_SOFRIDOS":0,"NOMES_ALTERNATIVOS":[],"FONTES_JOGOS":[],"LATITUDE":-23.5179604,"LONGITUDE":-46.19662,"PAIS_ISO3":"BRA"},"geometry":{"type":"Point","coordinates":[-46.19662,-23.5179604]}},{"type":"Feature","properties":{"ESTÁDIO":"Municipal de Novi Sadi","CIDADE":"Novi Sad","ESTADO":null,"PAÍS":"Sérvia","CAPACIDADE":null,"PRIMEIRA_PARTIDA":"vojvodina 1 x 1 Corinthains","DATA_PRIMEIRA_PARTIDA":"1970-05-13","ANO_PRIMEIRA_PARTIDA":1970,"ADVERSARIO":"vojvodina","PLACAR":"1 x 1","COMPETICAO_PRIMEIRA_PARTIDA":null,"MANDO_PRIMEIRA_PARTIDA":"Visitante","FONTE_PRIMEIRA_PARTIDA":"https://m.facebook.com/mantoalvinegro1910/photos/a.1686456814726710/2150212738351113/?type=3","TOTAL_JOGOS":3,"VITÓRIAS":0,"EMPATES":3,"DERROTAS":0,"APROVEITAMENTO_PCT":33.3,"GOLS_MARCADOS":3,"GOLS_SOFRIDOS":3,"NOMES_ALTERNATIVOS":[],"FONTES_JOGOS":[],"LATITUDE":45.2468973,"LONGITUDE":19.8421991,"FONTE_COORDENADAS":"OpenStreetMap Nominatim (geocodificação reversa)","URL_FONTE_COORDENADAS":"https://www.openstreetmap.org/relation/1649672","ATRIBUICAO_COORDENADAS":"© OpenStreetMap contributors, ODbL 1.0","PAIS_ISO3":"SRB"},"geometry":{"type":"Point","coordinates":[19.8421991,45.2468973]}},{"type":"Feature","properties":{"ESTÁDIO":"Municipal de Pirassununga","CIDADE":"Pirassununga","ESTADO":"São Paulo","PAÍS":"Brasil","CAPACIDADE":null,"PRIMEIRA_PARTIDA":"PIRASSUNUNGUENSE 0x5 CORINTHIANS","DATA_PRIMEIRA_PARTIDA":"1940-06-09","ANO_PRIMEIRA_PARTIDA":1940,"ADVERSARIO":"PIRASSUNUNGUENSE","PLACAR":"0x5","COMPETICAO_PRIMEIRA_PARTIDA":"Amistosos 1940","MANDO_PRIMEIRA_PARTIDA":"Não","FONTE_PRIMEIRA_PARTIDA":"https://www.meutimao.com.br/jogo/6314/amistosos-1940/amistoso/pirassununguense-0-x-5-corinthians","TOTAL_JOGOS":1,"VITÓRIAS":1,"EMPATES":0,"DERROTAS":0,"APROVEITAMENTO_PCT":100.0,"GOLS_MARCADOS":5,"GOLS_SOFRIDOS":0,"NOMES_ALTERNATIVOS":[],"FONTES_JOGOS":["Meu Timão"],"LATITUDE":-21.9951945,"LONGITUDE":-47.4228593,"FONTE_COORDENADAS":"OpenStreetMap Nominatim (geocodificação reversa)","URL_FONTE_COORDENADAS":"https://www.openstreetmap.org/relation/298346","ATRIBUICAO_COORDENADAS":"© OpenStreetMap contributors, ODbL 1.0","PAIS_ISO3":"BRA"},"geometry":{"type":"Point","coordinates":[-47.4228593,-21.9951945]}},{"type":"Feature","properties":{"ESTÁDIO":"Municipal de Presidente Prudente","CIDADE":"Presidente Prudente","ESTADO":"SP","PAÍS":"Brasil","CAPACIDADE":null,"PRIMEIRA_PARTIDA":"Prudentina 1 x 2 Corinthians","DATA_PRIMEIRA_PARTIDA":"1949-03-20","ANO_PRIMEIRA_PARTIDA":1949,"ADVERSARIO":"Prudentina","PLACAR":"1 x 2","COMPETICAO_PRIMEIRA_PARTIDA":"Amistoso","MANDO_PRIMEIRA_PARTIDA":null,"FONTE_PRIMEIRA_PARTIDA":"Meu Timão / Acervo ATLAS1910","TOTAL_JOGOS":1,"VITÓRIAS":0,"EMPATES":0,"DERROTAS":0,"APROVEITAMENTO_PCT":0,"GOLS_MARCADOS":0,"GOLS_SOFRIDOS":0,"NOMES_ALTERNATIVOS":[],"FONTES_JOGOS":[],"LATITUDE":-22.116927,"LONGITUDE":-51.3850019,"PAIS_ISO3":"BRA"},"geometry":{"type":"Point","coordinates":[-51.3850019,-22.116927]}},{"type":"Feature","properties":{"ESTÁDIO":"Municipal de Santa Cruz do Rio Pardo","CIDADE":"Santa Cruz do Rio Pardo","ESTADO":"São Paulo","PAÍS":"Brasil","CAPACIDADE":"15000","PRIMEIRA_PARTIDA":"SANTACRUZENSE 2x4 CORINTHIANS","DATA_PRIMEIRA_PARTIDA":"1949-04-03","ANO_PRIMEIRA_PARTIDA":1949,"ADVERSARIO":"SANTACRUZENSE","PLACAR":"2x4","COMPETICAO_PRIMEIRA_PARTIDA":"Amistosos 1949","MANDO_PRIMEIRA_PARTIDA":"Não","FONTE_PRIMEIRA_PARTIDA":"https://www.meutimao.com.br/jogo/5873/amistosos-1949/amistoso/santacruzense-2-x-4-corinthians","TOTAL_JOGOS":1,"VITÓRIAS":1,"EMPATES":0,"DERROTAS":0,"APROVEITAMENTO_PCT":100.0,"GOLS_MARCADOS":4,"GOLS_SOFRIDOS":2,"NOMES_ALTERNATIVOS":[],"FONTES_JOGOS":["Meu Timão"],"LATITUDE":-22.8949624,"LONGITUDE":-49.6262729,"FONTE_COORDENADAS":"OpenStreetMap Nominatim (geocodificação reversa)","URL_FONTE_COORDENADAS":"https://www.openstreetmap.org/relation/298106","ATRIBUICAO_COORDENADAS":"© OpenStreetMap contributors, ODbL 1.0","CAPACIDADE_FONTE":"Meu Timão","URL_FONTE_CAPACIDADE":"https://www.meutimao.com.br/estadio/municipal_de_santa_cruz_do_rio_pardo/","PAIS_ISO3":"BRA"},"geometry":{"type":"Point","coordinates":[-49.6262729,-22.8949624]}},{"type":"Feature","properties":{"ESTÁDIO":"Municipal de São Carlos","CIDADE":"São Carlos","ESTADO":"São Paulo","PAÍS":"Brasil","CAPACIDADE":null,"PRIMEIRA_PARTIDA":"ferroviário de são carlos 2 x 7 Corinthians","DATA_PRIMEIRA_PARTIDA":"1947-01-05","ANO_PRIMEIRA_PARTIDA":1947,"ADVERSARIO":"ferroviário de são carlos","PLACAR":"2 x 7","COMPETICAO_PRIMEIRA_PARTIDA":"Amistoso","MANDO_PRIMEIRA_PARTIDA":"Visitante","FONTE_PRIMEIRA_PARTIDA":"https://pt.wikipedia.org/wiki/Est%C3%A1dio_Municipal_Rui_Barbosa#Amistosos_no_local","TOTAL_JOGOS":13,"VITÓRIAS":11,"EMPATES":0,"DERROTAS":2,"APROVEITAMENTO_PCT":84.6,"GOLS_MARCADOS":50,"GOLS_SOFRIDOS":12,"NOMES_ALTERNATIVOS":[],"FONTES_JOGOS":[],"LATITUDE":-22.0132139,"LONGITUDE":-47.882517,"FONTE_COORDENADAS":"OpenStreetMap Nominatim (geocodificação reversa)","URL_FONTE_COORDENADAS":"https://www.openstreetmap.org/relation/297986","ATRIBUICAO_COORDENADAS":"© OpenStreetMap contributors, ODbL 1.0","PAIS_ISO3":"BRA"},"geometry":{"type":"Point","coordinates":[-47.882517,-22.0132139]}},{"type":"Feature","properties":{"ESTÁDIO":"Municipal de Taquaritinga","CIDADE":"Taquaritinga","ESTADO":"SP","PAÍS":"Brasil","CAPACIDADE":null,"PRIMEIRA_PARTIDA":"Taquaritinga 1 x 4 Corinthians","DATA_PRIMEIRA_PARTIDA":"1959-02-22","ANO_PRIMEIRA_PARTIDA":1959,"ADVERSARIO":"Taquaritinga","PLACAR":"1 x 4","COMPETICAO_PRIMEIRA_PARTIDA":"Amistoso","MANDO_PRIMEIRA_PARTIDA":null,"FONTE_PRIMEIRA_PARTIDA":"https://legislacao.camarataquaritinga.sp.gov.br/consultas/norma_juridica/norma_juridica_mostrar_proc?cod_norma=1243)","TOTAL_JOGOS":1,"VITÓRIAS":0,"EMPATES":0,"DERROTAS":0,"APROVEITAMENTO_PCT":0,"GOLS_MARCADOS":0,"GOLS_SOFRIDOS":0,"NOMES_ALTERNATIVOS":[],"FONTES_JOGOS":[],"LATITUDE":-21.4055446,"LONGITUDE":-48.5075505,"PAIS_ISO3":"BRA"},"geometry":{"type":"Point","coordinates":[-48.5075505,-21.4055446]}},{"type":"Feature","properties":{"ESTÁDIO":"Municipal de Tietê","CIDADE":"Tietê","ESTADO":"São Paulo","PAÍS":"Brasil","CAPACIDADE":"5000","PRIMEIRA_PARTIDA":"SELEÇÃO DE TIETÊ 1x3 CORINTHIANS","DATA_PRIMEIRA_PARTIDA":"1965-03-08","ANO_PRIMEIRA_PARTIDA":1965,"ADVERSARIO":"SELEÇÃO DE TIETÊ","PLACAR":"1x3","COMPETICAO_PRIMEIRA_PARTIDA":"Amistosos 1965","MANDO_PRIMEIRA_PARTIDA":"Não","FONTE_PRIMEIRA_PARTIDA":"https://www.meutimao.com.br/jogo/4749/amistosos-1965/amistoso/selecao_de_tiete-1-x-3-corinthians","TOTAL_JOGOS":1,"VITÓRIAS":1,"EMPATES":0,"DERROTAS":0,"APROVEITAMENTO_PCT":100.0,"GOLS_MARCADOS":3,"GOLS_SOFRIDOS":1,"NOMES_ALTERNATIVOS":[],"FONTES_JOGOS":["Meu Timão"],"LATITUDE":-23.0957625,"LONGITUDE":-47.7172492,"FONTE_COORDENADAS":"OpenStreetMap Nominatim (geocodificação reversa)","URL_FONTE_COORDENADAS":"https://www.openstreetmap.org/relation/298280","ATRIBUICAO_COORDENADAS":"© OpenStreetMap contributors, ODbL 1.0","CAPACIDADE_FONTE":"Meu Timão","URL_FONTE_CAPACIDADE":"https://www.meutimao.com.br/estadio/municipal_de_tiete/","PAIS_ISO3":"BRA"},"geometry":{"type":"Point","coordinates":[-47.7172492,-23.0957625]}},{"type":"Feature","properties":{"ESTÁDIO":"Municipal de Tulza","CIDADE":"Tuzla","ESTADO":"Federação da Bósnia e Herzegovina","PAÍS":"Bosnia and Herzegovina","CAPACIDADE":null,"PRIMEIRA_PARTIDA":"SLOBODA 2x2 CORINTHIANS","DATA_PRIMEIRA_PARTIDA":"1972-06-14","ANO_PRIMEIRA_PARTIDA":1972,"ADVERSARIO":"SLOBODA","PLACAR":"2x2","COMPETICAO_PRIMEIRA_PARTIDA":"Amistosos 1972","MANDO_PRIMEIRA_PARTIDA":"Não","FONTE_PRIMEIRA_PARTIDA":"https://www.meutimao.com.br/jogo/4197/amistosos-1972/amistoso/sloboda-2-x-2-corinthians","TOTAL_JOGOS":1,"VITÓRIAS":0,"EMPATES":1,"DERROTAS":0,"APROVEITAMENTO_PCT":33.3,"GOLS_MARCADOS":2,"GOLS_SOFRIDOS":2,"NOMES_ALTERNATIVOS":[],"FONTES_JOGOS":["Meu Timão"],"LATITUDE":44.5418275,"LONGITUDE":18.661445,"FONTE_COORDENADAS":"OpenStreetMap Nominatim (geocodificação reversa)","URL_FONTE_COORDENADAS":"https://www.openstreetmap.org/node/275005833","ATRIBUICAO_COORDENADAS":"© OpenStreetMap contributors, ODbL 1.0","PAIS_ISO3":"BIH","FONTE_CORRECAO_PAIS":"https://data.geocode.earth/wof/dist/legacy/whosonfirst-data-country-latest.tar.bz2"},"geometry":{"type":"Point","coordinates":[18.661445,44.5418275]}},{"type":"Feature","properties":{"ESTÁDIO":"Municipal de Uberlândia","CIDADE":"Uberlândia","ESTADO":"Minas Gerais","PAÍS":"Brasil","CAPACIDADE":null,"PRIMEIRA_PARTIDA":"UBERLÂNDIA 0x2 CORINTHIANS","DATA_PRIMEIRA_PARTIDA":"1969-07-13","ANO_PRIMEIRA_PARTIDA":1969,"ADVERSARIO":"UBERLÂNDIA","PLACAR":"0x2","COMPETICAO_PRIMEIRA_PARTIDA":"Amistosos 1969","MANDO_PRIMEIRA_PARTIDA":"Não","FONTE_PRIMEIRA_PARTIDA":"https://www.meutimao.com.br/jogo/4456/amistosos-1969/amistoso/uberlandia-0-x-2-corinthians","TOTAL_JOGOS":2,"VITÓRIAS":1,"EMPATES":1,"DERROTAS":0,"APROVEITAMENTO_PCT":66.7,"GOLS_MARCADOS":3,"GOLS_SOFRIDOS":1,"NOMES_ALTERNATIVOS":[],"FONTES_JOGOS":["Meu Timão"],"LATITUDE":-18.9127982,"LONGITUDE":-48.2725062,"FONTE_COORDENADAS":"OpenStreetMap Nominatim (geocodificação reversa)","URL_FONTE_COORDENADAS":"https://www.openstreetmap.org/relation/314875","ATRIBUICAO_COORDENADAS":"© OpenStreetMap contributors, ODbL 1.0","PAIS_ISO3":"BRA"},"geometry":{"type":"Point","coordinates":[-48.2725062,-18.9127982]}},{"type":"Feature","properties":{"ESTÁDIO":"Municipal de Umuarama","CIDADE":"Umuarama","ESTADO":"PR","PAÍS":"Brasil","CAPACIDADE":null,"PRIMEIRA_PARTIDA":"Umuarama 1 x 1 Corinthians 05/12/1973 - Amistoso","DATA_PRIMEIRA_PARTIDA":"1973-12-05","ANO_PRIMEIRA_PARTIDA":1973,"ADVERSARIO":"Umuarama","PLACAR":"1 x 1","COMPETICAO_PRIMEIRA_PARTIDA":"Amistoso","MANDO_PRIMEIRA_PARTIDA":"Mandante","FONTE_PRIMEIRA_PARTIDA":"Meu Timão / Acervo ATLAS1910","TOTAL_JOGOS":3,"VITÓRIAS":0,"EMPATES":3,"DERROTAS":0,"APROVEITAMENTO_PCT":33.3,"GOLS_MARCADOS":3,"GOLS_SOFRIDOS":3,"NOMES_ALTERNATIVOS":[],"FONTES_JOGOS":[],"LATITUDE":-23.755355,"LONGITUDE":-53.3070403,"PAIS_ISO3":"BRA"},"geometry":{"type":"Point","coordinates":[-53.3070403,-23.755355]}},{"type":"Feature","properties":{"ESTÁDIO":"Municipal de Águas de Lindóia","CIDADE":"Águas de Lindóia","ESTADO":"SP","PAÍS":"Brasil","CAPACIDADE":null,"PRIMEIRA_PARTIDA":"Seleção de Águas de Lindóia 0 x 5 Corinthians","DATA_PRIMEIRA_PARTIDA":"1951-04-08","ANO_PRIMEIRA_PARTIDA":1951,"ADVERSARIO":"Seleção de Águas de Lindóia","PLACAR":"0 x 5","COMPETICAO_PRIMEIRA_PARTIDA":"Amistoso","MANDO_PRIMEIRA_PARTIDA":null,"FONTE_PRIMEIRA_PARTIDA":"Meu Timão / Acervo ATLAS1910","TOTAL_JOGOS":1,"VITÓRIAS":0,"EMPATES":0,"DERROTAS":0,"APROVEITAMENTO_PCT":0,"GOLS_MARCADOS":0,"GOLS_SOFRIDOS":0,"NOMES_ALTERNATIVOS":[],"FONTES_JOGOS":[],"LATITUDE":-22.4789379,"LONGITUDE":-46.636692,"PAIS_ISO3":"BRA"},"geometry":{"type":"Point","coordinates":[-46.636692,-22.4789379]}},{"type":"Feature","properties":{"ESTÁDIO":"Mário Alves Mendonça","CIDADE":"São José do Rio Preto","ESTADO":"São Paulo","PAÍS":"Brasil","CAPACIDADE":null,"PRIMEIRA_PARTIDA":"AMÉRICA FUTEBOL CLUBE 1x4 CORINTHIANS","DATA_PRIMEIRA_PARTIDA":"1950-05-28","ANO_PRIMEIRA_PARTIDA":1950,"ADVERSARIO":"AMÉRICA FUTEBOL CLUBE","PLACAR":"1x4","COMPETICAO_PRIMEIRA_PARTIDA":"Amistosos 1950","MANDO_PRIMEIRA_PARTIDA":"Não","FONTE_PRIMEIRA_PARTIDA":"https://www.meutimao.com.br/jogo/5833/amistosos-1950/amistoso/america_futebol_clube-1-x-4-corinthians","TOTAL_JOGOS":34,"VITÓRIAS":14,"EMPATES":15,"DERROTAS":5,"APROVEITAMENTO_PCT":55.9,"GOLS_MARCADOS":43,"GOLS_SOFRIDOS":27,"NOMES_ALTERNATIVOS":[],"FONTES_JOGOS":["Meu Timão"],"LATITUDE":-20.8190423,"LONGITUDE":-49.3731686,"FONTE_COORDENADAS":"OpenStreetMap Nominatim (geocodificação reversa)","URL_FONTE_COORDENADAS":"https://www.openstreetmap.org/relation/298344","ATRIBUICAO_COORDENADAS":"© OpenStreetMap contributors, ODbL 1.0","PAIS_ISO3":"BRA"},"geometry":{"type":"Point","coordinates":[-49.3731686,-20.8190423]}},{"type":"Feature","properties":{"ESTÁDIO":"Ménez Paul","CIDADE":"Brest","ESTADO":"Bretanha","PAÍS":"France","CAPACIDADE":null,"PRIMEIRA_PARTIDA":"STADE BRESTOIS 29 0x2 CORINTHIANS","DATA_PRIMEIRA_PARTIDA":"1970-05-23","ANO_PRIMEIRA_PARTIDA":1970,"ADVERSARIO":"STADE BRESTOIS 29","PLACAR":"0x2","COMPETICAO_PRIMEIRA_PARTIDA":"Amistosos 1970","MANDO_PRIMEIRA_PARTIDA":"Não","FONTE_PRIMEIRA_PARTIDA":"https://www.meutimao.com.br/jogo/4376/amistosos-1970/amistoso/stade_brestois_29-0-x-2-corinthians","TOTAL_JOGOS":1,"VITÓRIAS":1,"EMPATES":0,"DERROTAS":0,"APROVEITAMENTO_PCT":100.0,"GOLS_MARCADOS":2,"GOLS_SOFRIDOS":0,"NOMES_ALTERNATIVOS":[],"FONTES_JOGOS":["Meu Timão"],"LATITUDE":48.4078242,"LONGITUDE":-4.46943729999998,"FONTE_COORDENADAS":"OpenStreetMap Nominatim (geocodificação reversa)","URL_FONTE_COORDENADAS":"https://www.openstreetmap.org/relation/1076124","ATRIBUICAO_COORDENADAS":"© OpenStreetMap contributors, ODbL 1.0","PAIS_ISO3":"FRA","FONTE_CORRECAO_PAIS":"https://data.geocode.earth/wof/dist/legacy/whosonfirst-data-country-latest.tar.bz2"},"geometry":{"type":"Point","coordinates":[-4.46943729999998,48.4078242]}},{"type":"Feature","properties":{"ESTÁDIO":"NUBANK PARQUE (ARENA PALMEIRAS)","CIDADE":"SÃO PAULO ","ESTADO":"SÃO PAULO","PAÍS":"BRASIL","CAPACIDADE":"43713","PRIMEIRA_PARTIDA":"PALMEIRAS 0x1 CORINTHIANS","DATA_PRIMEIRA_PARTIDA":"2015-02-08","ANO_PRIMEIRA_PARTIDA":2015,"ADVERSARIO":"PALMEIRAS","PLACAR":"0x1","COMPETICAO_PRIMEIRA_PARTIDA":"Paulista 2015","MANDO_PRIMEIRA_PARTIDA":"Não","FONTE_PRIMEIRA_PARTIDA":"https://www.meutimao.com.br/jogo/501/paulista-2015/palmeiras-0-x-1-corinthians","TOTAL_JOGOS":16,"VITÓRIAS":6,"EMPATES":4,"DERROTAS":6,"APROVEITAMENTO_PCT":45.8,"GOLS_MARCADOS":16,"GOLS_SOFRIDOS":18,"NOMES_ALTERNATIVOS":[],"FONTES_JOGOS":["Meu Timão"],"LATITUDE":-23.527428879851925,"LONGITUDE":-46.67811214843781,"PAIS_ISO3":"BRA"},"geometry":{"type":"Point","coordinates":[-46.67811214843781,-23.527428879851925]}},{"type":"Feature","properties":{"ESTÁDIO":"Nabi Abi","CIDADE":"Bragança Paulista","ESTADO":"São Paulo","PAÍS":"Brasil","CAPACIDADE":"13212","PRIMEIRA_PARTIDA":"RED BULL BRAGANTINO 1x3 CORINTHIANS","DATA_PRIMEIRA_PARTIDA":"1944-11-12","ANO_PRIMEIRA_PARTIDA":1944,"ADVERSARIO":"RED BULL BRAGANTINO","PLACAR":"1x3","COMPETICAO_PRIMEIRA_PARTIDA":"Amistosos 1944","MANDO_PRIMEIRA_PARTIDA":"Não","FONTE_PRIMEIRA_PARTIDA":"https://www.meutimao.com.br/jogo/6142/amistosos-1944/amistoso/red_bull_bragantino-1-x-3-corinthians","TOTAL_JOGOS":29,"VITÓRIAS":11,"EMPATES":12,"DERROTAS":6,"APROVEITAMENTO_PCT":51.7,"GOLS_MARCADOS":32,"GOLS_SOFRIDOS":25,"NOMES_ALTERNATIVOS":[],"FONTES_JOGOS":["Meu Timão"],"LATITUDE":-22.9653902,"LONGITUDE":-46.5368855,"PRECISAO_COORDENADAS":"Estádio identificado","FONTE_COORDENADAS":"OpenStreetMap Nominatim","URL_FONTE_COORDENADAS":"https://www.openstreetmap.org/way/164823423","ATRIBUICAO_COORDENADAS":"© OpenStreetMap contributors, ODbL 1.0","CAPACIDADE_FONTE":"Meu Timão","URL_FONTE_CAPACIDADE":"https://www.meutimao.com.br/estadio/nabi_abi/","PAIS_ISO3":"BRA"},"geometry":{"type":"Point","coordinates":[-46.5368855,-22.9653902]}},{"type":"Feature","properties":{"ESTÁDIO":"Nacional","CIDADE":"Lima","ESTADO":"Lima","PAÍS":"Peru","CAPACIDADE":"45574","PRIMEIRA_PARTIDA":"UNIVERSITARIO DE DEPORTES 3x3 CORINTHIANS","DATA_PRIMEIRA_PARTIDA":"1954-02-13","ANO_PRIMEIRA_PARTIDA":1954,"ADVERSARIO":"UNIVERSITARIO DE DEPORTES","PLACAR":"3x3","COMPETICAO_PRIMEIRA_PARTIDA":"Amistosos 1954","MANDO_PRIMEIRA_PARTIDA":"Não","FONTE_PRIMEIRA_PARTIDA":"https://www.meutimao.com.br/jogo/5550/amistosos-1954/amistoso/universitario_de_deportes-3-x-3-corinthians","TOTAL_JOGOS":18,"VITÓRIAS":9,"EMPATES":6,"DERROTAS":3,"APROVEITAMENTO_PCT":61.1,"GOLS_MARCADOS":40,"GOLS_SOFRIDOS":28,"NOMES_ALTERNATIVOS":[],"FONTES_JOGOS":["Meu Timão"],"LATITUDE":-12.06722,"LONGITUDE":-77.03361,"PRECISAO_COORDENADAS":"Estádio identificado","FONTE_COORDENADAS":"Wikipedia","URL_FONTE_COORDENADAS":"https://pt.wikipedia.org/wiki/Est%C3%A1dio_Nacional_do_Peru","ATRIBUICAO_COORDENADAS":"Wikimedia / Wikipedia","CAPACIDADE_FONTE":"StadiumDB.com","URL_FONTE_CAPACIDADE":"https://stadiumdb.com/stadiums/per/estadio_nacional_jose_diaz","PAIS_ISO3":"PER"},"geometry":{"type":"Point","coordinates":[-77.03361,-12.06722]}},{"type":"Feature","properties":{"ESTÁDIO":"Nacional de Bangcoc","CIDADE":"Bangcoc","ESTADO":null,"PAÍS":"Tailândia","CAPACIDADE":null,"PRIMEIRA_PARTIDA":"Tailândia 1 x 2 Corinthians","DATA_PRIMEIRA_PARTIDA":"1984-01-18","ANO_PRIMEIRA_PARTIDA":1984,"ADVERSARIO":"Seleção da Tailândia","PLACAR":"1 x 2","COMPETICAO_PRIMEIRA_PARTIDA":"Torneio Internacional da Tailândia","MANDO_PRIMEIRA_PARTIDA":null,"FONTE_PRIMEIRA_PARTIDA":"Meu Timão / Acervo ATLAS1910","TOTAL_JOGOS":1,"VITÓRIAS":0,"EMPATES":0,"DERROTAS":0,"APROVEITAMENTO_PCT":0,"GOLS_MARCADOS":0,"GOLS_SOFRIDOS":0,"NOMES_ALTERNATIVOS":[],"FONTES_JOGOS":[],"LATITUDE":13.7455077,"LONGITUDE":100.5256813,"FONTE_COORDENADAS":"OpenStreetMap Nominatim (geocodificação reversa)","URL_FONTE_COORDENADAS":"https://www.openstreetmap.org/relation/3320991","ATRIBUICAO_COORDENADAS":"© OpenStreetMap contributors, ODbL 1.0","PAIS_ISO3":"THA"},"geometry":{"type":"Point","coordinates":[100.5256813,13.7455077]}},{"type":"Feature","properties":{"ESTÁDIO":"Nacional de Brasilia","CIDADE":"Brasília","ESTADO":"DF","PAÍS":"Brasil","CAPACIDADE":null,"PRIMEIRA_PARTIDA":"Atlético-MG 0 x 1 Corinthians","DATA_PRIMEIRA_PARTIDA":"1967-04-21","ANO_PRIMEIRA_PARTIDA":1967,"ADVERSARIO":"Atlético-MG","PLACAR":"0 x 1","COMPETICAO_PRIMEIRA_PARTIDA":"Torneio Gov. Roberto Santos","MANDO_PRIMEIRA_PARTIDA":null,"FONTE_PRIMEIRA_PARTIDA":"Meu Timão / Acervo ATLAS1910","TOTAL_JOGOS":1,"VITÓRIAS":0,"EMPATES":0,"DERROTAS":0,"APROVEITAMENTO_PCT":0,"GOLS_MARCADOS":0,"GOLS_SOFRIDOS":0,"NOMES_ALTERNATIVOS":[],"FONTES_JOGOS":[],"LATITUDE":-15.826691,"LONGITUDE":-47.9218204,"PAIS_ISO3":"BRA"},"geometry":{"type":"Point","coordinates":[-47.9218204,-15.826691]}},{"type":"Feature","properties":{"ESTÁDIO":"Nacional de Copenhague","CIDADE":"Copenhague","ESTADO":"Região da Capital","PAÍS":"Dinamarca","CAPACIDADE":null,"PRIMEIRA_PARTIDA":"Dinamarca 1 x 2 Corinthians","DATA_PRIMEIRA_PARTIDA":"1984-06-05","ANO_PRIMEIRA_PARTIDA":1984,"ADVERSARIO":"Seleção da Dinamarca","PLACAR":"1 x 2","COMPETICAO_PRIMEIRA_PARTIDA":"Amistoso Internacional","MANDO_PRIMEIRA_PARTIDA":null,"FONTE_PRIMEIRA_PARTIDA":"https://web.archive.org/web/20140826114454/http://teliaparken.dk/presse/parkens-historie/","TOTAL_JOGOS":1,"VITÓRIAS":0,"EMPATES":0,"DERROTAS":0,"APROVEITAMENTO_PCT":0,"GOLS_MARCADOS":0,"GOLS_SOFRIDOS":0,"NOMES_ALTERNATIVOS":[],"FONTES_JOGOS":[],"LATITUDE":55.7027169,"LONGITUDE":12.572316,"FONTE_COORDENADAS":"OpenStreetMap Nominatim (geocodificação reversa)","URL_FONTE_COORDENADAS":"https://www.openstreetmap.org/node/13707878","ATRIBUICAO_COORDENADAS":"© OpenStreetMap contributors, ODbL 1.0","PAIS_ISO3":"DNK"},"geometry":{"type":"Point","coordinates":[12.572316,55.7027169]}},{"type":"Feature","properties":{"ESTÁDIO":"Nacional de Guayaquil","CIDADE":"Guayaquil","ESTADO":"Guayas","PAÍS":"Equador","CAPACIDADE":null,"PRIMEIRA_PARTIDA":"emelec 1 x 0 Corinthians","DATA_PRIMEIRA_PARTIDA":"1966-04-13","ANO_PRIMEIRA_PARTIDA":1966,"ADVERSARIO":"emelec","PLACAR":"1 x 0","COMPETICAO_PRIMEIRA_PARTIDA":"Amistoso","MANDO_PRIMEIRA_PARTIDA":"Visitante","FONTE_PRIMEIRA_PARTIDA":"https://www.meutimao.com.br/jogo/4635/amistosos_1966/emelec-x-corinthians","TOTAL_JOGOS":3,"VITÓRIAS":1,"EMPATES":0,"DERROTAS":2,"APROVEITAMENTO_PCT":33.3,"GOLS_MARCADOS":5,"GOLS_SOFRIDOS":4,"NOMES_ALTERNATIVOS":[],"FONTES_JOGOS":[],"LATITUDE":-2.186578,"LONGITUDE":-79.9250389,"FONTE_COORDENADAS":"OpenStreetMap Nominatim (geocodificação reversa)","URL_FONTE_COORDENADAS":"https://www.openstreetmap.org/relation/3652281","ATRIBUICAO_COORDENADAS":"© OpenStreetMap contributors, ODbL 1.0","PAIS_ISO3":"ECU"},"geometry":{"type":"Point","coordinates":[-79.9250389,-2.186578]}},{"type":"Feature","properties":{"ESTÁDIO":"Nacional de Kingston","CIDADE":"Saint Andrew","ESTADO":null,"PAÍS":"Jamaica","CAPACIDADE":"35000","PRIMEIRA_PARTIDA":"SANTOS-JA 2x1 CORINTHIANS","DATA_PRIMEIRA_PARTIDA":"1984-06-10","ANO_PRIMEIRA_PARTIDA":1984,"ADVERSARIO":"SANTOS-JA","PLACAR":"2x1","COMPETICAO_PRIMEIRA_PARTIDA":"Amistosos 1984","MANDO_PRIMEIRA_PARTIDA":"Não","FONTE_PRIMEIRA_PARTIDA":"https://www.meutimao.com.br/jogo/3296/amistosos-1984/amistoso/santos-ja-2-x-1-corinthians","TOTAL_JOGOS":1,"VITÓRIAS":0,"EMPATES":0,"DERROTAS":1,"APROVEITAMENTO_PCT":0.0,"GOLS_MARCADOS":1,"GOLS_SOFRIDOS":2,"NOMES_ALTERNATIVOS":[],"FONTES_JOGOS":["Meu Timão"],"LATITUDE":18.0009772,"LONGITUDE":-76.7725635,"FONTE_COORDENADAS":"OpenStreetMap Nominatim (geocodificação reversa)","URL_FONTE_COORDENADAS":"https://www.openstreetmap.org/relation/6577862","ATRIBUICAO_COORDENADAS":"© OpenStreetMap contributors, ODbL 1.0","CAPACIDADE_FONTE":"Meu Timão","URL_FONTE_CAPACIDADE":"https://www.meutimao.com.br/estadio/nacional_de_kingston/","PAIS_ISO3":"JAM","FONTE_CORRECAO_PAIS":"https://data.geocode.earth/wof/dist/legacy/whosonfirst-data-country-latest.tar.bz2"},"geometry":{"type":"Point","coordinates":[-76.7725635,18.0009772]}},{"type":"Feature","properties":{"ESTÁDIO":"Nacional de Lima","CIDADE":"Lima","ESTADO":"Lima","PAÍS":"Peru","CAPACIDADE":null,"PRIMEIRA_PARTIDA":"Primeiro jogo:  universitario 3 x 3 Corinthians 13/02/1954 - Amistoso","DATA_PRIMEIRA_PARTIDA":"1954-02-13","ANO_PRIMEIRA_PARTIDA":1954,"ADVERSARIO":"Primeiro jogo:  universitario","PLACAR":"3 x 3","COMPETICAO_PRIMEIRA_PARTIDA":"Amistoso","MANDO_PRIMEIRA_PARTIDA":"Visitante","FONTE_PRIMEIRA_PARTIDA":"https://pt.wikipedia.org/wiki/Est%C3%A1dio_Nacional_do_Peru","TOTAL_JOGOS":54,"VITÓRIAS":27,"EMPATES":18,"DERROTAS":9,"APROVEITAMENTO_PCT":61.1,"GOLS_MARCADOS":120,"GOLS_SOFRIDOS":84,"NOMES_ALTERNATIVOS":[],"FONTES_JOGOS":[],"LATITUDE":-12.0672896,"LONGITUDE":-77.0337292,"FONTE_COORDENADAS":"OpenStreetMap Nominatim (geocodificação reversa)","URL_FONTE_COORDENADAS":"https://www.openstreetmap.org/relation/1944756","ATRIBUICAO_COORDENADAS":"© OpenStreetMap contributors, ODbL 1.0","PAIS_ISO3":"PER"},"geometry":{"type":"Point","coordinates":[-77.0337292,-12.0672896]}},{"type":"Feature","properties":{"ESTÁDIO":"Nacional de Manágua","CIDADE":"Guayaquil","ESTADO":"Managua","PAÍS":"Nicaragua","CAPACIDADE":"20000","PRIMEIRA_PARTIDA":"FLAMENGO 2x3 CORINTHIANS","DATA_PRIMEIRA_PARTIDA":"1966-04-28","ANO_PRIMEIRA_PARTIDA":1966,"ADVERSARIO":"FLAMENGO","PLACAR":"2x3","COMPETICAO_PRIMEIRA_PARTIDA":"Amistosos 1966","MANDO_PRIMEIRA_PARTIDA":"Não","FONTE_PRIMEIRA_PARTIDA":"https://www.meutimao.com.br/jogo/4638/amistosos-1966/amistoso/flamengo-2-x-3-corinthians","TOTAL_JOGOS":1,"VITÓRIAS":1,"EMPATES":0,"DERROTAS":0,"APROVEITAMENTO_PCT":100.0,"GOLS_MARCADOS":3,"GOLS_SOFRIDOS":2,"NOMES_ALTERNATIVOS":[],"FONTES_JOGOS":["Meu Timão"],"LATITUDE":12.1344391,"LONGITUDE":-86.2693829,"FONTE_COORDENADAS":"OpenStreetMap Nominatim (geocodificação reversa)","URL_FONTE_COORDENADAS":"https://www.openstreetmap.org/relation/5833929","ATRIBUICAO_COORDENADAS":"© OpenStreetMap contributors, ODbL 1.0","CAPACIDADE_FONTE":"Meu Timão","URL_FONTE_CAPACIDADE":"https://www.meutimao.com.br/estadio/nacional_de_managua/","PAIS_ISO3":"NIC","FONTE_CORRECAO_PAIS":"https://data.geocode.earth/wof/dist/legacy/whosonfirst-data-country-latest.tar.bz2"},"geometry":{"type":"Point","coordinates":[-86.2693829,12.1344391]}},{"type":"Feature","properties":{"ESTÁDIO":"Nacional de Port of Spain","CIDADE":"Porto Espanha","ESTADO":null,"PAÍS":"Trinidad and Tobago","CAPACIDADE":"27000","PRIMEIRA_PARTIDA":"SELEÇÃO DE TRINIDAD E TOBAGO 2x8 CORINTHIANS","DATA_PRIMEIRA_PARTIDA":"1982-09-03","ANO_PRIMEIRA_PARTIDA":1982,"ADVERSARIO":"SELEÇÃO DE TRINIDAD E TOBAGO","PLACAR":"2x8","COMPETICAO_PRIMEIRA_PARTIDA":"Amistosos 1982","MANDO_PRIMEIRA_PARTIDA":"Não","FONTE_PRIMEIRA_PARTIDA":"https://www.meutimao.com.br/jogo/3461/amistosos-1982/amistoso/selecao_de_trinidad_e_tobago-2-x-8-corinthians","TOTAL_JOGOS":1,"VITÓRIAS":1,"EMPATES":0,"DERROTAS":0,"APROVEITAMENTO_PCT":100.0,"GOLS_MARCADOS":8,"GOLS_SOFRIDOS":2,"NOMES_ALTERNATIVOS":[],"FONTES_JOGOS":["Meu Timão"],"LATITUDE":10.6614597,"LONGITUDE":-61.5330448,"FONTE_COORDENADAS":"OpenStreetMap Nominatim (geocodificação reversa)","URL_FONTE_COORDENADAS":"https://www.openstreetmap.org/relation/7363637","ATRIBUICAO_COORDENADAS":"© OpenStreetMap contributors, ODbL 1.0","CAPACIDADE_FONTE":"Meu Timão","URL_FONTE_CAPACIDADE":"https://www.meutimao.com.br/estadio/nacional_de_port_of_spain/","PAIS_ISO3":"TTO","FONTE_CORRECAO_PAIS":"https://data.geocode.earth/wof/dist/legacy/whosonfirst-data-country-latest.tar.bz2"},"geometry":{"type":"Point","coordinates":[-61.5330448,10.6614597]}},{"type":"Feature","properties":{"ESTÁDIO":"Nacional de Santiago","CIDADE":"Lima","ESTADO":"Região Metropolitana de Santiago","PAÍS":"Chile","CAPACIDADE":null,"PRIMEIRA_PARTIDA":"UNIVERSITARIO DE DEPORTES 3x3 CORINTHIANS","DATA_PRIMEIRA_PARTIDA":"1954-02-13","ANO_PRIMEIRA_PARTIDA":1954,"ADVERSARIO":"UNIVERSITARIO DE DEPORTES","PLACAR":"3x3","COMPETICAO_PRIMEIRA_PARTIDA":"Amistosos 1954","MANDO_PRIMEIRA_PARTIDA":"Visitante","FONTE_PRIMEIRA_PARTIDA":"https://www.meutimao.com.br/jogo/5550/amistosos-1954/amistoso/universitario_de_deportes-3-x-3-corinthians","TOTAL_JOGOS":54,"VITÓRIAS":27,"EMPATES":18,"DERROTAS":9,"APROVEITAMENTO_PCT":61.1,"GOLS_MARCADOS":120,"GOLS_SOFRIDOS":84,"NOMES_ALTERNATIVOS":[],"FONTES_JOGOS":[],"LATITUDE":-33.4646281,"LONGITUDE":-70.6106762,"FONTE_COORDENADAS":"OpenStreetMap Nominatim (geocodificação reversa)","URL_FONTE_COORDENADAS":"https://www.openstreetmap.org/relation/162993","ATRIBUICAO_COORDENADAS":"© OpenStreetMap contributors, ODbL 1.0","PAIS_ISO3":"CHL"},"geometry":{"type":"Point","coordinates":[-70.6106762,-33.4646281]}},{"type":"Feature","properties":{"ESTÁDIO":"Nacional de Tóquio","CIDADE":"Shinjuku","ESTADO":null,"PAÍS":"Japan","CAPACIDADE":"57363","PRIMEIRA_PARTIDA":"SELEÇÃO JAPONESA 3x2 CORINTHIANS","DATA_PRIMEIRA_PARTIDA":"1984-01-22","ANO_PRIMEIRA_PARTIDA":1984,"ADVERSARIO":"SELEÇÃO JAPONESA","PLACAR":"3x2","COMPETICAO_PRIMEIRA_PARTIDA":"Amistosos 1984","MANDO_PRIMEIRA_PARTIDA":"Não","FONTE_PRIMEIRA_PARTIDA":"https://www.meutimao.com.br/jogo/3266/amistosos-1984/amistoso/selecao_japonesa-3-x-2-corinthians","TOTAL_JOGOS":1,"VITÓRIAS":0,"EMPATES":0,"DERROTAS":1,"APROVEITAMENTO_PCT":0.0,"GOLS_MARCADOS":2,"GOLS_SOFRIDOS":3,"NOMES_ALTERNATIVOS":[],"FONTES_JOGOS":["Meu Timão"],"LATITUDE":35.6742569,"LONGITUDE":139.7169535,"FONTE_COORDENADAS":"OpenStreetMap Nominatim (geocodificação reversa)","URL_FONTE_COORDENADAS":"https://www.openstreetmap.org/relation/1758858","ATRIBUICAO_COORDENADAS":"© OpenStreetMap contributors, ODbL 1.0","CAPACIDADE_FONTE":"Meu Timão","URL_FONTE_CAPACIDADE":"https://www.meutimao.com.br/estadio/nacional_de_toquio/","PAIS_ISO3":"JPN","FONTE_CORRECAO_PAIS":"https://data.geocode.earth/wof/dist/legacy/whosonfirst-data-country-latest.tar.bz2"},"geometry":{"type":"Point","coordinates":[139.7169535,35.6742569]}},{"type":"Feature","properties":{"ESTÁDIO":"Nagoya-Shi Mizuho","CIDADE":"Nagoia","ESTADO":null,"PAÍS":"Japan","CAPACIDADE":null,"PRIMEIRA_PARTIDA":"SELEÇÃO JAPONESA 1x2 CORINTHIANS","DATA_PRIMEIRA_PARTIDA":"1984-01-16","ANO_PRIMEIRA_PARTIDA":1984,"ADVERSARIO":"SELEÇÃO JAPONESA","PLACAR":"1x2","COMPETICAO_PRIMEIRA_PARTIDA":"Amistosos 1984","MANDO_PRIMEIRA_PARTIDA":"Não","FONTE_PRIMEIRA_PARTIDA":"https://www.meutimao.com.br/jogo/3265/amistosos-1984/amistoso/selecao_japonesa-1-x-2-corinthians","TOTAL_JOGOS":3,"VITÓRIAS":2,"EMPATES":1,"DERROTAS":0,"APROVEITAMENTO_PCT":77.8,"GOLS_MARCADOS":8,"GOLS_SOFRIDOS":3,"NOMES_ALTERNATIVOS":[],"FONTES_JOGOS":["Meu Timão"],"LATITUDE":35.1224265,"LONGITUDE":136.9442276,"FONTE_COORDENADAS":"OpenStreetMap Nominatim (geocodificação reversa)","URL_FONTE_COORDENADAS":"https://www.openstreetmap.org/relation/4576938","ATRIBUICAO_COORDENADAS":"© OpenStreetMap contributors, ODbL 1.0","PAIS_ISO3":"JPN","FONTE_CORRECAO_PAIS":"https://data.geocode.earth/wof/dist/legacy/whosonfirst-data-country-latest.tar.bz2"},"geometry":{"type":"Point","coordinates":[136.9442276,35.1224265]}},{"type":"Feature","properties":{"ESTÁDIO":"Napoleão Francisco de Souza","CIDADE":"Dourados","ESTADO":"MS","PAÍS":"Brasil","CAPACIDADE":null,"PRIMEIRA_PARTIDA":"dourados 0 x 3 Corinthians","DATA_PRIMEIRA_PARTIDA":"1984-08-24","ANO_PRIMEIRA_PARTIDA":1984,"ADVERSARIO":"dourados","PLACAR":"0 x 3","COMPETICAO_PRIMEIRA_PARTIDA":"Amistoso","MANDO_PRIMEIRA_PARTIDA":"Visitante","FONTE_PRIMEIRA_PARTIDA":"Meu Timão / Acervo ATLAS1910","TOTAL_JOGOS":3,"VITÓRIAS":3,"EMPATES":0,"DERROTAS":0,"APROVEITAMENTO_PCT":100,"GOLS_MARCADOS":9,"GOLS_SOFRIDOS":0,"NOMES_ALTERNATIVOS":[],"FONTES_JOGOS":[],"LATITUDE":-22.2272248,"LONGITUDE":-54.8247945,"PAIS_ISO3":"BRA"},"geometry":{"type":"Point","coordinates":[-54.8247945,-22.2272248]}},{"type":"Feature","properties":{"ESTÁDIO":"Natal Francisco Pereira","CIDADE":"Paranavaí","ESTADO":"Paraná","PAÍS":"Brasil","CAPACIDADE":"10000","PRIMEIRA_PARTIDA":"PARANAVAÍ 0x2 CORINTHIANS","DATA_PRIMEIRA_PARTIDA":"1965-06-29","ANO_PRIMEIRA_PARTIDA":1965,"ADVERSARIO":"PARANAVAÍ","PLACAR":"0x2","COMPETICAO_PRIMEIRA_PARTIDA":"Amistosos 1965","MANDO_PRIMEIRA_PARTIDA":"Não","FONTE_PRIMEIRA_PARTIDA":"https://www.meutimao.com.br/jogo/4834/amistosos-1965/amistoso/paranavai-0-x-2-corinthians","TOTAL_JOGOS":1,"VITÓRIAS":1,"EMPATES":0,"DERROTAS":0,"APROVEITAMENTO_PCT":100.0,"GOLS_MARCADOS":2,"GOLS_SOFRIDOS":0,"NOMES_ALTERNATIVOS":[],"FONTES_JOGOS":["Meu Timão"],"LATITUDE":-23.0781371,"LONGITUDE":-52.4563486,"FONTE_COORDENADAS":"OpenStreetMap Nominatim (geocodificação reversa)","URL_FONTE_COORDENADAS":"https://www.openstreetmap.org/relation/297761","ATRIBUICAO_COORDENADAS":"© OpenStreetMap contributors, ODbL 1.0","CAPACIDADE_FONTE":"Meu Timão","URL_FONTE_CAPACIDADE":"https://www.meutimao.com.br/estadio/natal_francisco_pereira/","PAIS_ISO3":"BRA"},"geometry":{"type":"Point","coordinates":[-52.4563486,-23.0781371]}},{"type":"Feature","properties":{"ESTÁDIO":"Neo Quimica Arena","CIDADE":"São Paulo","ESTADO":"São Paulo","PAÍS":"Brasil","CAPACIDADE":"48905","PRIMEIRA_PARTIDA":"CORINTHIANS 0x1 FIGUEIRENSE","DATA_PRIMEIRA_PARTIDA":"2014-05-18","ANO_PRIMEIRA_PARTIDA":2014,"ADVERSARIO":"FIGUEIRENSE","PLACAR":"0x1","COMPETICAO_PRIMEIRA_PARTIDA":"Brasileirão 2014","MANDO_PRIMEIRA_PARTIDA":"Sim","FONTE_PRIMEIRA_PARTIDA":"https://www.meutimao.com.br/jogo/452/brasileirao-2014/corinthians-0-x-1-figueirense","TOTAL_JOGOS":425,"VITÓRIAS":242,"EMPATES":117,"DERROTAS":66,"APROVEITAMENTO_PCT":66.1,"GOLS_MARCADOS":665,"GOLS_SOFRIDOS":329,"NOMES_ALTERNATIVOS":[],"FONTES_JOGOS":["Meu Timão"],"LATITUDE":-23.5453221,"LONGITUDE":-46.4742676,"FONTE_COORDENADAS":"OpenStreetMap Nominatim (geocodificação reversa)","URL_FONTE_COORDENADAS":"https://www.openstreetmap.org/relation/298285","ATRIBUICAO_COORDENADAS":"© OpenStreetMap contributors, ODbL 1.0","CAPACIDADE_FONTE":"StadiumDB.com","URL_FONTE_CAPACIDADE":"https://stadiumdb.com/stadiums/bra/arena_corinthians","PAIS_ISO3":"BRA"},"geometry":{"type":"Point","coordinates":[-46.4742676,-23.5453221]}},{"type":"Feature","properties":{"ESTÁDIO":"Nhozinho Santos","CIDADE":"São Luís","ESTADO":"Maranhão","PAÍS":"Brasil","CAPACIDADE":"16500","PRIMEIRA_PARTIDA":"SELEÇÃO DO MARANHÃO 0x2 CORINTHIANS","DATA_PRIMEIRA_PARTIDA":"1968-01-14","ANO_PRIMEIRA_PARTIDA":1968,"ADVERSARIO":"SELEÇÃO DO MARANHÃO","PLACAR":"0x2","COMPETICAO_PRIMEIRA_PARTIDA":"Amistosos 1968","MANDO_PRIMEIRA_PARTIDA":"Não","FONTE_PRIMEIRA_PARTIDA":"https://www.meutimao.com.br/jogo/4503/amistosos-1968/amistoso/selecao_do_maranhao-0-x-2-corinthians","TOTAL_JOGOS":5,"VITÓRIAS":2,"EMPATES":3,"DERROTAS":0,"APROVEITAMENTO_PCT":60.0,"GOLS_MARCADOS":6,"GOLS_SOFRIDOS":1,"NOMES_ALTERNATIVOS":[],"FONTES_JOGOS":["Meu Timão"],"LATITUDE":-2.5363386,"LONGITUDE":-44.2891777,"FONTE_COORDENADAS":"OpenStreetMap Nominatim (geocodificação reversa)","URL_FONTE_COORDENADAS":"https://www.openstreetmap.org/relation/332923","ATRIBUICAO_COORDENADAS":"© OpenStreetMap contributors, ODbL 1.0","CAPACIDADE_FONTE":"Meu Timão","URL_FONTE_CAPACIDADE":"https://www.meutimao.com.br/estadio/nhozinho_santos/","PAIS_ISO3":"BRA"},"geometry":{"type":"Point","coordinates":[-44.2891777,-2.5363386]}},{"type":"Feature","properties":{"ESTÁDIO":"Nilton Santos","CIDADE":"Rio de Janeiro","ESTADO":"Rio de Janeiro","PAÍS":"Brasil","CAPACIDADE":"44661","PRIMEIRA_PARTIDA":"BOTAFOGO 2x1 CORINTHIANS","DATA_PRIMEIRA_PARTIDA":"2008-05-20","ANO_PRIMEIRA_PARTIDA":2008,"ADVERSARIO":"BOTAFOGO","PLACAR":"2x1","COMPETICAO_PRIMEIRA_PARTIDA":"Copa do Brasil 2008","MANDO_PRIMEIRA_PARTIDA":"Não","FONTE_PRIMEIRA_PARTIDA":"https://www.meutimao.com.br/jogo/182/copa-do-brasil-2008/botafogo-2-x-1-corinthians","TOTAL_JOGOS":20,"VITÓRIAS":4,"EMPATES":7,"DERROTAS":9,"APROVEITAMENTO_PCT":31.7,"GOLS_MARCADOS":23,"GOLS_SOFRIDOS":28,"NOMES_ALTERNATIVOS":[],"FONTES_JOGOS":["Meu Timão"],"LATITUDE":-22.893194,"LONGITUDE":-43.2935691,"PRECISAO_COORDENADAS":"Estádio identificado","FONTE_COORDENADAS":"OpenStreetMap Nominatim","URL_FONTE_COORDENADAS":"https://www.openstreetmap.org/relation/2339171","ATRIBUICAO_COORDENADAS":"© OpenStreetMap contributors, ODbL 1.0","CAPACIDADE_FONTE":"StadiumDB.com","URL_FONTE_CAPACIDADE":"https://stadiumdb.com/stadiums/bra/engenhao","PAIS_ISO3":"BRA"},"geometry":{"type":"Point","coordinates":[-43.2935691,-22.893194]}},{"type":"Feature","properties":{"ESTÁDIO":"Ninho da garça","CIDADE":"Guaratinguetá","ESTADO":"São Paulo","PAÍS":"Brasil","CAPACIDADE":"15769","PRIMEIRA_PARTIDA":"GUARATINGUETÁ 2x3 CORINTHIANS","DATA_PRIMEIRA_PARTIDA":"2007-02-04","ANO_PRIMEIRA_PARTIDA":2007,"ADVERSARIO":"GUARATINGUETÁ","PLACAR":"2x3","COMPETICAO_PRIMEIRA_PARTIDA":"Paulista 2007","MANDO_PRIMEIRA_PARTIDA":"Não","FONTE_PRIMEIRA_PARTIDA":"https://www.meutimao.com.br/jogo/1610/paulista-2007/guaratingueta-2-x-3-corinthians","TOTAL_JOGOS":3,"VITÓRIAS":3,"EMPATES":0,"DERROTAS":0,"APROVEITAMENTO_PCT":100.0,"GOLS_MARCADOS":8,"GOLS_SOFRIDOS":3,"NOMES_ALTERNATIVOS":[],"FONTES_JOGOS":["Meu Timão"],"LATITUDE":-22.807262,"LONGITUDE":-45.185426,"FONTE_COORDENADAS":"OpenStreetMap Nominatim (geocodificação reversa)","URL_FONTE_COORDENADAS":"https://www.openstreetmap.org/relation/298076","ATRIBUICAO_COORDENADAS":"© OpenStreetMap contributors, ODbL 1.0","CAPACIDADE_FONTE":"Meu Timão","URL_FONTE_CAPACIDADE":"https://www.meutimao.com.br/estadio/ninho_da_garca/","PAIS_ISO3":"BRA"},"geometry":{"type":"Point","coordinates":[-45.185426,-22.807262]}},{"type":"Feature","properties":{"ESTÁDIO":"Ninho do Azulão","CIDADE":"Monte Azul Paulista","ESTADO":"São Paulo","PAÍS":"Brasil","CAPACIDADE":"11109","PRIMEIRA_PARTIDA":"MONTE AZUL 1x2 CORINTHIANS","DATA_PRIMEIRA_PARTIDA":"1947-08-24","ANO_PRIMEIRA_PARTIDA":1947,"ADVERSARIO":"MONTE AZUL","PLACAR":"1x2","COMPETICAO_PRIMEIRA_PARTIDA":"Amistosos 1947","MANDO_PRIMEIRA_PARTIDA":"Não","FONTE_PRIMEIRA_PARTIDA":"https://www.meutimao.com.br/jogo/6012/amistosos-1947/amistoso/monte_azul-1-x-2-corinthians","TOTAL_JOGOS":2,"VITÓRIAS":1,"EMPATES":1,"DERROTAS":0,"APROVEITAMENTO_PCT":66.7,"GOLS_MARCADOS":3,"GOLS_SOFRIDOS":2,"NOMES_ALTERNATIVOS":[],"FONTES_JOGOS":["Meu Timão"],"LATITUDE":-20.90649,"LONGITUDE":-48.638717,"PRECISAO_COORDENADAS":"Município (estádio exato não identificado)","FONTE_COORDENADAS":"OpenStreetMap Nominatim (localidade aproximada)","URL_FONTE_COORDENADAS":"https://www.openstreetmap.org/relation/298182","ATRIBUICAO_COORDENADAS":"© OpenStreetMap contributors, ODbL 1.0","CAPACIDADE_FONTE":"Meu Timão","URL_FONTE_CAPACIDADE":"https://www.meutimao.com.br/estadio/ninho_do_azulao/","PAIS_ISO3":"BRA"},"geometry":{"type":"Point","coordinates":[-48.638717,-20.90649]}},{"type":"Feature","properties":{"ESTÁDIO":"Nissam Stadium","CIDADE":"Yokohama","ESTADO":null,"PAÍS":"Japão","CAPACIDADE":null,"PRIMEIRA_PARTIDA":"CORINTHIANS 1x0 CHELSEA","DATA_PRIMEIRA_PARTIDA":"2012-12-16","ANO_PRIMEIRA_PARTIDA":2012,"ADVERSARIO":"CHELSEA","PLACAR":"1x0","COMPETICAO_PRIMEIRA_PARTIDA":"Mundial de Clubes 2012","MANDO_PRIMEIRA_PARTIDA":"Sim","FONTE_PRIMEIRA_PARTIDA":"https://www.meutimao.com.br/jogo/374/mundial-de-clubes-2012/final/corinthians-1-x-0-chelsea","TOTAL_JOGOS":1,"VITÓRIAS":1,"EMPATES":0,"DERROTAS":0,"APROVEITAMENTO_PCT":100.0,"GOLS_MARCADOS":1,"GOLS_SOFRIDOS":0,"NOMES_ALTERNATIVOS":[],"FONTES_JOGOS":["Meu Timão"],"LATITUDE":35.5099461,"LONGITUDE":139.6063937,"FONTE_COORDENADAS":"OpenStreetMap Nominatim (geocodificação reversa)","URL_FONTE_COORDENADAS":"https://www.openstreetmap.org/relation/2689482","ATRIBUICAO_COORDENADAS":"© OpenStreetMap contributors, ODbL 1.0","PAIS_ISO3":"JPN"},"geometry":{"type":"Point","coordinates":[139.6063937,35.5099461]}},{"type":"Feature","properties":{"ESTÁDIO":"Nogueirão","CIDADE":"Mogi das Cruzes","ESTADO":"São Paulo","PAÍS":"Brasil","CAPACIDADE":"14384","PRIMEIRA_PARTIDA":"UNIÃO MOGI 2x7 CORINTHIANS","DATA_PRIMEIRA_PARTIDA":"1950-09-07","ANO_PRIMEIRA_PARTIDA":1950,"ADVERSARIO":"UNIÃO MOGI","PLACAR":"2x7","COMPETICAO_PRIMEIRA_PARTIDA":"Amistosos 1950","MANDO_PRIMEIRA_PARTIDA":"Não","FONTE_PRIMEIRA_PARTIDA":"https://www.meutimao.com.br/jogo/5843/amistosos-1950/amistoso/uniao_mogi-2-x-7-corinthians","TOTAL_JOGOS":3,"VITÓRIAS":1,"EMPATES":1,"DERROTAS":1,"APROVEITAMENTO_PCT":44.4,"GOLS_MARCADOS":7,"GOLS_SOFRIDOS":3,"NOMES_ALTERNATIVOS":[],"FONTES_JOGOS":["Meu Timão"],"LATITUDE":-23.5187203,"LONGITUDE":-46.2060118,"FONTE_COORDENADAS":"OpenStreetMap Nominatim (geocodificação reversa)","URL_FONTE_COORDENADAS":"https://www.openstreetmap.org/relation/298415","ATRIBUICAO_COORDENADAS":"© OpenStreetMap contributors, ODbL 1.0","CAPACIDADE_FONTE":"Meu Timão","URL_FONTE_CAPACIDADE":"https://www.meutimao.com.br/estadio/nogueirao/","PAIS_ISO3":"BRA"},"geometry":{"type":"Point","coordinates":[-46.2060118,-23.5187203]}},{"type":"Feature","properties":{"ESTÁDIO":"Novelli Junior","CIDADE":"Itu","ESTADO":"São Paulo","PAÍS":"Brasil","CAPACIDADE":"16405","PRIMEIRA_PARTIDA":"ITUANO C.A. 1x4 CORINTHIANS","DATA_PRIMEIRA_PARTIDA":"1959-03-08","ANO_PRIMEIRA_PARTIDA":1959,"ADVERSARIO":"ITUANO C.A.","PLACAR":"1x4","COMPETICAO_PRIMEIRA_PARTIDA":"Amistosos 1959","MANDO_PRIMEIRA_PARTIDA":"Não","FONTE_PRIMEIRA_PARTIDA":"https://www.meutimao.com.br/jogo/5312/amistosos-1959/amistoso/ituano_ca-1-x-4-corinthians","TOTAL_JOGOS":20,"VITÓRIAS":15,"EMPATES":2,"DERROTAS":3,"APROVEITAMENTO_PCT":78.3,"GOLS_MARCADOS":34,"GOLS_SOFRIDOS":18,"NOMES_ALTERNATIVOS":[],"FONTES_JOGOS":["Meu Timão"],"LATITUDE":-23.2808026,"LONGITUDE":-47.2877526,"FONTE_COORDENADAS":"OpenStreetMap Nominatim (geocodificação reversa)","URL_FONTE_COORDENADAS":"https://www.openstreetmap.org/relation/298216","ATRIBUICAO_COORDENADAS":"© OpenStreetMap contributors, ODbL 1.0","CAPACIDADE_FONTE":"Meu Timão","URL_FONTE_CAPACIDADE":"https://www.meutimao.com.br/estadio/novelli_junior/","PAIS_ISO3":"BRA"},"geometry":{"type":"Point","coordinates":[-47.2877526,-23.2808026]}},{"type":"Feature","properties":{"ESTÁDIO":"Nuevo Gasómetro","CIDADE":"Buenos Aires","ESTADO":"Autonomous City of Buenos Aires","PAÍS":"Argentina","CAPACIDADE":"47964","PRIMEIRA_PARTIDA":"SAN LORENZO 2x1 CORINTHIANS","DATA_PRIMEIRA_PARTIDA":"1999-10-21","ANO_PRIMEIRA_PARTIDA":1999,"ADVERSARIO":"SAN LORENZO","PLACAR":"2x1","COMPETICAO_PRIMEIRA_PARTIDA":"Copa Mercosul 1999","MANDO_PRIMEIRA_PARTIDA":"Não","FONTE_PRIMEIRA_PARTIDA":"https://www.meutimao.com.br/jogo/2238/copa-mercosul-1999/quartas_de_final/san_lorenzo-2-x-1-corinthians","TOTAL_JOGOS":3,"VITÓRIAS":1,"EMPATES":0,"DERROTAS":2,"APROVEITAMENTO_PCT":33.3,"GOLS_MARCADOS":3,"GOLS_SOFRIDOS":6,"NOMES_ALTERNATIVOS":[],"FONTES_JOGOS":["Meu Timão"],"LATITUDE":-34.6520652,"LONGITUDE":-58.4401169,"FONTE_COORDENADAS":"OpenStreetMap Nominatim (geocodificação reversa)","URL_FONTE_COORDENADAS":"https://www.openstreetmap.org/relation/1224652","ATRIBUICAO_COORDENADAS":"© OpenStreetMap contributors, ODbL 1.0","CAPACIDADE_FONTE":"StadiumDB.com","URL_FONTE_CAPACIDADE":"https://stadiumdb.com/stadiums/arg/el_nuevo_gasometro","PAIS_ISO3":"ARG","FONTE_CORRECAO_PAIS":"https://data.geocode.earth/wof/dist/legacy/whosonfirst-data-country-latest.tar.bz2"},"geometry":{"type":"Point","coordinates":[-58.4401169,-34.6520652]}},{"type":"Feature","properties":{"ESTÁDIO":"Nya Ullevi","CIDADE":"Gotemburgo","ESTADO":null,"PAÍS":"Suécia","CAPACIDADE":null,"PRIMEIRA_PARTIDA":"SELEÇÃO DE GOTEMBURGO 3x9 CORINTHIANS","DATA_PRIMEIRA_PARTIDA":"1952-05-29","ANO_PRIMEIRA_PARTIDA":1952,"ADVERSARIO":"SELEÇÃO DE GOTEMBURGO","PLACAR":"3x9","COMPETICAO_PRIMEIRA_PARTIDA":"Amistosos 1952","MANDO_PRIMEIRA_PARTIDA":"Não","FONTE_PRIMEIRA_PARTIDA":"https://www.meutimao.com.br/jogo/5703/amistosos-1952/amistoso/selecao_de_gotemburgo-3-x-9-corinthians","TOTAL_JOGOS":1,"VITÓRIAS":1,"EMPATES":0,"DERROTAS":0,"APROVEITAMENTO_PCT":100.0,"GOLS_MARCADOS":9,"GOLS_SOFRIDOS":3,"NOMES_ALTERNATIVOS":[],"FONTES_JOGOS":["Meu Timão"],"LATITUDE":57.7062579,"LONGITUDE":11.9801221,"FONTE_COORDENADAS":"OpenStreetMap Nominatim (geocodificação reversa)","URL_FONTE_COORDENADAS":"https://www.openstreetmap.org/node/25930131","ATRIBUICAO_COORDENADAS":"© OpenStreetMap contributors, ODbL 1.0","PAIS_ISO3":"SWE"},"geometry":{"type":"Point","coordinates":[11.9801221,57.7062579]}},{"type":"Feature","properties":{"ESTÁDIO":"OAKA Spiridon Louis","CIDADE":"Municipality of Marousi","ESTADO":"Attica","PAÍS":"Greece","CAPACIDADE":null,"PRIMEIRA_PARTIDA":"OLYMPIACOS 0x2 CORINTHIANS","DATA_PRIMEIRA_PARTIDA":"1972-06-11","ANO_PRIMEIRA_PARTIDA":1972,"ADVERSARIO":"OLYMPIACOS","PLACAR":"0x2","COMPETICAO_PRIMEIRA_PARTIDA":"Amistosos 1972","MANDO_PRIMEIRA_PARTIDA":"Não","FONTE_PRIMEIRA_PARTIDA":"https://www.meutimao.com.br/jogo/4196/amistosos-1972/amistoso/olympiacos-0-x-2-corinthians","TOTAL_JOGOS":1,"VITÓRIAS":1,"EMPATES":0,"DERROTAS":0,"APROVEITAMENTO_PCT":100.0,"GOLS_MARCADOS":2,"GOLS_SOFRIDOS":0,"NOMES_ALTERNATIVOS":[],"FONTES_JOGOS":["Meu Timão"],"LATITUDE":38.0361294,"LONGITUDE":23.7875913,"FONTE_COORDENADAS":"OpenStreetMap Nominatim (geocodificação reversa)","URL_FONTE_COORDENADAS":"https://www.openstreetmap.org/relation/1385823","ATRIBUICAO_COORDENADAS":"© OpenStreetMap contributors, ODbL 1.0","PAIS_ISO3":"GRC","FONTE_CORRECAO_PAIS":"https://data.geocode.earth/wof/dist/legacy/whosonfirst-data-country-latest.tar.bz2"},"geometry":{"type":"Point","coordinates":[23.7875913,38.0361294]}},{"type":"Feature","properties":{"ESTÁDIO":"Olimpico","CIDADE":"Porto Alegre","ESTADO":"Rio Grande do Sul","PAÍS":"Brasil","CAPACIDADE":"51081","PRIMEIRA_PARTIDA":"GRÊMIO 4x2 CORINTHIANS","DATA_PRIMEIRA_PARTIDA":"1955-12-22","ANO_PRIMEIRA_PARTIDA":1955,"ADVERSARIO":"GRÊMIO","PLACAR":"4x2","COMPETICAO_PRIMEIRA_PARTIDA":"Amistosos 1955","MANDO_PRIMEIRA_PARTIDA":"Não","FONTE_PRIMEIRA_PARTIDA":"https://www.meutimao.com.br/jogo/5543/amistosos-1955/amistoso/gremio-4-x-2-corinthians","TOTAL_JOGOS":49,"VITÓRIAS":16,"EMPATES":12,"DERROTAS":21,"APROVEITAMENTO_PCT":40.8,"GOLS_MARCADOS":48,"GOLS_SOFRIDOS":66,"NOMES_ALTERNATIVOS":[],"FONTES_JOGOS":["Meu Timão"],"LATITUDE":-30.0603752,"LONGITUDE":-51.2132691,"FONTE_COORDENADAS":"OpenStreetMap Nominatim (geocodificação reversa)","URL_FONTE_COORDENADAS":"https://www.openstreetmap.org/relation/242397","ATRIBUICAO_COORDENADAS":"© OpenStreetMap contributors, ODbL 1.0","CAPACIDADE_FONTE":"StadiumDB.com","URL_FONTE_CAPACIDADE":"https://stadiumdb.com/stadiums/bra/estadio_olimpico_monumental","PAIS_ISO3":"BRA"},"geometry":{"type":"Point","coordinates":[-51.2132691,-30.0603752]}},{"type":"Feature","properties":{"ESTÁDIO":"Olimpico Regional","CIDADE":"Cascavel","ESTADO":"Paraná","PAÍS":"Brazil","CAPACIDADE":"28125","PRIMEIRA_PARTIDA":"CASCAVEL 1x1 CORINTHIANS","DATA_PRIMEIRA_PARTIDA":"1982-11-12","ANO_PRIMEIRA_PARTIDA":1982,"ADVERSARIO":"CASCAVEL","PLACAR":"1x1","COMPETICAO_PRIMEIRA_PARTIDA":"Amistosos 1982","MANDO_PRIMEIRA_PARTIDA":"Não","FONTE_PRIMEIRA_PARTIDA":"https://www.meutimao.com.br/jogo/3481/amistosos-1982/amistoso/cascavel-1-x-1-corinthians","TOTAL_JOGOS":3,"VITÓRIAS":1,"EMPATES":2,"DERROTAS":0,"APROVEITAMENTO_PCT":55.6,"GOLS_MARCADOS":5,"GOLS_SOFRIDOS":2,"NOMES_ALTERNATIVOS":[],"FONTES_JOGOS":["Meu Timão"],"LATITUDE":-24.9751235,"LONGITUDE":-53.5023756,"FONTE_COORDENADAS":"OpenStreetMap Nominatim (geocodificação reversa)","URL_FONTE_COORDENADAS":"https://www.openstreetmap.org/relation/297564","ATRIBUICAO_COORDENADAS":"© OpenStreetMap contributors, ODbL 1.0","CAPACIDADE_FONTE":"Meu Timão","URL_FONTE_CAPACIDADE":"https://www.meutimao.com.br/estadio/olimpico_regional/","PAIS_ISO3":"BRA","FONTE_CORRECAO_PAIS":"https://data.geocode.earth/wof/dist/legacy/whosonfirst-data-country-latest.tar.bz2"},"geometry":{"type":"Point","coordinates":[-53.5023756,-24.9751235]}},{"type":"Feature","properties":{"ESTÁDIO":"Olimpico da Cidade do Mexico","CIDADE":"Cidade do México","ESTADO":"Cidade do México","PAÍS":"México","CAPACIDADE":null,"PRIMEIRA_PARTIDA":"u.n.a.m - pumas 3 x 0 Corinthians","DATA_PRIMEIRA_PARTIDA":"2005-11-09","ANO_PRIMEIRA_PARTIDA":2005,"ADVERSARIO":"u.n.a.m - pumas","PLACAR":"3 x 0","COMPETICAO_PRIMEIRA_PARTIDA":"Sulamericana","MANDO_PRIMEIRA_PARTIDA":"Visitante","FONTE_PRIMEIRA_PARTIDA":"Meu Timão / Acervo ATLAS1910","TOTAL_JOGOS":1,"VITÓRIAS":0,"EMPATES":0,"DERROTAS":1,"APROVEITAMENTO_PCT":0,"GOLS_MARCADOS":0,"GOLS_SOFRIDOS":3,"NOMES_ALTERNATIVOS":[],"FONTES_JOGOS":[],"LATITUDE":19.3319125,"LONGITUDE":-99.1921777,"FONTE_COORDENADAS":"OpenStreetMap Nominatim (geocodificação reversa)","URL_FONTE_COORDENADAS":"https://www.openstreetmap.org/relation/17483459","ATRIBUICAO_COORDENADAS":"© OpenStreetMap contributors, ODbL 1.0","PAIS_ISO3":"MEX"},"geometry":{"type":"Point","coordinates":[-99.1921777,19.3319125]}},{"type":"Feature","properties":{"ESTÁDIO":"Olimpico de Caracas","CIDADE":"Caracas","ESTADO":"Capital District","PAÍS":"Venezuela","CAPACIDADE":"24900","PRIMEIRA_PARTIDA":"CORINTHIANS 1x0 ROMA","DATA_PRIMEIRA_PARTIDA":"1953-07-14","ANO_PRIMEIRA_PARTIDA":1953,"ADVERSARIO":"ROMA","PLACAR":"1x0","COMPETICAO_PRIMEIRA_PARTIDA":"Pequena Taça do Mundo 1953","MANDO_PRIMEIRA_PARTIDA":"Sim","FONTE_PRIMEIRA_PARTIDA":"https://www.meutimao.com.br/jogo/5636/pequena-taca-do-mundo-1953/corinthians-1-x-0-roma","TOTAL_JOGOS":7,"VITÓRIAS":6,"EMPATES":1,"DERROTAS":0,"APROVEITAMENTO_PCT":90.5,"GOLS_MARCADOS":13,"GOLS_SOFRIDOS":5,"NOMES_ALTERNATIVOS":[],"FONTES_JOGOS":["Meu Timão"],"LATITUDE":10.4913486,"LONGITUDE":-66.885831,"FONTE_COORDENADAS":"OpenStreetMap Nominatim (geocodificação reversa)","URL_FONTE_COORDENADAS":"https://www.openstreetmap.org/relation/11219583","ATRIBUICAO_COORDENADAS":"© OpenStreetMap contributors, ODbL 1.0","CAPACIDADE_FONTE":"Meu Timão","URL_FONTE_CAPACIDADE":"https://www.meutimao.com.br/estadio/olimpico_de_caracas/","PAIS_ISO3":"VEN"},"geometry":{"type":"Point","coordinates":[-66.885831,10.4913486]}},{"type":"Feature","properties":{"ESTÁDIO":"Olimpico de  Halmstad","CIDADE":"Halmstad","ESTADO":null,"PAÍS":"Suécia","CAPACIDADE":null,"PRIMEIRA_PARTIDA":"seleção de halmstads/hamlia 1 x 10 Corinthians","DATA_PRIMEIRA_PARTIDA":"1952-06-08","ANO_PRIMEIRA_PARTIDA":1952,"ADVERSARIO":"seleção de halmstads/hamlia","PLACAR":"1 x 10","COMPETICAO_PRIMEIRA_PARTIDA":"Amistoso","MANDO_PRIMEIRA_PARTIDA":"Visitante","FONTE_PRIMEIRA_PARTIDA":"Meu Timão / Acervo ATLAS1910","TOTAL_JOGOS":3,"VITÓRIAS":3,"EMPATES":0,"DERROTAS":0,"APROVEITAMENTO_PCT":100,"GOLS_MARCADOS":30,"GOLS_SOFRIDOS":3,"NOMES_ALTERNATIVOS":[],"FONTES_JOGOS":[],"LATITUDE":56.6842999,"LONGITUDE":12.867545,"FONTE_COORDENADAS":"OpenStreetMap Nominatim (geocodificação reversa)","URL_FONTE_COORDENADAS":"https://www.openstreetmap.org/node/1594669682","ATRIBUICAO_COORDENADAS":"© OpenStreetMap contributors, ODbL 1.0","PAIS_ISO3":"SWE"},"geometry":{"type":"Point","coordinates":[12.867545,56.6842999]}},{"type":"Feature","properties":{"ESTÁDIO":"Olímpico Atahualpa","CIDADE":"Quito","ESTADO":"Pichincha","PAÍS":"Equador","CAPACIDADE":"39816","PRIMEIRA_PARTIDA":"el nacional 2 x 1 Corinthians","DATA_PRIMEIRA_PARTIDA":"1977-04-10","ANO_PRIMEIRA_PARTIDA":1977,"ADVERSARIO":"el nacional","PLACAR":"2 x 1","COMPETICAO_PRIMEIRA_PARTIDA":"Libertadores","MANDO_PRIMEIRA_PARTIDA":"Visitante","FONTE_PRIMEIRA_PARTIDA":"Meu Timão / Acervo ATLAS1910","TOTAL_JOGOS":9,"VITÓRIAS":3,"EMPATES":3,"DERROTAS":3,"APROVEITAMENTO_PCT":44.4,"GOLS_MARCADOS":18,"GOLS_SOFRIDOS":15,"NOMES_ALTERNATIVOS":[],"FONTES_JOGOS":[],"LATITUDE":-0.1775,"LONGITUDE":-78.4766667,"FONTE_COORDENADAS":"OpenStreetMap Nominatim (geocodificação reversa)","URL_FONTE_COORDENADAS":"https://www.openstreetmap.org/node/58950371","ATRIBUICAO_COORDENADAS":"© OpenStreetMap contributors, ODbL 1.0","CAPACIDADE_FONTE":"StadiumDB.com","URL_FONTE_CAPACIDADE":"https://stadiumdb.com/stadiums/ecu/estadio_olimpico_atahualpa","PAIS_ISO3":"ECU"},"geometry":{"type":"Point","coordinates":[-78.4766667,-0.1775]}},{"type":"Feature","properties":{"ESTÁDIO":"Olímpico de Helsinque","CIDADE":"Helsinque","ESTADO":"Uusimaa","PAÍS":"Finlândia","CAPACIDADE":null,"PRIMEIRA_PARTIDA":"seleção filandesa (Olimpica) 1 x 5 Corinthians","DATA_PRIMEIRA_PARTIDA":"1952-06-01","ANO_PRIMEIRA_PARTIDA":1952,"ADVERSARIO":"seleção filandesa (Olimpica)","PLACAR":"1 x 5","COMPETICAO_PRIMEIRA_PARTIDA":"Amistoso","MANDO_PRIMEIRA_PARTIDA":"Visitante","FONTE_PRIMEIRA_PARTIDA":"Meu Timão / Acervo ATLAS1910","TOTAL_JOGOS":3,"VITÓRIAS":3,"EMPATES":0,"DERROTAS":0,"APROVEITAMENTO_PCT":100,"GOLS_MARCADOS":15,"GOLS_SOFRIDOS":3,"NOMES_ALTERNATIVOS":[],"FONTES_JOGOS":[],"LATITUDE":60.187902,"LONGITUDE":24.926746,"FONTE_COORDENADAS":"OpenStreetMap Nominatim (geocodificação reversa)","URL_FONTE_COORDENADAS":"https://www.openstreetmap.org/relation/34914","ATRIBUICAO_COORDENADAS":"© OpenStreetMap contributors, ODbL 1.0","PAIS_ISO3":"FIN"},"geometry":{"type":"Point","coordinates":[24.926746,60.187902]}},{"type":"Feature","properties":{"ESTÁDIO":"Olímpico de Roma","CIDADE":"Roma","ESTADO":"Lácio","PAÍS":"Itália","CAPACIDADE":null,"PRIMEIRA_PARTIDA":"roma 0 x 1 Corinthians","DATA_PRIMEIRA_PARTIDA":"1972-06-20","ANO_PRIMEIRA_PARTIDA":1972,"ADVERSARIO":"roma","PLACAR":"0 x 1","COMPETICAO_PRIMEIRA_PARTIDA":"Amistoso","MANDO_PRIMEIRA_PARTIDA":"Visitante","FONTE_PRIMEIRA_PARTIDA":"Meu Timão / Acervo ATLAS1910","TOTAL_JOGOS":3,"VITÓRIAS":3,"EMPATES":0,"DERROTAS":0,"APROVEITAMENTO_PCT":100,"GOLS_MARCADOS":3,"GOLS_SOFRIDOS":0,"NOMES_ALTERNATIVOS":[],"FONTES_JOGOS":[],"LATITUDE":41.934077,"LONGITUDE":12.454725,"FONTE_COORDENADAS":"OpenStreetMap Nominatim (geocodificação reversa)","URL_FONTE_COORDENADAS":"https://www.openstreetmap.org/relation/41485","ATRIBUICAO_COORDENADAS":"© OpenStreetMap contributors, ODbL 1.0","PAIS_ISO3":"ITA"},"geometry":{"type":"Point","coordinates":[12.454725,41.934077]}},{"type":"Feature","properties":{"ESTÁDIO":"Orlando Scarpelli","CIDADE":"Florianópolis","ESTADO":"Santa Catarina","PAÍS":"Brasil","CAPACIDADE":"19069","PRIMEIRA_PARTIDA":"FIGUEIRENSE 1x1 CORINTHIANS","DATA_PRIMEIRA_PARTIDA":"1973-09-05","ANO_PRIMEIRA_PARTIDA":1973,"ADVERSARIO":"FIGUEIRENSE","PLACAR":"1x1","COMPETICAO_PRIMEIRA_PARTIDA":"Brasileirão 1973","MANDO_PRIMEIRA_PARTIDA":"Não","FONTE_PRIMEIRA_PARTIDA":"https://www.meutimao.com.br/jogo/4143/brasileirao-1973/figueirense-1-x-1-corinthians","TOTAL_JOGOS":14,"VITÓRIAS":4,"EMPATES":6,"DERROTAS":4,"APROVEITAMENTO_PCT":42.9,"GOLS_MARCADOS":15,"GOLS_SOFRIDOS":15,"NOMES_ALTERNATIVOS":[],"FONTES_JOGOS":["Meu Timão"],"LATITUDE":-27.5856563,"LONGITUDE":-48.5864866,"FONTE_COORDENADAS":"OpenStreetMap Nominatim (geocodificação reversa)","URL_FONTE_COORDENADAS":"https://www.openstreetmap.org/relation/296561","ATRIBUICAO_COORDENADAS":"© OpenStreetMap contributors, ODbL 1.0","CAPACIDADE_FONTE":"Meu Timão","URL_FONTE_CAPACIDADE":"https://www.meutimao.com.br/estadio/orlando_scarpelli/","PAIS_ISO3":"BRA"},"geometry":{"type":"Point","coordinates":[-48.5864866,-27.5856563]}},{"type":"Feature","properties":{"ESTÁDIO":"PV","CIDADE":"Fortaleza","ESTADO":"Ceará","PAÍS":"Brasil","CAPACIDADE":"20600","PRIMEIRA_PARTIDA":"FORTALEZA 1x2 CORINTHIANS","DATA_PRIMEIRA_PARTIDA":"1968-01-18","ANO_PRIMEIRA_PARTIDA":1968,"ADVERSARIO":"FORTALEZA","PLACAR":"1x2","COMPETICAO_PRIMEIRA_PARTIDA":"Amistosos 1968","MANDO_PRIMEIRA_PARTIDA":"Não","FONTE_PRIMEIRA_PARTIDA":"https://www.meutimao.com.br/jogo/4505/amistosos-1968/amistoso/fortaleza-1-x-2-corinthians","TOTAL_JOGOS":5,"VITÓRIAS":4,"EMPATES":1,"DERROTAS":0,"APROVEITAMENTO_PCT":86.7,"GOLS_MARCADOS":6,"GOLS_SOFRIDOS":2,"NOMES_ALTERNATIVOS":[],"FONTES_JOGOS":["Meu Timão"],"LATITUDE":-3.7932167,"LONGITUDE":-38.5280359,"PRECISAO_COORDENADAS":"Município (estádio exato não identificado)","FONTE_COORDENADAS":"OpenStreetMap Nominatim (localidade aproximada)","URL_FONTE_COORDENADAS":"https://www.openstreetmap.org/relation/302588","ATRIBUICAO_COORDENADAS":"© OpenStreetMap contributors, ODbL 1.0","CAPACIDADE_FONTE":"Meu Timão","URL_FONTE_CAPACIDADE":"https://www.meutimao.com.br/estadio/pv/","PAIS_ISO3":"BRA"},"geometry":{"type":"Point","coordinates":[-38.5280359,-3.7932167]}},{"type":"Feature","properties":{"ESTÁDIO":"Pacaembu","CIDADE":"São Paulo","ESTADO":"São Paulo","PAÍS":"Brasil","CAPACIDADE":"26000","PRIMEIRA_PARTIDA":"CORINTHIANS 4x2 ATLÉTICO-MG","DATA_PRIMEIRA_PARTIDA":"1940-04-28","ANO_PRIMEIRA_PARTIDA":1940,"ADVERSARIO":"ATLÉTICO-MG","PLACAR":"4x2","COMPETICAO_PRIMEIRA_PARTIDA":"Taça São Paulo 1940","MANDO_PRIMEIRA_PARTIDA":"Sim","FONTE_PRIMEIRA_PARTIDA":"https://www.meutimao.com.br/jogo/6307/taca-sao-paulo-1940/corinthians-4-x-2-atletico-mg","TOTAL_JOGOS":1700,"VITÓRIAS":968,"EMPATES":400,"DERROTAS":332,"APROVEITAMENTO_PCT":64.8,"GOLS_MARCADOS":3321,"GOLS_SOFRIDOS":1939,"NOMES_ALTERNATIVOS":[],"FONTES_JOGOS":["Meu Timão"],"LATITUDE":-23.5473429,"LONGITUDE":-46.6652465,"FONTE_COORDENADAS":"OpenStreetMap Nominatim (geocodificação reversa)","URL_FONTE_COORDENADAS":"https://www.openstreetmap.org/relation/298285","ATRIBUICAO_COORDENADAS":"© OpenStreetMap contributors, ODbL 1.0","CAPACIDADE_FONTE":"StadiumDB.com","URL_FONTE_CAPACIDADE":"https://stadiumdb.com/stadiums/bra/estadio_do_pacaembu","PAIS_ISO3":"BRA"},"geometry":{"type":"Point","coordinates":[-46.6652465,-23.5473429]}},{"type":"Feature","properties":{"ESTÁDIO":"Pachuca","CIDADE":"Pachuca","ESTADO":"Hidalgo","PAÍS":"México","CAPACIDADE":null,"PRIMEIRA_PARTIDA":"INDEPENDIENTE 1x2 CORINTHIANS","DATA_PRIMEIRA_PARTIDA":"1981-11-18","ANO_PRIMEIRA_PARTIDA":1981,"ADVERSARIO":"INDEPENDIENTE","PLACAR":"1x2","COMPETICAO_PRIMEIRA_PARTIDA":"Troféu Feira de Hidalgo 1981","MANDO_PRIMEIRA_PARTIDA":"Visitante","FONTE_PRIMEIRA_PARTIDA":"https://www.meutimao.com.br/jogo/3563/trofeu-feira-de-hidalgo-1981/independiente-1-x-2-corinthians","TOTAL_JOGOS":6,"VITÓRIAS":6,"EMPATES":0,"DERROTAS":0,"APROVEITAMENTO_PCT":100,"GOLS_MARCADOS":12,"GOLS_SOFRIDOS":3,"NOMES_ALTERNATIVOS":[],"FONTES_JOGOS":[],"LATITUDE":20.1158676,"LONGITUDE":-98.7411083,"FONTE_COORDENADAS":"OpenStreetMap Nominatim (geocodificação reversa)","URL_FONTE_COORDENADAS":"https://www.openstreetmap.org/node/272109451","ATRIBUICAO_COORDENADAS":"© OpenStreetMap contributors, ODbL 1.0","PAIS_ISO3":"MEX"},"geometry":{"type":"Point","coordinates":[-98.7411083,20.1158676]}},{"type":"Feature","properties":{"ESTÁDIO":"Palestra Itália","CIDADE":"São Paulo","ESTADO":"São Paulo","PAÍS":"Brasil","CAPACIDADE":"27650","PRIMEIRA_PARTIDA":"CAMBRIDGE ND CORINTHIANS","DATA_PRIMEIRA_PARTIDA":"1911-04-16","ANO_PRIMEIRA_PARTIDA":1911,"ADVERSARIO":"CAMBRIDGE","PLACAR":"ND","COMPETICAO_PRIMEIRA_PARTIDA":"Jogo varzeano 1911","MANDO_PRIMEIRA_PARTIDA":"Não","FONTE_PRIMEIRA_PARTIDA":"https://www.meutimao.com.br/jogo/7994/jogo-varzeano-1911/amistoso/cambridge-x-corinthians","TOTAL_JOGOS":167,"VITÓRIAS":85,"EMPATES":35,"DERROTAS":45,"APROVEITAMENTO_PCT":58.6,"GOLS_MARCADOS":326,"GOLS_SOFRIDOS":217,"NOMES_ALTERNATIVOS":[],"FONTES_JOGOS":["Meu Timão"],"LATITUDE":-23.5506507,"LONGITUDE":-46.6333824,"PRECISAO_COORDENADAS":"Município (estádio exato não identificado)","FONTE_COORDENADAS":"OpenStreetMap Nominatim (localidade aproximada)","URL_FONTE_COORDENADAS":"https://www.openstreetmap.org/relation/298285","ATRIBUICAO_COORDENADAS":"© OpenStreetMap contributors, ODbL 1.0","CAPACIDADE_FONTE":"Meu Timão","URL_FONTE_CAPACIDADE":"https://www.meutimao.com.br/estadio/palestra_italia/","PAIS_ISO3":"BRA"},"geometry":{"type":"Point","coordinates":[-46.6333824,-23.5506507]}},{"type":"Feature","properties":{"ESTÁDIO":"Palma Travassos","CIDADE":"Ribeirão Preto","ESTADO":"São Paulo","PAÍS":"Brasil","CAPACIDADE":null,"PRIMEIRA_PARTIDA":"COMERCIAL DA CAPITAL 0x7 CORINTHIANS","DATA_PRIMEIRA_PARTIDA":"1940-06-30","ANO_PRIMEIRA_PARTIDA":1940,"ADVERSARIO":"COMERCIAL DA CAPITAL","PLACAR":"0x7","COMPETICAO_PRIMEIRA_PARTIDA":"Paulista 1940","MANDO_PRIMEIRA_PARTIDA":"Não","FONTE_PRIMEIRA_PARTIDA":"https://www.meutimao.com.br/jogo/6313/paulista-1940/comercial_da_capital-0-x-7-corinthians","TOTAL_JOGOS":23,"VITÓRIAS":8,"EMPATES":7,"DERROTAS":8,"APROVEITAMENTO_PCT":44.9,"GOLS_MARCADOS":30,"GOLS_SOFRIDOS":21,"NOMES_ALTERNATIVOS":[],"FONTES_JOGOS":["Meu Timão"],"LATITUDE":-21.1866813,"LONGITUDE":-47.788714,"FONTE_COORDENADAS":"OpenStreetMap Nominatim (geocodificação reversa)","URL_FONTE_COORDENADAS":"https://www.openstreetmap.org/relation/298156","ATRIBUICAO_COORDENADAS":"© OpenStreetMap contributors, ODbL 1.0","PAIS_ISO3":"BRA"},"geometry":{"type":"Point","coordinates":[-47.788714,-21.1866813]}},{"type":"Feature","properties":{"ESTÁDIO":"Palmeirão","CIDADE":"Pato Branco","ESTADO":"PR","PAÍS":"Brasil","CAPACIDADE":null,"PRIMEIRA_PARTIDA":"PATO BRANCO 0x3 CORINTHIANS","DATA_PRIMEIRA_PARTIDA":"1976-05-09","ANO_PRIMEIRA_PARTIDA":1976,"ADVERSARIO":"PATO BRANCO","PLACAR":"0x3","COMPETICAO_PRIMEIRA_PARTIDA":"Amistosos 1976","MANDO_PRIMEIRA_PARTIDA":"Visitante","FONTE_PRIMEIRA_PARTIDA":"https://www.meutimao.com.br/jogo/3878/amistosos-1976/amistoso/pato_branco-0-x-3-corinthians","TOTAL_JOGOS":1,"VITÓRIAS":1,"EMPATES":0,"DERROTAS":0,"APROVEITAMENTO_PCT":100,"GOLS_MARCADOS":3,"GOLS_SOFRIDOS":0,"NOMES_ALTERNATIVOS":[],"FONTES_JOGOS":[],"LATITUDE":-26.2110211,"LONGITUDE":-52.6802337,"PAIS_ISO3":"BRA"},"geometry":{"type":"Point","coordinates":[-52.6802337,-26.2110211]}},{"type":"Feature","properties":{"ESTÁDIO":"Palogrande","CIDADE":"Manizales","ESTADO":"Caldas","PAÍS":"Colombia","CAPACIDADE":"32000","PRIMEIRA_PARTIDA":"ONCE CALDAS 0x1 CORINTHIANS","DATA_PRIMEIRA_PARTIDA":"1963-01-23","ANO_PRIMEIRA_PARTIDA":1963,"ADVERSARIO":"ONCE CALDAS","PLACAR":"0x1","COMPETICAO_PRIMEIRA_PARTIDA":"Amistosos 1963","MANDO_PRIMEIRA_PARTIDA":"Não","FONTE_PRIMEIRA_PARTIDA":"https://www.meutimao.com.br/jogo/4943/amistosos-1963/amistoso/once_caldas-0-x-1-corinthians","TOTAL_JOGOS":2,"VITÓRIAS":1,"EMPATES":1,"DERROTAS":0,"APROVEITAMENTO_PCT":66.7,"GOLS_MARCADOS":2,"GOLS_SOFRIDOS":1,"NOMES_ALTERNATIVOS":[],"FONTES_JOGOS":["Meu Timão"],"LATITUDE":5.0569638,"LONGITUDE":-75.4899949,"FONTE_COORDENADAS":"OpenStreetMap Nominatim (geocodificação reversa)","URL_FONTE_COORDENADAS":"https://www.openstreetmap.org/relation/406052","ATRIBUICAO_COORDENADAS":"© OpenStreetMap contributors, ODbL 1.0","CAPACIDADE_FONTE":"StadiumDB.com","URL_FONTE_CAPACIDADE":"https://stadiumdb.com/stadiums/col/estadio_palogrande","PAIS_ISO3":"COL","FONTE_CORRECAO_PAIS":"https://data.geocode.earth/wof/dist/legacy/whosonfirst-data-country-latest.tar.bz2"},"geometry":{"type":"Point","coordinates":[-75.4899949,5.0569638]}},{"type":"Feature","properties":{"ESTÁDIO":"Parc des Princes","CIDADE":"Paris","ESTADO":"Ilha de França","PAÍS":"France","CAPACIDADE":"47929","PRIMEIRA_PARTIDA":"STADE DE REIMS 3x2 CORINTHIANS","DATA_PRIMEIRA_PARTIDA":"1959-05-20","ANO_PRIMEIRA_PARTIDA":1959,"ADVERSARIO":"STADE DE REIMS","PLACAR":"3x2","COMPETICAO_PRIMEIRA_PARTIDA":"Amistosos 1959","MANDO_PRIMEIRA_PARTIDA":"Não","FONTE_PRIMEIRA_PARTIDA":"https://www.meutimao.com.br/jogo/5192/amistosos-1959/amistoso/stade_de_reims-3-x-2-corinthians","TOTAL_JOGOS":2,"VITÓRIAS":0,"EMPATES":1,"DERROTAS":1,"APROVEITAMENTO_PCT":16.7,"GOLS_MARCADOS":4,"GOLS_SOFRIDOS":5,"NOMES_ALTERNATIVOS":[],"FONTES_JOGOS":["Meu Timão"],"LATITUDE":48.8414356,"LONGITUDE":2.2530487,"FONTE_COORDENADAS":"OpenStreetMap Nominatim (geocodificação reversa)","URL_FONTE_COORDENADAS":"https://www.openstreetmap.org/relation/7444","ATRIBUICAO_COORDENADAS":"© OpenStreetMap contributors, ODbL 1.0","CAPACIDADE_FONTE":"StadiumDB.com","URL_FONTE_CAPACIDADE":"https://stadiumdb.com/stadiums/fra/parc_des_princes","PAIS_ISO3":"FRA","FONTE_CORRECAO_PAIS":"https://data.geocode.earth/wof/dist/legacy/whosonfirst-data-country-latest.tar.bz2"},"geometry":{"type":"Point","coordinates":[2.2530487,48.8414356]}},{"type":"Feature","properties":{"ESTÁDIO":"Parque Antarctica","CIDADE":"São Paulo","ESTADO":"SP","PAÍS":"Brasil","CAPACIDADE":null,"PRIMEIRA_PARTIDA":"Cambridge ? x ? Corinthians","DATA_PRIMEIRA_PARTIDA":"1911-04-16","ANO_PRIMEIRA_PARTIDA":1911,"ADVERSARIO":"Cambridge","PLACAR":"? x ?","COMPETICAO_PRIMEIRA_PARTIDA":"Jogo varzeano","MANDO_PRIMEIRA_PARTIDA":"Visitante","FONTE_PRIMEIRA_PARTIDA":"Meu Timão / Acervo ATLAS1910","TOTAL_JOGOS":501,"VITÓRIAS":255,"EMPATES":105,"DERROTAS":135,"APROVEITAMENTO_PCT":58.6,"GOLS_MARCADOS":978,"GOLS_SOFRIDOS":651,"NOMES_ALTERNATIVOS":[],"FONTES_JOGOS":[],"LATITUDE":-23.5276207,"LONGITUDE":-46.6784662,"PAIS_ISO3":"BRA"},"geometry":{"type":"Point","coordinates":[-46.6784662,-23.5276207]}},{"type":"Feature","properties":{"ESTÁDIO":"Parque São Jorge de Presidente Prudente","CIDADE":"Presidente Prudente","ESTADO":"São Paulo","PAÍS":"Brasil","CAPACIDADE":"5000","PRIMEIRA_PARTIDA":"CORINTHIANS DE PRESIDENTE PRUDENTE 1x1 CORINTHIANS","DATA_PRIMEIRA_PARTIDA":"1962-01-28","ANO_PRIMEIRA_PARTIDA":1962,"ADVERSARIO":"CORINTHIANS","PLACAR":"1x1","COMPETICAO_PRIMEIRA_PARTIDA":"Amistosos 1962","MANDO_PRIMEIRA_PARTIDA":"Sim","FONTE_PRIMEIRA_PARTIDA":"https://www.meutimao.com.br/jogo/4981/amistosos-1962/amistoso/corinthians_de_presidente_prudente-1-x-1-corinthians","TOTAL_JOGOS":3,"VITÓRIAS":0,"EMPATES":2,"DERROTAS":1,"APROVEITAMENTO_PCT":22.2,"GOLS_MARCADOS":2,"GOLS_SOFRIDOS":7,"NOMES_ALTERNATIVOS":[],"FONTES_JOGOS":["Meu Timão"],"LATITUDE":-22.131652,"LONGITUDE":-51.3902292,"FONTE_COORDENADAS":"OpenStreetMap Nominatim (geocodificação reversa)","URL_FONTE_COORDENADAS":"https://www.openstreetmap.org/relation/298001","ATRIBUICAO_COORDENADAS":"© OpenStreetMap contributors, ODbL 1.0","CAPACIDADE_FONTE":"Meu Timão","URL_FONTE_CAPACIDADE":"https://www.meutimao.com.br/estadio/parque_sao_jorge_de_presidente_prudente/","PAIS_ISO3":"BRA"},"geometry":{"type":"Point","coordinates":[-51.3902292,-22.131652]}},{"type":"Feature","properties":{"ESTÁDIO":"Parque do Sabiá","CIDADE":"Uberlândia","ESTADO":"Minas Gerais","PAÍS":"Brasil","CAPACIDADE":"50000","PRIMEIRA_PARTIDA":"UBERLÂNDIA 1x5 CORINTHIANS","DATA_PRIMEIRA_PARTIDA":"1947-08-17","ANO_PRIMEIRA_PARTIDA":1947,"ADVERSARIO":"UBERLÂNDIA","PLACAR":"1x5","COMPETICAO_PRIMEIRA_PARTIDA":"Amistosos 1947","MANDO_PRIMEIRA_PARTIDA":"Não","FONTE_PRIMEIRA_PARTIDA":"https://www.meutimao.com.br/jogo/6011/amistosos-1947/amistoso/uberlandia-1-x-5-corinthians","TOTAL_JOGOS":7,"VITÓRIAS":2,"EMPATES":2,"DERROTAS":3,"APROVEITAMENTO_PCT":38.1,"GOLS_MARCADOS":9,"GOLS_SOFRIDOS":7,"NOMES_ALTERNATIVOS":[],"FONTES_JOGOS":["Meu Timão"],"LATITUDE":-18.9130624,"LONGITUDE":-48.2330308,"FONTE_COORDENADAS":"OpenStreetMap Nominatim (geocodificação reversa)","URL_FONTE_COORDENADAS":"https://www.openstreetmap.org/relation/314875","ATRIBUICAO_COORDENADAS":"© OpenStreetMap contributors, ODbL 1.0","CAPACIDADE_FONTE":"Meu Timão","URL_FONTE_CAPACIDADE":"https://www.meutimao.com.br/estadio/parque_do_sabia/","PAIS_ISO3":"BRA"},"geometry":{"type":"Point","coordinates":[-48.2330308,-18.9130624]}},{"type":"Feature","properties":{"ESTÁDIO":"Pascual Guerrero","CIDADE":"Cáli","ESTADO":"Valle del Cauca","PAÍS":"Colombia","CAPACIDADE":"33130","PRIMEIRA_PARTIDA":"BOCA JUNIORS DE CALI 1x3 CORINTHIANS","DATA_PRIMEIRA_PARTIDA":"1954-03-31","ANO_PRIMEIRA_PARTIDA":1954,"ADVERSARIO":"BOCA JUNIORS DE CALI","PLACAR":"1x3","COMPETICAO_PRIMEIRA_PARTIDA":"Amistosos 1954","MANDO_PRIMEIRA_PARTIDA":"Não","FONTE_PRIMEIRA_PARTIDA":"https://www.meutimao.com.br/jogo/5560/amistosos-1954/amistoso/boca_juniors_de_cali-1-x-3-corinthians","TOTAL_JOGOS":4,"VITÓRIAS":2,"EMPATES":1,"DERROTAS":1,"APROVEITAMENTO_PCT":58.3,"GOLS_MARCADOS":6,"GOLS_SOFRIDOS":5,"NOMES_ALTERNATIVOS":[],"FONTES_JOGOS":["Meu Timão"],"LATITUDE":3.4299548,"LONGITUDE":-76.5412366,"FONTE_COORDENADAS":"OpenStreetMap Nominatim (geocodificação reversa)","URL_FONTE_COORDENADAS":"https://www.openstreetmap.org/relation/8784644","ATRIBUICAO_COORDENADAS":"© OpenStreetMap contributors, ODbL 1.0","CAPACIDADE_FONTE":"StadiumDB.com","URL_FONTE_CAPACIDADE":"https://stadiumdb.com/stadiums/col/estadio_pascual_guerrero","PAIS_ISO3":"COL","FONTE_CORRECAO_PAIS":"https://data.geocode.earth/wof/dist/legacy/whosonfirst-data-country-latest.tar.bz2"},"geometry":{"type":"Point","coordinates":[-76.5412366,3.4299548]}},{"type":"Feature","properties":{"ESTÁDIO":"Passo das Emas","CIDADE":"Lucas do Rio Verde","ESTADO":"Mato Grosso","PAÍS":"Brasil","CAPACIDADE":"8000","PRIMEIRA_PARTIDA":"LUVERDENSE 1x0 CORINTHIANS","DATA_PRIMEIRA_PARTIDA":"2013-08-21","ANO_PRIMEIRA_PARTIDA":2013,"ADVERSARIO":"LUVERDENSE","PLACAR":"1x0","COMPETICAO_PRIMEIRA_PARTIDA":"Copa do Brasil 2013","MANDO_PRIMEIRA_PARTIDA":"Não","FONTE_PRIMEIRA_PARTIDA":"https://www.meutimao.com.br/jogo/428/copa-do-brasil-2013/luverdense-1-x-0-corinthians","TOTAL_JOGOS":1,"VITÓRIAS":0,"EMPATES":0,"DERROTAS":1,"APROVEITAMENTO_PCT":0.0,"GOLS_MARCADOS":0,"GOLS_SOFRIDOS":1,"NOMES_ALTERNATIVOS":[],"FONTES_JOGOS":["Meu Timão"],"LATITUDE":-13.0745028,"LONGITUDE":-55.9241914,"FONTE_COORDENADAS":"OpenStreetMap Nominatim (geocodificação reversa)","URL_FONTE_COORDENADAS":"https://www.openstreetmap.org/relation/333671","ATRIBUICAO_COORDENADAS":"© OpenStreetMap contributors, ODbL 1.0","CAPACIDADE_FONTE":"Meu Timão","URL_FONTE_CAPACIDADE":"https://www.meutimao.com.br/estadio/passo_das_emas/","PAIS_ISO3":"BRA"},"geometry":{"type":"Point","coordinates":[-55.9241914,-13.0745028]}},{"type":"Feature","properties":{"ESTÁDIO":"Pastinho","CIDADE":"Campinas","ESTADO":"São Paulo","PAÍS":"Brasil","CAPACIDADE":"5000","PRIMEIRA_PARTIDA":"GUARANI 3x4 CORINTHIANS","DATA_PRIMEIRA_PARTIDA":"1925-12-13","ANO_PRIMEIRA_PARTIDA":1925,"ADVERSARIO":"GUARANI","PLACAR":"3x4","COMPETICAO_PRIMEIRA_PARTIDA":"Amistosos 1925","MANDO_PRIMEIRA_PARTIDA":"Não","FONTE_PRIMEIRA_PARTIDA":"https://www.meutimao.com.br/jogo/6780/amistosos-1925/amistoso/guarani-3-x-4-corinthians","TOTAL_JOGOS":14,"VITÓRIAS":8,"EMPATES":3,"DERROTAS":3,"APROVEITAMENTO_PCT":64.3,"GOLS_MARCADOS":32,"GOLS_SOFRIDOS":24,"NOMES_ALTERNATIVOS":[],"FONTES_JOGOS":["Meu Timão"],"LATITUDE":-22.897266,"LONGITUDE":-47.0663726,"FONTE_COORDENADAS":"OpenStreetMap Nominatim (geocodificação reversa)","URL_FONTE_COORDENADAS":"https://www.openstreetmap.org/relation/298227","ATRIBUICAO_COORDENADAS":"© OpenStreetMap contributors, ODbL 1.0","CAPACIDADE_FONTE":"Meu Timão","URL_FONTE_CAPACIDADE":"https://www.meutimao.com.br/estadio/pastinho/","PAIS_ISO3":"BRA"},"geometry":{"type":"Point","coordinates":[-47.0663726,-22.897266]}},{"type":"Feature","properties":{"ESTÁDIO":"Pedro Benedetti","CIDADE":"Mauá","ESTADO":"São Paulo","PAÍS":"Brasil","CAPACIDADE":"11986","PRIMEIRA_PARTIDA":"SANTO ANDRÉ 1x0 CORINTHIANS","DATA_PRIMEIRA_PARTIDA":"1985-09-21","ANO_PRIMEIRA_PARTIDA":1985,"ADVERSARIO":"SANTO ANDRÉ","PLACAR":"1x0","COMPETICAO_PRIMEIRA_PARTIDA":"Paulista 1985","MANDO_PRIMEIRA_PARTIDA":"Não","FONTE_PRIMEIRA_PARTIDA":"https://www.meutimao.com.br/jogo/3247/paulista-1985/santo_andre-1-x-0-corinthians","TOTAL_JOGOS":1,"VITÓRIAS":0,"EMPATES":0,"DERROTAS":1,"APROVEITAMENTO_PCT":0.0,"GOLS_MARCADOS":0,"GOLS_SOFRIDOS":1,"NOMES_ALTERNATIVOS":[],"FONTES_JOGOS":["Meu Timão"],"LATITUDE":-23.6689672,"LONGITUDE":-46.4708551,"FONTE_COORDENADAS":"OpenStreetMap Nominatim (geocodificação reversa)","URL_FONTE_COORDENADAS":"https://www.openstreetmap.org/relation/297922","ATRIBUICAO_COORDENADAS":"© OpenStreetMap contributors, ODbL 1.0","CAPACIDADE_FONTE":"Meu Timão","URL_FONTE_CAPACIDADE":"https://www.meutimao.com.br/estadio/pedro_benedetti/","PAIS_ISO3":"BRA"},"geometry":{"type":"Point","coordinates":[-46.4708551,-23.6689672]}},{"type":"Feature","properties":{"ESTÁDIO":"Pedro Ludovico Teixeira","CIDADE":"Goiânia","ESTADO":"Goiás","PAÍS":"Brasil","CAPACIDADE":null,"PRIMEIRA_PARTIDA":"GRÊMIO 4x2 CORINTHIANS","DATA_PRIMEIRA_PARTIDA":"1955-12-22","ANO_PRIMEIRA_PARTIDA":1955,"ADVERSARIO":"GRÊMIO","PLACAR":"4x2","COMPETICAO_PRIMEIRA_PARTIDA":"Amistosos 1955","MANDO_PRIMEIRA_PARTIDA":"Visitante","FONTE_PRIMEIRA_PARTIDA":"https://www.meutimao.com.br/jogo/5543/amistosos-1955/amistoso/gremio-4-x-2-corinthians","TOTAL_JOGOS":90,"VITÓRIAS":27,"EMPATES":21,"DERROTAS":42,"APROVEITAMENTO_PCT":37.8,"GOLS_MARCADOS":80,"GOLS_SOFRIDOS":129,"NOMES_ALTERNATIVOS":[],"FONTES_JOGOS":[],"LATITUDE":-16.6707516,"LONGITUDE":-49.2624329,"FONTE_COORDENADAS":"OpenStreetMap Nominatim (geocodificação reversa)","URL_FONTE_COORDENADAS":"https://www.openstreetmap.org/relation/334547","ATRIBUICAO_COORDENADAS":"© OpenStreetMap contributors, ODbL 1.0","PAIS_ISO3":"BRA"},"geometry":{"type":"Point","coordinates":[-49.2624329,-16.6707516]}},{"type":"Feature","properties":{"ESTÁDIO":"Pedro Marin Berbel","CIDADE":"Birigui","ESTADO":"São Paulo","PAÍS":"Brasil","CAPACIDADE":"8240","PRIMEIRA_PARTIDA":"BANDEIRANTE DE BIRIGUI 1x3 CORINTHIANS","DATA_PRIMEIRA_PARTIDA":"1984-12-06","ANO_PRIMEIRA_PARTIDA":1984,"ADVERSARIO":"BANDEIRANTE DE BIRIGUI","PLACAR":"1x3","COMPETICAO_PRIMEIRA_PARTIDA":"Amistosos 1984","MANDO_PRIMEIRA_PARTIDA":"Não","FONTE_PRIMEIRA_PARTIDA":"https://www.meutimao.com.br/jogo/3340/amistosos-1984/amistoso/bandeirante_de_birigui-1-x-3-corinthians","TOTAL_JOGOS":3,"VITÓRIAS":2,"EMPATES":1,"DERROTAS":0,"APROVEITAMENTO_PCT":77.8,"GOLS_MARCADOS":5,"GOLS_SOFRIDOS":2,"NOMES_ALTERNATIVOS":[],"FONTES_JOGOS":["Meu Timão"],"LATITUDE":-21.2688871,"LONGITUDE":-50.3319381,"FONTE_COORDENADAS":"OpenStreetMap Nominatim (geocodificação reversa)","URL_FONTE_COORDENADAS":"https://www.openstreetmap.org/relation/298335","ATRIBUICAO_COORDENADAS":"© OpenStreetMap contributors, ODbL 1.0","CAPACIDADE_FONTE":"Meu Timão","URL_FONTE_CAPACIDADE":"https://www.meutimao.com.br/estadio/pedro_marin_berbel/","PAIS_ISO3":"BRA"},"geometry":{"type":"Point","coordinates":[-50.3319381,-21.2688871]}},{"type":"Feature","properties":{"ESTÁDIO":"Pedro Vilela","CIDADE":"Jacarezinho","ESTADO":"Paraná","PAÍS":"Brasil","CAPACIDADE":"2000","PRIMEIRA_PARTIDA":"JACAREZINHO 1x1 CORINTHIANS","DATA_PRIMEIRA_PARTIDA":"1945-10-28","ANO_PRIMEIRA_PARTIDA":1945,"ADVERSARIO":"JACAREZINHO","PLACAR":"1x1","COMPETICAO_PRIMEIRA_PARTIDA":"Amistosos 1945","MANDO_PRIMEIRA_PARTIDA":"Não","FONTE_PRIMEIRA_PARTIDA":"https://www.meutimao.com.br/jogo/6094/amistosos-1945/amistoso/jacarezinho-1-x-1-corinthians","TOTAL_JOGOS":3,"VITÓRIAS":2,"EMPATES":1,"DERROTAS":0,"APROVEITAMENTO_PCT":77.8,"GOLS_MARCADOS":9,"GOLS_SOFRIDOS":2,"NOMES_ALTERNATIVOS":[],"FONTES_JOGOS":["Meu Timão"],"LATITUDE":-23.1567705,"LONGITUDE":-49.9769314,"FONTE_COORDENADAS":"OpenStreetMap Nominatim (geocodificação reversa)","URL_FONTE_COORDENADAS":"https://www.openstreetmap.org/relation/297731","ATRIBUICAO_COORDENADAS":"© OpenStreetMap contributors, ODbL 1.0","CAPACIDADE_FONTE":"Meu Timão","URL_FONTE_CAPACIDADE":"https://www.meutimao.com.br/estadio/pedro_vilela/","PAIS_ISO3":"BRA"},"geometry":{"type":"Point","coordinates":[-49.9769314,-23.1567705]}},{"type":"Feature","properties":{"ESTÁDIO":"Pelezão","CIDADE":"Guará","ESTADO":"Distrito Federal","PAÍS":"Brasil","CAPACIDADE":"30000","PRIMEIRA_PARTIDA":"CEUB 2x1 CORINTHIANS","DATA_PRIMEIRA_PARTIDA":"1973-10-31","ANO_PRIMEIRA_PARTIDA":1973,"ADVERSARIO":"CEUB","PLACAR":"2x1","COMPETICAO_PRIMEIRA_PARTIDA":"Brasileirão 1973","MANDO_PRIMEIRA_PARTIDA":"Não","FONTE_PRIMEIRA_PARTIDA":"https://www.meutimao.com.br/jogo/4157/brasileirao-1973/ceub-2-x-1-corinthians","TOTAL_JOGOS":3,"VITÓRIAS":2,"EMPATES":0,"DERROTAS":1,"APROVEITAMENTO_PCT":66.7,"GOLS_MARCADOS":7,"GOLS_SOFRIDOS":2,"NOMES_ALTERNATIVOS":[],"FONTES_JOGOS":["Meu Timão"],"LATITUDE":-15.8288907,"LONGITUDE":-47.957359,"FONTE_COORDENADAS":"OpenStreetMap Nominatim (geocodificação reversa)","URL_FONTE_COORDENADAS":"https://www.openstreetmap.org/relation/3359470","ATRIBUICAO_COORDENADAS":"© OpenStreetMap contributors, ODbL 1.0","CAPACIDADE_FONTE":"Meu Timão","URL_FONTE_CAPACIDADE":"https://www.meutimao.com.br/estadio/pelezao/","PAIS_ISO3":"BRA"},"geometry":{"type":"Point","coordinates":[-47.957359,-15.8288907]}},{"type":"Feature","properties":{"ESTÁDIO":"Pequeno Maracanã","CIDADE":"Ourinhos","ESTADO":"São Paulo","PAÍS":"Brasil","CAPACIDADE":"5000","PRIMEIRA_PARTIDA":"OURINHENSE 1x1 CORINTHIANS","DATA_PRIMEIRA_PARTIDA":"1962-05-13","ANO_PRIMEIRA_PARTIDA":1962,"ADVERSARIO":"OURINHENSE","PLACAR":"1x1","COMPETICAO_PRIMEIRA_PARTIDA":"Amistosos 1962","MANDO_PRIMEIRA_PARTIDA":"Não","FONTE_PRIMEIRA_PARTIDA":"https://www.meutimao.com.br/jogo/4993/amistosos-1962/amistoso/ourinhense-1-x-1-corinthians","TOTAL_JOGOS":2,"VITÓRIAS":1,"EMPATES":1,"DERROTAS":0,"APROVEITAMENTO_PCT":66.7,"GOLS_MARCADOS":4,"GOLS_SOFRIDOS":1,"NOMES_ALTERNATIVOS":[],"FONTES_JOGOS":["Meu Timão"],"LATITUDE":-22.9760427,"LONGITUDE":-49.8607496,"FONTE_COORDENADAS":"OpenStreetMap Nominatim (geocodificação reversa)","URL_FONTE_COORDENADAS":"https://www.openstreetmap.org/relation/298375","ATRIBUICAO_COORDENADAS":"© OpenStreetMap contributors, ODbL 1.0","CAPACIDADE_FONTE":"Meu Timão","URL_FONTE_CAPACIDADE":"https://www.meutimao.com.br/estadio/pequeno_maracana/","PAIS_ISO3":"BRA"},"geometry":{"type":"Point","coordinates":[-49.8607496,-22.9760427]}},{"type":"Feature","properties":{"ESTÁDIO":"Pinheirão","CIDADE":"Curitiba","ESTADO":"Paraná","PAÍS":"Brasil","CAPACIDADE":"45000","PRIMEIRA_PARTIDA":"ATHLETICO-PR 0x0 CORINTHIANS","DATA_PRIMEIRA_PARTIDA":"1988-10-02","ANO_PRIMEIRA_PARTIDA":1988,"ADVERSARIO":"ATHLETICO-PR","PLACAR":"0x0","COMPETICAO_PRIMEIRA_PARTIDA":"Brasileirão 1988","MANDO_PRIMEIRA_PARTIDA":"Não","FONTE_PRIMEIRA_PARTIDA":"https://www.meutimao.com.br/jogo/3039/brasileirao-1988/athletico-pr-0-x-0-corinthians","TOTAL_JOGOS":6,"VITÓRIAS":5,"EMPATES":1,"DERROTAS":0,"APROVEITAMENTO_PCT":88.9,"GOLS_MARCADOS":11,"GOLS_SOFRIDOS":3,"NOMES_ALTERNATIVOS":[],"FONTES_JOGOS":["Meu Timão"],"LATITUDE":-25.4313977,"LONGITUDE":-49.2193652,"FONTE_COORDENADAS":"OpenStreetMap Nominatim (geocodificação reversa)","URL_FONTE_COORDENADAS":"https://www.openstreetmap.org/node/206136859","ATRIBUICAO_COORDENADAS":"© OpenStreetMap contributors, ODbL 1.0","CAPACIDADE_FONTE":"Meu Timão","URL_FONTE_CAPACIDADE":"https://www.meutimao.com.br/estadio/pinheirao/","PAIS_ISO3":"BRA"},"geometry":{"type":"Point","coordinates":[-49.2193652,-25.4313977]}},{"type":"Feature","properties":{"ESTÁDIO":"Pituaçu","CIDADE":"Salvador","ESTADO":"Bahia","PAÍS":"Brasil","CAPACIDADE":"32157","PRIMEIRA_PARTIDA":"BAHIA 0x1 CORINTHIANS","DATA_PRIMEIRA_PARTIDA":"2011-06-29","ANO_PRIMEIRA_PARTIDA":2011,"ADVERSARIO":"BAHIA","PLACAR":"0x1","COMPETICAO_PRIMEIRA_PARTIDA":"Brasileirão 2011","MANDO_PRIMEIRA_PARTIDA":"Não","FONTE_PRIMEIRA_PARTIDA":"https://www.meutimao.com.br/jogo/240/brasileirao-2011/bahia-0-x-1-corinthians","TOTAL_JOGOS":3,"VITÓRIAS":1,"EMPATES":2,"DERROTAS":0,"APROVEITAMENTO_PCT":55.6,"GOLS_MARCADOS":1,"GOLS_SOFRIDOS":0,"NOMES_ALTERNATIVOS":[],"FONTES_JOGOS":["Meu Timão"],"LATITUDE":-12.9466152,"LONGITUDE":-38.4187011,"FONTE_COORDENADAS":"OpenStreetMap Nominatim (geocodificação reversa)","URL_FONTE_COORDENADAS":"https://www.openstreetmap.org/relation/362362","ATRIBUICAO_COORDENADAS":"© OpenStreetMap contributors, ODbL 1.0","CAPACIDADE_FONTE":"Meu Timão","URL_FONTE_CAPACIDADE":"https://www.meutimao.com.br/estadio/pituacu/","PAIS_ISO3":"BRA"},"geometry":{"type":"Point","coordinates":[-38.4187011,-12.9466152]}},{"type":"Feature","properties":{"ESTÁDIO":"Plínio Marin","CIDADE":"Votuporanga","ESTADO":"São Paulo","PAÍS":"Brasil","CAPACIDADE":null,"PRIMEIRA_PARTIDA":"VOTUPORANGUENSE 2x2 CORINTHIANS","DATA_PRIMEIRA_PARTIDA":"1963-05-12","ANO_PRIMEIRA_PARTIDA":1963,"ADVERSARIO":"VOTUPORANGUENSE","PLACAR":"2x2","COMPETICAO_PRIMEIRA_PARTIDA":"Amistosos 1963","MANDO_PRIMEIRA_PARTIDA":"Não","FONTE_PRIMEIRA_PARTIDA":"https://www.meutimao.com.br/jogo/4934/amistosos-1963/amistoso/votuporanguense-2-x-2-corinthians","TOTAL_JOGOS":2,"VITÓRIAS":1,"EMPATES":1,"DERROTAS":0,"APROVEITAMENTO_PCT":66.7,"GOLS_MARCADOS":3,"GOLS_SOFRIDOS":2,"NOMES_ALTERNATIVOS":[],"FONTES_JOGOS":["Meu Timão"],"LATITUDE":-20.4065179,"LONGITUDE":-49.964782,"FONTE_COORDENADAS":"OpenStreetMap Nominatim (geocodificação reversa)","URL_FONTE_COORDENADAS":"https://www.openstreetmap.org/relation/298439","ATRIBUICAO_COORDENADAS":"© OpenStreetMap contributors, ODbL 1.0","PAIS_ISO3":"BRA"},"geometry":{"type":"Point","coordinates":[-49.964782,-20.4065179]}},{"type":"Feature","properties":{"ESTÁDIO":"Ponte Grande","CIDADE":"São Paulo","ESTADO":"São Paulo","PAÍS":"Brasil","CAPACIDADE":"8000","PRIMEIRA_PARTIDA":"CORINTHIANS 3x3 PALMEIRAS","DATA_PRIMEIRA_PARTIDA":"1918-03-17","ANO_PRIMEIRA_PARTIDA":1918,"ADVERSARIO":"PALMEIRAS","PLACAR":"3x3","COMPETICAO_PRIMEIRA_PARTIDA":"Amistosos 1918","MANDO_PRIMEIRA_PARTIDA":"Sim","FONTE_PRIMEIRA_PARTIDA":"https://www.meutimao.com.br/jogo/6951/amistosos-1918/amistoso/corinthians-3-x-3-palmeiras","TOTAL_JOGOS":102,"VITÓRIAS":80,"EMPATES":11,"DERROTAS":11,"APROVEITAMENTO_PCT":82.0,"GOLS_MARCADOS":387,"GOLS_SOFRIDOS":115,"NOMES_ALTERNATIVOS":[],"FONTES_JOGOS":["Meu Timão"],"LATITUDE":-23.520628,"LONGITUDE":-46.6319313,"FONTE_COORDENADAS":"OpenStreetMap Nominatim (geocodificação reversa)","URL_FONTE_COORDENADAS":"https://www.openstreetmap.org/relation/298285","ATRIBUICAO_COORDENADAS":"© OpenStreetMap contributors, ODbL 1.0","CAPACIDADE_FONTE":"Meu Timão","URL_FONTE_CAPACIDADE":"https://www.meutimao.com.br/estadio/ponte_grande/","PAIS_ISO3":"BRA"},"geometry":{"type":"Point","coordinates":[-46.6319313,-23.520628]}},{"type":"Feature","properties":{"ESTÁDIO":"Prado da Mooca","CIDADE":"São Paulo","ESTADO":"São Paulo","PAÍS":"Brasil","CAPACIDADE":"5000","PRIMEIRA_PARTIDA":"PARNAHYBA ND CORINTHIANS","DATA_PRIMEIRA_PARTIDA":"1911-01-29","ANO_PRIMEIRA_PARTIDA":1911,"ADVERSARIO":"PARNAHYBA","PLACAR":"ND","COMPETICAO_PRIMEIRA_PARTIDA":"Jogo varzeano 1911","MANDO_PRIMEIRA_PARTIDA":"Não","FONTE_PRIMEIRA_PARTIDA":"https://www.meutimao.com.br/jogo/7993/jogo-varzeano-1911/amistoso/parnahyba-x-corinthians","TOTAL_JOGOS":1,"VITÓRIAS":0,"EMPATES":0,"DERROTAS":0,"APROVEITAMENTO_PCT":0,"GOLS_MARCADOS":0,"GOLS_SOFRIDOS":0,"NOMES_ALTERNATIVOS":[],"FONTES_JOGOS":["Meu Timão"],"LATITUDE":-23.5510928,"LONGITUDE":-46.6005221,"FONTE_COORDENADAS":"OpenStreetMap Nominatim (geocodificação reversa)","URL_FONTE_COORDENADAS":"https://www.openstreetmap.org/relation/298285","ATRIBUICAO_COORDENADAS":"© OpenStreetMap contributors, ODbL 1.0","CAPACIDADE_FONTE":"Meu Timão","URL_FONTE_CAPACIDADE":"https://www.meutimao.com.br/estadio/prado_da_mooca/","PAIS_ISO3":"BRA"},"geometry":{"type":"Point","coordinates":[-46.6005221,-23.5510928]}},{"type":"Feature","properties":{"ESTÁDIO":"Presidente Dutra","CIDADE":"Cuiabá","ESTADO":"Mato Grosso","PAÍS":"Brasil","CAPACIDADE":"4500","PRIMEIRA_PARTIDA":"MIXTO 0x1 CORINTHIANS","DATA_PRIMEIRA_PARTIDA":"1975-05-14","ANO_PRIMEIRA_PARTIDA":1975,"ADVERSARIO":"MIXTO","PLACAR":"0x1","COMPETICAO_PRIMEIRA_PARTIDA":"Amistosos 1975","MANDO_PRIMEIRA_PARTIDA":"Não","FONTE_PRIMEIRA_PARTIDA":"https://www.meutimao.com.br/jogo/3952/amistosos-1975/amistoso/mixto-0-x-1-corinthians","TOTAL_JOGOS":1,"VITÓRIAS":1,"EMPATES":0,"DERROTAS":0,"APROVEITAMENTO_PCT":100.0,"GOLS_MARCADOS":1,"GOLS_SOFRIDOS":0,"NOMES_ALTERNATIVOS":[],"FONTES_JOGOS":["Meu Timão"],"LATITUDE":-15.6070545,"LONGITUDE":-56.1052672,"FONTE_COORDENADAS":"OpenStreetMap Nominatim (geocodificação reversa)","URL_FONTE_COORDENADAS":"https://www.openstreetmap.org/relation/333734","ATRIBUICAO_COORDENADAS":"© OpenStreetMap contributors, ODbL 1.0","CAPACIDADE_FONTE":"Meu Timão","URL_FONTE_CAPACIDADE":"https://www.meutimao.com.br/estadio/presidente_dutra/","PAIS_ISO3":"BRA"},"geometry":{"type":"Point","coordinates":[-56.1052672,-15.6070545]}},{"type":"Feature","properties":{"ESTÁDIO":"Presidente Vargas","CIDADE":"Fortaleza","ESTADO":"CE","PAÍS":"Brasil","CAPACIDADE":"20268","PRIMEIRA_PARTIDA":"fortaleza 1 x 2 Corinthians","DATA_PRIMEIRA_PARTIDA":"1968-01-18","ANO_PRIMEIRA_PARTIDA":1968,"ADVERSARIO":"fortaleza","PLACAR":"1 x 2","COMPETICAO_PRIMEIRA_PARTIDA":"Amistoso","MANDO_PRIMEIRA_PARTIDA":"Visitante","FONTE_PRIMEIRA_PARTIDA":"Meu Timão / Acervo ATLAS1910","TOTAL_JOGOS":15,"VITÓRIAS":12,"EMPATES":3,"DERROTAS":0,"APROVEITAMENTO_PCT":86.7,"GOLS_MARCADOS":18,"GOLS_SOFRIDOS":6,"NOMES_ALTERNATIVOS":[],"FONTES_JOGOS":[],"LATITUDE":-3.7458445,"LONGITUDE":-38.5368042,"CAPACIDADE_FONTE":"StadiumDB.com","URL_FONTE_CAPACIDADE":"https://stadiumdb.com/stadiums/bra/estadio_presidente_vargas","PAIS_ISO3":"BRA"},"geometry":{"type":"Point","coordinates":[-38.5368042,-3.7458445]}},{"type":"Feature","properties":{"ESTÁDIO":"Professor Nami Jafet","CIDADE":"São Paulo","ESTADO":"São Paulo","PAÍS":"Brasil","CAPACIDADE":null,"PRIMEIRA_PARTIDA":"YPIRANGA 2x3 CORINTHIANS","DATA_PRIMEIRA_PARTIDA":"1933-05-28","ANO_PRIMEIRA_PARTIDA":1933,"ADVERSARIO":"YPIRANGA","PLACAR":"2x3","COMPETICAO_PRIMEIRA_PARTIDA":"Paulista 1933","MANDO_PRIMEIRA_PARTIDA":"Não","FONTE_PRIMEIRA_PARTIDA":"https://www.meutimao.com.br/jogo/6554/paulista-1933/ypiranga-2-x-3-corinthians","TOTAL_JOGOS":3,"VITÓRIAS":2,"EMPATES":1,"DERROTAS":0,"APROVEITAMENTO_PCT":77.8,"GOLS_MARCADOS":7,"GOLS_SOFRIDOS":4,"NOMES_ALTERNATIVOS":[],"FONTES_JOGOS":["Meu Timão"],"LATITUDE":-23.5811811,"LONGITUDE":-46.6079546,"FONTE_COORDENADAS":"OpenStreetMap Nominatim (geocodificação reversa)","URL_FONTE_COORDENADAS":"https://www.openstreetmap.org/relation/298285","ATRIBUICAO_COORDENADAS":"© OpenStreetMap contributors, ODbL 1.0","PAIS_ISO3":"BRA"},"geometry":{"type":"Point","coordinates":[-46.6079546,-23.5811811]}},{"type":"Feature","properties":{"ESTÁDIO":"Prudentão","CIDADE":"Presidente Prudente","ESTADO":"São Paulo","PAÍS":"Brasil","CAPACIDADE":"44414","PRIMEIRA_PARTIDA":"PRUDENTINA 1x1 CORINTHIANS","DATA_PRIMEIRA_PARTIDA":"1949-03-20","ANO_PRIMEIRA_PARTIDA":1949,"ADVERSARIO":"PRUDENTINA","PLACAR":"1x1","COMPETICAO_PRIMEIRA_PARTIDA":"Amistosos 1949","MANDO_PRIMEIRA_PARTIDA":"Não","FONTE_PRIMEIRA_PARTIDA":"https://www.meutimao.com.br/jogo/5856/amistosos-1949/amistoso/prudentina-1-x-1-corinthians","TOTAL_JOGOS":26,"VITÓRIAS":11,"EMPATES":7,"DERROTAS":8,"APROVEITAMENTO_PCT":51.3,"GOLS_MARCADOS":44,"GOLS_SOFRIDOS":35,"NOMES_ALTERNATIVOS":[],"FONTES_JOGOS":["Meu Timão"],"LATITUDE":-22.0985498,"LONGITUDE":-51.4148828,"FONTE_COORDENADAS":"OpenStreetMap Nominatim (geocodificação reversa)","URL_FONTE_COORDENADAS":"https://www.openstreetmap.org/relation/298001","ATRIBUICAO_COORDENADAS":"© OpenStreetMap contributors, ODbL 1.0","CAPACIDADE_FONTE":"Meu Timão","URL_FONTE_CAPACIDADE":"https://www.meutimao.com.br/estadio/prudentao/","PAIS_ISO3":"BRA"},"geometry":{"type":"Point","coordinates":[-51.4148828,-22.0985498]}},{"type":"Feature","properties":{"ESTÁDIO":"Pueblo Nuevo","CIDADE":"Parroquia San Juan Bautista","ESTADO":"Tachira State","PAÍS":"Venezuela","CAPACIDADE":"42500","PRIMEIRA_PARTIDA":"DEPORTIVO TÁCHIRA 1x1 CORINTHIANS","DATA_PRIMEIRA_PARTIDA":"2012-02-15","ANO_PRIMEIRA_PARTIDA":2012,"ADVERSARIO":"DEPORTIVO TÁCHIRA","PLACAR":"1x1","COMPETICAO_PRIMEIRA_PARTIDA":"Libertadores 2012","MANDO_PRIMEIRA_PARTIDA":"Não","FONTE_PRIMEIRA_PARTIDA":"https://www.meutimao.com.br/jogo/298/libertadores-2012/deportivo_tachira-1-x-1-corinthians","TOTAL_JOGOS":1,"VITÓRIAS":0,"EMPATES":1,"DERROTAS":0,"APROVEITAMENTO_PCT":33.3,"GOLS_MARCADOS":1,"GOLS_SOFRIDOS":1,"NOMES_ALTERNATIVOS":[],"FONTES_JOGOS":["Meu Timão"],"LATITUDE":7.7873656,"LONGITUDE":-72.1982544,"FONTE_COORDENADAS":"OpenStreetMap Nominatim (geocodificação reversa)","URL_FONTE_COORDENADAS":"https://www.openstreetmap.org/relation/3417232","ATRIBUICAO_COORDENADAS":"© OpenStreetMap contributors, ODbL 1.0","CAPACIDADE_FONTE":"Meu Timão","URL_FONTE_CAPACIDADE":"https://www.meutimao.com.br/estadio/pueblo_nuevo/","PAIS_ISO3":"VEN","FONTE_CORRECAO_PAIS":"https://data.geocode.earth/wof/dist/legacy/whosonfirst-data-country-latest.tar.bz2"},"geometry":{"type":"Point","coordinates":[-72.1982544,7.7873656]}},{"type":"Feature","properties":{"ESTÁDIO":"Quintino de Lima","CIDADE":"São Roque","ESTADO":"São Paulo","PAÍS":"Brasil","CAPACIDADE":"5000","PRIMEIRA_PARTIDA":"PAULISTANO DE SÃO ROQUE 0x2 CORINTHIANS","DATA_PRIMEIRA_PARTIDA":"1991-05-30","ANO_PRIMEIRA_PARTIDA":1991,"ADVERSARIO":"PAULISTANO DE SÃO ROQUE","PLACAR":"0x2","COMPETICAO_PRIMEIRA_PARTIDA":"Amistosos 1991","MANDO_PRIMEIRA_PARTIDA":"Não","FONTE_PRIMEIRA_PARTIDA":"https://www.meutimao.com.br/jogo/2863/amistosos-1991/amistoso/paulistano_de_sao_roque-0-x-2-corinthians","TOTAL_JOGOS":2,"VITÓRIAS":2,"EMPATES":0,"DERROTAS":0,"APROVEITAMENTO_PCT":100.0,"GOLS_MARCADOS":5,"GOLS_SOFRIDOS":0,"NOMES_ALTERNATIVOS":[],"FONTES_JOGOS":["Meu Timão"],"LATITUDE":-23.5403667,"LONGITUDE":-47.1357642,"FONTE_COORDENADAS":"OpenStreetMap Nominatim (geocodificação reversa)","URL_FONTE_COORDENADAS":"https://www.openstreetmap.org/relation/298124","ATRIBUICAO_COORDENADAS":"© OpenStreetMap contributors, ODbL 1.0","CAPACIDADE_FONTE":"Meu Timão","URL_FONTE_CAPACIDADE":"https://www.meutimao.com.br/estadio/quintino_de_lima/","PAIS_ISO3":"BRA"},"geometry":{"type":"Point","coordinates":[-47.1357642,-23.5403667]}},{"type":"Feature","properties":{"ESTÁDIO":"Ramon de Carranza","CIDADE":"Cádis","ESTADO":"Andaluzia","PAÍS":"Spain","CAPACIDADE":"20724","PRIMEIRA_PARTIDA":"REAL MADRID 1x1 CORINTHIANS","DATA_PRIMEIRA_PARTIDA":"1966-09-03","ANO_PRIMEIRA_PARTIDA":1966,"ADVERSARIO":"REAL MADRID","PLACAR":"1x1","COMPETICAO_PRIMEIRA_PARTIDA":"Amistosos 1966","MANDO_PRIMEIRA_PARTIDA":"Não","FONTE_PRIMEIRA_PARTIDA":"https://www.meutimao.com.br/jogo/4657/amistosos-1966/amistoso/real_madrid-1-x-1-corinthians","TOTAL_JOGOS":6,"VITÓRIAS":3,"EMPATES":1,"DERROTAS":2,"APROVEITAMENTO_PCT":55.6,"GOLS_MARCADOS":8,"GOLS_SOFRIDOS":4,"NOMES_ALTERNATIVOS":[],"FONTES_JOGOS":["Meu Timão"],"LATITUDE":36.502601,"LONGITUDE":-6.2729285,"FONTE_COORDENADAS":"OpenStreetMap Nominatim (geocodificação reversa)","URL_FONTE_COORDENADAS":"https://www.openstreetmap.org/relation/346956","ATRIBUICAO_COORDENADAS":"© OpenStreetMap contributors, ODbL 1.0","CAPACIDADE_FONTE":"Meu Timão","URL_FONTE_CAPACIDADE":"https://www.meutimao.com.br/estadio/ramon_de_carranza/","PAIS_ISO3":"ESP","FONTE_CORRECAO_PAIS":"https://data.geocode.earth/wof/dist/legacy/whosonfirst-data-country-latest.tar.bz2"},"geometry":{"type":"Point","coordinates":[-6.2729285,36.502601]}},{"type":"Feature","properties":{"ESTÁDIO":"Ramón Sánchez Pizjuán","CIDADE":"Sevilha","ESTADO":"Andaluzia","PAÍS":"Spain","CAPACIDADE":"43883","PRIMEIRA_PARTIDA":"SEVILLA 3x4 CORINTHIANS","DATA_PRIMEIRA_PARTIDA":"1959-06-17","ANO_PRIMEIRA_PARTIDA":1959,"ADVERSARIO":"SEVILLA","PLACAR":"3x4","COMPETICAO_PRIMEIRA_PARTIDA":"Amistosos 1959","MANDO_PRIMEIRA_PARTIDA":"Não","FONTE_PRIMEIRA_PARTIDA":"https://www.meutimao.com.br/jogo/5199/amistosos-1959/amistoso/sevilla-3-x-4-corinthians","TOTAL_JOGOS":1,"VITÓRIAS":1,"EMPATES":0,"DERROTAS":0,"APROVEITAMENTO_PCT":100.0,"GOLS_MARCADOS":4,"GOLS_SOFRIDOS":3,"NOMES_ALTERNATIVOS":[],"FONTES_JOGOS":["Meu Timão"],"LATITUDE":37.3840655,"LONGITUDE":-5.9706902,"FONTE_COORDENADAS":"OpenStreetMap Nominatim (geocodificação reversa)","URL_FONTE_COORDENADAS":"https://www.openstreetmap.org/relation/342563","ATRIBUICAO_COORDENADAS":"© OpenStreetMap contributors, ODbL 1.0","CAPACIDADE_FONTE":"Meu Timão","URL_FONTE_CAPACIDADE":"https://www.meutimao.com.br/estadio/ramon_sanchez_pizjuan/","PAIS_ISO3":"ESP","FONTE_CORRECAO_PAIS":"https://data.geocode.earth/wof/dist/legacy/whosonfirst-data-country-latest.tar.bz2"},"geometry":{"type":"Point","coordinates":[-5.9706902,37.3840655]}},{"type":"Feature","properties":{"ESTÁDIO":"Raulino de Oliveira","CIDADE":"Volta Redonda","ESTADO":"Rio de Janeiro","PAÍS":"Brasil","CAPACIDADE":"21000","PRIMEIRA_PARTIDA":"FLUMINENSE 0x2 CORINTHIANS","DATA_PRIMEIRA_PARTIDA":"2005-10-05","ANO_PRIMEIRA_PARTIDA":2005,"ADVERSARIO":"FLUMINENSE","PLACAR":"0x2","COMPETICAO_PRIMEIRA_PARTIDA":"Brasileirão 2005","MANDO_PRIMEIRA_PARTIDA":"Não","FONTE_PRIMEIRA_PARTIDA":"https://www.meutimao.com.br/jogo/1800/brasileirao-2005/fluminense-0-x-2-corinthians","TOTAL_JOGOS":2,"VITÓRIAS":2,"EMPATES":0,"DERROTAS":0,"APROVEITAMENTO_PCT":100.0,"GOLS_MARCADOS":3,"GOLS_SOFRIDOS":0,"NOMES_ALTERNATIVOS":[],"FONTES_JOGOS":["Meu Timão"],"LATITUDE":-22.5083419,"LONGITUDE":-44.0968421,"FONTE_COORDENADAS":"OpenStreetMap Nominatim (geocodificação reversa)","URL_FONTE_COORDENADAS":"https://www.openstreetmap.org/relation/2217382","ATRIBUICAO_COORDENADAS":"© OpenStreetMap contributors, ODbL 1.0","CAPACIDADE_FONTE":"StadiumDB.com","URL_FONTE_CAPACIDADE":"https://stadiumdb.com/stadiums/bra/estadio_raulino_oliveira","PAIS_ISO3":"BRA"},"geometry":{"type":"Point","coordinates":[-44.0968421,-22.5083419]}},{"type":"Feature","properties":{"ESTÁDIO":"Ray","CIDADE":"Nice","ESTADO":"Provença-Alpes-Costa Azul","PAÍS":"France","CAPACIDADE":null,"PRIMEIRA_PARTIDA":"NICE 0x1 CORINTHIANS","DATA_PRIMEIRA_PARTIDA":"1970-04-30","ANO_PRIMEIRA_PARTIDA":1970,"ADVERSARIO":"NICE","PLACAR":"0x1","COMPETICAO_PRIMEIRA_PARTIDA":"Amistosos 1970","MANDO_PRIMEIRA_PARTIDA":"Não","FONTE_PRIMEIRA_PARTIDA":"https://www.meutimao.com.br/jogo/4371/amistosos-1970/amistoso/nice-0-x-1-corinthians","TOTAL_JOGOS":1,"VITÓRIAS":1,"EMPATES":0,"DERROTAS":0,"APROVEITAMENTO_PCT":100.0,"GOLS_MARCADOS":1,"GOLS_SOFRIDOS":0,"NOMES_ALTERNATIVOS":[],"FONTES_JOGOS":["Meu Timão"],"LATITUDE":43.7216181,"LONGITUDE":7.2605292,"FONTE_COORDENADAS":"OpenStreetMap Nominatim (geocodificação reversa)","URL_FONTE_COORDENADAS":"https://www.openstreetmap.org/relation/170100","ATRIBUICAO_COORDENADAS":"© OpenStreetMap contributors, ODbL 1.0","PAIS_ISO3":"FRA","FONTE_CORRECAO_PAIS":"https://data.geocode.earth/wof/dist/legacy/whosonfirst-data-country-latest.tar.bz2"},"geometry":{"type":"Point","coordinates":[7.2605292,43.7216181]}},{"type":"Feature","properties":{"ESTÁDIO":"Rei Pelé","CIDADE":"Maceió","ESTADO":"AL","PAÍS":"Brasil","CAPACIDADE":null,"PRIMEIRA_PARTIDA":"csa 1 x 6 Corinthians","DATA_PRIMEIRA_PARTIDA":"1970-12-02","ANO_PRIMEIRA_PARTIDA":1970,"ADVERSARIO":"csa","PLACAR":"1 x 6","COMPETICAO_PRIMEIRA_PARTIDA":"Amistoso","MANDO_PRIMEIRA_PARTIDA":"Visitante","FONTE_PRIMEIRA_PARTIDA":"Meu Timão / Acervo ATLAS1910","TOTAL_JOGOS":30,"VITÓRIAS":21,"EMPATES":3,"DERROTAS":6,"APROVEITAMENTO_PCT":73.3,"GOLS_MARCADOS":60,"GOLS_SOFRIDOS":21,"NOMES_ALTERNATIVOS":[],"FONTES_JOGOS":[],"LATITUDE":-9.6708828,"LONGITUDE":-35.759448,"PAIS_ISO3":"BRA"},"geometry":{"type":"Point","coordinates":[-35.759448,-9.6708828]}},{"type":"Feature","properties":{"ESTÁDIO":"Ressacada","CIDADE":"Florianópolis","ESTADO":"Santa Catarina","PAÍS":"Brasil","CAPACIDADE":"17800","PRIMEIRA_PARTIDA":"AVAÍ 1x1 CORINTHIANS","DATA_PRIMEIRA_PARTIDA":"2008-08-12","ANO_PRIMEIRA_PARTIDA":2008,"ADVERSARIO":"AVAÍ","PLACAR":"1x1","COMPETICAO_PRIMEIRA_PARTIDA":"Brasileirão - Série B 2008","MANDO_PRIMEIRA_PARTIDA":"Não","FONTE_PRIMEIRA_PARTIDA":"https://www.meutimao.com.br/jogo/120/brasileirao-serie-b-2008/avai-1-x-1-corinthians","TOTAL_JOGOS":9,"VITÓRIAS":2,"EMPATES":4,"DERROTAS":3,"APROVEITAMENTO_PCT":37.0,"GOLS_MARCADOS":11,"GOLS_SOFRIDOS":13,"NOMES_ALTERNATIVOS":[],"FONTES_JOGOS":["Meu Timão"],"LATITUDE":-27.6665434,"LONGITUDE":-48.5316518,"FONTE_COORDENADAS":"OpenStreetMap Nominatim (geocodificação reversa)","URL_FONTE_COORDENADAS":"https://www.openstreetmap.org/relation/296561","ATRIBUICAO_COORDENADAS":"© OpenStreetMap contributors, ODbL 1.0","CAPACIDADE_FONTE":"Meu Timão","URL_FONTE_CAPACIDADE":"https://www.meutimao.com.br/estadio/ressacada/","PAIS_ISO3":"BRA"},"geometry":{"type":"Point","coordinates":[-48.5316518,-27.6665434]}},{"type":"Feature","properties":{"ESTÁDIO":"Riazor","CIDADE":"Corunha","ESTADO":"Galiza","PAÍS":"Spain","CAPACIDADE":"35600","PRIMEIRA_PARTIDA":"SELEÇÃO DE LA CORUÑA 0x3 CORINTHIANS","DATA_PRIMEIRA_PARTIDA":"1959-06-28","ANO_PRIMEIRA_PARTIDA":1959,"ADVERSARIO":"SELEÇÃO DE LA CORUÑA","PLACAR":"0x3","COMPETICAO_PRIMEIRA_PARTIDA":"Amistosos 1959","MANDO_PRIMEIRA_PARTIDA":"Não","FONTE_PRIMEIRA_PARTIDA":"https://www.meutimao.com.br/jogo/5201/amistosos-1959/amistoso/selecao_de_la_coruna-0-x-3-corinthians","TOTAL_JOGOS":3,"VITÓRIAS":1,"EMPATES":1,"DERROTAS":1,"APROVEITAMENTO_PCT":44.4,"GOLS_MARCADOS":4,"GOLS_SOFRIDOS":3,"NOMES_ALTERNATIVOS":[],"FONTES_JOGOS":["Meu Timão"],"LATITUDE":43.3687184,"LONGITUDE":-8.4174835,"FONTE_COORDENADAS":"OpenStreetMap Nominatim (geocodificação reversa)","URL_FONTE_COORDENADAS":"https://www.openstreetmap.org/relation/346810","ATRIBUICAO_COORDENADAS":"© OpenStreetMap contributors, ODbL 1.0","CAPACIDADE_FONTE":"Meu Timão","URL_FONTE_CAPACIDADE":"https://www.meutimao.com.br/estadio/riazor/","PAIS_ISO3":"ESP","FONTE_CORRECAO_PAIS":"https://data.geocode.earth/wof/dist/legacy/whosonfirst-data-country-latest.tar.bz2"},"geometry":{"type":"Point","coordinates":[-8.4174835,43.3687184]}},{"type":"Feature","properties":{"ESTÁDIO":"Rio Pretão","CIDADE":"São José do Rio Preto","ESTADO":"São Paulo","PAÍS":"Brasil","CAPACIDADE":"18670","PRIMEIRA_PARTIDA":"RIO PRETO 2x2 CORINTHIANS","DATA_PRIMEIRA_PARTIDA":"1949-01-30","ANO_PRIMEIRA_PARTIDA":1949,"ADVERSARIO":"RIO PRETO","PLACAR":"2x2","COMPETICAO_PRIMEIRA_PARTIDA":"Amistosos 1949","MANDO_PRIMEIRA_PARTIDA":"Não","FONTE_PRIMEIRA_PARTIDA":"https://www.meutimao.com.br/jogo/5853/amistosos-1949/amistoso/rio_preto-2-x-2-corinthians","TOTAL_JOGOS":2,"VITÓRIAS":1,"EMPATES":1,"DERROTAS":0,"APROVEITAMENTO_PCT":66.7,"GOLS_MARCADOS":3,"GOLS_SOFRIDOS":2,"NOMES_ALTERNATIVOS":[],"FONTES_JOGOS":["Meu Timão"],"LATITUDE":-20.8345771,"LONGITUDE":-49.4011085,"FONTE_COORDENADAS":"OpenStreetMap Nominatim (geocodificação reversa)","URL_FONTE_COORDENADAS":"https://www.openstreetmap.org/relation/298344","ATRIBUICAO_COORDENADAS":"© OpenStreetMap contributors, ODbL 1.0","CAPACIDADE_FONTE":"Meu Timão","URL_FONTE_CAPACIDADE":"https://www.meutimao.com.br/estadio/rio_pretao/","PAIS_ISO3":"BRA"},"geometry":{"type":"Point","coordinates":[-49.4011085,-20.8345771]}},{"type":"Feature","properties":{"ESTÁDIO":"Robert Todd Locke","CIDADE":"Jaboticabal","ESTADO":"São Paulo","PAÍS":"Brasil","CAPACIDADE":null,"PRIMEIRA_PARTIDA":"JABOTICABAL 1x1 CORINTHIANS","DATA_PRIMEIRA_PARTIDA":"1928-08-05","ANO_PRIMEIRA_PARTIDA":1928,"ADVERSARIO":"JABOTICABAL","PLACAR":"1x1","COMPETICAO_PRIMEIRA_PARTIDA":"Amistosos 1928","MANDO_PRIMEIRA_PARTIDA":"Não","FONTE_PRIMEIRA_PARTIDA":"https://www.meutimao.com.br/jogo/6694/amistosos-1928/amistoso/jaboticabal-1-x-1-corinthians","TOTAL_JOGOS":3,"VITÓRIAS":1,"EMPATES":2,"DERROTAS":0,"APROVEITAMENTO_PCT":55.6,"GOLS_MARCADOS":4,"GOLS_SOFRIDOS":3,"NOMES_ALTERNATIVOS":[],"FONTES_JOGOS":["Meu Timão"],"LATITUDE":-21.26086,"LONGITUDE":-48.3252536,"FONTE_COORDENADAS":"OpenStreetMap Nominatim (geocodificação reversa)","URL_FONTE_COORDENADAS":"https://www.openstreetmap.org/relation/297912","ATRIBUICAO_COORDENADAS":"© OpenStreetMap contributors, ODbL 1.0","PAIS_ISO3":"BRA"},"geometry":{"type":"Point","coordinates":[-48.3252536,-21.26086]}},{"type":"Feature","properties":{"ESTÁDIO":"Robertão","CIDADE":"Piracicaba","ESTADO":"São Paulo","PAÍS":"Brasil","CAPACIDADE":null,"PRIMEIRA_PARTIDA":"XV DE PIRACICABA 2x2 CORINTHIANS","DATA_PRIMEIRA_PARTIDA":"1949-11-06","ANO_PRIMEIRA_PARTIDA":1949,"ADVERSARIO":"XV DE PIRACICABA","PLACAR":"2x2","COMPETICAO_PRIMEIRA_PARTIDA":"Paulista 1949","MANDO_PRIMEIRA_PARTIDA":"Não","FONTE_PRIMEIRA_PARTIDA":"https://www.meutimao.com.br/jogo/5887/paulista-1949/xv_de_piracicaba-2-x-2-corinthians","TOTAL_JOGOS":17,"VITÓRIAS":6,"EMPATES":6,"DERROTAS":5,"APROVEITAMENTO_PCT":47.1,"GOLS_MARCADOS":33,"GOLS_SOFRIDOS":29,"NOMES_ALTERNATIVOS":[],"FONTES_JOGOS":["Meu Timão"],"LATITUDE":-22.725165,"LONGITUDE":-47.6493269,"PRECISAO_COORDENADAS":"Município (estádio exato não identificado)","FONTE_COORDENADAS":"OpenStreetMap Nominatim (localidade aproximada)","URL_FONTE_COORDENADAS":"https://www.openstreetmap.org/relation/298413","ATRIBUICAO_COORDENADAS":"© OpenStreetMap contributors, ODbL 1.0","PAIS_ISO3":"BRA"},"geometry":{"type":"Point","coordinates":[-47.6493269,-22.725165]}},{"type":"Feature","properties":{"ESTÁDIO":"Romeirão","CIDADE":"Juazeiro do Norte","ESTADO":"Ceará","PAÍS":"Brasil","CAPACIDADE":"17230","PRIMEIRA_PARTIDA":"VASCO DA GAMA 0x3 CORINTHIANS","DATA_PRIMEIRA_PARTIDA":"1984-06-03","ANO_PRIMEIRA_PARTIDA":1984,"ADVERSARIO":"VASCO DA GAMA","PLACAR":"0x3","COMPETICAO_PRIMEIRA_PARTIDA":"Amistosos 1984","MANDO_PRIMEIRA_PARTIDA":"Não","FONTE_PRIMEIRA_PARTIDA":"https://www.meutimao.com.br/jogo/3414/amistosos-1984/amistoso/vasco_da_gama-0-x-3-corinthians","TOTAL_JOGOS":1,"VITÓRIAS":1,"EMPATES":0,"DERROTAS":0,"APROVEITAMENTO_PCT":100.0,"GOLS_MARCADOS":3,"GOLS_SOFRIDOS":0,"NOMES_ALTERNATIVOS":[],"FONTES_JOGOS":["Meu Timão"],"LATITUDE":-7.2241967,"LONGITUDE":-39.3179898,"FONTE_COORDENADAS":"OpenStreetMap Nominatim (geocodificação reversa)","URL_FONTE_COORDENADAS":"https://www.openstreetmap.org/relation/302487","ATRIBUICAO_COORDENADAS":"© OpenStreetMap contributors, ODbL 1.0","CAPACIDADE_FONTE":"StadiumDB.com","URL_FONTE_CAPACIDADE":"https://stadiumdb.com/stadiums/bra/arena_romeirao","PAIS_ISO3":"BRA"},"geometry":{"type":"Point","coordinates":[-39.3179898,-7.2241967]}},{"type":"Feature","properties":{"ESTÁDIO":"Ronaldo Junqueira","CIDADE":"Poços de Caldas","ESTADO":"MG","PAÍS":"Brasil","CAPACIDADE":null,"PRIMEIRA_PARTIDA":"Caldense 0 x 3 Corinthians","DATA_PRIMEIRA_PARTIDA":"1979-09-04","ANO_PRIMEIRA_PARTIDA":1979,"ADVERSARIO":"Caldense","PLACAR":"0 x 3","COMPETICAO_PRIMEIRA_PARTIDA":"Amistoso","MANDO_PRIMEIRA_PARTIDA":"Visitante","FONTE_PRIMEIRA_PARTIDA":"Meu Timão / Acervo ATLAS1910","TOTAL_JOGOS":21,"VITÓRIAS":12,"EMPATES":6,"DERROTAS":3,"APROVEITAMENTO_PCT":66.7,"GOLS_MARCADOS":30,"GOLS_SOFRIDOS":15,"NOMES_ALTERNATIVOS":[],"FONTES_JOGOS":[],"LATITUDE":-21.7778564,"LONGITUDE":-46.6058489,"PAIS_ISO3":"BRA"},"geometry":{"type":"Point","coordinates":[-46.6058489,-21.7778564]}},{"type":"Feature","properties":{"ESTÁDIO":"Ronaldão","CIDADE":"Poços de Caldas","ESTADO":"Minas Gerais","PAÍS":"Brasil","CAPACIDADE":"7600","PRIMEIRA_PARTIDA":"CALDENSE 0x3 CORINTHIANS","DATA_PRIMEIRA_PARTIDA":"1979-09-04","ANO_PRIMEIRA_PARTIDA":1979,"ADVERSARIO":"CALDENSE","PLACAR":"0x3","COMPETICAO_PRIMEIRA_PARTIDA":"Amistosos 1979","MANDO_PRIMEIRA_PARTIDA":"Não","FONTE_PRIMEIRA_PARTIDA":"https://www.meutimao.com.br/jogo/3691/amistosos-1979/amistoso/caldense-0-x-3-corinthians","TOTAL_JOGOS":7,"VITÓRIAS":4,"EMPATES":2,"DERROTAS":1,"APROVEITAMENTO_PCT":66.7,"GOLS_MARCADOS":10,"GOLS_SOFRIDOS":5,"NOMES_ALTERNATIVOS":[],"FONTES_JOGOS":["Meu Timão"],"LATITUDE":-21.7900318,"LONGITUDE":-46.5647928,"PRECISAO_COORDENADAS":"Município (estádio exato não identificado)","FONTE_COORDENADAS":"OpenStreetMap Nominatim (localidade aproximada)","URL_FONTE_COORDENADAS":"https://www.openstreetmap.org/relation/315315","ATRIBUICAO_COORDENADAS":"© OpenStreetMap contributors, ODbL 1.0","CAPACIDADE_FONTE":"Meu Timão","URL_FONTE_CAPACIDADE":"https://www.meutimao.com.br/estadio/ronaldao/","PAIS_ISO3":"BRA"},"geometry":{"type":"Point","coordinates":[-46.5647928,-21.7900318]}},{"type":"Feature","properties":{"ESTÁDIO":"Rua 32","CIDADE":"Barretos","ESTADO":"São Paulo","PAÍS":"Brasil","CAPACIDADE":null,"PRIMEIRA_PARTIDA":"CORINTHIANS 0x1 PALMEIRAS","DATA_PRIMEIRA_PARTIDA":"1954-08-29","ANO_PRIMEIRA_PARTIDA":1954,"ADVERSARIO":"PALMEIRAS","PLACAR":"0x1","COMPETICAO_PRIMEIRA_PARTIDA":"Amistosos 1954","MANDO_PRIMEIRA_PARTIDA":"Sim","FONTE_PRIMEIRA_PARTIDA":"https://www.meutimao.com.br/jogo/5585/amistosos-1954/amistoso/corinthians-0-x-1-palmeiras","TOTAL_JOGOS":2,"VITÓRIAS":1,"EMPATES":0,"DERROTAS":1,"APROVEITAMENTO_PCT":50.0,"GOLS_MARCADOS":5,"GOLS_SOFRIDOS":4,"NOMES_ALTERNATIVOS":[],"FONTES_JOGOS":["Meu Timão"],"LATITUDE":-20.5600307,"LONGITUDE":-48.5753285,"FONTE_COORDENADAS":"OpenStreetMap Nominatim (geocodificação reversa)","URL_FONTE_COORDENADAS":"https://www.openstreetmap.org/relation/297907","ATRIBUICAO_COORDENADAS":"© OpenStreetMap contributors, ODbL 1.0","PAIS_ISO3":"BRA"},"geometry":{"type":"Point","coordinates":[-48.5753285,-20.5600307]}},{"type":"Feature","properties":{"ESTÁDIO":"Rua Bariri","CIDADE":"Rio de Janeiro","ESTADO":"Rio de Janeiro","PAÍS":"Brasil","CAPACIDADE":null,"PRIMEIRA_PARTIDA":"OLARIA 2x4 CORINTHIANS","DATA_PRIMEIRA_PARTIDA":"1948-04-04","ANO_PRIMEIRA_PARTIDA":1948,"ADVERSARIO":"OLARIA","PLACAR":"2x4","COMPETICAO_PRIMEIRA_PARTIDA":"Amistosos 1948","MANDO_PRIMEIRA_PARTIDA":"Não","FONTE_PRIMEIRA_PARTIDA":"https://www.meutimao.com.br/jogo/5951/amistosos-1948/amistoso/olaria-2-x-4-corinthians","TOTAL_JOGOS":2,"VITÓRIAS":1,"EMPATES":0,"DERROTAS":1,"APROVEITAMENTO_PCT":50.0,"GOLS_MARCADOS":4,"GOLS_SOFRIDOS":3,"NOMES_ALTERNATIVOS":[],"FONTES_JOGOS":["Meu Timão"],"LATITUDE":-22.8419525,"LONGITUDE":-43.2669575,"FONTE_COORDENADAS":"OpenStreetMap Nominatim (geocodificação reversa)","URL_FONTE_COORDENADAS":"https://www.openstreetmap.org/relation/2697338","ATRIBUICAO_COORDENADAS":"© OpenStreetMap contributors, ODbL 1.0","PAIS_ISO3":"BRA"},"geometry":{"type":"Point","coordinates":[-43.2669575,-22.8419525]}},{"type":"Feature","properties":{"ESTÁDIO":"Rua Bocaiúva","CIDADE":"Florianópolis","ESTADO":"SC","PAÍS":"Brasil","CAPACIDADE":null,"PRIMEIRA_PARTIDA":"figueirense 3 x 6 Corinthians","DATA_PRIMEIRA_PARTIDA":"1943-02-04","ANO_PRIMEIRA_PARTIDA":1943,"ADVERSARIO":"figueirense","PLACAR":"3 x 6","COMPETICAO_PRIMEIRA_PARTIDA":"Amistoso","MANDO_PRIMEIRA_PARTIDA":"Visitante","FONTE_PRIMEIRA_PARTIDA":"Meu Timão / Acervo ATLAS1910","TOTAL_JOGOS":6,"VITÓRIAS":6,"EMPATES":0,"DERROTAS":0,"APROVEITAMENTO_PCT":100,"GOLS_MARCADOS":30,"GOLS_SOFRIDOS":18,"NOMES_ALTERNATIVOS":[],"FONTES_JOGOS":[],"LATITUDE":-27.5848902,"LONGITUDE":-48.5450349,"PAIS_ISO3":"BRA"},"geometry":{"type":"Point","coordinates":[-48.5450349,-27.5848902]}},{"type":"Feature","properties":{"ESTÁDIO":"Rua Brás Cubas","CIDADE":"Santo André","ESTADO":"São Paulo","PAÍS":"Brasil","CAPACIDADE":"10000","PRIMEIRA_PARTIDA":"PRIMEIRO DE MAIO 1x5 CORINTHIANS","DATA_PRIMEIRA_PARTIDA":"1926-04-18","ANO_PRIMEIRA_PARTIDA":1926,"ADVERSARIO":"PRIMEIRO DE MAIO","PLACAR":"1x5","COMPETICAO_PRIMEIRA_PARTIDA":"Amistosos 1926","MANDO_PRIMEIRA_PARTIDA":"Não","FONTE_PRIMEIRA_PARTIDA":"https://www.meutimao.com.br/jogo/6751/amistosos-1926/amistoso/primeiro_de_maio-1-x-5-corinthians","TOTAL_JOGOS":1,"VITÓRIAS":1,"EMPATES":0,"DERROTAS":0,"APROVEITAMENTO_PCT":100.0,"GOLS_MARCADOS":5,"GOLS_SOFRIDOS":1,"NOMES_ALTERNATIVOS":[],"FONTES_JOGOS":["Meu Timão"],"LATITUDE":-23.6566898,"LONGITUDE":-46.5258135,"FONTE_COORDENADAS":"OpenStreetMap Nominatim (geocodificação reversa)","URL_FONTE_COORDENADAS":"https://www.openstreetmap.org/relation/298086","ATRIBUICAO_COORDENADAS":"© OpenStreetMap contributors, ODbL 1.0","CAPACIDADE_FONTE":"Meu Timão","URL_FONTE_CAPACIDADE":"https://www.meutimao.com.br/estadio/rua_bras_cubas/","PAIS_ISO3":"BRA"},"geometry":{"type":"Point","coordinates":[-46.5258135,-23.6566898]}},{"type":"Feature","properties":{"ESTÁDIO":"Rua Campos Salles","CIDADE":"Rio de Janeiro","ESTADO":"Rio de Janeiro","PAÍS":"Brasil","CAPACIDADE":null,"PRIMEIRA_PARTIDA":"AMÉRICA-RJ 4x2 CORINTHIANS","DATA_PRIMEIRA_PARTIDA":"1922-09-03","ANO_PRIMEIRA_PARTIDA":1922,"ADVERSARIO":"AMÉRICA-RJ","PLACAR":"4x2","COMPETICAO_PRIMEIRA_PARTIDA":"Amistosos 1922","MANDO_PRIMEIRA_PARTIDA":"Não","FONTE_PRIMEIRA_PARTIDA":"https://www.meutimao.com.br/jogo/6843/amistosos-1922/amistoso/america-rj-4-x-2-corinthians","TOTAL_JOGOS":4,"VITÓRIAS":2,"EMPATES":0,"DERROTAS":2,"APROVEITAMENTO_PCT":50.0,"GOLS_MARCADOS":8,"GOLS_SOFRIDOS":8,"NOMES_ALTERNATIVOS":[],"FONTES_JOGOS":["Meu Timão"],"LATITUDE":-22.9166264,"LONGITUDE":-43.2177987,"FONTE_COORDENADAS":"OpenStreetMap Nominatim (geocodificação reversa)","URL_FONTE_COORDENADAS":"https://www.openstreetmap.org/relation/2697338","ATRIBUICAO_COORDENADAS":"© OpenStreetMap contributors, ODbL 1.0","PAIS_ISO3":"BRA"},"geometry":{"type":"Point","coordinates":[-43.2177987,-22.9166264]}},{"type":"Feature","properties":{"ESTÁDIO":"Rua Cesário Ramalho","CIDADE":"São Paulo","ESTADO":"São Paulo","PAÍS":"Brasil","CAPACIDADE":"3000","PRIMEIRA_PARTIDA":"UNIÃO ARTÍSTICA E RECREATIVA DO CAMBUCI 0x2 CORINTHIANS","DATA_PRIMEIRA_PARTIDA":"1919-12-28","ANO_PRIMEIRA_PARTIDA":1919,"ADVERSARIO":"UNIÃO ARTÍSTICA E RECREATIVA DO CAMBUCI","PLACAR":"0x2","COMPETICAO_PRIMEIRA_PARTIDA":"Amistosos 1919","MANDO_PRIMEIRA_PARTIDA":"Não","FONTE_PRIMEIRA_PARTIDA":"https://www.meutimao.com.br/jogo/6932/amistosos-1919/amistoso/uniao_artistica_e_recreativa_do_cambuci-0-x-2-corinthians","TOTAL_JOGOS":16,"VITÓRIAS":14,"EMPATES":0,"DERROTAS":2,"APROVEITAMENTO_PCT":87.5,"GOLS_MARCADOS":49,"GOLS_SOFRIDOS":11,"NOMES_ALTERNATIVOS":[],"FONTES_JOGOS":["Meu Timão"],"LATITUDE":-23.5613191,"LONGITUDE":-46.6216534,"FONTE_COORDENADAS":"OpenStreetMap Nominatim (geocodificação reversa)","URL_FONTE_COORDENADAS":"https://www.openstreetmap.org/relation/298285","ATRIBUICAO_COORDENADAS":"© OpenStreetMap contributors, ODbL 1.0","CAPACIDADE_FONTE":"Meu Timão","URL_FONTE_CAPACIDADE":"https://www.meutimao.com.br/estadio/rua_cesario_ramalho/","PAIS_ISO3":"BRA"},"geometry":{"type":"Point","coordinates":[-46.6216534,-23.5613191]}},{"type":"Feature","properties":{"ESTÁDIO":"Rua Comendador Souza","CIDADE":"São Paulo","ESTADO":"São Paulo","PAÍS":"Brasil","CAPACIDADE":null,"PRIMEIRA_PARTIDA":"SPR 1x2 CORINTHIANS","DATA_PRIMEIRA_PARTIDA":"1938-05-15","ANO_PRIMEIRA_PARTIDA":1938,"ADVERSARIO":"SPR","PLACAR":"1x2","COMPETICAO_PRIMEIRA_PARTIDA":"Torneio Extra/Taça Artur Tarantino 1938","MANDO_PRIMEIRA_PARTIDA":"Não","FONTE_PRIMEIRA_PARTIDA":"https://www.meutimao.com.br/jogo/6383/torneio-extrataca-artur-tarantino-1938/spr-1-x-2-corinthians","TOTAL_JOGOS":10,"VITÓRIAS":7,"EMPATES":3,"DERROTAS":0,"APROVEITAMENTO_PCT":80.0,"GOLS_MARCADOS":34,"GOLS_SOFRIDOS":18,"NOMES_ALTERNATIVOS":[],"FONTES_JOGOS":["Meu Timão"],"LATITUDE":-23.5180229,"LONGITUDE":-46.6852378,"FONTE_COORDENADAS":"OpenStreetMap Nominatim (geocodificação reversa)","URL_FONTE_COORDENADAS":"https://www.openstreetmap.org/relation/298285","ATRIBUICAO_COORDENADAS":"© OpenStreetMap contributors, ODbL 1.0","PAIS_ISO3":"BRA"},"geometry":{"type":"Point","coordinates":[-46.6852378,-23.5180229]}},{"type":"Feature","properties":{"ESTÁDIO":"Rua Coronel Montenegro","CIDADE":"Santos","ESTADO":"São Paulo","PAÍS":"Brasil","CAPACIDADE":"1000","PRIMEIRA_PARTIDA":"ATLÉTICO SANTISTA 1x1 CORINTHIANS","DATA_PRIMEIRA_PARTIDA":"1930-08-10","ANO_PRIMEIRA_PARTIDA":1930,"ADVERSARIO":"ATLÉTICO SANTISTA","PLACAR":"1x1","COMPETICAO_PRIMEIRA_PARTIDA":"Paulista 1930","MANDO_PRIMEIRA_PARTIDA":"Não","FONTE_PRIMEIRA_PARTIDA":"https://www.meutimao.com.br/jogo/6652/paulista-1930/atletico_santista-1-x-1-corinthians","TOTAL_JOGOS":1,"VITÓRIAS":0,"EMPATES":1,"DERROTAS":0,"APROVEITAMENTO_PCT":33.3,"GOLS_MARCADOS":1,"GOLS_SOFRIDOS":1,"NOMES_ALTERNATIVOS":[],"FONTES_JOGOS":["Meu Timão"],"LATITUDE":-23.9796868,"LONGITUDE":-46.3037332,"FONTE_COORDENADAS":"OpenStreetMap Nominatim (geocodificação reversa)","URL_FONTE_COORDENADAS":"https://www.openstreetmap.org/relation/298442","ATRIBUICAO_COORDENADAS":"© OpenStreetMap contributors, ODbL 1.0","CAPACIDADE_FONTE":"Meu Timão","URL_FONTE_CAPACIDADE":"https://www.meutimao.com.br/estadio/rua_coronel_montenegro/","PAIS_ISO3":"BRA"},"geometry":{"type":"Point","coordinates":[-46.3037332,-23.9796868]}},{"type":"Feature","properties":{"ESTÁDIO":"Rua Coronel Nogueira Padilha","CIDADE":"Sorocaba","ESTADO":"SP","PAÍS":"Brasil","CAPACIDADE":null,"PRIMEIRA_PARTIDA":"Primeiro jogo: são bento 1 x 5 Corinthians 29/08/1943 - Amistoso","DATA_PRIMEIRA_PARTIDA":"1943-08-29","ANO_PRIMEIRA_PARTIDA":1943,"ADVERSARIO":"Primeiro jogo: são bento","PLACAR":"1 x 5","COMPETICAO_PRIMEIRA_PARTIDA":"Amistoso","MANDO_PRIMEIRA_PARTIDA":"Visitante","FONTE_PRIMEIRA_PARTIDA":"Meu Timão / Acervo ATLAS1910","TOTAL_JOGOS":42,"VITÓRIAS":21,"EMPATES":12,"DERROTAS":9,"APROVEITAMENTO_PCT":59.5,"GOLS_MARCADOS":75,"GOLS_SOFRIDOS":42,"NOMES_ALTERNATIVOS":[],"FONTES_JOGOS":[],"LATITUDE":-23.5045237,"LONGITUDE":-47.4460532,"PAIS_ISO3":"BRA"},"geometry":{"type":"Point","coordinates":[-47.4460532,-23.5045237]}},{"type":"Feature","properties":{"ESTÁDIO":"Rua Doze de Novembro","CIDADE":"Americana","ESTADO":"São Paulo","PAÍS":"Brasil","CAPACIDADE":"1000","PRIMEIRA_PARTIDA":"RIO BRANCO 1x2 CORINTHIANS","DATA_PRIMEIRA_PARTIDA":"1925-12-06","ANO_PRIMEIRA_PARTIDA":1925,"ADVERSARIO":"RIO BRANCO","PLACAR":"1x2","COMPETICAO_PRIMEIRA_PARTIDA":"Amistosos 1925","MANDO_PRIMEIRA_PARTIDA":"Não","FONTE_PRIMEIRA_PARTIDA":"https://www.meutimao.com.br/jogo/6779/amistosos-1925/amistoso/rio_branco-1-x-2-corinthians","TOTAL_JOGOS":1,"VITÓRIAS":1,"EMPATES":0,"DERROTAS":0,"APROVEITAMENTO_PCT":100.0,"GOLS_MARCADOS":2,"GOLS_SOFRIDOS":1,"NOMES_ALTERNATIVOS":[],"FONTES_JOGOS":["Meu Timão"],"LATITUDE":-22.7378583,"LONGITUDE":-47.3320709,"FONTE_COORDENADAS":"OpenStreetMap Nominatim (geocodificação reversa)","URL_FONTE_COORDENADAS":"https://www.openstreetmap.org/relation/297977","ATRIBUICAO_COORDENADAS":"© OpenStreetMap contributors, ODbL 1.0","CAPACIDADE_FONTE":"Meu Timão","URL_FONTE_CAPACIDADE":"https://www.meutimao.com.br/estadio/rua_doze_de_novembro/","PAIS_ISO3":"BRA"},"geometry":{"type":"Point","coordinates":[-47.3320709,-22.7378583]}},{"type":"Feature","properties":{"ESTÁDIO":"Rua Javari","CIDADE":"São Paulo","ESTADO":"São Paulo","PAÍS":"Brasil","CAPACIDADE":"4000","PRIMEIRA_PARTIDA":"CORINTHIANS DE SANTO ANDRÉ 1x4 CORINTHIANS","DATA_PRIMEIRA_PARTIDA":"1927-07-31","ANO_PRIMEIRA_PARTIDA":1927,"ADVERSARIO":"CORINTHIANS","PLACAR":"1x4","COMPETICAO_PRIMEIRA_PARTIDA":"Paulista 1927","MANDO_PRIMEIRA_PARTIDA":"Sim","FONTE_PRIMEIRA_PARTIDA":"https://www.meutimao.com.br/jogo/6735/paulista-1927/corinthians_de_santo_andre-1-x-4-corinthians","TOTAL_JOGOS":28,"VITÓRIAS":19,"EMPATES":5,"DERROTAS":4,"APROVEITAMENTO_PCT":73.8,"GOLS_MARCADOS":70,"GOLS_SOFRIDOS":40,"NOMES_ALTERNATIVOS":[],"FONTES_JOGOS":["Meu Timão"],"LATITUDE":-23.5532921,"LONGITUDE":-46.6048538,"FONTE_COORDENADAS":"OpenStreetMap Nominatim (geocodificação reversa)","URL_FONTE_COORDENADAS":"https://www.openstreetmap.org/relation/298285","ATRIBUICAO_COORDENADAS":"© OpenStreetMap contributors, ODbL 1.0","CAPACIDADE_FONTE":"Meu Timão","URL_FONTE_CAPACIDADE":"https://www.meutimao.com.br/estadio/rua_javari/","PAIS_ISO3":"BRA"},"geometry":{"type":"Point","coordinates":[-46.6048538,-23.5532921]}},{"type":"Feature","properties":{"ESTÁDIO":"Rua Muller nº 57","CIDADE":"São Paulo","ESTADO":"São Paulo","PAÍS":"Brasil","CAPACIDADE":null,"PRIMEIRA_PARTIDA":"MINAS GERAIS-SP 2x4 CORINTHIANS","DATA_PRIMEIRA_PARTIDA":"1916-02-20","ANO_PRIMEIRA_PARTIDA":1916,"ADVERSARIO":"MINAS GERAIS-SP","PLACAR":"2x4","COMPETICAO_PRIMEIRA_PARTIDA":"Amistosos 1916","MANDO_PRIMEIRA_PARTIDA":"Não","FONTE_PRIMEIRA_PARTIDA":"https://www.meutimao.com.br/jogo/6991/amistosos-1916/amistoso/minas_gerais-sp-2-x-4-corinthians","TOTAL_JOGOS":5,"VITÓRIAS":3,"EMPATES":1,"DERROTAS":0,"APROVEITAMENTO_PCT":83.3,"GOLS_MARCADOS":12,"GOLS_SOFRIDOS":4,"NOMES_ALTERNATIVOS":[],"FONTES_JOGOS":["Meu Timão"],"LATITUDE":-23.5408397,"LONGITUDE":-46.6171309,"FONTE_COORDENADAS":"OpenStreetMap Nominatim (geocodificação reversa)","URL_FONTE_COORDENADAS":"https://www.openstreetmap.org/relation/298285","ATRIBUICAO_COORDENADAS":"© OpenStreetMap contributors, ODbL 1.0","PAIS_ISO3":"BRA"},"geometry":{"type":"Point","coordinates":[-46.6171309,-23.5408397]}},{"type":"Feature","properties":{"ESTÁDIO":"Rua Paraíba (Conde Francisco Matarazzo)","CIDADE":"São Caetano do Sul","ESTADO":"SP","PAÍS":"Brasil","CAPACIDADE":null,"PRIMEIRA_PARTIDA":"São Caetano EC 1 x 4 Corinthians","DATA_PRIMEIRA_PARTIDA":"1928-06-24","ANO_PRIMEIRA_PARTIDA":1928,"ADVERSARIO":"São Caetano EC","PLACAR":"1 x 4","COMPETICAO_PRIMEIRA_PARTIDA":"Amistoso","MANDO_PRIMEIRA_PARTIDA":null,"FONTE_PRIMEIRA_PARTIDA":"https://www.asmilcamisas.com.br/2020/06/01/os-estadios-do-sao-caetano-esporte-clube/","TOTAL_JOGOS":1,"VITÓRIAS":0,"EMPATES":0,"DERROTAS":0,"APROVEITAMENTO_PCT":0,"GOLS_MARCADOS":0,"GOLS_SOFRIDOS":0,"NOMES_ALTERNATIVOS":[],"FONTES_JOGOS":[],"LATITUDE":-23.6149177,"LONGITUDE":-46.5754454,"PAIS_ISO3":"BRA"},"geometry":{"type":"Point","coordinates":[-46.5754454,-23.6149177]}},{"type":"Feature","properties":{"ESTÁDIO":"Rua Paysandu","CIDADE":"Rio de Janeiro","ESTADO":"Rio de Janeiro","PAÍS":"Brasil","CAPACIDADE":"15000","PRIMEIRA_PARTIDA":"FLAMENGO 1x2 CORINTHIANS","DATA_PRIMEIRA_PARTIDA":"1918-12-01","ANO_PRIMEIRA_PARTIDA":1918,"ADVERSARIO":"FLAMENGO","PLACAR":"1x2","COMPETICAO_PRIMEIRA_PARTIDA":"Amistosos 1918","MANDO_PRIMEIRA_PARTIDA":"Não","FONTE_PRIMEIRA_PARTIDA":"https://www.meutimao.com.br/jogo/6956/amistosos-1918/amistoso/flamengo-1-x-2-corinthians","TOTAL_JOGOS":3,"VITÓRIAS":1,"EMPATES":0,"DERROTAS":2,"APROVEITAMENTO_PCT":33.3,"GOLS_MARCADOS":3,"GOLS_SOFRIDOS":4,"NOMES_ALTERNATIVOS":[],"FONTES_JOGOS":["Meu Timão"],"LATITUDE":-22.9350489,"LONGITUDE":-43.1785049,"FONTE_COORDENADAS":"OpenStreetMap Nominatim (geocodificação reversa)","URL_FONTE_COORDENADAS":"https://www.openstreetmap.org/relation/2697338","ATRIBUICAO_COORDENADAS":"© OpenStreetMap contributors, ODbL 1.0","CAPACIDADE_FONTE":"Meu Timão","URL_FONTE_CAPACIDADE":"https://www.meutimao.com.br/estadio/rua_paysandu/","PAIS_ISO3":"BRA"},"geometry":{"type":"Point","coordinates":[-43.1785049,-22.9350489]}},{"type":"Feature","properties":{"ESTÁDIO":"Rua Regente Feijó (Roberto Gomes Pedrosa)","CIDADE":"Piracicaba","ESTADO":"SP","PAÍS":"Brasil","CAPACIDADE":null,"PRIMEIRA_PARTIDA":"xv de piracicaba 2 x 2 Corinthians","DATA_PRIMEIRA_PARTIDA":"1949-11-06","ANO_PRIMEIRA_PARTIDA":1949,"ADVERSARIO":"xv de piracicaba","PLACAR":"2 x 2","COMPETICAO_PRIMEIRA_PARTIDA":"Paulista","MANDO_PRIMEIRA_PARTIDA":"Visitante","FONTE_PRIMEIRA_PARTIDA":"https://pt.wikipedia.org/wiki/Est%C3%A1dio_Roberto_Gomes_Pedrosa","TOTAL_JOGOS":51,"VITÓRIAS":18,"EMPATES":18,"DERROTAS":15,"APROVEITAMENTO_PCT":47.1,"GOLS_MARCADOS":99,"GOLS_SOFRIDOS":87,"NOMES_ALTERNATIVOS":[],"FONTES_JOGOS":[],"LATITUDE":-22.7207685,"LONGITUDE":-47.6462089,"PAIS_ISO3":"BRA"},"geometry":{"type":"Point","coordinates":[-47.6462089,-22.7207685]}},{"type":"Feature","properties":{"ESTÁDIO":"Rua São Jorge (Campo do Lusitano e Comercial)","CIDADE":"São Paulo","ESTADO":"SP","PAÍS":"Brasil","CAPACIDADE":null,"PRIMEIRA_PARTIDA":"Lusitano 0 x 3 Corinthians","DATA_PRIMEIRA_PARTIDA":"1917-08-12","ANO_PRIMEIRA_PARTIDA":1917,"ADVERSARIO":"Lusitano","PLACAR":"0 x 3","COMPETICAO_PRIMEIRA_PARTIDA":"Amistoso","MANDO_PRIMEIRA_PARTIDA":null,"FONTE_PRIMEIRA_PARTIDA":"https://dicionarioderuas.prefeitura.sp.gov.br/logradouro/rua-sao-jorge","TOTAL_JOGOS":1,"VITÓRIAS":0,"EMPATES":0,"DERROTAS":0,"APROVEITAMENTO_PCT":0,"GOLS_MARCADOS":0,"GOLS_SOFRIDOS":0,"NOMES_ALTERNATIVOS":[],"FONTES_JOGOS":[],"LATITUDE":-23.5308042,"LONGITUDE":-46.5652656,"PAIS_ISO3":"BRA"},"geometry":{"type":"Point","coordinates":[-46.5652656,-23.5308042]}},{"type":"Feature","properties":{"ESTÁDIO":"Rua Tabor","CIDADE":"São Paulo","ESTADO":"São Paulo","PAÍS":"Brasil","CAPACIDADE":"1000","PRIMEIRA_PARTIDA":"SÍRIO 1x5 CORINTHIANS","DATA_PRIMEIRA_PARTIDA":"1926-03-28","ANO_PRIMEIRA_PARTIDA":1926,"ADVERSARIO":"SÍRIO","PLACAR":"1x5","COMPETICAO_PRIMEIRA_PARTIDA":"Amistosos 1926","MANDO_PRIMEIRA_PARTIDA":"Não","FONTE_PRIMEIRA_PARTIDA":"https://www.meutimao.com.br/jogo/6750/amistosos-1926/amistoso/sirio-1-x-5-corinthians","TOTAL_JOGOS":3,"VITÓRIAS":2,"EMPATES":1,"DERROTAS":0,"APROVEITAMENTO_PCT":77.8,"GOLS_MARCADOS":12,"GOLS_SOFRIDOS":5,"NOMES_ALTERNATIVOS":[],"FONTES_JOGOS":["Meu Timão"],"LATITUDE":-23.5770946,"LONGITUDE":-46.6072972,"FONTE_COORDENADAS":"OpenStreetMap Nominatim (geocodificação reversa)","URL_FONTE_COORDENADAS":"https://www.openstreetmap.org/relation/298285","ATRIBUICAO_COORDENADAS":"© OpenStreetMap contributors, ODbL 1.0","CAPACIDADE_FONTE":"Meu Timão","URL_FONTE_CAPACIDADE":"https://www.meutimao.com.br/estadio/rua_tabor/","PAIS_ISO3":"BRA"},"geometry":{"type":"Point","coordinates":[-46.6072972,-23.5770946]}},{"type":"Feature","properties":{"ESTÁDIO":"Rua Tibiriçá","CIDADE":"Ribeirão Preto","ESTADO":"São Paulo","PAÍS":"Brasil","CAPACIDADE":null,"PRIMEIRA_PARTIDA":"COMERCIAL DE RIBEIRÃO PRETO 1x0 CORINTHIANS","DATA_PRIMEIRA_PARTIDA":"1918-06-09","ANO_PRIMEIRA_PARTIDA":1918,"ADVERSARIO":"COMERCIAL DE RIBEIRÃO PRETO","PLACAR":"1x0","COMPETICAO_PRIMEIRA_PARTIDA":"Amistosos 1918","MANDO_PRIMEIRA_PARTIDA":"Não","FONTE_PRIMEIRA_PARTIDA":"https://www.meutimao.com.br/jogo/6953/amistosos-1918/amistoso/comercial_de_ribeirao_preto-1-x-0-corinthians","TOTAL_JOGOS":3,"VITÓRIAS":1,"EMPATES":0,"DERROTAS":2,"APROVEITAMENTO_PCT":33.3,"GOLS_MARCADOS":4,"GOLS_SOFRIDOS":4,"NOMES_ALTERNATIVOS":[],"FONTES_JOGOS":["Meu Timão"],"LATITUDE":-21.1817073,"LONGITUDE":-47.8137741,"FONTE_COORDENADAS":"OpenStreetMap Nominatim (geocodificação reversa)","URL_FONTE_COORDENADAS":"https://www.openstreetmap.org/relation/298156","ATRIBUICAO_COORDENADAS":"© OpenStreetMap contributors, ODbL 1.0","PAIS_ISO3":"BRA"},"geometry":{"type":"Point","coordinates":[-47.8137741,-21.1817073]}},{"type":"Feature","properties":{"ESTÁDIO":"Rua da Mooca","CIDADE":"São Paulo","ESTADO":"São Paulo","PAÍS":"Brasil","CAPACIDADE":"5000","PRIMEIRA_PARTIDA":"ANTARCTICA 2x4 CORINTHIANS","DATA_PRIMEIRA_PARTIDA":"1927-05-29","ANO_PRIMEIRA_PARTIDA":1927,"ADVERSARIO":"ANTARCTICA","PLACAR":"2x4","COMPETICAO_PRIMEIRA_PARTIDA":"Paulista (LAF) 1927","MANDO_PRIMEIRA_PARTIDA":"Não","FONTE_PRIMEIRA_PARTIDA":"https://www.meutimao.com.br/jogo/6731/paulista-laf-1927/antarctica-2-x-4-corinthians","TOTAL_JOGOS":11,"VITÓRIAS":7,"EMPATES":3,"DERROTAS":1,"APROVEITAMENTO_PCT":72.7,"GOLS_MARCADOS":31,"GOLS_SOFRIDOS":15,"NOMES_ALTERNATIVOS":[],"FONTES_JOGOS":["Meu Timão"],"LATITUDE":-23.5554007,"LONGITUDE":-46.6012186,"FONTE_COORDENADAS":"OpenStreetMap Nominatim (geocodificação reversa)","URL_FONTE_COORDENADAS":"https://www.openstreetmap.org/relation/298285","ATRIBUICAO_COORDENADAS":"© OpenStreetMap contributors, ODbL 1.0","CAPACIDADE_FONTE":"Meu Timão","URL_FONTE_CAPACIDADE":"https://www.meutimao.com.br/estadio/rua_da_mooca/","PAIS_ISO3":"BRA"},"geometry":{"type":"Point","coordinates":[-46.6012186,-23.5554007]}},{"type":"Feature","properties":{"ESTÁDIO":"Rua do Conselho","CIDADE":"Piracicaba","ESTADO":"São Paulo","PAÍS":"Brasil","CAPACIDADE":"5000","PRIMEIRA_PARTIDA":"XV DE PIRACICABA 0x1 CORINTHIANS","DATA_PRIMEIRA_PARTIDA":"1920-02-29","ANO_PRIMEIRA_PARTIDA":1920,"ADVERSARIO":"XV DE PIRACICABA","PLACAR":"0x1","COMPETICAO_PRIMEIRA_PARTIDA":"Amistosos 1920","MANDO_PRIMEIRA_PARTIDA":"Não","FONTE_PRIMEIRA_PARTIDA":"https://www.meutimao.com.br/jogo/6892/amistosos-1920/amistoso/xv_de_piracicaba-0-x-1-corinthians","TOTAL_JOGOS":1,"VITÓRIAS":1,"EMPATES":0,"DERROTAS":0,"APROVEITAMENTO_PCT":100.0,"GOLS_MARCADOS":1,"GOLS_SOFRIDOS":0,"NOMES_ALTERNATIVOS":[],"FONTES_JOGOS":["Meu Timão"],"LATITUDE":-22.7235027,"LONGITUDE":-47.6484682,"FONTE_COORDENADAS":"OpenStreetMap Nominatim (geocodificação reversa)","URL_FONTE_COORDENADAS":"https://www.openstreetmap.org/relation/298413","ATRIBUICAO_COORDENADAS":"© OpenStreetMap contributors, ODbL 1.0","CAPACIDADE_FONTE":"Meu Timão","URL_FONTE_CAPACIDADE":"https://www.meutimao.com.br/estadio/rua_do_conselho/","PAIS_ISO3":"BRA"},"geometry":{"type":"Point","coordinates":[-47.6484682,-22.7235027]}},{"type":"Feature","properties":{"ESTÁDIO":"Råsunda","CIDADE":"Solna","ESTADO":null,"PAÍS":"Suécia","CAPACIDADE":null,"PRIMEIRA_PARTIDA":"aik 3 x 3 Corinthians 14/05/1952 - Amistoso","DATA_PRIMEIRA_PARTIDA":"1952-05-14","ANO_PRIMEIRA_PARTIDA":1952,"ADVERSARIO":"aik","PLACAR":"3 x 3","COMPETICAO_PRIMEIRA_PARTIDA":"Amistoso","MANDO_PRIMEIRA_PARTIDA":"Visitante","FONTE_PRIMEIRA_PARTIDA":"https://pt.wikipedia.org/wiki/Est%C3%A1dio_R%C3%A5sunda","TOTAL_JOGOS":6,"VITÓRIAS":3,"EMPATES":3,"DERROTAS":0,"APROVEITAMENTO_PCT":66.7,"GOLS_MARCADOS":18,"GOLS_SOFRIDOS":15,"NOMES_ALTERNATIVOS":[],"FONTES_JOGOS":[],"LATITUDE":59.3727005,"LONGITUDE":18.0002317,"FONTE_COORDENADAS":"OpenStreetMap Nominatim (geocodificação reversa)","URL_FONTE_COORDENADAS":"https://www.openstreetmap.org/relation/398040","ATRIBUICAO_COORDENADAS":"© OpenStreetMap contributors, ODbL 1.0","PAIS_ISO3":"SWE"},"geometry":{"type":"Point","coordinates":[18.0002317,59.3727005]}},{"type":"Feature","properties":{"ESTÁDIO":"Salgueirão","CIDADE":"Salgueiro","ESTADO":"Pernambuco","PAÍS":"Brasil","CAPACIDADE":"12070","PRIMEIRA_PARTIDA":"SALGUEIRO 0x3 CORINTHIANS","DATA_PRIMEIRA_PARTIDA":"2021-03-17","ANO_PRIMEIRA_PARTIDA":2021,"ADVERSARIO":"SALGUEIRO","PLACAR":"0x3","COMPETICAO_PRIMEIRA_PARTIDA":"Copa do Brasil 2021","MANDO_PRIMEIRA_PARTIDA":"Não","FONTE_PRIMEIRA_PARTIDA":"https://www.meutimao.com.br/jogo/5069/copa-do-brasil-2021/salgueiro-0-x-3-corinthians","TOTAL_JOGOS":1,"VITÓRIAS":1,"EMPATES":0,"DERROTAS":0,"APROVEITAMENTO_PCT":100.0,"GOLS_MARCADOS":3,"GOLS_SOFRIDOS":0,"NOMES_ALTERNATIVOS":[],"FONTES_JOGOS":["Meu Timão"],"LATITUDE":-8.0726731,"LONGITUDE":-39.1269719,"PRECISAO_COORDENADAS":"Município (estádio exato não identificado)","FONTE_COORDENADAS":"OpenStreetMap Nominatim (localidade aproximada)","URL_FONTE_COORDENADAS":"https://www.openstreetmap.org/relation/303600","ATRIBUICAO_COORDENADAS":"© OpenStreetMap contributors, ODbL 1.0","CAPACIDADE_FONTE":"Meu Timão","URL_FONTE_CAPACIDADE":"https://www.meutimao.com.br/estadio/salgueirao/","PAIS_ISO3":"BRA"},"geometry":{"type":"Point","coordinates":[-39.1269719,-8.0726731]}},{"type":"Feature","properties":{"ESTÁDIO":"San Carlos de Apoquindo","CIDADE":"Santiago","ESTADO":"Região Metropolitana de Santiago","PAÍS":"Chile","CAPACIDADE":null,"PRIMEIRA_PARTIDA":"UNIVERSIDAD CATÓLICA 2x3 CORINTHIANS","DATA_PRIMEIRA_PARTIDA":"1996-03-19","ANO_PRIMEIRA_PARTIDA":1996,"ADVERSARIO":"UNIVERSIDAD CATÓLICA","PLACAR":"2x3","COMPETICAO_PRIMEIRA_PARTIDA":"Libertadores 1996","MANDO_PRIMEIRA_PARTIDA":"Não","FONTE_PRIMEIRA_PARTIDA":"https://www.meutimao.com.br/jogo/2420/libertadores-1996/universidad_catolica-2-x-3-corinthians","TOTAL_JOGOS":3,"VITÓRIAS":2,"EMPATES":0,"DERROTAS":1,"APROVEITAMENTO_PCT":66.7,"GOLS_MARCADOS":7,"GOLS_SOFRIDOS":6,"NOMES_ALTERNATIVOS":[],"FONTES_JOGOS":["Meu Timão"],"LATITUDE":-33.3960344,"LONGITUDE":-70.5005397,"FONTE_COORDENADAS":"OpenStreetMap Nominatim (geocodificação reversa)","URL_FONTE_COORDENADAS":"https://www.openstreetmap.org/relation/162991","ATRIBUICAO_COORDENADAS":"© OpenStreetMap contributors, ODbL 1.0","PAIS_ISO3":"CHL","FONTE_CORRECAO_PAIS":"https://data.geocode.earth/wof/dist/legacy/whosonfirst-data-country-latest.tar.bz2"},"geometry":{"type":"Point","coordinates":[-70.5005397,-33.3960344]}},{"type":"Feature","properties":{"ESTÁDIO":"San Siro","CIDADE":"Milão","ESTADO":"Lombardy","PAÍS":"Italy","CAPACIDADE":"80018","PRIMEIRA_PARTIDA":"INTER DE MILÃO 1x3 CORINTHIANS","DATA_PRIMEIRA_PARTIDA":"1966-05-29","ANO_PRIMEIRA_PARTIDA":1966,"ADVERSARIO":"INTER DE MILÃO","PLACAR":"1x3","COMPETICAO_PRIMEIRA_PARTIDA":"Copa Cidade de Turim 1966","MANDO_PRIMEIRA_PARTIDA":"Não","FONTE_PRIMEIRA_PARTIDA":"https://www.meutimao.com.br/jogo/4643/copa-cidade-de-turim-1966/amistoso/inter_de_milao-1-x-3-corinthians","TOTAL_JOGOS":1,"VITÓRIAS":1,"EMPATES":0,"DERROTAS":0,"APROVEITAMENTO_PCT":100.0,"GOLS_MARCADOS":3,"GOLS_SOFRIDOS":1,"NOMES_ALTERNATIVOS":[],"FONTES_JOGOS":["Meu Timão"],"LATITUDE":45.4781236,"LONGITUDE":9.123962,"FONTE_COORDENADAS":"OpenStreetMap Nominatim (geocodificação reversa)","URL_FONTE_COORDENADAS":"https://www.openstreetmap.org/relation/44915","ATRIBUICAO_COORDENADAS":"© OpenStreetMap contributors, ODbL 1.0","CAPACIDADE_FONTE":"Meu Timão","URL_FONTE_CAPACIDADE":"https://www.meutimao.com.br/estadio/san_siro/","PAIS_ISO3":"ITA","FONTE_CORRECAO_PAIS":"https://data.geocode.earth/wof/dist/legacy/whosonfirst-data-country-latest.tar.bz2"},"geometry":{"type":"Point","coordinates":[9.123962,45.4781236]}},{"type":"Feature","properties":{"ESTÁDIO":"Santa Cruz","CIDADE":"Ribeirão Preto","ESTADO":"São Paulo","PAÍS":"Brasil","CAPACIDADE":"29521","PRIMEIRA_PARTIDA":"BOTAFOGO-SP 1x0 CORINTHIANS","DATA_PRIMEIRA_PARTIDA":"1968-05-19","ANO_PRIMEIRA_PARTIDA":1968,"ADVERSARIO":"BOTAFOGO-SP","PLACAR":"1x0","COMPETICAO_PRIMEIRA_PARTIDA":"Paulista 1968","MANDO_PRIMEIRA_PARTIDA":"Não","FONTE_PRIMEIRA_PARTIDA":"https://www.meutimao.com.br/jogo/4530/paulista-1968/botafogo-sp-1-x-0-corinthians","TOTAL_JOGOS":49,"VITÓRIAS":19,"EMPATES":21,"DERROTAS":9,"APROVEITAMENTO_PCT":53.1,"GOLS_MARCADOS":73,"GOLS_SOFRIDOS":46,"NOMES_ALTERNATIVOS":[],"FONTES_JOGOS":["Meu Timão"],"LATITUDE":-21.2021264,"LONGITUDE":-47.7901447,"FONTE_COORDENADAS":"OpenStreetMap Nominatim (geocodificação reversa)","URL_FONTE_COORDENADAS":"https://www.openstreetmap.org/relation/298156","ATRIBUICAO_COORDENADAS":"© OpenStreetMap contributors, ODbL 1.0","CAPACIDADE_FONTE":"Meu Timão","URL_FONTE_CAPACIDADE":"https://www.meutimao.com.br/estadio/santa_cruz/","PAIS_ISO3":"BRA"},"geometry":{"type":"Point","coordinates":[-47.7901447,-21.2021264]}},{"type":"Feature","properties":{"ESTÁDIO":"Santa Teresa","CIDADE":"Barbacena","ESTADO":"Minas Gerais","PAÍS":"Brasil","CAPACIDADE":null,"PRIMEIRA_PARTIDA":"OLYMPIC CLUB 2x4 CORINTHIANS","DATA_PRIMEIRA_PARTIDA":"1957-03-09","ANO_PRIMEIRA_PARTIDA":1957,"ADVERSARIO":"OLYMPIC CLUB","PLACAR":"2x4","COMPETICAO_PRIMEIRA_PARTIDA":"Amistosos 1957","MANDO_PRIMEIRA_PARTIDA":"Não","FONTE_PRIMEIRA_PARTIDA":"https://www.meutimao.com.br/jogo/5342/amistosos-1957/amistoso/olympic_club-2-x-4-corinthians","TOTAL_JOGOS":1,"VITÓRIAS":1,"EMPATES":0,"DERROTAS":0,"APROVEITAMENTO_PCT":100.0,"GOLS_MARCADOS":4,"GOLS_SOFRIDOS":2,"NOMES_ALTERNATIVOS":[],"FONTES_JOGOS":["Meu Timão"],"LATITUDE":-21.2297233,"LONGITUDE":-43.7824734,"FONTE_COORDENADAS":"OpenStreetMap Nominatim (geocodificação reversa)","URL_FONTE_COORDENADAS":"https://www.openstreetmap.org/relation/314887","ATRIBUICAO_COORDENADAS":"© OpenStreetMap contributors, ODbL 1.0","PAIS_ISO3":"BRA"},"geometry":{"type":"Point","coordinates":[-43.7824734,-21.2297233]}},{"type":"Feature","properties":{"ESTÁDIO":"Saturn Stadium","CIDADE":"Ramenskoie","ESTADO":"Oblast de Moscou","PAÍS":"Russia","CAPACIDADE":"16500","PRIMEIRA_PARTIDA":"SATURN 1x0 CORINTHIANS","DATA_PRIMEIRA_PARTIDA":"2003-09-07","ANO_PRIMEIRA_PARTIDA":2003,"ADVERSARIO":"SATURN","PLACAR":"1x0","COMPETICAO_PRIMEIRA_PARTIDA":"Amistosos 2003","MANDO_PRIMEIRA_PARTIDA":"Não","FONTE_PRIMEIRA_PARTIDA":"https://www.meutimao.com.br/jogo/1932/amistosos-2003/amistoso/saturn-1-x-0-corinthians","TOTAL_JOGOS":1,"VITÓRIAS":0,"EMPATES":0,"DERROTAS":1,"APROVEITAMENTO_PCT":0.0,"GOLS_MARCADOS":0,"GOLS_SOFRIDOS":1,"NOMES_ALTERNATIVOS":[],"FONTES_JOGOS":["Meu Timão"],"LATITUDE":55.5774164,"LONGITUDE":38.2262203,"FONTE_COORDENADAS":"OpenStreetMap Nominatim (geocodificação reversa)","URL_FONTE_COORDENADAS":"https://www.openstreetmap.org/relation/3485815","ATRIBUICAO_COORDENADAS":"© OpenStreetMap contributors, ODbL 1.0","CAPACIDADE_FONTE":"Meu Timão","URL_FONTE_CAPACIDADE":"https://www.meutimao.com.br/estadio/saturn_stadium/","PAIS_ISO3":"RUS","FONTE_CORRECAO_PAIS":"https://data.geocode.earth/wof/dist/legacy/whosonfirst-data-country-latest.tar.bz2"},"geometry":{"type":"Point","coordinates":[38.2262203,55.5774164]}},{"type":"Feature","properties":{"ESTÁDIO":"Sclessin","CIDADE":"Liège","ESTADO":"Liège","PAÍS":"Belgium","CAPACIDADE":"27670","PRIMEIRA_PARTIDA":"STANDARD DE LIÈGE 2x2 CORINTHIANS","DATA_PRIMEIRA_PARTIDA":"1970-05-02","ANO_PRIMEIRA_PARTIDA":1970,"ADVERSARIO":"STANDARD DE LIÈGE","PLACAR":"2x2","COMPETICAO_PRIMEIRA_PARTIDA":"Amistosos 1970","MANDO_PRIMEIRA_PARTIDA":"Não","FONTE_PRIMEIRA_PARTIDA":"https://www.meutimao.com.br/jogo/4372/amistosos-1970/amistoso/standard_de_liege-2-x-2-corinthians","TOTAL_JOGOS":1,"VITÓRIAS":0,"EMPATES":1,"DERROTAS":0,"APROVEITAMENTO_PCT":33.3,"GOLS_MARCADOS":2,"GOLS_SOFRIDOS":2,"NOMES_ALTERNATIVOS":[],"FONTES_JOGOS":["Meu Timão"],"LATITUDE":50.6098975,"LONGITUDE":5.5441133,"FONTE_COORDENADAS":"OpenStreetMap Nominatim (geocodificação reversa)","URL_FONTE_COORDENADAS":"https://www.openstreetmap.org/relation/19672082","ATRIBUICAO_COORDENADAS":"© OpenStreetMap contributors, ODbL 1.0","CAPACIDADE_FONTE":"StadiumDB.com","URL_FONTE_CAPACIDADE":"https://stadiumdb.com/stadiums/bel/stade_de_sclessin","PAIS_ISO3":"BEL","FONTE_CORRECAO_PAIS":"https://data.geocode.earth/wof/dist/legacy/whosonfirst-data-country-latest.tar.bz2"},"geometry":{"type":"Point","coordinates":[5.5441133,50.6098975]}},{"type":"Feature","properties":{"ESTÁDIO":"Senayan Utama","CIDADE":"Jacarta","ESTADO":null,"PAÍS":"Indonesia","CAPACIDADE":null,"PRIMEIRA_PARTIDA":"COMBINADO TUNAS E SELEÇÃO DE JACARTA 2x3 CORINTHIANS","DATA_PRIMEIRA_PARTIDA":"1984-01-26","ANO_PRIMEIRA_PARTIDA":1984,"ADVERSARIO":"COMBINADO TUNAS E SELEÇÃO DE JACARTA","PLACAR":"2x3","COMPETICAO_PRIMEIRA_PARTIDA":"Amistosos 1984","MANDO_PRIMEIRA_PARTIDA":"Não","FONTE_PRIMEIRA_PARTIDA":"https://www.meutimao.com.br/jogo/3268/amistosos-1984/amistoso/combinado_tunas_e_selecao_de_jacarta-2-x-3-corinthians","TOTAL_JOGOS":1,"VITÓRIAS":1,"EMPATES":0,"DERROTAS":0,"APROVEITAMENTO_PCT":100.0,"GOLS_MARCADOS":3,"GOLS_SOFRIDOS":2,"NOMES_ALTERNATIVOS":[],"FONTES_JOGOS":["Meu Timão"],"LATITUDE":-6.2185701,"LONGITUDE":106.8017969,"FONTE_COORDENADAS":"OpenStreetMap Nominatim (geocodificação reversa)","URL_FONTE_COORDENADAS":"https://www.openstreetmap.org/relation/5802334","ATRIBUICAO_COORDENADAS":"© OpenStreetMap contributors, ODbL 1.0","PAIS_ISO3":"IDN","FONTE_CORRECAO_PAIS":"https://data.geocode.earth/wof/dist/legacy/whosonfirst-data-country-latest.tar.bz2"},"geometry":{"type":"Point","coordinates":[106.8017969,-6.2185701]}},{"type":"Feature","properties":{"ESTÁDIO":"Serra Dourada","CIDADE":"Goiânia","ESTADO":"Goiás","PAÍS":"Brasil","CAPACIDADE":"50049","PRIMEIRA_PARTIDA":"GOIÁS 0x0 CORINTHIANS","DATA_PRIMEIRA_PARTIDA":"1978-04-02","ANO_PRIMEIRA_PARTIDA":1978,"ADVERSARIO":"GOIÁS","PLACAR":"0x0","COMPETICAO_PRIMEIRA_PARTIDA":"Brasileirão 1978","MANDO_PRIMEIRA_PARTIDA":"Não","FONTE_PRIMEIRA_PARTIDA":"https://www.meutimao.com.br/jogo/3720/brasileirao-1978/goias-0-x-0-corinthians","TOTAL_JOGOS":34,"VITÓRIAS":10,"EMPATES":13,"DERROTAS":11,"APROVEITAMENTO_PCT":42.2,"GOLS_MARCADOS":44,"GOLS_SOFRIDOS":42,"NOMES_ALTERNATIVOS":[],"FONTES_JOGOS":["Meu Timão"],"LATITUDE":-16.6990618,"LONGITUDE":-49.2341521,"FONTE_COORDENADAS":"OpenStreetMap Nominatim (geocodificação reversa)","URL_FONTE_COORDENADAS":"https://www.openstreetmap.org/relation/334547","ATRIBUICAO_COORDENADAS":"© OpenStreetMap contributors, ODbL 1.0","CAPACIDADE_FONTE":"StadiumDB.com","URL_FONTE_CAPACIDADE":"https://stadiumdb.com/stadiums/bra/estadio_serra_dourada","PAIS_ISO3":"BRA"},"geometry":{"type":"Point","coordinates":[-49.2341521,-16.6990618]}},{"type":"Feature","properties":{"ESTÁDIO":"Severiano Gomes","CIDADE":"Maceió","ESTADO":"Alagoas","PAÍS":"Brasil","CAPACIDADE":null,"PRIMEIRA_PARTIDA":"CRB 1x3 CORINTHIANS","DATA_PRIMEIRA_PARTIDA":"1965-01-24","ANO_PRIMEIRA_PARTIDA":1965,"ADVERSARIO":"CRB","PLACAR":"1x3","COMPETICAO_PRIMEIRA_PARTIDA":"Amistosos 1965","MANDO_PRIMEIRA_PARTIDA":"Não","FONTE_PRIMEIRA_PARTIDA":"https://www.meutimao.com.br/jogo/4744/amistosos-1965/amistoso/crb-1-x-3-corinthians","TOTAL_JOGOS":1,"VITÓRIAS":1,"EMPATES":0,"DERROTAS":0,"APROVEITAMENTO_PCT":100.0,"GOLS_MARCADOS":3,"GOLS_SOFRIDOS":1,"NOMES_ALTERNATIVOS":[],"FONTES_JOGOS":["Meu Timão"],"LATITUDE":-9.6687968,"LONGITUDE":-35.7182112,"FONTE_COORDENADAS":"OpenStreetMap Nominatim (geocodificação reversa)","URL_FONTE_COORDENADAS":"https://www.openstreetmap.org/relation/303815","ATRIBUICAO_COORDENADAS":"© OpenStreetMap contributors, ODbL 1.0","PAIS_ISO3":"BRA"},"geometry":{"type":"Point","coordinates":[-35.7182112,-9.6687968]}},{"type":"Feature","properties":{"ESTÁDIO":"Silvio Salles","CIDADE":"Catanduva","ESTADO":"São Paulo","PAÍS":"Brasil","CAPACIDADE":"10000","PRIMEIRA_PARTIDA":"COMERCIAL DE CATANDUVA 0x5 CORINTHIANS","DATA_PRIMEIRA_PARTIDA":"1925-03-01","ANO_PRIMEIRA_PARTIDA":1925,"ADVERSARIO":"COMERCIAL DE CATANDUVA","PLACAR":"0x5","COMPETICAO_PRIMEIRA_PARTIDA":"Amistosos 1925","MANDO_PRIMEIRA_PARTIDA":"Não","FONTE_PRIMEIRA_PARTIDA":"https://www.meutimao.com.br/jogo/6770/amistosos-1925/amistoso/comercial_de_catanduva-0-x-5-corinthians","TOTAL_JOGOS":7,"VITÓRIAS":4,"EMPATES":1,"DERROTAS":2,"APROVEITAMENTO_PCT":61.9,"GOLS_MARCADOS":18,"GOLS_SOFRIDOS":7,"NOMES_ALTERNATIVOS":[],"FONTES_JOGOS":["Meu Timão"],"LATITUDE":-21.1526862,"LONGITUDE":-48.9759431,"FONTE_COORDENADAS":"OpenStreetMap Nominatim (geocodificação reversa)","URL_FONTE_COORDENADAS":"https://www.openstreetmap.org/relation/298080","ATRIBUICAO_COORDENADAS":"© OpenStreetMap contributors, ODbL 1.0","CAPACIDADE_FONTE":"Meu Timão","URL_FONTE_CAPACIDADE":"https://www.meutimao.com.br/estadio/silvio_salles/","PAIS_ISO3":"BRA"},"geometry":{"type":"Point","coordinates":[-48.9759431,-21.1526862]}},{"type":"Feature","properties":{"ESTÁDIO":"Spartan","CIDADE":"San José","ESTADO":"Califórnia","PAÍS":"United States","CAPACIDADE":null,"PRIMEIRA_PARTIDA":"SELEÇÃO MEXICANA 1x1 CORINTHIANS","DATA_PRIMEIRA_PARTIDA":"1985-08-31","ANO_PRIMEIRA_PARTIDA":1985,"ADVERSARIO":"SELEÇÃO MEXICANA","PLACAR":"1x1","COMPETICAO_PRIMEIRA_PARTIDA":"Copa das Nações 1985","MANDO_PRIMEIRA_PARTIDA":"Não","FONTE_PRIMEIRA_PARTIDA":"https://www.meutimao.com.br/jogo/3263/copa-das-nacoes-1985/selecao_mexicana-1-x-1-corinthians","TOTAL_JOGOS":1,"VITÓRIAS":0,"EMPATES":1,"DERROTAS":0,"APROVEITAMENTO_PCT":33.3,"GOLS_MARCADOS":1,"GOLS_SOFRIDOS":1,"NOMES_ALTERNATIVOS":[],"FONTES_JOGOS":["Meu Timão"],"LATITUDE":37.3196675,"LONGITUDE":-121.8682962,"FONTE_COORDENADAS":"OpenStreetMap Nominatim (geocodificação reversa)","URL_FONTE_COORDENADAS":"https://www.openstreetmap.org/relation/112143","ATRIBUICAO_COORDENADAS":"© OpenStreetMap contributors, ODbL 1.0","PAIS_ISO3":"USA","FONTE_CORRECAO_PAIS":"https://data.geocode.earth/wof/dist/legacy/whosonfirst-data-country-latest.tar.bz2"},"geometry":{"type":"Point","coordinates":[-121.8682962,37.3196675]}},{"type":"Feature","properties":{"ESTÁDIO":"Spectrum Stadium","CIDADE":"Orlando","ESTADO":"Flórida","PAÍS":"Estados Unidos da América","CAPACIDADE":null,"PRIMEIRA_PARTIDA":"vasco 1 x 4 Corinthians","DATA_PRIMEIRA_PARTIDA":"2017-01-18","ANO_PRIMEIRA_PARTIDA":2017,"ADVERSARIO":"vasco","PLACAR":"1 x 4","COMPETICAO_PRIMEIRA_PARTIDA":"Florida Cup","MANDO_PRIMEIRA_PARTIDA":"Mandante","FONTE_PRIMEIRA_PARTIDA":"Meu Timão / Acervo ATLAS1910","TOTAL_JOGOS":9,"VITÓRIAS":3,"EMPATES":3,"DERROTAS":3,"APROVEITAMENTO_PCT":44.4,"GOLS_MARCADOS":18,"GOLS_SOFRIDOS":15,"NOMES_ALTERNATIVOS":[],"FONTES_JOGOS":[],"LATITUDE":28.6082145,"LONGITUDE":-81.1926196,"FONTE_COORDENADAS":"OpenStreetMap Nominatim (geocodificação reversa)","URL_FONTE_COORDENADAS":"https://www.openstreetmap.org/relation/389011","ATRIBUICAO_COORDENADAS":"© OpenStreetMap contributors, ODbL 1.0","PAIS_ISO3":"USA"},"geometry":{"type":"Point","coordinates":[-81.1926196,28.6082145]}},{"type":"Feature","properties":{"ESTÁDIO":"Stadium Novi Sad","CIDADE":"Novi Sad","ESTADO":null,"PAÍS":"Sérvia","CAPACIDADE":"14853","PRIMEIRA_PARTIDA":"FK VOJVODINA 1x1 CORINTHIANS","DATA_PRIMEIRA_PARTIDA":"1970-05-13","ANO_PRIMEIRA_PARTIDA":1970,"ADVERSARIO":"FK VOJVODINA","PLACAR":"1x1","COMPETICAO_PRIMEIRA_PARTIDA":"Amistosos 1970","MANDO_PRIMEIRA_PARTIDA":"Não","FONTE_PRIMEIRA_PARTIDA":"https://www.meutimao.com.br/jogo/4374/amistosos-1970/amistoso/fk_vojvodina-1-x-1-corinthians","TOTAL_JOGOS":1,"VITÓRIAS":0,"EMPATES":1,"DERROTAS":0,"APROVEITAMENTO_PCT":33.3,"GOLS_MARCADOS":1,"GOLS_SOFRIDOS":1,"NOMES_ALTERNATIVOS":[],"FONTES_JOGOS":["Meu Timão"],"LATITUDE":45.2551338,"LONGITUDE":19.8451756,"PRECISAO_COORDENADAS":"Município (estádio exato não identificado)","FONTE_COORDENADAS":"OpenStreetMap Nominatim (localidade aproximada)","URL_FONTE_COORDENADAS":"https://www.openstreetmap.org/relation/9273976","ATRIBUICAO_COORDENADAS":"© OpenStreetMap contributors, ODbL 1.0","CAPACIDADE_FONTE":"Meu Timão","URL_FONTE_CAPACIDADE":"https://www.meutimao.com.br/estadio/stadium_novi_sad/","PAIS_ISO3":"SRB"},"geometry":{"type":"Point","coordinates":[19.8451756,45.2551338]}},{"type":"Feature","properties":{"ESTÁDIO":"Starling Soares","CIDADE":"Passos","ESTADO":"Minas Gerais","PAÍS":"Brasil","CAPACIDADE":"12000","PRIMEIRA_PARTIDA":"ESPORTIVO DE PASSOS 2x2 CORINTHIANS","DATA_PRIMEIRA_PARTIDA":"1987-12-06","ANO_PRIMEIRA_PARTIDA":1987,"ADVERSARIO":"ESPORTIVO DE PASSOS","PLACAR":"2x2","COMPETICAO_PRIMEIRA_PARTIDA":"Amistosos 1987","MANDO_PRIMEIRA_PARTIDA":"Não","FONTE_PRIMEIRA_PARTIDA":"https://www.meutimao.com.br/jogo/3123/amistosos-1987/esportivo_de_passos-2-x-2-corinthians","TOTAL_JOGOS":1,"VITÓRIAS":0,"EMPATES":1,"DERROTAS":0,"APROVEITAMENTO_PCT":33.3,"GOLS_MARCADOS":2,"GOLS_SOFRIDOS":2,"NOMES_ALTERNATIVOS":[],"FONTES_JOGOS":["Meu Timão"],"LATITUDE":-20.7277377,"LONGITUDE":-46.6040921,"FONTE_COORDENADAS":"OpenStreetMap Nominatim (geocodificação reversa)","URL_FONTE_COORDENADAS":"https://www.openstreetmap.org/relation/315302","ATRIBUICAO_COORDENADAS":"© OpenStreetMap contributors, ODbL 1.0","CAPACIDADE_FONTE":"Meu Timão","URL_FONTE_CAPACIDADE":"https://www.meutimao.com.br/estadio/starling_soares/","PAIS_ISO3":"BRA"},"geometry":{"type":"Point","coordinates":[-46.6040921,-20.7277377]}},{"type":"Feature","properties":{"ESTÁDIO":"Städtisches Stadion an der Grünwalder Straße","CIDADE":"Munique","ESTADO":"Baviera","PAÍS":"Alemanha","CAPACIDADE":"21272","PRIMEIRA_PARTIDA":"BAYERN DE MUNIQUE 2x3 CORINTHIANS","DATA_PRIMEIRA_PARTIDA":"1959-05-24","ANO_PRIMEIRA_PARTIDA":1959,"ADVERSARIO":"BAYERN DE MUNIQUE","PLACAR":"2x3","COMPETICAO_PRIMEIRA_PARTIDA":"Amistosos 1959","MANDO_PRIMEIRA_PARTIDA":"Não","FONTE_PRIMEIRA_PARTIDA":"https://www.meutimao.com.br/jogo/5194/amistosos-1959/amistoso/bayern_de_munique-2-x-3-corinthians","TOTAL_JOGOS":1,"VITÓRIAS":1,"EMPATES":0,"DERROTAS":0,"APROVEITAMENTO_PCT":100.0,"GOLS_MARCADOS":3,"GOLS_SOFRIDOS":2,"NOMES_ALTERNATIVOS":["Grünwalder Stadion"],"FONTES_JOGOS":["Meu Timão"],"LATITUDE":48.1110013,"LONGITUDE":11.5744172,"PRECISAO_COORDENADAS":"Estádio identificado","FONTE_COORDENADAS":"OpenStreetMap Nominatim","URL_FONTE_COORDENADAS":"https://www.openstreetmap.org/way/23463412","ATRIBUICAO_COORDENADAS":"© OpenStreetMap contributors, ODbL 1.0","CAPACIDADE_FONTE":"Meu Timão","URL_FONTE_CAPACIDADE":"https://www.meutimao.com.br/estadio/grunwalder_stadion/","PAIS_ISO3":"DEU"},"geometry":{"type":"Point","coordinates":[11.5744172,48.1110013]}},{"type":"Feature","properties":{"ESTÁDIO":"Städtisches stadion an der grünwalder strasse","CIDADE":"Munique","ESTADO":"Baviera","PAÍS":"Alemanha","CAPACIDADE":null,"PRIMEIRA_PARTIDA":"bayern munique 2 x 3 Corinthians","DATA_PRIMEIRA_PARTIDA":"1959-05-24","ANO_PRIMEIRA_PARTIDA":1959,"ADVERSARIO":"bayern munique","PLACAR":"2 x 3","COMPETICAO_PRIMEIRA_PARTIDA":"Amistoso","MANDO_PRIMEIRA_PARTIDA":"Visitante","FONTE_PRIMEIRA_PARTIDA":"Meu Timão / Acervo ATLAS1910","TOTAL_JOGOS":1,"VITÓRIAS":1,"EMPATES":0,"DERROTAS":0,"APROVEITAMENTO_PCT":100,"GOLS_MARCADOS":3,"GOLS_SOFRIDOS":2,"NOMES_ALTERNATIVOS":[],"FONTES_JOGOS":[],"LATITUDE":48.1109961,"LONGITUDE":11.5744736,"FONTE_COORDENADAS":"OpenStreetMap Nominatim (geocodificação reversa)","URL_FONTE_COORDENADAS":"https://www.openstreetmap.org/relation/62428","ATRIBUICAO_COORDENADAS":"© OpenStreetMap contributors, ODbL 1.0","PAIS_ISO3":"DEU"},"geometry":{"type":"Point","coordinates":[11.5744736,48.1109961]}},{"type":"Feature","properties":{"ESTÁDIO":"Suzanão","CIDADE":"Suzano","ESTADO":"São Paulo","PAÍS":"Brasil","CAPACIDADE":"3445","PRIMEIRA_PARTIDA":"SUZANO 0x1 CORINTHIANS","DATA_PRIMEIRA_PARTIDA":"1982-06-10","ANO_PRIMEIRA_PARTIDA":1982,"ADVERSARIO":"SUZANO","PLACAR":"0x1","COMPETICAO_PRIMEIRA_PARTIDA":"Amistosos 1982","MANDO_PRIMEIRA_PARTIDA":"Não","FONTE_PRIMEIRA_PARTIDA":"https://www.meutimao.com.br/jogo/3444/amistosos-1982/amistoso/suzano-0-x-1-corinthians","TOTAL_JOGOS":1,"VITÓRIAS":1,"EMPATES":0,"DERROTAS":0,"APROVEITAMENTO_PCT":100.0,"GOLS_MARCADOS":1,"GOLS_SOFRIDOS":0,"NOMES_ALTERNATIVOS":[],"FONTES_JOGOS":["Meu Timão"],"LATITUDE":-23.5540915,"LONGITUDE":-46.2982162,"FONTE_COORDENADAS":"OpenStreetMap Nominatim (geocodificação reversa)","URL_FONTE_COORDENADAS":"https://www.openstreetmap.org/relation/298085","ATRIBUICAO_COORDENADAS":"© OpenStreetMap contributors, ODbL 1.0","CAPACIDADE_FONTE":"Meu Timão","URL_FONTE_CAPACIDADE":"https://www.meutimao.com.br/estadio/suzanao/","PAIS_ISO3":"BRA"},"geometry":{"type":"Point","coordinates":[-46.2982162,-23.5540915]}},{"type":"Feature","properties":{"ESTÁDIO":"São Januário","CIDADE":"Rio de Janeiro","ESTADO":"Rio de Janeiro","PAÍS":"Brasil","CAPACIDADE":"21880","PRIMEIRA_PARTIDA":"VASCO DA GAMA 5x0 CORINTHIANS","DATA_PRIMEIRA_PARTIDA":"1928-04-14","ANO_PRIMEIRA_PARTIDA":1928,"ADVERSARIO":"VASCO DA GAMA","PLACAR":"5x0","COMPETICAO_PRIMEIRA_PARTIDA":"Amistosos 1928","MANDO_PRIMEIRA_PARTIDA":"Não","FONTE_PRIMEIRA_PARTIDA":"https://www.meutimao.com.br/jogo/6691/amistosos-1928/amistoso/vasco_da_gama-5-x-0-corinthians","TOTAL_JOGOS":37,"VITÓRIAS":15,"EMPATES":8,"DERROTAS":14,"APROVEITAMENTO_PCT":47.7,"GOLS_MARCADOS":55,"GOLS_SOFRIDOS":61,"NOMES_ALTERNATIVOS":[],"FONTES_JOGOS":["Meu Timão"],"LATITUDE":-22.8911648,"LONGITUDE":-43.2280427,"FONTE_COORDENADAS":"OpenStreetMap Nominatim (geocodificação reversa)","URL_FONTE_COORDENADAS":"https://www.openstreetmap.org/relation/2697338","ATRIBUICAO_COORDENADAS":"© OpenStreetMap contributors, ODbL 1.0","CAPACIDADE_FONTE":"StadiumDB.com","URL_FONTE_CAPACIDADE":"https://stadiumdb.com/stadiums/bra/estadio_sao_januario","PAIS_ISO3":"BRA"},"geometry":{"type":"Point","coordinates":[-43.2280427,-22.8911648]}},{"type":"Feature","properties":{"ESTÁDIO":"Taquarão","CIDADE":"Taquaritinga","ESTADO":"São Paulo","PAÍS":"Brasil","CAPACIDADE":"18805","PRIMEIRA_PARTIDA":"TAQUARITINGA 0x0 CORINTHIANS","DATA_PRIMEIRA_PARTIDA":"1959-02-22","ANO_PRIMEIRA_PARTIDA":1959,"ADVERSARIO":"TAQUARITINGA","PLACAR":"0x0","COMPETICAO_PRIMEIRA_PARTIDA":"Amistosos 1959","MANDO_PRIMEIRA_PARTIDA":"Não","FONTE_PRIMEIRA_PARTIDA":"https://www.meutimao.com.br/jogo/5177/amistosos-1959/amistoso/taquaritinga-0-x-0-corinthians","TOTAL_JOGOS":3,"VITÓRIAS":1,"EMPATES":1,"DERROTAS":1,"APROVEITAMENTO_PCT":44.4,"GOLS_MARCADOS":1,"GOLS_SOFRIDOS":2,"NOMES_ALTERNATIVOS":[],"FONTES_JOGOS":["Meu Timão"],"LATITUDE":-21.4010401,"LONGITUDE":-48.4936051,"FONTE_COORDENADAS":"OpenStreetMap Nominatim (geocodificação reversa)","URL_FONTE_COORDENADAS":"https://www.openstreetmap.org/relation/298056","ATRIBUICAO_COORDENADAS":"© OpenStreetMap contributors, ODbL 1.0","CAPACIDADE_FONTE":"Meu Timão","URL_FONTE_CAPACIDADE":"https://www.meutimao.com.br/estadio/taquarao/","PAIS_ISO3":"BRA"},"geometry":{"type":"Point","coordinates":[-48.4936051,-21.4010401]}},{"type":"Feature","properties":{"ESTÁDIO":"Teixeirão","CIDADE":"São José do Rio Preto","ESTADO":"São Paulo","PAÍS":"Brasil","CAPACIDADE":"32936","PRIMEIRA_PARTIDA":"AMÉRICA FUTEBOL CLUBE 3x3 CORINTHIANS","DATA_PRIMEIRA_PARTIDA":"1996-02-24","ANO_PRIMEIRA_PARTIDA":1996,"ADVERSARIO":"AMÉRICA FUTEBOL CLUBE","PLACAR":"3x3","COMPETICAO_PRIMEIRA_PARTIDA":"Paulista 1996","MANDO_PRIMEIRA_PARTIDA":"Não","FONTE_PRIMEIRA_PARTIDA":"https://www.meutimao.com.br/jogo/2412/paulista-1996/america_futebol_clube-3-x-3-corinthians","TOTAL_JOGOS":12,"VITÓRIAS":3,"EMPATES":5,"DERROTAS":4,"APROVEITAMENTO_PCT":38.9,"GOLS_MARCADOS":20,"GOLS_SOFRIDOS":22,"NOMES_ALTERNATIVOS":[],"FONTES_JOGOS":["Meu Timão"],"LATITUDE":-20.796769,"LONGITUDE":-49.3589966,"FONTE_COORDENADAS":"OpenStreetMap Nominatim (geocodificação reversa)","URL_FONTE_COORDENADAS":"https://www.openstreetmap.org/relation/298344","ATRIBUICAO_COORDENADAS":"© OpenStreetMap contributors, ODbL 1.0","CAPACIDADE_FONTE":"Meu Timão","URL_FONTE_CAPACIDADE":"https://www.meutimao.com.br/estadio/teixeirao/","PAIS_ISO3":"BRA"},"geometry":{"type":"Point","coordinates":[-49.3589966,-20.796769]}},{"type":"Feature","properties":{"ESTÁDIO":"Telia Parken","CIDADE":"Copenhague","ESTADO":"Região da Capital","PAÍS":"Dinamarca","CAPACIDADE":"38065","PRIMEIRA_PARTIDA":"STAEVENET/COMBINADO COPENHAGUE 1x1 CORINTHIANS","DATA_PRIMEIRA_PARTIDA":"1952-05-18","ANO_PRIMEIRA_PARTIDA":1952,"ADVERSARIO":"STAEVENET/COMBINADO COPENHAGUE","PLACAR":"1x1","COMPETICAO_PRIMEIRA_PARTIDA":"Amistosos 1952","MANDO_PRIMEIRA_PARTIDA":"Não","FONTE_PRIMEIRA_PARTIDA":"https://www.meutimao.com.br/jogo/5699/amistosos-1952/amistoso/staevenetcombinado_copenhague-1-x-1-corinthians","TOTAL_JOGOS":1,"VITÓRIAS":0,"EMPATES":1,"DERROTAS":0,"APROVEITAMENTO_PCT":33.3,"GOLS_MARCADOS":1,"GOLS_SOFRIDOS":1,"NOMES_ALTERNATIVOS":[],"FONTES_JOGOS":["Meu Timão"],"LATITUDE":55.6867243,"LONGITUDE":12.5700724,"PRECISAO_COORDENADAS":"Município (estádio exato não identificado)","FONTE_COORDENADAS":"OpenStreetMap Nominatim (localidade aproximada)","URL_FONTE_COORDENADAS":"https://www.openstreetmap.org/node/13707878","ATRIBUICAO_COORDENADAS":"© OpenStreetMap contributors, ODbL 1.0","CAPACIDADE_FONTE":"Meu Timão","URL_FONTE_CAPACIDADE":"https://www.meutimao.com.br/estadio/telia_parken/","PAIS_ISO3":"DNK"},"geometry":{"type":"Point","coordinates":[12.5700724,55.6867243]}},{"type":"Feature","properties":{"ESTÁDIO":"Tenente Carriço","CIDADE":"Penápolis","ESTADO":"SP","PAÍS":"Brasil","CAPACIDADE":null,"PRIMEIRA_PARTIDA":"penapolense 0 x 0 Corinthians","DATA_PRIMEIRA_PARTIDA":"2014-03-16","ANO_PRIMEIRA_PARTIDA":2014,"ADVERSARIO":"penapolense","PLACAR":"0 x 0","COMPETICAO_PRIMEIRA_PARTIDA":"Paulista","MANDO_PRIMEIRA_PARTIDA":"Visitante","FONTE_PRIMEIRA_PARTIDA":"Meu Timão / Acervo ATLAS1910","TOTAL_JOGOS":3,"VITÓRIAS":0,"EMPATES":3,"DERROTAS":0,"APROVEITAMENTO_PCT":33.3,"GOLS_MARCADOS":0,"GOLS_SOFRIDOS":0,"NOMES_ALTERNATIVOS":[],"FONTES_JOGOS":[],"LATITUDE":-21.4221447,"LONGITUDE":-50.0689887,"PAIS_ISO3":"BRA"},"geometry":{"type":"Point","coordinates":[-50.0689887,-21.4221447]}},{"type":"Feature","properties":{"ESTÁDIO":"Tenente Siqueira Campos","CIDADE":"Araraquara","ESTADO":"SP","PAÍS":"Brasil","CAPACIDADE":null,"PRIMEIRA_PARTIDA":"seleção de araraquara 1 x 4 Corinthians","DATA_PRIMEIRA_PARTIDA":"1942-08-23","ANO_PRIMEIRA_PARTIDA":1942,"ADVERSARIO":"seleção de araraquara","PLACAR":"1 x 4","COMPETICAO_PRIMEIRA_PARTIDA":"Amistoso","MANDO_PRIMEIRA_PARTIDA":"Visitante","FONTE_PRIMEIRA_PARTIDA":"Meu Timão / Acervo ATLAS1910","TOTAL_JOGOS":6,"VITÓRIAS":6,"EMPATES":0,"DERROTAS":0,"APROVEITAMENTO_PCT":100,"GOLS_MARCADOS":24,"GOLS_SOFRIDOS":3,"NOMES_ALTERNATIVOS":[],"FONTES_JOGOS":[],"LATITUDE":-21.7974831,"LONGITUDE":-48.182508,"PAIS_ISO3":"BRA"},"geometry":{"type":"Point","coordinates":[-48.182508,-21.7974831]}},{"type":"Feature","properties":{"ESTÁDIO":"Tenentão","CIDADE":"Penápolis","ESTADO":"São Paulo","PAÍS":"Brasil","CAPACIDADE":"8769","PRIMEIRA_PARTIDA":"PENAPOLENSE 0x0 CORINTHIANS","DATA_PRIMEIRA_PARTIDA":"2014-03-16","ANO_PRIMEIRA_PARTIDA":2014,"ADVERSARIO":"PENAPOLENSE","PLACAR":"0x0","COMPETICAO_PRIMEIRA_PARTIDA":"Paulista 2014","MANDO_PRIMEIRA_PARTIDA":"Não","FONTE_PRIMEIRA_PARTIDA":"https://www.meutimao.com.br/jogo/445/paulista-2014/penapolense-0-x-0-corinthians","TOTAL_JOGOS":1,"VITÓRIAS":0,"EMPATES":1,"DERROTAS":0,"APROVEITAMENTO_PCT":33.3,"GOLS_MARCADOS":0,"GOLS_SOFRIDOS":0,"NOMES_ALTERNATIVOS":[],"FONTES_JOGOS":["Meu Timão"],"LATITUDE":-21.4192406,"LONGITUDE":-50.0765588,"PRECISAO_COORDENADAS":"Município (estádio exato não identificado)","FONTE_COORDENADAS":"OpenStreetMap Nominatim (localidade aproximada)","URL_FONTE_COORDENADAS":"https://www.openstreetmap.org/relation/298180","ATRIBUICAO_COORDENADAS":"© OpenStreetMap contributors, ODbL 1.0","CAPACIDADE_FONTE":"Meu Timão","URL_FONTE_CAPACIDADE":"https://www.meutimao.com.br/estadio/tenentao/","PAIS_ISO3":"BRA"},"geometry":{"type":"Point","coordinates":[-50.0765588,-21.4192406]}},{"type":"Feature","properties":{"ESTÁDIO":"Timbaúva","CIDADE":"Porto Alegre","ESTADO":"Rio Grande do Sul","PAÍS":"Brasil","CAPACIDADE":"5000","PRIMEIRA_PARTIDA":"CORINTHIANS DE PORTO ALEGRE 2x1 CORINTHIANS","DATA_PRIMEIRA_PARTIDA":"1947-12-14","ANO_PRIMEIRA_PARTIDA":1947,"ADVERSARIO":"CORINTHIANS","PLACAR":"2x1","COMPETICAO_PRIMEIRA_PARTIDA":"Amistosos 1947","MANDO_PRIMEIRA_PARTIDA":"Sim","FONTE_PRIMEIRA_PARTIDA":"https://www.meutimao.com.br/jogo/6018/amistosos-1947/amistoso/corinthians_de_porto_alegre-2-x-1-corinthians","TOTAL_JOGOS":1,"VITÓRIAS":1,"EMPATES":0,"DERROTAS":0,"APROVEITAMENTO_PCT":100.0,"GOLS_MARCADOS":2,"GOLS_SOFRIDOS":1,"NOMES_ALTERNATIVOS":[],"FONTES_JOGOS":["Meu Timão"],"LATITUDE":-30.040014,"LONGITUDE":-51.2026866,"FONTE_COORDENADAS":"OpenStreetMap Nominatim (geocodificação reversa)","URL_FONTE_COORDENADAS":"https://www.openstreetmap.org/relation/242397","ATRIBUICAO_COORDENADAS":"© OpenStreetMap contributors, ODbL 1.0","CAPACIDADE_FONTE":"Meu Timão","URL_FONTE_CAPACIDADE":"https://www.meutimao.com.br/estadio/timbauva/","PAIS_ISO3":"BRA"},"geometry":{"type":"Point","coordinates":[-51.2026866,-30.040014]}},{"type":"Feature","properties":{"ESTÁDIO":"Toca do Leão","CIDADE":"Santa Bárbara d'Oeste","ESTADO":"São Paulo","PAÍS":"Brasil","CAPACIDADE":"1269","PRIMEIRA_PARTIDA":"UNIÃO BARBARENSE 1x1 CORINTHIANS","DATA_PRIMEIRA_PARTIDA":"1998-06-07","ANO_PRIMEIRA_PARTIDA":1998,"ADVERSARIO":"UNIÃO BARBARENSE","PLACAR":"1x1","COMPETICAO_PRIMEIRA_PARTIDA":"Amistosos 1998","MANDO_PRIMEIRA_PARTIDA":"Não","FONTE_PRIMEIRA_PARTIDA":"https://www.meutimao.com.br/jogo/2281/amistosos-1998/amistoso/uniao_barbarense-1-x-1-corinthians","TOTAL_JOGOS":5,"VITÓRIAS":3,"EMPATES":2,"DERROTAS":0,"APROVEITAMENTO_PCT":73.3,"GOLS_MARCADOS":11,"GOLS_SOFRIDOS":6,"NOMES_ALTERNATIVOS":[],"FONTES_JOGOS":["Meu Timão"],"LATITUDE":-22.7542539,"LONGITUDE":-47.4137884,"PRECISAO_COORDENADAS":"Município (estádio exato não identificado)","FONTE_COORDENADAS":"OpenStreetMap Nominatim (localidade aproximada)","URL_FONTE_COORDENADAS":"https://www.openstreetmap.org/relation/297927","ATRIBUICAO_COORDENADAS":"© OpenStreetMap contributors, ODbL 1.0","CAPACIDADE_FONTE":"Meu Timão","URL_FONTE_CAPACIDADE":"https://www.meutimao.com.br/estadio/toca_do_leao/","PAIS_ISO3":"BRA"},"geometry":{"type":"Point","coordinates":[-47.4137884,-22.7542539]}},{"type":"Feature","properties":{"ESTÁDIO":"Tokyo Dome","CIDADE":"Bunkyō","ESTADO":null,"PAÍS":"Japão","CAPACIDADE":"55000","PRIMEIRA_PARTIDA":"SHONAN BELLMARE 4x7 CORINTHIANS","DATA_PRIMEIRA_PARTIDA":"1994-03-02","ANO_PRIMEIRA_PARTIDA":1994,"ADVERSARIO":"SHONAN BELLMARE","PLACAR":"4x7","COMPETICAO_PRIMEIRA_PARTIDA":"Amistosos 1994","MANDO_PRIMEIRA_PARTIDA":"Não","FONTE_PRIMEIRA_PARTIDA":"https://www.meutimao.com.br/jogo/2576/amistosos-1994/amistoso/shonan_bellmare-4-x-7-corinthians","TOTAL_JOGOS":1,"VITÓRIAS":1,"EMPATES":0,"DERROTAS":0,"APROVEITAMENTO_PCT":100.0,"GOLS_MARCADOS":7,"GOLS_SOFRIDOS":4,"NOMES_ALTERNATIVOS":[],"FONTES_JOGOS":["Meu Timão"],"LATITUDE":35.7056396,"LONGITUDE":139.7518913,"FONTE_COORDENADAS":"OpenStreetMap Nominatim (geocodificação reversa)","URL_FONTE_COORDENADAS":"https://www.openstreetmap.org/relation/1758878","ATRIBUICAO_COORDENADAS":"© OpenStreetMap contributors, ODbL 1.0","CAPACIDADE_FONTE":"Meu Timão","URL_FONTE_CAPACIDADE":"https://www.meutimao.com.br/estadio/tokyo_dome/","PAIS_ISO3":"JPN"},"geometry":{"type":"Point","coordinates":[139.7518913,35.7056396]}},{"type":"Feature","properties":{"ESTÁDIO":"Tonicão","CIDADE":"Assis","ESTADO":"São Paulo","PAÍS":"Brasil","CAPACIDADE":"8525","PRIMEIRA_PARTIDA":"VOCEM 1x4 CORINTHIANS","DATA_PRIMEIRA_PARTIDA":"1992-03-18","ANO_PRIMEIRA_PARTIDA":1992,"ADVERSARIO":"VOCEM","PLACAR":"1x4","COMPETICAO_PRIMEIRA_PARTIDA":"Amistosos 1992","MANDO_PRIMEIRA_PARTIDA":"Não","FONTE_PRIMEIRA_PARTIDA":"https://www.meutimao.com.br/jogo/2733/amistosos-1992/amistoso/vocem-1-x-4-corinthians","TOTAL_JOGOS":1,"VITÓRIAS":1,"EMPATES":0,"DERROTAS":0,"APROVEITAMENTO_PCT":100.0,"GOLS_MARCADOS":4,"GOLS_SOFRIDOS":1,"NOMES_ALTERNATIVOS":[],"FONTES_JOGOS":["Meu Timão"],"LATITUDE":-22.6597615,"LONGITUDE":-50.4331571,"FONTE_COORDENADAS":"OpenStreetMap Nominatim (geocodificação reversa)","URL_FONTE_COORDENADAS":"https://www.openstreetmap.org/relation/298317","ATRIBUICAO_COORDENADAS":"© OpenStreetMap contributors, ODbL 1.0","CAPACIDADE_FONTE":"Meu Timão","URL_FONTE_CAPACIDADE":"https://www.meutimao.com.br/estadio/tonicao/","PAIS_ISO3":"BRA"},"geometry":{"type":"Point","coordinates":[-50.4331571,-22.6597615]}},{"type":"Feature","properties":{"ESTÁDIO":"Toyota Stadium","CIDADE":"Toyota","ESTADO":null,"PAÍS":"Japão","CAPACIDADE":"44380","PRIMEIRA_PARTIDA":"CORINTHIANS 1x0 AL AHLY","DATA_PRIMEIRA_PARTIDA":"2012-12-12","ANO_PRIMEIRA_PARTIDA":2012,"ADVERSARIO":"AL AHLY","PLACAR":"1x0","COMPETICAO_PRIMEIRA_PARTIDA":"Mundial de Clubes 2012","MANDO_PRIMEIRA_PARTIDA":"Sim","FONTE_PRIMEIRA_PARTIDA":"https://www.meutimao.com.br/jogo/373/mundial-de-clubes-2012/corinthians-1-x-0-al_ahly","TOTAL_JOGOS":1,"VITÓRIAS":1,"EMPATES":0,"DERROTAS":0,"APROVEITAMENTO_PCT":100.0,"GOLS_MARCADOS":1,"GOLS_SOFRIDOS":0,"NOMES_ALTERNATIVOS":[],"FONTES_JOGOS":["Meu Timão"],"LATITUDE":35.0844793,"LONGITUDE":137.1709193,"FONTE_COORDENADAS":"OpenStreetMap Nominatim (geocodificação reversa)","URL_FONTE_COORDENADAS":"https://www.openstreetmap.org/relation/4567509","ATRIBUICAO_COORDENADAS":"© OpenStreetMap contributors, ODbL 1.0","CAPACIDADE_FONTE":"StadiumDB.com","URL_FONTE_CAPACIDADE":"https://stadiumdb.com/stadiums/jpn/toyota_stadium","PAIS_ISO3":"JPN"},"geometry":{"type":"Point","coordinates":[137.1709193,35.0844793]}},{"type":"Feature","properties":{"ESTÁDIO":"Trapichão","CIDADE":"Maceió","ESTADO":"Alagoas","PAÍS":"Brasil","CAPACIDADE":"18500","PRIMEIRA_PARTIDA":"CSA 1x6 CORINTHIANS","DATA_PRIMEIRA_PARTIDA":"1970-12-02","ANO_PRIMEIRA_PARTIDA":1970,"ADVERSARIO":"CSA","PLACAR":"1x6","COMPETICAO_PRIMEIRA_PARTIDA":"Amistosos 1970","MANDO_PRIMEIRA_PARTIDA":"Não","FONTE_PRIMEIRA_PARTIDA":"https://www.meutimao.com.br/jogo/4413/amistosos-1970/amistoso/csa-1-x-6-corinthians","TOTAL_JOGOS":10,"VITÓRIAS":7,"EMPATES":1,"DERROTAS":2,"APROVEITAMENTO_PCT":73.3,"GOLS_MARCADOS":20,"GOLS_SOFRIDOS":7,"NOMES_ALTERNATIVOS":[],"FONTES_JOGOS":["Meu Timão"],"LATITUDE":-9.6476843,"LONGITUDE":-35.7339264,"PRECISAO_COORDENADAS":"Município (estádio exato não identificado)","FONTE_COORDENADAS":"OpenStreetMap Nominatim (localidade aproximada)","URL_FONTE_COORDENADAS":"https://www.openstreetmap.org/relation/303815","ATRIBUICAO_COORDENADAS":"© OpenStreetMap contributors, ODbL 1.0","CAPACIDADE_FONTE":"Meu Timão","URL_FONTE_CAPACIDADE":"https://www.meutimao.com.br/estadio/trapichao/","PAIS_ISO3":"BRA"},"geometry":{"type":"Point","coordinates":[-35.7339264,-9.6476843]}},{"type":"Feature","properties":{"ESTÁDIO":"UFC","CIDADE":"Orlando","ESTADO":"Flórida","PAÍS":"Estados Unidos da América","CAPACIDADE":"45301","PRIMEIRA_PARTIDA":"CORINTHIANS 4x1 VASCO DA GAMA","DATA_PRIMEIRA_PARTIDA":"2017-01-18","ANO_PRIMEIRA_PARTIDA":2017,"ADVERSARIO":"VASCO DA GAMA","PLACAR":"4x1","COMPETICAO_PRIMEIRA_PARTIDA":"Florida Cup 2017","MANDO_PRIMEIRA_PARTIDA":"Sim","FONTE_PRIMEIRA_PARTIDA":"https://www.meutimao.com.br/jogo/645/florida-cup-2017/corinthians-4-x-1-vasco_da_gama","TOTAL_JOGOS":3,"VITÓRIAS":1,"EMPATES":1,"DERROTAS":1,"APROVEITAMENTO_PCT":44.4,"GOLS_MARCADOS":6,"GOLS_SOFRIDOS":5,"NOMES_ALTERNATIVOS":[],"FONTES_JOGOS":["Meu Timão"],"LATITUDE":28.5421218,"LONGITUDE":-81.379045,"PRECISAO_COORDENADAS":"Município (estádio exato não identificado)","FONTE_COORDENADAS":"OpenStreetMap Nominatim (localidade aproximada)","URL_FONTE_COORDENADAS":"https://www.openstreetmap.org/relation/1128379","ATRIBUICAO_COORDENADAS":"© OpenStreetMap contributors, ODbL 1.0","CAPACIDADE_FONTE":"Meu Timão","URL_FONTE_CAPACIDADE":"https://www.meutimao.com.br/estadio/ufc/","PAIS_ISO3":"USA"},"geometry":{"type":"Point","coordinates":[-81.379045,28.5421218]}},{"type":"Feature","properties":{"ESTÁDIO":"UNO","CIDADE":"La Plata","ESTADO":"Buenos Aires","PAÍS":"Argentina","CAPACIDADE":"32530","PRIMEIRA_PARTIDA":"ESTUDIANTES 1x0 CORINTHIANS","DATA_PRIMEIRA_PARTIDA":"2023-08-29","ANO_PRIMEIRA_PARTIDA":2023,"ADVERSARIO":"ESTUDIANTES","PLACAR":"1x0","COMPETICAO_PRIMEIRA_PARTIDA":"Sul-Americana 2023","MANDO_PRIMEIRA_PARTIDA":"Não","FONTE_PRIMEIRA_PARTIDA":"https://www.meutimao.com.br/jogo/7845/sul-americana-2023/quartas_de_final/estudiantes-1-x-0-corinthians","TOTAL_JOGOS":2,"VITÓRIAS":0,"EMPATES":1,"DERROTAS":1,"APROVEITAMENTO_PCT":16.7,"GOLS_MARCADOS":1,"GOLS_SOFRIDOS":2,"NOMES_ALTERNATIVOS":[],"FONTES_JOGOS":["Meu Timão"],"LATITUDE":-34.9206797,"LONGITUDE":-57.9537638,"PRECISAO_COORDENADAS":"Município (estádio exato não identificado)","FONTE_COORDENADAS":"OpenStreetMap Nominatim (localidade aproximada)","URL_FONTE_COORDENADAS":"https://www.openstreetmap.org/relation/3266014","ATRIBUICAO_COORDENADAS":"© OpenStreetMap contributors, ODbL 1.0","CAPACIDADE_FONTE":"Meu Timão","URL_FONTE_CAPACIDADE":"https://www.meutimao.com.br/estadio/uno/","PAIS_ISO3":"ARG"},"geometry":{"type":"Point","coordinates":[-57.9537638,-34.9206797]}},{"type":"Feature","properties":{"ESTÁDIO":"Uberabão","CIDADE":"Uberaba","ESTADO":"Minas Gerais","PAÍS":"Brasil","CAPACIDADE":"10000","PRIMEIRA_PARTIDA":"FLUMINENSE 1x1 CORINTHIANS","DATA_PRIMEIRA_PARTIDA":"1995-11-26","ANO_PRIMEIRA_PARTIDA":1995,"ADVERSARIO":"FLUMINENSE","PLACAR":"1x1","COMPETICAO_PRIMEIRA_PARTIDA":"Brasileirão 1995","MANDO_PRIMEIRA_PARTIDA":"Não","FONTE_PRIMEIRA_PARTIDA":"https://www.meutimao.com.br/jogo/2553/brasileirao-1995/fluminense-1-x-1-corinthians","TOTAL_JOGOS":2,"VITÓRIAS":1,"EMPATES":1,"DERROTAS":0,"APROVEITAMENTO_PCT":66.7,"GOLS_MARCADOS":5,"GOLS_SOFRIDOS":2,"NOMES_ALTERNATIVOS":[],"FONTES_JOGOS":["Meu Timão"],"LATITUDE":-19.739209,"LONGITUDE":-47.940574,"FONTE_COORDENADAS":"OpenStreetMap Nominatim (geocodificação reversa)","URL_FONTE_COORDENADAS":"https://www.openstreetmap.org/relation/314874","ATRIBUICAO_COORDENADAS":"© OpenStreetMap contributors, ODbL 1.0","CAPACIDADE_FONTE":"Meu Timão","URL_FONTE_CAPACIDADE":"https://www.meutimao.com.br/estadio/uberabao/","PAIS_ISO3":"BRA"},"geometry":{"type":"Point","coordinates":[-47.940574,-19.739209]}},{"type":"Feature","properties":{"ESTÁDIO":"Ulrico Mursa","CIDADE":"Santos","ESTADO":"São Paulo","PAÍS":"Brasil","CAPACIDADE":null,"PRIMEIRA_PARTIDA":"PORTUGUESA SANTISTA 0x4 CORINTHIANS","DATA_PRIMEIRA_PARTIDA":"1926-12-19","ANO_PRIMEIRA_PARTIDA":1926,"ADVERSARIO":"PORTUGUESA SANTISTA","PLACAR":"0x4","COMPETICAO_PRIMEIRA_PARTIDA":"Amistosos 1926","MANDO_PRIMEIRA_PARTIDA":"Não","FONTE_PRIMEIRA_PARTIDA":"https://www.meutimao.com.br/jogo/6758/amistosos-1926/amistoso/portuguesa_santista-0-x-4-corinthians","TOTAL_JOGOS":55,"VITÓRIAS":38,"EMPATES":5,"DERROTAS":12,"APROVEITAMENTO_PCT":72.1,"GOLS_MARCADOS":138,"GOLS_SOFRIDOS":72,"NOMES_ALTERNATIVOS":[],"FONTES_JOGOS":["Meu Timão"],"LATITUDE":-23.9470355,"LONGITUDE":-46.337299,"FONTE_COORDENADAS":"OpenStreetMap Nominatim (geocodificação reversa)","URL_FONTE_COORDENADAS":"https://www.openstreetmap.org/relation/298442","ATRIBUICAO_COORDENADAS":"© OpenStreetMap contributors, ODbL 1.0","PAIS_ISO3":"BRA"},"geometry":{"type":"Point","coordinates":[-46.337299,-23.9470355]}},{"type":"Feature","properties":{"ESTÁDIO":"Universitario","CIDADE":"Nuevo León","ESTADO":"Nuevo León","PAÍS":"México","CAPACIDADE":null,"PRIMEIRA_PARTIDA":"tigres 2 x 0 Corinthians","DATA_PRIMEIRA_PARTIDA":"2006-03-09","ANO_PRIMEIRA_PARTIDA":2006,"ADVERSARIO":"tigres","PLACAR":"2 x 0","COMPETICAO_PRIMEIRA_PARTIDA":"Libertadores","MANDO_PRIMEIRA_PARTIDA":"Visitante","FONTE_PRIMEIRA_PARTIDA":"Meu Timão / Acervo ATLAS1910","TOTAL_JOGOS":3,"VITÓRIAS":0,"EMPATES":0,"DERROTAS":3,"APROVEITAMENTO_PCT":0,"GOLS_MARCADOS":0,"GOLS_SOFRIDOS":6,"NOMES_ALTERNATIVOS":[],"FONTES_JOGOS":[],"LATITUDE":25.7225198,"LONGITUDE":-100.3120225,"FONTE_COORDENADAS":"OpenStreetMap Nominatim (geocodificação reversa)","URL_FONTE_COORDENADAS":"https://www.openstreetmap.org/node/1038661885","ATRIBUICAO_COORDENADAS":"© OpenStreetMap contributors, ODbL 1.0","PAIS_ISO3":"MEX"},"geometry":{"type":"Point","coordinates":[-100.3120225,25.7225198]}},{"type":"Feature","properties":{"ESTÁDIO":"Vail Chaves","CIDADE":"Mogi Mirim","ESTADO":"São Paulo","PAÍS":"Brasil","CAPACIDADE":"19900","PRIMEIRA_PARTIDA":"MOGI MIRIM 0x2 CORINTHIANS","DATA_PRIMEIRA_PARTIDA":"1986-07-23","ANO_PRIMEIRA_PARTIDA":1986,"ADVERSARIO":"MOGI MIRIM","PLACAR":"0x2","COMPETICAO_PRIMEIRA_PARTIDA":"Paulista 1986","MANDO_PRIMEIRA_PARTIDA":"Não","FONTE_PRIMEIRA_PARTIDA":"https://www.meutimao.com.br/jogo/3160/paulista-1986/mogi_mirim-0-x-2-corinthians","TOTAL_JOGOS":25,"VITÓRIAS":12,"EMPATES":9,"DERROTAS":4,"APROVEITAMENTO_PCT":60.0,"GOLS_MARCADOS":48,"GOLS_SOFRIDOS":23,"NOMES_ALTERNATIVOS":[],"FONTES_JOGOS":["Meu Timão"],"LATITUDE":-22.4395925,"LONGITUDE":-46.9619915,"FONTE_COORDENADAS":"OpenStreetMap Nominatim (geocodificação reversa)","URL_FONTE_COORDENADAS":"https://www.openstreetmap.org/relation/298036","ATRIBUICAO_COORDENADAS":"© OpenStreetMap contributors, ODbL 1.0","CAPACIDADE_FONTE":"Meu Timão","URL_FONTE_CAPACIDADE":"https://www.meutimao.com.br/estadio/vail_chaves/","PAIS_ISO3":"BRA"},"geometry":{"type":"Point","coordinates":[-46.9619915,-22.4395925]}},{"type":"Feature","properties":{"ESTÁDIO":"Velodromo de Sorocaba","CIDADE":"Sorocaba","ESTADO":"São Paulo","PAÍS":"Brasil","CAPACIDADE":"6000","PRIMEIRA_PARTIDA":"BRITÂNIA DE SOROCABA 0x5 CORINTHIANS","DATA_PRIMEIRA_PARTIDA":"1934-01-28","ANO_PRIMEIRA_PARTIDA":1934,"ADVERSARIO":"BRITÂNIA DE SOROCABA","PLACAR":"0x5","COMPETICAO_PRIMEIRA_PARTIDA":"Amistosos 1934","MANDO_PRIMEIRA_PARTIDA":"Não","FONTE_PRIMEIRA_PARTIDA":"https://www.meutimao.com.br/jogo/6514/amistosos-1934/amistoso/britania_de_sorocaba-0-x-5-corinthians","TOTAL_JOGOS":1,"VITÓRIAS":1,"EMPATES":0,"DERROTAS":0,"APROVEITAMENTO_PCT":100.0,"GOLS_MARCADOS":5,"GOLS_SOFRIDOS":0,"NOMES_ALTERNATIVOS":[],"FONTES_JOGOS":["Meu Timão"],"LATITUDE":-23.5007937,"LONGITUDE":-47.4614178,"FONTE_COORDENADAS":"OpenStreetMap Nominatim (geocodificação reversa)","URL_FONTE_COORDENADAS":"https://www.openstreetmap.org/relation/298424","ATRIBUICAO_COORDENADAS":"© OpenStreetMap contributors, ODbL 1.0","CAPACIDADE_FONTE":"Meu Timão","URL_FONTE_CAPACIDADE":"https://www.meutimao.com.br/estadio/velodromo_de_sorocaba/","PAIS_ISO3":"BRA"},"geometry":{"type":"Point","coordinates":[-47.4614178,-23.5007937]}},{"type":"Feature","properties":{"ESTÁDIO":"Velódromo Paulistano","CIDADE":"São Paulo","ESTADO":"São Paulo","PAÍS":"Brasil","CAPACIDADE":"5000","PRIMEIRA_PARTIDA":"CORINTHIANS 1x0 MINAS GERAIS-SP","DATA_PRIMEIRA_PARTIDA":"1913-03-23","ANO_PRIMEIRA_PARTIDA":1913,"ADVERSARIO":"MINAS GERAIS-SP","PLACAR":"1x0","COMPETICAO_PRIMEIRA_PARTIDA":"Paulista 1913","MANDO_PRIMEIRA_PARTIDA":"Sim","FONTE_PRIMEIRA_PARTIDA":"https://www.meutimao.com.br/jogo/7038/paulista-1913/corinthians-1-x-0-minas_gerais-sp","TOTAL_JOGOS":6,"VITÓRIAS":4,"EMPATES":0,"DERROTAS":2,"APROVEITAMENTO_PCT":66.7,"GOLS_MARCADOS":15,"GOLS_SOFRIDOS":4,"NOMES_ALTERNATIVOS":[],"FONTES_JOGOS":["Meu Timão"],"LATITUDE":-23.5493048,"LONGITUDE":-46.645903,"FONTE_COORDENADAS":"OpenStreetMap Nominatim (geocodificação reversa)","URL_FONTE_COORDENADAS":"https://www.openstreetmap.org/relation/298285","ATRIBUICAO_COORDENADAS":"© OpenStreetMap contributors, ODbL 1.0","CAPACIDADE_FONTE":"Meu Timão","URL_FONTE_CAPACIDADE":"https://www.meutimao.com.br/estadio/velodromo_paulistano/","PAIS_ISO3":"BRA"},"geometry":{"type":"Point","coordinates":[-46.645903,-23.5493048]}},{"type":"Feature","properties":{"ESTÁDIO":"Vicente López","CIDADE":null,"ESTADO":"Buenos Aires","PAÍS":"Argentina","CAPACIDADE":"28530","PRIMEIRA_PARTIDA":"PLATENSE 0x2 CORINTHIANS","DATA_PRIMEIRA_PARTIDA":"2026-04-09","ANO_PRIMEIRA_PARTIDA":2026,"ADVERSARIO":"PLATENSE","PLACAR":"0x2","COMPETICAO_PRIMEIRA_PARTIDA":"Libertadores 2026","MANDO_PRIMEIRA_PARTIDA":"Não","FONTE_PRIMEIRA_PARTIDA":"https://www.meutimao.com.br/jogo/8968/libertadores-2026/platense-0-x-2-corinthians","TOTAL_JOGOS":1,"VITÓRIAS":1,"EMPATES":0,"DERROTAS":0,"APROVEITAMENTO_PCT":100.0,"GOLS_MARCADOS":2,"GOLS_SOFRIDOS":0,"NOMES_ALTERNATIVOS":[],"FONTES_JOGOS":["Meu Timão"],"LATITUDE":-34.525763,"LONGITUDE":-58.4748977,"PRECISAO_COORDENADAS":"Município (estádio exato não identificado)","FONTE_COORDENADAS":"OpenStreetMap Nominatim (localidade aproximada)","URL_FONTE_COORDENADAS":"https://www.openstreetmap.org/relation/1270156","ATRIBUICAO_COORDENADAS":"© OpenStreetMap contributors, ODbL 1.0","CAPACIDADE_FONTE":"Meu Timão","URL_FONTE_CAPACIDADE":"https://www.meutimao.com.br/estadio/vicente_lopez/","PAIS_ISO3":"ARG"},"geometry":{"type":"Point","coordinates":[-58.4748977,-34.525763]}},{"type":"Feature","properties":{"ESTÁDIO":"Victor Brito Bastos","CIDADE":"São José do Rio Preto","ESTADO":"São Paulo","PAÍS":"Brasil","CAPACIDADE":null,"PRIMEIRA_PARTIDA":"rio preto 2 x 2 Corinthians 30/01/1949 - Amistoso","DATA_PRIMEIRA_PARTIDA":"1949-01-30","ANO_PRIMEIRA_PARTIDA":1949,"ADVERSARIO":"rio preto","PLACAR":"2 x 2","COMPETICAO_PRIMEIRA_PARTIDA":"Amistoso","MANDO_PRIMEIRA_PARTIDA":"Visitante","FONTE_PRIMEIRA_PARTIDA":"https://www.youtube.com/watch?v=bq3uTaEh2BE","TOTAL_JOGOS":4,"VITÓRIAS":2,"EMPATES":2,"DERROTAS":0,"APROVEITAMENTO_PCT":66.7,"GOLS_MARCADOS":6,"GOLS_SOFRIDOS":4,"NOMES_ALTERNATIVOS":[],"FONTES_JOGOS":[],"LATITUDE":-20.81764,"LONGITUDE":-49.3872613,"FONTE_COORDENADAS":"OpenStreetMap Nominatim (geocodificação reversa)","URL_FONTE_COORDENADAS":"https://www.openstreetmap.org/relation/298344","ATRIBUICAO_COORDENADAS":"© OpenStreetMap contributors, ODbL 1.0","PAIS_ISO3":"BRA"},"geometry":{"type":"Point","coordinates":[-49.3872613,-20.81764]}},{"type":"Feature","properties":{"ESTÁDIO":"Vila Alzira","CIDADE":"Santo André","ESTADO":"São Paulo","PAÍS":"Brasil","CAPACIDADE":"10000","PRIMEIRA_PARTIDA":"CORINTHIANS DE SANTO ANDRÉ 0x0 CORINTHIANS","DATA_PRIMEIRA_PARTIDA":"1924-09-14","ANO_PRIMEIRA_PARTIDA":1924,"ADVERSARIO":"CORINTHIANS","PLACAR":"0x0","COMPETICAO_PRIMEIRA_PARTIDA":"Amistosos 1924","MANDO_PRIMEIRA_PARTIDA":"Sim","FONTE_PRIMEIRA_PARTIDA":"https://www.meutimao.com.br/jogo/6797/amistosos-1924/amistoso/corinthians_de_santo_andre-0-x-0-corinthians","TOTAL_JOGOS":6,"VITÓRIAS":2,"EMPATES":1,"DERROTAS":3,"APROVEITAMENTO_PCT":38.9,"GOLS_MARCADOS":8,"GOLS_SOFRIDOS":11,"NOMES_ALTERNATIVOS":[],"FONTES_JOGOS":["Meu Timão"],"LATITUDE":-23.6693894,"LONGITUDE":-46.520645,"FONTE_COORDENADAS":"OpenStreetMap Nominatim (geocodificação reversa)","URL_FONTE_COORDENADAS":"https://www.openstreetmap.org/relation/298086","ATRIBUICAO_COORDENADAS":"© OpenStreetMap contributors, ODbL 1.0","CAPACIDADE_FONTE":"Meu Timão","URL_FONTE_CAPACIDADE":"https://www.meutimao.com.br/estadio/vila_alzira/","PAIS_ISO3":"BRA"},"geometry":{"type":"Point","coordinates":[-46.520645,-23.6693894]}},{"type":"Feature","properties":{"ESTÁDIO":"Vila América","CIDADE":"Bauru","ESTADO":"SP","PAÍS":"Brazil","CAPACIDADE":null,"PRIMEIRA_PARTIDA":"bauru 0 x 3 Corinthians","DATA_PRIMEIRA_PARTIDA":"1944-12-08","ANO_PRIMEIRA_PARTIDA":1944,"ADVERSARIO":"bauru","PLACAR":"0 x 3","COMPETICAO_PRIMEIRA_PARTIDA":"Amistoso","MANDO_PRIMEIRA_PARTIDA":"Visitante","FONTE_PRIMEIRA_PARTIDA":"Meu Timão / Acervo ATLAS1910","TOTAL_JOGOS":6,"VITÓRIAS":3,"EMPATES":0,"DERROTAS":3,"APROVEITAMENTO_PCT":50,"GOLS_MARCADOS":18,"GOLS_SOFRIDOS":18,"NOMES_ALTERNATIVOS":[],"FONTES_JOGOS":[],"LATITUDE":-22.3336429,"LONGITUDE":-49.0696459,"PAIS_ISO3":"BRA","FONTE_CORRECAO_PAIS":"https://data.geocode.earth/wof/dist/legacy/whosonfirst-data-country-latest.tar.bz2"},"geometry":{"type":"Point","coordinates":[-49.0696459,-22.3336429]}},{"type":"Feature","properties":{"ESTÁDIO":"Vila Arens","CIDADE":"Jundiaí","ESTADO":"São Paulo","PAÍS":"Brasil","CAPACIDADE":null,"PRIMEIRA_PARTIDA":"CORINTHIANS DE JUNDIAÍ 1x3 CORINTHIANS","DATA_PRIMEIRA_PARTIDA":"1920-07-18","ANO_PRIMEIRA_PARTIDA":1920,"ADVERSARIO":"CORINTHIANS","PLACAR":"1x3","COMPETICAO_PRIMEIRA_PARTIDA":"Amistosos 1920","MANDO_PRIMEIRA_PARTIDA":"Sim","FONTE_PRIMEIRA_PARTIDA":"https://www.meutimao.com.br/jogo/6898/amistosos-1920/amistoso/corinthians_de_jundiai-1-x-3-corinthians","TOTAL_JOGOS":3,"VITÓRIAS":1,"EMPATES":0,"DERROTAS":2,"APROVEITAMENTO_PCT":33.3,"GOLS_MARCADOS":3,"GOLS_SOFRIDOS":5,"NOMES_ALTERNATIVOS":[],"FONTES_JOGOS":["Meu Timão"],"LATITUDE":-23.2025115,"LONGITUDE":-46.8749097,"FONTE_COORDENADAS":"OpenStreetMap Nominatim (geocodificação reversa)","URL_FONTE_COORDENADAS":"https://www.openstreetmap.org/relation/297991","ATRIBUICAO_COORDENADAS":"© OpenStreetMap contributors, ODbL 1.0","PAIS_ISO3":"BRA"},"geometry":{"type":"Point","coordinates":[-46.8749097,-23.2025115]}},{"type":"Feature","properties":{"ESTÁDIO":"Vila Belmiro","CIDADE":"Santos","ESTADO":"São Paulo","PAÍS":"Brasil","CAPACIDADE":"15800","PRIMEIRA_PARTIDA":"SANTOS 3x3 CORINTHIANS","DATA_PRIMEIRA_PARTIDA":"1917-06-10","ANO_PRIMEIRA_PARTIDA":1917,"ADVERSARIO":"SANTOS","PLACAR":"3x3","COMPETICAO_PRIMEIRA_PARTIDA":"Paulista 1917","MANDO_PRIMEIRA_PARTIDA":"Não","FONTE_PRIMEIRA_PARTIDA":"https://www.meutimao.com.br/jogo/6977/paulista-1917/santos-3-x-3-corinthians","TOTAL_JOGOS":140,"VITÓRIAS":49,"EMPATES":33,"DERROTAS":58,"APROVEITAMENTO_PCT":42.9,"GOLS_MARCADOS":232,"GOLS_SOFRIDOS":240,"NOMES_ALTERNATIVOS":[],"FONTES_JOGOS":["Meu Timão"],"LATITUDE":-23.9510794,"LONGITUDE":-46.3388549,"FONTE_COORDENADAS":"OpenStreetMap Nominatim (geocodificação reversa)","URL_FONTE_COORDENADAS":"https://www.openstreetmap.org/relation/298442","ATRIBUICAO_COORDENADAS":"© OpenStreetMap contributors, ODbL 1.0","CAPACIDADE_FONTE":"StadiumDB.com","URL_FONTE_CAPACIDADE":"https://stadiumdb.com/stadiums/bra/estadio_urbano_caldeira","PAIS_ISO3":"BRA"},"geometry":{"type":"Point","coordinates":[-46.3388549,-23.9510794]}},{"type":"Feature","properties":{"ESTÁDIO":"Vila Capanema","CIDADE":"Curitiba","ESTADO":"Paraná","PAÍS":"Brasil","CAPACIDADE":"20083","PRIMEIRA_PARTIDA":"FERROVIÁRIO-PR 3x3 CORINTHIANS","DATA_PRIMEIRA_PARTIDA":"1956-06-02","ANO_PRIMEIRA_PARTIDA":1956,"ADVERSARIO":"FERROVIÁRIO-PR","PLACAR":"3x3","COMPETICAO_PRIMEIRA_PARTIDA":"Amistosos 1956","MANDO_PRIMEIRA_PARTIDA":"Não","FONTE_PRIMEIRA_PARTIDA":"https://www.meutimao.com.br/jogo/5430/amistosos-1956/amistoso/ferroviario-pr-3-x-3-corinthians","TOTAL_JOGOS":8,"VITÓRIAS":3,"EMPATES":3,"DERROTAS":2,"APROVEITAMENTO_PCT":50.0,"GOLS_MARCADOS":13,"GOLS_SOFRIDOS":11,"NOMES_ALTERNATIVOS":[],"FONTES_JOGOS":["Meu Timão"],"LATITUDE":-25.43948,"LONGITUDE":-49.2558691,"FONTE_COORDENADAS":"OpenStreetMap Nominatim (geocodificação reversa)","URL_FONTE_COORDENADAS":"https://www.openstreetmap.org/node/206136859","ATRIBUICAO_COORDENADAS":"© OpenStreetMap contributors, ODbL 1.0","CAPACIDADE_FONTE":"Meu Timão","URL_FONTE_CAPACIDADE":"https://www.meutimao.com.br/estadio/vila_capanema/","PAIS_ISO3":"BRA"},"geometry":{"type":"Point","coordinates":[-49.2558691,-25.43948]}},{"type":"Feature","properties":{"ESTÁDIO":"Vila Euclides","CIDADE":"São Bernardo do Campo","ESTADO":"São Paulo","PAÍS":"Brasil","CAPACIDADE":null,"PRIMEIRA_PARTIDA":"são bernardo 2 x 2 Corinthians","DATA_PRIMEIRA_PARTIDA":"2011-01-30","ANO_PRIMEIRA_PARTIDA":2011,"ADVERSARIO":"são bernardo","PLACAR":"2 x 2","COMPETICAO_PRIMEIRA_PARTIDA":"Paulista","MANDO_PRIMEIRA_PARTIDA":"Visitante","FONTE_PRIMEIRA_PARTIDA":"Meu Timão / Acervo ATLAS1910","TOTAL_JOGOS":7,"VITÓRIAS":3,"EMPATES":2,"DERROTAS":2,"APROVEITAMENTO_PCT":52.4,"GOLS_MARCADOS":8,"GOLS_SOFRIDOS":5,"NOMES_ALTERNATIVOS":[],"FONTES_JOGOS":[],"LATITUDE":-23.6997698,"LONGITUDE":-46.5553928,"FONTE_COORDENADAS":"OpenStreetMap Nominatim (geocodificação reversa)","URL_FONTE_COORDENADAS":"https://www.openstreetmap.org/relation/297968","ATRIBUICAO_COORDENADAS":"© OpenStreetMap contributors, ODbL 1.0","PAIS_ISO3":"BRA"},"geometry":{"type":"Point","coordinates":[-46.5553928,-23.6997698]}},{"type":"Feature","properties":{"ESTÁDIO":"Vila Famosa","CIDADE":"Porto Ferreira","ESTADO":"São Paulo","PAÍS":"Brasil","CAPACIDADE":"3402","PRIMEIRA_PARTIDA":"PALMEIRINHA DE PORTO FERREIRA 1x0 CORINTHIANS","DATA_PRIMEIRA_PARTIDA":"1992-06-10","ANO_PRIMEIRA_PARTIDA":1992,"ADVERSARIO":"PALMEIRINHA DE PORTO FERREIRA","PLACAR":"1x0","COMPETICAO_PRIMEIRA_PARTIDA":"Amistosos 1992","MANDO_PRIMEIRA_PARTIDA":"Não","FONTE_PRIMEIRA_PARTIDA":"https://www.meutimao.com.br/jogo/2743/amistosos-1992/amistoso/palmeirinha_de_porto_ferreira-1-x-0-corinthians","TOTAL_JOGOS":1,"VITÓRIAS":0,"EMPATES":0,"DERROTAS":1,"APROVEITAMENTO_PCT":0.0,"GOLS_MARCADOS":0,"GOLS_SOFRIDOS":1,"NOMES_ALTERNATIVOS":[],"FONTES_JOGOS":["Meu Timão"],"LATITUDE":-21.8704151,"LONGITUDE":-47.486168,"FONTE_COORDENADAS":"OpenStreetMap Nominatim (geocodificação reversa)","URL_FONTE_COORDENADAS":"https://www.openstreetmap.org/relation/298178","ATRIBUICAO_COORDENADAS":"© OpenStreetMap contributors, ODbL 1.0","CAPACIDADE_FONTE":"Meu Timão","URL_FONTE_CAPACIDADE":"https://www.meutimao.com.br/estadio/vila_famosa/","PAIS_ISO3":"BRA"},"geometry":{"type":"Point","coordinates":[-47.486168,-21.8704151]}},{"type":"Feature","properties":{"ESTÁDIO":"Vila Leme","CIDADE":"Jundiaí","ESTADO":"São Paulo","PAÍS":"Brasil","CAPACIDADE":null,"PRIMEIRA_PARTIDA":"CORINTHIANS DE JUNDIAÍ 0x5 CORINTHIANS","DATA_PRIMEIRA_PARTIDA":"1915-09-05","ANO_PRIMEIRA_PARTIDA":1915,"ADVERSARIO":"CORINTHIANS","PLACAR":"0x5","COMPETICAO_PRIMEIRA_PARTIDA":"Amistosos 1915","MANDO_PRIMEIRA_PARTIDA":"Sim","FONTE_PRIMEIRA_PARTIDA":"https://www.meutimao.com.br/jogo/7018/amistosos-1915/amistoso/corinthians_de_jundiai-0-x-5-corinthians","TOTAL_JOGOS":6,"VITÓRIAS":3,"EMPATES":1,"DERROTAS":2,"APROVEITAMENTO_PCT":55.6,"GOLS_MARCADOS":13,"GOLS_SOFRIDOS":10,"NOMES_ALTERNATIVOS":[],"FONTES_JOGOS":["Meu Timão"],"LATITUDE":-23.1816786,"LONGITUDE":-46.8908132,"FONTE_COORDENADAS":"OpenStreetMap Nominatim (geocodificação reversa)","URL_FONTE_COORDENADAS":"https://www.openstreetmap.org/relation/297991","ATRIBUICAO_COORDENADAS":"© OpenStreetMap contributors, ODbL 1.0","PAIS_ISO3":"BRA"},"geometry":{"type":"Point","coordinates":[-46.8908132,-23.1816786]}},{"type":"Feature","properties":{"ESTÁDIO":"Vila Luis Leite","CIDADE":"Amparo","ESTADO":"São Paulo","PAÍS":"Brasil","CAPACIDADE":null,"PRIMEIRA_PARTIDA":"AMPARO ATHLÉTICO CLUB 0x3 CORINTHIANS","DATA_PRIMEIRA_PARTIDA":"1919-11-15","ANO_PRIMEIRA_PARTIDA":1919,"ADVERSARIO":"AMPARO ATHLÉTICO CLUB","PLACAR":"0x3","COMPETICAO_PRIMEIRA_PARTIDA":"Amistosos 1919","MANDO_PRIMEIRA_PARTIDA":"Não","FONTE_PRIMEIRA_PARTIDA":"https://www.meutimao.com.br/jogo/6930/amistosos-1919/amistoso/amparo_athletico_club-0-x-3-corinthians","TOTAL_JOGOS":1,"VITÓRIAS":1,"EMPATES":0,"DERROTAS":0,"APROVEITAMENTO_PCT":100.0,"GOLS_MARCADOS":3,"GOLS_SOFRIDOS":0,"NOMES_ALTERNATIVOS":[],"FONTES_JOGOS":["Meu Timão"],"LATITUDE":-22.7097409,"LONGITUDE":-46.7748446,"FONTE_COORDENADAS":"OpenStreetMap Nominatim (geocodificação reversa)","URL_FONTE_COORDENADAS":"https://www.openstreetmap.org/relation/298494","ATRIBUICAO_COORDENADAS":"© OpenStreetMap contributors, ODbL 1.0","PAIS_ISO3":"BRA"},"geometry":{"type":"Point","coordinates":[-46.7748446,-22.7097409]}},{"type":"Feature","properties":{"ESTÁDIO":"Vila Manoel Cecilio","CIDADE":"São João da Boa Vista","ESTADO":"São Paulo","PAÍS":"Brasil","CAPACIDADE":null,"PRIMEIRA_PARTIDA":"PALMEIRAS DE SÃO JOÃO DA BOA VISTA 2x4 CORINTHIANS","DATA_PRIMEIRA_PARTIDA":"1956-05-13","ANO_PRIMEIRA_PARTIDA":1956,"ADVERSARIO":"PALMEIRAS DE SÃO JOÃO DA BOA VISTA","PLACAR":"2x4","COMPETICAO_PRIMEIRA_PARTIDA":"Amistosos 1956","MANDO_PRIMEIRA_PARTIDA":"Não","FONTE_PRIMEIRA_PARTIDA":"https://www.meutimao.com.br/jogo/5424/amistosos-1956/amistoso/palmeiras_de_sao_joao_da_boa_vista-2-x-4-corinthians","TOTAL_JOGOS":2,"VITÓRIAS":2,"EMPATES":0,"DERROTAS":0,"APROVEITAMENTO_PCT":100.0,"GOLS_MARCADOS":6,"GOLS_SOFRIDOS":3,"NOMES_ALTERNATIVOS":[],"FONTES_JOGOS":["Meu Timão"],"LATITUDE":-21.9742254,"LONGITUDE":-46.804252,"FONTE_COORDENADAS":"OpenStreetMap Nominatim (geocodificação reversa)","URL_FONTE_COORDENADAS":"https://www.openstreetmap.org/relation/298438","ATRIBUICAO_COORDENADAS":"© OpenStreetMap contributors, ODbL 1.0","PAIS_ISO3":"BRA"},"geometry":{"type":"Point","coordinates":[-46.804252,-21.9742254]}},{"type":"Feature","properties":{"ESTÁDIO":"Vila Mariana","CIDADE":"Mococa","ESTADO":"São Paulo","PAÍS":"Brasil","CAPACIDADE":"12000","PRIMEIRA_PARTIDA":"RADIUM 2x4 CORINTHIANS","DATA_PRIMEIRA_PARTIDA":"1952-04-06","ANO_PRIMEIRA_PARTIDA":1952,"ADVERSARIO":"RADIUM","PLACAR":"2x4","COMPETICAO_PRIMEIRA_PARTIDA":"Amistosos 1952","MANDO_PRIMEIRA_PARTIDA":"Não","FONTE_PRIMEIRA_PARTIDA":"https://www.meutimao.com.br/jogo/5688/amistosos-1952/amistoso/radium-2-x-4-corinthians","TOTAL_JOGOS":2,"VITÓRIAS":2,"EMPATES":0,"DERROTAS":0,"APROVEITAMENTO_PCT":100.0,"GOLS_MARCADOS":6,"GOLS_SOFRIDOS":2,"NOMES_ALTERNATIVOS":[],"FONTES_JOGOS":["Meu Timão"],"LATITUDE":-21.4648807,"LONGITUDE":-47.0088707,"FONTE_COORDENADAS":"OpenStreetMap Nominatim (geocodificação reversa)","URL_FONTE_COORDENADAS":"https://www.openstreetmap.org/relation/298286","ATRIBUICAO_COORDENADAS":"© OpenStreetMap contributors, ODbL 1.0","CAPACIDADE_FONTE":"Meu Timão","URL_FONTE_CAPACIDADE":"https://www.meutimao.com.br/estadio/vila_mariana/","PAIS_ISO3":"BRA"},"geometry":{"type":"Point","coordinates":[-47.0088707,-21.4648807]}},{"type":"Feature","properties":{"ESTÁDIO":"Vila Olimpica","CIDADE":"Curitiba","ESTADO":"Paraná","PAÍS":"Brasil","CAPACIDADE":null,"PRIMEIRA_PARTIDA":"PARANÁ CLUBE 0x0 CORINTHIANS","DATA_PRIMEIRA_PARTIDA":"1998-10-21","ANO_PRIMEIRA_PARTIDA":1998,"ADVERSARIO":"PARANÁ CLUBE","PLACAR":"0x0","COMPETICAO_PRIMEIRA_PARTIDA":"Brasileirão 1998","MANDO_PRIMEIRA_PARTIDA":"Não","FONTE_PRIMEIRA_PARTIDA":"https://www.meutimao.com.br/jogo/2313/brasileirao-1998/parana_clube-0-x-0-corinthians","TOTAL_JOGOS":1,"VITÓRIAS":0,"EMPATES":1,"DERROTAS":0,"APROVEITAMENTO_PCT":33.3,"GOLS_MARCADOS":0,"GOLS_SOFRIDOS":0,"NOMES_ALTERNATIVOS":[],"FONTES_JOGOS":["Meu Timão"],"LATITUDE":-25.5229681,"LONGITUDE":-49.2319996,"FONTE_COORDENADAS":"OpenStreetMap Nominatim (geocodificação reversa)","URL_FONTE_COORDENADAS":"https://www.openstreetmap.org/node/206136859","ATRIBUICAO_COORDENADAS":"© OpenStreetMap contributors, ODbL 1.0","PAIS_ISO3":"BRA"},"geometry":{"type":"Point","coordinates":[-49.2319996,-25.5229681]}},{"type":"Feature","properties":{"ESTÁDIO":"Vila Redemptora","CIDADE":"São José do Rio Preto","ESTADO":"São Paulo","PAÍS":"Brasil","CAPACIDADE":"1000","PRIMEIRA_PARTIDA":"PALESTRA DE RIO PRETO 3x9 CORINTHIANS","DATA_PRIMEIRA_PARTIDA":"1936-06-21","ANO_PRIMEIRA_PARTIDA":1936,"ADVERSARIO":"PALESTRA DE RIO PRETO","PLACAR":"3x9","COMPETICAO_PRIMEIRA_PARTIDA":"Amistosos 1936","MANDO_PRIMEIRA_PARTIDA":"Não","FONTE_PRIMEIRA_PARTIDA":"https://www.meutimao.com.br/jogo/6468/amistosos-1936/amistoso/palestra_de_rio_preto-3-x-9-corinthians","TOTAL_JOGOS":1,"VITÓRIAS":1,"EMPATES":0,"DERROTAS":0,"APROVEITAMENTO_PCT":100.0,"GOLS_MARCADOS":9,"GOLS_SOFRIDOS":3,"NOMES_ALTERNATIVOS":[],"FONTES_JOGOS":["Meu Timão"],"LATITUDE":-20.8209302,"LONGITUDE":-49.3871034,"FONTE_COORDENADAS":"OpenStreetMap Nominatim (geocodificação reversa)","URL_FONTE_COORDENADAS":"https://www.openstreetmap.org/relation/298344","ATRIBUICAO_COORDENADAS":"© OpenStreetMap contributors, ODbL 1.0","CAPACIDADE_FONTE":"Meu Timão","URL_FONTE_CAPACIDADE":"https://www.meutimao.com.br/estadio/vila_redemptora/","PAIS_ISO3":"BRA"},"geometry":{"type":"Point","coordinates":[-49.3871034,-20.8209302]}},{"type":"Feature","properties":{"ESTÁDIO":"Vila Resende","CIDADE":"Piracicaba","ESTADO":"São Paulo","PAÍS":"Brasil","CAPACIDADE":null,"PRIMEIRA_PARTIDA":"ATLÉTICO PIRACICABANO 2x4 CORINTHIANS","DATA_PRIMEIRA_PARTIDA":"1947-02-02","ANO_PRIMEIRA_PARTIDA":1947,"ADVERSARIO":"ATLÉTICO PIRACICABANO","PLACAR":"2x4","COMPETICAO_PRIMEIRA_PARTIDA":"Amistosos 1947","MANDO_PRIMEIRA_PARTIDA":"Não","FONTE_PRIMEIRA_PARTIDA":"https://www.meutimao.com.br/jogo/5989/amistosos-1947/amistoso/atletico_piracicabano-2-x-4-corinthians","TOTAL_JOGOS":1,"VITÓRIAS":1,"EMPATES":0,"DERROTAS":0,"APROVEITAMENTO_PCT":100.0,"GOLS_MARCADOS":4,"GOLS_SOFRIDOS":2,"NOMES_ALTERNATIVOS":[],"FONTES_JOGOS":["Meu Timão"],"LATITUDE":-22.7107181,"LONGITUDE":-47.6551293,"FONTE_COORDENADAS":"OpenStreetMap Nominatim (geocodificação reversa)","URL_FONTE_COORDENADAS":"https://www.openstreetmap.org/relation/298413","ATRIBUICAO_COORDENADAS":"© OpenStreetMap contributors, ODbL 1.0","PAIS_ISO3":"BRA"},"geometry":{"type":"Point","coordinates":[-47.6551293,-22.7107181]}},{"type":"Feature","properties":{"ESTÁDIO":"Vila Sophia (Lapa)","CIDADE":"São Paulo","ESTADO":"São Paulo","PAÍS":"Brasil","CAPACIDADE":null,"PRIMEIRA_PARTIDA":"RUGGERONE 4x1 CORINTHIANS","DATA_PRIMEIRA_PARTIDA":"1912-02-10","ANO_PRIMEIRA_PARTIDA":1912,"ADVERSARIO":"RUGGERONE","PLACAR":"4x1","COMPETICAO_PRIMEIRA_PARTIDA":"Jogo varzeano 1910","MANDO_PRIMEIRA_PARTIDA":"Não","FONTE_PRIMEIRA_PARTIDA":"https://www.meutimao.com.br/jogo/7060/jogo-varzeano-1910/amistoso/ruggerone-4-x-1-corinthians","TOTAL_JOGOS":1,"VITÓRIAS":0,"EMPATES":0,"DERROTAS":1,"APROVEITAMENTO_PCT":0.0,"GOLS_MARCADOS":1,"GOLS_SOFRIDOS":4,"NOMES_ALTERNATIVOS":[],"FONTES_JOGOS":["Meu Timão"],"LATITUDE":-23.5291898,"LONGITUDE":-46.6979238,"FONTE_COORDENADAS":"OpenStreetMap Nominatim (geocodificação reversa)","URL_FONTE_COORDENADAS":"https://www.openstreetmap.org/relation/298285","ATRIBUICAO_COORDENADAS":"© OpenStreetMap contributors, ODbL 1.0","PAIS_ISO3":"BRA"},"geometry":{"type":"Point","coordinates":[-46.6979238,-23.5291898]}},{"type":"Feature","properties":{"ESTÁDIO":"Vivaldão","CIDADE":"Manaus","ESTADO":"Amazonas","PAÍS":"Brasil","CAPACIDADE":"31000","PRIMEIRA_PARTIDA":"FAST 1x2 CORINTHIANS","DATA_PRIMEIRA_PARTIDA":"1971-11-03","ANO_PRIMEIRA_PARTIDA":1971,"ADVERSARIO":"FAST","PLACAR":"1x2","COMPETICAO_PRIMEIRA_PARTIDA":"Amistosos 1971","MANDO_PRIMEIRA_PARTIDA":"Não","FONTE_PRIMEIRA_PARTIDA":"https://www.meutimao.com.br/jogo/4298/amistosos-1971/amistoso/fast-1-x-2-corinthians","TOTAL_JOGOS":9,"VITÓRIAS":5,"EMPATES":3,"DERROTAS":1,"APROVEITAMENTO_PCT":66.7,"GOLS_MARCADOS":13,"GOLS_SOFRIDOS":9,"NOMES_ALTERNATIVOS":[],"FONTES_JOGOS":["Meu Timão"],"LATITUDE":-3.1316333,"LONGITUDE":-59.9825041,"PRECISAO_COORDENADAS":"Município (estádio exato não identificado)","FONTE_COORDENADAS":"OpenStreetMap Nominatim (localidade aproximada)","URL_FONTE_COORDENADAS":"https://www.openstreetmap.org/relation/332493","ATRIBUICAO_COORDENADAS":"© OpenStreetMap contributors, ODbL 1.0","CAPACIDADE_FONTE":"Meu Timão","URL_FONTE_CAPACIDADE":"https://www.meutimao.com.br/estadio/vivaldao/","PAIS_ISO3":"BRA"},"geometry":{"type":"Point","coordinates":[-59.9825041,-3.1316333]}},{"type":"Feature","properties":{"ESTÁDIO":"Várzea da Lapa","CIDADE":"São Paulo","ESTADO":"São Paulo","PAÍS":"Brasil","CAPACIDADE":"1000","PRIMEIRA_PARTIDA":"UNIÃO LAPA 1x0 CORINTHIANS","DATA_PRIMEIRA_PARTIDA":"1910-09-10","ANO_PRIMEIRA_PARTIDA":1910,"ADVERSARIO":"UNIÃO LAPA","PLACAR":"1x0","COMPETICAO_PRIMEIRA_PARTIDA":"Jogo varzeano 1910","MANDO_PRIMEIRA_PARTIDA":"Não","FONTE_PRIMEIRA_PARTIDA":"https://www.meutimao.com.br/jogo/7049/jogo-varzeano-1910/amistoso/uniao_lapa-1-x-0-corinthians","TOTAL_JOGOS":2,"VITÓRIAS":1,"EMPATES":0,"DERROTAS":1,"APROVEITAMENTO_PCT":50.0,"GOLS_MARCADOS":6,"GOLS_SOFRIDOS":2,"NOMES_ALTERNATIVOS":[],"FONTES_JOGOS":["Meu Timão"],"LATITUDE":-23.5193489,"LONGITUDE":-46.7017183,"FONTE_COORDENADAS":"OpenStreetMap Nominatim (geocodificação reversa)","URL_FONTE_COORDENADAS":"https://www.openstreetmap.org/relation/298285","ATRIBUICAO_COORDENADAS":"© OpenStreetMap contributors, ODbL 1.0","CAPACIDADE_FONTE":"Meu Timão","URL_FONTE_CAPACIDADE":"https://www.meutimao.com.br/estadio/varzea_da_lapa/","PAIS_ISO3":"BRA"},"geometry":{"type":"Point","coordinates":[-46.7017183,-23.5193489]}},{"type":"Feature","properties":{"ESTÁDIO":"Vélodrome","CIDADE":"Marselha","ESTADO":"Provença-Alpes-Costa Azul","PAÍS":"France","CAPACIDADE":null,"PRIMEIRA_PARTIDA":"OLYMPIQUE DE MARSELHA 1x2 CORINTHIANS","DATA_PRIMEIRA_PARTIDA":"1970-05-15","ANO_PRIMEIRA_PARTIDA":1970,"ADVERSARIO":"OLYMPIQUE DE MARSELHA","PLACAR":"1x2","COMPETICAO_PRIMEIRA_PARTIDA":"Amistosos 1970","MANDO_PRIMEIRA_PARTIDA":"Não","FONTE_PRIMEIRA_PARTIDA":"https://www.meutimao.com.br/jogo/4375/amistosos-1970/amistoso/olympique_de_marselha-1-x-2-corinthians","TOTAL_JOGOS":1,"VITÓRIAS":1,"EMPATES":0,"DERROTAS":0,"APROVEITAMENTO_PCT":100.0,"GOLS_MARCADOS":2,"GOLS_SOFRIDOS":1,"NOMES_ALTERNATIVOS":[],"FONTES_JOGOS":["Meu Timão"],"LATITUDE":43.269827,"LONGITUDE":5.3958873,"FONTE_COORDENADAS":"OpenStreetMap Nominatim (geocodificação reversa)","URL_FONTE_COORDENADAS":"https://www.openstreetmap.org/relation/76469","ATRIBUICAO_COORDENADAS":"© OpenStreetMap contributors, ODbL 1.0","PAIS_ISO3":"FRA","FONTE_CORRECAO_PAIS":"https://data.geocode.earth/wof/dist/legacy/whosonfirst-data-country-latest.tar.bz2"},"geometry":{"type":"Point","coordinates":[5.3958873,43.269827]}},{"type":"Feature","properties":{"ESTÁDIO":"Walter Ribeiro/Estádio do CIC","CIDADE":"Sorocaba","ESTADO":"SP","PAÍS":"Brasil","CAPACIDADE":null,"PRIMEIRA_PARTIDA":"são bento 0 x 2 Corinthians","DATA_PRIMEIRA_PARTIDA":"1978-10-22","ANO_PRIMEIRA_PARTIDA":1978,"ADVERSARIO":"são bento","PLACAR":"0 x 2","COMPETICAO_PRIMEIRA_PARTIDA":"Paulista","MANDO_PRIMEIRA_PARTIDA":"Visitante","FONTE_PRIMEIRA_PARTIDA":"Meu Timão / Acervo ATLAS1910","TOTAL_JOGOS":21,"VITÓRIAS":11,"EMPATES":8,"DERROTAS":2,"APROVEITAMENTO_PCT":65.1,"GOLS_MARCADOS":29,"GOLS_SOFRIDOS":14,"NOMES_ALTERNATIVOS":[],"FONTES_JOGOS":[],"LATITUDE":-23.4903864,"LONGITUDE":-47.4486124,"PAIS_ISO3":"BRA"},"geometry":{"type":"Point","coordinates":[-47.4486124,-23.4903864]}},{"type":"Feature","properties":{"ESTÁDIO":"Wanderley José Vicentini","CIDADE":"Pedreira","ESTADO":"São Paulo","PAÍS":"Brasil","CAPACIDADE":"4736","PRIMEIRA_PARTIDA":"CORINTHIANS 1x0 ITUANO","DATA_PRIMEIRA_PARTIDA":"1998-01-11","ANO_PRIMEIRA_PARTIDA":1998,"ADVERSARIO":"ITUANO","PLACAR":"1x0","COMPETICAO_PRIMEIRA_PARTIDA":"Amistosos 1998","MANDO_PRIMEIRA_PARTIDA":"Sim","FONTE_PRIMEIRA_PARTIDA":"https://www.meutimao.com.br/jogo/2253/amistosos-1998/amistoso/corinthians-1-x-0-ituano","TOTAL_JOGOS":1,"VITÓRIAS":1,"EMPATES":0,"DERROTAS":0,"APROVEITAMENTO_PCT":100.0,"GOLS_MARCADOS":1,"GOLS_SOFRIDOS":0,"NOMES_ALTERNATIVOS":[],"FONTES_JOGOS":["Meu Timão"],"LATITUDE":-22.7359758,"LONGITUDE":-46.8914446,"FONTE_COORDENADAS":"OpenStreetMap Nominatim (geocodificação reversa)","URL_FONTE_COORDENADAS":"https://www.openstreetmap.org/relation/298283","ATRIBUICAO_COORDENADAS":"© OpenStreetMap contributors, ODbL 1.0","CAPACIDADE_FONTE":"Meu Timão","URL_FONTE_CAPACIDADE":"https://www.meutimao.com.br/estadio/wanderley_jose_vicentini/","PAIS_ISO3":"BRA"},"geometry":{"type":"Point","coordinates":[-46.8914446,-22.7359758]}},{"type":"Feature","properties":{"ESTÁDIO":"Willie Davids","CIDADE":"Maringá","ESTADO":"Paraná","PAÍS":"Brasil","CAPACIDADE":null,"PRIMEIRA_PARTIDA":"GRÊMIO MARINGÁ 0x1 CORINTHIANS","DATA_PRIMEIRA_PARTIDA":"1965-06-13","ANO_PRIMEIRA_PARTIDA":1965,"ADVERSARIO":"GRÊMIO MARINGÁ","PLACAR":"0x1","COMPETICAO_PRIMEIRA_PARTIDA":"Amistosos 1965","MANDO_PRIMEIRA_PARTIDA":"Não","FONTE_PRIMEIRA_PARTIDA":"https://www.meutimao.com.br/jogo/4832/amistosos-1965/amistoso/gremio_maringa-0-x-1-corinthians","TOTAL_JOGOS":14,"VITÓRIAS":7,"EMPATES":2,"DERROTAS":5,"APROVEITAMENTO_PCT":54.8,"GOLS_MARCADOS":22,"GOLS_SOFRIDOS":17,"NOMES_ALTERNATIVOS":[],"FONTES_JOGOS":["Meu Timão"],"LATITUDE":-23.4142951,"LONGITUDE":-51.9380737,"FONTE_COORDENADAS":"OpenStreetMap Nominatim (geocodificação reversa)","URL_FONTE_COORDENADAS":"https://www.openstreetmap.org/relation/297521","ATRIBUICAO_COORDENADAS":"© OpenStreetMap contributors, ODbL 1.0","PAIS_ISO3":"BRA"},"geometry":{"type":"Point","coordinates":[-51.9380737,-23.4142951]}},{"type":"Feature","properties":{"ESTÁDIO":"XV de Novembro","CIDADE":"Caraguatatuba","ESTADO":"São Paulo","PAÍS":"Brasil","CAPACIDADE":null,"PRIMEIRA_PARTIDA":"XV DE NOVEMBRO 0x2 CORINTHIANS","DATA_PRIMEIRA_PARTIDA":"1991-06-30","ANO_PRIMEIRA_PARTIDA":1991,"ADVERSARIO":"XV DE NOVEMBRO","PLACAR":"0x2","COMPETICAO_PRIMEIRA_PARTIDA":"Amistosos 1991","MANDO_PRIMEIRA_PARTIDA":"Não","FONTE_PRIMEIRA_PARTIDA":"https://www.meutimao.com.br/jogo/2866/amistosos-1991/amistoso/xv_de_novembro-0-x-2-corinthians","TOTAL_JOGOS":1,"VITÓRIAS":1,"EMPATES":0,"DERROTAS":0,"APROVEITAMENTO_PCT":100.0,"GOLS_MARCADOS":2,"GOLS_SOFRIDOS":0,"NOMES_ALTERNATIVOS":[],"FONTES_JOGOS":["Meu Timão"],"LATITUDE":-23.6180241,"LONGITUDE":-45.4101619,"FONTE_COORDENADAS":"OpenStreetMap Nominatim (geocodificação reversa)","URL_FONTE_COORDENADAS":"https://www.openstreetmap.org/relation/298259","ATRIBUICAO_COORDENADAS":"© OpenStreetMap contributors, ODbL 1.0","PAIS_ISO3":"BRA"},"geometry":{"type":"Point","coordinates":[-45.4101619,-23.6180241]}},{"type":"Feature","properties":{"ESTÁDIO":"Zezinho Magalhães","CIDADE":"Jaú","ESTADO":"São Paulo","PAÍS":"Brasil","CAPACIDADE":"20000","PRIMEIRA_PARTIDA":"XV DE JAÚ 0x3 CORINTHIANS","DATA_PRIMEIRA_PARTIDA":"1925-11-15","ANO_PRIMEIRA_PARTIDA":1925,"ADVERSARIO":"XV DE JAÚ","PLACAR":"0x3","COMPETICAO_PRIMEIRA_PARTIDA":"Amistosos 1925","MANDO_PRIMEIRA_PARTIDA":"Não","FONTE_PRIMEIRA_PARTIDA":"https://www.meutimao.com.br/jogo/6777/amistosos-1925/amistoso/xv_de_jau-0-x-3-corinthians","TOTAL_JOGOS":21,"VITÓRIAS":10,"EMPATES":8,"DERROTAS":3,"APROVEITAMENTO_PCT":60.3,"GOLS_MARCADOS":29,"GOLS_SOFRIDOS":19,"NOMES_ALTERNATIVOS":[],"FONTES_JOGOS":["Meu Timão"],"LATITUDE":-22.2965664,"LONGITUDE":-48.5726166,"FONTE_COORDENADAS":"OpenStreetMap Nominatim (geocodificação reversa)","URL_FONTE_COORDENADAS":"https://www.openstreetmap.org/relation/298378","ATRIBUICAO_COORDENADAS":"© OpenStreetMap contributors, ODbL 1.0","CAPACIDADE_FONTE":"Meu Timão","URL_FONTE_CAPACIDADE":"https://www.meutimao.com.br/estadio/zezinho_magalhaes/","PAIS_ISO3":"BRA"},"geometry":{"type":"Point","coordinates":[-48.5726166,-22.2965664]}},{"type":"Feature","properties":{"ESTÁDIO":"Ítalo Del Cima","CIDADE":"Rio de Janeiro","ESTADO":"Rio de Janeiro","PAÍS":"Brasil","CAPACIDADE":"18000","PRIMEIRA_PARTIDA":"CAMPO GRANDE 1x1 CORINTHIANS","DATA_PRIMEIRA_PARTIDA":"1983-03-23","ANO_PRIMEIRA_PARTIDA":1983,"ADVERSARIO":"CAMPO GRANDE","PLACAR":"1x1","COMPETICAO_PRIMEIRA_PARTIDA":"Brasileirão 1983","MANDO_PRIMEIRA_PARTIDA":"Não","FONTE_PRIMEIRA_PARTIDA":"https://www.meutimao.com.br/jogo/3351/brasileirao-1983/campo_grande-1-x-1-corinthians","TOTAL_JOGOS":1,"VITÓRIAS":0,"EMPATES":1,"DERROTAS":0,"APROVEITAMENTO_PCT":33.3,"GOLS_MARCADOS":1,"GOLS_SOFRIDOS":1,"NOMES_ALTERNATIVOS":[],"FONTES_JOGOS":["Meu Timão"],"LATITUDE":-22.9015803,"LONGITUDE":-43.5458351,"FONTE_COORDENADAS":"OpenStreetMap Nominatim (geocodificação reversa)","URL_FONTE_COORDENADAS":"https://www.openstreetmap.org/relation/2697338","ATRIBUICAO_COORDENADAS":"© OpenStreetMap contributors, ODbL 1.0","CAPACIDADE_FONTE":"Meu Timão","URL_FONTE_CAPACIDADE":"https://www.meutimao.com.br/estadio/italo_del_cima/","PAIS_ISO3":"BRA"},"geometry":{"type":"Point","coordinates":[-43.5458351,-22.9015803]}},{"type":"Feature","properties":{"ESTÁDIO":"Ítalo Setti","CIDADE":"São Bernardo do Campo","ESTADO":"São Paulo","PAÍS":"Brasil","CAPACIDADE":"5000","PRIMEIRA_PARTIDA":"EC SÃO BERNARDO 2x2 CORINTHIANS","DATA_PRIMEIRA_PARTIDA":"1959-03-01","ANO_PRIMEIRA_PARTIDA":1959,"ADVERSARIO":"EC SÃO BERNARDO","PLACAR":"2x2","COMPETICAO_PRIMEIRA_PARTIDA":"Amistosos 1959","MANDO_PRIMEIRA_PARTIDA":"Não","FONTE_PRIMEIRA_PARTIDA":"https://www.meutimao.com.br/jogo/5178/amistosos-1959/amistoso/ec_sao_bernardo-2-x-2-corinthians","TOTAL_JOGOS":1,"VITÓRIAS":0,"EMPATES":1,"DERROTAS":0,"APROVEITAMENTO_PCT":33.3,"GOLS_MARCADOS":2,"GOLS_SOFRIDOS":2,"NOMES_ALTERNATIVOS":[],"FONTES_JOGOS":["Meu Timão"],"LATITUDE":-23.7056855,"LONGITUDE":-46.5515933,"FONTE_COORDENADAS":"OpenStreetMap Nominatim (geocodificação reversa)","URL_FONTE_COORDENADAS":"https://www.openstreetmap.org/relation/297968","ATRIBUICAO_COORDENADAS":"© OpenStreetMap contributors, ODbL 1.0","CAPACIDADE_FONTE":"Meu Timão","URL_FONTE_CAPACIDADE":"https://www.meutimao.com.br/estadio/italo_setti/","PAIS_ISO3":"BRA"},"geometry":{"type":"Point","coordinates":[-46.5515933,-23.7056855]}}]}