{"type":"FeatureCollection","name":"paises_limites_50m","features":[{"type":"Feature","properties":{"ADMIN":"Venezuela","ADM0_A3":"VEN"},"geometry":{"type":"MultiPolygon","coordinates":[[[[-60.82119140624998,9.138378906249999],[-60.94140625,9.105566406249991],[-60.939453124999986,9.13232421875],[-60.90727539062499,9.178710937500002],[-60.84487304687499,9.191796875],[-60.82138671875,9.207666015624989],[-60.78159179687499,9.218359375],[-60.75888671875,9.21645507812499],[-60.73583984375,9.203320312499997],[-60.790380859375,9.177197265624997],[-60.82119140624998,9.138378906249999]]],[[[-63.84936523437499,11.131005859374994],[-63.817285156249994,11.000341796874986],[-63.82709960937498,10.975830078124998],[-63.917626953124994,10.887548828124993],[-63.993554687499994,10.881201171874993],[-64.05468749999999,10.884326171874987],[-64.10117187499998,10.90141601562499],[-64.160888671875,10.95878906249999],[-64.2189453125,10.941601562499995],[-64.3625,10.961523437499993],[-64.40234374999999,10.98159179687499],[-64.34863281249999,11.051904296874994],[-64.249755859375,11.080322265624996],[-64.21367187499999,11.0861328125],[-64.184814453125,11.04296875],[-64.11279296875,11.005664062499989],[-64.0283203125,11.001855468749994],[-64.00732421875,11.068457031249991],[-63.89311523437498,11.167236328124998],[-63.84936523437499,11.131005859374994]]],[[[-65.2125,10.906445312499997],[-65.26640625,10.883984375],[-65.365234375,10.906445312499997],[-65.41464843749999,10.937890625],[-65.383203125,10.973828125],[-65.30234375,10.973828125],[-65.22656249999999,10.93022460937499],[-65.2125,10.906445312499997]]],[[[-60.99790039062498,8.867333984374994],[-61.05996093750001,8.847021484374991],[-61.06918945312499,8.947314453124989],[-61.05048828124999,8.974365234375],[-60.94477539062502,9.05502929687499],[-60.91582031249998,9.0703125],[-60.89458007812499,9.053369140624994],[-60.899902343749986,9.031884765624993],[-60.84916992187499,8.995703125],[-60.861425781249984,8.949609375],[-60.91640625,8.89926757812499],[-60.99790039062498,8.867333984374994]]],[[[-60.017529296875004,8.54931640625],[-59.831640625,8.30595703124999],[-59.828906249999974,8.27915039062499],[-59.849072265625004,8.248681640624996],[-59.96484375,8.191601562499995],[-59.99072265625002,8.162011718749996],[-60.03242187499998,8.053564453124991],[-60.17817382812499,7.994042968749994],[-60.278906249999984,7.919433593750001],[-60.34677734375,7.854003906249998],[-60.380615234375,7.827636718750002],[-60.51362304687499,7.813183593749996],[-60.55634765625,7.77202148437499],[-60.61010742187501,7.648339843749993],[-60.649462890624996,7.596630859374995],[-60.71865234375,7.535937499999988],[-60.71923828125001,7.498681640624993],[-60.62373046875,7.363330078124987],[-60.60654296875,7.320849609374986],[-60.63618164062499,7.256591796875002],[-60.63330078125001,7.211083984374994],[-60.583203125,7.156201171874995],[-60.523193359375,7.143701171874993],[-60.46494140625,7.166552734374987],[-60.39238281249998,7.164550781250001],[-60.345068359375,7.15],[-60.32548828124998,7.133984375],[-60.32207031249999,7.092041015624998],[-60.35209960937501,7.002880859374995],[-60.39501953125,6.94536132812499],[-60.586083984375,6.857080078124993],[-60.671044921874994,6.80595703124999],[-60.71791992187499,6.768310546875],[-60.820849609374974,6.788476562499993],[-60.87333984374999,6.78691406249999],[-60.91357421875,6.7578125],[-60.93798828125,6.732763671874991],[-61.007080078125,6.726611328124988],[-61.104785156249996,6.711376953124997],[-61.14560546875,6.69453125],[-61.17724609375001,6.650927734374989],[-61.203613281249986,6.588378906249999],[-61.181591796875004,6.513378906249995],[-61.151025390624994,6.446533203125003],[-61.15229492187498,6.385107421874991],[-61.12871093749998,6.214306640624994],[-61.159472656249974,6.174414062499991],[-61.22495117187498,6.129199218749987],[-61.303125,6.049511718749999],[-61.39082031249999,5.938769531249987],[-61.376806640625,5.906982421874998],[-61.1671875,5.67421875],[-60.95400390625,5.437402343749993],[-60.74213867187498,5.202050781249995],[-60.711962890624974,5.191552734374992],[-60.671972656249984,5.164355468749989],[-60.635009765624986,5.081982421874996],[-60.60449218749999,4.994580078124996],[-60.60385742187498,4.949365234374994],[-60.627587890625,4.892529296874996],[-60.679150390625004,4.827099609374996],[-60.74174804687498,4.774121093749997],[-60.83339843749999,4.729199218749997],[-60.90625,4.68681640624999],[-60.96640625,4.574707031250002],[-61.002832031249994,4.535253906249991],[-61.036279296875,4.519335937499989],[-61.102441406249994,4.504687499999988],[-61.209423828125,4.508056640624999],[-61.28007812499998,4.516894531249989],[-61.367529296874984,4.433007812499994],[-61.479394531249994,4.402246093749993],[-61.554248046874996,4.287792968749997],[-61.82084960937499,4.197021484374999],[-62.08159179687499,4.126318359374991],[-62.153125,4.098388671875001],[-62.410644531249986,4.156738281250002],[-62.47255859375,4.138525390624991],[-62.543945312499986,4.084326171874991],[-62.60976562499999,4.042285156249987],[-62.665332031249974,4.039648437499993],[-62.712109375,4.017919921874991],[-62.73994140625,3.940332031249993],[-62.76459960937498,3.672949218749991],[-62.85698242187499,3.593457031249997],[-62.96865234375,3.593945312499996],[-63.0453125,3.686474609374998],[-63.13623046875001,3.756445312499992],[-63.294726562499996,3.922265625],[-63.338671874999974,3.943896484374988],[-63.37978515624998,3.942871093749999],[-63.52680664062499,3.893701171874994],[-63.59663085937499,3.9150390625],[-63.652929687499984,3.940820312499993],[-63.74697265624998,3.932568359374998],[-63.91464843749999,3.9306640625],[-64.02148437500001,3.929101562499993],[-64.07338867187501,3.97441406249999],[-64.121728515625,4.066992187499991],[-64.154296875,4.100146484374989],[-64.19248046874999,4.126855468749994],[-64.25566406249999,4.140332031249996],[-64.525537109375,4.139990234374991],[-64.57636718749998,4.139892578125],[-64.613671875,4.157714843749998],[-64.66552734375,4.237109375],[-64.722265625,4.274414062500001],[-64.788671875,4.276025390624994],[-64.81787109375,4.232275390624991],[-64.702587890625,4.089306640624996],[-64.66899414062499,4.011816406249991],[-64.56791992187497,3.899804687499994],[-64.27529296874998,3.662695312499991],[-64.22109374999998,3.58740234375],[-64.22705078124999,3.491210937500001],[-64.22875976562499,3.343994140625],[-64.21884765624999,3.2046875],[-64.14355468749999,3.0048828125],[-64.03779296875,2.801513671875],[-64.009033203125,2.671875],[-64.0287109375,2.576074218749995],[-64.048828125,2.525097656249997],[-64.04658203124998,2.502392578124997],[-64.02490234374999,2.481884765624997],[-63.924169921875,2.452441406249988],[-63.712548828124994,2.434033203124998],[-63.58461914062499,2.433935546874992],[-63.389257812499984,2.411914062499989],[-63.37485351562498,2.340429687499991],[-63.393945312499994,2.222509765624991],[-63.432519531249994,2.155566406249988],[-63.463916015624996,2.136035156249989],[-63.570263671875,2.120507812499994],[-63.682128906249986,2.048144531249988],[-63.84448242187501,1.976708984374994],[-63.937158203124994,1.966992187499997],[-63.97578125,1.953027343749995],[-64.00849609374998,1.931591796874997],[-64.03544921874999,1.904443359374994],[-64.067041015625,1.7705078125],[-64.11484374999998,1.619287109374994],[-64.205029296875,1.529492187499997],[-64.30419921875,1.455273437499997],[-64.40512695312498,1.446875],[-64.48603515624998,1.452783203124994],[-64.52626953125,1.431005859374991],[-64.584375,1.369873046875],[-64.667431640625,1.293847656249994],[-64.73154296874999,1.253320312499994],[-64.81796874999998,1.257128906249988],[-64.910107421875,1.2197265625],[-65.0265625,1.158447265625],[-65.103759765625,1.108105468749997],[-65.16962890625,1.022216796875],[-65.26396484374997,0.931884765625],[-65.36083984375,0.86865234375],[-65.4072265625,0.790478515624997],[-65.473388671875,0.691259765624991],[-65.55605468749998,0.68798828125],[-65.5626953125,0.747509765624997],[-65.52299804687499,0.843408203124994],[-65.566015625,0.926074218749988],[-65.64467773437498,0.970361328124995],[-65.68144531249997,0.983447265624988],[-65.71811523437499,0.97802734375],[-65.81132812499999,0.937255859375],[-65.92587890624999,0.863134765624992],[-65.996337890625,0.809765625],[-66.06005859375,0.785351562499997],[-66.19121093749997,0.76328125],[-66.30166015625001,0.751953125],[-66.34711914062498,0.7671875],[-66.42924804687499,0.821679687499994],[-66.61904296874998,0.992138671874997],[-66.876025390625,1.223046875],[-66.8955078125,1.289892578124991],[-66.88447265624998,1.358251953124991],[-66.93110351562497,1.4580078125],[-66.95834960937499,1.564208984375],[-66.98154296874999,1.60078125],[-66.98813476562498,1.68017578125],[-67.04389648437501,1.823193359374997],[-67.08955078125,1.940332031249994],[-67.13144531249998,1.999853515624991],[-67.113818359375,2.050585937499989],[-67.13144531249998,2.101269531249997],[-67.165478515625,2.142578125],[-67.21523437499998,2.275488281249991],[-67.19760742187499,2.332763671875],[-67.21083984375001,2.390136718749999],[-67.25273437499999,2.429443359375],[-67.312255859375,2.4716796875],[-67.3916015625,2.559912109374991],[-67.48642578124999,2.643652343749992],[-67.53496093749999,2.676757812500001],[-67.568017578125,2.68994140625],[-67.5966796875,2.769335937499988],[-67.61870117187499,2.793603515624995],[-67.667236328125,2.800195312499994],[-67.766455078125,2.833300781249989],[-67.85908203125,2.793603515624995],[-67.86123046875,2.855322265624991],[-67.83476562499999,2.892822265625],[-67.51484375,3.187255859375001],[-67.35361328124999,3.32265625],[-67.33627929687499,3.342626953124991],[-67.32216796875,3.373974609374997],[-67.31113281249999,3.415869140624992],[-67.34770507812499,3.463769531249996],[-67.498681640625,3.691113281249998],[-67.55112304687499,3.733837890624996],[-67.6025390625,3.768798828125],[-67.66162109375001,3.864257812500002],[-67.73232421875,4.086523437499991],[-67.78320312500001,4.198242187500001],[-67.79863281249997,4.283886718749998],[-67.79541015624997,4.380712890624991],[-67.81430664062499,4.455078125],[-67.85527343749999,4.506884765624987],[-67.85527343749999,4.665478515624996],[-67.81430664062499,4.930810546874992],[-67.80419921875001,5.132519531249998],[-67.82490234375,5.270458984374995],[-67.78842773437499,5.375488281250001],[-67.69462890624999,5.447509765625],[-67.64228515625,5.5587890625],[-67.63134765624999,5.709375],[-67.57519531250001,5.833105468749992],[-67.473876953125,5.929980468749988],[-67.43935546875,6.025537109374995],[-67.47158203125,6.119775390624995],[-67.48198242187499,6.180273437499991],[-67.56806640625001,6.241796875],[-67.72714843749999,6.284960937499988],[-67.85917968749999,6.289892578124991],[-67.9388671875,6.241943359375001],[-68.14306640625,6.197509765624998],[-68.47177734374999,6.15654296874999],[-68.73647460937501,6.15678710937499],[-68.93720703125,6.198193359374995],[-69.08994140625,6.184375],[-69.19453125000001,6.115332031249991],[-69.26816406249999,6.09970703124999],[-69.31083984374999,6.137597656249992],[-69.357080078125,6.147998046874988],[-69.4271484375,6.123974609374998],[-69.43925781249997,6.134912109374994],[-69.59482421874998,6.321484375],[-69.73896484375,6.494384765624998],[-69.90419921875,6.700244140624989],[-70.09501953124997,6.937939453124996],[-70.12919921874997,6.953613281249998],[-70.18813476562498,6.952050781249997],[-70.26611328124999,6.947949218749996],[-70.3875,6.972607421874998],[-70.47065429687498,7.007128906249989],[-70.53554687499998,7.040527343750001],[-70.655078125,7.082763671875001],[-70.73715820312499,7.090039062499997],[-70.81069335937498,7.077587890624998],[-71.01328125,6.994433593749989],[-71.12861328125,6.98671875],[-71.21782226562497,6.985205078124992],[-71.45712890625,7.0263671875],[-71.62089843749996,7.032910156249997],[-71.81127929687501,7.005810546874995],[-71.89267578125,6.990332031249992],[-72.00664062499999,7.032617187499996],[-72.08427734374997,7.096875],[-72.156689453125,7.249707031249998],[-72.20771484375,7.370263671874996],[-72.29633789062498,7.39453125],[-72.39462890624998,7.415087890624992],[-72.44296875,7.45488281249999],[-72.47197265625,7.524267578124988],[-72.478955078125,7.613232421874998],[-72.46889648437501,7.757958984374993],[-72.45957031249998,7.80986328124999],[-72.44604492187497,7.966113281249989],[-72.39169921874999,8.047705078124993],[-72.35761718750001,8.087304687499994],[-72.36416015624997,8.152783203124999],[-72.39033203124998,8.287060546874995],[-72.41655273437499,8.381982421874994],[-72.52573242187499,8.489697265624997],[-72.66542968749998,8.627587890624994],[-72.72553710937498,8.848291015624996],[-72.79638671874999,9.108984375],[-72.85209960937497,9.13515625],[-72.90444335937501,9.1220703125],[-72.96015625000001,9.13515625],[-73.00927734375,9.239941406249997],[-73.0583984375,9.259570312499989],[-73.13671874999999,9.222802734374996],[-73.19316406249997,9.194140624999987],[-73.33671874999999,9.167919921874997],[-73.36621093750001,9.194140624999987],[-73.35634765624998,9.226855468749989],[-73.295654296875,9.322021484374998],[-73.22426757812501,9.443603515624998],[-73.14125976562501,9.554638671874999],[-73.0640625,9.668212890625002],[-73.00654296874998,9.789160156249988],[-72.96738281249999,10.029736328124994],[-72.940380859375,10.195751953124997],[-72.86933593749998,10.491259765624992],[-72.73916015624997,10.727197265624994],[-72.690087890625,10.835839843749996],[-72.572265625,10.97714843749999],[-72.51801757812501,11.05390625],[-72.44609374999999,11.114257812500002],[-72.24848632812497,11.196435546874996],[-72.01230468749999,11.601953125],[-71.95810546874999,11.66640625],[-71.71948242187499,11.726855468749994],[-71.53608398437498,11.774072265624996],[-71.40019531249997,11.823535156249985],[-71.35556640624999,11.849755859374993],[-71.31972656249998,11.861914062499991],[-71.34941406249999,11.81494140625],[-71.41455078124999,11.755175781249992],[-71.48837890625,11.71875],[-71.86865234375,11.62734375],[-71.90751953125,11.60795898437499],[-71.95693359374998,11.569921875],[-71.95722656250001,11.4828125],[-71.94697265625,11.414453125],[-71.835107421875,11.190332031249993],[-71.79145507812498,11.135058593749992],[-71.64160156249999,11.013525390624991],[-71.67568359375,10.996728515624994],[-71.73090820312498,10.994677734374987],[-71.6904296875,10.835498046874987],[-71.59843749999999,10.726220703124993],[-71.59433593749998,10.657373046874993],[-71.66484374999997,10.44375],[-71.79350585937499,10.315966796874987],[-71.884765625,10.167236328125],[-71.955712890625,10.108056640624994],[-72.11284179687499,9.815576171874994],[-71.99326171874998,9.64150390624999],[-71.97626953124998,9.55322265625],[-71.87304687499997,9.427636718749989],[-71.8056640625,9.386425781249994],[-71.76074218749999,9.335742187499989],[-71.78134765624999,9.25],[-71.74013671874998,9.133886718749995],[-71.68671875,9.072509765624996],[-71.61953125,9.047949218749993],[-71.53662109375001,9.048291015624997],[-71.29794921874998,9.125634765624996],[-71.24140625,9.160449218749989],[-71.20537109374997,9.222460937499989],[-71.08583984374998,9.348242187499988],[-71.07841796875,9.510791015624987],[-71.05268554687498,9.705810546875],[-71.08173828125001,9.833203125],[-71.20722656249997,10.014599609374999],[-71.26220703125,10.143603515624985],[-71.38662109375001,10.263769531249988],[-71.46279296875,10.469238281250002],[-71.49423828124999,10.533203125],[-71.51787109375,10.621826171875],[-71.54462890625,10.778710937499994],[-71.4611328125,10.835644531249994],[-71.46953124999997,10.96416015624999],[-71.26435546875,10.99951171875],[-70.8205078125,11.208447265624995],[-70.54560546875,11.261376953124996],[-70.23251953124999,11.372998046874999],[-70.15996093749996,11.428076171874993],[-70.097119140625,11.519775390624998],[-70.04853515625001,11.53032226562499],[-69.88535156249998,11.4443359375],[-69.80478515624999,11.47421875],[-69.772900390625,11.541308593749985],[-69.817333984375,11.672070312499995],[-69.91093749999999,11.672119140625],[-70.19257812499997,11.624609375],[-70.22011718749998,11.680859375],[-70.22001953125,11.730078125],[-70.2865234375,11.886035156249989],[-70.24511718750001,12.003515625],[-70.20278320312501,12.098388671875002],[-70.12202148437501,12.136621093749994],[-70.00395507812499,12.177880859374994],[-69.91435546874996,12.114599609374993],[-69.86010742187499,12.05419921875],[-69.83061523437499,11.99560546875],[-69.81054687499999,11.836865234374995],[-69.76240234375,11.676025390625002],[-69.71191406249999,11.564208984374998],[-69.631591796875,11.479931640624997],[-69.56982421874999,11.485449218749993],[-69.52573242187499,11.49951171875],[-69.232568359375,11.518457031249993],[-69.05458984375,11.461035156249988],[-68.82797851562499,11.431738281249988],[-68.6162109375,11.309375],[-68.3986328125,11.160986328124993],[-68.34316406250001,11.052832031249991],[-68.32480468749999,10.949316406249993],[-68.27207031249999,10.880029296874993],[-68.32470703125,10.808740234374994],[-68.2962890625,10.689355468749993],[-68.23408203125,10.569140624999989],[-68.13994140624999,10.492724609374989],[-67.87163085937499,10.472070312499996],[-67.58134765624999,10.523730468749987],[-67.13330078125001,10.57041015624999],[-66.98906249999997,10.610644531249987],[-66.247216796875,10.632226562499993],[-66.105859375,10.574609375],[-66.09213867187499,10.517089843749996],[-66.090478515625,10.472949218749989],[-65.85175781249998,10.257763671874999],[-65.655859375,10.228466796874997],[-65.48935546874998,10.159423828125],[-65.31738281249999,10.122363281249985],[-65.12910156249998,10.070068359375],[-65.02329101562499,10.076660156249998],[-64.94404296874998,10.095019531249989],[-64.85048828124998,10.098095703124999],[-64.18833007812499,10.457812499999989],[-63.83369140625,10.448535156249989],[-63.77905273437501,10.471923828125],[-63.73188476562498,10.503417968749998],[-63.8626953125,10.558154296874989],[-64.15791015624998,10.579248046874994],[-64.247509765625,10.542578125],[-64.29819335937499,10.63515625],[-64.20195312499999,10.632666015624986],[-63.87343749999999,10.663769531249999],[-63.49677734374998,10.643261718749995],[-63.18989257812499,10.709179687499995],[-63.035498046875,10.720117187499993],[-62.946728515625004,10.707080078124987],[-62.702343749999976,10.749804687499983],[-62.24228515624998,10.699560546874993],[-61.87949218749999,10.741015624999989],[-61.92138671875001,10.681445312499989],[-62.0404296875,10.64536132812499],[-62.23291015625001,10.633984375],[-62.37998046874999,10.546875],[-62.693554687499976,10.562988281250002],[-62.91357421875001,10.531494140624998],[-62.84296875,10.507226562499996],[-62.84301757812499,10.417919921874995],[-62.812939453125004,10.399902343749998],[-62.78125,10.39921875],[-62.70629882812499,10.333056640624989],[-62.68583984374999,10.289794921874996],[-62.66162109375,10.19858398437499],[-62.69467773437499,10.100097656250002],[-62.74057617187499,10.05615234375],[-62.65117187499999,10.070654296874993],[-62.600488281249994,10.116943359375002],[-62.60791015624999,10.163427734374991],[-62.600488281249994,10.21728515625],[-62.550341796874974,10.200439453125],[-62.51513671875,10.176123046874993],[-62.40092773437499,9.918408203124999],[-62.32041015624998,9.783056640624991],[-62.29980468750001,9.788183593749993],[-62.280664062499994,9.79296875],[-62.256738281249994,9.818896484374989],[-62.22114257812499,9.882568359375002],[-62.1904296875,9.8421875],[-62.17197265624999,9.82670898437499],[-62.153369140624974,9.821777343750002],[-62.17031249999998,9.879492187499993],[-62.147460937499986,9.953417968749989],[-62.155322265624996,9.979248046874998],[-62.11962890624999,9.984863281249998],[-62.07709960937499,9.975048828124997],[-62.01650390624999,9.9546875],[-61.90859375,9.869921874999987],[-61.837255859375006,9.782080078124991],[-61.831152343749984,9.733056640624994],[-61.80537109374998,9.705517578124995],[-61.75874023437499,9.676513671874998],[-61.7359375,9.631201171874991],[-61.73173828124999,9.702490234374991],[-61.75917968749999,9.75444335937499],[-61.765917968749974,9.813818359374991],[-61.62539062499999,9.816455078124983],[-61.58886718749999,9.89453125],[-61.51230468749999,9.847509765624991],[-61.309375,9.633056640624998],[-61.23442382812498,9.597607421874997],[-61.01337890624998,9.556445312499987],[-60.87407226562499,9.453320312499997],[-60.79248046875,9.360742187499994],[-60.840966796874994,9.263671875],[-60.97104492187499,9.215185546874991],[-61.02314453124999,9.154589843749989],[-61.05307617187498,9.095117187499993],[-61.05356445312499,9.035253906249993],[-61.09296875,8.965771484374997],[-61.098828125,8.941308593749998],[-61.122363281249996,8.843359374999988],[-61.17587890625,8.725390625],[-61.247265625,8.600341796875002],[-61.618701171875,8.597460937499989],[-61.52690429687498,8.546142578124998],[-61.442578125,8.508691406249993],[-61.30400390624999,8.410400390625002],[-61.19375,8.487597656249989],[-61.03598632812498,8.493115234374997],[-60.865234375,8.578808593749997],[-60.800976562500004,8.59213867187499],[-60.48149414062499,8.547265625],[-60.40449218749999,8.610253906249994],[-60.340234375,8.628759765624991],[-60.16748046874999,8.616992187499989],[-60.017529296875004,8.54931640625]]]]}},{"type":"Feature","properties":{"ADMIN":"Uruguay","ADM0_A3":"URY"},"geometry":{"type":"MultiPolygon","coordinates":[[[[-53.37060546874999,-33.7421875],[-53.419580078124994,-33.779199218749994],[-53.47246093749998,-33.849316406250004],[-53.53452148437498,-34.01748046875001],[-53.742919921874986,-34.249511718749986],[-53.785302734374994,-34.38037109374999],[-54.01025390624998,-34.516992187499994],[-54.16855468749998,-34.67070312500002],[-54.272119140624994,-34.66689453125003],[-54.36533203124999,-34.73271484375001],[-54.902294921875004,-34.93281250000002],[-55.095117187499994,-34.895117187500006],[-55.237890625,-34.895800781249996],[-55.37060546874999,-34.80761718750001],[-55.673144531249974,-34.775683593749996],[-55.862939453125,-34.810937500000016],[-56.117919921874986,-34.907910156250004],[-56.19462890625,-34.9064453125],[-56.24995117187499,-34.90126953125],[-56.387841796874994,-34.86103515625],[-56.46308593749999,-34.775390625],[-56.855175781250004,-34.67666015624998],[-57.170703125,-34.45234375],[-57.54345703125001,-34.44804687499999],[-57.829101562499986,-34.47734375],[-57.87324218749999,-34.447656250000016],[-57.902148437499974,-34.39013671874999],[-57.961230468749996,-34.306933593749996],[-58.20703125,-34.10908203125001],[-58.400195312499996,-33.91240234375],[-58.438134765624994,-33.719140625],[-58.411328125,-33.508886718750006],[-58.35336914062498,-33.260058593749996],[-58.36352539062501,-33.18232421875001],[-58.29218749999998,-33.13798828125001],[-58.221582031249994,-33.12910156250001],[-58.15356445312499,-33.064648437500004],[-58.09267578124998,-32.9673828125],[-58.082324218749996,-32.89365234375],[-58.12958984374999,-32.7572265625],[-58.16220703125,-32.56650390625001],[-58.201171875,-32.471679687499986],[-58.123046875,-32.321875],[-58.1197265625,-32.248925781250016],[-58.16479492187501,-32.184863281249996],[-58.177001953124986,-32.11904296875001],[-58.15634765625,-32.05156249999998],[-58.160400390625,-31.986523437500022],[-58.18901367187499,-31.924218750000016],[-58.167480468749986,-31.87265625],[-58.09584960937499,-31.831835937500014],[-58.042333984375,-31.769238281250022],[-58.00698242187497,-31.6849609375],[-57.9888671875,-31.620605468749996],[-57.987988281250004,-31.576171875],[-58.00966796874999,-31.534375],[-58.053857421874994,-31.494921875000014],[-58.03339843749998,-31.416601562500013],[-57.94833984374999,-31.299414062500016],[-57.89335937499998,-31.1953125],[-57.868408203124986,-31.10439453125001],[-57.87006835937498,-31.031054687499985],[-57.89829101562499,-30.975195312500013],[-57.886328124999984,-30.93740234375001],[-57.83408203124998,-30.91748046875001],[-57.81059570312499,-30.85859375],[-57.8185546875,-30.71201171875002],[-57.87250976562499,-30.59101562500001],[-57.831201171874994,-30.495214843750013],[-57.712695312499996,-30.384472656250022],[-57.650878906249986,-30.295019531250016],[-57.64575195312501,-30.226953125],[-57.60888671875001,-30.18779296875],[-57.55229492187499,-30.261230468750007],[-57.383837890624974,-30.280664062500023],[-57.21445312499998,-30.283398437500015],[-57.18691406249999,-30.26484375],[-57.120507812499994,-30.144433593750012],[-57.03271484375,-30.109960937499984],[-56.93725585937501,-30.101074218749996],[-56.83271484374999,-30.107226562500003],[-56.72167968749999,-30.18691406250001],[-56.407226562499986,-30.447460937500022],[-56.17617187499997,-30.62841796875],[-56.105859375,-30.713769531250012],[-56.04482421874999,-30.777636718749996],[-55.99897460937499,-30.837207031250003],[-56.01845703124999,-30.991894531249997],[-56.01552734375,-31.059667968750013],[-56.00468749999998,-31.079199218750002],[-55.95200195312498,-31.080859375],[-55.87368164062499,-31.069628906250014],[-55.807763671874994,-31.03671875],[-55.75634765624998,-30.987109375],[-55.70595703124999,-30.946582031249992],[-55.665234375,-30.924902343750002],[-55.65048828125,-30.89208984375001],[-55.62714843749999,-30.858105468749997],[-55.60302734375,-30.85078125000001],[-55.55732421874999,-30.875976562499993],[-55.449560546874984,-30.964453124999984],[-55.36606445312499,-31.04619140625001],[-55.345507812499974,-31.09296875],[-55.31328124999999,-31.141699218750006],[-55.27895507812501,-31.18417968750001],[-55.25463867187499,-31.225585937499993],[-55.17353515624999,-31.27958984375001],[-55.09116210937497,-31.313964843750007],[-55.036035156249994,-31.279003906250022],[-54.89599609374999,-31.391210937500006],[-54.587646484375,-31.48515625],[-54.53090820312497,-31.5419921875],[-54.477685546874994,-31.62275390625],[-54.36992187499998,-31.745019531250005],[-54.220556640624984,-31.85517578125001],[-54.10043945312499,-31.901562500000015],[-53.98515625,-31.928125],[-53.920605468750004,-31.952343750000015],[-53.87651367187499,-31.99453125000002],[-53.80610351562499,-32.039941406249994],[-53.76171875,-32.05683593750001],[-53.74658203125,-32.0974609375],[-53.701123046875,-32.18632812499999],[-53.65361328124998,-32.298730468749994],[-53.601708984375,-32.40302734375002],[-53.489404296874994,-32.50322265624999],[-53.362744140625004,-32.58115234375],[-53.23125,-32.625390625],[-53.15727539062499,-32.680078125000016],[-53.12558593749998,-32.73671875],[-53.21406249999998,-32.82109375],[-53.31010742187496,-32.92705078125],[-53.39521484375,-33.0103515625],[-53.482861328125,-33.06855468749999],[-53.51186523437498,-33.108691406249996],[-53.53134765625,-33.17089843750001],[-53.53037109374999,-33.50029296874999],[-53.53764648437498,-33.62285156250001],[-53.53134765624998,-33.65546875],[-53.51884765624999,-33.67724609375],[-53.46357421874998,-33.709863281249994],[-53.39755859374998,-33.737304687499986],[-53.37060546874999,-33.7421875]]]]}},{"type":"Feature","properties":{"ADMIN":"United States of America","ADM0_A3":"USA"},"geometry":{"type":"MultiPolygon","coordinates":[[[[-132.746875,56.525683593749996],[-132.75761718750002,56.51103515625002],[-132.884716796875,56.512451171874964],[-132.93081054687494,56.524462890624996],[-132.94804687499993,56.56723632812499],[-132.93623046875,56.60683593750001],[-132.90654296875,56.637402343750004],[-132.87065429687496,56.69638671875],[-132.84252929687497,56.794775390625],[-132.655859375,56.684716796875016],[-132.59868164062496,56.63574218749999],[-132.56796875000003,56.57583007812506],[-132.63422851562498,56.553466796875],[-132.71445312499998,56.54252929687497],[-132.746875,56.525683593749996]]],[[[-132.77988281249995,56.247265624999976],[-132.83095703124997,56.244140624999986],[-132.891455078125,56.259423828125],[-133.03500976562498,56.34091796875002],[-133.0376464843749,56.36484375],[-133.01708984375,56.39199218749999],[-132.935498046875,56.441796875],[-132.90205078124998,56.453759765625],[-132.7060546875,56.448486328124986],[-132.64335937499996,56.43515625000006],[-132.6291015624999,56.41191406249996],[-132.63227539062498,56.38828125],[-132.65283203125003,56.36435546875],[-132.657568359375,56.339306640625004],[-132.64658203125,56.31318359375],[-132.669384765625,56.28730468749999],[-132.77988281249995,56.247265624999976]]],[[[-134.312744140625,58.22890625],[-134.31987304687493,58.2041015625],[-134.45625,58.206542968750036],[-134.59399414062506,58.24311523437502],[-134.661572265625,58.29091796875005],[-134.647998046875,58.31240234374998],[-134.519970703125,58.33251953124999],[-134.39887695312495,58.287207031250006],[-134.312744140625,58.22890625]]],[[[-145.11850585937495,60.33710937499998],[-145.15048828124995,60.31264648437499],[-145.237646484375,60.321337890624974],[-145.28427734375,60.336816406250016],[-145.128125,60.401123046875],[-145.10244140624997,60.38823242187498],[-145.11850585937495,60.33710937499998]]],[[[-144.565625,59.818408203125],[-144.61357421874996,59.812646484375016],[-144.54155273437496,59.87822265625],[-144.44492187499995,59.95068359375001],[-144.35395507812504,59.99619140625002],[-144.23574218749997,60.015185546875],[-144.24897460937495,59.982128906250004],[-144.40322265625002,59.92109374999997],[-144.565625,59.818408203125]]],[[[-148.02177734375,60.06533203125005],[-148.07416992187498,60.03471679687499],[-148.271875,60.053271484374996],[-148.23066406249998,60.11352539062501],[-148.07958984375003,60.151660156250024],[-147.91420898437505,60.09233398437501],[-148.02177734375,60.06533203125005]]],[[[-152.02075195312494,60.361718749999966],[-152.06904296874998,60.358056640624994],[-152.00449218750003,60.40742187500002],[-151.95971679687497,60.503759765624984],[-151.8994140625,60.490380859374966],[-151.88730468749998,60.472705078125045],[-151.9869140625,60.373974609375026],[-152.02075195312494,60.361718749999966]]],[[[-160.329296875,55.337695312499974],[-160.34331054687496,55.25878906250001],[-160.48076171875,55.30898437500003],[-160.51748046874997,55.33383789062499],[-160.492919921875,55.352343749999974],[-160.3623046875,55.356982421874996],[-160.329296875,55.337695312499974]]],[[[-159.36201171875,54.972412109374986],[-159.394482421875,54.967333984374974],[-159.42133789062504,54.978125],[-159.45849609375,55.0349609375],[-159.46191406249994,55.0587890625],[-159.39042968749996,55.04086914062496],[-159.3631835937499,54.999511718749964],[-159.36201171875,54.972412109374986]]],[[[-159.51513671874997,55.151855468749964],[-159.52041015624997,55.072167968749994],[-159.53496093749996,55.05961914062502],[-159.56147460937504,55.080908203124984],[-159.61772460937493,55.05732421875],[-159.64848632812502,55.074560546875006],[-159.63540039062494,55.10234374999997],[-159.6396484375,55.12397460937502],[-159.59794921875,55.125683593750026],[-159.58803710937497,55.16533203125],[-159.59526367187493,55.18203125],[-159.57475585937502,55.21772460937502],[-159.54506835937502,55.2259765625],[-159.51513671874997,55.151855468749964]]],[[[-166.20976562499993,53.72329101562501],[-166.223828125,53.72041015625],[-166.24941406249994,53.74516601562501],[-166.250732421875,53.767773437500004],[-166.234375,53.784179687499986],[-166.187744140625,53.8224609375],[-166.154541015625,53.836132812500004],[-166.11372070312498,53.84306640624998],[-166.10268554687502,53.8328125],[-166.13862304687495,53.78740234375001],[-166.183740234375,53.756884765624974],[-166.20976562499993,53.72329101562501]]],[[[-176.008984375,51.81235351562499],[-176.09335937499998,51.79047851562498],[-176.20444335937498,51.834814453125],[-176.19365234375,51.88627929687499],[-176.07163085937503,51.84331054687497],[-176.008984375,51.81235351562499]]],[[[-166.10986328125,66.22744140625001],[-166.1486328125,66.221826171875],[-166.14648437499994,66.23715820312498],[-166.03251953124996,66.277734375],[-165.822216796875,66.32807617187498],[-165.82988281250005,66.31713867187506],[-165.94228515624997,66.27817382812499],[-166.10986328125,66.22744140625001]]],[[[-171.46303710937494,63.640039062499945],[-171.44785156250006,63.61567382812502],[-171.34335937500003,63.61962890625003],[-171.19692382812497,63.60913085937501],[-171.03486328124993,63.58549804687495],[-170.87460937499995,63.59399414062497],[-170.67250976562502,63.66884765625001],[-170.55185546875006,63.6884765625],[-170.430419921875,63.69882812500001],[-170.29936523437496,63.68061523437501],[-170.1712890624999,63.640917968749996],[-170.12182617187497,63.617529296875],[-170.082421875,63.576660156250014],[-170.05629882812494,63.527197265624984],[-170.0173828125,63.491748046875],[-169.77744140625,63.447998046875],[-169.62412109375,63.43056640625001],[-169.58720703125,63.40659179687502],[-169.554541015625,63.373486328125],[-169.42758789062495,63.348339843750004],[-169.29506835937497,63.35751953124997],[-169.22109374999997,63.348583984375004],[-168.996044921875,63.347314453124994],[-168.71601562500004,63.31059570312504],[-168.761328125,63.21376953125001],[-168.85239257812503,63.17124023437498],[-169.109033203125,63.18491210937502],[-169.364697265625,63.171142578125014],[-169.470849609375,63.12128906250001],[-169.55927734374993,63.05820312500003],[-169.57128906249994,62.996777343750004],[-169.62285156250002,62.96855468750003],[-169.67636718750003,62.956103515625024],[-169.71982421875003,62.99008789062502],[-169.77778320312504,63.09375],[-169.818603515625,63.122363281249996],[-169.86342773437505,63.140380859375],[-169.9884765625,63.17314453124999],[-170.11538085937497,63.193847656250014],[-170.18959960937508,63.196337890625045],[-170.24311523437498,63.23227539062503],[-170.27270507812497,63.28427734374997],[-170.32353515625,63.31113281250003],[-170.424169921875,63.34926757812499],[-170.52709960937497,63.37929687499996],[-170.84838867187497,63.444384765624996],[-170.95405273437498,63.452929687499996],[-171.06123046874998,63.4458984375],[-171.17602539062506,63.416210937500004],[-171.2873046875,63.37216796874999],[-171.40117187500002,63.33925781250002],[-171.51914062500003,63.33198242187504],[-171.63183593749994,63.35122070312499],[-171.73784179687496,63.394238281250004],[-171.79096679687495,63.42470703124998],[-171.81938476562496,63.47724609375],[-171.817919921875,63.529833984375024],[-171.80351562499996,63.58051757812497],[-171.74638671875002,63.70307617187498],[-171.64648437499997,63.727001953125004],[-171.46303710937494,63.640039062499945]]],[[[-166.13544921875004,60.383544921875014],[-166.04365234375004,60.33393554687502],[-165.99492187499996,60.331152343749984],[-165.84091796875,60.34624023437503],[-165.78447265625005,60.33559570312503],[-165.7296875,60.31420898437498],[-165.69580078125,60.28154296875002],[-165.68935546874997,60.224121093749986],[-165.71440429687502,60.172851562500014],[-165.70693359374994,60.10058593750001],[-165.712353515625,60.06933593750003],[-165.63056640625004,60.02836914062499],[-165.605029296875,59.97280273437501],[-165.591796875,59.91313476562503],[-165.76928710937494,59.89321289062501],[-165.94672851562498,59.890039062499966],[-166.099853515625,59.849609375000014],[-166.13120117187503,59.81977539062498],[-166.10668945312497,59.775439453125],[-166.14873046875,59.76411132812501],[-166.1875488281249,59.773828124999966],[-166.26162109374988,59.81489257812501],[-166.34296875,59.83442382812499],[-166.62763671874998,59.86464843749999],[-166.98505859374995,59.98388671875001],[-167.13886718749998,60.00854492187501],[-167.2951171875,60.095703125],[-167.43642578124994,60.206640625],[-167.34433593749998,60.22446289062499],[-167.25170898437497,60.233544921874994],[-166.83632812499997,60.216992187500004],[-166.784375,60.29643554687498],[-166.73095703124994,60.31625976562497],[-166.59897460937495,60.33876953124999],[-166.47568359375006,60.38276367187503],[-166.42036132812498,60.381689453125],[-166.36386718749998,60.36474609374999],[-166.24697265625,60.39116210937504],[-166.18496093749997,60.39677734374999],[-166.13544921875004,60.383544921875014]]],[[[-152.898046875,57.82392578125004],[-152.89082031249998,57.76899414062498],[-152.85014648437496,57.77568359374997],[-152.69624023437498,57.83227539062499],[-152.61601562500002,57.848876953125],[-152.51157226562495,57.85146484374999],[-152.42875976562493,57.82568359375],[-152.41191406249996,57.80590820312497],[-152.41914062499998,57.78232421875003],[-152.485400390625,57.73442382812498],[-152.4826171875,57.70332031249999],[-152.41147460937503,57.64609375],[-152.23652343750004,57.614892578124994],[-152.21528320312495,57.59770507812498],[-152.21621093749994,57.577001953124984],[-152.336669921875,57.48222656250001],[-152.38085937500003,57.460107421875],[-152.41220703124995,57.454785156249955],[-152.63095703124998,57.471826171874994],[-152.83115234375,57.50288085937497],[-152.912158203125,57.50815429687502],[-152.94077148437495,57.49809570312495],[-152.9974609375,57.4689453125],[-152.95683593749996,57.46035156249999],[-152.78134765624998,57.45341796875001],[-152.71953124999993,57.41083984375001],[-152.69252929687497,57.37958984375],[-152.67905273437498,57.34511718750002],[-152.71406250000004,57.33095703125003],[-152.789111328125,57.320654296875034],[-152.879052734375,57.32080078125001],[-152.99028320312502,57.281982421875014],[-153.05161132812495,57.237646484375006],[-153.274365234375,57.226367187499996],[-153.443701171875,57.16718749999996],[-153.50356445312502,57.137988281249996],[-153.52441406249994,57.103076171874996],[-153.58828125,57.077685546875],[-153.73256835937497,57.052343749999984],[-153.64653320312493,57.02958984374996],[-153.63305664062497,57.01035156249997],[-153.63144531250003,56.98369140625002],[-153.64331054687497,56.96074218749995],[-153.7572265625,56.858349609375004],[-153.97270507812496,56.77421875],[-154.02734375,56.777978515625],[-154.05078124999997,56.78847656249999],[-154.07001953125,56.80454101562501],[-154.07084960937496,56.820654296875006],[-153.79321289062506,56.98950195312503],[-153.80419921875003,56.99780273437504],[-153.87973632812495,57.003515624999984],[-153.999365234375,57.049951171875016],[-154.0837890625,57.020068359375],[-154.102978515625,57.02124023437503],[-154.08046875000002,57.06103515625001],[-154.025439453125,57.10849609375003],[-154.03505859375,57.12182617187499],[-154.06533203124994,57.133691406249994],[-154.13486328124995,57.140771484375],[-154.24375,57.143017578125],[-154.32441406249995,57.131787109374955],[-154.376806640625,57.10703125],[-154.381103515625,57.09653320312499],[-154.26953124999997,57.099462890624984],[-154.23920898437504,57.08686523437504],[-154.209130859375,57.06333007812499],[-154.19082031249997,57.036132812500014],[-154.184326171875,57.00532226562501],[-154.20771484374998,56.963818359375026],[-154.2609375,56.911767578125],[-154.33896484374998,56.92089843750002],[-154.49877929687506,57.036572265625004],[-154.5693359375,57.20590820312502],[-154.70595703124994,57.33535156249997],[-154.71220703124993,57.36625976562499],[-154.673193359375,57.44609375],[-154.535302734375,57.559423828125006],[-154.387060546875,57.590478515625],[-154.28144531250004,57.638085937500016],[-154.17934570312494,57.652441406249984],[-154.11616210937495,57.651220703124984],[-154.029833984375,57.63071289062497],[-153.99501953125008,57.5873046875],[-154.01586914062497,57.56689453124997],[-154.00791015624995,57.55615234375002],[-153.94736328124998,57.530078125000024],[-153.881884765625,57.43901367187502],[-153.80541992187491,57.35820312499996],[-153.75458984374998,57.32534179687496],[-153.6876953125,57.30512695312499],[-153.75693359374992,57.36684570312501],[-153.79780273437504,57.44326171874999],[-153.81835937499997,57.595605468750016],[-153.838134765625,57.63583984375001],[-153.79946289062497,57.646679687499976],[-153.69013671875,57.64072265625001],[-153.6931640624999,57.66342773437499],[-153.80849609374997,57.71474609374998],[-153.87944335937496,57.75717773437499],[-153.906103515625,57.79077148437501],[-153.90444335937494,57.81987304687499],[-153.84155273437497,57.862841796875],[-153.80581054687497,57.875097656249956],[-153.76899414062498,57.88037109375001],[-153.69560546875002,57.871240234375016],[-153.66264648437493,57.8578125],[-153.56855468749998,57.761083984375],[-153.524462890625,57.73100585937499],[-153.48793945312502,57.73095703125002],[-153.45405273437504,57.74702148437502],[-153.422705078125,57.77915039062502],[-153.39042968750002,57.79838867187501],[-153.35712890624998,57.8046875],[-153.25239257812504,57.790478515625026],[-153.21748046874998,57.79575195312503],[-153.20029296874998,57.820019531250026],[-153.201025390625,57.86328125000002],[-153.1751953125,57.878857421875004],[-153.16884765625,57.91064453125001],[-153.22592773437495,57.9576171875],[-153.16044921874996,57.97197265624999],[-152.94326171874997,57.936035156249986],[-152.850390625,57.896777343750024],[-152.898046875,57.82392578125004]]],[[[-130.02509765624995,55.8882324218751],[-130.074658203125,55.83603515624999],[-130.1119628906249,55.77978515624999],[-130.137060546875,55.719384765625016],[-130.14653320312496,55.65449218749999],[-130.14042968749993,55.58500976562497],[-130.12041015624996,55.52441406250001],[-130.05947265625,55.4123046875],[-130.03925781249998,55.34360351562501],[-130.03657226562498,55.297900390624996],[-130.17182617187504,55.13701171874999],[-130.21850585937503,55.06025390624998],[-130.21406249999995,55.02587890624997],[-130.312548828125,54.945947265625],[-130.49326171874998,54.8341796875],[-130.57534179687494,54.769677734375016],[-130.6158203125,54.79091796875],[-130.84960937500003,54.80761718750002],[-130.93461914062496,54.950390625],[-130.9796875,55.061181640625],[-131.04785156249994,55.15766601562499],[-131.0458984375,55.17958984374997],[-130.983935546875,55.24394531249998],[-130.75039062500002,55.29697265625],[-130.74819335937494,55.31801757812496],[-130.83505859375006,55.33208007812501],[-130.85595703125,55.35512695312498],[-130.87978515625,55.459521484374996],[-130.87338867187503,55.551123046875],[-130.879638671875,55.61181640625001],[-130.91855468749998,55.73598632812497],[-130.97700195312498,55.81196289062499],[-131.127685546875,55.96015625],[-131.14038085937503,55.99750976562497],[-131.07402343749996,56.04438476562501],[-131.032763671875,56.08808593750002],[-131.28759765625,56.012109375000016],[-131.63525390625,55.93222656250001],[-131.7841796875,55.87656250000003],[-131.81547851562496,55.85419921874998],[-131.82617187500006,55.83535156250004],[-131.79907226562497,55.7828125],[-131.80327148437502,55.76596679687499],[-131.83359374999995,55.734912109374974],[-131.86943359375,55.64716796875002],[-131.94501953124998,55.55415039062501],[-131.98339843749997,55.535009765624956],[-132.11899414062495,55.569775390624976],[-132.15541992187497,55.59956054687503],[-132.22343750000002,55.72104492187502],[-132.20751953125,55.75341796875001],[-132.157958984375,55.78066406250001],[-132.09067382812495,55.83955078124997],[-132.005712890625,55.930078125],[-131.84384765625,56.160107421875],[-131.73803710937503,56.161230468750006],[-131.55136718749998,56.206787109375],[-131.84423828125,56.229638671874994],[-131.88789062499998,56.24165039062499],[-131.92729492187496,56.27299804687501],[-131.96230468750002,56.323681640624976],[-132.02192382812504,56.380078125],[-132.13325195312498,56.39985351562501],[-132.18203125,56.42065429687497],[-132.25556640624995,56.48911132812497],[-132.30498046874993,56.519873046874984],[-132.33203125000003,56.55791015625001],[-132.33666992187494,56.603125],[-132.35766601562503,56.625878906250016],[-132.43442382812495,56.634130859375006],[-132.47592773437498,56.64965820312501],[-132.48710937499996,56.76640624999998],[-132.639501953125,56.796435546874996],[-132.70195312499996,56.822265625],[-132.80219726562495,56.89516601562501],[-132.82988281249996,56.93061523437502],[-132.83881835937495,56.96020507812501],[-132.81425781249993,57.04072265624998],[-132.82460937500002,57.055810546875016],[-132.91342773437495,57.04746093750002],[-133.46586914062496,57.17216796874999],[-133.43666992187497,57.33686523437501],[-133.53896484374994,57.55415039062502],[-133.64873046875002,57.642285156250004],[-133.62695312500003,57.67651367187503],[-133.603369140625,57.69467773437499],[-133.55419921875,57.69506835937499],[-133.34233398437502,57.631103515625],[-133.14282226562503,57.555126953125026],[-133.11704101562498,57.56621093750004],[-133.43574218749995,57.727050781249986],[-133.51547851562503,57.77514648437499],[-133.535205078125,57.832958984375004],[-133.53642578125,57.8638671875],[-133.5111328125,57.88012695312501],[-133.212060546875,57.865673828125],[-133.1943359375,57.87768554687502],[-133.49741210937498,57.924658203125],[-133.559375,57.924462890624994],[-133.62573242187497,57.85698242187501],[-133.65727539062496,57.84101562499997],[-133.72231445312497,57.84423828125001],[-133.74414062499991,57.85458984374997],[-133.82138671874998,57.936376953125006],[-133.89448242187498,57.99326171874999],[-134.03110351562495,58.07216796875001],[-134.05673828125,58.12836914062502],[-134.06333007812495,58.21108398437498],[-134.04526367187498,58.28925781249997],[-133.93364257812502,58.467871093749984],[-133.88852539062495,58.49873046874999],[-133.87675781250002,58.5181640625],[-133.91113281250003,58.51523437500003],[-133.94384765624997,58.49829101562498],[-134.03613281249997,58.415332031250024],[-134.13120117187498,58.279345703125],[-134.208837890625,58.23295898437502],[-134.2576171875,58.244189453124974],[-134.3314453125,58.29960937500001],[-134.48544921875,58.36718750000002],[-134.66362304687505,58.384716796875004],[-134.776123046875,58.45385742187501],[-134.94252929687488,58.64628906249996],[-134.964794921875,58.7421875],[-134.98613281249993,58.765625],[-135.07646484374996,58.796777343749994],[-135.13183593750003,58.84287109375001],[-135.21738281250003,59.07661132812504],[-135.33032226562497,59.23906250000001],[-135.358447265625,59.32490234374999],[-135.34892578124996,59.410058593750016],[-135.36367187499997,59.41943359375001],[-135.40253906250007,59.353076171875024],[-135.412744140625,59.31845703124996],[-135.48408203125,59.30869140625003],[-135.41694335937504,59.241503906250045],[-135.400146484375,59.20791015625],[-135.43374023437497,59.21069335937501],[-135.50234374999997,59.20229492187498],[-135.3861328125,59.087548828124994],[-135.33408203124992,58.90961914062496],[-135.25703125,58.77773437499999],[-135.207080078125,58.67089843750001],[-135.18457031249997,58.58974609374997],[-135.15190429687502,58.51220703125003],[-135.06201171874997,58.340869140625],[-135.04970703125,58.306787109375],[-135.060498046875,58.27890625],[-135.09023437499997,58.245849609375014],[-135.14155273437498,58.23339843750001],[-135.30253906250002,58.25590820312501],[-135.36313476562498,58.298291015625004],[-135.44995117187503,58.376123046874994],[-135.57177734375006,58.41206054687499],[-135.8734375,58.39423828124998],[-135.89755859375,58.400195312499996],[-135.896337890625,58.46381835937497],[-135.86171874999997,58.57705078124999],[-135.88955078124994,58.62270507812501],[-136.04550781250006,58.789111328125],[-136.04311523437502,58.821630859375],[-135.82636718749998,58.89794921874999],[-135.9316894531249,58.903759765625],[-136.0166015625,58.87397460937498],[-136.049365234375,58.893212890624994],[-136.100634765625,58.99985351562501],[-136.13369140625,59.03955078125001],[-136.150048828125,59.04809570312501],[-136.15947265625,58.946777343749986],[-136.12353515625,58.89345703125],[-136.118408203125,58.86259765625001],[-136.12416992187494,58.81962890625001],[-136.14682617187498,58.788818359374986],[-136.18632812499996,58.770166015625016],[-136.225830078125,58.765478515625],[-136.29902343749993,58.78691406249997],[-136.3802734375,58.827294921875016],[-136.451171875,58.84633789062499],[-136.477587890625,58.8625],[-136.51118164062498,58.90708007812499],[-136.56621093749996,58.94091796875001],[-136.83095703125,58.98383789062498],[-136.989013671875,59.034472656250024],[-137.00214843750004,59.02114257812497],[-136.95283203125,58.96694335937499],[-136.94804687499996,58.934912109375006],[-136.987890625,58.925146484375],[-137.05903320312504,58.87373046875001],[-137.03837890624996,58.866650390625004],[-136.96303710937497,58.88354492187498],[-136.87910156249998,58.881542968750004],[-136.74013671874994,58.850195312500006],[-136.6139160156249,58.80927734375],[-136.568212890625,58.78632812500004],[-136.54931640624994,58.752392578125],[-136.53349609374996,58.740234375],[-136.41010742187498,58.700634765625],[-136.40419921874997,58.679785156249984],[-136.483740234375,58.617675781249986],[-136.319873046875,58.62446289062502],[-136.22460937499994,58.60224609375001],[-136.102880859375,58.506298828125],[-136.061474609375,58.452734375],[-136.05595703125,58.384179687500016],[-136.08125,58.36420898437501],[-136.12963867187494,58.35039062499999],[-136.46240234375,58.32797851562496],[-136.5826171875,58.24521484375],[-136.60742187500003,58.24399414062504],[-136.69892578124998,58.266455078124984],[-136.86499023437497,58.332421875],[-137.07192382812502,58.395214843750054],[-137.543994140625,58.58120117187502],[-137.55693359375,58.58994140625],[-137.56459960937502,58.62587890625],[-137.59707031249994,58.64423828124999],[-137.661083984375,58.659912109375014],[-137.75,58.70708007812499],[-137.863720703125,58.785546875],[-137.93398437500002,58.846875],[-137.96088867187504,58.891015625],[-138.02690429687502,58.941455078125045],[-138.24072265625,59.04682617187501],[-138.35249023437498,59.0873046875],[-138.451318359375,59.11010742187497],[-138.53715820312496,59.11508789062498],[-138.56030273437503,59.129150390625],[-138.520703125,59.15224609375],[-138.514892578125,59.16591796875002],[-138.70419921875,59.18754882812499],[-138.88432617187496,59.2369140625],[-139.34096679687502,59.37563476562499],[-139.576806640625,59.462451171875],[-139.71445312499995,59.50395507812499],[-139.773291015625,59.52729492187503],[-139.79912109375,59.546240234375],[-139.76606445312498,59.566064453124994],[-139.67412109375,59.58681640624996],[-139.61162109374993,59.61030273437502],[-139.51303710937503,59.698095703124956],[-139.50556640625,59.72631835937499],[-139.55849609375,59.79018554687501],[-139.58217773437505,59.848291015625],[-139.58115234375,59.88051757812502],[-139.56914062499993,59.912353515624964],[-139.55410156249997,59.93330078125001],[-139.5123046875,59.95356445312498],[-139.48300781249995,59.96376953124997],[-139.446875,59.95683593750002],[-139.33095703124994,59.87700195312502],[-139.3146484375,59.84794921875],[-139.32001953124995,59.738720703125],[-139.28671875,59.61093749999997],[-139.27626953125,59.62036132812502],[-139.265625,59.66259765624997],[-139.25874023437498,59.74331054687502],[-139.245703125,59.782080078125],[-139.22080078124998,59.81987304687499],[-139.17885742187502,59.839843749999964],[-139.04829101562504,59.82822265624999],[-138.98808593749996,59.83500976562498],[-139.24248046875,59.89277343750002],[-139.40249023437497,60.000976562499986],[-139.43144531249993,60.012255859374974],[-139.51894531249997,60.01708984375],[-139.611669921875,59.97343749999999],[-139.8501953125,59.830712890625016],[-139.91689453124994,59.80566406249997],[-140.216748046875,59.72666015624999],[-140.41982421874997,59.71074218749999],[-140.64838867187498,59.723193359375024],[-140.84316406250002,59.748876953125034],[-141.33193359375002,59.873779296875036],[-141.40830078125,59.90278320312502],[-141.29462890624995,59.98002929687503],[-141.28994140625,60.00415039062497],[-141.32954101562504,60.0828125],[-141.36215820312495,60.105273437499974],[-141.40874023437493,60.11767578124997],[-141.4216796875,60.10883789062501],[-141.42216796875002,60.085498046874974],[-141.40971679687493,60.042285156249974],[-141.4470703125,60.019433593749994],[-141.53017578125,59.99477539062501],[-141.67016601562497,59.96987304687501],[-142.1041015625,60.033447265624986],[-142.54858398437503,60.08603515625],[-142.94565429687495,60.09697265625002],[-143.50610351562494,60.055029296875],[-143.80507812499994,60.012890625],[-143.97949218749997,60.0087890625],[-144.14721679687497,60.01640625000002],[-144.1609375,60.045800781249966],[-144.08427734374996,60.06303710937503],[-144.088525390625,60.084326171874984],[-144.18549804687495,60.15073242187498],[-144.33261718749998,60.19101562499998],[-144.52998046875004,60.205224609375016],[-144.64296875000002,60.224658203125024],[-144.67158203125,60.24921875000001],[-144.74140624999995,60.27270507812499],[-144.85244140624997,60.295068359375016],[-144.90131835937504,60.33515625000001],[-144.862451171875,60.459179687500004],[-144.8244140625,60.53359375],[-144.78657226562495,60.58461914062499],[-144.69111328124995,60.66909179687501],[-144.72441406250002,60.662841796875014],[-144.86308593749996,60.60087890625002],[-144.98403320312502,60.53691406249998],[-145.09599609375002,60.453662109375024],[-145.16269531249998,60.415380859374984],[-145.24829101562494,60.380126953124986],[-145.381787109375,60.388574218749994],[-145.56313476562497,60.44072265625004],[-145.71845703125,60.46757812500002],[-145.84775390624995,60.469238281250036],[-145.89887695312498,60.47817382812502],[-145.81064453124998,60.52465820312499],[-145.75981445312493,60.56201171874998],[-145.69023437499993,60.62197265624996],[-145.67490234374992,60.65112304687496],[-146.1490234375,60.660693359374996],[-146.16640624999997,60.69228515625002],[-146.16708984374998,60.71552734374996],[-146.18232421874998,60.73476562499997],[-146.25102539062502,60.749072265624996],[-146.34716796875003,60.73813476562497],[-146.502978515625,60.700781249999984],[-146.570458984375,60.729150390625016],[-146.54638671875003,60.745117187500014],[-146.49550781249994,60.75678710937497],[-146.3919921875,60.81083984375002],[-146.53193359375,60.838867187500014],[-146.603564453125,60.87094726562498],[-146.638427734375,60.89731445312502],[-146.63603515624996,60.992529296874984],[-146.59912109374997,61.05351562499996],[-146.28491210937497,61.11264648437501],[-146.384375,61.13583984374997],[-146.58271484374998,61.127832031249994],[-146.71591796875,61.07753906249998],[-146.87402343749997,61.004882812499986],[-146.98017578125004,60.97778320312503],[-147.034326171875,60.996191406249984],[-147.10595703125003,61.002539062500034],[-147.19501953124995,60.996826171875014],[-147.25488281250003,60.978271484375],[-147.285595703125,60.94677734375003],[-147.32109375,60.92548828124998],[-147.36137695312496,60.914501953124976],[-147.39057617187498,60.91801757812501],[-147.4333984375,60.95029296875002],[-147.52329101562498,60.9703125],[-147.56728515625,60.99492187500001],[-147.59257812500002,60.979443359375004],[-147.62329101562497,60.93300781249998],[-147.65566406249997,60.909521484375],[-147.80761718749991,60.88540039062497],[-147.89111328125,60.88989257812501],[-147.99077148437493,60.94829101562502],[-148.00512695312491,60.96855468749999],[-147.97119140625003,61.01904296874997],[-147.75185546874997,61.21894531250002],[-147.773779296875,61.21782226562502],[-147.8448242187501,61.18637695312502],[-147.98637695312493,61.10649414062502],[-148.04941406249995,61.08266601562496],[-148.15791015625004,61.07968749999998],[-148.20869140625004,61.08828125000004],[-148.27001953124994,61.08178710937497],[-148.34189453124998,61.060400390625],[-148.38876953125003,61.03696289062497],[-148.41074218750003,61.011474609375014],[-148.395849609375,61.00712890625],[-148.2874023437499,61.036230468749984],[-148.22587890625002,61.044042968749984],[-148.20869140625,61.02993164062497],[-148.2931640625,60.93969726562499],[-148.34443359375,60.85356445312502],[-148.393310546875,60.83188476562499],[-148.471044921875,60.835498046874996],[-148.55615234374997,60.827001953125],[-148.55737304687494,60.8029296875],[-148.398681640625,60.73403320312499],[-148.34125976562498,60.72431640625003],[-148.26787109374996,60.69970703125001],[-148.25673828125,60.67529296875],[-148.284228515625,60.609326171875004],[-148.30498046874996,60.58334960937503],[-148.338427734375,60.569824218750014],[-148.46777343749997,60.572070312499996],[-148.5095703124999,60.565234374999974],[-148.59663085937498,60.52377929687496],[-148.64013671875,60.48945312500001],[-148.624267578125,60.48642578125002],[-148.54912109375002,60.51479492187502],[-148.43984374999997,60.52998046875],[-148.29638671875,60.532080078125],[-148.18945312499997,60.54711914062498],[-148.11918945312505,60.57514648437501],[-148.05068359375,60.567187500000024],[-147.98403320312497,60.52333984375004],[-147.96411132812506,60.484863281250036],[-147.990966796875,60.45185546874998],[-148.04599609375,60.42832031250003],[-148.12919921874996,60.414208984375],[-148.181689453125,60.39306640625002],[-148.20356445312495,60.36494140624997],[-148.21586914062496,60.323144531249994],[-148.21865234375,60.26767578125001],[-148.19760742187503,60.167773437500024],[-148.21376953124997,60.15424804687502],[-148.24501953125,60.146826171875006],[-148.29135742187498,60.145458984374976],[-148.33310546875,60.12202148437498],[-148.43071289062493,59.98911132812494],[-148.46508789062503,59.97470703125004],[-148.50605468749998,59.98896484374997],[-148.54238281249994,59.987402343750006],[-148.57407226562495,59.97006835937499],[-148.64360351562502,59.95683593750002],[-148.7508789062499,59.94775390624999],[-148.84272460937504,59.951220703125024],[-149.00424804687495,59.97998046874999],[-149.07011718750002,60.000244140625],[-149.12158203124994,60.03349609375002],[-149.2666015625,59.99829101562503],[-149.304931640625,60.013671875000014],[-149.39526367187494,60.105761718749996],[-149.41484375,60.100244140624994],[-149.43222656249998,60.001025390625],[-149.45971679687503,59.966259765625],[-149.54916992187492,59.894335937499996],[-149.598046875,59.77045898437501],[-149.612890625,59.76684570312496],[-149.62963867187494,59.784667968749986],[-149.68466796875,59.8953125],[-149.71386718749994,59.91958007812499],[-149.794775390625,59.855810546875055],[-149.80366210937495,59.83271484375001],[-149.78247070312494,59.75034179687501],[-149.80126953125,59.737939453125016],[-149.96499023437502,59.78227539062501],[-150.005322265625,59.78442382812494],[-150.01596679687503,59.776953125],[-149.96015624999995,59.71303710937497],[-149.96650390625,59.690039062500006],[-150.19804687499996,59.566552734375],[-150.25849609374998,59.570947265624994],[-150.296484375,59.58325195312499],[-150.33813476562497,59.58134765625001],[-150.48535156250003,59.53530273437504],[-150.5259765625,59.5373046875],[-150.58154296874997,59.564599609375016],[-150.607373046875,59.56337890625002],[-150.62114257812502,59.53505859375003],[-150.622900390625,59.47963867187497],[-150.67744140625004,59.426953125],[-150.852783203125,59.341845703125024],[-150.89931640625,59.302685546874976],[-150.93452148437498,59.24912109375002],[-150.9607421875,59.243994140625006],[-151.06357421875006,59.27841796875003],[-151.182763671875,59.30078125],[-151.19921874999997,59.28964843750001],[-151.16303710937498,59.25693359374999],[-151.17070312499993,59.2369140625],[-151.222265625,59.22939453125002],[-151.2875,59.232324218749994],[-151.366357421875,59.245605468750014],[-151.47700195312498,59.23056640625],[-151.619384765625,59.18730468750003],[-151.73818359375002,59.18852539062499],[-151.90385742187496,59.259765625],[-151.94951171875,59.265087890625],[-151.96406249999998,59.285107421875],[-151.931689453125,59.34272460937498],[-151.884619140625,59.386328125],[-151.84995117187498,59.406347656250006],[-151.692578125,59.46220703125003],[-151.51269531249997,59.482714843750024],[-151.39960937499998,59.51630859374999],[-151.262109375,59.58559570312499],[-151.18940429687498,59.63769531250001],[-151.04648437500003,59.77182617187498],[-151.05732421875004,59.78217773437503],[-151.089453125,59.78940429687498],[-151.40366210937495,59.66225585937495],[-151.45009765625,59.650390625],[-151.51259765625,59.65126953124998],[-151.76381835937497,59.7],[-151.81694335937502,59.720898437499976],[-151.85322265624998,59.782080078125],[-151.783447265625,59.92114257812501],[-151.73452148437502,59.98833007812499],[-151.61186523437502,60.092041015625],[-151.45146484375005,60.20263671874999],[-151.39599609374991,60.27446289062498],[-151.3126953125,60.46645507812499],[-151.31752929687497,60.553564453125],[-151.35502929687505,60.65986328125005],[-151.35644531249994,60.72294921875001],[-151.32177734374994,60.74291992187502],[-150.95375976562502,60.84121093750002],[-150.77949218749998,60.91479492187502],[-150.44125976562498,61.02358398437497],[-150.34912109374994,61.02265625],[-150.281494140625,60.985205078125],[-150.20278320312502,60.95522460937499],[-150.11303710937497,60.9328125],[-149.99755859375,60.93515625],[-149.85625,60.962255859375006],[-149.63247070312497,60.952001953125],[-149.17285156250003,60.88041992187502],[-149.07509765624997,60.87641601562499],[-149.07128906250006,60.88554687500002],[-149.14223632812494,60.93569335937497],[-149.45913085937497,60.96474609375],[-149.59248046875,60.99384765625],[-149.967724609375,61.12172851562503],[-150.05327148437496,61.17109375000004],[-150.0185546875,61.19423828125],[-149.92675781249997,61.21328125],[-149.8953125,61.23173828125001],[-149.88203125000007,61.26372070312502],[-149.82919921874998,61.30751953125002],[-149.7369140625001,61.36333007812503],[-149.59599609375002,61.41728515625],[-149.32905273437498,61.497363281249996],[-149.43354492187504,61.50078125000003],[-149.625439453125,61.48603515624999],[-149.695263671875,61.470703125000036],[-149.82373046874997,61.41337890625001],[-149.87368164062494,61.372998046874976],[-149.94521484375,61.29423828125002],[-149.97568359374992,61.279345703125],[-150.10893554687505,61.26791992187503],[-150.47177734375003,61.25996093749998],[-150.533203125,61.30024414062498],[-150.56723632812506,61.30678710937501],[-150.612255859375,61.301123046875006],[-150.94550781249998,61.198242187499986],[-151.06499023437496,61.145703125],[-151.15014648437503,61.08583984375],[-151.281884765625,61.04194335937499],[-151.46010742187497,61.014111328125004],[-151.593505859375,60.97963867187501],[-151.73398437499995,60.910742187500006],[-151.781640625,60.85795898437503],[-151.78442382812497,60.83315429687502],[-151.75048828125003,60.75488281250002],[-151.78510742187504,60.74023437500003],[-151.866162109375,60.734082031250004],[-151.99624023437494,60.68222656249996],[-152.27070312499995,60.528125],[-152.30659179687504,60.47221679687499],[-152.305078125,60.45302734374999],[-152.26030273437502,60.40942382812501],[-152.29150390624994,60.38110351562502],[-152.36884765624995,60.33632812499998],[-152.54091796874994,60.26542968750002],[-152.65395507812494,60.23842773437497],[-152.727294921875,60.237060546874986],[-152.797900390625,60.24716796875],[-152.92338867187496,60.29287109375001],[-153.025,60.29565429687504],[-153.03125,60.28925781250001],[-152.89291992187498,60.240380859374966],[-152.75239257812498,60.17749023437501],[-152.6647460937499,60.12529296874998],[-152.63012695312497,60.08378906250001],[-152.628564453125,60.041113281250006],[-152.66010742187495,59.997216796875],[-152.75947265625,59.92089843750001],[-152.85693359375,59.898095703124994],[-153.1060546875001,59.87504882812502],[-153.18637695312506,59.85688476562507],[-153.21123046874996,59.842724609375004],[-153.04008789062485,59.81049804687494],[-153.02460937499995,59.793994140624996],[-153.04814453125002,59.73002929687501],[-153.093603515625,59.709130859374966],[-153.236181640625,59.670947265624996],[-153.36401367187503,59.65986328125001],[-153.38349609374995,59.6671875],[-153.35961914062497,59.71748046874998],[-153.366455078125,59.72983398437502],[-153.41440429687498,59.740136718749994],[-153.4826171875,59.72094726562499],[-153.65253906249993,59.64702148437501],[-153.670703125,59.63481445312501],[-153.609375,59.61503906250003],[-153.62226562500004,59.598486328125006],[-153.71435546874997,59.545263671875006],[-153.752587890625,59.50986328124998],[-153.81416015624995,59.47373046874995],[-154.08833007812504,59.363281250000014],[-154.06748046874998,59.33637695312501],[-154.13881835937497,59.24013671874999],[-154.17832031249998,59.15556640625],[-154.12983398437495,59.11987304687502],[-153.89956054687497,59.07802734375001],[-153.787939453125,59.067919921875],[-153.656396484375,59.03867187500001],[-153.41826171875,58.95996093749999],[-153.33896484374998,58.90854492187499],[-153.32705078125,58.88432617187502],[-153.33442382812495,58.85786132812498],[-153.362939453125,58.82221679687501],[-153.43759765625,58.75483398437499],[-153.617333984375,58.65473632812499],[-153.69858398437498,58.62636718749999],[-153.821484375,58.60410156250001],[-153.861962890625,58.58784179687499],[-154.01987304687506,58.49296875000002],[-154.062451171875,58.44174804687505],[-154.05571289062493,58.39716796875001],[-154.08588867187504,58.365820312499984],[-154.289013671875,58.30434570312501],[-154.28178710937496,58.29345703125],[-154.208056640625,58.28876953125],[-154.23510742187497,58.234619140625014],[-154.24702148437495,58.15942382812496],[-154.28227539062496,58.146777343749974],[-154.40922851562505,58.14731445312501],[-154.57060546874996,58.118066406249966],[-154.58193359374997,58.10976562499999],[-154.584912109375,58.05566406249998],[-155.006884765625,58.01606445312501],[-155.09926757812494,57.91333007812501],[-155.14736328125002,57.8818359375],[-155.31274414062494,57.807128906249986],[-155.41396484374994,57.77705078125],[-155.52963867187503,57.75888671875002],[-155.59023437499994,57.73359375],[-155.59584960937494,57.70107421874997],[-155.6287109375,57.673046875],[-155.728955078125,57.62661132812499],[-155.777978515625,57.568212890625],[-155.81367187499998,57.559033203124955],[-156.00019531249998,57.544970703124996],[-156.03735351562497,57.526513671875],[-156.05537109374998,57.44755859374996],[-156.08989257812496,57.445068359375],[-156.156005859375,57.463427734375024],[-156.24218750000003,57.449218750000036],[-156.43588867187498,57.359960937499984],[-156.47841796875002,57.327880859374986],[-156.47368164062496,57.31069335937497],[-156.4435546875,57.29365234374998],[-156.39765624999998,57.240576171875],[-156.40048828125003,57.20483398437503],[-156.475146484375,57.10517578125002],[-156.50131835937495,57.089794921875],[-156.59204101562494,57.06508789062499],[-156.62900390624995,57.00996093750002],[-156.71264648437494,57.01606445312498],[-156.77988281249998,57.00561523437501],[-156.82387695312497,56.968847656249984],[-156.87172851562497,56.94765625],[-156.9234375,56.942089843750004],[-156.988427734375,56.912939453125],[-157.06669921875,56.86020507812497],[-157.13916015625,56.826562500000016],[-157.20576171875,56.81206054687501],[-157.27055664062496,56.80849609374997],[-157.33359374999998,56.815869140625],[-157.39023437499995,56.80981445312496],[-157.44057617187497,56.79033203124999],[-157.48964843749997,56.759765625],[-157.5287109375,56.67319335937499],[-157.57836914062494,56.634472656249955],[-157.60976562499997,56.627685546875],[-157.673876953125,56.63344726562498],[-157.77070312499995,56.651660156250024],[-157.86909179687504,56.64521484375],[-158.027880859375,56.592138671874984],[-158.07832031250004,56.55205078124999],[-157.97827148437497,56.5431640625],[-157.92871093750003,56.531689453125004],[-157.92998046875,56.52045898437501],[-157.982177734375,56.5095703125],[-158.07094726562494,56.51035156249999],[-158.124365234375,56.50102539062498],[-158.18940429687504,56.47817382812503],[-158.35249023437495,56.45351562499997],[-158.41440429687498,56.435839843749996],[-158.53740234374996,56.33544921875],[-158.55214843749997,56.31269531249997],[-158.53637695312494,56.30766601562501],[-158.46733398437502,56.31826171875002],[-158.38613281249994,56.30156249999998],[-158.343994140625,56.28032226562501],[-158.3169921875,56.25415039062501],[-158.29140624999997,56.203662109375],[-158.27563476562497,56.196240234375],[-158.4318359375,56.11147460937497],[-158.47612304687496,56.075488281249974],[-158.5046875,56.062109375],[-158.52333984374994,56.07246093749999],[-158.54267578124998,56.16684570312497],[-158.55444335937503,56.18286132812501],[-158.59116210937498,56.18452148437498],[-158.62675781249996,56.15468749999997],[-158.7048828125,56.043115234375],[-158.78984375,55.98691406250002],[-159.42944335937503,55.842724609375],[-159.5232421875,55.81000976562501],[-159.54130859374996,55.748486328124976],[-159.56762695312503,55.69521484375003],[-159.61005859375,55.652783203125004],[-159.65966796875003,55.62592773437498],[-159.670263671875,55.64501953124997],[-159.66533203125002,55.79487304687501],[-159.678515625,55.824658203125004],[-159.743017578125,55.84375],[-159.77138671874994,55.84111328124998],[-159.81040039062495,55.83271484374998],[-159.87436523437495,55.80029296874998],[-159.913525390625,55.7921875],[-159.96230468749997,55.79487304687501],[-160.04565429687497,55.76293945312501],[-160.24379882812502,55.660546875],[-160.37319335937502,55.635107421875],[-160.407421875,55.61381835937499],[-160.4626953125,55.5578125],[-160.49931640624993,55.53730468749998],[-160.553515625,55.535498046875006],[-160.62524414062497,55.55239257812499],[-160.68291015625,55.540429687500016],[-160.72651367187493,55.49965820312495],[-160.77084960937498,55.483544921874994],[-160.89672851562494,55.51362304687497],[-160.952197265625,55.49306640625003],[-161.02421874999996,55.440429687499986],[-161.09951171874997,55.405712890624976],[-161.17802734375002,55.38886718750001],[-161.38193359375003,55.37128906250003],[-161.4638671875,55.38251953125],[-161.480517578125,55.39780273437499],[-161.47670898437497,55.46489257812498],[-161.443798828125,55.51328125000001],[-161.41333007812491,55.53613281249997],[-161.37270507812505,55.55629882812501],[-161.31328125,55.558642578124974],[-161.20209960937495,55.543554687499984],[-161.21469726562503,55.55976562500001],[-161.255126953125,55.579003906249994],[-161.357470703125,55.61220703124997],[-161.45878906249987,55.62915039062499],[-161.51694335937498,55.61840820312501],[-161.59877929687494,55.592822265624996],[-161.654296875,55.56337890625003],[-161.68354492187498,55.529931640625016],[-161.72036132812497,55.42070312499998],[-161.74155273437495,55.39116210937498],[-161.980322265625,55.19863281249998],[-162.07397460937497,55.139306640625],[-162.1666015625,55.14375],[-162.211474609375,55.12133789062502],[-162.274658203125,55.073242187499986],[-162.33291015625005,55.05024414062504],[-162.3863769531249,55.05234375],[-162.42792968750004,55.061474609375004],[-162.457470703125,55.077685546875024],[-162.452392578125,55.09282226562502],[-162.412548828125,55.10688476562499],[-162.42680664062496,55.14541015625],[-162.495263671875,55.20844726562502],[-162.54189453125005,55.24272460937502],[-162.63037109375,55.24667968750002],[-162.64414062500003,55.218017578125],[-162.614306640625,55.071484375000026],[-162.61889648437503,55.03842773437502],[-162.67436523437496,54.99658203125002],[-162.819580078125,54.95],[-162.86503906249993,54.954541015625004],[-162.99589843749996,55.046484375],[-163.11962890625,55.06469726562498],[-163.12783203124997,55.03476562500002],[-163.10019531250003,54.97363281249999],[-163.13110351562506,54.916552734374996],[-163.220556640625,54.86337890625],[-163.28862304687502,54.83759765625],[-163.33530273437495,54.83916015624998],[-163.337890625,54.8763671875],[-163.296337890625,54.949267578124996],[-163.285693359375,55.00996093750003],[-163.30595703124996,55.058544921875004],[-163.303662109375,55.095849609374994],[-163.27880859374997,55.12182617187499],[-163.11450195312494,55.19394531250001],[-163.045361328125,55.204736328124994],[-163.0082519531249,55.186865234374984],[-162.96196289062502,55.18383789062497],[-162.90659179687506,55.19555664062502],[-162.87158203125,55.218603515625],[-162.85712890625004,55.25302734374999],[-162.78623046875003,55.297070312500004],[-162.65898437500002,55.35078125000001],[-162.51337890624998,55.45],[-162.34936523437497,55.59472656250002],[-162.15712890624997,55.719433593749976],[-161.93662109375,55.82416992187499],[-161.69731445312502,55.9072265625],[-161.215625,56.02143554687502],[-161.17861328124997,56.01445312500001],[-161.22255859374997,55.977441406249994],[-161.19252929687505,55.95429687500002],[-161.145166015625,55.951318359375044],[-160.96865234374997,55.969628906249994],[-160.8986328125,55.99365234375001],[-160.87783203125,55.9705078125],[-160.90239257812496,55.94130859375004],[-161.00839843749998,55.91171875],[-161.00537109374994,55.88715820312497],[-160.85131835937497,55.771875],[-160.80283203125,55.754443359374996],[-160.76259765625002,55.756591796875],[-160.74550781249994,55.77148437499998],[-160.75839843749992,55.85463867187498],[-160.70634765625002,55.870458984375055],[-160.59970703124998,55.87431640625],[-160.53022460937504,55.86347656250001],[-160.49790039062503,55.837890625000014],[-160.43691406249997,55.81669921874998],[-160.347314453125,55.79990234374998],[-160.29169921874998,55.805078125],[-160.2701171875,55.832177734375],[-160.30849609375,55.864453125],[-160.47988281249997,55.93544921874998],[-160.52744140625003,55.96503906250002],[-160.53906249999997,56.006298828125],[-160.514697265625,56.059130859375024],[-160.46083984375,56.1375],[-160.37749023437496,56.24145507812502],[-160.30205078124996,56.314111328125],[-160.14926757812498,56.39633789062499],[-160.04624023437495,56.437011718750014],[-159.78505859374997,56.56162109375002],[-159.28310546874997,56.68857421874999],[-159.15903320312503,56.77006835937503],[-158.9903808593749,56.86005859374998],[-158.91801757812496,56.882177734374984],[-158.918017578125,56.84741210937502],[-158.894873046875,56.81640625000003],[-158.78208007812492,56.79575195312496],[-158.708837890625,56.788574218750014],[-158.675146484375,56.794873046875],[-158.66591796874997,56.82792968750001],[-158.68105468749997,56.887744140625],[-158.684814453125,56.94423828125003],[-158.67724609375,56.997363281250024],[-158.660791015625,57.039404296875006],[-158.585595703125,57.11406249999999],[-158.47373046875,57.19907226562498],[-158.32094726562494,57.297900390625],[-158.22451171874997,57.34267578124999],[-158.13354492187497,57.36640625],[-158.04570312499996,57.40947265625001],[-157.8943359374999,57.51137695312498],[-157.84575195312493,57.52807617187496],[-157.73720703125,57.548144531249996],[-157.69741210937502,57.53925781250002],[-157.67402343749998,57.513720703124996],[-157.64555664062502,57.497802734375],[-157.53530273437497,57.48344726562493],[-157.46191406249994,57.50620117187501],[-157.47387695312494,57.518212890625016],[-157.53349609375002,57.52587890624998],[-157.571630859375,57.540673828124966],[-157.60756835937497,57.60146484375001],[-157.6806640625,57.638085937500016],[-157.697216796875,57.67944335937501],[-157.683984375,57.743896484375],[-157.62119140625,57.89521484375002],[-157.61088867187493,58.050830078124996],[-157.555029296875,58.13994140625],[-157.44267578125,58.17216796875001],[-157.19370117187498,58.194189453125006],[-157.339404296875,58.23452148437502],[-157.39360351562502,58.234814453125004],[-157.48837890624992,58.253710937499996],[-157.52441406249997,58.35073242187499],[-157.5236328125,58.42133789062499],[-157.460888671875,58.503027343750006],[-157.22885742187498,58.64091796875002],[-156.97465820312493,58.73632812499998],[-157.00903320312494,58.74418945312498],[-157.04047851562498,58.77255859375001],[-156.92324218749994,58.96367187499997],[-156.80888671874993,59.134277343749986],[-156.96337890625,58.98886718750001],[-157.14204101562498,58.87763671875],[-157.66572265625,58.74848632812498],[-158.0219238281249,58.640185546874974],[-158.19091796875003,58.614257812500014],[-158.30258789062498,58.641796875],[-158.3896484375,58.745654296874996],[-158.439306640625,58.78261718749998],[-158.503173828125,58.85034179687503],[-158.47626953124998,58.93837890625004],[-158.42563476562498,58.999316406250045],[-158.314501953125,59.009326171875024],[-158.189208984375,58.97993164062498],[-158.08051757812498,58.97744140624997],[-158.22060546875005,59.0375],[-158.42280273437498,59.089843749999986],[-158.51440429687497,59.07285156250002],[-158.58447265625,58.98779296875],[-158.67827148437496,58.929394531250004],[-158.76059570312498,58.95009765625],[-158.80947265624994,58.973876953124964],[-158.77553710937502,58.90253906250001],[-158.83774414062495,58.793945312500014],[-158.86137695312496,58.71875],[-158.77211914062494,58.5203125],[-158.78862304687487,58.44096679687498],[-158.95068359374994,58.40454101562499],[-159.082666015625,58.46977539062503],[-159.358203125,58.721289062500006],[-159.45419921874998,58.79291992187497],[-159.67026367187498,58.91113281250002],[-159.74145507812497,58.89428710937502],[-159.8322265625,58.83598632812504],[-159.92021484374996,58.81987304687502],[-160.152587890625,58.905908203124994],[-160.26079101562505,58.97153320312502],[-160.363134765625,59.05117187499996],[-160.51992187499994,59.007324218749986],[-160.656640625,58.95507812499997],[-160.81708984375,58.87167968749997],[-160.92426757812498,58.872412109374984],[-161.21591796875,58.8009765625],[-161.24682617187497,58.79946289062501],[-161.28789062500002,58.7609375],[-161.328125,58.74370117187496],[-161.36132812499997,58.66953125],[-161.75546875,58.61201171874998],[-162.14492187499997,58.64423828124999],[-162.00869140624997,58.685009765625004],[-161.856494140625,58.71708984375],[-161.72436523437494,58.794287109375],[-161.78051757812494,58.89741210937498],[-161.79028320312497,58.94995117187502],[-161.78867187500003,59.01640625],[-161.64438476562492,59.10966796874997],[-161.794482421875,59.10947265625004],[-161.89077148437494,59.07607421875],[-161.9810546875,59.14614257812502],[-162.02329101562503,59.283984375],[-161.92011718749995,59.365478515625],[-161.87221679687508,59.42827148437502],[-161.83168945312497,59.51450195312499],[-161.8287109375,59.588623046875],[-161.90864257812504,59.714111328125014],[-162.13813476562498,59.98002929687503],[-162.24248046874993,60.17832031249999],[-162.421337890625,60.283984375000024],[-162.28779296875,60.456884765625006],[-162.1388671875,60.61435546875],[-161.94658203125,60.68481445312499],[-161.96201171875,60.69536132812501],[-162.06826171875,60.69487304687499],[-162.138037109375,60.685546875000036],[-162.19990234374998,60.634326171874974],[-162.26503906249994,60.59521484374998],[-162.46870117187498,60.394677734374966],[-162.59970703125,60.296972656250006],[-162.68496093749997,60.26894531249999],[-162.547705078125,60.231054687499984],[-162.52695312499995,60.199121093749994],[-162.50048828125006,60.12656250000002],[-162.53564453124997,60.03837890625],[-162.570751953125,59.989746093750014],[-162.73261718749998,59.99365234374997],[-162.87783203125,59.92275390625004],[-163.219384765625,59.84560546875],[-163.68037109375,59.801513671875],[-163.90688476562502,59.80678710937504],[-164.14282226562497,59.89677734375002],[-164.14111328125006,59.948876953124994],[-164.13154296874998,59.99423828125],[-164.47050781249996,60.14931640624997],[-164.662255859375,60.30380859375001],[-164.79995117187497,60.30722656249998],[-164.9197265625,60.3484375],[-165.06113281250003,60.41254882812498],[-165.0487304687499,60.46425781249999],[-165.0265136718749,60.50063476562502],[-165.11328125,60.52607421874999],[-165.22451171874994,60.523583984374966],[-165.35380859375,60.541210937500004],[-165.016015625,60.740039062500024],[-164.89980468750002,60.87314453125001],[-164.80517578125,60.892041015625004],[-164.682373046875,60.87153320312504],[-164.51293945312497,60.81904296875],[-164.370068359375,60.795898437499986],[-164.31850585937505,60.77128906250003],[-164.2656738281249,60.724658203124974],[-164.32138671874998,60.64663085937499],[-164.37236328125002,60.591845703125024],[-164.30966796875,60.606738281249996],[-164.13183593750003,60.69150390625002],[-163.99956054687496,60.76606445312502],[-163.93613281249998,60.75830078125002],[-163.894921875,60.74516601562497],[-163.82138671875003,60.66826171875002],[-163.72998046875,60.589990234374966],[-163.52871093749994,60.66455078124997],[-163.42094726562487,60.75742187499997],[-163.511865234375,60.79814453125],[-163.62304687499997,60.82221679687502],[-163.90654296874996,60.85380859375],[-163.8373046875,60.88041992187502],[-163.655419921875,60.877490234375],[-163.58691406249997,60.90297851562497],[-163.65893554687491,60.938232421874986],[-163.7490234375,60.96972656249997],[-163.99462890624997,60.86469726562498],[-164.441552734375,60.86997070312502],[-164.75395507812502,60.931298828125],[-165.065625,60.920654296875],[-165.11484374999998,60.9328125],[-165.17548828125004,60.965673828125006],[-164.99990234374997,61.043652343749955],[-164.87558593750003,61.086767578125006],[-164.86899414062498,61.111767578125004],[-164.94121093749993,61.114892578124994],[-165.07709960937498,61.09418945312502],[-165.13769531249997,61.13012695312499],[-165.127783203125,61.19243164062501],[-165.15004882812497,61.18686523437499],[-165.203759765625,61.15283203125001],[-165.27978515625,61.169628906250004],[-165.34487304687508,61.19770507812501],[-165.31079101562503,61.22763671874999],[-165.2439453125,61.26875],[-165.27363281249998,61.27485351562497],[-165.33369140624998,61.266113281249964],[-165.39204101562495,61.21230468749997],[-165.379296875,61.16875],[-165.38076171874997,61.106298828124984],[-165.48046875000009,61.094873046875],[-165.565869140625,61.10234375],[-165.627587890625,61.16518554687504],[-165.69135742187495,61.29990234374997],[-165.86396484374998,61.335693359375],[-165.90629882812502,61.40380859375001],[-165.79711914062503,61.491162109375],[-165.8453125,61.53623046875003],[-165.96132812499994,61.550878906249984],[-166.093994140625,61.50673828124998],[-166.152734375,61.545947265624996],[-166.16352539062498,61.589013671875],[-166.16811523437497,61.650830078125004],[-166.13115234374993,61.65732421874995],[-166.10048828125,61.64506835937503],[-165.8345703125,61.67939453125001],[-165.80893554687495,61.69609375],[-166.019921875,61.74829101562501],[-166.07880859374995,61.803125],[-165.99140624999998,61.83417968749999],[-165.83383789062495,61.83681640625],[-165.61279296875,61.869287109375016],[-165.70581054687506,61.92744140625002],[-165.7252441406249,61.959375],[-165.74394531249996,62.01171875],[-165.707275390625,62.100439453124984],[-165.44765624999997,62.30390624999996],[-165.19453124999995,62.47353515625001],[-165.115625,62.51269531250003],[-164.99970703124998,62.533789062499984],[-164.89184570312506,62.51757812500003],[-164.77919921875,62.48115234374999],[-164.75786132812496,62.496728515625],[-164.79609375,62.51162109374998],[-164.84438476562502,62.58105468749999],[-164.68798828125,62.608251953125006],[-164.59628906249992,62.68666992187497],[-164.589453125,62.709375],[-164.68896484375,62.67675781250003],[-164.79267578125,62.62319335937499],[-164.81865234374993,62.67705078124999],[-164.84541015625004,62.80097656250002],[-164.79965820312498,62.91806640624999],[-164.76406249999994,62.97060546874994],[-164.67744140624987,63.02045898437495],[-164.428125,63.04042968750004],[-164.38422851562504,63.03046875000001],[-164.37509765624995,63.054003906249996],[-164.52519531250002,63.12763671875],[-164.46328124999988,63.185205078124994],[-164.40903320312498,63.215039062500026],[-164.10761718749998,63.26171875],[-163.94287109375,63.24721679687501],[-163.73623046875002,63.19282226562499],[-163.61630859375003,63.125146484375],[-163.63374023437493,63.09042968749997],[-163.66357421875003,63.0703125],[-163.725732421875,63.04780273437497],[-163.74897460937498,63.03032226562502],[-163.737841796875,63.01640625],[-163.649365234375,63.05678710937499],[-163.50434570312495,63.105859375],[-163.42319335937503,63.08452148437499],[-163.358837890625,63.04575195312502],[-163.287841796875,63.04643554687502],[-163.06225585937497,63.07973632812499],[-162.94770507812493,63.11499023437499],[-162.80776367187494,63.20659179687499],[-162.62148437500002,63.2658203125],[-162.35981445312495,63.45258789062499],[-162.28281249999992,63.529199218749966],[-162.193310546875,63.54096679687497],[-162.1125,63.53417968749997],[-162.05625,63.471337890625044],[-161.97397460937498,63.452929687499996],[-161.50541992187496,63.468164062500016],[-161.266015625,63.49697265625002],[-161.09970703125006,63.55791015625001],[-160.926708984375,63.660546875000016],[-160.82651367187498,63.72934570312498],[-160.77856445312497,63.81894531249999],[-160.84047851562497,63.93491210937498],[-160.90395507812497,64.03120117187504],[-160.987548828125,64.25126953125003],[-161.2201171875,64.39658203125003],[-161.38569335937495,64.43994140625001],[-161.49072265625,64.4337890625],[-161.4145996093749,64.52636718749999],[-161.19306640625,64.51640624999997],[-161.04877929687504,64.53447265625003],[-160.93193359374996,64.57910156250001],[-160.89370117187502,64.612890625],[-160.83603515625,64.68193359375002],[-160.855908203125,64.75561523437499],[-160.886962890625,64.79555664062501],[-160.96748046874995,64.83955078124998],[-161.06323242187494,64.90400390625],[-161.13017578125005,64.92543945312502],[-161.18691406249994,64.92402343750001],[-161.4663574218749,64.79487304687495],[-161.633984375,64.79248046874999],[-161.759375,64.816259765625],[-161.86831054687494,64.74267578125004],[-162.17226562499997,64.67807617187499],[-162.334619140625,64.61284179687502],[-162.63574218749991,64.45083007812498],[-162.71108398437497,64.3775390625],[-162.80703125000002,64.37421875000003],[-162.876416015625,64.51640624999997],[-163.20390624999996,64.652001953125],[-163.30283203125,64.605908203125],[-163.24829101562494,64.56328124999999],[-163.17407226562497,64.532958984375],[-163.05175781250003,64.51972656250001],[-163.10449218749994,64.47861328125002],[-163.14433593749993,64.423828125],[-163.26704101562498,64.47519531249999],[-163.486181640625,64.5498046875],[-163.71308593750004,64.58823242187502],[-164.30395507812506,64.58393554687503],[-164.69184570312498,64.507421875],[-164.727490234375,64.52329101562503],[-164.76494140624996,64.529638671875],[-164.82954101562504,64.51137695312501],[-164.857275390625,64.480322265625],[-164.89951171875,64.46064453125001],[-164.978759765625,64.45366210937505],[-165.13813476562493,64.46523437499997],[-165.44619140625,64.51284179687498],[-166.14277343749998,64.58276367187499],[-166.32509765625002,64.62573242187501],[-166.48139648437498,64.72807617187497],[-166.478125,64.79755859375005],[-166.40869140624997,64.826953125],[-166.415234375,64.92651367187503],[-166.55087890624998,64.952978515625],[-166.82695312500002,65.09609375],[-166.92841796874998,65.15708007812498],[-166.90639648437494,65.16381835937499],[-166.856787109375,65.14726562500002],[-166.76254882812498,65.13491210937497],[-166.531005859375,65.15473632812497],[-166.45166015624991,65.247314453125],[-166.27968749999997,65.27377929687499],[-166.12148437499997,65.26074218749999],[-166.15703124999993,65.28583984374998],[-166.19741210937494,65.30556640624997],[-166.609375,65.352734375],[-166.66538085937503,65.33828125],[-167.40400390624998,65.42211914062501],[-167.98725585937495,65.5677734375],[-168.03500976562492,65.59560546874994],[-168.08837890625,65.65776367187499],[-168.00966796874997,65.719140625],[-167.93056640624994,65.74814453124996],[-167.92700195312497,65.71435546875003],[-167.91435546875002,65.68120117187502],[-167.58002929687495,65.75830078124999],[-167.4053222656249,65.85932617187494],[-167.07421875000003,65.87705078125002],[-166.99721679687497,65.904931640625],[-166.89443359375,65.9591796875],[-166.74765625,66.05185546875005],[-166.54013671875,66.10063476562502],[-166.39873046874996,66.14443359375002],[-166.21459960937491,66.17026367187496],[-166.057421875,66.12724609375002],[-166.008935546875,66.121337890625],[-165.7236816406249,66.11254882812497],[-165.629931640625,66.13120117187503],[-165.58999023437497,66.14511718750002],[-165.560205078125,66.16708984375],[-165.84023437499997,66.24506835937495],[-165.811865234375,66.28847656250002],[-165.77617187499996,66.31904296874998],[-165.4494140625,66.40991210937499],[-165.19829101562487,66.43994140624997],[-165.06396484374997,66.437841796875],[-164.67412109375,66.555029296875],[-164.46049804687496,66.588427734375],[-164.05825195312497,66.61074218749998],[-163.72768554687502,66.61645507812501],[-163.63823242187496,66.574658203125],[-163.81572265625002,66.58349609374999],[-163.8939453125,66.57587890625],[-163.83823242187503,66.56157226562502],[-163.77548828124995,66.53110351562496],[-163.79370117187497,66.492626953125],[-163.9028808593749,66.378369140625],[-163.8939453125,66.28691406249997],[-163.964990234375,66.25732421875],[-164.03374023437502,66.21552734374998],[-163.695361328125,66.08383789062498],[-163.17143554687493,66.075439453125],[-162.88647460937503,66.09921875000002],[-162.72177734375,66.05981445312496],[-162.58686523437504,66.05083007812503],[-162.2142578125,66.071044921875],[-161.93369140624995,66.04287109375001],[-161.81630859374994,66.05366210937497],[-161.5568359375,66.25053710937502],[-161.45541992187506,66.28139648437504],[-161.34506835937503,66.24716796875002],[-161.2010742187499,66.21938476562495],[-161.10922851562498,66.23950195312504],[-161.03427734374998,66.188818359375],[-161.06953125,66.29462890625001],[-161.12031249999993,66.33432617187499],[-161.54443359374994,66.40703124999999],[-161.828173828125,66.37084960937501],[-161.91689453125,66.41181640624998],[-161.88759765625002,66.49306640625],[-162.19116210937491,66.69311523437499],[-162.31772460937492,66.73369140624999],[-162.467431640625,66.73564453124997],[-162.54365234375,66.80512695312498],[-162.60742187499997,66.89438476562503],[-162.47832031249996,66.93081054687497],[-162.36162109375002,66.94731445312502],[-162.253564453125,66.91865234375],[-162.1313964843749,66.80136718749999],[-162.01762695312493,66.78413085937501],[-162.05073242187498,66.66728515625],[-161.90957031250008,66.559619140625],[-161.59101562499995,66.45952148437499],[-161.3359375,66.49633789062501],[-161.155810546875,66.49531250000003],[-161.0481445312499,66.47421875],[-160.78447265624996,66.384375],[-160.65053710937497,66.37309570312499],[-160.231689453125,66.42026367187502],[-160.22734375,66.50854492187503],[-160.262548828125,66.57246093749998],[-160.36088867187496,66.6125],[-160.64379882812497,66.60498046874997],[-160.864013671875,66.670849609375],[-161.05146484374995,66.65278320312501],[-161.39804687500003,66.55185546874999],[-161.571728515625,66.5916015625],[-161.68090820312497,66.64550781249999],[-161.856689453125,66.70034179687501],[-161.878759765625,66.803955078125],[-161.73129882812498,66.92280273437498],[-161.62221679687497,66.97934570312506],[-161.71992187500007,67.02055664062505],[-161.9654296875,67.049560546875],[-162.39155273437495,67.01987304687498],[-162.41157226562504,67.06030273437504],[-162.40942382812491,67.10395507812501],[-162.58310546875003,67.01850585937498],[-162.76142578125007,67.03642578125002],[-163.00170898437497,67.02729492187495],[-163.53183593750015,67.10258789062506],[-163.72055664062495,67.19555664062499],[-163.79980468749997,67.27099609374999],[-163.94267578124996,67.47758789062496],[-164.12519531249998,67.60673828125002],[-165.38603515625002,68.04560546874997],[-165.95957031249998,68.155908203125],[-166.23593750000003,68.2779296875],[-166.40913085937493,68.30795898437499],[-166.57446289062503,68.32026367187504],[-166.786279296875,68.359619140625],[-166.643896484375,68.4080078125],[-166.54589843749997,68.42436523437502],[-166.64785156249997,68.373828125],[-166.57041015625003,68.36108398437503],[-166.447021484375,68.39023437500002],[-166.38051757812485,68.42514648437495],[-166.28295898437497,68.57324218749999],[-166.18203124999997,68.79721679687498],[-166.20908203125,68.88535156249998],[-165.50947265624998,68.867578125],[-165.04394531250003,68.882470703125],[-164.88969726562496,68.90244140625],[-164.30234375,68.93647460937503],[-164.1501953125,68.961181640625],[-163.86791992187497,69.03666992187502],[-163.53569335937496,69.17011718749998],[-163.25053710937496,69.345361328125],[-163.20517578125003,69.39252929687505],[-163.18710937499998,69.38046875],[-163.16147460937503,69.38793945312504],[-163.131005859375,69.45434570312499],[-163.09355468749993,69.61069335937505],[-162.95209960937493,69.75810546874996],[-162.350390625,70.094140625],[-162.071142578125,70.22719726562504],[-161.97797851562493,70.28764648437502],[-161.88095703124986,70.33173828124997],[-161.81259765624995,70.28984375],[-161.77993164062502,70.27734374999999],[-161.76108398437503,70.25766601562499],[-161.81840820312496,70.24843749999997],[-161.911962890625,70.20546875],[-162.04238281250008,70.17666015625002],[-162.07387695312494,70.16196289062499],[-161.99741210937503,70.165234375],[-161.7681640625,70.19653320312501],[-161.639013671875,70.234521484375],[-160.99628906250004,70.30458984375002],[-160.64765624999995,70.42055664062498],[-160.63413085937495,70.44638671874996],[-160.117138671875,70.59121093750002],[-160.04560546874998,70.58559570312498],[-159.96313476562503,70.56816406250003],[-160.10639648437493,70.47255859375001],[-160.00556640625,70.44755859375002],[-160.09506835937503,70.33330078124997],[-159.907568359375,70.33144531250002],[-159.86567382812498,70.27885742187502],[-159.85522460937497,70.32416992187504],[-159.85751953124998,70.38925781250002],[-159.84262695312492,70.45302734374995],[-159.814990234375,70.49707031250001],[-159.68330078125007,70.47714843750002],[-159.386767578125,70.52451171875003],[-159.74619140625003,70.53046875000003],[-159.96181640624997,70.63408203125],[-160.08159179687496,70.63486328125],[-159.680908203125,70.78676757812501],[-159.31450195312505,70.87851562500005],[-159.23173828124993,70.87675781250003],[-159.19174804687495,70.85966796874999],[-159.183154296875,70.83193359374998],[-159.26220703124997,70.81386718750001],[-159.33984375,70.78125],[-159.30415039062498,70.75253906249999],[-159.25117187499998,70.7484375],[-159.07504882812498,70.77207031250002],[-158.9962890625,70.80161132812502],[-158.62094726562498,70.7990234375],[-158.51083984374992,70.8201171875],[-158.484375,70.84106445312499],[-157.998486328125,70.84531249999998],[-157.909375,70.86010742187504],[-157.60561523437497,70.94125976562502],[-157.32475585937493,71.03959960937497],[-157.19531249999997,71.09326171875],[-156.9733398437499,71.23002929687496],[-156.78330078125003,71.31894531249999],[-156.47021484375,71.407666015625],[-156.39526367187503,71.39667968749995],[-156.49667968750003,71.37910156250001],[-156.56723632812503,71.34155273437507],[-156.46997070312494,71.29155273437505],[-155.8111328125,71.18842773437497],[-155.64560546875,71.18276367187502],[-155.57944335937498,71.12109374999999],[-155.6345703125,71.06157226562497],[-155.80434570312497,70.99541015625005],[-156.1465820312499,70.92783203124998],[-156.04194335937495,70.90224609374995],[-155.97353515625,70.84199218749997],[-155.872216796875,70.83466796874997],[-155.708056640625,70.85727539062505],[-155.57939453124993,70.89433593749995],[-155.31337890625002,71.01499023437502],[-155.229736328125,71.08222656250001],[-155.1668457031251,71.09921875000002],[-154.94379882812498,71.08305664062502],[-154.81752929687494,71.048486328125],[-154.67368164062503,70.98710937500007],[-154.72631835937497,70.92778320312503],[-154.78520507812496,70.89428710937496],[-154.59863281249994,70.847998046875],[-154.39218749999998,70.83833007812504],[-154.19521484375,70.801123046875],[-153.91821289062497,70.87734374999995],[-153.70136718749998,70.89360351562497],[-153.497705078125,70.891064453125],[-153.23291015624997,70.93256835937501],[-152.78491210937497,70.87602539062495],[-152.67084960937498,70.89072265625002],[-152.4912109375,70.88095703125003],[-152.30039062499998,70.84677734375005],[-152.23291015625,70.81035156250005],[-152.43725585937497,70.73325195312499],[-152.47060546874997,70.65361328125002],[-152.39921875,70.620458984375],[-152.269677734375,70.61474609375001],[-152.25336914062498,70.56826171874997],[-152.17294921875,70.556640625],[-151.76904296875,70.56015624999996],[-151.79990234375,70.538037109375],[-151.81962890624996,70.511328125],[-151.944677734375,70.45209960937503],[-151.22480468750004,70.41875],[-151.12802734374995,70.45161132812501],[-150.97905273437502,70.46469726562496],[-150.66264648437496,70.509912109375],[-150.543505859375,70.49013671874997],[-150.40322265625,70.443896484375],[-150.2736328125,70.43432617187503],[-150.15249023437497,70.44370117187503],[-149.87011718749994,70.50966796874994],[-149.54404296874998,70.51289062499997],[-149.41059570312498,70.49140625000003],[-149.26943359375,70.50078125000003],[-148.84477539062502,70.42519531250004],[-148.68837890625002,70.41630859375],[-148.47919921874995,70.317919921875],[-148.371142578125,70.31499023437503],[-148.24877929687503,70.35673828125002],[-148.14272460937497,70.35546874999997],[-148.0390625,70.315478515625],[-147.86953124999994,70.30327148437497],[-147.79057617187493,70.24013671874997],[-147.70537109374993,70.21723632812495],[-147.06293945312493,70.17041015625003],[-146.74487304687497,70.19174804687499],[-146.28125,70.18613281249999],[-146.057666015625,70.15625],[-145.82314453124997,70.16005859375],[-145.44008789062494,70.050927734375],[-145.23681640625003,70.033935546875],[-145.19736328125,70.00869140625001],[-144.6191894531249,69.98212890624995],[-144.41689453124997,70.03901367187497],[-144.06411132812497,70.05410156250001],[-143.74643554687503,70.10195312500007],[-143.56640624999994,70.10146484375],[-143.35703124999995,70.08955078125004],[-143.27646484374995,70.09531249999995],[-143.218310546875,70.116259765625],[-142.70786132812498,70.03378906249996],[-142.42211914062503,69.93950195312505],[-142.29697265625003,69.86987304687503],[-141.69921875000003,69.77036132812503],[-141.52636718749997,69.71469726562502],[-141.40791015624995,69.65336914062497],[-141.33862304687497,69.64677734374996],[-141.28964843750003,69.664697265625],[-141.08081054687497,69.65942382812501],[-141.00214843749995,69.65078124999997],[-141.00214843749998,69.35859374999991],[-141.00214843749995,69.06635742187501],[-141.0021484375,68.774169921875],[-141.0021484375,68.48198242187499],[-141.00214843749998,68.18974609375002],[-141.00214843749998,67.89755859375002],[-141.00214843749998,67.60537109375],[-141.0021484375,67.31313476562502],[-141.00214843749998,67.02094726562503],[-141.00214843749998,66.72875976562499],[-141.0021484375,66.43652343749999],[-141.00214843749995,66.14433593749999],[-141.00214843749998,65.85214843750002],[-141.00214843749998,65.55991210937495],[-141.0021484375,65.26772460937514],[-141.00214843749998,64.9755371093751],[-141.0021484375,64.68330078125014],[-141.00214843750004,64.39111328125009],[-141.0021484375,64.09887695312509],[-141.00214843749998,63.806689453125],[-141.0021484375,63.514453125],[-141.00214843749987,63.22226562499997],[-141.00214843749998,62.93007812500013],[-141.0021484375,62.637890625000125],[-141.00214843749993,62.34570312500012],[-141.00214843749995,62.05346679687505],[-141.00214843749993,61.761279296875],[-141.0021484375,61.469042968750045],[-141.0021484375,61.17685546875008],[-141.00214843749998,60.88466796875001],[-141.00214843750004,60.592431640625136],[-141.00214843749998,60.30024414062512],[-140.76274414062505,60.25913085937511],[-140.525439453125,60.218359375000034],[-140.45283203124995,60.29970703125003],[-140.19692382812497,60.2375],[-139.97329101562502,60.183154296875024],[-139.83066406250003,60.25288085937499],[-139.676318359375,60.328320312500004],[-139.46796875,60.33369140624999],[-139.23476562499988,60.33974609374995],[-139.079248046875,60.34370117187513],[-139.07924804687502,60.279443359375136],[-139.13696289062503,60.17270507812501],[-139.18515625,60.08359374999997],[-139.04345703125003,59.99326171875002],[-138.86875,59.94575195312497],[-138.70546875000002,59.90131835937502],[-138.63227539062495,59.77827148437501],[-138.45361328125,59.68339843750006],[-138.317626953125,59.61113281250004],[-138.18745117187498,59.54194335937498],[-138.001123046875,59.442919921875095],[-137.87055664062495,59.37358398437499],[-137.69663085937498,59.28115234374999],[-137.593310546875,59.22626953124999],[-137.543701171875,59.11943359375013],[-137.4841796875,58.9912109375],[-137.52089843749997,58.915380859375],[-137.43857421874998,58.903125],[-137.27753906249995,58.988183593749966],[-137.12622070312497,59.04096679687497],[-136.939306640625,59.106103515624994],[-136.8132812499999,59.15004882812505],[-136.578759765625,59.15224609375],[-136.466748046875,59.279931640624966],[-136.46635742187502,59.459082031250034],[-136.34785156250004,59.456054687500085],[-136.277978515625,59.48032226562497],[-136.247119140625,59.532910156250125],[-136.32182617187496,59.60483398437499],[-136.09716796875,59.638378906250004],[-135.93466796874998,59.66264648437499],[-135.70258789062498,59.72875976562497],[-135.47592773437495,59.793261718749996],[-135.36787109374993,59.74331054687502],[-135.26079101562502,59.69501953125013],[-135.051025390625,59.578662109375024],[-135.036669921875,59.550683593749994],[-135.050830078125,59.49604492187508],[-135.0712890625,59.44145507812502],[-134.94375,59.28828125000003],[-134.9072265625,59.271191406249976],[-134.802392578125,59.25],[-134.67724609374991,59.199267578124996],[-134.62197265625005,59.1553222656251],[-134.44077148437503,59.0853515625],[-134.41020507812496,59.05625],[-134.39306640624994,59.00917968749995],[-134.36352539062503,58.96875],[-134.32963867187502,58.93969726562508],[-134.29697265624995,58.898486328124996],[-134.21850585937503,58.849902343749996],[-134.06918945312503,58.795507812499984],[-133.96572265625,58.757861328125],[-133.82075195312498,58.70502929687498],[-133.67392578124998,58.597167968749986],[-133.54638671875003,58.50346679687499],[-133.40112304687497,58.41088867187498],[-133.42255859374998,58.33706054687503],[-133.27529296874997,58.22285156250002],[-133.12041015624996,58.077734375],[-133.001416015625,57.94897460937497],[-132.91684570312498,57.877001953124974],[-132.81552734375,57.77270507812502],[-132.69150390624992,57.64511718749998],[-132.55048828124998,57.49990234375],[-132.44248046874995,57.40673828124998],[-132.30166015625,57.27631835937513],[-132.232177734375,57.198535156249974],[-132.27939453125,57.145361328125034],[-132.33798828124998,57.079443359375],[-132.15703124999996,57.04819335937499],[-132.03154296875002,57.02656250000001],[-132.062890625,56.95336914062503],[-132.104296875,56.856787109375006],[-131.9625,56.818701171875],[-131.86616210937493,56.79282226562497],[-131.88598632812497,56.74213867187498],[-131.83310546875,56.68481445312498],[-131.82426757812496,56.58999023437501],[-131.65151367187502,56.59609375],[-131.57509765625008,56.598828125000146],[-131.471875,56.556738281250006],[-131.335791015625,56.50122070312503],[-131.19941406249998,56.44921875],[-131.08291015625,56.40483398437502],[-130.93022460937493,56.37861328124998],[-130.74169921874997,56.340820312499964],[-130.64907226562502,56.263671875000014],[-130.47709960937496,56.23056640625004],[-130.413134765625,56.12250976562501],[-130.21469726562498,56.0828125],[-130.09785156250004,56.10927734375],[-130.05595703125,56.06523437500003],[-130.022900390625,56.01450195312502],[-130.01406250000005,55.950537109375034],[-130.02509765624995,55.8882324218751]]],[[[-163.47602539062498,54.98071289062499],[-163.378955078125,54.81552734375],[-163.3369140625,54.783203125],[-163.27451171874995,54.76557617187497],[-163.187109375,54.74775390625001],[-163.13505859375,54.723291015625016],[-163.08925781249994,54.68608398437501],[-163.08325195312491,54.668994140625],[-163.35810546875,54.735693359375],[-163.53085937499995,54.638330078124994],[-163.5830078125,54.62568359374998],[-164.0732910156249,54.62099609374999],[-164.1712890625,54.60302734375],[-164.23461914062497,54.57133789062501],[-164.34667968749991,54.482421874999986],[-164.40351562500004,54.44785156250004],[-164.4634765625,54.42734375],[-164.59082031249994,54.404345703125],[-164.74379882812497,54.407470703124986],[-164.82343750000004,54.41909179687501],[-164.86616210937498,54.46137695312499],[-164.903955078125,54.54477539062501],[-164.90371093750002,54.56796875000002],[-164.88764648437498,54.60781249999997],[-164.75146484374994,54.66293945312496],[-164.706201171875,54.6919921875],[-164.52978515624997,54.880859375],[-164.47861328125,54.90683593749999],[-164.42431640625003,54.913183593750006],[-164.27368164062497,54.900048828124994],[-164.14506835937496,54.95512695312501],[-163.86796874999996,55.039111328125],[-163.80712890624994,55.049072265625],[-163.60747070312496,55.05083007812499],[-163.55302734375002,55.037841796875036],[-163.510888671875,55.01430664062498],[-163.47602539062498,54.98071289062499]]],[[[-133.30507812499997,55.54375],[-133.28320312499994,55.515625],[-133.281689453125,55.49785156249999],[-133.42646484375004,55.431445312499996],[-133.4291015625,55.41772460937499],[-133.46308593749998,55.37666015625],[-133.49345703125,55.36166992187502],[-133.54736328125,55.31723632812499],[-133.65019531249993,55.26928710937498],[-133.63500976562497,55.41333007812501],[-133.73710937499993,55.49692382812498],[-133.634228515625,55.53925781249999],[-133.56669921875,55.52719726562501],[-133.45478515625004,55.522314453125034],[-133.34555664062503,55.55908203125001],[-133.30507812499997,55.54375]]],[[[-131.33974609375002,55.07983398437499],[-131.237451171875,54.94951171874999],[-131.23203125000003,54.90375976562501],[-131.329541015625,54.887744140624996],[-131.40620117187498,54.89428710937499],[-131.445703125,54.909326171874994],[-131.45610351562502,54.93056640625001],[-131.43134765624998,54.99648437499999],[-131.48173828125002,55.03525390624999],[-131.54003906249997,55.048486328124994],[-131.592236328125,55.02568359375004],[-131.59511718749997,55.09072265625],[-131.556005859375,55.13740234375],[-131.57783203124995,55.200830078125],[-131.57846679687498,55.24877929687501],[-131.56542968749997,55.26411132812497],[-131.51264648437495,55.26274414062498],[-131.40463867187498,55.213330078124976],[-131.33974609375002,55.07983398437499]]],[[[-132.11235351562502,56.109375],[-132.13295898437494,55.94326171874998],[-132.17260742187494,55.952636718750014],[-132.21030273437498,55.95297851562499],[-132.28730468749998,55.92939453125],[-132.36860351562498,55.93974609374999],[-132.406591796875,55.958203125],[-132.42060546875,55.979541015625],[-132.4060546875,56.028857421874996],[-132.451171875,56.05634765625003],[-132.602978515625,56.06640624999998],[-132.65991210937497,56.07817382812499],[-132.691357421875,56.130078125],[-132.69902343749996,56.198193359375],[-132.6751953125,56.2236328125],[-132.59873046875,56.24165039062499],[-132.539013671875,56.324169921875],[-132.50595703125006,56.335253906250024],[-132.37983398437495,56.49877929687497],[-132.31650390625,56.4875],[-132.20561523437502,56.387939453125],[-132.06689453124994,56.244238281250006],[-132.11235351562502,56.109375]]],[[[-130.97915039062502,55.48916015625004],[-131.01391601562497,55.379296875],[-131.08276367187497,55.266796875],[-131.18789062499997,55.20629882812501],[-131.261865234375,55.21977539062503],[-131.31630859374994,55.26850585937499],[-131.366845703125,55.265820312499976],[-131.420703125,55.27587890625],[-131.450927734375,55.316308593749994],[-131.42236328125,55.368408203125],[-131.44755859375,55.40878906249999],[-131.47451171875002,55.37348632812498],[-131.52182617187498,55.341064453125],[-131.64130859375,55.29892578125],[-131.72368164062502,55.21835937500002],[-131.7625,55.16582031250001],[-131.81098632812498,55.223095703125],[-131.8419921875,55.35869140625],[-131.84609374999997,55.41625976562501],[-131.75947265624995,55.50307617187498],[-131.64755859374998,55.585546875000034],[-131.62495117187498,55.83168945312499],[-131.26923828125,55.95537109374999],[-131.236181640625,55.948974609375014],[-131.12065429687496,55.85664062500001],[-130.997802734375,55.72763671874999],[-130.96596679687497,55.66953125],[-130.96503906249993,55.56801757812499],[-130.97915039062502,55.48916015625004]]],[[[-133.36621093749994,57.003515624999984],[-133.29970703125,56.97216796874999],[-133.26352539062498,57.00498046874999],[-133.19599609375,57.00346679687503],[-133.07080078125,56.974267578125016],[-132.99624023437494,56.93041992187499],[-132.95415039062493,56.88027343749998],[-132.9505859375,56.850439453125006],[-132.96333007812495,56.78256835937498],[-132.95400390624997,56.7130859375],[-132.95917968749998,56.677050781249974],[-132.97587890624996,56.647265625],[-133.0041015625,56.623730468750004],[-133.03491210937506,56.620751953124994],[-133.13237304687502,56.68325195312497],[-133.243994140625,56.795849609375004],[-133.328955078125,56.830078125000036],[-133.33242187499997,56.81850585937497],[-133.30908203124997,56.78623046874999],[-133.23969726562498,56.725683593750006],[-133.22724609374995,56.68925781249999],[-133.17846679687491,56.64482421874999],[-133.15664062499997,56.611132812499946],[-133.14423828125,56.56689453124999],[-133.1447265625,56.52822265624998],[-133.15815429687498,56.495166015624974],[-133.18081054687497,56.473974609375006],[-133.21264648437494,56.464599609375],[-133.38276367187498,56.47387695312503],[-133.4841796875,56.451757812500006],[-133.60278320312491,56.464111328124964],[-133.63134765624997,56.484033203125],[-133.649267578125,56.51679687499998],[-133.65830078124998,56.596289062500006],[-133.68818359375,56.71000976562501],[-133.68095703124996,56.79750976562502],[-133.75751953124998,56.876660156250004],[-133.82304687499993,56.92436523437499],[-133.91728515625,56.96708984375004],[-133.97944335937498,57.0095703125],[-133.962353515625,57.04345703125003],[-133.86596679687497,57.068701171874984],[-133.70771484374998,57.06284179687496],[-133.36621093749994,57.003515624999984]]],[[[-132.862255859375,54.89443359375002],[-132.837744140625,54.88095703125002],[-132.81289062499997,54.890429687499996],[-132.77231445312495,54.926074218749974],[-132.70063476562504,54.91904296875002],[-132.648876953125,54.907080078124984],[-132.61723632812496,54.892431640625],[-132.63403320312497,54.840478515625016],[-132.64697265625,54.756152343749996],[-132.67666015625,54.726220703124994],[-132.705810546875,54.68417968750002],[-132.80727539062497,54.70913085937499],[-132.88959960937498,54.76264648437498],[-133.008935546875,54.854833984375006],[-133.07539062500004,54.921337890625004],[-133.08056640625,54.949414062500004],[-133.122705078125,54.96982421875],[-133.204638671875,55.08447265624998],[-133.25117187499995,55.17514648437498],[-133.324853515625,55.18549804687502],[-133.41796875000003,55.210693359374986],[-133.45380859374998,55.2603515625],[-133.429052734375,55.30380859375],[-133.29658203124998,55.32573242187497],[-133.097412109375,55.21372070312497],[-133.06708984375,55.166210937500004],[-132.995751953125,55.11059570312502],[-132.98217773437494,55.03300781249997],[-132.94599609375,55.002587890625016],[-132.862255859375,54.89443359375002]]],[[[-146.3939453125,60.449658203125004],[-146.37167968749998,60.422167968749974],[-146.17954101562495,60.42875976562497],[-146.124267578125,60.423925781250006],[-146.10224609374998,60.41118164062499],[-146.128271484375,60.39252929687498],[-146.20239257812491,60.368017578125006],[-146.41918945312497,60.32504882812502],[-146.5953125,60.26845703124998],[-146.61831054687497,60.273681640624986],[-146.65043945312496,60.33564453124993],[-146.68300781249994,60.360693359375],[-146.70288085937494,60.395605468750006],[-146.70253906250005,60.40854492187501],[-146.67026367187506,60.432617187500036],[-146.605908203125,60.46782226562504],[-146.560302734375,60.480566406249984],[-146.3939453125,60.449658203125004]]],[[[-147.73588867187502,59.81323242187498],[-147.846337890625,59.798828124999986],[-147.87246093749997,59.82836914062495],[-147.81435546875,59.90195312499997],[-147.76806640625003,59.94375],[-147.73364257812497,59.953613281250036],[-147.60668945312497,60.03662109374999],[-147.46582031249994,60.097021484375],[-147.33652343749998,60.18535156249996],[-147.20522460937505,60.311328125000045],[-147.18085937499998,60.35825195312498],[-147.12001953124994,60.3630859375],[-147.01987304687503,60.33222656249998],[-146.95786132812498,60.28886718750004],[-146.98671875,60.25434570312498],[-147.31845703125,60.075292968749984],[-147.34633789062497,60.05195312500002],[-147.376513671875,59.99116210937501],[-147.40380859374997,59.969970703124986],[-147.44755859374996,59.96025390625003],[-147.47939453124997,59.933691406249984],[-147.49931640625,59.890185546875],[-147.540234375,59.86752929687501],[-147.60205078124997,59.865576171875006],[-147.644921875,59.853613281250006],[-147.66875,59.83154296874999],[-147.73588867187502,59.81323242187498]]],[[[-147.65825195312496,60.450488281249974],[-147.65869140625,60.42412109375003],[-147.69003906249998,60.39887695312499],[-147.65996093749996,60.35249023437501],[-147.71201171875,60.27275390624999],[-147.73212890624998,60.2220703125],[-147.759912109375,60.190234375],[-147.78784179687497,60.1779296875],[-147.81582031250002,60.18515625],[-147.8216796875,60.20273437500002],[-147.80527343750003,60.2306640625],[-147.871337890625,60.229785156250024],[-147.89145507812498,60.29941406250001],[-147.85488281249994,60.32143554687495],[-147.84169921875,60.35126953125],[-147.83759765625,60.37128906250004],[-147.79453124999998,60.45986328125001],[-147.77915039062492,60.466064453124964],[-147.77416992187497,60.44497070312498],[-147.760205078125,60.43876953124998],[-147.7373046875,60.447412109375],[-147.70297851562498,60.48681640625001],[-147.68857421874992,60.49140624999998],[-147.65825195312496,60.450488281249974]]],[[[-147.930712890625,60.826171875],[-148.05742187499987,60.81791992187498],[-148.11542968749998,60.830615234374996],[-148.123779296875,60.844335937500006],[-148.09970703125,60.894824218750024],[-148.10166015624998,60.91611328125],[-148.03774414062497,60.92412109375002],[-147.96440429687502,60.900146484375014],[-147.943115234375,60.87539062500002],[-147.930712890625,60.826171875]]],[[[-153.007080078125,57.124853515625],[-153.13422851562495,57.09257812499996],[-153.15683593749995,57.09394531249999],[-153.235400390625,57.02861328125002],[-153.2954101562499,57.000439453124955],[-153.374609375,57.051904296874994],[-153.35434570312498,57.13193359374998],[-153.28520507812493,57.185058593750014],[-152.93544921874994,57.167333984375006],[-152.9083984375,57.15244140624999],[-152.90776367187496,57.139746093750006],[-152.933447265625,57.12924804687499],[-153.007080078125,57.124853515625]]],[[[-152.48608398437497,58.485009765624994],[-152.51552734375,58.47861328125],[-152.588623046875,58.509228515625],[-152.63662109374997,58.54169921874999],[-152.60488281249997,58.566406250000014],[-152.46318359374993,58.61850585937497],[-152.39550781250006,58.61938476562501],[-152.36791992187494,58.61108398437496],[-152.3568359375,58.59497070312501],[-152.36225585937495,58.57084960937498],[-152.392822265625,58.540869140625006],[-152.48608398437497,58.485009765624994]]],[[[-153.240625,57.85009765625001],[-153.2685546875,57.82236328125001],[-153.294970703125,57.82949218749999],[-153.350830078125,57.861962890625],[-153.46503906250007,57.909375],[-153.51708984374997,57.941894531250014],[-153.520068359375,57.95576171874998],[-153.48105468750003,57.971044921875],[-153.34697265624996,57.9328125],[-153.2900390625,57.89790039062499],[-153.240625,57.85009765625001]]],[[[-155.566015625,55.82119140625002],[-155.60488281249997,55.789550781249986],[-155.680615234375,55.791845703125],[-155.723193359375,55.802197265625004],[-155.73735351562496,55.829785156250004],[-155.62060546874997,55.91308593749999],[-155.5939453125,55.92431640625002],[-155.57324218749997,55.921093749999976],[-155.56391601562495,55.88666992187499],[-155.566015625,55.82119140625002]]],[[[-154.68281249999998,56.43579101562501],[-154.75122070312503,56.41215820312503],[-154.77392578124994,56.420263671874984],[-154.77714843749993,56.43989257812499],[-154.7609375,56.47114257812499],[-154.729345703125,56.50214843749998],[-154.62373046874995,56.56132812499999],[-154.51752929687498,56.60053710937499],[-154.46337890624997,56.59819335937504],[-154.44487304687496,56.57319335937503],[-154.51118164062507,56.521435546875026],[-154.68281249999998,56.43579101562501]]],[[[-154.20864257812497,56.514892578125014],[-154.2578125,56.51269531249999],[-154.33212890625,56.539013671875],[-154.322216796875,56.57060546875001],[-154.216748046875,56.60874023437502],[-154.11040039062496,56.602929687499994],[-154.10224609375004,56.581640625],[-154.10717773437497,56.5578125],[-154.11596679687497,56.54389648437502],[-154.1498046875,56.52958984375002],[-154.20864257812497,56.514892578125014]]],[[[-160.68491210937498,55.31479492187497],[-160.6697265625,55.314257812499974],[-160.63881835937494,55.32192382812501],[-160.57397460937494,55.378271484374984],[-160.55278320312496,55.380761718749994],[-160.552490234375,55.36337890625],[-160.58315429687497,55.307617187499986],[-160.53120117187498,55.23320312500002],[-160.48266601562494,55.197412109375],[-160.48754882812497,55.18486328125001],[-160.60908203125004,55.159033203125034],[-160.70180664062497,55.17763671875001],[-160.75063476562497,55.17119140624998],[-160.795068359375,55.14521484374999],[-160.82548828125002,55.173974609374994],[-160.846533203125,55.311328125],[-160.83964843749996,55.33540039062496],[-160.789208984375,55.383105468749996],[-160.72392578125,55.40463867187499],[-160.695654296875,55.39833984375],[-160.67216796875,55.37939453125],[-160.666357421875,55.35942382812503],[-160.68491210937498,55.31479492187497]]],[[[-162.29814453125002,54.847021484374984],[-162.32192382812497,54.8423828125],[-162.390771484375,54.87299804687499],[-162.41577148437497,54.89589843749995],[-162.43388671875002,54.93154296875],[-162.29365234374995,54.98286132812498],[-162.26459960937495,54.98349609374999],[-162.23837890624992,54.95473632812499],[-162.23374023437498,54.932031250000044],[-162.27255859374992,54.86718749999998],[-162.29814453125002,54.847021484374984]]],[[[-162.55439453125007,54.40136718750001],[-162.64111328125,54.37954101562501],[-162.73310546875004,54.40229492187501],[-162.81171874999998,54.44438476562498],[-162.82055664062506,54.494531250000044],[-162.64541015624997,54.46206054687503],[-162.607958984375,54.44663085937502],[-162.55439453125007,54.40136718750001]]],[[[-159.87299804687507,55.12875976562503],[-159.93393554687492,55.10683593749998],[-159.95307617187498,55.078955078124984],[-159.9994140625,55.0671875],[-160.03842773437503,55.04448242187502],[-160.16958007812497,54.94169921874999],[-160.22705078124991,54.92270507812498],[-160.16357421875003,55.01044921874999],[-160.15361328124993,55.038330078125],[-160.152392578125,55.056884765625],[-160.17207031249995,55.123046875],[-160.13374023437495,55.12016601562499],[-160.102197265625,55.133886718750006],[-160.03876953125004,55.19252929687502],[-159.98164062499993,55.197753906249986],[-159.920458984375,55.26752929687502],[-159.887353515625,55.27299804687499],[-159.87104492187495,55.26357421874999],[-159.8982421875,55.22128906250001],[-159.839404296875,55.18237304687502],[-159.8541015625,55.14467773437501],[-159.87299804687507,55.12875976562503]]],[[[-165.841552734375,54.070654296875006],[-165.87939453125,54.053027343749996],[-165.90986328124998,54.049169921875006],[-165.93291015625,54.05917968750002],[-166.0364257812499,54.047167968749974],[-166.056640625,54.05434570312501],[-166.10283203124996,54.113964843750004],[-166.1058105468749,54.14482421874995],[-166.087744140625,54.16914062499997],[-166.04125976562494,54.191259765625],[-165.96640624999998,54.21103515625],[-165.89287109374993,54.206982421875],[-165.76445312500002,54.152099609375014],[-165.70424804687488,54.11992187499999],[-165.69287109375,54.09990234375],[-165.73789062499995,54.08110351562503],[-165.841552734375,54.070654296875006]]],[[[-165.56113281250003,54.13671875],[-165.60483398437498,54.12915039062499],[-165.61538085937502,54.13955078125003],[-165.62050781250002,54.183544921875],[-165.6541503906251,54.25332031250004],[-165.59033203125,54.278662109375006],[-165.55063476562498,54.284521484374984],[-165.53378906249998,54.273876953125],[-165.4876953124999,54.221875],[-165.441748046875,54.20800781249999],[-165.40786132812502,54.196826171874996],[-165.46757812499996,54.18090820312498],[-165.56113281250003,54.13671875]]],[[[-160.918994140625,58.57709960937499],[-160.9923828125,58.56103515624998],[-161.070263671875,58.569140625],[-161.13149414062494,58.66821289062499],[-161.08457031249998,58.671289062499994],[-160.98623046874994,58.736425781249984],[-160.76860351562502,58.78920898437504],[-160.71513671874996,58.79521484375004],[-160.918994140625,58.57709960937499]]],[[[-172.74223632812493,60.45737304687498],[-172.52607421874998,60.391748046874966],[-172.3875,60.39848632812502],[-172.27753906249998,60.34365234375],[-172.23208007812488,60.29912109374998],[-172.39716796875004,60.33110351562503],[-172.63574218749994,60.32885742187499],[-172.95839843749997,60.46279296874999],[-173.07402343749993,60.493212890624996],[-173.04765625,60.56831054687501],[-172.92387695312502,60.60683593749998],[-172.860205078125,60.505664062499996],[-172.74223632812493,60.45737304687498]]],[[[-170.16054687500005,57.18393554687501],[-170.26401367187495,57.136767578124974],[-170.35800781249998,57.15419921875],[-170.385888671875,57.18857421874999],[-170.38662109374997,57.20302734374999],[-170.11616210937495,57.241796875],[-170.16054687500005,57.18393554687501]]],[[[-169.69194335937502,52.847363281250026],[-169.70810546875,52.80712890624995],[-169.72275390624998,52.792333984375006],[-169.87734375,52.813769531249996],[-169.98056640625003,52.80600585937501],[-169.99184570312497,52.82983398437497],[-169.98256835937502,52.85102539062498],[-169.82065429687506,52.88339843750002],[-169.75488281249997,52.88364257812498],[-169.71098632812493,52.866748046874996],[-169.69194335937502,52.847363281250026]]],[[[-170.7333984375,52.58149414062498],[-170.79736328124991,52.54975585937497],[-170.81606445312502,52.5615234375],[-170.82705078125,52.60073242187499],[-170.79116210937494,52.63125],[-170.682080078125,52.69755859375],[-170.608056640625,52.68505859375],[-170.584619140625,52.66757812500002],[-170.58662109375,52.642431640624984],[-170.61401367187494,52.609619140624986],[-170.64926757812498,52.59311523437498],[-170.69228515624997,52.59296875],[-170.7333984375,52.58149414062498]]],[[[-172.46479492187498,52.27226562499999],[-172.539111328125,52.25747070312499],[-172.61982421875,52.272851562499994],[-172.58217773437502,52.325634765625],[-172.54365234374993,52.35380859374998],[-172.47041015624995,52.38803710937499],[-172.38310546875,52.37294921874999],[-172.313623046875,52.32958984374999],[-172.46479492187498,52.27226562499999]]],[[[-169.75522460937495,56.635058593749996],[-169.62392578125,56.61513671875],[-169.55048828124998,56.628125],[-169.485693359375,56.617724609374974],[-169.47431640624998,56.59404296875002],[-169.586865234375,56.542431640625026],[-169.6326171875,56.54570312499999],[-169.7661621093749,56.60795898437498],[-169.75522460937495,56.635058593749996]]],[[[-176.28671874999995,51.79199218749999],[-176.349658203125,51.733300781250016],[-176.39609374999995,51.75986328125002],[-176.413720703125,51.840576171874986],[-176.37856445312505,51.86113281249999],[-176.28022460937504,51.80283203125],[-176.28671874999995,51.79199218749999]]],[[[-176.02153320312502,52.00244140625],[-176.04506835937497,51.97299804687501],[-176.14287109374993,52.004296875],[-176.17753906250002,52.029833984374996],[-176.18452148437493,52.05605468750001],[-176.15566406249997,52.0994140625],[-176.077392578125,52.099951171875],[-176.03120117187504,52.082324218750024],[-175.98808593749993,52.049462890624994],[-175.97529296875,52.02895507812501],[-176.02153320312502,52.00244140625]]],[[[-177.14819335937506,51.716748046875004],[-177.17700195312509,51.70371093750002],[-177.2298828125,51.6935546875],[-177.38237304687493,51.704833984374964],[-177.474658203125,51.701269531250006],[-177.57758789062504,51.694189453125006],[-177.65488281249998,51.6765625],[-177.67021484375,51.701074218750016],[-177.667626953125,51.72119140624999],[-177.33471679687503,51.77622070312501],[-177.25727539062507,51.804931640624986],[-177.20976562500002,51.841259765625],[-177.16640624999994,51.909423828125],[-177.13149414062494,51.92978515625001],[-177.11005859374998,51.92875976562499],[-177.063037109375,51.90190429687499],[-177.079541015625,51.866552734375],[-177.12138671875002,51.835791015625],[-177.135107421875,51.80693359375],[-177.14819335937506,51.716748046875004]]],[[[178.57548828125002,51.91625976562499],[178.51181640625003,51.899121093750004],[178.47773437500004,51.942529296875016],[178.475,51.967724609375],[178.509375,51.994677734374996],[178.57060546875005,51.977539062500014],[178.60732421875002,51.953027343749994],[178.57548828125002,51.91625976562499]]],[[[179.45156249999997,51.372607421874996],[179.278125,51.372216796875],[178.92587890625003,51.53505859374997],[178.74707031249997,51.58671875],[178.64794921875003,51.643896484375],[178.6921875,51.655957031249976],[178.9080078125,51.615576171875],[179.08427734374993,51.52768554687499],[179.18173828125,51.469921875],[179.29433593749994,51.42084960937497],[179.41552734375,51.40087890624997],[179.45156249999997,51.372607421874996]]],[[[173.72275390625006,52.359570312499976],[173.65781250000006,52.356640625],[173.6162109375,52.39125976562499],[173.40234374999994,52.40478515624999],[173.42451171874998,52.437646484375],[173.51650390625002,52.45141601562501],[173.6576171875,52.50410156249997],[173.77607421874995,52.4951171875],[173.74472656250006,52.446630859375034],[173.72275390625006,52.359570312499976]]],[[[-134.969775390625,57.351416015625006],[-134.88486328124998,57.24169921875],[-134.82319335937504,57.156542968749996],[-134.76850585937495,57.05419921874999],[-134.67685546875003,56.84228515625001],[-134.63408203124993,56.762109375000016],[-134.62070312500003,56.71831054687507],[-134.61054687500004,56.60341796875002],[-134.62431640625,56.57871093750001],[-134.651708984375,56.55605468750003],[-134.65708007812498,56.52324218749999],[-134.63168945312495,56.43564453124998],[-134.630029296875,56.30244140624999],[-134.65400390625,56.22749023437498],[-134.681884765625,56.21616210937499],[-134.75029296875,56.24077148437496],[-134.80644531250002,56.28125],[-134.847998046875,56.32348632812498],[-134.95014648437504,56.456835937499996],[-134.98056640624995,56.518945312500016],[-134.982421875,56.56362304687497],[-134.966650390625,56.59614257812501],[-134.93320312500003,56.61635742187501],[-134.87509765625,56.670458984374996],[-134.88344726562497,56.67905273437501],[-134.927587890625,56.66699218749999],[-135.01782226562503,56.660156250000036],[-135.09716796875,56.70283203124998],[-135.159033203125,56.72539062500002],[-135.14658203125003,56.80234375],[-135.16313476562496,56.824121093750016],[-135.28481445312502,56.80034179687501],[-135.33061523437502,56.821875],[-135.340625,56.85078125000003],[-135.33837890625003,56.893994140625],[-135.31513671875,56.93183593749998],[-135.19960937500002,57.027343750000014],[-135.2112304687499,57.044921875],[-135.26738281249996,57.04887695312502],[-135.34135742187502,57.08159179687501],[-135.37529296874993,57.18842773437497],[-135.4549316406251,57.24941406250003],[-135.50195312499997,57.243847656249955],[-135.608935546875,57.071435546875016],[-135.661865234375,57.03374023437501],[-135.8123046875,57.00952148437501],[-135.78164062499997,57.05751953125],[-135.76772460937497,57.100390625],[-135.82114257812498,57.23041992187499],[-135.82275390624997,57.28041992187501],[-135.78710937499994,57.31728515624998],[-135.680908203125,57.332568359375],[-135.62451171875003,57.35439453125004],[-135.58056640625003,57.389990234375],[-135.56962890624996,57.42470703125002],[-135.48730468749994,57.51650390624997],[-135.448681640625,57.534375],[-135.3462890625,57.533105468749994],[-135.1306640624999,57.431640625000014],[-135.06523437499996,57.416699218750004],[-134.969775390625,57.351416015625006]]],[[[-134.68027343749998,58.16166992187499],[-134.42612304687498,58.13881835937499],[-134.24008789062498,58.14399414062498],[-134.07016601562498,57.99453125],[-133.96552734374998,57.87377929687498],[-133.9041015625,57.78920898437501],[-133.86928710937497,57.70751953124999],[-133.82275390625,57.62866210937503],[-133.82690429687506,57.617578125000016],[-133.925,57.67080078125001],[-133.995556640625,57.77846679687501],[-134.03164062499997,57.82060546874999],[-134.067236328125,57.839599609375],[-134.10473632812497,57.87934570312499],[-134.1775390625,57.982177734374986],[-134.1802734375,58.01113281249996],[-134.21259765624998,58.037939453125006],[-134.24995117187498,58.04916992187499],[-134.292333984375,58.044726562500024],[-134.30688476562497,58.034375],[-134.30039062499998,57.963427734374974],[-134.26708984374997,57.884521484375036],[-134.08369140625,57.71225585937499],[-133.9611328125,57.61416015624998],[-133.93701171874997,57.58159179687499],[-133.920849609375,57.49199218750001],[-133.97373046875,57.4513671875],[-133.908837890625,57.36870117187504],[-133.9111328125,57.352539062499986],[-133.92529296875,57.336767578124984],[-134.10004882812498,57.30009765625],[-134.26015624999997,57.14677734375001],[-134.43530273437494,57.05698242187499],[-134.516015625,57.042578125],[-134.55478515625,57.05756835937504],[-134.59150390625004,57.09199218750001],[-134.6130859375,57.137939453125],[-134.61953125000002,57.19550781250001],[-134.57587890625,57.23173828124999],[-134.48920898437498,57.42016601562502],[-134.48676757812498,57.48203125],[-134.59482421875,57.56782226562498],[-134.65986328125004,57.638085937500016],[-134.69511718749996,57.73603515625001],[-134.7541015625,57.99501953124999],[-134.781494140625,58.07783203124998],[-134.82011718749996,58.146875],[-134.869970703125,58.202099609375026],[-134.90766601562495,58.26279296875],[-134.93310546874997,58.328955078125006],[-134.92348632812494,58.35463867187498],[-134.836962890625,58.32016601562501],[-134.73320312499996,58.225],[-134.68027343749998,58.16166992187499]]],[[[-135.73037109375,58.24423828125002],[-135.5875,58.146777343749974],[-135.586279296875,58.12441406250001],[-135.61538085937497,58.057470703125006],[-135.693115234375,58.038525390625],[-135.67114257812497,58.011914062500004],[-135.613232421875,57.99184570312503],[-135.572021484375,58.00854492187501],[-135.42119140624993,58.10239257812495],[-135.37470703125,58.12211914062504],[-135.34663085937504,58.124121093749984],[-135.16284179687497,58.09584960937495],[-135.00209960937497,58.05107421874999],[-134.95468749999998,58.01533203125],[-134.92797851562497,57.952783203125016],[-134.97065429687495,57.817236328125006],[-135.10258789062493,57.79365234374998],[-135.16474609374998,57.796093750000026],[-135.231201171875,57.81582031250004],[-135.33847656249998,57.768652343750034],[-135.24956054687496,57.73256835937501],[-134.978857421875,57.72436523437503],[-134.89663085937494,57.647998046875],[-134.873095703125,57.58920898437503],[-134.931494140625,57.481152343750026],[-135.08486328124994,57.51103515624996],[-135.22021484374997,57.57363281249999],[-135.49785156249996,57.662255859374994],[-135.56420898437497,57.66640624999998],[-135.60854492187502,57.65073242187501],[-135.62065429687493,57.59697265624996],[-135.61782226562497,57.48037109375001],[-135.69194335937496,57.419921874999964],[-135.91079101562494,57.446582031249974],[-135.9966796875,57.534863281250004],[-136.07661132812498,57.67456054687498],[-136.37822265624993,57.839990234375016],[-136.45991210937498,57.87309570312502],[-136.568603515625,57.97216796875002],[-136.52509765625,58.050585937499996],[-136.5123046875,58.095996093750024],[-136.45439453125,58.10800781249999],[-136.36953125,58.14306640625001],[-136.32197265625,58.21889648437501],[-136.245703125,58.157470703125014],[-136.14375,58.09848632812502],[-136.14233398437497,58.15390625],[-136.09438476562497,58.198144531250016],[-135.99438476562497,58.19653320312504],[-135.947412109375,58.20581054687502],[-135.88173828125,58.247167968750006],[-135.787060546875,58.26850585937502],[-135.73037109375,58.24423828125002]]],[[[-133.56611328125,56.33920898437499],[-133.37661132812497,56.31777343750001],[-133.20297851562498,56.31982421874998],[-133.14370117187505,56.27856445312502],[-133.10449218749997,56.23510742187501],[-133.08173828125,56.194189453125034],[-133.07543945312497,56.155859374999984],[-133.08012695312502,56.12871093750002],[-133.101220703125,56.09980468750001],[-133.09663085937498,56.0900390625],[-132.757568359375,55.995019531249994],[-132.597607421875,55.89501953124998],[-132.53378906250003,55.842480468750004],[-132.49697265625002,55.79809570312497],[-132.43017578125,55.68701171874997],[-132.28886718749996,55.558105468749986],[-132.21474609375002,55.51884765625002],[-132.17270507812498,55.48061523437499],[-132.19633789062496,55.479150390625016],[-132.2958984375,55.50747070312498],[-132.51127929687496,55.5939453125],[-132.52885742187496,55.59047851562502],[-132.54833984375,55.54370117187501],[-132.58173828124998,55.502636718750004],[-132.63129882812504,55.473193359374996],[-132.59160156250002,55.46435546875],[-132.41787109375,55.48291015625001],[-132.272021484375,55.398632812500026],[-132.215283203125,55.383544921875],[-132.16025390625,55.32299804687499],[-132.15839843749998,55.29980468750001],[-132.19042968749997,55.25498046875001],[-132.214892578125,55.23676757812501],[-132.206689453125,55.22441406250001],[-132.16596679687504,55.218017578125],[-132.00507812499995,55.230615234374966],[-131.976416015625,55.208593749999984],[-132.000390625,55.03383789062499],[-131.977587890625,54.96948242187499],[-131.97792968750002,54.94023437500002],[-131.99658203124994,54.90141601562498],[-131.99721679687497,54.86860351562499],[-131.98271484375002,54.834912109375],[-131.980859375,54.804833984374994],[-132.02167968749998,54.72631835937501],[-132.06474609375,54.71313476562501],[-132.13432617187496,54.71254882812499],[-132.18925781249993,54.73486328125],[-132.26630859374995,54.802343749999984],[-132.34130859375,54.90722656250002],[-132.37021484374998,54.922216796875006],[-132.46865234374997,54.93793945312499],[-132.48647460937497,54.950390625],[-132.54936523437502,54.95258789062499],[-132.59384765624995,54.99575195312499],[-132.58847656249992,55.05234375],[-132.62695312500003,55.11005859375003],[-132.62216796875,55.135937499999955],[-132.66533203125,55.14677734374999],[-132.70175781250003,55.13051757812501],[-132.682861328125,55.073925781250026],[-132.70415039062502,55.030078125],[-132.78232421874998,55.048486328124994],[-132.91259765624997,55.18847656250001],[-133.060595703125,55.30092773437502],[-133.11855468750002,55.327636718750014],[-133.10302734374997,55.360253906249994],[-133.03002929687497,55.37753906249998],[-132.97080078124998,55.376171875],[-132.95888671874994,55.39555664062499],[-133.08247070312504,55.5041015625],[-133.07841796875002,55.53491210937501],[-133.0333984375,55.58969726562498],[-133.0896484375,55.61259765625001],[-133.24375,55.59541015624998],[-133.29824218749997,55.60688476562497],[-133.34282226562502,55.650830078125004],[-133.36899414062495,55.68896484375],[-133.502734375,55.69589843749998],[-133.55327148437493,55.69116210937497],[-133.64047851562498,55.74877929687503],[-133.68017578125006,55.785156250000014],[-133.66440429687498,55.80380859375002],[-133.58408203125,55.83652343749999],[-133.53715820312505,55.831933593750016],[-133.44697265624998,55.797021484375016],[-133.41171874999998,55.79833984375002],[-133.32211914062503,55.84462890625],[-133.30849609374997,55.88647460937501],[-133.24150390625002,55.920800781250044],[-133.2521484375,55.957080078124974],[-133.28920898437494,56.01870117187501],[-133.37124023437497,56.03588867187501],[-133.5386230468749,55.999267578124936],[-133.68422851562497,55.94277343749997],[-133.742529296875,55.964843750000036],[-133.75517578125,55.99946289062501],[-133.59921875,56.093652343749994],[-133.53085937499998,56.14565429687496],[-133.54409179687494,56.176513671875014],[-133.59443359375004,56.21635742187502],[-133.5986328125,56.316259765624984],[-133.56611328125,56.33920898437499]]],[[[-133.989599609375,56.844970703124986],[-133.92480468749994,56.77568359375001],[-133.83085937499996,56.781298828125],[-133.778125,56.72890625],[-133.73837890624998,56.65043945312498],[-133.76728515625,56.60009765625002],[-133.80903320312504,56.611328125000014],[-133.85527343749993,56.58217773437498],[-133.88359375,56.48549804687504],[-133.87045898437495,56.388671874999986],[-133.88461914062495,56.29213867187501],[-133.938525390625,56.193652343750024],[-133.94970703125003,56.12773437500002],[-133.97080078124998,56.10791015624999],[-133.993994140625,56.101123046875],[-134.0240234375,56.11899414062497],[-134.06748046874995,56.13300781249999],[-134.122412109375,56.07739257812499],[-134.189599609375,56.076953125],[-134.24506835937504,56.203271484375],[-134.195458984375,56.41352539062499],[-134.084375,56.45634765624997],[-134.15048828124995,56.51347656250001],[-134.290234375,56.58002929687497],[-134.278369140625,56.61708984374997],[-134.38442382812497,56.72402343750003],[-134.390625,56.74946289062503],[-134.37368164062505,56.83867187499999],[-134.2744140625,56.918164062500004],[-134.14326171875004,56.93232421875001],[-134.05180664062493,56.89829101562497],[-134.00058593749998,56.86918945312501],[-133.989599609375,56.844970703124986]]],[[[-152.416943359375,58.36020507812501],[-152.38076171874994,58.35209960937502],[-152.343017578125,58.41162109375001],[-152.31625976562498,58.41347656250001],[-152.19794921875004,58.36308593750001],[-152.12524414062497,58.37426757812499],[-152.07851562499997,58.312353515625],[-152.03662109374997,58.306689453124996],[-151.99775390625,58.31420898437499],[-151.974365234375,58.30986328124999],[-151.98251953124995,58.24433593749999],[-152.06889648437493,58.17792968749998],[-152.10908203124995,58.161132812500014],[-152.16547851562504,58.17827148437503],[-152.1865234375,58.18466796875],[-152.22358398437498,58.21401367187497],[-152.25166015625,58.251123046875016],[-152.26835937500002,58.25170898437501],[-152.334375,58.208056640624996],[-152.33266601562494,58.186523437500014],[-152.305224609375,58.154052734375],[-152.30922851562494,58.13388671875],[-152.38115234374996,58.124267578125],[-152.451611328125,58.12924804687504],[-152.53764648437496,58.10097656249998],[-152.558203125,58.118603515625],[-152.57133789062493,58.168212890624986],[-152.59824218749992,58.16259765624998],[-152.63876953124998,58.101806640624986],[-152.68305664062498,58.06333007812502],[-152.76386718749995,58.031396484374966],[-152.78154296875,58.01591796874999],[-152.84072265624997,58.01381835937502],[-152.92841796874995,57.993701171874996],[-152.98256835937508,57.99707031250003],[-153.30546875,58.06308593750003],[-153.38134765625,58.08720703124998],[-153.11582031249998,58.238525390624986],[-152.97612304687502,58.29702148437498],[-152.89536132812498,58.29384765625],[-152.81455078124995,58.27563476562501],[-152.771875,58.278564453125],[-152.76870117187497,58.34560546875001],[-152.84394531249995,58.39560546874998],[-152.84111328124993,58.41640624999997],[-152.67465820312503,58.45058593750001],[-152.61230468749994,58.445703125],[-152.54355468749998,58.42817382812501],[-152.47846679687498,58.399707031249974],[-152.416943359375,58.36020507812501]]],[[[-167.96435546874997,53.34511718749999],[-168.27070312499998,53.23803710937502],[-168.3701171874999,53.159765625],[-168.44599609375004,53.08442382812501],[-168.505615234375,53.04316406249998],[-168.5490234375,53.036083984375],[-168.597412109375,53.01611328125],[-168.69853515625005,52.96342773437501],[-168.7410156249999,52.956884765624984],[-169.06591796875003,52.833935546875],[-169.088916015625,52.832031250000014],[-169.073095703125,52.864160156250016],[-168.97387695312497,52.90966796875001],[-168.90917968749997,52.951171875000014],[-168.836083984375,53.01972656249999],[-168.795849609375,53.044921875],[-168.7830078125,53.07934570312501],[-168.77778320312498,53.148779296874984],[-168.759619140625,53.17504882812496],[-168.68984375,53.227246093750004],[-168.63901367187492,53.25576171874999],[-168.57216796875,53.265625],[-168.43662109375,53.256884765624996],[-168.38041992187502,53.28344726562497],[-168.36298828124995,53.303564453124984],[-168.397265625,53.321923828125],[-168.40532226562496,53.353808593749974],[-168.39643554687504,53.40878906250002],[-168.35722656249996,53.457568359374996],[-168.28769531250003,53.50014648437503],[-168.19306640624995,53.533300781250006],[-168.07329101562493,53.556982421875006],[-167.98569335937503,53.558203125],[-167.828076171875,53.50795898437502],[-167.80468749999997,53.48496093749999],[-167.843115234375,53.43457031249998],[-167.86513671875002,53.387304687499984],[-167.96435546874997,53.34511718749999]]],[[[-166.61533203124998,53.90092773437498],[-166.57216796874997,53.853466796874976],[-166.49746093750002,53.883544921875],[-166.44277343750002,53.924804687500036],[-166.400048828125,53.978125],[-166.37231445312497,53.998974609374976],[-166.33564453124995,53.97089843749998],[-166.2308593749999,53.932617187499986],[-166.31899414062494,53.87377929687501],[-166.48876953125003,53.785498046875],[-166.54560546874995,53.72646484375001],[-166.54921875,53.70097656249999],[-166.384716796875,53.720507812499996],[-166.33876953125002,53.71767578125002],[-166.30947265624997,53.69750976562499],[-166.35454101562505,53.67353515625003],[-166.44418945312498,53.65180664062498],[-166.522021484375,53.609667968749996],[-166.7021972656249,53.53666992187498],[-166.77041015624997,53.47602539062502],[-166.85097656250005,53.452880859375014],[-166.96074218749996,53.44736328125],[-167.15366210937503,53.407861328125016],[-167.27080078124996,53.37060546875001],[-167.300439453125,53.350488281249994],[-167.33725585937506,53.34096679687501],[-167.38129882812495,53.34199218749999],[-167.42880859374998,53.32568359374999],[-167.47983398437498,53.29199218750001],[-167.52246093749994,53.27622070312499],[-167.5921874999999,53.272705078125],[-167.62861328124995,53.259423828125016],[-167.66943359374997,53.259960937500004],[-167.78085937499998,53.300244140625004],[-167.8087890625,53.32377929687498],[-167.71010742187497,53.370898437499996],[-167.638720703125,53.386572265624984],[-167.53017578125,53.393701171875],[-167.42353515625,53.43725585937501],[-167.20410156249994,53.494970703125],[-167.13608398437498,53.52646484374998],[-167.09233398437505,53.6359375],[-167.04243164062504,53.65458984375],[-167.01572265625006,53.69838867187501],[-166.89414062499998,53.697119140624984],[-166.838330078125,53.64804687500002],[-166.81875,53.64135742187501],[-166.808984375,53.646142578125],[-166.80366210937498,53.68540039062499],[-166.74125976562496,53.71293945312498],[-166.77724609375,53.73315429687499],[-166.88959960937507,53.75859374999997],[-166.97294921875002,53.77055664062499],[-167.02724609375,53.76914062499998],[-167.07148437499998,53.7833984375],[-167.10561523437494,53.81337890625],[-167.12114257812502,53.843115234374984],[-167.11816406250003,53.872607421875],[-167.09047851562505,53.905664062500016],[-167.0380859375,53.94218750000002],[-166.97807617187502,53.96293945312501],[-166.848681640625,53.977880859375006],[-166.734033203125,54.00219726562501],[-166.67329101562498,54.00595703125],[-166.62739257812504,53.995654296875],[-166.61533203124998,53.90092773437498]]],[[[-173.55332031249995,52.136279296875],[-173.35722656250002,52.09565429687499],[-173.11328125,52.10039062500001],[-173.02431640624997,52.09052734375],[-173.02290039062498,52.079150390625],[-173.17885742187502,52.0625],[-173.2322265625,52.067968749999984],[-173.36840820312497,52.04560546875001],[-173.46098632812496,52.041552734374996],[-173.67255859375004,52.062646484374994],[-173.83579101562503,52.04819335937497],[-173.878955078125,52.05366210937498],[-173.930224609375,52.072167968750016],[-173.98959960937498,52.10361328125001],[-173.99248046874996,52.123339843749996],[-173.93891601562504,52.131298828124976],[-173.79409179687497,52.10429687499998],[-173.77900390625,52.118359375],[-173.6568359375,52.14375],[-173.55332031249995,52.136279296875]]],[[[-174.67739257812497,52.03500976562497],[-175.2138671875,51.993896484375],[-175.29555664062505,52.02216796875],[-175.21416015624996,52.038232421874994],[-175.11767578124994,52.04711914062501],[-174.91591796875,52.09418945312501],[-174.66777343749996,52.13496093749998],[-174.47426757812497,52.18403320312496],[-174.30615234374994,52.216162109374984],[-174.258837890625,52.26904296875001],[-174.40649414062497,52.295996093749984],[-174.43554687499994,52.317236328125],[-174.36542968750007,52.341943359374994],[-174.30688476562497,52.3779296875],[-174.168896484375,52.42016601562501],[-174.04560546875004,52.367236328124996],[-174.01835937499996,52.331787109375],[-174.03007812499993,52.289794921875],[-174.0548828125,52.245996093749994],[-174.16323242187497,52.22338867187501],[-174.17939453125,52.200341796875],[-174.120654296875,52.135205078125],[-174.34355468749993,52.077783203124994],[-174.67739257812497,52.03500976562497]]],[[[-176.59331054687502,51.866699218750036],[-176.587939453125,51.833203124999976],[-176.47338867187497,51.83740234375001],[-176.43745117187495,51.820117187500024],[-176.437353515625,51.75429687499999],[-176.45234374999998,51.735693359375006],[-176.46977539062493,51.73115234374999],[-176.51098632812497,51.745605468750014],[-176.55751953125002,51.71206054687501],[-176.77094726562498,51.62993164062498],[-176.83710937499998,51.67587890625],[-176.96162109374998,51.603662109375016],[-176.87441406250002,51.79047851562498],[-176.77363281250004,51.81875],[-176.73642578125006,51.839941406249984],[-176.7451171875,51.894677734375],[-176.69833984375,51.98603515625],[-176.59682617187494,51.98178710937501],[-176.5499023437499,51.94404296874998],[-176.55161132812495,51.91958007812499],[-176.59331054687502,51.866699218750036]]],[[[-177.87905273437502,51.64970703124998],[-177.90126953125005,51.61640625],[-177.925341796875,51.617382812500004],[-178.05888671875,51.67260742187501],[-178.07846679687498,51.691259765625006],[-178.00004882812502,51.717480468750004],[-177.97724609374998,51.737792968749986],[-177.986376953125,51.7642578125],[-178.0451171875,51.801074218749974],[-178.15346679687497,51.84824218749999],[-178.19453124999998,51.88222656249999],[-178.16826171874993,51.903027343750004],[-178.11660156249997,51.91586914062498],[-177.95380859374998,51.918457031250014],[-177.865869140625,51.860400390625],[-177.799609375,51.84003906249998],[-177.64448242187493,51.82626953124999],[-177.72495117187498,51.801660156249994],[-177.77065429687497,51.777880859374974],[-177.8269531249999,51.685888671874984],[-177.87905273437502,51.64970703124998]]],[[[179.72773437499993,51.905419921874994],[179.64521484374998,51.880224609375006],[179.54960937500005,51.89404296874999],[179.49765625,51.9328125],[179.50390624999991,51.979589843750006],[179.6271484375,52.03041992187502],[179.77998046875,51.96684570312501],[179.72773437499993,51.905419921874994]]],[[[177.41542968749997,51.882812499999986],[177.32851562500002,51.84106445312501],[177.26064453125005,51.88369140625001],[177.25029296875005,51.902929687499984],[177.38066406250002,51.97578125],[177.47841796875,51.99160156249998],[177.52050781249997,52.018212890625],[177.56376953125,52.110498046875016],[177.63652343750007,52.113818359375],[177.66962890624998,52.10302734374996],[177.65302734374993,52.059765625],[177.5959960937501,51.99384765625],[177.59414062499994,51.947558593749996],[177.41542968749997,51.882812499999986]]],[[[172.81181640625005,53.01298828124997],[172.98398437500003,52.98027343749999],[173.1021484375,52.99560546875],[173.25166015625004,52.94267578124998],[173.43603515625006,52.85205078124999],[173.39472656249993,52.83476562499999],[173.34824218749998,52.824853515625],[173.30253906250002,52.82592773437499],[173.15869140624997,52.81079101562499],[173.0802734375,52.814453125],[172.9351562500001,52.75209960937499],[172.77558593749995,52.79692382812497],[172.72177734375003,52.88554687499998],[172.59511718750002,52.907421875],[172.49482421874998,52.93789062499999],[172.6779296875,53.00756835937499],[172.81181640625005,53.01298828124997]]],[[[-155.58134765625002,19.012011718750003],[-155.625634765625,18.963916015625003],[-155.68076171875003,18.96767578124999],[-155.88129882812504,19.0705078125],[-155.90561523437503,19.125830078124995],[-155.89072265624998,19.382519531249997],[-155.9658203125,19.590820312500004],[-156.04868164062498,19.749951171875],[-155.98842773437494,19.831591796874992],[-155.90888671875,19.894726562499994],[-155.8203125,20.014160156250004],[-155.8927734375,20.167382812499998],[-155.87426757812497,20.259814453125006],[-155.831640625,20.275830078124997],[-155.62207031250003,20.16342773437499],[-155.19877929687496,19.994384765625004],[-155.0860839843749,19.875634765624987],[-155.06591796875,19.748193359374998],[-154.98901367187494,19.731982421875],[-154.952587890625,19.64462890624998],[-154.841357421875,19.568164062500003],[-154.80419921874997,19.524462890625],[-154.85029296875,19.454101562499993],[-155.05346679687503,19.319189453124988],[-155.30961914062496,19.26015625],[-155.53525390625,19.10908203124999],[-155.58134765625002,19.012011718750003]]],[[[-157.21362304687497,21.215380859375003],[-157.002294921875,21.187939453125],[-156.95234375,21.199707031249993],[-156.9171875,21.177294921875003],[-156.74218749999997,21.163525390624994],[-156.712158203125,21.155078125],[-156.74790039062503,21.103564453125006],[-156.85986328124997,21.05634765625],[-157.02089843749997,21.097802734374998],[-157.29033203124996,21.112597656250003],[-157.2794921875,21.15234375],[-157.25380859374997,21.180566406249994],[-157.249951171875,21.229785156250006],[-157.21362304687497,21.215380859375003]]],[[[-156.48681640624997,20.932568359374997],[-156.46083984375,20.914746093750004],[-156.35439453124997,20.941455078125003],[-156.27753906250004,20.951269531249988],[-156.14833984375,20.885498046875004],[-156.10351562500003,20.840332031249996],[-156.01865234375,20.79208984374999],[-155.98984374999998,20.757128906250006],[-156.01357421874997,20.714794921874997],[-156.10712890625004,20.644775390625],[-156.23476562500002,20.628613281249994],[-156.3099609375,20.598779296874998],[-156.4087890625,20.60517578125],[-156.438232421875,20.617871093750004],[-156.44887695312502,20.70625],[-156.48007812500003,20.801220703124997],[-156.54384765625,20.789990234374997],[-156.61542968750004,20.821826171875],[-156.689697265625,20.901416015625006],[-156.69775390624997,20.94907226562499],[-156.65688476562502,21.02451171875],[-156.585400390625,21.03432617187499],[-156.53232421875,20.99267578125],[-156.48681640624997,20.932568359374997]]],[[[-157.799365234375,21.456640624999988],[-157.764990234375,21.450927734374993],[-157.72089843750004,21.457714843749997],[-157.705517578125,21.378076171874998],[-157.654150390625,21.333935546875],[-157.63540039062502,21.307617187500007],[-157.690869140625,21.279736328124997],[-157.798779296875,21.268603515625006],[-157.84931640625,21.290820312500003],[-157.9017578125,21.340576171875004],[-157.95844726562498,21.32690429687501],[-157.968310546875,21.366894531250008],[-157.97841796875,21.378515624999988],[-158.01728515625004,21.367724609375003],[-157.98095703125,21.316113281249994],[-158.07915039062493,21.31225585937499],[-158.11035156250003,21.318603515625007],[-158.13784179687494,21.377148437500004],[-158.239111328125,21.48935546874999],[-158.23867187499997,21.53305664062499],[-158.27314453124998,21.585253906250003],[-158.12309570312496,21.600244140624998],[-158.02036132812503,21.691796875],[-157.9625,21.701367187499997],[-157.851513671875,21.553369140624987],[-157.854345703125,21.5119140625],[-157.82958984375,21.471435546874996],[-157.799365234375,21.456640624999988]]],[[[-159.37275390625,21.932373046874993],[-159.460693359375,21.87612304687499],[-159.511865234375,21.900390625],[-159.60883789062493,21.909521484374988],[-159.64638671875,21.95175781249999],[-159.747998046875,21.98984375],[-159.78916015624998,22.041796875],[-159.726611328125,22.140185546875014],[-159.57919921874995,22.223144531249996],[-159.35205078125,22.21958007812499],[-159.30478515625,22.154052734375004],[-159.30068359374997,22.105273437499996],[-159.33017578125003,22.050683593749994],[-159.34375,21.9736328125],[-159.37275390625,21.932373046874993]]],[[[-160.180029296875,21.841064453125],[-160.200244140625,21.796875],[-160.234716796875,21.803662109374994],[-160.24345703125,21.843066406250003],[-160.2208984375,21.897265625],[-160.16386718749996,21.94404296875],[-160.10063476562502,22.015234375],[-160.04873046875002,22.004638671875],[-160.076708984375,21.958105468749984],[-160.080029296875,21.907421875],[-160.15341796875,21.87875976562499],[-160.180029296875,21.841064453125]]],[[[-156.849609375,20.77265625],[-156.90888671875,20.744482421874984],[-156.97338867187497,20.757519531249997],[-156.98842773437497,20.825683593750004],[-157.05058593749993,20.912451171874988],[-156.941796875,20.930029296874995],[-156.88056640625,20.904833984375006],[-156.84829101562502,20.877783203124995],[-156.809375,20.83115234374999],[-156.849609375,20.77265625]]],[[[-74.70888671875002,45.003857421875125],[-74.663232421875,45.003906249999986],[-74.43037109375001,45.004199218749996],[-74.01425781249998,45.0046875],[-73.59814453125,45.00517578125],[-73.18203125,45.005615234375],[-72.76591796874997,45.00610351562501],[-72.34975585937498,45.006591796875],[-71.93364257812495,45.007080078124986],[-71.517529296875,45.00756835937501],[-71.41904296874998,45.200341796874994],[-71.32729492187498,45.290087890624974],[-71.20161132812498,45.26035156249999],[-71.13466796874998,45.262841796875],[-71.06025390624998,45.30913085937498],[-70.99990234375001,45.337255859374984],[-70.96015625,45.33310546874999],[-70.926220703125,45.29072265625],[-70.89799804687499,45.26245117187499],[-70.86503906250002,45.27070312500001],[-70.83681640625001,45.31069335937498],[-70.83779296874997,45.36616210937499],[-70.79916992187499,45.40478515625002],[-70.75332031249998,45.410693359374996],[-70.71093749999999,45.40947265624998],[-70.68979492187496,45.428320312499984],[-70.692138671875,45.45537109375],[-70.707421875,45.498925781249994],[-70.70224609374998,45.551367187499984],[-70.59638671875,45.64399414062498],[-70.46660156249999,45.706835937499996],[-70.42109375000001,45.738232421875026],[-70.40786132812498,45.80190429687499],[-70.333447265625,45.86806640625],[-70.29624023437498,45.90610351562499],[-70.28715820312497,45.939160156250026],[-70.30644531249999,45.979833984375],[-70.30449218749997,46.05737304687501],[-70.27890625,46.15],[-70.24829101562499,46.250878906249994],[-70.1796875,46.34184570312502],[-70.06718749999999,46.44106445312501],[-70.03823242187501,46.571435546874994],[-70.00771484374998,46.708935546875],[-69.87172851562501,46.842919921874994],[-69.717529296875,46.994873046874986],[-69.62978515624998,47.08134765624999],[-69.47148437499997,47.23867187499997],[-69.35888671875001,47.35063476562501],[-69.30214843750001,47.402001953125],[-69.24287109375001,47.462988281250006],[-69.14628906249999,47.44477539062502],[-69.0501953125,47.42661132812497],[-69.06425781249999,47.338134765625],[-69.048583984375,47.27363281249998],[-69.003125,47.23642578125],[-68.93720703124998,47.211230468749996],[-68.88740234374998,47.20283203125],[-68.82871093749999,47.203320312500004],[-68.66855468749998,47.25346679687502],[-68.48037109375,47.285791015625],[-68.376904296875,47.31616210937499],[-68.35800781249998,47.34453125],[-68.31088867187499,47.354492187500014],[-68.23549804687497,47.345947265625],[-68.09677734374998,47.274853515625004],[-67.93486328124996,47.16762695312498],[-67.806787109375,47.0828125],[-67.80283203124998,46.93574218749999],[-67.80034179687497,46.779882812500006],[-67.79770507812499,46.615625],[-67.79580078125,46.498388671875006],[-67.79252929687497,46.33740234375],[-67.78994140625,46.20932617187502],[-67.786474609375,46.042138671875016],[-67.78466796874999,45.952783203124994],[-67.767041015625,45.927001953125],[-67.77763671874999,45.891796875],[-67.78227539062499,45.874169921874994],[-67.78115234374998,45.86015625],[-67.77412109375,45.842529296875014],[-67.77529296874997,45.81787109375],[-67.79169921875,45.795556640625],[-67.79990234374999,45.769775390625],[-67.80224609374999,45.72753906249999],[-67.78466796874999,45.701708984375],[-67.75532226562498,45.686474609375],[-67.73066406249998,45.686474609375],[-67.698974609375,45.671191406249996],[-67.65791015624998,45.644189453125],[-67.59575195312499,45.620751953125],[-67.53120117187501,45.61254882812499],[-67.48662109374997,45.618408203125],[-67.43266601562499,45.603125],[-67.41386718749997,45.56557617187498],[-67.42441406249999,45.530419921875],[-67.45493164062496,45.51396484374999],[-67.48779296874999,45.50102539062499],[-67.49365234375,45.474072265625],[-67.47724609374998,45.44589843750001],[-67.453759765625,45.421240234375006],[-67.4279296875,45.37792968750001],[-67.43852539062497,45.340380859375],[-67.46196289062496,45.30869140624998],[-67.47255859375,45.27587890624999],[-67.45258789062498,45.24765625],[-67.3998046875,45.21015625],[-67.366943359375,45.17377929687499],[-67.31528320312499,45.15380859375001],[-67.29067382812498,45.16791992187502],[-67.270703125,45.18671875],[-67.24960937499998,45.20078125],[-67.213232421875,45.192529296875],[-67.17099609374998,45.181982421875006],[-67.124853515625,45.169433593750014],[-67.13037109374999,45.139013671875],[-67.10224609375,45.087744140625],[-67.08046874999998,44.98916015624999],[-67.11391601562498,44.94438476562498],[-67.10673828124999,44.885058593749996],[-67.01401367187498,44.86777343749999],[-66.991455078125,44.849609375],[-66.98701171875,44.82768554687501],[-67.19125976562499,44.675585937499996],[-67.36406249999999,44.696875],[-67.45781249999999,44.65654296874999],[-67.55600585937499,44.644775390625],[-67.59907226562498,44.576806640624994],[-67.652978515625,44.56240234375001],[-67.72680664062499,44.56650390625],[-67.790478515625,44.585693359375],[-67.83906249999998,44.57626953125],[-67.90703124999999,44.45361328124999],[-67.96269531249996,44.464306640625004],[-67.98486328125,44.420166015624986],[-68.01396484374999,44.40087890625],[-68.056640625,44.384326171874996],[-68.093701171875,44.438818359375006],[-68.11728515624999,44.490625],[-68.15205078125,44.502001953124996],[-68.1982421875,44.515234375],[-68.245751953125,44.51479492187502],[-68.27744140624998,44.50737304687497],[-68.31674804687496,44.473876953125],[-68.37373046875,44.44511718749999],[-68.41684570312498,44.46909179687499],[-68.45058593749998,44.5076171875],[-68.47944335937498,44.44565429687502],[-68.52143554687498,44.380224609375],[-68.51445312499999,44.30390625000002],[-68.53251953124999,44.25864257812499],[-68.57236328124999,44.270849609375],[-68.61201171875,44.310546875000014],[-68.72329101562498,44.34228515625],[-68.81191406249998,44.33935546875],[-68.79389648437498,44.381738281249994],[-68.71010742187498,44.44257812499998],[-68.73588867187499,44.45449218749998],[-68.77700195312498,44.44604492187499],[-68.794921875,44.45449218749998],[-68.76552734375,44.509765625000014],[-68.7626953125,44.57075195312501],[-68.8001953125,44.5494140625],[-68.84736328124998,44.48505859374999],[-68.96147460937497,44.43383789062499],[-68.95615234374999,44.34809570312501],[-69.06357421874998,44.17236328124999],[-69.06835937500001,44.09755859374999],[-69.13725585937499,44.037841796875],[-69.22607421875,43.986474609375],[-69.34453124999997,44.00092773437499],[-69.43496093749997,43.956298828124986],[-69.48085937499998,43.905078125],[-69.52075195312499,43.89736328125],[-69.54155273437499,43.96259765624999],[-69.55668945312497,43.98276367187499],[-69.589990234375,43.88657226562501],[-69.62392578124998,43.88061523437497],[-69.63676757812497,43.948828125],[-69.652880859375,43.99389648437501],[-69.69912109374998,43.955029296875004],[-69.72983398437498,43.85200195312501],[-69.76201171874997,43.860693359375],[-69.772265625,43.899023437500006],[-69.7953125,43.91064453125001],[-69.80322265625,43.86684570312498],[-69.79160156249999,43.805224609375],[-69.808349609375,43.77231445312499],[-69.84033203124999,43.789892578125],[-69.87250976562498,43.819531249999976],[-69.92558593749997,43.79702148437501],[-69.97431640625,43.78789062499996],[-69.97451171874998,43.81806640625002],[-69.965234375,43.855078125],[-70.06235351562499,43.834619140624994],[-70.17880859374999,43.76635742187499],[-70.26923828124998,43.671923828125],[-70.237890625,43.65620117187499],[-70.202587890625,43.62612304687499],[-70.35966796874997,43.480224609375],[-70.52070312499998,43.348828124999976],[-70.64233398437499,43.134423828125],[-70.691162109375,43.109326171875],[-70.73310546874997,43.070019531249976],[-70.77763671875,42.940576171874994],[-70.829052734375,42.825341796875016],[-70.80029296875,42.774023437500006],[-70.78134765624996,42.72124023437499],[-70.73569335937499,42.669287109374984],[-70.696875,42.664599609374974],[-70.65483398437497,42.673974609374994],[-70.62397460937498,42.671777343749994],[-70.60415039062497,42.64970703124998],[-70.61293945312498,42.62324218749998],[-70.66142578124999,42.61665039062499],[-70.75185546875,42.570361328124974],[-70.83115234374996,42.552587890624984],[-70.87089843749997,42.496630859374996],[-70.93046874999999,42.43198242187501],[-71.04619140624997,42.331103515624996],[-70.99672851562498,42.3],[-70.81796875,42.264941406249996],[-70.73828125,42.228857421875],[-70.61767578125,42.040429687499994],[-70.64521484375001,42.021582031250006],[-70.65615234374998,41.98706054687501],[-70.54892578124999,41.93862304687499],[-70.51469726562496,41.80332031249999],[-70.42666015624997,41.75727539062502],[-70.29545898437497,41.72895507812498],[-70.13500976562499,41.769873046875006],[-70.00141601562498,41.826171875],[-70.00610351562499,41.872314453124964],[-70.0900390625,41.9796875],[-70.11025390625001,42.030126953125006],[-70.17255859374998,42.06279296875],[-70.19624023437498,42.03510742187498],[-70.23652343749998,42.071044921875],[-70.241064453125,42.09121093749999],[-70.20351562499998,42.10102539062499],[-70.15986328125,42.097119140625],[-70.10893554687499,42.07832031249998],[-69.97788085937498,41.96127929687499],[-69.94160156249998,41.80786132812502],[-69.933837890625,41.71044921875],[-69.94863281249998,41.6771484375],[-69.98676757812498,41.683984375],[-70.05952148437501,41.67734375],[-70.40468749999998,41.62690429687499],[-70.48134765624998,41.582470703125],[-70.65712890625001,41.534228515624996],[-70.66806640624998,41.558300781250004],[-70.65537109375,41.60810546875],[-70.66645507812498,41.710107421875],[-70.701123046875,41.714843749999986],[-70.97421874999998,41.548535156250004],[-71.07978515625,41.53808593749999],[-71.16855468749999,41.489404296875],[-71.18842773437498,41.51640625],[-71.20429687499997,41.64111328125],[-71.14873046874997,41.745703125],[-71.17832031249996,41.744042968749994],[-71.27109375,41.68125],[-71.31074218749998,41.71987304687499],[-71.330615234375,41.762255859375],[-71.3591796875,41.78623046875001],[-71.39013671875,41.79531249999998],[-71.363671875,41.702734374999984],[-71.42656249999999,41.63330078125001],[-71.44379882812501,41.453710937500006],[-71.52285156249998,41.378955078124996],[-71.76928710937499,41.330908203125],[-71.929931640625,41.341064453124986],[-72.073876953125,41.326123046875004],[-72.26528320312501,41.29165039062501],[-72.371044921875,41.312158203125],[-72.47939453125002,41.27578125],[-72.84716796875,41.26586914062499],[-72.92470703125,41.285156250000014],[-73.02373046874999,41.21645507812501],[-73.18227539062497,41.175830078124996],[-73.5830078125,41.021875],[-73.67138671874999,40.96586914062498],[-73.77900390625,40.87841796875001],[-73.85126953125,40.83139648437499],[-73.91069335937499,40.81611328124999],[-73.94721679687501,40.776953124999984],[-73.98710937499999,40.75136718749998],[-73.94858398437498,40.83876953125001],[-73.90673828124999,40.91245117187499],[-73.87197265625001,41.05517578125],[-73.88222656249998,41.17060546874999],[-73.92534179687497,41.21806640625001],[-73.969921875,41.24970703125001],[-73.91767578124998,41.135791015624996],[-73.90922851562499,40.996093750000014],[-73.927197265625,40.91425781250001],[-74.02548828124999,40.756396484374996],[-74.06733398437498,40.71962890624999],[-74.11625976562499,40.687304687499996],[-74.153125,40.673242187499994],[-74.18715820312501,40.647998046874974],[-74.22670898437497,40.6080078125],[-74.264208984375,40.52861328125002],[-74.24150390624999,40.45625],[-74.04985351562499,40.42983398437499],[-73.99843749999995,40.45214843749998],[-73.972265625,40.40034179687499],[-73.95761718749999,40.328369140625],[-73.97197265624999,40.25053710937499],[-74.00400390624996,40.171337890625],[-74.02832031250001,40.072998046875],[-74.04892578124998,39.923046875],[-74.07993164062499,39.78813476562499],[-74.08398437499999,39.82910156250001],[-74.064599609375,39.99311523437501],[-74.09599609374999,39.97597656249997],[-74.117626953125,39.93813476562498],[-74.17612304687499,39.726611328125],[-74.25654296875,39.613867187499984],[-74.33061523437499,39.53588867187499],[-74.40703124999997,39.548779296875],[-74.38984374999998,39.48681640625001],[-74.41083984374997,39.454541015625],[-74.42880859374999,39.38720703124998],[-74.47436523437499,39.342578125],[-74.51718749999996,39.346875],[-74.57871093749998,39.31611328125],[-74.602978515625,39.292578125],[-74.60478515624999,39.247509765624976],[-74.64594726562495,39.20786132812499],[-74.794482421875,39.00190429687501],[-74.9234375,38.94111328124996],[-74.954296875,38.949951171875014],[-74.9203125,39.04716796874999],[-74.89702148437496,39.145458984375],[-74.97529296875001,39.18823242187502],[-75.05019531249998,39.210839843749994],[-75.13613281249998,39.20786132812499],[-75.23105468749999,39.28427734375],[-75.35341796875,39.33984375],[-75.52421874999999,39.490185546875004],[-75.51923828125,39.531884765624994],[-75.52353515625,39.60185546875001],[-75.471630859375,39.71240234375001],[-75.421875,39.78969726562499],[-75.353173828125,39.82973632812499],[-75.15380859375001,39.870507812499994],[-75.10380859374997,39.931835937499976],[-75.07416992187497,39.983496093749984],[-75.17294921874998,39.89477539062498],[-75.32089843749998,39.864697265624976],[-75.40063476562501,39.83159179687499],[-75.46440429687499,39.78095703124998],[-75.50214843749997,39.71738281249999],[-75.58759765624998,39.640771484375],[-75.581591796875,39.58945312500003],[-75.56728515625,39.552978515624986],[-75.573876953125,39.47695312499999],[-75.51982421874997,39.40283203124999],[-75.412646484375,39.281396484374994],[-75.39218749999995,39.092773437500014],[-75.31040039062498,38.966552734374986],[-75.18505859375,38.819384765624996],[-75.08867187499999,38.777539062500004],[-75.083984375,38.722802734375],[-75.12846679687499,38.632421875],[-75.187109375,38.59111328124998],[-75.11083984375,38.599365234375],[-75.07285156249996,38.57871093749998],[-75.035888671875,38.50332031249999],[-75.03876953125,38.42636718750001],[-75.05126953125,38.38300781250001],[-75.07436523437501,38.36572265624999],[-75.073388671875,38.410009765625006],[-75.08974609374998,38.425390624999984],[-75.11674804687499,38.406201171875],[-75.13422851562497,38.384326171875],[-75.14150390625002,38.298144531249996],[-75.16000976562499,38.255078125],[-75.22543945312499,38.24228515625],[-75.29179687499999,38.12919921874998],[-75.35351562500001,38.065039062500006],[-75.59638671874998,37.63120117187499],[-75.587109375,37.558691406249984],[-75.63154296874998,37.53535156249999],[-75.69882812499998,37.51635742187498],[-75.76689453124997,37.47299804687501],[-75.81206054687499,37.42519531249997],[-75.85400390625,37.296630859374986],[-75.934375,37.15190429687499],[-75.984521484375,37.212207031249996],[-75.99736328124999,37.263818359374994],[-75.97504882812501,37.3984375],[-75.88813476562497,37.619140625],[-75.79238281249997,37.75634765625001],[-75.71933593749999,37.82138671875],[-75.65927734374999,37.95395507812499],[-75.73515625,37.97373046875001],[-75.85083007812499,37.97158203124999],[-75.82905273437498,38.03276367187499],[-75.7953125,38.08666992187499],[-75.85561523437498,38.14038085937499],[-75.89130859375,38.14721679687499],[-75.928076171875,38.16923828124999],[-75.8849609375,38.21396484374999],[-75.86391601562498,38.261230468750014],[-75.87675781249999,38.31875],[-75.85869140624999,38.36206054687502],[-75.888818359375,38.35551757812498],[-75.937255859375,38.309667968749984],[-75.96738281249998,38.291357421874984],[-75.9857421875,38.33193359374999],[-76.00668945312498,38.32275390624998],[-76.02031249999999,38.29487304687499],[-76.05122070312498,38.279541015624986],[-76.11650390624997,38.31767578124998],[-76.211669921875,38.361328125],[-76.26464843749997,38.43642578124999],[-76.29487304687498,38.49462890625],[-76.26416015625,38.599951171874984],[-76.19838867187498,38.61865234375],[-76.112939453125,38.6015625],[-76.000927734375,38.601708984375],[-76.01694335937502,38.62509765625001],[-76.05693359375,38.62124023437499],[-76.175,38.70668945312499],[-76.21298828124999,38.75830078125],[-76.27832031249999,38.7724609375],[-76.30810546875,38.72285156250002],[-76.34116210937499,38.70966796874999],[-76.30034179687499,38.81821289062499],[-76.24697265624998,38.82265624999999],[-76.1681640625,38.85273437499997],[-76.19106445312501,38.915576171874996],[-76.24082031249998,38.94306640624999],[-76.33066406249998,38.90859375],[-76.32958984375,38.952783203124994],[-76.31274414062499,39.009375],[-76.24501953124998,39.00917968749999],[-76.18569335937502,38.99072265625],[-76.13520507812498,39.08212890625001],[-76.13295898437498,39.12294921874999],[-76.21684570312499,39.06362304687499],[-76.23569335937499,39.191601562500004],[-76.153125,39.3150390625],[-76.074365234375,39.36884765625],[-75.9759765625,39.367285156249984],[-75.8759765625,39.3759765625],[-75.93872070312499,39.39858398437499],[-76.003125,39.41083984374998],[-75.95473632812498,39.45961914062499],[-75.91347656250002,39.468359374999984],[-75.87294921874998,39.510888671874994],[-75.97041015625,39.50458984375001],[-75.958935546875,39.585058593749984],[-76.00629882812501,39.56870117187499],[-76.06298828124999,39.5611328125],[-76.08505859374998,39.527001953124994],[-76.080712890625,39.4703125],[-76.097265625,39.43310546875001],[-76.14135742187497,39.40322265625],[-76.21582031249999,39.37993164062499],[-76.22304687499998,39.42031249999999],[-76.24765625,39.438623046874994],[-76.25683593750001,39.35214843750002],[-76.27636718749999,39.32275390625001],[-76.330810546875,39.40390625],[-76.34716796875001,39.387548828125],[-76.34506835937498,39.36450195312499],[-76.358984375,39.324658203125],[-76.4056640625,39.30390625],[-76.40278320312497,39.252832031249994],[-76.4208984375,39.225],[-76.57041015625,39.26933593749998],[-76.57392578125001,39.254296875],[-76.48935546874999,39.158691406250014],[-76.427587890625,39.126025390625],[-76.42006835937497,39.07387695312499],[-76.473095703125,39.030615234375],[-76.54624023437499,39.067968749999984],[-76.55854492187498,39.065234375],[-76.518798828125,39.001171875],[-76.49375,38.94521484374998],[-76.51953125,38.89833984374999],[-76.51552734374997,38.840625],[-76.52109375,38.788281249999976],[-76.53686523437501,38.74262695312498],[-76.50131835937498,38.532177734375],[-76.45849609375,38.474951171875],[-76.41640624999998,38.42021484375001],[-76.39409179687499,38.36899414062499],[-76.43876953124999,38.36152343750001],[-76.50991210937498,38.403662109375],[-76.572412109375,38.435791015625],[-76.646875,38.53852539062499],[-76.65917968750001,38.579541015625],[-76.67734375,38.611962890625],[-76.66855468749996,38.5375],[-76.6419921875,38.45434570312499],[-76.40878906249999,38.268261718750004],[-76.36572265624999,38.196875],[-76.33291015625,38.14077148437498],[-76.34116210937496,38.08701171875],[-76.40195312499996,38.125048828124974],[-76.45439453124999,38.17353515625],[-76.59360351562498,38.228320312499996],[-76.769140625,38.26293945312501],[-76.86811523437498,38.39028320312498],[-76.86777343749998,38.33715820312499],[-76.88974609374998,38.292089843750006],[-76.95024414062497,38.347021484375],[-76.98837890624996,38.39389648437499],[-77.00117187499998,38.445263671875],[-77.07670898437497,38.441748046874984],[-77.15590820312501,38.39711914062499],[-77.23251953125,38.40771484375],[-77.24160156249998,38.494824218750004],[-77.2208984375,38.54096679687498],[-77.13491210937498,38.650097656250004],[-77.05390625,38.70581054687501],[-77.01816406249998,38.777734374999966],[-77.03037109374999,38.88925781249999],[-77.04560546874997,38.77578124999999],[-77.09189453124996,38.71953124999998],[-77.16464843749999,38.67656249999997],[-77.26040039062498,38.6],[-77.28378906249998,38.52919921874998],[-77.31367187499998,38.39663085937497],[-77.27324218749997,38.351757812499976],[-77.23193359374997,38.340039062500004],[-77.10991210937499,38.3701171875],[-77.04677734375,38.356689453125],[-76.90634765624998,38.197070312499996],[-76.64487304687495,38.13393554687499],[-76.54951171874998,38.094482421875014],[-76.47177734374999,38.011181640625],[-76.354931640625,37.96323242187499],[-76.26425781250002,37.89355468749999],[-76.26181640624998,37.84809570312498],[-76.29321289062501,37.79433593750001],[-76.30561523437498,37.721582031249994],[-76.344140625,37.675683593749994],[-76.43662109374999,37.67041015625],[-76.49248046874997,37.6822265625],[-76.79277343749999,37.93798828125001],[-76.82861328124999,37.9615234375],[-76.93999023437499,38.095458984374986],[-77.07065429687499,38.1671875],[-77.111083984375,38.16567382812499],[-76.92509765624999,38.03300781249998],[-76.849169921875,37.94023437499997],[-76.71542968749999,37.81015625],[-76.61982421875,37.755078125],[-76.549462890625,37.669140625],[-76.48408203125,37.628857421875],[-76.30556640625,37.571484374999976],[-76.36762695312497,37.530273437500014],[-76.26855468750001,37.49516601562498],[-76.25439453124999,37.430615234375],[-76.26347656249997,37.35703125],[-76.40097656249999,37.386132812499994],[-76.40546875000003,37.331933593750016],[-76.39316406249998,37.29995117187498],[-76.45390624999997,37.273535156250006],[-76.53837890624999,37.309375],[-76.75771484375,37.505419921875],[-76.75585937500001,37.47919921874999],[-76.73808593749997,37.44877929687501],[-76.61088867187497,37.32255859374999],[-76.49736328124997,37.246875],[-76.401123046875,37.212695312499996],[-76.32695312499999,37.149267578124984],[-76.30078125,37.110888671874974],[-76.28330078124999,37.052685546875],[-76.33828125,37.013134765625],[-76.40087890625,36.991308593750006],[-76.46201171874998,37.03076171875],[-76.50683593749997,37.072314453125],[-76.60229492187497,37.14287109374997],[-76.63090820312499,37.221728515625],[-76.70351562499998,37.21767578125001],[-77.006982421875,37.317675781249974],[-77.25087890625,37.32919921875],[-77.22705078125,37.30908203125001],[-77.19619140625,37.295703125],[-77.00195312499997,37.271044921875],[-76.92519531249998,37.225],[-76.76542968749997,37.184130859374974],[-76.671875,37.17294921875001],[-76.63393554687498,37.04741210937501],[-76.504638671875,36.961035156249984],[-76.48784179687497,36.89702148437498],[-76.399560546875,36.88984375],[-76.24423828124998,36.95263671875001],[-76.143994140625,36.930615234375],[-75.99941406250001,36.91264648437499],[-75.96635742187499,36.861962890625],[-75.94155273437501,36.76552734374999],[-75.89042968749997,36.65703124999998],[-75.757861328125,36.229248046875014],[-75.55869140625,35.879345703125],[-75.53417968749999,35.819091796875],[-75.58046874999998,35.87197265624999],[-75.72822265625001,36.10371093749999],[-75.809765625,36.271044921875],[-75.8935546875,36.56650390625],[-75.91787109374998,36.63266601562498],[-75.946484375,36.65908203124998],[-75.96533203124997,36.63759765624997],[-75.97343749999999,36.59995117187499],[-75.95976562499999,36.57104492187497],[-75.99277343749998,36.47377929687499],[-75.978466796875,36.42915039062498],[-75.92485351562497,36.383007812500004],[-75.86660156249998,36.26787109374998],[-75.82006835937503,36.112841796874996],[-75.8830078125,36.17568359374998],[-75.9501953125,36.208984374999986],[-76.05473632812499,36.234521484374994],[-76.14785156249998,36.279296875000014],[-76.14106445312498,36.21508789062499],[-76.15,36.14575195312501],[-76.22177734374999,36.16689453124997],[-76.27060546874999,36.189892578125004],[-76.22739257812499,36.116015625],[-76.32119140624998,36.13818359375],[-76.38369140625,36.133544921875],[-76.42431640625,36.06796875],[-76.47880859374995,36.02817382812498],[-76.559375,36.01533203125],[-76.67890625000001,36.07529296875001],[-76.71762695312495,36.14809570312499],[-76.733642578125,36.229150390624994],[-76.7400390625,36.13330078124999],[-76.71875,36.033496093749996],[-76.72622070312498,35.95761718749999],[-76.61113281249997,35.94365234374998],[-76.50351562499996,35.956054687499986],[-76.35830078124998,35.952880859375014],[-76.26357421874998,35.96708984374997],[-76.20654296875,35.991210937499986],[-76.06977539062501,35.9703125],[-76.06005859374999,35.878662109375014],[-76.07568359375001,35.78754882812501],[-76.08359374999995,35.69052734374998],[-76.045703125,35.691162109375014],[-76.001171875,35.72216796875001],[-75.97890625,35.89594726562498],[-75.85390624999998,35.96015625],[-75.81201171875,35.955761718750004],[-75.772216796875,35.89990234374999],[-75.75883789062499,35.84326171875],[-75.7447265625,35.76547851562499],[-75.77392578125003,35.646972656249986],[-75.96596679687498,35.50839843749999],[-76.10351562500003,35.38027343749999],[-76.17382812499997,35.35415039062499],[-76.27524414062496,35.36904296875],[-76.390234375,35.40126953125],[-76.44663085937498,35.40776367187499],[-76.489501953125,35.397021484375],[-76.515625,35.43647460937499],[-76.532470703125,35.508447265625],[-76.57719726562497,35.53232421875],[-76.61103515625001,35.5296875],[-76.63413085937499,35.45322265625],[-76.74140625000001,35.431494140625],[-76.887255859375,35.463085937500026],[-77.039990234375,35.527392578124996],[-76.97446289062499,35.4583984375],[-76.595458984375,35.3296875],[-76.55278320312499,35.30561523437499],[-76.512939453125,35.27041015624999],[-76.565966796875,35.215185546875006],[-76.60751953125,35.152978515624994],[-76.61337890624996,35.104150390624994],[-76.62802734374998,35.073339843749984],[-76.77915039062498,34.99033203125001],[-76.86103515624998,35.00498046875],[-77.07026367187498,35.154638671875006],[-76.97495117187499,35.02519531249999],[-76.89863281250001,34.970263671875],[-76.74497070312499,34.94096679687498],[-76.45673828125001,34.98935546874999],[-76.36220703125,34.93652343750001],[-76.439794921875,34.842919921875],[-76.51689453124996,34.77724609375],[-76.61801757812499,34.76992187499999],[-76.70708007812497,34.75214843749999],[-76.73320312499997,34.706982421875],[-76.79667968749997,34.704150390624996],[-76.89589843749998,34.70146484374998],[-77.04951171875,34.69736328125],[-77.13388671874998,34.70791015625],[-77.25175781249999,34.615625],[-77.29624023437499,34.6029296875],[-77.3583984375,34.62026367187499],[-77.38447265624998,34.694384765624974],[-77.41225585937498,34.73081054687499],[-77.41293945312498,34.59213867187499],[-77.40205078125,34.55478515624998],[-77.37978515625,34.526611328124986],[-77.51767578124999,34.451367187499976],[-77.649658203125,34.357519531249984],[-77.69697265625001,34.33198242187498],[-77.75073242187501,34.2849609375],[-77.86083984374999,34.149169921875014],[-77.888037109375,34.050146484375006],[-77.92783203124998,33.93974609375],[-77.932861328125,33.989453125],[-77.92602539062497,34.073144531249994],[-77.95327148437498,34.168994140625],[-77.97055664062499,33.99340820312498],[-78.013330078125,33.91181640624999],[-78.405859375,33.917578124999984],[-78.57768554687497,33.873242187500004],[-78.841455078125,33.72407226562499],[-78.92031250000002,33.65869140625],[-79.13818359375,33.405908203124994],[-79.193798828125,33.244140625],[-79.23837890625002,33.31215820312499],[-79.22734374999999,33.36318359374999],[-79.22646484375,33.4048828125],[-79.28134765624999,33.31542968750001],[-79.229248046875,33.18515625000001],[-79.27602539062501,33.135400390625],[-79.419921875,33.04252929687499],[-79.498681640625,33.02729492187498],[-79.58710937499998,33.00087890624998],[-79.61494140625003,32.909277343749984],[-79.73500976562498,32.82480468750001],[-79.80498046875,32.787402343749974],[-79.93310546874997,32.81005859375],[-79.89365234374999,32.72871093749999],[-79.94072265624996,32.667138671874994],[-80.02177734374997,32.619921875],[-80.12255859375,32.589111328125],[-80.180322265625,32.592871093750006],[-80.22968749999998,32.576513671875],[-80.26835937499999,32.537353515625],[-80.362841796875,32.500732421875014],[-80.46098632812499,32.521337890624984],[-80.57221679687503,32.53369140624999],[-80.6341796875,32.511718750000014],[-80.53002929687496,32.475390625],[-80.474267578125,32.42275390625],[-80.48574218749998,32.351806640625],[-80.51362304687498,32.324414062500004],[-80.579345703125,32.28730468749999],[-80.60820312499997,32.292822265625],[-80.62583007812499,32.326269531250006],[-80.647216796875,32.395947265625],[-80.67778320312499,32.381103515625014],[-80.68305664062497,32.34863281250001],[-80.70932617187499,32.337060546875],[-80.80253906249997,32.44804687500002],[-80.79790039062499,32.363378906249984],[-80.76533203124998,32.29833984374999],[-80.73383789062498,32.26533203124999],[-80.70205078124995,32.24589843749999],[-80.69423828125,32.215722656249994],[-80.75800781250001,32.1421875],[-80.79082031249997,32.12583007812499],[-80.84921875,32.113916015624994],[-80.882080078125,32.068603515625014],[-80.87236328125,32.029589843749996],[-80.9234375,31.944921875],[-81.045556640625,31.892041015625],[-81.08286132812495,31.894091796874985],[-81.11328125,31.87861328125],[-81.0955078125,31.840917968749995],[-81.06503906249999,31.813476562499996],[-81.06611328125,31.78798828124999],[-81.098388671875,31.75336914062499],[-81.162109375,31.743701171874996],[-81.19790039062497,31.704199218750002],[-81.18657226562497,31.666943359374983],[-81.16552734375,31.646142578124994],[-81.169921875,31.610302734374997],[-81.24238281249998,31.57431640625],[-81.259375,31.53891601562501],[-81.22338867187501,31.528466796875005],[-81.195703125,31.53891601562501],[-81.17543945312502,31.531298828124996],[-81.21889648437497,31.472119140625004],[-81.25791015624999,31.436035156250014],[-81.29497070312497,31.371191406249995],[-81.38095703124998,31.353271484375004],[-81.37773437499999,31.332324218749996],[-81.32915039062499,31.313769531249992],[-81.2884765625,31.263916015624986],[-81.364892578125,31.171875],[-81.41259765625,31.179443359375007],[-81.44174804687502,31.199707031249996],[-81.4603515625,31.127050781249995],[-81.45322265624998,31.08828125],[-81.47138671875,31.009033203124996],[-81.5005859375,30.913769531249994],[-81.52041015625,30.87465820312499],[-81.5162109375,30.80180664062501],[-81.50395507812499,30.731445312500004],[-81.45717773437498,30.640771484374998],[-81.3857421875,30.26997070312498],[-81.337109375,30.141210937499988],[-81.24951171875,29.793798828124995],[-81.10454101562497,29.456982421875008],[-80.9,29.04985351562499],[-80.56430664062496,28.556396484375],[-80.52412109375,28.486083984375004],[-80.56782226562498,28.426464843749997],[-80.58115234374999,28.364697265625004],[-80.58496093749999,28.271582031250002],[-80.5728515625,28.180859375],[-80.533154296875,28.070068359375014],[-80.45688476562496,27.900683593749985],[-80.49956054687499,27.93447265624999],[-80.61000976562501,28.177587890625002],[-80.62285156250002,28.320361328125006],[-80.60693359375,28.522900390624994],[-80.632861328125,28.518017578125],[-80.65390624999996,28.452197265624996],[-80.665478515625,28.374902343749987],[-80.69350585937498,28.344970703125007],[-80.73173828124997,28.462890625],[-80.72905273437497,28.5162109375],[-80.6884765625,28.578515625],[-80.70024414062499,28.600927734374995],[-80.76591796874997,28.6328125],[-80.77988281249999,28.682958984374995],[-80.77099609374999,28.732470703124996],[-80.80869140624998,28.758935546874998],[-80.83818359374996,28.757666015625002],[-80.81840820312497,28.635595703125002],[-80.78720703124999,28.56064453125],[-80.74863281249999,28.381005859374998],[-80.686376953125,28.27216796874999],[-80.65009765625001,28.180908203125004],[-80.22612304687499,27.20703125],[-80.12578124999999,27.08300781249999],[-80.088671875,26.993945312500003],[-80.050048828125,26.80771484375],[-80.04130859375,26.568603515625007],[-80.110595703125,26.13159179687501],[-80.12636718750001,25.83349609375],[-80.13627929687499,25.842626953125006],[-80.14291992187498,25.874023437500004],[-80.158935546875,25.878320312500005],[-80.21909179687499,25.741748046875014],[-80.30083007812497,25.6185546875],[-80.32773437499998,25.42709960937499],[-80.366943359375,25.33125],[-80.48466796874996,25.229833984375002],[-80.55761718749999,25.232421875],[-80.7365234375,25.15634765625],[-80.86220703125,25.176171875],[-81.011962890625,25.13325195312499],[-81.11049804687498,25.13803710937499],[-81.1673828125,25.228515625],[-81.15869140625,25.268994140624994],[-81.13603515624997,25.30966796874999],[-81.09765625,25.319140625000014],[-80.96538085937496,25.224316406249997],[-80.94042968749999,25.264208984375],[-80.98037109374998,25.31166992187499],[-81.0568359375,25.338134765624993],[-81.113330078125,25.367236328125],[-81.22714843749998,25.58339843749999],[-81.345068359375,25.731835937499994],[-81.36494140625,25.8310546875],[-81.56826171875001,25.891552734374997],[-81.715478515625,25.983154296875],[-81.81147460937501,26.14609375],[-81.86655273437498,26.435009765625004],[-81.93149414062499,26.46748046874999],[-81.958935546875,26.48994140624999],[-81.89550781249999,26.597167968750007],[-81.828662109375,26.687060546875003],[-81.88154296874998,26.66469726562499],[-81.92055664062501,26.63144531249999],[-81.97016601562498,26.552050781249996],[-82.00639648437497,26.53984375],[-82.03959960937497,26.552050781249996],[-82.07788085937501,26.704345703124993],[-82.066943359375,26.89155273437501],[-82.01328125,26.961572265625],[-82.09570312499997,26.963427734374996],[-82.181103515625,26.936767578125007],[-82.168603515625,26.87436523437501],[-82.1806640625,26.840087890625004],[-82.24287109374997,26.848876953125014],[-82.2900390625,26.870800781249986],[-82.35405273437499,26.93574218749999],[-82.44135742187501,27.059667968750002],[-82.62045898437496,27.40107421874999],[-82.65537109374999,27.44921875],[-82.714599609375,27.499609375],[-82.68671875,27.515283203124984],[-82.63583984374999,27.524560546874994],[-82.52084960937499,27.67827148437499],[-82.43051757812498,27.771142578124987],[-82.400537109375,27.835400390624997],[-82.40576171874999,27.862890625],[-82.445703125,27.902832031250004],[-82.49814453124999,27.867919921874993],[-82.52060546874998,27.877880859374997],[-82.57958984374999,27.958447265625],[-82.63593749999998,27.98120117187499],[-82.6751953125,27.96376953125],[-82.63378906250001,27.89775390624999],[-82.59658203124997,27.8732421875],[-82.61098632812501,27.777246093749994],[-82.62602539062499,27.745996093749998],[-82.66088867187499,27.718408203124987],[-82.71533203125,27.733105468749997],[-82.74287109375,27.709375],[-82.77529296875,27.734375],[-82.807568359375,27.7765625],[-82.84350585937499,27.84599609375],[-82.74853515625001,28.236816406249996],[-82.66064453125001,28.485839843750004],[-82.65058593749998,28.769921874999984],[-82.64404296874999,28.81201171875],[-82.65146484374995,28.8875],[-82.76933593749996,29.0515625],[-83.29047851562498,29.451904296875],[-83.69438476562499,29.9259765625],[-84.04423828124996,30.103808593749992],[-84.30966796874996,30.064746093750006],[-84.355615234375,30.02900390624999],[-84.37534179687499,29.982275390625006],[-84.35869140624997,29.929394531249994],[-84.3828125,29.907373046874994],[-84.45405273437498,29.91015625],[-84.55,29.897851562499998],[-84.80053710937499,29.773046875],[-84.888916015625,29.77763671875],[-84.96918945312498,29.7453125],[-85.02929687499999,29.721093749999987],[-85.18603515625,29.707910156249998],[-85.31894531249999,29.680224609374996],[-85.37636718750001,29.69521484374999],[-85.413818359375,29.767578125],[-85.41381835937497,29.842480468749994],[-85.38344726562501,29.785058593749987],[-85.33642578125,29.740136718749994],[-85.31489257812498,29.75810546875001],[-85.30683593749998,29.79785156250001],[-85.35361328124996,29.875732421875007],[-85.50429687499998,29.97578125],[-85.67578124999999,30.12192382812499],[-85.62348632812503,30.117089843749984],[-85.61025390625,30.148388671874997],[-85.66342773437499,30.189453125],[-85.64096679687499,30.236914062499988],[-85.60351562500001,30.286767578124998],[-85.67587890624999,30.279296875],[-85.74082031249998,30.244384765625],[-85.74296874999997,30.20126953125],[-85.75581054687501,30.166992187499993],[-85.79077148437501,30.17197265625],[-85.85566406250001,30.214404296874985],[-86.17514648437499,30.332519531249982],[-86.45444335937499,30.39912109375],[-86.24008789062499,30.429101562500005],[-86.12382812499997,30.405810546874985],[-86.1376953125,30.441552734375],[-86.165673828125,30.46425781250001],[-86.25737304687499,30.493017578125006],[-86.374169921875,30.482080078124994],[-86.44794921875,30.495605468749996],[-86.523388671875,30.46708984375],[-86.6060546875,30.42470703125],[-86.67963867187498,30.402880859375003],[-86.96762695312498,30.37236328125],[-87.20117187499999,30.339257812499998],[-87.16372070312497,30.37421875],[-87.12377929687499,30.396679687500015],[-86.98579101562501,30.430859375],[-86.96513671874997,30.501904296874997],[-86.99755859374999,30.5703125],[-87.03388671875,30.55390625],[-87.072021484375,30.500439453124997],[-87.11879882812498,30.538964843749984],[-87.17060546874997,30.53876953124999],[-87.18466796874999,30.453710937500002],[-87.25107421874999,30.396679687500015],[-87.2810546875,30.339257812499998],[-87.47578125,30.294287109375],[-87.50073242187501,30.309277343749994],[-87.44375,30.363818359375],[-87.44829101562497,30.394140625],[-87.51328125,30.368115234375008],[-87.622265625,30.264746093750006],[-88.00595703125,30.23090820312499],[-87.985009765625,30.254394531249996],[-87.90400390625,30.259082031249985],[-87.79028320312501,30.291796875],[-87.81328124999997,30.346875],[-87.85712890625,30.407421875],[-87.897607421875,30.414160156249988],[-87.92431640625003,30.449658203124997],[-87.922998046875,30.561523437499996],[-87.948876953125,30.62690429687501],[-88.011328125,30.69418945312499],[-88.03242187499998,30.68125],[-88.07836914062497,30.56621093749999],[-88.11655273437499,30.415332031249992],[-88.13544921874997,30.3666015625],[-88.24921875000001,30.363183593749998],[-88.34990234374997,30.37348632812499],[-88.69208984374997,30.355371093749984],[-88.819921875,30.406494140624996],[-88.87294921875002,30.416308593750003],[-88.90522460937501,30.41513671875],[-89.05405273437499,30.36826171874999],[-89.22363281250001,30.332373046875006],[-89.26357421875,30.343652343749994],[-89.32055664062499,30.3453125],[-89.44350585937497,30.223144531250007],[-89.58847656249998,30.165966796874997],[-89.954248046875,30.26875],[-90.04521484374999,30.351416015625006],[-90.1259765625,30.369091796874986],[-90.22529296874997,30.379296874999984],[-90.33198242187501,30.277587890624996],[-90.413037109375,30.140332031250004],[-90.28496093749997,30.065087890625005],[-90.17534179687496,30.029101562499992],[-89.99418945312499,30.059277343749997],[-89.89404296875001,30.12587890625001],[-89.81225585937497,30.123681640624987],[-89.77314453125001,30.137207031250014],[-89.737451171875,30.17197265625],[-89.66752929687497,30.14453125],[-89.66503906250001,30.117041015625006],[-89.71469726562499,30.078320312499997],[-89.77724609375,30.045703125],[-89.815185546875,30.007275390625],[-89.74379882812498,29.929833984374998],[-89.63168945312499,29.903808593749996],[-89.589501953125,29.91503906250002],[-89.56337890625,30.00209960937499],[-89.49443359375,30.05815429687499],[-89.400732421875,30.04604492187499],[-89.4140625,30.010888671874987],[-89.40092773437502,29.97768554687499],[-89.357861328125,29.920996093750002],[-89.36279296875,29.839794921874997],[-89.354443359375,29.820214843750005],[-89.45541992187498,29.784375],[-89.53066406249998,29.772216796875007],[-89.59086914062499,29.725292968749997],[-89.55932617187501,29.69804687499999],[-89.62065429687499,29.674121093749996],[-89.662109375,29.68369140625],[-89.68295898437498,29.674853515624996],[-89.689208984375,29.646044921874996],[-89.7208984375,29.61928710937499],[-89.6748046875,29.538671875],[-89.58032226562499,29.48603515624999],[-89.51367187499997,29.420068359374987],[-89.245703125,29.333203125],[-89.18076171875002,29.335693359374996],[-89.11684570312495,29.248242187499997],[-89.06533203125,29.218164062499987],[-89.01572265624998,29.202880859375007],[-89.02138671875,29.14272460937499],[-89.10952148437498,29.098681640624992],[-89.13334960937499,29.046142578125007],[-89.155517578125,29.016601562499996],[-89.19526367187497,29.054003906249996],[-89.23608398437499,29.081103515624992],[-89.33056640625001,28.998681640624994],[-89.376123046875,28.981347656250005],[-89.35351562499999,29.070214843749994],[-89.389208984375,29.105029296875],[-89.44316406249999,29.194140625],[-89.52177734374997,29.249267578125007],[-89.5771484375,29.26752929687499],[-89.62026367187498,29.302392578125005],[-89.67246093749999,29.31650390625],[-89.71699218749998,29.312890625],[-89.7923828125,29.333203125],[-89.79736328124999,29.380615234374993],[-89.81826171875001,29.41611328125001],[-89.87724609374999,29.458007812500007],[-90.15908203125,29.537158203124996],[-90.160791015625,29.504394531250007],[-90.14125976562498,29.479736328124993],[-90.10078125,29.463330078125],[-90.05234375,29.431396484375],[-90.05278320312499,29.33681640624999],[-90.07373046875,29.296777343750005],[-90.08271484374998,29.23974609375],[-90.1013671875,29.181787109374998],[-90.13583984374996,29.13608398437499],[-90.21279296874998,29.104931640625004],[-90.24672851562498,29.131005859375],[-90.301611328125,29.255810546875],[-90.37919921874997,29.295117187500004],[-90.50249023437497,29.299755859374997],[-90.58623046874997,29.271533203124996],[-90.67749023437499,29.150634765624986],[-90.75102539062499,29.130859375],[-91.00273437500002,29.19350585937498],[-91.29013671874998,29.28896484374999],[-91.28271484374999,29.320751953124997],[-91.2375,29.33095703125],[-91.15078125,29.31791992187499],[-91.15537109374998,29.35068359374999],[-91.243994140625,29.457324218750006],[-91.26025390624999,29.50546875],[-91.248828125,29.564208984375],[-91.277734375,29.562890625],[-91.33095703124997,29.513574218749987],[-91.51420898437496,29.55537109374999],[-91.56479492187498,29.605322265624995],[-91.67246093749999,29.74609375],[-91.82441406249998,29.750683593749997],[-91.89316406249998,29.836035156249995],[-92.01733398437497,29.800292968749993],[-92.08022460937498,29.76074218750001],[-92.135498046875,29.699462890625004],[-92.11396484374997,29.667675781249986],[-92.05888671875002,29.61718749999999],[-92.08403320312497,29.59282226562499],[-92.26083984374999,29.55683593749999],[-92.67128906249998,29.5970703125],[-92.79130859375,29.63466796875],[-92.952392578125,29.71416015625],[-93.17568359375,29.778955078124998],[-93.28320312500001,29.789404296875006],[-93.38847656249996,29.7765625],[-93.69482421874999,29.769921875],[-93.76591796874999,29.75268554687501],[-93.82646484374999,29.72514648437499],[-93.86572265625001,29.755615234374993],[-93.88388671875,29.810009765625008],[-93.84833984375,29.818847656250004],[-93.8087890625,29.850830078124996],[-93.773095703125,29.9140625],[-93.76904296875,29.952294921875],[-93.793994140625,29.977246093750004],[-93.84145507812501,29.979736328124993],[-93.94628906249997,29.81499023437498],[-93.88637695312498,29.72265625],[-93.89047851562499,29.68935546875],[-94.09965820312496,29.670410156250007],[-94.57446289062499,29.48452148437499],[-94.75961914062499,29.384277343749993],[-94.75014648437501,29.418017578124996],[-94.52626953125001,29.547949218750002],[-94.605322265625,29.56782226562499],[-94.73261718750001,29.53535156249999],[-94.77827148437495,29.54785156249999],[-94.724365234375,29.655273437500007],[-94.74194335937499,29.75],[-94.83232421874997,29.752587890624984],[-94.889892578125,29.676953125],[-94.9298828125,29.68017578125],[-94.98227539062498,29.712597656249997],[-95.02285156249998,29.70234375],[-94.99282226562497,29.530957031250008],[-94.935888671875,29.460449218750007],[-94.88828124999996,29.370556640625004],[-95.018310546875,29.25947265624999],[-95.13906249999997,29.167822265624977],[-95.15214843749999,29.07924804687499],[-95.27348632812499,28.963867187499993],[-95.38764648437498,28.898437500000014],[-95.655859375,28.744628906249996],[-95.732373046875,28.71171875],[-95.85341796874998,28.64033203124999],[-96.02041015625,28.586816406249994],[-96.18051757812498,28.50185546874999],[-96.234521484375,28.488964843749994],[-96.13227539062498,28.560888671874995],[-96.01103515624997,28.631933593749995],[-96.1150390625,28.622216796874998],[-96.27534179687497,28.655126953124995],[-96.3734375,28.65703125],[-96.37412109374999,28.631103515624996],[-96.44873046874999,28.594482421874993],[-96.52602539062497,28.648291015624995],[-96.55971679687502,28.68447265625],[-96.57568359375001,28.71572265624999],[-96.60849609374999,28.723291015624987],[-96.64003906249997,28.70878906249999],[-96.52465820312499,28.488720703125004],[-96.47548828125,28.47919921875],[-96.42109374999997,28.457324218749992],[-96.488818359375,28.40605468750001],[-96.56171875,28.367138671874994],[-96.67636718749999,28.341308593749996],[-96.77353515624998,28.421630859374982],[-96.79458007812498,28.320849609375],[-96.806884765625,28.22021484375],[-96.83950195312497,28.194384765624992],[-96.89160156249999,28.157568359375002],[-96.91987304687498,28.185351562499996],[-96.93330078125001,28.22426757812499],[-96.96665039062498,28.189550781249984],[-97.01547851562496,28.163476562500005],[-97.096044921875,28.158251953125006],[-97.15649414062499,28.1443359375],[-97.15507812499997,28.102636718749995],[-97.14125976562498,28.0607421875],[-97.03432617187498,28.093847656249995],[-97.07309570312499,27.98608398437499],[-97.17143554687497,27.879589843750004],[-97.2515625,27.85444335937499],[-97.37412109374995,27.870019531249998],[-97.40439453125,27.85932617187499],[-97.431494140625,27.837207031249992],[-97.288720703125,27.670605468750004],[-97.38046874999998,27.419335937499994],[-97.439111328125,27.328271484374987],[-97.47978515625,27.3166015625],[-97.523876953125,27.313964843750004],[-97.68212890625,27.394921875],[-97.76845703124998,27.45751953125],[-97.69238281249999,27.287158203124992],[-97.485107421875,27.237402343750002],[-97.47451171875,27.172949218749995],[-97.47568359374999,27.117871093749994],[-97.51650390624998,27.053222656249993],[-97.55468749999999,26.96733398437498],[-97.52651367187497,26.90751953125],[-97.493798828125,26.759619140625],[-97.46582031249996,26.69174804687499],[-97.43505859375,26.485839843749996],[-97.40234374999999,26.39653320312499],[-97.21391601562499,26.06787109375001],[-97.15039062500001,26.065332031249998],[-97.14018554687499,26.029736328124986],[-97.14624023437499,25.961474609374996],[-97.281787109375,25.94160156249999],[-97.33867187499999,25.911181640625],[-97.349755859375,25.884765625],[-97.358154296875,25.87050781249999],[-97.375634765625,25.871826171875004],[-97.44028320312499,25.890820312499997],[-97.58725585937499,25.9841796875],[-97.80141601562501,26.042041015624992],[-98.08281249999999,26.064453125],[-98.27504882812502,26.111181640624988],[-98.378125,26.182373046874993],[-98.48588867187499,26.224560546875008],[-98.59829101562498,26.237841796874996],[-98.69140625,26.27646484374999],[-98.765234375,26.340429687500002],[-98.87319335937498,26.38125],[-99.01528320312498,26.398974609375],[-99.10776367187498,26.446923828124987],[-99.17207031249997,26.564160156249994],[-99.17236328125,26.565917968749993],[-99.229931640625,26.7619140625],[-99.30244140624997,26.88471679687499],[-99.44355468749998,27.036669921874996],[-99.45649414062497,27.056640625],[-99.45654296874997,27.056689453124985],[-99.45771484374997,27.081689453124987],[-99.44023437499997,27.170117187499994],[-99.45512695312497,27.23369140625],[-99.49980468749999,27.285498046875],[-99.51005859374997,27.340332031249996],[-99.48583984374999,27.398046875],[-99.48427734374998,27.467382812499995],[-99.50532226562501,27.548339843750004],[-99.59531249999996,27.635888671874994],[-99.75424804687499,27.729931640624997],[-99.8896484375,27.86728515625],[-100.00141601562498,28.0478515625],[-100.111962890625,28.17294921875],[-100.22128906249999,28.242626953125],[-100.296044921875,28.327685546875],[-100.33627929687498,28.428125],[-100.34814453124999,28.486425781250002],[-100.33173828124997,28.502539062499995],[-100.39892578125,28.61420898437499],[-100.54970703124997,28.821337890624992],[-100.636328125,28.972802734374998],[-100.65864257812498,29.068554687499997],[-100.75458984375,29.182519531249998],[-100.92412109374999,29.314697265624996],[-101.01630859374998,29.40068359374999],[-101.03862304687499,29.460302734375],[-101.03896484375,29.460400390624994],[-101.30351562500002,29.634082031249996],[-101.38037109374999,29.742578124999987],[-101.44038085937501,29.776855468750004],[-101.50927734375,29.77314453125],[-101.54462890624997,29.783544921874995],[-101.54638671875003,29.808056640624997],[-101.56870117187496,29.80922851562499],[-101.61162109374997,29.78696289062499],[-101.75234375,29.782470703125],[-101.99091796875,29.795703125],[-102.1630859375,29.825244140624996],[-102.26894531249997,29.87119140625],[-102.34306640624999,29.864990234374996],[-102.38564453125001,29.806640625],[-102.47626953125,29.769091796874992],[-102.61494140625,29.752343749999987],[-102.73417968749999,29.643945312499994],[-102.83398437499997,29.44394531250001],[-102.87783203125,29.315332031249998],[-102.865673828125,29.25800781249999],[-102.89199218750001,29.21640625],[-102.95683593749996,29.190380859374983],[-103.02285156249998,29.132226562499994],[-103.08999023437497,29.04189453125001],[-103.16831054687498,28.998193359374998],[-103.25771484374995,29.00112304687499],[-103.42294921874998,29.070703124999984],[-103.66396484375,29.20688476562499],[-103.8529296875,29.291064453125],[-103.98974609374997,29.32314453124999],[-104.110595703125,29.386132812499998],[-104.21552734375,29.479882812499998],[-104.31220703125001,29.542431640624997],[-104.400634765625,29.57373046875],[-104.50400390624999,29.677685546875008],[-104.622216796875,29.854296874999985],[-104.68134765625,29.99052734374999],[-104.68134765625,30.134375],[-104.83588867187498,30.447656249999984],[-104.91787109374997,30.583349609375002],[-104.97880859375,30.645947265625004],[-105.09814453124997,30.720556640625002],[-105.275830078125,30.807275390624987],[-105.51401367187499,30.980761718749992],[-105.81269531249998,31.24101562499999],[-106.02407226562498,31.39775390624999],[-106.14804687499998,31.45092773437501],[-106.25571289062498,31.544677734375],[-106.34697265625,31.67900390625001],[-106.43603515625,31.764453125],[-106.44541015624998,31.76840820312499],[-106.45322265624996,31.770166015624994],[-106.67304687499998,31.77133789062499],[-106.89287109374997,31.772460937500007],[-107.1126953125,31.773632812499983],[-107.33251953125,31.774755859375],[-107.55234375,31.775878906249993],[-107.77221679687499,31.777050781249986],[-107.99204101562498,31.778173828125002],[-108.21181640625,31.77934570312498],[-108.2125,31.666845703125002],[-108.21318359375,31.55439453124998],[-108.21381835937498,31.44189453125],[-108.21445312499998,31.329443359374984],[-108.56787109374999,31.328808593749997],[-108.921337890625,31.328125],[-109.27475585937498,31.32744140625],[-109.62822265625,31.32680664062499],[-109.981640625,31.32617187499998],[-110.33510742187497,31.32553710937499],[-110.68852539062497,31.324853515625],[-111.0419921875,31.32421875],[-111.51621093749996,31.472265625],[-111.990478515625,31.620214843749988],[-112.46474609374998,31.76826171875],[-112.93896484375001,31.916259765625004],[-113.41318359374999,32.064306640625006],[-113.88745117187499,32.2123046875],[-114.36171875,32.360302734375004],[-114.83593750000001,32.50830078125],[-114.78798828125004,32.564794921875006],[-114.72475585937497,32.71533203124999],[-114.83906249999998,32.70473632812499],[-115.12519531250003,32.683300781250004],[-115.41137695312499,32.661865234374986],[-115.69750976562501,32.640478515624984],[-115.98369140624999,32.619042968749994],[-116.26982421874999,32.59760742187499],[-116.55595703124996,32.57622070312499],[-116.84208984374999,32.55478515625001],[-117.12827148437499,32.53334960937499],[-117.13046875000002,32.53974609374999],[-117.13740234374997,32.64916992187502],[-117.18374023437497,32.687890625],[-117.24345703124999,32.66401367187499],[-117.27070312499998,32.80625],[-117.25576171875001,32.873388671875006],[-117.26298828125,32.93886718749999],[-117.31884765625,33.10004882812499],[-117.467431640625,33.29550781249999],[-117.78852539062498,33.5384765625],[-117.95209960937501,33.61962890625],[-118.08051757812498,33.72216796875],[-118.16191406249997,33.75068359375],[-118.26440429687497,33.75859374999999],[-118.294189453125,33.71230468749998],[-118.41044921875,33.743945312499996],[-118.39296875,33.85830078125],[-118.50620117187503,34.01738281250001],[-118.59882812499994,34.035009765624984],[-118.83203124999997,34.02446289062499],[-119.14375,34.11201171875],[-119.23583984375001,34.164111328124996],[-119.26767578125,34.257421874999984],[-119.413671875,34.33857421874998],[-119.60605468749998,34.41801757812499],[-119.71318359374997,34.39965820312501],[-119.85332031249997,34.411962890625],[-120.05297851562497,34.469287109374996],[-120.16953124999998,34.47646484374999],[-120.396484375,34.459570312500006],[-120.48120117187496,34.471630859375],[-120.55981445312501,34.543896484375],[-120.64467773437498,34.57998046874999],[-120.62670898437497,34.66894531250002],[-120.63759765624997,34.749365234375],[-120.62490234375,34.81196289062499],[-120.66303710937503,34.94926757812501],[-120.63359374999999,35.07646484375],[-120.65908203124995,35.122412109375],[-120.70703124999999,35.157666015625],[-120.857373046875,35.20966796874999],[-120.88486328125005,35.274951171875],[-120.860302734375,35.36542968750001],[-120.89960937500001,35.42509765624997],[-121.02285156249998,35.48076171875],[-121.13793945312499,35.60712890625],[-121.283837890625,35.676318359374996],[-121.34384765625,35.79223632812499],[-121.43374023437501,35.863867187500006],[-121.46499023437498,35.92739257812497],[-121.66435546874997,36.154052734375],[-121.87739257812497,36.331054687499986],[-121.91015625000006,36.43291015625001],[-121.91865234374998,36.57236328125],[-121.83515625000001,36.657470703125014],[-121.789990234375,36.732275390625],[-121.79453124999998,36.800976562500004],[-121.80742187499999,36.85122070312499],[-121.88066406249996,36.93891601562499],[-122.16420898437497,36.990966796875],[-122.39492187499997,37.207519531249986],[-122.408447265625,37.37314453125],[-122.49921875000004,37.542626953124994],[-122.500439453125,37.65278320312499],[-122.51420898437497,37.77197265625],[-122.44560546874999,37.79799804687498],[-122.38408203125,37.788525390625004],[-122.390283203125,37.741064453125006],[-122.3697265625,37.655859375],[-122.29760742187501,37.59184570312501],[-122.22866210937504,37.563916015625004],[-122.16601562499999,37.50166015625],[-122.11904296875,37.4828125],[-122.07050781249998,37.47827148437501],[-122.096533203125,37.518212890624994],[-122.12412109375,37.543798828125],[-122.15805664062502,37.62646484375],[-122.22221679687499,37.73203125],[-122.29599609375,37.790332031249996],[-122.33344726562498,37.896582031249984],[-122.36547851562501,37.92119140624999],[-122.38544921875,37.960595703124994],[-122.31425781249996,38.00732421875],[-122.217041015625,38.040625],[-122.08671874999997,38.049609375],[-121.716845703125,38.03408203125],[-121.6380859375,38.06127929687502],[-121.57299804687499,38.05239257812501],[-121.525341796875,38.05590820312501],[-121.62573242187497,38.083935546875],[-121.6822265625,38.074804687499984],[-121.74863281250003,38.08046874999999],[-121.88076171875002,38.075],[-121.93417968750003,38.086816406250016],[-121.99311523437497,38.1201171875],[-122.03149414062501,38.12353515625001],[-122.15375976562497,38.065527343750006],[-122.20830078124996,38.07255859375001],[-122.33710937499998,38.135888671874994],[-122.39335937499999,38.14482421875],[-122.48388671874997,38.10883789062499],[-122.49492187499999,37.95356445312499],[-122.46689453124998,37.838183593749996],[-122.52133789062498,37.82641601562501],[-122.5841796875,37.874072265624996],[-122.680712890625,37.902343749999986],[-122.76040039062501,37.945654296875],[-122.87294921875,38.026074218750004],[-122.93198242187502,38.05546875],[-122.99877929687497,37.988623046874984],[-123.00146484374999,38.019287109375],[-122.9681640625,38.09702148437502],[-122.97758789062496,38.22734375000001],[-122.87680664062502,38.123339843749996],[-122.90815429687497,38.196582031249996],[-122.98652343749998,38.27709960937501],[-123.04619140624996,38.305078125],[-123.121142578125,38.449267578124996],[-123.28974609374998,38.53583984375],[-123.42480468750001,38.675634765625006],[-123.70112304687497,38.90727539062501],[-123.71953124999999,39.110986328125],[-123.82031250000001,39.36840820312501],[-123.77778320312498,39.51494140625],[-123.78349609375002,39.61870117187499],[-123.83291015624998,39.77548828124999],[-123.88447265625001,39.86079101562498],[-124.10849609375,40.09453125],[-124.32402343749996,40.251953125000014],[-124.35654296874998,40.371093749999986],[-124.37167968749999,40.49121093749999],[-124.32451171874999,40.59809570312501],[-124.28369140624999,40.710546875],[-124.25390624999997,40.740283203124996],[-124.24233398437501,40.727880859375006],[-124.25058593749998,40.70390624999999],[-124.22001953124996,40.696484375],[-124.20844726562497,40.74609374999998],[-124.19023437499999,40.77172851562498],[-124.22250976562499,40.77504882812499],[-124.21918945312501,40.79072265625],[-124.19990234374998,40.82207031250001],[-124.13310546874997,40.969775390624996],[-124.1400390625,41.15590820312501],[-124.06850585937494,41.38417968749999],[-124.07192382812501,41.459521484374996],[-124.11767578125006,41.621728515625016],[-124.163232421875,41.71899414062497],[-124.24462890625004,41.78793945312499],[-124.20874023437499,41.88857421874996],[-124.21166992187496,41.984619140625],[-124.35527343749996,42.12290039062498],[-124.41000976562499,42.304345703124994],[-124.42050781249999,42.38100585937501],[-124.40615234374997,42.583691406250004],[-124.44379882812501,42.67021484375],[-124.53964843750002,42.81289062499999],[-124.49858398437497,42.936865234375],[-124.45444335937502,43.012353515624994],[-124.34658203125,43.341650390625006],[-124.32060546874997,43.368212890624996],[-124.27548828124996,43.36738281250002],[-124.19692382812497,43.42333984375],[-124.233154296875,43.436376953125],[-124.28798828125,43.40971679687498],[-124.23920898437494,43.54003906250001],[-124.184375,43.6515625],[-124.14873046875,43.69174804687499],[-124.1306640625,44.0556640625],[-124.09916992187496,44.333789062499974],[-124.04746093749999,44.42548828124999],[-124.06542968749999,44.52006835937499],[-124.04453125,44.64824218749998],[-124.05917968749998,44.777734375],[-123.94858398437503,45.40083007812501],[-123.96308593749998,45.47607421875],[-123.92934570312498,45.576953125],[-123.96123046874997,45.84296875],[-123.94711914062498,46.140576171875],[-123.97524414062497,46.17832031249999],[-123.98930664062496,46.219384765625],[-123.96293945312496,46.22543945312498],[-123.91166992187496,46.18217773437498],[-123.67363281249995,46.18261718749999],[-123.521630859375,46.22265624999997],[-123.46635742187499,46.20942382812499],[-123.40229492187497,46.154980468750004],[-123.32158203125,46.143994140625004],[-123.22060546874994,46.153613281249996],[-123.251318359375,46.16728515625],[-123.29868164062499,46.17084960937499],[-123.40473632812501,46.22099609374999],[-123.46484375000003,46.27109375000003],[-123.650341796875,46.267724609374994],[-123.68837890625,46.299853515625],[-123.89570312499998,46.26777343749998],[-123.959765625,46.30073242187499],[-124.07275390625004,46.27944335937499],[-124.04511718750003,46.37290039062498],[-124.05019531249995,46.49052734374999],[-124.04433593749998,46.60507812500001],[-124.01640624999997,46.52138671874998],[-123.946142578125,46.43256835937501],[-123.91240234374996,46.53334960937499],[-123.88916015625003,46.66000976562501],[-123.95771484374995,46.70869140624998],[-124.0716796875,46.74477539062498],[-124.112548828125,46.862695312500016],[-123.84287109375002,46.96318359375],[-123.98603515625001,46.98447265625002],[-124.04223632812499,47.02968749999998],[-124.11171874999997,47.035205078124996],[-124.11679687499998,47.000341796874984],[-124.13925781250002,46.95468750000002],[-124.16357421874997,47.01533203124997],[-124.1705078125,47.08666992187502],[-124.19882812499998,47.208544921874996],[-124.30927734374997,47.40458984375001],[-124.37602539062499,47.658642578125004],[-124.46005859375002,47.784228515624996],[-124.62109375000001,47.904150390625006],[-124.66308593750001,47.97412109375],[-124.70166015624994,48.151660156249996],[-124.67998046875,48.285888671875],[-124.70996093749999,48.38037109374999],[-124.63261718749999,48.37504882812499],[-124.42905273437495,48.30078124999997],[-124.17548828125,48.242431640624986],[-124.09877929687498,48.2],[-123.97578124999998,48.16845703124999],[-123.29443359375,48.11953125],[-123.24990234374998,48.12421875],[-123.16186523437499,48.154541015625014],[-123.12441406249998,48.15092773437498],[-123.02421875,48.081591796874996],[-122.97387695312499,48.07329101562499],[-122.90888671875,48.076904296875014],[-122.86088867187499,48.09003906250001],[-122.77861328124999,48.13759765625002],[-122.76752929687495,48.120019531249994],[-122.76909179687499,48.0759765625],[-122.73974609374999,48.013232421875],[-122.67949218749999,47.93178710937497],[-122.65664062499997,47.881152343749996],[-122.77841796875,47.73842773437498],[-122.80175781249999,47.73535156249999],[-122.80537109375,47.78364257812501],[-122.82138671875002,47.793164062500004],[-123.05063476562502,47.551953125],[-123.13105468749997,47.437744140624986],[-123.13906249999997,47.386083984375006],[-123.13632812499998,47.35581054687501],[-123.10419921875,47.348388671875014],[-123.030908203125,47.36020507812499],[-122.92216796874996,47.40766601562499],[-122.91689453124998,47.41796875],[-123.01821289062501,47.401074218750004],[-123.066796875,47.399658203125],[-123.06015625000003,47.453662109375],[-123.04863281249999,47.479345703124984],[-122.982470703125,47.559375],[-122.91289062499997,47.607373046874976],[-122.81406250000002,47.65854492187499],[-122.75712890624996,47.700537109374984],[-122.71787109375,47.762109375],[-122.60815429687497,47.835498046874996],[-122.587890625,47.85595703125],[-122.59267578124998,47.91640625],[-122.5857421875,47.927880859375],[-122.5328125,47.919726562499974],[-122.51079101562496,47.815722656249996],[-122.52392578125001,47.769335937499996],[-122.61840820312497,47.71279296875001],[-122.63017578124999,47.692822265625004],[-122.61362304687499,47.615625],[-122.628271484375,47.608154296875014],[-122.66430664062499,47.617236328124996],[-122.67548828125001,47.612353515625],[-122.58583984374995,47.528417968749984],[-122.55742187499997,47.463183593749996],[-122.553564453125,47.40493164062499],[-122.57788085937499,47.29316406250002],[-122.60390624999998,47.274609375],[-122.64863281250001,47.28144531249999],[-122.70771484375001,47.316406250000014],[-122.7208984375,47.30512695312498],[-122.7677734375,47.21835937500001],[-122.78330078124996,47.2259765625],[-122.81254882812496,47.328955078125],[-122.82846679687503,47.33657226562497],[-122.91953125,47.28964843749999],[-122.956201171875,47.24458007812498],[-122.98764648437498,47.17255859374998],[-123.02758789062501,47.13891601562497],[-122.91416015624999,47.131494140624994],[-122.81196289062497,47.14599609375],[-122.72988281249998,47.11181640624998],[-122.70195312499999,47.11088867187499],[-122.62705078124999,47.144238281250004],[-122.60415039062497,47.1669921875],[-122.54218749999994,47.2755859375],[-122.51108398437503,47.29501953125],[-122.46484374999996,47.29580078124998],[-122.42011718749998,47.312109375],[-122.35380859374999,47.37158203124999],[-122.35112304687497,47.39521484374998],[-122.37524414062501,47.528369140624974],[-122.36835937499998,47.60390625],[-122.38076171875,47.62783203124999],[-122.41049804687499,47.65263671874998],[-122.40678710937496,47.67675781249999],[-122.38364257812499,47.71645507812497],[-122.38198242187495,47.75234374999999],[-122.40180664062503,47.78427734374999],[-122.39287109374997,47.82055664062499],[-122.33032226562497,47.8986328125],[-122.31845703124998,47.93305664062501],[-122.2419921875,48.010742187499986],[-122.26127929687503,48.04204101562498],[-122.31748046875,48.080175781249984],[-122.35297851562498,48.11381835937498],[-122.38867187499999,48.16635742187499],[-122.41582031249996,48.183935546875006],[-122.42470703125,48.17592773437499],[-122.38662109375,48.08994140624999],[-122.39477539062499,48.084130859375],[-122.49404296875001,48.13046875000001],[-122.51699218749997,48.15966796875001],[-122.52915039062499,48.19931640624999],[-122.52031249999999,48.229101562499984],[-122.46704101562497,48.25849609374999],[-122.40336914062497,48.269189453125],[-122.408544921875,48.293896484375],[-122.48842773437497,48.374316406249974],[-122.54165039062497,48.41093749999998],[-122.58256835937496,48.42866210937498],[-122.63779296875002,48.43330078125],[-122.6625,48.446386718750006],[-122.66899414062499,48.465234375],[-122.65727539062496,48.48999023437499],[-122.62797851562496,48.497900390624984],[-122.54267578124998,48.487988281249976],[-122.49677734375,48.505566406250004],[-122.50107421875003,48.5375],[-122.51479492187501,48.555175781250014],[-122.51274414062502,48.66943359375001],[-122.54511718750003,48.76230468749999],[-122.56201171874999,48.777978515624994],[-122.58017578125002,48.779589843750024],[-122.59941406249996,48.767089843749986],[-122.65302734374998,48.7638671875],[-122.68593749999998,48.794287109375006],[-122.7224609375,48.85302734375001],[-122.78876953125,48.99301757812501],[-122.686376953125,48.99301757812501],[-122.26000976562501,48.99301757812501],[-121.83359375,48.99301757812501],[-121.40722656249997,48.99301757812491],[-120.980859375,48.99301757812501],[-120.55449218749996,48.99301757812491],[-120.128076171875,48.99301757812501],[-119.701708984375,48.99301757812501],[-119.27534179687498,48.99306640624998],[-118.84892578124996,48.99306640624998],[-118.42255859374997,48.99306640624998],[-117.99619140624998,48.99306640624998],[-117.56977539062498,48.99306640624998],[-117.14340820312499,48.99306640624998],[-116.71704101562499,48.99306640624998],[-116.290625,48.99306640624998],[-115.86425781249996,48.99306640624998],[-115.43789062499994,48.99306640624998],[-115.01152343749999,48.99306640624998],[-114.58510742187497,48.99306640624998],[-114.15874023437497,48.99306640624998],[-113.73237304687495,48.99306640624998],[-113.30595703125,48.99306640624998],[-112.87958984374998,48.99306640624998],[-112.45322265624999,48.99306640624998],[-112.026806640625,48.99306640624998],[-111.60043945312496,48.99306640624998],[-111.17407226562497,48.99306640624998],[-110.74765624999996,48.99306640624998],[-110.32128906249997,48.99306640624998],[-109.894921875,48.99306640625012],[-109.46855468749996,48.99306640624998],[-109.04213867187498,48.99311523437514],[-108.615771484375,48.99311523437501],[-108.18940429687501,48.99311523437514],[-107.76298828124999,48.99311523437501],[-107.33662109375,48.99311523437514],[-106.91025390625002,48.99311523437501],[-106.48383789062497,48.99311523437514],[-106.05747070312499,48.99311523437501],[-105.63110351562496,48.99311523437514],[-105.20468749999998,48.99311523437501],[-104.77832031249999,48.99311523437514],[-104.351953125,48.99311523437514],[-103.92558593749997,48.99311523437501],[-103.49916992187498,48.99311523437514],[-103.07280273437499,48.99311523437501],[-102.646435546875,48.99311523437514],[-102.22001953124999,48.99311523437514],[-101.79365234375,48.99311523437514],[-101.36728515624999,48.99311523437501],[-100.94086914062498,48.99311523437514],[-100.51450195312498,48.99311523437501],[-100.08813476562496,48.99311523437514],[-99.66171875,48.99311523437501],[-99.23535156249999,48.99311523437501],[-98.80898437499998,48.99316406249999],[-98.3826171875,48.99316406249999],[-97.95620117187502,48.99316406249999],[-97.529833984375,48.99316406249999],[-97.10346679687501,48.99316406249999],[-96.67705078124999,48.99316406249999],[-96.25068359375,48.99316406249999],[-95.82431640625,48.99316406249999],[-95.39790039062501,48.99316406249999],[-95.162060546875,48.991748046874996],[-95.15825195312499,49.20307617187499],[-95.1552734375,49.36967773437512],[-94.93935546874997,49.349414062499974],[-94.87480468749999,49.31904296874998],[-94.85434570312496,49.304589843749994],[-94.86040039062497,49.25859374999998],[-94.84257812499995,49.11918945312504],[-94.803466796875,49.00292968749999],[-94.71279296874998,48.863427734375016],[-94.71254882812497,48.86298828125],[-94.70507812499994,48.808496093749994],[-94.67534179687499,48.774414062499986],[-94.6208984375,48.74262695312499],[-94.41416015624999,48.70410156250002],[-94.05517578124996,48.659033203125006],[-93.85161132812499,48.60727539062504],[-93.80356445312498,48.54892578124999],[-93.70771484375,48.52543945312499],[-93.56425781249997,48.53691406250001],[-93.46362304687499,48.56127929687509],[-93.37788085937501,48.616552734374956],[-93.25795898437502,48.62885742187501],[-93.155224609375,48.625341796875],[-93.05170898437503,48.619873046875114],[-92.99624023437497,48.611816406250014],[-92.83671874999997,48.56777343749999],[-92.73266601562497,48.5318359375],[-92.583251953125,48.46508789062501],[-92.50058593749996,48.4353515625],[-92.46088867187504,48.365869140625065],[-92.41459960937497,48.276611328125],[-92.34843749999996,48.276611328125],[-92.29868164062499,48.32890625],[-92.17177734374998,48.338378906249986],[-92.00517578124996,48.30185546874999],[-91.85839843749997,48.19755859375005],[-91.64731445312498,48.10458984375],[-91.51831054687497,48.0583007812501],[-91.38720703125001,48.058544921875],[-91.22065429687498,48.104589843749956],[-91.04345703124999,48.193701171875006],[-90.916064453125,48.209130859374994],[-90.84033203125,48.20053710937498],[-90.79731445312498,48.1310546875],[-90.74438476562499,48.10458984375],[-90.60708007812501,48.11259765625002],[-90.32011718749997,48.099169921874974],[-90.09179687500003,48.11811523437508],[-90.03994140624997,48.07817382812498],[-89.99365234374997,48.015332031249976],[-89.90102539062501,47.99545898437508],[-89.77539062499997,48.015332031249976],[-89.5505859375,47.99990234374997],[-89.45566406249998,47.996240234374966],[-89.27319335937499,48.01997070312511],[-89.18564453124998,48.04741210937499],[-89.06259765624996,48.09379882812499],[-88.89868164062496,48.155712890625004],[-88.61176757812497,48.26401367187509],[-88.37817382812499,48.3030761718751],[-88.16064453124996,48.22539062500005],[-87.98745117187498,48.15688476562499],[-87.92050781249998,48.13037109374998],[-87.743896484375,48.060546875],[-87.49423828124995,47.961767578125],[-87.20800781249999,47.84848632812501],[-86.92182617187495,47.73520507812499],[-86.67216796874999,47.63642578125001],[-86.49555664062504,47.56660156250011],[-86.42856445312496,47.540087890625],[-86.23447265625002,47.46005859375003],[-86.04038085937499,47.380029296874994],[-85.846337890625,47.3],[-85.65224609375002,47.21997070312504],[-85.45820312499998,47.13994140625],[-85.26411132812503,47.059960937500136],[-85.07006835937497,46.979931640625],[-84.87597656249999,46.89990234375],[-84.82705078124998,46.766845703124986],[-84.77939453124999,46.6373046875],[-84.66577148437499,46.54326171875005],[-84.56176757812501,46.45737304687501],[-84.50156249999998,46.461865234375004],[-84.44047851562499,46.49814453124997],[-84.40170898437499,46.515625],[-84.33671874999996,46.518505859374976],[-84.19218749999996,46.54956054687499],[-84.14946289062499,46.542773437499996],[-84.1251953125,46.52724609375001],[-84.12319335937502,46.50292968749999],[-84.128125,46.48359374999998],[-84.15048828124998,46.44477539062501],[-84.115185546875,46.370800781250075],[-84.10776367187498,46.288623046875],[-84.08837890624997,46.226513671875],[-84.02919921875,46.14702148437502],[-83.977783203125,46.08491210937499],[-83.91303710937503,46.072900390625115],[-83.76318359375,46.10908203125002],[-83.66928710937498,46.122753906250004],[-83.61596679687497,46.11684570312503],[-83.52475585937496,46.058691406249984],[-83.48012695312502,46.02373046875003],[-83.46948242187503,45.994677734375],[-83.59267578125001,45.81713867187506],[-83.397314453125,45.72905273437499],[-83.17929687499998,45.632763671875],[-82.9193359375,45.51796874999999],[-82.760400390625,45.44770507812511],[-82.55107421874997,45.34736328124999],[-82.515234375,45.20439453125],[-82.48505859375003,45.08374023437503],[-82.44658203124997,44.91552734375001],[-82.407373046875,44.74394531249998],[-82.36826171875,44.572998046875014],[-82.326806640625,44.391552734375],[-82.28125,44.19223632812502],[-82.24077148437499,44.01533203124999],[-82.19658203125,43.82221679687499],[-82.13784179687502,43.570898437500034],[-82.190380859375,43.47407226562499],[-82.30478515625,43.26323242187498],[-82.408203125,43.07265624999998],[-82.41723632812501,43.01738281250006],[-82.488330078125,42.73950195312498],[-82.5453125,42.624707031249976],[-82.64511718749999,42.55805664062499],[-82.74418945312497,42.493457031250095],[-82.86777343749998,42.385205078125],[-83.00371093749999,42.33173828125001],[-83.07314453125001,42.30029296875],[-83.10952148437502,42.25068359375001],[-83.14965820312499,42.141943359374984],[-83.14194335937499,41.97587890625],[-83.02998046875,41.832958984375],[-82.8662109375,41.75302734375001],[-82.69003906249998,41.67519531249999],[-82.43906249999996,41.67485351562498],[-82.213330078125,41.77871093749999],[-81.974169921875,41.88872070312497],[-81.76093749999997,41.986816406249986],[-81.50732421875,42.103466796875004],[-81.27763671874995,42.2091796875],[-81.02822265625002,42.247167968749984],[-80.68261718750003,42.29975585937501],[-80.24755859374999,42.366015624999974],[-80.03574218749998,42.441455078125],[-79.76201171874996,42.53896484375012],[-79.44624023437498,42.651464843750006],[-79.17373046875,42.74853515625],[-79.03671874999998,42.80234375],[-78.93925781249999,42.86372070312499],[-78.91508789062497,42.90913085937502],[-78.920849609375,42.93520507812501],[-78.94599609374997,42.961328125],[-78.98076171874997,42.980615234375],[-79.01166992187498,42.99702148437501],[-79.02617187499997,43.017333984374986],[-79.02905273437499,43.061767578125],[-79.04799804687495,43.08730468749999],[-79.06606445312501,43.10610351562501],[-79.05922851562501,43.27807617187499],[-79.08305664062496,43.331396484375],[-79.171875,43.466552734375135],[-79.00249023437497,43.52714843749998],[-78.84555664062496,43.58334960937499],[-78.72041015625003,43.624951171875],[-78.45825195312499,43.631494140625],[-78.214794921875,43.63066406250002],[-77.87924804687498,43.62954101562499],[-77.59653320312496,43.62861328125],[-77.26669921874998,43.627490234374996],[-77.07333984374998,43.62685546874999],[-76.81997070312502,43.62880859375007],[-76.69648437500001,43.78481445312506],[-76.58613281250001,43.92431640625011],[-76.46459960937499,44.0576171875],[-76.24853515624997,44.214111328125],[-76.18579101562496,44.24223632812499],[-76.151171875,44.303955078125014],[-76.02021484375001,44.36259765625005],[-75.87592773437504,44.416992187500114],[-75.81933593749999,44.468017578125],[-75.791943359375,44.49707031250005],[-75.40126953125002,44.77226562499999],[-75.17939453125003,44.89936523437511],[-74.99614257812497,44.970117187499966],[-74.85664062500003,45.003906250000114],[-74.762451171875,44.99907226562499],[-74.70888671875002,45.003857421875125]]],[[[-72.50976562500001,40.986035156250004],[-72.58085937499999,40.92133789062502],[-72.51660156249999,40.91479492187501],[-72.46132812499998,40.93378906249998],[-72.40898437499997,40.97216796875001],[-72.287451171875,41.024072265624994],[-72.18388671874997,41.04677734374999],[-72.15126953125,41.05146484375],[-72.10190429687498,41.01503906249999],[-72.00395507812499,41.044287109375006],[-71.90322265624998,41.06069335937499],[-72.33896484375,40.894140625],[-72.42807617187499,40.875390625],[-72.55556640624998,40.825781249999984],[-72.67607421875,40.790625],[-72.76284179687501,40.777832031249986],[-73.19428710937498,40.65419921875],[-73.22851562499999,40.65151367187499],[-73.26552734375,40.66357421875],[-73.6208984375,40.59990234375],[-73.76674804687497,40.592724609375004],[-73.89956054687502,40.57050781249998],[-73.80131835937497,40.62177734374999],[-73.79916992187499,40.640966796875006],[-73.82265625,40.65595703124999],[-73.87519531250001,40.65161132812499],[-73.92900390624999,40.598828125],[-74.01489257812499,40.581201171875],[-74.03203124999996,40.638671875],[-74.003369140625,40.68315429687499],[-73.96455078124998,40.725341796875],[-73.87924804687499,40.79165039062499],[-73.75722656249997,40.83369140625],[-73.69521484374998,40.87001953125],[-73.65224609374998,40.838037109374994],[-73.64282226562501,40.88125],[-73.609765625,40.906201171875],[-73.573828125,40.91962890624998],[-73.48740234374999,40.919970703125],[-73.440869140625,40.926757812499986],[-73.4072265625,40.94111328125],[-73.37270507812502,40.943798828125],[-73.27817382812496,40.92421875],[-73.18583984374996,40.92983398437499],[-73.11127929687495,40.95688476562499],[-73.03378906249998,40.965966796875],[-72.82880859375,40.972070312499994],[-72.62509765625,40.991845703124994],[-72.54365234375,41.02700195312499],[-72.37255859375,41.125537109375],[-72.27412109375,41.15302734375002],[-72.427392578125,41.038525390625],[-72.50976562500001,40.986035156250004]]],[[[-68.187255859375,44.332470703125],[-68.24545898437499,44.31298828124998],[-68.30927734375,44.321484375],[-68.30795898437499,44.26870117187499],[-68.31508789062498,44.24970703125002],[-68.38579101562497,44.27685546874999],[-68.41171874999998,44.29433593749999],[-68.40947265624996,44.36425781250001],[-68.34702148437498,44.43037109375001],[-68.29941406249999,44.45649414062501],[-68.23803710937499,44.43837890624999],[-68.19091796874999,44.36435546875],[-68.187255859375,44.332470703125]]],[[[-74.188134765625,40.522851562499994],[-74.23588867187497,40.518701171874994],[-74.18818359375001,40.61459960937501],[-74.10048828125,40.65844726562498],[-74.06875,40.64931640624999],[-74.0673828125,40.615429687500004],[-74.0796875,40.586474609374996],[-74.13852539062498,40.54184570312497],[-74.188134765625,40.522851562499994]]],[[[-70.50991210937501,41.37631835937502],[-70.785302734375,41.327441406249996],[-70.82919921874999,41.358984374999984],[-70.76049804687499,41.373583984375],[-70.67373046874998,41.448535156250024],[-70.61601562499997,41.45722656249999],[-70.525341796875,41.41479492187501],[-70.50991210937501,41.37631835937502]]],[[[-71.24140625000001,41.49194335937498],[-71.29091796875,41.46459960937501],[-71.34624023437499,41.46938476562499],[-71.31816406249997,41.50629882812499],[-71.30747070312499,41.560498046875004],[-71.28017578124998,41.62001953125],[-71.26445312499999,41.638232421875],[-71.23203124999996,41.654296875],[-71.24140625000001,41.49194335937498]]],[[[-69.97792968749998,41.26557617187498],[-70.05507812499998,41.24946289062499],[-70.233056640625,41.28632812499998],[-70.08662109375,41.317578125],[-70.06269531249997,41.328466796874984],[-70.04360351562501,41.3744140625],[-70.04121093749997,41.397460937499986],[-69.98559570312499,41.29863281249998],[-69.97792968749998,41.26557617187498]]],[[[-75.635693359375,35.85590820312498],[-75.65078125,35.835595703124994],[-75.7171875,35.946142578125],[-75.64887695312497,35.91040039062501],[-75.63666992187498,35.8806640625],[-75.635693359375,35.85590820312498]]],[[[-75.544140625,35.24008789062501],[-75.67827148437497,35.21284179687501],[-75.690087890625,35.221582031249994],[-75.53637695312499,35.27861328125001],[-75.487890625,35.47949218749999],[-75.48125,35.572119140625],[-75.504296875,35.73540039062501],[-75.50351562499998,35.769140625],[-75.478515625,35.71650390624999],[-75.45644531250001,35.56416015625001],[-75.46474609374998,35.44863281249999],[-75.50932617187499,35.280322265625],[-75.544140625,35.24008789062501]]],[[[-75.78193359375001,35.190185546875],[-75.96367187499999,35.11884765624999],[-75.98417968749999,35.123095703124996],[-75.86494140625003,35.17412109374998],[-75.78193359375001,35.190185546875]]],[[[-76.50366210937501,34.64296874999999],[-76.52856445312501,34.63149414062498],[-76.43701171874997,34.75634765625001],[-76.25620117187498,34.914697265624994],[-76.207373046875,34.938916015625],[-76.35771484374996,34.803662109375],[-76.50366210937501,34.64296874999999]]],[[[-82.03720703124998,26.45361328125],[-82.07285156249999,26.42753906249999],[-82.14497070312498,26.44667968749998],[-82.184375,26.480957031250004],[-82.2013671875,26.548046875],[-82.13857421874998,26.477001953124994],[-82.11606445312499,26.460937499999986],[-82.03720703124998,26.45361328125]]],[[[-82.08378906249995,26.55234375],[-82.08520507812497,26.493603515624997],[-82.13559570312502,26.59199218749999],[-82.16914062499998,26.700732421874996],[-82.12114257812497,26.66552734375],[-82.08378906249995,26.55234375]]],[[[-80.38183593750003,25.142285156249994],[-80.58056640625,24.954248046874994],[-80.558544921875,25.001318359374988],[-80.4810546875,25.101953125],[-80.45600585937503,25.149316406249998],[-80.40366210937499,25.179345703124998],[-80.354931640625,25.233642578124993],[-80.35126953125,25.296972656249988],[-80.28046874999997,25.341259765624986],[-80.257080078125,25.347607421874997],[-80.38183593750003,25.142285156249994]]],[[[-91.79370117187499,29.500732421874986],[-91.83085937499996,29.486474609374994],[-91.99624023437498,29.57309570312499],[-92.00664062499997,29.610302734374994],[-91.925048828125,29.643945312499994],[-91.87524414062501,29.64096679687499],[-91.796484375,29.596972656249996],[-91.76767578125,29.584716796874993],[-91.754296875,29.566894531250004],[-91.76191406250001,29.539013671875004],[-91.79370117187499,29.500732421874986]]],[[[-97.01435546875,27.901611328125007],[-97.03603515625,27.899169921874993],[-96.98764648437498,27.98105468749999],[-96.978662109375,28.01386718749999],[-96.89931640624998,28.117480468749996],[-96.857421875,28.13291015625],[-96.83974609374998,28.088818359375],[-96.921337890625,28.016015625],[-97.01435546875,27.901611328125007]]],[[[-96.76440429687497,28.152587890625],[-96.80112304687499,28.1484375],[-96.75561523437501,28.202441406249985],[-96.68164062499999,28.2296875],[-96.51933593749996,28.33344726562499],[-96.453125,28.340576171875],[-96.41865234375,28.376318359374995],[-96.40356445312499,28.381591796875007],[-96.41333007812499,28.337792968749998],[-96.543896484375,28.275585937499994],[-96.76440429687497,28.152587890625]]],[[[-97.35361328124998,27.30004882812499],[-97.38481445312499,27.242529296875006],[-97.37622070312501,27.328271484374987],[-97.29501953124999,27.523095703124994],[-97.13002929687498,27.779150390625],[-97.06054687499996,27.822021484374993],[-97.25087890624997,27.541210937499994],[-97.35361328124998,27.30004882812499]]],[[[-95.039697265625,29.145898437499987],[-95.08964843749996,29.136328125],[-94.87167968749998,29.29013671875],[-94.82597656249997,29.341308593749993],[-94.76762695312497,29.3390625],[-94.86494140625,29.252880859375004],[-95.039697265625,29.145898437499987]]],[[[-97.17070312500002,26.159375],[-97.184521484375,26.11293945312499],[-97.26733398437499,26.32978515625],[-97.40209960937499,26.820507812499994],[-97.407177734375,27.100195312499995],[-97.385986328125,27.196484375],[-97.35122070312501,26.801464843749986],[-97.20224609375,26.299804687499996],[-97.17070312500002,26.159375]]],[[[-120.30659179687503,34.024853515625],[-120.35971679687499,34.022265625],[-120.44155273437498,34.03291015624999],[-120.41293945312498,34.056298828125],[-120.36772460937499,34.073291015624996],[-120.3533203125,34.06059570312501],[-120.30659179687503,34.024853515625]]],[[[-119.438037109375,33.2171875],[-119.48251953125005,33.215332031250014],[-119.54365234375001,33.224609375],[-119.5751953125,33.278320312499986],[-119.52514648437499,33.28203125],[-119.47880859375002,33.274609375],[-119.44204101562498,33.232421875],[-119.438037109375,33.2171875]]],[[[-118.35039062500002,32.827587890625],[-118.40859374999998,32.81850585937498],[-118.47319335937499,32.83891601562498],[-118.52890624999998,32.935595703124996],[-118.59018554687498,33.011181640625],[-118.55708007812497,33.03266601562498],[-118.507470703125,32.95991210937501],[-118.383203125,32.849462890625006],[-118.35039062500002,32.827587890625]]],[[[-120.04355468749999,33.91884765625001],[-120.11391601562497,33.904882812500006],[-120.167138671875,33.91806640624999],[-120.25190429687501,34.01386718750001],[-120.07182617187499,34.026513671874994],[-119.994384765625,33.984912109374996],[-119.98393554687499,33.97333984374999],[-120.04355468749999,33.91884765625001]]],[[[-119.88237304687496,34.0796875],[-119.67885742187495,34.028466796874994],[-119.56914062499999,34.052978515625],[-119.54926757812497,34.028173828125006],[-119.56220703124998,34.00659179687499],[-119.80957031249999,33.96777343750002],[-119.885498046875,33.994921875],[-119.892431640625,34.03217773437499],[-119.91806640625002,34.06782226562499],[-119.88237304687496,34.0796875]]],[[[-118.34794921875,33.38574218749998],[-118.29746093749999,33.312109375],[-118.37021484375,33.32124023437498],[-118.4462890625,33.31708984375],[-118.46933593750002,33.35712890625002],[-118.49204101562498,33.412792968750004],[-118.50732421875001,33.427001953124986],[-118.559423828125,33.43198242187499],[-118.563330078125,33.43706054687498],[-118.56943359374999,33.46416015625],[-118.554833984375,33.477099609375],[-118.39169921875002,33.41508789062498],[-118.34794921875,33.38574218749998]]],[[[-122.78212890624994,48.672705078125],[-122.76884765625,48.650976562499984],[-122.80898437499994,48.629833984375],[-122.83759765624994,48.62656250000001],[-122.88310546874997,48.660644531250014],[-122.90302734375,48.66469726562499],[-122.88701171874999,48.612304687500014],[-122.892529296875,48.59448242187499],[-122.98564453124997,48.626708984374986],[-123.00283203124998,48.652197265624984],[-122.97666015624998,48.67915039062502],[-122.91801757812496,48.70698242187498],[-122.89770507812503,48.71035156249999],[-122.78212890624994,48.672705078125]]],[[[-123.01313476562498,48.500878906249994],[-122.98676757812497,48.46801757812498],[-123.09443359375,48.48906249999998],[-123.13994140624996,48.507958984375016],[-123.15341796875,48.526318359375],[-123.16958007812502,48.58671875000002],[-123.16215820312496,48.60639648437501],[-123.11416015625001,48.61328125],[-123.02416992187497,48.538476562499994],[-123.01313476562498,48.500878906249994]]],[[[-122.57275390625003,48.156640625],[-122.52382812500004,48.025439453125],[-122.50283203124998,48.080078125],[-122.36674804687497,47.985449218750006],[-122.36660156249997,47.938818359375],[-122.383154296875,47.92319335937499],[-122.41142578124999,47.91772460937498],[-122.43759765625,47.93134765624999],[-122.46162109375001,47.96401367187501],[-122.49228515624998,47.981298828124984],[-122.55751953124998,47.99248046874998],[-122.59135742187499,48.029638671875006],[-122.603173828125,48.055029296875006],[-122.60629882812502,48.12856445312501],[-122.62265625,48.151416015624996],[-122.65727539062493,48.15649414062499],[-122.69038085937497,48.173876953124996],[-122.74150390624999,48.22529296874999],[-122.74873046875001,48.239013671875014],[-122.72451171875002,48.280908203124994],[-122.66899414062496,48.35102539062498],[-122.62861328125003,48.38422851562498],[-122.603515625,48.38061523437501],[-122.57246093749998,48.3595703125],[-122.535546875,48.32119140624999],[-122.54243164062501,48.29399414062499],[-122.69213867187499,48.241064453125],[-122.69702148437497,48.228662109375],[-122.6244140625,48.21376953125],[-122.59760742187497,48.20043945312499],[-122.57275390625003,48.156640625]]],[[[-71.36533203124999,41.485253906249994],[-71.39306640624999,41.466748046875],[-71.40341796874999,41.5150390625],[-71.38398437499998,41.570556640624986],[-71.36430664062499,41.57182617187499],[-71.35449218749997,41.54228515624999],[-71.36533203124999,41.485253906249994]]],[[[-74.13320312499997,39.68076171874999],[-74.25048828125,39.52939453124999],[-74.253173828125,39.558496093749994],[-74.10673828124999,39.746435546875],[-74.13320312499997,39.68076171874999]]],[[[-75.33305664062499,37.88828125],[-75.378515625,37.872070312500014],[-75.2259765625,38.072314453124996],[-75.13740234375,38.240087890625],[-75.09790039062501,38.29809570312502],[-75.13623046875001,38.18051757812499],[-75.20322265624999,38.07241210937501],[-75.33305664062499,37.88828125]]],[[[-76.54624023437499,34.654882812499984],[-76.56850585937501,34.652539062500004],[-76.6078125,34.66357421875002],[-76.66196289062498,34.68466796874998],[-76.67392578124998,34.70014648437501],[-76.622265625,34.694531249999976],[-76.54624023437499,34.654882812499984]]],[[[-81.33481445312495,24.65048828124999],[-81.36479492187499,24.629931640625006],[-81.37905273437498,24.636279296875],[-81.37905273437498,24.666259765625004],[-81.42167968749999,24.7326171875],[-81.42006835937498,24.75],[-81.32231445312499,24.68505859375001],[-81.31982421874996,24.667626953124998],[-81.33481445312495,24.65048828124999]]],[[[-80.82939453125,24.803662109374997],[-80.84833984375,24.803662109374997],[-80.83886718749997,24.81787109375],[-80.79941406249999,24.8462890625],[-80.785205078125,24.835253906250006],[-80.786767578125,24.821044921875004],[-80.82939453125,24.803662109374997]]],[[[-80.63828124999998,24.903173828124984],[-80.66513671874995,24.8984375],[-80.62568359374998,24.941113281249997],[-80.61459960937499,24.937939453124997],[-80.63828124999998,24.903173828124984]]],[[[-81.044189453125,24.716796875],[-81.08999023437501,24.693115234375004],[-81.137353515625,24.710498046874996],[-81.08525390624997,24.734179687500003],[-80.93046874999997,24.759472656249997],[-80.98891601562501,24.727880859374984],[-81.044189453125,24.716796875]]],[[[-81.41899414062499,30.971435546875004],[-81.46347656249996,30.727783203124996],[-81.48271484375,30.814062500000013],[-81.484619140625,30.89785156250001],[-81.450927734375,30.947412109374998],[-81.41899414062499,30.971435546875004]]],[[[-81.56669921874997,24.59990234375001],[-81.63149414062498,24.590039062499997],[-81.57924804687497,24.629394531249996],[-81.56230468749997,24.689160156250004],[-81.531640625,24.64248046874999],[-81.53222656249997,24.614160156249994],[-81.56669921874997,24.59990234375001]]],[[[-80.18676757812497,27.278417968749995],[-80.17050781249998,27.20478515624999],[-80.26245117187501,27.375585937499984],[-80.37607421875,27.64340820312499],[-80.4369140625,27.850537109374997],[-80.395751953125,27.79453125],[-80.35551757812499,27.678613281249998],[-80.18676757812497,27.278417968749995]]],[[[-81.783837890625,24.544580078124994],[-81.80922851562498,24.54233398437499],[-81.81142578125,24.5578125],[-81.76767578125002,24.576708984375003],[-81.738671875,24.575439453125004],[-81.73974609375001,24.5544921875],[-81.783837890625,24.544580078124994]]],[[[-88.88930664062501,29.712597656249997],[-88.94360351562499,29.660253906250002],[-88.94111328124998,29.680224609374996],[-88.901171875,29.7326171875],[-88.87265625,29.75297851562498],[-88.88930664062501,29.712597656249997]]],[[[-88.55810546875,30.215917968750002],[-88.57065429687498,30.204785156250004],[-88.65922851562499,30.225585937499993],[-88.71308593749998,30.24492187499998],[-88.72285156250001,30.264257812499977],[-88.573974609375,30.229150390625],[-88.55810546875,30.215917968750002]]],[[[-88.071337890625,30.25234375],[-88.15932617187498,30.23090820312499],[-88.28974609375001,30.232910156249986],[-88.31625976562499,30.240429687499986],[-88.26391601562497,30.254736328124995],[-88.109375,30.273730468749992],[-88.071337890625,30.25234375]]],[[[-89.22397460937499,30.084082031250013],[-89.22045898437497,30.037597656249996],[-89.26943359374997,30.060742187500004],[-89.34199218749998,30.062841796875006],[-89.31005859375,30.0787109375],[-89.28764648437499,30.09418945312499],[-89.27646484374998,30.110839843749996],[-89.18466796874998,30.16865234375],[-89.21069335937497,30.126220703125],[-89.22397460937499,30.084082031250013]]],[[[-88.82744140624997,29.80771484375],[-88.85566406249997,29.775878906250004],[-88.82797851562498,29.928369140624998],[-88.86689453125,30.05673828124999],[-88.82587890624998,30.000390625],[-88.81259765624999,29.93334960937501],[-88.82744140624997,29.80771484375]]],[[[-84.90791015624998,29.642626953124992],[-85.008251953125,29.606640625],[-85.11674804687497,29.63281250000001],[-85.04931640624999,29.63779296874999],[-85.00053710937497,29.627197265625004],[-84.87700195312493,29.678662109374983],[-84.81220703125,29.717626953125013],[-84.73715820312499,29.732421875],[-84.90791015624998,29.642626953124992]]],[[[-122.85307617187497,47.20473632812502],[-122.86259765624993,47.18505859374999],[-122.87675781249999,47.18613281249999],[-122.90795898437499,47.226123046875],[-122.91191406249996,47.25434570312499],[-122.885107421875,47.27470703124997],[-122.84916992187499,47.216308593750014],[-122.85307617187497,47.20473632812502]]],[[[-122.394140625,47.39526367187501],[-122.39873046874996,47.37250976562501],[-122.437109375,47.354785156249996],[-122.456982421875,47.359326171875004],[-122.45820312500001,47.3861328125],[-122.46855468749999,47.390234375],[-122.509912109375,47.3580078125],[-122.50683593749999,47.4216796875],[-122.48647460937495,47.488769531249986],[-122.468603515625,47.489990234375],[-122.44208984375003,47.44614257812499],[-122.394140625,47.39526367187501]]],[[[-122.497265625,47.594580078125006],[-122.50263671874997,47.57543945312501],[-122.5578125,47.59829101562498],[-122.575927734375,47.61948242187501],[-122.57373046875003,47.666845703125006],[-122.56010742187499,47.69775390624999],[-122.549755859375,47.70395507812501],[-122.51723632812495,47.690576171875],[-122.50786132812497,47.682666015624996],[-122.497265625,47.594580078125006]]],[[[-122.82089843750003,48.43134765625],[-122.83657226562497,48.421533203124994],[-122.89003906250001,48.43466796875001],[-122.921630859375,48.45693359375],[-122.932275390625,48.484765625],[-122.91220703125,48.537988281249994],[-122.88549804687499,48.551611328125006],[-122.868896484375,48.54863281249999],[-122.86191406249999,48.50185546874998],[-122.81459960937501,48.45234375000001],[-122.82089843750003,48.43134765625]]],[[[-68.62319335937498,44.196044921875],[-68.66118164062497,44.17626953124999],[-68.70170898437499,44.182666015624996],[-68.70302734374998,44.231982421874996],[-68.69077148437499,44.24873046874999],[-68.67675781249999,44.25620117187499],[-68.65595703124998,44.24233398437497],[-68.62319335937498,44.196044921875]]]]}},{"type":"Feature","properties":{"ADMIN":"United Kingdom","ADM0_A3":"GBR"},"geometry":{"type":"MultiPolygon","coordinates":[[[[-2.667675781249983,51.62299804687502],[-2.742138671874983,51.58110351562499],[-2.978515625,51.53886718750002],[-3.080371093749989,51.495800781250004],[-3.2587890625,51.398486328124996],[-3.293115234374994,51.390429687499996],[-3.562353515624976,51.413818359375],[-3.762695312499999,51.53994140625001],[-3.890771484374994,51.59165039062501],[-3.943652343749989,51.597509765625006],[-3.998339843749988,51.58212890624998],[-4.11528320312499,51.56640625],[-4.234570312499982,51.56909179687499],[-4.173681640624978,51.62734374999999],[-4.091015624999983,51.65991210937501],[-4.276171874999989,51.68251953125],[-4.32763671875,51.70024414062498],[-4.386279296874989,51.741064453124984],[-4.531494140625,51.748046875000014],[-4.600781249999983,51.737646484374984],[-4.717626953124976,51.68369140625001],[-4.902294921874983,51.626269531249996],[-5.124755859375,51.705859374999974],[-5.168359375,51.74072265624999],[-5.167236328124998,51.80805664062498],[-5.200585937499995,51.86137695312501],[-5.262304687499977,51.880175781249996],[-5.183349609375,51.94965820312501],[-5.088085937499984,51.9958984375],[-4.878515624999977,52.04184570312499],[-4.561132812499976,52.150878906249986],[-4.383154296874978,52.197314453124974],[-4.217724609374982,52.277441406249984],[-4.149365234374982,52.32626953124999],[-4.099755859374995,52.39311523437501],[-4.050537109375001,52.47514648437499],[-3.980322265624977,52.541748046874986],[-4.048437499999975,52.55761718749999],[-4.078906249999989,52.60786132812499],[-4.070703125,52.658837890624994],[-4.039257812499983,52.704052734375],[-4.067431640624987,52.760742187499986],[-4.117529296874977,52.820019531249976],[-4.114746093749999,52.86616210937501],[-4.101464843749993,52.915478515625004],[-4.229150390624994,52.91284179687501],[-4.3564453125,52.897412109375004],[-4.471826171874993,52.86245117187498],[-4.583691406249983,52.81494140624999],[-4.683056640624984,52.80615234375001],[-4.681445312499989,52.844140625],[-4.638330078124993,52.89111328124999],[-4.525683593749988,52.958203125],[-4.405078124999989,53.01381835937501],[-4.362207031249994,53.05605468750004],[-4.328417968749989,53.10512695312498],[-4.2685546875,53.14453125],[-4.111035156249983,53.21894531249999],[-3.809277343749982,53.302685546875004],[-3.764208984374988,53.30761718749999],[-3.645898437499993,53.297900390625],[-3.529589843749989,53.310546875],[-3.427734375,53.34067382812497],[-3.326171875,53.34716796875001],[-3.097558593749995,53.26030273437501],[-3.165576171874989,53.394677734375],[-3.064746093749989,53.42685546874998],[-2.918554687499977,53.30537109375],[-2.864160156249995,53.29257812499998],[-2.74951171875,53.310205078125],[-2.79375,53.330712890625016],[-2.845410156249983,53.33193359375],[-2.913085937499999,53.35024414062499],[-2.969970703125,53.389208984374996],[-3.064599609374993,53.51284179687501],[-3.059472656249993,53.58623046875],[-2.995703124999976,53.66254882812499],[-2.925097656249987,53.732763671875],[-2.984326171874983,53.746728515625],[-3.031787109374987,53.77358398437502],[-3.045361328124982,53.84384765625],[-3.026757812499994,53.90590820312498],[-2.899853515624983,53.96069335937499],[-2.862402343749977,54.043847656249994],[-2.846484374999988,54.13530273437502],[-2.867578125,54.17724609374997],[-2.993505859374977,54.17050781249999],[-3.054736328124989,54.15341796875001],[-3.109667968749988,54.126318359375006],[-3.165966796874984,54.127929687499986],[-3.321533203125,54.22910156250004],[-3.410253906249977,54.30561523437499],[-3.569384765624989,54.46757812499999],[-3.592041015625,54.56435546875001],[-3.464599609374999,54.77309570312501],[-3.267919921874977,54.90659179687499],[-3.036230468749977,54.95307617187498],[-3.0810546875,54.96196289062498],[-3.43408203125,54.96376953125003],[-3.550439453124995,54.94741210937501],[-3.658300781249978,54.89287109374999],[-3.71923828125,54.876123046875],[-3.783251953124987,54.86992187500001],[-3.841601562499989,54.8427734375],[-3.898583984374994,54.80507812500003],[-3.957910156249993,54.780957031250004],[-4.075781249999978,54.787207031250006],[-4.132958984374994,54.77924804687501],[-4.174023437499982,54.80107421875001],[-4.208398437499994,54.837158203125014],[-4.25341796875,54.84677734374998],[-4.303662109374983,54.83569335937501],[-4.409912109375,54.78706054687499],[-4.517480468749993,54.75834960937499],[-4.647558593749978,54.78901367187499],[-4.818066406249983,54.846142578125004],[-4.851708984374994,54.82529296875001],[-4.889501953124979,54.772265625],[-4.911230468749976,54.689453125],[-5.032324218749977,54.761376953125],[-5.135498046875001,54.85751953125002],[-5.170117187499984,54.917919921875],[-5.172705078124978,54.985888671875],[-5.116699218750002,55.012255859375],[-5.055859374999983,54.98813476562503],[-4.965185546874978,55.14946289062498],[-4.784814453124994,55.35942382812503],[-4.721142578124981,55.42099609374999],[-4.676757812499999,55.50131835937501],[-4.684375,55.55390625000001],[-4.72416992187499,55.59829101562501],[-4.891845703124999,55.699121093749994],[-4.889648437499999,55.781201171875],[-4.871679687499979,55.87392578125002],[-4.826074218749994,55.92954101562501],[-4.806835937499984,55.940136718750004],[-4.584082031249975,55.938671875],[-4.670947265624989,55.9673828125],[-4.844091796874978,56.051171875],[-4.841015624999983,56.080859375000024],[-4.80029296875,56.15834960937501],[-4.819140624999988,56.15048828125003],[-4.85625,56.114697265625004],[-4.927099609374978,56.02807617187499],[-4.970361328124992,56.00786132812497],[-5.092822265624987,55.98730468749999],[-5.114990234374999,55.94462890624998],[-5.134667968749993,55.93349609375001],[-5.195849609374989,55.92866210937497],[-5.214599609375002,55.88886718750002],[-5.228222656249981,55.88632812500001],[-5.245605468749999,55.92924804687498],[-5.247314453125001,56.000390625],[-5.222949218749989,56.0658203125],[-5.176416015624992,56.116992187499996],[-4.996972656249996,56.23334960937504],[-5.084326171874977,56.19746093749998],[-5.282324218749975,56.08994140625002],[-5.383447265624991,56.01923828124997],[-5.41044921874999,55.99536132812503],[-5.418896484374983,55.97524414062502],[-5.418310546874977,55.95205078124999],[-5.372900390624978,55.827685546874996],[-5.385839843749978,55.77011718750002],[-5.556445312499989,55.38959960937498],[-5.588769531249994,55.351416015625006],[-5.618457031249988,55.331445312500016],[-5.646533203124989,55.326855468749976],[-5.730664062499983,55.33413085937502],[-5.768212890624994,55.362646484375],[-5.767871093749989,55.394970703125026],[-5.752099609374996,55.44345703125002],[-5.681347656249982,55.623974609375004],[-5.650634765624999,55.67412109375001],[-5.605029296874988,55.72075195312497],[-5.504492187499975,55.802392578125],[-5.506933593749977,55.80771484375],[-5.573876953124995,55.79169921875002],[-5.602392578124976,55.796972656250006],[-5.622851562499985,55.81313476562498],[-5.609570312499984,56.055273437500006],[-5.555273437499975,56.13496093749996],[-5.534960937499989,56.25083007812499],[-5.487890624999978,56.350048828125004],[-5.433398437499988,56.42231445312501],[-5.391943359374975,56.51479492187499],[-5.329443359374978,56.555908203125014],[-5.312695312499982,56.61879882812497],[-5.242578125,56.68686523437499],[-5.188378906249993,56.75805664062497],[-5.217578124999989,56.75102539062499],[-5.564208984375,56.565722656249996],[-5.652441406249978,56.531982421875],[-5.772802734374976,56.54101562499998],[-5.864843749999974,56.56186523437498],[-5.936767578125,56.60571289062499],[-5.968896484374993,56.689892578125],[-6.057714843749978,56.692138671874986],[-6.133691406249994,56.70668945312502],[-6.132763671874982,56.718017578125],[-6.034716796874989,56.76391601562501],[-5.877636718749984,56.779638671875006],[-5.730615234374995,56.853076171874996],[-5.861425781249977,56.902685546874984],[-5.850390624999985,56.918408203124976],[-5.736279296874981,56.96064453125002],[-5.591308593749999,57.10234375],[-5.561914062499991,57.232714843749996],[-5.63125,57.293945312499986],[-5.656347656249977,57.33408203124997],[-5.794921875,57.37880859374998],[-5.818066406249983,57.43608398437499],[-5.801953124999981,57.46801757812501],[-5.756738281249994,57.49921875],[-5.688623046874993,57.52353515625],[-5.581787109374999,57.54677734374999],[-5.678759765624989,57.5716796875],[-5.714941406249979,57.601074218750014],[-5.742382812499983,57.64365234375],[-5.744921874999989,57.66831054687499],[-5.694726562499991,57.778222656249994],[-5.665478515624983,57.82353515625002],[-5.608349609374982,57.88134765624997],[-5.349023437499992,57.87807617187499],[-5.319189453124977,57.903613281249996],[-5.289794921874999,57.90458984374997],[-5.157226562499999,57.88134765624997],[-5.176904296874994,57.906396484375016],[-5.39375,58.04360351562501],[-5.413183593749977,58.06972656249997],[-5.351367187499989,58.14370117187502],[-5.346875,58.176660156249994],[-5.355957031249999,58.211914062499986],[-5.33828125,58.23872070312499],[-5.26953125,58.25141601562499],[-5.059960937499995,58.250146484375],[-5.008300781250001,58.262646484375026],[-5.031835937499976,58.298291015625004],[-5.08061523437499,58.345166015625],[-5.090136718749987,58.384521484375],[-5.078710937499976,58.419287109374984],[-5.076025390624975,58.4892578125],[-5.066503906249977,58.52021484375003],[-5.016748046874993,58.56655273437497],[-4.975634765624987,58.580322265625],[-4.924658203124976,58.58837890624999],[-4.809619140624988,58.572900390625],[-4.765771484374994,58.554199218750014],[-4.715429687499976,58.510009765625],[-4.678222656250001,58.51357421875002],[-4.534960937499988,58.56157226562502],[-4.491894531249981,58.56845703124999],[-4.433251953124993,58.512841796874994],[-4.188623046874995,58.55722656250002],[-3.859521484374995,58.57709960937499],[-3.661816406249983,58.60629882812504],[-3.453564453124982,58.61689453124998],[-3.259130859374977,58.65],[-3.053076171874975,58.63481445312497],[-3.046191406249988,58.61552734374996],[-3.056982421874978,58.588769531249994],[-3.109667968749987,58.51547851562499],[-3.101123046874989,58.43369140624999],[-3.112890624999979,58.40888671875002],[-3.136767578124989,58.3783203125],[-3.212353515624983,58.321240234375004],[-3.410986328124976,58.2396484375],[-3.775,58.052099609375],[-3.990039062499988,57.959033203124996],[-4.019628906249976,57.9142578125],[-4.035595703124982,57.85200195312499],[-3.906835937499977,57.8396484375],[-3.857128906249983,57.81855468749997],[-3.887939453124999,57.78691406250002],[-4.07841796874999,57.67705078124999],[-4.134521484374999,57.577734375],[-3.988476562499982,57.58125],[-3.868164062499999,57.60034179687499],[-3.628222656249988,57.662255859374994],[-3.402783203124984,57.70825195312499],[-3.294531249999977,57.71015625],[-3.083935546874983,57.67348632812501],[-3.036035156249993,57.67231445312499],[-2.946679687499994,57.68925781249998],[-2.856298828124977,57.692285156250016],[-2.244140625,57.680859375],[-2.074072265624977,57.702392578125],[-1.961523437499977,57.67666015625],[-1.867382812499983,57.61235351562498],[-1.777929687499977,57.49375],[-1.780664062499994,57.47402343749998],[-1.834716796875,57.419970703124996],[-1.934472656249994,57.352197265624994],[-2.020312499999989,57.258886718749984],[-2.045507812499976,57.208544921875],[-2.062353515624977,57.153466796875],[-2.089550781249983,57.10253906250001],[-2.260253906249999,56.86333007812497],[-2.426660156249993,56.730712890625],[-2.5009765625,56.636572265625],[-2.592675781249995,56.561572265624974],[-2.680957031249988,56.514404296874986],[-2.775195312499988,56.48295898437498],[-3.047412109374987,56.44936523437498],[-3.123583984374987,56.42529296875],[-3.214453124999976,56.38393554687497],[-3.309960937499994,56.363476562499976],[-3.197998046875001,56.36606445312501],[-3.087011718749977,56.389062500000016],[-2.88515625,56.39750976562502],[-2.652734375,56.31826171875002],[-2.674267578124983,56.25341796875001],[-2.767578125,56.20214843750001],[-2.979785156249988,56.19409179687501],[-3.178222656249999,56.08012695312502],[-3.267773437499983,56.045068359375],[-3.362255859374982,56.027636718749996],[-3.480419921874983,56.0328125],[-3.695117187499989,56.06333007812502],[-3.7890625,56.09521484375001],[-3.70415039062499,56.043164062500026],[-3.6078125,56.016015625],[-3.048730468749994,55.95195312499999],[-3.015087890624982,55.95859375],[-2.836865234374983,56.02626953125003],[-2.599316406249983,56.027294921875],[-2.147070312499977,55.90297851562497],[-2.016845703125,55.80795898437497],[-1.830273437499983,55.67172851562501],[-1.728759765625,55.61855468750001],[-1.655371093749977,55.570361328124996],[-1.610156249999988,55.498095703125],[-1.522558593749977,55.25952148437501],[-1.422656249999989,55.02641601562502],[-1.291748046875,54.77387695312498],[-1.232421875,54.7037109375],[-1.154394531249977,54.654492187500004],[-0.759326171874989,54.54140625],[-0.67138671875,54.503906249999986],[-0.518115234374989,54.39511718750001],[-0.370361328125,54.27919921875001],[-0.232861328124983,54.19013671874998],[-0.084375,54.11806640624997],[-0.156298828124989,54.08061523437498],[-0.20556640625,54.021728515625],[-0.16875,53.941650390625],[-0.108251953124977,53.86518554687498],[0.010546875000017,53.74282226562499],[0.115332031250006,53.609277343749994],[0.076708984375017,53.62944335937498],[0.036083984375011,53.64052734375],[-0.019433593749994,53.637207031250014],[-0.07373046875,53.64365234374998],[-0.173828125,53.68544921874998],[-0.27001953125,53.736767578125004],[-0.461376953124983,53.716162109375],[-0.567675781249989,53.72539062500002],[-0.659912109375,53.72402343749999],[-0.485058593749983,53.694384765625],[-0.293701171875,53.692333984375],[0.128320312500023,53.468261718749986],[0.27099609375,53.33549804687499],[0.355761718750017,53.159960937499974],[0.298046875000011,53.08110351562499],[0.208203125000011,53.030029296874986],[0.124414062500023,52.97158203125],[0.0458984375,52.90561523437499],[0.27978515625,52.80869140624996],[0.330175781250006,52.81162109374998],[0.381933593750006,52.825195312499986],[0.431640625,52.85815429687498],[0.515527343750023,52.93837890625001],[0.558789062500011,52.966943359374994],[0.704492187500023,52.97724609374998],[0.826757812500006,52.97109375],[0.948535156250017,52.953369140625],[1.055566406250023,52.958984375],[1.271289062500017,52.924560546875],[1.382128906250017,52.893505859375],[1.65673828125,52.75371093750001],[1.716113281250017,52.67724609375001],[1.743359375000012,52.578515625],[1.746582031249999,52.46899414062499],[1.700390625000011,52.36889648437498],[1.647363281250023,52.27851562499998],[1.614648437500023,52.161816406250004],[1.59140625,52.119775390624994],[1.558984375000023,52.08686523437498],[1.413476562500023,51.99477539062501],[1.316796875000023,51.95693359374999],[1.275976562500006,51.97353515625],[1.232421875,51.971240234374996],[1.227832031250017,51.94912109375],[1.273828125000023,51.90209960937499],[1.2744140625,51.84536132812502],[1.1884765625,51.803369140624994],[1.101171875,51.78544921874998],[0.955078125,51.80781249999998],[0.752246093750017,51.72958984375],[0.898046875,51.68940429687497],[0.927441406250011,51.64663085937499],[0.890917968750017,51.57143554687498],[0.799218750000023,51.537890625],[0.697558593750017,51.523046874999956],[0.593457031250011,51.519482421875004],[0.507226562500023,51.501074218750006],[0.424511718750011,51.465625],[0.5283203125,51.484472656250006],[0.600292968750011,51.46796875000001],[0.6455078125,51.4046875],[0.6865234375,51.38657226562501],[0.889355468750011,51.359521484375],[1.014941406250017,51.35971679687502],[1.257128906250017,51.37509765624999],[1.373437500000023,51.374707031250004],[1.414941406250023,51.36328125],[1.415625,51.310839843750024],[1.397558593750006,51.18203125],[1.365527343750017,51.15546875],[1.04443359375,51.047265625],[0.978613281250006,50.9716796875],[0.960156250000011,50.92587890625002],[0.772363281250023,50.93398437499998],[0.684375,50.885546875],[0.532324218750006,50.85341796874999],[0.414746093750011,50.819189453125006],[0.299707031250023,50.7759765625],[0.205078125,50.763037109375006],[-0.203906249999989,50.81435546874997],[-0.450781249999977,50.81015625],[-0.785253906249977,50.76542968749999],[-0.871386718749989,50.77280273437499],[-1.000585937499977,50.815625],[-1.132861328124988,50.84458007812501],[-1.285058593749994,50.85732421875001],[-1.416455078124983,50.896875],[-1.33447265625,50.82080078125],[-1.516748046874994,50.747460937500016],[-1.600830078125,50.73286132812499],[-1.687890625,50.73515625],[-1.866015624999988,50.715234375],[-2.031054687499988,50.72539062500002],[-2.00625,50.67324218749999],[-1.962060546874995,50.627783203125],[-1.997900390624976,50.608007812500006],[-2.035839843749983,50.60307617187501],[-2.350146484374989,50.63740234375001],[-2.394677734374994,50.63090820312501],[-2.433447265624976,50.59921874999998],[-2.547753906249994,50.616308593750006],[-2.658837890624994,50.66972656249997],[-2.776953124999977,50.70556640625001],[-2.90087890625,50.722412109375],[-2.999414062499995,50.716601562499996],[-3.404589843749989,50.632421875],[-3.485449218749976,50.547949218749984],[-3.525878906249999,50.428173828125],[-3.584375,50.32182617187499],[-3.679785156249978,50.239941406249976],[-3.793359375,50.22924804687499],[-3.90019531249999,50.28593749999999],[-4.103417968749993,50.34853515624999],[-4.172558593749983,50.3908203125],[-4.194580078124999,50.39331054687499],[-4.217285156249999,50.37817382812501],[-4.296972656249976,50.35908203124999],[-4.379492187499977,50.35820312499998],[-4.506689453124975,50.34135742187499],[-4.727978515624982,50.290478515625],[-4.817382812500001,50.255957031250006],[-5.009521484375001,50.16074218750001],[-5.04863281249999,50.134375],[-5.118505859374976,50.03833007812498],[-5.225244140624991,50.02138671875],[-5.322851562499977,50.08295898437498],[-5.433984375,50.104443359375],[-5.551220703124983,50.08339843750001],[-5.62211914062499,50.05068359375],[-5.655175781249993,50.077246093749984],[-5.65625,50.131884765625024],[-5.570654296874975,50.196972656249976],[-5.34228515625,50.24614257812499],[-5.141796874999983,50.373730468749976],[-5.04345703125,50.45151367187499],[-5.004443359374988,50.49526367187499],[-4.956396484374977,50.523144531250004],[-4.893554687499999,50.53369140624997],[-4.861279296874983,50.582031249999986],[-4.582910156249994,50.77636718750001],[-4.559960937499993,50.82094726562498],[-4.546093749999983,50.900683593749996],[-4.523095703124993,50.97744140624999],[-4.296484374999978,51.02714843749999],[-4.188183593749982,51.188525390624996],[-4.158398437499983,51.201318359374994],[-3.842333984374988,51.23090820312498],[-3.60791015625,51.22856445312498],[-3.375097656249977,51.196972656250004],[-3.255761718749994,51.194140624999974],[-3.135986328125,51.205029296875],[-3.04204101562499,51.248583984374974],[-2.88125,51.40566406250001],[-2.790820312499988,51.4748046875],[-2.687207031249983,51.53725585937502],[-2.590283203124983,51.60859374999998],[-2.433056640624983,51.74072265624999],[-2.539355468749988,51.69521484375],[-2.667675781249983,51.62299804687502]]],[[[-4.19677734375,53.32143554687501],[-4.154882812499978,53.30283203124999],[-4.049365234374989,53.305761718750006],[-4.084277343749989,53.26430664062498],[-4.200390624999983,53.218066406249996],[-4.278613281249987,53.172412109374974],[-4.373046875,53.1341796875],[-4.418847656249993,53.17802734375002],[-4.47197265624999,53.1763671875],[-4.553222656250001,53.26044921874997],[-4.567871093750001,53.38647460937502],[-4.461718749999989,53.41928710937501],[-4.315087890624993,53.41723632812499],[-4.19677734375,53.32143554687501]]],[[[-2.548876953124989,59.23134765625001],[-2.662060546874982,59.23017578124999],[-2.603613281249978,59.28930664062505],[-2.53564453125,59.30415039062499],[-2.406982421875,59.29755859375],[-2.429833984374995,59.271044921875],[-2.548876953124989,59.23134765625001]]],[[[-1.042529296874988,60.5138671875],[-1.06787109375,60.502294921875],[-1.16552734375,60.60390625],[-1.093310546874989,60.72021484375002],[-1.005615234375,60.71650390625002],[-0.991650390624983,60.68603515625003],[-1.000341796874977,60.65800781249997],[-1.045019531249977,60.655517578125014],[-1.049023437499983,60.64692382812497],[-1.035107421874983,60.59291992187498],[-1.034228515624988,60.53017578125001],[-1.042529296874988,60.5138671875]]],[[[-1.30810546875,60.5375],[-1.287402343749988,60.46704101562498],[-1.235742187499994,60.485302734375026],[-1.157763671874989,60.41772460937501],[-1.117968749999988,60.417626953125],[-1.052441406249983,60.444482421875],[-1.065673828125,60.38159179687499],[-1.133691406249994,60.20698242187496],[-1.152783203124983,60.17734374999997],[-1.165722656249983,60.124267578125014],[-1.179248046874988,60.11391601562501],[-1.199316406249977,60.006591796875],[-1.245312499999983,59.97124023437501],[-1.283789062499977,59.88691406249999],[-1.299462890624994,59.87866210937498],[-1.355859375,59.91113281249999],[-1.299511718749983,60.03984375],[-1.276171874999988,60.11464843749999],[-1.290917968749994,60.153466796875],[-1.322802734374988,60.18837890624996],[-1.409033203124977,60.18950195312504],[-1.481494140624988,60.17338867187501],[-1.496875,60.19399414062506],[-1.499121093749977,60.22177734375],[-1.5166015625,60.231005859374996],[-1.613037109375,60.22910156249999],[-1.641357421875,60.236767578125004],[-1.660058593749994,60.26225585937496],[-1.663769531249983,60.28251953124998],[-1.57666015625,60.29838867187502],[-1.494433593749988,60.29248046874999],[-1.374609374999977,60.33291015625001],[-1.449560546874977,60.46855468749998],[-1.548828125,60.481298828125],[-1.57177734375,60.49443359375002],[-1.552636718749995,60.517431640625055],[-1.498144531249977,60.529833984375024],[-1.414208984374994,60.59873046875],[-1.363964843749983,60.60957031249998],[-1.301708984374983,60.607666015625],[-1.30810546875,60.5375]]],[[[-0.774267578124977,60.811962890625],[-0.774316406249995,60.80048828125003],[-0.826171875,60.71616210937502],[-0.825488281249988,60.683935546875006],[-0.909130859374983,60.68701171874998],[-0.922265625,60.697265625],[-0.938085937499977,60.74565429687501],[-0.927539062499989,60.797167968749974],[-0.915820312499989,60.81044921874995],[-0.891406249999989,60.815917968750036],[-0.864941406249983,60.80581054687502],[-0.823437499999983,60.83188476562499],[-0.801806640624989,60.83125],[-0.774267578124977,60.811962890625]]],[[[-3.164941406249994,58.79418945312501],[-3.222119140624983,58.78095703124999],[-3.278808593749999,58.78193359374998],[-3.3671875,58.839746093749994],[-3.400830078124984,58.881787109375],[-3.394726562499982,58.90961914062496],[-3.357421875,58.918994140625024],[-3.271923828124983,58.905273437499986],[-3.227636718749977,58.85717773437497],[-3.222119140624982,58.82587890625002],[-3.211621093749983,58.813574218750006],[-3.158544921874976,58.80122070312499],[-3.164941406249994,58.79418945312501]]],[[[-2.929394531249983,58.741601562500044],[-2.938964843749999,58.73862304687503],[-2.975390624999989,58.75693359375005],[-3.035449218749989,58.82265624999998],[-2.941210937499989,58.83569335937503],[-2.896435546874982,58.827587890624955],[-2.9130859375,58.79960937500002],[-2.929394531249983,58.741601562500044]]],[[[-3.057421874999989,59.029638671875],[-3.070703125,59.00498046875],[-2.994677734374988,59.005566406250004],[-2.884570312499988,58.98452148437499],[-2.81791992187499,58.98188476562501],[-2.762451171875,58.95581054687501],[-2.793017578124988,58.906933593749976],[-2.826220703124989,58.89326171874998],[-2.863769531249999,58.890527343749994],[-2.994824218749982,58.93935546874999],[-3.166601562499976,58.919091796874966],[-3.200781249999978,58.925292968750036],[-3.223339843749983,58.93876953125001],[-3.232617187499982,58.95551757812499],[-3.2328125,58.98964843749998],[-3.242138671874983,58.999707031250026],[-3.304345703124993,58.967431640625],[-3.331640624999976,58.97124023437499],[-3.347070312499994,58.986718750000016],[-3.353710937499983,59.01875],[-3.346826171874995,59.06499023437499],[-3.310351562499987,59.13081054687501],[-3.248583984374988,59.14394531250001],[-3.156494140625,59.13632812500002],[-3.051123046874977,59.09902343749996],[-3.019238281249982,59.07602539062501],[-3.020019531250001,59.05766601562502],[-3.057421874999989,59.029638671875]]],[[[-2.729394531249994,59.186767578125036],[-2.815234375,59.16191406250002],[-2.851855468749988,59.182470703124984],[-2.861425781249978,59.246826171875],[-2.963769531249994,59.27436523437501],[-3.013476562499989,59.29145507812501],[-3.052050781249989,59.323876953124994],[-3.042236328125,59.33383789062502],[-2.975537109374983,59.347119140625],[-2.861621093749988,59.28833007812499],[-2.815039062499976,59.240820312499984],[-2.730664062499982,59.226757812500004],[-2.719921874999983,59.219482421875],[-2.729394531249994,59.186767578125036]]],[[[-6.607617187499982,56.585009765624996],[-6.664453125,56.579443359374984],[-6.668554687499977,56.593603515624984],[-6.569921874999976,56.661230468749984],[-6.506054687499982,56.67236328125001],[-6.48369140624999,56.66577148437502],[-6.530078124999988,56.626611328124994],[-6.607617187499982,56.585009765624996]]],[[[-5.105419921874984,55.448828125],[-5.23149414062499,55.448095703124984],[-5.277050781249981,55.456738281250004],[-5.331494140624983,55.48105468750001],[-5.392675781249977,55.61835937499998],[-5.370800781249982,55.666943359374976],[-5.345703125,55.69072265625001],[-5.318115234375,55.70917968750001],[-5.251611328124993,55.71694335937501],[-5.185449218749994,55.69096679687498],[-5.160400390625002,55.66679687500001],[-5.104980468750001,55.57397460937502],[-5.094726562499999,55.49433593749998],[-5.105419921874984,55.448828125]]],[[[-5.777880859374988,56.344335937499984],[-6.176171875,56.28872070312498],[-6.313427734374983,56.29365234375],[-6.325830078124994,56.32094726562499],[-6.298486328124996,56.339160156250024],[-6.184863281249987,56.356884765624976],[-6.138867187499983,56.490625],[-6.310644531249976,56.5521484375],[-6.319677734374976,56.56943359375002],[-6.30625,56.598779296875],[-6.286328124999981,56.61186523437498],[-6.182080078124981,56.64296875],[-6.13828124999998,56.649853515625004],[-6.102734374999982,56.645654296875016],[-6.029589843749988,56.609814453125026],[-5.946679687499996,56.53452148437501],[-5.836035156249975,56.52255859374997],[-5.760839843749977,56.49067382812501],[-5.777880859374988,56.344335937499984]]],[[[-6.12890625,55.93056640625],[-6.092822265624987,55.80214843749997],[-6.057617187499997,55.72250976562499],[-6.055322265624994,55.6953125],[-6.088378906250001,55.65751953125002],[-6.253173828124999,55.6072265625],[-6.305078125,55.606933593750014],[-6.307226562499981,55.61914062500002],[-6.270019531250002,55.6703125],[-6.302050781249989,55.72836914062502],[-6.286425781249986,55.77250976562498],[-6.301757812499999,55.78061523437499],[-6.333886718749994,55.774365234375004],[-6.451953124999987,55.704248046874994],[-6.491357421874995,55.697314453124996],[-6.495654296874989,55.71157226562501],[-6.466455078124995,55.768994140625],[-6.462841796874984,55.80825195312503],[-6.44526367187498,55.832373046875006],[-6.413183593749975,55.85463867187498],[-6.374951171874983,55.871337890625],[-6.344140625,55.87373046875],[-6.311279296875001,55.85649414062502],[-6.215673828124977,55.90458984375],[-6.12890625,55.93056640625]]],[[[-5.970068359374976,55.81455078124998],[-5.990917968749983,55.80380859375002],[-6.04155273437499,55.80678710937501],[-6.06035156249999,55.82290039062501],[-6.070703125,55.84765625],[-6.071972656249979,55.89311523437499],[-6.04130859374999,55.925634765625006],[-5.911767578124993,55.97475585937497],[-5.970312499999979,55.9921875],[-5.97265625,56.004443359375],[-5.939062499999976,56.04526367187497],[-5.799609374999989,56.10878906250002],[-5.762255859374986,56.1203125],[-5.725146484374988,56.11855468750001],[-5.797216796874975,56.005615234375],[-5.970068359374976,55.81455078124998]]],[[[-6.198681640624979,58.363281249999964],[-6.325830078124995,58.18886718750002],[-6.375585937499978,58.18457031250001],[-6.419287109374975,58.140966796874984],[-6.554589843749995,58.092871093750006],[-6.436523437500001,58.09189453125001],[-6.403369140624989,58.07587890625],[-6.402441406249979,58.04135742187502],[-6.425195312499996,58.021289062500024],[-6.578125,57.941357421875],[-6.683300781249981,57.91103515625002],[-6.79658203124998,57.827539062500016],[-6.853759765625001,57.826513671875],[-6.910351562499984,57.77338867187498],[-6.956933593749994,57.75004882812501],[-6.983105468749982,57.75],[-7.013183593750002,57.76176757812503],[-7.08344726562498,57.81376953124997],[-6.955957031249993,57.86489257812498],[-6.944140624999989,57.893652343749984],[-6.856835937499994,57.92353515625002],[-6.864160156249993,57.932861328124986],[-7.002539062499978,57.974902343749974],[-7.057080078124981,58.003173828125],[-7.051904296874994,58.01796875],[-6.985302734374982,58.05048828125],[-7.016894531249989,58.05478515624999],[-7.038232421874993,58.072314453125],[-7.076904296875002,58.07900390624999],[-7.088476562499979,58.095361328125],[-7.095605468749992,58.13828125],[-7.085253906249988,58.182177734375],[-7.044921875,58.201562500000016],[-7.028417968749978,58.222314453124994],[-7.012060546874978,58.22871093750001],[-6.949560546874978,58.21767578125001],[-6.88623046875,58.18256835937502],[-6.812304687499985,58.196093749999974],[-6.726464843749993,58.189404296875],[-6.724707031249975,58.19755859375001],[-6.787744140624996,58.283886718749976],[-6.776464843749975,58.30151367187498],[-6.742285156249977,58.32163085937501],[-6.544189453125,58.383154296874984],[-6.297167968749988,58.48662109375002],[-6.237451171874993,58.50283203124997],[-6.219433593749982,58.48872070312501],[-6.194238281249993,58.435107421875],[-6.198681640624979,58.363281249999964]]],[[[-6.279052734374999,56.964697265624984],[-6.308740234374995,56.95180664062502],[-6.34624023437499,56.954296875],[-6.383398437499975,56.97089843749997],[-6.4326171875,57.01791992187502],[-6.322363281249977,57.050537109375],[-6.278222656249995,57.03139648437501],[-6.261279296874988,57.00952148437501],[-6.260546874999988,56.98525390624999],[-6.279052734374999,56.964697265624984]]],[[[-6.144726562499982,57.504980468750006],[-6.146142578124993,57.46079101562497],[-6.163769531249983,57.40883789062504],[-6.140820312499981,57.353662109374994],[-6.135546875,57.31425781250003],[-6.093408203124993,57.30170898437502],[-6.067626953125001,57.283544921875],[-5.880273437499994,57.26323242187499],[-5.706005859374983,57.2689453125],[-5.672460937499975,57.25268554687498],[-5.668652343749983,57.226904296874984],[-5.696191406249995,57.19843750000002],[-5.795410156249999,57.146533203124996],[-5.913769531249984,57.06264648437504],[-5.949072265624978,57.045166015625],[-5.987304687499999,57.044433593749986],[-6.014746093749979,57.05195312500003],[-6.034375,57.201220703125],[-6.162744140624993,57.18212890625],[-6.26611328125,57.184326171875],[-6.322705078124984,57.20249023437501],[-6.362402343749979,57.2375],[-6.442431640624988,57.32749023437499],[-6.675439453124993,57.362890624999984],[-6.741308593749978,57.41245117187501],[-6.761132812499993,57.442382812500014],[-6.752734375,57.45893554687499],[-6.704199218749978,57.49575195312501],[-6.643457031249994,57.4826171875],[-6.605859375,57.49067382812498],[-6.583007812499998,57.50712890625002],[-6.583496093750002,57.52065429687502],[-6.615283203124989,57.552734375],[-6.616796874999977,57.56269531249998],[-6.378515624999976,57.603320312499996],[-6.357666015625,57.666796875],[-6.305957031249989,57.67197265625002],[-6.246923828124976,57.651220703124984],[-6.16606445312499,57.585302734375006],[-6.144726562499982,57.504980468750006]]],[[[-7.205566406249998,57.682958984375],[-7.092773437500001,57.62666015624999],[-7.182617187499997,57.53330078124999],[-7.320556640624999,57.533740234375],[-7.514746093749976,57.60195312499999],[-7.515625,57.61586914062497],[-7.499414062499995,57.63632812500001],[-7.470312499999977,57.652539062500004],[-7.440039062499978,57.65639648437503],[-7.391894531249987,57.64521484374998],[-7.324853515624992,57.66313476562498],[-7.271191406249981,57.65747070312499],[-7.205566406249998,57.682958984375]]],[[[-7.249853515624976,57.115332031250006],[-7.29204101562499,57.10976562499999],[-7.347412109374999,57.11513671875],[-7.381494140624993,57.13066406249999],[-7.415917968749992,57.19213867187502],[-7.42236328125,57.229345703125006],[-7.407031249999987,57.29848632812501],[-7.410546875,57.381103515624986],[-7.29638671875,57.383691406250016],[-7.267138671874989,57.37177734375],[-7.247558593749996,57.12636718749998],[-7.249853515624976,57.115332031250006]]],[[[-7.416894531249991,56.96542968749998],[-7.504785156249993,56.95166015625],[-7.537402343749989,56.959716796875014],[-7.54296875,56.97236328124999],[-7.52294921875,57.00678710937498],[-7.45546875,57.01894531249999],[-7.406689453124984,57.000292968749996],[-7.398925781250002,56.983349609375004],[-7.416894531249991,56.96542968749998]]],[[[-6.218017578124997,54.088720703124984],[-6.30366210937498,54.09487304687499],[-6.363671875,54.077099609375004],[-6.402587890625,54.06064453125002],[-6.440283203124975,54.06362304687502],[-6.548144531249988,54.057275390624994],[-6.649804687499992,54.058642578125],[-6.664208984374993,54.084765625],[-6.646875,54.16342773437504],[-6.669531249999976,54.184716796874994],[-6.766601562499998,54.195605468749974],[-6.802587890624975,54.21435546874999],[-6.858349609374982,54.268652343749984],[-6.869238281249977,54.29404296875],[-6.877246093749986,54.3291015625],[-6.936132812499976,54.374316406249996],[-7.007714843749995,54.406689453125],[-7.049707031249995,54.40825195312497],[-7.133496093749982,54.355371093749994],[-7.202587890624984,54.301806640625],[-7.178076171874978,54.27490234375001],[-7.155468749999979,54.23950195312498],[-7.193066406249983,54.214111328125014],[-7.306738281249975,54.156005859374986],[-7.324511718749989,54.133447265625016],[-7.35517578124998,54.121240234375],[-7.409423828124997,54.13730468749998],[-7.544433593749998,54.13359375],[-7.606542968749976,54.14384765625001],[-7.678759765624989,54.186669921875],[-7.854931640624983,54.21528320312503],[-7.884472656249981,54.2837890625],[-7.918457031250001,54.296582031250004],[-8.118261718749975,54.4142578125],[-8.14482421874999,54.45351562500003],[-8.118945312499989,54.476953125],[-8.044335937499994,54.51245117187499],[-7.793798828124976,54.571240234375004],[-7.754394531249998,54.594921875],[-7.746289062499981,54.61582031249997],[-7.819824218749999,54.63969726562499],[-7.886132812499997,54.66606445312502],[-7.908740234374987,54.683349609374986],[-7.910595703124982,54.69833984375],[-7.872949218749994,54.71787109375002],[-7.797265625,54.71928710937502],[-7.7375,54.71044921874999],[-7.68999023437499,54.728027343749986],[-7.606445312499998,54.74570312499998],[-7.550390624999977,54.767968750000016],[-7.502197265624999,54.825439453125014],[-7.451269531249975,54.87709960937503],[-7.445996093749981,54.905126953125],[-7.401416015624988,55.0033203125],[-7.376904296874983,55.027685546874984],[-7.218652343749993,55.09199218749999],[-7.178613281249993,55.056884765625],[-7.100634765624986,55.04829101562499],[-7.030761718749997,55.080615234374996],[-6.947167968749993,55.18251953124998],[-6.88896484374999,55.18891601562501],[-6.824853515624995,55.18066406250003],[-6.698828124999976,55.19345703124999],[-6.475048828124981,55.24101562500001],[-6.375292968749989,55.24179687500001],[-6.234228515624977,55.21684570312498],[-6.129150390625,55.2173828125],[-6.035791015624991,55.14453124999996],[-5.985742187499993,55.02968749999997],[-5.869189453124985,54.91621093749996],[-5.716845703124988,54.81748046874999],[-5.710742187499988,54.75708007812501],[-5.765185546874989,54.724658203125],[-5.879101562499985,54.684375],[-5.878613281249981,54.64130859374999],[-5.803466796874999,54.66303710937502],[-5.738623046874977,54.67304687499998],[-5.582519531249999,54.66342773437501],[-5.527929687499976,54.61962890625],[-5.490185546874985,54.55405273437501],[-5.470410156249983,54.50019531249998],[-5.483886718749997,54.44165039062497],[-5.525878906249999,54.460205078125],[-5.568554687499984,54.512597656249994],[-5.615966796874997,54.536718749999984],[-5.671093749999982,54.54975585937498],[-5.646093749999974,54.477880859374984],[-5.65595703124998,54.38173828124997],[-5.631884765624989,54.37265625],[-5.557812499999984,54.370996093749994],[-5.606787109374978,54.27255859375002],[-5.708056640624988,54.24584960937502],[-5.826171875,54.23583984374999],[-5.854638671874993,54.200976562499996],[-5.876074218749976,54.156054687499974],[-5.937744140625,54.0890625],[-6.01904296875,54.051269531250014],[-6.11953125,54.05888671875],[-6.218017578124997,54.088720703124984]]],[[[-1.065576171874994,50.69023437499998],[-1.149365234374983,50.65571289062499],[-1.175830078124989,50.61523437500003],[-1.196093749999988,50.59921874999998],[-1.25146484375,50.58881835937501],[-1.306298828124994,50.588525390625],[-1.515332031249983,50.669775390624984],[-1.563427734374983,50.66611328124998],[-1.515673828124989,50.70332031250001],[-1.385839843749978,50.733544921875016],[-1.312792968749989,50.77348632812501],[-1.144238281249983,50.734716796875006],[-1.065576171874994,50.69023437499998]]]]}},{"type":"Feature","properties":{"ADMIN":"Turkey","ADM0_A3":"TUR"},"geometry":{"type":"MultiPolygon","coordinates":[[[[25.970019531250017,40.136328125],[25.740234375,40.10546874999998],[25.668945312499993,40.13588867187499],[25.740917968750015,40.19628906249999],[25.874804687500024,40.23369140625002],[25.91835937500002,40.23798828125001],[25.977050781249996,40.177832031250006],[25.970019531250017,40.136328125]]],[[[41.51005859375001,41.51748046875],[41.57656250000002,41.497314453125],[41.7017578125,41.471582031249994],[41.77939453125,41.44052734375],[41.82353515625001,41.432373046875],[41.92578125,41.495654296874974],[42.077734375,41.494091796875004],[42.21113281250002,41.48671874999999],[42.27998046875001,41.475],[42.36435546875,41.45400390625],[42.46640625,41.43984375],[42.50791015625002,41.470068359375],[42.56738281249999,41.55927734374998],[42.590429687500006,41.57070312499998],[42.606835937500016,41.578808593749976],[42.68242187500003,41.58574218749999],[42.754101562500004,41.57890624999998],[42.78789062500002,41.563720703125],[42.821679687500016,41.492382812500004],[42.906738281249986,41.466845703124974],[43.05712890624999,41.35283203125],[43.14902343750002,41.307128906250014],[43.171289062500016,41.28793945312499],[43.14101562500002,41.26484374999998],[43.152832031249986,41.236425781250006],[43.205468750000016,41.19916992187499],[43.279296875,41.185205078125],[43.358984375,41.19013671875001],[43.40234375,41.1765625],[43.43339843750001,41.155517578125014],[43.44160156249998,41.12597656249999],[43.439453125,41.107128906249976],[43.455273437500004,41.06469726562498],[43.51748046875002,41.00483398437499],[43.59169921875002,40.968212890625004],[43.63164062500001,40.92900390625],[43.69648437500001,40.79414062500001],[43.72265625,40.71953124999999],[43.712890625,40.64775390624999],[43.66787109375004,40.57407226562503],[43.56933593749999,40.48237304687498],[43.59375,40.44404296874999],[43.615820312500006,40.39331054687499],[43.60839843749999,40.35659179687497],[43.678125,40.239306640624996],[43.709863281250016,40.16650390625001],[43.68330078125001,40.149658203125],[43.66621093750002,40.1263671875],[43.79169921875001,40.070263671875004],[43.9419921875,40.02314453125001],[44.00537109375,40.01411132812499],[44.17802734375001,40.035742187499984],[44.289257812500004,40.040380859375],[44.399609375,39.99575195312499],[44.560449218750016,39.88759765625001],[44.73378906250001,39.746484375],[44.76826171875,39.703515625],[44.783398437500004,39.68466796874999],[44.8171875,39.650439453124974],[44.78212890625002,39.65107421874999],[44.725,39.681738281250006],[44.58710937500001,39.76855468750001],[44.51669921875,39.73125],[44.45595703125002,39.666748046875],[44.38935546874999,39.422119140625],[44.33544921875,39.396044921874974],[44.24042968750001,39.39677734375001],[44.124023437499986,39.40522460937498],[44.0439453125,39.39296874999999],[44.02324218750002,39.377441406249986],[44.033789062500006,39.35102539062498],[44.057519531250016,39.31083984375001],[44.074316406250006,39.25996093750002],[44.07910156250001,39.21831054687498],[44.12128906250001,39.18061523437498],[44.17802734375002,39.14482421874998],[44.180566406250016,39.10805664062499],[44.171875,39.05625],[44.15878906250001,39.016748046874994],[44.14453125,38.994384765625014],[44.17080078125002,38.934375],[44.232421875000014,38.863232421875],[44.27167968750002,38.83603515625],[44.25703125000002,38.700634765625004],[44.28017578125002,38.64067382812501],[44.297851562499986,38.5578125],[44.29082031250002,38.42011718749999],[44.29853515625002,38.38627929687498],[44.319628906250024,38.37470703125],[44.375781250000024,38.36958007812502],[44.430859375,38.356787109375],[44.44990234375001,38.33422851562499],[44.44960937500002,38.317773437499994],[44.380859375,38.254589843750004],[44.37275390625001,38.20971679687501],[44.34892578125002,38.146484375],[44.32939453125002,38.10927734374999],[44.26796875000003,38.03881835937501],[44.22890625000002,37.9671875],[44.21132812500002,37.908056640625],[44.222949218750024,37.88017578124999],[44.33623046875002,37.871777343750004],[44.39775390625002,37.82924804687498],[44.56123046875001,37.74462890624996],[44.58994140625,37.7103515625],[44.54531250000002,37.65815429687501],[44.54609375000001,37.636328125],[44.5671875,37.608642578125],[44.57714843749999,37.56020507812498],[44.57314453125002,37.506396484374996],[44.574023437500024,37.435400390625],[44.6041015625,37.42373046875001],[44.71513671875002,37.35712890624999],[44.79414062500001,37.29038085937499],[44.79677734375003,37.26977539062501],[44.75830078124999,37.217089843749996],[44.76669921875,37.15634765624999],[44.765136718749986,37.142431640625],[44.73095703125,37.16528320312499],[44.669335937500016,37.17358398437499],[44.60595703124999,37.176025390624986],[44.566015625,37.15825195312502],[44.49599609375001,37.110546875],[44.401953125,37.05849609375],[44.32558593750002,37.010742187500014],[44.2818359375,36.97802734374998],[44.24570312500001,36.98330078124999],[44.21748046875002,37.011865234374966],[44.20166015625001,37.051806640625],[44.20839843750002,37.202636718750014],[44.19179687500003,37.249853515625],[44.15625,37.28295898437499],[44.114453125,37.30185546875003],[44.064648437500004,37.31245117187501],[44.01318359375,37.313525390625],[43.94003906250001,37.26928710937501],[43.836425781249986,37.22353515624999],[43.67578125,37.22724609375],[43.56796875,37.235839843749986],[43.51582031250001,37.24453125],[43.30673828125,37.3146484375],[43.263085937500016,37.31650390624996],[43.18515625,37.34487304687501],[43.09248046875001,37.36738281249999],[42.936621093750006,37.324755859374996],[42.869140624999986,37.334912109375004],[42.77460937499998,37.371875],[42.741113281250016,37.36191406249999],[42.63544921875001,37.249267578125],[42.45585937500002,37.12871093750001],[42.35898437500001,37.10859375],[42.31289062500003,37.22958984375],[42.26855468749999,37.276562499999976],[42.24755859375001,37.28222656250001],[42.20273437500001,37.29726562499998],[42.16787109375002,37.288623046874996],[42.05986328125002,37.206054687499986],[41.886816406250006,37.156396484374994],[41.743554687500016,37.12612304687499],[41.51552734375002,37.089160156249996],[41.33955078125001,37.07080078124999],[41.26464843749999,37.06933593750001],[41.1021484375,37.08588867187498],[40.95888671875001,37.109179687499996],[40.815625,37.108154296875],[40.705664062500006,37.097705078125],[40.45039062500001,37.00888671874999],[40.01640625000001,36.826074218749994],[39.68652343750001,36.738623046875],[39.50146484374999,36.70224609375],[39.356640625,36.681591796875],[39.1083984375,36.68056640624999],[38.90644531250002,36.69467773437499],[38.7666015625,36.693115234374986],[38.68886718750003,36.715087890625],[38.57802734375001,36.78911132812499],[38.44375,36.862255859375],[38.383984375,36.879248046875006],[38.305859375,36.89335937499999],[38.19169921875002,36.9015625],[37.906640625000016,36.79462890624999],[37.81796875,36.765576171875],[37.7203125,36.74370117187501],[37.52353515624999,36.67832031249999],[37.43632812500002,36.643310546875],[37.327050781250016,36.646582031250006],[37.187402343750016,36.65590820312501],[37.06621093750001,36.65263671874999],[36.9853515625,36.70239257812498],[36.941796875000016,36.7583984375],[36.7765625,36.79267578124997],[36.65859375000002,36.802539062499996],[36.62841796875,36.777685546875006],[36.596875,36.70136718749999],[36.54667968750002,36.50634765624998],[36.5375,36.457421875],[36.641406250000024,36.26352539062498],[36.63671875,36.23398437499998],[36.56240234375003,36.22392578124998],[36.47705078125,36.220703125],[36.421484375,36.203466796875006],[36.37539062500002,36.17124023437499],[36.347558593750016,36.003515625],[36.24882812500002,35.972705078124996],[36.20195312500001,35.937548828124974],[36.15361328125,35.83388671875],[36.127343750000016,35.83144531249999],[35.967578125,35.91005859374999],[35.89267578125,35.916552734374996],[35.956933593750016,35.99814453125],[35.887109375000016,36.159082031249994],[35.81093750000002,36.309863281249996],[35.8828125,36.406347656250006],[36.03173828124999,36.522705078125],[36.18847656249999,36.65898437499998],[36.18818359375001,36.74306640624999],[36.180078125000016,36.80722656249999],[36.13515625000004,36.85161132812499],[36.048925781250006,36.910595703125004],[35.90458984375001,36.84760742187499],[35.80156250000002,36.778076171874986],[35.73427734375002,36.763964843749996],[35.6611328125,36.72431640625],[35.6255859375,36.65278320312502],[35.53740234375002,36.597021484375],[35.393164062500006,36.5751953125],[35.17617187500003,36.63486328124998],[34.94316406250002,36.72568359374998],[34.811230468750004,36.799267578125],[34.70361328125001,36.81679687499999],[34.601367187500024,36.784472656249996],[34.29960937500001,36.60419921874998],[34.0234375,36.340771484375004],[33.95488281250001,36.29521484374999],[33.694726562500016,36.181982421875],[33.522753906250024,36.14399414062501],[33.441796875000016,36.152832031249986],[33.099511718750016,36.10297851562498],[32.92949218750002,36.095703124999986],[32.79482421875002,36.03588867187499],[32.533789062500006,36.100732421874994],[32.37773437500002,36.183642578124996],[32.283789062500006,36.26787109374998],[32.13056640625001,36.44912109374999],[32.02197265625001,36.535302734374994],[31.7779296875,36.61279296874999],[31.352539062500004,36.80107421875],[31.240625,36.821728515625],[30.95029296875,36.84868164062501],[30.644042968750004,36.86567382812498],[30.58203125,36.79716796874998],[30.558496093750026,36.525830078125],[30.506054687500015,36.451123046875004],[30.48359375,36.31040039062498],[30.44609375000002,36.269873046875],[30.387304687500006,36.24326171875],[30.295410156249993,36.2876953125],[30.23164062500001,36.30732421875],[30.083203125,36.24936523437498],[29.78925781250002,36.16806640624998],[29.689062500000013,36.15668945312499],[29.348339843750004,36.25883789062501],[29.2236328125,36.324462890625014],[29.14326171875001,36.397216796875],[29.11611328125002,36.52011718749998],[29.065527343750002,36.590087890625014],[29.058105468750004,36.63813476562499],[29.03828125000001,36.693457031250006],[28.969628906250023,36.71533203125],[28.89589843750002,36.67358398437499],[28.81689453125,36.675292968750014],[28.717675781250016,36.70087890624999],[28.48359375,36.80380859374999],[28.303710937499996,36.811962890625],[28.195605468750014,36.686328124999974],[28.111523437500004,36.64638671874997],[28.019433593750012,36.634472656249976],[28.01416015625,36.67021484374999],[28.083984375,36.75146484375],[27.803808593750006,36.736474609374994],[27.655859375000013,36.674609375],[27.540429687500026,36.68422851562498],[27.453906250000017,36.71215820312499],[27.466894531250002,36.74633789062499],[27.5546875,36.75888671875],[27.630859375,36.786669921874996],[27.934472656250023,36.80927734375],[28.00537109374999,36.831982421875],[28.083007812500004,36.920263671875006],[28.22441406250001,36.99638671875002],[28.24238281250002,37.02905273437501],[28.133691406250023,37.029492187499976],[27.668359375000023,37.007421875],[27.348925781250006,37.019580078125],[27.311035156249996,36.981884765624976],[27.26298828125002,36.9765625],[27.249707031250008,37.079150390625],[27.300195312500016,37.12685546874999],[27.368164062499996,37.12241210937499],[27.535058593750023,37.163867187499996],[27.520117187500006,37.24912109375],[27.40058593750001,37.30673828124996],[27.37626953125002,37.34072265624999],[27.289550781250004,37.348681640624996],[27.219238281249993,37.389160156250014],[27.20390625,37.49140625000001],[27.14794921875,37.603613281250006],[27.06796875,37.65791015625001],[27.077832031250008,37.6876953125],[27.224414062500014,37.72543945312499],[27.254785156250026,37.882324218749986],[27.232421875,37.97866210937501],[27.158691406249993,37.98686523437499],[26.943847656249993,38.062890625],[26.87861328125002,38.05478515625002],[26.80742187500002,38.138330078125],[26.6828125,38.19833984375003],[26.62109375,38.176367187499984],[26.58242187500003,38.149267578125],[26.524707031250014,38.162255859375],[26.427929687500004,38.21435546874998],[26.332910156250016,38.24248046874999],[26.290722656250008,38.277197265625],[26.343652343750023,38.370068359374976],[26.41640625000002,38.36787109375],[26.4296875,38.440625],[26.372265625,38.56191406250001],[26.377832031250023,38.624169921874994],[26.44130859375002,38.641210937500006],[26.51357421875002,38.6294921875],[26.5865234375,38.55703124999997],[26.610351562499993,38.486914062500006],[26.595019531250017,38.418603515625],[26.641308593750008,38.352441406249994],[26.674218750000016,38.335742187499996],[26.696386718750002,38.40537109375],[26.727343750000017,38.418603515625],[26.769921875000023,38.38818359374999],[26.86142578125,38.37294921875001],[27.098632812499993,38.415722656250004],[27.144238281250008,38.45195312499999],[26.970410156250015,38.4478515625],[26.906835937500006,38.48173828124998],[26.837792968750023,38.55756835937499],[26.795312500000016,38.62641601562499],[26.78769531250001,38.660205078124996],[26.763671875,38.70961914062499],[26.790136718750006,38.73608398437501],[26.909179687499996,38.77578124999999],[27.013671875,38.88686523437498],[26.970117187500023,38.91904296874999],[26.920312500000012,38.934228515624994],[26.8662109375,38.92294921875],[26.81494140625,38.960986328124974],[26.80830078125001,39.013916015625],[26.84931640625001,39.05673828124998],[26.85361328125001,39.115625],[26.719335937500002,39.260644531249994],[26.68183593750001,39.29223632812501],[26.710742187500024,39.3396484375],[26.813281250000017,39.41904296874999],[26.910937500000017,39.517333984375014],[26.899218750000014,39.549658203125006],[26.82705078125002,39.562890625],[26.48408203125001,39.520703125],[26.35078125,39.484082031249976],[26.11308593750002,39.46738281249999],[26.095996093750017,39.52080078125001],[26.101367187500014,39.5689453125],[26.154687500000023,39.65664062499999],[26.149804687500012,39.87285156249998],[26.181347656250004,39.990087890625],[26.31337890625003,40.025],[26.475390625000017,40.197265625],[26.738085937500014,40.40024414062499],[27.012109375000016,40.396337890624984],[27.121679687500006,40.45234375],[27.284570312500023,40.455615234374996],[27.314160156250008,40.414892578124984],[27.332617187500002,40.375927734375],[27.4755859375,40.31992187499998],[27.728027343749993,40.328808593750004],[27.78935546875001,40.35087890625],[27.84853515625003,40.38173828124999],[27.731835937500023,40.48149414062498],[27.769140625,40.509619140625006],[27.874902343750016,40.512939453125],[27.989550781250014,40.489453125],[27.994824218750015,40.466601562499996],[27.96435546875,40.43530273437499],[27.92890625000001,40.380419921874996],[27.96259765625001,40.369873046875],[28.2890625,40.403027343749976],[28.63027343750003,40.37646484374999],[28.738867187500002,40.390869140624986],[29.007128906250014,40.389746093749984],[29.055175781249993,40.424169921875006],[28.97402343750002,40.46738281249999],[28.894628906250006,40.482421874999986],[28.841210937500026,40.50346679687501],[28.787890625000017,40.53403320312499],[28.9580078125,40.63056640624999],[29.054101562500012,40.64912109374999],[29.507617187500017,40.70839843749999],[29.844921875000015,40.738085937499974],[29.84921875,40.760107421875],[29.800585937500024,40.76015625],[29.364746093749993,40.809277343750004],[29.259765625,40.847314453125],[29.113867187500002,40.93784179687501],[29.082226562500004,40.96342773437499],[29.045507812500002,41.007568359374986],[29.067382812499993,41.10166015625],[29.0943359375,41.177246093749986],[29.148144531250008,41.221044921875],[29.322265625,41.227734375],[29.91933593750003,41.15083007812501],[30.344921875000015,41.19692382812498],[30.81005859375,41.08486328124999],[31.254882812500007,41.107617187500004],[31.346679687499993,41.15791015624999],[31.458007812500004,41.32001953125001],[32.08642578125,41.589208984375],[32.306445312500024,41.729589843750006],[32.54218750000002,41.80639648437501],[32.946679687500016,41.89174804687498],[33.284765625,42.00458984375001],[33.38134765625,42.017578125],[34.19296875,41.963671875],[34.75048828125001,41.956835937499974],[35.006445312500006,42.06328125],[35.154882812500006,42.027539062500026],[35.14101562500002,41.989501953125],[35.1140625,41.95698242187499],[35.12207031249999,41.891113281249986],[35.20917968750001,41.79438476562501],[35.29775390625002,41.728515624999986],[35.55800781250002,41.63403320312501],[35.919824218750016,41.71372070312499],[35.978125,41.704833984375],[36.05175781249999,41.68256835937498],[36.17919921875001,41.42656249999998],[36.278417968750006,41.3361328125],[36.40537109375,41.274609375000026],[36.509667968750016,41.2625],[36.587109375,41.32666015624999],[36.6470703125,41.35253906249999],[36.77773437500002,41.36347656249999],[36.99199218750002,41.275390624999986],[37.0662109375,41.184423828125],[37.43095703125001,41.114111328125006],[37.765625,41.07890625],[37.91005859375002,41.00190429687501],[38.3810546875,40.924511718750004],[38.55693359375002,40.93652343749999],[38.8521484375,41.01767578125],[39.426367187500006,41.106445312499986],[39.80791015625001,40.98251953125001],[39.9111328125,40.966455078124994],[40.000195312500004,40.9771484375],[40.12841796875,40.943017578125],[40.26523437500001,40.96132812499999],[40.6875,41.107421875],[40.81953125000001,41.190234375],[40.959472656249986,41.21162109374998],[41.08359375,41.261181640625],[41.414355468749996,41.42363281249999],[41.51005859375001,41.51748046875]]],[[[28.01445312500001,41.969042968749996],[27.987304687499996,41.854882812499994],[28.050292968749993,41.72915039062497],[28.19785156250001,41.554492187499974],[28.346386718750008,41.46635742187499],[28.946777343750004,41.24838867187502],[29.0572265625,41.22973632812499],[29.03212890625003,41.14047851562499],[28.99599609375002,41.061132812500006],[28.95625,41.008203125],[28.780371093750006,40.974169921874996],[28.294921875,41.07148437499998],[28.172167968750014,41.08071289062499],[28.085546875,41.061328125],[27.925195312500026,40.990576171875006],[27.747363281250017,41.01328125],[27.49941406250002,40.97314453125001],[27.43017578124999,40.83994140624999],[27.25800781250001,40.68735351562498],[26.974609375,40.564013671874996],[26.772070312500002,40.498046875],[26.467968750000015,40.26147460937498],[26.329980468750016,40.12338867187499],[26.271777343750014,40.09658203124999],[26.202734375,40.075390625],[26.225976562500023,40.14169921875002],[26.260156250000023,40.202392578124986],[26.25234375000002,40.24814453125],[26.253808593750023,40.314697265625014],[26.35527343750001,40.390234375],[26.447460937500015,40.44501953125],[26.7203125,40.54423828125001],[26.79208984375001,40.626611328125],[26.578125,40.62465820312499],[26.3609375,40.606347656249994],[26.22421875,40.61806640625],[26.10546875,40.61132812499997],[26.06777343750002,40.6833984375],[26.038964843750016,40.726757812500004],[26.06972656250002,40.740283203124996],[26.10917968750001,40.74965820312501],[26.17890625,40.826513671875],[26.2412109375,40.88320312499999],[26.331054687500004,40.954492187500016],[26.354101562500006,40.9970703125],[26.354101562499995,41.03676757812498],[26.332617187500002,41.064306640625006],[26.32841796875001,41.097021484375],[26.325683593749996,41.143261718750004],[26.330664062499995,41.23876953124999],[26.536425781250014,41.343115234374984],[26.602343750000017,41.35415039062499],[26.624902343750016,41.401757812499994],[26.60976562500002,41.51215820312501],[26.581347656250014,41.60126953125],[26.54453125,41.607226562499996],[26.49501953125002,41.63325195312498],[26.4625,41.663378906249996],[26.410546875000016,41.696337890624996],[26.32089843750001,41.71655273437499],[26.31796875,41.744677734374974],[26.32724609375001,41.772802734375],[26.360351562499996,41.8015625],[26.511425781250008,41.82636718749998],[26.529296875,41.8466796875],[26.54970703125002,41.89672851562501],[26.5796875,41.947949218750004],[26.61533203125001,41.96489257812499],[26.679199218750004,41.963330078125004],[26.800390625,41.975146484374974],[26.884863281250002,41.99184570312499],[26.96875,42.02685546875],[27.01171875,42.058642578124996],[27.193359375,42.07709960937499],[27.24433593750001,42.09326171875001],[27.294921875,42.079541015624976],[27.362890625,42.025048828124994],[27.474804687500004,41.946875],[27.534863281250004,41.920800781250016],[27.579882812500024,41.93291015625],[27.6611328125,41.96132812499996],[27.73886718750001,41.961523437499984],[27.80166015625003,41.95654296875],[27.831933593750026,41.981298828124984],[27.879199218750014,41.98662109374999],[28.01445312500001,41.969042968749996]]]]}},{"type":"Feature","properties":{"ADMIN":"Thailand","ADM0_A3":"THA"},"geometry":{"type":"MultiPolygon","coordinates":[[[[102.60644531249997,11.676513671874996],[102.58994140625002,11.572167968749994],[102.53281250000002,11.614941406249995],[102.54648437500005,11.667773437499989],[102.56894531250002,11.691699218749985],[102.60644531249997,11.676513671874996]]],[[[102.42675781249999,11.988720703124995],[102.42998046874999,11.964746093749993],[102.378125,11.982958984374987],[102.35996093750002,11.97441406249999],[102.30195312499998,11.980810546874991],[102.27333984375001,12.119335937499999],[102.27744140625,12.151855468750002],[102.31884765625,12.14165039062499],[102.378125,12.072851562499991],[102.40839843750001,12.025097656249999],[102.42675781249999,11.988720703124995]]],[[[98.40908203125001,7.902050781249993],[98.3984375,7.828417968749987],[98.357421875,7.829443359374989],[98.315625,7.782324218749991],[98.29628906250002,7.776074218749997],[98.2623046875,7.926074218749988],[98.3013671875,8.136230468750002],[98.32207031249997,8.166308593749985],[98.35097656250002,8.110644531249989],[98.43496093750004,8.085644531249999],[98.398828125,7.964550781249997],[98.40908203125001,7.902050781249993]]],[[[100.12246093750002,20.31665039062501],[100.11494140624998,20.25766601562499],[100.13974609375003,20.24541015625],[100.17412109374996,20.27275390625],[100.21806640624999,20.339599609375004],[100.26601562500004,20.377294921874988],[100.31796875,20.385888671874994],[100.37314453125002,20.340380859375],[100.43154296875004,20.240722656250004],[100.49160156250002,20.184082031249996],[100.51953124999999,20.177929687499986],[100.53994140625,20.132373046875006],[100.54306640625,20.088671875],[100.51455078125,19.996337890625],[100.46621093750002,19.888916015625],[100.39765625000001,19.756103515625],[100.42011718749998,19.644482421874994],[100.51357421875002,19.553466796875],[100.62548828124997,19.49985351562509],[100.74394531249997,19.514746093749988],[100.80683593750004,19.541943359374947],[100.85820312499996,19.58505859374999],[100.90605468749992,19.605371093750087],[100.96650390625001,19.610791015624997],[101.15468750000004,19.57919921874999],[101.2119140625,19.54833984375],[101.22080078125002,19.486621093750006],[101.19755859375,19.327929687500003],[101.22656249999999,19.21152343749999],[101.27988281250005,19.088916015625],[101.28632812499994,18.977148437500034],[101.22050781249999,18.7927734375],[101.16552734374999,18.618310546874994],[101.10634765625001,18.533544921874988],[101.06044921875,18.47900390625],[101.04697265625005,18.44199218750003],[101.05058593749997,18.40703125],[101.09277343749997,18.354541015625],[101.1375,18.286865234374996],[101.14873046874997,18.222167968749996],[101.14394531250002,18.142626953125006],[101.11328124999999,18.033544921874984],[100.9990234375,17.797167968750003],[100.90849609374997,17.583886718749994],[100.95585937499996,17.541113281249995],[101.045703125,17.509960937499994],[101.10517578125001,17.479541015625106],[101.16748046875,17.4990234375],[101.29970703125004,17.625],[101.41367187500002,17.71875],[101.555078125,17.812353515624995],[101.56367187500001,17.820507812499997],[101.6875,17.88940429687511],[101.744140625,17.952685546875053],[101.77480468750002,18.03339843750012],[101.81865234374999,18.064648437499997],[101.87548828125,18.046435546875006],[101.94746093749997,18.081494140624944],[102.0345703125,18.16982421875],[102.10146484375002,18.210644531249997],[102.14824218749999,18.203857421875],[102.23164062500001,18.148974609375042],[102.35185546874999,18.045947265625045],[102.45878906249999,17.984619140625],[102.55253906249999,17.965087890624996],[102.5982421875,17.926757812500004],[102.59609375,17.869628906249993],[102.61679687500002,17.83334960937499],[102.66064453125,17.81796875],[102.680078125,17.824121093749994],[102.67519531250002,17.851757812500004],[102.71757812499999,17.892236328124994],[102.807421875,17.945556640624996],[102.89863281250001,17.976904296874988],[102.99140625,17.98623046875],[103.05136718750003,18.028515625],[103.09121093750001,18.138232421875003],[103.14853515625003,18.221728515625006],[103.19970703124997,18.259472656249997],[103.26318359374997,18.27846679687499],[103.27958984374996,18.304980468750045],[103.24892578125001,18.33896484374999],[103.25175781249999,18.37348632812513],[103.28828124999995,18.408398437499947],[103.36699218749997,18.423339843749996],[103.48798828124995,18.418164062500008],[103.62968749999999,18.382568359375004],[103.79228515624999,18.31650390625009],[103.898828125,18.295312500000023],[103.94960937500002,18.318994140624994],[104.04873046875004,18.216699218749962],[104.19619140625001,17.988378906249995],[104.32265625,17.815820312499987],[104.428125,17.698974609375053],[104.53925781250001,17.609277343749994],[104.65585937500003,17.546728515624988],[104.7396484375,17.461669921875],[104.81601562499998,17.300292968749996],[104.75898437500001,17.0771484375],[104.74355468750002,16.884375],[104.75058593750002,16.647558593749984],[104.81933593749994,16.466064453125057],[104.94990234375001,16.33994140624999],[105.02578124999998,16.23798828125],[105.04716796874999,16.16025390625],[105.14873046874999,16.093554687500006],[105.33066406250003,16.037890625],[105.40625,15.987451171875023],[105.37558593750002,15.9421875],[105.3732421875,15.88969726562505],[105.39892578124997,15.829882812500001],[105.46201171875002,15.78041992187499],[105.56240234375001,15.741259765625003],[105.6220703125,15.699951171875],[105.641015625,15.656542968749932],[105.63886718750001,15.5859375],[105.615625,15.48828125],[105.57373046875,15.413232421874993],[105.51318359375,15.360888671875006],[105.505859375,15.319628906250044],[105.49042968750001,15.256591796875],[105.49042968750001,15.127587890624998],[105.53339843750001,15.041601562499995],[105.54667968749995,14.932470703125038],[105.52304687500002,14.843310546875],[105.50019531250001,14.661230468749991],[105.49736328124997,14.590673828124983],[105.4755859375,14.530126953124997],[105.42265624999993,14.471630859374958],[105.3421875,14.416699218749995],[105.24365234375,14.367871093749999],[105.18330078125,14.346240234375005],[105.169140625,14.336083984374994],[105.1259765625,14.280957031249999],[105.07412109375002,14.227441406249989],[105.03369140625001,14.227392578124995],[105.00341796875,14.254443359375001],[104.98242187499999,14.289453125],[104.96972656249996,14.36611328124999],[104.87880859375002,14.404003906249995],[104.77900390625001,14.427832031249988],[104.57578125000003,14.390039062499993],[104.41162109375,14.369580078124997],[104.22773437500003,14.395507812499998],[104.05429687500002,14.362744140624995],[103.98183593750002,14.357910156250004],[103.8986328125,14.362792968749995],[103.81835937499999,14.36215820312499],[103.74189453125,14.374169921874989],[103.60039062499999,14.42109375],[103.54638671874999,14.417431640624997],[103.43242187499999,14.378613281249992],[103.3134765625,14.351318359374998],[103.19941406250003,14.332617187499997],[103.0310546875,14.252539062499993],[102.90927734375002,14.13671875],[102.87324218750001,14.054882812499995],[102.81279296874999,13.972460937500005],[102.72890625000002,13.84189453124999],[102.62041015624999,13.716943359374993],[102.54472656249999,13.659960937500005],[102.56552734375005,13.62636718749999],[102.546875,13.585693359375002],[102.42851562499999,13.567578125],[102.336328125,13.560302734375002],[102.31972656250001,13.539990234375],[102.33076171875001,13.288232421875001],[102.36298828125,13.19296875],[102.42265624999995,13.07797851562499],[102.46171875,13.015039062499994],[102.49072265625,12.828320312499999],[102.49960937500003,12.669970703124987],[102.62968749999999,12.569921875],[102.70332031249998,12.493505859374991],[102.75566406249997,12.42626953125],[102.73740234375003,12.383398437499991],[102.70625,12.25566406249999],[102.73662109374999,12.089794921874997],[102.91806640625002,11.732080078124993],[102.93388671874996,11.706689453124996],[102.91230468750001,11.703857421875002],[102.88369140625001,11.77275390624999],[102.79160156250002,11.888623046874999],[102.76298828124996,12.012451171875002],[102.65488281250003,12.148828125],[102.59414062500004,12.203027343749993],[102.57480468750003,12.1578125],[102.54023437499998,12.10922851562499],[102.43408203124997,12.179248046874987],[102.34316406250004,12.252587890624996],[102.25908203124997,12.394335937499989],[102.24843750000002,12.361425781249991],[102.22958984375002,12.331640625],[102.13417968750002,12.44301757812499],[102.034375,12.531884765624996],[101.94453125000001,12.563671875],[101.8890625,12.593261718749993],[101.83574218749997,12.640380859375],[101.72363281249999,12.689355468749989],[101.44492187500003,12.618945312499996],[101.090234375,12.673632812499992],[100.95371093750002,12.621240234374994],[100.89775390624999,12.653808593750002],[100.86328124999999,12.714501953124993],[100.89638671875002,12.818164062499989],[100.90390625000003,13.034912109374998],[100.94609374999997,13.187255859375],[100.92626953125,13.303027343750003],[100.94697265625001,13.357568359374994],[100.96269531249999,13.43198242187499],[100.90654296874997,13.46240234375],[100.65605468749997,13.521289062500003],[100.60292968750002,13.568164062500001],[100.53642578125,13.514453125],[100.23564453124997,13.484472656249993],[100.12236328124997,13.43955078124999],[100.01748046875,13.353173828124994],[99.99052734374997,13.243457031250001],[100.05107421875,13.171240234374986],[100.08994140625002,13.045654296875002],[99.98203125000003,12.771484375],[99.96396484375005,12.690039062499993],[100.0056640625,12.354736328124996],[99.98906249999999,12.170800781249994],[99.93027343750003,12.047460937499993],[99.837109375,11.936621093749993],[99.79873046875001,11.748779296875004],[99.72548828125001,11.661767578124989],[99.62734375000002,11.462890625],[99.56132812499996,11.215185546874993],[99.51435546875,11.1005859375],[99.4869140625,10.889550781249996],[99.28476562500003,10.569140624999989],[99.23730468750001,10.388134765624997],[99.16503906250001,10.319824218750002],[99.19033203125,10.265869140625],[99.19462890624997,10.175439453124994],[99.16933593750001,9.934179687499995],[99.16074218750002,9.734033203124996],[99.19130859375004,9.627148437499994],[99.28828125,9.414599609374985],[99.26503906250004,9.352978515624997],[99.25390625000003,9.265234375],[99.33544921874997,9.22543945312499],[99.39384765624999,9.213720703124993],[99.723828125,9.314208984375],[99.83554687500002,9.288378906249987],[99.87753906250003,9.194628906249989],[99.90468750000004,9.112890625],[99.96064453125,8.671240234374991],[99.98955078125,8.589208984374993],[100.05625,8.511132812499994],[100.129296875,8.428076171874993],[100.15410156249997,8.44296875],[100.15888671875001,8.473779296874994],[100.16347656250004,8.50839843749999],[100.22871093750001,8.424707031249996],[100.27939453125002,8.268505859374995],[100.45351562500004,7.442285156249994],[100.50371093749996,7.337304687499994],[100.54521484374999,7.226904296874991],[100.43935546875002,7.280761718749999],[100.41074218750002,7.464306640624998],[100.38037109374999,7.541503906249996],[100.34296875,7.552880859374993],[100.28378906250003,7.551513671875001],[100.27998046875003,7.584326171874992],[100.32431640625003,7.644189453124996],[100.3173828125,7.715966796874994],[100.256640625,7.774902343749999],[100.158203125,7.728125],[100.1607421875,7.599267578124993],[100.20488281249997,7.500537109374988],[100.37138671874997,7.28012695312499],[100.42353515625001,7.187841796874991],[100.48974609374997,7.161376953124999],[100.58623046874999,7.175976562499996],[100.70166015624999,7.081982421874996],[100.79257812500003,6.994677734374989],[101.01787109375,6.8609375],[101.15439453125003,6.875146484374993],[101.30195312500003,6.908300781249991],[101.40087890624999,6.899560546874995],[101.49794921875004,6.86528320312499],[101.6142578125,6.75395507812499],[101.79921875,6.474609375],[102.10107421874999,6.24223632812499],[102.06835937500001,6.18466796874999],[102.05517578124999,6.096679687500001],[101.93613281250005,5.979345703124992],[101.91718750000001,5.911376953125001],[101.87363281250003,5.825292968749991],[101.79072265625,5.77934570312499],[101.71953124999997,5.77060546874999],[101.67841796874998,5.778808593749999],[101.65,5.79599609374999],[101.60136718749996,5.877148437499997],[101.57675781250002,5.902001953124994],[101.55605468750004,5.90776367187499],[101.40419921875002,5.851660156249992],[101.25703125,5.789355468749991],[101.22978515624999,5.733691406249989],[101.190625,5.66875],[101.14765625000003,5.643066406249999],[101.11396484375,5.636767578124988],[101.08173828125,5.67490234374999],[101.02519531249997,5.724511718749995],[100.98164062499997,5.771044921874989],[100.99277343750003,5.846191406250003],[101.07558593750002,5.956494140624998],[101.08652343750005,6.033691406250001],[101.07597656249999,6.16606445312499],[101.05351562499997,6.242578125],[101.02939453125002,6.2453125],[100.98876953124999,6.257666015624991],[100.87392578125001,6.24541015624999],[100.81650390625003,6.331640625],[100.79375,6.426171875],[100.75449218750002,6.460058593749992],[100.715625,6.480664062499999],[100.6294921875,6.447998046875],[100.56386718750002,6.467529296875],[100.34541015624998,6.549902343749989],[100.26142578125,6.682714843749991],[100.21660156249999,6.686621093749992],[100.1767578125,6.671826171874997],[100.16123046875005,6.641601562499998],[100.13798828124999,6.488671875],[100.11914062499999,6.44199218749999],[99.86865234374997,6.749902343749994],[99.69599609375001,6.876660156249998],[99.72031250000003,7.106201171875001],[99.66777343749999,7.15087890625],[99.60244140625005,7.155322265624988],[99.55302734375,7.218798828124989],[99.59697265624997,7.355615234374993],[99.52910156249997,7.329492187499992],[99.43515625000005,7.334375],[99.35859375000001,7.372216796874995],[99.30039062500003,7.561328124999988],[99.26367187499997,7.619042968749995],[99.18339843749999,7.718066406249989],[99.07763671874999,7.718066406249989],[99.04267578125001,7.765625],[99.05107421875002,7.887841796874994],[98.97392578124999,7.962792968749993],[98.87246093750004,8.02392578125],[98.78867187500002,8.059814453125002],[98.70351562500002,8.256738281249993],[98.63632812500002,8.305029296874988],[98.57919921875003,8.344287109374989],[98.49980468749997,8.317822265624997],[98.47402343750001,8.246923828124991],[98.42099609375002,8.178222656249998],[98.36074218750004,8.186962890624995],[98.30546874999997,8.226220703124993],[98.23818359375002,8.423095703125],[98.22695312500004,8.543652343749997],[98.24179687500005,8.767871093749989],[98.32597656249999,8.968945312499995],[98.37138671874997,9.290527343749998],[98.44316406249997,9.492822265624994],[98.49296874999999,9.561425781249993],[98.56191406250004,9.8375],[98.7025390625,10.190380859374999],[98.71845703125,10.266015625],[98.746875,10.350830078124995],[98.76835937499999,10.430859375],[98.775390625,10.55703125],[98.75722656250004,10.623583984374987],[98.75722656250002,10.660937499999985],[98.7869140625,10.708447265624997],[98.88710937500004,10.788330078125002],[99.02539062499999,10.919970703124989],[99.19013671875001,11.105273437499987],[99.3587890625,11.389453125],[99.44267578124997,11.554394531249997],[99.47792968750002,11.6125],[99.51523437500003,11.630664062499989],[99.57285156250002,11.687158203124993],[99.6125,11.749658203124993],[99.61474609375,11.781201171874997],[99.52294921874999,12.089648437499987],[99.462890625,12.190234374999987],[99.43242187499997,12.309033203124995],[99.41630859375,12.394824218749983],[99.39423828125001,12.473632812499998],[99.40507812499997,12.54790039062499],[99.37197265625002,12.594238281250004],[99.29736328125,12.652880859374994],[99.21982421875002,12.739746093749996],[99.17353515625,12.881933593749993],[99.17353515625001,12.961328125],[99.12392578125002,13.03076171875],[99.107421875,13.103515625],[99.13710937500002,13.172998046874994],[99.17617187500002,13.233056640624996],[99.17167968749999,13.496923828124993],[99.15605468749999,13.57578125],[99.13681640625002,13.71669921874999],[99.08623046874997,13.822753906250002],[99.0146484375,13.947167968749993],[98.93359374999999,14.049853515625001],[98.72119140625001,14.235742187499994],[98.57001953125003,14.359912109375],[98.49501953125,14.472900390624998],[98.40019531249997,14.602978515624997],[98.33212890625006,14.696484375],[98.24599609375,14.814746093750003],[98.2021484375,14.975927734374999],[98.17792968750003,15.147412109374995],[98.19101562500003,15.204101562500007],[98.23222656249997,15.241357421874984],[98.28613281249999,15.271582031249997],[98.32939453124999,15.278564453125],[98.4521484375,15.357373046874999],[98.53730468750001,15.350683593749984],[98.55693359375,15.36767578125],[98.565234375,15.403564453125007],[98.5544921875,15.559765625],[98.55820312500002,15.768603515625001],[98.57402343749999,15.938623046875],[98.59238281250005,16.05068359375],[98.81796875,16.180810546874987],[98.86552734374997,16.237060546875004],[98.88847656249999,16.298095703125],[98.88828125,16.351904296874984],[98.86933593750001,16.394189453124987],[98.83544921875,16.417578124999984],[98.68925781249999,16.305419921875],[98.66074218750002,16.33041992187499],[98.59365234375001,16.514794921874994],[98.56474609374997,16.570947265624987],[98.52314453125,16.63818359375],[98.478125,16.732226562500006],[98.47119140625001,16.895019531249996],[98.43886718750002,16.975683593749995],[98.25654296875004,17.14765625],[98.17460937499997,17.239892578124994],[98.06308593750003,17.373291015625],[97.92929687500005,17.53330078124999],[97.79296874999999,17.68125],[97.7291015625,17.775830078125],[97.70644531250001,17.797119140625004],[97.69853515624999,17.833544921875003],[97.73994140624998,17.935302734374996],[97.71972656250001,18.037402343749996],[97.6515625,18.17373046874999],[97.62246093750002,18.258007812499994],[97.63222656250001,18.290332031250003],[97.59931640625,18.302978515625],[97.523828125,18.295898437499996],[97.45078125000002,18.35966796875],[97.38066406249999,18.494287109374994],[97.37392578125001,18.51796875],[97.39707031250002,18.517529296874997],[97.48496093750003,18.49423828124999],[97.51513671875001,18.497753906249997],[97.57734375000001,18.52871093749999],[97.67158203125003,18.561230468749997],[97.72773437500001,18.572021484375004],[97.74589843749999,18.588183593750003],[97.75400390625003,18.62080078125],[97.70605468749997,18.931787109374998],[97.71416015624999,18.996484375],[97.80390625000001,19.13046875],[97.79355468750003,19.265869140625],[97.81679687500005,19.459960937499996],[97.91640625000002,19.592871093749995],[97.99121093749999,19.653710937499994],[98.01503906250001,19.749511718750004],[98.0490234375,19.769726562499994],[98.11103515625003,19.762158203125],[98.23906250000002,19.690673828124996],[98.29365234375001,19.687255859375],[98.37128906250001,19.68916015625],[98.45498046875001,19.69443359374999],[98.49384765625003,19.701318359374994],[98.76064453125002,19.77109375],[98.81953125000001,19.778466796874994],[98.87578124999997,19.769580078125003],[98.91669921875,19.772900390624997],[98.95800781249999,19.804931640625014],[98.98740234375003,19.861376953125003],[99.02070312499998,20.041796875],[99.03974609375001,20.073632812499994],[99.07421874999999,20.099365234374993],[99.13076171875004,20.11660156249999],[99.196875,20.115136718749998],[99.28369140625,20.080419921874988],[99.33789062499997,20.07890625],[99.39921875,20.09345703125],[99.45156250000002,20.118310546874998],[99.48593750000002,20.149853515624997],[99.50166015625001,20.187744140625],[99.4875,20.260644531249998],[99.44794921875,20.352050781249993],[99.45888671875001,20.363037109375],[99.531640625,20.342822265625006],[99.638671875,20.320458984374994],[99.72011718750002,20.325439453125007],[99.77333984375001,20.34130859375],[99.82519531250001,20.384472656249997],[99.89033203125001,20.424414062499995],[99.954296875,20.415429687499994],[100.00361328125,20.379589843750004],[100.12246093750002,20.31665039062501]]],[[[100.07412109375,9.69667968749999],[100.06445312499999,9.67998046874999],[100.02568359374999,9.711718749999987],[99.99804687499999,9.747607421874989],[99.9833984375,9.79355468749999],[100.04345703125,9.791650390624994],[100.07304687499997,9.749121093749993],[100.07412109375,9.69667968749999]]],[[[100.070703125,9.586035156249988],[100.07529296875003,9.529443359374993],[100.05371093749997,9.461425781250002],[99.96240234375001,9.421630859375004],[99.93125,9.476074218750002],[99.93955078125,9.559960937499994],[99.95361328125,9.581005859374995],[100.04296874999997,9.576855468749995],[100.070703125,9.586035156249988]]],[[[99.6630859375,6.521923828124997],[99.64404296875,6.516113281250001],[99.60664062499997,6.596826171874995],[99.65400390625,6.714111328125001],[99.70136718750001,6.570556640625001],[99.6630859375,6.521923828124997]]],[[[98.59199218750001,7.933935546874992],[98.57998046875001,7.917041015624989],[98.52939453125003,8.108544921874993],[98.60429687499999,8.057324218749999],[98.59199218750001,7.933935546874992]]],[[[98.30751953125002,9.051464843749995],[98.25078124999997,9.040820312499989],[98.25839843750002,9.095410156249997],[98.2736328125,9.1298828125],[98.30117187500004,9.139111328124999],[98.3125,9.08037109374999],[98.30751953125002,9.051464843749995]]],[[[99.07841796874997,7.591845703124989],[99.10439453125002,7.471289062499991],[99.06787109375,7.495898437499985],[99.03769531250002,7.548486328124995],[99.0380859375,7.625732421875004],[99.04511718750001,7.63652343749999],[99.07841796874997,7.591845703124989]]]]}},{"type":"Feature","properties":{"ADMIN":"Sweden","ADM0_A3":"SWE"},"geometry":{"type":"MultiPolygon","coordinates":[[[[19.07646484375001,57.83593749999996],[18.99375,57.81210937500001],[18.94511718750001,57.741601562499994],[18.878125,57.72968749999998],[18.81386718750002,57.70620117187497],[18.790917968750023,57.48310546874997],[18.907910156250008,57.39833984374999],[18.84365234375002,57.38647460937501],[18.784863281250008,57.361083984375],[18.74287109375001,57.323535156249996],[18.69990234375001,57.242724609375],[18.538476562500012,57.196923828124994],[18.477343750000017,57.16303710937501],[18.387207031249993,57.08764648437499],[18.34023437500002,56.978222656249976],[18.248925781250023,56.93154296875],[18.146386718750023,56.92050781250002],[18.206542968750004,57.01015625],[18.285351562500008,57.08320312499998],[18.209570312500006,57.13330078125],[18.163964843750023,57.21171875000002],[18.105078125,57.271875],[18.151953125,57.3390625],[18.12890625,57.44916992187502],[18.136523437500017,57.556640625000014],[18.204882812500014,57.610888671874996],[18.283203125,57.65512695312502],[18.405175781250023,57.75683593749999],[18.537402343750017,57.83056640625005],[18.721875,57.863720703125],[18.80517578125,57.833154296875],[18.841113281250014,57.900195312500024],[18.900585937500015,57.91547851562504],[18.95644531250002,57.9],[19.07646484375001,57.83593749999996]]],[[[16.528515625,56.29052734375001],[16.477148437500002,56.240185546875004],[16.431640625,56.24375],[16.40126953125002,56.31088867187499],[16.394140625,56.483642578125],[16.412304687500008,56.56899414062498],[16.630371093749996,56.876855468750016],[16.727734375000015,56.90200195312501],[16.864648437500023,57.09067382812501],[16.90156250000001,57.17460937499998],[16.9609375,57.25019531249999],[16.99599609375002,57.3177734375],[17.025390625,57.34506835937499],[17.089257812500023,57.332275390625],[17.117675781249996,57.319824218750014],[17.050390625,57.28046875],[17.058203125,57.229248046875014],[17.05351562500002,57.20800781249999],[16.88369140625002,56.98520507812496],[16.838281250000023,56.84052734375],[16.778027343750015,56.805224609375024],[16.528515625,56.29052734375001]]],[[[11.38828125,59.03652343749997],[11.470703125,58.909521484374984],[11.543554687500007,58.893017578124955],[11.642773437500006,58.926074218749974],[11.712207031250014,59.01865234374999],[11.751855468750023,59.15756835937499],[11.798144531250015,59.289892578125006],[11.743359375,59.43144531249999],[11.684863281250017,59.55576171874997],[11.680761718750004,59.59228515625],[11.834277343750019,59.69716796875001],[11.88125,59.78247070312502],[11.932128906249998,59.863671874999945],[11.98828125,59.89130859374999],[12.071875,59.89760742187502],[12.169238281250015,59.912890624999974],[12.291992187499998,59.96723632812499],[12.402050781250011,60.04003906249999],[12.486132812500019,60.10678710937499],[12.514648437499998,60.2388671875],[12.515820312500006,60.305224609374974],[12.55283203125,60.35449218749997],[12.58867187500001,60.450732421874996],[12.553808593750004,60.545654296874986],[12.4453125,60.68964843749999],[12.314648437500004,60.892138671874974],[12.294140625000011,61.00268554687499],[12.353710937500008,61.023193359374986],[12.467578125000019,61.04150390625001],[12.683007812500023,61.046826171875],[12.706054687500002,61.059863281249996],[12.727832031250015,61.108251953124984],[12.776367187500002,61.173974609375016],[12.828222656250006,61.221826171875],[12.863671875000023,61.29028320312497],[12.88076171875002,61.352294921874986],[12.75751953125001,61.445703125],[12.596093750000025,61.54130859374996],[12.486816406249995,61.572998046875014],[12.29208984375,61.653466796874994],[12.155371093750006,61.72075195312504],[12.233691406250019,61.97685546875002],[12.291992187500002,62.16743164062499],[12.301367187500007,62.213769531249994],[12.303515625000017,62.285595703125],[12.11455078125002,62.591894531250006],[12.121875,62.660009765624984],[12.139843750000011,62.72133789062499],[12.119628906250002,62.825927734374986],[12.108593750000013,62.919482421874996],[12.14101562500002,62.94785156249999],[12.21816406250002,63.00063476562501],[12.144628906250002,63.082519531249964],[12.138671875,63.089160156250024],[11.999902343750021,63.29169921875],[12.212109375,63.492236328125024],[12.175195312500023,63.595947265624986],[12.301953125,63.67119140624997],[12.532714843750002,63.84355468749998],[12.6625,63.94047851562501],[12.690039062500007,63.957421874999966],[12.792773437500014,64],[12.987597656250012,64.05048828124997],[13.203515625000023,64.07509765625001],[13.299609375000015,64.07480468749998],[13.670703125000012,64.040625],[13.960546875,64.01401367187502],[14.002734375000015,64.04072265625],[14.063281250000014,64.0955078125],[14.141210937500006,64.17353515624998],[14.148046875,64.26030273437499],[14.11992187500002,64.38774414062499],[14.077636718749998,64.46401367187497],[13.873535156249991,64.51357421874998],[13.65029296875002,64.58154296874999],[13.924804687499995,64.79677734375002],[14.115136718750016,64.94614257812499],[14.352441406250017,65.17084960937501],[14.42626953125,65.26435546875],[14.4796875,65.30146484375004],[14.549511718750011,65.64638671874998],[14.595800781250002,65.74287109375001],[14.634570312500014,65.79326171875],[14.635156250000023,65.84501953125],[14.609960937500007,65.932275390625],[14.543261718750015,66.129345703125],[14.91796875,66.1537109375],[15.040039062499996,66.167529296875],[15.153320312499996,66.19106445312501],[15.374902343750016,66.25205078124999],[15.483789062500026,66.30595703125003],[15.422949218750007,66.48984375],[15.55703125000002,66.552099609375],[15.884179687500023,66.76884765624999],[16.237695312500026,66.97641601562502],[16.403515625000015,67.05498046875002],[16.42070312500001,67.09335937500002],[16.434277343750004,67.15507812499996],[16.360644531250006,67.25200195312499],[16.281542968750014,67.31206054687503],[16.12744140625,67.42583007812502],[16.193554687500008,67.50517578125],[16.30712890625,67.52060546875002],[16.457128906250002,67.5517578125],[16.574121093750016,67.61958007812503],[16.585546875,67.62832031249998],[16.783593750000023,67.89501953125001],[17.1705078125,68.03012695312499],[17.32460937500002,68.10380859374999],[17.564746093750014,68.0484375],[17.916699218750004,67.96489257812499],[18.0732421875,68.08784179687501],[18.125,68.13344726562502],[18.176660156250023,68.20063476562497],[18.155957031250004,68.316845703125],[18.14707031250001,68.46777343750004],[18.162597656249996,68.52841796875],[18.30302734375002,68.55541992187503],[18.37861328125001,68.56240234375002],[18.769824218750014,68.50004882812503],[18.868261718750006,68.50112304687501],[19.05263671875003,68.49272460937507],[19.258984375,68.46533203125],[19.691210937500017,68.39243164062499],[19.870019531250012,68.36225585937493],[19.969824218750002,68.35639648437503],[20.05595703125001,68.390380859375],[20.24003906250002,68.47753906250001],[19.968847656249995,68.54204101562499],[20.1474609375,68.60732421875002],[20.2400390625,68.67314453124997],[20.319433593750002,68.754052734375],[20.348046875000023,68.84873046875002],[20.337109375,68.89965820312501],[20.28232421875,68.934326171875],[20.116699218750007,69.02089843750001],[20.491992187500006,69.03330078124999],[20.622167968750006,69.03686523437501],[20.895117187500002,68.979833984375],[20.907031250000014,68.96748046874998],[20.908984375,68.93774414062494],[20.9185546875,68.90693359375],[21.183398437500024,68.82880859375003],[21.259765625,68.78745117187495],[21.422363281250004,68.72460937499996],[21.465429687500013,68.69067382812503],[21.616015625000028,68.65097656250003],[21.72402343750002,68.60854492187495],[21.850195312500002,68.57412109375002],[21.997460937500026,68.52060546875003],[22.19511718750001,68.47797851562501],[22.36210937500001,68.46406249999998],[22.78242187500001,68.39101562500002],[22.854101562500002,68.36733398437498],[22.975390625000014,68.31645507812502],[23.097851562500008,68.25756835937501],[23.18251953125002,68.13662109374998],[23.318554687500008,68.130322265625],[23.35546875,68.08867187500002],[23.47421875,68.01733398437499],[23.638867187500004,67.95439453124999],[23.632910156250006,67.933203125],[23.501855468750023,67.87519531250003],[23.48779296875,67.79658203124998],[23.500195312500008,67.69619140625004],[23.541308593750017,67.61430664062502],[23.537011718750023,67.590380859375],[23.504492187500002,67.56215820312498],[23.465429687500006,67.51787109375003],[23.451464843750014,67.47919921875],[23.454882812500014,67.46025390625002],[23.46806640625002,67.44995117187499],[23.537109375,67.449169921875],[23.660839843750004,67.4400390625],[23.733593749999986,67.42290039062495],[23.774902343749996,67.32861328124999],[23.7609375,67.31049804687498],[23.656640625000023,67.267822265625],[23.626074218750006,67.23393554687502],[23.62304687499999,67.18413085937499],[23.641503906250016,67.12939453125001],[23.67734375,67.06811523437501],[23.758984375,67.00258789062501],[23.86933593750002,66.934033203125],[23.941796875000026,66.87783203124997],[23.97607421874999,66.83823242187499],[23.98857421875001,66.81054687500001],[23.93886718750002,66.775732421875],[23.894140625,66.706884765625],[23.88583984375,66.62802734375],[23.865527343750014,66.57661132812501],[23.76835937500001,66.50585937499997],[23.701171875,66.48076171875002],[23.682031250000023,66.44340820312502],[23.673828125,66.38071289062499],[23.69355468750001,66.30429687500003],[23.700292968749995,66.25263671875001],[23.72099609375001,66.2154296875],[23.751464843749996,66.19116210937501],[23.907324218750002,66.14824218749996],[23.99462890625001,66.0603515625],[24.04902343750001,65.98984375],[24.155468750000015,65.80527343750005],[23.890527343750026,65.7822265625],[23.69140625,65.82851562499995],[23.59208984375001,65.805322265625],[23.418359375,65.80434570312494],[23.221093750000023,65.78613281250001],[23.15458984375001,65.74990234375002],[23.10234375000002,65.73535156250003],[22.919335937500033,65.78647460937503],[22.746582031250007,65.87094726562502],[22.620312500000015,65.80654296875004],[22.538574218749996,65.79433593749998],[22.465136718750017,65.85263671874998],[22.4009765625,65.86210937499996],[22.36630859375,65.84267578124998],[22.3359375,65.79116210937504],[22.28759765624999,65.750634765625],[22.275,65.725],[22.266601562499996,65.62153320312501],[22.254003906250006,65.59755859374998],[22.086230468750017,65.6109375],[22.096289062500002,65.5837890625],[22.1328125,65.57011718750003],[22.147558593750006,65.55288085937498],[22.08671875000002,65.530224609375],[21.920117187500004,65.532373046875],[21.903125,65.50834960937502],[21.95,65.47036132812497],[21.913476562500023,65.437109375],[21.879589843750015,65.4240234375],[21.6806640625,65.40336914062502],[21.565527343750006,65.40810546875001],[21.532617187500012,65.38657226562496],[21.5234375,65.35859375000001],[21.54521484375001,65.33115234375],[21.595996093750014,65.31655273437501],[21.612695312500023,65.29912109375],[21.609179687500014,65.26137695312497],[21.56689453125,65.254541015625],[21.446875,65.320849609375],[21.410351562500008,65.317431640625],[21.437792968750014,65.28295898437499],[21.506347656249996,65.24536132812494],[21.545996093750002,65.206982421875],[21.580664062500002,65.16079101562501],[21.573925781249994,65.12578124999997],[21.42490234375001,65.01269531250001],[21.29375,64.94125976562502],[21.195898437500006,64.876904296875],[21.138183593749996,64.80869140625002],[21.204980468750026,64.77431640624997],[21.279296875,64.72470703125002],[21.331542968749993,64.629345703125],[21.393847656250014,64.54433593749997],[21.519628906249995,64.46308593749997],[21.494335937500004,64.41611328125003],[21.465039062500008,64.37958984375],[21.25576171875002,64.299169921875],[21.018457031250026,64.17797851562501],[20.762695312499996,63.867822265625],[20.67763671875002,63.826269531249984],[20.453710937500006,63.77373046874999],[20.371386718750017,63.722900390625014],[20.2046875,63.662451171875006],[19.913671875,63.610546875000026],[19.78164062500002,63.53818359375],[19.722070312500026,63.46333007812502],[19.655761718749993,63.458007812500014],[19.590039062500008,63.487255859374976],[19.502343750000016,63.50903320312495],[19.490917968750008,63.460205078125],[19.49462890625,63.424365234375],[19.354296875000014,63.47749023437499],[19.288085937499996,63.428759765625024],[19.236328125,63.34736328125002],[19.034375,63.23774414062501],[18.816699218750017,63.257470703125016],[18.792285156250014,63.238134765625006],[18.85019531250001,63.224121093750014],[18.858984375,63.20659179687499],[18.81943359374999,63.197265624999986],[18.759570312500017,63.198242187500014],[18.66718750000001,63.176562500000024],[18.606445312499996,63.178271484375024],[18.577636718749993,63.12641601562499],[18.530664062500026,63.063525390625045],[18.407714843750007,63.0375],[18.344238281249996,63.03212890624999],[18.312890625000016,62.99638671875001],[18.502050781250006,62.988867187500034],[18.4869140625,62.95859375000002],[18.482617187500008,62.928320312500006],[18.463085937500004,62.89584960937497],[18.248046875,62.849072265625],[18.214941406249995,62.81220703124999],[18.17001953125,62.78935546875],[18.07441406250001,62.79067382812502],[18.077929687500014,62.811962890625],[18.093554687500024,62.83603515625005],[17.951074218750023,62.83388671875001],[17.906640625000016,62.886767578125],[17.879589843750004,62.873193359374994],[17.895605468750006,62.830517578124976],[17.932910156250017,62.78613281249999],[17.97441406250001,62.721044921874956],[17.940722656250017,62.679882812500004],[17.90302734375001,62.65947265625001],[17.930468750000024,62.640625],[18.006542968750015,62.62626953125001],[18.037304687500008,62.60053710937498],[17.94707031250002,62.578466796875006],[17.834472656249996,62.50273437500001],[17.717773437500004,62.50087890625],[17.64638671875002,62.45087890624998],[17.570605468750014,62.45102539062499],[17.50898437500001,62.48251953125],[17.410253906250002,62.5083984375],[17.378417968750004,62.46279296874999],[17.373339843750024,62.42651367187504],[17.429003906250014,62.334716796875],[17.535253906250006,62.263671874999986],[17.63369140625002,62.2330078125],[17.56289062500002,62.21230468750004],[17.510156250000023,62.166308593750024],[17.446582031250017,62.022656250000026],[17.412011718750026,61.96611328125001],[17.37451171875,61.86630859374997],[17.39824218750002,61.78208007812503],[17.417285156250017,61.740673828125],[17.465429687500002,61.68447265624998],[17.334570312500006,61.69169921875003],[17.196386718750002,61.72456054687498],[17.215625,61.65634765624994],[17.13076171875003,61.57573242187501],[17.146582031250006,61.504638671875014],[17.16425781250001,61.45830078125],[17.137988281250014,61.381689453125],[17.177929687500008,61.35761718749999],[17.19960937500002,61.31196289062497],[17.163867187500014,61.27827148437499],[17.179785156250006,61.24926757812502],[17.185742187500022,61.14653320312501],[17.212890625,60.985839843749986],[17.20292968750002,60.951855468750004],[17.27890625,60.81215820312502],[17.26123046875,60.763183593750036],[17.250976562499996,60.700781249999984],[17.359863281250004,60.64082031250001],[17.45703125,60.641796875],[17.55546875000002,60.642724609375016],[17.593066406250017,60.62768554687502],[17.63076171875002,60.585253906249996],[17.661132812499996,60.53515625],[17.7421875,60.539306640625],[17.871582031249996,60.580078125],[17.95576171875001,60.58979492187505],[18.011328125,60.511425781250026],[18.1625,60.40791015624999],[18.250488281249996,60.36152343750002],[18.4,60.33710937499998],[18.557519531250023,60.25356445312503],[18.535449218750006,60.152880859374974],[18.601171875,60.11923828124999],[18.787011718750023,60.07949218749999],[18.852734375,60.02587890625001],[18.884277343750004,59.98017578125002],[18.933203125000013,59.942285156250016],[18.990429687500008,59.827783203125],[18.970507812500017,59.757226562499994],[18.89560546874999,59.73295898437499],[18.71875,59.65737304687499],[18.639941406250017,59.600927734374984],[18.578125,59.565771484374984],[18.402441406250002,59.490380859374966],[18.33808593750001,59.47685546875],[18.27646484375,59.437646484374966],[18.216894531250002,59.42050781249997],[18.163574218749996,59.43037109374999],[17.96425781250001,59.359375],[17.979785156250014,59.32905273437497],[18.13261718750002,59.31621093750002],[18.210546875,59.331445312499994],[18.2705078125,59.367138671875004],[18.336035156250002,59.375341796875006],[18.395800781250006,59.368603515624955],[18.459179687500008,59.39672851562501],[18.508886718750006,59.40795898437501],[18.560253906250004,59.394482421874976],[18.617578125000023,59.32705078124999],[18.498632812500006,59.29194335937502],[18.41425781250001,59.29033203125004],[18.373046875,59.179736328125074],[18.321972656250004,59.13222656249997],[18.285351562500008,59.109375],[18.09814453125,59.06230468750002],[17.974609375,59.002636718749976],[17.829003906250026,58.954589843750014],[17.765429687500017,58.96503906249998],[17.66962890625001,58.916210937500004],[17.456738281250015,58.85839843749997],[17.34765625,58.78051757812498],[17.102832031250014,58.71083984375004],[16.978125,58.65415039062501],[16.639355468750004,58.651171875],[16.31582031250002,58.66362304687502],[16.214257812500023,58.63666992187498],[16.318066406250008,58.628320312499994],[16.390820312500015,58.60185546875001],[16.478027343750004,58.612890625],[16.683007812500023,58.59965820312498],[16.788476562500023,58.58525390625],[16.923828125,58.492578125000016],[16.824316406250002,58.45961914062498],[16.651953125,58.434326171874986],[16.71660156250001,58.30288085937499],[16.769921875000026,58.21425781249999],[16.700097656250023,58.160791015625016],[16.694921875,57.91752929687498],[16.596972656250014,57.91289062499996],[16.555371093750008,57.812255859375],[16.586230468750014,57.7609375],[16.583789062500017,57.64174804687502],[16.604199218750015,57.568310546875],[16.652246093750023,57.50068359375002],[16.630859375,57.43017578124997],[16.475976562500016,57.26513671874996],[16.479492187500007,57.187695312500026],[16.50732421875,57.141699218750006],[16.527929687500002,57.06816406249998],[16.45751953124999,56.92680664062496],[16.4078125,56.80869140625002],[16.348730468750006,56.709277343749996],[16.216503906250008,56.58999023437501],[16.150683593750014,56.500830078125],[15.996679687500006,56.22260742187499],[15.920312500000023,56.16738281250001],[15.826660156249995,56.124951171875],[15.722265625,56.164208984375],[15.6265625,56.185595703125],[15.509667968750023,56.1830078125],[15.32656250000002,56.150830078125],[15.051171875000017,56.172216796875],[14.782031250000017,56.16191406250003],[14.713964843750006,56.13413085937505],[14.75478515625002,56.03315429687499],[14.655566406250017,56.01992187499999],[14.55859375,56.04863281250001],[14.473242187500004,56.01435546874997],[14.401953125,55.9767578125],[14.261914062500006,55.88754882812501],[14.215039062500013,55.83261718749999],[14.202929687500014,55.72915039062501],[14.27646484375,55.63637695312499],[14.34169921875002,55.527734375],[14.173730468750023,55.39663085937503],[14.079980468750017,55.3921875],[13.80634765625001,55.42856445312502],[13.321386718750006,55.34638671875001],[12.885839843750004,55.411376953125014],[12.940625,55.48159179687501],[12.938769531250014,55.533203125],[12.96337890625,55.61259765625001],[12.978027343749995,55.69379882812499],[12.973925781250012,55.748144531249984],[12.941992187500007,55.806054687499994],[12.834570312500004,55.88183593750002],[12.592578125000017,56.137597656250016],[12.52099609375,56.24555664062501],[12.47119140625,56.29052734375001],[12.50703125,56.29296875],[12.706347656250012,56.23500976562499],[12.752832031250021,56.242138671875026],[12.801660156250025,56.263916015625036],[12.7421875,56.346875],[12.691113281250011,56.384423828125],[12.656445312500008,56.440576171874966],[12.77314453125001,56.455761718750004],[12.857421875,56.452392578125],[12.91953125,56.515576171875],[12.883691406250023,56.617724609374974],[12.79316406250001,56.649169921875014],[12.717578125000015,56.66284179687498],[12.572656250000021,56.823291015624974],[12.421484375,56.906396484375],[12.151855468750002,57.226953125000016],[12.053222656249998,57.44697265625002],[11.961523437500006,57.426074218750024],[11.916992187499996,57.52192382812501],[11.885058593750017,57.61269531249998],[11.878710937500017,57.67944335937501],[11.734960937500004,57.717675781249966],[11.729101562500002,57.76445312499998],[11.703222656250004,57.973193359374996],[11.549023437500011,58.001220703125],[11.449316406250006,58.118359375],[11.431542968750023,58.33999023437501],[11.329980468750025,58.380322265625],[11.248242187500013,58.369140625000014],[11.25205078125,58.424072265625],[11.271582031250006,58.47563476562502],[11.223828125,58.67993164062501],[11.207910156250021,58.86640625000001],[11.16914062500001,58.92270507812499],[11.147167968750015,58.98862304687501],[11.16689453125002,59.045556640624994],[11.195800781250004,59.078271484375],[11.29531250000002,59.086865234375],[11.38828125,59.03652343749997]]],[[[19.156347656250002,57.92260742187499],[19.13837890625001,57.86025390625001],[19.086523437500002,57.864990234375],[19.039257812500015,57.91103515625002],[19.134863281250006,57.98134765625002],[19.281152343750016,57.97753906249999],[19.331445312500026,57.962890625000036],[19.156347656250002,57.92260742187499]]],[[[18.41621093750001,59.02910156250001],[18.371875,59.01958007812502],[18.349902343750006,59.02260742187498],[18.377246093750014,59.069042968749976],[18.397558593750006,59.089111328125014],[18.464941406250006,59.107861328125004],[18.485546875,59.10458984375002],[18.41621093750001,59.02910156250001]]],[[[18.595410156250008,59.47036132812497],[18.5703125,59.437255859375014],[18.545117187500008,59.47783203125001],[18.555175781249996,59.48579101562498],[18.572363281249995,59.52583007812497],[18.62089843750002,59.547802734375],[18.69843750000001,59.534619140625026],[18.697949218750015,59.52460937499998],[18.62382812500001,59.4921875],[18.595410156250008,59.47036132812497]]]]}},{"type":"Feature","properties":{"ADMIN":"Spain","ADM0_A3":"ESP"},"geometry":{"type":"MultiPolygon","coordinates":[[[[1.593945312500011,38.6720703125],[1.571191406250023,38.65883789062499],[1.504980468750006,38.67099609375001],[1.40576171875,38.67099609375001],[1.401953125,38.71142578125],[1.417187500000011,38.7396484375],[1.436328125000017,38.768212890624966],[1.496875,38.711914062499986],[1.592675781250023,38.701464843749996],[1.593945312500011,38.6720703125]]],[[[3.145312500000017,39.79008789062498],[3.241113281250022,39.756689453125006],[3.342187500000021,39.78671875],[3.395898437500022,39.777294921875],[3.448925781250012,39.761230468750014],[3.461816406250023,39.69775390624999],[3.414648437500007,39.6271484375],[3.348730468750006,39.555664062499986],[3.29296875,39.47705078125001],[3.244726562500005,39.38662109375001],[3.154589843750018,39.33325195312501],[3.072851562500006,39.30126953124999],[2.900097656250011,39.36835937499998],[2.799804687499999,39.38505859374999],[2.769824218750017,39.41025390624997],[2.745996093750021,39.51025390624997],[2.700585937500023,39.542138671875],[2.634082031250017,39.556201171875],[2.575878906250012,39.53066406249999],[2.49951171875,39.477880859374984],[2.458789062500016,39.53046874999998],[2.394335937500017,39.540380859375],[2.370019531250022,39.57207031249999],[2.371289062500011,39.6130859375],[2.784960937500016,39.854833984375],[2.90478515625,39.90830078125],[3.15869140625,39.9705078125],[3.197558593750017,39.96108398437498],[3.164453125000023,39.92421874999999],[3.166992187500001,39.90771484374999],[3.198632812500023,39.88984375],[3.19091796875,39.861376953125],[3.15869140625,39.83657226562499],[3.145312500000017,39.79008789062498]]],[[[4.293652343750011,39.841845703125],[4.275292968750022,39.830273437500004],[3.967675781250023,39.945849609374996],[3.8671875,39.95874023437501],[3.842675781250023,39.976367187499996],[3.845410156250012,40.036474609375],[3.853417968750023,40.06303710937502],[4.059179687500007,40.075097656249994],[4.22578125000001,40.032373046874994],[4.315136718750013,39.917236328125],[4.322070312500016,39.897509765624996],[4.293652343750011,39.841845703125]]],[[[1.445214843750023,38.918701171875014],[1.408984375000017,38.857275390625],[1.256933593750006,38.87900390624999],[1.223339843750011,38.90385742187499],[1.25625,38.973388671875],[1.2998046875,38.981738281249974],[1.302539062500017,39.031152343749994],[1.3486328125,39.08081054687499],[1.564453125,39.12104492187499],[1.613183593750023,39.087402343749986],[1.623632812500006,39.038818359375],[1.494531250000022,38.93251953124997],[1.445214843750023,38.918701171875014]]],[[[-1.794042968749977,43.40732421874999],[-1.792724609375,43.37255859374998],[-1.753271484374977,43.32470703125001],[-1.712841796874983,43.30703124999997],[-1.627148437499983,43.282470703125],[-1.561474609374983,43.27919921874999],[-1.471728515624989,43.267675781250006],[-1.410693359374989,43.240087890625006],[-1.407324218749977,43.19711914062497],[-1.422607421875,43.14912109374997],[-1.459423828124983,43.10498046875001],[-1.48046875,43.071142578125],[-1.460839843749994,43.0517578125],[-1.428759765624989,43.03676757812498],[-1.39404296875,43.0326171875],[-1.370507812499994,43.03759765624999],[-1.352734374999983,43.06425781249998],[-1.31884765625,43.096972656249996],[-1.300048828125,43.100976562499994],[-1.301562499999988,43.082470703124976],[-1.285449218749989,43.05961914062499],[-1.175439453124994,43.021142578125],[-0.933837890625,42.94951171874999],[-0.839208984374977,42.948193359375],[-0.762646484374983,42.939794921875006],[-0.740185546874983,42.90952148437502],[-0.58642578125,42.798974609374994],[-0.5498046875,42.802001953125],[-0.481152343749983,42.79931640624997],[-0.3984375,42.808105468750014],[-0.338574218749983,42.82880859374998],[-0.29931640625,42.825341796875016],[-0.256054687499983,42.803955078124986],[-0.205322265625,42.78530273437498],[-0.140039062499994,42.74892578124999],[-0.081494140624983,42.70385742187501],[-0.041162109374994,42.68911132812499],[0.201367187500011,42.71933593749997],[0.25546875,42.69291992187501],[0.312890625000023,42.69326171874999],[0.377246093750017,42.700146484375],[0.517675781250006,42.686279296875014],[0.631640625000017,42.68959960937497],[0.641992187500023,42.700634765625],[0.651757812500023,42.80043945312498],[0.669824218750023,42.83574218750002],[0.696875,42.8451171875],[0.764453125000017,42.83803710937497],[1.010058593750017,42.77895507812498],[1.111132812500017,42.74204101562501],[1.208300781250017,42.71313476562501],[1.293261718750017,42.7099609375],[1.349414062500017,42.690673828125],[1.428320312500006,42.59589843749999],[1.414843750000017,42.54838867187498],[1.421972656250005,42.530810546874996],[1.430273437500005,42.49785156250001],[1.428125,42.461328125],[1.448828125,42.437451171874976],[1.486230468750023,42.43447265624998],[1.534082031250023,42.44169921874999],[1.58642578125,42.455957031249994],[1.678515625000017,42.496679687499984],[1.7060546875,42.503320312499994],[1.859765625000023,42.457080078124996],[1.927929687500011,42.42631835937499],[1.951464843750016,42.392773437499976],[1.986523437500011,42.35849609374997],[2.03271484375,42.353515625],[2.098339843750011,42.38608398437499],[2.200390625000012,42.42094726562499],[2.374414062500022,42.390283203124994],[2.56796875,42.345800781250006],[2.651660156250017,42.34047851562499],[2.65478515625,42.362109375],[2.670019531250006,42.39301757812499],[2.701855468750012,42.40849609375001],[2.749414062500021,42.413037109375004],[2.815625,42.42924804687501],[2.891406250000016,42.4560546875],[2.970019531250016,42.467236328125],[3.052636718750023,42.44721679687499],[3.152148437500017,42.431005859375006],[3.21142578125,42.43115234374998],[3.23984375,42.36787109375],[3.287890625000017,42.34370117187498],[3.306738281250006,42.288964843749994],[3.218652343750023,42.26035156250001],[3.166406250000023,42.25649414062499],[3.150390625,42.16245117187499],[3.175195312500022,42.135986328125],[3.224609375,42.111132812499974],[3.238085937500016,42.082226562500004],[3.248046875,41.94423828125001],[3.146875,41.861035156249976],[3.0048828125,41.767431640624984],[2.310937500000022,41.46650390624998],[2.145605468750006,41.320751953125],[2.082617187500005,41.287402343749996],[1.566601562500011,41.19560546875],[1.205859375000017,41.09755859374997],[1.032910156250011,41.06206054687498],[0.81689453125,40.891601562499986],[0.714648437500017,40.822851562500006],[0.796093750000011,40.803808593750006],[0.89111328125,40.72236328125],[0.859179687500017,40.686230468750004],[0.720605468750023,40.63046875],[0.660058593750023,40.613330078124996],[0.627148437500012,40.62221679687498],[0.596093750000023,40.61450195312499],[0.363671875000023,40.319042968750004],[0.158398437500011,40.106591796874994],[0.043066406250006,40.013964843749996],[-0.075146484374983,39.875927734375004],[-0.327001953124977,39.519873046875006],[-0.328955078124977,39.41708984375],[-0.204931640624977,39.062597656250006],[-0.1337890625,38.96948242187501],[-0.034130859374983,38.89121093750001],[0.154882812500006,38.824658203125],[0.201562500000023,38.7591796875],[0.136328125,38.69677734374999],[-0.052734375,38.585693359375],[-0.38125,38.435644531250006],[-0.520800781249989,38.31728515624998],[-0.550683593749994,38.203125],[-0.646777343749989,38.15185546875],[-0.683203124999977,37.99204101562502],[-0.741552734374977,37.88613281249999],[-0.752734374999989,37.850244140624994],[-0.814648437499983,37.76992187499999],[-0.823095703124977,37.711621093749976],[-0.721582031249994,37.63105468749998],[-0.771875,37.596240234374996],[-0.822167968749994,37.58076171875],[-0.938085937499977,37.571337890624996],[-1.327539062499994,37.5611328125],[-1.640966796874977,37.386962890625],[-1.797607421875,37.23286132812498],[-1.939306640624978,36.94584960937499],[-2.111523437499983,36.77666015624999],[-2.187695312499983,36.74545898437498],[-2.305566406249994,36.81982421875001],[-2.452832031249983,36.831152343749984],[-2.595703125,36.80649414062501],[-2.670605468749982,36.74755859374999],[-2.787548828124983,36.71474609374997],[-2.901855468749999,36.7431640625],[-3.149169921875,36.75849609375001],[-3.259130859374977,36.75576171874998],[-3.43125,36.70791015624998],[-3.578808593749983,36.73984374999997],[-3.827783203124994,36.75605468749999],[-4.366845703124994,36.718115234375],[-4.434863281249989,36.700244140624996],[-4.502246093749988,36.62915039062497],[-4.674121093749988,36.5064453125],[-4.935302734375002,36.50205078124999],[-5.171484374999977,36.423779296874976],[-5.230517578124988,36.3736328125],[-5.329687499999977,36.2357421875],[-5.360937499999975,36.134912109374994],[-5.381591796874998,36.13408203124998],[-5.4072265625,36.15888671875],[-5.443603515625001,36.150585937500004],[-5.4625,36.073779296874996],[-5.551269531249998,36.03881835937499],[-5.62548828125,36.025927734374996],[-5.808398437499988,36.08833007812499],[-5.960693359375001,36.18173828125],[-6.040673828124993,36.18842773437501],[-6.170458984374989,36.33378906249999],[-6.226269531249983,36.426464843750004],[-6.265917968749987,36.52651367187499],[-6.257714843749994,36.56484375],[-6.268945312499993,36.59672851562499],[-6.384130859374978,36.63701171875],[-6.412255859374994,36.72885742187499],[-6.328320312499981,36.84814453125],[-6.259423828124993,36.89897460937501],[-6.216796875,36.91357421875001],[-6.320947265624994,36.908496093749974],[-6.396191406249981,36.831640625],[-6.492431640624999,36.954638671874996],[-6.884619140624978,37.19423828124999],[-6.859375,37.249169921874994],[-6.863769531249999,37.278906249999984],[-6.929492187499987,37.21494140625],[-6.974658203124989,37.1984375],[-7.174951171874993,37.20878906249998],[-7.406152343749992,37.17944335937501],[-7.4671875,37.42802734374999],[-7.496044921874983,37.52358398437499],[-7.503515624999977,37.58549804687499],[-7.443945312499975,37.728271484374986],[-7.37890625,37.786376953124986],[-7.292236328124998,37.906445312500004],[-7.185449218749994,38.00634765625001],[-7.072509765624999,38.030029296875],[-7.022851562499992,38.0447265625],[-6.981103515624993,38.12197265624998],[-6.957568359374988,38.187890625],[-6.974804687499983,38.19443359375],[-7.106396484374983,38.181005859375006],[-7.343017578125001,38.457421875],[-7.335791015624979,38.50146484375],[-7.30595703124999,38.56684570312498],[-7.286376953125003,38.64936523437501],[-7.281542968749988,38.71455078125],[-7.219921874999983,38.77050781249999],[-7.125488281249999,38.82695312499999],[-7.046044921874995,38.90703124999999],[-7.00625,38.98525390625],[-6.997949218749993,39.05644531249998],[-7.04296875,39.107080078124994],[-7.17241210937499,39.135205078125],[-7.305761718749977,39.338134765624986],[-7.335449218750001,39.465136718749996],[-7.362695312499993,39.47832031249998],[-7.445117187499988,39.53618164062499],[-7.52421875,39.64472656250002],[-7.535693359374987,39.66157226562499],[-7.454101562500003,39.6806640625],[-7.117675781249998,39.681689453124996],[-7.047412109374989,39.70556640624999],[-7.036718749999977,39.71396484374998],[-6.975390624999988,39.79838867187499],[-6.91118164062499,39.937109375],[-6.896093749999977,40.021826171875],[-6.91640625,40.0568359375],[-7.02783203125,40.142626953124996],[-7.032617187499993,40.16791992187499],[-7.01469726562499,40.20834960937499],[-6.948437499999984,40.251611328124994],[-6.85888671875,40.300732421875],[-6.810156249999978,40.34311523437499],[-6.821777343750001,40.37626953125001],[-6.847949218749989,40.41098632812499],[-6.852050781249997,40.44326171874999],[-6.835693359374999,40.483154296875],[-6.829833984374997,40.619091796875],[-6.818359375,40.65405273437502],[-6.835888671874982,40.777490234375],[-6.85771484374999,40.878320312499994],[-6.928466796874997,41.009130859375006],[-6.915527343749999,41.038037109375],[-6.8828125,41.062402343749994],[-6.77578125,41.10771484374998],[-6.690136718749981,41.214501953124994],[-6.565917968749999,41.30371093749999],[-6.403125,41.37539062499999],[-6.28935546874999,41.45502929687499],[-6.244335937499983,41.515917968749996],[-6.2125,41.53203125000002],[-6.2216796875,41.560449218750016],[-6.243115234374983,41.60180664062499],[-6.308056640624983,41.64218750000001],[-6.391699218749977,41.665380859375],[-6.484667968749988,41.664404296874984],[-6.542187499999983,41.67250976562501],[-6.558984375,41.70405273437499],[-6.552587890624977,41.789550781249986],[-6.557519531249994,41.87412109374999],[-6.575341796874993,41.91308593750001],[-6.618261718749976,41.942382812499964],[-6.703613281250001,41.93457031250001],[-6.777294921874984,41.95849609374998],[-6.833203124999983,41.964160156249974],[-6.86552734374999,41.94526367187498],[-7.030468749999984,41.95063476562502],[-7.099121093749999,41.964208984375],[-7.147119140624993,41.98115234374999],[-7.177929687499984,41.97167968750001],[-7.195361328124989,41.95522460937499],[-7.198339843749976,41.92939453124998],[-7.209619140624995,41.89526367187499],[-7.2685546875,41.86440429687499],[-7.403613281249987,41.833691406250026],[-7.512597656249994,41.83598632812499],[-7.612597656249988,41.857958984374996],[-7.644677734374993,41.873974609375],[-7.693066406249981,41.88847656249995],[-7.896386718749993,41.87055664062498],[-7.920849609374984,41.88364257812499],[-7.990966796875001,41.85190429687501],[-8.094433593749983,41.81420898437499],[-8.152490234374993,41.811962890625004],[-8.173535156249983,41.81997070312499],[-8.18125,41.83696289062499],[-8.224755859374993,41.89584960937501],[-8.213330078124983,41.927099609375006],[-8.129980468749977,42.0181640625],[-8.139306640624993,42.039941406249994],[-8.173583984375,42.06938476562501],[-8.204199218749975,42.111865234374974],[-8.213085937499983,42.13369140625],[-8.266064453124981,42.13740234374999],[-8.322558593749987,42.115087890625006],[-8.538085937500002,42.0693359375],[-8.589648437499989,42.052734375],[-8.682958984374975,42.00849609374999],[-8.777148437499989,41.94106445312498],[-8.852343749999987,41.926904296874994],[-8.878320312499993,41.946875],[-8.88720703125,42.1052734375],[-8.772460937499998,42.210595703125],[-8.69091796875,42.274169921875],[-8.729199218749983,42.28701171874999],[-8.815820312499994,42.285253906250006],[-8.809960937499994,42.33447265624998],[-8.769384765624975,42.35815429687502],[-8.730029296874985,42.41171875],[-8.776171875,42.43481445312501],[-8.812109374999975,42.47006835937502],[-8.809912109374975,42.562353515625],[-8.799902343749977,42.59990234374999],[-8.8115234375,42.64033203124999],[-8.98779296875,42.585644531250004],[-9.033105468749994,42.593847656250006],[-9.035058593749994,42.662353515625],[-8.937207031249985,42.76669921874999],[-8.927197265624985,42.798583984375],[-9.041601562499977,42.81401367187498],[-9.127197265625,42.86523437499998],[-9.179443359375,42.910986328125],[-9.235205078124975,42.976904296874984],[-9.235644531249989,43.035791015625],[-9.178076171874977,43.1740234375],[-9.095556640624977,43.21420898437499],[-9.024511718749975,43.23896484374999],[-8.873681640624994,43.334423828125],[-8.665625,43.31660156249999],[-8.537060546874981,43.337060546875],[-8.421582031249983,43.385839843749984],[-8.35546875,43.39682617187499],[-8.248925781249994,43.43940429687501],[-8.252294921874979,43.496923828125],[-8.288867187499989,43.53959960937499],[-8.256738281249993,43.57988281250001],[-8.137158203124983,43.629052734374994],[-8.004687499999987,43.69438476562501],[-7.852734374999984,43.70698242187498],[-7.698144531249995,43.76455078125],[-7.594580078124977,43.72734375000001],[-7.503613281249984,43.73994140625],[-7.399316406249994,43.69580078124999],[-7.261962890625,43.59462890624999],[-7.060986328124984,43.553955078124986],[-6.900683593749987,43.58564453124999],[-6.617285156249978,43.59238281249999],[-6.475683593749977,43.57890624999998],[-6.22412109375,43.60385742187499],[-6.080126953124989,43.59492187500001],[-5.846679687499999,43.64506835937499],[-5.665820312499989,43.582470703125004],[-5.315722656249988,43.55317382812499],[-5.10527343749999,43.501855468750016],[-4.523046874999978,43.41572265625],[-4.312792968749988,43.41474609375],[-4.015332031249983,43.4630859375],[-3.889355468749982,43.499414062499994],[-3.774023437499976,43.47788085937496],[-3.604638671874994,43.519482421874976],[-3.523632812499983,43.51103515624999],[-3.417871093749995,43.451708984375],[-3.045605468749983,43.371582031249986],[-2.947705078124982,43.439697265625],[-2.875048828124988,43.454443359374984],[-2.607080078124995,43.41274414062498],[-2.337109374999983,43.32802734374999],[-2.196679687499994,43.321923828124994],[-1.991308593749978,43.34506835937501],[-1.828515625,43.40083007812498],[-1.794042968749977,43.40732421874999]]],[[[-16.33447265625,28.379931640624992],[-16.418212890624993,28.151416015625003],[-16.496240234374994,28.061914062499994],[-16.54277343749999,28.032080078125],[-16.65800781249999,28.007177734375],[-16.79472656249999,28.149169921875004],[-16.86601562499999,28.29326171874998],[-16.90532226562499,28.33959960937501],[-16.843066406249992,28.37612304687501],[-16.752050781249974,28.369824218750004],[-16.556835937499983,28.40048828124999],[-16.517431640624977,28.412695312500006],[-16.318994140624994,28.558203125],[-16.123632812499977,28.575976562499996],[-16.119140625,28.52827148437499],[-16.33447265625,28.379931640624992]]],[[[-13.715966796874996,28.911230468750002],[-13.783984375,28.845458984374986],[-13.859912109374989,28.869091796874997],[-13.823632812499996,29.013330078125],[-13.788183593749979,29.05610351562499],[-13.650097656249978,29.118994140624988],[-13.535058593749993,29.144287109375007],[-13.501416015624981,29.211230468749996],[-13.463574218749985,29.237207031249998],[-13.422949218749974,29.197509765624993],[-13.453759765624994,29.1513671875],[-13.477929687499993,29.006591796875],[-13.5546875,28.960205078125004],[-13.715966796874996,28.911230468750002]]],[[[-14.196777343749996,28.169287109374995],[-14.332617187499977,28.056005859374995],[-14.468603515624974,28.08237304687499],[-14.491796874999975,28.100927734375],[-14.355566406249975,28.1296875],[-14.231982421874987,28.215820312500007],[-14.152587890624998,28.406640625],[-14.02836914062499,28.617431640625014],[-14.00336914062498,28.706689453124987],[-13.954150390624989,28.741455078124993],[-13.88627929687499,28.744677734374996],[-13.857226562499987,28.738037109375],[-13.827148437500004,28.691210937499985],[-13.827587890624978,28.58515625],[-13.862988281249983,28.40932617187499],[-13.928027343749989,28.253466796875003],[-14.196777343749996,28.169287109374995]]],[[[-15.400585937499983,28.14736328124999],[-15.40668945312498,28.070507812499994],[-15.383154296874979,27.992822265624998],[-15.389160156249996,27.874707031249997],[-15.436767578125,27.81069335937499],[-15.559375,27.74697265625001],[-15.655761718749996,27.758398437499995],[-15.710302734374975,27.78408203125],[-15.807324218749983,27.887548828124988],[-15.809472656249994,27.99448242187499],[-15.720947265624996,28.064160156249997],[-15.682763671874993,28.154052734374996],[-15.452783203124994,28.1369140625],[-15.432714843749974,28.15424804687499],[-15.41547851562498,28.159326171874994],[-15.400585937499983,28.14736328124999]]],[[[-17.184667968749977,28.02197265624999],[-17.225390625,28.013525390625006],[-17.27392578125,28.03828125],[-17.32490234374998,28.11767578125],[-17.29033203124999,28.176318359375],[-17.25859374999999,28.203173828124985],[-17.214355468749996,28.199267578125003],[-17.129638671875,28.155957031249983],[-17.103759765625,28.111132812499992],[-17.10107421875,28.083447265624994],[-17.184667968749977,28.02197265624999]]],[[[-17.887939453124993,27.809570312500007],[-17.984765625,27.646386718749984],[-18.106591796874994,27.707470703125],[-18.135937499999983,27.727929687499998],[-18.160546875,27.761474609375007],[-18.043359375,27.768115234375003],[-17.924511718749976,27.85014648437499],[-17.887939453124993,27.809570312500007]]],[[[-17.834277343749992,28.493212890624996],[-17.859375,28.485693359375006],[-17.88212890624999,28.564599609374994],[-18.00078124999999,28.758251953125],[-17.928808593749974,28.844580078124995],[-17.79755859374998,28.84677734375001],[-17.74453125,28.78657226562499],[-17.7265625,28.724462890624995],[-17.751611328124998,28.688574218750016],[-17.744384765625,28.616015625],[-17.75800781249998,28.569091796874996],[-17.834277343749992,28.493212890624996]]]]}},{"type":"Feature","properties":{"ADMIN":"Republic of Serbia","ADM0_A3":"SRB"},"geometry":{"type":"MultiPolygon","coordinates":[[[[21.360058593750004,44.82666015624999],[21.523144531250008,44.790087890624996],[21.59707031250002,44.755419921874996],[21.636132812500016,44.71044921874999],[21.740234375,44.6806640625],[21.909277343750002,44.666113281249984],[22.026953125,44.619873046874986],[22.093066406250017,44.54194335937498],[22.20097656250002,44.560693359374994],[22.350683593750002,44.67612304687499],[22.497656250000013,44.70625],[22.64208984375,44.6509765625],[22.720898437500015,44.605517578124996],[22.734375,44.56992187500001],[22.70078125,44.555517578125],[22.6201171875,44.56235351562499],[22.554003906250014,44.54033203124999],[22.502343750000023,44.48959960937499],[22.49453125000002,44.43544921874998],[22.530664062500026,44.377978515625024],[22.58183593750002,44.338330078125004],[22.647949218749993,44.31645507812497],[22.683300781250015,44.28647460937499],[22.687890625000023,44.248291015625014],[22.705078125,44.23779296874997],[22.66748046875,44.22021484375],[22.6265625,44.19409179687501],[22.60341796875002,44.148583984374994],[22.597460937500017,44.07529296875],[22.46904296875002,44.01801757812499],[22.420800781250023,44.00742187500002],[22.399023437500006,43.96953124999998],[22.365429687500004,43.862109375],[22.36962890625,43.781298828124974],[22.386914062500008,43.74013671874999],[22.394824218750024,43.706640625],[22.436328125000014,43.66547851562499],[22.474121093749996,43.602246093750004],[22.49912109375001,43.518847656249996],[22.55458984375002,43.454492187500016],[22.696972656250015,43.391064453125],[22.767578125,43.35415039062499],[22.819726562500016,43.30073242187499],[22.859570312500008,43.25234375],[22.976855468750017,43.187988281250014],[22.96796875,43.14204101562501],[22.94228515625002,43.09707031249999],[22.91523437500001,43.075976562499996],[22.85683593750002,43.01826171874999],[22.799902343750006,42.9857421875],[22.706152343750002,42.88393554687498],[22.558105468749993,42.878466796875],[22.52275390625002,42.8703125],[22.466796875,42.84248046875],[22.439257812500017,42.79165039062498],[22.465625,42.75078124999998],[22.46328125000002,42.709472656249986],[22.43623046875001,42.629101562500004],[22.47207031250002,42.543310546875006],[22.52421875,42.50390625],[22.532421875,42.481201171875014],[22.523535156250006,42.44096679687498],[22.445703125000023,42.359130859375],[22.422070312500004,42.328857421875],[22.34404296875002,42.31396484374999],[22.317382812500004,42.32172851562502],[22.277050781250015,42.34985351562499],[22.239746093750004,42.35815429687502],[22.146679687500008,42.325],[22.052050781250017,42.304638671874976],[21.977539062499996,42.320068359374986],[21.904101562500014,42.322070312499996],[21.85302734375,42.3083984375],[21.814648437500015,42.303125],[21.739257812499996,42.267724609375016],[21.61826171875001,42.24213867187499],[21.5625,42.247509765625004],[21.541601562500006,42.28081054687498],[21.518945312500023,42.328417968749996],[21.529980468750008,42.35],[21.60986328125,42.38745117187499],[21.619042968750023,42.423242187499994],[21.73066406250001,42.59545898437499],[21.75214843750001,42.651513671874994],[21.7529296875,42.66982421874999],[21.723828125000015,42.681982421875],[21.6625,42.68149414062499],[21.390625,42.75141601562496],[21.403027343750008,42.83154296875],[21.323144531250012,42.874707031250004],[21.23710937500001,42.91323242187499],[21.22265625,42.956201171874994],[21.12705078125,43.04301757812501],[21.05703125000002,43.09169921874999],[20.967675781250016,43.116015625],[20.890722656250006,43.15166015625],[20.844433593750008,43.173437499999984],[20.823828125,43.21396484374998],[20.823828125,43.237939453124994],[20.80058593750002,43.261083984375006],[20.763378906250015,43.25859375],[20.700585937500023,43.22636718749997],[20.62314453125,43.19863281249999],[20.609667968750017,43.178417968750004],[20.63759765625002,43.13037109375001],[20.65761718750002,43.09985351562501],[20.648535156250002,43.070947265624994],[20.624023437499996,43.0341796875],[20.47509765625,42.95302734374998],[20.458398437500026,42.924560546875014],[20.48681640625,42.879052734374994],[20.46884765625,42.857910156250014],[20.344335937500002,42.827929687499974],[20.34765625,42.852783203124986],[20.339941406250002,42.892871093749996],[20.268457031250026,42.93544921875001],[20.16787109375002,42.968505859375],[19.94404296875001,43.081640624999984],[19.8580078125,43.096533203124984],[19.78115234375002,43.109765625],[19.670996093750006,43.163964843749966],[19.614453125,43.173437499999984],[19.551562500000014,43.21225585937498],[19.414648437500002,43.34282226562502],[19.29824218750002,43.413964843749994],[19.21875,43.449951171875],[19.19648437500001,43.48500976562499],[19.191601562500004,43.521044921875],[19.194335937500004,43.53330078124999],[19.254492187500006,43.584375],[19.30078125,43.591796875],[19.3603515625,43.59345703124999],[19.399609375,43.567578125],[19.451269531250002,43.56206054687497],[19.47998046875,43.59516601562498],[19.495117187500007,43.64287109375001],[19.488183593750016,43.703564453125],[19.364062500000017,43.844775390624974],[19.257226562500023,43.943310546875004],[19.245019531250023,43.96503906249998],[19.26806640625,43.98344726562499],[19.305273437500002,43.99335937499998],[19.345214843749996,43.98510742187501],[19.449414062500008,43.97802734374999],[19.54951171875001,43.987109375],[19.583691406250015,44.01108398437499],[19.583789062500017,44.043457031250014],[19.547167968750017,44.073486328125],[19.430175781250004,44.1544921875],[19.338867187499993,44.225830078125],[19.23154296875001,44.280566406249996],[19.15185546875,44.302539062499996],[19.128320312500023,44.330273437500004],[19.11845703125001,44.35996093749999],[19.12734375000002,44.41455078124999],[19.132421875,44.48378906249999],[19.151367187499996,44.52734375],[19.223144531249993,44.60957031249999],[19.29189453125002,44.69677734375],[19.334472656250004,44.78066406250001],[19.356835937500023,44.85854492187501],[19.348632812499996,44.880908203125],[19.312695312500015,44.897460937499986],[19.236816406249996,44.91425781249999],[19.131542968750008,44.89960937500001],[19.042089843750006,44.87133789062501],[19.007128906250014,44.869189453124974],[18.995507812500023,44.90400390625],[19.009570312500014,44.919384765625],[19.037597656249996,44.91752929687502],[19.060546875,44.910986328125],[19.085253906250017,44.926757812500014],[19.1,44.973779296874994],[19.062890625000023,45.13720703125001],[19.12968750000002,45.15170898437498],[19.130761718750023,45.17548828125001],[19.13691406250001,45.19624023437502],[19.205957031250023,45.1677734375],[19.30302734375002,45.16728515624998],[19.388085937500023,45.172998046875],[19.400976562500002,45.1890625],[19.4,45.2125],[19.38232421875,45.230615234375],[19.35224609375001,45.24541015624999],[19.330273437500008,45.26806640624999],[19.272851562500023,45.277978515624994],[19.093066406250017,45.336914062499986],[19.004687500000017,45.39951171875],[19.007617187500014,45.4658203125],[19.033300781250002,45.50219726562499],[19.06425781250002,45.514990234374984],[19.055078125000023,45.52724609375],[18.953710937500006,45.558007812499994],[18.917871093750023,45.60083007812501],[18.947265625,45.655810546874996],[18.89453125,45.76708984375],[18.8390625,45.83574218749997],[18.893554687499996,45.86552734374998],[18.90107421875001,45.90761718749999],[18.90537109375,45.93173828125],[18.92783203125001,45.931396484375],[19.015722656250006,45.95971679687498],[19.047656250000014,45.982666015625],[19.066210937500017,46.00952148437499],[19.087304687500016,46.01616210937499],[19.146289062500014,45.98701171875],[19.208398437500023,45.984423828124996],[19.278125,46.00288085937499],[19.330273437500008,46.02851562500003],[19.392871093750014,46.04980468750001],[19.421289062500016,46.064453125000014],[19.457519531249996,46.087353515625004],[19.530761718749996,46.155175781249966],[19.613476562500008,46.169189453124986],[19.724511718750026,46.15190429687499],[19.844433593750015,46.14589843749999],[19.934082031250004,46.161474609375],[20.16142578125001,46.141894531249996],[20.21015625000001,46.126025390624996],[20.241796875,46.10859375000002],[20.301367187500013,46.05068359375001],[20.35859375,45.97548828124998],[20.437988281249993,45.940771484374984],[20.532617187500023,45.89951171875],[20.581152343750006,45.86948242187496],[20.65273437500002,45.77939453125],[20.709277343750017,45.73525390625001],[20.72783203125001,45.737402343750006],[20.746875,45.74897460937498],[20.760156250000023,45.75810546875001],[20.775,45.74980468749998],[20.77578125000002,45.722509765625],[20.779296875,45.66201171874998],[20.765820312500015,45.597460937499996],[20.786035156250016,45.536474609375],[20.786523437500023,45.51748046875001],[20.772460937499993,45.50009765624999],[20.774218750000017,45.48442382812499],[20.794042968750006,45.467871093750006],[20.870800781250004,45.427539062499996],[20.941796875000023,45.36533203125],[21.023828125000023,45.321533203125014],[21.09990234375001,45.2935546875],[21.147851562500016,45.291748046875],[21.22646484375003,45.24130859374999],[21.38173828125003,45.205078124999986],[21.431445312500024,45.192529296875],[21.46542968750001,45.171875],[21.490234375,45.14790039062499],[21.491796875,45.12226562499998],[21.46787109375,45.10986328125],[21.434472656250023,45.075146484375004],[21.420703125000014,45.032958984375],[21.39589843750002,45.02221679687499],[21.37109375,45.021386718749994],[21.35292968750002,45.008984375],[21.35703125,44.99077148437502],[21.377734375000017,44.97343749999998],[21.409960937500006,44.95771484374998],[21.471972656250014,44.941992187499984],[21.533203125,44.91884765625],[21.532324218750002,44.900683593749974],[21.51992187500002,44.88081054687499],[21.442187500000014,44.873388671875],[21.384375,44.87006835937497],[21.357910156250007,44.86181640624999],[21.360058593750004,44.82666015624999]]]]}},{"type":"Feature","properties":{"ADMIN":"Peru","ADM0_A3":"PER"},"geometry":{"type":"MultiPolygon","coordinates":[[[[-69.96591796874999,-4.2359375],[-69.97202148437498,-4.301171875],[-70.00395507812499,-4.327246093750004],[-70.05332031249998,-4.333105468750005],[-70.12880859375,-4.286621093749999],[-70.18398437499998,-4.298144531250004],[-70.23916015624998,-4.301171875],[-70.31689453125,-4.246972656250009],[-70.34365234375,-4.193652343750002],[-70.40463867187499,-4.150097656250012],[-70.5306640625,-4.167578125],[-70.63457031249997,-4.168652343750011],[-70.72158203125,-4.15888671875001],[-70.79951171874998,-4.173339843749998],[-70.86601562499999,-4.229589843750006],[-70.915625,-4.29531250000001],[-70.97368164062497,-4.350488281250009],[-71.14423828125001,-4.38720703125],[-71.235009765625,-4.38818359375],[-71.316796875,-4.424316406249999],[-71.43828124999997,-4.437597656250006],[-71.52133789062499,-4.469726562499999],[-71.66835937499998,-4.487304687499999],[-71.84472656249997,-4.504394531250001],[-71.9431640625,-4.553320312500005],[-71.98242187500001,-4.574609375],[-72.08251953125001,-4.642285156250013],[-72.25678710937498,-4.748925781250007],[-72.35283203124999,-4.786035156250008],[-72.46899414062499,-4.901269531250009],[-72.608349609375,-5.009570312500001],[-72.69873046875,-5.0671875],[-72.83193359375,-5.09375],[-72.88706054687499,-5.122753906250012],[-72.907470703125,-5.157714843749999],[-72.89580078124999,-5.198242187499998],[-72.91826171875,-5.302539062500005],[-72.958935546875,-5.495214843750005],[-72.97021484374999,-5.589648437500002],[-72.97988281249998,-5.634863281250004],[-73.06806640624998,-5.789550781249998],[-73.16289062499999,-5.933398437500003],[-73.209375,-6.028710937500008],[-73.235546875,-6.0984375],[-73.20649414062498,-6.156445312500011],[-73.16772460937501,-6.260644531250009],[-73.13535156249998,-6.344335937500006],[-73.12631835937499,-6.400878906249998],[-73.137353515625,-6.4658203125],[-73.17744140625,-6.525195312500003],[-73.24033203124999,-6.5640625],[-73.32548828124999,-6.574707031249999],[-73.49990234375,-6.679492187500002],[-73.69453125,-6.833789062500003],[-73.75810546874996,-6.905761718750001],[-73.77626953124998,-6.973535156250009],[-73.804638671875,-7.079882812500003],[-73.793017578125,-7.135058593750003],[-73.758203125,-7.17275390625001],[-73.72333984375,-7.262792968750003],[-73.72041015625,-7.30927734375001],[-73.749462890625,-7.335351562500011],[-73.804638671875,-7.341210937500009],[-73.85400390624999,-7.349902343750002],[-73.891748046875,-7.373144531250006],[-73.929443359375,-7.367285156250008],[-73.96430664062501,-7.37890625],[-73.96430664062501,-7.416699218750011],[-73.95268554687497,-7.460253906250003],[-73.95849609375,-7.506640625],[-73.98173828125,-7.535742187500006],[-74.00205078125,-7.556054687500008],[-73.98173828124999,-7.585058593750006],[-73.946875,-7.61123046875001],[-73.89462890624999,-7.654785156249998],[-73.82207031249997,-7.738964843750011],[-73.76689453124999,-7.753515625],[-73.72041015625,-7.782519531250006],[-73.714599609375,-7.829003906250008],[-73.73203125,-7.87539062500001],[-73.772705078125,-7.895703125000011],[-73.77558593749998,-7.936425781250007],[-73.72041015625,-7.985742187500009],[-73.68266601562499,-8.020605468750006],[-73.64492187499998,-8.072851562500006],[-73.61010742187499,-8.145410156250007],[-73.61010742187499,-8.191894531249998],[-73.57236328124999,-8.249902343750007],[-73.54912109374999,-8.299316406250002],[-73.54912109374999,-8.345800781250006],[-73.48813476562498,-8.3921875],[-73.43588867187499,-8.42705078125],[-73.39814453125,-8.458984375],[-73.36040039062499,-8.479296875],[-73.351708984375,-8.514160156250002],[-73.35673828124999,-8.566992187500006],[-73.30244140624998,-8.65400390625001],[-73.203125,-8.719335937500002],[-73.12255859374999,-8.8140625],[-73.0705078125,-8.8828125],[-72.9740234375,-8.993164062500002],[-72.970361328125,-9.120117187499998],[-73.08984375000001,-9.265722656250002],[-73.209423828125,-9.411425781250005],[-73.01376953124999,-9.407421875000011],[-72.8142578125,-9.41035156250001],[-72.60546874999999,-9.452050781250007],[-72.46474609375,-9.4921875],[-72.379052734375,-9.51015625],[-72.31806640625,-9.556640625],[-72.28901367187501,-9.629199218750005],[-72.26582031250001,-9.6884765625],[-72.25996093750001,-9.77431640625001],[-72.1728515625,-9.84404296875],[-72.1791015625,-9.91015625],[-72.181591796875,-10.003710937500003],[-72.14296874999998,-10.005175781250001],[-71.887451171875,-10.00556640625001],[-71.60800781249999,-10.00605468750001],[-71.33940429687497,-9.988574218750003],[-71.237939453125,-9.966015625000013],[-71.11528320312499,-9.852441406250009],[-71.041748046875,-9.81875],[-70.97075195312499,-9.765722656250007],[-70.88452148437499,-9.66904296875001],[-70.81625976562499,-9.625292968750003],[-70.75849609375,-9.57167968750001],[-70.67246093749999,-9.51796875],[-70.6369140625,-9.478222656250011],[-70.60791015625,-9.463671875],[-70.54111328124999,-9.4375],[-70.57016601562499,-9.48984375],[-70.59223632812498,-9.54345703125],[-70.59916992187497,-9.62050781250001],[-70.56723632812499,-9.704589843749998],[-70.59379882812499,-9.767480468750009],[-70.63691406250001,-9.82373046875],[-70.63759765624997,-9.971777343750002],[-70.63852539062499,-10.181542968750009],[-70.63935546874998,-10.361328125],[-70.64033203125,-10.586035156250002],[-70.641552734375,-10.8408203125],[-70.64233398437501,-11.010253906249998],[-70.596533203125,-10.97685546875],[-70.533251953125,-10.946875],[-70.45087890624997,-11.024804687500007],[-70.39228515625,-11.05859375],[-70.34199218749998,-11.066699218750001],[-70.29038085937499,-11.064257812500001],[-70.22006835937499,-11.04765625],[-70.06630859375,-10.982421875],[-69.9603515625,-10.92988281250001],[-69.83979492187498,-10.933398437500001],[-69.6740234375,-10.954101562500002],[-69.57861328125001,-10.951757812500007],[-69.45361328125,-11.16875],[-69.36201171874998,-11.327539062500005],[-69.25771484375,-11.50859375],[-69.17373046875,-11.654296875],[-69.04619140624999,-11.875683593750011],[-68.93603515625,-12.066796875000012],[-68.81870117187498,-12.270410156250005],[-68.68525390625,-12.501953125],[-68.728125,-12.560742187500013],[-68.76289062499998,-12.607714843750003],[-68.75908203125,-12.687207031250013],[-68.81181640624999,-12.729589843750004],[-68.86767578124997,-12.755175781250001],[-68.93374023437501,-12.82207031250001],[-68.97861328124999,-12.880078125],[-68.98051757812497,-12.962597656250013],[-68.972265625,-13.38232421875],[-68.983447265625,-13.496386718750005],[-69.017529296875,-13.594433593750011],[-69.05283203124998,-13.643945312500009],[-69.07412109374998,-13.6828125],[-69.023046875,-13.780273437500002],[-68.97426757812498,-13.975976562500003],[-68.937451171875,-14.014648437500002],[-68.89169921874999,-14.094335937500004],[-68.87089843749999,-14.169726562500001],[-68.880322265625,-14.198828125],[-68.97177734374999,-14.234375],[-69.00449218749999,-14.265039062500005],[-69.01313476562498,-14.377246093749998],[-69.05278320312496,-14.417578125000013],[-69.11972656249999,-14.4703125],[-69.1626953125,-14.530957031250013],[-69.19926757812499,-14.572558593750006],[-69.23491210937496,-14.597070312500005],[-69.25234375,-14.67109375000001],[-69.27602539062498,-14.7458984375],[-69.35947265624998,-14.7953125],[-69.37373046875,-14.8875],[-69.37470703125001,-14.962988281250007],[-69.330712890625,-15.038964843750014],[-69.18710937499998,-15.19873046875],[-69.17246093749999,-15.23662109375],[-69.254296875,-15.332910156250005],[-69.30190429687498,-15.3994140625],[-69.41850585937499,-15.60341796875001],[-69.42089843749999,-15.640625],[-69.39189453124997,-15.736914062500004],[-69.217578125,-16.149121093750008],[-69.18798828124999,-16.1828125],[-69.1341796875,-16.22197265625],[-69.04624023437499,-16.21767578125001],[-68.91347656250001,-16.26191406250001],[-68.84882812499998,-16.312792968750003],[-68.8427734375,-16.337890625],[-68.85781249999997,-16.35478515625],[-68.92802734374997,-16.3890625],[-69.00625,-16.433691406250013],[-69.03291015625,-16.475976562500005],[-69.03837890625,-16.54267578125002],[-69.020703125,-16.6421875],[-69.05454101562499,-16.67431640625],[-69.13251953124998,-16.71308593750001],[-69.19980468749999,-16.768457031250005],[-69.26723632812497,-16.8609375],[-69.38154296875,-17.00136718750001],[-69.42109375,-17.040039062499996],[-69.43833007812496,-17.088378906250004],[-69.50332031249998,-17.104785156250003],[-69.62485351562499,-17.200195312499993],[-69.645703125,-17.248535156249996],[-69.62587890625,-17.294433593750004],[-69.56381835937499,-17.33291015625001],[-69.521923828125,-17.38896484375],[-69.510986328125,-17.460351562500005],[-69.51108398437499,-17.504882812500004],[-69.5109375,-17.506054687500008],[-69.58642578125,-17.5732421875],[-69.684765625,-17.649804687500016],[-69.80610351562498,-17.664941406250005],[-69.85209960937499,-17.703808593750008],[-69.84150390625,-17.78515625],[-69.80244140625,-17.9],[-69.80258789062495,-17.990234375],[-69.839697265625,-18.09345703125001],[-69.9263671875,-18.2060546875],[-70.05908203125,-18.283496093750003],[-70.1837890625,-18.3251953125],[-70.282275390625,-18.325390625],[-70.37749023437497,-18.33359375],[-70.41826171874999,-18.345605468750016],[-70.49160156249998,-18.277734375],[-70.81748046874998,-18.052539062500006],[-70.94169921874997,-17.93203125],[-71.056591796875,-17.87568359375001],[-71.33696289062499,-17.68251953125001],[-71.36494140625,-17.62050781250001],[-71.3994140625,-17.421972656250002],[-71.43588867187499,-17.366015625],[-71.53222656249999,-17.29433593750001],[-71.77446289062499,-17.198828125],[-71.868359375,-17.151074218750004],[-71.96689453124998,-17.064062500000013],[-72.11127929687498,-17.002539062500002],[-72.26860351562499,-16.87617187500001],[-72.3625,-16.775],[-72.46767578125,-16.708105468750002],[-72.7939453125,-16.614550781250003],[-72.95771484375,-16.52089843750001],[-73.26376953124999,-16.388574218750012],[-73.400048828125,-16.304296875],[-73.727685546875,-16.20166015625],[-73.82495117187499,-16.152832031249996],[-74.14707031249999,-15.9125],[-74.37290039062499,-15.833984375],[-74.5548828125,-15.699023437500005],[-75.10424804687501,-15.4119140625],[-75.19052734374998,-15.320117187500001],[-75.27456054687498,-15.178125],[-75.39658203124999,-15.093554687500005],[-75.53364257812498,-14.89921875],[-75.73769531250001,-14.784960937500006],[-75.93388671874997,-14.63359375],[-76.006298828125,-14.495800781250011],[-76.136474609375,-14.3203125],[-76.175146484375,-14.226660156250006],[-76.28901367187501,-14.133105468750001],[-76.29702148437501,-13.948437500000017],[-76.37646484375001,-13.863085937500006],[-76.319482421875,-13.821484375000011],[-76.25922851562498,-13.802832031250007],[-76.18393554687499,-13.515234375],[-76.2236328125,-13.37119140625001],[-76.42734375,-13.109960937500006],[-76.50214843749998,-12.984375],[-76.55522460937499,-12.8234375],[-76.637109375,-12.728027343749998],[-76.7580078125,-12.527148437500006],[-76.83212890625,-12.348730468750004],[-76.994091796875,-12.21923828125],[-77.03813476562496,-12.172753906250009],[-77.0626953125,-12.106835937500007],[-77.15273437499998,-12.060351562500005],[-77.1576171875,-11.9234375],[-77.22031249999998,-11.663378906250003],[-77.30991210937499,-11.532421875000011],[-77.633203125,-11.287792968750013],[-77.63857421874997,-11.193554687500011],[-77.66430664062499,-11.022070312500006],[-77.73608398437501,-10.83671875],[-78.09545898437499,-10.260644531250009],[-78.18559570312499,-10.089062500000011],[-78.2755859375,-9.810351562500003],[-78.356494140625,-9.652050781250011],[-78.44565429687496,-9.370605468749998],[-78.580126953125,-9.156640625],[-78.66459960937499,-8.97109375],[-78.75458984375001,-8.740429687500011],[-78.76225585937499,-8.616992187500006],[-78.925390625,-8.404589843750005],[-79.01225585937499,-8.21015625000001],[-79.16440429687498,-8.047167968750003],[-79.31284179687499,-7.923242187500006],[-79.37724609374999,-7.835546875],[-79.5888671875,-7.418945312500003],[-79.61772460937499,-7.29560546875001],[-79.76196289062501,-7.066503906250005],[-79.90468749999998,-6.901660156250002],[-79.99497070312496,-6.768945312500007],[-80.11025390625001,-6.649609375000012],[-80.81162109374996,-6.2822265625],[-81.05844726562498,-6.12939453125],[-81.142041015625,-6.056738281250006],[-81.18051757812498,-5.942382812499998],[-81.16430664062497,-5.875292968750001],[-81.09184570312499,-5.812402343750005],[-80.991650390625,-5.8609375],[-80.93066406250001,-5.840820312499999],[-80.88271484375,-5.75898437500001],[-80.88193359374999,-5.635058593750002],[-80.943115234375,-5.475390625],[-81.16767578124998,-5.167089843750007],[-81.15073242187499,-5.101855468750002],[-81.10849609374999,-5.027832031250001],[-81.19506835937499,-4.879492187500007],[-81.28940429687499,-4.760742187499999],[-81.33662109375001,-4.66953125],[-81.28320312499997,-4.322265625],[-81.23203125,-4.234277343750009],[-80.891943359375,-3.881640625],[-80.79858398437499,-3.731054687500006],[-80.65273437499998,-3.638183593749999],[-80.50366210937501,-3.49609375],[-80.324658203125,-3.387890625000011],[-80.29833984375001,-3.406445312500011],[-80.27353515624999,-3.424609375],[-80.271875,-3.461035156250006],[-80.265234375,-3.492480468750002],[-80.24541015625002,-3.522167968750011],[-80.24375,-3.576757812500006],[-80.22060546874998,-3.613183593750009],[-80.21894531250001,-3.654492187500011],[-80.21728515625001,-3.710742187500004],[-80.228857421875,-3.738867187500005],[-80.21757812499997,-3.787695312500006],[-80.17924804687499,-3.877734375],[-80.19414062499999,-3.905859375],[-80.23051757812499,-3.924023437500012],[-80.26689453124999,-3.948828125],[-80.30327148437499,-4.005078125000011],[-80.35786132812498,-4.00341796875],[-80.43720703125,-3.978613281250006],[-80.49013671875,-4.010058593750005],[-80.51000976562499,-4.069531250000012],[-80.49345703124999,-4.119140625],[-80.4884765625,-4.16552734375],[-80.45375976562498,-4.205175781250005],[-80.35288085937499,-4.20849609375],[-80.44384765624999,-4.335839843750009],[-80.4884765625,-4.393652343750006],[-80.47856445312497,-4.430078125],[-80.424169921875,-4.461425781249999],[-80.38349609375,-4.463671875],[-80.29335937499997,-4.416796875],[-80.232177734375,-4.349023437500009],[-80.19746093749998,-4.311035156249999],[-80.13955078125,-4.296093750000011],[-80.06352539062497,-4.327539062500009],[-79.962890625,-4.390332031250011],[-79.84511718750001,-4.445898437500007],[-79.79726562499998,-4.476367187500002],[-79.71098632812497,-4.467578125],[-79.638525390625,-4.454882812500004],[-79.577685546875,-4.500585937500006],[-79.51616210937497,-4.539160156250006],[-79.501904296875,-4.670605468750011],[-79.45576171875,-4.766210937500006],[-79.39941406249999,-4.840039062500012],[-79.33095703125,-4.927832031250007],[-79.26811523437499,-4.957617187500006],[-79.186669921875,-4.95820312500001],[-79.07626953124998,-4.990625],[-79.03330078124999,-4.969140625],[-78.99526367187498,-4.908007812500003],[-78.97539062499999,-4.87324218750001],[-78.91918945312497,-4.858398437499998],[-78.914208984375,-4.818652343750002],[-78.92578125,-4.770703125],[-78.90761718749997,-4.714453125],[-78.8615234375,-4.665039062499998],[-78.74306640625,-4.592675781250009],[-78.68603515624999,-4.562402343750009],[-78.67446289062498,-4.517675781250007],[-78.65292968749998,-4.458203125000011],[-78.66123046874996,-4.425097656250002],[-78.68515624999998,-4.383984375000013],[-78.67939453125,-4.325878906250011],[-78.64799804687496,-4.248144531250006],[-78.60336914062498,-4.157324218750005],[-78.56513671874998,-4.041601562500007],[-78.550439453125,-3.986914062500005],[-78.50908203124999,-3.952148437500002],[-78.49345703124999,-3.902050781250011],[-78.47104492187499,-3.843066406250003],[-78.41977539062498,-3.77685546875],[-78.42143554687499,-3.70576171875001],[-78.39995117187499,-3.674316406249999],[-78.398046875,-3.594824218750004],[-78.347265625,-3.43125],[-78.34536132812498,-3.397363281250009],[-78.32304687499996,-3.38828125],[-78.2841796875,-3.399023437500005],[-78.25073242187499,-3.436132812500005],[-78.240380859375,-3.472558593750009],[-78.226318359375,-3.489160156250009],[-78.19487304687499,-3.48583984375],[-78.15849609374999,-3.465136718750003],[-78.16098632812502,-3.432128906249999],[-78.18745117187501,-3.399804687500009],[-78.19462890624999,-3.38046875],[-78.18330078125,-3.350195312500007],[-78.12822265624999,-3.283886718750012],[-78.06791992187497,-3.206835937500003],[-77.9384765625,-3.046972656250006],[-77.860595703125,-2.981640625000011],[-77.65898437499997,-2.912402343750004],[-77.50649414062498,-2.859960937500006],[-77.36005859375,-2.809667968750005],[-77.16147460937496,-2.737695312500009],[-76.88076171874998,-2.635937500000011],[-76.6791015625,-2.562597656250006],[-76.49936523437498,-2.432324218750012],[-76.36015624999997,-2.331347656250003],[-76.24091796875,-2.243945312500003],[-76.089794921875,-2.133105468750004],[-75.88544921874998,-1.893457031250008],[-75.74453124999998,-1.728125],[-75.64165039062497,-1.607324218750009],[-75.570556640625,-1.53125],[-75.5138671875,-1.316308593750009],[-75.44916992187498,-1.071191406250008],[-75.42041015625,-0.962207031250003],[-75.40805664062499,-0.92431640625],[-75.38012695312499,-0.940234375],[-75.34819335937499,-0.966796875],[-75.30917968749998,-0.968066406250003],[-75.27241210937501,-0.966796875],[-75.249609375,-0.951855468750011],[-75.28359375,-0.707128906250006],[-75.27871093749998,-0.65390625],[-75.259375,-0.590136718750003],[-75.26323242187499,-0.555371093750012],[-75.32524414062499,-0.506542968750011],[-75.42470703124997,-0.408886718750011],[-75.46596679687501,-0.32177734375],[-75.49106445312499,-0.248339843750003],[-75.56059570312497,-0.200097656250008],[-75.63203124999998,-0.157617187500009],[-75.62626953124997,-0.122851562500003],[-75.583740234375,-0.122851562500003],[-75.47597656249998,-0.157128906250009],[-75.398388671875,-0.14599609375],[-75.340478515625,-0.1421875],[-75.28447265624999,-0.106542968750006],[-75.224609375,-0.041748046875],[-75.18408203124999,-0.041748046875],[-75.13837890624998,-0.050488281250011],[-75.05468749999999,-0.11669921875],[-75.00498046874999,-0.155859375],[-74.9453125,-0.188183593750011],[-74.88881835937501,-0.199414062500011],[-74.8375,-0.203320312500011],[-74.8017578125,-0.200097656250008],[-74.78046875,-0.24453125],[-74.75537109374999,-0.298632812500003],[-74.69165039062499,-0.335253906250003],[-74.616357421875,-0.370019531250008],[-74.55507812499998,-0.429882812500011],[-74.51386718750001,-0.470117187500008],[-74.46518554687499,-0.517675781250006],[-74.41787109375001,-0.580664062500006],[-74.37490234375,-0.69140625],[-74.353125,-0.7666015625],[-74.32861328125001,-0.808398437500003],[-74.33442382812501,-0.850878906250003],[-74.28388671875001,-0.927832031250006],[-74.24638671874999,-0.970605468750008],[-74.18076171874999,-0.997753906250011],[-74.05439453125,-1.028613281250003],[-73.98681640624999,-1.09814453125],[-73.926953125,-1.125195312500011],[-73.86318359374997,-1.196679687500009],[-73.80717773437499,-1.217968750000011],[-73.73574218749998,-1.214160156250003],[-73.66430664062499,-1.248828125],[-73.61025390625,-1.31640625],[-73.57548828124997,-1.4013671875],[-73.52138671874997,-1.44970703125],[-73.49433593749998,-1.53662109375],[-73.52524414062499,-1.638867187500011],[-73.49628906249998,-1.693066406250012],[-73.44028320312499,-1.737402343750006],[-73.34951171874998,-1.783886718750011],[-73.26645507812499,-1.772265625],[-73.223974609375,-1.787695312500006],[-73.19697265624998,-1.830273437500011],[-73.181494140625,-1.880371093749999],[-73.14521484375001,-2.003320312500008],[-73.12651367187499,-2.0810546875],[-73.16020507812499,-2.156347656250006],[-73.17265624999999,-2.208398437500009],[-73.15449218749998,-2.278222656250009],[-73.06816406249996,-2.312011718749999],[-72.9896484375,-2.339746093750009],[-72.94111328125,-2.394042968749999],[-72.88715820312501,-2.408496093750003],[-72.81123046875,-2.40546875000001],[-72.71416015624999,-2.3921875],[-72.66015625,-2.361035156250011],[-72.62534179687499,-2.351660156250007],[-72.58671874999999,-2.365136718750009],[-72.50068359374998,-2.39501953125],[-72.39560546874999,-2.428906250000012],[-72.30073242187498,-2.409277343750006],[-72.21845703125,-2.400488281250007],[-72.13681640624999,-2.380664062500003],[-72.05380859374999,-2.324609375],[-71.98427734374998,-2.3265625],[-71.93247070312499,-2.288671875],[-71.86728515624999,-2.227734375000011],[-71.802734375,-2.166308593750003],[-71.75253906249999,-2.152734375],[-71.671484375,-2.18212890625],[-71.55947265624998,-2.22421875],[-71.49609374999997,-2.279199218750009],[-71.4474609375,-2.29375],[-71.39697265625,-2.334082031250006],[-71.30009765624997,-2.334863281250009],[-71.19638671874998,-2.313085937500005],[-71.11337890624999,-2.245410156250003],[-71.02729492187498,-2.22578125000001],[-70.96855468749999,-2.206835937500004],[-70.91455078125001,-2.218554687500002],[-70.70537109374996,-2.341992187500011],[-70.64799804687497,-2.40576171875],[-70.57587890625001,-2.418261718750003],[-70.51679687500001,-2.453125],[-70.41821289062499,-2.49072265625],[-70.36416015625,-2.529296875],[-70.29462890625,-2.552539062500002],[-70.24443359374999,-2.606542968750006],[-70.16474609375,-2.639843750000012],[-70.095849609375,-2.658203125],[-70.06474609375,-2.70166015625],[-70.06445312500001,-2.730761718750003],[-70.07402343749999,-2.750195312500012],[-70.14707031249999,-2.8640625],[-70.29013671875,-3.087304687500009],[-70.418994140625,-3.288281250000011],[-70.62167968749998,-3.604589843750007],[-70.73510742187497,-3.781542968750002],[-70.706201171875,-3.78896484375001],[-70.5296875,-3.86640625000001],[-70.48583984375,-3.869335937500013],[-70.42109375,-3.849609375],[-70.37919921874999,-3.81875],[-70.339501953125,-3.814355468750009],[-70.2984375,-3.84423828125],[-70.24028320312497,-3.882714843750007],[-70.198388671875,-3.9951171875],[-70.16752929687499,-4.050195312500008],[-70.09477539062499,-4.0921875],[-70.0171875,-4.162011718750009],[-69.96591796874999,-4.2359375]]]]}},{"type":"Feature","properties":{"ADMIN":"Paraguay","ADM0_A3":"PRY"},"geometry":{"type":"MultiPolygon","coordinates":[[[[-58.159765625,-20.164648437500016],[-58.13779296874998,-20.237304687500004],[-58.124609375,-20.29345703125],[-58.09150390624999,-20.33320312500001],[-58.058447265624984,-20.38613281250001],[-58.02539062500002,-20.415820312500003],[-58.002246093749996,-20.46542968750001],[-58.008837890624974,-20.521679687500008],[-57.99560546875,-20.59443359375],[-57.97905273437499,-20.65732421875],[-57.9625,-20.673828125],[-57.91513671874998,-20.690332031250012],[-57.89140625,-20.74746093750002],[-57.908496093749974,-20.7763671875],[-57.90190429687498,-20.809375],[-57.88481445312499,-20.841699218750005],[-57.900488281249984,-20.873046875],[-57.892236328125,-20.897070312500002],[-57.86000976562498,-20.918554687500002],[-57.830224609375,-20.99794921875001],[-57.82695312499999,-21.13359375],[-57.860009765624994,-21.20625],[-57.88647460937499,-21.26582031250001],[-57.89306640624999,-21.30224609375],[-57.873242187500004,-21.355078125],[-57.906298828124996,-21.41796875],[-57.94599609375,-21.49404296875001],[-57.93608398437499,-21.546972656250002],[-57.92944335937499,-21.59658203125001],[-57.92617187499998,-21.64951171875001],[-57.91621093749999,-21.699121093750005],[-57.92944335937499,-21.751953125],[-57.94267578124999,-21.798339843750004],[-57.949316406249984,-21.851171875],[-57.932763671874994,-21.9107421875],[-57.9625,-21.966992187500015],[-57.97905273437499,-22.006640625],[-57.98569335937499,-22.046386718750004],[-57.95590820312499,-22.109179687500006],[-57.87983398437498,-22.13564453125001],[-57.8203125,-22.142285156250008],[-57.76406249999999,-22.109179687500006],[-57.72109374999998,-22.09921875],[-57.64169921874999,-22.12900390625001],[-57.56894531249999,-22.181933593750003],[-57.47636718749998,-22.18857421875],[-57.393652343750006,-22.19843750000001],[-57.33085937499999,-22.215039062500015],[-57.23823242187499,-22.195214843750012],[-57.142333984375,-22.215039062500015],[-57.02988281249999,-22.24482421875001],[-56.937255859375,-22.271289062500006],[-56.844677734375,-22.2646484375],[-56.77519531249999,-22.261328125],[-56.702441406249996,-22.23154296875],[-56.63300781250002,-22.234863281249993],[-56.580078125,-22.181933593750003],[-56.55029296875,-22.13564453125001],[-56.523828125,-22.1025390625],[-56.44780273437499,-22.076171875],[-56.394873046874984,-22.092675781250005],[-56.35185546874999,-22.178613281250012],[-56.27578124999999,-22.228222656250008],[-56.246044921874976,-22.2646484375],[-56.18984375,-22.281152343750012],[-56.06748046875,-22.284472656250003],[-55.99140625,-22.281152343750012],[-55.90537109374999,-22.3076171875],[-55.84916992187499,-22.3076171875],[-55.799560546875,-22.35390625],[-55.753271484374984,-22.41015625],[-55.74663085937499,-22.5126953125],[-55.703662109374974,-22.592089843750003],[-55.647412109375,-22.621875],[-55.617675781249986,-22.671484375],[-55.627587890624994,-22.74091796875001],[-55.65405273437501,-22.81035156250001],[-55.650732421874984,-22.886425781250004],[-55.620996093749994,-22.955859375],[-55.62099609374999,-23.02529296875],[-55.601123046874974,-23.094726562500007],[-55.56142578124998,-23.154296875],[-55.548193359375006,-23.250195312500015],[-55.554833984374994,-23.319628906250003],[-55.52836914062499,-23.359375],[-55.518457031249994,-23.415625],[-55.53496093749999,-23.4619140625],[-55.54160156249998,-23.524707031250006],[-55.53828125,-23.58095703125001],[-55.51845703124996,-23.627246093749996],[-55.45888671875,-23.68671875000001],[-55.4423828125,-23.792578125],[-55.442382812499986,-23.86533203125],[-55.41591796874998,-23.95136718750001],[-55.36630859375,-23.991015625],[-55.28691406249998,-24.004296875],[-55.1943359375,-24.017480468750005],[-55.08188476562498,-23.99765625],[-54.982666015625,-23.974511718750005],[-54.92646484375,-23.95136718750001],[-54.817285156249994,-23.888476562499996],[-54.72138671875,-23.852148437500002],[-54.67177734375,-23.829003906250005],[-54.62548828124999,-23.8125],[-54.52958984374998,-23.852148437500002],[-54.44023437499998,-23.901757812500012],[-54.37080078124999,-23.97119140625],[-54.241796874999984,-24.047265625],[-54.26689453124999,-24.06582031250001],[-54.318261718749994,-24.128125],[-54.31728515624999,-24.201269531250013],[-54.28100585937499,-24.306054687500005],[-54.31293945312499,-24.528125],[-54.412988281249994,-24.867480468750006],[-54.45410156250001,-25.06523437500001],[-54.43623046875001,-25.12128906250001],[-54.473144531249986,-25.220214843749993],[-54.610546875,-25.432714843750006],[-54.615869140625,-25.57607421875001],[-54.631933593749984,-26.00576171875],[-54.677734375,-26.30878906250001],[-54.755078125,-26.532910156250008],[-54.825488281249996,-26.65224609375001],[-54.888916015625,-26.66679687500001],[-54.93447265624999,-26.702539062500012],[-54.962158203125,-26.759375],[-55.013623046875,-26.806640625],[-55.08886718750001,-26.844531250000014],[-55.12963867187498,-26.886035156250006],[-55.13593749999998,-26.93115234374999],[-55.2080078125,-26.96015625000002],[-55.34580078125,-26.973144531249996],[-55.42666015624999,-27.009277343750004],[-55.45063476562499,-27.068359375],[-55.496728515624994,-27.115332031250002],[-55.564892578125,-27.15],[-55.597265625,-27.20761718750001],[-55.59379882812498,-27.288085937500004],[-55.632910156249984,-27.35712890625002],[-55.71464843749998,-27.41484375],[-55.78999023437499,-27.41640625],[-55.859033203124994,-27.361914062500013],[-55.95146484374998,-27.32568359375],[-56.067333984375,-27.307714843750006],[-56.16406249999998,-27.32148437500002],[-56.24169921874999,-27.366796875],[-56.310546875,-27.438769531250003],[-56.37050781249999,-27.537402343750003],[-56.437158203124994,-27.553808593750002],[-56.510546875,-27.487890625],[-56.60336914062498,-27.46787109375001],[-56.715722656249994,-27.49375],[-56.80517578125,-27.48466796875001],[-56.871728515624994,-27.440625],[-56.97397460937499,-27.43574218750001],[-57.11181640625001,-27.47011718750001],[-57.39125976562499,-27.43046875],[-57.81220703125,-27.31660156250001],[-58.16826171874998,-27.2734375],[-58.60483398437498,-27.314355468750005],[-58.64174804687499,-27.19609375],[-58.61860351562499,-27.132128906250003],[-58.547705078125,-27.083984375],[-58.50322265624998,-27.02949218750002],[-58.48525390624998,-26.96845703125001],[-58.436328124999974,-26.921972656250006],[-58.3564453125,-26.890039062500012],[-58.32255859374998,-26.857617187500004],[-58.33466796875001,-26.82490234375001],[-58.317675781249996,-26.795898437499996],[-58.27167968749998,-26.77070312500001],[-58.24555664062498,-26.731054687500016],[-58.23935546874999,-26.676855468750002],[-58.22207031249999,-26.65],[-58.19130859374998,-26.629980468750002],[-58.18793945312501,-26.592578125],[-58.205175781249984,-26.4765625],[-58.20302734374997,-26.381445312500006],[-58.18149414062499,-26.307421875],[-58.15468749999998,-26.26259765625],[-58.135644531249994,-26.251464843749993],[-58.118066406249994,-26.224902343750006],[-58.11113281249997,-26.18017578125],[-58.082421875,-26.138574218750016],[-57.94311523437501,-26.0529296875],[-57.890625,-26.00654296875001],[-57.886230468749986,-25.96425781250002],[-57.865234375000014,-25.906933593750015],[-57.782470703124986,-25.783691406249996],[-57.75708007812499,-25.725976562500016],[-57.75478515624999,-25.697070312499985],[-57.72548828124998,-25.667187500000015],[-57.625830078125,-25.598730468750002],[-57.57167968749999,-25.534179687500004],[-57.563134765625,-25.47373046875001],[-57.58715820312499,-25.405078125],[-57.64389648437498,-25.32841796875],[-57.821679687500016,-25.136425781250015],[-57.959814453124984,-25.04921875000002],[-58.136474609374986,-24.977148437500002],[-58.25278320312499,-24.95380859375001],[-58.30869140625,-24.979101562500006],[-58.36538085937498,-24.95927734375],[-58.42280273437499,-24.894140625],[-58.51962890624999,-24.842871093750002],[-58.72402343749998,-24.786621093749996],[-59.187255859375,-24.562304687500006],[-59.372949218749994,-24.45390625],[-59.435400390625,-24.38701171875],[-59.60859375,-24.26679687500001],[-59.892480468749994,-24.093554687500006],[-60.110302734375,-24.00917968750001],[-60.262207031249986,-24.01396484375],[-60.50537109375,-23.963574218750015],[-60.83984375,-23.85810546875002],[-61.03291015625002,-23.755664062499996],[-61.084716796875,-23.656445312500015],[-61.2083984375,-23.55703125],[-61.403955078124994,-23.45751953125],[-61.505517578124994,-23.391992187500012],[-61.513037109375006,-23.360449218750006],[-61.57099609375,-23.319433593750002],[-61.6794921875,-23.26875],[-61.79853515625,-23.18203125],[-61.92802734374999,-23.059277343750004],[-62.06660156249999,-22.869433593750006],[-62.21416015624999,-22.612402343750002],[-62.372509765625004,-22.439160156250015],[-62.541552734374996,-22.349609375],[-62.625976562500014,-22.29042968750001],[-62.62568359375,-22.261523437500003],[-62.65097656249998,-22.23369140625],[-62.628515625,-22.183984375],[-62.566943359374996,-21.988671875],[-62.477832031249974,-21.70527343750002],[-62.38544921874998,-21.41171875],[-62.276660156249996,-21.066015625],[-62.276513671875,-20.82080078125],[-62.276318359375,-20.5625],[-62.121630859374996,-20.349902343750006],[-62.01181640625,-20.199023437500003],[-61.91694335937501,-20.05537109375001],[-61.82089843749998,-19.80947265625],[-61.7568359375,-19.6453125],[-61.51181640624998,-19.606445312499996],[-61.095996093749974,-19.52099609374999],[-60.88876953124999,-19.478515625],[-60.451611328125004,-19.38876953125],[-60.00737304687498,-19.297558593750008],[-59.54086914062498,-19.291796875],[-59.09052734374998,-19.286230468750002],[-58.74111328125001,-19.490234375],[-58.474218749999984,-19.64609375],[-58.18017578125,-19.81787109375],[-58.16005859374999,-19.854882812500005],[-58.139941406249974,-19.998828125],[-58.159765625,-20.164648437500016]]]]}},{"type":"Feature","properties":{"ADMIN":"Netherlands","ADM0_A3":"NLD"},"geometry":{"type":"MultiPolygon","coordinates":[[[[5.993945312500019,50.750439453124976],[5.892461122495295,50.75255685798351],[5.79736328125,50.754541015624945],[5.7470703125,50.75957031249999],[5.693652343750017,50.774658203125],[5.693554687500012,50.774755859374984],[5.669140625,50.80595703125],[5.639453125000015,50.843603515625006],[5.647558593750005,50.86665039062501],[5.736621093750017,50.932128906249986],[5.75,50.950244140624996],[5.740820312500003,50.95991210937498],[5.749804687500017,50.98876953124999],[5.818261718750024,51.08642578125],[5.827148437500001,51.12563476562501],[5.796484375,51.15307617187498],[5.752343750000021,51.16948242187498],[5.60878906250002,51.19843749999998],[5.540429687500023,51.239306640625],[5.508789062499998,51.275],[5.476855468750017,51.28505859375001],[5.429785156250007,51.272998046875],[5.310839843750017,51.25971679687501],[5.214160156250015,51.27895507812495],[5.099902343750017,51.346484375],[5.073437500000011,51.406835937500006],[5.059472656250023,51.453125],[5.030957031250013,51.469091796875006],[4.992578125000022,51.44536132812501],[4.943945312500006,51.407763671875],[4.848046875000022,51.40327148437498],[4.820703125000022,51.412060546875004],[4.816015625,51.432812499999976],[4.810546875,51.452734374999984],[4.7841796875,51.477392578125006],[4.755664062500018,51.49111328124997],[4.63398437500001,51.421728515624984],[4.588769531250024,51.42192382812502],[4.531640625000022,51.448583984375],[4.50341796875,51.47470703125001],[4.44091796875,51.45981445312502],[4.384765625,51.42758789062501],[4.40400390625001,51.36708984374998],[4.373730468750011,51.35600585937501],[4.304492187500018,51.3615234375],[4.226171875,51.386474609374986],[4.138867187500011,51.40151367187498],[4.00654296875001,51.443212890625006],[3.821875,51.409375],[3.693554687500012,51.44990234374999],[3.5869140625,51.45390624999998],[3.5205078125,51.486181640625006],[3.448925781250011,51.54077148437498],[3.499609375,51.57666015625],[3.548632812500017,51.589111328125014],[3.743945312500017,51.596044921875006],[3.886035156250017,51.57421874999997],[4.141308593750011,51.45576171875],[4.205761718750011,51.45668945312499],[4.274121093750011,51.471630859375004],[4.239355468750006,51.50390625],[4.17548828125001,51.519287109375014],[4.080468750000022,51.55112304687499],[4.004785156250022,51.595849609375],[4.182617187499999,51.61030273437498],[4.158007812500017,51.633447265625],[4.134570312500017,51.67290039062502],[3.946875,51.810546874999986],[3.978906250000022,51.847802734375],[4.026074218750012,51.927734375000014],[4.084863281250023,51.99409179687499],[4.131738281250022,52.01191406249999],[4.208789062500018,52.058984375],[4.376269531250016,52.19682617187498],[4.482812500000023,52.30917968750001],[4.562109375,52.44257812500001],[4.678320312500006,52.80976562500001],[4.712695312500015,52.87211914062498],[4.76875,52.94130859375001],[4.83906250000001,52.928271484374996],[4.887988281250017,52.908349609375016],[5.061230468750011,52.96064453124999],[5.358398437500001,53.09648437499995],[5.445996093750011,53.2140625],[5.532031250000016,53.26870117187501],[5.873535156249998,53.37519531249999],[6.062207031250011,53.40708007812498],[6.353222656250013,53.415283203125],[6.563574218750004,53.43427734374998],[6.816210937500018,53.44116210937503],[6.912402343750016,53.375390625],[6.968164062500022,53.32729492187501],[7.058007812500024,53.30058593749998],[7.197265625,53.28227539062498],[7.188964843750001,53.18720703124999],[7.189941406249997,52.99951171874999],[7.179492187500015,52.96621093749999],[7.117089843750024,52.88701171874999],[7.050878906250006,52.744775390625016],[7.033007812500015,52.65136718749998],[7.01318359375,52.63354492187501],[6.748437500000024,52.63408203124998],[6.710742187500016,52.61787109375001],[6.705371093750016,52.59765624999997],[6.71875,52.57358398437498],[6.712402343749998,52.549658203125006],[6.691601562500011,52.53017578125001],[6.702929687500017,52.49921874999998],[6.748828125000016,52.464013671875],[6.832519531249999,52.442285156250016],[6.922070312500011,52.440283203125006],[6.968164062500019,52.444091796874964],[7.001855468750021,52.41899414062498],[7.03515625,52.38022460937501],[7.032617187500025,52.331494140625],[7.019628906250006,52.266015625],[6.977246093750011,52.205517578125],[6.855078125,52.13579101562499],[6.800390625,52.11123046875001],[6.749023437500001,52.098681640624996],[6.724511718750021,52.080224609375],[6.712988281250007,52.056884765624986],[6.715625,52.036181640625],[6.802441406250011,51.98017578125],[6.800390625,51.967382812499984],[6.775195312500015,51.93828125],[6.741796875,51.91088867187499],[6.517578125,51.85395507812497],[6.425,51.858398437499986],[6.372167968750007,51.830029296875004],[6.355664062500013,51.82465820312498],[6.297070312500011,51.850732421875016],[6.166503906249998,51.88076171875002],[6.1171875,51.87041015625001],[6.08984375,51.85395507812497],[6.007617187500019,51.833984375],[5.948730468750001,51.802685546875004],[5.948535156250014,51.76240234374999],[6.052734375,51.65825195312499],[6.08935546875,51.63779296875],[6.091113281250016,51.59892578124998],[6.141601562499999,51.55009765624998],[6.193261718750022,51.488916015625],[6.198828125,51.45],[6.19287109375,51.410595703124976],[6.166210937500012,51.35483398437499],[6.075878906250009,51.22412109374999],[6.074804687500005,51.19902343749998],[6.082421875000022,51.17998046875],[6.113378906250005,51.174707031249994],[6.136914062500012,51.16484375000002],[6.129980468750004,51.147412109375],[5.961035156250003,51.056689453124974],[5.939257812500016,51.040820312499996],[5.86835937500001,51.04531249999997],[5.857519531250003,51.03012695312499],[5.8671875,51.005664062499996],[5.89472656250001,50.984228515625],[5.955078125,50.97294921875],[6.006835937499997,50.949951171874986],[6.0484375,50.904882812500006],[5.993945312500019,50.750439453124976]]],[[[4.226171875,51.386474609374986],[4.211425781249999,51.34873046875],[4.17255859375001,51.30708007812499],[4.040039062499999,51.2470703125],[3.902050781250011,51.207666015625],[3.83076171875001,51.212597656250004],[3.781933593750011,51.233203125],[3.755664062500016,51.25483398437499],[3.68183593750001,51.27568359374998],[3.580273437500011,51.28618164062496],[3.51708984375,51.263623046875],[3.471972656250016,51.24223632812497],[3.432519531250023,51.245751953124994],[3.402832031249999,51.263623046875],[3.380078125000011,51.291113281250006],[3.350097656250001,51.37768554687501],[3.42578125,51.393505859375],[3.589453125,51.399414062500014],[3.71650390625001,51.36914062499997],[3.883398437500005,51.354492187499986],[4.011035156250016,51.395947265624976],[4.111523437500011,51.360644531249974],[4.226171875,51.386474609374986]]],[[[6.333398437500025,53.510742187499964],[6.193261718750023,53.47680664062501],[6.159277343750006,53.483935546875],[6.16767578125001,53.49375],[6.290917968750025,53.514990234375],[6.333398437500025,53.510742187499964]]],[[[5.929296875,53.458837890625],[5.73203125,53.44262695312499],[5.665332031250017,53.45488281249998],[5.654296875,53.46650390624999],[5.708105468750004,53.473388671875],[5.876269531250014,53.47509765624999],[5.928222656250003,53.464990234375016],[5.929296875,53.458837890625]]],[[[5.108593750000011,53.30800781249998],[4.923730468750022,53.23457031249998],[4.90791015625001,53.24624023437496],[5.027050781250012,53.310205078125],[5.108593750000011,53.30800781249998]]],[[[5.32578125,53.385742187499986],[5.232617187500012,53.37778320312503],[5.190234375000016,53.391796875],[5.415136718750003,53.431445312499996],[5.557421875000016,53.44355468749999],[5.582617187500005,53.43808593749999],[5.32578125,53.385742187499986]]],[[[4.886132812500022,53.070703125],[4.787109375,52.999804687499996],[4.726757812500011,53.019628906250006],[4.70917968750001,53.036035156249994],[4.73984375,53.09130859375],[4.886425781250011,53.18330078124997],[4.886132812500022,53.070703125]]],[[[3.949121093750022,51.739453125],[4.046777343750023,51.68491210937499],[4.067578125000011,51.667480468750014],[4.075097656250024,51.64877929687501],[3.950976562500015,51.62705078125],[3.81904296875001,51.69399414062502],[3.731835937500022,51.678222656249986],[3.699023437500016,51.70991210937498],[3.698535156250016,51.7296875],[3.7890625,51.74643554687498],[3.949121093750022,51.739453125]]],[[[6.734765625000021,53.582519531249986],[6.64208984375,53.579199218750006],[6.668554687500004,53.605664062500004],[6.754589843750009,53.625488281249986],[6.800878906250006,53.625488281249986],[6.734765625000021,53.582519531249986]]],[[[-68.205810546875,12.144580078124989],[-68.254345703125,12.032080078124991],[-68.2822265625,12.082275390625],[-68.287255859375,12.171728515624988],[-68.30712890625,12.206738281249997],[-68.34843749999997,12.228076171874985],[-68.37109375,12.257519531249995],[-68.36923828125,12.301953125],[-68.21948242187501,12.23125],[-68.205810546875,12.144580078124989]]],[[[-62.9375,17.495654296875003],[-62.96171874999999,17.475048828124994],[-62.98310546874998,17.476904296874995],[-62.99716796874999,17.496826171875],[-62.999609374999984,17.530371093749988],[-62.97934570312499,17.52119140625],[-62.97177734374998,17.516064453124994],[-62.96542968749999,17.50927734375],[-62.9375,17.495654296875003]]],[[[-63.232666015625,17.62314453125],[-63.24160156250001,17.619580078125],[-63.254492187499984,17.62866210937499],[-63.2521484375,17.645263671874996],[-63.24165039062498,17.651806640625],[-63.233496093749984,17.647216796875004],[-63.22690429687498,17.634130859375],[-63.232666015625,17.62314453125]]]]}},{"type":"Feature","properties":{"ADMIN":"Morocco","ADM0_A3":"MAR"},"geometry":{"type":"MultiPolygon","coordinates":[[[[-2.219628906249994,35.10419921875],[-2.190771484374978,35.029785156249986],[-2.131787109374983,34.97084960937498],[-1.9208984375,34.835546875],[-1.795605468749983,34.75190429687498],[-1.792187499999983,34.72319335937501],[-1.832421875,34.654638671875],[-1.849658203124989,34.60732421875],[-1.816601562499983,34.55708007812499],[-1.739453124999983,34.49609375],[-1.733300781249994,34.467041015624986],[-1.751855468749994,34.433251953124994],[-1.791796874999989,34.36791992187499],[-1.706933593749994,34.176074218749996],[-1.692675781249989,33.99028320312498],[-1.714697265624977,33.858203125],[-1.714111328125,33.781835937499984],[-1.702978515624977,33.71684570312499],[-1.63125,33.566748046875006],[-1.67919921875,33.31865234374999],[-1.625097656249977,33.183349609375],[-1.550732421874983,33.07358398437498],[-1.510009765625,32.87763671874999],[-1.45,32.784814453124994],[-1.352148437499977,32.70336914062501],[-1.29638671875,32.675683593749994],[-1.188232421875,32.60849609375],[-1.111035156249983,32.552294921875],[-1.065527343749977,32.46831054687499],[-1.16259765625,32.39916992187499],[-1.240332031249977,32.337597656250004],[-1.262109375,32.271142578124994],[-1.225927734374977,32.16455078125],[-1.225927734374977,32.107226562499996],[-1.275341796874983,32.08901367187499],[-1.47705078125,32.094873046874994],[-1.63515625,32.099560546875],[-1.816992187499977,32.10478515624999],[-2.072802734374989,32.115039062499974],[-2.23125,32.121337890625],[-2.448388671874995,32.129980468750006],[-2.523242187499989,32.125683593750004],[-2.722607421874983,32.09575195312499],[-2.863427734374994,32.07470703124999],[-2.88720703125,32.06884765625],[-2.930859374999983,32.04252929687499],[-2.961132812499983,31.963964843750002],[-2.988232421874982,31.87421875],[-3.017382812499988,31.83427734374999],[-3.439794921874977,31.704541015625],[-3.604589843749976,31.686767578124993],[-3.700244140624988,31.700097656249994],[-3.768164062499976,31.689550781250013],[-3.826757812499978,31.661914062499985],[-3.846679687499999,31.619873046874982],[-3.849560546874984,31.56640624999999],[-3.837109374999982,31.512353515624987],[-3.796435546874989,31.437109375],[-3.789160156249976,31.361816406249993],[-3.815136718749983,31.308837890625004],[-3.821386718749978,31.25546875],[-3.833398437499993,31.197802734375003],[-3.811816406249989,31.1666015625],[-3.77099609375,31.161816406249994],[-3.730175781249982,31.135400390624994],[-3.672509765624993,31.111376953125003],[-3.62451171875,31.065771484374988],[-3.626904296874982,31.000927734374994],[-3.666796874999989,30.96401367187498],[-3.702001953124976,30.944482421874998],[-3.860058593749982,30.927246093749996],[-3.9853515625,30.913525390625],[-4.148779296874975,30.809570312499982],[-4.322851562499976,30.698876953125],[-4.529150390624977,30.62553710937501],[-4.61962890625,30.604785156249996],[-4.778515624999983,30.552392578124998],[-4.96826171875,30.465380859374992],[-5.061914062499993,30.326416015624993],[-5.180126953124983,30.16616210937499],[-5.293652343749983,30.05864257812499],[-5.44877929687499,29.956933593750005],[-5.593310546874989,29.91796875],[-5.775,29.869042968749987],[-6.004296875,29.83125],[-6.166503906249999,29.81894531249999],[-6.214794921874983,29.810693359375016],[-6.357617187499981,29.808300781249983],[-6.427636718749996,29.816113281249997],[-6.479736328124999,29.820361328125006],[-6.500878906249994,29.809130859374996],[-6.507910156249977,29.78378906249999],[-6.510693359374984,29.726025390624997],[-6.520556640624988,29.659863281249994],[-6.565673828125,29.603857421875006],[-6.597753906249976,29.57895507812499],[-6.635351562499977,29.568798828125004],[-6.755126953124998,29.583837890624988],[-6.855566406249977,29.601611328125003],[-7.094921874999982,29.62519531249999],[-7.142431640624977,29.619580078124997],[-7.16020507812499,29.612646484374988],[-7.23491210937499,29.574902343749997],[-7.349755859374995,29.494726562499995],[-7.427685546874981,29.425],[-7.485742187499996,29.392236328124998],[-7.624609374999977,29.375195312500004],[-7.685156249999976,29.349511718749998],[-7.943847656249999,29.174755859375],[-7.998925781249994,29.132421875],[-8.265185546874989,28.980517578124992],[-8.340478515624993,28.930175781250007],[-8.399316406249994,28.88017578125],[-8.558349609374996,28.767871093749992],[-8.659912109375002,28.718603515625002],[-8.678417968749981,28.68940429687499],[-8.683349609374998,28.62075195312499],[-8.683349609374998,28.469238281250007],[-8.683349609374998,28.323681640624994],[-8.683349609375,28.112011718749994],[-8.683349609375,27.900390625],[-8.683349609375,27.65644531249999],[-8.817822265624983,27.65644531249999],[-8.817773437499994,27.655908203124973],[-8.813916015624983,27.613867187500002],[-8.784570312499994,27.530859375],[-8.774365234374983,27.460546875],[-8.788964843749994,27.416552734375],[-8.802685546874983,27.3609375],[-8.796826171874986,27.308203125],[-8.774365234374981,27.2505859375],[-8.753857421874983,27.191015625],[-8.753857421874983,27.150976562500002],[-8.794873046874983,27.120703125],[-8.8890625,27.1041015625],[-9.001904296874983,27.090429687500006],[-9.084423828124983,27.090429687500006],[-9.208447265624983,27.100195312499995],[-9.285595703124983,27.098242187500006],[-9.352978515624981,27.098242187500006],[-9.413037109374985,27.0884765625],[-9.487304687499998,27.050390625],[-9.569824218749998,26.9908203125],[-9.67333984375,26.910742187499995],[-9.735351562499998,26.860937499999988],[-9.817871093749998,26.850195312499988],[-9.900341796874983,26.850195312499988],[-9.980908203124985,26.890234375],[-10.03271484375,26.910742187499995],[-10.066845703124983,26.90878906249999],[-10.123046875,26.88046875],[-10.189453125,26.860937499999988],[-10.25146484375,26.860937499999988],[-10.354931640624983,26.90097656249999],[-10.47895507812498,26.960546875],[-10.551269531249998,26.9908203125],[-10.654248046874985,27.0005859375],[-10.757763671874985,27.020117187500006],[-10.830078125,27.010351562499995],[-10.922802734374981,27.010351562499995],[-11.046826171874983,26.9703125],[-11.150341796874983,26.941015625],[-11.263623046874986,26.910742187499995],[-11.392578125,26.883398437499995],[-11.36127929687498,26.793554687499995],[-11.316845703124985,26.744726562500006],[-11.316845703124981,26.684179687499995],[-11.337890625,26.633398437500002],[-11.399902343750002,26.58359375],[-11.470703125,26.520117187499988],[-11.51166992187498,26.4703125],[-11.553173828124981,26.4009765625],[-11.583984375,26.3609375],[-11.637207031249998,26.2955078125],[-11.684521484374981,26.213476562500002],[-11.69921875,26.1626953125],[-11.718212890624983,26.1041015625],[-11.754882812500002,26.08652343749999],[-11.880859375,26.070898437500006],[-11.960888671874981,26.050390625],[-12.03076171875,26.030859375],[-12.056787109374994,25.996337890625007],[-12.060986328124983,25.99082031249999],[-12.081054687499998,25.92050781249999],[-12.081054687500002,25.870703124999984],[-12.101025390624981,25.83066406249999],[-12.130859375,25.731054687499988],[-12.170849609374985,25.640234375],[-12.201123046874978,25.5201171875],[-12.23095703125,25.42050781249999],[-12.270947265624981,25.260302734375006],[-12.310986328124983,25.1109375],[-12.360839843749998,24.970312499999977],[-12.400878906249998,24.88046875],[-12.43115234375,24.83066406249998],[-12.500976562499998,24.77011718749999],[-12.561035156249998,24.731054687499995],[-12.630810546874981,24.680273437499995],[-12.7109375,24.63046875],[-12.82075195312498,24.5708984375],[-12.911132812500002,24.520117187500002],[-12.947851562499979,24.497265625],[-12.991162109374983,24.4703125],[-13.061035156250002,24.40097656249998],[-13.12109375,24.300390624999984],[-13.161132812500002,24.220312499999988],[-13.23095703125,24.09042968749999],[-13.280761718749998,24.0201171875],[-13.310986328124985,23.981054687499988],[-13.391113281249996,23.941015624999988],[-13.480957031250004,23.91074218749999],[-13.581054687499998,23.870703125],[-13.661083984374983,23.830664062499988],[-13.770947265624983,23.790625],[-13.840771484374981,23.750585937499995],[-13.891113281249996,23.691015625],[-13.931103515624981,23.620703125],[-13.980908203124985,23.52011718749998],[-14.02099609375,23.4107421875],[-14.040966796874985,23.34042968749999],[-14.101074218749995,23.10019531249999],[-14.12109375,22.960546875],[-14.141064453124981,22.870703125],[-14.1708984375,22.76035156249999],[-14.190869140624981,22.590429687499988],[-14.190869140624983,22.45078125],[-14.2109375,22.370703125],[-14.221191406250002,22.31015625],[-14.270996093749998,22.240820312499995],[-14.31103515625,22.191015625],[-14.380810546874985,22.120703124999984],[-14.44091796875,22.080664062499988],[-14.46088867187498,22.040625],[-14.520996093749996,21.990869140624994],[-14.58100585937498,21.910742187499988],[-14.630859375,21.860937499999984],[-14.62109375,21.820898437499988],[-14.610791015624983,21.75058593749999],[-14.641113281250002,21.68027343749999],[-14.67084960937498,21.600195312499995],[-14.7509765625,21.500585937499988],[-14.8408203125,21.45078125],[-14.971142578124985,21.441015624999988],[-15.150878906249996,21.441015624999988],[-15.29096679687498,21.45078125],[-15.4609375,21.45078125],[-15.610791015624978,21.4703125],[-15.750927734374983,21.490820312499984],[-15.920849609374981,21.500585937499988],[-16.041015625,21.500585937499988],[-16.190869140624983,21.481054687499988],[-16.58100585937498,21.481054687499988],[-16.730957031249996,21.4703125],[-16.951123046874983,21.430273437499995],[-17.00297851562499,21.420751953125],[-17.00307617187499,21.420703125],[-16.930859374999983,21.9],[-16.79326171874999,22.159716796875006],[-16.683984375,22.274365234375],[-16.514404296875,22.33349609375],[-16.358740234374977,22.59453125],[-16.304296874999974,22.834814453124995],[-16.201855468749983,22.945361328125003],[-16.16972656249999,23.031933593749997],[-16.21025390624999,23.097900390624996],[-16.113671875,23.227539062499993],[-15.996728515624993,23.42548828124999],[-15.942626953124998,23.552636718749994],[-15.805957031249989,23.74951171875],[-15.789257812499981,23.79287109374999],[-15.801660156249996,23.842236328124997],[-15.855175781249985,23.800341796874992],[-15.912548828124981,23.727587890625],[-15.980712890624996,23.6703125],[-15.952832031249976,23.740820312499984],[-15.89931640624999,23.844433593749997],[-15.777783203124981,23.952929687500003],[-15.586328125,24.072753906249993],[-15.188623046874993,24.47880859375],[-15.038867187499987,24.548828125],[-14.904296875,24.719775390625006],[-14.856054687499975,24.871582031249993],[-14.842919921874994,25.220117187499987],[-14.794921875,25.404150390624995],[-14.70703125,25.547705078125],[-14.602294921875,25.808544921875],[-14.522753906249985,25.925244140625],[-14.470556640624977,26.163037109374997],[-14.413867187499985,26.253710937499996],[-14.312451171874981,26.296728515625],[-14.168359375,26.415429687500005],[-13.952099609374978,26.488769531249993],[-13.695898437499977,26.64291992187499],[-13.575781249999979,26.735107421874993],[-13.49575195312499,26.872656250000013],[-13.409814453124994,27.146630859374998],[-13.256152343749987,27.434619140625],[-13.177392578124989,27.65185546874999],[-13.175976562499983,27.655712890625004],[-13.04072265624998,27.76982421874998],[-12.948925781249983,27.91416015624999],[-12.793652343749983,27.978417968749994],[-12.468896484374996,28.00942382812499],[-11.986083984375002,28.129296875],[-11.55268554687498,28.310107421874996],[-11.430175781249998,28.38203125],[-11.299072265625,28.526074218749997],[-11.080957031249993,28.713769531249994],[-10.673828125,28.939208984374993],[-10.48647460937499,29.06494140625],[-10.200585937499994,29.38037109375],[-10.010498046874998,29.64140625],[-9.852636718749974,29.80922851562499],[-9.743457031249985,29.958203125],[-9.667089843749977,30.109277343749987],[-9.623828124999989,30.352636718750002],[-9.652929687499975,30.447558593749996],[-9.773144531249985,30.603125],[-9.85390625,30.644580078124985],[-9.875488281250002,30.71791992187499],[-9.832421875,30.847265625],[-9.833349609374979,31.069628906250014],[-9.808691406249977,31.424609375],[-9.674951171874994,31.710986328124996],[-9.347460937499989,32.08637695312498],[-9.286572265624981,32.240576171875],[-9.249121093749977,32.48583984375001],[-9.245849609375,32.5724609375],[-8.836230468749989,32.92045898437499],[-8.596289062499975,33.18715820312499],[-8.512841796874993,33.25244140625001],[-8.301171875,33.374365234374984],[-7.562353515624975,33.64028320312498],[-7.144677734374994,33.830322265625014],[-6.900976562499974,33.96904296875001],[-6.755761718749994,34.13291015624999],[-6.353125,34.77607421874998],[-5.95756835937499,35.68115234374997],[-5.924804687499998,35.78579101562497],[-5.747949218749994,35.81596679687499],[-5.622851562499985,35.82890625],[-5.522265624999988,35.862011718750004],[-5.397363281249993,35.9298828125],[-5.277832031249999,35.902734375],[-5.337646484374999,35.85654296874999],[-5.337646484375,35.74521484374999],[-5.252685546874999,35.61474609375],[-5.105371093749993,35.4677734375],[-4.837207031249989,35.28129882812499],[-4.628320312499995,35.206396484375006],[-4.329980468749993,35.16147460937498],[-3.982421875,35.243408203125],[-3.787988281249994,35.244921875],[-3.693261718749994,35.27998046875001],[-3.590625,35.228320312499996],[-3.394726562499983,35.21181640624998],[-3.206005859374983,35.239111328125],[-3.063085937499977,35.317236328125],[-2.97221679687499,35.40727539062499],[-2.957958984374984,35.3630859375],[-2.953613281250001,35.31513671875],[-2.925976562499983,35.287109375],[-2.86953125,35.17265625],[-2.839941406249978,35.12783203125],[-2.731396484374983,35.13520507812499],[-2.636816406249978,35.1126953125],[-2.423730468749994,35.123486328125],[-2.219628906249994,35.10419921875]]]]}},{"type":"Feature","properties":{"ADMIN":"Mexico","ADM0_A3":"MEX"},"geometry":{"type":"MultiPolygon","coordinates":[[[[-117.12827148437499,32.53334960937499],[-116.84208984374999,32.55478515625001],[-116.55595703124996,32.57622070312499],[-116.26982421874999,32.59760742187499],[-115.98369140624999,32.619042968749994],[-115.69750976562501,32.640478515624984],[-115.41137695312499,32.661865234374986],[-115.12519531250003,32.683300781250004],[-114.83906249999998,32.70473632812499],[-114.72475585937497,32.71533203124999],[-114.78798828125004,32.564794921875006],[-114.83593750000001,32.50830078125],[-114.36171875,32.360302734375004],[-113.88745117187499,32.2123046875],[-113.41318359374999,32.064306640625006],[-112.93896484375001,31.916259765625004],[-112.46474609374998,31.76826171875],[-111.990478515625,31.620214843749988],[-111.51621093749996,31.472265625],[-111.0419921875,31.32421875],[-110.68852539062497,31.324853515625],[-110.33510742187497,31.32553710937499],[-109.981640625,31.32617187499998],[-109.62822265625,31.32680664062499],[-109.27475585937498,31.32744140625],[-108.921337890625,31.328125],[-108.56787109374999,31.328808593749997],[-108.21445312499998,31.329443359374984],[-108.21381835937498,31.44189453125],[-108.21318359375,31.55439453124998],[-108.2125,31.666845703125002],[-108.21181640625,31.77934570312498],[-107.99204101562498,31.778173828125002],[-107.77221679687499,31.777050781249986],[-107.55234375,31.775878906249993],[-107.33251953125,31.774755859375],[-107.1126953125,31.773632812499983],[-106.89287109374997,31.772460937500007],[-106.67304687499998,31.77133789062499],[-106.45322265624996,31.770166015624994],[-106.44541015624998,31.76840820312499],[-106.43603515625,31.764453125],[-106.34697265625,31.67900390625001],[-106.25571289062498,31.544677734375],[-106.14804687499998,31.45092773437501],[-106.02407226562498,31.39775390624999],[-105.81269531249998,31.24101562499999],[-105.51401367187499,30.980761718749992],[-105.275830078125,30.807275390624987],[-105.09814453124997,30.720556640625002],[-104.97880859375,30.645947265625004],[-104.91787109374997,30.583349609375002],[-104.83588867187498,30.447656249999984],[-104.68134765625,30.134375],[-104.68134765625,29.99052734374999],[-104.622216796875,29.854296874999985],[-104.50400390624999,29.677685546875008],[-104.400634765625,29.57373046875],[-104.31220703125001,29.542431640624997],[-104.21552734375,29.479882812499998],[-104.110595703125,29.386132812499998],[-103.98974609374997,29.32314453124999],[-103.8529296875,29.291064453125],[-103.66396484375,29.20688476562499],[-103.42294921874998,29.070703124999984],[-103.25771484374995,29.00112304687499],[-103.16831054687498,28.998193359374998],[-103.08999023437497,29.04189453125001],[-103.02285156249998,29.132226562499994],[-102.95683593749996,29.190380859374983],[-102.89199218750001,29.21640625],[-102.865673828125,29.25800781249999],[-102.87783203125,29.315332031249998],[-102.83398437499997,29.44394531250001],[-102.73417968749999,29.643945312499994],[-102.61494140625,29.752343749999987],[-102.47626953125,29.769091796874992],[-102.38564453125001,29.806640625],[-102.34306640624999,29.864990234374996],[-102.26894531249997,29.87119140625],[-102.1630859375,29.825244140624996],[-101.99091796875,29.795703125],[-101.75234375,29.782470703125],[-101.61162109374997,29.78696289062499],[-101.56870117187496,29.80922851562499],[-101.54638671875003,29.808056640624997],[-101.54462890624997,29.783544921874995],[-101.50927734375,29.77314453125],[-101.44038085937501,29.776855468750004],[-101.38037109374999,29.742578124999987],[-101.30351562500002,29.634082031249996],[-101.03896484375,29.460400390624994],[-101.03862304687499,29.460302734375],[-101.01630859374998,29.40068359374999],[-100.92412109374999,29.314697265624996],[-100.75458984375,29.182519531249998],[-100.65864257812498,29.068554687499997],[-100.636328125,28.972802734374998],[-100.54970703124997,28.821337890624992],[-100.39892578125,28.61420898437499],[-100.33173828124997,28.502539062499995],[-100.34814453124999,28.486425781250002],[-100.33627929687498,28.428125],[-100.296044921875,28.327685546875],[-100.22128906249999,28.242626953125],[-100.111962890625,28.17294921875],[-100.00141601562498,28.0478515625],[-99.8896484375,27.86728515625],[-99.75424804687499,27.729931640624997],[-99.59531249999996,27.635888671874994],[-99.50532226562501,27.548339843750004],[-99.48427734374998,27.467382812499995],[-99.48583984374999,27.398046875],[-99.51005859374997,27.340332031249996],[-99.49980468749999,27.285498046875],[-99.45512695312497,27.23369140625],[-99.44023437499997,27.170117187499994],[-99.45771484374997,27.081689453124987],[-99.45654296874997,27.056689453124985],[-99.45649414062497,27.056640625],[-99.44355468749998,27.036669921874996],[-99.30244140624997,26.88471679687499],[-99.229931640625,26.7619140625],[-99.17236328125,26.565917968749993],[-99.17207031249997,26.564160156249994],[-99.10776367187498,26.446923828124987],[-99.01528320312498,26.398974609375],[-98.87319335937498,26.38125],[-98.765234375,26.340429687500002],[-98.69140625,26.27646484374999],[-98.59829101562498,26.237841796874996],[-98.48588867187499,26.224560546875008],[-98.378125,26.182373046874993],[-98.27504882812502,26.111181640624988],[-98.08281249999999,26.064453125],[-97.80141601562501,26.042041015624992],[-97.58725585937499,25.9841796875],[-97.44028320312499,25.890820312499997],[-97.375634765625,25.871826171875004],[-97.358154296875,25.87050781249999],[-97.349755859375,25.884765625],[-97.33867187499999,25.911181640625],[-97.281787109375,25.94160156249999],[-97.14624023437499,25.961474609374996],[-97.16445312499998,25.754931640625],[-97.22490234374997,25.58544921875],[-97.424072265625,25.233105468749994],[-97.50708007812499,25.014550781249998],[-97.66767578124998,24.389990234374988],[-97.717041015625,23.980615234375],[-97.72861328124996,23.78793945312499],[-97.74267578124997,23.760644531249994],[-97.72739257812495,23.732226562500003],[-97.76586914062497,23.306152343749993],[-97.74521484374998,22.942382812499996],[-97.75834960937499,22.88603515625],[-97.81669921874997,22.776318359375],[-97.8578125,22.624511718750004],[-97.84160156249997,22.557080078125004],[-97.84248046875,22.510302734375006],[-97.78237304687498,22.279296875],[-97.76328125,22.105859375],[-97.58476562499997,21.808544921874997],[-97.48452148437501,21.704833984374996],[-97.36015624999999,21.61494140624999],[-97.31450195312499,21.56420898437499],[-97.33686523437495,21.437890625],[-97.38754882812499,21.373925781249994],[-97.40917968749999,21.272558593749995],[-97.43413085937496,21.35649414062501],[-97.42441406249998,21.465332031249996],[-97.384814453125,21.523828125],[-97.38344726562498,21.56669921875001],[-97.456591796875,21.612402343749988],[-97.590380859375,21.762011718750006],[-97.75380859375,22.026660156249996],[-97.63754882812499,21.603662109374994],[-97.59760742187497,21.535888671875004],[-97.566552734375,21.507714843749994],[-97.51455078124998,21.477978515624997],[-97.50107421874998,21.43203125],[-97.50058593749998,21.398046875],[-97.35712890625001,21.104003906249996],[-97.194970703125,20.800097656250014],[-97.18632812499997,20.717041015624993],[-97.12143554687499,20.614990234375],[-96.70869140625,20.18828125],[-96.45605468749999,19.869775390624994],[-96.36835937499998,19.56723632812499],[-96.31533203124998,19.472851562499994],[-96.28955078125001,19.34375],[-96.12397460937501,19.199072265624995],[-96.073388671875,19.105664062499997],[-95.98466796874996,19.053759765625003],[-95.913037109375,18.897167968749997],[-95.778125,18.80551757812499],[-95.81035156249997,18.803857421874994],[-95.92822265624999,18.850097656250004],[-95.920361328125,18.819580078125004],[-95.82109374999999,18.754638671874996],[-95.62680664062498,18.690576171874994],[-95.57832031249997,18.69042968749999],[-95.65493164062498,18.723681640624996],[-95.71982421874999,18.768359375],[-95.69711914062496,18.77490234374999],[-95.56142578125001,18.719140625],[-95.18183593750001,18.700732421875003],[-95.014697265625,18.570605468750006],[-94.79814453124999,18.514599609374994],[-94.68164062499999,18.348486328124995],[-94.54619140625,18.174853515625],[-94.45976562499997,18.166650390624994],[-94.39228515624998,18.165966796874997],[-94.18901367187497,18.19526367187499],[-93.87314453124998,18.304443359374996],[-93.76440429687499,18.35791015625],[-93.55234374999998,18.43046875],[-93.2279296875,18.443798828124994],[-93.12734374999997,18.423437499999988],[-92.88476562499999,18.46865234374999],[-92.76909179687497,18.52412109374999],[-92.728955078125,18.57451171875001],[-92.71010742187497,18.611669921874988],[-92.485302734375,18.664794921875],[-92.441015625,18.67529296875],[-92.21318359374996,18.68486328125],[-92.10322265624998,18.704394531250006],[-91.973779296875,18.715869140625],[-91.88037109374999,18.637792968749984],[-91.88046875,18.599658203125003],[-91.94267578125,18.563427734374994],[-91.91357421874999,18.528515625],[-91.80297851562497,18.47060546874999],[-91.59970703124999,18.447167968749998],[-91.53398437499997,18.456542968750004],[-91.44047851562499,18.54184570312499],[-91.27524414062498,18.624462890624994],[-91.27875976562501,18.720654296874994],[-91.30830078125001,18.77329101562499],[-91.35629882812499,18.7765625],[-91.3677734375,18.806103515624994],[-91.33422851562499,18.876806640624995],[-91.34306640624999,18.900585937499994],[-91.44555664062497,18.8328125],[-91.469189453125,18.8330078125],[-91.45786132812498,18.864648437499998],[-91.43666992187501,18.889794921874987],[-91.13593749999997,19.0375],[-91.05893554687499,19.098193359375006],[-90.955029296875,19.151660156250003],[-90.73925781249999,19.35224609375],[-90.69316406249997,19.729882812499984],[-90.65009765625,19.795947265625006],[-90.507080078125,19.911865234375],[-90.49169921875,19.946777343749996],[-90.48242187500001,20.025732421874988],[-90.48637695312497,20.224023437499998],[-90.4783203125,20.379980468749988],[-90.48413085937501,20.55634765624999],[-90.458447265625,20.713720703124988],[-90.43515625,20.757519531249997],[-90.353125,21.009423828124994],[-90.18291015624999,21.1208984375],[-89.887646484375,21.252636718749997],[-89.819775390625,21.274609375],[-88.87871093749996,21.41411132812501],[-88.74667968749998,21.44814453124999],[-88.584912109375,21.538671875],[-88.46669921874998,21.569384765625003],[-88.25102539062496,21.566894531249996],[-88.18476562499998,21.578955078124988],[-88.17172851562499,21.59145507812499],[-88.17138671875,21.603515625],[-88.13164062499996,21.615869140624984],[-88.00683593749999,21.604052734375],[-87.77373046874997,21.54951171874999],[-87.68881835937496,21.53583984375],[-87.48046875,21.472460937500003],[-87.25087890625,21.446972656250004],[-87.217919921875,21.458007812500004],[-87.18759765624996,21.477294921875],[-87.16430664062499,21.514208984375006],[-87.18828124999997,21.546435546875],[-87.21059570312498,21.543945312500004],[-87.24946289062497,21.526611328124996],[-87.29575195312498,21.524951171875003],[-87.386669921875,21.551464843749997],[-87.368505859375,21.573730468750004],[-87.27573242187499,21.571630859374995],[-87.216455078125,21.582421875],[-87.128466796875,21.621484374999987],[-87.03476562499998,21.592236328124994],[-86.91171874999998,21.462841796874997],[-86.82407226562498,21.421679687500006],[-86.81708984374998,21.23422851562499],[-86.803857421875,21.200048828124988],[-86.77177734374999,21.150537109374987],[-86.81552734374998,21.005224609374984],[-86.864697265625,20.88505859375],[-86.92622070312495,20.78647460937499],[-87.0595703125,20.63125],[-87.22124023437495,20.507275390625],[-87.42138671875001,20.231396484374997],[-87.46718749999997,20.10214843749999],[-87.4658203125,19.998535156249996],[-87.43193359375,19.898486328125003],[-87.441748046875,19.861523437499997],[-87.4662109375,19.824169921874994],[-87.50688476562499,19.827490234374995],[-87.585791015625,19.779492187499997],[-87.68769531250001,19.637109375],[-87.69008789062501,19.593701171874997],[-87.6453125,19.55390625],[-87.58730468749998,19.572998046874996],[-87.51166992187503,19.574707031249996],[-87.46938476562498,19.58647460937501],[-87.42475585937498,19.583349609374995],[-87.43471679687498,19.501708984375],[-87.48266601562501,19.44375],[-87.51289062500001,19.425585937500003],[-87.5669921875,19.415722656249997],[-87.62753906249999,19.38271484374999],[-87.65869140625001,19.35234375],[-87.65576171875,19.257861328125006],[-87.6220703125,19.25048828125],[-87.55078125000001,19.320947265624998],[-87.50947265625,19.31748046874999],[-87.50107421875,19.287792968749997],[-87.59355468749997,19.046386718750004],[-87.65302734374998,18.79853515624999],[-87.733544921875,18.655029296874996],[-87.76181640624998,18.44614257812499],[-87.8041015625,18.357080078124998],[-87.85322265625,18.268994140624997],[-87.88198242187501,18.273876953124997],[-87.95966796875,18.44086914062499],[-88.03906249999999,18.483886718750004],[-88.05644531249997,18.524462890625003],[-88.01113281250001,18.726855468749996],[-88.03173828124999,18.838916015625],[-88.07377929687499,18.83447265625],[-88.12675781249997,18.773046875],[-88.19677734375,18.71967773437499],[-88.1953125,18.642626953125006],[-88.27573242187498,18.514550781249987],[-88.29565429687499,18.472412109375004],[-88.372412109375,18.482324218749998],[-88.461279296875,18.476757812500004],[-88.52299804687499,18.445898437499988],[-88.586181640625,18.29052734375],[-88.74360351562498,18.071630859375],[-88.80634765625,17.965527343749994],[-88.85737304687501,17.928808593749984],[-88.89780273437496,17.91455078125],[-88.942626953125,17.939648437499997],[-89.050439453125,17.999707031249997],[-89.13354492187499,17.97080078124999],[-89.162353515625,17.901953125],[-89.16147460937498,17.81484375],[-89.371533203125,17.814990234375],[-89.72880859375,17.81533203125],[-90.18359375,17.815722656250003],[-90.622021484375,17.816113281249997],[-90.98916015625001,17.81640625],[-90.9904296875,17.620751953124994],[-90.99160156250001,17.447460937499997],[-90.99296874999999,17.252441406250004],[-91.1955078125,17.2541015625],[-91.409619140625,17.255859375],[-91.39233398437501,17.236425781249995],[-91.31918945312499,17.199804687499988],[-91.224169921875,17.112255859374994],[-91.11186523437496,16.976171875],[-90.97583007812501,16.867822265625],[-90.816015625,16.787109375],[-90.710693359375,16.70810546874999],[-90.6599609375,16.630908203125],[-90.634375,16.565136718749994],[-90.63408203124999,16.5107421875],[-90.57578124999998,16.467822265625006],[-90.47109375,16.43955078124999],[-90.41699218749999,16.391015625],[-90.4169921875,16.351318359374996],[-90.45014648437495,16.261376953124994],[-90.45986328125,16.162353515625004],[-90.44716796874998,16.072705078125004],[-90.52197265624999,16.07119140624999],[-90.70322265624998,16.071044921874996],[-90.97958984374998,16.07080078125],[-91.2337890625,16.070654296874988],[-91.43398437499998,16.070458984374994],[-91.73657226562499,16.07016601562499],[-91.81943359374999,15.932373046875007],[-91.9572265625,15.703222656249993],[-92.08212890624998,15.495556640624997],[-92.18715820312498,15.320898437499993],[-92.204248046875,15.275],[-92.20434570312499,15.237695312499994],[-92.07480468749998,15.07421875],[-92.09873046874998,15.026757812499994],[-92.14423828125,15.001953125],[-92.158544921875,14.963574218749994],[-92.1556640625,14.901318359374999],[-92.18637695312496,14.818359375],[-92.17646484375,14.761328125],[-92.159912109375,14.691015625],[-92.18706054687497,14.630078125],[-92.20903320312496,14.570996093749999],[-92.23515624999999,14.545410156249998],[-92.26455078124998,14.567773437499996],[-92.53095703125,14.839648437500001],[-92.80893554687496,15.138574218749989],[-92.918408203125,15.236132812500003],[-93.02441406250001,15.310253906249997],[-93.16689453124998,15.448046875],[-93.54116210937498,15.750390625],[-93.734375,15.8884765625],[-93.91606445312497,16.053564453124988],[-94.07895507812498,16.145263671875004],[-94.23989257812498,16.205078125],[-94.31127929687499,16.239355468749995],[-94.37416992187502,16.284765625],[-94.40903320312498,16.287353515625],[-94.42641601562501,16.22626953125],[-94.37016601562499,16.195410156249984],[-94.30283203124999,16.169335937499994],[-94.24951171875,16.167529296875006],[-94.19340820312499,16.14560546874999],[-94.02832031250001,16.062060546875003],[-94.00126953124996,16.018945312499998],[-94.47075195312499,16.186572265625006],[-94.66152343749998,16.201904296875],[-94.68227539062498,16.228222656249994],[-94.587109375,16.315820312499994],[-94.616845703125,16.347558593749994],[-94.65078124999998,16.351806640625],[-94.75283203124998,16.2912109375],[-94.79082031249999,16.287158203125003],[-94.79746093749999,16.32705078124999],[-94.79291992187498,16.364599609374988],[-94.85869140625,16.419726562500003],[-94.90043945312497,16.417480468750004],[-94.93471679687498,16.3791015625],[-95.02353515625,16.30625],[-95.020849609375,16.277636718750003],[-94.846044921875,16.246582031249996],[-94.78579101562501,16.229101562499995],[-94.79941406249999,16.20966796875],[-94.94931640625,16.210009765625006],[-95.134375,16.176953125],[-95.46440429687497,15.974707031249991],[-95.77177734375,15.887792968749993],[-96.21357421874997,15.693066406249997],[-96.408642578125,15.683105468750004],[-96.51083984374996,15.651904296875],[-96.80795898437498,15.726416015624995],[-97.18466796874998,15.909277343749999],[-97.75478515624998,15.966845703125],[-98.13896484374999,16.206298828124996],[-98.52031249999999,16.304833984374994],[-98.76220703125,16.534765624999988],[-98.907958984375,16.544580078124994],[-99.00166015625001,16.581445312499994],[-99.34804687499997,16.66474609375],[-99.69067382812497,16.719628906249998],[-100.02451171874999,16.920507812499995],[-100.24301757812499,16.984179687500006],[-100.43188476562499,17.0640625],[-100.84780273437501,17.200488281250014],[-101.00195312499997,17.276123046875],[-101.1478515625,17.393115234375003],[-101.38549804687501,17.514208984375006],[-101.487060546875,17.61533203124999],[-101.60029296874997,17.6515625],[-101.76240234374998,17.84199218749999],[-101.84707031249997,17.922265625],[-101.91870117187497,17.959765625],[-101.99550781249998,17.972705078125003],[-102.21660156249999,17.957421875],[-102.54697265624998,18.04140625],[-102.69956054687498,18.06284179687499],[-103.01850585937497,18.186865234374995],[-103.4416015625,18.325390625],[-103.58027343750001,18.484375],[-103.69892578124998,18.63295898437499],[-103.91245117187499,18.828466796874995],[-104.04565429687501,18.911816406249994],[-104.27700195312498,19.010986328125004],[-104.40517578124998,19.091210937499998],[-104.60297851562497,19.152880859375006],[-104.93847656250001,19.309375],[-105.04521484375003,19.443261718749994],[-105.10766601562499,19.562207031249997],[-105.28637695312499,19.70649414062499],[-105.48208007812498,19.976074218750004],[-105.53242187500001,20.075390625],[-105.57041015625,20.22783203125001],[-105.61591796874997,20.316308593749994],[-105.66943359375001,20.385595703124984],[-105.64213867187499,20.435986328124994],[-105.54257812500002,20.49794921874999],[-105.37705078124999,20.511865234374998],[-105.26015624999997,20.579052734374994],[-105.24467773437499,20.6341796875],[-105.25229492187498,20.668505859375006],[-105.32705078125,20.752978515625006],[-105.4201171875,20.775390625],[-105.4923828125,20.776611328125007],[-105.51083984375,20.80874023437499],[-105.45634765624997,20.843798828125003],[-105.39399414062498,20.92612304687499],[-105.30195312499997,21.0265625],[-105.23706054687499,21.119189453125003],[-105.225,21.249707031249997],[-105.23325195312499,21.380419921875],[-105.20869140624998,21.490820312499984],[-105.4314453125,21.618261718749995],[-105.45742187499998,21.67246093749998],[-105.52744140624996,21.818457031249988],[-105.64912109374998,21.9880859375],[-105.64550781249996,22.326904296874996],[-105.79179687499999,22.627490234375006],[-105.94335937499999,22.77700195312499],[-106.021728515625,22.829052734374997],[-106.23457031249998,23.0609375],[-106.40224609375001,23.19560546875],[-106.56650390624998,23.449462890625],[-106.72875976562499,23.610693359374984],[-106.93549804687497,23.88125],[-107.08486328125001,24.016113281249993],[-107.76494140625,24.471923828125],[-107.726611328125,24.471923828125],[-107.52724609375,24.360058593749994],[-107.493701171875,24.369384765625],[-107.48891601562498,24.42397460937499],[-107.51191406249998,24.489160156249994],[-107.54887695312499,24.50478515624999],[-107.602001953125,24.49013671874999],[-107.67368164062498,24.503564453124994],[-107.709521484375,24.525048828124994],[-107.81669921875,24.539013671875004],[-107.95117187499999,24.61489257812499],[-108.00878906249999,24.693554687499994],[-108.01508789062498,24.783398437499997],[-108.20766601562498,24.974804687499994],[-108.28076171874997,25.08154296875001],[-108.243310546875,25.073681640625],[-108.192041015625,25.03066406249999],[-108.14008789062501,25.018408203124995],[-108.07963867187497,25.018066406250004],[-108.035693359375,25.03535156249999],[-108.05146484374998,25.067041015624998],[-108.09282226562499,25.093505859374993],[-108.37368164062498,25.1943359375],[-108.46625976562501,25.265136718749996],[-108.69638671874995,25.382910156249995],[-108.75097656249999,25.42421875],[-108.78725585937498,25.538037109375],[-108.84360351562502,25.543310546874988],[-108.89316406250002,25.511572265624988],[-109.02880859375,25.48046875],[-109.06347656249999,25.51669921874999],[-109.06845703124998,25.5515625],[-108.97275390624999,25.58847656249999],[-108.88486328124995,25.696044921875],[-108.88657226562498,25.733447265625006],[-108.93515625,25.690283203125],[-109.008349609375,25.6419921875],[-109.08408203124999,25.615039062500014],[-109.19648437499998,25.592529296875],[-109.25395507812502,25.6087890625],[-109.30429687499998,25.63315429687499],[-109.38496093749998,25.7271484375],[-109.42563476562499,26.032568359374995],[-109.35415039062498,26.138476562499996],[-109.27065429687498,26.243115234375004],[-109.19970703124999,26.305224609374992],[-109.1587890625,26.258349609375],[-109.11669921874999,26.25273437499999],[-109.14633789062499,26.305712890625006],[-109.216015625,26.355273437499992],[-109.240625,26.4046875],[-109.24326171874998,26.44995117187501],[-109.27626953125001,26.53388671875],[-109.482861328125,26.710351562499998],[-109.67607421875,26.696826171875],[-109.75478515624998,26.702929687499996],[-109.828369140625,26.770117187499995],[-109.89091796874999,26.883398437499995],[-109.92172851562496,26.978173828124987],[-109.92563476562502,27.028662109374995],[-109.94399414062495,27.079345703125004],[-110.2771484375,27.162207031250002],[-110.37729492187499,27.23330078125],[-110.47778320312499,27.32265625],[-110.51938476562496,27.39560546874999],[-110.56064453124999,27.450146484375008],[-110.59267578125,27.544335937499994],[-110.61547851562501,27.65390625],[-110.57827148437501,27.79565429687499],[-110.52988281249999,27.864208984374986],[-110.75903320312499,27.915185546874994],[-110.8486328125,27.917578125],[-110.92080078125,27.888867187499986],[-110.986083984375,27.925976562499997],[-111.12138671875,27.966992187500004],[-111.28242187500003,28.115234375],[-111.47167968749997,28.383984375],[-111.680078125,28.470556640625002],[-111.747216796875,28.56396484375],[-111.832421875,28.64814453124999],[-111.90703125,28.752490234375003],[-111.91860351562494,28.79790039062498],[-111.9408203125,28.82319335937499],[-112.04487304687503,28.8958984375],[-112.16176757812497,29.018896484374988],[-112.19204101562495,29.11796875],[-112.223486328125,29.269482421874994],[-112.30141601562495,29.322900390624987],[-112.37822265625002,29.347705078124992],[-112.393212890625,29.4197265625],[-112.38867187499999,29.460107421874998],[-112.41455078125,29.536425781249996],[-112.57290039062501,29.71953124999999],[-112.653125,29.870068359375004],[-112.69716796874997,29.916845703125002],[-112.73837890624996,29.985449218750002],[-112.75922851562501,30.125683593750008],[-112.82480468749998,30.300146484374995],[-112.95175781249999,30.51000976562499],[-113.057666015625,30.65102539062499],[-113.11044921874999,30.793310546874995],[-113.08701171874999,30.938085937499995],[-113.10498046874999,31.027197265624988],[-113.11860351562498,31.048095703124996],[-113.107958984375,31.077294921874984],[-113.07280273437499,31.06088867187501],[-113.042919921875,31.087011718750006],[-113.04672851562499,31.179248046874992],[-113.08364257812497,31.207177734374994],[-113.18618164062498,31.236035156249997],[-113.23144531249997,31.255957031249995],[-113.48081054687499,31.29360351562501],[-113.623486328125,31.345898437499994],[-113.63300781249998,31.467626953125006],[-113.69995117187499,31.523339843749984],[-113.759423828125,31.557763671874994],[-113.94775390625,31.62934570312499],[-113.97749023437498,31.592724609375004],[-114.00268554687503,31.525146484375007],[-114.08090820312499,31.510351562500013],[-114.14931640625001,31.507373046875003],[-114.2640625,31.554443359374996],[-114.548681640625,31.73354492187498],[-114.60878906250001,31.762255859375003],[-114.69760742187502,31.777441406250002],[-114.74130859374996,31.80649414062499],[-114.93359375,31.900732421875013],[-114.89506835937499,31.850634765624996],[-114.83950195312501,31.798535156249994],[-114.78989257812499,31.647119140624987],[-114.84814453124997,31.53793945312499],[-114.881884765625,31.156396484375],[-114.84467773437498,31.08046875],[-114.76103515624997,30.958740234374993],[-114.703369140625,30.765185546874992],[-114.68544921874998,30.62119140625],[-114.63330078124994,30.50688476562501],[-114.64975585937495,30.238134765624988],[-114.629931640625,30.156298828125],[-114.55048828125001,30.022265625],[-114.40341796874999,29.896484375],[-114.37260742187499,29.830224609374994],[-114.17919921874997,29.734326171874994],[-114.06191406249998,29.609521484374998],[-113.82895507812496,29.439453125],[-113.75546875,29.36748046875],[-113.54531249999998,29.10224609374999],[-113.53847656249998,29.02338867187499],[-113.49970703125003,28.926708984375],[-113.38183593750001,28.94667968750001],[-113.32890625,28.873046875],[-113.335009765625,28.8390625],[-113.32070312499998,28.813134765624987],[-113.25888671874995,28.81884765624999],[-113.20556640624999,28.798779296875],[-113.09365234375,28.511767578125],[-113.03359375,28.472607421874997],[-112.95664062499998,28.455859375],[-112.870849609375,28.42421875],[-112.865234375,28.350634765624996],[-112.86845703125002,28.291992187500004],[-112.79570312500002,28.207128906250006],[-112.80805664062497,28.0921875],[-112.74931640625002,27.994873046875007],[-112.75820312499998,27.900634765625],[-112.734033203125,27.825976562499992],[-112.55263671874998,27.657470703125],[-112.32919921875,27.5234375],[-112.2826171875,27.347460937499996],[-112.19145507812496,27.186669921874977],[-112.09814453124999,27.145947265624997],[-112.003955078125,27.079101562499996],[-112.015576171875,27.009716796874994],[-112.00908203125,26.967089843749996],[-111.88315429687499,26.840185546874995],[-111.86264648437499,26.678515625],[-111.75400390624998,26.572705078125],[-111.723388671875,26.564404296875],[-111.69941406250001,26.580957031249994],[-111.77851562499998,26.687255859375004],[-111.816845703125,26.75625],[-111.82177734375,26.865087890625002],[-111.795263671875,26.8796875],[-111.56967773437496,26.707617187500006],[-111.5458984375,26.579199218749988],[-111.470166015625,26.506640625],[-111.464501953125,26.408447265625004],[-111.418505859375,26.349951171875],[-111.40458984375,26.26503906249999],[-111.33212890624998,26.125439453124994],[-111.33037109374997,25.931347656249997],[-111.29160156249998,25.789794921875],[-111.149560546875,25.572607421874995],[-111.03442382812497,25.526953125],[-111.01362304687501,25.420312499999984],[-110.89394531249998,25.14423828124999],[-110.7556640625,24.994580078124997],[-110.686767578125,24.86767578125],[-110.67724609374997,24.788525390624997],[-110.72900390625,24.671533203124994],[-110.73452148437498,24.58984375],[-110.65932617187501,24.34145507812499],[-110.54697265625,24.214160156250003],[-110.42148437499998,24.183398437500006],[-110.399658203125,24.16513671874999],[-110.409619140625,24.130957031249988],[-110.36743164062501,24.100488281249994],[-110.31997070312498,24.139453125000014],[-110.29682617187498,24.194873046875],[-110.32089843749998,24.259179687499987],[-110.32509765625,24.30595703125],[-110.303759765625,24.339453125],[-110.26289062499998,24.34453125],[-110.02280273437498,24.174609375],[-109.98251953124999,24.109375],[-109.89316406249998,24.03300781250001],[-109.811328125,23.939013671875],[-109.77597656249996,23.86489257812499],[-109.710546875,23.803808593749995],[-109.67656249999997,23.661572265624997],[-109.50961914062499,23.597900390624993],[-109.42084960937498,23.48012695312499],[-109.41499023437498,23.405566406249996],[-109.45805664062499,23.21474609374999],[-109.49570312499998,23.159814453124994],[-109.63046874999996,23.078662109375003],[-109.72841796874998,22.981835937499987],[-109.82304687499999,22.922167968750003],[-109.9234375,22.88588867187499],[-110.00625,22.894042968750004],[-110.08603515624998,23.00546875],[-110.18061523437501,23.341503906249997],[-110.24409179687501,23.412255859374994],[-110.28876953124998,23.517675781249988],[-110.36269531249995,23.604931640625004],[-110.62998046874999,23.7373046875],[-110.76489257812501,23.877001953125003],[-110.89555664062502,23.970263671875006],[-111.036181640625,24.1052734375],[-111.41933593749998,24.32900390624999],[-111.57822265624995,24.44301757812499],[-111.68291015625,24.555810546874994],[-111.750390625,24.554150390624994],[-111.80249023437499,24.542529296875003],[-111.82226562499999,24.573388671874998],[-111.82519531249999,24.631787109374997],[-111.84824218749995,24.67006835937499],[-112.07255859374999,24.840039062500004],[-112.11904296875001,24.934033203125],[-112.128515625,25.043115234374998],[-112.07797851562498,25.323974609375],[-112.05576171875,25.488232421875],[-112.06987304687496,25.5728515625],[-112.09335937499998,25.584375],[-112.114599609375,25.63037109375],[-112.119775390625,25.765527343749994],[-112.17382812500001,25.91259765625],[-112.37724609375,26.213916015625],[-112.52607421874998,26.273486328124996],[-112.65839843749998,26.316748046875002],[-113.02075195312499,26.583251953125007],[-113.11923828124998,26.716503906249997],[-113.14321289062498,26.7921875],[-113.15581054687497,26.946240234374986],[-113.20576171875001,26.85698242187499],[-113.27226562499999,26.790966796874997],[-113.42587890624999,26.795800781249994],[-113.59853515624998,26.721289062499995],[-113.70126953124998,26.791357421874995],[-113.75664062499997,26.870849609374996],[-113.840966796875,26.96650390624999],[-113.93593750000002,26.985253906249994],[-113.996484375,26.98769531249999],[-114.11005859375,27.10595703125001],[-114.20185546875,27.143505859375],[-114.33339843749998,27.158007812499985],[-114.445263671875,27.2181640625],[-114.47968749999998,27.283593749999984],[-114.49829101562497,27.376220703125],[-114.539892578125,27.431103515624997],[-114.715625,27.539550781249996],[-114.85874023437496,27.6591796875],[-114.993505859375,27.736035156249994],[-115.03320312500001,27.798876953125],[-115.03647460937496,27.84184570312498],[-114.82353515625,27.829931640625006],[-114.57001953125001,27.783935546874993],[-114.44848632812497,27.796875],[-114.372705078125,27.841210937499994],[-114.30058593749999,27.872998046874994],[-114.2890625,27.83857421874999],[-114.30224609375,27.775732421875006],[-114.23266601562497,27.718115234374995],[-114.13720703125001,27.671435546874996],[-114.0693359375,27.675683593749998],[-114.13505859375002,27.726611328124996],[-114.175390625,27.830566406250007],[-114.15732421874996,27.86796875],[-114.15839843749998,27.919677734375007],[-114.25263671874998,27.9080078125],[-114.26586914062499,27.93447265624999],[-114.18525390624997,28.01328125],[-114.092724609375,28.221337890625],[-114.048486328125,28.426171874999984],[-114.1455078125,28.605419921874994],[-114.30922851562498,28.72993164062499],[-114.66401367187498,29.094580078125006],[-114.875927734375,29.281884765624998],[-114.93730468749997,29.351611328125],[-114.993505859375,29.384423828124984],[-115.16635742187499,29.42724609375],[-115.31118164062498,29.531933593749986],[-115.56528320312496,29.68002929687501],[-115.673828125,29.756396484374992],[-115.74868164062498,29.93574218750001],[-115.80830078125,29.960205078125004],[-115.78955078124997,30.084179687499994],[-115.815625,30.303613281249998],[-115.85820312500002,30.359814453124997],[-115.99580078125,30.414453125],[-116.028564453125,30.563574218749995],[-116.03535156249997,30.705468749999987],[-116.062158203125,30.804150390624997],[-116.29628906249998,30.970507812499985],[-116.30961914062496,31.050976562499983],[-116.30966796874998,31.127343749999984],[-116.33344726562503,31.202783203124998],[-116.45849609374997,31.36098632812499],[-116.60957031250001,31.499072265625],[-116.66215820312499,31.564892578124997],[-116.66845703124997,31.698632812499998],[-116.7220703125,31.734570312499983],[-116.70170898437499,31.743652343750004],[-116.65209960937499,31.74033203124999],[-116.62387695312505,31.758007812499986],[-116.62080078124998,31.85107421874999],[-116.84799804687502,31.997363281249974],[-116.913671875,32.19853515625],[-117.03476562499995,32.30502929687499],[-117.06313476562498,32.343603515625],[-117.12827148437499,32.53334960937499]]],[[[-86.9396484375,20.303320312499984],[-86.99140625,20.272167968749994],[-87.01943359374997,20.38232421875],[-86.97797851562498,20.489794921875006],[-86.92783203124996,20.551513671875],[-86.82856445312498,20.558789062500004],[-86.76328125,20.579052734374994],[-86.75502929687497,20.551757812500004],[-86.80878906249998,20.468457031249994],[-86.9396484375,20.303320312499984]]],[[[-106.50224609375,21.610839843749996],[-106.53134765624999,21.528515625],[-106.60703124999998,21.561474609374997],[-106.63417968750002,21.613134765624984],[-106.63935546874998,21.697851562499995],[-106.59736328125,21.712158203125],[-106.53642578124997,21.676367187499988],[-106.52382812499998,21.65234375],[-106.50224609375,21.610839843749996]]],[[[-110.91445312499997,18.741455078125],[-110.9748046875,18.72036132812499],[-111.06367187499997,18.781640625],[-111.03994140624998,18.830126953125003],[-110.98940429687498,18.863134765625],[-110.94208984374998,18.801708984374994],[-110.91445312499997,18.741455078125]]],[[[-110.5673828125,25.003466796875003],[-110.53886718750002,24.891552734375004],[-110.59018554687499,24.908056640624988],[-110.65742187499998,24.96884765624999],[-110.70341796875,25.046630859374996],[-110.699267578125,25.081445312499984],[-110.69023437500002,25.08784179687499],[-110.59521484374999,25.042138671874994],[-110.5673828125,25.003466796875003]]],[[[-113.15561523437499,29.052246093750004],[-113.16279296875001,29.034765625000013],[-113.26474609374996,29.096728515624996],[-113.49633789062501,29.30761718749999],[-113.580615234375,29.413232421874998],[-113.59438476562498,29.4626953125],[-113.58720703124999,29.573046875],[-113.507958984375,29.559912109374995],[-113.41591796875,29.4859375],[-113.37583007812496,29.417480468749996],[-113.37382812499997,29.338916015625006],[-113.20214843749999,29.30185546875],[-113.17792968749998,29.131933593750006],[-113.15561523437499,29.052246093750004]]],[[[-115.17060546874998,28.069384765625003],[-115.18427734374995,28.03725585937499],[-115.35292968750002,28.103955078125],[-115.26040039062497,28.220556640625],[-115.27397460937503,28.342773437499996],[-115.233544921875,28.368359375],[-115.19697265625,28.327880859374996],[-115.14853515624993,28.172119140625007],[-115.17060546874998,28.069384765625003]]],[[[-112.20307617187501,29.005322265625],[-112.27841796874998,28.769335937499996],[-112.3552734375,28.773144531250008],[-112.51406249999997,28.847607421875004],[-112.53100585937499,28.893994140624986],[-112.46982421875,29.167724609375004],[-112.42353515624998,29.203662109375006],[-112.28505859374998,29.240429687500004],[-112.26342773437499,29.206787109374996],[-112.24873046874998,29.125976562499993],[-112.20307617187501,29.005322265625]]],[[[-118.2427734375,28.941943359374992],[-118.28549804687496,28.903759765624994],[-118.40009765625,29.1123046875],[-118.40136718750001,29.162744140624984],[-118.367822265625,29.18759765625],[-118.31230468749999,29.182861328125004],[-118.31206054687495,29.13051757812498],[-118.26552734374997,29.086425781249996],[-118.24736328124996,29.04335937499998],[-118.2427734375,28.941943359374992]]],[[[-86.71401367187498,21.239306640625006],[-86.69628906250001,21.191015625],[-86.71362304687499,21.196777343749993],[-86.736376953125,21.23330078124999],[-86.752880859375,21.278808593750004],[-86.73906249999999,21.27998046875],[-86.72690429687496,21.264306640624994],[-86.71401367187498,21.239306640625006]]],[[[-91.68369140624998,18.677343749999984],[-91.79614257812497,18.654199218749994],[-91.81611328125,18.67587890624999],[-91.589111328125,18.778027343749997],[-91.55029296875,18.773681640624993],[-91.53671875,18.760009765625004],[-91.65424804687501,18.711474609375003],[-91.68369140624998,18.677343749999984]]],[[[-109.805078125,24.151074218749986],[-109.82675781250003,24.147558593749995],[-109.8779296875,24.200634765624997],[-109.90048828125,24.33090820312499],[-109.89033203124998,24.34482421874999],[-109.793798828125,24.183398437500006],[-109.79560546874997,24.16357421875001],[-109.805078125,24.151074218749986]]],[[[-114.69414062500002,31.705615234374992],[-114.72724609374997,31.701367187500008],[-114.789208984375,31.747412109374995],[-114.78457031249997,31.789794921874982],[-114.77109374999996,31.794091796875005],[-114.70908203124996,31.75688476562499],[-114.68793945312501,31.72421875],[-114.69414062500002,31.705615234374992]]],[[[-111.10029296875001,26.02060546875],[-111.08774414062498,25.984521484374994],[-111.09443359375001,25.974072265624997],[-111.13525390624997,25.99916992187499],[-111.20449218749998,25.849707031249984],[-111.22465820312499,25.835888671874994],[-111.18291015625,26.040625],[-111.1392578125,26.069824218749996],[-111.090869140625,26.075683593749993],[-111.10029296875001,26.02060546875]]],[[[-111.698876953125,24.393603515625003],[-111.71230468749998,24.346386718749994],[-112.01328124999998,24.533398437499994],[-111.940869140625,24.551123046874988],[-111.85683593749998,24.53798828124999],[-111.698876953125,24.393603515625003]]],[[[-112.05727539062495,24.545703125],[-112.07734375000001,24.534570312499998],[-112.162890625,24.650292968749994],[-112.17548828125001,24.729589843749995],[-112.21049804687499,24.763134765625004],[-112.29677734375,24.78964843749999],[-112.22231445312498,24.951123046875008],[-112.15942382812501,25.285644531250007],[-112.13168945312499,25.224365234375],[-112.19838867187498,24.885449218749994],[-112.19501953125,24.841064453125],[-112.16376953124998,24.79965820312499],[-112.13022460937499,24.729589843749995],[-112.12626953124999,24.65400390625],[-112.06748046874999,24.583642578125005],[-112.05727539062495,24.545703125]]]]}},{"type":"Feature","properties":{"ADMIN":"Japan","ADM0_A3":"JPN"},"geometry":{"type":"MultiPolygon","coordinates":[[[[133.37050781250002,36.203857421875],[133.32470703125,36.16650390624999],[133.23925781249994,36.17875976562499],[133.18994140624997,36.23261718749998],[133.20615234375003,36.29340820312499],[133.29570312500005,36.34013671875001],[133.38125,36.246386718749996],[133.37050781250002,36.203857421875]]],[[[138.34404296875002,37.82211914062501],[138.24902343749997,37.81958007812501],[138.2251953125,37.82939453124999],[138.2828125,37.85419921875],[138.28789062500002,37.89580078124999],[138.32226562499994,37.96953124999999],[138.32167968750005,37.990820312500006],[138.24619140625003,37.99458007812499],[138.25,38.078466796874984],[138.30634765625,38.16113281249999],[138.46132812500002,38.291455078125004],[138.50361328125,38.31591796875001],[138.51005859375002,38.258984374999976],[138.46279296875005,38.124316406249996],[138.45361328125,38.07568359375],[138.5751953125,38.065527343750006],[138.49697265625002,37.903906249999984],[138.34404296875002,37.82211914062501]]],[[[134.93281249999998,34.288134765625],[134.8244140625,34.2029296875],[134.7306640625,34.208886718749994],[134.68349609375,34.246972656249994],[134.66787109375,34.294140625],[134.75722656250002,34.3681640625],[134.83427734375005,34.47265625],[134.90410156250005,34.51909179687502],[134.96074218750005,34.544921875],[135.00468750000002,34.544042968750006],[134.90546874999998,34.398291015624984],[134.93281249999998,34.288134765625]]],[[[130.62275390625004,30.262988281249978],[130.50820312500002,30.24140625],[130.44560546875002,30.26469726562499],[130.38808593750002,30.38818359374999],[130.49716796875006,30.465527343749997],[130.6435546875,30.38896484375],[130.67324218750002,30.36689453124999],[130.62275390625004,30.262988281249978]]],[[[130.95976562500005,30.396923828125004],[130.87216796875003,30.386328125],[130.8703125,30.444238281249984],[130.93994140625,30.575097656249987],[130.94736328125,30.671191406249992],[131.01220703125,30.792285156250006],[131.03984375000002,30.818896484374996],[131.06035156250002,30.828466796875],[131.0826171875,30.790869140624988],[131.05742187500007,30.642480468749994],[130.99257812500002,30.529980468749997],[130.95976562500005,30.396923828125004]]],[[[130.08251953124994,32.2296875],[130.00351562500003,32.19399414062501],[129.99335937499998,32.22817382812499],[129.96015624999998,32.24375],[130.01728515624998,32.291845703125],[130.01533203125,32.313671875],[129.97929687500002,32.34619140625],[130.02128906250005,32.46884765625],[130.009765625,32.52163085937498],[130.16777343750005,32.5412109375],[130.1966796875,32.49160156249999],[130.19951171875005,32.34057617187499],[130.08251953124994,32.2296875]]],[[[129.2794921875,34.123388671875006],[129.21445312499998,34.08281249999998],[129.18642578125002,34.14501953124999],[129.21484375,34.320654296875006],[129.33710937499998,34.284765625],[129.33505859375,34.23081054687499],[129.2794921875,34.123388671875006]]],[[[129.38564453125,34.35366210937499],[129.36533203125003,34.30551757812499],[129.29746093750006,34.33959960937499],[129.26669921875,34.370458984375],[129.32939453125005,34.521875],[129.3220703125,34.579296874999976],[129.32587890624998,34.607275390625],[129.45107421875002,34.68657226562499],[129.47246093750005,34.67133789062499],[129.48017578125004,34.649462890624996],[129.46914062500002,34.61552734374999],[129.47539062500002,34.540429687499994],[129.38144531250003,34.41645507812499],[129.38564453125,34.35366210937499]]],[[[128.66533203125007,32.78388671875],[128.7041015625,32.756884765625],[128.76103515625,32.77236328124998],[128.80605468750002,32.775976562499984],[128.83857421875,32.762890625],[128.87939453124997,32.693310546875],[128.89453124999997,32.65214843749999],[128.82128906250003,32.646337890625006],[128.79042968749997,32.636718749999986],[128.75048828124997,32.58613281249999],[128.69296875000003,32.604736328125],[128.65732421875,32.628417968749986],[128.64912109374998,32.66201171874999],[128.66533203125007,32.78388671875]]],[[[130.3810546875,32.42373046874999],[130.29257812500003,32.41933593749999],[130.2560546875,32.431005859375006],[130.24169921874994,32.462792968749994],[130.3654296875,32.527197265625006],[130.46142578125,32.51572265625],[130.4185546875,32.457714843750004],[130.3810546875,32.42373046874999]]],[[[141.07275390625,45.332861328125006],[141.033984375,45.26933593749998],[140.98212890625,45.36376953124999],[140.9716796875,45.465478515625],[141.00166015624998,45.46484375],[141.05673828125003,45.449560546875],[141.06992187500003,45.4],[141.07275390625,45.332861328125006]]],[[[141.29541015624997,45.119335937500004],[141.22597656250005,45.11220703125001],[141.14531250000005,45.15390625],[141.13535156250003,45.20620117187498],[141.19375,45.24785156249999],[141.25185546875002,45.232470703125],[141.31005859375,45.17856445312501],[141.32919921875,45.15048828124999],[141.29541015624997,45.119335937500004]]],[[[139.48125,42.081005859375],[139.4583984375,42.075634765625],[139.4345703125,42.08408203125],[139.4115234375,42.159667968749986],[139.43134765624998,42.19956054687499],[139.49580078125,42.22744140624999],[139.5583984375,42.23520507812499],[139.505078125,42.09638671874998],[139.48125,42.081005859375]]],[[[134.35185546875002,34.483642578125],[134.33320312499998,34.46376953124999],[134.31533203125,34.4689453125],[134.25185546875002,34.423046875],[134.2380859375,34.467041015624986],[134.18828125000007,34.496337890625014],[134.18212890624997,34.51923828124999],[134.32597656250005,34.534375],[134.372265625,34.522363281249994],[134.35185546875002,34.483642578125]]],[[[139.45644531250002,34.72651367187498],[139.44570312500005,34.679541015625],[139.39238281250005,34.689892578125004],[139.36689453124998,34.7205078125],[139.37001953125005,34.775439453124996],[139.42617187500002,34.77587890625001],[139.45644531250002,34.72651367187498]]],[[[129.07695312500005,32.84028320312499],[129.051953125,32.82949218749999],[129.01962890625003,32.91962890625],[128.997265625,32.95185546874999],[129.03496093750007,32.969091796875006],[129.109765625,33.13256835937499],[129.1236328125,33.067675781249996],[129.152734375,33.0033203125],[129.18193359375005,32.993115234375004],[129.153515625,32.946191406249994],[129.11162109375005,32.92885742187499],[129.07695312500005,32.84028320312499]]],[[[129.49179687500006,33.223046875],[129.42138671874997,33.17583007812498],[129.37041015625,33.17602539062501],[129.4169921875,33.231103515624994],[129.42314453125002,33.25737304687499],[129.46191406249997,33.33125],[129.53798828125002,33.357763671875006],[129.569921875,33.36103515624998],[129.50810546875007,33.284326171875],[129.49179687500006,33.223046875]]],[[[129.79570312500007,33.74882812500001],[129.72656249999997,33.70732421874999],[129.6748046875,33.73969726562499],[129.7,33.82890624999998],[129.71728515625,33.8583984375],[129.7763671875,33.829199218750006],[129.79570312500007,33.74882812500001]]],[[[132.57841796875002,34.11518554687498],[132.54941406249998,34.07509765624999],[132.46093749999997,34.087255859375006],[132.4962890625,34.12197265624999],[132.52353515625,34.1640625],[132.54345703125,34.17265625],[132.56015625000003,34.126904296875],[132.57841796875002,34.11518554687498]]],[[[132.266015625,33.945166015624984],[132.31455078125003,33.90859374999999],[132.43046875000005,33.92353515625],[132.44492187500003,33.91318359375001],[132.41103515625,33.87993164062501],[132.35996093750003,33.84702148437499],[132.26728515625,33.87148437499999],[132.20878906250007,33.8728515625],[132.20058593750002,33.927783203124974],[132.20800781249997,33.947802734374996],[132.266015625,33.945166015624984]]],[[[129.71796874999998,31.657128906249994],[129.68681640625005,31.639648437500004],[129.70683593750007,31.718261718750004],[129.78730468750004,31.787109375],[129.79365234375004,31.742480468749996],[129.71796874999998,31.657128906249994]]],[[[142.18818359375004,26.616503906249992],[142.169921875,26.615673828125],[142.10712890624995,26.721533203125013],[142.12529296875007,26.726464843749994],[142.16171875000006,26.709960937500004],[142.20214843750003,26.648779296875],[142.18818359375004,26.616503906249992]]],[[[143.82431640625003,44.11699218749998],[143.94951171875007,44.1119140625],[144.00546874999998,44.11665039062499],[144.10136718750005,44.101562500000014],[144.48183593749997,43.949560546874984],[144.59667968750003,43.930224609374974],[144.71523437500002,43.927978515625],[144.79853515625,43.940234375],[144.871875,43.98193359375],[145.1015625,44.16616210937499],[145.34277343750003,44.33388671875002],[145.36953124999997,44.327392578124986],[145.36962890624997,44.281298828124974],[145.35195312500002,44.22978515625002],[145.24521484375,44.076171874999986],[145.1263671875,43.869384765625],[145.10107421874997,43.76455078125],[145.1396484375,43.6625],[145.2140625,43.578222656249984],[145.27294921875,43.462890624999986],[145.34082031249997,43.30253906250001],[145.43613281250003,43.282226562500014],[145.48789062500006,43.27973632812499],[145.58330078125002,43.327783203125],[145.67363281250002,43.38886718750001],[145.75126953125005,43.39628906249999],[145.83300781250003,43.38593750000001],[145.7255859375,43.34345703125001],[145.62421875,43.29130859375],[145.53740234375005,43.192675781249996],[145.50507812500004,43.17421875],[145.40478515625,43.180273437499984],[145.34746093750002,43.17670898437498],[145.23007812500006,43.13549804687502],[145.12714843749995,43.088867187500014],[145.02880859374994,43.031640625],[144.92138671874997,43.00092773437501],[144.80712890624997,42.99370117187498],[144.63076171875002,42.946923828124994],[144.51621093750003,42.94360351562501],[144.30156250000005,42.98442382812498],[144.19726562499997,42.9736328125],[143.96933593750003,42.881396484374996],[143.76210937500005,42.74814453124999],[143.58095703125002,42.59873046874997],[143.42949218750002,42.41889648437499],[143.36865234375003,42.32514648437499],[143.33212890625006,42.220361328125],[143.3271484375,42.15102539062501],[143.313671875,42.08432617187498],[143.2787109375,42.03784179687501],[143.23652343750004,42.00019531249999],[143.11171875000005,42.022216796875014],[142.90634765625,42.118359375],[142.50820312500002,42.257958984374994],[142.08789062499997,42.471728515624996],[141.85136718750005,42.57905273437498],[141.40664062500005,42.546923828125],[140.98613281250005,42.342138671875006],[140.9484375,42.35957031249999],[140.78759765625,42.5],[140.70976562500002,42.55561523437498],[140.61679687500006,42.57133789062499],[140.54765625000005,42.56953125000001],[140.48046874999994,42.559375],[140.38544921874998,42.48715820312501],[140.3505859375,42.43510742187499],[140.32353515625002,42.37607421875001],[140.31523437500005,42.334277343749996],[140.32666015625,42.29335937499999],[140.4166015625,42.200732421874996],[140.5275390625,42.131787109375004],[140.57773437500003,42.118652343750014],[140.68427734375004,42.123486328125],[140.7337890625,42.11635742187499],[140.91230468750004,41.97778320312501],[141.10771484375005,41.84804687499999],[141.15097656249998,41.805078125],[141.07871093749998,41.759814453125],[140.99951171875,41.73740234375001],[140.90751953125007,41.74326171875],[140.81640624999997,41.760400390624994],[140.65986328125,41.81557617187499],[140.59296875,41.76855468749999],[140.48916015625,41.67216796874998],[140.43164062499997,41.5673828125],[140.38496093750004,41.51928710937499],[140.27011718750003,41.45600585937499],[140.14863281249998,41.4232421875],[140.08515625,41.434082031250014],[140.03662109374997,41.473779296874994],[140.00917968750002,41.521337890624984],[139.99531250000004,41.57641601562502],[140.02128906250005,41.69575195312498],[140.08417968749998,41.80322265624998],[140.10839843749997,41.912939453125],[140.0568359375,42.06733398437501],[140.02412109374995,42.09956054687498],[139.89511718749998,42.19003906249999],[139.83544921874997,42.27807617187499],[139.8208984375,42.387597656249994],[139.828515625,42.44814453124999],[139.86015625000002,42.58173828124999],[139.89111328125,42.64921874999999],[139.9505859375,42.671435546875],[140.01503906250002,42.684765625],[140.11464843749997,42.73295898437498],[140.22412109374994,42.795507812499984],[140.32861328125,42.86684570312497],[140.4322265625,42.95410156250002],[140.48642578125003,43.049902343749984],[140.3974609375,43.167333984375],[140.379296875,43.237109375],[140.39238281250007,43.303125],[140.48691406250003,43.33818359374999],[140.58457031250003,43.31171875000001],[140.7806640625,43.21499023437496],[140.81914062500005,43.20546875],[140.95380859375,43.200976562499996],[141.13818359374997,43.17993164062499],[141.24501953125,43.18505859374998],[141.29628906250002,43.199658203125],[141.37412109375003,43.27963867187499],[141.41230468749998,43.381494140625],[141.39833984375,43.5125],[141.39765624999998,43.642626953124996],[141.44677734374997,43.74863281249999],[141.60068359375,43.918994140624996],[141.64472656249998,44.01943359375],[141.66083984375,44.26362304687502],[141.71630859375,44.371191406249984],[141.7609375,44.482519531249984],[141.78222656249997,44.71635742187501],[141.71904296875002,44.94106445312499],[141.65576171874997,45.05122070312499],[141.58300781249997,45.155957031250004],[141.59375,45.255957031250006],[141.65253906249998,45.34863281249999],[141.65400390625,45.37656250000001],[141.66796875000003,45.40126953125001],[141.778125,45.41889648437499],[141.8294921875,45.43876953124999],[141.87871093750002,45.48330078124999],[141.93769531249995,45.509521484374986],[141.98085937500002,45.483496093750006],[142.01640625000002,45.437939453125],[142.17158203125004,45.32563476562499],[142.416015625,45.125],[142.7041015625,44.819189453124984],[142.884765625,44.670117187500004],[143.07509765624997,44.53491210937499],[143.28857421874997,44.39663085937499],[143.5119140625,44.2775390625],[143.65458984375,44.22133789062499],[143.75908203125005,44.13164062500001],[143.82431640625003,44.11699218749998]]],[[[131.17460937500005,33.602587890625],[131.30917968750003,33.572753906249986],[131.36601562500007,33.57089843749999],[131.41875,33.58442382812499],[131.49882812500005,33.623583984375],[131.58300781249997,33.65239257812499],[131.64306640625,33.637792968750006],[131.6962890625,33.60283203125],[131.72421875000003,33.55380859375],[131.71064453125,33.50234375],[131.61552734375005,33.391845703125014],[131.53740234375,33.27407226562499],[131.71708984375007,33.252099609375016],[131.89658203125,33.25458984374999],[131.8546875,33.181640625],[131.84785156249998,33.118066406249994],[131.90273437500002,33.087792968749994],[131.94931640625003,33.047070312500026],[131.93720703125,33.01015625],[131.91044921875007,32.97368164062498],[132.00859375000005,32.919042968750006],[132.0021484375,32.882373046874996],[131.97666015625003,32.84394531249999],[131.73212890624998,32.59282226562498],[131.6603515625,32.465625],[131.61035156249997,32.32548828124999],[131.5646484375,32.22304687499999],[131.53115234375005,32.116748046874996],[131.50566406250005,32.001953125],[131.46025390625005,31.88349609375],[131.47529296875,31.77841796875],[131.45996093749997,31.670800781249987],[131.33720703125005,31.4046875],[131.24970703124995,31.409619140624994],[131.13974609375003,31.441845703124997],[131.07080078125,31.436865234375],[131.03515625,31.377685546875],[131.09843750000005,31.25615234374999],[130.90224609375002,31.112060546874986],[130.68574218749998,31.01513671875],[130.68417968750003,31.059277343749997],[130.70449218750005,31.09409179687499],[130.7357421875,31.122070312500007],[130.75839843750003,31.155810546874985],[130.78974609375,31.26909179687499],[130.77421875000005,31.383203125],[130.70898437499997,31.526074218749997],[130.70419921875,31.577441406249996],[130.7494140625,31.59819335937499],[130.77978515625,31.604101562499995],[130.79628906250002,31.624072265624992],[130.796875,31.6712890625],[130.77626953125002,31.706298828125014],[130.71455078124998,31.717675781249987],[130.65507812500002,31.718408203125],[130.6134765625,31.66542968749999],[130.55605468750002,31.563085937500006],[130.528125,31.459667968749994],[130.54042968750005,31.40307617187501],[130.56591796875003,31.35239257812499],[130.64453125,31.267480468749994],[130.62148437500002,31.217529296875007],[130.58876953125,31.17851562499998],[130.31064453125003,31.266894531249992],[130.25058593750003,31.273193359374996],[130.20068359375003,31.291894531249984],[130.14726562500005,31.40849609375001],[130.26054687500002,31.43657226562498],[130.29414062499998,31.45068359375],[130.306640625,31.487792968750004],[130.32197265624995,31.601464843749984],[130.2689453125,31.696337890624992],[130.22421875,31.730078125],[130.18789062500002,31.768847656250017],[130.21093749999994,31.848974609374988],[130.19580078125003,31.949853515625],[130.19443359375003,32.090771484375],[130.2140625,32.115039062499974],[130.31914062500005,32.14350585937499],[130.394921875,32.218994140625],[130.46201171875003,32.304931640625],[130.56035156250007,32.4560546875],[130.64052734375005,32.61923828124999],[130.56328125000002,32.626367187499994],[130.49785156250002,32.656933593750004],[130.56943359374998,32.734130859375],[130.54726562500002,32.83159179687499],[130.44042968749997,32.95136718749999],[130.38173828125,33.09257812499999],[130.28730468750004,33.15478515624999],[130.2375,33.17763671874999],[130.17685546875006,33.14453125],[130.12685546874997,33.104833984375006],[130.1731445312501,33.01298828125],[130.16777343750005,32.931787109375],[130.175,32.85131835937501],[130.22216796875,32.846826171875],[130.28007812500007,32.866845703125016],[130.32646484375005,32.852636718750006],[130.35351562499997,32.8103515625],[130.36083984374997,32.755859375],[130.34042968750003,32.70185546875],[130.29765625000002,32.675],[130.24550781250002,32.677148437499994],[130.19296875000003,32.70629882812499],[130.15205078125,32.747851562499996],[130.05410156250002,32.77080078124998],[129.95078125000003,32.72172851562499],[129.85253906250003,32.62172851562498],[129.76855468749997,32.57099609374999],[129.80810546874997,32.645263671875],[129.82675781249998,32.725341796875],[129.78593750000005,32.781640625],[129.69003906250003,32.87524414062499],[129.66777343750005,32.92939453124999],[129.6623046875,32.994921875],[129.6791015625,33.05996093750001],[129.777734375,32.985546875],[129.82832031249998,32.892675781250006],[129.90078125,32.851904296874984],[129.99169921875003,32.8515625],[129.921875,32.98798828125001],[129.89677734375005,33.022363281249994],[129.79873046875002,33.08359375],[129.6650390625,33.18662109375002],[129.580078125,33.236279296875],[129.61015625000002,33.34365234374998],[129.65996093750005,33.364990234375],[129.7021484375,33.359814453125004],[129.84414062500002,33.32177734375],[129.85751953125003,33.37524414062499],[129.83662109375,33.40380859375001],[129.82568359375,33.43701171875001],[129.91914062499998,33.48349609375],[130.07207031250007,33.52177734374998],[130.10341796875002,33.53969726562497],[130.13056640625,33.578173828124996],[130.16796874999997,33.598291015624994],[130.27509765625,33.59770507812498],[130.36503906250005,33.634472656250004],[130.43945312499997,33.734228515625006],[130.45722656250004,33.78896484374999],[130.48378906250002,33.834619140624994],[130.66953125000003,33.915478515625],[130.715625,33.927783203124974],[130.8396484375,33.91777343749998],[130.953125,33.872021484375],[131.00908203125002,33.77583007812499],[131.05810546874997,33.67285156249999],[131.17460937500005,33.602587890625]]],[[[134.357421875,34.25634765625],[134.49570312500003,34.214746093749994],[134.6375,34.226611328124996],[134.63525390625,34.0439453125],[134.65537109375,33.98261718749999],[134.69531249999997,33.927734375],[134.67480468749994,33.847802734375],[134.73886718750006,33.8205078125],[134.54873046875005,33.729296875],[134.37705078125003,33.608398437499986],[134.30654296874997,33.526806640625],[134.24267578125,33.439453125],[134.2056640625,33.346972656249974],[134.18164062499994,33.24721679687499],[134.12412109375,33.286767578125],[133.95869140625,33.44833984374999],[133.85400390625,33.49267578125001],[133.68564453125,33.51630859375],[133.63203125,33.510986328125],[133.28593750000005,33.359960937499984],[133.23994140624998,33.249609375],[133.14560546874998,33.083154296874994],[133.1008789062501,33.02822265625],[133.05117187500002,33.01245117187499],[133.01601562500005,32.983886718750014],[132.97724609374998,32.8419921875],[132.86992187500002,32.75458984375],[132.80429687500003,32.752001953124996],[132.69218750000005,32.775927734375],[132.641796875,32.76245117187501],[132.70898437499997,32.902490234374994],[132.601953125,32.91953125],[132.4951171875,32.916601562500006],[132.49257812500002,33.007666015625],[132.42783203125,33.059375],[132.47578124999998,33.126464843749986],[132.47714843750006,33.18115234375],[132.5052734375,33.211279296875],[132.51503906250002,33.25537109374999],[132.51142578125,33.29306640625],[132.44541015625003,33.30458984374999],[132.40517578125,33.33125],[132.41279296875,33.43046874999999],[132.37490234374997,33.43408203124999],[132.28105468750005,33.41679687499999],[132.08583984375,33.34013671874998],[132.0326171875,33.33999023437499],[132.114453125,33.394580078125],[132.28789062500002,33.46953124999999],[132.36591796875,33.51245117187499],[132.53603515625,33.63291015625],[132.64306640624994,33.68994140625],[132.69892578124998,33.79091796874999],[132.7162109375,33.85224609375],[132.75234375000002,33.90615234374999],[132.78427734375003,33.99243164062499],[132.83945312500003,34.021240234375],[132.93515625000006,34.0953125],[132.99013671875002,34.08813476562501],[133.05126953125,33.99711914062499],[133.13369140624997,33.92729492187499],[133.19306640625,33.933203125],[133.29882812499997,33.968994140625014],[133.3498046875,33.97705078125],[133.4720703125,33.97280273437499],[133.58203125000006,34.01713867187498],[133.62675781250005,34.069384765624996],[133.64345703125,34.134667968749994],[133.60263671875,34.24384765625],[133.65556640625007,34.232861328125],[133.70625,34.23735351562499],[133.82558593750002,34.306835937500004],[133.94833984375,34.348046875],[134.07587890625,34.3583984375],[134.21923828125,34.319042968750004],[134.357421875,34.25634765625]]],[[[141.22929687500007,41.37265625],[141.26875,41.35380859374999],[141.45546875000005,41.40473632812499],[141.41992187499994,41.25117187499998],[141.4,41.09633789062498],[141.41367187500003,40.839355468749986],[141.43046875000007,40.72333984375],[141.46279296875002,40.611132812499996],[141.54228515625002,40.53071289062499],[141.64628906250005,40.4736328125],[141.7970703125,40.291162109375],[141.87792968749994,40.067236328125006],[141.93505859374997,39.95849609375001],[141.97783203125002,39.84443359374999],[141.99082031250003,39.79223632812499],[141.99189453125,39.73989257812497],[141.97910156250006,39.668359375],[141.9931640625,39.61054687499998],[141.97695312500002,39.428808593749984],[141.90947265625002,39.218701171875],[141.90078125000005,39.111328125],[141.84208984375002,39.09003906249999],[141.80654296875002,39.0404296875],[141.77617187500002,39.017431640625],[141.74248046875007,38.999609375],[141.6935546875,38.99516601562499],[141.65859375000002,38.97485351562499],[141.64472656250004,38.917919921875004],[141.62226562499995,38.865136718749994],[141.57968750000003,38.81650390625],[141.54628906250005,38.76284179687499],[141.51875,38.63203125],[141.5087890625,38.497851562499996],[141.46748046874998,38.404150390625],[141.3681640625,38.379736328125],[141.25429687500002,38.381396484374996],[141.1083984375,38.337939453125],[141.07734375,38.31254882812501],[140.962109375,38.148876953125004],[140.92900390625005,38.05288085937498],[140.92792968749998,37.949609375],[140.95996093750003,37.822607421874984],[141.00341796874997,37.6984375],[141.03632812500004,37.46723632812499],[141.00166015624998,37.114648437499994],[140.96835937500006,37.00205078125],[140.89511718750003,36.92573242187498],[140.83964843750002,36.890332031250004],[140.79179687500007,36.846875],[140.72988281250002,36.731884765625],[140.62734375000002,36.502783203125],[140.61884765624998,36.4453125],[140.61923828125003,36.385595703125],[140.59160156250007,36.30781250000001],[140.57353515625002,36.23134765624998],[140.59042968750003,36.142431640624984],[140.62197265625002,36.059228515625016],[140.75957031250005,35.845703125],[140.8134765625,35.78251953124997],[140.87402343749997,35.724951171875006],[140.6392578125,35.66127929687499],[140.596875,35.63203124999998],[140.45742187499997,35.51025390625001],[140.41289062500002,35.394775390624986],[140.41650390625,35.2669921875],[140.39296875000002,35.221142578125004],[140.35468749999998,35.18144531250002],[140.31474609375002,35.155029296875],[140.15888671875,35.096484374999974],[140.05917968750003,35.03828125],[139.95976562500005,34.947314453124996],[139.92041015625,34.899609375],[139.84394531249998,34.91489257812499],[139.79921875000002,34.95693359375],[139.84326171875,35.00986328125],[139.8296875,35.072167968749994],[139.85146484375005,35.23232421875],[139.82646484375002,35.29667968750001],[139.90615234375002,35.34526367187499],[139.94414062500002,35.42299804687497],[140.02714843750002,35.48520507812499],[140.08632812500002,35.54042968749999],[140.096875,35.58515624999998],[140.04365234375,35.63334960937499],[139.9875,35.66821289062498],[139.90976562500006,35.668359375],[139.83476562500002,35.658056640625006],[139.786328125,35.612109375],[139.77011718750003,35.549560546875],[139.77392578124997,35.520361328125],[139.76777343750007,35.49482421875],[139.65,35.40913085937498],[139.66552734375,35.31948242187499],[139.7,35.273974609375],[139.74404296875002,35.252392578125],[139.73085937500002,35.22153320312502],[139.675,35.14926757812499],[139.63593749999998,35.142138671875],[139.5640625,35.24326171875],[139.47441406250007,35.298535156250004],[139.3634765625,35.298095703125],[139.24941406250002,35.27802734375],[139.16269531250003,35.210742187499974],[139.13408203125005,35.15488281250001],[139.11582031250006,35.097119140625004],[139.12197265625002,34.95649414062498],[139.08603515625,34.83916015624999],[139.015625,34.73603515624999],[138.98261718749998,34.69838867187499],[138.89667968750004,34.62841796874998],[138.8375,34.619238281250006],[138.79511718749998,34.65102539062499],[138.76103515625002,34.69921875],[138.80449218750007,34.875732421875],[138.80273437500003,34.974804687500004],[138.90361328125005,35.025244140625006],[138.82089843750006,35.095703125],[138.71962890625,35.124072265625],[138.5771484375,35.08647460937502],[138.53701171875005,35.044140625],[138.50957031250007,34.987158203125],[138.43310546875003,34.91518554687499],[138.3486328125,34.84770507812499],[138.25322265625002,34.73266601562499],[138.18906250000003,34.596337890624994],[137.97900390624997,34.640917968749996],[137.8642578125,34.65087890624999],[137.74853515624997,34.64741210937498],[137.54335937500002,34.66420898437498],[137.31806640625004,34.63637695312501],[137.06171874999998,34.5828125],[137.07705078125005,34.621435546875],[137.28779296874998,34.703515625],[137.29541015625003,34.727587890625],[137.27519531250005,34.772509765625],[137.22265625,34.77470703124999],[137.09658203125002,34.75903320312501],[137.0322265625,34.765917968749996],[137.00595703125,34.81411132812499],[136.96328125000002,34.83491210937498],[136.934765625,34.81518554687501],[136.94414062500002,34.721533203125006],[136.912890625,34.709033203125],[136.8712890625,34.73310546874999],[136.8845703125,34.805859374999976],[136.85615234375,34.9125],[136.85292968749997,34.97871093749999],[136.8970703125,35.035546875],[136.85185546875002,35.059521484375],[136.80419921874997,35.05029296875],[136.74355468750002,35.02299804687499],[136.69003906250003,34.984130859375],[136.576953125,34.78955078124999],[136.53300781250005,34.67836914062499],[136.6158203125,34.58906250000001],[136.84160156250005,34.464208984375],[136.88027343750002,34.433593749999986],[136.88115234375007,34.38046875],[136.8537109375,34.32407226562499],[136.7921875,34.299267578125],[136.54443359375,34.257714843749994],[136.32988281250002,34.17685546874999],[136.26787109375005,34.094873046875],[136.07255859375005,33.778222656249994],[135.91621093750004,33.56171875],[135.6953125,33.486962890624994],[135.45283203125,33.55336914062498],[135.39423828124998,33.628759765625],[135.34677734375,33.721972656249996],[135.25664062500007,33.80625],[135.175390625,33.898046875],[135.1279296875,34.00698242187501],[135.13535156249998,34.182617187499986],[135.10009765624994,34.28837890624999],[135.13193359375003,34.31655273437499],[135.265625,34.380810546875],[135.30927734375004,34.416796875],[135.384765625,34.50043945312498],[135.41181640624998,34.54697265624999],[135.41591796875,34.617480468749996],[135.35517578124998,34.654296875],[135.19824218749997,34.6529296875],[135.04169921875,34.631005859375],[134.92988281249998,34.66181640624998],[134.78496093750002,34.747070312500014],[134.74003906250002,34.765234375],[134.58378906250005,34.77060546874999],[134.472265625,34.75478515625],[134.36269531249997,34.72368164062499],[134.246875,34.71386718750001],[134.20830078125005,34.69765625],[134.07451171875002,34.593115234375],[133.96826171875003,34.527294921875],[133.87636718750002,34.49462890625],[133.67792968749998,34.48588867187499],[133.57861328125,34.46469726562501],[133.47441406250007,34.430126953125004],[133.4453125,34.433154296874996],[133.33564453124998,34.385351562500006],[133.20976562500002,34.34399414062497],[133.14238281250002,34.302441406250004],[133.01894531250002,34.32958984374999],[132.774609375,34.25522460937502],[132.65654296875002,34.24609375],[132.53447265625005,34.287060546875],[132.42128906250002,34.353369140625],[132.31259765625,34.32495117187499],[132.23808593750005,34.22700195312499],[132.20195312500002,34.03203124999999],[132.159375,33.94423828124999],[132.14648437499994,33.83876953124997],[132.09023437500002,33.85546875],[131.76318359374997,34.04526367187499],[131.74052734375005,34.05205078124999],[131.47617187500003,34.019384765625],[131.40791015625,34.00361328125],[131.32275390625,33.965185546874984],[131.2326171875,33.947998046875],[131.150390625,33.97563476562499],[131.071875,34.020654296874994],[130.99638671875005,34.007275390625],[130.91884765625,33.975732421874994],[130.8892578125,34.261816406250006],[130.904296875,34.299560546874986],[130.95185546875,34.34970703125],[131.00419921875005,34.392578124999986],[131.13222656250002,34.407373046875],[131.26181640625,34.39345703125001],[131.35439453125,34.41318359375001],[131.43251953125,34.46982421874999],[131.51503906249997,34.55014648437499],[131.6080078125,34.61547851562501],[131.73408203125004,34.66708984375],[131.85605468750003,34.726318359375],[131.96308593749995,34.809375],[132.06474609375005,34.9],[132.158203125,34.96650390625],[132.25957031250005,35.02231445312499],[132.4140625,35.15629882812499],[132.61904296875002,35.30683593749999],[132.69765625,35.418310546874984],[132.74658203125003,35.449023437499996],[132.92294921875003,35.51127929687498],[133.15693359374998,35.55883789062499],[133.26718750000003,35.556542968749994],[133.37646484375,35.458837890625006],[133.43535156250007,35.472216796874996],[133.49492187500005,35.4974609375],[133.6154296875,35.51142578124998],[133.73935546875003,35.495263671875],[133.86025390625002,35.49487304687502],[133.98125,35.5072265625],[134.21406249999995,35.53925781249999],[134.33652343750003,35.57792968749998],[134.4560546875,35.62792968750001],[134.88222656250002,35.663232421874994],[135.17431640624994,35.74707031250003],[135.22050781250005,35.74111328125],[135.26542968750005,35.72177734374999],[135.26875,35.65966796875001],[135.23203125000003,35.591894531250006],[135.26777343749998,35.55087890624999],[135.32695312500005,35.52553710937499],[135.60185546875,35.51772460937498],[135.68027343750003,35.503125],[135.79501953125006,35.54951171875001],[135.903125,35.606884765625],[136.01621093750003,35.68251953125],[136.09531250000003,35.767626953124996],[136.02226562500002,35.87412109374997],[136.00625,35.990576171875006],[136.06748046875,36.116845703125],[136.15625,36.22333984375],[136.26181640625,36.2876953125],[136.358984375,36.361767578125004],[136.555859375,36.57197265624999],[136.69814453125005,36.74204101562501],[136.74931640625005,36.951025390625],[136.71923828124997,37.198388671874994],[136.84345703125004,37.38212890624998],[136.96230468750002,37.413671874999984],[137.1986328125,37.49746093749999],[137.32265624999997,37.5220703125],[137.34121093750005,37.485449218750006],[137.3375,37.437451171875004],[137.15205078124998,37.283154296875],[137.04580078125008,37.2197265625],[136.98222656250005,37.20004882812498],[136.9240234375,37.17197265624999],[136.89990234375003,37.117675781250014],[136.99443359375002,37.0267578125],[137.01855468749997,36.95961914062499],[137.01269531249994,36.895117187499984],[137.01669921875,36.83720703125003],[137.12373046874998,36.77407226562499],[137.24628906249998,36.753173828125],[137.29765625000005,36.75375976562499],[137.34257812500005,36.770361328125],[137.48261718749998,36.92475585937497],[137.5140625,36.95156249999999],[137.91318359375,37.06459960937499],[138.10957031249998,37.15107421874998],[138.21806640625002,37.17338867187499],[138.31992187500003,37.218408203125],[138.54833984375,37.392138671874996],[138.63281249999997,37.47216796875],[138.709375,37.560644531250006],[138.77060546874998,37.663427734374984],[138.81884765624997,37.77470703124999],[138.88505859375005,37.8439453125],[139.24716796875003,38.009082031249996],[139.36386718750003,38.099023437499994],[139.40097656250006,38.142578125],[139.44580078125006,38.26875],[139.4767578125,38.39980468749999],[139.52080078125005,38.5025390625],[139.58017578125003,38.598876953124986],[139.659765625,38.69702148437498],[139.74912109374998,38.788134765625],[139.80195312499998,38.88159179687499],[139.87861328125004,39.10493164062502],[139.9123046875,39.22856445312499],[139.93857421875003,39.27314453124999],[139.97714843750003,39.31064453124999],[140.01083984375,39.35805664062498],[140.0365234375,39.4111328125],[140.04814453125005,39.463720703124984],[140.06474609375005,39.6244140625],[140.0546875,39.74926757812501],[139.9947265625,39.855078125],[139.94521484375002,39.885107421874984],[139.8912109375,39.886865234374994],[139.8103515625,39.877734375],[139.74150390625005,39.92084960937502],[139.75546875000003,39.95893554687499],[139.82568359374997,39.966015625],[139.87363281250003,39.98569335937498],[139.90800781250002,40.021728515625014],[139.97246093750002,40.13696289062501],[140.01113281250005,40.2603515625],[140.01445312500007,40.314892578125004],[139.96406250000004,40.414306640625],[139.92392578125003,40.53388671875],[139.92285156249997,40.59843749999999],[139.96669921875,40.67275390624997],[140.029296875,40.73315429687499],[140.08535156250002,40.747363281249996],[140.14609375000003,40.7515625],[140.20126953124998,40.77490234374998],[140.25234375000002,40.80878906249999],[140.28125,40.84609375],[140.32626953125,40.94765624999998],[140.3435546875001,41.00566406249999],[140.31523437500002,41.16088867187499],[140.34443359375,41.203320312500004],[140.3859375,41.22978515624999],[140.44130859375,41.20966796874999],[140.49804687499997,41.20566406249999],[140.56416015624998,41.21181640624999],[140.62763671875004,41.19541015624999],[140.6396484375,41.155615234374984],[140.67939453124995,40.89326171874999],[140.70244140625002,40.85781249999999],[140.74863281250003,40.830322265625],[140.80078124999997,40.83432617187498],[140.84580078125003,40.875146484375],[140.876171875,40.929541015625],[140.93603515625003,40.94077148437501],[141.11855468750002,40.88227539062499],[141.18320312500003,40.924023437500004],[141.22539062500002,40.98847656249999],[141.262109375,41.10268554687497],[141.24423828125003,41.205615234375],[141.20039062499998,41.243603515625004],[141.1550781250001,41.23671874999997],[141.11503906250002,41.208496093749986],[141.07041015625003,41.19306640624998],[140.80058593750002,41.13881835937498],[140.80185546875006,41.25366210937499],[140.85957031249998,41.42543945312501],[140.89150390625,41.47978515624999],[140.93691406250002,41.50556640625],[141.05019531250002,41.475732421875016],[141.10585937500002,41.455859374999974],[141.22929687500007,41.37265625]]],[[[124.29316406250003,24.515917968749996],[124.23427734375,24.358056640624987],[124.18564453125002,24.335058593749988],[124.13574218749999,24.347607421875],[124.08476562499999,24.435839843750006],[124.12041015625,24.469628906249994],[124.17021484374993,24.451855468749994],[124.210546875,24.458642578124987],[124.30195312499997,24.587109375],[124.32402343749996,24.566357421875],[124.29316406250003,24.515917968749996]]],[[[123.888671875,24.280126953124988],[123.8255859375,24.266064453124994],[123.7498046875,24.283300781249988],[123.68066406249999,24.288037109374994],[123.67978515625005,24.317773437499998],[123.75234375,24.348486328124984],[123.75371093749999,24.391308593750004],[123.771484375,24.414453125],[123.93486328124996,24.36201171875],[123.928125,24.323632812499987],[123.888671875,24.280126953124988]]],[[[125.44414062499996,24.74316406250001],[125.359375,24.71708984375],[125.2689453125,24.732519531250002],[125.28359375000004,24.87192382812499],[125.31494140625,24.852392578124984],[125.33457031250002,24.8046875],[125.40185546875004,24.776855468749996],[125.44414062499996,24.74316406250001]]],[[[128.2587890625,26.652783203125],[128.1625,26.60693359374999],[128.12695312499997,26.552246093749996],[128.03789062500005,26.53359375],[127.95126953125002,26.456494140624994],[127.86708984375,26.442480468750002],[127.86923828125006,26.380566406249994],[127.90478515624999,26.328125],[127.84873046875005,26.31894531250001],[127.79013671875003,26.255078125],[127.78554687500002,26.208691406249997],[127.80644531250006,26.171240234375002],[127.80361328125001,26.152539062499986],[127.72939453125002,26.097167968750004],[127.653125,26.094726562500004],[127.64970703125003,26.1544921875],[127.65488281250003,26.199169921875],[127.72705078125001,26.307910156250003],[127.72890624999997,26.43393554687499],[127.7958984375,26.44853515625],[127.82041015624999,26.466064453125],[127.92597656250003,26.555712890625],[127.94550781250003,26.593945312499994],[127.89082031250005,26.631054687499983],[127.89482421875005,26.674951171875005],[127.9072265625,26.693603515624993],[127.99433593750001,26.679443359375007],[128.0296875,26.646875],[128.04677734375005,26.643310546875],[128.09765625,26.667773437499992],[128.12158203125,26.71142578125],[128.21650390625,26.796875],[128.2548828125,26.881884765624992],[128.33164062500003,26.812109375],[128.31093749999997,26.720703125],[128.2587890625,26.652783203125]]],[[[128.99814453125003,27.72080078125],[128.95625,27.702490234375002],[128.9,27.727783203124993],[128.8828125,27.842431640624987],[128.90761718750002,27.897998046875],[128.95166015624997,27.910253906249995],[128.98974609374997,27.8111328125],[129.01640625000007,27.77021484374999],[128.99814453125003,27.72080078125]]],[[[129.45253906250005,28.208984375],[129.36640625000004,28.127734375],[129.27490234374997,28.200878906249997],[129.16464843750003,28.24975585937501],[129.21708984375005,28.26293945312499],[129.24785156250005,28.282519531249992],[129.25087890625002,28.313574218749995],[129.32246093749998,28.35961914062499],[129.46455078124998,28.39526367187499],[129.50966796875005,28.397509765625006],[129.56054687499997,28.431054687499994],[129.57714843750003,28.461279296875006],[129.59804687500002,28.47587890624999],[129.68955078125,28.517480468749998],[129.71464843750007,28.46962890625],[129.71044921874997,28.432128906250007],[129.64169921875,28.41127929687499],[129.574609375,28.361181640625],[129.51269531250003,28.298730468750005],[129.45673828124995,28.272314453125002],[129.4390625,28.25478515624999],[129.45253906250005,28.208984375]]],[[[129.32402343750002,28.104931640625004],[129.33056640625,28.081591796875],[129.23242187499997,28.101123046875006],[129.19248046875003,28.19248046875],[129.25742187500003,28.176171875],[129.27734375,28.144726562499997],[129.32402343750002,28.104931640625004]]],[[[139.84111328125005,33.056054687499994],[139.823828125,33.04545898437498],[139.77568359375005,33.07822265624999],[139.76894531250002,33.107177734375],[139.77744140625003,33.125146484374994],[139.80888671875005,33.129248046874984],[139.87363281249998,33.093505859375],[139.84111328125005,33.056054687499994]]]]}},{"type":"Feature","properties":{"ADMIN":"Italy","ADM0_A3":"ITA"},"geometry":{"type":"MultiPolygon","coordinates":[[[[7.02109375,45.92578125],[7.055761718750006,45.90380859374998],[7.129003906250003,45.880419921874974],[7.327929687500017,45.912353515625014],[7.451562500000023,45.94443359375],[7.538574218749997,45.97817382812499],[7.592578125000018,45.97221679687499],[7.787890625000019,45.92182617187501],[7.852343750000014,45.94746093749998],[7.993164062500001,46.015917968749974],[8.014257812500007,46.05190429687498],[8.125195312500008,46.16093749999999],[8.127246093750019,46.187597656250006],[8.081542968749998,46.256005859375],[8.095703125,46.271044921874996],[8.231933593749998,46.341210937499994],[8.298535156250011,46.40341796875],[8.370703125,46.4451171875],[8.422558593750011,46.44604492187498],[8.436816406250017,46.431884765625],[8.44296875,46.402783203125004],[8.438476562499998,46.28286132812498],[8.458398437500021,46.24589843749998],[8.5654296875,46.15981445312499],[8.641699218750006,46.11079101562501],[8.81855468750001,46.07714843750003],[8.826757812500006,46.061035156250036],[8.77802734375001,45.99619140624999],[8.885156250000021,45.918701171875],[8.904296875,45.86196289062501],[8.953710937500004,45.83002929687499],[9.023730468750017,45.845703125],[9.046679687500017,45.87558593750001],[9.019140625,45.928125],[8.998925781250023,45.98310546875],[9.003027343750004,46.01489257812499],[9.022363281250021,46.05146484374999],[9.07099609375001,46.10244140624999],[9.203417968750019,46.21923828125],[9.251074218750007,46.28676757812497],[9.259765625,46.391259765624994],[9.260156250000025,46.4751953125],[9.304394531250008,46.495556640625],[9.39931640625002,46.48066406249999],[9.42763671875002,46.48232421874998],[9.440625,46.43081054687501],[9.4810546875,46.348779296874994],[9.528710937500025,46.30620117187502],[9.579589843749998,46.29609375],[9.639453125000017,46.29589843749997],[9.787792968750006,46.34604492187499],[9.88447265625001,46.36777343750001],[9.939257812500019,46.361816406250014],[9.971679687499998,46.32768554687499],[10.041015625,46.23808593749998],[10.080566406249998,46.22797851562499],[10.128320312500023,46.238232421875],[10.14521484375001,46.253515625],[10.1298828125,46.287988281249966],[10.109667968750019,46.36284179687502],[10.081933593750023,46.42075195312499],[10.045605468750011,46.447900390624994],[10.03828125,46.48320312499999],[10.061230468750008,46.54677734374997],[10.087011718750007,46.59990234375],[10.1375,46.61435546875],[10.195507812500011,46.62109374999998],[10.272265625000017,46.56484374999999],[10.363085937500014,46.54707031249999],[10.430664062499998,46.55004882812499],[10.442480468750007,46.582861328125],[10.438281250000015,46.61884765625],[10.39794921875,46.66503906249999],[10.406054687500019,46.734863281249986],[10.452832031250011,46.86494140625],[10.479394531250023,46.855126953124994],[10.57978515625001,46.85371093750001],[10.689257812500017,46.84638671875],[10.759765625,46.793310546875],[10.828906250000017,46.77524414062499],[10.92734375,46.76948242187499],[10.993261718750002,46.777001953125],[11.025097656250006,46.796972656249984],[11.063476562499998,46.85913085937499],[11.133886718750004,46.93618164062498],[11.244433593750019,46.975683593750006],[11.433203125,46.98305664062502],[11.527539062500011,46.99741210937501],[11.625488281249998,46.99658203125001],[11.69941406250001,46.98466796874998],[11.775683593750012,46.986083984374986],[11.969531250000019,47.039697265624994],[12.169433593749998,47.08212890625],[12.197167968750021,47.075],[12.201269531250006,47.060888671875006],[12.165527343750002,47.02817382812499],[12.13076171875002,46.98476562499998],[12.154101562500022,46.93525390625001],[12.267968750000023,46.835888671875004],[12.330078125,46.759814453125],[12.38828125,46.702636718749986],[12.479199218750011,46.672509765624994],[12.598632812499996,46.65410156249999],[12.6998046875,46.647460937499986],[12.805566406250025,46.62587890625],[13.16875,46.57265625],[13.3515625,46.55791015624999],[13.490039062500014,46.55556640625],[13.7,46.520263671875014],[13.6796875,46.462890625000014],[13.637109375000025,46.44853515625],[13.563281250000015,46.41508789062497],[13.478515625,46.369189453124996],[13.399511718750007,46.317529296874994],[13.378222656250017,46.26162109375001],[13.39960937500001,46.22495117187497],[13.420996093750006,46.21230468749998],[13.449804687499999,46.22353515624997],[13.491796875,46.21660156249999],[13.544726562500019,46.19658203125],[13.632519531250011,46.17705078125001],[13.63496093750001,46.15776367187499],[13.616601562500021,46.133105468749996],[13.548046875000011,46.08911132812501],[13.486425781250004,46.03955078124999],[13.480273437500017,46.00922851562499],[13.487695312500023,45.98710937499999],[13.509179687500021,45.973779296875],[13.600585937499996,45.97978515624999],[13.613964843750013,45.96166992187499],[13.569628906250015,45.834130859374994],[13.583398437500023,45.812353515625],[13.663476562500021,45.79199218749999],[13.721679687499996,45.761279296874974],[13.831152343750004,45.68041992187499],[13.87470703125001,45.61484375],[13.844726562500002,45.59287109374998],[13.775976562500004,45.58198242187499],[13.71982421875,45.58759765624998],[13.783300781250006,45.62724609375],[13.628320312500021,45.770947265625004],[13.558203125,45.770703125],[13.465136718750019,45.70996093749999],[13.206347656250019,45.77138671875],[13.156738281249995,45.74658203125001],[13.120117187499998,45.697900390625],[13.0302734375,45.6375],[12.903027343750011,45.61079101562499],[12.761230468749996,45.544287109375],[12.611718750000021,45.497216796875],[12.49755859375,45.46166992187501],[12.43212890625,45.467919921875],[12.536132812499996,45.544921875],[12.491796875,45.54628906249997],[12.353808593750015,45.49199218749999],[12.274316406250021,45.44604492187499],[12.248828125000017,45.368847656249976],[12.225683593750004,45.241503906249996],[12.286328125000011,45.20771484375],[12.392480468750021,45.03979492187501],[12.5234375,44.967968749999976],[12.497949218750021,44.89941406250001],[12.463574218750008,44.84521484375],[12.38447265625001,44.79833984375],[12.319042968750013,44.833105468749984],[12.27890625,44.83222656250002],[12.248339843750015,44.722509765625],[12.304980468750017,44.429443359375],[12.396289062500019,44.22387695312499],[12.486816406250002,44.13422851562501],[12.69111328125001,43.9947265625],[12.90703125000002,43.92119140625002],[13.295312500000021,43.68608398437501],[13.508203125000025,43.611669921875006],[13.564160156250013,43.5712890625],[13.693261718750023,43.389892578124986],[13.8046875,43.18037109375],[13.924902343750006,42.851562499999986],[14.010449218750011,42.68955078124999],[14.182714843750004,42.5064453125],[14.54072265625001,42.24428710937497],[14.866113281250023,42.052539062499996],[15.16875,41.93403320312499],[15.404980468750006,41.91323242187497],[15.9640625,41.939453125],[16.061523437499996,41.928125],[16.164648437500006,41.89619140625],[16.18916015625001,41.81401367187501],[16.151269531250023,41.758496093750004],[16.033691406249996,41.700781249999984],[15.913769531250006,41.620849609374986],[15.90048828125001,41.51206054687502],[16.012597656250023,41.435400390625],[16.551855468750006,41.23203125],[17.10341796875002,41.06215820312499],[17.275195312500017,40.975439453125006],[17.47421875,40.84057617187501],[17.95498046875002,40.655175781249994],[18.036132812499996,40.564941406249986],[18.328222656250006,40.370849609375],[18.460644531250015,40.221044921875],[18.48583984375,40.10483398437499],[18.422558593750008,39.986865234375],[18.393457031250023,39.90361328125001],[18.34375,39.82138671874999],[18.21933593750001,39.85253906250001],[18.077929687500014,39.93696289062499],[17.865039062500014,40.28017578124998],[17.476171875,40.314941406250014],[17.395800781250014,40.34023437499999],[17.257714843750026,40.399072265624994],[17.249414062500023,40.43789062499999],[17.21533203125,40.48642578124999],[17.179980468750017,40.50278320312498],[17.03125,40.513476562499996],[16.928222656249993,40.45805664062498],[16.807031250000023,40.326464843749996],[16.66962890625001,40.13720703124999],[16.529980468750015,39.85966796875],[16.521875,39.74755859375],[16.597753906250002,39.638916015625014],[16.824316406250006,39.578320312500004],[16.99921875000001,39.481591796875016],[17.114550781250014,39.380615234374986],[17.122949218750023,39.136572265625006],[17.174609375000017,38.99809570312502],[17.098535156250023,38.91933593750001],[16.95146484375002,38.939794921875],[16.75546875,38.88969726562499],[16.61669921875,38.80014648437501],[16.55898437500002,38.714794921875],[16.57421875,38.49355468749999],[16.545605468750008,38.40908203124998],[16.28242187500001,38.24956054687502],[16.144140625,38.08637695312499],[16.109765625000023,38.01865234374999],[16.05683593750001,37.941845703125],[15.724511718750017,37.93911132812499],[15.645800781250017,38.03422851562499],[15.643066406249996,38.175390625],[15.700195312499998,38.26230468749997],[15.822363281250007,38.30297851562499],[15.904785156249998,38.483496093749984],[15.87890625,38.613916015625],[15.926953125,38.67172851562499],[15.972363281250008,38.71259765625],[16.065527343750002,38.73642578125001],[16.196777343749996,38.75922851562498],[16.209960937499996,38.94111328124996],[16.107421875,39.02382812499999],[16.07148437500001,39.139453125],[16.023632812500004,39.353613281249984],[15.85439453125002,39.62651367187499],[15.763671875,39.870068359375],[15.692773437500026,39.990185546875004],[15.585156250000011,40.052832031249984],[15.390917968750014,40.0521484375],[15.29453125,40.07001953124999],[14.950878906250013,40.23901367187499],[14.92695312500001,40.26474609375001],[14.929101562500021,40.3095703125],[14.986132812500019,40.37749023437499],[14.947656250000025,40.46933593749999],[14.906933593750008,40.5560546875],[14.83955078125001,40.62998046874999],[14.765722656250004,40.668408203125004],[14.61123046875002,40.644775390625],[14.556933593750017,40.62641601562499],[14.459375,40.63271484374998],[14.382714843750023,40.599853515625],[14.339941406250002,40.598828125],[14.460546875,40.7287109375],[14.428125,40.75932617187498],[14.308886718750017,40.81264648437498],[14.147167968750006,40.820703125],[14.102343750000014,40.82714843749999],[14.075878906250011,40.79394531249999],[14.044335937500023,40.812255859374986],[14.047656250000014,40.8703125],[13.859765625000028,41.12998046875003],[13.733398437499995,41.235644531249974],[13.669726562500017,41.2544921875],[13.554785156250007,41.23217773437501],[13.361914062500006,41.278515625],[13.246875,41.288867187499996],[13.183398437500017,41.277685546875006],[13.088671875000017,41.24384765625],[13.041015625,41.26621093749999],[13.024218750000015,41.30092773437498],[12.84921875,41.40874023437501],[12.630859375,41.469677734375004],[12.205664062500006,41.81264648437498],[12.075292968750007,41.940869140625004],[11.807031250000025,42.08203125],[11.637304687500007,42.287548828125004],[11.498437500000021,42.36293945312499],[11.296289062500025,42.42329101562501],[11.249707031250011,42.41572265624999],[11.188867187500023,42.393115234374996],[11.141210937500006,42.38989257812499],[11.103222656250011,42.416601562499984],[11.141796875,42.44409179687501],[11.184765625000011,42.456591796874996],[11.167773437500019,42.53515625],[10.937792968750015,42.73872070312502],[10.803125,42.804296875],[10.76513671875,42.844677734375004],[10.737109375000017,42.899951171875],[10.708398437500025,42.93632812500002],[10.644628906250006,42.957177734375],[10.590234375000023,42.95361328125001],[10.514843750000011,42.967529296875],[10.517285156250008,43.06513671875],[10.532324218750006,43.14013671874999],[10.520800781250019,43.20380859374999],[10.447558593750015,43.37119140625001],[10.320507812500011,43.513085937499994],[10.245800781250013,43.85209960937499],[10.188085937500007,43.94750976562501],[10.047656250000017,44.01997070312501],[9.73085937500002,44.101171874999984],[9.289355468750017,44.319238281249994],[9.195996093750011,44.322998046875],[8.93037109375001,44.407763671874974],[8.76582031250001,44.42231445312499],[8.55195312500001,44.346142578125],[8.292382812500023,44.13652343750001],[8.081640625,43.91894531249999],[8.004980468750007,43.8767578125],[7.733300781250023,43.802587890625],[7.4931640625,43.76713867187499],[7.490527343750015,43.82294921875],[7.48203125,43.86489257812499],[7.522656250000011,43.911083984375004],[7.589648437500018,43.9654296875],[7.651464843750004,44.033642578125],[7.677148437500024,44.083154296874994],[7.665039062500001,44.11601562500001],[7.637207031249999,44.16484375],[7.599414062500017,44.168359375],[7.370898437500015,44.127392578125004],[7.318554687500011,44.13798828124999],[7.1494140625,44.20170898437498],[6.96728515625,44.280029296874986],[6.900195312500016,44.33574218749999],[6.87480468750002,44.392041015625],[6.893847656250014,44.42817382812498],[6.878613281250011,44.46328124999999],[6.84296875000001,44.51069335937498],[6.87519531250001,44.564550781249984],[6.931933593750015,44.631640625],[6.960351562500021,44.67714843749998],[7.007910156250006,44.68896484375001],[7.030664062500024,44.71669921875],[6.992675781250003,44.82729492187498],[6.972851562500011,44.84501953124998],[6.939843750000023,44.85874023437501],[6.889355468750012,44.86030273437498],[6.801074218750016,44.88315429687502],[6.738183593750025,44.92138671875002],[6.724707031250003,44.97299804687499],[6.69140625,45.022607421874994],[6.634765625,45.0681640625],[6.627734375000018,45.11796874999999],[6.692285156250022,45.144287109375],[6.780371093750004,45.1453125],[6.842285156249998,45.135644531249994],[6.98125,45.21557617187499],[7.03242187500001,45.22260742187499],[7.078320312500013,45.23994140625001],[7.116796875,45.3490234375],[7.146386718750021,45.38173828124999],[7.153417968750004,45.40092773437501],[7.126074218750006,45.423681640625],[7.013671875,45.50048828124998],[6.96240234375,45.58056640625001],[6.881445312500006,45.67036132812498],[6.80625,45.71000976562503],[6.790917968750023,45.74086914062499],[6.789160156250005,45.780078125],[6.804492187500016,45.81455078124999],[6.940820312500022,45.868359375],[7.02109375,45.92578125]],[[12.439160156250011,41.898388671875],[12.438378906250023,41.90620117187498],[12.430566406250023,41.905468749999976],[12.427539062500015,41.900732421875006],[12.430566406250021,41.897558593750006],[12.439160156250011,41.898388671875]],[[12.485253906250017,43.90141601562501],[12.514648437500004,43.952978515625006],[12.503710937500015,43.98974609374999],[12.441113281250008,43.982421875],[12.396875,43.93457031249999],[12.426367187500007,43.89409179687501],[12.485253906250017,43.90141601562501]]],[[[10.395117187500006,42.858154296875014],[10.428320312500006,42.819189453125006],[10.432226562500006,42.79658203124998],[10.409960937500019,42.770996093750014],[10.419335937500021,42.71318359374999],[10.335644531250011,42.761132812499994],[10.208984375,42.7369140625],[10.13125,42.74204101562501],[10.109765625000021,42.78505859375001],[10.127539062500007,42.810302734374986],[10.248242187500013,42.815771484375],[10.285742187500006,42.828076171875004],[10.358984375,42.822314453124996],[10.395117187500006,42.858154296875014]]],[[[13.938281250000017,40.705615234374996],[13.89365234375001,40.69697265624999],[13.867675781250002,40.708740234374986],[13.853515625,40.72407226562499],[13.871191406250002,40.761816406249984],[13.962109375000011,40.739404296874994],[13.960839843750025,40.7181640625],[13.938281250000017,40.705615234374996]]],[[[12.051269531250002,36.75703125],[12.003320312500017,36.745996093749994],[11.940625,36.78037109375],[11.936425781250023,36.828613281249986],[11.948046875000017,36.84306640625],[12.024218750000015,36.82094726562499],[12.048046875000013,36.77636718749999],[12.051269531250002,36.75703125]]],[[[15.576562500000023,38.22031250000001],[15.508886718750002,38.106640625],[15.475683593750002,38.06293945312502],[15.234472656250007,37.784814453125],[15.206835937500017,37.720556640625],[15.189843750000021,37.65073242187498],[15.164843750000017,37.58955078124999],[15.131054687500011,37.53188476562498],[15.09951171875002,37.458593749999984],[15.105664062500011,37.375488281249986],[15.116992187500017,37.334716796875014],[15.145996093749998,37.308007812499994],[15.193652343750015,37.282861328124994],[15.230273437500017,37.2443359375],[15.174121093750015,37.2091796875],[15.236035156250008,37.13872070312499],[15.288671875,37.09692382812501],[15.295703125000015,37.05517578125],[15.29453125,37.01328124999998],[15.18515625,36.934814453124986],[15.142382812500015,36.8916015625],[15.11582031250001,36.83925781249999],[15.104296875000014,36.785253906250006],[15.116308593750002,36.736474609374994],[15.112597656250015,36.68784179687499],[15.002441406250002,36.693896484374996],[14.8896484375,36.72353515624999],[14.775976562500002,36.710400390625004],[14.614355468750007,36.766601562499986],[14.555468750000017,36.77675781249999],[14.501855468750023,36.798681640625006],[14.367285156250002,36.972851562500026],[14.259082031250017,37.04643554687499],[14.142968750000023,37.103662109374994],[14.024316406250016,37.10712890624998],[13.90546875000001,37.10063476562498],[13.800585937500014,37.13588867187498],[13.587109375000011,37.254150390624986],[13.3609375,37.348730468749984],[13.264941406250015,37.410351562500004],[13.221093750000023,37.451806640624994],[13.169921875,37.479296875],[13.040332031250015,37.50654296875],[12.924121093750014,37.570507812500004],[12.871191406250004,37.57519531250001],[12.75732421875,37.56738281250001],[12.69902343750002,37.57182617187499],[12.640234375,37.594335937500006],[12.526757812500023,37.66953125],[12.454394531250014,37.77377929687499],[12.435546875,37.819775390625],[12.486816406249998,37.93872070312499],[12.547656250000015,38.05292968749999],[12.601660156250007,38.0849609375],[12.664355468750017,38.10791015624998],[12.70234375000001,38.141699218749984],[12.734375,38.183056640625004],[12.85068359375,38.06372070312499],[12.902734375000023,38.03486328124999],[12.955468750000025,38.041308593749996],[13.04902343750001,38.08408203125],[13.056835937500008,38.130908203125],[13.159960937500015,38.190332031249994],[13.291113281250004,38.191455078125],[13.351660156250006,38.18051757812499],[13.383496093750013,38.126806640625006],[13.433496093750025,38.11025390625001],[13.491308593750004,38.103125],[13.681542968750025,38.00073242187499],[13.734863281249998,37.984033203125],[13.788867187500019,37.98120117187501],[13.936621093750004,38.02416992187499],[14.05,38.040527343750014],[14.287695312500007,38.016845703125],[14.41621093750001,38.042578125],[14.505957031250002,38.045507812500006],[14.63671875,38.08505859374999],[14.737207031250021,38.15078125],[14.789648437500007,38.1669921875],[14.84589843750001,38.171679687499996],[14.981933593749996,38.167578124999984],[15.11875,38.15273437499999],[15.176074218750019,38.168066406250006],[15.224023437500021,38.21103515625],[15.27958984375002,38.23037109374999],[15.34072265625002,38.217333984374996],[15.498730468750013,38.29086914062499],[15.568359375,38.29589843749999],[15.634667968750025,38.26757812500002],[15.576562500000023,38.22031250000001]]],[[[9.632031250000011,40.88203124999998],[9.682031250000025,40.81811523437499],[9.794335937500021,40.556201171874996],[9.8052734375,40.499560546875],[9.7828125,40.44150390625],[9.754199218750017,40.40029296874998],[9.64296875000002,40.26840820312499],[9.659472656250017,40.159228515624996],[9.70078125,40.091796875],[9.70673828125001,40.017041015625],[9.68603515625,39.92436523437498],[9.616992187500017,39.35439453124998],[9.58359375,39.25356445312499],[9.5625,39.166015625],[9.486328125,39.139550781249994],[9.388085937500023,39.16752929687499],[9.264160156249998,39.216796875],[9.206933593750021,39.213818359375],[9.149316406250023,39.19697265625],[9.101757812500011,39.211279296874984],[9.056347656250011,39.23916015624996],[9.02265625000001,39.043261718749996],[8.966601562500015,38.963720703125],[8.881347656249998,38.912890625],[8.80117187500002,38.909667968750014],[8.718554687500017,38.92670898437498],[8.648535156250006,38.9265625],[8.59541015625001,38.96430664062499],[8.553320312500006,39.030322265624996],[8.486230468750023,39.11049804687499],[8.41816406250001,39.20571289062498],[8.410742187500007,39.29179687499999],[8.399121093750011,39.481591796875016],[8.418652343750013,39.52304687499998],[8.447070312500017,39.562792968749996],[8.461035156250004,39.64770507812499],[8.451171875,39.72167968749999],[8.471093750000023,39.748095703125],[8.5107421875,39.72167968749999],[8.540527343749998,39.73159179687498],[8.538671875,39.769677734375],[8.547753906250025,39.83920898437499],[8.495898437500017,39.897460937499986],[8.4078125,39.917236328125],[8.399316406250023,39.978173828124994],[8.408593750000023,40.03764648437501],[8.455078125,40.077587890625004],[8.470800781250006,40.130712890625006],[8.471289062500004,40.29267578124999],[8.4091796875,40.35234375],[8.385351562500006,40.44267578124999],[8.353222656250013,40.500537109374996],[8.295507812500007,40.558642578124996],[8.230273437500019,40.60595703125],[8.189941406250002,40.65161132812499],[8.18085937500001,40.771044921874996],[8.203808593750011,40.870703125],[8.22421875,40.913330078125],[8.245214843750006,40.90703125],[8.31015625,40.85751953125],[8.36328125,40.84633789062501],[8.46845703125001,40.83432617187498],[8.571875,40.8501953125],[8.698925781250011,40.89526367187498],[8.821191406250023,40.949902343750004],[8.998144531250007,41.11035156249999],[9.107226562500017,41.14291992187499],[9.1630859375,41.18515625],[9.18212890625,41.2421875],[9.228417968750023,41.25708007812501],[9.283007812500015,41.20166015625],[9.350781250000013,41.19589843750001],[9.455175781250007,41.15014648437499],[9.500195312500011,41.106347656249994],[9.538769531250013,41.05366210937499],[9.57568359375,41.03051757812501],[9.615332031250002,41.01728515625001],[9.621191406250006,41.00488281250002],[9.589746093750025,40.992480468749974],[9.5537109375,40.93212890625],[9.574023437500012,40.91474609374999],[9.632031250000011,40.88203124999998]]],[[[8.478906250000023,39.067529296874994],[8.421484375,38.96865234375],[8.3609375,39.03867187500001],[8.35859375000001,39.09877929687499],[8.366796875,39.11591796875001],[8.440625,39.090625],[8.478906250000023,39.067529296874994]]],[[[8.286035156250023,41.03984375],[8.252734375000017,40.994140625000014],[8.205664062500006,40.997460937499994],[8.224023437500021,41.031298828124996],[8.267382812500017,41.09912109374999],[8.320214843750023,41.121875],[8.34375,41.101611328124996],[8.318945312500004,41.062744140624986],[8.286035156250023,41.03984375]]]]}},{"type":"Feature","properties":{"ADMIN":"Germany","ADM0_A3":"DEU"},"geometry":{"type":"MultiPolygon","coordinates":[[[[9.524023437500002,47.52421874999999],[9.35,47.59892578124999],[9.182812500000011,47.670703125],[9.127539062500006,47.670703125],[8.881152343750019,47.656396484375],[8.874023437499998,47.6626953125],[8.831152343750002,47.703613281249986],[8.793066406250004,47.71655273437501],[8.770117187500002,47.709912109375],[8.754785156250023,47.698046874999974],[8.728320312500015,47.70004882812499],[8.617871093750008,47.76611328125],[8.572656250000023,47.775634765625014],[8.509863281250004,47.76689453124999],[8.43574218750001,47.73134765624998],[8.403417968750006,47.687792968749996],[8.41328125000001,47.6626953125],[8.451757812500007,47.65180664062499],[8.55234375,47.65913085937499],[8.567089843750011,47.651904296875],[8.570507812500011,47.637792968750006],[8.559472656250021,47.6240234375],[8.477636718750007,47.6126953125],[8.454003906250021,47.59619140625],[8.43007812500002,47.59213867187499],[8.41474609375001,47.589599609375014],[8.327832031250011,47.60693359375002],[8.1982421875,47.60693359375002],[8.09375,47.576171875000014],[7.927050781250014,47.56386718749999],[7.698046875000019,47.56987304687499],[7.615625,47.592724609375],[7.565429687500001,47.606542968749984],[7.529394531250006,47.67387695312497],[7.538574218749999,47.77363281249998],[7.593261718749997,47.90566406249999],[7.608496093750007,48.002587890624994],[7.584179687500009,48.064306640625],[7.616601562500023,48.156787109374996],[7.705664062500004,48.28002929687499],[7.765136718749999,48.410009765624984],[7.794824218750022,48.54682617187498],[7.837988281250005,48.63603515625],[7.922753906250022,48.698535156250024],[8.1240234375,48.873291015625],[8.140332031250013,48.88642578125001],[8.134863281250006,48.97358398437502],[8.080664062500006,48.98588867187498],[8.001269531250017,49.0109375],[7.799218750000023,49.04189453124996],[7.6109375,49.06176757812501],[7.525488281250005,49.086376953125],[7.45058593750002,49.152197265625],[7.404199218750024,49.15307617187499],[7.313378906250022,49.12954101562501],[7.19990234375001,49.113623046875],[7.117382812500011,49.12753906249999],[7.065722656250014,49.124853515625],[7.03671875,49.11269531249999],[7.02216796875001,49.12343749999998],[7.001464843749998,49.1798828125],[6.958300781250017,49.19462890624998],[6.891210937500005,49.207519531250014],[6.849511718750023,49.20195312499999],[6.820703125000024,49.17392578125001],[6.776269531250022,49.154150390624984],[6.735449218750006,49.160595703125004],[6.607617187500011,49.29086914062501],[6.574707031249999,49.31967773437499],[6.56630859375002,49.34619140624998],[6.534277343750006,49.39467773437498],[6.458105468750006,49.44287109375001],[6.382226562500022,49.45815429687498],[6.344335937500006,49.452734375],[6.348437500000018,49.51269531250001],[6.378320312500024,49.599609375],[6.40673828125,49.644970703125004],[6.444628906250014,49.68203124999999],[6.484765625000021,49.70781250000001],[6.49375,49.75439453125003],[6.487304687500001,49.798486328125],[6.440917968750001,49.80532226562503],[6.324609375000022,49.837890625],[6.25605468750001,49.87216796874998],[6.204882812500016,49.915136718749984],[6.138183593750001,49.97431640624998],[6.109765625000025,50.034375],[6.10830078125002,50.09423828124999],[6.116503906250014,50.12099609375],[6.121289062500009,50.13935546874998],[6.175097656250016,50.23266601562497],[6.36445312500001,50.31616210937499],[6.34365234375002,50.40024414062498],[6.340917968750003,50.451757812499984],[6.294921875,50.485498046874994],[6.203027343750025,50.49912109375],[6.178710937500001,50.522509765624974],[6.168457031250001,50.545361328124976],[6.2359375,50.59667968750001],[6.154492187500013,50.63725585937499],[6.119433593750017,50.67924804687499],[6.005957031250006,50.73222656250001],[5.993945312500019,50.750439453124976],[6.0484375,50.904882812500006],[6.006835937499997,50.949951171874986],[5.955078125,50.97294921875],[5.89472656250001,50.984228515625],[5.8671875,51.005664062499996],[5.857519531250003,51.03012695312499],[5.86835937500001,51.04531249999997],[5.939257812500016,51.040820312499996],[5.961035156250003,51.056689453124974],[6.129980468750004,51.147412109375],[6.136914062500012,51.16484375000002],[6.113378906250005,51.174707031249994],[6.082421875000022,51.17998046875],[6.074804687500005,51.19902343749998],[6.075878906250009,51.22412109374999],[6.166210937500012,51.35483398437499],[6.19287109375,51.410595703124976],[6.198828125,51.45],[6.193261718750022,51.488916015625],[6.141601562499999,51.55009765624998],[6.091113281250016,51.59892578124998],[6.08935546875,51.63779296875],[6.052734375,51.65825195312499],[5.948535156250014,51.76240234374999],[5.948730468750001,51.802685546875004],[6.007617187500019,51.833984375],[6.08984375,51.85395507812497],[6.1171875,51.87041015625001],[6.166503906249998,51.88076171875002],[6.297070312500011,51.850732421875016],[6.355664062500013,51.82465820312498],[6.372167968750007,51.830029296875004],[6.425,51.858398437499986],[6.517578125,51.85395507812497],[6.741796875,51.91088867187499],[6.775195312500015,51.93828125],[6.800390625,51.967382812499984],[6.802441406250011,51.98017578125],[6.715625,52.036181640625],[6.712988281250007,52.056884765624986],[6.724511718750021,52.080224609375],[6.749023437500001,52.098681640624996],[6.800390625,52.11123046875001],[6.855078125,52.13579101562499],[6.977246093750011,52.205517578125],[7.019628906250006,52.266015625],[7.032617187500025,52.331494140625],[7.03515625,52.38022460937501],[7.001855468750021,52.41899414062498],[6.968164062500019,52.444091796874964],[6.922070312500011,52.440283203125006],[6.832519531249999,52.442285156250016],[6.748828125000016,52.464013671875],[6.702929687500017,52.49921874999998],[6.691601562500011,52.53017578125001],[6.712402343749998,52.549658203125006],[6.71875,52.57358398437498],[6.705371093750016,52.59765624999997],[6.710742187500016,52.61787109375001],[6.748437500000024,52.63408203124998],[7.01318359375,52.63354492187501],[7.033007812500015,52.65136718749998],[7.050878906250006,52.744775390625016],[7.117089843750024,52.88701171874999],[7.179492187500015,52.96621093749999],[7.189941406249997,52.99951171874999],[7.188964843750001,53.18720703124999],[7.197265625,53.28227539062498],[7.15205078125001,53.32695312500001],[7.053320312500006,53.37583007812498],[7.074316406250005,53.47763671874999],[7.10712890625001,53.556982421875006],[7.206445312500024,53.654541015625014],[7.285253906250007,53.681347656250004],[7.629199218750016,53.697265625000014],[8.009277343749998,53.690722656249996],[8.167089843750004,53.543408203124976],[8.108496093750007,53.46767578125],[8.20078125,53.432421875],[8.245214843750006,53.4453125],[8.27900390625001,53.51118164062499],[8.301562500000017,53.58413085937498],[8.333886718750023,53.60620117187497],[8.451367187500008,53.551708984374976],[8.492675781249996,53.51435546874998],[8.495214843750006,53.39423828124997],[8.538476562500023,53.556884765624986],[8.50625,53.670751953125006],[8.528417968750006,53.781103515625006],[8.575585937500023,53.83847656250001],[8.618945312500017,53.875],[8.897753906250015,53.83569335937499],[9.205566406249995,53.85595703124998],[9.321972656250011,53.813476562499986],[9.58535156250002,53.60048828124997],[9.673144531250015,53.565625],[9.783984375000015,53.55463867187498],[9.63125,53.600195312499984],[9.312011718749996,53.859130859375],[9.21640625,53.89121093750001],[9.069628906250015,53.90092773437498],[8.978125,53.926220703124976],[8.920410156249998,53.96533203125],[8.903515625000011,54.00029296875001],[8.90664062500002,54.260791015624996],[8.8515625,54.299560546875],[8.780371093750004,54.313037109374996],[8.73603515625001,54.29521484375001],[8.644921875000021,54.29497070312499],[8.625781250000019,54.353955078125026],[8.648046875,54.39765625],[8.831152343750006,54.4275390625],[8.951855468750011,54.46757812499999],[8.95722656250001,54.538330078125014],[8.880957031250004,54.593945312499976],[8.789648437500006,54.69594726562499],[8.68232421875001,54.79184570312499],[8.670312500000023,54.90341796875002],[8.670703125000015,54.903320312499986],[8.857226562500017,54.90112304687501],[8.902929687500007,54.896923828125004],[9.18583984375001,54.84467773437499],[9.254980468750004,54.80800781249999],[9.341992187500011,54.806298828124994],[9.498730468750011,54.840429687499984],[9.615820312500004,54.855419921875004],[9.661230468750006,54.834375],[9.725,54.825537109375],[9.739746093749998,54.825537109375],[9.745898437500019,54.80717773437499],[9.892285156250015,54.78061523437499],[9.953808593750008,54.73828125],[10.022167968750008,54.67392578124999],[10.028808593749995,54.58129882812501],[9.94130859375002,54.51464843749996],[9.86865234375,54.472460937499974],[10.143457031250021,54.48842773437501],[10.170800781250023,54.450195312500014],[10.21240234375,54.40893554687501],[10.360449218750002,54.43833007812503],[10.731542968750007,54.316259765625],[10.955957031250023,54.37568359375003],[11.013378906250013,54.379150390625],[11.064355468750021,54.280517578125],[11.008593750000019,54.181152343750036],[10.810742187500008,54.07514648437501],[10.854589843750004,54.00981445312496],[10.917773437500014,53.9953125],[11.104296875000017,54.00917968749997],[11.39960937500001,53.94462890624999],[11.461132812500011,53.96474609375001],[11.70058593750002,54.11352539062499],[11.796289062500023,54.145458984375],[12.111328125,54.16831054687503],[12.168652343750013,54.22587890624998],[12.296289062500023,54.2837890625],[12.378515625,54.347021484375006],[12.575390625,54.4673828125],[12.779101562500015,54.445703125],[12.898046875,54.42265625],[13.02861328125002,54.411035156250016],[13.147460937499998,54.282714843749986],[13.448046875000015,54.140869140625],[13.72421875,54.15322265625],[13.822265625,54.01904296875001],[13.865527343750019,53.853369140624984],[13.95039062500001,53.801367187500006],[14.025,53.76743164062501],[14.25,53.731884765625],[14.258886718750007,53.729638671874994],[14.266113281250002,53.70712890624999],[14.279882812500006,53.62475585937502],[14.298730468750021,53.5564453125],[14.414550781249991,53.28349609374999],[14.412304687500011,53.21674804687501],[14.410937500000012,53.199023437499974],[14.368554687500017,53.10556640624999],[14.293164062500008,53.02675781250001],[14.19365234375002,52.98232421875001],[14.138867187500011,52.93286132812498],[14.128613281250008,52.87822265624999],[14.25371093750002,52.78251953125],[14.514062500000025,52.64560546875001],[14.61943359375001,52.528515625],[14.569726562500021,52.43110351562498],[14.554589843750025,52.35966796875],[14.573925781250013,52.31416015625],[14.615625,52.27763671874998],[14.679882812500008,52.25],[14.705371093750014,52.207470703124955],[14.692382812499995,52.150048828124994],[14.704589843749996,52.11020507812499],[14.752539062500006,52.081835937499996],[14.748144531250006,52.07080078125],[14.724804687500006,52.03085937500001],[14.69296875,51.958007812500014],[14.67490234375,51.904833984375],[14.60166015625,51.83237304687497],[14.62392578125002,51.770800781249974],[14.68134765625001,51.698193359375],[14.724902343750019,51.66171875000002],[14.738671875000021,51.62714843749999],[14.7109375,51.544921875],[14.724707031250002,51.523876953125],[14.905957031250013,51.463330078125004],[14.935546875,51.435351562499996],[14.953125,51.3771484375],[15.0166015625,51.252734375],[14.963867187499995,51.09511718749999],[14.917480468749998,51.00874023437499],[14.81425781250001,50.87163085937498],[14.809375,50.858984375],[14.797460937500006,50.84233398437498],[14.766503906250021,50.818310546875004],[14.723339843750011,50.81469726562501],[14.658203125,50.8326171875],[14.613574218750015,50.85556640625001],[14.623828125000014,50.914746093749976],[14.595214843749996,50.918603515624994],[14.559667968749999,50.95493164062499],[14.545703125000012,50.99394531249997],[14.50732421875,51.009863281250006],[14.367285156250006,51.02626953124998],[14.31972656250002,51.03779296875001],[14.283203125,51.02949218749999],[14.255859375,51.001855468749966],[14.273339843750021,50.976904296874984],[14.299414062500006,50.952587890625],[14.37705078125,50.9140625],[14.369042968750021,50.89873046874999],[14.20175781250001,50.86123046875004],[14.096484375000015,50.822753906250014],[13.998437500000017,50.80112304687498],[13.898535156250002,50.761279296874996],[13.701367187500008,50.716503906250004],[13.556738281250006,50.70463867187503],[13.52656250000001,50.692822265624976],[13.472558593750021,50.61694335937498],[13.436132812500004,50.60107421875001],[13.401171875000017,50.60932617187503],[13.374609375,50.62172851562496],[13.341015625000011,50.611425781250006],[13.306054687500021,50.586328125],[13.26953125,50.57641601562499],[13.237695312500025,50.5767578125],[13.181152343749996,50.510498046874986],[13.016406250000019,50.49038085937501],[12.9970703125,50.456054687500014],[12.966796875,50.416210937500004],[12.942675781250017,50.40644531249999],[12.868261718750002,50.422216796875006],[12.765429687500015,50.43095703125001],[12.706445312500023,50.409130859375],[12.635546875000014,50.39707031250002],[12.549023437500013,50.39340820312501],[12.452636718749998,50.34980468750001],[12.35859375,50.27324218749998],[12.3056640625,50.205712890624994],[12.27734375,50.18144531250003],[12.231152343750013,50.244873046874986],[12.1748046875,50.28837890625],[12.134863281250007,50.31093749999999],[12.09921875,50.310986328124976],[12.08984375,50.30175781250002],[12.089746093750026,50.26855468749999],[12.127832031250021,50.213427734374974],[12.175,50.175830078125024],[12.182519531250021,50.14804687500001],[12.207812500000015,50.09750976562501],[12.276464843750004,50.042333984375],[12.384179687500025,49.99858398437499],[12.457617187500006,49.95551757812501],[12.512011718750017,49.895800781250024],[12.5125,49.87744140624999],[12.497558593750004,49.853076171875],[12.471875,49.830078124999986],[12.450195312499993,49.800146484375],[12.390527343750025,49.7396484375],[12.408203125,49.71318359374998],[12.45703125,49.67978515625],[12.500292968750014,49.63969726562499],[12.555761718750004,49.574853515624994],[12.63203125000001,49.46123046875],[12.68115234375,49.41450195312501],[12.747851562500008,49.366210937499986],[12.813378906250028,49.32934570312501],[12.916699218750011,49.33046874999999],[13.023730468750015,49.260107421874984],[13.140527343750026,49.15834960937502],[13.227832031250015,49.111669921875006],[13.288769531250006,49.09746093749997],[13.339062500000011,49.06079101562499],[13.383691406250021,49.008105468749974],[13.401171875000015,48.977587890625],[13.440722656250019,48.955566406250014],[13.547656250000015,48.95966796875],[13.684960937500021,48.87670898437499],[13.769921875000025,48.815966796875],[13.814746093750017,48.766943359375006],[13.80292968750001,48.747509765625],[13.7974609375,48.68642578124999],[13.798828125,48.62167968749998],[13.785351562500013,48.58745117187502],[13.723925781250014,48.54238281249999],[13.692187500000017,48.532763671875],[13.675195312500023,48.523046875],[13.486621093750015,48.58183593750002],[13.471679687499998,48.57182617187498],[13.459863281250023,48.564550781250006],[13.409375,48.394140625],[13.374609375,48.36137695312502],[13.322851562500007,48.33125],[13.215234375000021,48.301904296874994],[13.140429687500017,48.289941406249966],[13.082128906250004,48.275097656250004],[12.8974609375,48.20371093750001],[12.814257812500012,48.16083984375],[12.760351562500004,48.10698242187499],[12.760058593750017,48.0759765625],[12.849902343750019,47.984814453125004],[12.953515625000023,47.890625],[12.954199218750006,47.807763671875],[12.908300781250002,47.74580078125],[12.897656250000011,47.721875],[12.928125,47.71284179687499],[12.985546875000011,47.709423828125],[13.033593750000021,47.69873046875001],[13.054101562500021,47.65512695312501],[13.047949218750002,47.57915039062499],[13.031542968750017,47.50800781249999],[13.01435546875001,47.478076171874974],[12.968066406250017,47.47568359375],[12.87890625,47.506445312500006],[12.809375,47.54218749999998],[12.7828125,47.56416015625],[12.781152343750023,47.59042968749999],[12.796191406250015,47.60703125],[12.771386718750023,47.639404296875014],[12.685839843750012,47.669335937499994],[12.594238281249996,47.65629882812499],[12.52656250000001,47.63613281249999],[12.482910156249996,47.637304687500006],[12.435742187500011,47.666113281250006],[12.36318359375002,47.68818359374998],[12.268359375000014,47.70273437499997],[12.209277343750017,47.718261718749964],[12.196875,47.70908203125],[12.20380859375001,47.646728515624964],[12.185644531250007,47.619531250000016],[11.716796875,47.58349609375003],[11.57392578125001,47.549755859375],[11.469921875000013,47.50610351562502],[11.392968750000023,47.48715820312502],[11.374121093750004,47.46025390624999],[11.297949218750006,47.42490234374999],[11.2119140625,47.41362304687499],[11.191210937500017,47.4251953125],[11.136035156250014,47.40888671874999],[11.0419921875,47.39311523437498],[10.980859375000026,47.39814453125001],[10.952148437499998,47.42670898437501],[10.893945312500025,47.47045898437499],[10.870605468749998,47.50078125000002],[10.873046875,47.52021484374999],[10.741601562500025,47.524121093749976],[10.658691406249998,47.547216796875],[10.482812500000021,47.54179687500001],[10.439453125,47.5515625],[10.430371093750011,47.541064453125],[10.40390625,47.4169921875],[10.369140625,47.36606445312502],[10.312792968750015,47.313427734375],[10.240625,47.284130859374976],[10.183007812500025,47.278808593750014],[10.185742187500011,47.31718749999999],[10.200292968750006,47.36342773437501],[10.158789062500007,47.37426757812501],[10.096484375000014,47.379589843749976],[10.066308593750025,47.39335937499999],[10.07421875,47.428515625],[10.05986328125002,47.44907226562499],[10.034082031250023,47.473583984375004],[9.971582031250023,47.50532226562499],[9.83916015625001,47.552294921874974],[9.748925781250023,47.57553710937499],[9.715136718750017,47.550781249999986],[9.65058593750001,47.52587890624999],[9.548925781250006,47.53403320312502],[9.524023437500002,47.52421874999999]]],[[[13.70917968750001,54.38271484375],[13.734179687500017,54.31542968750001],[13.707324218750019,54.28115234375002],[13.594921875000013,54.33818359374996],[13.48203125,54.33740234375001],[13.414550781249996,54.24956054687499],[13.364355468750006,54.24584960937502],[13.190039062500006,54.32563476562498],[13.162109375,54.364550781249996],[13.156347656250006,54.39692382812503],[13.18125,54.508984375],[13.176660156250023,54.54423828125002],[13.231445312499995,54.582763671874986],[13.239941406250006,54.63842773437499],[13.336816406250017,54.697119140625],[13.422753906250026,54.69931640625002],[13.45009765625002,54.649609375],[13.491210937499993,54.615380859375016],[13.636035156250015,54.577001953125],[13.657617187500021,54.559570312499986],[13.670703125000019,54.535449218749996],[13.603320312500015,54.48818359375002],[13.580468750000017,54.46396484375002],[13.601855468750014,54.425146484375006],[13.70917968750001,54.38271484375]]],[[[14.211425781249996,53.950341796874994],[14.198242187499996,53.919042968750006],[14.213671875000015,53.87075195312497],[14.172167968750015,53.87436523437499],[14.048339843750002,53.86308593749998],[13.92578125,53.87905273437498],[13.902148437500015,53.93896484374999],[13.921679687500017,53.99663085937499],[13.87246093750002,54.03627929687499],[13.8271484375,54.0595703125],[13.820410156250004,54.092822265625],[13.827734375,54.127246093749996],[14.038867187500014,54.03457031249997],[14.211425781249996,53.950341796874994]]],[[[11.2828125,54.41796875],[11.129296875000025,54.416015625000014],[11.070703125000023,54.456005859375004],[11.01171875,54.466162109375],[11.043457031249996,54.515478515625],[11.084960937499998,54.5333984375],[11.233593750000015,54.50126953125004],[11.280273437499998,54.43837890625],[11.2828125,54.41796875]]],[[[8.307714843750004,54.786962890624984],[8.284667968749996,54.767089843749986],[8.295703125000015,54.90830078125],[8.405175781250023,55.05874023437501],[8.451464843750014,55.05537109375],[8.404101562500015,55.01474609375003],[8.390429687500017,54.98627929687501],[8.371191406250006,54.92939453125002],[8.3798828125,54.899853515625],[8.629589843750011,54.891748046875016],[8.600585937500004,54.86538085937502],[8.34736328125001,54.847607421874976],[8.307714843750004,54.786962890624984]]],[[[8.587890625,54.71269531249999],[8.548925781250004,54.68818359374998],[8.453808593750008,54.69106445312495],[8.400390625,54.71411132812499],[8.417675781250008,54.738671875],[8.46816406250002,54.75742187499997],[8.509960937500013,54.760302734375024],[8.573437500000013,54.74873046875001],[8.587890625,54.71269531249999]]]]}},{"type":"Feature","properties":{"ADMIN":"France","ADM0_A3":"FRA"},"geometry":{"type":"MultiPolygon","coordinates":[[[[9.48037109375002,42.80541992187501],[9.454199218750006,42.65859374999996],[9.473242187500006,42.615576171875006],[9.509375,42.58559570312499],[9.526171875000015,42.55263671874997],[9.556445312500014,42.1609375],[9.550683593750021,42.129736328125],[9.428417968750011,41.97241210937499],[9.40087890625,41.92622070312498],[9.394824218750019,41.731201171875],[9.374218750000011,41.678808593750006],[9.330859375000014,41.62714843749999],[9.253417968749998,41.460058593749984],[9.186132812500004,41.384912109375],[9.003027343750006,41.476562499999986],[8.895019531249996,41.516162109374974],[8.842089843750017,41.558886718749996],[8.807519531250023,41.588378906249986],[8.829785156250011,41.62768554687501],[8.879003906250004,41.668554687500006],[8.886816406250006,41.70068359375001],[8.770996093749995,41.73710937499999],[8.71796875000001,41.761425781250004],[8.718652343750021,41.804003906249996],[8.758691406250023,41.87041015625],[8.740429687500011,41.92514648437498],[8.673632812500015,41.92236328125001],[8.621875,41.93071289062498],[8.615136718750023,41.959130859374994],[8.653417968750004,41.99555664062498],[8.702539062500023,42.04311523437501],[8.700976562500017,42.09560546874998],[8.641601562499998,42.11821289062499],[8.587792968750023,42.16083984375],[8.566210937500014,42.21879882812499],[8.607910156249998,42.25844726562499],[8.675488281250011,42.284033203125006],[8.625878906250021,42.34340820312498],[8.592382812500004,42.34472656250001],[8.565625,42.35771484374999],[8.5875,42.385302734375],[8.640039062500021,42.4265625],[8.71308593750001,42.549755859374976],[8.814843750000023,42.60791015625001],[8.994921875000017,42.6453125],[9.04365234375001,42.661669921874996],[9.088378906249998,42.70498046874998],[9.13789062500001,42.73291015625],[9.198046875000015,42.72919921874999],[9.253515625,42.712451171875],[9.287695312500004,42.69462890624999],[9.313378906250025,42.71318359374999],[9.33837890625,42.766894531249974],[9.323046875000019,42.8140625],[9.330957031250021,42.943798828125],[9.363183593750025,43.01738281249999],[9.415234375000015,43.021484375],[9.463281250000023,42.981005859375],[9.460839843750021,42.94521484374999],[9.478613281250006,42.86049804687498],[9.48037109375002,42.80541992187501]]],[[[7.615625,47.592724609375],[7.494921875000017,47.54736328124999],[7.467382812500004,47.507666015625006],[7.420019531250005,47.45517578125],[7.343164062500024,47.43310546875001],[7.265722656250005,47.425781249999986],[7.203125,47.43271484374999],[7.167480468749997,47.45371093750001],[7.169238281250018,47.473242187500006],[7.136035156250016,47.48984375],[7.053417968750011,47.48935546874998],[6.968359375,47.45322265624998],[6.900390625,47.394238281250004],[6.921484375,47.361230468749994],[6.984082031250011,47.352539062499986],[7.000585937500003,47.33945312500001],[7.000585937500004,47.32250976562501],[6.978515625,47.30205078124998],[6.952050781250022,47.2671875],[6.820703125000023,47.163183593750006],[6.688085937500004,47.05825195312501],[6.666894531250024,47.02651367187501],[6.624804687500014,47.00434570312501],[6.45625,46.94833984375],[6.438574218750004,46.925878906249984],[6.429003906250018,46.83227539062499],[6.41015625,46.755419921875],[6.28515625,46.68305664062499],[6.160742187500005,46.61103515625],[6.129687500000017,46.566992187500006],[6.10703125,46.51606445312498],[6.06796875,46.458544921874996],[6.060253906250012,46.428173828125],[6.123242187500012,46.37861328124999],[6.11591796875001,46.337646484375],[6.095898437500011,46.27939453125003],[6.036132812499999,46.23808593749998],[5.970019531250016,46.214697265624984],[5.971484375000016,46.151220703125],[6.006640625000016,46.142333984375],[6.08662109375001,46.14702148437502],[6.19941406250001,46.19306640625001],[6.272949218750003,46.252246093749996],[6.229589843750003,46.308447265625],[6.22421875,46.319433593750006],[6.234667968750017,46.33261718749999],[6.321875,46.393701171874994],[6.428906250000011,46.430517578125006],[6.578222656250003,46.43735351562501],[6.758105468750017,46.41577148437499],[6.77607421875001,46.40664062499999],[6.767382812500014,46.369189453124996],[6.784179687499998,46.31396484374999],[6.816796875000024,46.27519531249999],[6.772070312500007,46.165136718750006],[6.805664062499999,46.13066406249998],[6.858007812500007,46.089404296874996],[6.897265625000016,46.0517578125],[6.953710937500007,46.01713867187502],[7.00390625,45.958837890625006],[7.02109375,45.92578125],[6.940820312500022,45.868359375],[6.804492187500016,45.81455078124999],[6.789160156250005,45.780078125],[6.790917968750023,45.74086914062499],[6.80625,45.71000976562503],[6.881445312500006,45.67036132812498],[6.96240234375,45.58056640625001],[7.013671875,45.50048828124998],[7.126074218750006,45.423681640625],[7.153417968750004,45.40092773437501],[7.146386718750021,45.38173828124999],[7.116796875,45.3490234375],[7.078320312500013,45.23994140625001],[7.03242187500001,45.22260742187499],[6.98125,45.21557617187499],[6.842285156249998,45.135644531249994],[6.780371093750004,45.1453125],[6.692285156250022,45.144287109375],[6.627734375000018,45.11796874999999],[6.634765625,45.0681640625],[6.69140625,45.022607421874994],[6.724707031250003,44.97299804687499],[6.738183593750025,44.92138671875002],[6.801074218750016,44.88315429687502],[6.889355468750012,44.86030273437498],[6.939843750000023,44.85874023437501],[6.972851562500011,44.84501953124998],[6.992675781250003,44.82729492187498],[7.030664062500024,44.71669921875],[7.007910156250006,44.68896484375001],[6.960351562500021,44.67714843749998],[6.931933593750015,44.631640625],[6.87519531250001,44.564550781249984],[6.84296875000001,44.51069335937498],[6.878613281250011,44.46328124999999],[6.893847656250014,44.42817382812498],[6.87480468750002,44.392041015625],[6.900195312500016,44.33574218749999],[6.96728515625,44.280029296874986],[7.1494140625,44.20170898437498],[7.318554687500011,44.13798828124999],[7.370898437500015,44.127392578125004],[7.599414062500017,44.168359375],[7.637207031249999,44.16484375],[7.665039062500001,44.11601562500001],[7.677148437500024,44.083154296874994],[7.651464843750004,44.033642578125],[7.589648437500018,43.9654296875],[7.522656250000011,43.911083984375004],[7.48203125,43.86489257812499],[7.490527343750015,43.82294921875],[7.4931640625,43.76713867187499],[7.43867187500001,43.75043945312499],[7.436914062500023,43.761474609375],[7.414453125000021,43.7708984375],[7.395019531249998,43.76533203124999],[7.380078125000012,43.75322265624999],[7.377734375000014,43.73173828124999],[7.261523437500017,43.69609375],[7.181445312500015,43.659130859375],[6.86474609375,43.438330078125],[6.716601562500017,43.37358398437499],[6.687402343750024,43.334570312500006],[6.6572265625,43.26166992187499],[6.570214843750023,43.19907226562501],[6.494042968750021,43.169287109375006],[6.305371093750011,43.13872070312498],[6.115917968750011,43.072363281250006],[6.030566406250018,43.100976562499994],[5.809472656250021,43.097900390624986],[5.671582031250009,43.17783203124998],[5.406542968750016,43.228515624999986],[5.320214843750024,43.344921875],[5.199511718750018,43.35249023437499],[5.120410156250015,43.34897460937499],[5.073144531250023,43.366601562499994],[5.060839843750016,43.40629882812501],[5.059765625000011,43.44453125],[4.975976562500023,43.42695312500001],[4.911914062500017,43.42695312500001],[4.87373046875001,43.41162109375002],[4.843554687500018,43.3939453125],[4.807910156250018,43.40522460937499],[4.787207031250006,43.401416015625],[4.7890625,43.37890625],[4.712109375000012,43.37329101562501],[4.628710937500016,43.387109375],[4.409765625,43.44721679687501],[4.37617187500001,43.45639648437498],[4.22421875,43.479638671874994],[4.162792968750012,43.50366210937501],[4.113085937500017,43.56303710937497],[4.075097656250022,43.58183593749999],[4.052636718750022,43.59306640624999],[3.910839843750012,43.56308593749999],[3.861621093750016,43.516357421875014],[3.784765625,43.46162109374998],[3.258886718750006,43.193212890625006],[3.162890625000017,43.080761718750004],[3.0517578125,42.91513671874999],[3.043066406250005,42.837890625],[3.090917968750005,42.590869140624996],[3.197851562500007,42.46118164062502],[3.21142578125,42.43115234374998],[3.152148437500017,42.431005859375006],[3.052636718750023,42.44721679687499],[2.970019531250016,42.467236328125],[2.891406250000016,42.4560546875],[2.815625,42.42924804687501],[2.749414062500021,42.413037109375004],[2.701855468750012,42.40849609375001],[2.670019531250006,42.39301757812499],[2.65478515625,42.362109375],[2.651660156250017,42.34047851562499],[2.56796875,42.345800781250006],[2.374414062500022,42.390283203124994],[2.200390625000012,42.42094726562499],[2.098339843750011,42.38608398437499],[2.03271484375,42.353515625],[1.986523437500011,42.35849609374997],[1.951464843750016,42.392773437499976],[1.927929687500011,42.42631835937499],[1.859765625000023,42.457080078124996],[1.7060546875,42.503320312499994],[1.713964843750006,42.525634765625],[1.740234375,42.556738281250006],[1.739453125000011,42.57592773437501],[1.709863281250023,42.60444335937499],[1.568164062500017,42.635009765625],[1.501367187500023,42.64272460937499],[1.458886718750023,42.621679687500006],[1.428320312500006,42.59589843749999],[1.349414062500017,42.690673828125],[1.293261718750017,42.7099609375],[1.208300781250017,42.71313476562501],[1.111132812500017,42.74204101562501],[1.010058593750017,42.77895507812498],[0.764453125000017,42.83803710937497],[0.696875,42.8451171875],[0.669824218750023,42.83574218750002],[0.651757812500023,42.80043945312498],[0.641992187500023,42.700634765625],[0.631640625000017,42.68959960937497],[0.517675781250006,42.686279296875014],[0.377246093750017,42.700146484375],[0.312890625000023,42.69326171874999],[0.25546875,42.69291992187501],[0.201367187500011,42.71933593749997],[-0.041162109374994,42.68911132812499],[-0.081494140624983,42.70385742187501],[-0.140039062499994,42.74892578124999],[-0.205322265625,42.78530273437498],[-0.256054687499983,42.803955078124986],[-0.29931640625,42.825341796875016],[-0.338574218749983,42.82880859374998],[-0.3984375,42.808105468750014],[-0.481152343749983,42.79931640624997],[-0.5498046875,42.802001953125],[-0.58642578125,42.798974609374994],[-0.740185546874983,42.90952148437502],[-0.762646484374983,42.939794921875006],[-0.839208984374977,42.948193359375],[-0.933837890625,42.94951171874999],[-1.175439453124994,43.021142578125],[-1.285449218749989,43.05961914062499],[-1.301562499999988,43.082470703124976],[-1.300048828125,43.100976562499994],[-1.31884765625,43.096972656249996],[-1.352734374999983,43.06425781249998],[-1.370507812499994,43.03759765624999],[-1.39404296875,43.0326171875],[-1.428759765624989,43.03676757812498],[-1.460839843749994,43.0517578125],[-1.48046875,43.071142578125],[-1.459423828124983,43.10498046875001],[-1.422607421875,43.14912109374997],[-1.407324218749977,43.19711914062497],[-1.410693359374989,43.240087890625006],[-1.471728515624989,43.267675781250006],[-1.561474609374983,43.27919921874999],[-1.627148437499983,43.282470703125],[-1.712841796874983,43.30703124999997],[-1.753271484374977,43.32470703125001],[-1.792724609375,43.37255859374998],[-1.794042968749977,43.40732421874999],[-1.631445312499977,43.43803710937501],[-1.48486328125,43.56376953124998],[-1.345996093749989,44.02021484374998],[-1.245507812499994,44.559863281249996],[-1.170800781249994,44.66181640624999],[-1.076953124999989,44.68984374999999],[-1.152880859374989,44.764013671875],[-1.200390624999983,44.726464843749966],[-1.220312499999977,44.68662109375],[-1.245214843749977,44.66669921874997],[-1.189062499999977,45.161474609375006],[-1.149072265624994,45.342626953124984],[-1.081005859374983,45.53242187499998],[-0.941748046874978,45.45708007812499],[-0.826318359374994,45.38066406250001],[-0.766650390624988,45.31435546874999],[-0.691113281249983,45.09345703125001],[-0.633984374999983,45.047119140625014],[-0.548486328124994,45.0005859375],[-0.582275390625,45.05136718750001],[-0.64111328125,45.09018554687502],[-0.733105468749983,45.384619140625],[-0.790771484375,45.468017578124986],[-0.880664062499988,45.53818359375],[-1.169970703124989,45.68593749999999],[-1.195996093749983,45.71445312500001],[-1.2099609375,45.770898437499994],[-1.114355468749977,45.768505859374976],[-1.03173828125,45.741064453125006],[-1.04150390625,45.77265625],[-1.066015624999977,45.80566406249999],[-1.104394531249994,45.92534179687499],[-1.136376953124994,46.204833984375],[-1.132031249999983,46.252685546875],[-1.146289062499989,46.31137695312499],[-1.238818359374988,46.32451171874999],[-1.312792968749989,46.32690429687499],[-1.392480468749994,46.35009765624999],[-1.786523437499995,46.51484375000001],[-1.921435546874988,46.684814453125036],[-2.059375,46.81030273437501],[-2.092480468749983,46.86503906250001],[-2.090283203124983,46.9205078125],[-2.018896484374977,47.03764648437499],[-2.081933593749994,47.11162109374998],[-2.1435546875,47.12631835937498],[-2.197070312499988,47.162939453125],[-2.148583984374994,47.223925781249996],[-2.108300781249994,47.26293945312495],[-2.027587890625,47.27358398437501],[-1.921728515624976,47.26064453124998],[-1.821289062499999,47.225341796875],[-1.742529296874977,47.215966796874994],[-1.975390624999989,47.310693359375],[-2.35302734375,47.278759765625],[-2.434423828124977,47.290966796875],[-2.503125,47.312060546875],[-2.530029296875,47.381591796875],[-2.476318359375,47.412939453125],[-2.427685546874983,47.47089843749999],[-2.482714843749989,47.51162109375],[-2.554052734374977,47.52705078124998],[-2.665917968749994,47.52617187499999],[-2.770312499999988,47.51386718749999],[-2.796777343749994,47.53725585937497],[-2.733105468749983,47.60180664062498],[-2.787207031249977,47.625537109374996],[-2.859375,47.614453124999976],[-2.964062499999983,47.60107421875],[-3.064208984375,47.62133789062497],[-3.158837890624994,47.694677734374984],[-3.221582031249994,47.694140625],[-3.264697265624987,47.68510742187501],[-3.32861328125,47.71333007812499],[-3.395898437499994,47.72041015624998],[-3.443945312499976,47.711035156250006],[-3.5078125,47.753125],[-3.900927734374989,47.83754882812498],[-4.070703125,47.84785156249999],[-4.226416015624978,47.809619140625024],[-4.312109374999977,47.82290039062499],[-4.375097656249977,47.877441406249986],[-4.427978515625,47.96894531250002],[-4.678808593749977,48.039501953125004],[-4.629199218749989,48.08579101562502],[-4.512402343749982,48.096728515624996],[-4.377832031249994,48.12880859375001],[-4.329443359374977,48.169970703125],[-4.434619140624989,48.21796875],[-4.512207031249999,48.22973632812498],[-4.544335937499993,48.24697265624996],[-4.5771484375,48.2900390625],[-4.530664062499994,48.30971679687501],[-4.497900390624977,48.29926757812498],[-4.4033203125,48.293066406249984],[-4.241406249999982,48.30366210937502],[-4.301757812500001,48.347070312499994],[-4.364404296874992,48.356738281249996],[-4.393164062499977,48.36762695312502],[-4.524804687499993,48.37231445312499],[-4.584716796875,48.35751953124999],[-4.719384765624993,48.363134765624984],[-4.748535156249999,48.410009765624984],[-4.7625,48.45024414062499],[-4.720751953124988,48.539892578124984],[-4.531201171874983,48.61997070312502],[-4.058886718749987,48.70751953124999],[-3.855664062499982,48.69472656249999],[-3.714794921874983,48.710498046874996],[-3.545996093749977,48.76567382812502],[-3.471484374999989,48.812939453125],[-3.231445312500001,48.84082031249997],[-3.003222656249988,48.790673828125],[-2.792871093749995,48.601074218750014],[-2.692333984374984,48.53681640625002],[-2.446191406249995,48.648291015625006],[-2.079443359374977,48.64501953124999],[-2.003710937499989,48.58208007812499],[-1.97314453125,48.635107421875006],[-1.905712890624983,48.697119140625],[-1.851953125,48.66884765624998],[-1.82470703125,48.630517578125],[-1.437646484374995,48.64140625000002],[-1.37646484375,48.65258789062501],[-1.48046875,48.697607421875],[-1.565478515624988,48.805517578125],[-1.583105468749977,49.202392578125],[-1.690332031249994,49.313183593750004],[-1.813427734374983,49.490136718749994],[-1.870068359374983,49.59511718749999],[-1.875390625,49.631396484375],[-1.8564453125,49.68378906249998],[-1.705126953124988,49.68095703125001],[-1.588232421874977,49.66767578125],[-1.36572265625,49.707275390625],[-1.258642578124977,49.68017578124999],[-1.264941406249988,49.59824218750002],[-1.232275390624977,49.49487304687499],[-1.194970703124994,49.44482421874999],[-1.138525390624977,49.387890625],[-0.959130859374994,49.39316406249999],[-0.765527343749994,49.359716796874984],[-0.520898437499994,49.354541015625],[-0.163476562499994,49.29677734375],[-0.011181640624983,49.330224609375],[0.136132812500023,49.401513671875],[0.416894531250023,49.44838867187501],[0.439257812500017,49.473193359374996],[0.277636718750017,49.46328124999998],[0.12939453125,49.50844726562499],[0.109375,49.55751953124997],[0.1265625,49.60156249999997],[0.186718750000011,49.703027343750016],[0.6162109375,49.86293945312503],[0.924121093750017,49.910205078125],[1.245507812500023,49.99824218749999],[1.4072265625,50.088525390625],[1.514062500000023,50.205078125],[1.5484375,50.23071289062498],[1.5927734375,50.252197265625],[1.551562500000016,50.2939453125],[1.579492187500023,50.73925781250002],[1.609570312500011,50.81948242187497],[1.672265625000023,50.885009765624986],[1.767675781250006,50.935693359374966],[1.9125,50.990625],[2.445703125000023,51.06650390624998],[2.52490234375,51.09711914062498],[2.536035156250022,51.04951171874998],[2.574804687500005,50.988574218749996],[2.601464843750023,50.955273437500004],[2.579296875000012,50.911767578125016],[2.596777343750006,50.875927734374976],[2.669140625000012,50.81142578125001],[2.759375,50.750634765625016],[2.839746093750022,50.711767578125],[2.862402343750006,50.71601562499998],[2.921972656250005,50.72705078124999],[3.022851562500022,50.766894531249996],[3.106835937500022,50.77944335937501],[3.154882812500006,50.74892578125],[3.182031250000022,50.731689453124986],[3.234960937500006,50.662939453124984],[3.249804687500017,50.591162109375],[3.273339843750023,50.53154296875001],[3.316210937500017,50.507373046874996],[3.476953125000022,50.499462890625],[3.595410156250011,50.47734375000001],[3.626757812500016,50.45732421875002],[3.667285156250017,50.324804687500006],[3.689355468750022,50.30605468749999],[3.718847656250005,50.32167968750001],[3.748046875,50.34350585937501],[3.78857421875,50.34697265625],[3.85810546875001,50.338574218749976],[3.94970703125,50.3359375],[4.04414062500001,50.32133789062501],[4.174609375000016,50.24648437499999],[4.16962890625001,50.22177734375001],[4.144140625,50.17841796875],[4.13525390625,50.143798828125014],[4.157714843749999,50.129882812499986],[4.192187500000017,50.09414062499999],[4.183886718750017,50.05283203124999],[4.150292968750022,50.023876953125],[4.136816406250005,50],[4.137011718750017,49.98447265624999],[4.149316406250023,49.97158203125002],[4.176074218750017,49.960253906249996],[4.36875,49.94497070312502],[4.545019531250005,49.960253906249996],[4.656152343750023,50.00244140625003],[4.675097656250017,50.046875],[4.706640625,50.097070312499994],[4.772851562500022,50.1390625],[4.818652343750016,50.153173828125],[4.86054687500001,50.13588867187498],[4.7900390625,49.95957031249999],[4.841503906250012,49.91450195312499],[4.84912109375,49.847119140625],[4.867578125000022,49.78813476562502],[4.930566406250024,49.789257812500004],[5.006933593750006,49.77836914062498],[5.061035156249999,49.75654296874998],[5.124121093750006,49.721484374999974],[5.21503906250001,49.689257812499996],[5.278808593750002,49.677929687500004],[5.301953125000012,49.650976562500006],[5.353515625,49.619824218749976],[5.434667968750006,49.55449218749998],[5.507324218749998,49.510888671874994],[5.542382812500023,49.51103515625],[5.61005859375001,49.52822265624997],[5.710449218749999,49.539208984374994],[5.789746093750011,49.53828125],[5.82343750000001,49.505078125],[5.9013671875,49.489746093750014],[5.92890625000001,49.477539062499986],[5.959472656249999,49.45463867187501],[6.01142578125001,49.44545898437499],[6.074121093750024,49.45463867187501],[6.119921875000016,49.48520507812499],[6.181054687500025,49.498925781249994],[6.2421875,49.49433593749999],[6.27734375,49.477539062499986],[6.344335937500006,49.452734375],[6.382226562500022,49.45815429687498],[6.458105468750006,49.44287109375001],[6.534277343750006,49.39467773437498],[6.56630859375002,49.34619140624998],[6.574707031249999,49.31967773437499],[6.607617187500011,49.29086914062501],[6.735449218750006,49.160595703125004],[6.776269531250022,49.154150390624984],[6.820703125000024,49.17392578125001],[6.849511718750023,49.20195312499999],[6.891210937500005,49.207519531250014],[6.958300781250017,49.19462890624998],[7.001464843749998,49.1798828125],[7.02216796875001,49.12343749999998],[7.03671875,49.11269531249999],[7.065722656250014,49.124853515625],[7.117382812500011,49.12753906249999],[7.19990234375001,49.113623046875],[7.313378906250022,49.12954101562501],[7.404199218750024,49.15307617187499],[7.45058593750002,49.152197265625],[7.525488281250005,49.086376953125],[7.6109375,49.06176757812501],[7.799218750000023,49.04189453124996],[8.001269531250017,49.0109375],[8.080664062500006,48.98588867187498],[8.134863281250006,48.97358398437502],[8.140332031250013,48.88642578125001],[8.1240234375,48.873291015625],[7.922753906250022,48.698535156250024],[7.837988281250005,48.63603515625],[7.794824218750022,48.54682617187498],[7.765136718749999,48.410009765624984],[7.705664062500004,48.28002929687499],[7.616601562500023,48.156787109374996],[7.584179687500009,48.064306640625],[7.608496093750007,48.002587890624994],[7.593261718749997,47.90566406249999],[7.538574218749999,47.77363281249998],[7.529394531250006,47.67387695312497],[7.565429687500001,47.606542968749984],[7.615625,47.592724609375]]],[[[-1.178320312499977,45.904052734374986],[-1.213574218749983,45.81660156250001],[-1.2802734375,45.89711914062499],[-1.368701171874988,45.967675781249994],[-1.388867187499983,46.03295898437499],[-1.388671875,46.05039062500002],[-1.285058593749994,46.002685546875],[-1.178320312499977,45.904052734374986]]],[[[45.180273437500006,-12.976757812500011],[45.117578125,-12.984960937500007],[45.087695312500024,-12.958496093750002],[45.06943359374999,-12.895605468750004],[45.088281250000016,-12.83505859375001],[45.0935546875,-12.786132812500004],[45.042578125,-12.701269531250006],[45.092382812500006,-12.653027343750013],[45.134765625,-12.709179687500011],[45.158789062500006,-12.71298828125001],[45.22314453124999,-12.752148437500006],[45.20429687500002,-12.824316406250007],[45.20859375,-12.847949218750001],[45.17939453125,-12.920214843750003],[45.180273437500006,-12.976757812500011]]],[[[55.79736328125,-21.339355468749996],[55.65615234375002,-21.36904296875001],[55.55761718749999,-21.358300781250012],[55.362695312500016,-21.273632812500008],[55.31035156250002,-21.2173828125],[55.23281250000002,-21.05839843750001],[55.25,-21.002441406250004],[55.31132812500002,-20.904101562500006],[55.450488281250024,-20.865136718750012],[55.59648437500001,-20.879589843750015],[55.66191406250002,-20.90625],[55.73916015625002,-21.021484375],[55.83906250000001,-21.138574218750012],[55.82246093750001,-21.277832031249996],[55.79736328125,-21.339355468749996]]],[[[-60.826269531249984,14.494482421874986],[-60.83662109374998,14.437402343749998],[-60.86210937499999,14.426269531249996],[-60.8994140625,14.473779296874996],[-61.063720703125,14.467089843750001],[-61.0888671875,14.509570312500005],[-61.09033203125,14.5296875],[-61.011328125,14.601904296874988],[-61.104296874999974,14.621240234374994],[-61.14111328125,14.652392578125005],[-61.21972656249999,14.804394531249995],[-61.21333007812499,14.848583984374995],[-61.180810546875,14.871923828124988],[-61.12739257812499,14.875292968750001],[-61.02709960937499,14.826171875],[-60.95253906249999,14.75625],[-60.9271484375,14.75517578125],[-60.918652343750004,14.735351562500002],[-60.93369140624998,14.686181640624989],[-60.88916015624999,14.64453125],[-60.869970703125,14.613720703125],[-60.826269531249984,14.494482421874986]]],[[[-61.327148437499986,16.230419921875],[-61.444824218749986,16.219287109375006],[-61.52216796875,16.228027343749996],[-61.53999023437501,16.299609375],[-61.50058593749999,16.360205078124988],[-61.52890625,16.433789062500004],[-61.51064453125,16.477685546874994],[-61.47119140625001,16.506640625],[-61.406445312500004,16.468310546875003],[-61.39614257812498,16.413427734375],[-61.35546875,16.363183593750005],[-61.17260742187499,16.256103515625],[-61.327148437499986,16.230419921875]]],[[[-61.589550781250004,16.00693359374999],[-61.67045898437497,15.962060546874998],[-61.710253906249996,15.975927734374988],[-61.75942382812499,16.062060546875003],[-61.79409179687498,16.300976562499997],[-61.767138671874996,16.34047851562499],[-61.748046875,16.35527343750001],[-61.641503906249994,16.325976562500006],[-61.59702148437499,16.2921875],[-61.55234375,16.2708984375],[-61.57504882812499,16.22714843749999],[-61.56386718749998,16.047753906249994],[-61.589550781250004,16.00693359374999]]],[[[-61.230468749999986,15.889941406250006],[-61.28623046874998,15.886035156250003],[-61.31074218749998,15.894677734374996],[-61.31840820312498,15.954882812500008],[-61.27529296874999,15.996240234374987],[-61.25,16.00629882812499],[-61.21235351562498,15.959912109375002],[-61.20341796874998,15.921240234374999],[-61.230468749999986,15.889941406250006]]],[[[-54.61625976562498,2.326757812499992],[-54.604736328125,2.335791015624991],[-54.56840820312499,2.342578124999988],[-54.53593749999998,2.343310546874988],[-54.485546875,2.416113281249992],[-54.40200195312499,2.461523437499991],[-54.256738281249994,2.713720703124992],[-54.195507812500004,2.817871093749999],[-54.18808593749999,2.874853515624992],[-54.170703125,2.993603515624997],[-54.203125,3.138183593750001],[-54.18803710937497,3.178759765624988],[-54.063183593750004,3.35332031249999],[-54.00957031249998,3.448535156249989],[-54.00595703124999,3.530517578125],[-53.99047851562501,3.589550781249996],[-54.00590820312498,3.620410156249988],[-54.03422851562499,3.62939453125],[-54.08198242187499,3.705957031249995],[-54.11279296874999,3.769433593749994],[-54.1974609375,3.834423828124997],[-54.255517578124994,3.901074218749997],[-54.350732421874994,4.054101562499994],[-54.34213867187499,4.140039062499995],[-54.369140625,4.17094726562499],[-54.39838867187499,4.202490234374991],[-54.39624023437499,4.24140625],[-54.416015625,4.337646484375001],[-54.440673828125,4.428027343749987],[-54.44960937499999,4.485009765624994],[-54.42607421874999,4.5830078125],[-54.440234375,4.691992187499992],[-54.47114257812498,4.749316406249988],[-54.4796875,4.836523437499992],[-54.47333984375,4.914697265624996],[-54.446875,4.958789062499989],[-54.452197265624996,5.013476562499988],[-54.331640624999984,5.187402343749993],[-54.240185546875,5.288232421874996],[-54.15595703124999,5.358984375],[-54.08530273437499,5.411816406249994],[-53.989599609374984,5.676025390625001],[-53.919921875,5.768994140624997],[-53.84716796874999,5.7822265625],[-53.454443359374984,5.563476562499999],[-53.270361328124984,5.543261718749989],[-52.89931640625,5.425048828125001],[-52.76499023437499,5.273486328124989],[-52.453955078124984,5.021337890624991],[-52.29052734375,4.942187499999989],[-52.28891601562499,4.876123046874995],[-52.324609375,4.770898437499994],[-52.219970703125,4.86279296875],[-52.05810546874999,4.717382812499992],[-52.0123046875,4.645996093749999],[-51.9619140625,4.514404296874999],[-51.97934570312499,4.429882812499997],[-52.00170898437501,4.38623046875],[-52.0029296875,4.352294921875],[-51.95478515624998,4.399072265624993],[-51.92768554687498,4.43613281249999],[-51.91958007812499,4.524316406249993],[-51.880273437499994,4.633740234374998],[-51.82753906249999,4.635693359374998],[-51.78564453125001,4.570507812499997],[-51.698632812499994,4.286816406249998],[-51.66582031249999,4.228808593749989],[-51.653271484374976,4.13876953124999],[-51.658105468749994,4.098486328124991],[-51.65253906249999,4.061279296875],[-51.68344726562501,4.039697265624993],[-51.76708984375001,3.992675781249999],[-51.8052734375,3.929931640624999],[-51.827490234375006,3.869580078124999],[-51.879492187500006,3.828564453124998],[-51.92890624999998,3.776953125],[-51.9443359375,3.735107421875],[-51.990625,3.702001953124992],[-51.99951171875,3.646875],[-52.11611328124999,3.452294921874994],[-52.16259765624999,3.364697265624998],[-52.229443359375,3.271679687499997],[-52.27124023437499,3.237109374999988],[-52.32788085937499,3.181738281249991],[-52.356640625,3.117724609374989],[-52.356640625,3.051562499999988],[-52.39638671875,2.972216796874989],[-52.418408203125,2.903857421874988],[-52.45585937499998,2.864160156249994],[-52.5546875,2.64765625],[-52.559472656249994,2.573144531249993],[-52.5830078125,2.52890625],[-52.653173828124984,2.425732421874996],[-52.70063476562499,2.363671875],[-52.78339843749998,2.317187499999989],[-52.870410156249996,2.266650390624989],[-52.90346679687499,2.211523437499991],[-52.96484375,2.183544921874998],[-53.00971679687499,2.181738281249992],[-53.082275390624986,2.201708984374989],[-53.18007812499999,2.211328125],[-53.229785156249974,2.204882812499988],[-53.25219726562501,2.232275390624991],[-53.285498046874984,2.295214843749989],[-53.334423828125,2.339746093749995],[-53.366015624999974,2.32421875],[-53.43183593749999,2.279443359374993],[-53.508984375,2.253125],[-53.56396484374999,2.261914062499997],[-53.68369140624999,2.292919921874996],[-53.73471679687497,2.308544921874997],[-53.750146484374994,2.335009765624988],[-53.76777343749999,2.354833984374992],[-53.79423828124999,2.345996093749989],[-53.82954101562499,2.312939453124998],[-53.876611328124994,2.278271484374998],[-53.946435546874994,2.232568359374995],[-54.089746093749994,2.150488281249992],[-54.130078125,2.121044921874998],[-54.167382812499994,2.137060546874992],[-54.22797851562499,2.1533203125],[-54.29306640624997,2.154248046874997],[-54.433105468749986,2.207519531249999],[-54.51508789062498,2.245458984374991],[-54.55048828124999,2.293066406249991],[-54.59194335937498,2.313769531249989],[-54.61625976562498,2.326757812499992]]]]}},{"type":"Feature","properties":{"ADMIN":"Finland","ADM0_A3":"FIN"},"geometry":{"type":"MultiPolygon","coordinates":[[[[24.155468750000015,65.80527343750005],[24.04902343750001,65.98984375],[23.99462890625001,66.0603515625],[23.907324218750002,66.14824218749996],[23.751464843749996,66.19116210937501],[23.72099609375001,66.2154296875],[23.700292968749995,66.25263671875001],[23.69355468750001,66.30429687500003],[23.673828125,66.38071289062499],[23.682031250000023,66.44340820312502],[23.701171875,66.48076171875002],[23.76835937500001,66.50585937499997],[23.865527343750014,66.57661132812501],[23.88583984375,66.62802734375],[23.894140625,66.706884765625],[23.93886718750002,66.775732421875],[23.98857421875001,66.81054687500001],[23.97607421874999,66.83823242187499],[23.941796875000026,66.87783203124997],[23.86933593750002,66.934033203125],[23.758984375,67.00258789062501],[23.67734375,67.06811523437501],[23.641503906250016,67.12939453125001],[23.62304687499999,67.18413085937499],[23.626074218750006,67.23393554687502],[23.656640625000023,67.267822265625],[23.7609375,67.31049804687498],[23.774902343749996,67.32861328124999],[23.733593749999986,67.42290039062495],[23.660839843750004,67.4400390625],[23.537109375,67.449169921875],[23.46806640625002,67.44995117187499],[23.454882812500014,67.46025390625002],[23.451464843750014,67.47919921875],[23.465429687500006,67.51787109375003],[23.504492187500002,67.56215820312498],[23.537011718750023,67.590380859375],[23.541308593750017,67.61430664062502],[23.500195312500008,67.69619140625004],[23.48779296875,67.79658203124998],[23.501855468750023,67.87519531250003],[23.632910156250006,67.933203125],[23.638867187500004,67.95439453124999],[23.47421875,68.01733398437499],[23.35546875,68.08867187500002],[23.318554687500008,68.130322265625],[23.18251953125002,68.13662109374998],[23.097851562500008,68.25756835937501],[22.975390625000014,68.31645507812502],[22.854101562500002,68.36733398437498],[22.78242187500001,68.39101562500002],[22.36210937500001,68.46406249999998],[22.19511718750001,68.47797851562501],[21.997460937500026,68.52060546875003],[21.850195312500002,68.57412109375002],[21.72402343750002,68.60854492187495],[21.616015625000028,68.65097656250003],[21.465429687500013,68.69067382812503],[21.422363281250004,68.72460937499996],[21.259765625,68.78745117187495],[21.183398437500024,68.82880859375003],[20.9185546875,68.90693359375],[20.908984375,68.93774414062494],[20.907031250000014,68.96748046874998],[20.895117187500002,68.979833984375],[20.622167968750006,69.03686523437501],[20.675878906250006,69.06948242187501],[20.889257812500006,69.07143554687505],[21.06572265625001,69.04174804687499],[21.104492187500004,69.05444335937501],[21.12783203125002,69.08081054687501],[21.05263671875002,69.18657226562499],[21.06611328125001,69.21411132812501],[21.14375,69.24726562499995],[21.266796875000015,69.27368164062503],[21.461230468750017,69.27749023437498],[21.59375,69.27358398437501],[21.621777343750015,69.27070312500007],[21.819726562500016,69.15449218749998],[21.989453125,69.04111328125006],[22.0796875,68.99277343749999],[22.300390625,68.85585937499998],[22.382910156249995,68.77661132812496],[22.4109375,68.71987304687497],[22.500683593750008,68.72021484375001],[22.81103515625,68.69531250000003],[23.07167968750002,68.67436523437503],[23.144335937500024,68.64257812499999],[23.324023437500006,68.64897460937503],[23.4625,68.67763671875],[23.70703125,68.7138671875],[23.772558593750006,68.75839843749999],[23.854003906249986,68.80590820312493],[23.99736328125002,68.79843750000005],[24.15410156250001,68.76088867187501],[24.33203125,68.71152343749999],[24.490527343750017,68.688671875],[24.703222656249995,68.65283203124996],[24.80244140625002,68.60649414062503],[24.94140625,68.59326171875],[25.086914062499993,68.63959960937497],[25.172851562499993,68.765283203125],[25.24912109375001,68.82133789062503],[25.357128906249997,68.86245117187497],[25.480859375000023,68.88061523437506],[25.575292968750006,68.88715820312501],[25.6466796875,68.91914062499997],[25.748339843750014,68.99013671875],[25.768164062500002,69.076123046875],[25.748632812499995,69.2314453125],[25.7671875,69.28266601562503],[25.850195312500002,69.36650390625003],[25.961523437500006,69.588623046875],[26.011523437500014,69.65263671875003],[26.07246093750001,69.69155273437497],[26.156152343750023,69.71469726562502],[26.308203125,69.78193359375001],[26.525390624999982,69.91503906249999],[26.58427734375002,69.92631835937506],[26.740234374999986,69.93305664062497],[26.934277343750022,69.928125],[27.108691406250017,69.9046875],[27.1275390625,69.90649414062504],[27.205664062500013,69.91870117187499],[27.348046875,69.96005859374998],[27.591699218750016,70.04223632812501],[27.747851562500024,70.06484374999998],[27.88994140625002,70.06166992187502],[28.047265625000026,69.97167968749997],[28.269140625,69.871435546875],[28.411718749999984,69.82275390624993],[28.800390625,69.73149414062497],[29.14160156250002,69.67143554687506],[29.333398437500012,69.47299804687495],[29.23886718750001,69.3939453125],[29.19179687500002,69.36669921875003],[29.024902343749993,69.28798828124998],[28.846289062500013,69.17690429687502],[28.832617187500002,69.118994140625],[28.89189453125002,69.06059570312502],[28.965820312499996,69.02197265625004],[28.898925781250004,69.00966796875002],[28.692187500000028,68.96103515625002],[28.566015625,68.92822265625003],[28.41406249999998,68.90415039062496],[28.45351562500002,68.87226562499998],[28.70595703125002,68.86552734375],[28.744824218750004,68.85644531249997],[28.77285156250002,68.8400390625],[28.777636718750003,68.81381835937499],[28.752050781249995,68.77143554687501],[28.479296875000014,68.53764648437502],[28.470703125,68.48837890625002],[28.56015625,68.3513671875],[28.68515625,68.189794921875],[29.06298828124999,68.11796874999997],[29.343847656250006,68.06186523437498],[29.52421875,67.92910156249997],[29.821582031250003,67.75400390624996],[29.979199218750008,67.68857421875003],[29.98808593750002,67.66826171875002],[29.941210937500028,67.54746093749999],[29.7505859375,67.426416015625],[29.572265625,67.32436523437497],[29.387695312500004,67.20141601562499],[29.243359375,67.09658203125],[29.087011718750002,66.970947265625],[29.06904296875002,66.930224609375],[29.066210937500017,66.89174804687501],[29.09306640625002,66.84921875000005],[29.293261718750006,66.69550781249998],[29.37119140624999,66.61704101562499],[29.464355468750004,66.532177734375],[29.54433593750001,66.439697265625],[29.59072265625002,66.3568359375],[29.67089843749999,66.27612304687497],[29.720703125,66.23486328125],[29.80351562500002,66.17705078125003],[29.90341796875001,66.09106445312503],[29.93662109374999,66.02294921874996],[30.0875,65.7865234375],[30.102734375,65.72626953124993],[30.095312500000013,65.68168945312502],[30.029003906249997,65.670703125],[29.882617187500014,65.66362304687499],[29.723925781250017,65.634375],[29.715917968750006,65.62456054687502],[29.81943359375,65.56875],[29.728027343749993,65.47343749999997],[29.71484375,65.33696289062499],[29.6171875,65.26533203124997],[29.6080078125,65.24868164062501],[29.612402343750002,65.234765625],[29.62968750000002,65.22387695312499],[29.810546874999986,65.204736328125],[29.826171875,65.18530273437504],[29.826953125000024,65.14506835937502],[29.81083984375002,65.10791015625001],[29.720019531250003,65.08032226562496],[29.622460937500033,65.03950195312503],[29.600878906250014,65.00195312499996],[29.604199218749994,64.96840820312498],[29.6375,64.91176757812495],[29.701660156249986,64.84575195312502],[29.783203125,64.80429687500002],[30.072851562500002,64.76503906250001],[30.11025390625002,64.73256835937498],[30.126171875,64.68808593750003],[30.12011718749999,64.64462890624998],[29.985546875,64.55771484375],[29.986621093750014,64.52426757812499],[30.041894531250023,64.44335937500004],[30.10810546875002,64.36611328125001],[30.390625,64.28242187500004],[30.487890625000013,64.2365234375],[30.513769531249984,64.2],[30.5279296875,64.14111328125],[30.526074218750008,64.07729492187501],[30.50390625000001,64.02060546875],[30.415332031250024,63.94750976562499],[30.21025390625,63.80332031249999],[30.00410156250002,63.74731445312499],[29.991503906250017,63.73515625000002],[30.055371093750015,63.689013671875],[30.418554687500016,63.50405273437504],[30.655273437500004,63.41748046875003],[30.9748046875,63.30063476562504],[31.180859375,63.208300781249996],[31.247460937500016,63.14189453125001],[31.336718750000017,63.068066406250004],[31.43701171875,63.007714843749994],[31.509277343750004,62.955322265625036],[31.536523437500023,62.92163085937497],[31.533984375000017,62.88540039062501],[31.43730468750001,62.776123046875014],[31.382421875,62.69165039062499],[31.28564453124999,62.56782226562498],[31.186718750000015,62.481396484375026],[30.935742187500015,62.32377929687501],[30.565625,62.127587890624994],[30.47968750000001,62.06821289062501],[30.306445312500024,61.964843749999986],[30.009960937500004,61.75737304687501],[29.933203125,61.711572265625],[29.69013671875001,61.54609374999997],[29.57939453125002,61.49345703124999],[29.49238281250001,61.44423828124999],[29.25166015625,61.287792968749976],[28.992968750000014,61.169042968749984],[28.73906250000002,61.05874023437501],[28.66289062500002,61.00283203125],[28.568164062500006,60.96020507812501],[28.455078125,60.91962890624998],[28.40742187500001,60.896923828124976],[28.15195312499998,60.74584960937498],[27.797656250000017,60.53613281250002],[27.761621093750016,60.532861328124966],[27.669335937500016,60.498974609375],[27.525097656250008,60.49077148437499],[27.462402343749996,60.46484375],[27.241894531249997,60.538671875],[27.20527343750002,60.543457031250014],[27.075585937500037,60.52514648437502],[26.951171875,60.47148437500001],[26.721484375000017,60.455078125],[26.607421875,60.437695312500004],[26.534667968749996,60.412890625],[26.519726562500008,60.471582031249966],[26.55117187500002,60.54599609375],[26.601757812500015,60.59560546874998],[26.606445312500004,60.6279296875],[26.5693359375,60.624560546875],[26.495800781250015,60.55180664062501],[26.456445312500016,60.46679687499998],[26.377734375000017,60.42407226562503],[26.2046875,60.406591796874984],[26.036035156250016,60.474902343749996],[25.955957031250012,60.47421875000001],[26.00625,60.42529296875],[26.040234375,60.371582031249964],[26.03583984375001,60.341503906250004],[25.945898437500006,60.34677734375],[25.845800781249995,60.314599609374994],[25.75800781250001,60.267529296875004],[25.7154296875,60.267431640625006],[25.6564453125,60.333203125],[25.548242187500016,60.302490234375014],[25.455761718750008,60.26123046874998],[25.267871093750014,60.24833984374999],[25.155859375,60.194091796875014],[24.957617187500013,60.157470703125],[24.848730468750016,60.15834960937504],[24.600488281250023,60.11425781249996],[24.517968750000026,60.04628906250001],[24.445605468750028,60.02128906250004],[24.34257812500001,60.04233398437501],[24.02519531250001,60.00917968749998],[23.721777343750006,59.965673828125006],[23.59267578125002,59.96816406249997],[23.46357421875001,59.98623046875001],[23.326757812500002,59.925781250000014],[23.181445312500017,59.844921875],[23.021289062500017,59.816015625],[22.963867187499993,59.82636718750001],[23.009765625,59.868798828125],[23.115722656250004,59.9126953125],[23.1884765625,59.972216796875],[23.198437500000015,60.02182617187504],[23.1484375,60.041308593749996],[23.080175781250006,60.04726562499998],[22.994140625,60.09853515624999],[22.91171875,60.209716796875014],[22.86708984375002,60.215820312500014],[22.84443359375001,60.18662109375001],[22.819140625,60.10136718749998],[22.79345703124999,60.07680664062498],[22.749804687500014,60.057275390624994],[22.697363281250002,60.037597656250014],[22.646191406250015,60.02802734375002],[22.462695312500014,60.02919921874998],[22.438574218750013,60.072265625],[22.438574218750002,60.090283203125],[22.471093750000026,60.14697265625],[22.442675781250006,60.156884765624945],[22.469726562499996,60.20131835937497],[22.51298828125002,60.19892578124998],[22.564257812500017,60.20551757812499],[22.589941406250006,60.22836914062503],[22.587988281250006,60.255664062500024],[22.516699218750002,60.26274414062501],[22.512304687500006,60.28134765624998],[22.57587890625002,60.35908203124999],[22.584960937500004,60.38056640624998],[22.560351562500003,60.385009765624964],[22.520507812499996,60.3765625],[22.257910156250006,60.40092773437501],[21.933984375000026,60.500292968749996],[21.854296875,60.50541992187496],[21.8052734375,60.594140624999966],[21.7271484375,60.58291015624998],[21.61328125,60.53095703124998],[21.52783203125,60.57041015624999],[21.43603515625,60.59638671874995],[21.410644531249996,60.63696289062498],[21.411914062500017,60.696826171875024],[21.404003906250008,60.767431640625],[21.37890625,60.85004882812498],[21.36054687500001,60.967480468750004],[21.377734375000017,61.05922851562503],[21.450976562500014,61.12714843750001],[21.479101562500006,61.1705078125],[21.513476562500017,61.28120117187495],[21.52119140625001,61.410839843750004],[21.50175781250001,61.45498046874997],[21.506640625000014,61.48432617187498],[21.565039062500006,61.48432617187498],[21.55234375,61.50952148437497],[21.526660156250014,61.523291015625],[21.498242187500015,61.551953125000026],[21.5224609375,61.56713867187498],[21.59238281250001,61.56821289062502],[21.59804687500002,61.577880859375],[21.605957031249996,61.591552734375014],[21.551855468750006,61.66684570312499],[21.545605468750008,61.702734375],[21.470507812500017,61.81166992187498],[21.384863281250002,61.91494140625001],[21.25595703125001,61.989648437499994],[21.30166015625002,62.112646484375],[21.35371093750001,62.22382812500004],[21.343359375,62.277392578124996],[21.32343750000001,62.342578124999974],[21.165625,62.4140625],[21.1421875,62.514794921875],[21.103613281250006,62.622949218749994],[21.118164062499993,62.689257812499974],[21.143847656250014,62.739990234374986],[21.195703125000023,62.79052734375002],[21.457519531250007,62.95],[21.473535156250023,63.03325195312499],[21.650976562500002,63.039306640625],[21.568652343750014,63.11372070312499],[21.549218750000016,63.155517578124986],[21.545117187500008,63.204296875],[21.800390625,63.2376953125],[21.89570312500001,63.21025390625002],[22.12031250000001,63.24414062500002],[22.31972656250002,63.31044921874999],[22.316210937500014,63.34565429687499],[22.285546875000023,63.37719726562499],[22.243261718750006,63.43793945312504],[22.273242187500017,63.454785156250004],[22.34599609375002,63.44238281249997],[22.312597656250006,63.47255859374998],[22.318652343750024,63.50439453125002],[22.398046875000016,63.49116210937505],[22.527636718750017,63.579980468749994],[22.532324218750002,63.6478515625],[22.75625,63.683349609374986],[23.014453125,63.82182617187498],[23.13359375,63.86494140624996],[23.248730468749997,63.89614257812498],[23.493945312500017,64.03447265625],[23.598925781250017,64.04091796874998],[23.652929687500002,64.1341796875],[23.861425781250002,64.25825195312498],[23.924804687499993,64.27412109375003],[24.022265625000017,64.38598632812497],[24.2783203125,64.51528320312498],[24.440625,64.68012695312503],[24.530175781250026,64.73867187500002],[24.557910156250017,64.80102539062501],[24.657617187500023,64.80629882812498],[24.74755859375,64.852099609375],[24.94218750000001,64.88403320312497],[25.13427734375,64.87519531250001],[25.21425781250002,64.853466796875],[25.288183593750002,64.86035156250006],[25.280761718750004,64.91640625000004],[25.228027343749996,64.95102539062502],[25.271093750000013,64.98427734375],[25.37265625,65.00947265625001],[25.3623046875,65.06513671875],[25.340234375,65.09863281249997],[25.255859375,65.14326171875],[25.297851562499993,65.24321289062499],[25.307910156250017,65.352734375],[25.347851562500015,65.47924804687501],[25.241796875,65.54628906249998],[24.839355468750004,65.66035156250003],[24.764257812500002,65.65639648437501],[24.674902343750006,65.670703125],[24.58154296875,65.75712890624999],[24.623242187500004,65.831689453125],[24.628027343750002,65.8591796875],[24.591601562500014,65.85834960937503],[24.532617187500023,65.822021484375],[24.40429687499999,65.78046875],[24.2375,65.81235351562499],[24.155468750000015,65.80527343750005]]],[[[21.994238281250002,60.33666992187502],[21.921484375,60.33227539062499],[21.81865234375001,60.381835937500036],[21.805664062500007,60.401220703125034],[21.845996093750014,60.41245117187502],[21.819335937499996,60.45229492187497],[21.82724609375001,60.469921875],[21.906835937500002,60.438476562500014],[21.950292968750006,60.401708984375],[21.9078125,60.3931640625],[21.97978515625002,60.355224609375036],[21.994238281250002,60.33666992187502]]],[[[21.2177734375,63.24130859374997],[21.228515625,63.22265625],[21.287109375,63.22778320312503],[21.366015625000017,63.261767578125024],[21.42197265625001,63.24589843750004],[21.415625,63.19736328125002],[21.37763671875001,63.199218749999986],[21.367187499999986,63.207226562499976],[21.31845703125,63.179492187499974],[21.309765625000015,63.162695312500055],[21.253417968750004,63.152001953124994],[21.14931640625002,63.19946289062497],[21.083886718750026,63.27753906250001],[21.236328125,63.27773437500002],[21.221777343750002,63.25913085937504],[21.2177734375,63.24130859374997]]],[[[22.17509765625002,60.370751953124966],[22.301757812499996,60.34755859375001],[22.354980468749996,60.35585937499998],[22.415527343750004,60.303369140624994],[22.31289062500002,60.26997070312502],[22.305761718749995,60.22856445312502],[22.3462890625,60.202832031249976],[22.360546875,60.16557617187498],[22.258300781250007,60.165625],[22.209375,60.19697265625001],[22.18808593750001,60.236767578125004],[22.140527343750016,60.26489257812501],[22.0771484375,60.28632812500001],[22.108203125000014,60.314892578125004],[22.125878906250023,60.35585937499998],[22.17509765625002,60.370751953124966]]],[[[21.450878906250004,60.52958984374997],[21.436914062500026,60.48305664062504],[21.36904296875002,60.488232421875004],[21.3,60.479785156250024],[21.244335937500015,60.52597656249999],[21.214550781250008,60.60385742187501],[21.22470703125001,60.62060546875004],[21.268066406249996,60.63828125000005],[21.301269531249996,60.59555664062499],[21.450878906250004,60.52958984374997]]],[[[21.833203125,60.140527343749994],[21.733105468750008,60.106152343749976],[21.69501953125001,60.11435546875003],[21.704785156250008,60.17231445312499],[21.764257812500006,60.198828125],[21.86435546875001,60.201806640624994],[21.833203125,60.140527343749994]]],[[[21.628320312500023,60.1078125],[21.540625,60.09790039062504],[21.48603515625001,60.12680664062498],[21.50673828125002,60.148339843749994],[21.56796875,60.17231445312499],[21.634082031250006,60.168994140625024],[21.648144531250008,60.14086914062502],[21.628320312500023,60.1078125]]],[[[24.84824218750001,64.991015625],[24.69892578125001,64.95781249999997],[24.578613281249996,64.978564453125],[24.5765625,65.04287109374998],[24.651171875000014,65.07397460937501],[24.78603515625002,65.08642578125003],[24.970605468750023,65.05532226562498],[24.997558593749996,65.03872070312502],[24.891796875000015,65.02626953125002],[24.84824218750001,64.991015625]]]]}},{"type":"Feature","properties":{"ADMIN":"Ecuador","ADM0_A3":"ECU"},"geometry":{"type":"MultiPolygon","coordinates":[[[[-75.28447265624999,-0.106542968750006],[-75.340478515625,-0.1421875],[-75.398388671875,-0.14599609375],[-75.47597656249998,-0.157128906250009],[-75.583740234375,-0.122851562500003],[-75.62626953124997,-0.122851562500003],[-75.63203124999998,-0.157617187500009],[-75.56059570312497,-0.200097656250008],[-75.49106445312499,-0.248339843750003],[-75.46596679687501,-0.32177734375],[-75.42470703124997,-0.408886718750011],[-75.32524414062499,-0.506542968750011],[-75.26323242187499,-0.555371093750012],[-75.259375,-0.590136718750003],[-75.27871093749998,-0.65390625],[-75.28359375,-0.707128906250006],[-75.249609375,-0.951855468750011],[-75.27241210937501,-0.966796875],[-75.30917968749998,-0.968066406250003],[-75.34819335937499,-0.966796875],[-75.38012695312499,-0.940234375],[-75.40805664062499,-0.92431640625],[-75.42041015625,-0.962207031250003],[-75.44916992187498,-1.071191406250008],[-75.5138671875,-1.316308593750009],[-75.570556640625,-1.53125],[-75.64165039062497,-1.607324218750009],[-75.74453124999998,-1.728125],[-75.88544921874998,-1.893457031250008],[-76.089794921875,-2.133105468750004],[-76.24091796875,-2.243945312500003],[-76.36015624999997,-2.331347656250003],[-76.49936523437498,-2.432324218750012],[-76.6791015625,-2.562597656250006],[-76.88076171874998,-2.635937500000011],[-77.16147460937496,-2.737695312500009],[-77.36005859375,-2.809667968750005],[-77.50649414062498,-2.859960937500006],[-77.65898437499997,-2.912402343750004],[-77.860595703125,-2.981640625000011],[-77.9384765625,-3.046972656250006],[-78.06791992187497,-3.206835937500003],[-78.12822265624999,-3.283886718750012],[-78.18330078125,-3.350195312500007],[-78.19462890624999,-3.38046875],[-78.18745117187501,-3.399804687500009],[-78.16098632812502,-3.432128906249999],[-78.15849609374999,-3.465136718750003],[-78.19487304687499,-3.48583984375],[-78.226318359375,-3.489160156250009],[-78.240380859375,-3.472558593750009],[-78.25073242187499,-3.436132812500005],[-78.2841796875,-3.399023437500005],[-78.32304687499996,-3.38828125],[-78.34536132812498,-3.397363281250009],[-78.347265625,-3.43125],[-78.398046875,-3.594824218750004],[-78.39995117187499,-3.674316406249999],[-78.42143554687499,-3.70576171875001],[-78.41977539062498,-3.77685546875],[-78.47104492187499,-3.843066406250003],[-78.49345703124999,-3.902050781250011],[-78.50908203124999,-3.952148437500002],[-78.550439453125,-3.986914062500005],[-78.56513671874998,-4.041601562500007],[-78.60336914062498,-4.157324218750005],[-78.64799804687496,-4.248144531250006],[-78.67939453125,-4.325878906250011],[-78.68515624999998,-4.383984375000013],[-78.66123046874996,-4.425097656250002],[-78.65292968749998,-4.458203125000011],[-78.67446289062498,-4.517675781250007],[-78.68603515624999,-4.562402343750009],[-78.74306640625,-4.592675781250009],[-78.8615234375,-4.665039062499998],[-78.90761718749997,-4.714453125],[-78.92578125,-4.770703125],[-78.914208984375,-4.818652343750002],[-78.91918945312497,-4.858398437499998],[-78.97539062499999,-4.87324218750001],[-78.99526367187498,-4.908007812500003],[-79.03330078124999,-4.969140625],[-79.07626953124998,-4.990625],[-79.186669921875,-4.95820312500001],[-79.26811523437499,-4.957617187500006],[-79.33095703125,-4.927832031250007],[-79.39941406249999,-4.840039062500012],[-79.45576171875,-4.766210937500006],[-79.501904296875,-4.670605468750011],[-79.51616210937497,-4.539160156250006],[-79.577685546875,-4.500585937500006],[-79.638525390625,-4.454882812500004],[-79.71098632812497,-4.467578125],[-79.79726562499998,-4.476367187500002],[-79.84511718750001,-4.445898437500007],[-79.962890625,-4.390332031250011],[-80.06352539062497,-4.327539062500009],[-80.13955078125,-4.296093750000011],[-80.19746093749998,-4.311035156249999],[-80.232177734375,-4.349023437500009],[-80.29335937499997,-4.416796875],[-80.38349609375,-4.463671875],[-80.424169921875,-4.461425781249999],[-80.47856445312497,-4.430078125],[-80.4884765625,-4.393652343750006],[-80.44384765624999,-4.335839843750009],[-80.35288085937499,-4.20849609375],[-80.45375976562498,-4.205175781250005],[-80.4884765625,-4.16552734375],[-80.49345703124999,-4.119140625],[-80.51000976562499,-4.069531250000012],[-80.49013671875,-4.010058593750005],[-80.43720703125,-3.978613281250006],[-80.35786132812498,-4.00341796875],[-80.30327148437499,-4.005078125000011],[-80.26689453124999,-3.948828125],[-80.23051757812499,-3.924023437500012],[-80.19414062499999,-3.905859375],[-80.17924804687499,-3.877734375],[-80.21757812499997,-3.787695312500006],[-80.228857421875,-3.738867187500005],[-80.21728515625001,-3.710742187500004],[-80.21894531250001,-3.654492187500011],[-80.22060546874998,-3.613183593750009],[-80.24375,-3.576757812500006],[-80.24541015625002,-3.522167968750011],[-80.265234375,-3.492480468750002],[-80.271875,-3.461035156250006],[-80.27353515624999,-3.424609375],[-80.29833984375001,-3.406445312500011],[-80.324658203125,-3.387890625000011],[-80.303125,-3.374804687500003],[-80.15986328125,-3.324316406250006],[-80.100341796875,-3.274023437500003],[-80.02666015624997,-3.228125],[-79.963330078125,-3.15771484375],[-79.92158203125,-3.090136718750002],[-79.82270507812498,-2.776953125],[-79.7298828125,-2.579101562500001],[-79.74550781249998,-2.484667968750002],[-79.82241210937498,-2.356542968750006],[-79.83974609374998,-2.167871093750008],[-79.83261718749999,-2.11054687500001],[-79.84213867187498,-2.0673828125],[-79.89340820312499,-2.145703125000011],[-79.88032226562498,-2.423632812500002],[-79.9255859375,-2.548535156250012],[-79.98901367187499,-2.578710937500005],[-80.03017578125,-2.556738281250006],[-80.00664062499997,-2.353808593750003],[-80.05307617187499,-2.390722656250006],[-80.12714843749998,-2.528417968750006],[-80.24863281249999,-2.630566406250012],[-80.2552734375,-2.664648437500006],[-80.28471679687497,-2.706738281250012],[-80.378564453125,-2.66796875],[-80.45009765625,-2.6259765625],[-80.68486328125,-2.396875],[-80.83906250000001,-2.349023437500009],[-80.93217773437497,-2.269140625],[-80.951611328125,-2.235449218750005],[-80.96279296874997,-2.189257812500002],[-80.86762695312501,-2.141210937500006],[-80.77036132812499,-2.07666015625],[-80.76059570312499,-1.9345703125],[-80.763134765625,-1.822949218750011],[-80.83500976562497,-1.632421875],[-80.801416015625,-1.383398437500006],[-80.82001953125001,-1.285839843750011],[-80.90239257812499,-1.07890625],[-80.84140625,-0.974707031250006],[-80.623681640625,-0.898730468750003],[-80.55390625,-0.847949218750003],[-80.505078125,-0.683789062500011],[-80.45546875,-0.58544921875],[-80.3583984375,-0.625097656250006],[-80.282373046875,-0.620507812500009],[-80.38476562500001,-0.583984375],[-80.468310546875,-0.43603515625],[-80.48227539062499,-0.368261718750006],[-80.32128906250001,-0.165820312500003],[-80.23701171875001,-0.113085937500003],[-80.13339843749999,-0.006054687500011],[-80.046142578125,0.155371093749991],[-80.025,0.41015625],[-80.06103515625,0.59228515625],[-80.08828124999998,0.784765625],[-80.03593749999999,0.834570312499991],[-79.90351562500001,0.860205078124991],[-79.795849609375,0.922265625],[-79.74121093749997,0.979785156249989],[-79.61318359374995,0.971142578124997],[-79.46538085937497,1.06005859375],[-79.22905273437499,1.104589843749991],[-78.89965820312499,1.20625],[-78.82705078124998,1.295947265624988],[-78.85966796874997,1.455371093749988],[-78.82885742187501,1.434667968749992],[-78.73710937499999,1.358691406249988],[-78.68164062499999,1.283447265625],[-78.587646484375,1.236669921874991],[-78.51152343749997,1.198828125],[-78.31210937499998,1.04609375],[-78.18066406250001,0.968554687499988],[-78.03701171875001,0.898730468749989],[-77.829541015625,0.825390625],[-77.70288085937499,0.837841796874997],[-77.673193359375,0.7822265625],[-77.6486328125,0.7236328125],[-77.601318359375,0.689501953124989],[-77.52612304687499,0.660351562499997],[-77.48139648437501,0.651171874999989],[-77.46767578124998,0.636523437499988],[-77.42275390625,0.424853515624989],[-77.39633789062499,0.393896484374991],[-77.29267578124998,0.360400390624989],[-77.16572265625,0.347753906249991],[-77.11411132812499,0.355078125],[-77.00244140625,0.296240234374991],[-76.9201171875,0.268505859374997],[-76.829345703125,0.247753906249997],[-76.76772460937497,0.241650390624997],[-76.73930664062499,0.250830078124991],[-76.72900390625001,0.272119140624994],[-76.67851562499999,0.268164062499991],[-76.60302734375,0.240966796875],[-76.49462890625,0.235449218749991],[-76.42729492187497,0.26123046875],[-76.41796875000001,0.30390625],[-76.41337890624997,0.378857421874997],[-76.38818359374999,0.404980468749997],[-76.31103515624997,0.448486328125],[-76.27060546874999,0.439404296874997],[-76.06791992187499,0.345556640624991],[-76.02617187499997,0.313085937499991],[-75.97485351562499,0.247753906249997],[-75.87978515624998,0.150976562499991],[-75.77666015625,0.089257812499994],[-75.617333984375,0.062890625],[-75.46396484374999,-0.038427734375006],[-75.28447265624999,-0.106542968750006]]],[[[-80.131591796875,-2.97314453125],[-80.15068359374999,-3.01171875],[-80.245703125,-3.00830078125],[-80.27294921875001,-2.995898437500003],[-80.27216796874998,-2.951757812500005],[-80.24980468749999,-2.811914062500009],[-80.223681640625,-2.753125],[-80.14570312499998,-2.6962890625],[-80.08076171875,-2.668847656250009],[-79.99726562499998,-2.673828125],[-79.90903320312498,-2.725585937500001],[-80.013232421875,-2.819531250000012],[-80.07119140625,-2.833789062500003],[-80.093408203125,-2.84589843750001],[-80.131591796875,-2.97314453125]]],[[[-78.90922851562497,1.252783203124991],[-78.965625,1.245361328125],[-78.99169921874999,1.293212890625],[-78.9232421875,1.348925781249988],[-78.89980468750001,1.359765625],[-78.90922851562497,1.252783203124991]]],[[[-90.33486328125,-0.771582031250006],[-90.38710937499998,-0.773339843750009],[-90.54213867187498,-0.676464843750011],[-90.531689453125,-0.581445312500009],[-90.4697265625,-0.517382812500003],[-90.26938476562499,-0.484667968750003],[-90.18530273437497,-0.544824218750008],[-90.19272460937499,-0.658789062500006],[-90.26108398437499,-0.741992187500003],[-90.31542968750001,-0.757226562500009],[-90.33486328125,-0.771582031250006]]],[[[-89.418896484375,-0.911035156250009],[-89.53662109374999,-0.952343750000011],[-89.57729492187498,-0.933789062500011],[-89.60263671874999,-0.913476562500009],[-89.60859375,-0.888574218750008],[-89.54345703124999,-0.826855468750011],[-89.47993164062498,-0.793359375],[-89.42314453124999,-0.722265625],[-89.31840820312497,-0.680078125],[-89.28784179687499,-0.68984375],[-89.26743164062498,-0.70458984375],[-89.259375,-0.728417968750009],[-89.29487304687498,-0.7859375],[-89.35834960937498,-0.826074218750009],[-89.418896484375,-0.911035156250009]]],[[[-91.4259765625,-0.460839843750009],[-91.5263671875,-0.478222656250011],[-91.61074218749998,-0.443945312500006],[-91.64658203124996,-0.390820312500011],[-91.65415039062499,-0.3109375],[-91.64667968749998,-0.284472656250003],[-91.46015624999998,-0.255664062500003],[-91.39936523437498,-0.322460937500011],[-91.39995117187499,-0.4208984375],[-91.4259765625,-0.460839843750009]]],[[[-90.42392578125,-1.339941406250005],[-90.46440429687499,-1.341992187500012],[-90.51953124999997,-1.299121093750003],[-90.47719726562501,-1.220996093750003],[-90.43198242187498,-1.23984375],[-90.39873046874997,-1.262304687500006],[-90.37915039062501,-1.292285156250002],[-90.42392578125,-1.339941406250005]]],[[[-91.27216796874998,0.025146484375],[-91.21005859374999,-0.039306640625],[-91.17622070312501,-0.223046875],[-90.975537109375,-0.416894531250009],[-90.950634765625,-0.525195312500003],[-90.96845703124998,-0.575585937500009],[-90.95893554687498,-0.5953125],[-90.86254882812501,-0.671777343750008],[-90.79965820312499,-0.752050781250006],[-90.905517578125,-0.940527343750005],[-91.1310546875,-1.019628906250005],[-91.371533203125,-1.016992187500008],[-91.41904296874998,-0.996679687500006],[-91.48354492187498,-0.924609375],[-91.49541015624999,-0.8609375],[-91.45830078124999,-0.799511718750012],[-91.33408203124999,-0.70625],[-91.14467773437498,-0.622851562500003],[-91.12094726562498,-0.55908203125],[-91.19702148437501,-0.496972656250009],[-91.24951171874999,-0.373632812500006],[-91.369189453125,-0.287207031250006],[-91.428857421875,-0.023388671875011],[-91.46870117187498,-0.010302734375003],[-91.55,-0.046679687500003],[-91.590087890625,-0.014794921875009],[-91.596826171875,0.002099609374994],[-91.50917968749998,0.062255859375],[-91.49101562499999,0.105175781249997],[-91.36137695312497,0.125830078124991],[-91.30576171875,0.09140625],[-91.27216796874998,0.025146484375]]],[[[-90.57392578125,-0.333984375],[-90.62045898437499,-0.3642578125],[-90.80903320312497,-0.329394531250003],[-90.86777343749999,-0.271386718750009],[-90.82036132812496,-0.1921875],[-90.78037109374999,-0.160449218750003],[-90.667529296875,-0.18984375],[-90.5533203125,-0.278417968750006],[-90.57392578125,-0.333984375]]]]}},{"type":"Feature","properties":{"ADMIN":"Denmark","ADM0_A3":"DNK"},"geometry":{"type":"MultiPolygon","coordinates":[[[[12.56875,55.785058593750016],[12.571191406250025,55.68496093750001],[12.545214843750019,55.65581054687499],[12.507031250000013,55.636621093750016],[12.40712890625002,55.616259765624996],[12.320605468750017,55.58784179687499],[12.243457031250017,55.53789062500001],[12.215039062500013,55.46650390625002],[12.275390625,55.41425781249999],[12.385156250000025,55.385644531249994],[12.4130859375,55.28618164062501],[12.32246093750001,55.23710937499998],[12.08994140625001,55.188134765624994],[12.065527343750004,55.069921875],[12.073046875000017,54.976757812500004],[12.06884765625,54.909033203125],[12.050390625,54.815332031249994],[11.862304687499995,54.77260742187497],[11.74091796875001,54.91533203124998],[11.73984375,54.972460937499974],[11.703613281250002,55.039160156250006],[11.696777343750002,55.09599609374997],[11.65380859375,55.18691406249999],[11.475878906250019,55.21152343750001],[11.4068359375,55.21474609375],[11.310253906250008,55.197851562500006],[11.286328125000011,55.20444335937499],[11.170703125000015,55.32861328124999],[11.189746093750014,55.465625],[11.128027343750002,55.534765625],[11.119531250000025,55.566064453125016],[11.120996093750021,55.600732421875016],[11.0703125,55.629296875],[11.008789062500002,55.644433593750016],[10.978906250000023,55.72153320312501],[11.049609375000012,55.740234375],[11.224414062500012,55.73120117187498],[11.275488281250002,55.73647460937498],[11.322265625,55.752539062500006],[11.463671875000017,55.879296875],[11.45957031250001,55.9072265625],[11.47470703125,55.943457031249984],[11.627734375000017,55.956884765625],[11.695898437500007,55.90791015624999],[11.682226562500007,55.829492187500016],[11.690917968749998,55.72900390625001],[11.783593750000023,55.70166015625002],[11.819726562500026,55.69765625000003],[11.858300781250023,55.771875],[11.885351562500004,55.80795898437497],[11.922070312500015,55.828076171875026],[11.9345703125,55.89589843749999],[11.912792968750006,55.93730468750001],[11.866406250000013,55.96816406250001],[12.039648437500004,56.052148437499994],[12.218945312500008,56.118652343749986],[12.323242187499996,56.122119140624996],[12.428222656250004,56.10585937500004],[12.52578125000002,56.083398437500016],[12.578710937500006,56.06406250000001],[12.608398437500002,56.03300781250001],[12.54296875,55.95898437499997],[12.524804687500025,55.918457031249986],[12.56875,55.785058593750016]]],[[[9.739746093749998,54.825537109375],[9.725,54.825537109375],[9.661230468750006,54.834375],[9.615820312500004,54.855419921875004],[9.498730468750011,54.840429687499984],[9.341992187500011,54.806298828124994],[9.254980468750004,54.80800781249999],[9.18583984375001,54.84467773437499],[8.902929687500007,54.896923828125004],[8.857226562500017,54.90112304687501],[8.670703125000015,54.903320312499986],[8.670312500000023,54.90341796875002],[8.661425781250015,54.9859375],[8.63828125,55.04555664062501],[8.57294921875001,55.134277343749986],[8.669824218750023,55.15566406250001],[8.651074218750006,55.328564453124955],[8.615917968750011,55.41821289062501],[8.3453125,55.51030273437499],[8.132128906250017,55.599804687500004],[8.181347656250006,55.90117187499997],[8.20234375000001,55.982373046874976],[8.121484375000021,56.13989257812501],[8.1298828125,56.321191406249994],[8.163964843750026,56.606884765625026],[8.231738281250017,56.61806640625001],[8.28144531250001,56.616699218750014],[8.473144531249998,56.565429687499986],[8.55292968750001,56.56030273437502],[8.607617187500013,56.514501953124984],[8.671679687500017,56.495654296875],[8.718066406250017,56.544287109375006],[8.736132812500015,56.627441406249986],[8.888085937500023,56.735058593750004],[8.994531250000023,56.7748046875],[9.067089843750008,56.79384765625],[9.14033203125001,56.75043945312501],[9.19638671875,56.701660156249986],[9.209667968750013,56.80839843750001],[9.254882812499996,57.01171875],[9.110449218750006,57.043652343750004],[8.992773437500007,57.01611328125],[8.876074218750004,56.88725585937498],[8.771972656249998,56.72529296874999],[8.603125,56.71040039062502],[8.468359375,56.66455078125],[8.3466796875,56.71210937500002],[8.268261718750011,56.754003906249984],[8.26630859375001,56.81533203124999],[8.284082031250021,56.852343750000024],[8.427050781250019,56.98442382812503],[8.618554687500025,57.11127929687502],[8.811523437500002,57.11005859375],[8.952246093750007,57.1505859375],[9.036328125,57.155419921875016],[9.298828125,57.146533203124996],[9.43359375,57.174316406250014],[9.554296875,57.232470703125024],[9.81513671875001,57.47841796874999],[9.962304687500021,57.58095703125],[10.259082031250012,57.61704101562499],[10.533300781250006,57.735400390625024],[10.609960937500002,57.736914062499956],[10.48095703125,57.648681640624986],[10.460253906250017,57.614550781249996],[10.44462890625002,57.56220703125001],[10.537109375,57.448535156249974],[10.517578125,57.37934570312499],[10.52412109375001,57.243212890624974],[10.436914062500025,57.172265625],[10.338476562500004,57.02133789062502],[10.29609375000001,56.99912109374998],[10.28701171875002,56.822949218749976],[10.296679687500012,56.780908203125],[10.28271484375,56.6205078125],[10.38359375,56.55483398437495],[10.490234375,56.52050781250003],[10.84589843750001,56.52172851562502],[10.8828125,56.49287109374998],[10.926171875000025,56.44326171875002],[10.894433593750021,56.35903320312502],[10.856445312500004,56.29550781250001],[10.753417968750005,56.24199218750003],[10.621191406250004,56.202099609375004],[10.538964843750021,56.200341796874994],[10.426953125000011,56.27617187499998],[10.373730468750008,56.25156249999996],[10.31875,56.212890625],[10.226660156250004,56.00537109374998],[10.183007812500025,55.86518554687503],[10.159375,55.853808593749996],[10.107324218750023,55.87446289062498],[10.017382812500014,55.87607421874999],[9.903710937500025,55.842822265624996],[9.962011718750006,55.81308593750002],[10.02363281250001,55.76142578125],[9.999023437500002,55.73554687500002],[9.899023437500004,55.70756835937498],[9.810351562500015,55.65097656250001],[9.773242187500017,55.60815429687501],[9.661425781250017,55.55747070312502],[9.591113281250017,55.49321289062498],[9.625585937500002,55.41357421875],[9.640234375,55.34365234375001],[9.670996093750004,55.26640625000001],[9.64326171875001,55.204736328124994],[9.504785156250021,55.116259765624996],[9.453710937500007,55.03955078125001],[9.572363281250007,55.04052734375002],[9.645410156250021,55.022802734375],[9.68818359375001,55.00014648437502],[9.732324218750021,54.96801757812497],[9.705273437500011,54.92832031250001],[9.739746093749998,54.825537109375]]],[[[10.645117187500004,55.609814453125004],[10.686816406250017,55.55761718750002],[10.738085937500017,55.44633789062501],[10.819238281250028,55.321875],[10.785351562500011,55.26977539062499],[10.80839843750002,55.203027343750016],[10.785253906250004,55.13339843749999],[10.623828125000019,55.052441406249976],[10.442773437500023,55.04877929687501],[10.25458984375001,55.08789062500003],[9.98876953125,55.16318359375005],[9.967382812500004,55.20546875],[9.930078125000023,55.228906250000016],[9.858984375,55.357226562499996],[9.860644531250015,55.515478515625006],[9.994238281250006,55.535302734375],[10.2861328125,55.61083984374997],[10.353613281250007,55.598974609375006],[10.424023437500015,55.5603515625],[10.505078125000015,55.55805664062501],[10.622753906250011,55.61284179687499],[10.645117187500004,55.609814453125004]]],[[[11.361425781250007,54.891650390625],[11.538378906250017,54.82958984375001],[11.658105468750023,54.833154296874994],[11.739550781250017,54.807421874999974],[11.758984375000015,54.767675781250006],[11.765917968750017,54.679443359375],[11.680371093750015,54.65371093749999],[11.5859375,54.66245117187496],[11.457421875000021,54.62885742187498],[11.035546875000021,54.77309570312501],[11.04169921875001,54.89335937500001],[11.05859375,54.94057617187497],[11.258496093750008,54.951806640624994],[11.361425781250007,54.891650390625]]],[[[10.734082031250008,54.750732421875],[10.689746093750015,54.74506835937499],[10.629492187500002,54.82607421875001],[10.621679687500006,54.85141601562501],[10.692480468750004,54.903271484375004],[10.73828125,54.96201171875],[10.856738281250015,55.052197265625004],[10.925,55.157861328124994],[10.951074218750023,55.156201171875004],[10.920800781250023,55.06210937499998],[10.765234375,54.799658203125006],[10.734082031250008,54.750732421875]]],[[[12.549218750000023,54.965771484375004],[12.511035156250022,54.95087890625002],[12.357519531250004,54.961816406249994],[12.184472656250021,54.89248046874999],[12.118847656250011,54.914404296875],[12.143652343750004,54.95869140624997],[12.16171875,54.97480468749998],[12.219921875000015,54.99360351562499],[12.258789062499998,55.02109374999996],[12.274023437500004,55.064111328125],[12.310058593750004,55.04091796875001],[12.417187500000011,55.03120117187501],[12.46953125000001,55.01748046874997],[12.51328125,54.997314453125],[12.549218750000023,54.965771484375004]]],[[[12.665722656250013,55.59653320312501],[12.571582031250014,55.55400390625],[12.550878906250007,55.55625],[12.520312500000017,55.614599609375006],[12.569921875,55.65009765624999],[12.59921875,55.68022460937497],[12.620019531250021,55.67934570312503],[12.6484375,55.64677734375],[12.665722656250013,55.59653320312501]]],[[[10.484375,54.84755859375001],[10.41728515625002,54.837158203125014],[10.340527343750011,54.85893554687502],[10.215625,54.940966796875],[10.199902343750011,54.962744140625006],[10.265527343750025,54.948828125],[10.346972656250017,54.90595703124998],[10.413671875,54.89682617187502],[10.50488281249999,54.86054687499998],[10.484375,54.84755859375001]]],[[[10.06123046875001,54.886376953124994],[9.957128906250006,54.87246093750003],[9.90390625,54.89663085937497],[9.80625,54.906005859375],[9.771191406250011,55.05991210937499],[9.78125,55.06904296875],[9.830371093750017,55.058251953125016],[9.99882812500002,54.986474609375016],[10.057714843750006,54.90791015625001],[10.06123046875001,54.886376953124994]]],[[[10.607324218750021,55.783056640625],[10.590332031249998,55.765087890625],[10.526953125,55.78378906249997],[10.520312500000017,55.84848632812503],[10.544335937500025,55.90659179687502],[10.516113281250002,55.95854492187501],[10.547167968750014,55.99194335937499],[10.636328125,55.91416015625],[10.66171875,55.87758789062502],[10.627343750000023,55.833886718749994],[10.607324218750021,55.783056640625]]],[[[11.052148437500025,57.25253906249999],[11.01142578125001,57.22910156250001],[10.873828125000015,57.26225585937497],[10.934570312499996,57.30859375],[11.085742187500017,57.329931640625],[11.174511718750008,57.322900390625016],[11.076855468750011,57.27690429687501],[11.052148437500025,57.25253906249999]]],[[[15.08769531250002,55.021875],[15.05078125,55.004931640625],[14.885546875000015,55.032958984375],[14.684179687500006,55.10224609375001],[14.713671875000017,55.23803710937499],[14.76533203125001,55.296728515625006],[15.132617187500014,55.14453124999996],[15.137109375000017,55.08715820312499],[15.08769531250002,55.021875]]]]}},{"type":"Feature","properties":{"ADMIN":"Colombia","ADM0_A3":"COL"},"geometry":{"type":"MultiPolygon","coordinates":[[[[-71.31972656249998,11.861914062499991],[-71.35556640624999,11.849755859374993],[-71.40019531249997,11.823535156249985],[-71.53608398437498,11.774072265624996],[-71.71948242187499,11.726855468749994],[-71.95810546874999,11.66640625],[-72.01230468749999,11.601953125],[-72.24848632812497,11.196435546874996],[-72.44609374999999,11.114257812500002],[-72.51801757812501,11.05390625],[-72.572265625,10.97714843749999],[-72.690087890625,10.835839843749996],[-72.73916015624997,10.727197265624994],[-72.86933593749998,10.491259765624992],[-72.940380859375,10.195751953124997],[-72.96738281249999,10.029736328124994],[-73.00654296874998,9.789160156249988],[-73.0640625,9.668212890625002],[-73.14125976562501,9.554638671874999],[-73.22426757812501,9.443603515624998],[-73.295654296875,9.322021484374998],[-73.35634765624998,9.226855468749989],[-73.36621093750001,9.194140624999987],[-73.33671874999999,9.167919921874997],[-73.19316406249997,9.194140624999987],[-73.13671874999999,9.222802734374996],[-73.0583984375,9.259570312499989],[-73.00927734375,9.239941406249997],[-72.96015625000001,9.13515625],[-72.90444335937501,9.1220703125],[-72.85209960937497,9.13515625],[-72.79638671874999,9.108984375],[-72.72553710937498,8.848291015624996],[-72.66542968749998,8.627587890624994],[-72.52573242187499,8.489697265624997],[-72.41655273437499,8.381982421874994],[-72.39033203124998,8.287060546874995],[-72.36416015624997,8.152783203124999],[-72.35761718750001,8.087304687499994],[-72.39169921874999,8.047705078124993],[-72.44604492187497,7.966113281249989],[-72.45957031249998,7.80986328124999],[-72.46889648437501,7.757958984374993],[-72.478955078125,7.613232421874998],[-72.47197265625,7.524267578124988],[-72.44296875,7.45488281249999],[-72.39462890624998,7.415087890624992],[-72.29633789062498,7.39453125],[-72.20771484375,7.370263671874996],[-72.156689453125,7.249707031249998],[-72.08427734374997,7.096875],[-72.00664062499999,7.032617187499996],[-71.89267578125,6.990332031249992],[-71.81127929687501,7.005810546874995],[-71.62089843749996,7.032910156249997],[-71.45712890625,7.0263671875],[-71.21782226562497,6.985205078124992],[-71.12861328125,6.98671875],[-71.01328125,6.994433593749989],[-70.81069335937498,7.077587890624998],[-70.73715820312499,7.090039062499997],[-70.655078125,7.082763671875001],[-70.53554687499998,7.040527343750001],[-70.47065429687498,7.007128906249989],[-70.3875,6.972607421874998],[-70.26611328124999,6.947949218749996],[-70.18813476562498,6.952050781249997],[-70.12919921874997,6.953613281249998],[-70.09501953124997,6.937939453124996],[-69.90419921875,6.700244140624989],[-69.73896484375,6.494384765624998],[-69.59482421874998,6.321484375],[-69.43925781249997,6.134912109374994],[-69.4271484375,6.123974609374998],[-69.357080078125,6.147998046874988],[-69.31083984374999,6.137597656249992],[-69.26816406249999,6.09970703124999],[-69.19453125000001,6.115332031249991],[-69.08994140625,6.184375],[-68.93720703125,6.198193359374995],[-68.73647460937501,6.15678710937499],[-68.47177734374999,6.15654296874999],[-68.14306640625,6.197509765624998],[-67.9388671875,6.241943359375001],[-67.85917968749999,6.289892578124991],[-67.72714843749999,6.284960937499988],[-67.56806640625001,6.241796875],[-67.48198242187499,6.180273437499991],[-67.47158203125,6.119775390624995],[-67.43935546875,6.025537109374995],[-67.473876953125,5.929980468749988],[-67.57519531250001,5.833105468749992],[-67.63134765624999,5.709375],[-67.64228515625,5.5587890625],[-67.69462890624999,5.447509765625],[-67.78842773437499,5.375488281250001],[-67.82490234375,5.270458984374995],[-67.80419921875001,5.132519531249998],[-67.81430664062499,4.930810546874992],[-67.85527343749999,4.665478515624996],[-67.85527343749999,4.506884765624987],[-67.81430664062499,4.455078125],[-67.79541015624997,4.380712890624991],[-67.79863281249997,4.283886718749998],[-67.78320312500001,4.198242187500001],[-67.73232421875,4.086523437499991],[-67.66162109375001,3.864257812500002],[-67.6025390625,3.768798828125],[-67.55112304687499,3.733837890624996],[-67.498681640625,3.691113281249998],[-67.34770507812499,3.463769531249996],[-67.31113281249999,3.415869140624992],[-67.32216796875,3.373974609374997],[-67.33627929687499,3.342626953124991],[-67.35361328124999,3.32265625],[-67.51484375,3.187255859375001],[-67.83476562499999,2.892822265625],[-67.86123046875,2.855322265624991],[-67.85908203125,2.793603515624995],[-67.766455078125,2.833300781249989],[-67.667236328125,2.800195312499994],[-67.61870117187499,2.793603515624995],[-67.5966796875,2.769335937499988],[-67.568017578125,2.68994140625],[-67.53496093749999,2.676757812500001],[-67.48642578124999,2.643652343749992],[-67.3916015625,2.559912109374991],[-67.312255859375,2.4716796875],[-67.25273437499999,2.429443359375],[-67.21083984375001,2.390136718749999],[-67.19760742187499,2.332763671875],[-67.21523437499998,2.275488281249991],[-67.165478515625,2.142578125],[-67.13144531249998,2.101269531249997],[-67.113818359375,2.050585937499989],[-67.13144531249998,1.999853515624991],[-67.08955078125,1.940332031249994],[-67.04389648437501,1.823193359374997],[-66.98813476562498,1.68017578125],[-66.98154296874999,1.60078125],[-66.95834960937499,1.564208984375],[-66.93110351562497,1.4580078125],[-66.88447265624998,1.358251953124991],[-66.8955078125,1.289892578124991],[-66.876025390625,1.223046875],[-67.065234375,1.178369140624994],[-67.082275390625,1.185400390624992],[-67.09365234375001,1.210009765624988],[-67.08828125,1.400585937499997],[-67.09013671875,1.615576171874992],[-67.11923828125,1.70361328125],[-67.205810546875,1.844824218749991],[-67.32060546874999,2.032080078124991],[-67.35195312499998,2.085839843749995],[-67.40043945312497,2.11669921875],[-67.457763671875,2.121142578124988],[-67.499658203125,2.10791015625],[-67.5560546875,2.072998046875],[-67.60922851562499,2.035058593749995],[-67.71186523437498,1.922119140625],[-67.815087890625,1.790087890624988],[-67.87553710937499,1.760595703124992],[-67.93623046874998,1.748486328124998],[-67.98974609375001,1.752539062499991],[-68.03286132812501,1.788037109374997],[-68.07705078125,1.860107421875],[-68.1302734375,1.955761718749997],[-68.19379882812501,1.987011718749997],[-68.218359375,1.957617187499992],[-68.23945312499998,1.9013671875],[-68.25595703124999,1.845507812499989],[-68.21328125,1.774560546874995],[-68.17656249999999,1.719824218749991],[-68.23955078125,1.7216796875],[-68.44345703125,1.721582031249994],[-68.67846679687499,1.721484374999989],[-68.91318359374999,1.721386718749997],[-69.12426757812499,1.721289062499992],[-69.31972656249998,1.721240234374989],[-69.39433593749996,1.72578125],[-69.470166015625,1.757910156249991],[-69.542919921875,1.773242187499989],[-69.58125,1.770751953124999],[-69.65004882812498,1.739453125],[-69.739599609375,1.73486328125],[-69.79995117187501,1.705175781249992],[-69.848583984375,1.708740234375],[-69.84946289062499,1.543896484374998],[-69.85078125,1.308789062499997],[-69.85214843749999,1.059521484374997],[-69.79814453125,1.078417968749988],[-69.751318359375,1.076611328124997],[-69.71699218750001,1.05908203125],[-69.62089843749997,1.0732421875],[-69.567578125,1.065771484374991],[-69.51713867187497,1.059472656249995],[-69.4703125,1.05859375],[-69.44150390624999,1.038818359375],[-69.40278320312498,1.042382812499995],[-69.361376953125,1.064013671874989],[-69.31181640624997,1.050488281249997],[-69.25869140625,1.015380859375],[-69.22446289062499,0.963134765625],[-69.19384765625,0.898291015624991],[-69.163232421875,0.864062499999989],[-69.1650390625,0.801953125],[-69.165966796875,0.753320312499994],[-69.1767578125,0.712841796874997],[-69.163232421875,0.686669921874995],[-69.1533203125,0.658789062499991],[-69.15605468749999,0.642529296874997],[-69.17407226562501,0.635351562499991],[-69.21279296875,0.629931640624989],[-69.25419921874999,0.625439453124997],[-69.28300781249999,0.627246093749989],[-69.30551757812496,0.652441406249991],[-69.32714843749997,0.655175781249994],[-69.358642578125,0.6515625],[-69.39199218749998,0.666894531249994],[-69.42080078124998,0.698388671874994],[-69.47211914062497,0.729931640624997],[-69.52705078125,0.71640625],[-69.56484375,0.7001953125],[-69.60361328124999,0.680371093749997],[-69.638720703125,0.65966796875],[-69.673828125,0.665087890624989],[-69.718896484375,0.649804687499995],[-69.75673828125001,0.626367187499994],[-69.80712890625,0.607470703124989],[-69.862060546875,0.598486328124991],[-69.92509765624999,0.589404296874989],[-69.98544921874999,0.585839843749994],[-70.05390624999998,0.57861328125],[-70.05791015624999,0.447363281249991],[-70.06572265624996,0.189355468749994],[-70.070947265625,0.0185546875],[-70.07050781249998,-0.138867187500011],[-70.04404296874999,-0.196191406250009],[-69.92275390625,-0.317480468750006],[-69.8279296875,-0.38134765625],[-69.74746093749998,-0.452539062500008],[-69.66748046875,-0.482421875],[-69.63398437499998,-0.50927734375],[-69.61191406249998,-0.553320312500006],[-69.60087890624999,-0.599609375],[-69.592041015625,-0.639355468750011],[-69.60087890624997,-0.68125],[-69.620703125,-0.720898437500011],[-69.61191406249999,-0.762792968750006],[-69.583251953125,-0.7958984375],[-69.57441406249998,-0.837792968750008],[-69.55458984375,-0.87744140625],[-69.5435546875,-0.917187500000011],[-69.51928710937501,-0.945800781250001],[-69.488427734375,-0.965722656250009],[-69.44873046875,-0.998730468750011],[-69.4443359375,-1.029589843750003],[-69.44873046875,-1.06494140625],[-69.44912109375,-1.091601562500003],[-69.41142578125,-1.152246093750008],[-69.40024414062499,-1.194921875],[-69.41787109375,-1.245703125],[-69.43491210937499,-1.421679687500003],[-69.47861328124996,-1.621972656250009],[-69.50644531249999,-1.77490234375],[-69.55185546875,-2.02421875],[-69.6046875,-2.314257812500003],[-69.66904296875,-2.667675781250012],[-69.73261718749998,-3.016699218750006],[-69.79414062499998,-3.354589843750005],[-69.84975585937501,-3.659863281250014],[-69.91103515625,-3.99658203125],[-69.94819335937498,-4.200585937500008],[-69.96591796874999,-4.2359375],[-70.0171875,-4.162011718750009],[-70.09477539062499,-4.0921875],[-70.16752929687499,-4.050195312500008],[-70.198388671875,-3.9951171875],[-70.24028320312497,-3.882714843750007],[-70.2984375,-3.84423828125],[-70.339501953125,-3.814355468750009],[-70.37919921874999,-3.81875],[-70.42109375,-3.849609375],[-70.48583984375,-3.869335937500013],[-70.5296875,-3.86640625000001],[-70.706201171875,-3.78896484375001],[-70.73510742187497,-3.781542968750002],[-70.62167968749998,-3.604589843750007],[-70.418994140625,-3.288281250000011],[-70.29013671875,-3.087304687500009],[-70.14707031249999,-2.8640625],[-70.07402343749999,-2.750195312500012],[-70.06445312500001,-2.730761718750003],[-70.06474609375,-2.70166015625],[-70.095849609375,-2.658203125],[-70.16474609375,-2.639843750000012],[-70.24443359374999,-2.606542968750006],[-70.29462890625,-2.552539062500002],[-70.36416015625,-2.529296875],[-70.41821289062499,-2.49072265625],[-70.51679687500001,-2.453125],[-70.57587890625001,-2.418261718750003],[-70.64799804687497,-2.40576171875],[-70.70537109374996,-2.341992187500011],[-70.91455078125001,-2.218554687500002],[-70.96855468749999,-2.206835937500004],[-71.02729492187498,-2.22578125000001],[-71.11337890624999,-2.245410156250003],[-71.19638671874998,-2.313085937500005],[-71.30009765624997,-2.334863281250009],[-71.39697265625,-2.334082031250006],[-71.4474609375,-2.29375],[-71.49609374999997,-2.279199218750009],[-71.55947265624998,-2.22421875],[-71.671484375,-2.18212890625],[-71.75253906249999,-2.152734375],[-71.802734375,-2.166308593750003],[-71.86728515624999,-2.227734375000011],[-71.93247070312499,-2.288671875],[-71.98427734374998,-2.3265625],[-72.05380859374999,-2.324609375],[-72.13681640624999,-2.380664062500003],[-72.21845703125,-2.400488281250007],[-72.30073242187498,-2.409277343750006],[-72.39560546874999,-2.428906250000012],[-72.50068359374998,-2.39501953125],[-72.58671874999999,-2.365136718750009],[-72.62534179687499,-2.351660156250007],[-72.66015625,-2.361035156250011],[-72.71416015624999,-2.3921875],[-72.81123046875,-2.40546875000001],[-72.88715820312501,-2.408496093750003],[-72.94111328125,-2.394042968749999],[-72.9896484375,-2.339746093750009],[-73.06816406249996,-2.312011718749999],[-73.15449218749998,-2.278222656250009],[-73.17265624999999,-2.208398437500009],[-73.16020507812499,-2.156347656250006],[-73.12651367187499,-2.0810546875],[-73.14521484375001,-2.003320312500008],[-73.181494140625,-1.880371093749999],[-73.19697265624998,-1.830273437500011],[-73.223974609375,-1.787695312500006],[-73.26645507812499,-1.772265625],[-73.34951171874998,-1.783886718750011],[-73.44028320312499,-1.737402343750006],[-73.49628906249998,-1.693066406250012],[-73.52524414062499,-1.638867187500011],[-73.49433593749998,-1.53662109375],[-73.52138671874997,-1.44970703125],[-73.57548828124997,-1.4013671875],[-73.61025390625,-1.31640625],[-73.66430664062499,-1.248828125],[-73.73574218749998,-1.214160156250003],[-73.80717773437499,-1.217968750000011],[-73.86318359374997,-1.196679687500009],[-73.926953125,-1.125195312500011],[-73.98681640624999,-1.09814453125],[-74.05439453125,-1.028613281250003],[-74.18076171874999,-0.997753906250011],[-74.24638671874999,-0.970605468750008],[-74.28388671875001,-0.927832031250006],[-74.33442382812501,-0.850878906250003],[-74.32861328125001,-0.808398437500003],[-74.353125,-0.7666015625],[-74.37490234375,-0.69140625],[-74.41787109375001,-0.580664062500006],[-74.46518554687499,-0.517675781250006],[-74.51386718750001,-0.470117187500008],[-74.55507812499998,-0.429882812500011],[-74.616357421875,-0.370019531250008],[-74.69165039062499,-0.335253906250003],[-74.75537109374999,-0.298632812500003],[-74.78046875,-0.24453125],[-74.8017578125,-0.200097656250008],[-74.8375,-0.203320312500011],[-74.88881835937501,-0.199414062500011],[-74.9453125,-0.188183593750011],[-75.00498046874999,-0.155859375],[-75.05468749999999,-0.11669921875],[-75.13837890624998,-0.050488281250011],[-75.18408203124999,-0.041748046875],[-75.224609375,-0.041748046875],[-75.28447265624999,-0.106542968750006],[-75.46396484374999,-0.038427734375006],[-75.617333984375,0.062890625],[-75.77666015625,0.089257812499994],[-75.87978515624998,0.150976562499991],[-75.97485351562499,0.247753906249997],[-76.02617187499997,0.313085937499991],[-76.06791992187499,0.345556640624991],[-76.27060546874999,0.439404296874997],[-76.31103515624997,0.448486328125],[-76.38818359374999,0.404980468749997],[-76.41337890624997,0.378857421874997],[-76.41796875000001,0.30390625],[-76.42729492187497,0.26123046875],[-76.49462890625,0.235449218749991],[-76.60302734375,0.240966796875],[-76.67851562499999,0.268164062499991],[-76.72900390625001,0.272119140624994],[-76.73930664062499,0.250830078124991],[-76.76772460937497,0.241650390624997],[-76.829345703125,0.247753906249997],[-76.9201171875,0.268505859374997],[-77.00244140625,0.296240234374991],[-77.11411132812499,0.355078125],[-77.16572265625,0.347753906249991],[-77.29267578124998,0.360400390624989],[-77.39633789062499,0.393896484374991],[-77.42275390625,0.424853515624989],[-77.46767578124998,0.636523437499988],[-77.48139648437501,0.651171874999989],[-77.52612304687499,0.660351562499997],[-77.601318359375,0.689501953124989],[-77.6486328125,0.7236328125],[-77.673193359375,0.7822265625],[-77.70288085937499,0.837841796874997],[-77.829541015625,0.825390625],[-78.03701171875001,0.898730468749989],[-78.18066406250001,0.968554687499988],[-78.31210937499998,1.04609375],[-78.51152343749997,1.198828125],[-78.587646484375,1.236669921874991],[-78.68164062499999,1.283447265625],[-78.73710937499999,1.358691406249988],[-78.82885742187501,1.434667968749992],[-78.85966796874997,1.455371093749988],[-78.8884765625,1.524072265624994],[-79.025439453125,1.623681640624994],[-78.957666015625,1.752197265625],[-78.79296875000001,1.848730468749991],[-78.57690429687499,1.773779296874992],[-78.55043945312501,1.923632812499988],[-78.62861328125001,2.05625],[-78.61704101562498,2.306787109374994],[-78.59169921874998,2.356640625],[-78.53471679687499,2.423681640624992],[-78.46044921875001,2.470068359374991],[-78.41689453125,2.483496093749992],[-78.34287109374999,2.460546875],[-78.296142578125,2.510498046875],[-78.12001953125,2.488183593749994],[-78.06665039062499,2.509130859374991],[-78.03017578124998,2.543066406249991],[-77.98720703125,2.568994140624994],[-77.93227539062501,2.629248046874991],[-77.90078125,2.698828125],[-77.87451171875,2.725878906249988],[-77.81357421874999,2.716357421874989],[-77.80795898437499,2.746386718749989],[-77.77666015625002,2.787304687499997],[-77.67001953124998,2.878857421874998],[-77.67109375000001,2.919335937499995],[-77.7009765625,3.007568359375],[-77.69365234374997,3.039941406249995],[-77.63203124999998,3.051171875],[-77.55913085937497,3.075976562499989],[-77.52026367187503,3.160253906249991],[-77.47221679687499,3.233789062499994],[-77.417138671875,3.341796875],[-77.35654296875,3.348583984374997],[-77.3244140625,3.474755859374994],[-77.24277343749999,3.585351562499994],[-77.076806640625,3.91328125],[-77.12685546875,3.906054687499987],[-77.16660156249996,3.862255859374995],[-77.21201171874999,3.867431640624999],[-77.263525390625,3.893212890624993],[-77.24838867187498,4.040966796874996],[-77.27802734375,4.058496093749993],[-77.35820312499997,3.944726562499994],[-77.42729492187497,4.060449218749996],[-77.433544921875,4.130957031249991],[-77.40449218750001,4.20078125],[-77.408740234375,4.247753906249997],[-77.520703125,4.212792968749995],[-77.51552734375,4.256298828124998],[-77.44584960937497,4.301025390624999],[-77.4142578125,4.347607421874994],[-77.35351562500001,4.398291015624991],[-77.32832031250001,4.475],[-77.31367187499998,4.59384765624999],[-77.28632812499998,4.721728515624989],[-77.30654296875001,4.78466796875],[-77.339453125,4.838525390624993],[-77.366748046875,5.0765625],[-77.35917968749997,5.215185546874992],[-77.37329101562499,5.323974609374999],[-77.4017578125,5.416162109374993],[-77.53442382812499,5.537109375],[-77.324609375,5.675634765624991],[-77.24926757812497,5.780175781249992],[-77.344677734375,5.995361328124999],[-77.46943359375,6.176757812499998],[-77.473046875,6.285644531249998],[-77.44008789062498,6.271728515625001],[-77.39824218749997,6.275],[-77.35986328125,6.504492187499993],[-77.368798828125,6.575585937499993],[-77.43886718749998,6.690332031249993],[-77.5259765625,6.693115234374998],[-77.60214843749999,6.837304687499993],[-77.64584960937498,6.86962890625],[-77.68095703124999,6.960400390624998],[-77.80371093750001,7.137255859374988],[-77.90117187499999,7.229345703124992],[-77.82832031249998,7.442822265624998],[-77.76469726562499,7.48369140624999],[-77.74389648437499,7.53696289062499],[-77.76875,7.668066406249991],[-77.7619140625,7.698828125],[-77.746923828125,7.711865234374997],[-77.73203124999998,7.7109375],[-77.70634765624997,7.691210937499988],[-77.65859375,7.634619140624992],[-77.618603515625,7.564550781249991],[-77.586572265625,7.543066406249991],[-77.53828124999998,7.566259765624991],[-77.35078124999997,7.705859374999988],[-77.362744140625,7.749072265624989],[-77.34560546875002,7.83652343749999],[-77.28295898437501,7.908154296874998],[-77.215966796875,7.932519531249995],[-77.19599609374998,7.972460937499986],[-77.21230468749998,8.033886718749999],[-77.2826171875,8.187060546874989],[-77.34550781249997,8.26953125],[-77.38588867187501,8.35166015624999],[-77.407275390625,8.42724609375],[-77.47851562500001,8.4984375],[-77.44833984374999,8.565869140624997],[-77.39306640625,8.644677734374993],[-77.37421875,8.658300781249991],[-77.34414062499998,8.63671875],[-77.26157226562499,8.493701171874987],[-77.130126953125,8.400585937499995],[-76.99228515624999,8.250341796874991],[-76.93583984375,8.146826171874991],[-76.89096679687499,8.127978515624989],[-76.85185546874999,8.090478515624994],[-76.869091796875,8.062695312499999],[-76.91220703124999,8.033398437499999],[-76.92465820312499,7.97319335937499],[-76.896630859375,7.939453125],[-76.86689453125001,7.91796875],[-76.78657226562497,7.931591796874996],[-76.74233398437498,8.002148437499997],[-76.7720703125,8.310546875],[-76.818603515625,8.464697265624991],[-76.87221679687498,8.512744140624989],[-76.92045898437499,8.573730468750002],[-76.88798828124997,8.619873046874998],[-76.80224609375,8.640673828124992],[-76.68935546875,8.694726562499994],[-76.27685546874997,8.989111328124991],[-76.13549804687496,9.265625],[-76.02724609374998,9.365771484374989],[-75.90502929687499,9.430908203125],[-75.75556640625001,9.415625],[-75.63935546875,9.450439453125],[-75.60361328124999,9.538476562499993],[-75.63535156249998,9.6578125],[-75.68002929687498,9.729785156249987],[-75.637109375,9.834277343749987],[-75.59267578124998,9.992724609374985],[-75.59589843750001,10.12583007812499],[-75.53857421875001,10.205175781249991],[-75.55839843749999,10.236425781249991],[-75.6421875,10.172167968749987],[-75.708349609375,10.143408203124993],[-75.67089843749999,10.19633789062499],[-75.55371093749999,10.327734375],[-75.49277343749999,10.527636718749987],[-75.44599609374998,10.61088867187499],[-75.280615234375,10.727197265624994],[-75.24794921874998,10.78325195312499],[-75.123046875,10.870410156249985],[-74.92158203124998,11.057568359374997],[-74.84458007812498,11.109716796874988],[-74.45424804687501,10.9890625],[-74.33022460937501,10.996679687499991],[-74.352392578125,10.974658203124989],[-74.4095703125,10.9671875],[-74.49228515624999,10.93447265624999],[-74.51625976562498,10.8625],[-74.46025390624997,10.787060546874997],[-74.40087890624999,10.765234375],[-74.35019531249999,10.813720703124998],[-74.299951171875,10.95224609374999],[-74.219140625,11.105322265624993],[-74.2001953125,11.265722656249991],[-74.14291992187499,11.32084960937499],[-74.05913085937499,11.340625],[-73.9095703125,11.308886718749992],[-73.79570312499999,11.275683593749989],[-73.67690429687497,11.271484375],[-73.31337890625,11.295751953124993],[-72.72182617187498,11.712158203125],[-72.44707031249999,11.801708984374995],[-72.275,11.889257812499993],[-72.165234375,12.060205078124994],[-72.13574218749999,12.18857421874999],[-72.055078125,12.238427734374994],[-71.9701171875,12.23828125],[-71.93125,12.26953125],[-71.919140625,12.30908203125],[-71.71455078124998,12.419970703124989],[-71.59746093749999,12.434375],[-71.49399414062499,12.432275390624996],[-71.262109375,12.33530273437499],[-71.155029296875,12.16416015624999],[-71.13730468749999,12.046337890624995],[-71.2841796875,11.918310546874993],[-71.31972656249998,11.861914062499991]]],[[[-78.11372070312497,2.541748046875],[-78.14082031249998,2.519677734374995],[-78.19248046875,2.559277343749998],[-78.210107421875,2.609179687499988],[-78.17841796875001,2.646337890624991],[-78.13764648437501,2.634179687499994],[-78.119140625,2.603613281249991],[-78.11372070312497,2.541748046875]]]]}},{"type":"Feature","properties":{"ADMIN":"Chile","ADM0_A3":"CHL"},"geometry":{"type":"MultiPolygon","coordinates":[[[[-109.27998046874998,-27.140429687499996],[-109.434130859375,-27.171289062500016],[-109.42915039062495,-27.116210937500004],[-109.39047851562498,-27.068359375],[-109.27646484374999,-27.09589843750001],[-109.22285156250001,-27.101074218749993],[-109.27998046874998,-27.140429687499996]]],[[[-78.80415039062498,-33.646484375],[-78.98334960937501,-33.6677734375],[-78.989453125,-33.66171875],[-78.979296875,-33.644140625],[-78.938134765625,-33.61357421875001],[-78.88828124999998,-33.5763671875],[-78.87744140624999,-33.5751953125],[-78.85903320312501,-33.578125],[-78.83818359375,-33.58505859375001],[-78.78466796875,-33.61015625],[-78.7689453125,-33.62734375],[-78.77470703124999,-33.64160156249999],[-78.80415039062498,-33.646484375]]],[[[-70.41826171874999,-18.345605468750016],[-70.37749023437497,-18.33359375],[-70.282275390625,-18.325390625],[-70.1837890625,-18.3251953125],[-70.05908203125,-18.283496093750003],[-69.9263671875,-18.2060546875],[-69.839697265625,-18.09345703125001],[-69.80258789062495,-17.990234375],[-69.80244140625,-17.9],[-69.84150390625,-17.78515625],[-69.85209960937499,-17.703808593750008],[-69.80610351562498,-17.664941406250005],[-69.684765625,-17.649804687500016],[-69.58642578125,-17.5732421875],[-69.5109375,-17.506054687500008],[-69.49501953125,-17.61953125],[-69.35800781249999,-17.77167968750001],[-69.31337890624998,-17.943164062499996],[-69.28232421874999,-17.96484375],[-69.09394531249998,-18.050488281250015],[-69.09042968749999,-18.070703125],[-69.11806640625,-18.102734375],[-69.145458984375,-18.14404296875],[-69.12636718750001,-18.202441406249996],[-69.09228515625001,-18.28242187500001],[-69.08095703125,-18.356640625],[-69.06015624999998,-18.43300781250001],[-69.03940429687499,-18.55009765625],[-69.02680664062498,-18.65625],[-68.97885742187499,-18.812988281249996],[-68.96909179687498,-18.909667968750004],[-68.96831054687496,-18.96796875],[-68.93100585937498,-19.025195312500003],[-68.85795898437499,-19.093359375],[-68.75908203124996,-19.162207031250002],[-68.6806640625,-19.242382812500015],[-68.62055664062498,-19.2966796875],[-68.54785156250001,-19.341113281250006],[-68.49199218749996,-19.381933593750002],[-68.470166015625,-19.409960937500003],[-68.46289062499999,-19.43281250000001],[-68.48701171875,-19.45439453125],[-68.57529296874999,-19.56015625],[-68.698291015625,-19.72109375],[-68.69619140625,-19.740722656250004],[-68.578271484375,-19.85654296875001],[-68.559375,-19.90234375],[-68.56069335937498,-19.967089843750003],[-68.60019531249999,-20.044921875],[-68.727490234375,-20.06962890625001],[-68.75581054687497,-20.090820312500007],[-68.75932617187499,-20.115527343750006],[-68.73002929687499,-20.1484375],[-68.73457031250001,-20.225195312500006],[-68.68857421875,-20.310058593749993],[-68.7123046875,-20.338964843750002],[-68.75922851562495,-20.378027343750006],[-68.76054687499999,-20.41621093750001],[-68.74516601562499,-20.45859375],[-68.69580078125,-20.49296875],[-68.49985351562498,-20.61201171875002],[-68.48432617187501,-20.62841796875],[-68.48740234374996,-20.640722656250013],[-68.56318359374998,-20.72011718750001],[-68.571044921875,-20.769140625],[-68.56894531249998,-20.849804687500008],[-68.55825195312498,-20.901953125],[-68.533837890625,-20.9236328125],[-68.43549804687501,-20.9482421875],[-68.31386718749998,-21.1296875],[-68.19702148437501,-21.30029296875],[-68.19853515624999,-21.447265625],[-68.18642578124998,-21.61855468750001],[-68.11215820312498,-21.75302734375],[-68.101806640625,-21.860644531249992],[-68.07675781249999,-21.9828125],[-67.98837890624999,-22.057128906250004],[-67.95390624999996,-22.20400390625001],[-67.944921875,-22.2822265625],[-67.95039062499998,-22.33369140625001],[-67.88173828124998,-22.49335937500001],[-67.87373046874998,-22.63056640625002],[-67.889990234375,-22.72919921875001],[-67.88916015624999,-22.7841796875],[-67.879443359375,-22.822949218750008],[-67.82050781250001,-22.857714843750003],[-67.79443359374999,-22.87949218750001],[-67.70732421874997,-22.88916015625],[-67.57993164062499,-22.891699218750002],[-67.362255859375,-22.855175781250008],[-67.19487304687499,-22.821679687499998],[-67.00878906249999,-23.001367187499998],[-67.08974609375,-23.245117187499996],[-67.219140625,-23.633984375],[-67.31914062499999,-23.934667968750006],[-67.33559570312498,-23.97480468750001],[-67.35620117187499,-24.033789062500006],[-67.57177734375,-24.11894531250001],[-67.88623046875,-24.24335937500001],[-68.04736328125,-24.308300781250008],[-68.25029296875,-24.391992187500012],[-68.29951171875,-24.460351562500012],[-68.35810546875,-24.49726562500001],[-68.42255859375,-24.545117187500008],[-68.44711914062499,-24.596972656250003],[-68.50727539062498,-24.62978515625001],[-68.56201171875,-24.747363281249996],[-68.56201171875001,-24.837695312500006],[-68.52705078125,-24.89921875],[-68.46630859374999,-24.925195312500005],[-68.44711914062498,-24.998925781250005],[-68.42802734374999,-25.0509765625],[-68.384228515625,-25.091894531250002],[-68.39521484375,-25.124707031250015],[-68.43071289062499,-25.14931640625001],[-68.49633789062501,-25.16298828125],[-68.54082031249997,-25.23671875],[-68.59208984374997,-25.42001953125],[-68.60029296874998,-25.485644531250003],[-68.54189453125001,-25.65156250000001],[-68.51083984374999,-25.741015625],[-68.42675781250001,-26.065429687499996],[-68.41450195312498,-26.153710937500012],[-68.52983398437497,-26.276953125],[-68.57578124999998,-26.351953125000012],[-68.5921875,-26.418066406250006],[-68.59160156249996,-26.470410156250008],[-68.58115234374999,-26.51835937500001],[-68.485107421875,-26.6703125],[-68.37333984374997,-26.806445312499996],[-68.31865234375,-26.87753906250001],[-68.31865234374999,-26.97324218750001],[-68.34599609374999,-27.02792968750001],[-68.40537109374999,-27.048144531249992],[-68.53735351562499,-27.085351562500005],[-68.59208984374996,-27.140039062500005],[-68.65219726562499,-27.14833984375001],[-68.709619140625,-27.104492187499996],[-68.76977539062499,-27.115429687500015],[-68.84633789062498,-27.153710937500016],[-68.87509765624999,-27.246679687500013],[-68.94199218749998,-27.405175781250016],[-68.9994140625,-27.449023437500003],[-69.0421875,-27.57001953125],[-69.11850585937498,-27.7435546875],[-69.1552734375,-27.84814453125],[-69.17441406249999,-27.924707031250016],[-69.25122070312497,-27.973632812500004],[-69.34072265624997,-28.070800781249996],[-69.4095703125,-28.16533203125001],[-69.43691406249998,-28.192675781250006],[-69.48886718749999,-28.200878906250008],[-69.52714843749997,-28.285644531249996],[-69.65693359375,-28.413574218750004],[-69.68789062499998,-28.562011718749996],[-69.73491210937497,-28.641113281249996],[-69.74316406250001,-28.78388671875001],[-69.81484375,-29.04550781250001],[-69.827880859375,-29.10322265625001],[-69.90034179687498,-29.148828125],[-69.99560546875,-29.25],[-70.026806640625,-29.324023437499996],[-69.98261718749998,-29.545410156250004],[-69.92763671875,-29.769140625000013],[-69.92412109374999,-29.874023437499993],[-69.945458984375,-30.01640625],[-69.9599609375,-30.078320312500015],[-69.92353515624998,-30.103906250000012],[-69.86337890625,-30.1203125],[-69.84428710937496,-30.175],[-69.88803710937499,-30.21328125],[-69.90712890624997,-30.281640625],[-69.95634765624997,-30.35820312500001],[-70.102001953125,-30.38828125],[-70.15322265625,-30.3609375],[-70.16962890625,-30.385546875],[-70.16142578124997,-30.440234375],[-70.19394531249998,-30.50468750000002],[-70.26938476562499,-30.677246093749986],[-70.31923828125,-30.833984375],[-70.34814453124997,-30.90234375],[-70.33642578125,-30.959765625],[-70.31181640625,-30.992578125],[-70.30908203124999,-31.02265625000001],[-70.35058593749999,-31.060449218750023],[-70.38837890625,-31.12109375],[-70.42939453125001,-31.129296875],[-70.47309570312498,-31.11279296875],[-70.51958007812496,-31.148437500000014],[-70.529052734375,-31.222851562500008],[-70.55468749999999,-31.317382812500004],[-70.56640625,-31.42792968750002],[-70.58520507812499,-31.569433593750006],[-70.525634765625,-31.66640625],[-70.450146484375,-31.841894531249995],[-70.39384765624999,-31.8837890625],[-70.33095703125001,-31.88105468750002],[-70.28173828125001,-31.91660156250002],[-70.25439453125,-31.957714843750004],[-70.29091796874998,-32.0310546875],[-70.35556640624998,-32.042382812499994],[-70.36376953124999,-32.08349609375001],[-70.34462890625,-32.176464843750004],[-70.32001953125,-32.266699218750006],[-70.2578125,-32.30996093750002],[-70.22978515624997,-32.4306640625],[-70.16962890625,-32.471679687499986],[-70.17695312499998,-32.62607421875],[-70.11616210937498,-32.80742187500002],[-70.05205078124997,-32.85996093749999],[-70.02197265624999,-32.88457031250001],[-70.04213867187498,-32.963671875],[-70.09306640624997,-33.02675781250001],[-70.10400390624999,-33.12792968749999],[-70.08486328125,-33.20175781249999],[-70.01982421874999,-33.271484375],[-69.96904296875,-33.27939453125],[-69.89619140625,-33.250976562499986],[-69.81962890624997,-33.283789062500006],[-69.80869140624999,-33.3439453125],[-69.79775390624997,-33.39863281250001],[-69.83876953125001,-33.46972656249999],[-69.882568359375,-33.6009765625],[-69.89433593749996,-33.73134765625],[-69.88149414062497,-33.92978515625],[-69.86152343749997,-34.08359375],[-69.857373046875,-34.18046875],[-69.85244140624998,-34.224316406250026],[-69.87978515625001,-34.25439453125],[-69.946337890625,-34.269921875000016],[-70.00283203125,-34.27626953125002],[-70.05205078124999,-34.30078125],[-70.06298828124997,-34.35],[-70.10146484374998,-34.43203125],[-70.141259765625,-34.49287109375],[-70.21069335937497,-34.58125],[-70.2546875,-34.67265625],[-70.28994140624998,-34.7328125],[-70.286767578125,-34.77451171875],[-70.312109375,-34.85498046874999],[-70.33813476562499,-34.921777343750016],[-70.39316406250002,-35.146875],[-70.46660156249999,-35.19365234374999],[-70.52509765625,-35.216796875],[-70.55517578124997,-35.246875],[-70.53232421874999,-35.30791015624999],[-70.47041015625,-35.326171874999986],[-70.44853515625002,-35.375390625],[-70.45673828124998,-35.451953125],[-70.41572265625,-35.523046875],[-70.41972656249999,-35.60917968750001],[-70.38017578125,-35.771875],[-70.41572265625,-35.87851562500001],[-70.40366210937495,-35.97050781249999],[-70.40478515625001,-36.06171875000001],[-70.45673828124998,-36.13271484375001],[-70.56337890625,-36.146386718749994],[-70.621875,-36.211914062500014],[-70.721923828125,-36.283203124999986],[-70.732861328125,-36.340625],[-70.74926757812499,-36.392578125000014],[-70.79028320312499,-36.41171875],[-70.853173828125,-36.41171875],[-70.90512695312499,-36.419921875],[-70.97792968750001,-36.48730468749999],[-71.05551757812498,-36.523730468749996],[-71.07324218750001,-36.57802734375],[-71.06640624999999,-36.64404296875001],[-71.10742187499999,-36.68505859374999],[-71.159375,-36.76162109375001],[-71.1921875,-36.843652343749994],[-71.159375,-36.92021484375],[-71.12382812499996,-37.056933593749996],[-71.118408203125,-37.11435546874999],[-71.16347656249997,-37.22744140625001],[-71.20039062500001,-37.300292968749986],[-71.16489257812498,-37.39326171875],[-71.13481445312499,-37.445117187500024],[-71.162841796875,-37.55917968750003],[-71.18671875000003,-37.631054687500004],[-71.167578125,-37.762304687500006],[-71.09619140625,-37.90996093750002],[-71.02817382812498,-38.04121093750002],[-71.01816406249999,-38.1939453125],[-71.00048828125,-38.31484375],[-70.96796874999998,-38.445898437500006],[-70.899658203125,-38.49785156250002],[-70.84765625000001,-38.54160156250002],[-70.858642578125,-38.6044921875],[-70.89692382812498,-38.681054687499994],[-70.95161132812498,-38.738476562500004],[-71.087109375,-38.757519531250026],[-71.19726562499999,-38.809375],[-71.28574218749996,-38.845410156249976],[-71.35317382812498,-38.88886718750002],[-71.4015625,-38.93505859375],[-71.42558593749997,-38.98564453125002],[-71.409375,-39.20595703125001],[-71.42001953125,-39.28720703125],[-71.46538085937499,-39.40234375],[-71.50776367187498,-39.495214843750006],[-71.52578124999997,-39.52314453125],[-71.53125,-39.56416015625001],[-71.539453125,-39.60244140624999],[-71.58701171874998,-39.61113281250001],[-71.654296875,-39.59423828124999],[-71.69257812500001,-39.60517578124999],[-71.719921875,-39.63525390625],[-71.69682617187497,-39.70703125],[-71.67207031250001,-39.833300781250024],[-71.637890625,-39.88681640625001],[-71.64711914062498,-39.929199218749986],[-71.659765625,-40.020800781250024],[-71.70439453125,-40.09492187500003],[-71.763671875,-40.09462890625],[-71.80195312499998,-40.12470703125001],[-71.818310546875,-40.17666015625001],[-71.80058593749999,-40.24433593750001],[-71.72265624999999,-40.299707031249994],[-71.69531250000001,-40.335253906250045],[-71.70898437500001,-40.38173828124999],[-71.769140625,-40.40087890625001],[-71.804638671875,-40.439160156250004],[-71.83852539062498,-40.524414062499986],[-71.88378906250001,-40.620605468750014],[-71.93212890624999,-40.69169921875001],[-71.94135742187498,-40.78916015624999],[-71.873046875,-40.89296874999999],[-71.88071289062498,-40.99462890624999],[-71.88559570312498,-41.29238281249999],[-71.89218749999998,-41.393359375],[-71.87114257812499,-41.560546875000014],[-71.89760742187497,-41.606640625],[-71.91127929687497,-41.650390625],[-71.84448242187497,-41.77197265625001],[-71.77001953124997,-41.96855468750002],[-71.75,-42.04677734374998],[-71.76093749999998,-42.10146484375],[-71.860791015625,-42.14785156249997],[-71.944091796875,-42.16708984375],[-71.99331054687498,-42.13427734375],[-72.026123046875,-42.14794921874999],[-72.06440429687498,-42.20537109375001],[-72.10820312499999,-42.25185546874999],[-72.12460937499996,-42.29833984375001],[-72.078125,-42.35849609374999],[-72.05346679687499,-42.473242187499984],[-72.10541992187498,-42.52246093749999],[-72.143701171875,-42.57714843749999],[-72.130029296875,-42.64824218750002],[-72.11362304687498,-42.776757812499994],[-72.146435546875,-42.99003906250002],[-72.10239257812498,-43.065625],[-72.05468749999999,-43.101953125],[-71.89858398437498,-43.1453125],[-71.781494140625,-43.166796875000024],[-71.75063476562495,-43.237304687499986],[-71.76386718749998,-43.29462890625002],[-71.82021484375,-43.322949218750026],[-71.90498046874998,-43.34755859374999],[-71.90498046875001,-43.44013671875001],[-71.83242187500002,-43.52714843750002],[-71.750634765625,-43.590136718750024],[-71.73276367187499,-43.64677734375],[-71.73740234374999,-43.7046875],[-71.79472656249999,-43.75322265625002],[-71.715966796875,-43.85839843749999],[-71.68007812499998,-43.929589843749994],[-71.71616210937498,-43.98447265624999],[-71.7671875,-44.06669921875002],[-71.812353515625,-44.10605468749999],[-71.81210937499998,-44.15078124999998],[-71.83076171875,-44.24140625000002],[-71.83505859374999,-44.33017578125],[-71.82001953125001,-44.383105468750024],[-71.32573242187497,-44.424902343750006],[-71.21259765625001,-44.4412109375],[-71.15087890624999,-44.494042968749994],[-71.15971679687499,-44.56025390625],[-71.22148437499999,-44.63076171875],[-71.26113281250001,-44.7630859375],[-71.35815429687497,-44.78515625],[-71.45517578124999,-44.74980468750003],[-71.56040039062498,-44.76201171875001],[-71.65166015624997,-44.77041015625],[-71.78281249999998,-44.77441406250001],[-71.95703125,-44.79150390624999],[-72.06372070312499,-44.771875],[-72.07250976562499,-44.82041015625],[-72.04169921875,-44.90419921875],[-71.812353515625,-44.93066406249998],[-71.59628906249998,-44.97919921875002],[-71.53129882812499,-45.06787109375001],[-71.44345703124999,-45.16826171875002],[-71.35375976562499,-45.23046875],[-71.34931640624998,-45.33193359374999],[-71.4904296875,-45.4376953125],[-71.50810546874997,-45.5126953125],[-71.69331054687495,-45.534765625],[-71.74619140625,-45.57890625],[-71.77265624999998,-45.7244140625],[-71.750634765625,-45.8390625],[-71.68007812499998,-45.878710937500024],[-71.63154296874998,-45.953710937500006],[-71.68447265625,-46.04189453125001],[-71.80927734375,-46.10273437500002],[-71.87568359375001,-46.16054687499998],[-71.834130859375,-46.206738281250026],[-71.77763671874999,-46.27998046874999],[-71.762109375,-46.319824218750014],[-71.731298828125,-46.42783203125],[-71.69521484375,-46.57841796875001],[-71.69965820312498,-46.6513671875],[-71.73271484374997,-46.705859375000024],[-71.8564453125,-46.7916015625],[-71.94023437499997,-46.83125],[-71.956640625,-46.93681640625],[-71.96298828124998,-47.01601562499998],[-71.95424804687498,-47.0875],[-71.90053710937497,-47.144335937500024],[-71.90498046875,-47.20166015625],[-71.978515625,-47.21386718750001],[-72.04169921875,-47.24140625],[-72.10341796874998,-47.342773437499986],[-72.28291015625,-47.44628906249999],[-72.34594726562501,-47.492675781250014],[-72.34150390624995,-47.57207031250003],[-72.41259765625,-47.685546875],[-72.472216796875,-47.7841796875],[-72.51791992187496,-47.87636718749999],[-72.50908203124999,-47.973339843750004],[-72.40791015625,-48.01591796875002],[-72.3283203125,-48.110058593750026],[-72.29301757812499,-48.229101562500006],[-72.35473632812499,-48.3658203125],[-72.49814453124998,-48.41738281249999],[-72.58286132812498,-48.47539062500002],[-72.60839843750001,-48.51933593750002],[-72.5859375,-48.6625],[-72.59174804687498,-48.72968750000001],[-72.61440429687497,-48.79287109374997],[-72.65126953125,-48.8416015625],[-72.72846679687498,-48.89628906250004],[-72.86542968749998,-48.94394531250001],[-72.98173828124999,-48.976757812500004],[-73.03364257812498,-49.01435546875001],[-73.094580078125,-49.096875],[-73.148876953125,-49.18798828124999],[-73.13525390625001,-49.30068359375],[-73.46157226562498,-49.31386718749998],[-73.483642578125,-49.39765625],[-73.55419921875,-49.46386718749999],[-73.57626953124998,-49.58291015624999],[-73.50454101562498,-49.69804687500001],[-73.47041015625001,-49.79453125000003],[-73.52890624999998,-49.91093750000005],[-73.50771484375,-50.03027343750002],[-73.50126953124999,-50.125292968750024],[-73.38662109374998,-50.23115234375002],[-73.31171875,-50.36191406250001],[-73.27416992187499,-50.472558593749994],[-73.25161132812498,-50.55849609374998],[-73.22163085937498,-50.6107421875],[-73.17451171875,-50.67001953125],[-73.15292968749998,-50.73828125],[-73.08237304687499,-50.76035156250001],[-72.95556640624999,-50.696484375],[-72.86591796874998,-50.653125],[-72.80361328125,-50.6376953125],[-72.62041015624996,-50.64765625],[-72.509814453125,-50.607519531250034],[-72.46015625,-50.61171874999999],[-72.39257812499997,-50.634277343749986],[-72.340234375,-50.68183593749999],[-72.30063476562499,-50.789550781250014],[-72.27631835937498,-50.910253906250006],[-72.30737304687499,-51.033398437500004],[-72.35917968749999,-51.06015625],[-72.37680664062499,-51.09541015624998],[-72.35917968749997,-51.17041015625001],[-72.30185546874998,-51.22333984375002],[-72.30322265624999,-51.29892578125001],[-72.36640625,-51.4703125],[-72.407666015625,-51.54082031250003],[-72.33452148437499,-51.6203125],[-72.26899414062498,-51.691113281250026],[-72.13696289062501,-51.74404296874999],[-72.02841796874999,-51.818652343750024],[-71.95346679687498,-51.88037109374997],[-71.97109374999998,-51.96416015625002],[-71.91865234375,-51.989550781250024],[-71.71660156249996,-51.99130859375002],[-71.41474609375,-51.99394531250003],[-70.94316406249996,-51.99814453125],[-70.482861328125,-52.00224609375003],[-69.96025390624999,-52.008203125],[-69.71259765624998,-52.075390625],[-69.48842773437498,-52.13613281249998],[-69.20620117187497,-52.13613281249998],[-68.924560546875,-52.20810546874999],[-68.71518554687498,-52.25546875],[-68.58979492187498,-52.27333984374998],[-68.46098632812497,-52.29042968749999],[-68.443359375,-52.35664062500002],[-69.00722656250001,-52.26269531250003],[-69.13378906250001,-52.21142578125001],[-69.24101562499999,-52.20546874999997],[-69.446875,-52.26943359375],[-69.56059570312497,-52.42158203125002],[-69.62031249999998,-52.464746093749994],[-69.76333007812498,-52.50556640625],[-69.90722656249999,-52.51357421875001],[-70.390966796875,-52.66083984375002],[-70.56293945312498,-52.673437499999984],[-70.680322265625,-52.7125],[-70.7951171875,-52.76875],[-70.8390625,-52.889550781249994],[-70.82119140625,-52.963085937500004],[-70.95205078125001,-53.226953125],[-70.98432617187498,-53.373632812499984],[-70.985107421875,-53.448339843750034],[-70.94780273437497,-53.57041015625001],[-70.995849609375,-53.77929687500003],[-71.08281249999999,-53.825],[-71.29775390625,-53.88339843749998],[-71.44389648437499,-53.840917968750006],[-71.693798828125,-53.803125],[-71.871875,-53.72265625],[-72.10092773437498,-53.66582031250002],[-72.1744140625,-53.63232421875001],[-72.37680664062499,-53.47119140625001],[-72.39824218749999,-53.41777343750002],[-72.41289062499997,-53.35019531250001],[-72.30605468749998,-53.25371093750004],[-72.24863281249999,-53.246679687500006],[-72.08115234374999,-53.24960937500002],[-71.94169921874997,-53.234082031250004],[-71.85273437499998,-53.285742187500006],[-71.82822265624999,-53.39833984375001],[-71.86733398437498,-53.45839843749999],[-71.902783203125,-53.49550781250003],[-71.89169921874999,-53.523535156250006],[-71.79145507812498,-53.48457031250001],[-71.74052734374996,-53.2326171875],[-71.400341796875,-53.10703125000002],[-71.28896484374997,-53.033691406249986],[-71.18022460937497,-52.92050781250002],[-71.16328125,-52.88808593750001],[-71.15507812499997,-52.845605468749994],[-71.22714843749999,-52.810644531250006],[-71.387744140625,-52.76425781250001],[-71.89799804687497,-53.0017578125],[-72.12910156249998,-53.064355468749994],[-72.27802734375,-53.132324218749986],[-72.45830078124999,-53.25449218750002],[-72.49257812499998,-53.290625],[-72.53081054687497,-53.37167968750001],[-72.54892578124998,-53.46074218750003],[-72.72680664062499,-53.42001953124998],[-72.99838867187499,-53.29072265625],[-73.05273437499997,-53.24345703125002],[-72.9982421875,-53.177246093750014],[-72.91552734375003,-53.12197265625001],[-72.90991210937499,-52.93652343750001],[-72.88916015625,-52.871582031249986],[-72.83188476562499,-52.81953125],[-72.72768554687498,-52.76230468750002],[-72.6759765625,-52.749023437500014],[-72.63208007812499,-52.773828125],[-72.62661132812498,-52.817578125000026],[-72.453466796875,-52.814453125],[-72.11757812499998,-52.65],[-71.97929687499995,-52.64609375],[-71.79707031249998,-52.6828125],[-71.59121093749997,-52.6607421875],[-71.554150390625,-52.643945312499994],[-71.51127929687499,-52.605371093749994],[-71.66474609375001,-52.560058593749986],[-71.8119140625,-52.53701171875],[-72.22568359374996,-52.52099609375002],[-72.31538085937498,-52.53857421874998],[-72.4376953125,-52.62578125000002],[-72.47827148437497,-52.604003906249964],[-72.50439453125,-52.560058593749986],[-72.64482421875,-52.52910156250001],[-72.71210937499998,-52.535546875],[-72.77656249999998,-52.57744140625],[-72.76601562499998,-52.642578125],[-72.801904296875,-52.71240234374996],[-72.93188476562499,-52.781640624999966],[-73.02026367187499,-52.89179687500002],[-73.01611328125,-52.97744140624998],[-73.02299804687497,-53.02207031250002],[-73.05546874999999,-53.04560546875002],[-73.12246093749997,-53.07392578125],[-73.33818359374999,-53.054687499999986],[-73.45986328124997,-52.964843749999986],[-73.50751953124998,-52.903515625],[-73.64521484375,-52.83701171874998],[-73.345947265625,-52.754296875],[-73.24082031249999,-52.70712890625003],[-73.14482421875,-52.601953125],[-73.07319335937501,-52.535058593750016],[-73.12392578124997,-52.487988281250004],[-73.18378906249997,-52.487890625],[-73.17817382812498,-52.5626953125],[-73.24414062499999,-52.62402343750001],[-73.38212890624999,-52.59511718749998],[-73.58569335937499,-52.685742187500004],[-73.71083984374998,-52.66152343749999],[-73.91469726562498,-52.68818359375001],[-74.01445312499997,-52.63935546875],[-74.03583984374998,-52.57724609374999],[-73.99990234375,-52.51259765625002],[-74.03735351562499,-52.402929687500006],[-74.093505859375,-52.376269531250024],[-74.150830078125,-52.382519531250004],[-74.17656249999997,-52.31718750000001],[-74.23847656249998,-52.20234375000001],[-74.26596679687496,-52.171289062499966],[-74.29565429687499,-52.11787109375],[-74.26494140625002,-52.10488281250001],[-74.194921875,-52.12021484375],[-74.13354492187497,-52.15478515624998],[-74.04023437500001,-52.1591796875],[-73.83447265624997,-52.233984375],[-73.74912109374998,-52.216015625],[-73.70278320312497,-52.198828125],[-73.68540039062499,-52.13671875],[-73.684326171875,-52.077734375],[-73.64902343749998,-52.077734375],[-73.53222656249999,-52.153125],[-73.457958984375,-52.14599609374999],[-73.32675781249999,-52.16591796875],[-73.26044921874998,-52.1578125],[-73.137353515625,-52.129687500000024],[-72.94370117187499,-52.046875],[-72.84321289062498,-51.96113281250002],[-72.79501953124996,-51.949511718749996],[-72.73540039062499,-51.960546875],[-72.69545898437498,-51.98515625],[-72.69482421874999,-52.04472656250001],[-72.649560546875,-52.09990234375004],[-72.58798828124999,-52.14511718750003],[-72.57084960937499,-52.20009765625],[-72.58344726562497,-52.25419921875002],[-72.69360351562499,-52.330273437500004],[-72.714013671875,-52.35673828125003],[-72.67705078124999,-52.384667968749994],[-72.631494140625,-52.37158203125002],[-72.56870117187498,-52.333984375],[-72.53291015624998,-52.28232421875002],[-72.52333984374997,-52.25546875],[-72.51933593749999,-52.21708984375001],[-72.52412109375,-52.17031249999997],[-72.61357421874996,-52.037011718749994],[-72.624755859375,-52.00693359375],[-72.62460937499998,-51.94648437500001],[-72.52285156249998,-51.89091796874999],[-72.49414062499997,-51.84755859374999],[-72.48964843750001,-51.763671875000014],[-72.54252929687496,-51.70615234375],[-72.76123046875,-51.57324218749999],[-73.12675781249997,-51.439941406249964],[-73.16875,-51.45390625],[-73.197021484375,-51.47802734374999],[-73.16337890624999,-51.495605468749986],[-73.114990234375,-51.50449218750002],[-72.78935546874997,-51.6142578125],[-72.70458984374999,-51.67792968750001],[-72.649072265625,-51.695019531250026],[-72.58330078124999,-51.737304687499986],[-72.60004882812498,-51.79912109375002],[-72.928369140625,-51.85986328124999],[-73.18867187499998,-51.990625],[-73.38325195312498,-52.07001953125],[-73.51816406249999,-52.041015625],[-73.58232421874997,-51.960351562499966],[-73.65029296874997,-51.85625],[-73.75263671874998,-51.795507812500006],[-73.81064453124998,-51.801171875],[-73.857568359375,-51.78994140624998],[-73.89443359375001,-51.7578125],[-73.97324218749999,-51.78447265625004],[-74.14643554687498,-51.712109375],[-74.1966796875,-51.680566406250016],[-74.069580078125,-51.57871093750001],[-73.92978515625,-51.61787109375002],[-73.8958984375,-51.331445312499994],[-73.939501953125,-51.26630859374999],[-74.12124023437498,-51.19541015624999],[-74.21049804687496,-51.204589843750014],[-74.33232421874999,-51.19501953125003],[-74.41435546875,-51.1625],[-74.50786132812499,-51.14960937500002],[-74.58686523437498,-51.130664062500024],[-74.69008789062501,-51.08652343749998],[-74.81474609374999,-51.062890624999966],[-74.98310546874998,-50.881054687500026],[-75.05532226562501,-50.785546875],[-75.09467773437497,-50.68125],[-74.83662109374998,-50.67890625000001],[-74.68574218749998,-50.66201171874997],[-74.64892578125,-50.618457031250045],[-74.70205078125,-50.53535156249999],[-74.77587890625,-50.46992187500002],[-74.72167968749997,-50.408496093749996],[-74.64448242187498,-50.36093750000002],[-74.564111328125,-50.38203125000002],[-74.365576171875,-50.48789062500002],[-74.3314453125,-50.55957031249999],[-74.190185546875,-50.778027343750004],[-74.15610351562499,-50.7974609375],[-74.13940429687496,-50.81777343749999],[-73.84746093749997,-50.94003906249998],[-73.80654296875,-50.93837890624999],[-73.824609375,-50.83583984374999],[-73.74057617187499,-50.69667968749998],[-73.65903320312499,-50.65068359375003],[-73.61816406249999,-50.651171875],[-73.61396484375001,-50.627929687500014],[-73.69326171874998,-50.57001953125],[-73.65444335937497,-50.49267578125],[-73.67993164062499,-50.490234374999986],[-73.7501953125,-50.53984375000001],[-73.89150390625,-50.782714843750014],[-73.97802734374999,-50.827050781249994],[-74.09672851562499,-50.71708984375002],[-74.164111328125,-50.63789062500003],[-74.19721679687497,-50.609765625],[-74.18559570312496,-50.48535156250001],[-73.950341796875,-50.51054687500002],[-74.03105468749997,-50.46982421875],[-74.30556640624998,-50.39804687500001],[-74.37412109374998,-50.36298828125001],[-74.42509765624999,-50.35019531250002],[-74.51640625,-50.265625],[-74.62958984374997,-50.19404296875001],[-74.434326171875,-50.06523437500004],[-74.33374023437499,-49.974609374999986],[-74.01943359374998,-50.02275390625004],[-73.95859374999998,-49.99472656249999],[-74.01123046875,-49.92851562500001],[-74.07329101562499,-49.94853515625002],[-74.171337890625,-49.90732421874999],[-74.32392578125,-49.78339843749999],[-74.31875,-49.720117187500016],[-74.29082031249996,-49.60410156249999],[-74.23037109375,-49.579296875000026],[-74.102001953125,-49.555371093750004],[-73.955517578125,-49.59306640625],[-73.891552734375,-49.623730468750004],[-73.83637695312501,-49.609375],[-73.89248046874997,-49.523437499999986],[-73.98803710937497,-49.49091796874998],[-74.09443359375,-49.4296875],[-74.08349609375,-49.36181640625001],[-74.04921874999998,-49.30566406249999],[-74.0234375,-49.24414062499998],[-74.005615234375,-49.158007812500024],[-74.01538085937499,-49.090917968750006],[-73.984765625,-49.059960937499994],[-73.93789062499997,-49.04609375],[-73.93496093749998,-49.02089843749999],[-74.027734375,-49.02617187500002],[-74.06132812499997,-49.11103515625002],[-74.07387695312498,-49.18837890625],[-74.139794921875,-49.25048828124999],[-74.16787109375,-49.32050781250001],[-74.1845703125,-49.40439453125001],[-74.22128906249998,-49.5005859375],[-74.301513671875,-49.46396484375002],[-74.34853515624998,-49.42626953125002],[-74.36655273437499,-49.400488281250006],[-74.358154296875,-49.351367187500024],[-74.37998046874999,-49.0478515625],[-74.38212890625,-48.79365234375003],[-74.341015625,-48.595703125],[-74.227685546875,-48.5169921875],[-74.176220703125,-48.494140625],[-74.129296875,-48.504199218750045],[-74.05693359374997,-48.50361328125002],[-74.00908203125,-48.475],[-74.17153320312498,-48.427441406250004],[-74.27006835937499,-48.45458984374999],[-74.34296874999997,-48.49257812499997],[-74.4744140625,-48.463964843750006],[-74.4994140625,-48.36230468750002],[-74.57719726562499,-48.274414062500014],[-74.59072265625,-48.16191406250004],[-74.58466796875001,-47.9990234375],[-74.40048828124999,-48.0130859375],[-74.250439453125,-48.044921875],[-73.85380859375,-48.04218750000001],[-73.52817382812498,-48.19824218750001],[-73.38447265624998,-48.17734375],[-73.39106445312497,-48.145898437499994],[-73.5009765625,-48.10664062500001],[-73.56958007812499,-48.0193359375],[-73.60991210937496,-47.99394531250003],[-73.62890625000001,-47.94150390625],[-73.63510742187499,-47.88037109375],[-73.71586914062499,-47.65546875000002],[-73.74824218749997,-47.66132812500001],[-73.77924804687498,-47.73847656250001],[-73.84667968750001,-47.86699218750004],[-73.94086914062501,-47.92939453125001],[-74.08476562499999,-47.9546875],[-74.22705078125001,-47.96894531250002],[-74.35058593750001,-47.94433593749999],[-74.379345703125,-47.89121093750001],[-74.37622070312499,-47.8296875],[-74.42968749999999,-47.799609375000024],[-74.56923828124997,-47.77294921875],[-74.60888671874999,-47.758007812500026],[-74.65493164062498,-47.702246093750006],[-74.58842773437499,-47.61796875000001],[-74.53378906249996,-47.56767578125004],[-74.46689453124996,-47.57763671874999],[-74.40356445312497,-47.60039062500002],[-74.32255859374997,-47.66669921875004],[-74.24296875,-47.679296875],[-74.151953125,-47.62666015625003],[-74.13408203124999,-47.59082031250002],[-74.191015625,-47.568359375],[-74.24291992187499,-47.559667968750006],[-74.32368164062498,-47.531445312500004],[-74.48266601562499,-47.43046875],[-74.403271484375,-47.32753906249999],[-74.21567382812499,-47.209570312499984],[-74.15839843749995,-47.18251953124999],[-74.20805664062499,-47.08310546875001],[-74.15190429687499,-46.97441406250002],[-74.20947265625001,-46.884765625],[-74.31357421874998,-46.78818359375003],[-74.45419921874999,-46.766796875],[-74.48442382812496,-46.795019531250006],[-74.48935546874999,-46.83457031250001],[-74.46699218749997,-46.86435546875001],[-74.48017578124998,-46.88583984375],[-74.51225585937499,-46.88515625],[-74.69082031250001,-46.86396484375002],[-74.81064453124999,-46.79970703125],[-75.00595703124998,-46.74111328124997],[-75.0314453125,-46.6953125],[-75.05253906249997,-46.62802734375],[-74.9841796875,-46.512109375],[-75.01875,-46.51054687500002],[-75.14575195312499,-46.60009765625],[-75.33740234374999,-46.64707031249999],[-75.47841796875,-46.66240234375002],[-75.54033203124999,-46.69873046875],[-75.56508789062498,-46.728710937500004],[-75.527587890625,-46.74638671875004],[-75.44599609374998,-46.75078125000001],[-75.38642578125,-46.862695312500016],[-75.40122070312499,-46.90566406249999],[-75.43037109375001,-46.934570312500014],[-75.49663085937497,-46.94013671875],[-75.63525390625,-46.86279296875],[-75.70810546874999,-46.775],[-75.70639648437498,-46.705273437500004],[-75.656787109375,-46.6103515625],[-75.43691406249998,-46.4830078125],[-75.37602539062497,-46.4291015625],[-75.24702148437497,-46.3693359375],[-75.07485351562501,-46.23457031250001],[-74.924462890625,-46.15966796875],[-74.99765624999998,-46.09765625],[-75.07451171874997,-46.004492187499984],[-75.06669921874999,-45.874902343749994],[-74.76313476562498,-45.82363281250001],[-74.63066406249999,-45.84472656250001],[-74.46279296875,-45.840722656249994],[-74.369140625,-45.80966796875002],[-74.301171875,-45.80302734375002],[-74.157861328125,-45.7671875],[-74.09619140625,-45.716796875],[-74.08183593749999,-45.67832031250002],[-74.08251953124999,-45.64472656250001],[-74.09926757812498,-45.60341796875001],[-74.12270507812498,-45.49619140625003],[-74.09892578124999,-45.4603515625],[-74.037548828125,-45.41767578125002],[-73.957177734375,-45.40439453125],[-73.92031249999997,-45.40771484375001],[-73.825,-45.446875],[-73.84414062499998,-45.50244140624999],[-73.88232421875,-45.56933593750001],[-73.96025390624997,-45.83525390625],[-73.99951171875,-45.89531250000001],[-74.06103515624999,-45.94736328125001],[-74.019921875,-46.05585937500001],[-74.08154296874997,-46.131835937500014],[-74.35678710937499,-46.212695312500024],[-74.39296874999997,-46.217382812500006],[-74.37246093749998,-46.2462890625],[-74.21313476562501,-46.23945312500004],[-74.08974609375,-46.22236328125001],[-73.96757812499999,-46.15410156250003],[-73.92919921874999,-46.04990234375001],[-73.87871093749999,-45.846875],[-73.81254882812499,-45.81816406250002],[-73.73525390625002,-45.81171875000002],[-73.69487304687499,-45.85957031250002],[-73.70791015625,-45.966699218749994],[-73.70815429687498,-46.070312500000014],[-73.81064453124999,-46.37734375],[-73.93481445312499,-46.500683593750004],[-73.94863281250002,-46.53310546874999],[-73.94375,-46.57158203125],[-73.84536132812495,-46.566015624999984],[-73.77026367187501,-46.499804687499996],[-73.7162109375,-46.415234375000026],[-73.66206054687501,-46.297460937500006],[-73.66821289062501,-46.21210937500002],[-73.65166015625,-46.15927734375001],[-73.62944335937499,-45.98652343750002],[-73.59184570312496,-45.89912109375001],[-73.5943359375,-45.77685546875],[-73.66196289062499,-45.73076171875001],[-73.756591796875,-45.702832031250026],[-73.78037109375,-45.62792968750001],[-73.73076171874996,-45.47998046875],[-73.54990234374999,-45.48378906249999],[-73.378564453125,-45.382812500000014],[-73.26621093749998,-45.34619140625],[-73.20234374999997,-45.353808593749996],[-72.97817382812497,-45.451171875],[-72.93383789062501,-45.45234375000002],[-72.9408203125,-45.417285156250024],[-72.97553710937498,-45.392578125],[-73.06386718749997,-45.35976562499998],[-73.22636718749999,-45.255175781250024],[-73.444970703125,-45.23818359374999],[-73.40488281249998,-45.102343750000024],[-73.362451171875,-44.978222656250004],[-73.2564453125,-44.96103515625],[-73.07841796874999,-44.920214843749996],[-72.73896484375,-44.73417968750001],[-72.68007812499997,-44.5939453125],[-72.66386718749997,-44.43642578125002],[-72.82753906250001,-44.39541015624998],[-73.00102539062496,-44.292382812499966],[-73.14096679687499,-44.2375],[-73.26508789062501,-44.16865234375001],[-73.24072265625001,-44.065722656250024],[-73.22446289062499,-43.89794921874999],[-73.068798828125,-43.862011718750004],[-72.99658203124999,-43.63154296875002],[-73.10097656250001,-43.455175781250006],[-73.0759765625,-43.323632812499994],[-72.93999023437499,-43.211328125],[-72.915478515625,-43.13359375000002],[-72.87802734374998,-43.04814453125],[-72.75800781249998,-43.039453125],[-72.75537109375,-42.99296875000002],[-72.766015625,-42.908203125],[-72.84497070312497,-42.80800781249999],[-72.84804687499998,-42.66914062500002],[-72.77392578125001,-42.50517578125004],[-72.65483398437499,-42.5166015625],[-72.63183593749999,-42.50966796874999],[-72.71630859375,-42.41044921875002],[-72.78515625,-42.30126953125],[-72.77324218749999,-42.25771484374999],[-72.70737304687496,-42.220507812500024],[-72.63105468749998,-42.19980468750001],[-72.54843749999998,-42.25576171874999],[-72.43027343749998,-42.433886718750024],[-72.412353515625,-42.38818359374999],[-72.460107421875,-42.20664062499998],[-72.4994140625,-41.98085937499998],[-72.62397460937498,-42.01054687500001],[-72.73818359375001,-41.99462890625001],[-72.78120117187497,-41.95957031249999],[-72.82407226562499,-41.908789062500006],[-72.78383789062498,-41.846777343750006],[-72.74370117187497,-41.80058593750002],[-72.65986328125001,-41.742480468749996],[-72.48603515624997,-41.722070312499994],[-72.36040039062499,-41.649121093750004],[-72.31826171875,-41.4990234375],[-72.35947265624998,-41.513867187499976],[-72.42773437499999,-41.64589843749999],[-72.54238281249998,-41.690625],[-72.60083007812499,-41.68408203124999],[-72.669775390625,-41.659375],[-72.80512695312501,-41.54433593749997],[-72.87998046874999,-41.517578125000014],[-72.95283203124997,-41.51474609375],[-73.01499023437499,-41.54384765624996],[-73.174072265625,-41.74658203125001],[-73.241796875,-41.78085937500004],[-73.52128906249997,-41.79707031250003],[-73.6240234375,-41.7736328125],[-73.73515624999999,-41.742480468749996],[-73.721875,-41.69248046875],[-73.68808593749999,-41.6392578125],[-73.62504882812499,-41.611914062499984],[-73.62392578124998,-41.58134765625001],[-73.71064453125001,-41.5736328125],[-73.81074218749998,-41.51748046875],[-73.855029296875,-41.44638671875001],[-73.87617187500001,-41.319335937500014],[-73.96586914062499,-41.118261718749984],[-73.98359375,-40.974316406250004],[-73.9203125,-40.87158203125],[-73.78403320312498,-40.46845703125],[-73.74248046875,-40.26298828125],[-73.66943359374999,-40.08232421875001],[-73.67099609374998,-39.96318359375001],[-73.48222656249997,-39.85429687500001],[-73.410400390625,-39.78916015625],[-73.24990234375,-39.42236328125001],[-73.22646484375,-39.22441406250002],[-73.48076171874999,-38.62402343750002],[-73.52021484375,-38.509375],[-73.53256835937498,-38.366796875],[-73.471875,-38.13007812500001],[-73.464794921875,-38.04033203125],[-73.51674804687498,-37.91054687500003],[-73.66181640625,-37.69853515625001],[-73.66459960937497,-37.5904296875],[-73.60341796875,-37.47910156249998],[-73.66240234374999,-37.34101562500001],[-73.63364257812499,-37.25546875],[-73.60166015624999,-37.18847656250001],[-73.37456054687497,-37.22431640624999],[-73.27109374999998,-37.207421875],[-73.21596679687498,-37.166894531250016],[-73.1728515625,-37.053515625],[-73.15126953125,-36.876171875000026],[-73.13779296874998,-36.79990234374999],[-73.11806640625,-36.68837890625],[-73.006591796875,-36.643457031250016],[-72.967822265625,-36.53779296875001],[-72.874560546875,-36.39042968750001],[-72.77841796874998,-35.978515625],[-72.6833984375,-35.876953125],[-72.587353515625,-35.75966796875],[-72.62392578125,-35.58574218749999],[-72.56206054687497,-35.50537109374999],[-72.50517578125,-35.446972656250004],[-72.45498046874997,-35.34082031249999],[-72.38671874999997,-35.240429687500004],[-72.223779296875,-35.09619140625001],[-72.182421875,-34.92021484374999],[-72.05595703124999,-34.6158203125],[-72.03076171875,-34.42050781250001],[-71.99150390624999,-34.28847656250001],[-72.00283203125,-34.16533203124999],[-71.92685546874999,-34.015625],[-71.853955078125,-33.88955078125],[-71.83095703125,-33.81953125],[-71.66435546874999,-33.65263671875001],[-71.63627929687497,-33.51923828125],[-71.6955078125,-33.429003906249996],[-71.69658203124999,-33.2890625],[-71.74296874999999,-33.09511718750001],[-71.63554687499999,-33.022558593750006],[-71.592041015625,-32.96953125000001],[-71.45224609375,-32.659570312500016],[-71.46142578125,-32.537890625],[-71.4212890625,-32.38681640625002],[-71.51303710937498,-32.20791015625001],[-71.52587890625001,-31.805859375000022],[-71.57729492187497,-31.496386718750014],[-71.66196289062502,-31.16953125],[-71.65390625,-30.986621093749996],[-71.70566406249999,-30.759277343750004],[-71.70893554687498,-30.62802734374999],[-71.66948242187499,-30.33037109375001],[-71.40039062500003,-30.14296875],[-71.348046875,-29.933203125],[-71.31572265625,-29.649707031250017],[-71.326708984375,-29.44316406250001],[-71.35327148437499,-29.350390625],[-71.48583984375,-29.1982421875],[-71.51923828125,-28.926464843750015],[-71.49360351562498,-28.855273437499996],[-71.38408203125,-28.77871093750001],[-71.30673828124998,-28.67246093750001],[-71.266845703125,-28.507519531250004],[-71.18642578125001,-28.377832031250016],[-71.15449218749998,-28.0640625],[-71.0865234375,-27.814453125],[-71.05263671874998,-27.72734375],[-70.94580078125,-27.617871093750015],[-70.92578125000001,-27.588671875],[-70.90927734374999,-27.505175781250006],[-70.9142578125,-27.30791015624998],[-70.897900390625,-27.1875],[-70.812744140625,-26.95058593750001],[-70.8029296875,-26.840917968750013],[-70.7083984375,-26.59697265625],[-70.68696289062501,-26.421777343750016],[-70.64658203124999,-26.329394531250017],[-70.66225585937498,-26.22539062499999],[-70.63544921875,-25.99267578125],[-70.699609375,-25.861132812499992],[-70.71372070312499,-25.7841796875],[-70.63300781249998,-25.545605468749994],[-70.578125,-25.4875],[-70.489501953125,-25.376464843750004],[-70.45219726562499,-25.251855468750023],[-70.445361328125,-25.17265625],[-70.55864257812499,-24.77851562500001],[-70.57412109375,-24.644335937500003],[-70.54643554687499,-24.331640625],[-70.507421875,-24.1296875],[-70.52006835937499,-23.968554687500006],[-70.507421875,-23.885742187500007],[-70.48779296875,-23.781738281250007],[-70.40996093749997,-23.655566406250003],[-70.392333984375,-23.56591796875],[-70.41962890625003,-23.528515625],[-70.51196289062499,-23.482812500000012],[-70.58813476562503,-23.368359375],[-70.593359375,-23.25546875],[-70.56884765624999,-23.17333984375],[-70.56318359375001,-23.05703125],[-70.44965820312501,-23.0341796875],[-70.38916015625,-22.96962890625001],[-70.331689453125,-22.848632812500004],[-70.259521484375,-22.556054687500005],[-70.22851562499999,-22.193164062499996],[-70.18544921875,-21.974609375],[-70.15507812499997,-21.866601562500016],[-70.12958984375,-21.640820312500008],[-70.087548828125,-21.493066406250012],[-70.08002929687498,-21.356835937500012],[-70.08837890624999,-21.253222656250006],[-70.197021484375,-20.725390625],[-70.19365234374999,-20.531445312500015],[-70.1474609375,-20.229785156250006],[-70.14814453124997,-19.805078125],[-70.15742187499997,-19.705859375],[-70.19833984374998,-19.61298828125001],[-70.21040039062498,-19.486914062500002],[-70.27578125,-19.267578125],[-70.33486328124998,-18.827539062500012],[-70.33608398437501,-18.59521484375],[-70.36162109374999,-18.398046875],[-70.41826171874999,-18.345605468750016]]],[[[-68.62993164062497,-52.65263671875001],[-68.63168945312499,-52.94951171875002],[-68.633447265625,-53.24189453124999],[-68.63505859374997,-53.51542968750001],[-68.63666992187498,-53.78886718750003],[-68.63823242187497,-54.05292968749998],[-68.63979492187498,-54.32402343750003],[-68.64750976562499,-54.62783203124999],[-68.65322265625001,-54.853613281250034],[-68.803857421875,-54.853613281250034],[-68.84355468749999,-54.87675781250002],[-69.081640625,-54.909863281250004],[-69.48627929687495,-54.858886718749964],[-69.587548828125,-54.812792968750024],[-69.7234375,-54.712109375000026],[-69.77182617187496,-54.73916015625],[-69.89946289062499,-54.7818359375],[-70.030517578125,-54.81552734375004],[-70.13808593749997,-54.81923828125],[-70.23779296874999,-54.77753906250003],[-70.25908203125,-54.75634765625002],[-70.28173828125,-54.75175781250002],[-70.49716796874998,-54.809570312500014],[-70.73515624999999,-54.75058593750001],[-70.92470703124998,-54.714355468749964],[-71.22924804687497,-54.69414062499999],[-71.44091796875,-54.61962890625],[-71.83154296875001,-54.626171875000026],[-71.90156250000001,-54.6015625],[-71.927734375,-54.52871093749999],[-71.90698242187499,-54.49482421875002],[-71.8234375,-54.47441406250004],[-71.80014648437498,-54.433984375],[-71.71582031249996,-54.443652343749996],[-71.606298828125,-54.49716796875002],[-71.57275390625,-54.49531250000002],[-71.50039062499998,-54.444921875],[-71.39340820312499,-54.40019531250003],[-71.35522460937499,-54.39541015624998],[-71.158837890625,-54.4505859375],[-71.07993164062499,-54.444238281250016],[-70.96645507812497,-54.41953125000001],[-70.94619140625001,-54.398046875],[-70.92817382812498,-54.36005859375002],[-70.89824218749999,-54.33789062500002],[-70.79726562499998,-54.327246093749984],[-70.698828125,-54.34882812500003],[-70.68754882812497,-54.414746093749976],[-70.70112304687498,-54.48544921875001],[-70.57299804687499,-54.50439453124999],[-70.417919921875,-54.50224609375004],[-70.31098632812503,-54.52851562500003],[-70.29765625,-54.48554687500001],[-70.46831054687497,-54.37324218749999],[-70.53999023437498,-54.303417968750026],[-70.63613281250001,-54.26230468750001],[-70.75986328124996,-54.24130859375002],[-70.8630859375,-54.110449218750006],[-70.85673828124999,-53.995800781250004],[-70.86772460937497,-53.88417968749999],[-70.64448242187501,-53.82285156250002],[-70.69560546874999,-53.727441406249994],[-70.61875,-53.655078125],[-70.53129882812496,-53.62734374999999],[-70.44316406249999,-53.89345703125001],[-70.37973632812499,-53.98671875],[-70.46054687499998,-54.00566406249999],[-70.62983398437501,-54.005566406250026],[-70.53530273437498,-54.1361328125],[-70.37998046874998,-54.180664062500014],[-70.24609375,-54.277441406250006],[-70.24335937499998,-54.34765625],[-70.16899414062497,-54.37929687499999],[-69.99013671875,-54.38134765624999],[-69.86699218749997,-54.36748046875],[-69.80908203124999,-54.32080078125],[-69.741845703125,-54.30585937500003],[-69.62167968749998,-54.36406250000001],[-69.41928710937496,-54.40712890624998],[-69.36479492187497,-54.437597656250006],[-69.32509765624997,-54.48818359375002],[-69.32246093750001,-54.542675781250026],[-69.31206054687499,-54.571484375],[-69.253173828125,-54.557421875000024],[-69.16918945312501,-54.48330078125001],[-69.12788085937501,-54.45761718750001],[-69.07724609374999,-54.44501953125],[-69.04521484374997,-54.42841796875],[-69.0443359375,-54.40673828125],[-69.19565429687498,-54.354394531250016],[-69.98813476562496,-54.10908203124999],[-70.08559570312497,-54.0111328125],[-70.15112304687499,-53.88808593749999],[-70.14882812499998,-53.7611328125],[-70.09111328124997,-53.72177734374999],[-69.94970703125,-53.67158203125001],[-69.68974609374999,-53.60087890625001],[-69.38994140624997,-53.4994140625],[-69.35244140625001,-53.47998046875],[-69.35595703125,-53.41630859374999],[-69.3935546875,-53.3734375],[-69.51254882812499,-53.34199218750003],[-69.63701171874997,-53.33408203125],[-69.755615234375,-53.337207031250024],[-69.87412109374998,-53.350488281249994],[-70.09038085937496,-53.41816406249999],[-70.21284179687498,-53.41396484374998],[-70.32929687499998,-53.37763671875],[-70.41567382812498,-53.304785156249984],[-70.46025390624997,-53.20625],[-70.45996093749999,-53.143359375],[-70.443359375,-53.085546875],[-70.39067382812497,-53.02646484375],[-70.32001953125,-53.00068359375001],[-70.25634765625001,-53.00410156250001],[-70.19648437499998,-52.99023437499997],[-70.16088867187497,-52.969921875],[-70.13061523437499,-52.942773437499994],[-70.13955078125001,-52.919335937499994],[-70.162744140625,-52.89902343749999],[-70.2591796875,-52.85722656250006],[-70.29736328124999,-52.81699218749999],[-70.380126953125,-52.751953124999964],[-70.334912109375,-52.73378906249998],[-70.1896484375,-52.7236328125],[-70.08823242187496,-52.76855468749999],[-69.99355468749997,-52.8212890625],[-69.93544921874997,-52.82109375],[-69.883203125,-52.79902343750001],[-69.76357421874998,-52.73134765624997],[-69.66328124999998,-52.6462890625],[-69.571875,-52.54931640625],[-69.49838867187496,-52.49140625],[-69.41406249999999,-52.48623046875003],[-69.16704101562497,-52.66757812500002],[-69.07993164062498,-52.67431640625002],[-68.78979492187499,-52.5767578125],[-68.75751953124998,-52.582031249999964],[-68.65922851562499,-52.63154296875001],[-68.62993164062497,-52.65263671875001]]],[[[-67.07993164062499,-55.15380859375001],[-67.10947265625,-55.19208984374999],[-67.17255859375001,-55.242578124999966],[-67.257421875,-55.28183593750001],[-67.33969726562499,-55.292578125],[-67.39926757812499,-55.272265625000024],[-67.42939453125001,-55.236523437500026],[-67.44326171875,-55.201171875],[-67.46347656249999,-55.18173828125001],[-67.4947265625,-55.17744140625003],[-67.53525390624999,-55.17851562500001],[-67.58520507812501,-55.19199218750003],[-67.691455078125,-55.242968750000024],[-67.736962890625,-55.256445312500006],[-67.76777343749998,-55.259570312500045],[-68.07001953125,-55.22109374999998],[-68.09951171874998,-55.2068359375],[-68.13510742187499,-55.17265625000001],[-68.17431640624999,-55.07128906250003],[-68.30136718749998,-54.98066406250002],[-68.10693359374999,-54.92939453125002],[-67.87412109374998,-54.9296875],[-67.42456054687499,-54.96894531250003],[-67.245263671875,-54.977636718750006],[-67.10732421874997,-55.063574218750006],[-67.08549804687497,-55.11523437500002],[-67.07993164062499,-55.15380859375001]]],[[[-73.773388671875,-43.345898437500004],[-73.84858398437498,-43.366796875],[-73.91870117187499,-43.37197265625],[-73.98994140625,-43.35664062500002],[-74.11440429687498,-43.35791015624999],[-74.23857421874997,-43.31884765625],[-74.35493164062501,-43.263574218749994],[-74.387353515625,-43.231640625000026],[-74.37314453125002,-43.18574218750002],[-74.28935546874999,-43.07949218749998],[-74.20947265625,-42.87871093750002],[-74.15629882812499,-42.590527343750026],[-74.19882812499998,-42.48134765625001],[-74.1935546875,-42.43603515625],[-74.17407226562499,-42.38154296875],[-74.16435546874999,-42.32548828125],[-74.17031249999998,-42.268945312499994],[-74.16020507812499,-42.21640625000001],[-74.07231445312497,-42.10585937499998],[-74.059375,-42.05625],[-74.05683593749998,-42.00234374999998],[-74.01879882812501,-41.89091796875002],[-74.030517578125,-41.85400390624999],[-74.06303710937497,-41.82275390624999],[-74.03666992187497,-41.79550781250001],[-73.73095703125,-41.87724609375002],[-73.52783203124997,-41.8962890625],[-73.51694335937498,-41.98085937499998],[-73.47778320312499,-42.04716796875],[-73.4544921875,-42.16591796874998],[-73.42290039062499,-42.19287109375001],[-73.43925781249999,-42.277832031249986],[-73.5328125,-42.314453125],[-73.524560546875,-42.392578125],[-73.47080078124999,-42.46630859375],[-73.54926757812498,-42.492578125],[-73.63388671874998,-42.50820312499997],[-73.653466796875,-42.52871093749999],[-73.71474609375,-42.54472656250002],[-73.7892578125,-42.585742187500024],[-73.76684570312501,-42.621875],[-73.673046875,-42.704394531249996],[-73.56826171874998,-42.761621093749994],[-73.51074218749999,-42.84716796875001],[-73.43632812499997,-42.93652343749999],[-73.47265625,-42.993261718750006],[-73.54082031249997,-43.07373046875001],[-73.64960937499998,-43.12714843750001],[-73.749658203125,-43.159082031249994],[-73.737890625,-43.291406249999966],[-73.773388671875,-43.345898437500004]]],[[[-74.476171875,-49.1478515625],[-74.46679687500001,-49.29453125000002],[-74.48359375,-49.44189453124999],[-74.52207031249999,-49.62294921875],[-74.515771484375,-49.65957031249998],[-74.47084960937498,-49.66855468749999],[-74.45883789062498,-49.69111328125002],[-74.47197265624997,-49.786230468750006],[-74.49609374999999,-49.85947265624999],[-74.542578125,-49.91914062500002],[-74.56982421875,-49.99072265625],[-74.59472656249997,-50.006640625000024],[-74.70336914062499,-50.01923828125],[-74.76298828124997,-50.01142578125002],[-74.81083984374997,-49.929687500000014],[-74.82470703125001,-49.87949218750001],[-74.82192382812498,-49.81386718749998],[-74.88041992187499,-49.72587890625001],[-74.8822265625,-49.69218750000002],[-74.85932617187497,-49.63417968749999],[-74.81201171875,-49.60527343750001],[-74.80483398437498,-49.516015625],[-74.78100585937501,-49.48925781250003],[-74.72705078124999,-49.45234375000001],[-74.71884765624998,-49.437011718750014],[-74.723828125,-49.42382812500002],[-74.74384765625,-49.422460937499984],[-74.96010742187497,-49.53300781250001],[-74.98129882812498,-49.56416015625002],[-74.99082031249999,-49.605664062500026],[-74.99350585937499,-49.75175781250001],[-75.03154296874997,-49.836230468750024],[-75.066015625,-49.85234374999998],[-75.16694335937498,-49.85595703124999],[-75.30009765624997,-49.847460937500024],[-75.451171875,-49.76992187500002],[-75.5498046875,-49.79130859374999],[-75.57011718749999,-49.69707031250001],[-75.520751953125,-49.62167968750001],[-75.33706054687497,-49.62822265625002],[-75.30585937499998,-49.494042968749994],[-75.36420898437498,-49.4625],[-75.42885742187498,-49.40839843750001],[-75.46748046874998,-49.35888671875],[-75.43315429687499,-49.3220703125],[-75.32666015624999,-49.26865234375001],[-75.26962890624999,-49.26289062500002],[-75.21684570312496,-49.29277343750001],[-75.08603515624999,-49.27021484375002],[-75.09370117187498,-49.185351562500024],[-75.21015625,-49.148046875],[-75.18422851562501,-49.08359375],[-75.03710937499997,-49.02207031250001],[-74.94921874999997,-48.96015625],[-74.94521484374998,-48.88945312500002],[-74.98076171874999,-48.81884765625001],[-74.96953124999997,-48.79130859375],[-74.896240234375,-48.733203125],[-74.79345703125001,-48.70507812499998],[-74.74667968749998,-48.70888671875001],[-74.6515625,-48.74990234375002],[-74.56660156250001,-48.754785156249994],[-74.54609375,-48.76689453125002],[-74.5306640625,-48.81259765625001],[-74.476171875,-49.1478515625]]],[[[-75.51025390624999,-48.7634765625],[-75.62285156249999,-48.7646484375],[-75.65092773437497,-48.58632812499999],[-75.51845703125,-48.328808593750026],[-75.50903320312499,-48.23066406250001],[-75.55351562499999,-48.15673828125],[-75.571484375,-48.09589843750003],[-75.56069335937498,-48.070898437500006],[-75.39140624999996,-48.01972656250001],[-75.33837890625,-48.07402343750003],[-75.27548828124996,-48.21845703125001],[-75.15551757812497,-48.42519531249999],[-75.15849609374999,-48.62265624999998],[-75.22509765624999,-48.67138671874998],[-75.43398437499998,-48.72119140625001],[-75.51025390624999,-48.7634765625]]],[[[-74.38574218749999,-52.92236328124999],[-74.36933593749998,-52.93144531250001],[-74.32998046875,-52.929296875],[-74.274609375,-52.945507812500004],[-74.06596679687499,-52.965332031249986],[-73.87919921874997,-53.01220703125],[-73.78178710937497,-53.05605468750004],[-73.65400390624998,-53.06982421875],[-73.549267578125,-53.12568359375],[-73.50454101562501,-53.14003906249999],[-73.45058593750001,-53.14433593750003],[-73.31035156249997,-53.24765625000001],[-73.30249023437499,-53.25947265625],[-73.14335937499999,-53.34091796875],[-73.13520507812498,-53.35390625000002],[-73.225732421875,-53.3583984375],[-73.409375,-53.320507812500004],[-73.50102539062499,-53.31845703125],[-73.56728515625001,-53.30683593750002],[-73.58281249999997,-53.3001953125],[-73.59594726562499,-53.25292968750001],[-73.61708984374998,-53.22968750000002],[-73.79350585937496,-53.120703125],[-73.86694335937499,-53.096875],[-73.99399414062496,-53.07578125],[-74.13857421875,-53.09052734375001],[-74.236376953125,-53.07646484375002],[-74.27021484374997,-53.08154296874999],[-74.41440429687498,-52.99492187500002],[-74.55830078125,-52.921875],[-74.61992187499997,-52.83476562500002],[-74.71152343749998,-52.76816406250002],[-74.71201171874999,-52.74873046875001],[-74.66997070312497,-52.73388671875],[-74.57153320312501,-52.77128906250002],[-74.47456054687498,-52.83564453125002],[-74.42226562499998,-52.860058593750004],[-74.38574218749999,-52.92236328124999]]],[[[-74.56728515625,-48.591992187500004],[-74.58627929687498,-48.61572265625001],[-74.70957031249998,-48.601171875],[-74.923046875,-48.62646484374999],[-75.01284179687501,-48.535742187500006],[-75.05214843749998,-48.39140625],[-75.07890624999999,-48.361523437500004],[-75.13193359374998,-48.279296875000036],[-75.15849609375,-48.22529296875001],[-75.21289062499999,-48.14169921874999],[-75.23388671874997,-48.05341796875002],[-75.24726562499998,-48.026757812499994],[-75.19829101562499,-47.974609375],[-74.97509765624999,-47.9228515625],[-74.895654296875,-47.83935546875002],[-74.82744140624999,-47.85039062500002],[-74.84619140625,-48.02080078125002],[-74.80522460937499,-48.078222656250006],[-74.72929687499999,-48.12587890624999],[-74.71523437499997,-48.14550781250001],[-74.70239257812499,-48.20585937500001],[-74.66435546875,-48.29931640625003],[-74.61513671875,-48.343066406250045],[-74.60244140624998,-48.37031250000001],[-74.60014648437497,-48.393066406249986],[-74.61821289062499,-48.42519531249999],[-74.56728515625,-48.591992187500004]]],[[[-72.92324218749998,-53.48164062500001],[-72.89628906250002,-53.56279296875002],[-72.8822265625,-53.57832031250001],[-72.809375,-53.56533203124999],[-72.68549804687497,-53.55791015625001],[-72.48227539062499,-53.58808593750002],[-72.459228515625,-53.59882812499998],[-72.37290039062498,-53.6875],[-72.30668945312499,-53.72539062500002],[-72.20541992187499,-53.80742187500001],[-72.30625,-53.862109375],[-72.365966796875,-53.94082031249999],[-72.369140625,-53.980761718750024],[-72.40854492187495,-54.003808593749994],[-72.47050781249997,-54.02773437499999],[-72.562890625,-54.073730468750036],[-72.67656249999999,-54.07890625000003],[-72.788623046875,-54.103125],[-72.84038085937496,-54.125097656250006],[-72.87099609374998,-54.126562499999984],[-72.90727539062497,-54.11464843749999],[-72.94609374999999,-54.092089843750024],[-72.95859375,-54.06591796874997],[-72.88173828125,-54.041601562500006],[-72.781689453125,-53.95478515625003],[-72.76376953124996,-53.86484375],[-72.871728515625,-53.848535156250016],[-72.93613281249999,-53.86083984375002],[-72.98422851562499,-53.86054687500002],[-73.03945312499998,-53.83281250000003],[-73.07304687499999,-53.875292968750024],[-73.085546875,-53.915917968749994],[-73.07084960937496,-53.97802734375001],[-73.08076171874997,-53.998046875],[-73.11997070312498,-54.009375],[-73.21064453124998,-53.98583984374997],[-73.30473632812497,-53.94394531249999],[-73.31215820312498,-53.91962890625001],[-73.29287109374998,-53.83583984374999],[-73.29492187499997,-53.79208984374999],[-73.31435546875,-53.72919921875002],[-73.32480468749998,-53.72265625],[-73.360107421875,-53.72402343749999],[-73.470947265625,-53.736132812500024],[-73.581640625,-53.655468750000026],[-73.64150390625,-53.5703125],[-73.845458984375,-53.545800781249966],[-73.68652343749999,-53.426855468750006],[-73.44707031249997,-53.41005859374999],[-73.36586914062498,-53.47021484375],[-73.09936523437499,-53.51191406250001],[-73.11533203124998,-53.44804687500002],[-73.11088867187497,-53.4251953125],[-73.07431640624998,-53.39677734375002],[-73.05361328125,-53.39443359375],[-73.02207031249999,-53.41455078125],[-72.97094726562497,-53.423046875],[-72.94726562499997,-53.442480468750006],[-72.92324218749998,-53.48164062500001]]],[[[-74.82294921875001,-51.63017578125002],[-74.780126953125,-51.82470703125003],[-74.74951171875,-51.851855468749996],[-74.64746093749999,-51.86621093749999],[-74.53681640624998,-51.96513671875],[-74.53183593749996,-51.991992187500024],[-74.66596679687498,-52.16005859375001],[-74.69448242187498,-52.27919921874999],[-74.851806640625,-52.270703124999976],[-74.917724609375,-52.15224609374998],[-75.01713867187497,-52.03789062500001],[-75.05068359374998,-51.90390625],[-75.10537109374998,-51.788867187500024],[-75.00810546874995,-51.72373046874999],[-74.91518554687498,-51.73828125],[-74.90966796875,-51.65],[-74.82294921875001,-51.63017578125002]]],[[[-69.70297851562498,-54.91904296875002],[-68.90078124999998,-55.01777343750004],[-68.65351562499998,-54.95791015624998],[-68.4580078125,-54.95966796875002],[-68.3998046875,-55.04199218750002],[-68.59809570312498,-55.12832031249998],[-68.61328124999999,-55.15556640625],[-68.585546875,-55.177734375],[-68.38173828124998,-55.19160156250001],[-68.330078125,-55.21943359375],[-68.28266601562503,-55.255175781250024],[-68.32275390625,-55.30820312500005],[-68.32656249999997,-55.33271484374999],[-68.30541992187497,-55.35664062500001],[-68.152587890625,-55.436914062499994],[-68.08989257812499,-55.4783203125],[-68.05830078124998,-55.51796874999998],[-68.045556640625,-55.5875],[-68.04833984375,-55.643164062500006],[-68.082666015625,-55.65058593750006],[-68.15708007812499,-55.633691406249994],[-68.229638671875,-55.6015625],[-68.293359375,-55.52138671875001],[-68.338037109375,-55.50527343749999],[-68.46669921874998,-55.48906250000002],[-68.594189453125,-55.45],[-68.69355468749998,-55.452246093750006],[-68.78500976562496,-55.435644531249984],[-68.86704101562495,-55.45019531249999],[-68.89614257812498,-55.423828125],[-68.93129882812498,-55.370605468749964],[-68.93208007812501,-55.347363281249976],[-68.88896484374996,-55.26328125],[-68.89008789062498,-55.2412109375],[-68.91264648437499,-55.23857421875001],[-69.008203125,-55.25576171875002],[-69.046826171875,-55.244335937500026],[-69.15078124999997,-55.18339843749999],[-69.192626953125,-55.171875],[-69.29707031249997,-55.16582031250002],[-69.35615234375,-55.27392578125],[-69.359228515625,-55.300683593750016],[-69.2990234375,-55.36933593750004],[-69.18085937500003,-55.47480468750003],[-69.24082031249998,-55.476757812500004],[-69.41181640624998,-55.444238281250016],[-69.45571289062501,-55.424023437500004],[-69.50869140625,-55.37089843750002],[-69.61025390624998,-55.33994140625003],[-69.64589843750001,-55.32089843750005],[-69.65629882812499,-55.29843750000002],[-69.657373046875,-55.22900390625],[-69.679833984375,-55.218945312500004],[-69.82402343750002,-55.236523437500026],[-69.85371093749997,-55.219824218750006],[-69.86577148437499,-55.190625],[-69.88676757812497,-55.174121093750024],[-69.97978515624997,-55.147460937500014],[-69.98798828124998,-55.13076171874999],[-69.94653320312499,-55.11103515625001],[-69.92084960937501,-55.06113281250002],[-69.884423828125,-54.88203125000004],[-69.70297851562498,-54.91904296875002]]],[[[-71.39047851562499,-54.032812499999984],[-71.16875,-54.11259765625002],[-71.02192382812501,-54.111816406249986],[-71.02285156249998,-54.16171875],[-71.00488281250001,-54.24667968750003],[-71.02802734375001,-54.28115234374999],[-71.08295898437498,-54.31630859374998],[-71.11752929687498,-54.366308593750006],[-71.14326171874998,-54.3740234375],[-71.304638671875,-54.31357421875002],[-71.47329101562501,-54.23115234375001],[-71.55810546875001,-54.245605468750014],[-71.67060546875001,-54.225390625],[-71.76123046874997,-54.22978515625003],[-71.81757812499998,-54.276464843750006],[-71.94853515624996,-54.30087890625],[-71.97236328125,-54.20722656250004],[-72.09155273437499,-54.11875],[-72.21044921875001,-54.047753906249994],[-72.146044921875,-53.93886718750003],[-72.06894531249996,-53.92128906249996],[-71.99648437499998,-53.884863281250006],[-71.70512695312497,-53.92333984375003],[-71.55415039062498,-53.95605468750001],[-71.39047851562499,-54.032812499999984]]],[[[-73.7353515625,-44.394531250000014],[-73.7845703125,-44.4375],[-73.8623046875,-44.44511718750001],[-73.98330078124998,-44.49482421875003],[-73.99604492187498,-44.537988281249994],[-74.00205078124995,-44.590917968749984],[-73.91855468749999,-44.654687500000016],[-73.877392578125,-44.72880859375002],[-73.82788085937499,-44.839843750000014],[-73.79213867187498,-44.94580078125],[-73.79536132812498,-44.978613281250006],[-73.78647460937499,-45.03359374999999],[-73.72714843749999,-45.11904296875],[-73.72167968749999,-45.15761718749999],[-73.728173828125,-45.195898437499984],[-73.752099609375,-45.266796875],[-73.77099609375001,-45.27656250000002],[-73.8298828125,-45.28349609375001],[-73.83447265624999,-45.32656249999999],[-73.848974609375,-45.340625],[-74.01625976562498,-45.34492187499998],[-74.099072265625,-45.325390625],[-74.0892578125,-45.195703125],[-74.19521484375,-45.144824218750024],[-74.26796875,-45.058984375000016],[-74.34990234375,-44.91083984375002],[-74.41875,-44.865234375],[-74.49882812499999,-44.74814453125001],[-74.61777343749998,-44.647949218750014],[-74.48051757812496,-44.5845703125],[-74.50180664062498,-44.47353515624998],[-74.42167968749997,-44.43544921874998],[-74.30122070312498,-44.39570312499998],[-74.2125,-44.426953125000026],[-74.13281250000001,-44.41591796875],[-74.09721679687499,-44.389355468750004],[-74.10810546875,-44.27587890625],[-74.08281249999997,-44.18642578124997],[-73.99492187499997,-44.140234374999984],[-73.90019531249997,-44.134863281250006],[-73.86455078124999,-44.185351562500024],[-73.81777343749998,-44.234960937500006],[-73.70322265624998,-44.27412109375003],[-73.70371093749998,-44.32539062499998],[-73.7353515625,-44.394531250000014]]],[[[-72.98613281249999,-44.78007812500003],[-73.22846679687498,-44.8599609375],[-73.35,-44.83320312500002],[-73.39707031249999,-44.77431640625001],[-73.42006835937501,-44.72480468750001],[-73.445068359375,-44.641015625],[-73.40366210937496,-44.59609374999999],[-73.31494140625,-44.531347656250006],[-73.28198242187497,-44.48955078125002],[-73.26601562499997,-44.44023437499999],[-73.27158203124999,-44.394140625],[-73.260009765625,-44.35029296875002],[-73.20771484374998,-44.33496093749999],[-73.02841796874999,-44.38408203125002],[-72.842431640625,-44.45771484375002],[-72.77636718749999,-44.50859375000002],[-72.76406249999998,-44.549023437499976],[-72.84531249999998,-44.638476562500024],[-72.89716796874998,-44.712011718750006],[-72.98613281249999,-44.78007812500003]]],[[[-75.04248046875001,-44.89013671874999],[-75.06748046874999,-44.906542968750024],[-75.09873046874999,-44.90175781249999],[-75.12421875000001,-44.86992187500002],[-75.142138671875,-44.815625],[-75.10742187499999,-44.7951171875],[-75.0794921875,-44.7951171875],[-75.04843749999998,-44.82392578125002],[-75.0322265625,-44.870507812499994],[-75.04248046875001,-44.89013671874999]]],[[[-75.302001953125,-50.67998046875003],[-75.33046874999998,-50.772363281249994],[-75.41137695312497,-50.764355468750004],[-75.43852539062497,-50.74111328125],[-75.45263671875,-50.68251953124999],[-75.47739257812499,-50.654199218749994],[-75.44267578125,-50.59550781249999],[-75.41977539062498,-50.530371093749984],[-75.42763671875,-50.48056640625003],[-75.30371093749997,-50.48398437500002],[-75.15615234375,-50.49677734375001],[-75.11533203124999,-50.51044921875002],[-75.16044921874997,-50.55439453125003],[-75.20341796874997,-50.58066406250002],[-75.29233398437499,-50.596875],[-75.302001953125,-50.67998046875003]]],[[[-75.10668945312499,-48.836523437499984],[-75.11508789062498,-48.916015625],[-75.2626953125,-49.068945312500006],[-75.38994140624997,-49.15917968750001],[-75.506103515625,-49.230664062500004],[-75.58037109374999,-49.22998046875],[-75.64116210937496,-49.195410156249984],[-75.57285156249996,-49.13886718750001],[-75.48764648437498,-49.08242187499997],[-75.51455078125001,-49.009570312500024],[-75.54013671874998,-48.98847656250001],[-75.576171875,-48.98076171875003],[-75.637841796875,-48.94257812499998],[-75.61914062499997,-48.88593750000001],[-75.58310546874999,-48.85888671875],[-75.53525390624999,-48.83818359375003],[-75.49047851562501,-48.85048828125],[-75.29726562499997,-48.81064453125],[-75.23618164062499,-48.778613281250024],[-75.11860351562497,-48.77294921874999],[-75.10668945312499,-48.836523437499984]]],[[[-75.11220703125,-47.83769531250002],[-75.18583984374999,-47.850683593749984],[-75.19433593749997,-47.818066406250004],[-75.26103515625,-47.7638671875],[-75.203125,-47.72802734375],[-75.08984374999999,-47.690625],[-75.00395507812502,-47.69472656249999],[-74.92646484374998,-47.72314453125001],[-74.91601562499997,-47.756640625],[-75.05126953124997,-47.80048828125001],[-75.08447265625003,-47.824511718750024],[-75.11220703125,-47.83769531250002]]],[[[-74.66875,-43.60781249999998],[-74.81044921874997,-43.625390624999966],[-74.84267578125,-43.59550781250002],[-74.8419921875,-43.5703125],[-74.81767578124999,-43.549414062500006],[-74.74501953125,-43.5359375],[-74.69746093749998,-43.55302734375002],[-74.67265624999997,-43.57744140625003],[-74.66479492187497,-43.599609375],[-74.66875,-43.60781249999998]]],[[[-73.63217773437498,-44.82148437500004],[-73.66484375,-44.832910156249994],[-73.694580078125,-44.83115234375],[-73.72475585937498,-44.796875],[-73.73486328125,-44.75166015625001],[-73.800146484375,-44.684082031250014],[-73.81845703124998,-44.652148437500045],[-73.81699218749999,-44.613964843750026],[-73.7794921875,-44.559179687500006],[-73.72392578124997,-44.544238281249996],[-73.68647460937504,-44.546289062500016],[-73.64121093749998,-44.61083984375],[-73.62822265624996,-44.680761718750006],[-73.61660156249998,-44.7529296875],[-73.63217773437498,-44.82148437500004]]],[[[-74.55864257812497,-51.27705078125003],[-74.56088867187499,-51.360839843749986],[-74.59257812499996,-51.3875],[-74.62036132812499,-51.395703125],[-74.69072265624999,-51.37021484375],[-74.730908203125,-51.367382812500026],[-74.79736328125001,-51.41171875000001],[-74.85332031249999,-51.43417968749999],[-74.936669921875,-51.428320312500006],[-75.04736328125,-51.39833984375],[-75.14628906249996,-51.52431640625004],[-75.19243164062497,-51.56669921874999],[-75.28911132812499,-51.62539062499997],[-75.30004882812497,-51.55644531250001],[-75.23847656250001,-51.45351562499997],[-75.21000976562499,-51.383300781249986],[-75.15366210937499,-51.27880859375001],[-75.04033203124997,-51.318164062500024],[-74.88144531249998,-51.27949218750002],[-74.73666992187498,-51.207617187500006],[-74.61157226562499,-51.20712890624998],[-74.5705078125,-51.24541015624999],[-74.55864257812497,-51.27705078125003]]],[[[-75.05478515624999,-50.29609375000001],[-75.250390625,-50.376269531250024],[-75.307861328125,-50.34306640625002],[-75.44912109374997,-50.343359375],[-75.41210937499997,-50.25664062499999],[-75.39785156249997,-50.19267578125001],[-75.376708984375,-50.16796874999998],[-75.36884765624997,-50.1126953125],[-75.32666015624999,-50.011816406250006],[-75.20966796875,-50.04541015624999],[-75.12255859375,-50.05527343750001],[-75.00424804687498,-50.088671875],[-74.87597656249999,-50.10996093750003],[-74.83857421874998,-50.197265625],[-74.96337890624999,-50.2373046875],[-75.05478515624999,-50.29609375000001]]],[[[-73.81064453124999,-43.82724609375002],[-73.78964843749996,-43.87646484374998],[-73.83364257812498,-43.88320312499999],[-73.90415039062498,-43.87539062499997],[-73.93828124999999,-43.91425781250001],[-73.95566406249999,-43.92197265625],[-74.11777343749999,-43.8875],[-74.14296874999998,-43.872167968749984],[-74.13994140624996,-43.82099609375002],[-73.9671875,-43.816503906249984],[-73.85693359375,-43.78378906250001],[-73.84140624999998,-43.78896484374998],[-73.81064453124999,-43.82724609375002]]],[[[-74.1421875,-51.93105468749998],[-74.17207031250001,-51.94208984375004],[-74.28310546874995,-51.91875],[-74.33867187499997,-51.89794921874997],[-74.42363281249999,-51.84511718749997],[-74.437109375,-51.790625],[-74.47539062499999,-51.725683593750034],[-74.45078125,-51.72490234375002],[-74.36210937499997,-51.750683593750004],[-74.32568359374999,-51.77021484374998],[-74.27705078124998,-51.811621093749984],[-74.1333984375,-51.8708984375],[-74.11542968749998,-51.888476562499996],[-74.118896484375,-51.911132812500014],[-74.1421875,-51.93105468749998]]],[[[-74.312890625,-45.69150390625001],[-74.36845703124999,-45.73583984375],[-74.46552734374998,-45.757226562499994],[-74.56162109374999,-45.72246093750002],[-74.67773437499999,-45.73857421875002],[-74.68984374999998,-45.66259765624998],[-74.64643554687501,-45.6],[-74.55839843749996,-45.52558593750002],[-74.49467773437497,-45.42587890625001],[-74.50234375,-45.28515625],[-74.45,-45.252929687500014],[-74.421875,-45.20322265624999],[-74.31054687499999,-45.17265625000002],[-74.28540039062499,-45.27724609375],[-74.31542968749999,-45.4640625],[-74.24003906249997,-45.57451171875002],[-74.22919921875001,-45.611328125],[-74.243896484375,-45.65361328125001],[-74.312890625,-45.69150390625001]]],[[[-67.5751953125,-55.8896484375],[-67.61142578124999,-55.89169921875],[-67.69951171874995,-55.873144531250006],[-67.83154296875003,-55.86484375000002],[-67.846435546875,-55.85722656250004],[-67.84970703124998,-55.842578125],[-67.83408203124999,-55.82753906250001],[-67.76206054687498,-55.81611328125],[-67.54482421874998,-55.82597656250001],[-67.51728515625,-55.83281250000004],[-67.50981445312499,-55.844335937500006],[-67.54526367187499,-55.87744140625002],[-67.5751953125,-55.8896484375]]],[[[-66.472119140625,-55.229101562500006],[-66.551708984375,-55.272851562499966],[-66.61113281249996,-55.269921875],[-66.63017578124999,-55.254101562500054],[-66.63662109374997,-55.234375],[-66.62475585937499,-55.213085937500026],[-66.59970703124999,-55.19365234375002],[-66.54155273437496,-55.16943359374999],[-66.52314453125,-55.165527343749986],[-66.43579101562499,-55.18974609375005],[-66.472119140625,-55.229101562500006]]],[[[-70.9916015625,-54.86796875],[-70.94511718749999,-54.93134765625002],[-70.92792968749998,-54.94296875],[-70.804833984375,-54.967675781249994],[-70.74931640624997,-54.952734375000034],[-70.615283203125,-54.945605468749996],[-70.534765625,-54.92128906249997],[-70.41752929687499,-54.90888671874998],[-70.28305664062502,-55.06591796875003],[-70.29785156249999,-55.11376953124998],[-70.40415039062498,-55.165625],[-70.47558593749997,-55.17705078125],[-70.54345703125,-55.16132812500003],[-70.538720703125,-55.134960937500026],[-70.55107421874995,-55.1119140625],[-70.5974609375,-55.08203125000003],[-70.64091796874999,-55.08486328125],[-70.71098632812499,-55.10693359375002],[-70.74443359375,-55.10419921875004],[-70.81547851562499,-55.079882812500024],[-70.93984375,-55.06191406250002],[-70.964501953125,-55.03964843750002],[-70.96728515624999,-55.006835937500014],[-70.99072265625001,-54.99042968750003],[-71.120361328125,-54.93779296875001],[-71.2033203125,-54.89296875],[-71.2736328125,-54.886914062500026],[-71.29931640625,-54.89228515625002],[-71.32534179687501,-54.91376953125003],[-71.38857421875,-54.93427734375001],[-71.40664062499998,-54.93085937500002],[-71.42690429687501,-54.91376953125003],[-71.43720703124998,-54.88925781250002],[-71.410546875,-54.839355468749986],[-71.37426757812499,-54.83457031250001],[-71.19707031249996,-54.84443359375001],[-71.08862304687501,-54.86748046875006],[-70.9916015625,-54.86796875]]],[[[-67.28886718749996,-55.77685546874998],[-67.32529296874998,-55.78476562499998],[-67.35224609375,-55.766015625],[-67.39335937499997,-55.75273437500001],[-67.55996093749997,-55.72480468750005],[-67.5634765625,-55.70781250000002],[-67.546142578125,-55.68369140625001],[-67.51279296874996,-55.66201171874998],[-67.44882812499998,-55.640625],[-67.39736328125,-55.58515625000002],[-67.37407226562497,-55.58935546875002],[-67.35058593749999,-55.61210937500003],[-67.31044921875,-55.68867187500002],[-67.26245117187499,-55.74375],[-67.26728515624997,-55.762792968750006],[-67.28886718749996,-55.77685546874998]]]]}},{"type":"Feature","properties":{"ADMIN":"Brazil","ADM0_A3":"BRA"},"geometry":{"type":"MultiPolygon","coordinates":[[[[-66.876025390625,1.223046875],[-66.61904296874998,0.992138671874997],[-66.42924804687499,0.821679687499994],[-66.34711914062498,0.7671875],[-66.30166015625001,0.751953125],[-66.19121093749997,0.76328125],[-66.06005859375,0.785351562499997],[-65.996337890625,0.809765625],[-65.92587890624999,0.863134765624992],[-65.81132812499999,0.937255859375],[-65.71811523437499,0.97802734375],[-65.68144531249997,0.983447265624988],[-65.64467773437498,0.970361328124995],[-65.566015625,0.926074218749988],[-65.52299804687499,0.843408203124994],[-65.5626953125,0.747509765624997],[-65.55605468749998,0.68798828125],[-65.473388671875,0.691259765624991],[-65.4072265625,0.790478515624997],[-65.36083984375,0.86865234375],[-65.26396484374997,0.931884765625],[-65.16962890625,1.022216796875],[-65.103759765625,1.108105468749997],[-65.0265625,1.158447265625],[-64.910107421875,1.2197265625],[-64.81796874999998,1.257128906249988],[-64.73154296874999,1.253320312499994],[-64.667431640625,1.293847656249994],[-64.584375,1.369873046875],[-64.52626953125,1.431005859374991],[-64.48603515624998,1.452783203124994],[-64.40512695312498,1.446875],[-64.30419921875,1.455273437499997],[-64.205029296875,1.529492187499997],[-64.11484374999998,1.619287109374994],[-64.067041015625,1.7705078125],[-64.03544921874999,1.904443359374994],[-64.00849609374998,1.931591796874997],[-63.97578125,1.953027343749995],[-63.937158203124994,1.966992187499997],[-63.84448242187501,1.976708984374994],[-63.682128906249986,2.048144531249988],[-63.570263671875,2.120507812499994],[-63.463916015624996,2.136035156249989],[-63.432519531249994,2.155566406249988],[-63.393945312499994,2.222509765624991],[-63.37485351562498,2.340429687499991],[-63.389257812499984,2.411914062499989],[-63.58461914062499,2.433935546874992],[-63.712548828124994,2.434033203124998],[-63.924169921875,2.452441406249988],[-64.02490234374999,2.481884765624997],[-64.04658203124998,2.502392578124997],[-64.048828125,2.525097656249997],[-64.0287109375,2.576074218749995],[-64.009033203125,2.671875],[-64.03779296875,2.801513671875],[-64.14355468749999,3.0048828125],[-64.21884765624999,3.2046875],[-64.22875976562499,3.343994140625],[-64.22705078124999,3.491210937500001],[-64.22109374999998,3.58740234375],[-64.27529296874998,3.662695312499991],[-64.56791992187497,3.899804687499994],[-64.66899414062499,4.011816406249991],[-64.702587890625,4.089306640624996],[-64.81787109375,4.232275390624991],[-64.788671875,4.276025390624994],[-64.722265625,4.274414062500001],[-64.66552734375,4.237109375],[-64.613671875,4.157714843749998],[-64.57636718749998,4.139892578125],[-64.525537109375,4.139990234374991],[-64.25566406249999,4.140332031249996],[-64.19248046874999,4.126855468749994],[-64.154296875,4.100146484374989],[-64.121728515625,4.066992187499991],[-64.07338867187501,3.97441406249999],[-64.02148437500001,3.929101562499993],[-63.91464843749999,3.9306640625],[-63.74697265624998,3.932568359374998],[-63.652929687499984,3.940820312499993],[-63.59663085937499,3.9150390625],[-63.52680664062499,3.893701171874994],[-63.37978515624998,3.942871093749999],[-63.338671874999974,3.943896484374988],[-63.294726562499996,3.922265625],[-63.13623046875001,3.756445312499992],[-63.0453125,3.686474609374998],[-62.96865234375,3.593945312499996],[-62.85698242187499,3.593457031249997],[-62.76459960937498,3.672949218749991],[-62.73994140625,3.940332031249993],[-62.712109375,4.017919921874991],[-62.665332031249974,4.039648437499993],[-62.60976562499999,4.042285156249987],[-62.543945312499986,4.084326171874991],[-62.47255859375,4.138525390624991],[-62.410644531249986,4.156738281250002],[-62.153125,4.098388671875001],[-62.08159179687499,4.126318359374991],[-61.82084960937499,4.197021484374999],[-61.554248046874996,4.287792968749997],[-61.479394531249994,4.402246093749993],[-61.367529296874984,4.433007812499994],[-61.28007812499998,4.516894531249989],[-61.209423828125,4.508056640624999],[-61.102441406249994,4.504687499999988],[-61.036279296875,4.519335937499989],[-61.002832031249994,4.535253906249991],[-60.96640625,4.574707031250002],[-60.90625,4.68681640624999],[-60.83339843749999,4.729199218749997],[-60.74174804687498,4.774121093749997],[-60.679150390625004,4.827099609374996],[-60.627587890625,4.892529296874996],[-60.60385742187498,4.949365234374994],[-60.60449218749999,4.994580078124996],[-60.635009765624986,5.081982421874996],[-60.671972656249984,5.164355468749989],[-60.711962890624974,5.191552734374992],[-60.74213867187498,5.202050781249995],[-60.6513671875,5.221142578124997],[-60.57641601562499,5.192480468749992],[-60.459521484374974,5.188085937499992],[-60.40878906249998,5.21015625],[-60.33520507812501,5.199316406249991],[-60.24165039062499,5.257958984374993],[-60.181738281249984,5.238818359374988],[-60.142041015625,5.238818359374988],[-60.10595703125,5.194238281249993],[-60.07807617187499,5.143994140624997],[-59.990673828125004,5.082861328124991],[-59.99936523437499,4.98984375],[-60.015478515624984,4.907519531249989],[-60.02675781249999,4.812695312499996],[-60.031787109374974,4.740527343749988],[-60.068945312499984,4.666650390624993],[-60.124560546874996,4.59765625],[-60.14091796874998,4.569628906249989],[-60.14863281249999,4.533251953124989],[-60.111132812499996,4.511181640624999],[-60.045019531249984,4.504589843749998],[-59.962353515625,4.501708984375],[-59.906103515625,4.480322265624991],[-59.83334960937499,4.475927734374991],[-59.74580078124998,4.416650390624993],[-59.70327148437497,4.381103515625001],[-59.69970703124999,4.353515625],[-59.72749023437498,4.287646484374989],[-59.73857421874999,4.226757812499997],[-59.71689453124998,4.188183593749996],[-59.691210937499996,4.160400390624998],[-59.62021484374998,4.023144531249998],[-59.586425781249986,3.975390625],[-59.557763671874994,3.960009765624988],[-59.551123046875,3.933544921874998],[-59.57539062499998,3.883447265624995],[-59.60444335937499,3.819677734374991],[-59.670214843749974,3.752734374999989],[-59.67900390624999,3.699804687499991],[-59.73164062499998,3.666552734374987],[-59.85439453124998,3.5875],[-59.83305664062499,3.462158203125],[-59.82880859374998,3.398583984374994],[-59.83115234374999,3.34921875],[-59.873046875,3.283105468749994],[-59.945654296874984,3.087841796874998],[-59.972314453125,2.990478515625],[-59.99589843749999,2.765429687499989],[-59.99433593749999,2.689990234374989],[-59.96079101562499,2.58837890625],[-59.8896484375,2.362939453124994],[-59.84912109375001,2.327050781249994],[-59.755224609375,2.274121093749996],[-59.74350585937498,2.121630859374989],[-59.751757812499996,1.96240234375],[-59.75620117187499,1.900634765625],[-59.740722656249986,1.874169921874994],[-59.69853515624999,1.861474609374994],[-59.668505859374996,1.842333984374989],[-59.663769531250004,1.795214843749988],[-59.666601562499984,1.746289062499996],[-59.596630859375,1.718017578125],[-59.53569335937499,1.7],[-59.479443359375,1.632421875],[-59.37768554687501,1.52734375],[-59.33725585937499,1.508203125],[-59.3169921875,1.464599609375],[-59.231201171874986,1.376025390624989],[-59.10039062499999,1.343652343749995],[-58.968505859375014,1.304589843749995],[-58.916601562499984,1.248876953124991],[-58.8625,1.20361328125],[-58.82177734374999,1.201220703124989],[-58.787207031249984,1.20849609375],[-58.73032226562498,1.247509765624997],[-58.684619140624974,1.281054687499988],[-58.605078125,1.279150390624991],[-58.51186523437498,1.28466796875],[-58.495703125,1.312255859375],[-58.486865234374996,1.347753906249992],[-58.50605468749999,1.438671875],[-58.47294921874998,1.466259765624997],[-58.39580078124999,1.481738281249989],[-58.38037109375,1.530224609374997],[-58.36269531249999,1.556689453124989],[-58.34067382812498,1.587548828124994],[-58.31420898437501,1.591943359374994],[-58.28115234374999,1.574316406249991],[-58.23041992187502,1.563281249999988],[-58.173095703125,1.5478515625],[-58.14223632812499,1.516992187499994],[-58.09130859375,1.514355468749997],[-58.03466796874999,1.520263671875],[-58.01176757812499,1.539941406249994],[-57.99511718750001,1.574316406249991],[-57.9828125,1.6484375],[-57.94633789062498,1.650585937499997],[-57.8734375,1.667285156249989],[-57.79565429687499,1.7],[-57.69174804687499,1.704785156249997],[-57.59443359374998,1.7041015625],[-57.54575195312499,1.72607421875],[-57.500439453125004,1.773828125],[-57.41269531249998,1.908935546875],[-57.36679687499998,1.940136718749996],[-57.31748046874998,1.963476562499991],[-57.27558593749998,1.959228515624999],[-57.189599609374994,1.981591796874994],[-57.118896484375,2.013964843749988],[-57.092675781249994,2.005810546874998],[-57.03759765625,1.936474609374998],[-57.01005859374998,1.921240234374991],[-56.96953125,1.91640625],[-56.83671874999998,1.88125],[-56.76625976562499,1.8921875],[-56.68984374999999,1.914306640625],[-56.61645507812501,1.922656249999989],[-56.563574218749984,1.9072265625],[-56.52548828124999,1.92724609375],[-56.4828125,1.942138671875001],[-56.45283203124999,1.932324218749998],[-56.38583984375,1.923876953124988],[-56.227148437499984,1.885351562499991],[-56.01992187499999,1.842236328124997],[-55.96333007812499,1.857080078124995],[-55.929638671875004,1.8875],[-55.921630859374986,1.976660156249992],[-55.91533203124998,2.03955078125],[-55.96196289062499,2.095117187499994],[-56.02006835937499,2.158154296874996],[-56.07363281249999,2.236767578124997],[-56.1376953125,2.259033203125],[-56.12939453125001,2.299511718749996],[-56.087792968749994,2.34130859375],[-56.04511718749999,2.364404296874994],[-56.020361328124984,2.392773437499997],[-55.99350585937498,2.497509765624997],[-55.97558593749998,2.515966796874991],[-55.957470703125004,2.520458984374997],[-55.9359375,2.5166015625],[-55.89375,2.489501953125001],[-55.73056640624999,2.406152343749995],[-55.65893554687499,2.41875],[-55.38535156249999,2.440625],[-55.343994140625,2.48876953125],[-55.286035156249994,2.499658203124994],[-55.18769531249998,2.547509765624995],[-55.14882812499998,2.55078125],[-55.11411132812499,2.539208984374994],[-55.0703125,2.54833984375],[-55.005810546875,2.59296875],[-54.97866210937499,2.59765625],[-54.968408203124994,2.54833984375],[-54.92656249999999,2.497363281249988],[-54.87607421874999,2.450390625],[-54.85166015624999,2.439550781249991],[-54.76684570312499,2.454736328124993],[-54.72221679687499,2.441650390625],[-54.70292968749998,2.39794921875],[-54.69741210937499,2.359814453124998],[-54.66186523437499,2.327539062499994],[-54.61625976562498,2.326757812499992],[-54.59194335937498,2.313769531249989],[-54.55048828124999,2.293066406249991],[-54.51508789062498,2.245458984374991],[-54.433105468749986,2.207519531249999],[-54.29306640624997,2.154248046874997],[-54.22797851562499,2.1533203125],[-54.167382812499994,2.137060546874992],[-54.130078125,2.121044921874998],[-54.089746093749994,2.150488281249992],[-53.946435546874994,2.232568359374995],[-53.876611328124994,2.278271484374998],[-53.82954101562499,2.312939453124998],[-53.79423828124999,2.345996093749989],[-53.76777343749999,2.354833984374992],[-53.750146484374994,2.335009765624988],[-53.73471679687497,2.308544921874997],[-53.68369140624999,2.292919921874996],[-53.56396484374999,2.261914062499997],[-53.508984375,2.253125],[-53.43183593749999,2.279443359374993],[-53.366015624999974,2.32421875],[-53.334423828125,2.339746093749995],[-53.285498046874984,2.295214843749989],[-53.25219726562501,2.232275390624991],[-53.229785156249974,2.204882812499988],[-53.18007812499999,2.211328125],[-53.082275390624986,2.201708984374989],[-53.00971679687499,2.181738281249992],[-52.96484375,2.183544921874998],[-52.90346679687499,2.211523437499991],[-52.870410156249996,2.266650390624989],[-52.78339843749998,2.317187499999989],[-52.70063476562499,2.363671875],[-52.653173828124984,2.425732421874996],[-52.5830078125,2.52890625],[-52.559472656249994,2.573144531249993],[-52.5546875,2.64765625],[-52.45585937499998,2.864160156249994],[-52.418408203125,2.903857421874988],[-52.39638671875,2.972216796874989],[-52.356640625,3.051562499999988],[-52.356640625,3.117724609374989],[-52.32788085937499,3.181738281249991],[-52.27124023437499,3.237109374999988],[-52.229443359375,3.271679687499997],[-52.16259765624999,3.364697265624998],[-52.11611328124999,3.452294921874994],[-51.99951171875,3.646875],[-51.990625,3.702001953124992],[-51.9443359375,3.735107421875],[-51.92890624999998,3.776953125],[-51.879492187500006,3.828564453124998],[-51.827490234375006,3.869580078124999],[-51.8052734375,3.929931640624999],[-51.76708984375001,3.992675781249999],[-51.68344726562501,4.039697265624993],[-51.65253906249999,4.061279296875],[-51.55781249999998,4.233789062499994],[-51.54707031249998,4.310888671874991],[-51.4615234375,4.313769531249988],[-51.32709960937498,4.224755859374993],[-51.21992187499998,4.093603515624992],[-51.07626953125,3.67167968749999],[-51.05239257812499,3.28183593749999],[-50.994140624999986,3.077539062499994],[-50.82719726562499,2.65185546875],[-50.81650390625,2.573046874999989],[-50.789697265624994,2.477783203125],[-50.73696289062499,2.376757812499988],[-50.67875976562499,2.210351562499994],[-50.67656249999999,2.179443359374999],[-50.71440429687499,2.134033203125],[-50.65893554687499,2.130957031249991],[-50.60869140624998,2.104101562499991],[-50.575878906249976,1.998583984374989],[-50.53442382812499,1.92724609375],[-50.45888671875,1.82958984375],[-50.304296875,1.797656249999988],[-50.187597656250006,1.785986328124991],[-50.0546875,1.730712890625],[-49.957128906250006,1.659863281249997],[-49.88159179687501,1.419921875],[-49.90625,1.26904296875],[-49.898876953124976,1.162988281249994],[-49.93793945312497,1.121435546874991],[-50.047216796875006,1.051953125],[-50.07099609374997,1.015087890624997],[-50.29443359374998,0.835742187499989],[-50.34326171875,0.751025390624989],[-50.46298828125,0.637304687499991],[-50.58154296875,0.420507812499991],[-50.755078124999976,0.222558593749994],[-50.816357421874976,0.172558593749997],[-50.91015625,0.160986328124991],[-50.96708984374998,0.130273437499994],[-51.101953125,-0.03125],[-51.28291015624998,-0.085205078125],[-51.299560546875,-0.178808593750006],[-51.404150390625,-0.392675781250006],[-51.496289062499976,-0.509472656250011],[-51.555029296875006,-0.549121093750003],[-51.70263671875,-0.762304687500006],[-51.721533203125,-0.85546875],[-51.720605468749994,-1.018457031250009],[-51.81914062499999,-1.117773437500006],[-51.92163085937499,-1.180859375000011],[-51.934472656249994,-1.3203125],[-51.980810546875006,-1.36796875],[-52.020458984375,-1.399023437500006],[-52.22924804687499,-1.3625],[-52.55341796874999,-1.5140625],[-52.664160156249984,-1.5517578125],[-52.310302734374986,-1.559570312499999],[-52.19667968750001,-1.64013671875],[-51.94755859374998,-1.58671875],[-51.64628906249999,-1.394335937500003],[-51.53120117187498,-1.354101562500005],[-51.29736328125,-1.223535156250009],[-51.20234374999997,-1.136523437500003],[-51.028955078125,-1.032128906250009],[-50.99204101562501,-0.986328125],[-50.894921875,-0.937597656250006],[-50.84228515625,-0.999609375],[-50.83818359374999,-1.038867187500003],[-50.91787109374998,-1.115234375],[-50.89716796874997,-1.164453125],[-50.844580078125,-1.226269531250011],[-50.825537109375,-1.311425781250009],[-50.818652343749996,-1.376269531250003],[-50.78613281250001,-1.489941406250011],[-50.67895507812501,-1.643847656250003],[-50.675292968749986,-1.694726562500009],[-50.690039062500006,-1.76171875],[-50.638769531250006,-1.817089843750011],[-50.585595703124994,-1.849902343750003],[-50.40322265625,-2.015527343750008],[-50.26044921874999,-1.922949218750005],[-50.172705078125,-1.896191406250011],[-50.11660156249998,-1.857519531250007],[-49.999218749999976,-1.831835937500002],[-49.902978515624994,-1.87060546875],[-49.71953124999999,-1.926367187500005],[-49.58535156249998,-1.8671875],[-49.31367187499998,-1.731738281250002],[-49.398632812499976,-1.971582031250008],[-49.46015624999998,-2.191503906250006],[-49.506982421875,-2.2802734375],[-49.55336914062499,-2.519921875],[-49.599316406249976,-2.583886718750009],[-49.636523437499996,-2.656933593750011],[-49.57587890624998,-2.631445312500005],[-49.523925781250014,-2.596875],[-49.45751953124999,-2.504589843750011],[-49.40766601562496,-2.344335937500006],[-49.211035156250006,-1.916503906250001],[-49.15478515625001,-1.878515625],[-48.991308593750006,-1.829785156250012],[-48.71000976562499,-1.487695312500008],[-48.6,-1.48876953125],[-48.52958984374998,-1.567480468750006],[-48.462939453124974,-1.613964843750011],[-48.44584960937498,-1.520410156250009],[-48.349804687499976,-1.482128906250012],[-48.45146484374997,-1.435839843750003],[-48.46806640624999,-1.393847656250003],[-48.477734374999976,-1.323828125],[-48.40859374999999,-1.229199218750011],[-48.449804687500006,-1.1455078125],[-48.30649414062501,-1.03984375],[-48.31757812499997,-0.960546875],[-48.26645507812499,-0.895117187500006],[-48.2017578125,-0.827929687500003],[-48.128466796874996,-0.795214843750003],[-48.115087890625006,-0.7375],[-48.06884765625001,-0.713671875],[-48.032568359375,-0.705078125],[-47.9609375,-0.769628906250006],[-47.883398437500006,-0.693359375],[-47.807666015624996,-0.663476562500009],[-47.773730468749996,-0.6767578125],[-47.73149414062498,-0.71044921875],[-47.687109375,-0.724804687500011],[-47.65107421874999,-0.71875],[-47.55732421874998,-0.669921875],[-47.470703125,-0.74853515625],[-47.41865234374997,-0.765917968750003],[-47.432910156249996,-0.721875],[-47.46035156249997,-0.680957031250003],[-47.4390625,-0.647656250000011],[-47.39809570312499,-0.626660156250011],[-47.26860351562498,-0.645410156250008],[-47.200537109375006,-0.68046875],[-47.12690429687498,-0.745410156250003],[-47.02460937499998,-0.750195312500011],[-46.94433593750001,-0.743359375000011],[-46.893652343750006,-0.779882812500006],[-46.81123046874998,-0.7796875],[-46.769921875,-0.836523437500006],[-46.644433593749994,-0.91640625],[-46.61723632812499,-0.970605468750008],[-46.51630859374998,-0.996875],[-46.421728515625006,-1.030078125],[-46.320849609374996,-1.039160156250006],[-46.219140625,-1.03125],[-46.214990234374994,-1.099804687500011],[-46.14038085937501,-1.118359375000012],[-46.044628906249976,-1.10302734375],[-45.972265625,-1.187402343750009],[-45.77880859374999,-1.25078125],[-45.64477539062499,-1.347851562500011],[-45.556933593749974,-1.330664062500006],[-45.45859375,-1.35625],[-45.35302734374998,-1.5673828125],[-45.329150390624996,-1.71728515625],[-45.28212890624999,-1.696582031250003],[-45.23857421874998,-1.629492187500006],[-45.182080078124976,-1.507031250000011],[-45.07636718749999,-1.46640625],[-45.02578124999998,-1.513476562500003],[-44.91977539062499,-1.5888671875],[-44.828369140625,-1.671679687500003],[-44.78984374999999,-1.724804687500011],[-44.72114257812498,-1.733496093750005],[-44.778515624999976,-1.798828125],[-44.720947265625,-1.792285156250003],[-44.65126953124999,-1.745800781250012],[-44.591650390625,-1.841796875],[-44.546777343749994,-1.9462890625],[-44.537792968749976,-2.052734375],[-44.580029296874976,-2.113867187500006],[-44.61728515624999,-2.152148437500003],[-44.65864257812498,-2.2275390625],[-44.70751953125,-2.241113281250009],[-44.75634765625,-2.265527343750009],[-44.70063476562498,-2.320410156250007],[-44.66240234374999,-2.373242187500011],[-44.57900390624999,-2.23046875],[-44.520361328125006,-2.190332031250008],[-44.43544921875,-2.168066406250005],[-44.39130859374999,-2.269628906250006],[-44.3818359375,-2.365527343750003],[-44.52011718750001,-2.40546875000001],[-44.520654296874994,-2.48125],[-44.56201171874999,-2.52421875],[-44.589013671875,-2.573437500000011],[-44.610791015624976,-2.676855468750006],[-44.63896484374999,-2.7625],[-44.72138671874998,-3.142285156250011],[-44.72304687499999,-3.20478515625001],[-44.62265625,-3.137890625000012],[-44.43754882812499,-2.944433593750005],[-44.38115234374999,-2.738378906250006],[-44.30815429687499,-2.53515625],[-44.228613281250006,-2.471289062500006],[-44.179394531249976,-2.471191406249998],[-44.105566406250006,-2.493457031250002],[-44.10136718749999,-2.56005859375],[-44.11264648437502,-2.598535156250008],[-44.19160156249999,-2.699609375],[-44.2251953125,-2.754980468750005],[-44.19267578124999,-2.809570312500001],[-44.013232421874996,-2.6421875],[-43.93291015624998,-2.58349609375],[-43.864453124999976,-2.595410156250012],[-43.728613281250006,-2.518164062500006],[-43.45512695312499,-2.502050781250006],[-43.43461914062499,-2.413671875],[-43.38007812499998,-2.376074218750005],[-43.22968749999998,-2.386035156250002],[-42.936718749999976,-2.465039062500011],[-42.832275390624986,-2.529589843750003],[-42.67587890625001,-2.589648437500004],[-42.59355468749999,-2.661035156250009],[-42.249609375,-2.7919921875],[-41.999853515625006,-2.806054687500009],[-41.876171874999976,-2.74658203125],[-41.721875,-2.808886718750003],[-41.64013671875,-2.878613281250011],[-41.47993164062498,-2.91650390625],[-41.318212890625006,-2.936230468750011],[-41.19453125,-2.886132812500009],[-40.87558593749999,-2.869628906249999],[-40.47456054687498,-2.795605468750011],[-40.2353515625,-2.813183593750012],[-39.964697265625006,-2.861523437500011],[-39.771826171875,-2.98583984375],[-39.60942382812499,-3.05625],[-39.511181640624976,-3.125585937500005],[-39.35268554687499,-3.197363281250005],[-39.01435546874998,-3.390234375],[-38.895996093749986,-3.501757812500003],[-38.68623046874998,-3.653710937500009],[-38.475781249999976,-3.717480468750011],[-38.3619140625,-3.876464843750002],[-38.271875,-3.948046875],[-38.048828125,-4.21640625],[-37.795654296875,-4.404296875],[-37.626318359375006,-4.592089843750004],[-37.30146484374998,-4.71308593750001],[-37.174658203125006,-4.912402343750003],[-36.95488281249998,-4.936718750000012],[-36.86113281249998,-4.966601562500003],[-36.74736328124999,-5.050683593750009],[-36.590722656249994,-5.097558593750009],[-36.38671875,-5.084277343750005],[-36.16176757812499,-5.09375],[-35.9798828125,-5.05439453125001],[-35.54941406250001,-5.129394531249999],[-35.481689453125,-5.166015625],[-35.392578125,-5.250878906250008],[-35.23544921875,-5.566699218750004],[-35.141748046874994,-5.917187500000011],[-35.09545898437501,-6.185351562500006],[-34.988183593749994,-6.39375],[-34.929589843749994,-6.785058593750009],[-34.87988281249999,-6.908203125],[-34.87597656249999,-7.0029296875],[-34.83388671875,-7.0244140625],[-34.80546874999999,-7.288378906250001],[-34.81660156249998,-7.394824218750004],[-34.857763671875006,-7.533300781250007],[-34.86083984374999,-7.595019531250005],[-34.85478515624998,-7.634277343749998],[-34.87299804687499,-7.692089843750012],[-34.87861328124998,-7.747460937500008],[-34.8369140625,-7.87177734375001],[-34.83466796874998,-7.971484375],[-34.890527343749994,-8.0921875],[-34.966650390625006,-8.407617187500005],[-35.15776367187499,-8.930566406250007],[-35.340869140624996,-9.230664062500011],[-35.597070312499994,-9.540625],[-35.76396484374999,-9.702539062500005],[-35.83012695312499,-9.719042968750005],[-35.890820312499976,-9.687011718750004],[-35.847753906250006,-9.772460937499998],[-35.88544921874998,-9.84765625],[-36.054980468749974,-10.07578125],[-36.223535156249994,-10.225097656250002],[-36.398339843749994,-10.48408203125001],[-36.41162109375,-10.489941406250008],[-36.63574218750001,-10.589941406250004],[-36.768310546875,-10.6716796875],[-36.93779296874999,-10.820410156250006],[-37.093359375,-11.054785156250004],[-37.12548828124999,-11.084960937499996],[-37.1828125,-11.068457031250006],[-37.18120117187499,-11.1875],[-37.31513671874998,-11.375976562500002],[-37.35600585937499,-11.40390625],[-37.354882812499994,-11.350488281250005],[-37.331640625,-11.309863281250001],[-37.32080078124999,-11.266601562499996],[-37.32177734374999,-11.215136718750003],[-37.359228515625006,-11.252539062500006],[-37.4384765625,-11.39375],[-37.41181640624998,-11.497265625000011],[-37.469335937500006,-11.65361328125],[-37.688720703125,-12.1],[-37.95732421874999,-12.47548828125001],[-38.01923828124998,-12.591308593749995],[-38.23974609374999,-12.84423828125],[-38.40175781249999,-12.966210937500007],[-38.44731445312499,-12.967089843750001],[-38.49892578124999,-12.956640625],[-38.52490234374999,-12.762304687500006],[-38.65400390624998,-12.644628906250007],[-38.69096679687499,-12.623925781250012],[-38.74389648437499,-12.748535156250002],[-38.787988281249994,-12.782714843749998],[-38.85175781249998,-12.790136718750007],[-38.78359375,-12.844433593750013],[-38.76372070312499,-12.907226562500004],[-38.833154296874994,-13.032910156250011],[-38.835302734375,-13.14716796875001],[-38.95917968749998,-13.273046875],[-39.030908203124994,-13.365136718750005],[-39.067382812499986,-13.48046875],[-39.08935546875,-13.588183593750005],[-39.034912109375,-13.558789062500013],[-39.00908203124998,-13.581445312500016],[-38.988623046875006,-13.6150390625],[-39.001220703125,-13.664550781250007],[-39.04111328125001,-13.758105468750006],[-39.034912109375,-13.991015625],[-39.04814453124999,-14.043945312500002],[-39.00849609374999,-14.101171875],[-38.96650390624998,-14.003417968749998],[-38.94233398437498,-14.030664062500009],[-39.05957031249999,-14.654785156249996],[-39.013378906249976,-14.93564453125001],[-38.996191406250006,-15.253808593750009],[-38.943212890625006,-15.564355468750012],[-38.88525390624999,-15.841992187500004],[-38.880615234375,-15.864257812499998],[-38.960791015625,-16.186523437499993],[-39.06323242187499,-16.50439453125],[-39.12504882812498,-16.76357421875001],[-39.163964843749994,-17.043554687500006],[-39.202880859375,-17.178125],[-39.21523437499999,-17.315820312500012],[-39.17060546874998,-17.642089843749993],[-39.15400390624997,-17.70390625],[-39.27836914062499,-17.849414062499992],[-39.41259765625,-17.92001953125001],[-39.48676757812498,-17.99013671875001],[-39.65078124999999,-18.25234375],[-39.73979492187498,-18.63984375],[-39.74194335937499,-18.845996093750006],[-39.699853515624994,-19.277832031249996],[-39.7314453125,-19.45390625],[-39.783300781250006,-19.571777343750004],[-39.84472656249999,-19.649121093750015],[-40.001367187499994,-19.7419921875],[-40.14169921875,-19.968261718749996],[-40.202734374999984,-20.2060546875],[-40.29887695312498,-20.292675781250008],[-40.31855468749998,-20.42578124999999],[-40.395947265624976,-20.56943359375001],[-40.59658203125,-20.783789062500006],[-40.72705078125,-20.846191406249993],[-40.78925781249999,-20.906054687500003],[-40.828759765624994,-21.031347656249995],[-40.954541015624976,-21.237890625],[-41.04726562499999,-21.505664062500003],[-41.02314453124998,-21.596875],[-41.02158203124999,-21.610839843749996],[-40.98784179687498,-21.9203125],[-41.00029296874999,-21.9990234375],[-41.122509765624976,-22.084375],[-41.58291015624999,-22.243652343749996],[-41.705517578124976,-22.309667968750002],[-41.980419921875,-22.58066406250001],[-41.99755859375001,-22.644628906250013],[-41.986132812499996,-22.73583984375],[-41.94091796875,-22.78828125000001],[-41.9875,-22.845117187500016],[-42.0423828125,-22.947070312500003],[-42.122460937499994,-22.94082031250001],[-42.5810546875,-22.941015625],[-42.829296875,-22.973339843750015],[-42.95830078124998,-22.967089843749996],[-43.016210937500006,-22.942578125000015],[-43.081152343750006,-22.902539062500008],[-43.100683593750006,-22.850097656249996],[-43.0654296875,-22.770703125000015],[-43.08627929687499,-22.723339843750022],[-43.154296875,-22.725195312500006],[-43.22900390624999,-22.74765625],[-43.241943359375,-22.795117187500008],[-43.23662109374998,-22.828808593750015],[-43.208837890625,-22.878125],[-43.19360351562501,-22.93857421875],[-43.22416992187498,-22.991210937499996],[-43.369482421875006,-22.998046875],[-43.5328125,-23.04638671875],[-43.73652343749998,-23.06660156250001],[-43.89882812499999,-23.10146484375],[-43.97382812499998,-23.05732421875001],[-43.898828125,-23.035253906250002],[-43.79140625,-23.045996093750013],[-43.675976562499976,-23.00947265625001],[-43.70292968749999,-22.966308593750007],[-43.86616210937498,-22.910546875000012],[-44.0474609375,-22.94472656250001],[-44.147998046874996,-23.011035156250003],[-44.367919921875,-23.00498046875],[-44.637255859374996,-23.05546875],[-44.68115234374999,-23.106933593749996],[-44.673828125,-23.206640625],[-44.62109375,-23.228515625],[-44.569677734375006,-23.274023437500006],[-44.61909179687498,-23.31640625],[-44.66718749999998,-23.33515625],[-44.95166015624999,-23.381445312500002],[-45.21542968749999,-23.5755859375],[-45.32539062499998,-23.599707031249995],[-45.423291015624976,-23.68535156250001],[-45.433398437499974,-23.75849609375],[-45.464306640624976,-23.802539062500006],[-45.52709960937499,-23.804785156250013],[-45.664648437500006,-23.76484375],[-45.8431640625,-23.763671875],[-45.972070312499994,-23.795507812500002],[-46.63076171874999,-24.110351562500004],[-46.86728515625,-24.236328125],[-47.13720703124999,-24.493164062499996],[-47.5921875,-24.781054687500006],[-47.831152343750006,-24.952929687500003],[-47.8765625,-24.99746093750001],[-47.91430664062499,-24.999902343750012],[-47.98916015624999,-25.035742187500013],[-47.959375,-25.0654296875],[-47.90834960937499,-25.068164062499996],[-47.92939453124998,-25.168261718750003],[-48.024365234374976,-25.23671875],[-48.202734375,-25.41650390625],[-48.24243164062501,-25.403320312499993],[-48.1859375,-25.30986328125001],[-48.27348632812498,-25.30634765625],[-48.402490234374994,-25.272070312500006],[-48.45849609374998,-25.31074218750001],[-48.42763671875001,-25.403320312499993],[-48.47612304687499,-25.44296875],[-48.564160156249976,-25.447460937500004],[-48.643994140625,-25.436523437500007],[-48.73173828124998,-25.36875],[-48.69218749999998,-25.49150390625],[-48.50703124999998,-25.52128906250001],[-48.429882812499976,-25.550195312500012],[-48.40117187499998,-25.59736328125001],[-48.54516601562501,-25.815917968750007],[-48.665771484375,-25.844335937500002],[-48.67900390624997,-25.875195312500004],[-48.61284179687498,-25.875],[-48.576318359375,-25.93544921875],[-48.61943359374999,-26.17939453125002],[-48.679003906249974,-26.22578125],[-48.71376953125,-26.226953125],[-48.74829101562499,-26.26865234375],[-48.70068359374999,-26.34833984375001],[-48.651611328125,-26.40644531250002],[-48.658154296874976,-26.519140625],[-48.676513671875,-26.612402343750002],[-48.677734374999986,-26.7029296875],[-48.615673828124976,-26.878125],[-48.593408203124994,-27.058007812500012],[-48.568359375,-27.1234375],[-48.554150390624976,-27.195996093750015],[-48.59550781249999,-27.26386718750001],[-48.57197265624998,-27.372753906250015],[-48.642578125,-27.557910156249992],[-48.60566406249999,-27.8251953125],[-48.62080078124997,-28.075585937500012],[-48.6484375,-28.207226562499997],[-48.693212890625,-28.31015625],[-48.797265625,-28.442675781249996],[-48.79965820312499,-28.575292968750002],[-49.02358398437499,-28.6986328125],[-49.271289062499996,-28.87119140625],[-49.499902343749994,-29.075390625],[-49.74599609374999,-29.36318359375],[-50.03334960937499,-29.8009765625],[-50.299511718749976,-30.42578125],[-50.61997070312501,-30.89765625],[-50.748144531250006,-31.06806640625002],[-50.921386718749986,-31.258398437500002],[-51.15175781249997,-31.48037109375001],[-51.46040039062498,-31.702441406250006],[-51.79814453124999,-31.90029296875],[-51.920214843749974,-31.989550781250006],[-52.03920898437499,-32.11484375000001],[-52.06894531249999,-32.06308593749999],[-52.043164062500004,-31.97753906249999],[-52.0595703125,-31.913476562500016],[-52.063232421875,-31.83037109375],[-51.99511718749998,-31.81503906249999],[-51.89316406250001,-31.86777343749999],[-51.84121093749999,-31.83203125],[-51.80341796874997,-31.796679687499996],[-51.68066406249999,-31.774609375],[-51.44619140624999,-31.557324218750015],[-51.272167968749976,-31.47695312500002],[-51.17431640625,-31.33974609375],[-51.157519531249996,-31.266796875000022],[-51.16142578124997,-31.11884765625001],[-51.10595703125,-31.08134765625],[-50.980078125,-31.094238281249996],[-50.954394531249974,-31.05214843750001],[-50.965332031249986,-31.00546875],[-50.94082031250001,-30.903710937499998],[-50.77016601562499,-30.813378906249998],[-50.689306640625006,-30.704199218749995],[-50.71630859374999,-30.425976562500015],[-50.68505859375001,-30.413476562500016],[-50.61484375,-30.45683593750001],[-50.58193359374999,-30.43886718750001],[-50.546533203125,-30.316894531250007],[-50.563525390624974,-30.25361328125002],[-50.646191406249976,-30.23681640625],[-50.931884765624986,-30.374316406249996],[-51.02495117187498,-30.368652343750007],[-51.04038085937501,-30.260644531250005],[-51.179296875,-30.211035156250023],[-51.23359375,-30.121386718750003],[-51.249853515625006,-30.059960937500012],[-51.298046875,-30.034863281250008],[-51.295019531250006,-30.141015625],[-51.28178710937498,-30.244140625000018],[-51.15727539062498,-30.36425781250001],[-51.18754882812499,-30.4119140625],[-51.24658203125,-30.467578125],[-51.287695312500006,-30.59121093750002],[-51.28305664062501,-30.7515625],[-51.31640625,-30.702734375000013],[-51.35908203124998,-30.67451171875001],[-51.37646484374999,-30.846875],[-51.459130859374994,-30.912792968749994],[-51.48525390625,-30.977539062499993],[-51.46367187499999,-31.052636718750016],[-51.506298828124976,-31.104492187500014],[-51.716894531250006,-31.24375],[-51.92680664062499,-31.338867187499986],[-51.97246093749999,-31.3837890625],[-51.99487304687499,-31.489941406250008],[-52.026953124999984,-31.59902343750001],[-52.11982421874999,-31.694921875],[-52.1935546875,-31.885546875],[-52.19155273437499,-31.967578125],[-52.16708984374998,-32.08847656249999],[-52.12739257812498,-32.1677734375],[-52.19018554687499,-32.22080078125001],[-52.274609375,-32.323730468749986],[-52.34165039062498,-32.439746093749996],[-52.50849609375,-32.875292968749996],[-52.65224609374999,-33.13779296875],[-52.762890625,-33.26640625],[-52.920849609375,-33.401953125],[-53.37060546874999,-33.7421875],[-53.39755859374998,-33.737304687499986],[-53.46357421874998,-33.709863281249994],[-53.51884765624999,-33.67724609375],[-53.53134765624998,-33.65546875],[-53.53764648437498,-33.62285156250001],[-53.53037109374999,-33.50029296874999],[-53.53134765625,-33.17089843750001],[-53.51186523437498,-33.108691406249996],[-53.482861328125,-33.06855468749999],[-53.39521484375,-33.0103515625],[-53.31010742187496,-32.92705078125],[-53.21406249999998,-32.82109375],[-53.12558593749998,-32.73671875],[-53.15727539062499,-32.680078125000016],[-53.23125,-32.625390625],[-53.362744140625004,-32.58115234375],[-53.489404296874994,-32.50322265624999],[-53.601708984375,-32.40302734375002],[-53.65361328124998,-32.298730468749994],[-53.701123046875,-32.18632812499999],[-53.74658203125,-32.0974609375],[-53.76171875,-32.05683593750001],[-53.80610351562499,-32.039941406249994],[-53.87651367187499,-31.99453125000002],[-53.920605468750004,-31.952343750000015],[-53.98515625,-31.928125],[-54.10043945312499,-31.901562500000015],[-54.220556640624984,-31.85517578125001],[-54.36992187499998,-31.745019531250005],[-54.477685546874994,-31.62275390625],[-54.53090820312497,-31.5419921875],[-54.587646484375,-31.48515625],[-54.89599609374999,-31.391210937500006],[-55.036035156249994,-31.279003906250022],[-55.09116210937497,-31.313964843750007],[-55.17353515624999,-31.27958984375001],[-55.25463867187499,-31.225585937499993],[-55.27895507812501,-31.18417968750001],[-55.31328124999999,-31.141699218750006],[-55.345507812499974,-31.09296875],[-55.36606445312499,-31.04619140625001],[-55.449560546874984,-30.964453124999984],[-55.55732421874999,-30.875976562499993],[-55.60302734375,-30.85078125000001],[-55.62714843749999,-30.858105468749997],[-55.65048828125,-30.89208984375001],[-55.665234375,-30.924902343750002],[-55.70595703124999,-30.946582031249992],[-55.75634765624998,-30.987109375],[-55.807763671874994,-31.03671875],[-55.87368164062499,-31.069628906250014],[-55.95200195312498,-31.080859375],[-56.00468749999998,-31.079199218750002],[-56.01552734375,-31.059667968750013],[-56.01845703124999,-30.991894531249997],[-55.99897460937499,-30.837207031250003],[-56.04482421874999,-30.777636718749996],[-56.105859375,-30.713769531250012],[-56.17617187499997,-30.62841796875],[-56.407226562499986,-30.447460937500022],[-56.72167968749999,-30.18691406250001],[-56.83271484374999,-30.107226562500003],[-56.93725585937501,-30.101074218749996],[-57.03271484375,-30.109960937499984],[-57.120507812499994,-30.144433593750012],[-57.18691406249999,-30.26484375],[-57.21445312499998,-30.283398437500015],[-57.383837890624974,-30.280664062500023],[-57.55229492187499,-30.261230468750007],[-57.60888671875001,-30.18779296875],[-57.56386718749999,-30.139941406250003],[-57.40522460937499,-30.033886718750008],[-57.31748046874999,-29.939453125],[-57.30068359374998,-29.856542968750013],[-57.22465820312499,-29.78212890625001],[-57.08935546874999,-29.7162109375],[-56.93862304687501,-29.594824218750002],[-56.77246093749999,-29.417871093750005],[-56.671533203124994,-29.287304687500004],[-56.635839843749984,-29.20302734375002],[-56.57070312499999,-29.13808593750001],[-56.47597656249999,-29.092480468750015],[-56.39326171874998,-28.997265625],[-56.32236328124999,-28.852441406250005],[-56.225537109375004,-28.737207031250005],[-56.10288085937499,-28.651757812499994],[-56.03422851562497,-28.580859375],[-56.01962890625,-28.524609375000015],[-55.98491210937499,-28.488574218749996],[-55.93017578125,-28.47285156250001],[-55.903662109374984,-28.443261718750012],[-55.90541992187498,-28.399609375000015],[-55.89052734374999,-28.37001953125001],[-55.85888671874999,-28.354199218750015],[-55.806054687499994,-28.359765625000012],[-55.73198242187498,-28.386621093750016],[-55.68725585937499,-28.381640624999985],[-55.67197265624999,-28.344921875],[-55.69150390624999,-28.302832031250013],[-55.745996093749994,-28.25546875000002],[-55.72548828125,-28.204101562499993],[-55.58237304687499,-28.120996093750005],[-55.47666015624999,-28.089355468749996],[-55.40981445312499,-28.037792968750015],[-55.34648437499999,-27.955957031250016],[-55.24375,-27.898828125000016],[-55.101513671875,-27.866796875],[-55.06386718749998,-27.8359375],[-55.068994140624994,-27.796289062500012],[-55.039941406249994,-27.767773437500008],[-54.95590820312498,-27.74716796875001],[-54.91020507812498,-27.70859375],[-54.902783203125,-27.651953125],[-54.87573242187501,-27.59921875],[-54.8291015625,-27.55058593750001],[-54.777099609375,-27.53251953125001],[-54.71972656249999,-27.544921875],[-54.66586914062497,-27.5265625],[-54.6154296875,-27.477148437500002],[-54.554931640625,-27.454101562500004],[-54.484326171875,-27.457324218750003],[-54.448144531249994,-27.44648437500001],[-54.327001953124984,-27.423535156250008],[-54.26015624999998,-27.38203125000001],[-54.205224609374994,-27.289648437499995],[-54.15644531249999,-27.253808593750005],[-54.11381835937499,-27.274707031249996],[-54.04013671875,-27.24375],[-53.93535156249998,-27.1611328125],[-53.915625,-27.159570312500012],[-53.83818359374999,-27.12109374999999],[-53.758496093750004,-26.978320312500006],[-53.71728515625,-26.8828125],[-53.727148437499984,-26.8046875],[-53.753320312499994,-26.748632812500016],[-53.744580078125,-26.66650390625],[-53.718164062499994,-26.443164062500003],[-53.7109375,-26.35185546875],[-53.66855468749999,-26.288183593749995],[-53.671289062499994,-26.225097656250007],[-53.746923828124984,-26.083691406250008],[-53.82324218749999,-25.95957031250001],[-53.864208984375004,-25.748828125],[-53.891162109374974,-25.66884765625001],[-53.95478515625,-25.64765625],[-54.012304687499984,-25.577929687500003],[-54.08500976562498,-25.571875],[-54.119238281249984,-25.545214843749992],[-54.154589843749996,-25.523046875],[-54.206152343749984,-25.52958984375],[-54.250097656249984,-25.570410156250006],[-54.33188476562497,-25.571875],[-54.38334960937499,-25.58867187500001],[-54.4439453125,-25.625],[-54.50151367187499,-25.608300781250005],[-54.537841796875,-25.576464843749996],[-54.615869140625,-25.57607421875001],[-54.610546875,-25.432714843750006],[-54.473144531249986,-25.220214843749993],[-54.43623046875001,-25.12128906250001],[-54.45410156250001,-25.06523437500001],[-54.412988281249994,-24.867480468750006],[-54.31293945312499,-24.528125],[-54.28100585937499,-24.306054687500005],[-54.31728515624999,-24.201269531250013],[-54.318261718749994,-24.128125],[-54.26689453124999,-24.06582031250001],[-54.241796874999984,-24.047265625],[-54.37080078124999,-23.97119140625],[-54.44023437499998,-23.901757812500012],[-54.52958984374998,-23.852148437500002],[-54.62548828124999,-23.8125],[-54.67177734375,-23.829003906250005],[-54.72138671875,-23.852148437500002],[-54.817285156249994,-23.888476562499996],[-54.92646484375,-23.95136718750001],[-54.982666015625,-23.974511718750005],[-55.08188476562498,-23.99765625],[-55.1943359375,-24.017480468750005],[-55.28691406249998,-24.004296875],[-55.36630859375,-23.991015625],[-55.41591796874998,-23.95136718750001],[-55.442382812499986,-23.86533203125],[-55.4423828125,-23.792578125],[-55.45888671875,-23.68671875000001],[-55.51845703124996,-23.627246093749996],[-55.53828125,-23.58095703125001],[-55.54160156249998,-23.524707031250006],[-55.53496093749999,-23.4619140625],[-55.518457031249994,-23.415625],[-55.52836914062499,-23.359375],[-55.554833984374994,-23.319628906250003],[-55.548193359375006,-23.250195312500015],[-55.56142578124998,-23.154296875],[-55.601123046874974,-23.094726562500007],[-55.62099609374999,-23.02529296875],[-55.620996093749994,-22.955859375],[-55.650732421874984,-22.886425781250004],[-55.65405273437501,-22.81035156250001],[-55.627587890624994,-22.74091796875001],[-55.617675781249986,-22.671484375],[-55.647412109375,-22.621875],[-55.703662109374974,-22.592089843750003],[-55.74663085937499,-22.5126953125],[-55.753271484374984,-22.41015625],[-55.799560546875,-22.35390625],[-55.84916992187499,-22.3076171875],[-55.90537109374999,-22.3076171875],[-55.99140625,-22.281152343750012],[-56.06748046875,-22.284472656250003],[-56.18984375,-22.281152343750012],[-56.246044921874976,-22.2646484375],[-56.27578124999999,-22.228222656250008],[-56.35185546874999,-22.178613281250012],[-56.394873046874984,-22.092675781250005],[-56.44780273437499,-22.076171875],[-56.523828125,-22.1025390625],[-56.55029296875,-22.13564453125001],[-56.580078125,-22.181933593750003],[-56.63300781250002,-22.234863281249993],[-56.702441406249996,-22.23154296875],[-56.77519531249999,-22.261328125],[-56.844677734375,-22.2646484375],[-56.937255859375,-22.271289062500006],[-57.02988281249999,-22.24482421875001],[-57.142333984375,-22.215039062500015],[-57.23823242187499,-22.195214843750012],[-57.33085937499999,-22.215039062500015],[-57.393652343750006,-22.19843750000001],[-57.47636718749998,-22.18857421875],[-57.56894531249999,-22.181933593750003],[-57.64169921874999,-22.12900390625001],[-57.72109374999998,-22.09921875],[-57.76406249999999,-22.109179687500006],[-57.8203125,-22.142285156250008],[-57.87983398437498,-22.13564453125001],[-57.95590820312499,-22.109179687500006],[-57.98569335937499,-22.046386718750004],[-57.97905273437499,-22.006640625],[-57.9625,-21.966992187500015],[-57.932763671874994,-21.9107421875],[-57.949316406249984,-21.851171875],[-57.94267578124999,-21.798339843750004],[-57.92944335937499,-21.751953125],[-57.91621093749999,-21.699121093750005],[-57.92617187499998,-21.64951171875001],[-57.92944335937499,-21.59658203125001],[-57.93608398437499,-21.546972656250002],[-57.94599609375,-21.49404296875001],[-57.906298828124996,-21.41796875],[-57.873242187500004,-21.355078125],[-57.89306640624999,-21.30224609375],[-57.88647460937499,-21.26582031250001],[-57.860009765624994,-21.20625],[-57.82695312499999,-21.13359375],[-57.830224609375,-20.99794921875001],[-57.86000976562498,-20.918554687500002],[-57.892236328125,-20.897070312500002],[-57.900488281249984,-20.873046875],[-57.88481445312499,-20.841699218750005],[-57.90190429687498,-20.809375],[-57.908496093749974,-20.7763671875],[-57.89140625,-20.74746093750002],[-57.91513671874998,-20.690332031250012],[-57.9625,-20.673828125],[-57.97905273437499,-20.65732421875],[-57.99560546875,-20.59443359375],[-58.008837890624974,-20.521679687500008],[-58.002246093749996,-20.46542968750001],[-58.02539062500002,-20.415820312500003],[-58.058447265624984,-20.38613281250001],[-58.09150390624999,-20.33320312500001],[-58.124609375,-20.29345703125],[-58.13779296874998,-20.237304687500004],[-58.159765625,-20.164648437500016],[-58.09375,-20.151074218750015],[-58.06762695312501,-20.110351562499996],[-58.021142578125,-20.055175781249996],[-57.96015625,-20.04072265625001],[-57.88759765624998,-20.02041015625001],[-57.86074218750001,-19.979589843750013],[-58.02993164062498,-19.83271484375001],[-58.131494140624994,-19.74453125],[-58.072021484374986,-19.62529296875],[-57.97167968749999,-19.42421875],[-57.87451171875001,-19.229492187500004],[-57.800390625,-19.08095703125],[-57.78144531249999,-19.053515625],[-57.716796875,-19.04404296875001],[-57.728613281249984,-18.96738281250001],[-57.73085937499999,-18.917187500000015],[-57.78310546874999,-18.914257812500004],[-57.725,-18.733203125],[-57.63916015624999,-18.475],[-57.574023437499974,-18.279296875],[-57.553125,-18.246484375],[-57.50615234374998,-18.2373046875],[-57.49565429687499,-18.2146484375],[-57.55205078124999,-18.183105468749996],[-57.586474609374996,-18.122265625000015],[-57.661669921874996,-17.947363281250006],[-57.78017578124999,-17.671777343750012],[-57.7888671875,-17.573046875],[-57.83247070312498,-17.512109375],[-57.905029296874986,-17.532324218750002],[-57.99091796874999,-17.512890625000015],[-58.20556640625,-17.363085937500003],[-58.34775390624998,-17.282128906249998],[-58.39599609375001,-17.234277343750012],[-58.41738281249998,-17.080566406249996],[-58.45981445312498,-16.910742187500006],[-58.478125,-16.70068359375],[-58.47060546874997,-16.6501953125],[-58.35039062499999,-16.490820312500006],[-58.35078125,-16.41025390625001],[-58.340576171874986,-16.339941406250006],[-58.34560546874998,-16.284375],[-58.37539062499999,-16.28359375],[-58.42368164062498,-16.30791015625],[-58.496582031250014,-16.326660156249996],[-58.53793945312498,-16.328222656250002],[-58.957275390625,-16.313183593750015],[-59.43427734375,-16.295996093750006],[-59.83115234374998,-16.28173828125],[-60.17558593749999,-16.269335937500003],[-60.187207031250004,-16.132128906250003],[-60.206640625,-15.901953125],[-60.22041015624999,-15.73867187500001],[-60.24233398437497,-15.479589843750015],[-60.380468749999984,-15.318261718750016],[-60.53046875,-15.143164062500002],[-60.583203125,-15.098339843750013],[-60.402001953124994,-15.092773437499998],[-60.27333984374999,-15.088769531250007],[-60.29887695312499,-14.618554687500012],[-60.338037109375,-14.57050781250001],[-60.37270507812497,-14.41875],[-60.396240234374986,-14.3328125],[-60.46015625,-14.26308593750001],[-60.474658203124996,-14.184765625000011],[-60.46298828124998,-14.132421875],[-60.428076171874984,-14.1],[-60.40498046874999,-14.019238281250011],[-60.42236328125,-13.937988281249995],[-60.46015624999998,-13.862402343750007],[-60.50659179687501,-13.78984375],[-60.5953125,-13.745312500000013],[-60.72236328125,-13.66435546875],[-60.91450195312499,-13.561425781250005],[-61.07700195312497,-13.489746093749996],[-61.129150390625,-13.498535156249998],[-61.41606445312498,-13.52656250000001],[-61.511572265625,-13.541210937500017],[-61.57568359374999,-13.524804687500005],[-61.78994140624998,-13.52558593750001],[-61.874121093750006,-13.47041015625001],[-61.9447265625,-13.40625],[-62.09477539062498,-13.241992187500001],[-62.118017578125,-13.159765625],[-62.176074218749974,-13.133691406250009],[-62.26391601562501,-13.143652343750004],[-62.35283203124998,-13.132421875],[-62.52553710937498,-13.064257812500003],[-62.687060546875,-12.994335937500013],[-62.765478515624984,-12.99726562500001],[-62.83515624999998,-12.953710937500006],[-62.95791015624997,-12.847070312500007],[-63.01518554687498,-12.805566406250005],[-63.04135742187498,-12.750390625],[-63.06748046874998,-12.669140625000011],[-63.116796875,-12.65166015625],[-63.18066406250001,-12.666210937500015],[-63.24975585937501,-12.707910156250007],[-63.346679687499986,-12.680078125],[-63.465234375,-12.60517578125001],[-63.541894531249994,-12.546679687500003],[-63.58564453125,-12.51894531250001],[-63.688574218749984,-12.478027343749996],[-63.78808593749999,-12.469433593750013],[-63.93857421874998,-12.5296875],[-64.06162109375,-12.505078125],[-64.25502929687498,-12.48330078125001],[-64.42050781249998,-12.439746093750005],[-64.48076171874999,-12.326171875],[-64.513427734375,-12.250976562500002],[-64.61166992187499,-12.20390625],[-64.69003906249999,-12.146484375],[-64.78344726562501,-12.059375],[-64.82988281249999,-12.030273437499998],[-64.91435546874997,-12.005957031250006],[-64.992529296875,-11.975195312500004],[-65.00122070312499,-11.920019531250007],[-65.03027343749999,-11.847363281250011],[-65.03710937499999,-11.829394531250003],[-65.090283203125,-11.7412109375],[-65.11513671875,-11.735058593750013],[-65.14267578124999,-11.75234375000001],[-65.16337890624997,-11.765136718749998],[-65.18574218750001,-11.74951171875],[-65.18974609374999,-11.710058593750004],[-65.17539062499998,-11.646875],[-65.206201171875,-11.580566406249998],[-65.28227539062499,-11.51103515625],[-65.32202148437499,-11.43916015625001],[-65.32548828124999,-11.364746093750002],[-65.34238281249999,-11.315039062500004],[-65.37285156249999,-11.289941406250007],[-65.389892578125,-11.246289062500013],[-65.39360351562497,-11.184277343750015],[-65.37158203125,-11.1103515625],[-65.32377929687499,-11.024804687500007],[-65.334033203125,-10.892773437500011],[-65.402294921875,-10.714746093750007],[-65.43999023437499,-10.586230468750003],[-65.44711914062498,-10.507421875],[-65.4369140625,-10.449023437500005],[-65.39545898437501,-10.39228515625001],[-65.3130859375,-10.253027343750006],[-65.29858398437499,-10.146777343750003],[-65.32456054687499,-10.026953125],[-65.328125,-9.935546875],[-65.30932617187499,-9.87265625],[-65.337890625,-9.790234375],[-65.396142578125,-9.712402343749998],[-65.436767578125,-9.71044921875],[-65.49199218749999,-9.73173828125],[-65.55869140624999,-9.79746093750001],[-65.637109375,-9.809082031249998],[-65.70678710937501,-9.768457031250005],[-65.92470703125,-9.785449218750003],[-66.26357421875,-9.826074218750007],[-66.39921874999997,-9.868164062500002],[-66.47890625,-9.886132812500012],[-66.575341796875,-9.89990234375],[-66.72998046874999,-9.975488281250009],[-67.11152343750001,-10.26894531250001],[-67.19047851562499,-10.311425781250009],[-67.28046875,-10.31728515625001],[-67.33271484374998,-10.357910156249998],[-67.416943359375,-10.389843750000011],[-67.582421875,-10.505957031250007],[-67.66665039062501,-10.598925781250003],[-67.72177734374998,-10.683105468750002],[-67.78569335937496,-10.686035156250002],[-67.83500976562499,-10.662792968750011],[-67.99169921875,-10.674414062500004],[-68.07167968749997,-10.703125],[-68.158642578125,-10.78505859375001],[-68.26660156249997,-10.933105468750002],[-68.31113281249998,-10.975195312500006],[-68.39799804687497,-11.01875],[-68.49833984374999,-11.054785156250004],[-68.62265625,-11.109179687500001],[-68.67836914062498,-11.112792968749998],[-68.727490234375,-11.122460937500009],[-68.769921875,-11.09765625],[-68.78408203125,-11.044628906250013],[-68.84833984375,-11.01113281250001],[-69.00166015625,-10.994335937500006],[-69.22851562499999,-10.955664062500002],[-69.46254882812498,-10.94814453125001],[-69.57861328125001,-10.951757812500007],[-69.6740234375,-10.954101562500002],[-69.83979492187498,-10.933398437500001],[-69.9603515625,-10.92988281250001],[-70.06630859375,-10.982421875],[-70.22006835937499,-11.04765625],[-70.29038085937499,-11.064257812500001],[-70.34199218749998,-11.066699218750001],[-70.39228515625,-11.05859375],[-70.45087890624997,-11.024804687500007],[-70.533251953125,-10.946875],[-70.596533203125,-10.97685546875],[-70.64233398437501,-11.010253906249998],[-70.641552734375,-10.8408203125],[-70.64033203125,-10.586035156250002],[-70.63935546874998,-10.361328125],[-70.63852539062499,-10.181542968750009],[-70.63759765624997,-9.971777343750002],[-70.63691406250001,-9.82373046875],[-70.59379882812499,-9.767480468750009],[-70.56723632812499,-9.704589843749998],[-70.59916992187497,-9.62050781250001],[-70.59223632812498,-9.54345703125],[-70.57016601562499,-9.48984375],[-70.54111328124999,-9.4375],[-70.60791015625,-9.463671875],[-70.6369140625,-9.478222656250011],[-70.67246093749999,-9.51796875],[-70.75849609375,-9.57167968750001],[-70.81625976562499,-9.625292968750003],[-70.88452148437499,-9.66904296875001],[-70.97075195312499,-9.765722656250007],[-71.041748046875,-9.81875],[-71.11528320312499,-9.852441406250009],[-71.237939453125,-9.966015625000013],[-71.33940429687497,-9.988574218750003],[-71.60800781249999,-10.00605468750001],[-71.887451171875,-10.00556640625001],[-72.14296874999998,-10.005175781250001],[-72.181591796875,-10.003710937500003],[-72.1791015625,-9.91015625],[-72.1728515625,-9.84404296875],[-72.25996093750001,-9.77431640625001],[-72.26582031250001,-9.6884765625],[-72.28901367187501,-9.629199218750005],[-72.31806640625,-9.556640625],[-72.379052734375,-9.51015625],[-72.46474609375,-9.4921875],[-72.60546874999999,-9.452050781250007],[-72.8142578125,-9.41035156250001],[-73.01376953124999,-9.407421875000011],[-73.209423828125,-9.411425781250005],[-73.08984375000001,-9.265722656250002],[-72.970361328125,-9.120117187499998],[-72.9740234375,-8.993164062500002],[-73.0705078125,-8.8828125],[-73.12255859374999,-8.8140625],[-73.203125,-8.719335937500002],[-73.30244140624998,-8.65400390625001],[-73.35673828124999,-8.566992187500006],[-73.351708984375,-8.514160156250002],[-73.36040039062499,-8.479296875],[-73.39814453125,-8.458984375],[-73.43588867187499,-8.42705078125],[-73.48813476562498,-8.3921875],[-73.54912109374999,-8.345800781250006],[-73.54912109374999,-8.299316406250002],[-73.57236328124999,-8.249902343750007],[-73.61010742187499,-8.191894531249998],[-73.61010742187499,-8.145410156250007],[-73.64492187499998,-8.072851562500006],[-73.68266601562499,-8.020605468750006],[-73.72041015625,-7.985742187500009],[-73.77558593749998,-7.936425781250007],[-73.772705078125,-7.895703125000011],[-73.73203125,-7.87539062500001],[-73.714599609375,-7.829003906250008],[-73.72041015625,-7.782519531250006],[-73.76689453124999,-7.753515625],[-73.82207031249997,-7.738964843750011],[-73.89462890624999,-7.654785156249998],[-73.946875,-7.61123046875001],[-73.98173828124999,-7.585058593750006],[-74.00205078125,-7.556054687500008],[-73.98173828125,-7.535742187500006],[-73.95849609375,-7.506640625],[-73.95268554687497,-7.460253906250003],[-73.96430664062501,-7.416699218750011],[-73.96430664062501,-7.37890625],[-73.929443359375,-7.367285156250008],[-73.891748046875,-7.373144531250006],[-73.85400390624999,-7.349902343750002],[-73.804638671875,-7.341210937500009],[-73.749462890625,-7.335351562500011],[-73.72041015625,-7.30927734375001],[-73.72333984375,-7.262792968750003],[-73.758203125,-7.17275390625001],[-73.793017578125,-7.135058593750003],[-73.804638671875,-7.079882812500003],[-73.77626953124998,-6.973535156250009],[-73.75810546874996,-6.905761718750001],[-73.69453125,-6.833789062500003],[-73.49990234375,-6.679492187500002],[-73.32548828124999,-6.574707031249999],[-73.24033203124999,-6.5640625],[-73.17744140625,-6.525195312500003],[-73.137353515625,-6.4658203125],[-73.12631835937499,-6.400878906249998],[-73.13535156249998,-6.344335937500006],[-73.16772460937501,-6.260644531250009],[-73.20649414062498,-6.156445312500011],[-73.235546875,-6.0984375],[-73.209375,-6.028710937500008],[-73.16289062499999,-5.933398437500003],[-73.06806640624998,-5.789550781249998],[-72.97988281249998,-5.634863281250004],[-72.97021484374999,-5.589648437500002],[-72.958935546875,-5.495214843750005],[-72.91826171875,-5.302539062500005],[-72.89580078124999,-5.198242187499998],[-72.907470703125,-5.157714843749999],[-72.88706054687499,-5.122753906250012],[-72.83193359375,-5.09375],[-72.69873046875,-5.0671875],[-72.608349609375,-5.009570312500001],[-72.46899414062499,-4.901269531250009],[-72.35283203124999,-4.786035156250008],[-72.25678710937498,-4.748925781250007],[-72.08251953125001,-4.642285156250013],[-71.98242187500001,-4.574609375],[-71.9431640625,-4.553320312500005],[-71.84472656249997,-4.504394531250001],[-71.66835937499998,-4.487304687499999],[-71.52133789062499,-4.469726562499999],[-71.43828124999997,-4.437597656250006],[-71.316796875,-4.424316406249999],[-71.235009765625,-4.38818359375],[-71.14423828125001,-4.38720703125],[-70.97368164062497,-4.350488281250009],[-70.915625,-4.29531250000001],[-70.86601562499999,-4.229589843750006],[-70.79951171874998,-4.173339843749998],[-70.72158203125,-4.15888671875001],[-70.63457031249997,-4.168652343750011],[-70.5306640625,-4.167578125],[-70.40463867187499,-4.150097656250012],[-70.34365234375,-4.193652343750002],[-70.31689453125,-4.246972656250009],[-70.23916015624998,-4.301171875],[-70.18398437499998,-4.298144531250004],[-70.12880859375,-4.286621093749999],[-70.05332031249998,-4.333105468750005],[-70.00395507812499,-4.327246093750004],[-69.97202148437498,-4.301171875],[-69.96591796874999,-4.2359375],[-69.94819335937498,-4.200585937500008],[-69.91103515625,-3.99658203125],[-69.84975585937501,-3.659863281250014],[-69.79414062499998,-3.354589843750005],[-69.73261718749998,-3.016699218750006],[-69.66904296875,-2.667675781250012],[-69.6046875,-2.314257812500003],[-69.55185546875,-2.02421875],[-69.50644531249999,-1.77490234375],[-69.47861328124996,-1.621972656250009],[-69.43491210937499,-1.421679687500003],[-69.41787109375,-1.245703125],[-69.40024414062499,-1.194921875],[-69.41142578125,-1.152246093750008],[-69.44912109375,-1.091601562500003],[-69.44873046875,-1.06494140625],[-69.4443359375,-1.029589843750003],[-69.44873046875,-0.998730468750011],[-69.488427734375,-0.965722656250009],[-69.51928710937501,-0.945800781250001],[-69.5435546875,-0.917187500000011],[-69.55458984375,-0.87744140625],[-69.57441406249998,-0.837792968750008],[-69.583251953125,-0.7958984375],[-69.61191406249999,-0.762792968750006],[-69.620703125,-0.720898437500011],[-69.60087890624997,-0.68125],[-69.592041015625,-0.639355468750011],[-69.60087890624999,-0.599609375],[-69.61191406249998,-0.553320312500006],[-69.63398437499998,-0.50927734375],[-69.66748046875,-0.482421875],[-69.74746093749998,-0.452539062500008],[-69.8279296875,-0.38134765625],[-69.92275390625,-0.317480468750006],[-70.04404296874999,-0.196191406250009],[-70.07050781249998,-0.138867187500011],[-70.070947265625,0.0185546875],[-70.06572265624996,0.189355468749994],[-70.05791015624999,0.447363281249991],[-70.05390624999998,0.57861328125],[-69.98544921874999,0.585839843749994],[-69.92509765624999,0.589404296874989],[-69.862060546875,0.598486328124991],[-69.80712890625,0.607470703124989],[-69.75673828125001,0.626367187499994],[-69.718896484375,0.649804687499995],[-69.673828125,0.665087890624989],[-69.638720703125,0.65966796875],[-69.60361328124999,0.680371093749997],[-69.56484375,0.7001953125],[-69.52705078125,0.71640625],[-69.47211914062497,0.729931640624997],[-69.42080078124998,0.698388671874994],[-69.39199218749998,0.666894531249994],[-69.358642578125,0.6515625],[-69.32714843749997,0.655175781249994],[-69.30551757812496,0.652441406249991],[-69.28300781249999,0.627246093749989],[-69.25419921874999,0.625439453124997],[-69.21279296875,0.629931640624989],[-69.17407226562501,0.635351562499991],[-69.15605468749999,0.642529296874997],[-69.1533203125,0.658789062499991],[-69.163232421875,0.686669921874995],[-69.1767578125,0.712841796874997],[-69.165966796875,0.753320312499994],[-69.1650390625,0.801953125],[-69.163232421875,0.864062499999989],[-69.19384765625,0.898291015624991],[-69.22446289062499,0.963134765625],[-69.25869140625,1.015380859375],[-69.31181640624997,1.050488281249997],[-69.361376953125,1.064013671874989],[-69.40278320312498,1.042382812499995],[-69.44150390624999,1.038818359375],[-69.4703125,1.05859375],[-69.51713867187497,1.059472656249995],[-69.567578125,1.065771484374991],[-69.62089843749997,1.0732421875],[-69.71699218750001,1.05908203125],[-69.751318359375,1.076611328124997],[-69.79814453125,1.078417968749988],[-69.85214843749999,1.059521484374997],[-69.85078125,1.308789062499997],[-69.84946289062499,1.543896484374998],[-69.848583984375,1.708740234375],[-69.79995117187501,1.705175781249992],[-69.739599609375,1.73486328125],[-69.65004882812498,1.739453125],[-69.58125,1.770751953124999],[-69.542919921875,1.773242187499989],[-69.470166015625,1.757910156249991],[-69.39433593749996,1.72578125],[-69.31972656249998,1.721240234374989],[-69.12426757812499,1.721289062499992],[-68.91318359374999,1.721386718749997],[-68.67846679687499,1.721484374999989],[-68.44345703125,1.721582031249994],[-68.23955078125,1.7216796875],[-68.17656249999999,1.719824218749991],[-68.21328125,1.774560546874995],[-68.25595703124999,1.845507812499989],[-68.23945312499998,1.9013671875],[-68.218359375,1.957617187499992],[-68.19379882812501,1.987011718749997],[-68.1302734375,1.955761718749997],[-68.07705078125,1.860107421875],[-68.03286132812501,1.788037109374997],[-67.98974609375001,1.752539062499991],[-67.93623046874998,1.748486328124998],[-67.87553710937499,1.760595703124992],[-67.815087890625,1.790087890624988],[-67.71186523437498,1.922119140625],[-67.60922851562499,2.035058593749995],[-67.5560546875,2.072998046875],[-67.499658203125,2.10791015625],[-67.457763671875,2.121142578124988],[-67.40043945312497,2.11669921875],[-67.35195312499998,2.085839843749995],[-67.32060546874999,2.032080078124991],[-67.205810546875,1.844824218749991],[-67.11923828125,1.70361328125],[-67.09013671875,1.615576171874992],[-67.08828125,1.400585937499997],[-67.09365234375001,1.210009765624988],[-67.082275390625,1.185400390624992],[-67.065234375,1.178369140624994],[-66.876025390625,1.223046875]]],[[[-49.628662109375,-0.229199218750011],[-49.53520507812499,-0.233593750000011],[-49.40288085937499,-0.214648437500003],[-49.31425781249998,-0.167871093750009],[-49.215087890625,-0.15869140625],[-49.11699218749999,-0.16357421875],[-48.786572265624976,-0.215527343750011],[-48.58803710937499,-0.231640625000011],[-48.51542968749998,-0.248242187500011],[-48.44448242187498,-0.271875],[-48.39267578125001,-0.29736328125],[-48.37968749999999,-0.352832031250003],[-48.428027343749974,-0.441503906250006],[-48.463964843750006,-0.534765625],[-48.497460937499994,-0.664941406250009],[-48.523339843749994,-0.69140625],[-48.566650390625,-0.684472656250009],[-48.539697265624994,-0.800976562500011],[-48.54951171874999,-0.847558593750009],[-48.57094726562498,-0.892871093750003],[-48.62407226562499,-0.986914062500005],[-48.70458984374999,-1.106640625000011],[-48.728515625,-1.131738281250009],[-48.78984374999999,-1.17333984375],[-48.839697265625,-1.2265625],[-48.82900390625,-1.276562500000011],[-48.804052734375006,-1.326953125],[-48.83359375000001,-1.390039062500009],[-48.928906249999976,-1.482324218750009],[-48.9859375,-1.5046875],[-49.03847656249998,-1.5140625],[-49.08686523437497,-1.505078125000011],[-49.172705078125006,-1.41259765625],[-49.181689453124974,-1.484960937500005],[-49.20478515624998,-1.558984375],[-49.233984375,-1.599511718750009],[-49.344824218750006,-1.59521484375],[-49.406591796875,-1.555566406250008],[-49.506640625,-1.511621093750009],[-49.52568359374999,-1.63046875],[-49.587890625,-1.71240234375],[-49.65058593749998,-1.738085937500003],[-49.748779296875,-1.75537109375],[-49.805126953124976,-1.790234375000012],[-49.911328125,-1.762988281250003],[-50.00996093749999,-1.70849609375],[-50.06572265624999,-1.703808593750012],[-50.10927734375,-1.747851562500003],[-50.338427734374996,-1.755957031250006],[-50.443457031250006,-1.800683593750009],[-50.507617187499974,-1.787988281250009],[-50.60205078125,-1.69775390625],[-50.6171875,-1.6376953125],[-50.67338867187499,-1.516015625],[-50.72382812499998,-1.371484375],[-50.759765625,-1.240234375],[-50.7294921875,-1.126757812500003],[-50.668310546875006,-1.130566406250011],[-50.59589843749997,-1.1474609375],[-50.58051757812498,-1.139453125],[-50.57695312499998,-1.103125],[-50.59291992187498,-1.072949218750012],[-50.70961914062499,-1.077734375],[-50.783300781250006,-1.010351562500006],[-50.796093749999976,-0.90625],[-50.78095703124997,-0.68984375],[-50.771386718749994,-0.645410156250008],[-50.71992187499998,-0.583398437500009],[-50.703076171874976,-0.528515625000011],[-50.7158203125,-0.47021484375],[-50.693701171875,-0.364453125000011],[-50.64550781250001,-0.272851562500009],[-50.46157226562499,-0.157421875000011],[-50.248242187499976,-0.116406250000011],[-49.628662109375,-0.229199218750011]]],[[[-44.129296875,-23.141894531250006],[-44.09804687499998,-23.16933593750001],[-44.155761718749986,-23.166601562500006],[-44.22050781249998,-23.19082031250001],[-44.32006835937499,-23.212304687500005],[-44.36015624999998,-23.172070312500015],[-44.27412109374999,-23.116210937499996],[-44.24287109374998,-23.07412109375001],[-44.22041015624999,-23.08291015625001],[-44.191601562499976,-23.11328125],[-44.129296875,-23.141894531250006]]],[[[-48.58442382812498,-26.4015625],[-48.60307617187499,-26.413769531250008],[-48.665771484375,-26.28964843750001],[-48.539746093749976,-26.1703125],[-48.49760742187498,-26.21875],[-48.531103515625,-26.313183593750004],[-48.56806640624999,-26.3796875],[-48.58442382812498,-26.4015625]]],[[[-45.26025390625001,-23.889160156250004],[-45.260888671874994,-23.941308593750005],[-45.30253906249998,-23.91474609375002],[-45.41284179687499,-23.93496093750001],[-45.45141601562499,-23.89560546875001],[-45.30234375,-23.727539062499986],[-45.272265625,-23.751953125],[-45.249072265624996,-23.782617187500005],[-45.233105468749976,-23.82539062500001],[-45.25029296874999,-23.85302734375],[-45.26025390625001,-23.889160156250004]]],[[[-44.49931640624998,-2.939648437500012],[-44.59775390624999,-3.03759765625],[-44.56533203124999,-2.923925781250007],[-44.58188476562499,-2.845605468750008],[-44.56909179687501,-2.784960937500002],[-44.501953125,-2.726269531250011],[-44.4814453125,-2.717578125],[-44.4873046875,-2.789746093750011],[-44.48256835937499,-2.811914062500009],[-44.49931640624998,-2.939648437500012]]],[[[-38.74384765624998,-13.097070312500012],[-38.78300781249999,-13.118652343750005],[-38.786962890625,-13.055078125000012],[-38.68486328124998,-12.974902343750006],[-38.66811523437499,-12.880175781250001],[-38.61455078124999,-12.924023437500013],[-38.60029296874998,-12.972460937500005],[-38.60117187500001,-12.992578125],[-38.74384765624998,-13.097070312500012]]],[[[-38.903564453125,-13.4734375],[-38.937890625,-13.532324218750006],[-38.977587890624996,-13.523535156250007],[-38.99321289062498,-13.484082031250013],[-39.022167968749976,-13.445605468750005],[-39.00659179687499,-13.415527343750002],[-38.980126953124994,-13.3984375],[-38.907128906249994,-13.401074218750013],[-38.903564453125,-13.4734375]]],[[[-44.88310546874999,-1.31787109375],[-44.947119140625006,-1.366015625],[-44.967871093750006,-1.390820312500012],[-45.020849609375006,-1.372363281250002],[-45.01123046875,-1.3447265625],[-44.99560546875,-1.347558593750009],[-44.978662109374994,-1.267285156250011],[-44.88828125,-1.27685546875],[-44.88310546874999,-1.31787109375]]],[[[-49.73823242187499,0.268164062499991],[-49.697265625,0.215966796874994],[-49.83896484375,0.006884765624989],[-49.917089843750006,-0.023193359375],[-50.00249023437498,-0.029296875],[-50.113134765625006,0.033007812499989],[-50.285595703124976,0.028564453125],[-50.339453125,0.043359375],[-50.34511718749999,0.134472656249997],[-50.272656249999976,0.231738281249989],[-50.12797851562499,0.226513671874997],[-49.87900390625,0.304541015624992],[-49.73823242187499,0.268164062499991]]],[[[-50.29897460937499,1.938525390624988],[-50.398779296875006,1.892871093749988],[-50.45610351562499,1.910498046874991],[-50.508984374999976,2.029541015625],[-50.49101562499998,2.128613281249997],[-50.41875,2.161474609374991],[-50.362646484375,2.154443359374994],[-50.341992187499976,2.141748046874994],[-50.29208984375,1.979589843749991],[-50.29897460937499,1.938525390624988]]],[[[-50.65288085937499,-0.131640625],[-50.92636718750001,-0.327343750000011],[-51.01899414062498,-0.263085937500008],[-51.0380859375,-0.225878906250003],[-51.022363281249994,-0.188378906250008],[-51.025732421875,-0.17236328125],[-50.99506835937498,-0.105273437500003],[-50.8421875,-0.050195312500009],[-50.765283203125,-0.040869140625006],[-50.66699218750001,-0.058007812500009],[-50.650585937499976,-0.105859375],[-50.65288085937499,-0.131640625]]],[[[-49.44389648437498,-0.112402343750006],[-49.708837890625006,-0.14375],[-49.830078125,-0.093896484375009],[-49.802685546874976,-0.051855468750006],[-49.7123046875,0.01513671875],[-49.602197265624994,0.062695312499997],[-49.50346679687499,0.083691406249997],[-49.40048828125,0.057226562499991],[-49.372314453125,0.001074218749991],[-49.380859375,-0.05546875],[-49.44389648437498,-0.112402343750006]]],[[[-50.42612304687501,0.139257812499991],[-50.443945312500006,-0.007666015625006],[-50.62392578124999,0.054394531249997],[-50.610449218750006,0.204785156249997],[-50.526220703125,0.246923828124991],[-50.45156249999999,0.326904296875],[-50.426074218749996,0.424951171874994],[-50.42456054687499,0.558251953124994],[-50.396875,0.581396484374991],[-50.37275390624997,0.590869140624989],[-50.350976562499994,0.581738281249997],[-50.34252929687501,0.381591796875],[-50.332275390625,0.259033203125],[-50.42612304687501,0.139257812499991]]],[[[-50.1529296875,0.393017578124997],[-50.261328125,0.359179687499989],[-50.28154296874998,0.390820312499997],[-50.281689453124976,0.516503906249994],[-50.25117187499998,0.58544921875],[-50.11279296874999,0.604736328125],[-50.0986328125,0.625],[-50.058837890624986,0.638037109374991],[-50.03681640624998,0.594824218749991],[-50.0400390625,0.522802734374991],[-50.1529296875,0.393017578124997]]],[[[-51.83251953125001,-1.433789062500011],[-51.93837890625,-1.45263671875],[-51.80205078124998,-1.202539062500009],[-51.68002929687499,-1.086132812500011],[-51.678271484374996,-0.855078125],[-51.546044921874994,-0.649609375000011],[-51.42446289062499,-0.56591796875],[-51.25400390624999,-0.54140625],[-51.160742187500006,-0.666699218750011],[-51.276318359374976,-1.021777343750003],[-51.31010742187498,-1.023828125],[-51.465136718749996,-1.211132812500011],[-51.63769531250001,-1.341894531250006],[-51.83251953125001,-1.433789062500011]]],[[[-48.48588867187497,-27.766992187500005],[-48.55458984374999,-27.812207031250022],[-48.542187499999976,-27.574804687500013],[-48.505175781249996,-27.4955078125],[-48.464746093749994,-27.436328125],[-48.414892578125006,-27.39960937500001],[-48.3779296875,-27.451464843750006],[-48.40957031249998,-27.56630859374999],[-48.49677734375,-27.70703125],[-48.48588867187497,-27.766992187500005]]]]}},{"type":"Feature","properties":{"ADMIN":"Argentina","ADM0_A3":"ARG"},"geometry":{"type":"MultiPolygon","coordinates":[[[[-57.60888671875001,-30.18779296875],[-57.64575195312501,-30.226953125],[-57.650878906249986,-30.295019531250016],[-57.712695312499996,-30.384472656250022],[-57.831201171874994,-30.495214843750013],[-57.87250976562499,-30.59101562500001],[-57.8185546875,-30.71201171875002],[-57.81059570312499,-30.85859375],[-57.83408203124998,-30.91748046875001],[-57.886328124999984,-30.93740234375001],[-57.89829101562499,-30.975195312500013],[-57.87006835937498,-31.031054687499985],[-57.868408203124986,-31.10439453125001],[-57.89335937499998,-31.1953125],[-57.94833984374999,-31.299414062500016],[-58.03339843749998,-31.416601562500013],[-58.053857421874994,-31.494921875000014],[-58.00966796874999,-31.534375],[-57.987988281250004,-31.576171875],[-57.9888671875,-31.620605468749996],[-58.00698242187497,-31.6849609375],[-58.042333984375,-31.769238281250022],[-58.09584960937499,-31.831835937500014],[-58.167480468749986,-31.87265625],[-58.18901367187499,-31.924218750000016],[-58.160400390625,-31.986523437500022],[-58.15634765625,-32.05156249999998],[-58.177001953124986,-32.11904296875001],[-58.16479492187501,-32.184863281249996],[-58.1197265625,-32.248925781250016],[-58.123046875,-32.321875],[-58.201171875,-32.471679687499986],[-58.21997070312498,-32.56396484374999],[-58.17099609374999,-32.95927734375001],[-58.20078125000001,-33.014648437500014],[-58.25039062499998,-33.0783203125],[-58.30888671874999,-33.08291015625001],[-58.3759765625,-33.071875],[-58.424462890624994,-33.111523437500004],[-58.454833984374986,-33.2859375],[-58.547216796875006,-33.663476562499994],[-58.530566406249996,-33.753027343750006],[-58.45659179687498,-33.898339843750016],[-58.429492187499974,-33.99091796875002],[-58.40903320312499,-34.06074218750002],[-58.39248046874999,-34.19296875],[-58.43549804687499,-34.2525390625],[-58.475244140624994,-34.26298828124999],[-58.52548828124999,-34.296191406249996],[-58.466210937499994,-34.457421875],[-58.4189453125,-34.531640625],[-58.283349609375,-34.68349609375003],[-57.76357421874998,-34.89453125],[-57.5478515625,-35.01894531250001],[-57.30366210937499,-35.1884765625],[-57.170654296874986,-35.3625],[-57.15888671875,-35.50595703125001],[-57.35390624999997,-35.7203125],[-57.37548828125,-35.900292968750016],[-57.33544921874999,-36.02675781250001],[-57.26499023437499,-36.144140625],[-57.076171875,-36.29677734375001],[-56.93715820312499,-36.35253906250001],[-56.749462890625004,-36.346484375],[-56.7173828125,-36.389062500000016],[-56.69809570312499,-36.42646484375001],[-56.668261718749974,-36.73525390625],[-56.67202148437498,-36.85126953125001],[-56.72714843749998,-36.95771484375],[-57.0876953125,-37.44638671875],[-57.395751953125,-37.74462890624996],[-57.50727539062499,-37.90927734374999],[-57.54697265624997,-38.085644531250004],[-57.645605468749984,-38.16962890625002],[-58.17919921875,-38.43583984375002],[-59.007226562499994,-38.67333984375],[-59.67626953124999,-38.79667968750002],[-59.8283203125,-38.83818359375002],[-60.90395507812497,-38.97392578125001],[-61.11220703124998,-38.992968750000024],[-61.38286132812498,-38.980859375],[-61.6025390625,-38.998828125000024],[-61.847900390624986,-38.96181640624999],[-62.066894531249986,-38.91914062500002],[-62.189257812499996,-38.81328125000002],[-62.334765625,-38.80009765625002],[-62.374462890625004,-38.85292968749998],[-62.303613281249994,-38.98808593750004],[-62.33808593749998,-39.150585937500004],[-62.29506835937498,-39.24326171875],[-62.209082031249984,-39.261816406250006],[-62.12646484375001,-39.309765625],[-62.05366210937497,-39.37382812500001],[-62.17934570312499,-39.38046875000001],[-62.130566406249976,-39.43154296874999],[-62.076806640624994,-39.4615234375],[-62.08276367187501,-39.568359375],[-62.131542968750004,-39.825390625],[-62.25395507812498,-39.88046875000001],[-62.286914062499974,-39.89531250000002],[-62.323974609374986,-39.95068359374999],[-62.40185546875,-40.19658203125002],[-62.427001953125,-40.355957031249986],[-62.393603515624996,-40.45878906250001],[-62.24633789062499,-40.674609375],[-62.301855468749984,-40.81464843749999],[-62.39501953124999,-40.8908203125],[-62.79799804687499,-41.047167968750024],[-62.959033203124974,-41.10966796875002],[-63.21284179687498,-41.15244140625],[-63.621777343750004,-41.159765625],[-63.772998046874974,-41.15],[-64.123193359375,-41.007812499999986],[-64.38344726562501,-40.922460937499984],[-64.621484375,-40.85449218749999],[-64.85297851562501,-40.813769531250024],[-64.81987304687499,-40.793261718750024],[-64.80439453124998,-40.75654296875001],[-64.86948242187498,-40.73583984374999],[-64.91689453125,-40.731347656249994],[-65.06943359374998,-40.8052734375],[-65.13339843749999,-40.880664062499996],[-65.15185546874999,-40.94697265625002],[-65.15498046875001,-41.10566406250001],[-65.12788085937497,-41.23876953124999],[-65.01826171875,-41.56689453124998],[-65.00703125,-41.7451171875],[-65.05908203125,-41.96992187500001],[-64.98637695312499,-42.102050781250014],[-64.898046875,-42.16181640625001],[-64.69951171874999,-42.22080078124999],[-64.6224609375,-42.26103515625002],[-64.537744140625,-42.254589843750026],[-64.51171875,-42.27021484375001],[-64.52421874999997,-42.29921874999998],[-64.57412109375001,-42.35595703125001],[-64.57099609374998,-42.416015625],[-64.42041015625,-42.43378906250002],[-64.26459960937497,-42.421679687499996],[-64.10087890624997,-42.39511718749999],[-64.06220703124998,-42.35341796875],[-64.061181640625,-42.26611328125],[-64.25292968750001,-42.25078125],[-64.22851562499999,-42.21826171875],[-64.08325195312499,-42.1828125],[-63.892871093749974,-42.124609375],[-63.79555664062498,-42.1138671875],[-63.7294921875,-42.15292968750001],[-63.68476562499998,-42.18867187500001],[-63.629882812499986,-42.282714843749986],[-63.59589843749999,-42.40654296875],[-63.594433593750004,-42.55556640625],[-63.61733398437501,-42.69580078125],[-63.644482421874976,-42.74570312500002],[-63.69248046874999,-42.805273437500006],[-64.034765625,-42.88125],[-64.13066406249999,-42.86142578125001],[-64.219921875,-42.75556640625001],[-64.24794921875,-42.64609375000002],[-64.32426757812497,-42.572265625],[-64.48784179687499,-42.51347656250001],[-64.65048828124996,-42.5314453125],[-64.81196289062498,-42.633203125],[-64.97070312499999,-42.66630859375004],[-65.02690429687499,-42.758886718750006],[-64.62919921875,-42.908984375],[-64.44155273437498,-42.95068359375],[-64.38037109375,-42.94921875],[-64.31914062499997,-42.96894531250001],[-64.37568359374998,-43.02460937500001],[-64.43222656249999,-43.05917968750001],[-64.71523437499998,-43.135546875],[-64.83994140624999,-43.18886718749999],[-64.98554687499998,-43.293554687500006],[-65.18974609374999,-43.5220703125],[-65.25234375,-43.571875],[-65.28359375,-43.62998046875001],[-65.3046875,-43.7875],[-65.23857421874999,-44.04873046874997],[-65.30839843749999,-44.158203125000014],[-65.26552734375,-44.2796875],[-65.28984374999997,-44.36074218749997],[-65.36127929687501,-44.47734375],[-65.647607421875,-44.66142578125001],[-65.69833984374999,-44.79619140625],[-65.59912109375,-44.8755859375],[-65.60571289062501,-44.94501953125001],[-65.63876953124999,-45.0078125],[-65.75771484375,-45.00712890625002],[-66.19013671874998,-44.96474609374997],[-66.34775390624999,-45.03359374999999],[-66.493603515625,-45.117578125],[-66.53344726562499,-45.15781250000001],[-66.58505859374998,-45.18291015625001],[-66.88247070312501,-45.22763671875003],[-66.94140624999999,-45.25732421874999],[-67.25761718749997,-45.57724609375002],[-67.39301757812498,-45.77558593750003],[-67.55664062499999,-45.970117187499994],[-67.59956054687497,-46.0525390625],[-67.60888671875,-46.16679687500001],[-67.58608398437498,-46.269531250000014],[-67.56337890625001,-46.34541015625001],[-67.50644531249998,-46.44277343749999],[-67.38662109374998,-46.55380859374999],[-66.77685546875,-47.005859374999986],[-66.650390625,-47.0453125],[-65.99853515625,-47.09375],[-65.853662109375,-47.15673828125],[-65.76909179687499,-47.25673828124997],[-65.73808593749999,-47.344921875000026],[-65.77539062500001,-47.568359375],[-65.81430664062499,-47.63818359375001],[-65.88632812499998,-47.7015625],[-66.040625,-47.78330078125002],[-66.22524414062498,-47.8267578125],[-66.17236328125,-47.857617187500004],[-66.09736328125,-47.853222656250004],[-65.93422851562498,-47.8267578125],[-65.86367187499998,-47.853222656250004],[-65.81005859375001,-47.94111328125001],[-65.91215820312496,-47.97675781250001],[-65.94340820312499,-48.0193359375],[-66.01718749999998,-48.08427734375003],[-66.39335937499997,-48.342382812500006],[-66.59628906249998,-48.41953125],[-66.78281249999996,-48.52294921874998],[-67.03310546875,-48.62773437500002],[-67.13095703124999,-48.68789062499999],[-67.26333007812501,-48.814257812500045],[-67.46630859375,-48.95175781250001],[-67.68486328124997,-49.246679687499984],[-67.69370117187499,-49.304003906250024],[-67.66196289062499,-49.34218749999997],[-67.78349609374997,-49.85888671874997],[-67.82597656249997,-49.91962890624998],[-67.91396484375,-49.98447265624999],[-68.14565429687497,-50.09140625],[-68.25722656250001,-50.10458984375003],[-68.404638671875,-50.042675781250004],[-68.48789062499998,-49.9779296875],[-68.56928710937498,-49.86699218750001],[-68.66757812499998,-49.752539062500006],[-68.67265624999996,-49.79345703125],[-68.63847656249999,-49.862988281250004],[-68.66162109375001,-49.9357421875],[-68.91298828124997,-49.96875],[-68.97958984374999,-50.003027343749984],[-68.752685546875,-49.98769531249997],[-68.59794921874999,-50.009472656250026],[-68.53256835937498,-50.03613281249999],[-68.47373046874996,-50.09140625],[-68.421875,-50.15791015624999],[-68.46542968749998,-50.19472656249999],[-68.58935546874999,-50.225195312500006],[-68.74985351562499,-50.28115234375003],[-68.939453125,-50.382324218749986],[-69.04477539062499,-50.49912109375],[-69.09018554687499,-50.583105468749984],[-69.14140625,-50.75253906250002],[-69.15498046875,-50.86445312500002],[-69.23515624999999,-50.9505859375],[-69.35859375,-51.028125],[-69.35175781249998,-51.04580078125],[-69.26796874999998,-51.00615234375],[-69.20102539062499,-50.99365234375],[-69.14350585937498,-51.09697265625],[-69.06572265624999,-51.30351562500002],[-69.02958984374999,-51.446484375],[-69.03530273437498,-51.48896484375001],[-69.05830078124998,-51.547167968750024],[-69.21806640625,-51.56123046875003],[-69.36054687499997,-51.55947265624998],[-69.46542968749999,-51.584472656250014],[-69.40908203124998,-51.610253906249994],[-69.31303710937497,-51.601074218749986],[-69.18012695312501,-51.662304687500004],[-69.03251953124997,-51.636230468749986],[-68.96533203124999,-51.67714843749998],[-68.91679687499997,-51.71464843750001],[-68.69082031249998,-52.013085937499994],[-68.49350585937499,-52.19755859375004],[-68.39375,-52.30703124999998],[-68.443359375,-52.35664062500002],[-68.46098632812497,-52.29042968749999],[-68.58979492187498,-52.27333984374998],[-68.71518554687498,-52.25546875],[-68.924560546875,-52.20810546874999],[-69.20620117187497,-52.13613281249998],[-69.48842773437498,-52.13613281249998],[-69.71259765624998,-52.075390625],[-69.96025390624999,-52.008203125],[-70.482861328125,-52.00224609375003],[-70.94316406249996,-51.99814453125],[-71.41474609375,-51.99394531250003],[-71.71660156249996,-51.99130859375002],[-71.91865234375,-51.989550781250024],[-71.97109374999998,-51.96416015625002],[-71.95346679687498,-51.88037109374997],[-72.02841796874999,-51.818652343750024],[-72.13696289062501,-51.74404296874999],[-72.26899414062498,-51.691113281250026],[-72.33452148437499,-51.6203125],[-72.407666015625,-51.54082031250003],[-72.36640625,-51.4703125],[-72.30322265624999,-51.29892578125001],[-72.30185546874998,-51.22333984375002],[-72.35917968749997,-51.17041015625001],[-72.37680664062499,-51.09541015624998],[-72.35917968749999,-51.06015625],[-72.30737304687499,-51.033398437500004],[-72.27631835937498,-50.910253906250006],[-72.30063476562499,-50.789550781250014],[-72.340234375,-50.68183593749999],[-72.39257812499997,-50.634277343749986],[-72.46015625,-50.61171874999999],[-72.509814453125,-50.607519531250034],[-72.62041015624996,-50.64765625],[-72.80361328125,-50.6376953125],[-72.86591796874998,-50.653125],[-72.95556640624999,-50.696484375],[-73.08237304687499,-50.76035156250001],[-73.15292968749998,-50.73828125],[-73.17451171875,-50.67001953125],[-73.22163085937498,-50.6107421875],[-73.25161132812498,-50.55849609374998],[-73.27416992187499,-50.472558593749994],[-73.31171875,-50.36191406250001],[-73.38662109374998,-50.23115234375002],[-73.50126953124999,-50.125292968750024],[-73.50771484375,-50.03027343750002],[-73.52890624999998,-49.91093750000005],[-73.47041015625001,-49.79453125000003],[-73.50454101562498,-49.69804687500001],[-73.57626953124998,-49.58291015624999],[-73.55419921875,-49.46386718749999],[-73.483642578125,-49.39765625],[-73.46157226562498,-49.31386718749998],[-73.13525390625001,-49.30068359375],[-73.148876953125,-49.18798828124999],[-73.094580078125,-49.096875],[-73.03364257812498,-49.01435546875001],[-72.98173828124999,-48.976757812500004],[-72.86542968749998,-48.94394531250001],[-72.72846679687498,-48.89628906250004],[-72.65126953125,-48.8416015625],[-72.61440429687497,-48.79287109374997],[-72.59174804687498,-48.72968750000001],[-72.5859375,-48.6625],[-72.60839843750001,-48.51933593750002],[-72.58286132812498,-48.47539062500002],[-72.49814453124998,-48.41738281249999],[-72.35473632812499,-48.3658203125],[-72.29301757812499,-48.229101562500006],[-72.3283203125,-48.110058593750026],[-72.40791015625,-48.01591796875002],[-72.50908203124999,-47.973339843750004],[-72.51791992187496,-47.87636718749999],[-72.472216796875,-47.7841796875],[-72.41259765625,-47.685546875],[-72.34150390624995,-47.57207031250003],[-72.34594726562501,-47.492675781250014],[-72.28291015625,-47.44628906249999],[-72.10341796874998,-47.342773437499986],[-72.04169921875,-47.24140625],[-71.978515625,-47.21386718750001],[-71.90498046875,-47.20166015625],[-71.90053710937497,-47.144335937500024],[-71.95424804687498,-47.0875],[-71.96298828124998,-47.01601562499998],[-71.956640625,-46.93681640625],[-71.94023437499997,-46.83125],[-71.8564453125,-46.7916015625],[-71.73271484374997,-46.705859375000024],[-71.69965820312498,-46.6513671875],[-71.69521484375,-46.57841796875001],[-71.731298828125,-46.42783203125],[-71.762109375,-46.319824218750014],[-71.77763671874999,-46.27998046874999],[-71.834130859375,-46.206738281250026],[-71.87568359375001,-46.16054687499998],[-71.80927734375,-46.10273437500002],[-71.68447265625,-46.04189453125001],[-71.63154296874998,-45.953710937500006],[-71.68007812499998,-45.878710937500024],[-71.750634765625,-45.8390625],[-71.77265624999998,-45.7244140625],[-71.74619140625,-45.57890625],[-71.69331054687495,-45.534765625],[-71.50810546874997,-45.5126953125],[-71.4904296875,-45.4376953125],[-71.34931640624998,-45.33193359374999],[-71.35375976562499,-45.23046875],[-71.44345703124999,-45.16826171875002],[-71.53129882812499,-45.06787109375001],[-71.59628906249998,-44.97919921875002],[-71.812353515625,-44.93066406249998],[-72.04169921875,-44.90419921875],[-72.07250976562499,-44.82041015625],[-72.06372070312499,-44.771875],[-71.95703125,-44.79150390624999],[-71.78281249999998,-44.77441406250001],[-71.65166015624997,-44.77041015625],[-71.56040039062498,-44.76201171875001],[-71.45517578124999,-44.74980468750003],[-71.35815429687497,-44.78515625],[-71.26113281250001,-44.7630859375],[-71.22148437499999,-44.63076171875],[-71.15971679687499,-44.56025390625],[-71.15087890624999,-44.494042968749994],[-71.21259765625001,-44.4412109375],[-71.32573242187497,-44.424902343750006],[-71.82001953125001,-44.383105468750024],[-71.83505859374999,-44.33017578125],[-71.83076171875,-44.24140625000002],[-71.81210937499998,-44.15078124999998],[-71.812353515625,-44.10605468749999],[-71.7671875,-44.06669921875002],[-71.71616210937498,-43.98447265624999],[-71.68007812499998,-43.929589843749994],[-71.715966796875,-43.85839843749999],[-71.79472656249999,-43.75322265625002],[-71.73740234374999,-43.7046875],[-71.73276367187499,-43.64677734375],[-71.750634765625,-43.590136718750024],[-71.83242187500002,-43.52714843750002],[-71.90498046875001,-43.44013671875001],[-71.90498046874998,-43.34755859374999],[-71.82021484375,-43.322949218750026],[-71.76386718749998,-43.29462890625002],[-71.75063476562495,-43.237304687499986],[-71.781494140625,-43.166796875000024],[-71.89858398437498,-43.1453125],[-72.05468749999999,-43.101953125],[-72.10239257812498,-43.065625],[-72.146435546875,-42.99003906250002],[-72.11362304687498,-42.776757812499994],[-72.130029296875,-42.64824218750002],[-72.143701171875,-42.57714843749999],[-72.10541992187498,-42.52246093749999],[-72.05346679687499,-42.473242187499984],[-72.078125,-42.35849609374999],[-72.12460937499996,-42.29833984375001],[-72.10820312499999,-42.25185546874999],[-72.06440429687498,-42.20537109375001],[-72.026123046875,-42.14794921874999],[-71.99331054687498,-42.13427734375],[-71.944091796875,-42.16708984375],[-71.860791015625,-42.14785156249997],[-71.76093749999998,-42.10146484375],[-71.75,-42.04677734374998],[-71.77001953124997,-41.96855468750002],[-71.84448242187497,-41.77197265625001],[-71.91127929687497,-41.650390625],[-71.89760742187497,-41.606640625],[-71.87114257812499,-41.560546875000014],[-71.89218749999998,-41.393359375],[-71.88559570312498,-41.29238281249999],[-71.88071289062498,-40.99462890624999],[-71.873046875,-40.89296874999999],[-71.94135742187498,-40.78916015624999],[-71.93212890624999,-40.69169921875001],[-71.88378906250001,-40.620605468750014],[-71.83852539062498,-40.524414062499986],[-71.804638671875,-40.439160156250004],[-71.769140625,-40.40087890625001],[-71.70898437500001,-40.38173828124999],[-71.69531250000001,-40.335253906250045],[-71.72265624999999,-40.299707031249994],[-71.80058593749999,-40.24433593750001],[-71.818310546875,-40.17666015625001],[-71.80195312499998,-40.12470703125001],[-71.763671875,-40.09462890625],[-71.70439453125,-40.09492187500003],[-71.659765625,-40.020800781250024],[-71.64711914062498,-39.929199218749986],[-71.637890625,-39.88681640625001],[-71.67207031250001,-39.833300781250024],[-71.69682617187497,-39.70703125],[-71.719921875,-39.63525390625],[-71.69257812500001,-39.60517578124999],[-71.654296875,-39.59423828124999],[-71.58701171874998,-39.61113281250001],[-71.539453125,-39.60244140624999],[-71.53125,-39.56416015625001],[-71.52578124999997,-39.52314453125],[-71.50776367187498,-39.495214843750006],[-71.46538085937499,-39.40234375],[-71.42001953125,-39.28720703125],[-71.409375,-39.20595703125001],[-71.42558593749997,-38.98564453125002],[-71.4015625,-38.93505859375],[-71.35317382812498,-38.88886718750002],[-71.28574218749996,-38.845410156249976],[-71.19726562499999,-38.809375],[-71.087109375,-38.757519531250026],[-70.95161132812498,-38.738476562500004],[-70.89692382812498,-38.681054687499994],[-70.858642578125,-38.6044921875],[-70.84765625000001,-38.54160156250002],[-70.899658203125,-38.49785156250002],[-70.96796874999998,-38.445898437500006],[-71.00048828125,-38.31484375],[-71.01816406249999,-38.1939453125],[-71.02817382812498,-38.04121093750002],[-71.09619140625,-37.90996093750002],[-71.167578125,-37.762304687500006],[-71.18671875000003,-37.631054687500004],[-71.162841796875,-37.55917968750003],[-71.13481445312499,-37.445117187500024],[-71.16489257812498,-37.39326171875],[-71.20039062500001,-37.300292968749986],[-71.16347656249997,-37.22744140625001],[-71.118408203125,-37.11435546874999],[-71.12382812499996,-37.056933593749996],[-71.159375,-36.92021484375],[-71.1921875,-36.843652343749994],[-71.159375,-36.76162109375001],[-71.10742187499999,-36.68505859374999],[-71.06640624999999,-36.64404296875001],[-71.07324218750001,-36.57802734375],[-71.05551757812498,-36.523730468749996],[-70.97792968750001,-36.48730468749999],[-70.90512695312499,-36.419921875],[-70.853173828125,-36.41171875],[-70.79028320312499,-36.41171875],[-70.74926757812499,-36.392578125000014],[-70.732861328125,-36.340625],[-70.721923828125,-36.283203124999986],[-70.621875,-36.211914062500014],[-70.56337890625,-36.146386718749994],[-70.45673828124998,-36.13271484375001],[-70.40478515625001,-36.06171875000001],[-70.40366210937495,-35.97050781249999],[-70.41572265625,-35.87851562500001],[-70.38017578125,-35.771875],[-70.41972656249999,-35.60917968750001],[-70.41572265625,-35.523046875],[-70.45673828124998,-35.451953125],[-70.44853515625002,-35.375390625],[-70.47041015625,-35.326171874999986],[-70.53232421874999,-35.30791015624999],[-70.55517578124997,-35.246875],[-70.52509765625,-35.216796875],[-70.46660156249999,-35.19365234374999],[-70.39316406250002,-35.146875],[-70.33813476562499,-34.921777343750016],[-70.312109375,-34.85498046874999],[-70.286767578125,-34.77451171875],[-70.28994140624998,-34.7328125],[-70.2546875,-34.67265625],[-70.21069335937497,-34.58125],[-70.141259765625,-34.49287109375],[-70.10146484374998,-34.43203125],[-70.06298828124997,-34.35],[-70.05205078124999,-34.30078125],[-70.00283203125,-34.27626953125002],[-69.946337890625,-34.269921875000016],[-69.87978515625001,-34.25439453125],[-69.85244140624998,-34.224316406250026],[-69.857373046875,-34.18046875],[-69.86152343749997,-34.08359375],[-69.88149414062497,-33.92978515625],[-69.89433593749996,-33.73134765625],[-69.882568359375,-33.6009765625],[-69.83876953125001,-33.46972656249999],[-69.79775390624997,-33.39863281250001],[-69.80869140624999,-33.3439453125],[-69.81962890624997,-33.283789062500006],[-69.89619140625,-33.250976562499986],[-69.96904296875,-33.27939453125],[-70.01982421874999,-33.271484375],[-70.08486328125,-33.20175781249999],[-70.10400390624999,-33.12792968749999],[-70.09306640624997,-33.02675781250001],[-70.04213867187498,-32.963671875],[-70.02197265624999,-32.88457031250001],[-70.05205078124997,-32.85996093749999],[-70.11616210937498,-32.80742187500002],[-70.17695312499998,-32.62607421875],[-70.16962890625,-32.471679687499986],[-70.22978515624997,-32.4306640625],[-70.2578125,-32.30996093750002],[-70.32001953125,-32.266699218750006],[-70.34462890625,-32.176464843750004],[-70.36376953124999,-32.08349609375001],[-70.35556640624998,-32.042382812499994],[-70.29091796874998,-32.0310546875],[-70.25439453125,-31.957714843750004],[-70.28173828125001,-31.91660156250002],[-70.33095703125001,-31.88105468750002],[-70.39384765624999,-31.8837890625],[-70.450146484375,-31.841894531249995],[-70.525634765625,-31.66640625],[-70.58520507812499,-31.569433593750006],[-70.56640625,-31.42792968750002],[-70.55468749999999,-31.317382812500004],[-70.529052734375,-31.222851562500008],[-70.51958007812496,-31.148437500000014],[-70.47309570312498,-31.11279296875],[-70.42939453125001,-31.129296875],[-70.38837890625,-31.12109375],[-70.35058593749999,-31.060449218750023],[-70.30908203124999,-31.02265625000001],[-70.31181640625,-30.992578125],[-70.33642578125,-30.959765625],[-70.34814453124997,-30.90234375],[-70.31923828125,-30.833984375],[-70.26938476562499,-30.677246093749986],[-70.19394531249998,-30.50468750000002],[-70.16142578124997,-30.440234375],[-70.16962890625,-30.385546875],[-70.15322265625,-30.3609375],[-70.102001953125,-30.38828125],[-69.95634765624997,-30.35820312500001],[-69.90712890624997,-30.281640625],[-69.88803710937499,-30.21328125],[-69.84428710937496,-30.175],[-69.86337890625,-30.1203125],[-69.92353515624998,-30.103906250000012],[-69.9599609375,-30.078320312500015],[-69.945458984375,-30.01640625],[-69.92412109374999,-29.874023437499993],[-69.92763671875,-29.769140625000013],[-69.98261718749998,-29.545410156250004],[-70.026806640625,-29.324023437499996],[-69.99560546875,-29.25],[-69.90034179687498,-29.148828125],[-69.827880859375,-29.10322265625001],[-69.81484375,-29.04550781250001],[-69.74316406250001,-28.78388671875001],[-69.73491210937497,-28.641113281249996],[-69.68789062499998,-28.562011718749996],[-69.65693359375,-28.413574218750004],[-69.52714843749997,-28.285644531249996],[-69.48886718749999,-28.200878906250008],[-69.43691406249998,-28.192675781250006],[-69.4095703125,-28.16533203125001],[-69.34072265624997,-28.070800781249996],[-69.25122070312497,-27.973632812500004],[-69.17441406249999,-27.924707031250016],[-69.1552734375,-27.84814453125],[-69.11850585937498,-27.7435546875],[-69.0421875,-27.57001953125],[-68.9994140625,-27.449023437500003],[-68.94199218749998,-27.405175781250016],[-68.87509765624999,-27.246679687500013],[-68.84633789062498,-27.153710937500016],[-68.76977539062499,-27.115429687500015],[-68.709619140625,-27.104492187499996],[-68.65219726562499,-27.14833984375001],[-68.59208984374996,-27.140039062500005],[-68.53735351562499,-27.085351562500005],[-68.40537109374999,-27.048144531249992],[-68.34599609374999,-27.02792968750001],[-68.31865234374999,-26.97324218750001],[-68.31865234375,-26.87753906250001],[-68.37333984374997,-26.806445312499996],[-68.485107421875,-26.6703125],[-68.58115234374999,-26.51835937500001],[-68.59160156249996,-26.470410156250008],[-68.5921875,-26.418066406250006],[-68.57578124999998,-26.351953125000012],[-68.52983398437497,-26.276953125],[-68.41450195312498,-26.153710937500012],[-68.42675781250001,-26.065429687499996],[-68.51083984374999,-25.741015625],[-68.54189453125001,-25.65156250000001],[-68.60029296874998,-25.485644531250003],[-68.59208984374997,-25.42001953125],[-68.54082031249997,-25.23671875],[-68.49633789062501,-25.16298828125],[-68.43071289062499,-25.14931640625001],[-68.39521484375,-25.124707031250015],[-68.384228515625,-25.091894531250002],[-68.42802734374999,-25.0509765625],[-68.44711914062498,-24.998925781250005],[-68.46630859374999,-24.925195312500005],[-68.52705078125,-24.89921875],[-68.56201171875001,-24.837695312500006],[-68.56201171875,-24.747363281249996],[-68.50727539062498,-24.62978515625001],[-68.44711914062499,-24.596972656250003],[-68.42255859375,-24.545117187500008],[-68.35810546875,-24.49726562500001],[-68.29951171875,-24.460351562500012],[-68.25029296875,-24.391992187500012],[-68.04736328125,-24.308300781250008],[-67.88623046875,-24.24335937500001],[-67.57177734375,-24.11894531250001],[-67.35620117187499,-24.033789062500006],[-67.33559570312498,-23.97480468750001],[-67.31914062499999,-23.934667968750006],[-67.219140625,-23.633984375],[-67.08974609375,-23.245117187499996],[-67.00878906249999,-23.001367187499998],[-67.19487304687499,-22.821679687499998],[-67.16191406249997,-22.773828125000012],[-67.05541992187499,-22.650878906249996],[-67.03354492187499,-22.55224609375],[-66.99111328124997,-22.509863281250002],[-66.80029296875,-22.409667968749996],[-66.76748046875,-22.343066406250003],[-66.75063476562501,-22.269335937500006],[-66.71171874999997,-22.216308593749996],[-66.63901367187496,-22.20537109375],[-66.506982421875,-22.15839843750001],[-66.36518554687501,-22.11376953125],[-66.32246093749997,-22.053125],[-66.28212890624998,-21.947460937500008],[-66.24760742187499,-21.830468750000012],[-66.22016601562498,-21.802539062500003],[-66.17465820312499,-21.805664062500004],[-66.098583984375,-21.835058593750002],[-66.05859375000001,-21.879492187500006],[-65.86015624999999,-22.019726562500015],[-65.77104492187499,-22.099609375],[-65.686181640625,-22.11025390625001],[-65.518798828125,-22.09453125],[-65.48486328125,-22.09814453125],[-65.0578125,-22.10273437500001],[-64.992626953125,-22.109667968750003],[-64.84306640624999,-22.14394531250001],[-64.75864257812499,-22.1712890625],[-64.70009765624998,-22.185546875],[-64.60551757812499,-22.228808593750003],[-64.5236328125,-22.37158203125],[-64.477734375,-22.485351562499993],[-64.4455078125,-22.585351562500005],[-64.37397460937498,-22.761035156250006],[-64.32529296874999,-22.82763671874999],[-64.30791015624999,-22.7953125],[-64.26640624999997,-22.603320312499996],[-64.20908203125,-22.491308593750006],[-64.1318359375,-22.3658203125],[-63.976123046874996,-22.072558593750003],[-63.92167968749999,-22.028613281250003],[-63.86103515625,-22.00722656250001],[-63.81865234374999,-22.00546875],[-63.77558593749999,-22.027246093750012],[-63.71694335937499,-22.027539062500008],[-63.675341796874996,-22.004296875],[-63.2671875,-22.00058593750001],[-62.84335937499998,-21.99726562500001],[-62.834277343749974,-21.999121093750013],[-62.81508789062499,-22.049609375],[-62.744580078125004,-22.159863281250004],[-62.665283203125,-22.217968750000015],[-62.65097656249998,-22.23369140625],[-62.62568359375,-22.261523437500003],[-62.625976562500014,-22.29042968750001],[-62.541552734374996,-22.349609375],[-62.372509765625004,-22.439160156250015],[-62.21416015624999,-22.612402343750002],[-62.06660156249999,-22.869433593750006],[-61.92802734374999,-23.059277343750004],[-61.79853515625,-23.18203125],[-61.6794921875,-23.26875],[-61.57099609375,-23.319433593750002],[-61.513037109375006,-23.360449218750006],[-61.505517578124994,-23.391992187500012],[-61.403955078124994,-23.45751953125],[-61.2083984375,-23.55703125],[-61.084716796875,-23.656445312500015],[-61.03291015625002,-23.755664062499996],[-60.83984375,-23.85810546875002],[-60.50537109375,-23.963574218750015],[-60.262207031249986,-24.01396484375],[-60.110302734375,-24.00917968750001],[-59.892480468749994,-24.093554687500006],[-59.60859375,-24.26679687500001],[-59.435400390625,-24.38701171875],[-59.372949218749994,-24.45390625],[-59.187255859375,-24.562304687500006],[-58.72402343749998,-24.786621093749996],[-58.51962890624999,-24.842871093750002],[-58.42280273437499,-24.894140625],[-58.36538085937498,-24.95927734375],[-58.30869140625,-24.979101562500006],[-58.25278320312499,-24.95380859375001],[-58.136474609374986,-24.977148437500002],[-57.959814453124984,-25.04921875000002],[-57.821679687500016,-25.136425781250015],[-57.64389648437498,-25.32841796875],[-57.58715820312499,-25.405078125],[-57.563134765625,-25.47373046875001],[-57.57167968749999,-25.534179687500004],[-57.625830078125,-25.598730468750002],[-57.72548828124998,-25.667187500000015],[-57.75478515624999,-25.697070312499985],[-57.75708007812499,-25.725976562500016],[-57.782470703124986,-25.783691406249996],[-57.865234375000014,-25.906933593750015],[-57.886230468749986,-25.96425781250002],[-57.890625,-26.00654296875001],[-57.94311523437501,-26.0529296875],[-58.082421875,-26.138574218750016],[-58.11113281249997,-26.18017578125],[-58.118066406249994,-26.224902343750006],[-58.135644531249994,-26.251464843749993],[-58.15468749999998,-26.26259765625],[-58.18149414062499,-26.307421875],[-58.20302734374997,-26.381445312500006],[-58.205175781249984,-26.4765625],[-58.18793945312501,-26.592578125],[-58.19130859374998,-26.629980468750002],[-58.22207031249999,-26.65],[-58.23935546874999,-26.676855468750002],[-58.24555664062498,-26.731054687500016],[-58.27167968749998,-26.77070312500001],[-58.317675781249996,-26.795898437499996],[-58.33466796875001,-26.82490234375001],[-58.32255859374998,-26.857617187500004],[-58.3564453125,-26.890039062500012],[-58.436328124999974,-26.921972656250006],[-58.48525390624998,-26.96845703125001],[-58.50322265624998,-27.02949218750002],[-58.547705078125,-27.083984375],[-58.61860351562499,-27.132128906250003],[-58.64174804687499,-27.19609375],[-58.60483398437498,-27.314355468750005],[-58.16826171874998,-27.2734375],[-57.81220703125,-27.31660156250001],[-57.39125976562499,-27.43046875],[-57.11181640625001,-27.47011718750001],[-56.97397460937499,-27.43574218750001],[-56.871728515624994,-27.440625],[-56.80517578125,-27.48466796875001],[-56.715722656249994,-27.49375],[-56.60336914062498,-27.46787109375001],[-56.510546875,-27.487890625],[-56.437158203124994,-27.553808593750002],[-56.37050781249999,-27.537402343750003],[-56.310546875,-27.438769531250003],[-56.24169921874999,-27.366796875],[-56.16406249999998,-27.32148437500002],[-56.067333984375,-27.307714843750006],[-55.95146484374998,-27.32568359375],[-55.859033203124994,-27.361914062500013],[-55.78999023437499,-27.41640625],[-55.71464843749998,-27.41484375],[-55.632910156249984,-27.35712890625002],[-55.59379882812498,-27.288085937500004],[-55.597265625,-27.20761718750001],[-55.564892578125,-27.15],[-55.496728515624994,-27.115332031250002],[-55.45063476562499,-27.068359375],[-55.42666015624999,-27.009277343750004],[-55.34580078125,-26.973144531249996],[-55.2080078125,-26.96015625000002],[-55.13593749999998,-26.93115234374999],[-55.12963867187498,-26.886035156250006],[-55.08886718750001,-26.844531250000014],[-55.013623046875,-26.806640625],[-54.962158203125,-26.759375],[-54.93447265624999,-26.702539062500012],[-54.888916015625,-26.66679687500001],[-54.825488281249996,-26.65224609375001],[-54.755078125,-26.532910156250008],[-54.677734375,-26.30878906250001],[-54.631933593749984,-26.00576171875],[-54.615869140625,-25.57607421875001],[-54.537841796875,-25.576464843749996],[-54.50151367187499,-25.608300781250005],[-54.4439453125,-25.625],[-54.38334960937499,-25.58867187500001],[-54.33188476562497,-25.571875],[-54.250097656249984,-25.570410156250006],[-54.206152343749984,-25.52958984375],[-54.154589843749996,-25.523046875],[-54.119238281249984,-25.545214843749992],[-54.08500976562498,-25.571875],[-54.012304687499984,-25.577929687500003],[-53.95478515625,-25.64765625],[-53.891162109374974,-25.66884765625001],[-53.864208984375004,-25.748828125],[-53.82324218749999,-25.95957031250001],[-53.746923828124984,-26.083691406250008],[-53.671289062499994,-26.225097656250007],[-53.66855468749999,-26.288183593749995],[-53.7109375,-26.35185546875],[-53.718164062499994,-26.443164062500003],[-53.744580078125,-26.66650390625],[-53.753320312499994,-26.748632812500016],[-53.727148437499984,-26.8046875],[-53.71728515625,-26.8828125],[-53.758496093750004,-26.978320312500006],[-53.83818359374999,-27.12109374999999],[-53.915625,-27.159570312500012],[-53.93535156249998,-27.1611328125],[-54.04013671875,-27.24375],[-54.11381835937499,-27.274707031249996],[-54.15644531249999,-27.253808593750005],[-54.205224609374994,-27.289648437499995],[-54.26015624999998,-27.38203125000001],[-54.327001953124984,-27.423535156250008],[-54.448144531249994,-27.44648437500001],[-54.484326171875,-27.457324218750003],[-54.554931640625,-27.454101562500004],[-54.6154296875,-27.477148437500002],[-54.66586914062497,-27.5265625],[-54.71972656249999,-27.544921875],[-54.777099609375,-27.53251953125001],[-54.8291015625,-27.55058593750001],[-54.87573242187501,-27.59921875],[-54.902783203125,-27.651953125],[-54.91020507812498,-27.70859375],[-54.95590820312498,-27.74716796875001],[-55.039941406249994,-27.767773437500008],[-55.068994140624994,-27.796289062500012],[-55.06386718749998,-27.8359375],[-55.101513671875,-27.866796875],[-55.24375,-27.898828125000016],[-55.34648437499999,-27.955957031250016],[-55.40981445312499,-28.037792968750015],[-55.47666015624999,-28.089355468749996],[-55.58237304687499,-28.120996093750005],[-55.72548828125,-28.204101562499993],[-55.745996093749994,-28.25546875000002],[-55.69150390624999,-28.302832031250013],[-55.67197265624999,-28.344921875],[-55.68725585937499,-28.381640624999985],[-55.73198242187498,-28.386621093750016],[-55.806054687499994,-28.359765625000012],[-55.85888671874999,-28.354199218750015],[-55.89052734374999,-28.37001953125001],[-55.90541992187498,-28.399609375000015],[-55.903662109374984,-28.443261718750012],[-55.93017578125,-28.47285156250001],[-55.98491210937499,-28.488574218749996],[-56.01962890625,-28.524609375000015],[-56.03422851562497,-28.580859375],[-56.10288085937499,-28.651757812499994],[-56.225537109375004,-28.737207031250005],[-56.32236328124999,-28.852441406250005],[-56.39326171874998,-28.997265625],[-56.47597656249999,-29.092480468750015],[-56.57070312499999,-29.13808593750001],[-56.635839843749984,-29.20302734375002],[-56.671533203124994,-29.287304687500004],[-56.77246093749999,-29.417871093750005],[-56.93862304687501,-29.594824218750002],[-57.08935546874999,-29.7162109375],[-57.22465820312499,-29.78212890625001],[-57.30068359374998,-29.856542968750013],[-57.31748046874999,-29.939453125],[-57.40522460937499,-30.033886718750008],[-57.56386718749999,-30.139941406250003],[-57.60888671875001,-30.18779296875]]],[[[-68.65322265625001,-54.853613281250034],[-68.64750976562499,-54.62783203124999],[-68.63979492187498,-54.32402343750003],[-68.63823242187497,-54.05292968749998],[-68.63666992187498,-53.78886718750003],[-68.63505859374997,-53.51542968750001],[-68.633447265625,-53.24189453124999],[-68.63168945312499,-52.94951171875002],[-68.62993164062497,-52.65263671875001],[-68.57119140625,-52.694921875],[-68.33876953125,-52.90009765625001],[-68.27822265625,-52.98398437500001],[-68.24013671875,-53.08183593750003],[-68.33300781249999,-53.019628906250006],[-68.43115234375,-53.05527343749999],[-68.4794921875,-53.11376953125001],[-68.52080078124999,-53.177246093750014],[-68.52050781250001,-53.221875],[-68.488525390625,-53.2609375],[-68.39311523437499,-53.294921875],[-68.16113281249999,-53.30644531250004],[-68.144091796875,-53.31904296875003],[-68.00849609375,-53.56406250000002],[-67.94028320312496,-53.61875],[-67.86108398437499,-53.66220703125],[-67.678125,-53.787109375],[-67.502587890625,-53.92197265625003],[-67.29423828124999,-54.0498046875],[-67.06948242187498,-54.14804687500001],[-66.86513671874998,-54.222558593750016],[-66.67006835937501,-54.31357421875002],[-66.46201171874998,-54.441015624999984],[-66.23564453124999,-54.533496093749996],[-65.992578125,-54.59892578125003],[-65.7470703125,-54.653417968750006],[-65.36928710937498,-54.632128906249996],[-65.251953125,-54.63808593750002],[-65.17900390625,-54.678125],[-65.25234375,-54.78886718749998],[-65.34599609374996,-54.8779296875],[-65.47114257812498,-54.91464843750002],[-65.60332031249997,-54.928125],[-65.72275390625,-54.92636718750004],[-65.84199218749998,-54.90996093750004],[-65.95375976562498,-54.9193359375],[-66.06064453124999,-54.956738281250004],[-66.172021484375,-54.975292968750026],[-66.28676757812501,-54.97773437499998],[-66.39868164062499,-55.009375],[-66.51113281249997,-55.032128906249994],[-66.62768554687499,-55.013281249999984],[-66.93046874999997,-54.92490234375002],[-67.12709960937497,-54.903808593750014],[-67.79326171874997,-54.86865234374999],[-68.00712890624997,-54.84843749999999],[-68.2201171875,-54.817578125],[-68.33168945312501,-54.816308593749994],[-68.49101562499999,-54.836230468749996],[-68.61865234375,-54.83378906250003],[-68.65322265625001,-54.853613281250034]]],[[[-64.54916992187499,-54.716210937500016],[-64.43881835937498,-54.739355468750006],[-64.22050781249997,-54.72197265625001],[-64.10532226562499,-54.7216796875],[-64.05493164062499,-54.72988281249998],[-64.03242187500004,-54.74238281250005],[-63.88193359375,-54.72294921875003],[-63.81542968749999,-54.72509765625001],[-63.83256835937498,-54.76796875],[-63.97124023437498,-54.810644531249984],[-64.0283203125,-54.79257812500001],[-64.32290039062498,-54.796484375],[-64.453271484375,-54.84033203125],[-64.50869140624998,-54.83994140625],[-64.63735351562498,-54.90253906249999],[-64.7314453125,-54.86298828125002],[-64.75732421874999,-54.8265625],[-64.68920898437501,-54.77470703125004],[-64.62509765624999,-54.77363281250001],[-64.58134765625,-54.75273437500003],[-64.54916992187499,-54.716210937500016]]],[[[-61.87578124999998,-39.171875],[-61.865966796874986,-39.234863281250014],[-61.91801757812498,-39.22744140624999],[-62.04160156249998,-39.16689453125],[-62.08330078124998,-39.11015625000003],[-62.093017578125,-39.08623046875003],[-61.966650390624984,-39.112207031249994],[-61.907128906249994,-39.13564453125],[-61.87578124999998,-39.171875]]]]}}]}