{"type":"FeatureCollection","name":"corinthians_feminino_meutimao","features":[{"type":"Feature","properties":{"MEUTIMAO_ID":"4699","DATA":"2016-10-27","ANO JOGO":2016,"MODALIDADE":"Feminino","MANDANTE / VISITANTE (SCCP)":"Sim","TIME MANDANTE":"CORINTHIANS","GOLS MANDANTE":3,"TIME VISITANTE":"SÃO JOSÉ","GOLS VISITANTE":1,"PLACAR":"3x1","RESULTADO":"VITÓRIA","ADVERSÁRIO":"SÃO JOSÉ","GOLS SCCP":3,"GOLS ADVERSÁRIO":1,"SALDO DE GOLS":2,"COMPETIÇÃO":"Copa do Brasil 2016","ESTÁDIO":"José Liberatti","ESTÁDIO_ORIGINAL":"José Liberatti","FONTE":"Meu Timão","URL_FONTE":"https://www.meutimao.com.br/jogo/4699/copa-do-brasil-2016/final/corinthians-3-x-1-sao_jose","LATITUDE":-23.5112728,"LONGITUDE":-46.7763584,"ERA":"2016-Presente","PAIS_ISO3":"BRA","PAIS_FONTE":"Brazil","FONTE_CORRECAO_PAIS":"https://data.geocode.earth/wof/dist/legacy/whosonfirst-data-country-latest.tar.bz2"},"geometry":{"type":"Point","coordinates":[-46.7763584,-23.5112728]}},{"type":"Feature","properties":{"MEUTIMAO_ID":"4698","DATA":"2016-10-19","ANO JOGO":2016,"MODALIDADE":"Feminino","MANDANTE / VISITANTE (SCCP)":"Não","TIME MANDANTE":"SÃO JOSÉ","GOLS MANDANTE":2,"TIME VISITANTE":"CORINTHIANS","GOLS VISITANTE":2,"PLACAR":"2x2","RESULTADO":"EMPATE","ADVERSÁRIO":"SÃO JOSÉ","GOLS SCCP":2,"GOLS ADVERSÁRIO":2,"SALDO DE GOLS":0,"COMPETIÇÃO":"Copa do Brasil 2016","ESTÁDIO":"MARTINS PEREIRA","ESTÁDIO_ORIGINAL":"Estádio Martins Pereira","FONTE":"Meu Timão","URL_FONTE":"https://www.meutimao.com.br/jogo/4698/copa-do-brasil-2016/final/sao_jose-2-x-2-corinthians","LATITUDE":-23.1884912615151,"LONGITUDE":-45.869827477202776,"ERA":"2016-Presente","PAIS_ISO3":"BRA","PAIS_FONTE":"Brazil","FONTE_CORRECAO_PAIS":"https://data.geocode.earth/wof/dist/legacy/whosonfirst-data-country-latest.tar.bz2"},"geometry":{"type":"Point","coordinates":[-45.869827477202776,-23.1884912615151]}},{"type":"Feature","properties":{"MEUTIMAO_ID":"4697","DATA":"2016-10-13","ANO JOGO":2016,"MODALIDADE":"Feminino","MANDANTE / VISITANTE (SCCP)":"Não","TIME MANDANTE":"CRESSPOM","GOLS MANDANTE":2,"TIME VISITANTE":"CORINTHIANS","GOLS VISITANTE":1,"PLACAR":"2x1","RESULTADO":"DERROTA","ADVERSÁRIO":"CRESSPOM","GOLS SCCP":1,"GOLS ADVERSÁRIO":2,"SALDO DE GOLS":-1,"COMPETIÇÃO":"Copa do Brasil 2016","ESTÁDIO":"VALMIR CAMPELO BEZERRA (BEZERRÃO)","ESTÁDIO_ORIGINAL":"Bezerrão","FONTE":"Meu Timão","URL_FONTE":"https://www.meutimao.com.br/jogo/4697/copa-do-brasil-2016/cresspom-2-x-1-corinthians","LATITUDE":-16.010988388571377,"LONGITUDE":-48.061410548437806,"ERA":"2016-Presente","PAIS_ISO3":"BRA","PAIS_FONTE":"Brazil","FONTE_CORRECAO_PAIS":"https://data.geocode.earth/wof/dist/legacy/whosonfirst-data-country-latest.tar.bz2"},"geometry":{"type":"Point","coordinates":[-48.061410548437806,-16.010988388571377]}},{"type":"Feature","properties":{"MEUTIMAO_ID":"4696","DATA":"2016-10-06","ANO JOGO":2016,"MODALIDADE":"Feminino","MANDANTE / VISITANTE (SCCP)":"Sim","TIME MANDANTE":"CORINTHIANS","GOLS MANDANTE":2,"TIME VISITANTE":"CRESSPOM","GOLS VISITANTE":0,"PLACAR":"2x0","RESULTADO":"VITÓRIA","ADVERSÁRIO":"CRESSPOM","GOLS SCCP":2,"GOLS ADVERSÁRIO":0,"SALDO DE GOLS":2,"COMPETIÇÃO":"Copa do Brasil 2016","ESTÁDIO":"José Liberatti","ESTÁDIO_ORIGINAL":"José Liberatti","FONTE":"Meu Timão","URL_FONTE":"https://www.meutimao.com.br/jogo/4696/copa-do-brasil-2016/corinthians-2-x-0-cresspom","LATITUDE":-23.5112728,"LONGITUDE":-46.7763584,"ERA":"2016-Presente","PAIS_ISO3":"BRA","PAIS_FONTE":"Brazil","FONTE_CORRECAO_PAIS":"https://data.geocode.earth/wof/dist/legacy/whosonfirst-data-country-latest.tar.bz2"},"geometry":{"type":"Point","coordinates":[-46.7763584,-23.5112728]}},{"type":"Feature","properties":{"MEUTIMAO_ID":"4695","DATA":"2016-09-28","ANO JOGO":2016,"MODALIDADE":"Feminino","MANDANTE / VISITANTE (SCCP)":"Sim","TIME MANDANTE":"CORINTHIANS","GOLS MANDANTE":1,"TIME VISITANTE":"FLAMENGO","GOLS VISITANTE":0,"PLACAR":"1x0","RESULTADO":"VITÓRIA","ADVERSÁRIO":"FLAMENGO","GOLS SCCP":1,"GOLS ADVERSÁRIO":0,"SALDO DE GOLS":1,"COMPETIÇÃO":"Copa do Brasil 2016","ESTÁDIO":"CEFAN","ESTÁDIO_ORIGINAL":"CEFAN","FONTE":"Meu Timão","URL_FONTE":"https://www.meutimao.com.br/jogo/4695/copa-do-brasil-2016/quartas_de_final/corinthians-1-x-0-flamengo","LATITUDE":-22.9110137,"LONGITUDE":-43.2093727,"ERA":"2016-Presente","PAIS_ISO3":"BRA","PAIS_FONTE":"Brazil","FONTE_CORRECAO_PAIS":"https://data.geocode.earth/wof/dist/legacy/whosonfirst-data-country-latest.tar.bz2"},"geometry":{"type":"Point","coordinates":[-43.2093727,-22.9110137]}},{"type":"Feature","properties":{"MEUTIMAO_ID":"4694","DATA":"2016-09-22","ANO JOGO":2016,"MODALIDADE":"Feminino","MANDANTE / VISITANTE (SCCP)":"Não","TIME MANDANTE":"FLAMENGO","GOLS MANDANTE":1,"TIME VISITANTE":"CORINTHIANS","GOLS VISITANTE":1,"PLACAR":"1x1","RESULTADO":"EMPATE","ADVERSÁRIO":"FLAMENGO","GOLS SCCP":1,"GOLS ADVERSÁRIO":1,"SALDO DE GOLS":0,"COMPETIÇÃO":"Copa do Brasil 2016","ESTÁDIO":"CEFAN","ESTÁDIO_ORIGINAL":"CEFAN","FONTE":"Meu Timão","URL_FONTE":"https://www.meutimao.com.br/jogo/4694/copa-do-brasil-2016/quartas_de_final/flamengo-1-x-1-corinthians","LATITUDE":-22.9110137,"LONGITUDE":-43.2093727,"ERA":"2016-Presente","PAIS_ISO3":"BRA","PAIS_FONTE":"Brazil","FONTE_CORRECAO_PAIS":"https://data.geocode.earth/wof/dist/legacy/whosonfirst-data-country-latest.tar.bz2"},"geometry":{"type":"Point","coordinates":[-43.2093727,-22.9110137]}},{"type":"Feature","properties":{"MEUTIMAO_ID":"4693","DATA":"2016-09-12","ANO JOGO":2016,"MODALIDADE":"Feminino","MANDANTE / VISITANTE (SCCP)":"Não","TIME MANDANTE":"SANTOS","GOLS MANDANTE":2,"TIME VISITANTE":"CORINTHIANS","GOLS VISITANTE":2,"PLACAR":"2x2","RESULTADO":"EMPATE","ADVERSÁRIO":"SANTOS","GOLS SCCP":2,"GOLS ADVERSÁRIO":2,"SALDO DE GOLS":0,"COMPETIÇÃO":"Copa do Brasil 2016","ESTÁDIO":"Rei Pelé","ESTÁDIO_ORIGINAL":"CT Rei Pelé","FONTE":"Meu Timão","URL_FONTE":"https://www.meutimao.com.br/jogo/4693/copa-do-brasil-2016/santos-2-x-2-corinthians","LATITUDE":-9.6708828,"LONGITUDE":-35.759448,"ERA":"2016-Presente","PAIS_ISO3":"BRA","PAIS_FONTE":"Brazil","FONTE_CORRECAO_PAIS":"https://data.geocode.earth/wof/dist/legacy/whosonfirst-data-country-latest.tar.bz2"},"geometry":{"type":"Point","coordinates":[-35.759448,-9.6708828]}},{"type":"Feature","properties":{"MEUTIMAO_ID":"4692","DATA":"2016-09-07","ANO JOGO":2016,"MODALIDADE":"Feminino","MANDANTE / VISITANTE (SCCP)":"Sim","TIME MANDANTE":"CORINTHIANS","GOLS MANDANTE":3,"TIME VISITANTE":"SANTOS","GOLS VISITANTE":0,"PLACAR":"3x0","RESULTADO":"VITÓRIA","ADVERSÁRIO":"SANTOS","GOLS SCCP":3,"GOLS ADVERSÁRIO":0,"SALDO DE GOLS":3,"COMPETIÇÃO":"Copa do Brasil 2016","ESTÁDIO":"José Liberatti","ESTÁDIO_ORIGINAL":"José Liberatti","FONTE":"Meu Timão","URL_FONTE":"https://www.meutimao.com.br/jogo/4692/copa-do-brasil-2016/corinthians-3-x-0-santos","LATITUDE":-23.5112728,"LONGITUDE":-46.7763584,"ERA":"2016-Presente","PAIS_ISO3":"BRA","PAIS_FONTE":"Brazil","FONTE_CORRECAO_PAIS":"https://data.geocode.earth/wof/dist/legacy/whosonfirst-data-country-latest.tar.bz2"},"geometry":{"type":"Point","coordinates":[-46.7763584,-23.5112728]}},{"type":"Feature","properties":{"MEUTIMAO_ID":"4691","DATA":"2016-09-04","ANO JOGO":2016,"MODALIDADE":"Feminino","MANDANTE / VISITANTE (SCCP)":"Não","TIME MANDANTE":"PINHEIRENSE","GOLS MANDANTE":0,"TIME VISITANTE":"CORINTHIANS","GOLS VISITANTE":2,"PLACAR":"0x2","RESULTADO":"VITÓRIA","ADVERSÁRIO":"PINHEIRENSE","GOLS SCCP":2,"GOLS ADVERSÁRIO":0,"SALDO DE GOLS":2,"COMPETIÇÃO":"Copa do Brasil 2016","ESTÁDIO":"Francisco Vasques","ESTÁDIO_ORIGINAL":"Estádio Francisco Vasques","FONTE":"Meu Timão","URL_FONTE":"https://www.meutimao.com.br/jogo/4691/copa-do-brasil-2016/pinheirense-0-x-2-corinthians","LATITUDE":-1.4178113,"LONGITUDE":-48.4457716,"ERA":"2016-Presente","PAIS_ISO3":"BRA","PAIS_FONTE":"Brazil","FONTE_CORRECAO_PAIS":"https://data.geocode.earth/wof/dist/legacy/whosonfirst-data-country-latest.tar.bz2"},"geometry":{"type":"Point","coordinates":[-48.4457716,-1.4178113]}},{"type":"Feature","properties":{"MEUTIMAO_ID":"4690","DATA":"2016-08-31","ANO JOGO":2016,"MODALIDADE":"Feminino","MANDANTE / VISITANTE (SCCP)":"Sim","TIME MANDANTE":"CORINTHIANS","GOLS MANDANTE":9,"TIME VISITANTE":"PINHEIRENSE","GOLS VISITANTE":0,"PLACAR":"9x0","RESULTADO":"VITÓRIA","ADVERSÁRIO":"PINHEIRENSE","GOLS SCCP":9,"GOLS ADVERSÁRIO":0,"SALDO DE GOLS":9,"COMPETIÇÃO":"Copa do Brasil 2016","ESTÁDIO":"José Liberatti","ESTÁDIO_ORIGINAL":"José Liberatti","FONTE":"Meu Timão","URL_FONTE":"https://www.meutimao.com.br/jogo/4690/copa-do-brasil-2016/corinthians-9-x-0-pinheirense","LATITUDE":-23.5112728,"LONGITUDE":-46.7763584,"ERA":"2016-Presente","PAIS_ISO3":"BRA","PAIS_FONTE":"Brazil","FONTE_CORRECAO_PAIS":"https://data.geocode.earth/wof/dist/legacy/whosonfirst-data-country-latest.tar.bz2"},"geometry":{"type":"Point","coordinates":[-46.7763584,-23.5112728]}},{"type":"Feature","properties":{"MEUTIMAO_ID":"4725","DATA":"2016-08-21","ANO JOGO":2016,"MODALIDADE":"Feminino","MANDANTE / VISITANTE (SCCP)":"Não","TIME MANDANTE":"SANTOS","GOLS MANDANTE":2,"TIME VISITANTE":"CORINTHIANS","GOLS VISITANTE":2,"PLACAR":"2x2","RESULTADO":"EMPATE","ADVERSÁRIO":"SANTOS","GOLS SCCP":2,"GOLS ADVERSÁRIO":2,"SALDO DE GOLS":0,"COMPETIÇÃO":"Paulista 2016","ESTÁDIO":"Vila Belmiro","ESTÁDIO_ORIGINAL":"Vila Belmiro","FONTE":"Meu Timão","URL_FONTE":"https://www.meutimao.com.br/jogo/4725/paulista-2016/santos-2-x-2-corinthians","LATITUDE":-23.95083320224522,"LONGITUDE":-46.33836796008564,"ERA":"2016-Presente","PAIS_ISO3":"BRA","PAIS_FONTE":"Brazil","FONTE_CORRECAO_PAIS":"https://data.geocode.earth/wof/dist/legacy/whosonfirst-data-country-latest.tar.bz2"},"geometry":{"type":"Point","coordinates":[-46.33836796008564,-23.95083320224522]}},{"type":"Feature","properties":{"MEUTIMAO_ID":"4724","DATA":"2016-08-13","ANO JOGO":2016,"MODALIDADE":"Feminino","MANDANTE / VISITANTE (SCCP)":"Sim","TIME MANDANTE":"CORINTHIANS","GOLS MANDANTE":1,"TIME VISITANTE":"SANTOS","GOLS VISITANTE":1,"PLACAR":"1x1","RESULTADO":"EMPATE","ADVERSÁRIO":"SANTOS","GOLS SCCP":1,"GOLS ADVERSÁRIO":1,"SALDO DE GOLS":0,"COMPETIÇÃO":"Paulista 2016","ESTÁDIO":"José Liberatti","ESTÁDIO_ORIGINAL":"José Liberatti","FONTE":"Meu Timão","URL_FONTE":"https://www.meutimao.com.br/jogo/4724/paulista-2016/corinthians-1-x-1-santos","LATITUDE":-23.5112728,"LONGITUDE":-46.7763584,"ERA":"2016-Presente","PAIS_ISO3":"BRA","PAIS_FONTE":"Brazil","FONTE_CORRECAO_PAIS":"https://data.geocode.earth/wof/dist/legacy/whosonfirst-data-country-latest.tar.bz2"},"geometry":{"type":"Point","coordinates":[-46.7763584,-23.5112728]}},{"type":"Feature","properties":{"MEUTIMAO_ID":"4723","DATA":"2016-08-06","ANO JOGO":2016,"MODALIDADE":"Feminino","MANDANTE / VISITANTE (SCCP)":"Sim","TIME MANDANTE":"CORINTHIANS","GOLS MANDANTE":3,"TIME VISITANTE":"SÃO JOSÉ","GOLS VISITANTE":1,"PLACAR":"3x1","RESULTADO":"VITÓRIA","ADVERSÁRIO":"SÃO JOSÉ","GOLS SCCP":3,"GOLS ADVERSÁRIO":1,"SALDO DE GOLS":2,"COMPETIÇÃO":"Paulista 2016","ESTÁDIO":"José Liberatti","ESTÁDIO_ORIGINAL":"José Liberatti","FONTE":"Meu Timão","URL_FONTE":"https://www.meutimao.com.br/jogo/4723/paulista-2016/quartas_de_final/corinthians-3-x-1-sao_jose","LATITUDE":-23.5112728,"LONGITUDE":-46.7763584,"ERA":"2016-Presente","PAIS_ISO3":"BRA","PAIS_FONTE":"Brazil","FONTE_CORRECAO_PAIS":"https://data.geocode.earth/wof/dist/legacy/whosonfirst-data-country-latest.tar.bz2"},"geometry":{"type":"Point","coordinates":[-46.7763584,-23.5112728]}},{"type":"Feature","properties":{"MEUTIMAO_ID":"4722","DATA":"2016-07-30","ANO JOGO":2016,"MODALIDADE":"Feminino","MANDANTE / VISITANTE (SCCP)":"Não","TIME MANDANTE":"SÃO JOSÉ","GOLS MANDANTE":2,"TIME VISITANTE":"CORINTHIANS","GOLS VISITANTE":3,"PLACAR":"2x3","RESULTADO":"VITÓRIA","ADVERSÁRIO":"SÃO JOSÉ","GOLS SCCP":3,"GOLS ADVERSÁRIO":2,"SALDO DE GOLS":1,"COMPETIÇÃO":"Paulista 2016","ESTÁDIO":"MARTINS PEREIRA","ESTÁDIO_ORIGINAL":"Estádio Martins Pereira","FONTE":"Meu Timão","URL_FONTE":"https://www.meutimao.com.br/jogo/4722/paulista-2016/quartas_de_final/sao_jose-2-x-3-corinthians","LATITUDE":-23.1884912615151,"LONGITUDE":-45.869827477202776,"ERA":"2016-Presente","PAIS_ISO3":"BRA","PAIS_FONTE":"Brazil","FONTE_CORRECAO_PAIS":"https://data.geocode.earth/wof/dist/legacy/whosonfirst-data-country-latest.tar.bz2"},"geometry":{"type":"Point","coordinates":[-45.869827477202776,-23.1884912615151]}},{"type":"Feature","properties":{"MEUTIMAO_ID":"4721","DATA":"2016-07-03","ANO JOGO":2016,"MODALIDADE":"Feminino","MANDANTE / VISITANTE (SCCP)":"Não","TIME MANDANTE":"RIO PRETO","GOLS MANDANTE":3,"TIME VISITANTE":"CORINTHIANS","GOLS VISITANTE":2,"PLACAR":"3x2","RESULTADO":"DERROTA","ADVERSÁRIO":"RIO PRETO","GOLS SCCP":2,"GOLS ADVERSÁRIO":3,"SALDO DE GOLS":-1,"COMPETIÇÃO":"Paulista 2016","ESTÁDIO":"Rio Pretão","ESTÁDIO_ORIGINAL":"Rio Pretão","FONTE":"Meu Timão","URL_FONTE":"https://www.meutimao.com.br/jogo/4721/paulista-2016/rio_preto-3-x-2-corinthians","LATITUDE":-20.8345771,"LONGITUDE":-49.4011085,"ERA":"2016-Presente","PAIS_ISO3":"BRA","PAIS_FONTE":"Brazil","FONTE_CORRECAO_PAIS":"https://data.geocode.earth/wof/dist/legacy/whosonfirst-data-country-latest.tar.bz2"},"geometry":{"type":"Point","coordinates":[-49.4011085,-20.8345771]}},{"type":"Feature","properties":{"MEUTIMAO_ID":"4720","DATA":"2016-06-26","ANO JOGO":2016,"MODALIDADE":"Feminino","MANDANTE / VISITANTE (SCCP)":"Sim","TIME MANDANTE":"CORINTHIANS","GOLS MANDANTE":0,"TIME VISITANTE":"XV DE PIRACICABA","GOLS VISITANTE":0,"PLACAR":"0x0","RESULTADO":"EMPATE","ADVERSÁRIO":"XV DE PIRACICABA","GOLS SCCP":0,"GOLS ADVERSÁRIO":0,"SALDO DE GOLS":0,"COMPETIÇÃO":"Paulista 2016","ESTÁDIO":"José Liberatti","ESTÁDIO_ORIGINAL":"José Liberatti","FONTE":"Meu Timão","URL_FONTE":"https://www.meutimao.com.br/jogo/4720/paulista-2016/corinthians-0-x-0-xv_de_piracicaba","LATITUDE":-23.5112728,"LONGITUDE":-46.7763584,"ERA":"2016-Presente","PAIS_ISO3":"BRA","PAIS_FONTE":"Brazil","FONTE_CORRECAO_PAIS":"https://data.geocode.earth/wof/dist/legacy/whosonfirst-data-country-latest.tar.bz2"},"geometry":{"type":"Point","coordinates":[-46.7763584,-23.5112728]}},{"type":"Feature","properties":{"MEUTIMAO_ID":"4719","DATA":"2016-06-19","ANO JOGO":2016,"MODALIDADE":"Feminino","MANDANTE / VISITANTE (SCCP)":"Não","TIME MANDANTE":"INDEPENDENTE DE LIMEIRA","GOLS MANDANTE":0,"TIME VISITANTE":"CORINTHIANS","GOLS VISITANTE":13,"PLACAR":"0x13","RESULTADO":"VITÓRIA","ADVERSÁRIO":"INDEPENDENTE DE LIMEIRA","GOLS SCCP":13,"GOLS ADVERSÁRIO":0,"SALDO DE GOLS":13,"COMPETIÇÃO":"Paulista 2016","ESTÁDIO":"COMENDADOR AGOSTINHO PRADA (PRADÃO)","ESTÁDIO_ORIGINAL":"Pradão","FONTE":"Meu Timão","URL_FONTE":"https://www.meutimao.com.br/jogo/4719/paulista-2016/independente_de_limeira-0-x-13-corinthians","LATITUDE":-22.574173643057147,"LONGITUDE":-47.41149330943577,"ERA":"2016-Presente","PAIS_ISO3":"BRA","PAIS_FONTE":"Brazil","FONTE_CORRECAO_PAIS":"https://data.geocode.earth/wof/dist/legacy/whosonfirst-data-country-latest.tar.bz2"},"geometry":{"type":"Point","coordinates":[-47.41149330943577,-22.574173643057147]}},{"type":"Feature","properties":{"MEUTIMAO_ID":"4718","DATA":"2016-06-15","ANO JOGO":2016,"MODALIDADE":"Feminino","MANDANTE / VISITANTE (SCCP)":"Sim","TIME MANDANTE":"CORINTHIANS","GOLS MANDANTE":4,"TIME VISITANTE":"FERROVIÁRIA","GOLS VISITANTE":1,"PLACAR":"4x1","RESULTADO":"VITÓRIA","ADVERSÁRIO":"FERROVIÁRIA","GOLS SCCP":4,"GOLS ADVERSÁRIO":1,"SALDO DE GOLS":3,"COMPETIÇÃO":"Paulista 2016","ESTÁDIO":"Rua Comendador Souza","ESTÁDIO_ORIGINAL":"Comendador Souza","FONTE":"Meu Timão","URL_FONTE":"https://www.meutimao.com.br/jogo/4718/paulista-2016/corinthians-4-x-1-ferroviaria","LATITUDE":-23.5180229,"LONGITUDE":-46.6852378,"ERA":"2016-Presente","PAIS_ISO3":"BRA","PAIS_FONTE":"Brazil","FONTE_CORRECAO_PAIS":"https://data.geocode.earth/wof/dist/legacy/whosonfirst-data-country-latest.tar.bz2"},"geometry":{"type":"Point","coordinates":[-46.6852378,-23.5180229]}},{"type":"Feature","properties":{"MEUTIMAO_ID":"4717","DATA":"2016-06-11","ANO JOGO":2016,"MODALIDADE":"Feminino","MANDANTE / VISITANTE (SCCP)":"Sim","TIME MANDANTE":"CORINTHIANS","GOLS MANDANTE":2,"TIME VISITANTE":"FRANCANA","GOLS VISITANTE":1,"PLACAR":"2x1","RESULTADO":"VITÓRIA","ADVERSÁRIO":"FRANCANA","GOLS SCCP":2,"GOLS ADVERSÁRIO":1,"SALDO DE GOLS":1,"COMPETIÇÃO":"Paulista 2016","ESTÁDIO":"Novelli Junior","ESTÁDIO_ORIGINAL":"Novelli Junior","FONTE":"Meu Timão","URL_FONTE":"https://www.meutimao.com.br/jogo/4717/paulista-2016/corinthians-2-x-1-francana","LATITUDE":-23.2808026,"LONGITUDE":-47.2877526,"ERA":"2016-Presente","PAIS_ISO3":"BRA","PAIS_FONTE":"Brazil","FONTE_CORRECAO_PAIS":"https://data.geocode.earth/wof/dist/legacy/whosonfirst-data-country-latest.tar.bz2"},"geometry":{"type":"Point","coordinates":[-47.2877526,-23.2808026]}},{"type":"Feature","properties":{"MEUTIMAO_ID":"4716","DATA":"2016-05-29","ANO JOGO":2016,"MODALIDADE":"Feminino","MANDANTE / VISITANTE (SCCP)":"Não","TIME MANDANTE":"GUARANI","GOLS MANDANTE":2,"TIME VISITANTE":"CORINTHIANS","GOLS VISITANTE":3,"PLACAR":"2x3","RESULTADO":"VITÓRIA","ADVERSÁRIO":"GUARANI","GOLS SCCP":3,"GOLS ADVERSÁRIO":2,"SALDO DE GOLS":1,"COMPETIÇÃO":"Paulista 2016","ESTÁDIO":"Estádio Eugênio Franceschini","ESTÁDIO_ORIGINAL":"Estádio Eugênio Franceschini","FONTE":"Meu Timão","URL_FONTE":"https://www.meutimao.com.br/jogo/4716/paulista-2016/guarani-2-x-3-corinthians","LATITUDE":-22.9797018,"LONGITUDE":-46.9841708,"ERA":"2016-Presente","PAIS_ISO3":"BRA","PAIS_FONTE":"Brazil","FONTE_CORRECAO_PAIS":"https://data.geocode.earth/wof/dist/legacy/whosonfirst-data-country-latest.tar.bz2"},"geometry":{"type":"Point","coordinates":[-46.9841708,-22.9797018]}},{"type":"Feature","properties":{"MEUTIMAO_ID":"4715","DATA":"2016-05-25","ANO JOGO":2016,"MODALIDADE":"Feminino","MANDANTE / VISITANTE (SCCP)":"Sim","TIME MANDANTE":"CORINTHIANS","GOLS MANDANTE":0,"TIME VISITANTE":"RIO PRETO","GOLS VISITANTE":3,"PLACAR":"0x3","RESULTADO":"DERROTA","ADVERSÁRIO":"RIO PRETO","GOLS SCCP":0,"GOLS ADVERSÁRIO":3,"SALDO DE GOLS":-3,"COMPETIÇÃO":"Paulista 2016","ESTÁDIO":"Rua Comendador Souza","ESTÁDIO_ORIGINAL":"Comendador Souza","FONTE":"Meu Timão","URL_FONTE":"https://www.meutimao.com.br/jogo/4715/paulista-2016/corinthians-0-x-3-rio_preto","LATITUDE":-23.5180229,"LONGITUDE":-46.6852378,"ERA":"2016-Presente","PAIS_ISO3":"BRA","PAIS_FONTE":"Brazil","FONTE_CORRECAO_PAIS":"https://data.geocode.earth/wof/dist/legacy/whosonfirst-data-country-latest.tar.bz2"},"geometry":{"type":"Point","coordinates":[-46.6852378,-23.5180229]}},{"type":"Feature","properties":{"MEUTIMAO_ID":"4714","DATA":"2016-05-15","ANO JOGO":2016,"MODALIDADE":"Feminino","MANDANTE / VISITANTE (SCCP)":"Não","TIME MANDANTE":"XV DE PIRACICABA","GOLS MANDANTE":0,"TIME VISITANTE":"CORINTHIANS","GOLS VISITANTE":0,"PLACAR":"0x0","RESULTADO":"EMPATE","ADVERSÁRIO":"XV DE PIRACICABA","GOLS SCCP":0,"GOLS ADVERSÁRIO":0,"SALDO DE GOLS":0,"COMPETIÇÃO":"Paulista 2016","ESTÁDIO":"Barão","ESTÁDIO_ORIGINAL":"Barão","FONTE":"Meu Timão","URL_FONTE":"https://www.meutimao.com.br/jogo/4714/paulista-2016/xv_de_piracicaba-0-x-0-corinthians","LATITUDE":-22.7295831,"LONGITUDE":-47.6371327,"ERA":"2016-Presente","PAIS_ISO3":"BRA","PAIS_FONTE":"Brazil","FONTE_CORRECAO_PAIS":"https://data.geocode.earth/wof/dist/legacy/whosonfirst-data-country-latest.tar.bz2"},"geometry":{"type":"Point","coordinates":[-47.6371327,-22.7295831]}},{"type":"Feature","properties":{"MEUTIMAO_ID":"4713","DATA":"2016-05-07","ANO JOGO":2016,"MODALIDADE":"Feminino","MANDANTE / VISITANTE (SCCP)":"Sim","TIME MANDANTE":"CORINTHIANS","GOLS MANDANTE":12,"TIME VISITANTE":"INDEPENDENTE DE LIMEIRA","GOLS VISITANTE":0,"PLACAR":"12x0","RESULTADO":"VITÓRIA","ADVERSÁRIO":"INDEPENDENTE DE LIMEIRA","GOLS SCCP":12,"GOLS ADVERSÁRIO":0,"SALDO DE GOLS":12,"COMPETIÇÃO":"Paulista 2016","ESTÁDIO":"José Liberatti","ESTÁDIO_ORIGINAL":"José Liberatti","FONTE":"Meu Timão","URL_FONTE":"https://www.meutimao.com.br/jogo/4713/paulista-2016/corinthians-12-x-0-independente_de_limeira","LATITUDE":-23.5112728,"LONGITUDE":-46.7763584,"ERA":"2016-Presente","PAIS_ISO3":"BRA","PAIS_FONTE":"Brazil","FONTE_CORRECAO_PAIS":"https://data.geocode.earth/wof/dist/legacy/whosonfirst-data-country-latest.tar.bz2"},"geometry":{"type":"Point","coordinates":[-46.7763584,-23.5112728]}},{"type":"Feature","properties":{"MEUTIMAO_ID":"4712","DATA":"2016-05-01","ANO JOGO":2016,"MODALIDADE":"Feminino","MANDANTE / VISITANTE (SCCP)":"Não","TIME MANDANTE":"FERROVIÁRIA","GOLS MANDANTE":0,"TIME VISITANTE":"CORINTHIANS","GOLS VISITANTE":1,"PLACAR":"0x1","RESULTADO":"VITÓRIA","ADVERSÁRIO":"FERROVIÁRIA","GOLS SCCP":1,"GOLS ADVERSÁRIO":0,"SALDO DE GOLS":1,"COMPETIÇÃO":"Paulista 2016","ESTÁDIO":"Fonte Luminosa","ESTÁDIO_ORIGINAL":"Fonte Luminosa","FONTE":"Meu Timão","URL_FONTE":"https://www.meutimao.com.br/jogo/4712/paulista-2016/ferroviaria-0-x-1-corinthians","LATITUDE":-21.7886713,"LONGITUDE":-48.1773096,"ERA":"2016-Presente","PAIS_ISO3":"BRA","PAIS_FONTE":"Brazil","FONTE_CORRECAO_PAIS":"https://data.geocode.earth/wof/dist/legacy/whosonfirst-data-country-latest.tar.bz2"},"geometry":{"type":"Point","coordinates":[-48.1773096,-21.7886713]}},{"type":"Feature","properties":{"MEUTIMAO_ID":"4709","DATA":"2016-04-27","ANO JOGO":2016,"MODALIDADE":"Feminino","MANDANTE / VISITANTE (SCCP)":"Sim","TIME MANDANTE":"CORINTHIANS","GOLS MANDANTE":5,"TIME VISITANTE":"IRANDUBA","GOLS VISITANTE":0,"PLACAR":"5x0","RESULTADO":"VITÓRIA","ADVERSÁRIO":"IRANDUBA","GOLS SCCP":5,"GOLS ADVERSÁRIO":0,"SALDO DE GOLS":5,"COMPETIÇÃO":"Brasileirão 2016","ESTÁDIO":"José Liberatti","ESTÁDIO_ORIGINAL":"José Liberatti","FONTE":"Meu Timão","URL_FONTE":"https://www.meutimao.com.br/jogo/4709/brasileirao-2016/corinthians-5-x-0-iranduba","LATITUDE":-23.5112728,"LONGITUDE":-46.7763584,"ERA":"2016-Presente","PAIS_ISO3":"BRA","PAIS_FONTE":"Brazil","FONTE_CORRECAO_PAIS":"https://data.geocode.earth/wof/dist/legacy/whosonfirst-data-country-latest.tar.bz2"},"geometry":{"type":"Point","coordinates":[-46.7763584,-23.5112728]}},{"type":"Feature","properties":{"MEUTIMAO_ID":"4711","DATA":"2016-04-23","ANO JOGO":2016,"MODALIDADE":"Feminino","MANDANTE / VISITANTE (SCCP)":"Não","TIME MANDANTE":"FRANCANA","GOLS MANDANTE":0,"TIME VISITANTE":"CORINTHIANS","GOLS VISITANTE":2,"PLACAR":"0x2","RESULTADO":"VITÓRIA","ADVERSÁRIO":"FRANCANA","GOLS SCCP":2,"GOLS ADVERSÁRIO":0,"SALDO DE GOLS":2,"COMPETIÇÃO":"Paulista 2016","ESTÁDIO":"Lancha Filho","ESTÁDIO_ORIGINAL":"Lancha Filho","FONTE":"Meu Timão","URL_FONTE":"https://www.meutimao.com.br/jogo/4711/paulista-2016/francana-0-x-2-corinthians","LATITUDE":-20.5381768,"LONGITUDE":-47.4009795,"ERA":"2016-Presente","PAIS_ISO3":"BRA","PAIS_FONTE":"Brazil","FONTE_CORRECAO_PAIS":"https://data.geocode.earth/wof/dist/legacy/whosonfirst-data-country-latest.tar.bz2"},"geometry":{"type":"Point","coordinates":[-47.4009795,-20.5381768]}},{"type":"Feature","properties":{"MEUTIMAO_ID":"4708","DATA":"2016-04-20","ANO JOGO":2016,"MODALIDADE":"Feminino","MANDANTE / VISITANTE (SCCP)":"Não","TIME MANDANTE":"SÃO JOSÉ","GOLS MANDANTE":1,"TIME VISITANTE":"CORINTHIANS","GOLS VISITANTE":1,"PLACAR":"1x1","RESULTADO":"EMPATE","ADVERSÁRIO":"SÃO JOSÉ","GOLS SCCP":1,"GOLS ADVERSÁRIO":1,"SALDO DE GOLS":0,"COMPETIÇÃO":"Brasileirão 2016","ESTÁDIO":"MARTINS PEREIRA","ESTÁDIO_ORIGINAL":"Estádio Martins Pereira","FONTE":"Meu Timão","URL_FONTE":"https://www.meutimao.com.br/jogo/4708/brasileirao-2016/sao_jose-1-x-1-corinthians","LATITUDE":-23.1884912615151,"LONGITUDE":-45.869827477202776,"ERA":"2016-Presente","PAIS_ISO3":"BRA","PAIS_FONTE":"Brazil","FONTE_CORRECAO_PAIS":"https://data.geocode.earth/wof/dist/legacy/whosonfirst-data-country-latest.tar.bz2"},"geometry":{"type":"Point","coordinates":[-45.869827477202776,-23.1884912615151]}},{"type":"Feature","properties":{"MEUTIMAO_ID":"4707","DATA":"2016-04-12","ANO JOGO":2016,"MODALIDADE":"Feminino","MANDANTE / VISITANTE (SCCP)":"Não","TIME MANDANTE":"FLAMENGO","GOLS MANDANTE":3,"TIME VISITANTE":"CORINTHIANS","GOLS VISITANTE":2,"PLACAR":"3x2","RESULTADO":"DERROTA","ADVERSÁRIO":"FLAMENGO","GOLS SCCP":2,"GOLS ADVERSÁRIO":3,"SALDO DE GOLS":-1,"COMPETIÇÃO":"Brasileirão 2016","ESTÁDIO":"Estádio da Gávea","ESTÁDIO_ORIGINAL":"Estádio da Gávea","FONTE":"Meu Timão","URL_FONTE":"https://www.meutimao.com.br/jogo/4707/brasileirao-2016/flamengo-3-x-2-corinthians","LATITUDE":-22.9110137,"LONGITUDE":-43.2093727,"ERA":"2016-Presente","PAIS_ISO3":"BRA","PAIS_FONTE":"Brazil","FONTE_CORRECAO_PAIS":"https://data.geocode.earth/wof/dist/legacy/whosonfirst-data-country-latest.tar.bz2"},"geometry":{"type":"Point","coordinates":[-43.2093727,-22.9110137]}},{"type":"Feature","properties":{"MEUTIMAO_ID":"4710","DATA":"2016-04-09","ANO JOGO":2016,"MODALIDADE":"Feminino","MANDANTE / VISITANTE (SCCP)":"Sim","TIME MANDANTE":"CORINTHIANS","GOLS MANDANTE":2,"TIME VISITANTE":"GUARANI","GOLS VISITANTE":0,"PLACAR":"2x0","RESULTADO":"VITÓRIA","ADVERSÁRIO":"GUARANI","GOLS SCCP":2,"GOLS ADVERSÁRIO":0,"SALDO DE GOLS":2,"COMPETIÇÃO":"Paulista 2016","ESTÁDIO":"José Liberatti","ESTÁDIO_ORIGINAL":"José Liberatti","FONTE":"Meu Timão","URL_FONTE":"https://www.meutimao.com.br/jogo/4710/paulista-2016/corinthians-2-x-0-guarani","LATITUDE":-23.5112728,"LONGITUDE":-46.7763584,"ERA":"2016-Presente","PAIS_ISO3":"BRA","PAIS_FONTE":"Brazil","FONTE_CORRECAO_PAIS":"https://data.geocode.earth/wof/dist/legacy/whosonfirst-data-country-latest.tar.bz2"},"geometry":{"type":"Point","coordinates":[-46.7763584,-23.5112728]}},{"type":"Feature","properties":{"MEUTIMAO_ID":"4706","DATA":"2016-04-06","ANO JOGO":2016,"MODALIDADE":"Feminino","MANDANTE / VISITANTE (SCCP)":"Sim","TIME MANDANTE":"CORINTHIANS","GOLS MANDANTE":2,"TIME VISITANTE":"FLAMENGO","GOLS VISITANTE":0,"PLACAR":"2x0","RESULTADO":"VITÓRIA","ADVERSÁRIO":"FLAMENGO","GOLS SCCP":2,"GOLS ADVERSÁRIO":0,"SALDO DE GOLS":2,"COMPETIÇÃO":"Brasileirão 2016","ESTÁDIO":"José Liberatti","ESTÁDIO_ORIGINAL":"José Liberatti","FONTE":"Meu Timão","URL_FONTE":"https://www.meutimao.com.br/jogo/4706/brasileirao-2016/corinthians-2-x-0-flamengo","LATITUDE":-23.5112728,"LONGITUDE":-46.7763584,"ERA":"2016-Presente","PAIS_ISO3":"BRA","PAIS_FONTE":"Brazil","FONTE_CORRECAO_PAIS":"https://data.geocode.earth/wof/dist/legacy/whosonfirst-data-country-latest.tar.bz2"},"geometry":{"type":"Point","coordinates":[-46.7763584,-23.5112728]}},{"type":"Feature","properties":{"MEUTIMAO_ID":"4705","DATA":"2016-03-30","ANO JOGO":2016,"MODALIDADE":"Feminino","MANDANTE / VISITANTE (SCCP)":"Sim","TIME MANDANTE":"CORINTHIANS","GOLS MANDANTE":0,"TIME VISITANTE":"SÃO JOSÉ","GOLS VISITANTE":2,"PLACAR":"0x2","RESULTADO":"DERROTA","ADVERSÁRIO":"SÃO JOSÉ","GOLS SCCP":0,"GOLS ADVERSÁRIO":2,"SALDO DE GOLS":-2,"COMPETIÇÃO":"Brasileirão 2016","ESTÁDIO":"José Liberatti","ESTÁDIO_ORIGINAL":"José Liberatti","FONTE":"Meu Timão","URL_FONTE":"https://www.meutimao.com.br/jogo/4705/brasileirao-2016/corinthians-0-x-2-sao_jose","LATITUDE":-23.5112728,"LONGITUDE":-46.7763584,"ERA":"2016-Presente","PAIS_ISO3":"BRA","PAIS_FONTE":"Brazil","FONTE_CORRECAO_PAIS":"https://data.geocode.earth/wof/dist/legacy/whosonfirst-data-country-latest.tar.bz2"},"geometry":{"type":"Point","coordinates":[-46.7763584,-23.5112728]}},{"type":"Feature","properties":{"MEUTIMAO_ID":"4704","DATA":"2016-03-23","ANO JOGO":2016,"MODALIDADE":"Feminino","MANDANTE / VISITANTE (SCCP)":"Não","TIME MANDANTE":"IRANDUBA","GOLS MANDANTE":2,"TIME VISITANTE":"CORINTHIANS","GOLS VISITANTE":2,"PLACAR":"2x2","RESULTADO":"EMPATE","ADVERSÁRIO":"IRANDUBA","GOLS SCCP":2,"GOLS ADVERSÁRIO":2,"SALDO DE GOLS":0,"COMPETIÇÃO":"Brasileirão 2016","ESTÁDIO":"Arena da Amazônia","ESTÁDIO_ORIGINAL":"Arena Amazônia","FONTE":"Meu Timão","URL_FONTE":"https://www.meutimao.com.br/jogo/4704/brasileirao-2016/iranduba-2-x-2-corinthians","LATITUDE":-3.0832457,"LONGITUDE":-60.0281392,"ERA":"2016-Presente","PAIS_ISO3":"BRA","PAIS_FONTE":"Brazil","FONTE_CORRECAO_PAIS":"https://data.geocode.earth/wof/dist/legacy/whosonfirst-data-country-latest.tar.bz2"},"geometry":{"type":"Point","coordinates":[-60.0281392,-3.0832457]}},{"type":"Feature","properties":{"MEUTIMAO_ID":"4703","DATA":"2016-02-17","ANO JOGO":2016,"MODALIDADE":"Feminino","MANDANTE / VISITANTE (SCCP)":"Não","TIME MANDANTE":"VASCO DA GAMA","GOLS MANDANTE":0,"TIME VISITANTE":"CORINTHIANS","GOLS VISITANTE":6,"PLACAR":"0x6","RESULTADO":"VITÓRIA","ADVERSÁRIO":"VASCO DA GAMA","GOLS SCCP":6,"GOLS ADVERSÁRIO":0,"SALDO DE GOLS":6,"COMPETIÇÃO":"Brasileirão 2016","ESTÁDIO":"NIVALDO PEREIRA","ESTÁDIO_ORIGINAL":"Estádio Nivaldo Pereira","FONTE":"Meu Timão","URL_FONTE":"https://www.meutimao.com.br/jogo/4703/brasileirao-2016/vasco_da_gama-0-x-6-corinthians","LATITUDE":-22.73894786903771,"LONGITUDE":-43.52384895823911,"ERA":"2016-Presente","PAIS_ISO3":"BRA","PAIS_FONTE":"Brazil","FONTE_CORRECAO_PAIS":"https://data.geocode.earth/wof/dist/legacy/whosonfirst-data-country-latest.tar.bz2"},"geometry":{"type":"Point","coordinates":[-43.52384895823911,-22.73894786903771]}},{"type":"Feature","properties":{"MEUTIMAO_ID":"4702","DATA":"2016-02-11","ANO JOGO":2016,"MODALIDADE":"Feminino","MANDANTE / VISITANTE (SCCP)":"Sim","TIME MANDANTE":"CORINTHIANS","GOLS MANDANTE":3,"TIME VISITANTE":"AMÉRICA-MG","GOLS VISITANTE":0,"PLACAR":"3x0","RESULTADO":"VITÓRIA","ADVERSÁRIO":"AMÉRICA-MG","GOLS SCCP":3,"GOLS ADVERSÁRIO":0,"SALDO DE GOLS":3,"COMPETIÇÃO":"Brasileirão 2016","ESTÁDIO":"José Liberatti","ESTÁDIO_ORIGINAL":"José Liberatti","FONTE":"Meu Timão","URL_FONTE":"https://www.meutimao.com.br/jogo/4702/brasileirao-2016/corinthians-3-x-0-america-mg","LATITUDE":-23.5112728,"LONGITUDE":-46.7763584,"ERA":"2016-Presente","PAIS_ISO3":"BRA","PAIS_FONTE":"Brazil","FONTE_CORRECAO_PAIS":"https://data.geocode.earth/wof/dist/legacy/whosonfirst-data-country-latest.tar.bz2"},"geometry":{"type":"Point","coordinates":[-46.7763584,-23.5112728]}},{"type":"Feature","properties":{"MEUTIMAO_ID":"4701","DATA":"2016-02-02","ANO JOGO":2016,"MODALIDADE":"Feminino","MANDANTE / VISITANTE (SCCP)":"Não","TIME MANDANTE":"AD CENTRO OLÍMPICO","GOLS MANDANTE":0,"TIME VISITANTE":"CORINTHIANS","GOLS VISITANTE":0,"PLACAR":"0x0","RESULTADO":"EMPATE","ADVERSÁRIO":"AD CENTRO OLÍMPICO","GOLS SCCP":0,"GOLS ADVERSÁRIO":0,"SALDO DE GOLS":0,"COMPETIÇÃO":"Brasileirão 2016","ESTÁDIO":"Baetão","ESTÁDIO_ORIGINAL":"Baetão","FONTE":"Meu Timão","URL_FONTE":"https://www.meutimao.com.br/jogo/4701/brasileirao-2016/ad_centro_olimpico-0-x-0-corinthians","LATITUDE":-23.6996464,"LONGITUDE":-46.5425045,"ERA":"2016-Presente","PAIS_ISO3":"BRA","PAIS_FONTE":"Brazil","FONTE_CORRECAO_PAIS":"https://data.geocode.earth/wof/dist/legacy/whosonfirst-data-country-latest.tar.bz2"},"geometry":{"type":"Point","coordinates":[-46.5425045,-23.6996464]}},{"type":"Feature","properties":{"MEUTIMAO_ID":"4700","DATA":"2016-01-27","ANO JOGO":2016,"MODALIDADE":"Feminino","MANDANTE / VISITANTE (SCCP)":"Sim","TIME MANDANTE":"CORINTHIANS","GOLS MANDANTE":2,"TIME VISITANTE":"RIO PRETO","GOLS VISITANTE":1,"PLACAR":"2x1","RESULTADO":"VITÓRIA","ADVERSÁRIO":"RIO PRETO","GOLS SCCP":2,"GOLS ADVERSÁRIO":1,"SALDO DE GOLS":1,"COMPETIÇÃO":"Brasileirão 2016","ESTÁDIO":"José Liberatti","ESTÁDIO_ORIGINAL":"José Liberatti","FONTE":"Meu Timão","URL_FONTE":"https://www.meutimao.com.br/jogo/4700/brasileirao-2016/corinthians-2-x-1-rio_preto","LATITUDE":-23.5112728,"LONGITUDE":-46.7763584,"ERA":"2016-Presente","PAIS_ISO3":"BRA","PAIS_FONTE":"Brazil","FONTE_CORRECAO_PAIS":"https://data.geocode.earth/wof/dist/legacy/whosonfirst-data-country-latest.tar.bz2"},"geometry":{"type":"Point","coordinates":[-46.7763584,-23.5112728]}},{"type":"Feature","properties":{"MEUTIMAO_ID":"7127","DATA":"2017-10-21","ANO JOGO":2017,"MODALIDADE":"Feminino","MANDANTE / VISITANTE (SCCP)":"Sim","TIME MANDANTE":"CORINTHIANS","GOLS MANDANTE":0,"TIME VISITANTE":"COLO-COLO","GOLS VISITANTE":0,"PLACAR":"0x0","RESULTADO":"EMPATE","ADVERSÁRIO":"COLO-COLO","GOLS SCCP":0,"GOLS ADVERSÁRIO":0,"SALDO DE GOLS":0,"COMPETIÇÃO":"Libertadores Feminina 2017","ESTÁDIO":"ARSENIO ERICO","ESTÁDIO_ORIGINAL":"Arsenio Erico","FONTE":"Meu Timão","URL_FONTE":"https://www.meutimao.com.br/jogo/7127/libertadores-feminina-2017/final/corinthians-0-x-0-colo-colo","LATITUDE":-25.298264179462183,"LONGITUDE":-57.641082774528385,"ERA":"2016-Presente","PAIS_ISO3":"PRY","PAIS_FONTE":"Paraguay","FONTE_CORRECAO_PAIS":"https://data.geocode.earth/wof/dist/legacy/whosonfirst-data-country-latest.tar.bz2"},"geometry":{"type":"Point","coordinates":[-57.641082774528385,-25.298264179462183]}},{"type":"Feature","properties":{"MEUTIMAO_ID":"7128","DATA":"2017-10-19","ANO JOGO":2017,"MODALIDADE":"Feminino","MANDANTE / VISITANTE (SCCP)":"Sim","TIME MANDANTE":"CORINTHIANS","GOLS MANDANTE":3,"TIME VISITANTE":"CERRO PORTEÑO","GOLS VISITANTE":0,"PLACAR":"3x0","RESULTADO":"VITÓRIA","ADVERSÁRIO":"CERRO PORTEÑO","GOLS SCCP":3,"GOLS ADVERSÁRIO":0,"SALDO DE GOLS":3,"COMPETIÇÃO":"Libertadores Feminina 2017","ESTÁDIO":"LUIS ALFONSO GIAGNI","ESTÁDIO_ORIGINAL":"Luis Alfonso Giagni","FONTE":"Meu Timão","URL_FONTE":"https://www.meutimao.com.br/jogo/7128/libertadores-feminina-2017/corinthians-3-x-0-cerro_porteno","LATITUDE":-25.36720022210868,"LONGITUDE":-57.58427930241521,"ERA":"2016-Presente","PAIS_ISO3":"PRY","PAIS_FONTE":"Paraguay","FONTE_CORRECAO_PAIS":"https://data.geocode.earth/wof/dist/legacy/whosonfirst-data-country-latest.tar.bz2"},"geometry":{"type":"Point","coordinates":[-57.58427930241521,-25.36720022210868]}},{"type":"Feature","properties":{"MEUTIMAO_ID":"7126","DATA":"2017-10-17","ANO JOGO":2017,"MODALIDADE":"Feminino","MANDANTE / VISITANTE (SCCP)":"Sim","TIME MANDANTE":"CORINTHIANS","GOLS MANDANTE":2,"TIME VISITANTE":"INDEPENDIENTE SANTA FE","GOLS VISITANTE":1,"PLACAR":"2x1","RESULTADO":"VITÓRIA","ADVERSÁRIO":"INDEPENDIENTE SANTA FE","GOLS SCCP":2,"GOLS ADVERSÁRIO":1,"SALDO DE GOLS":1,"COMPETIÇÃO":"Libertadores Feminina 2017","ESTÁDIO":"LA ARBOLEDA","ESTÁDIO_ORIGINAL":"La Arboleda","FONTE":"Meu Timão","URL_FONTE":"https://www.meutimao.com.br/jogo/7126/libertadores-feminina-2017/corinthians-2-x-1-independiente_santa_fe","LATITUDE":-25.257324985267747,"LONGITUDE":-57.57451669872214,"ERA":"2016-Presente","PAIS_ISO3":"PRY","PAIS_FONTE":"Paraguay","FONTE_CORRECAO_PAIS":"https://data.geocode.earth/wof/dist/legacy/whosonfirst-data-country-latest.tar.bz2"},"geometry":{"type":"Point","coordinates":[-57.57451669872214,-25.257324985267747]}},{"type":"Feature","properties":{"MEUTIMAO_ID":"7125","DATA":"2017-10-14","ANO JOGO":2017,"MODALIDADE":"Feminino","MANDANTE / VISITANTE (SCCP)":"Sim","TIME MANDANTE":"CORINTHIANS","GOLS MANDANTE":6,"TIME VISITANTE":"DEPORTIVO ITA","GOLS VISITANTE":1,"PLACAR":"6x1","RESULTADO":"VITÓRIA","ADVERSÁRIO":"DEPORTIVO ITA","GOLS SCCP":6,"GOLS ADVERSÁRIO":1,"SALDO DE GOLS":5,"COMPETIÇÃO":"Libertadores Feminina 2017","ESTÁDIO":"LA ARBOLEDA","ESTÁDIO_ORIGINAL":"La Arboleda","FONTE":"Meu Timão","URL_FONTE":"https://www.meutimao.com.br/jogo/7125/libertadores-feminina-2017/corinthians-6-x-1-deportivo_ita","LATITUDE":-25.257324985267747,"LONGITUDE":-57.57451669872214,"ERA":"2016-Presente","PAIS_ISO3":"PRY","PAIS_FONTE":"Paraguay","FONTE_CORRECAO_PAIS":"https://data.geocode.earth/wof/dist/legacy/whosonfirst-data-country-latest.tar.bz2"},"geometry":{"type":"Point","coordinates":[-57.57451669872214,-25.257324985267747]}},{"type":"Feature","properties":{"MEUTIMAO_ID":"5337","DATA":"2017-10-11","ANO JOGO":2017,"MODALIDADE":"Feminino","MANDANTE / VISITANTE (SCCP)":"Não","TIME MANDANTE":"SPORTIVO LIMPEÑO","GOLS MANDANTE":0,"TIME VISITANTE":"CORINTHIANS","GOLS VISITANTE":2,"PLACAR":"0x2","RESULTADO":"VITÓRIA","ADVERSÁRIO":"SPORTIVO LIMPEÑO","GOLS SCCP":2,"GOLS ADVERSÁRIO":0,"SALDO DE GOLS":2,"COMPETIÇÃO":"Libertadores Feminina 2017","ESTÁDIO":"LA ARBOLEDA","ESTÁDIO_ORIGINAL":"La Arboleda","FONTE":"Meu Timão","URL_FONTE":"https://www.meutimao.com.br/jogo/5337/libertadores-feminina-2017/sportivo_limpeno-0-x-2-corinthians","LATITUDE":-25.257324985267747,"LONGITUDE":-57.57451669872214,"ERA":"2016-Presente","PAIS_ISO3":"PRY","PAIS_FONTE":"Paraguay","FONTE_CORRECAO_PAIS":"https://data.geocode.earth/wof/dist/legacy/whosonfirst-data-country-latest.tar.bz2"},"geometry":{"type":"Point","coordinates":[-57.57451669872214,-25.257324985267747]}},{"type":"Feature","properties":{"MEUTIMAO_ID":"5336","DATA":"2017-09-23","ANO JOGO":2017,"MODALIDADE":"Feminino","MANDANTE / VISITANTE (SCCP)":"Sim","TIME MANDANTE":"CORINTHIANS","GOLS MANDANTE":0,"TIME VISITANTE":"RIO PRETO","GOLS VISITANTE":0,"PLACAR":"0x0","RESULTADO":"EMPATE","ADVERSÁRIO":"RIO PRETO","GOLS SCCP":0,"GOLS ADVERSÁRIO":0,"SALDO DE GOLS":0,"COMPETIÇÃO":"Paulista Feminino 2017","ESTÁDIO":"Arena Barueri","ESTÁDIO_ORIGINAL":"Arena Barueri","FONTE":"Meu Timão","URL_FONTE":"https://www.meutimao.com.br/jogo/5336/paulista-feminino-2017/corinthians-0-x-0-rio_preto","LATITUDE":-23.5124719,"LONGITUDE":-46.8995624,"ERA":"2016-Presente","PAIS_ISO3":"BRA","PAIS_FONTE":"Brazil","FONTE_CORRECAO_PAIS":"https://data.geocode.earth/wof/dist/legacy/whosonfirst-data-country-latest.tar.bz2"},"geometry":{"type":"Point","coordinates":[-46.8995624,-23.5124719]}},{"type":"Feature","properties":{"MEUTIMAO_ID":"5335","DATA":"2017-09-16","ANO JOGO":2017,"MODALIDADE":"Feminino","MANDANTE / VISITANTE (SCCP)":"Não","TIME MANDANTE":"RIO PRETO","GOLS MANDANTE":2,"TIME VISITANTE":"CORINTHIANS","GOLS VISITANTE":0,"PLACAR":"2x0","RESULTADO":"DERROTA","ADVERSÁRIO":"RIO PRETO","GOLS SCCP":0,"GOLS ADVERSÁRIO":2,"SALDO DE GOLS":-2,"COMPETIÇÃO":"Paulista Feminino 2017","ESTÁDIO":"Campos Maia","ESTÁDIO_ORIGINAL":"Campos Maia","FONTE":"Meu Timão","URL_FONTE":"https://www.meutimao.com.br/jogo/5335/paulista-feminino-2017/rio_preto-2-x-0-corinthians","LATITUDE":-20.8223716,"LONGITUDE":-49.5068916,"ERA":"2016-Presente","PAIS_ISO3":"BRA","PAIS_FONTE":"Brazil","FONTE_CORRECAO_PAIS":"https://data.geocode.earth/wof/dist/legacy/whosonfirst-data-country-latest.tar.bz2"},"geometry":{"type":"Point","coordinates":[-49.5068916,-20.8223716]}},{"type":"Feature","properties":{"MEUTIMAO_ID":"5334","DATA":"2017-09-10","ANO JOGO":2017,"MODALIDADE":"Feminino","MANDANTE / VISITANTE (SCCP)":"Sim","TIME MANDANTE":"CORINTHIANS","GOLS MANDANTE":3,"TIME VISITANTE":"PORTUGUESA","GOLS VISITANTE":0,"PLACAR":"3x0","RESULTADO":"VITÓRIA","ADVERSÁRIO":"PORTUGUESA","GOLS SCCP":3,"GOLS ADVERSÁRIO":0,"SALDO DE GOLS":3,"COMPETIÇÃO":"Paulista Feminino 2017","ESTÁDIO":"Arena Barueri","ESTÁDIO_ORIGINAL":"Arena Barueri","FONTE":"Meu Timão","URL_FONTE":"https://www.meutimao.com.br/jogo/5334/paulista-feminino-2017/corinthians-3-x-0-portuguesa","LATITUDE":-23.5124719,"LONGITUDE":-46.8995624,"ERA":"2016-Presente","PAIS_ISO3":"BRA","PAIS_FONTE":"Brazil","FONTE_CORRECAO_PAIS":"https://data.geocode.earth/wof/dist/legacy/whosonfirst-data-country-latest.tar.bz2"},"geometry":{"type":"Point","coordinates":[-46.8995624,-23.5124719]}},{"type":"Feature","properties":{"MEUTIMAO_ID":"5333","DATA":"2017-09-02","ANO JOGO":2017,"MODALIDADE":"Feminino","MANDANTE / VISITANTE (SCCP)":"Não","TIME MANDANTE":"FERROVIÁRIA","GOLS MANDANTE":0,"TIME VISITANTE":"CORINTHIANS","GOLS VISITANTE":0,"PLACAR":"0x0","RESULTADO":"EMPATE","ADVERSÁRIO":"FERROVIÁRIA","GOLS SCCP":0,"GOLS ADVERSÁRIO":0,"SALDO DE GOLS":0,"COMPETIÇÃO":"Paulista Feminino 2017","ESTÁDIO":"Fonte Luminosa","ESTÁDIO_ORIGINAL":"Fonte Luminosa","FONTE":"Meu Timão","URL_FONTE":"https://www.meutimao.com.br/jogo/5333/paulista-feminino-2017/ferroviaria-0-x-0-corinthians","LATITUDE":-21.7886713,"LONGITUDE":-48.1773096,"ERA":"2016-Presente","PAIS_ISO3":"BRA","PAIS_FONTE":"Brazil","FONTE_CORRECAO_PAIS":"https://data.geocode.earth/wof/dist/legacy/whosonfirst-data-country-latest.tar.bz2"},"geometry":{"type":"Point","coordinates":[-48.1773096,-21.7886713]}},{"type":"Feature","properties":{"MEUTIMAO_ID":"5332","DATA":"2017-08-27","ANO JOGO":2017,"MODALIDADE":"Feminino","MANDANTE / VISITANTE (SCCP)":"Sim","TIME MANDANTE":"CORINTHIANS","GOLS MANDANTE":2,"TIME VISITANTE":"PONTE PRETA","GOLS VISITANTE":0,"PLACAR":"2x0","RESULTADO":"VITÓRIA","ADVERSÁRIO":"PONTE PRETA","GOLS SCCP":2,"GOLS ADVERSÁRIO":0,"SALDO DE GOLS":2,"COMPETIÇÃO":"Paulista Feminino 2017","ESTÁDIO":"Arena Barueri","ESTÁDIO_ORIGINAL":"Arena Barueri","FONTE":"Meu Timão","URL_FONTE":"https://www.meutimao.com.br/jogo/5332/paulista-feminino-2017/corinthians-2-x-0-ponte_preta","LATITUDE":-23.5124719,"LONGITUDE":-46.8995624,"ERA":"2016-Presente","PAIS_ISO3":"BRA","PAIS_FONTE":"Brazil","FONTE_CORRECAO_PAIS":"https://data.geocode.earth/wof/dist/legacy/whosonfirst-data-country-latest.tar.bz2"},"geometry":{"type":"Point","coordinates":[-46.8995624,-23.5124719]}},{"type":"Feature","properties":{"MEUTIMAO_ID":"5331","DATA":"2017-08-21","ANO JOGO":2017,"MODALIDADE":"Feminino","MANDANTE / VISITANTE (SCCP)":"Não","TIME MANDANTE":"PONTE PRETA","GOLS MANDANTE":0,"TIME VISITANTE":"CORINTHIANS","GOLS VISITANTE":1,"PLACAR":"0x1","RESULTADO":"VITÓRIA","ADVERSÁRIO":"PONTE PRETA","GOLS SCCP":1,"GOLS ADVERSÁRIO":0,"SALDO DE GOLS":1,"COMPETIÇÃO":"Paulista Feminino 2017","ESTÁDIO":"MOISÉS LUCARELLI (MAJESTOSO)","ESTÁDIO_ORIGINAL":"Moisés Lucarelli","FONTE":"Meu Timão","URL_FONTE":"https://www.meutimao.com.br/jogo/5331/paulista-feminino-2017/ponte_preta-0-x-1-corinthians","LATITUDE":-22.912600582555537,"LONGITUDE":-47.05115367918981,"ERA":"2016-Presente","PAIS_ISO3":"BRA","PAIS_FONTE":"Brazil","FONTE_CORRECAO_PAIS":"https://data.geocode.earth/wof/dist/legacy/whosonfirst-data-country-latest.tar.bz2"},"geometry":{"type":"Point","coordinates":[-47.05115367918981,-22.912600582555537]}},{"type":"Feature","properties":{"MEUTIMAO_ID":"5330","DATA":"2017-08-14","ANO JOGO":2017,"MODALIDADE":"Feminino","MANDANTE / VISITANTE (SCCP)":"Sim","TIME MANDANTE":"CORINTHIANS","GOLS MANDANTE":0,"TIME VISITANTE":"FERROVIÁRIA","GOLS VISITANTE":0,"PLACAR":"0x0","RESULTADO":"EMPATE","ADVERSÁRIO":"FERROVIÁRIA","GOLS SCCP":0,"GOLS ADVERSÁRIO":0,"SALDO DE GOLS":0,"COMPETIÇÃO":"Paulista Feminino 2017","ESTÁDIO":"Arena Barueri","ESTÁDIO_ORIGINAL":"Arena Barueri","FONTE":"Meu Timão","URL_FONTE":"https://www.meutimao.com.br/jogo/5330/paulista-feminino-2017/corinthians-0-x-0-ferroviaria","LATITUDE":-23.5124719,"LONGITUDE":-46.8995624,"ERA":"2016-Presente","PAIS_ISO3":"BRA","PAIS_FONTE":"Brazil","FONTE_CORRECAO_PAIS":"https://data.geocode.earth/wof/dist/legacy/whosonfirst-data-country-latest.tar.bz2"},"geometry":{"type":"Point","coordinates":[-46.8995624,-23.5124719]}},{"type":"Feature","properties":{"MEUTIMAO_ID":"5329","DATA":"2017-08-08","ANO JOGO":2017,"MODALIDADE":"Feminino","MANDANTE / VISITANTE (SCCP)":"Não","TIME MANDANTE":"PORTUGUESA","GOLS MANDANTE":0,"TIME VISITANTE":"CORINTHIANS","GOLS VISITANTE":6,"PLACAR":"0x6","RESULTADO":"VITÓRIA","ADVERSÁRIO":"PORTUGUESA","GOLS SCCP":6,"GOLS ADVERSÁRIO":0,"SALDO DE GOLS":6,"COMPETIÇÃO":"Paulista Feminino 2017","ESTÁDIO":"Canindé","ESTÁDIO_ORIGINAL":"Canindé","FONTE":"Meu Timão","URL_FONTE":"https://www.meutimao.com.br/jogo/5329/paulista-feminino-2017/portuguesa-0-x-6-corinthians","LATITUDE":-23.520132719349128,"LONGITUDE":-46.618264502415194,"ERA":"2016-Presente","PAIS_ISO3":"BRA","PAIS_FONTE":"Brazil","FONTE_CORRECAO_PAIS":"https://data.geocode.earth/wof/dist/legacy/whosonfirst-data-country-latest.tar.bz2"},"geometry":{"type":"Point","coordinates":[-46.618264502415194,-23.520132719349128]}},{"type":"Feature","properties":{"MEUTIMAO_ID":"5170","DATA":"2017-07-20","ANO JOGO":2017,"MODALIDADE":"Feminino","MANDANTE / VISITANTE (SCCP)":"Sim","TIME MANDANTE":"CORINTHIANS","GOLS MANDANTE":0,"TIME VISITANTE":"SANTOS","GOLS VISITANTE":1,"PLACAR":"0x1","RESULTADO":"DERROTA","ADVERSÁRIO":"SANTOS","GOLS SCCP":0,"GOLS ADVERSÁRIO":1,"SALDO DE GOLS":-1,"COMPETIÇÃO":"Brasileirão Feminino 2017","ESTÁDIO":"Arena Barueri","ESTÁDIO_ORIGINAL":"Arena Barueri","FONTE":"Meu Timão","URL_FONTE":"https://www.meutimao.com.br/jogo/5170/brasileirao-feminino-2017/final/corinthians-0-x-1-santos","LATITUDE":-23.5124719,"LONGITUDE":-46.8995624,"ERA":"2016-Presente","PAIS_ISO3":"BRA","PAIS_FONTE":"Brazil","FONTE_CORRECAO_PAIS":"https://data.geocode.earth/wof/dist/legacy/whosonfirst-data-country-latest.tar.bz2"},"geometry":{"type":"Point","coordinates":[-46.8995624,-23.5124719]}},{"type":"Feature","properties":{"MEUTIMAO_ID":"5169","DATA":"2017-07-15","ANO JOGO":2017,"MODALIDADE":"Feminino","MANDANTE / VISITANTE (SCCP)":"Não","TIME MANDANTE":"SANTOS","GOLS MANDANTE":2,"TIME VISITANTE":"CORINTHIANS","GOLS VISITANTE":0,"PLACAR":"2x0","RESULTADO":"DERROTA","ADVERSÁRIO":"SANTOS","GOLS SCCP":0,"GOLS ADVERSÁRIO":2,"SALDO DE GOLS":-2,"COMPETIÇÃO":"Brasileirão Feminino 2017","ESTÁDIO":"Vila Belmiro","ESTÁDIO_ORIGINAL":"Vila Belmiro","FONTE":"Meu Timão","URL_FONTE":"https://www.meutimao.com.br/jogo/5169/brasileirao-feminino-2017/final/santos-2-x-0-corinthians","LATITUDE":-23.95083320224522,"LONGITUDE":-46.33836796008564,"ERA":"2016-Presente","PAIS_ISO3":"BRA","PAIS_FONTE":"Brazil","FONTE_CORRECAO_PAIS":"https://data.geocode.earth/wof/dist/legacy/whosonfirst-data-country-latest.tar.bz2"},"geometry":{"type":"Point","coordinates":[-46.33836796008564,-23.95083320224522]}},{"type":"Feature","properties":{"MEUTIMAO_ID":"5168","DATA":"2017-07-09","ANO JOGO":2017,"MODALIDADE":"Feminino","MANDANTE / VISITANTE (SCCP)":"Sim","TIME MANDANTE":"CORINTHIANS","GOLS MANDANTE":1,"TIME VISITANTE":"RIO PRETO","GOLS VISITANTE":0,"PLACAR":"1x0","RESULTADO":"VITÓRIA","ADVERSÁRIO":"RIO PRETO","GOLS SCCP":1,"GOLS ADVERSÁRIO":0,"SALDO DE GOLS":1,"COMPETIÇÃO":"Brasileirão Feminino 2017","ESTÁDIO":"Arena Barueri","ESTÁDIO_ORIGINAL":"Arena Barueri","FONTE":"Meu Timão","URL_FONTE":"https://www.meutimao.com.br/jogo/5168/brasileirao-feminino-2017/corinthians-1-x-0-rio_preto","LATITUDE":-23.5124719,"LONGITUDE":-46.8995624,"ERA":"2016-Presente","PAIS_ISO3":"BRA","PAIS_FONTE":"Brazil","FONTE_CORRECAO_PAIS":"https://data.geocode.earth/wof/dist/legacy/whosonfirst-data-country-latest.tar.bz2"},"geometry":{"type":"Point","coordinates":[-46.8995624,-23.5124719]}},{"type":"Feature","properties":{"MEUTIMAO_ID":"5328","DATA":"2017-07-02","ANO JOGO":2017,"MODALIDADE":"Feminino","MANDANTE / VISITANTE (SCCP)":"Sim","TIME MANDANTE":"CORINTHIANS","GOLS MANDANTE":7,"TIME VISITANTE":"TAUBATÉ","GOLS VISITANTE":1,"PLACAR":"7x1","RESULTADO":"VITÓRIA","ADVERSÁRIO":"TAUBATÉ","GOLS SCCP":7,"GOLS ADVERSÁRIO":1,"SALDO DE GOLS":6,"COMPETIÇÃO":"Paulista Feminino 2017","ESTÁDIO":"Arena Barueri","ESTÁDIO_ORIGINAL":"Arena Barueri","FONTE":"Meu Timão","URL_FONTE":"https://www.meutimao.com.br/jogo/5328/paulista-feminino-2017/corinthians-7-x-1-taubate","LATITUDE":-23.5124719,"LONGITUDE":-46.8995624,"ERA":"2016-Presente","PAIS_ISO3":"BRA","PAIS_FONTE":"Brazil","FONTE_CORRECAO_PAIS":"https://data.geocode.earth/wof/dist/legacy/whosonfirst-data-country-latest.tar.bz2"},"geometry":{"type":"Point","coordinates":[-46.8995624,-23.5124719]}},{"type":"Feature","properties":{"MEUTIMAO_ID":"5167","DATA":"2017-06-29","ANO JOGO":2017,"MODALIDADE":"Feminino","MANDANTE / VISITANTE (SCCP)":"Não","TIME MANDANTE":"RIO PRETO","GOLS MANDANTE":2,"TIME VISITANTE":"CORINTHIANS","GOLS VISITANTE":1,"PLACAR":"2x1","RESULTADO":"DERROTA","ADVERSÁRIO":"RIO PRETO","GOLS SCCP":1,"GOLS ADVERSÁRIO":2,"SALDO DE GOLS":-1,"COMPETIÇÃO":"Brasileirão Feminino 2017","ESTÁDIO":"Rio Pretão","ESTÁDIO_ORIGINAL":"Rio Pretão","FONTE":"Meu Timão","URL_FONTE":"https://www.meutimao.com.br/jogo/5167/brasileirao-feminino-2017/rio_preto-2-x-1-corinthians","LATITUDE":-20.8345771,"LONGITUDE":-49.4011085,"ERA":"2016-Presente","PAIS_ISO3":"BRA","PAIS_FONTE":"Brazil","FONTE_CORRECAO_PAIS":"https://data.geocode.earth/wof/dist/legacy/whosonfirst-data-country-latest.tar.bz2"},"geometry":{"type":"Point","coordinates":[-49.4011085,-20.8345771]}},{"type":"Feature","properties":{"MEUTIMAO_ID":"5327","DATA":"2017-06-25","ANO JOGO":2017,"MODALIDADE":"Feminino","MANDANTE / VISITANTE (SCCP)":"Não","TIME MANDANTE":"PORTUGUESA","GOLS MANDANTE":1,"TIME VISITANTE":"CORINTHIANS","GOLS VISITANTE":3,"PLACAR":"1x3","RESULTADO":"VITÓRIA","ADVERSÁRIO":"PORTUGUESA","GOLS SCCP":3,"GOLS ADVERSÁRIO":1,"SALDO DE GOLS":2,"COMPETIÇÃO":"Paulista Feminino 2017","ESTÁDIO":"CT da Portuguesa","ESTÁDIO_ORIGINAL":"CT da Portuguesa","FONTE":"Meu Timão","URL_FONTE":"https://www.meutimao.com.br/jogo/5327/paulista-feminino-2017/portuguesa-1-x-3-corinthians","LATITUDE":-23.5506507,"LONGITUDE":-46.6333824,"ERA":"2016-Presente","PAIS_ISO3":"BRA","PAIS_FONTE":"Brazil","FONTE_CORRECAO_PAIS":"https://data.geocode.earth/wof/dist/legacy/whosonfirst-data-country-latest.tar.bz2"},"geometry":{"type":"Point","coordinates":[-46.6333824,-23.5506507]}},{"type":"Feature","properties":{"MEUTIMAO_ID":"5166","DATA":"2017-06-22","ANO JOGO":2017,"MODALIDADE":"Feminino","MANDANTE / VISITANTE (SCCP)":"Sim","TIME MANDANTE":"CORINTHIANS","GOLS MANDANTE":4,"TIME VISITANTE":"FERROVIÁRIA","GOLS VISITANTE":0,"PLACAR":"4x0","RESULTADO":"VITÓRIA","ADVERSÁRIO":"FERROVIÁRIA","GOLS SCCP":4,"GOLS ADVERSÁRIO":0,"SALDO DE GOLS":4,"COMPETIÇÃO":"Brasileirão Feminino 2017","ESTÁDIO":"Arena Barueri","ESTÁDIO_ORIGINAL":"Arena Barueri","FONTE":"Meu Timão","URL_FONTE":"https://www.meutimao.com.br/jogo/5166/brasileirao-feminino-2017/quartas_de_final/corinthians-4-x-0-ferroviaria","LATITUDE":-23.5124719,"LONGITUDE":-46.8995624,"ERA":"2016-Presente","PAIS_ISO3":"BRA","PAIS_FONTE":"Brazil","FONTE_CORRECAO_PAIS":"https://data.geocode.earth/wof/dist/legacy/whosonfirst-data-country-latest.tar.bz2"},"geometry":{"type":"Point","coordinates":[-46.8995624,-23.5124719]}},{"type":"Feature","properties":{"MEUTIMAO_ID":"5326","DATA":"2017-06-18","ANO JOGO":2017,"MODALIDADE":"Feminino","MANDANTE / VISITANTE (SCCP)":"Sim","TIME MANDANTE":"CORINTHIANS","GOLS MANDANTE":6,"TIME VISITANTE":"JUVENTUS","GOLS VISITANTE":0,"PLACAR":"6x0","RESULTADO":"VITÓRIA","ADVERSÁRIO":"JUVENTUS","GOLS SCCP":6,"GOLS ADVERSÁRIO":0,"SALDO DE GOLS":6,"COMPETIÇÃO":"Paulista Feminino 2017","ESTÁDIO":"Arena Barueri","ESTÁDIO_ORIGINAL":"Arena Barueri","FONTE":"Meu Timão","URL_FONTE":"https://www.meutimao.com.br/jogo/5326/paulista-feminino-2017/corinthians-6-x-0-juventus","LATITUDE":-23.5124719,"LONGITUDE":-46.8995624,"ERA":"2016-Presente","PAIS_ISO3":"BRA","PAIS_FONTE":"Brazil","FONTE_CORRECAO_PAIS":"https://data.geocode.earth/wof/dist/legacy/whosonfirst-data-country-latest.tar.bz2"},"geometry":{"type":"Point","coordinates":[-46.8995624,-23.5124719]}},{"type":"Feature","properties":{"MEUTIMAO_ID":"5165","DATA":"2017-06-15","ANO JOGO":2017,"MODALIDADE":"Feminino","MANDANTE / VISITANTE (SCCP)":"Não","TIME MANDANTE":"FERROVIÁRIA","GOLS MANDANTE":1,"TIME VISITANTE":"CORINTHIANS","GOLS VISITANTE":2,"PLACAR":"1x2","RESULTADO":"VITÓRIA","ADVERSÁRIO":"FERROVIÁRIA","GOLS SCCP":2,"GOLS ADVERSÁRIO":1,"SALDO DE GOLS":1,"COMPETIÇÃO":"Brasileirão Feminino 2017","ESTÁDIO":"Fonte Luminosa","ESTÁDIO_ORIGINAL":"Fonte Luminosa","FONTE":"Meu Timão","URL_FONTE":"https://www.meutimao.com.br/jogo/5165/brasileirao-feminino-2017/quartas_de_final/ferroviaria-1-x-2-corinthians","LATITUDE":-21.7886713,"LONGITUDE":-48.1773096,"ERA":"2016-Presente","PAIS_ISO3":"BRA","PAIS_FONTE":"Brazil","FONTE_CORRECAO_PAIS":"https://data.geocode.earth/wof/dist/legacy/whosonfirst-data-country-latest.tar.bz2"},"geometry":{"type":"Point","coordinates":[-48.1773096,-21.7886713]}},{"type":"Feature","properties":{"MEUTIMAO_ID":"5325","DATA":"2017-06-11","ANO JOGO":2017,"MODALIDADE":"Feminino","MANDANTE / VISITANTE (SCCP)":"Não","TIME MANDANTE":"AD EMBU DAS ARTES","GOLS MANDANTE":2,"TIME VISITANTE":"CORINTHIANS","GOLS VISITANTE":5,"PLACAR":"2x5","RESULTADO":"VITÓRIA","ADVERSÁRIO":"AD EMBU DAS ARTES","GOLS SCCP":5,"GOLS ADVERSÁRIO":2,"SALDO DE GOLS":3,"COMPETIÇÃO":"Paulista Feminino 2017","ESTÁDIO":"HERMÍNIO ESPOSITO","ESTÁDIO_ORIGINAL":"Hermínio Espósito","FONTE":"Meu Timão","URL_FONTE":"https://www.meutimao.com.br/jogo/5325/paulista-feminino-2017/ad_embu_das_artes-2-x-5-corinthians","LATITUDE":-23.65319035613817,"LONGITUDE":-46.856368817756056,"ERA":"2016-Presente","PAIS_ISO3":"BRA","PAIS_FONTE":"Brazil","FONTE_CORRECAO_PAIS":"https://data.geocode.earth/wof/dist/legacy/whosonfirst-data-country-latest.tar.bz2"},"geometry":{"type":"Point","coordinates":[-46.856368817756056,-23.65319035613817]}},{"type":"Feature","properties":{"MEUTIMAO_ID":"5324","DATA":"2017-06-08","ANO JOGO":2017,"MODALIDADE":"Feminino","MANDANTE / VISITANTE (SCCP)":"Sim","TIME MANDANTE":"CORINTHIANS","GOLS MANDANTE":0,"TIME VISITANTE":"SANTOS","GOLS VISITANTE":0,"PLACAR":"0x0","RESULTADO":"EMPATE","ADVERSÁRIO":"SANTOS","GOLS SCCP":0,"GOLS ADVERSÁRIO":0,"SALDO DE GOLS":0,"COMPETIÇÃO":"Paulista Feminino 2017","ESTÁDIO":"Arena Barueri","ESTÁDIO_ORIGINAL":"Arena Barueri","FONTE":"Meu Timão","URL_FONTE":"https://www.meutimao.com.br/jogo/5324/paulista-feminino-2017/corinthians-0-x-0-santos","LATITUDE":-23.5124719,"LONGITUDE":-46.8995624,"ERA":"2016-Presente","PAIS_ISO3":"BRA","PAIS_FONTE":"Brazil","FONTE_CORRECAO_PAIS":"https://data.geocode.earth/wof/dist/legacy/whosonfirst-data-country-latest.tar.bz2"},"geometry":{"type":"Point","coordinates":[-46.8995624,-23.5124719]}},{"type":"Feature","properties":{"MEUTIMAO_ID":"5323","DATA":"2017-06-04","ANO JOGO":2017,"MODALIDADE":"Feminino","MANDANTE / VISITANTE (SCCP)":"Não","TIME MANDANTE":"SÃO JOSÉ","GOLS MANDANTE":0,"TIME VISITANTE":"CORINTHIANS","GOLS VISITANTE":1,"PLACAR":"0x1","RESULTADO":"VITÓRIA","ADVERSÁRIO":"SÃO JOSÉ","GOLS SCCP":1,"GOLS ADVERSÁRIO":0,"SALDO DE GOLS":1,"COMPETIÇÃO":"Paulista Feminino 2017","ESTÁDIO":"MARTINS PEREIRA","ESTÁDIO_ORIGINAL":"Estádio Martins Pereira","FONTE":"Meu Timão","URL_FONTE":"https://www.meutimao.com.br/jogo/5323/paulista-feminino-2017/sao_jose-0-x-1-corinthians","LATITUDE":-23.1884912615151,"LONGITUDE":-45.869827477202776,"ERA":"2016-Presente","PAIS_ISO3":"BRA","PAIS_FONTE":"Brazil","FONTE_CORRECAO_PAIS":"https://data.geocode.earth/wof/dist/legacy/whosonfirst-data-country-latest.tar.bz2"},"geometry":{"type":"Point","coordinates":[-45.869827477202776,-23.1884912615151]}},{"type":"Feature","properties":{"MEUTIMAO_ID":"5151","DATA":"2017-05-31","ANO JOGO":2017,"MODALIDADE":"Feminino","MANDANTE / VISITANTE (SCCP)":"Sim","TIME MANDANTE":"CORINTHIANS","GOLS MANDANTE":10,"TIME VISITANTE":"SÃO FRANCISCO","GOLS VISITANTE":0,"PLACAR":"10x0","RESULTADO":"VITÓRIA","ADVERSÁRIO":"SÃO FRANCISCO","GOLS SCCP":10,"GOLS ADVERSÁRIO":0,"SALDO DE GOLS":10,"COMPETIÇÃO":"Brasileirão Feminino 2017","ESTÁDIO":"Arena Barueri","ESTÁDIO_ORIGINAL":"Arena Barueri","FONTE":"Meu Timão","URL_FONTE":"https://www.meutimao.com.br/jogo/5151/brasileirao-feminino-2017/corinthians-10-x-0-sao_francisco","LATITUDE":-23.5124719,"LONGITUDE":-46.8995624,"ERA":"2016-Presente","PAIS_ISO3":"BRA","PAIS_FONTE":"Brazil","FONTE_CORRECAO_PAIS":"https://data.geocode.earth/wof/dist/legacy/whosonfirst-data-country-latest.tar.bz2"},"geometry":{"type":"Point","coordinates":[-46.8995624,-23.5124719]}},{"type":"Feature","properties":{"MEUTIMAO_ID":"5322","DATA":"2017-05-28","ANO JOGO":2017,"MODALIDADE":"Feminino","MANDANTE / VISITANTE (SCCP)":"Sim","TIME MANDANTE":"CORINTHIANS","GOLS MANDANTE":22,"TIME VISITANTE":"AD CENTRO OLÍMPICO","GOLS VISITANTE":0,"PLACAR":"22x0","RESULTADO":"VITÓRIA","ADVERSÁRIO":"AD CENTRO OLÍMPICO","GOLS SCCP":22,"GOLS ADVERSÁRIO":0,"SALDO DE GOLS":22,"COMPETIÇÃO":"Paulista Feminino 2017","ESTÁDIO":"Arena Barueri","ESTÁDIO_ORIGINAL":"Arena Barueri","FONTE":"Meu Timão","URL_FONTE":"https://www.meutimao.com.br/jogo/5322/paulista-feminino-2017/corinthians-22-x-0-ad_centro_olimpico","LATITUDE":-23.5124719,"LONGITUDE":-46.8995624,"ERA":"2016-Presente","PAIS_ISO3":"BRA","PAIS_FONTE":"Brazil","FONTE_CORRECAO_PAIS":"https://data.geocode.earth/wof/dist/legacy/whosonfirst-data-country-latest.tar.bz2"},"geometry":{"type":"Point","coordinates":[-46.8995624,-23.5124719]}},{"type":"Feature","properties":{"MEUTIMAO_ID":"5164","DATA":"2017-05-24","ANO JOGO":2017,"MODALIDADE":"Feminino","MANDANTE / VISITANTE (SCCP)":"Não","TIME MANDANTE":"KINDERMANN","GOLS MANDANTE":1,"TIME VISITANTE":"CORINTHIANS","GOLS VISITANTE":2,"PLACAR":"1x2","RESULTADO":"VITÓRIA","ADVERSÁRIO":"KINDERMANN","GOLS SCCP":2,"GOLS ADVERSÁRIO":1,"SALDO DE GOLS":1,"COMPETIÇÃO":"Brasileirão Feminino 2017","ESTÁDIO":"CARLOS ALBERTO COSTA NEVES","ESTÁDIO_ORIGINAL":"Carlos Alberto da Costa Neves","FONTE":"Meu Timão","URL_FONTE":"https://www.meutimao.com.br/jogo/5164/brasileirao-feminino-2017/kindermann-1-x-2-corinthians","LATITUDE":-26.771027999853985,"LONGITUDE":-51.007584674327376,"ERA":"2016-Presente","PAIS_ISO3":"BRA","PAIS_FONTE":"Brazil","FONTE_CORRECAO_PAIS":"https://data.geocode.earth/wof/dist/legacy/whosonfirst-data-country-latest.tar.bz2"},"geometry":{"type":"Point","coordinates":[-51.007584674327376,-26.771027999853985]}},{"type":"Feature","properties":{"MEUTIMAO_ID":"5321","DATA":"2017-05-21","ANO JOGO":2017,"MODALIDADE":"Feminino","MANDANTE / VISITANTE (SCCP)":"Não","TIME MANDANTE":"TAUBATÉ","GOLS MANDANTE":0,"TIME VISITANTE":"CORINTHIANS","GOLS VISITANTE":4,"PLACAR":"0x4","RESULTADO":"VITÓRIA","ADVERSÁRIO":"TAUBATÉ","GOLS SCCP":4,"GOLS ADVERSÁRIO":0,"SALDO DE GOLS":4,"COMPETIÇÃO":"Paulista Feminino 2017","ESTÁDIO":"Joaquinzão","ESTÁDIO_ORIGINAL":"Joaquinzão","FONTE":"Meu Timão","URL_FONTE":"https://www.meutimao.com.br/jogo/5321/paulista-feminino-2017/taubate-0-x-4-corinthians","LATITUDE":-23.028033,"LONGITUDE":-45.5703466,"ERA":"2016-Presente","PAIS_ISO3":"BRA","PAIS_FONTE":"Brazil","FONTE_CORRECAO_PAIS":"https://data.geocode.earth/wof/dist/legacy/whosonfirst-data-country-latest.tar.bz2"},"geometry":{"type":"Point","coordinates":[-45.5703466,-23.028033]}},{"type":"Feature","properties":{"MEUTIMAO_ID":"5163","DATA":"2017-05-17","ANO JOGO":2017,"MODALIDADE":"Feminino","MANDANTE / VISITANTE (SCCP)":"Sim","TIME MANDANTE":"CORINTHIANS","GOLS MANDANTE":4,"TIME VISITANTE":"GRÊMIO","GOLS VISITANTE":1,"PLACAR":"4x1","RESULTADO":"VITÓRIA","ADVERSÁRIO":"GRÊMIO","GOLS SCCP":4,"GOLS ADVERSÁRIO":1,"SALDO DE GOLS":3,"COMPETIÇÃO":"Brasileirão Feminino 2017","ESTÁDIO":"Arena Barueri","ESTÁDIO_ORIGINAL":"Arena Barueri","FONTE":"Meu Timão","URL_FONTE":"https://www.meutimao.com.br/jogo/5163/brasileirao-feminino-2017/corinthians-4-x-1-gremio","LATITUDE":-23.5124719,"LONGITUDE":-46.8995624,"ERA":"2016-Presente","PAIS_ISO3":"BRA","PAIS_FONTE":"Brazil","FONTE_CORRECAO_PAIS":"https://data.geocode.earth/wof/dist/legacy/whosonfirst-data-country-latest.tar.bz2"},"geometry":{"type":"Point","coordinates":[-46.8995624,-23.5124719]}},{"type":"Feature","properties":{"MEUTIMAO_ID":"5320","DATA":"2017-05-14","ANO JOGO":2017,"MODALIDADE":"Feminino","MANDANTE / VISITANTE (SCCP)":"Sim","TIME MANDANTE":"CORINTHIANS","GOLS MANDANTE":3,"TIME VISITANTE":"PORTUGUESA","GOLS VISITANTE":0,"PLACAR":"3x0","RESULTADO":"VITÓRIA","ADVERSÁRIO":"PORTUGUESA","GOLS SCCP":3,"GOLS ADVERSÁRIO":0,"SALDO DE GOLS":3,"COMPETIÇÃO":"Paulista Feminino 2017","ESTÁDIO":"CT Vila Porto","ESTÁDIO_ORIGINAL":"CT Vila Porto","FONTE":"Meu Timão","URL_FONTE":"https://www.meutimao.com.br/jogo/5320/paulista-feminino-2017/corinthians-3-x-0-portuguesa","LATITUDE":-23.5112184,"LONGITUDE":-46.8764612,"ERA":"2016-Presente","PAIS_ISO3":"BRA","PAIS_FONTE":"Brazil","FONTE_CORRECAO_PAIS":"https://data.geocode.earth/wof/dist/legacy/whosonfirst-data-country-latest.tar.bz2"},"geometry":{"type":"Point","coordinates":[-46.8764612,-23.5112184]}},{"type":"Feature","properties":{"MEUTIMAO_ID":"5162","DATA":"2017-05-11","ANO JOGO":2017,"MODALIDADE":"Feminino","MANDANTE / VISITANTE (SCCP)":"Não","TIME MANDANTE":"AUDAX","GOLS MANDANTE":1,"TIME VISITANTE":"CORINTHIANS","GOLS VISITANTE":5,"PLACAR":"1x5","RESULTADO":"VITÓRIA","ADVERSÁRIO":"AUDAX","GOLS SCCP":5,"GOLS ADVERSÁRIO":1,"SALDO DE GOLS":4,"COMPETIÇÃO":"Brasileirão Feminino 2017","ESTÁDIO":"José Liberatti","ESTÁDIO_ORIGINAL":"José Liberatti","FONTE":"Meu Timão","URL_FONTE":"https://www.meutimao.com.br/jogo/5162/brasileirao-feminino-2017/audax-1-x-5-corinthians","LATITUDE":-23.5112728,"LONGITUDE":-46.7763584,"ERA":"2016-Presente","PAIS_ISO3":"BRA","PAIS_FONTE":"Brazil","FONTE_CORRECAO_PAIS":"https://data.geocode.earth/wof/dist/legacy/whosonfirst-data-country-latest.tar.bz2"},"geometry":{"type":"Point","coordinates":[-46.7763584,-23.5112728]}},{"type":"Feature","properties":{"MEUTIMAO_ID":"5319","DATA":"2017-05-07","ANO JOGO":2017,"MODALIDADE":"Feminino","MANDANTE / VISITANTE (SCCP)":"Não","TIME MANDANTE":"JUVENTUS","GOLS MANDANTE":0,"TIME VISITANTE":"CORINTHIANS","GOLS VISITANTE":8,"PLACAR":"0x8","RESULTADO":"VITÓRIA","ADVERSÁRIO":"JUVENTUS","GOLS SCCP":8,"GOLS ADVERSÁRIO":0,"SALDO DE GOLS":8,"COMPETIÇÃO":"Paulista Feminino 2017","ESTÁDIO":"Rua Javari","ESTÁDIO_ORIGINAL":"Rua Javari","FONTE":"Meu Timão","URL_FONTE":"https://www.meutimao.com.br/jogo/5319/paulista-feminino-2017/juventus-0-x-8-corinthians","LATITUDE":-23.5532921,"LONGITUDE":-46.6048538,"ERA":"2016-Presente","PAIS_ISO3":"BRA","PAIS_FONTE":"Brazil","FONTE_CORRECAO_PAIS":"https://data.geocode.earth/wof/dist/legacy/whosonfirst-data-country-latest.tar.bz2"},"geometry":{"type":"Point","coordinates":[-46.6048538,-23.5532921]}},{"type":"Feature","properties":{"MEUTIMAO_ID":"5161","DATA":"2017-05-03","ANO JOGO":2017,"MODALIDADE":"Feminino","MANDANTE / VISITANTE (SCCP)":"Não","TIME MANDANTE":"SPORT","GOLS MANDANTE":0,"TIME VISITANTE":"CORINTHIANS","GOLS VISITANTE":0,"PLACAR":"0x0","RESULTADO":"EMPATE","ADVERSÁRIO":"SPORT","GOLS SCCP":0,"GOLS ADVERSÁRIO":0,"SALDO DE GOLS":0,"COMPETIÇÃO":"Brasileirão Feminino 2017","ESTÁDIO":"Ilha do Retiro","ESTÁDIO_ORIGINAL":"Ilha do Retiro","FONTE":"Meu Timão","URL_FONTE":"https://www.meutimao.com.br/jogo/5161/brasileirao-feminino-2017/sport-0-x-0-corinthians","LATITUDE":-8.0629168,"LONGITUDE":-34.9029094,"ERA":"2016-Presente","PAIS_ISO3":"BRA","PAIS_FONTE":"Brazil","FONTE_CORRECAO_PAIS":"https://data.geocode.earth/wof/dist/legacy/whosonfirst-data-country-latest.tar.bz2"},"geometry":{"type":"Point","coordinates":[-34.9029094,-8.0629168]}},{"type":"Feature","properties":{"MEUTIMAO_ID":"5318","DATA":"2017-04-29","ANO JOGO":2017,"MODALIDADE":"Feminino","MANDANTE / VISITANTE (SCCP)":"Sim","TIME MANDANTE":"CORINTHIANS","GOLS MANDANTE":3,"TIME VISITANTE":"AD EMBU DAS ARTES","GOLS VISITANTE":0,"PLACAR":"3x0","RESULTADO":"VITÓRIA","ADVERSÁRIO":"AD EMBU DAS ARTES","GOLS SCCP":3,"GOLS ADVERSÁRIO":0,"SALDO DE GOLS":3,"COMPETIÇÃO":"Paulista Feminino 2017","ESTÁDIO":"Arena Barueri","ESTÁDIO_ORIGINAL":"Arena Barueri","FONTE":"Meu Timão","URL_FONTE":"https://www.meutimao.com.br/jogo/5318/paulista-feminino-2017/corinthians-3-x-0-ad_embu_das_artes","LATITUDE":-23.5124719,"LONGITUDE":-46.8995624,"ERA":"2016-Presente","PAIS_ISO3":"BRA","PAIS_FONTE":"Brazil","FONTE_CORRECAO_PAIS":"https://data.geocode.earth/wof/dist/legacy/whosonfirst-data-country-latest.tar.bz2"},"geometry":{"type":"Point","coordinates":[-46.8995624,-23.5124719]}},{"type":"Feature","properties":{"MEUTIMAO_ID":"5160","DATA":"2017-04-26","ANO JOGO":2017,"MODALIDADE":"Feminino","MANDANTE / VISITANTE (SCCP)":"Sim","TIME MANDANTE":"CORINTHIANS","GOLS MANDANTE":7,"TIME VISITANTE":"VITÓRIA-PE","GOLS VISITANTE":1,"PLACAR":"7x1","RESULTADO":"VITÓRIA","ADVERSÁRIO":"VITÓRIA-PE","GOLS SCCP":7,"GOLS ADVERSÁRIO":1,"SALDO DE GOLS":6,"COMPETIÇÃO":"Brasileirão Feminino 2017","ESTÁDIO":"Arena Barueri","ESTÁDIO_ORIGINAL":"Arena Barueri","FONTE":"Meu Timão","URL_FONTE":"https://www.meutimao.com.br/jogo/5160/brasileirao-feminino-2017/corinthians-7-x-1-vitoria-pe","LATITUDE":-23.5124719,"LONGITUDE":-46.8995624,"ERA":"2016-Presente","PAIS_ISO3":"BRA","PAIS_FONTE":"Brazil","FONTE_CORRECAO_PAIS":"https://data.geocode.earth/wof/dist/legacy/whosonfirst-data-country-latest.tar.bz2"},"geometry":{"type":"Point","coordinates":[-46.8995624,-23.5124719]}},{"type":"Feature","properties":{"MEUTIMAO_ID":"5317","DATA":"2017-04-22","ANO JOGO":2017,"MODALIDADE":"Feminino","MANDANTE / VISITANTE (SCCP)":"Não","TIME MANDANTE":"SANTOS","GOLS MANDANTE":1,"TIME VISITANTE":"CORINTHIANS","GOLS VISITANTE":1,"PLACAR":"1x1","RESULTADO":"EMPATE","ADVERSÁRIO":"SANTOS","GOLS SCCP":1,"GOLS ADVERSÁRIO":1,"SALDO DE GOLS":0,"COMPETIÇÃO":"Paulista Feminino 2017","ESTÁDIO":"Rei Pelé","ESTÁDIO_ORIGINAL":"CT Rei Pelé","FONTE":"Meu Timão","URL_FONTE":"https://www.meutimao.com.br/jogo/5317/paulista-feminino-2017/santos-1-x-1-corinthians","LATITUDE":-9.6708828,"LONGITUDE":-35.759448,"ERA":"2016-Presente","PAIS_ISO3":"BRA","PAIS_FONTE":"Brazil","FONTE_CORRECAO_PAIS":"https://data.geocode.earth/wof/dist/legacy/whosonfirst-data-country-latest.tar.bz2"},"geometry":{"type":"Point","coordinates":[-35.759448,-9.6708828]}},{"type":"Feature","properties":{"MEUTIMAO_ID":"5159","DATA":"2017-04-18","ANO JOGO":2017,"MODALIDADE":"Feminino","MANDANTE / VISITANTE (SCCP)":"Sim","TIME MANDANTE":"CORINTHIANS","GOLS MANDANTE":1,"TIME VISITANTE":"IRANDUBA","GOLS VISITANTE":0,"PLACAR":"1x0","RESULTADO":"VITÓRIA","ADVERSÁRIO":"IRANDUBA","GOLS SCCP":1,"GOLS ADVERSÁRIO":0,"SALDO DE GOLS":1,"COMPETIÇÃO":"Brasileirão Feminino 2017","ESTÁDIO":"Arena Barueri","ESTÁDIO_ORIGINAL":"Arena Barueri","FONTE":"Meu Timão","URL_FONTE":"https://www.meutimao.com.br/jogo/5159/brasileirao-feminino-2017/corinthians-1-x-0-iranduba","LATITUDE":-23.5124719,"LONGITUDE":-46.8995624,"ERA":"2016-Presente","PAIS_ISO3":"BRA","PAIS_FONTE":"Brazil","FONTE_CORRECAO_PAIS":"https://data.geocode.earth/wof/dist/legacy/whosonfirst-data-country-latest.tar.bz2"},"geometry":{"type":"Point","coordinates":[-46.8995624,-23.5124719]}},{"type":"Feature","properties":{"MEUTIMAO_ID":"5316","DATA":"2017-04-15","ANO JOGO":2017,"MODALIDADE":"Feminino","MANDANTE / VISITANTE (SCCP)":"Sim","TIME MANDANTE":"CORINTHIANS","GOLS MANDANTE":3,"TIME VISITANTE":"SÃO JOSÉ","GOLS VISITANTE":1,"PLACAR":"3x1","RESULTADO":"VITÓRIA","ADVERSÁRIO":"SÃO JOSÉ","GOLS SCCP":3,"GOLS ADVERSÁRIO":1,"SALDO DE GOLS":2,"COMPETIÇÃO":"Paulista Feminino 2017","ESTÁDIO":"Arena Barueri","ESTÁDIO_ORIGINAL":"Arena Barueri","FONTE":"Meu Timão","URL_FONTE":"https://www.meutimao.com.br/jogo/5316/paulista-feminino-2017/corinthians-3-x-1-sao_jose","LATITUDE":-23.5124719,"LONGITUDE":-46.8995624,"ERA":"2016-Presente","PAIS_ISO3":"BRA","PAIS_FONTE":"Brazil","FONTE_CORRECAO_PAIS":"https://data.geocode.earth/wof/dist/legacy/whosonfirst-data-country-latest.tar.bz2"},"geometry":{"type":"Point","coordinates":[-46.8995624,-23.5124719]}},{"type":"Feature","properties":{"MEUTIMAO_ID":"5158","DATA":"2017-04-12","ANO JOGO":2017,"MODALIDADE":"Feminino","MANDANTE / VISITANTE (SCCP)":"Não","TIME MANDANTE":"IRANDUBA","GOLS MANDANTE":1,"TIME VISITANTE":"CORINTHIANS","GOLS VISITANTE":0,"PLACAR":"1x0","RESULTADO":"DERROTA","ADVERSÁRIO":"IRANDUBA","GOLS SCCP":0,"GOLS ADVERSÁRIO":1,"SALDO DE GOLS":-1,"COMPETIÇÃO":"Brasileirão Feminino 2017","ESTÁDIO":"Arena da Amazônia","ESTÁDIO_ORIGINAL":"Arena Amazônia","FONTE":"Meu Timão","URL_FONTE":"https://www.meutimao.com.br/jogo/5158/brasileirao-feminino-2017/iranduba-1-x-0-corinthians","LATITUDE":-3.0832457,"LONGITUDE":-60.0281392,"ERA":"2016-Presente","PAIS_ISO3":"BRA","PAIS_FONTE":"Brazil","FONTE_CORRECAO_PAIS":"https://data.geocode.earth/wof/dist/legacy/whosonfirst-data-country-latest.tar.bz2"},"geometry":{"type":"Point","coordinates":[-60.0281392,-3.0832457]}},{"type":"Feature","properties":{"MEUTIMAO_ID":"5315","DATA":"2017-04-09","ANO JOGO":2017,"MODALIDADE":"Feminino","MANDANTE / VISITANTE (SCCP)":"Não","TIME MANDANTE":"AD CENTRO OLÍMPICO","GOLS MANDANTE":0,"TIME VISITANTE":"CORINTHIANS","GOLS VISITANTE":4,"PLACAR":"0x4","RESULTADO":"VITÓRIA","ADVERSÁRIO":"AD CENTRO OLÍMPICO","GOLS SCCP":4,"GOLS ADVERSÁRIO":0,"SALDO DE GOLS":4,"COMPETIÇÃO":"Paulista Feminino 2017","ESTÁDIO":"Indefinido","ESTÁDIO_ORIGINAL":"Indefinido","FONTE":"Meu Timão","URL_FONTE":"https://www.meutimao.com.br/jogo/5315/paulista-feminino-2017/ad_centro_olimpico-0-x-4-corinthians","LATITUDE":null,"LONGITUDE":null,"ERA":"2016-Presente"},"geometry":null},{"type":"Feature","properties":{"MEUTIMAO_ID":"5157","DATA":"2017-04-05","ANO JOGO":2017,"MODALIDADE":"Feminino","MANDANTE / VISITANTE (SCCP)":"Não","TIME MANDANTE":"VITÓRIA-PE","GOLS MANDANTE":0,"TIME VISITANTE":"CORINTHIANS","GOLS VISITANTE":3,"PLACAR":"0x3","RESULTADO":"VITÓRIA","ADVERSÁRIO":"VITÓRIA-PE","GOLS SCCP":3,"GOLS ADVERSÁRIO":0,"SALDO DE GOLS":3,"COMPETIÇÃO":"Brasileirão Feminino 2017","ESTÁDIO":"Barbosão","ESTÁDIO_ORIGINAL":"Barbosão","FONTE":"Meu Timão","URL_FONTE":"https://www.meutimao.com.br/jogo/5157/brasileirao-feminino-2017/vitoria-pe-0-x-3-corinthians","LATITUDE":-8.238271,"LONGITUDE":-35.457148,"ERA":"2016-Presente","PAIS_ISO3":"BRA","PAIS_FONTE":"Brazil","FONTE_CORRECAO_PAIS":"https://data.geocode.earth/wof/dist/legacy/whosonfirst-data-country-latest.tar.bz2"},"geometry":{"type":"Point","coordinates":[-35.457148,-8.238271]}},{"type":"Feature","properties":{"MEUTIMAO_ID":"5156","DATA":"2017-04-02","ANO JOGO":2017,"MODALIDADE":"Feminino","MANDANTE / VISITANTE (SCCP)":"Sim","TIME MANDANTE":"CORINTHIANS","GOLS MANDANTE":1,"TIME VISITANTE":"SPORT","GOLS VISITANTE":0,"PLACAR":"1x0","RESULTADO":"VITÓRIA","ADVERSÁRIO":"SPORT","GOLS SCCP":1,"GOLS ADVERSÁRIO":0,"SALDO DE GOLS":1,"COMPETIÇÃO":"Brasileirão Feminino 2017","ESTÁDIO":"Arena Barueri","ESTÁDIO_ORIGINAL":"Arena Barueri","FONTE":"Meu Timão","URL_FONTE":"https://www.meutimao.com.br/jogo/5156/brasileirao-feminino-2017/corinthians-1-x-0-sport","LATITUDE":-23.5124719,"LONGITUDE":-46.8995624,"ERA":"2016-Presente","PAIS_ISO3":"BRA","PAIS_FONTE":"Brazil","FONTE_CORRECAO_PAIS":"https://data.geocode.earth/wof/dist/legacy/whosonfirst-data-country-latest.tar.bz2"},"geometry":{"type":"Point","coordinates":[-46.8995624,-23.5124719]}},{"type":"Feature","properties":{"MEUTIMAO_ID":"5155","DATA":"2017-03-30","ANO JOGO":2017,"MODALIDADE":"Feminino","MANDANTE / VISITANTE (SCCP)":"Sim","TIME MANDANTE":"CORINTHIANS","GOLS MANDANTE":1,"TIME VISITANTE":"AUDAX","GOLS VISITANTE":0,"PLACAR":"1x0","RESULTADO":"VITÓRIA","ADVERSÁRIO":"AUDAX","GOLS SCCP":1,"GOLS ADVERSÁRIO":0,"SALDO DE GOLS":1,"COMPETIÇÃO":"Brasileirão Feminino 2017","ESTÁDIO":"Arena Barueri","ESTÁDIO_ORIGINAL":"Arena Barueri","FONTE":"Meu Timão","URL_FONTE":"https://www.meutimao.com.br/jogo/5155/brasileirao-feminino-2017/corinthians-1-x-0-audax","LATITUDE":-23.5124719,"LONGITUDE":-46.8995624,"ERA":"2016-Presente","PAIS_ISO3":"BRA","PAIS_FONTE":"Brazil","FONTE_CORRECAO_PAIS":"https://data.geocode.earth/wof/dist/legacy/whosonfirst-data-country-latest.tar.bz2"},"geometry":{"type":"Point","coordinates":[-46.8995624,-23.5124719]}},{"type":"Feature","properties":{"MEUTIMAO_ID":"5154","DATA":"2017-03-26","ANO JOGO":2017,"MODALIDADE":"Feminino","MANDANTE / VISITANTE (SCCP)":"Não","TIME MANDANTE":"GRÊMIO","GOLS MANDANTE":0,"TIME VISITANTE":"CORINTHIANS","GOLS VISITANTE":5,"PLACAR":"0x5","RESULTADO":"VITÓRIA","ADVERSÁRIO":"GRÊMIO","GOLS SCCP":5,"GOLS ADVERSÁRIO":0,"SALDO DE GOLS":5,"COMPETIÇÃO":"Brasileirão Feminino 2017","ESTÁDIO":"AIRTON FERREIRA DA SILVA (CT HÉLIO DOURADO)","ESTÁDIO_ORIGINAL":"CT Hélio Dourado","FONTE":"Meu Timão","URL_FONTE":"https://www.meutimao.com.br/jogo/5154/brasileirao-feminino-2017/gremio-0-x-5-corinthians","LATITUDE":-30.019920501199675,"LONGITUDE":-51.30776536193216,"ERA":"2016-Presente","PAIS_ISO3":"BRA","PAIS_FONTE":"Brazil","FONTE_CORRECAO_PAIS":"https://data.geocode.earth/wof/dist/legacy/whosonfirst-data-country-latest.tar.bz2"},"geometry":{"type":"Point","coordinates":[-51.30776536193216,-30.019920501199675]}},{"type":"Feature","properties":{"MEUTIMAO_ID":"5153","DATA":"2017-03-20","ANO JOGO":2017,"MODALIDADE":"Feminino","MANDANTE / VISITANTE (SCCP)":"Sim","TIME MANDANTE":"CORINTHIANS","GOLS MANDANTE":3,"TIME VISITANTE":"KINDERMANN","GOLS VISITANTE":2,"PLACAR":"3x2","RESULTADO":"VITÓRIA","ADVERSÁRIO":"KINDERMANN","GOLS SCCP":3,"GOLS ADVERSÁRIO":2,"SALDO DE GOLS":1,"COMPETIÇÃO":"Brasileirão Feminino 2017","ESTÁDIO":"Arena Barueri","ESTÁDIO_ORIGINAL":"Arena Barueri","FONTE":"Meu Timão","URL_FONTE":"https://www.meutimao.com.br/jogo/5153/brasileirao-feminino-2017/corinthians-3-x-2-kindermann","LATITUDE":-23.5124719,"LONGITUDE":-46.8995624,"ERA":"2016-Presente","PAIS_ISO3":"BRA","PAIS_FONTE":"Brazil","FONTE_CORRECAO_PAIS":"https://data.geocode.earth/wof/dist/legacy/whosonfirst-data-country-latest.tar.bz2"},"geometry":{"type":"Point","coordinates":[-46.8995624,-23.5124719]}},{"type":"Feature","properties":{"MEUTIMAO_ID":"5152","DATA":"2017-03-12","ANO JOGO":2017,"MODALIDADE":"Feminino","MANDANTE / VISITANTE (SCCP)":"Não","TIME MANDANTE":"SÃO FRANCISCO","GOLS MANDANTE":0,"TIME VISITANTE":"CORINTHIANS","GOLS VISITANTE":4,"PLACAR":"0x4","RESULTADO":"VITÓRIA","ADVERSÁRIO":"SÃO FRANCISCO","GOLS SCCP":4,"GOLS ADVERSÁRIO":0,"SALDO DE GOLS":4,"COMPETIÇÃO":"Brasileirão Feminino 2017","ESTÁDIO":"JUNQUEIRA AYRES","ESTÁDIO_ORIGINAL":"Junqueira Ayres","FONTE":"Meu Timão","URL_FONTE":"https://www.meutimao.com.br/jogo/5152/brasileirao-feminino-2017/sao_francisco-0-x-4-corinthians","LATITUDE":-12.623608328259063,"LONGITUDE":-38.684901560085635,"ERA":"2016-Presente","PAIS_ISO3":"BRA","PAIS_FONTE":"Brazil","FONTE_CORRECAO_PAIS":"https://data.geocode.earth/wof/dist/legacy/whosonfirst-data-country-latest.tar.bz2"},"geometry":{"type":"Point","coordinates":[-38.684901560085635,-12.623608328259063]}},{"type":"Feature","properties":{"MEUTIMAO_ID":"1014","DATA":"2018-10-26","ANO JOGO":2018,"MODALIDADE":"Feminino","MANDANTE / VISITANTE (SCCP)":"Sim","TIME MANDANTE":"CORINTHIANS","GOLS MANDANTE":4,"TIME VISITANTE":"RIO PRETO","GOLS VISITANTE":0,"PLACAR":"4x0","RESULTADO":"VITÓRIA","ADVERSÁRIO":"RIO PRETO","GOLS SCCP":4,"GOLS ADVERSÁRIO":0,"SALDO DE GOLS":4,"COMPETIÇÃO":"Brasileiro Feminino 2018","ESTÁDIO":"Estádio Alfredo Schürig (Fazendinha)","ESTÁDIO_ORIGINAL":"Fazendinha","FONTE":"Meu Timão","URL_FONTE":"https://www.meutimao.com.br/jogo/1014/brasileiro-feminino-2018/final/corinthians-4-x-0-rio_preto","LATITUDE":-23.526659630812546,"LONGITUDE":-46.5694808951696,"ERA":"2016-Presente","PAIS_ISO3":"BRA","PAIS_FONTE":"Brazil","FONTE_CORRECAO_PAIS":"https://data.geocode.earth/wof/dist/legacy/whosonfirst-data-country-latest.tar.bz2"},"geometry":{"type":"Point","coordinates":[-46.5694808951696,-23.526659630812546]}},{"type":"Feature","properties":{"MEUTIMAO_ID":"1013","DATA":"2018-10-20","ANO JOGO":2018,"MODALIDADE":"Feminino","MANDANTE / VISITANTE (SCCP)":"Não","TIME MANDANTE":"RIO PRETO","GOLS MANDANTE":0,"TIME VISITANTE":"CORINTHIANS","GOLS VISITANTE":1,"PLACAR":"0x1","RESULTADO":"VITÓRIA","ADVERSÁRIO":"RIO PRETO","GOLS SCCP":1,"GOLS ADVERSÁRIO":0,"SALDO DE GOLS":1,"COMPETIÇÃO":"Brasileiro Feminino 2018","ESTÁDIO":"Rio Pretão","ESTÁDIO_ORIGINAL":"Rio Pretão","FONTE":"Meu Timão","URL_FONTE":"https://www.meutimao.com.br/jogo/1013/brasileiro-feminino-2018/final/rio_preto-0-x-1-corinthians","LATITUDE":-20.8345771,"LONGITUDE":-49.4011085,"ERA":"2016-Presente","PAIS_ISO3":"BRA","PAIS_FONTE":"Brazil","FONTE_CORRECAO_PAIS":"https://data.geocode.earth/wof/dist/legacy/whosonfirst-data-country-latest.tar.bz2"},"geometry":{"type":"Point","coordinates":[-49.4011085,-20.8345771]}},{"type":"Feature","properties":{"MEUTIMAO_ID":"998","DATA":"2018-10-11","ANO JOGO":2018,"MODALIDADE":"Feminino","MANDANTE / VISITANTE (SCCP)":"Sim","TIME MANDANTE":"CORINTHIANS","GOLS MANDANTE":4,"TIME VISITANTE":"FLAMENGO","GOLS VISITANTE":2,"PLACAR":"4x2","RESULTADO":"VITÓRIA","ADVERSÁRIO":"FLAMENGO","GOLS SCCP":4,"GOLS ADVERSÁRIO":2,"SALDO DE GOLS":2,"COMPETIÇÃO":"Brasileiro Feminino 2018","ESTÁDIO":"Estádio Alfredo Schürig (Fazendinha)","ESTÁDIO_ORIGINAL":"Fazendinha","FONTE":"Meu Timão","URL_FONTE":"https://www.meutimao.com.br/jogo/998/brasileiro-feminino-2018/corinthians-4-x-2-flamengo","LATITUDE":-23.526659630812546,"LONGITUDE":-46.5694808951696,"ERA":"2016-Presente","PAIS_ISO3":"BRA","PAIS_FONTE":"Brazil","FONTE_CORRECAO_PAIS":"https://data.geocode.earth/wof/dist/legacy/whosonfirst-data-country-latest.tar.bz2"},"geometry":{"type":"Point","coordinates":[-46.5694808951696,-23.526659630812546]}},{"type":"Feature","properties":{"MEUTIMAO_ID":"1000","DATA":"2018-10-06","ANO JOGO":2018,"MODALIDADE":"Feminino","MANDANTE / VISITANTE (SCCP)":"Sim","TIME MANDANTE":"CORINTHIANS","GOLS MANDANTE":2,"TIME VISITANTE":"SANTOS","GOLS VISITANTE":2,"PLACAR":"2x2","RESULTADO":"EMPATE","ADVERSÁRIO":"SANTOS","GOLS SCCP":2,"GOLS ADVERSÁRIO":2,"SALDO DE GOLS":0,"COMPETIÇÃO":"Paulista Feminino 2018","ESTÁDIO":"Estádio Alfredo Schürig (Fazendinha)","ESTÁDIO_ORIGINAL":"Fazendinha","FONTE":"Meu Timão","URL_FONTE":"https://www.meutimao.com.br/jogo/1000/paulista-feminino-2018/final/corinthians-2-x-2-santos","LATITUDE":-23.526659630812546,"LONGITUDE":-46.5694808951696,"ERA":"2016-Presente","PAIS_ISO3":"BRA","PAIS_FONTE":"Brazil","FONTE_CORRECAO_PAIS":"https://data.geocode.earth/wof/dist/legacy/whosonfirst-data-country-latest.tar.bz2"},"geometry":{"type":"Point","coordinates":[-46.5694808951696,-23.526659630812546]}},{"type":"Feature","properties":{"MEUTIMAO_ID":"999","DATA":"2018-10-02","ANO JOGO":2018,"MODALIDADE":"Feminino","MANDANTE / VISITANTE (SCCP)":"Não","TIME MANDANTE":"SANTOS","GOLS MANDANTE":1,"TIME VISITANTE":"CORINTHIANS","GOLS VISITANTE":0,"PLACAR":"1x0","RESULTADO":"DERROTA","ADVERSÁRIO":"SANTOS","GOLS SCCP":0,"GOLS ADVERSÁRIO":1,"SALDO DE GOLS":-1,"COMPETIÇÃO":"Paulista Feminino 2018","ESTÁDIO":"Vila Belmiro","ESTÁDIO_ORIGINAL":"Vila Belmiro","FONTE":"Meu Timão","URL_FONTE":"https://www.meutimao.com.br/jogo/999/paulista-feminino-2018/final/santos-1-x-0-corinthians","LATITUDE":-23.95083320224522,"LONGITUDE":-46.33836796008564,"ERA":"2016-Presente","PAIS_ISO3":"BRA","PAIS_FONTE":"Brazil","FONTE_CORRECAO_PAIS":"https://data.geocode.earth/wof/dist/legacy/whosonfirst-data-country-latest.tar.bz2"},"geometry":{"type":"Point","coordinates":[-46.33836796008564,-23.95083320224522]}},{"type":"Feature","properties":{"MEUTIMAO_ID":"997","DATA":"2018-09-26","ANO JOGO":2018,"MODALIDADE":"Feminino","MANDANTE / VISITANTE (SCCP)":"Não","TIME MANDANTE":"FLAMENGO","GOLS MANDANTE":2,"TIME VISITANTE":"CORINTHIANS","GOLS VISITANTE":1,"PLACAR":"2x1","RESULTADO":"DERROTA","ADVERSÁRIO":"FLAMENGO","GOLS SCCP":1,"GOLS ADVERSÁRIO":2,"SALDO DE GOLS":-1,"COMPETIÇÃO":"Brasileiro Feminino 2018","ESTÁDIO":"Estádio da Gávea","ESTÁDIO_ORIGINAL":"Estádio da Gávea","FONTE":"Meu Timão","URL_FONTE":"https://www.meutimao.com.br/jogo/997/brasileiro-feminino-2018/flamengo-2-x-1-corinthians","LATITUDE":-22.9110137,"LONGITUDE":-43.2093727,"ERA":"2016-Presente","PAIS_ISO3":"BRA","PAIS_FONTE":"Brazil","FONTE_CORRECAO_PAIS":"https://data.geocode.earth/wof/dist/legacy/whosonfirst-data-country-latest.tar.bz2"},"geometry":{"type":"Point","coordinates":[-43.2093727,-22.9110137]}},{"type":"Feature","properties":{"MEUTIMAO_ID":"996","DATA":"2018-09-22","ANO JOGO":2018,"MODALIDADE":"Feminino","MANDANTE / VISITANTE (SCCP)":"Sim","TIME MANDANTE":"CORINTHIANS","GOLS MANDANTE":0,"TIME VISITANTE":"TAUBATÉ","GOLS VISITANTE":0,"PLACAR":"0x0","RESULTADO":"EMPATE","ADVERSÁRIO":"TAUBATÉ","GOLS SCCP":0,"GOLS ADVERSÁRIO":0,"SALDO DE GOLS":0,"COMPETIÇÃO":"Paulista Feminino 2018","ESTÁDIO":"Estádio Alfredo Schürig (Fazendinha)","ESTÁDIO_ORIGINAL":"Fazendinha","FONTE":"Meu Timão","URL_FONTE":"https://www.meutimao.com.br/jogo/996/paulista-feminino-2018/corinthians-0-x-0-taubate","LATITUDE":-23.526659630812546,"LONGITUDE":-46.5694808951696,"ERA":"2016-Presente","PAIS_ISO3":"BRA","PAIS_FONTE":"Brazil","FONTE_CORRECAO_PAIS":"https://data.geocode.earth/wof/dist/legacy/whosonfirst-data-country-latest.tar.bz2"},"geometry":{"type":"Point","coordinates":[-46.5694808951696,-23.526659630812546]}},{"type":"Feature","properties":{"MEUTIMAO_ID":"982","DATA":"2018-09-19","ANO JOGO":2018,"MODALIDADE":"Feminino","MANDANTE / VISITANTE (SCCP)":"Sim","TIME MANDANTE":"CORINTHIANS","GOLS MANDANTE":2,"TIME VISITANTE":"PONTE PRETA","GOLS VISITANTE":0,"PLACAR":"2x0","RESULTADO":"VITÓRIA","ADVERSÁRIO":"PONTE PRETA","GOLS SCCP":2,"GOLS ADVERSÁRIO":0,"SALDO DE GOLS":2,"COMPETIÇÃO":"Brasileiro Feminino 2018","ESTÁDIO":"Estádio Alfredo Schürig (Fazendinha)","ESTÁDIO_ORIGINAL":"Fazendinha","FONTE":"Meu Timão","URL_FONTE":"https://www.meutimao.com.br/jogo/982/brasileiro-feminino-2018/quartas_de_final/corinthians-2-x-0-ponte_preta","LATITUDE":-23.526659630812546,"LONGITUDE":-46.5694808951696,"ERA":"2016-Presente","PAIS_ISO3":"BRA","PAIS_FONTE":"Brazil","FONTE_CORRECAO_PAIS":"https://data.geocode.earth/wof/dist/legacy/whosonfirst-data-country-latest.tar.bz2"},"geometry":{"type":"Point","coordinates":[-46.5694808951696,-23.526659630812546]}},{"type":"Feature","properties":{"MEUTIMAO_ID":"995","DATA":"2018-09-16","ANO JOGO":2018,"MODALIDADE":"Feminino","MANDANTE / VISITANTE (SCCP)":"Não","TIME MANDANTE":"TAUBATÉ","GOLS MANDANTE":0,"TIME VISITANTE":"CORINTHIANS","GOLS VISITANTE":3,"PLACAR":"0x3","RESULTADO":"VITÓRIA","ADVERSÁRIO":"TAUBATÉ","GOLS SCCP":3,"GOLS ADVERSÁRIO":0,"SALDO DE GOLS":3,"COMPETIÇÃO":"Paulista Feminino 2018","ESTÁDIO":"Joaquinzão","ESTÁDIO_ORIGINAL":"Joaquinzão","FONTE":"Meu Timão","URL_FONTE":"https://www.meutimao.com.br/jogo/995/paulista-feminino-2018/taubate-0-x-3-corinthians","LATITUDE":-23.028033,"LONGITUDE":-45.5703466,"ERA":"2016-Presente","PAIS_ISO3":"BRA","PAIS_FONTE":"Brazil","FONTE_CORRECAO_PAIS":"https://data.geocode.earth/wof/dist/legacy/whosonfirst-data-country-latest.tar.bz2"},"geometry":{"type":"Point","coordinates":[-45.5703466,-23.028033]}},{"type":"Feature","properties":{"MEUTIMAO_ID":"981","DATA":"2018-09-11","ANO JOGO":2018,"MODALIDADE":"Feminino","MANDANTE / VISITANTE (SCCP)":"Não","TIME MANDANTE":"PONTE PRETA","GOLS MANDANTE":0,"TIME VISITANTE":"CORINTHIANS","GOLS VISITANTE":1,"PLACAR":"0x1","RESULTADO":"VITÓRIA","ADVERSÁRIO":"PONTE PRETA","GOLS SCCP":1,"GOLS ADVERSÁRIO":0,"SALDO DE GOLS":1,"COMPETIÇÃO":"Brasileiro Feminino 2018","ESTÁDIO":"MOISÉS LUCARELLI (MAJESTOSO)","ESTÁDIO_ORIGINAL":"Moisés Lucarelli","FONTE":"Meu Timão","URL_FONTE":"https://www.meutimao.com.br/jogo/981/brasileiro-feminino-2018/quartas_de_final/ponte_preta-0-x-1-corinthians","LATITUDE":-22.912600582555537,"LONGITUDE":-47.05115367918981,"ERA":"2016-Presente","PAIS_ISO3":"BRA","PAIS_FONTE":"Brazil","FONTE_CORRECAO_PAIS":"https://data.geocode.earth/wof/dist/legacy/whosonfirst-data-country-latest.tar.bz2"},"geometry":{"type":"Point","coordinates":[-47.05115367918981,-22.912600582555537]}},{"type":"Feature","properties":{"MEUTIMAO_ID":"969","DATA":"2018-09-08","ANO JOGO":2018,"MODALIDADE":"Feminino","MANDANTE / VISITANTE (SCCP)":"Sim","TIME MANDANTE":"CORINTHIANS","GOLS MANDANTE":2,"TIME VISITANTE":"TAUBATÉ","GOLS VISITANTE":1,"PLACAR":"2x1","RESULTADO":"VITÓRIA","ADVERSÁRIO":"TAUBATÉ","GOLS SCCP":2,"GOLS ADVERSÁRIO":1,"SALDO DE GOLS":1,"COMPETIÇÃO":"Paulista Feminino 2018","ESTÁDIO":"Estádio Alfredo Schürig (Fazendinha)","ESTÁDIO_ORIGINAL":"Fazendinha","FONTE":"Meu Timão","URL_FONTE":"https://www.meutimao.com.br/jogo/969/paulista-feminino-2018/corinthians-2-x-1-taubate","LATITUDE":-23.526659630812546,"LONGITUDE":-46.5694808951696,"ERA":"2016-Presente","PAIS_ISO3":"BRA","PAIS_FONTE":"Brazil","FONTE_CORRECAO_PAIS":"https://data.geocode.earth/wof/dist/legacy/whosonfirst-data-country-latest.tar.bz2"},"geometry":{"type":"Point","coordinates":[-46.5694808951696,-23.526659630812546]}},{"type":"Feature","properties":{"MEUTIMAO_ID":"968","DATA":"2018-09-02","ANO JOGO":2018,"MODALIDADE":"Feminino","MANDANTE / VISITANTE (SCCP)":"Não","TIME MANDANTE":"PONTE PRETA","GOLS MANDANTE":0,"TIME VISITANTE":"CORINTHIANS","GOLS VISITANTE":3,"PLACAR":"0x3","RESULTADO":"VITÓRIA","ADVERSÁRIO":"PONTE PRETA","GOLS SCCP":3,"GOLS ADVERSÁRIO":0,"SALDO DE GOLS":3,"COMPETIÇÃO":"Paulista Feminino 2018","ESTÁDIO":"NELO BRACALENTE (CAMPO DO AQUÁRIO)","ESTÁDIO_ORIGINAL":"Nelo Bracalente","FONTE":"Meu Timão","URL_FONTE":"https://www.meutimao.com.br/jogo/968/paulista-feminino-2018/ponte_preta-0-x-3-corinthians","LATITUDE":-23.026066256410274,"LONGITUDE":-46.987202025851325,"ERA":"2016-Presente","PAIS_ISO3":"BRA","PAIS_FONTE":"Brazil","FONTE_CORRECAO_PAIS":"https://data.geocode.earth/wof/dist/legacy/whosonfirst-data-country-latest.tar.bz2"},"geometry":{"type":"Point","coordinates":[-46.987202025851325,-23.026066256410274]}},{"type":"Feature","properties":{"MEUTIMAO_ID":"967","DATA":"2018-08-26","ANO JOGO":2018,"MODALIDADE":"Feminino","MANDANTE / VISITANTE (SCCP)":"Sim","TIME MANDANTE":"CORINTHIANS","GOLS MANDANTE":3,"TIME VISITANTE":"FERROVIÁRIA","GOLS VISITANTE":0,"PLACAR":"3x0","RESULTADO":"VITÓRIA","ADVERSÁRIO":"FERROVIÁRIA","GOLS SCCP":3,"GOLS ADVERSÁRIO":0,"SALDO DE GOLS":3,"COMPETIÇÃO":"Paulista Feminino 2018","ESTÁDIO":"Estádio Alfredo Schürig (Fazendinha)","ESTÁDIO_ORIGINAL":"Fazendinha","FONTE":"Meu Timão","URL_FONTE":"https://www.meutimao.com.br/jogo/967/paulista-feminino-2018/corinthians-3-x-0-ferroviaria","LATITUDE":-23.526659630812546,"LONGITUDE":-46.5694808951696,"ERA":"2016-Presente","PAIS_ISO3":"BRA","PAIS_FONTE":"Brazil","FONTE_CORRECAO_PAIS":"https://data.geocode.earth/wof/dist/legacy/whosonfirst-data-country-latest.tar.bz2"},"geometry":{"type":"Point","coordinates":[-46.5694808951696,-23.526659630812546]}},{"type":"Feature","properties":{"MEUTIMAO_ID":"921","DATA":"2018-08-22","ANO JOGO":2018,"MODALIDADE":"Feminino","MANDANTE / VISITANTE (SCCP)":"Não","TIME MANDANTE":"SÃO FRANCISCO","GOLS MANDANTE":0,"TIME VISITANTE":"CORINTHIANS","GOLS VISITANTE":0,"PLACAR":"0x0","RESULTADO":"EMPATE","ADVERSÁRIO":"SÃO FRANCISCO","GOLS SCCP":0,"GOLS ADVERSÁRIO":0,"SALDO DE GOLS":0,"COMPETIÇÃO":"Brasileiro Feminino 2018","ESTÁDIO":"JUNQUEIRA AYRES","ESTÁDIO_ORIGINAL":"Junqueira Ayres","FONTE":"Meu Timão","URL_FONTE":"https://www.meutimao.com.br/jogo/921/brasileiro-feminino-2018/sao_francisco-0-x-0-corinthians","LATITUDE":-12.623608328259063,"LONGITUDE":-38.684901560085635,"ERA":"2016-Presente","PAIS_ISO3":"BRA","PAIS_FONTE":"Brazil","FONTE_CORRECAO_PAIS":"https://data.geocode.earth/wof/dist/legacy/whosonfirst-data-country-latest.tar.bz2"},"geometry":{"type":"Point","coordinates":[-38.684901560085635,-12.623608328259063]}},{"type":"Feature","properties":{"MEUTIMAO_ID":"966","DATA":"2018-08-19","ANO JOGO":2018,"MODALIDADE":"Feminino","MANDANTE / VISITANTE (SCCP)":"Não","TIME MANDANTE":"FERROVIÁRIA","GOLS MANDANTE":0,"TIME VISITANTE":"CORINTHIANS","GOLS VISITANTE":1,"PLACAR":"0x1","RESULTADO":"VITÓRIA","ADVERSÁRIO":"FERROVIÁRIA","GOLS SCCP":1,"GOLS ADVERSÁRIO":0,"SALDO DE GOLS":1,"COMPETIÇÃO":"Paulista Feminino 2018","ESTÁDIO":"Fonte Luminosa","ESTÁDIO_ORIGINAL":"Fonte Luminosa","FONTE":"Meu Timão","URL_FONTE":"https://www.meutimao.com.br/jogo/966/paulista-feminino-2018/ferroviaria-0-x-1-corinthians","LATITUDE":-21.7886713,"LONGITUDE":-48.1773096,"ERA":"2016-Presente","PAIS_ISO3":"BRA","PAIS_FONTE":"Brazil","FONTE_CORRECAO_PAIS":"https://data.geocode.earth/wof/dist/legacy/whosonfirst-data-country-latest.tar.bz2"},"geometry":{"type":"Point","coordinates":[-48.1773096,-21.7886713]}},{"type":"Feature","properties":{"MEUTIMAO_ID":"920","DATA":"2018-08-15","ANO JOGO":2018,"MODALIDADE":"Feminino","MANDANTE / VISITANTE (SCCP)":"Sim","TIME MANDANTE":"CORINTHIANS","GOLS MANDANTE":0,"TIME VISITANTE":"SÃO JOSÉ","GOLS VISITANTE":0,"PLACAR":"0x0","RESULTADO":"EMPATE","ADVERSÁRIO":"SÃO JOSÉ","GOLS SCCP":0,"GOLS ADVERSÁRIO":0,"SALDO DE GOLS":0,"COMPETIÇÃO":"Brasileiro Feminino 2018","ESTÁDIO":"Estádio Alfredo Schürig (Fazendinha)","ESTÁDIO_ORIGINAL":"Fazendinha","FONTE":"Meu Timão","URL_FONTE":"https://www.meutimao.com.br/jogo/920/brasileiro-feminino-2018/corinthians-0-x-0-sao_jose","LATITUDE":-23.526659630812546,"LONGITUDE":-46.5694808951696,"ERA":"2016-Presente","PAIS_ISO3":"BRA","PAIS_FONTE":"Brazil","FONTE_CORRECAO_PAIS":"https://data.geocode.earth/wof/dist/legacy/whosonfirst-data-country-latest.tar.bz2"},"geometry":{"type":"Point","coordinates":[-46.5694808951696,-23.526659630812546]}},{"type":"Feature","properties":{"MEUTIMAO_ID":"965","DATA":"2018-08-11","ANO JOGO":2018,"MODALIDADE":"Feminino","MANDANTE / VISITANTE (SCCP)":"Sim","TIME MANDANTE":"CORINTHIANS","GOLS MANDANTE":2,"TIME VISITANTE":"PONTE PRETA","GOLS VISITANTE":0,"PLACAR":"2x0","RESULTADO":"VITÓRIA","ADVERSÁRIO":"PONTE PRETA","GOLS SCCP":2,"GOLS ADVERSÁRIO":0,"SALDO DE GOLS":2,"COMPETIÇÃO":"Paulista Feminino 2018","ESTÁDIO":"Estádio Alfredo Schürig (Fazendinha)","ESTÁDIO_ORIGINAL":"Fazendinha","FONTE":"Meu Timão","URL_FONTE":"https://www.meutimao.com.br/jogo/965/paulista-feminino-2018/corinthians-2-x-0-ponte_preta","LATITUDE":-23.526659630812546,"LONGITUDE":-46.5694808951696,"ERA":"2016-Presente","PAIS_ISO3":"BRA","PAIS_FONTE":"Brazil","FONTE_CORRECAO_PAIS":"https://data.geocode.earth/wof/dist/legacy/whosonfirst-data-country-latest.tar.bz2"},"geometry":{"type":"Point","coordinates":[-46.5694808951696,-23.526659630812546]}},{"type":"Feature","properties":{"MEUTIMAO_ID":"919","DATA":"2018-08-08","ANO JOGO":2018,"MODALIDADE":"Feminino","MANDANTE / VISITANTE (SCCP)":"Sim","TIME MANDANTE":"CORINTHIANS","GOLS MANDANTE":3,"TIME VISITANTE":"SPORT","GOLS VISITANTE":1,"PLACAR":"3x1","RESULTADO":"VITÓRIA","ADVERSÁRIO":"SPORT","GOLS SCCP":3,"GOLS ADVERSÁRIO":1,"SALDO DE GOLS":2,"COMPETIÇÃO":"Brasileiro Feminino 2018","ESTÁDIO":"Estádio Alfredo Schürig (Fazendinha)","ESTÁDIO_ORIGINAL":"Fazendinha","FONTE":"Meu Timão","URL_FONTE":"https://www.meutimao.com.br/jogo/919/brasileiro-feminino-2018/corinthians-3-x-1-sport","LATITUDE":-23.526659630812546,"LONGITUDE":-46.5694808951696,"ERA":"2016-Presente","PAIS_ISO3":"BRA","PAIS_FONTE":"Brazil","FONTE_CORRECAO_PAIS":"https://data.geocode.earth/wof/dist/legacy/whosonfirst-data-country-latest.tar.bz2"},"geometry":{"type":"Point","coordinates":[-46.5694808951696,-23.526659630812546]}},{"type":"Feature","properties":{"MEUTIMAO_ID":"964","DATA":"2018-08-04","ANO JOGO":2018,"MODALIDADE":"Feminino","MANDANTE / VISITANTE (SCCP)":"Não","TIME MANDANTE":"TAUBATÉ","GOLS MANDANTE":2,"TIME VISITANTE":"CORINTHIANS","GOLS VISITANTE":5,"PLACAR":"2x5","RESULTADO":"VITÓRIA","ADVERSÁRIO":"TAUBATÉ","GOLS SCCP":5,"GOLS ADVERSÁRIO":2,"SALDO DE GOLS":3,"COMPETIÇÃO":"Paulista Feminino 2018","ESTÁDIO":"Joaquinzão","ESTÁDIO_ORIGINAL":"Joaquinzão","FONTE":"Meu Timão","URL_FONTE":"https://www.meutimao.com.br/jogo/964/paulista-feminino-2018/taubate-2-x-5-corinthians","LATITUDE":-23.028033,"LONGITUDE":-45.5703466,"ERA":"2016-Presente","PAIS_ISO3":"BRA","PAIS_FONTE":"Brazil","FONTE_CORRECAO_PAIS":"https://data.geocode.earth/wof/dist/legacy/whosonfirst-data-country-latest.tar.bz2"},"geometry":{"type":"Point","coordinates":[-45.5703466,-23.028033]}},{"type":"Feature","properties":{"MEUTIMAO_ID":"918","DATA":"2018-07-18","ANO JOGO":2018,"MODALIDADE":"Feminino","MANDANTE / VISITANTE (SCCP)":"Não","TIME MANDANTE":"PINHEIRENSE","GOLS MANDANTE":1,"TIME VISITANTE":"CORINTHIANS","GOLS VISITANTE":6,"PLACAR":"1x6","RESULTADO":"VITÓRIA","ADVERSÁRIO":"PINHEIRENSE","GOLS SCCP":6,"GOLS ADVERSÁRIO":1,"SALDO DE GOLS":5,"COMPETIÇÃO":"Brasileiro Feminino 2018","ESTÁDIO":"Mangueirão","ESTÁDIO_ORIGINAL":"Mangueirão","FONTE":"Meu Timão","URL_FONTE":"https://www.meutimao.com.br/jogo/918/brasileiro-feminino-2018/pinheirense-1-x-6-corinthians","LATITUDE":-1.3811857,"LONGITUDE":-48.4441767,"ERA":"2016-Presente","PAIS_ISO3":"BRA","PAIS_FONTE":"Brazil","FONTE_CORRECAO_PAIS":"https://data.geocode.earth/wof/dist/legacy/whosonfirst-data-country-latest.tar.bz2"},"geometry":{"type":"Point","coordinates":[-48.4441767,-1.3811857]}},{"type":"Feature","properties":{"MEUTIMAO_ID":"917","DATA":"2018-07-13","ANO JOGO":2018,"MODALIDADE":"Feminino","MANDANTE / VISITANTE (SCCP)":"Sim","TIME MANDANTE":"CORINTHIANS","GOLS MANDANTE":1,"TIME VISITANTE":"KINDERMANN","GOLS VISITANTE":0,"PLACAR":"1x0","RESULTADO":"VITÓRIA","ADVERSÁRIO":"KINDERMANN","GOLS SCCP":1,"GOLS ADVERSÁRIO":0,"SALDO DE GOLS":1,"COMPETIÇÃO":"Brasileiro Feminino 2018","ESTÁDIO":"Estádio Alfredo Schürig (Fazendinha)","ESTÁDIO_ORIGINAL":"Fazendinha","FONTE":"Meu Timão","URL_FONTE":"https://www.meutimao.com.br/jogo/917/brasileiro-feminino-2018/corinthians-1-x-0-kindermann","LATITUDE":-23.526659630812546,"LONGITUDE":-46.5694808951696,"ERA":"2016-Presente","PAIS_ISO3":"BRA","PAIS_FONTE":"Brazil","FONTE_CORRECAO_PAIS":"https://data.geocode.earth/wof/dist/legacy/whosonfirst-data-country-latest.tar.bz2"},"geometry":{"type":"Point","coordinates":[-46.5694808951696,-23.526659630812546]}},{"type":"Feature","properties":{"MEUTIMAO_ID":"916","DATA":"2018-07-05","ANO JOGO":2018,"MODALIDADE":"Feminino","MANDANTE / VISITANTE (SCCP)":"Não","TIME MANDANTE":"IRANDUBA","GOLS MANDANTE":1,"TIME VISITANTE":"CORINTHIANS","GOLS VISITANTE":1,"PLACAR":"1x1","RESULTADO":"EMPATE","ADVERSÁRIO":"IRANDUBA","GOLS SCCP":1,"GOLS ADVERSÁRIO":1,"SALDO DE GOLS":0,"COMPETIÇÃO":"Brasileiro Feminino 2018","ESTÁDIO":"Arena da Amazônia","ESTÁDIO_ORIGINAL":"Arena Amazônia","FONTE":"Meu Timão","URL_FONTE":"https://www.meutimao.com.br/jogo/916/brasileiro-feminino-2018/iranduba-1-x-1-corinthians","LATITUDE":-3.0832457,"LONGITUDE":-60.0281392,"ERA":"2016-Presente","PAIS_ISO3":"BRA","PAIS_FONTE":"Brazil","FONTE_CORRECAO_PAIS":"https://data.geocode.earth/wof/dist/legacy/whosonfirst-data-country-latest.tar.bz2"},"geometry":{"type":"Point","coordinates":[-60.0281392,-3.0832457]}},{"type":"Feature","properties":{"MEUTIMAO_ID":"915","DATA":"2018-06-29","ANO JOGO":2018,"MODALIDADE":"Feminino","MANDANTE / VISITANTE (SCCP)":"Sim","TIME MANDANTE":"CORINTHIANS","GOLS MANDANTE":1,"TIME VISITANTE":"FERROVIÁRIA","GOLS VISITANTE":0,"PLACAR":"1x0","RESULTADO":"VITÓRIA","ADVERSÁRIO":"FERROVIÁRIA","GOLS SCCP":1,"GOLS ADVERSÁRIO":0,"SALDO DE GOLS":1,"COMPETIÇÃO":"Brasileiro Feminino 2018","ESTÁDIO":"Estádio Alfredo Schürig (Fazendinha)","ESTÁDIO_ORIGINAL":"Fazendinha","FONTE":"Meu Timão","URL_FONTE":"https://www.meutimao.com.br/jogo/915/brasileiro-feminino-2018/corinthians-1-x-0-ferroviaria","LATITUDE":-23.526659630812546,"LONGITUDE":-46.5694808951696,"ERA":"2016-Presente","PAIS_ISO3":"BRA","PAIS_FONTE":"Brazil","FONTE_CORRECAO_PAIS":"https://data.geocode.earth/wof/dist/legacy/whosonfirst-data-country-latest.tar.bz2"},"geometry":{"type":"Point","coordinates":[-46.5694808951696,-23.526659630812546]}},{"type":"Feature","properties":{"MEUTIMAO_ID":"933","DATA":"2018-06-23","ANO JOGO":2018,"MODALIDADE":"Feminino","MANDANTE / VISITANTE (SCCP)":"Sim","TIME MANDANTE":"CORINTHIANS","GOLS MANDANTE":3,"TIME VISITANTE":"PORTUGUESA","GOLS VISITANTE":0,"PLACAR":"3x0","RESULTADO":"VITÓRIA","ADVERSÁRIO":"PORTUGUESA","GOLS SCCP":3,"GOLS ADVERSÁRIO":0,"SALDO DE GOLS":3,"COMPETIÇÃO":"Paulista Feminino 2018","ESTÁDIO":"Estádio Alfredo Schürig (Fazendinha)","ESTÁDIO_ORIGINAL":"Fazendinha","FONTE":"Meu Timão","URL_FONTE":"https://www.meutimao.com.br/jogo/933/paulista-feminino-2018/corinthians-3-x-0-portuguesa","LATITUDE":-23.526659630812546,"LONGITUDE":-46.5694808951696,"ERA":"2016-Presente","PAIS_ISO3":"BRA","PAIS_FONTE":"Brazil","FONTE_CORRECAO_PAIS":"https://data.geocode.earth/wof/dist/legacy/whosonfirst-data-country-latest.tar.bz2"},"geometry":{"type":"Point","coordinates":[-46.5694808951696,-23.526659630812546]}},{"type":"Feature","properties":{"MEUTIMAO_ID":"914","DATA":"2018-06-19","ANO JOGO":2018,"MODALIDADE":"Feminino","MANDANTE / VISITANTE (SCCP)":"Não","TIME MANDANTE":"FERROVIÁRIA","GOLS MANDANTE":3,"TIME VISITANTE":"CORINTHIANS","GOLS VISITANTE":5,"PLACAR":"3x5","RESULTADO":"VITÓRIA","ADVERSÁRIO":"FERROVIÁRIA","GOLS SCCP":5,"GOLS ADVERSÁRIO":3,"SALDO DE GOLS":2,"COMPETIÇÃO":"Brasileiro Feminino 2018","ESTÁDIO":"Fonte Luminosa","ESTÁDIO_ORIGINAL":"Fonte Luminosa","FONTE":"Meu Timão","URL_FONTE":"https://www.meutimao.com.br/jogo/914/brasileiro-feminino-2018/ferroviaria-3-x-5-corinthians","LATITUDE":-21.7886713,"LONGITUDE":-48.1773096,"ERA":"2016-Presente","PAIS_ISO3":"BRA","PAIS_FONTE":"Brazil","FONTE_CORRECAO_PAIS":"https://data.geocode.earth/wof/dist/legacy/whosonfirst-data-country-latest.tar.bz2"},"geometry":{"type":"Point","coordinates":[-48.1773096,-21.7886713]}},{"type":"Feature","properties":{"MEUTIMAO_ID":"932","DATA":"2018-06-16","ANO JOGO":2018,"MODALIDADE":"Feminino","MANDANTE / VISITANTE (SCCP)":"Não","TIME MANDANTE":"TAUBATÉ","GOLS MANDANTE":0,"TIME VISITANTE":"CORINTHIANS","GOLS VISITANTE":1,"PLACAR":"0x1","RESULTADO":"VITÓRIA","ADVERSÁRIO":"TAUBATÉ","GOLS SCCP":1,"GOLS ADVERSÁRIO":0,"SALDO DE GOLS":1,"COMPETIÇÃO":"Paulista Feminino 2018","ESTÁDIO":"Joaquinzão","ESTÁDIO_ORIGINAL":"Joaquinzão","FONTE":"Meu Timão","URL_FONTE":"https://www.meutimao.com.br/jogo/932/paulista-feminino-2018/taubate-0-x-1-corinthians","LATITUDE":-23.028033,"LONGITUDE":-45.5703466,"ERA":"2016-Presente","PAIS_ISO3":"BRA","PAIS_FONTE":"Brazil","FONTE_CORRECAO_PAIS":"https://data.geocode.earth/wof/dist/legacy/whosonfirst-data-country-latest.tar.bz2"},"geometry":{"type":"Point","coordinates":[-45.5703466,-23.028033]}},{"type":"Feature","properties":{"MEUTIMAO_ID":"931","DATA":"2018-06-10","ANO JOGO":2018,"MODALIDADE":"Feminino","MANDANTE / VISITANTE (SCCP)":"Não","TIME MANDANTE":"JUVENTUS","GOLS MANDANTE":0,"TIME VISITANTE":"CORINTHIANS","GOLS VISITANTE":3,"PLACAR":"0x3","RESULTADO":"VITÓRIA","ADVERSÁRIO":"JUVENTUS","GOLS SCCP":3,"GOLS ADVERSÁRIO":0,"SALDO DE GOLS":3,"COMPETIÇÃO":"Paulista Feminino 2018","ESTÁDIO":"Rua Javari","ESTÁDIO_ORIGINAL":"Rua Javari","FONTE":"Meu Timão","URL_FONTE":"https://www.meutimao.com.br/jogo/931/paulista-feminino-2018/juventus-0-x-3-corinthians","LATITUDE":-23.5532921,"LONGITUDE":-46.6048538,"ERA":"2016-Presente","PAIS_ISO3":"BRA","PAIS_FONTE":"Brazil","FONTE_CORRECAO_PAIS":"https://data.geocode.earth/wof/dist/legacy/whosonfirst-data-country-latest.tar.bz2"},"geometry":{"type":"Point","coordinates":[-46.6048538,-23.5532921]}},{"type":"Feature","properties":{"MEUTIMAO_ID":"913","DATA":"2018-06-01","ANO JOGO":2018,"MODALIDADE":"Feminino","MANDANTE / VISITANTE (SCCP)":"Sim","TIME MANDANTE":"CORINTHIANS","GOLS MANDANTE":2,"TIME VISITANTE":"IRANDUBA","GOLS VISITANTE":1,"PLACAR":"2x1","RESULTADO":"VITÓRIA","ADVERSÁRIO":"IRANDUBA","GOLS SCCP":2,"GOLS ADVERSÁRIO":1,"SALDO DE GOLS":1,"COMPETIÇÃO":"Brasileiro Feminino 2018","ESTÁDIO":"Pacaembu","ESTÁDIO_ORIGINAL":"Pacaembu","FONTE":"Meu Timão","URL_FONTE":"https://www.meutimao.com.br/jogo/913/brasileiro-feminino-2018/corinthians-2-x-1-iranduba","LATITUDE":-23.5473429,"LONGITUDE":-46.6652465,"ERA":"2016-Presente","PAIS_ISO3":"BRA","PAIS_FONTE":"Brazil","FONTE_CORRECAO_PAIS":"https://data.geocode.earth/wof/dist/legacy/whosonfirst-data-country-latest.tar.bz2"},"geometry":{"type":"Point","coordinates":[-46.6652465,-23.5473429]}},{"type":"Feature","properties":{"MEUTIMAO_ID":"930","DATA":"2018-05-27","ANO JOGO":2018,"MODALIDADE":"Feminino","MANDANTE / VISITANTE (SCCP)":"Sim","TIME MANDANTE":"CORINTHIANS","GOLS MANDANTE":3,"TIME VISITANTE":"SANTOS","GOLS VISITANTE":2,"PLACAR":"3x2","RESULTADO":"VITÓRIA","ADVERSÁRIO":"SANTOS","GOLS SCCP":3,"GOLS ADVERSÁRIO":2,"SALDO DE GOLS":1,"COMPETIÇÃO":"Paulista Feminino 2018","ESTÁDIO":"Nogueirão","ESTÁDIO_ORIGINAL":"Nogueirão","FONTE":"Meu Timão","URL_FONTE":"https://www.meutimao.com.br/jogo/930/paulista-feminino-2018/corinthians-3-x-2-santos","LATITUDE":-23.5187203,"LONGITUDE":-46.2060118,"ERA":"2016-Presente","PAIS_ISO3":"BRA","PAIS_FONTE":"Brazil","FONTE_CORRECAO_PAIS":"https://data.geocode.earth/wof/dist/legacy/whosonfirst-data-country-latest.tar.bz2"},"geometry":{"type":"Point","coordinates":[-46.2060118,-23.5187203]}},{"type":"Feature","properties":{"MEUTIMAO_ID":"912","DATA":"2018-05-23","ANO JOGO":2018,"MODALIDADE":"Feminino","MANDANTE / VISITANTE (SCCP)":"Não","TIME MANDANTE":"KINDERMANN","GOLS MANDANTE":0,"TIME VISITANTE":"CORINTHIANS","GOLS VISITANTE":0,"PLACAR":"0x0","RESULTADO":"EMPATE","ADVERSÁRIO":"KINDERMANN","GOLS SCCP":0,"GOLS ADVERSÁRIO":0,"SALDO DE GOLS":0,"COMPETIÇÃO":"Brasileiro Feminino 2018","ESTÁDIO":"CARLOS ALBERTO COSTA NEVES","ESTÁDIO_ORIGINAL":"Carlos Alberto da Costa Neves","FONTE":"Meu Timão","URL_FONTE":"https://www.meutimao.com.br/jogo/912/brasileiro-feminino-2018/kindermann-0-x-0-corinthians","LATITUDE":-26.771027999853985,"LONGITUDE":-51.007584674327376,"ERA":"2016-Presente","PAIS_ISO3":"BRA","PAIS_FONTE":"Brazil","FONTE_CORRECAO_PAIS":"https://data.geocode.earth/wof/dist/legacy/whosonfirst-data-country-latest.tar.bz2"},"geometry":{"type":"Point","coordinates":[-51.007584674327376,-26.771027999853985]}},{"type":"Feature","properties":{"MEUTIMAO_ID":"929","DATA":"2018-05-19","ANO JOGO":2018,"MODALIDADE":"Feminino","MANDANTE / VISITANTE (SCCP)":"Não","TIME MANDANTE":"SÃO JOSÉ","GOLS MANDANTE":3,"TIME VISITANTE":"CORINTHIANS","GOLS VISITANTE":3,"PLACAR":"3x3","RESULTADO":"EMPATE","ADVERSÁRIO":"SÃO JOSÉ","GOLS SCCP":3,"GOLS ADVERSÁRIO":3,"SALDO DE GOLS":0,"COMPETIÇÃO":"Paulista Feminino 2018","ESTÁDIO":"MARTINS PEREIRA","ESTÁDIO_ORIGINAL":"Estádio Martins Pereira","FONTE":"Meu Timão","URL_FONTE":"https://www.meutimao.com.br/jogo/929/paulista-feminino-2018/sao_jose-3-x-3-corinthians","LATITUDE":-23.1884912615151,"LONGITUDE":-45.869827477202776,"ERA":"2016-Presente","PAIS_ISO3":"BRA","PAIS_FONTE":"Brazil","FONTE_CORRECAO_PAIS":"https://data.geocode.earth/wof/dist/legacy/whosonfirst-data-country-latest.tar.bz2"},"geometry":{"type":"Point","coordinates":[-45.869827477202776,-23.1884912615151]}},{"type":"Feature","properties":{"MEUTIMAO_ID":"909","DATA":"2018-05-16","ANO JOGO":2018,"MODALIDADE":"Feminino","MANDANTE / VISITANTE (SCCP)":"Sim","TIME MANDANTE":"CORINTHIANS","GOLS MANDANTE":8,"TIME VISITANTE":"PINHEIRENSE","GOLS VISITANTE":0,"PLACAR":"8x0","RESULTADO":"VITÓRIA","ADVERSÁRIO":"PINHEIRENSE","GOLS SCCP":8,"GOLS ADVERSÁRIO":0,"SALDO DE GOLS":8,"COMPETIÇÃO":"Brasileiro Feminino 2018","ESTÁDIO":"MARTINS PEREIRA","ESTÁDIO_ORIGINAL":"Estádio Martins Pereira","FONTE":"Meu Timão","URL_FONTE":"https://www.meutimao.com.br/jogo/909/brasileiro-feminino-2018/corinthians-8-x-0-pinheirense","LATITUDE":-23.1884912615151,"LONGITUDE":-45.869827477202776,"ERA":"2016-Presente","PAIS_ISO3":"BRA","PAIS_FONTE":"Brazil","FONTE_CORRECAO_PAIS":"https://data.geocode.earth/wof/dist/legacy/whosonfirst-data-country-latest.tar.bz2"},"geometry":{"type":"Point","coordinates":[-45.869827477202776,-23.1884912615151]}},{"type":"Feature","properties":{"MEUTIMAO_ID":"928","DATA":"2018-05-12","ANO JOGO":2018,"MODALIDADE":"Feminino","MANDANTE / VISITANTE (SCCP)":"Sim","TIME MANDANTE":"CORINTHIANS","GOLS MANDANTE":5,"TIME VISITANTE":"AD CENTRO OLÍMPICO","GOLS VISITANTE":0,"PLACAR":"5x0","RESULTADO":"VITÓRIA","ADVERSÁRIO":"AD CENTRO OLÍMPICO","GOLS SCCP":5,"GOLS ADVERSÁRIO":0,"SALDO DE GOLS":5,"COMPETIÇÃO":"Paulista Feminino 2018","ESTÁDIO":"Canindé","ESTÁDIO_ORIGINAL":"Canindé","FONTE":"Meu Timão","URL_FONTE":"https://www.meutimao.com.br/jogo/928/paulista-feminino-2018/corinthians-5-x-0-ad_centro_olimpico","LATITUDE":-23.520132719349128,"LONGITUDE":-46.618264502415194,"ERA":"2016-Presente","PAIS_ISO3":"BRA","PAIS_FONTE":"Brazil","FONTE_CORRECAO_PAIS":"https://data.geocode.earth/wof/dist/legacy/whosonfirst-data-country-latest.tar.bz2"},"geometry":{"type":"Point","coordinates":[-46.618264502415194,-23.520132719349128]}},{"type":"Feature","properties":{"MEUTIMAO_ID":"908","DATA":"2018-05-09","ANO JOGO":2018,"MODALIDADE":"Feminino","MANDANTE / VISITANTE (SCCP)":"Não","TIME MANDANTE":"SPORT","GOLS MANDANTE":0,"TIME VISITANTE":"CORINTHIANS","GOLS VISITANTE":1,"PLACAR":"0x1","RESULTADO":"VITÓRIA","ADVERSÁRIO":"SPORT","GOLS SCCP":1,"GOLS ADVERSÁRIO":0,"SALDO DE GOLS":1,"COMPETIÇÃO":"Brasileiro Feminino 2018","ESTÁDIO":"Ilha do Retiro","ESTÁDIO_ORIGINAL":"Ilha do Retiro","FONTE":"Meu Timão","URL_FONTE":"https://www.meutimao.com.br/jogo/908/brasileiro-feminino-2018/sport-0-x-1-corinthians","LATITUDE":-8.0629168,"LONGITUDE":-34.9029094,"ERA":"2016-Presente","PAIS_ISO3":"BRA","PAIS_FONTE":"Brazil","FONTE_CORRECAO_PAIS":"https://data.geocode.earth/wof/dist/legacy/whosonfirst-data-country-latest.tar.bz2"},"geometry":{"type":"Point","coordinates":[-34.9029094,-8.0629168]}},{"type":"Feature","properties":{"MEUTIMAO_ID":"927","DATA":"2018-05-06","ANO JOGO":2018,"MODALIDADE":"Feminino","MANDANTE / VISITANTE (SCCP)":"Não","TIME MANDANTE":"PORTUGUESA","GOLS MANDANTE":0,"TIME VISITANTE":"CORINTHIANS","GOLS VISITANTE":6,"PLACAR":"0x6","RESULTADO":"VITÓRIA","ADVERSÁRIO":"PORTUGUESA","GOLS SCCP":6,"GOLS ADVERSÁRIO":0,"SALDO DE GOLS":6,"COMPETIÇÃO":"Paulista Feminino 2018","ESTÁDIO":"Canindé","ESTÁDIO_ORIGINAL":"Canindé","FONTE":"Meu Timão","URL_FONTE":"https://www.meutimao.com.br/jogo/927/paulista-feminino-2018/portuguesa-0-x-6-corinthians","LATITUDE":-23.520132719349128,"LONGITUDE":-46.618264502415194,"ERA":"2016-Presente","PAIS_ISO3":"BRA","PAIS_FONTE":"Brazil","FONTE_CORRECAO_PAIS":"https://data.geocode.earth/wof/dist/legacy/whosonfirst-data-country-latest.tar.bz2"},"geometry":{"type":"Point","coordinates":[-46.618264502415194,-23.520132719349128]}},{"type":"Feature","properties":{"MEUTIMAO_ID":"907","DATA":"2018-05-02","ANO JOGO":2018,"MODALIDADE":"Feminino","MANDANTE / VISITANTE (SCCP)":"Não","TIME MANDANTE":"SÃO JOSÉ","GOLS MANDANTE":0,"TIME VISITANTE":"CORINTHIANS","GOLS VISITANTE":2,"PLACAR":"0x2","RESULTADO":"VITÓRIA","ADVERSÁRIO":"SÃO JOSÉ","GOLS SCCP":2,"GOLS ADVERSÁRIO":0,"SALDO DE GOLS":2,"COMPETIÇÃO":"Brasileiro Feminino 2018","ESTÁDIO":"MARTINS PEREIRA","ESTÁDIO_ORIGINAL":"Estádio Martins Pereira","FONTE":"Meu Timão","URL_FONTE":"https://www.meutimao.com.br/jogo/907/brasileiro-feminino-2018/sao_jose-0-x-2-corinthians","LATITUDE":-23.1884912615151,"LONGITUDE":-45.869827477202776,"ERA":"2016-Presente","PAIS_ISO3":"BRA","PAIS_FONTE":"Brazil","FONTE_CORRECAO_PAIS":"https://data.geocode.earth/wof/dist/legacy/whosonfirst-data-country-latest.tar.bz2"},"geometry":{"type":"Point","coordinates":[-45.869827477202776,-23.1884912615151]}},{"type":"Feature","properties":{"MEUTIMAO_ID":"926","DATA":"2018-04-28","ANO JOGO":2018,"MODALIDADE":"Feminino","MANDANTE / VISITANTE (SCCP)":"Sim","TIME MANDANTE":"CORINTHIANS","GOLS MANDANTE":2,"TIME VISITANTE":"TAUBATÉ","GOLS VISITANTE":0,"PLACAR":"2x0","RESULTADO":"VITÓRIA","ADVERSÁRIO":"TAUBATÉ","GOLS SCCP":2,"GOLS ADVERSÁRIO":0,"SALDO DE GOLS":2,"COMPETIÇÃO":"Paulista Feminino 2018","ESTÁDIO":"Canindé","ESTÁDIO_ORIGINAL":"Canindé","FONTE":"Meu Timão","URL_FONTE":"https://www.meutimao.com.br/jogo/926/paulista-feminino-2018/corinthians-2-x-0-taubate","LATITUDE":-23.520132719349128,"LONGITUDE":-46.618264502415194,"ERA":"2016-Presente","PAIS_ISO3":"BRA","PAIS_FONTE":"Brazil","FONTE_CORRECAO_PAIS":"https://data.geocode.earth/wof/dist/legacy/whosonfirst-data-country-latest.tar.bz2"},"geometry":{"type":"Point","coordinates":[-46.618264502415194,-23.520132719349128]}},{"type":"Feature","properties":{"MEUTIMAO_ID":"906","DATA":"2018-04-25","ANO JOGO":2018,"MODALIDADE":"Feminino","MANDANTE / VISITANTE (SCCP)":"Sim","TIME MANDANTE":"CORINTHIANS","GOLS MANDANTE":4,"TIME VISITANTE":"SÃO FRANCISCO","GOLS VISITANTE":1,"PLACAR":"4x1","RESULTADO":"VITÓRIA","ADVERSÁRIO":"SÃO FRANCISCO","GOLS SCCP":4,"GOLS ADVERSÁRIO":1,"SALDO DE GOLS":3,"COMPETIÇÃO":"Brasileiro Feminino 2018","ESTÁDIO":"Neo Química Arena","ESTÁDIO_ORIGINAL":"Neo Química Arena","FONTE":"Meu Timão","URL_FONTE":"https://www.meutimao.com.br/jogo/906/brasileiro-feminino-2018/corinthians-4-x-1-sao_francisco","LATITUDE":-23.5453221,"LONGITUDE":-46.4742676,"ERA":"2016-Presente","PAIS_ISO3":"BRA","PAIS_FONTE":"Brazil","FONTE_CORRECAO_PAIS":"https://data.geocode.earth/wof/dist/legacy/whosonfirst-data-country-latest.tar.bz2"},"geometry":{"type":"Point","coordinates":[-46.4742676,-23.5453221]}},{"type":"Feature","properties":{"MEUTIMAO_ID":"925","DATA":"2018-04-22","ANO JOGO":2018,"MODALIDADE":"Feminino","MANDANTE / VISITANTE (SCCP)":"Sim","TIME MANDANTE":"CORINTHIANS","GOLS MANDANTE":8,"TIME VISITANTE":"JUVENTUS","GOLS VISITANTE":0,"PLACAR":"8x0","RESULTADO":"VITÓRIA","ADVERSÁRIO":"JUVENTUS","GOLS SCCP":8,"GOLS ADVERSÁRIO":0,"SALDO DE GOLS":8,"COMPETIÇÃO":"Paulista Feminino 2018","ESTÁDIO":"Canindé","ESTÁDIO_ORIGINAL":"Canindé","FONTE":"Meu Timão","URL_FONTE":"https://www.meutimao.com.br/jogo/925/paulista-feminino-2018/corinthians-8-x-0-juventus","LATITUDE":-23.520132719349128,"LONGITUDE":-46.618264502415194,"ERA":"2016-Presente","PAIS_ISO3":"BRA","PAIS_FONTE":"Brazil","FONTE_CORRECAO_PAIS":"https://data.geocode.earth/wof/dist/legacy/whosonfirst-data-country-latest.tar.bz2"},"geometry":{"type":"Point","coordinates":[-46.618264502415194,-23.520132719349128]}},{"type":"Feature","properties":{"MEUTIMAO_ID":"924","DATA":"2018-04-07","ANO JOGO":2018,"MODALIDADE":"Feminino","MANDANTE / VISITANTE (SCCP)":"Não","TIME MANDANTE":"SANTOS","GOLS MANDANTE":3,"TIME VISITANTE":"CORINTHIANS","GOLS VISITANTE":4,"PLACAR":"3x4","RESULTADO":"VITÓRIA","ADVERSÁRIO":"SANTOS","GOLS SCCP":4,"GOLS ADVERSÁRIO":3,"SALDO DE GOLS":1,"COMPETIÇÃO":"Paulista Feminino 2018","ESTÁDIO":"Vila Belmiro","ESTÁDIO_ORIGINAL":"Vila Belmiro","FONTE":"Meu Timão","URL_FONTE":"https://www.meutimao.com.br/jogo/924/paulista-feminino-2018/santos-3-x-4-corinthians","LATITUDE":-23.95083320224522,"LONGITUDE":-46.33836796008564,"ERA":"2016-Presente","PAIS_ISO3":"BRA","PAIS_FONTE":"Brazil","FONTE_CORRECAO_PAIS":"https://data.geocode.earth/wof/dist/legacy/whosonfirst-data-country-latest.tar.bz2"},"geometry":{"type":"Point","coordinates":[-46.33836796008564,-23.95083320224522]}},{"type":"Feature","properties":{"MEUTIMAO_ID":"923","DATA":"2018-04-01","ANO JOGO":2018,"MODALIDADE":"Feminino","MANDANTE / VISITANTE (SCCP)":"Sim","TIME MANDANTE":"CORINTHIANS","GOLS MANDANTE":2,"TIME VISITANTE":"SÃO JOSÉ","GOLS VISITANTE":0,"PLACAR":"2x0","RESULTADO":"VITÓRIA","ADVERSÁRIO":"SÃO JOSÉ","GOLS SCCP":2,"GOLS ADVERSÁRIO":0,"SALDO DE GOLS":2,"COMPETIÇÃO":"Paulista Feminino 2018","ESTÁDIO":"Canindé","ESTÁDIO_ORIGINAL":"Canindé","FONTE":"Meu Timão","URL_FONTE":"https://www.meutimao.com.br/jogo/923/paulista-feminino-2018/corinthians-2-x-0-sao_jose","LATITUDE":-23.520132719349128,"LONGITUDE":-46.618264502415194,"ERA":"2016-Presente","PAIS_ISO3":"BRA","PAIS_FONTE":"Brazil","FONTE_CORRECAO_PAIS":"https://data.geocode.earth/wof/dist/legacy/whosonfirst-data-country-latest.tar.bz2"},"geometry":{"type":"Point","coordinates":[-46.618264502415194,-23.520132719349128]}},{"type":"Feature","properties":{"MEUTIMAO_ID":"922","DATA":"2018-03-25","ANO JOGO":2018,"MODALIDADE":"Feminino","MANDANTE / VISITANTE (SCCP)":"Não","TIME MANDANTE":"AD CENTRO OLÍMPICO","GOLS MANDANTE":2,"TIME VISITANTE":"CORINTHIANS","GOLS VISITANTE":6,"PLACAR":"2x6","RESULTADO":"VITÓRIA","ADVERSÁRIO":"AD CENTRO OLÍMPICO","GOLS SCCP":6,"GOLS ADVERSÁRIO":2,"SALDO DE GOLS":4,"COMPETIÇÃO":"Paulista Feminino 2018","ESTÁDIO":"CDC Maria Felizarda","ESTÁDIO_ORIGINAL":"CDC Maria Felizarda","FONTE":"Meu Timão","URL_FONTE":"https://www.meutimao.com.br/jogo/922/paulista-feminino-2018/ad_centro_olimpico-2-x-6-corinthians","LATITUDE":-23.5506507,"LONGITUDE":-46.6333824,"ERA":"2016-Presente","PAIS_ISO3":"BRA","PAIS_FONTE":"Brazil","FONTE_CORRECAO_PAIS":"https://data.geocode.earth/wof/dist/legacy/whosonfirst-data-country-latest.tar.bz2"},"geometry":{"type":"Point","coordinates":[-46.6333824,-23.5506507]}},{"type":"Feature","properties":{"MEUTIMAO_ID":"1361","DATA":"2019-11-16","ANO JOGO":2019,"MODALIDADE":"Feminino","MANDANTE / VISITANTE (SCCP)":"Sim","TIME MANDANTE":"CORINTHIANS","GOLS MANDANTE":3,"TIME VISITANTE":"SÃO PAULO","GOLS VISITANTE":0,"PLACAR":"3x0","RESULTADO":"VITÓRIA","ADVERSÁRIO":"SÃO PAULO","GOLS SCCP":3,"GOLS ADVERSÁRIO":0,"SALDO DE GOLS":3,"COMPETIÇÃO":"Paulista Feminino 2019","ESTÁDIO":"Neo Química Arena","ESTÁDIO_ORIGINAL":"Neo Química Arena","FONTE":"Meu Timão","URL_FONTE":"https://www.meutimao.com.br/jogo/1361/paulista-feminino-2019/final/corinthians-3-x-0-sao_paulo","LATITUDE":-23.5453221,"LONGITUDE":-46.4742676,"ERA":"2016-Presente","PAIS_ISO3":"BRA","PAIS_FONTE":"Brazil","FONTE_CORRECAO_PAIS":"https://data.geocode.earth/wof/dist/legacy/whosonfirst-data-country-latest.tar.bz2"},"geometry":{"type":"Point","coordinates":[-46.4742676,-23.5453221]}},{"type":"Feature","properties":{"MEUTIMAO_ID":"1360","DATA":"2019-11-02","ANO JOGO":2019,"MODALIDADE":"Feminino","MANDANTE / VISITANTE (SCCP)":"Não","TIME MANDANTE":"SÃO PAULO","GOLS MANDANTE":0,"TIME VISITANTE":"CORINTHIANS","GOLS VISITANTE":1,"PLACAR":"0x1","RESULTADO":"VITÓRIA","ADVERSÁRIO":"SÃO PAULO","GOLS SCCP":1,"GOLS ADVERSÁRIO":0,"SALDO DE GOLS":1,"COMPETIÇÃO":"Paulista Feminino 2019","ESTÁDIO":"Morumbi","ESTÁDIO_ORIGINAL":"Morumbis","FONTE":"Meu Timão","URL_FONTE":"https://www.meutimao.com.br/jogo/1360/paulista-feminino-2019/final/sao_paulo-0-x-1-corinthians","LATITUDE":-23.6000888,"LONGITUDE":-46.7200902,"ERA":"2016-Presente","PAIS_ISO3":"BRA","PAIS_FONTE":"Brazil","FONTE_CORRECAO_PAIS":"https://data.geocode.earth/wof/dist/legacy/whosonfirst-data-country-latest.tar.bz2"},"geometry":{"type":"Point","coordinates":[-46.7200902,-23.6000888]}},{"type":"Feature","properties":{"MEUTIMAO_ID":"1404","DATA":"2019-10-28","ANO JOGO":2019,"MODALIDADE":"Feminino","MANDANTE / VISITANTE (SCCP)":"Sim","TIME MANDANTE":"CORINTHIANS","GOLS MANDANTE":2,"TIME VISITANTE":"FERROVIÁRIA","GOLS VISITANTE":0,"PLACAR":"2x0","RESULTADO":"VITÓRIA","ADVERSÁRIO":"FERROVIÁRIA","GOLS SCCP":2,"GOLS ADVERSÁRIO":0,"SALDO DE GOLS":2,"COMPETIÇÃO":"Libertadores Feminina 2019","ESTÁDIO":"Estadio Olímpico Atahualpa","ESTÁDIO_ORIGINAL":"Estádio Olímpico Atahualpa","FONTE":"Meu Timão","URL_FONTE":"https://www.meutimao.com.br/jogo/1404/libertadores-feminina-2019/final/corinthians-2-x-0-ferroviaria","LATITUDE":-0.1775141,"LONGITUDE":-78.4766126,"ERA":"2016-Presente","PAIS_ISO3":"ECU","PAIS_FONTE":"Ecuador","FONTE_CORRECAO_PAIS":"https://data.geocode.earth/wof/dist/legacy/whosonfirst-data-country-latest.tar.bz2"},"geometry":{"type":"Point","coordinates":[-78.4766126,-0.1775141]}},{"type":"Feature","properties":{"MEUTIMAO_ID":"1403","DATA":"2019-10-25","ANO JOGO":2019,"MODALIDADE":"Feminino","MANDANTE / VISITANTE (SCCP)":"Sim","TIME MANDANTE":"CORINTHIANS","GOLS MANDANTE":4,"TIME VISITANTE":"AMÉRICA DE CALI","GOLS VISITANTE":0,"PLACAR":"4x0","RESULTADO":"VITÓRIA","ADVERSÁRIO":"AMÉRICA DE CALI","GOLS SCCP":4,"GOLS ADVERSÁRIO":0,"SALDO DE GOLS":4,"COMPETIÇÃO":"Libertadores Feminina 2019","ESTÁDIO":"Estadio Olímpico Atahualpa","ESTÁDIO_ORIGINAL":"Estádio Olímpico Atahualpa","FONTE":"Meu Timão","URL_FONTE":"https://www.meutimao.com.br/jogo/1403/libertadores-feminina-2019/corinthians-4-x-0-america_de_cali","LATITUDE":-0.1775141,"LONGITUDE":-78.4766126,"ERA":"2016-Presente","PAIS_ISO3":"ECU","PAIS_FONTE":"Ecuador","FONTE_CORRECAO_PAIS":"https://data.geocode.earth/wof/dist/legacy/whosonfirst-data-country-latest.tar.bz2"},"geometry":{"type":"Point","coordinates":[-78.4766126,-0.1775141]}},{"type":"Feature","properties":{"MEUTIMAO_ID":"1400","DATA":"2019-10-22","ANO JOGO":2019,"MODALIDADE":"Feminino","MANDANTE / VISITANTE (SCCP)":"Sim","TIME MANDANTE":"CORINTHIANS","GOLS MANDANTE":2,"TIME VISITANTE":"SANTIAGO MORNING","GOLS VISITANTE":0,"PLACAR":"2x0","RESULTADO":"VITÓRIA","ADVERSÁRIO":"SANTIAGO MORNING","GOLS SCCP":2,"GOLS ADVERSÁRIO":0,"SALDO DE GOLS":2,"COMPETIÇÃO":"Libertadores Feminina 2019","ESTÁDIO":"Estadio Olímpico Atahualpa","ESTÁDIO_ORIGINAL":"Estádio Olímpico Atahualpa","FONTE":"Meu Timão","URL_FONTE":"https://www.meutimao.com.br/jogo/1400/libertadores-feminina-2019/quartas_de_final/corinthians-2-x-0-santiago_morning","LATITUDE":-0.1775141,"LONGITUDE":-78.4766126,"ERA":"2016-Presente","PAIS_ISO3":"ECU","PAIS_FONTE":"Ecuador","FONTE_CORRECAO_PAIS":"https://data.geocode.earth/wof/dist/legacy/whosonfirst-data-country-latest.tar.bz2"},"geometry":{"type":"Point","coordinates":[-78.4766126,-0.1775141]}},{"type":"Feature","properties":{"MEUTIMAO_ID":"1368","DATA":"2019-10-19","ANO JOGO":2019,"MODALIDADE":"Feminino","MANDANTE / VISITANTE (SCCP)":"Sim","TIME MANDANTE":"CORINTHIANS","GOLS MANDANTE":2,"TIME VISITANTE":"LIBERTAD LIMPEÑO","GOLS VISITANTE":2,"PLACAR":"2x2","RESULTADO":"EMPATE","ADVERSÁRIO":"LIBERTAD LIMPEÑO","GOLS SCCP":2,"GOLS ADVERSÁRIO":2,"SALDO DE GOLS":0,"COMPETIÇÃO":"Libertadores Feminina 2019","ESTÁDIO":"Estadio Olímpico Atahualpa","ESTÁDIO_ORIGINAL":"Estádio Olímpico Atahualpa","FONTE":"Meu Timão","URL_FONTE":"https://www.meutimao.com.br/jogo/1368/libertadores-feminina-2019/corinthians-2-x-2-libertad_limpeno","LATITUDE":-0.1775141,"LONGITUDE":-78.4766126,"ERA":"2016-Presente","PAIS_ISO3":"ECU","PAIS_FONTE":"Ecuador","FONTE_CORRECAO_PAIS":"https://data.geocode.earth/wof/dist/legacy/whosonfirst-data-country-latest.tar.bz2"},"geometry":{"type":"Point","coordinates":[-78.4766126,-0.1775141]}},{"type":"Feature","properties":{"MEUTIMAO_ID":"1367","DATA":"2019-10-17","ANO JOGO":2019,"MODALIDADE":"Feminino","MANDANTE / VISITANTE (SCCP)":"Sim","TIME MANDANTE":"CORINTHIANS","GOLS MANDANTE":3,"TIME VISITANTE":"AMÉRICA DE CALI","GOLS VISITANTE":1,"PLACAR":"3x1","RESULTADO":"VITÓRIA","ADVERSÁRIO":"AMÉRICA DE CALI","GOLS SCCP":3,"GOLS ADVERSÁRIO":1,"SALDO DE GOLS":2,"COMPETIÇÃO":"Libertadores Feminina 2019","ESTÁDIO":"Estadio Olímpico Atahualpa","ESTÁDIO_ORIGINAL":"Estádio Olímpico Atahualpa","FONTE":"Meu Timão","URL_FONTE":"https://www.meutimao.com.br/jogo/1367/libertadores-feminina-2019/corinthians-3-x-1-america_de_cali","LATITUDE":-0.1775141,"LONGITUDE":-78.4766126,"ERA":"2016-Presente","PAIS_ISO3":"ECU","PAIS_FONTE":"Ecuador","FONTE_CORRECAO_PAIS":"https://data.geocode.earth/wof/dist/legacy/whosonfirst-data-country-latest.tar.bz2"},"geometry":{"type":"Point","coordinates":[-78.4766126,-0.1775141]}},{"type":"Feature","properties":{"MEUTIMAO_ID":"1366","DATA":"2019-10-14","ANO JOGO":2019,"MODALIDADE":"Feminino","MANDANTE / VISITANTE (SCCP)":"Não","TIME MANDANTE":"CLUB ÑAÑAS","GOLS MANDANTE":1,"TIME VISITANTE":"CORINTHIANS","GOLS VISITANTE":3,"PLACAR":"1x3","RESULTADO":"VITÓRIA","ADVERSÁRIO":"CLUB ÑAÑAS","GOLS SCCP":3,"GOLS ADVERSÁRIO":1,"SALDO DE GOLS":2,"COMPETIÇÃO":"Libertadores Feminina 2019","ESTÁDIO":"Estadio Olímpico Atahualpa","ESTÁDIO_ORIGINAL":"Estádio Olímpico Atahualpa","FONTE":"Meu Timão","URL_FONTE":"https://www.meutimao.com.br/jogo/1366/libertadores-feminina-2019/club_nanas-1-x-3-corinthians","LATITUDE":-0.1775141,"LONGITUDE":-78.4766126,"ERA":"2016-Presente","PAIS_ISO3":"ECU","PAIS_FONTE":"Ecuador","FONTE_CORRECAO_PAIS":"https://data.geocode.earth/wof/dist/legacy/whosonfirst-data-country-latest.tar.bz2"},"geometry":{"type":"Point","coordinates":[-78.4766126,-0.1775141]}},{"type":"Feature","properties":{"MEUTIMAO_ID":"1353","DATA":"2019-09-29","ANO JOGO":2019,"MODALIDADE":"Feminino","MANDANTE / VISITANTE (SCCP)":"Sim","TIME MANDANTE":"CORINTHIANS","GOLS MANDANTE":0,"TIME VISITANTE":"FERROVIÁRIA","GOLS VISITANTE":0,"PLACAR":"0x0","RESULTADO":"EMPATE","ADVERSÁRIO":"FERROVIÁRIA","GOLS SCCP":0,"GOLS ADVERSÁRIO":0,"SALDO DE GOLS":0,"COMPETIÇÃO":"Brasileiro Feminino 2019","ESTÁDIO":"Estádio Alfredo Schürig (Fazendinha)","ESTÁDIO_ORIGINAL":"Fazendinha","FONTE":"Meu Timão","URL_FONTE":"https://www.meutimao.com.br/jogo/1353/brasileiro-feminino-2019/final/corinthians-0-x-0-ferroviaria","LATITUDE":-23.526659630812546,"LONGITUDE":-46.5694808951696,"ERA":"2016-Presente","PAIS_ISO3":"BRA","PAIS_FONTE":"Brazil","FONTE_CORRECAO_PAIS":"https://data.geocode.earth/wof/dist/legacy/whosonfirst-data-country-latest.tar.bz2"},"geometry":{"type":"Point","coordinates":[-46.5694808951696,-23.526659630812546]}},{"type":"Feature","properties":{"MEUTIMAO_ID":"1351","DATA":"2019-09-25","ANO JOGO":2019,"MODALIDADE":"Feminino","MANDANTE / VISITANTE (SCCP)":"Sim","TIME MANDANTE":"CORINTHIANS","GOLS MANDANTE":5,"TIME VISITANTE":"FERROVIÁRIA","GOLS VISITANTE":1,"PLACAR":"5x1","RESULTADO":"VITÓRIA","ADVERSÁRIO":"FERROVIÁRIA","GOLS SCCP":5,"GOLS ADVERSÁRIO":1,"SALDO DE GOLS":4,"COMPETIÇÃO":"Paulista Feminino 2019","ESTÁDIO":"Estádio Alfredo Schürig (Fazendinha)","ESTÁDIO_ORIGINAL":"Fazendinha","FONTE":"Meu Timão","URL_FONTE":"https://www.meutimao.com.br/jogo/1351/paulista-feminino-2019/corinthians-5-x-1-ferroviaria","LATITUDE":-23.526659630812546,"LONGITUDE":-46.5694808951696,"ERA":"2016-Presente","PAIS_ISO3":"BRA","PAIS_FONTE":"Brazil","FONTE_CORRECAO_PAIS":"https://data.geocode.earth/wof/dist/legacy/whosonfirst-data-country-latest.tar.bz2"},"geometry":{"type":"Point","coordinates":[-46.5694808951696,-23.526659630812546]}},{"type":"Feature","properties":{"MEUTIMAO_ID":"1352","DATA":"2019-09-22","ANO JOGO":2019,"MODALIDADE":"Feminino","MANDANTE / VISITANTE (SCCP)":"Não","TIME MANDANTE":"FERROVIÁRIA","GOLS MANDANTE":1,"TIME VISITANTE":"CORINTHIANS","GOLS VISITANTE":1,"PLACAR":"1x1","RESULTADO":"EMPATE","ADVERSÁRIO":"FERROVIÁRIA","GOLS SCCP":1,"GOLS ADVERSÁRIO":1,"SALDO DE GOLS":0,"COMPETIÇÃO":"Brasileiro Feminino 2019","ESTÁDIO":"Fonte Luminosa","ESTÁDIO_ORIGINAL":"Fonte Luminosa","FONTE":"Meu Timão","URL_FONTE":"https://www.meutimao.com.br/jogo/1352/brasileiro-feminino-2019/final/ferroviaria-1-x-1-corinthians","LATITUDE":-21.7886713,"LONGITUDE":-48.1773096,"ERA":"2016-Presente","PAIS_ISO3":"BRA","PAIS_FONTE":"Brazil","FONTE_CORRECAO_PAIS":"https://data.geocode.earth/wof/dist/legacy/whosonfirst-data-country-latest.tar.bz2"},"geometry":{"type":"Point","coordinates":[-48.1773096,-21.7886713]}},{"type":"Feature","properties":{"MEUTIMAO_ID":"1350","DATA":"2019-09-18","ANO JOGO":2019,"MODALIDADE":"Feminino","MANDANTE / VISITANTE (SCCP)":"Não","TIME MANDANTE":"FERROVIÁRIA","GOLS MANDANTE":0,"TIME VISITANTE":"CORINTHIANS","GOLS VISITANTE":4,"PLACAR":"0x4","RESULTADO":"VITÓRIA","ADVERSÁRIO":"FERROVIÁRIA","GOLS SCCP":4,"GOLS ADVERSÁRIO":0,"SALDO DE GOLS":4,"COMPETIÇÃO":"Paulista Feminino 2019","ESTÁDIO":"Fonte Luminosa","ESTÁDIO_ORIGINAL":"Fonte Luminosa","FONTE":"Meu Timão","URL_FONTE":"https://www.meutimao.com.br/jogo/1350/paulista-feminino-2019/ferroviaria-0-x-4-corinthians","LATITUDE":-21.7886713,"LONGITUDE":-48.1773096,"ERA":"2016-Presente","PAIS_ISO3":"BRA","PAIS_FONTE":"Brazil","FONTE_CORRECAO_PAIS":"https://data.geocode.earth/wof/dist/legacy/whosonfirst-data-country-latest.tar.bz2"},"geometry":{"type":"Point","coordinates":[-48.1773096,-21.7886713]}},{"type":"Feature","properties":{"MEUTIMAO_ID":"1343","DATA":"2019-09-15","ANO JOGO":2019,"MODALIDADE":"Feminino","MANDANTE / VISITANTE (SCCP)":"Sim","TIME MANDANTE":"CORINTHIANS","GOLS MANDANTE":2,"TIME VISITANTE":"FLAMENGO","GOLS VISITANTE":0,"PLACAR":"2x0","RESULTADO":"VITÓRIA","ADVERSÁRIO":"FLAMENGO","GOLS SCCP":2,"GOLS ADVERSÁRIO":0,"SALDO DE GOLS":2,"COMPETIÇÃO":"Brasileiro Feminino 2019","ESTÁDIO":"Estádio Alfredo Schürig (Fazendinha)","ESTÁDIO_ORIGINAL":"Fazendinha","FONTE":"Meu Timão","URL_FONTE":"https://www.meutimao.com.br/jogo/1343/brasileiro-feminino-2019/corinthians-2-x-0-flamengo","LATITUDE":-23.526659630812546,"LONGITUDE":-46.5694808951696,"ERA":"2016-Presente","PAIS_ISO3":"BRA","PAIS_FONTE":"Brazil","FONTE_CORRECAO_PAIS":"https://data.geocode.earth/wof/dist/legacy/whosonfirst-data-country-latest.tar.bz2"},"geometry":{"type":"Point","coordinates":[-46.5694808951696,-23.526659630812546]}},{"type":"Feature","properties":{"MEUTIMAO_ID":"1314","DATA":"2019-09-11","ANO JOGO":2019,"MODALIDADE":"Feminino","MANDANTE / VISITANTE (SCCP)":"Sim","TIME MANDANTE":"CORINTHIANS","GOLS MANDANTE":4,"TIME VISITANTE":"JUVENTUS","GOLS VISITANTE":0,"PLACAR":"4x0","RESULTADO":"VITÓRIA","ADVERSÁRIO":"JUVENTUS","GOLS SCCP":4,"GOLS ADVERSÁRIO":0,"SALDO DE GOLS":4,"COMPETIÇÃO":"Paulista Feminino 2019","ESTÁDIO":"Estádio Alfredo Schürig (Fazendinha)","ESTÁDIO_ORIGINAL":"Fazendinha","FONTE":"Meu Timão","URL_FONTE":"https://www.meutimao.com.br/jogo/1314/paulista-feminino-2019/corinthians-4-x-0-juventus","LATITUDE":-23.526659630812546,"LONGITUDE":-46.5694808951696,"ERA":"2016-Presente","PAIS_ISO3":"BRA","PAIS_FONTE":"Brazil","FONTE_CORRECAO_PAIS":"https://data.geocode.earth/wof/dist/legacy/whosonfirst-data-country-latest.tar.bz2"},"geometry":{"type":"Point","coordinates":[-46.5694808951696,-23.526659630812546]}},{"type":"Feature","properties":{"MEUTIMAO_ID":"1336","DATA":"2019-09-08","ANO JOGO":2019,"MODALIDADE":"Feminino","MANDANTE / VISITANTE (SCCP)":"Não","TIME MANDANTE":"FLAMENGO","GOLS MANDANTE":1,"TIME VISITANTE":"CORINTHIANS","GOLS VISITANTE":2,"PLACAR":"1x2","RESULTADO":"VITÓRIA","ADVERSÁRIO":"FLAMENGO","GOLS SCCP":2,"GOLS ADVERSÁRIO":1,"SALDO DE GOLS":1,"COMPETIÇÃO":"Brasileiro Feminino 2019","ESTÁDIO":"KLEBER ANDRADE","ESTÁDIO_ORIGINAL":"Kleber Andrade","FONTE":"Meu Timão","URL_FONTE":"https://www.meutimao.com.br/jogo/1336/brasileiro-feminino-2019/flamengo-1-x-2-corinthians","LATITUDE":-20.332542717054267,"LONGITUDE":-40.38458511406303,"ERA":"2016-Presente","PAIS_ISO3":"BRA","PAIS_FONTE":"Brazil","FONTE_CORRECAO_PAIS":"https://data.geocode.earth/wof/dist/legacy/whosonfirst-data-country-latest.tar.bz2"},"geometry":{"type":"Point","coordinates":[-40.38458511406303,-20.332542717054267]}},{"type":"Feature","properties":{"MEUTIMAO_ID":"1313","DATA":"2019-08-31","ANO JOGO":2019,"MODALIDADE":"Feminino","MANDANTE / VISITANTE (SCCP)":"Não","TIME MANDANTE":"PONTE PRETA","GOLS MANDANTE":0,"TIME VISITANTE":"CORINTHIANS","GOLS VISITANTE":3,"PLACAR":"0x3","RESULTADO":"VITÓRIA","ADVERSÁRIO":"PONTE PRETA","GOLS SCCP":3,"GOLS ADVERSÁRIO":0,"SALDO DE GOLS":3,"COMPETIÇÃO":"Paulista Feminino 2019","ESTÁDIO":"Teixeirão","ESTÁDIO_ORIGINAL":"Teixeirão","FONTE":"Meu Timão","URL_FONTE":"https://www.meutimao.com.br/jogo/1313/paulista-feminino-2019/ponte_preta-0-x-3-corinthians","LATITUDE":-20.796769,"LONGITUDE":-49.3589966,"ERA":"2016-Presente","PAIS_ISO3":"BRA","PAIS_FONTE":"Brazil","FONTE_CORRECAO_PAIS":"https://data.geocode.earth/wof/dist/legacy/whosonfirst-data-country-latest.tar.bz2"},"geometry":{"type":"Point","coordinates":[-49.3589966,-20.796769]}},{"type":"Feature","properties":{"MEUTIMAO_ID":"1312","DATA":"2019-08-24","ANO JOGO":2019,"MODALIDADE":"Feminino","MANDANTE / VISITANTE (SCCP)":"Sim","TIME MANDANTE":"CORINTHIANS","GOLS MANDANTE":3,"TIME VISITANTE":"FERROVIÁRIA","GOLS VISITANTE":1,"PLACAR":"3x1","RESULTADO":"VITÓRIA","ADVERSÁRIO":"FERROVIÁRIA","GOLS SCCP":3,"GOLS ADVERSÁRIO":1,"SALDO DE GOLS":2,"COMPETIÇÃO":"Paulista Feminino 2019","ESTÁDIO":"Estádio Alfredo Schürig (Fazendinha)","ESTÁDIO_ORIGINAL":"Fazendinha","FONTE":"Meu Timão","URL_FONTE":"https://www.meutimao.com.br/jogo/1312/paulista-feminino-2019/corinthians-3-x-1-ferroviaria","LATITUDE":-23.526659630812546,"LONGITUDE":-46.5694808951696,"ERA":"2016-Presente","PAIS_ISO3":"BRA","PAIS_FONTE":"Brazil","FONTE_CORRECAO_PAIS":"https://data.geocode.earth/wof/dist/legacy/whosonfirst-data-country-latest.tar.bz2"},"geometry":{"type":"Point","coordinates":[-46.5694808951696,-23.526659630812546]}},{"type":"Feature","properties":{"MEUTIMAO_ID":"1326","DATA":"2019-08-21","ANO JOGO":2019,"MODALIDADE":"Feminino","MANDANTE / VISITANTE (SCCP)":"Sim","TIME MANDANTE":"CORINTHIANS","GOLS MANDANTE":1,"TIME VISITANTE":"SÃO JOSÉ","GOLS VISITANTE":0,"PLACAR":"1x0","RESULTADO":"VITÓRIA","ADVERSÁRIO":"SÃO JOSÉ","GOLS SCCP":1,"GOLS ADVERSÁRIO":0,"SALDO DE GOLS":1,"COMPETIÇÃO":"Brasileiro Feminino 2019","ESTÁDIO":"Estádio Alfredo Schürig (Fazendinha)","ESTÁDIO_ORIGINAL":"Fazendinha","FONTE":"Meu Timão","URL_FONTE":"https://www.meutimao.com.br/jogo/1326/brasileiro-feminino-2019/quartas_de_final/corinthians-1-x-0-sao_jose","LATITUDE":-23.526659630812546,"LONGITUDE":-46.5694808951696,"ERA":"2016-Presente","PAIS_ISO3":"BRA","PAIS_FONTE":"Brazil","FONTE_CORRECAO_PAIS":"https://data.geocode.earth/wof/dist/legacy/whosonfirst-data-country-latest.tar.bz2"},"geometry":{"type":"Point","coordinates":[-46.5694808951696,-23.526659630812546]}},{"type":"Feature","properties":{"MEUTIMAO_ID":"1311","DATA":"2019-08-18","ANO JOGO":2019,"MODALIDADE":"Feminino","MANDANTE / VISITANTE (SCCP)":"Não","TIME MANDANTE":"FERROVIÁRIA","GOLS MANDANTE":0,"TIME VISITANTE":"CORINTHIANS","GOLS VISITANTE":4,"PLACAR":"0x4","RESULTADO":"VITÓRIA","ADVERSÁRIO":"FERROVIÁRIA","GOLS SCCP":4,"GOLS ADVERSÁRIO":0,"SALDO DE GOLS":4,"COMPETIÇÃO":"Paulista Feminino 2019","ESTÁDIO":"Fonte Luminosa","ESTÁDIO_ORIGINAL":"Fonte Luminosa","FONTE":"Meu Timão","URL_FONTE":"https://www.meutimao.com.br/jogo/1311/paulista-feminino-2019/ferroviaria-0-x-4-corinthians","LATITUDE":-21.7886713,"LONGITUDE":-48.1773096,"ERA":"2016-Presente","PAIS_ISO3":"BRA","PAIS_FONTE":"Brazil","FONTE_CORRECAO_PAIS":"https://data.geocode.earth/wof/dist/legacy/whosonfirst-data-country-latest.tar.bz2"},"geometry":{"type":"Point","coordinates":[-48.1773096,-21.7886713]}},{"type":"Feature","properties":{"MEUTIMAO_ID":"1325","DATA":"2019-08-14","ANO JOGO":2019,"MODALIDADE":"Feminino","MANDANTE / VISITANTE (SCCP)":"Não","TIME MANDANTE":"SÃO JOSÉ","GOLS MANDANTE":1,"TIME VISITANTE":"CORINTHIANS","GOLS VISITANTE":4,"PLACAR":"1x4","RESULTADO":"VITÓRIA","ADVERSÁRIO":"SÃO JOSÉ","GOLS SCCP":4,"GOLS ADVERSÁRIO":1,"SALDO DE GOLS":3,"COMPETIÇÃO":"Brasileiro Feminino 2019","ESTÁDIO":"MARTINS PEREIRA","ESTÁDIO_ORIGINAL":"Estádio Martins Pereira","FONTE":"Meu Timão","URL_FONTE":"https://www.meutimao.com.br/jogo/1325/brasileiro-feminino-2019/quartas_de_final/sao_jose-1-x-4-corinthians","LATITUDE":-23.1884912615151,"LONGITUDE":-45.869827477202776,"ERA":"2016-Presente","PAIS_ISO3":"BRA","PAIS_FONTE":"Brazil","FONTE_CORRECAO_PAIS":"https://data.geocode.earth/wof/dist/legacy/whosonfirst-data-country-latest.tar.bz2"},"geometry":{"type":"Point","coordinates":[-45.869827477202776,-23.1884912615151]}},{"type":"Feature","properties":{"MEUTIMAO_ID":"1310","DATA":"2019-08-10","ANO JOGO":2019,"MODALIDADE":"Feminino","MANDANTE / VISITANTE (SCCP)":"Sim","TIME MANDANTE":"CORINTHIANS","GOLS MANDANTE":6,"TIME VISITANTE":"PONTE PRETA","GOLS VISITANTE":0,"PLACAR":"6x0","RESULTADO":"VITÓRIA","ADVERSÁRIO":"PONTE PRETA","GOLS SCCP":6,"GOLS ADVERSÁRIO":0,"SALDO DE GOLS":6,"COMPETIÇÃO":"Paulista Feminino 2019","ESTÁDIO":"Estádio Alfredo Schürig (Fazendinha)","ESTÁDIO_ORIGINAL":"Fazendinha","FONTE":"Meu Timão","URL_FONTE":"https://www.meutimao.com.br/jogo/1310/paulista-feminino-2019/corinthians-6-x-0-ponte_preta","LATITUDE":-23.526659630812546,"LONGITUDE":-46.5694808951696,"ERA":"2016-Presente","PAIS_ISO3":"BRA","PAIS_FONTE":"Brazil","FONTE_CORRECAO_PAIS":"https://data.geocode.earth/wof/dist/legacy/whosonfirst-data-country-latest.tar.bz2"},"geometry":{"type":"Point","coordinates":[-46.5694808951696,-23.526659630812546]}},{"type":"Feature","properties":{"MEUTIMAO_ID":"1302","DATA":"2019-08-04","ANO JOGO":2019,"MODALIDADE":"Feminino","MANDANTE / VISITANTE (SCCP)":"Sim","TIME MANDANTE":"CORINTHIANS","GOLS MANDANTE":2,"TIME VISITANTE":"VITÓRIA","GOLS VISITANTE":1,"PLACAR":"2x1","RESULTADO":"VITÓRIA","ADVERSÁRIO":"VITÓRIA","GOLS SCCP":2,"GOLS ADVERSÁRIO":1,"SALDO DE GOLS":1,"COMPETIÇÃO":"Brasileiro Feminino 2019","ESTÁDIO":"Estádio Alfredo Schürig (Fazendinha)","ESTÁDIO_ORIGINAL":"Fazendinha","FONTE":"Meu Timão","URL_FONTE":"https://www.meutimao.com.br/jogo/1302/brasileiro-feminino-2019/corinthians-2-x-1-vitoria","LATITUDE":-23.526659630812546,"LONGITUDE":-46.5694808951696,"ERA":"2016-Presente","PAIS_ISO3":"BRA","PAIS_FONTE":"Brazil","FONTE_CORRECAO_PAIS":"https://data.geocode.earth/wof/dist/legacy/whosonfirst-data-country-latest.tar.bz2"},"geometry":{"type":"Point","coordinates":[-46.5694808951696,-23.526659630812546]}},{"type":"Feature","properties":{"MEUTIMAO_ID":"1303","DATA":"2019-07-31","ANO JOGO":2019,"MODALIDADE":"Feminino","MANDANTE / VISITANTE (SCCP)":"Não","TIME MANDANTE":"JUVENTUS","GOLS MANDANTE":0,"TIME VISITANTE":"CORINTHIANS","GOLS VISITANTE":2,"PLACAR":"0x2","RESULTADO":"VITÓRIA","ADVERSÁRIO":"JUVENTUS","GOLS SCCP":2,"GOLS ADVERSÁRIO":0,"SALDO DE GOLS":2,"COMPETIÇÃO":"Paulista Feminino 2019","ESTÁDIO":"Rua Comendador Souza","ESTÁDIO_ORIGINAL":"Comendador Souza","FONTE":"Meu Timão","URL_FONTE":"https://www.meutimao.com.br/jogo/1303/paulista-feminino-2019/juventus-0-x-2-corinthians","LATITUDE":-23.5180229,"LONGITUDE":-46.6852378,"ERA":"2016-Presente","PAIS_ISO3":"BRA","PAIS_FONTE":"Brazil","FONTE_CORRECAO_PAIS":"https://data.geocode.earth/wof/dist/legacy/whosonfirst-data-country-latest.tar.bz2"},"geometry":{"type":"Point","coordinates":[-46.6852378,-23.5180229]}},{"type":"Feature","properties":{"MEUTIMAO_ID":"1286","DATA":"2019-07-27","ANO JOGO":2019,"MODALIDADE":"Feminino","MANDANTE / VISITANTE (SCCP)":"Não","TIME MANDANTE":"MINAS BRASÍLIA","GOLS MANDANTE":0,"TIME VISITANTE":"CORINTHIANS","GOLS VISITANTE":4,"PLACAR":"0x4","RESULTADO":"VITÓRIA","ADVERSÁRIO":"MINAS BRASÍLIA","GOLS SCCP":4,"GOLS ADVERSÁRIO":0,"SALDO DE GOLS":4,"COMPETIÇÃO":"Brasileiro Feminino 2019","ESTÁDIO":"MARIA DE LOURDES ABADIA (ABADIÃO)","ESTÁDIO_ORIGINAL":"Abadião","FONTE":"Meu Timão","URL_FONTE":"https://www.meutimao.com.br/jogo/1286/brasileiro-feminino-2019/minas_brasilia-0-x-4-corinthians","LATITUDE":-15.827361329856274,"LONGITUDE":-48.109266271733446,"ERA":"2016-Presente","PAIS_ISO3":"BRA","PAIS_FONTE":"Brazil","FONTE_CORRECAO_PAIS":"https://data.geocode.earth/wof/dist/legacy/whosonfirst-data-country-latest.tar.bz2"},"geometry":{"type":"Point","coordinates":[-48.109266271733446,-15.827361329856274]}},{"type":"Feature","properties":{"MEUTIMAO_ID":"1271","DATA":"2019-07-21","ANO JOGO":2019,"MODALIDADE":"Feminino","MANDANTE / VISITANTE (SCCP)":"Sim","TIME MANDANTE":"CORINTHIANS","GOLS MANDANTE":1,"TIME VISITANTE":"FLAMENGO","GOLS VISITANTE":0,"PLACAR":"1x0","RESULTADO":"VITÓRIA","ADVERSÁRIO":"FLAMENGO","GOLS SCCP":1,"GOLS ADVERSÁRIO":0,"SALDO DE GOLS":1,"COMPETIÇÃO":"Brasileiro Feminino 2019","ESTÁDIO":"Estádio Alfredo Schürig (Fazendinha)","ESTÁDIO_ORIGINAL":"Fazendinha","FONTE":"Meu Timão","URL_FONTE":"https://www.meutimao.com.br/jogo/1271/brasileiro-feminino-2019/corinthians-1-x-0-flamengo","LATITUDE":-23.526659630812546,"LONGITUDE":-46.5694808951696,"ERA":"2016-Presente","PAIS_ISO3":"BRA","PAIS_FONTE":"Brazil","FONTE_CORRECAO_PAIS":"https://data.geocode.earth/wof/dist/legacy/whosonfirst-data-country-latest.tar.bz2"},"geometry":{"type":"Point","coordinates":[-46.5694808951696,-23.526659630812546]}},{"type":"Feature","properties":{"MEUTIMAO_ID":"1270","DATA":"2019-07-18","ANO JOGO":2019,"MODALIDADE":"Feminino","MANDANTE / VISITANTE (SCCP)":"Não","TIME MANDANTE":"FERROVIÁRIA","GOLS MANDANTE":0,"TIME VISITANTE":"CORINTHIANS","GOLS VISITANTE":2,"PLACAR":"0x2","RESULTADO":"VITÓRIA","ADVERSÁRIO":"FERROVIÁRIA","GOLS SCCP":2,"GOLS ADVERSÁRIO":0,"SALDO DE GOLS":2,"COMPETIÇÃO":"Brasileiro Feminino 2019","ESTÁDIO":"Fonte Luminosa","ESTÁDIO_ORIGINAL":"Fonte Luminosa","FONTE":"Meu Timão","URL_FONTE":"https://www.meutimao.com.br/jogo/1270/brasileiro-feminino-2019/ferroviaria-0-x-2-corinthians","LATITUDE":-21.7886713,"LONGITUDE":-48.1773096,"ERA":"2016-Presente","PAIS_ISO3":"BRA","PAIS_FONTE":"Brazil","FONTE_CORRECAO_PAIS":"https://data.geocode.earth/wof/dist/legacy/whosonfirst-data-country-latest.tar.bz2"},"geometry":{"type":"Point","coordinates":[-48.1773096,-21.7886713]}},{"type":"Feature","properties":{"MEUTIMAO_ID":"1269","DATA":"2019-07-14","ANO JOGO":2019,"MODALIDADE":"Feminino","MANDANTE / VISITANTE (SCCP)":"Sim","TIME MANDANTE":"CORINTHIANS","GOLS MANDANTE":9,"TIME VISITANTE":"SÃO FRANCISCO","GOLS VISITANTE":0,"PLACAR":"9x0","RESULTADO":"VITÓRIA","ADVERSÁRIO":"SÃO FRANCISCO","GOLS SCCP":9,"GOLS ADVERSÁRIO":0,"SALDO DE GOLS":9,"COMPETIÇÃO":"Brasileiro Feminino 2019","ESTÁDIO":"Estádio Alfredo Schürig (Fazendinha)","ESTÁDIO_ORIGINAL":"Fazendinha","FONTE":"Meu Timão","URL_FONTE":"https://www.meutimao.com.br/jogo/1269/brasileiro-feminino-2019/corinthians-9-x-0-sao_francisco","LATITUDE":-23.526659630812546,"LONGITUDE":-46.5694808951696,"ERA":"2016-Presente","PAIS_ISO3":"BRA","PAIS_FONTE":"Brazil","FONTE_CORRECAO_PAIS":"https://data.geocode.earth/wof/dist/legacy/whosonfirst-data-country-latest.tar.bz2"},"geometry":{"type":"Point","coordinates":[-46.5694808951696,-23.526659630812546]}},{"type":"Feature","properties":{"MEUTIMAO_ID":"1268","DATA":"2019-07-10","ANO JOGO":2019,"MODALIDADE":"Feminino","MANDANTE / VISITANTE (SCCP)":"Não","TIME MANDANTE":"FOZ-ATHLETICO","GOLS MANDANTE":0,"TIME VISITANTE":"CORINTHIANS","GOLS VISITANTE":1,"PLACAR":"0x1","RESULTADO":"VITÓRIA","ADVERSÁRIO":"FOZ-ATHLETICO","GOLS SCCP":1,"GOLS ADVERSÁRIO":0,"SALDO DE GOLS":1,"COMPETIÇÃO":"Brasileiro Feminino 2019","ESTÁDIO":"Campo do Flamengo","ESTÁDIO_ORIGINAL":"Campo do Flamengo","FONTE":"Meu Timão","URL_FONTE":"https://www.meutimao.com.br/jogo/1268/brasileiro-feminino-2019/foz-athletico-0-x-1-corinthians","LATITUDE":-25.5304023,"LONGITUDE":-54.5830692,"ERA":"2016-Presente","PAIS_ISO3":"BRA","PAIS_FONTE":"Brazil","FONTE_CORRECAO_PAIS":"https://data.geocode.earth/wof/dist/legacy/whosonfirst-data-country-latest.tar.bz2"},"geometry":{"type":"Point","coordinates":[-54.5830692,-25.5304023]}},{"type":"Feature","properties":{"MEUTIMAO_ID":"1155","DATA":"2019-06-15","ANO JOGO":2019,"MODALIDADE":"Feminino","MANDANTE / VISITANTE (SCCP)":"Sim","TIME MANDANTE":"CORINTHIANS","GOLS MANDANTE":4,"TIME VISITANTE":"JUVENTUS","GOLS VISITANTE":0,"PLACAR":"4x0","RESULTADO":"VITÓRIA","ADVERSÁRIO":"JUVENTUS","GOLS SCCP":4,"GOLS ADVERSÁRIO":0,"SALDO DE GOLS":4,"COMPETIÇÃO":"Paulista Feminino 2019","ESTÁDIO":"Estádio Alfredo Schürig (Fazendinha)","ESTÁDIO_ORIGINAL":"Fazendinha","FONTE":"Meu Timão","URL_FONTE":"https://www.meutimao.com.br/jogo/1155/paulista-feminino-2019/corinthians-4-x-0-juventus","LATITUDE":-23.526659630812546,"LONGITUDE":-46.5694808951696,"ERA":"2016-Presente","PAIS_ISO3":"BRA","PAIS_FONTE":"Brazil","FONTE_CORRECAO_PAIS":"https://data.geocode.earth/wof/dist/legacy/whosonfirst-data-country-latest.tar.bz2"},"geometry":{"type":"Point","coordinates":[-46.5694808951696,-23.526659630812546]}},{"type":"Feature","properties":{"MEUTIMAO_ID":"1154","DATA":"2019-06-09","ANO JOGO":2019,"MODALIDADE":"Feminino","MANDANTE / VISITANTE (SCCP)":"Não","TIME MANDANTE":"SÃO JOSÉ","GOLS MANDANTE":0,"TIME VISITANTE":"CORINTHIANS","GOLS VISITANTE":2,"PLACAR":"0x2","RESULTADO":"VITÓRIA","ADVERSÁRIO":"SÃO JOSÉ","GOLS SCCP":2,"GOLS ADVERSÁRIO":0,"SALDO DE GOLS":2,"COMPETIÇÃO":"Paulista Feminino 2019","ESTÁDIO":"MARTINS PEREIRA","ESTÁDIO_ORIGINAL":"Estádio Martins Pereira","FONTE":"Meu Timão","URL_FONTE":"https://www.meutimao.com.br/jogo/1154/paulista-feminino-2019/sao_jose-0-x-2-corinthians","LATITUDE":-23.1884912615151,"LONGITUDE":-45.869827477202776,"ERA":"2016-Presente","PAIS_ISO3":"BRA","PAIS_FONTE":"Brazil","FONTE_CORRECAO_PAIS":"https://data.geocode.earth/wof/dist/legacy/whosonfirst-data-country-latest.tar.bz2"},"geometry":{"type":"Point","coordinates":[-45.869827477202776,-23.1884912615151]}},{"type":"Feature","properties":{"MEUTIMAO_ID":"1153","DATA":"2019-06-01","ANO JOGO":2019,"MODALIDADE":"Feminino","MANDANTE / VISITANTE (SCCP)":"Sim","TIME MANDANTE":"CORINTHIANS","GOLS MANDANTE":3,"TIME VISITANTE":"TAUBATÉ","GOLS VISITANTE":1,"PLACAR":"3x1","RESULTADO":"VITÓRIA","ADVERSÁRIO":"TAUBATÉ","GOLS SCCP":3,"GOLS ADVERSÁRIO":1,"SALDO DE GOLS":2,"COMPETIÇÃO":"Paulista Feminino 2019","ESTÁDIO":"Estádio Alfredo Schürig (Fazendinha)","ESTÁDIO_ORIGINAL":"Fazendinha","FONTE":"Meu Timão","URL_FONTE":"https://www.meutimao.com.br/jogo/1153/paulista-feminino-2019/corinthians-3-x-1-taubate","LATITUDE":-23.526659630812546,"LONGITUDE":-46.5694808951696,"ERA":"2016-Presente","PAIS_ISO3":"BRA","PAIS_FONTE":"Brazil","FONTE_CORRECAO_PAIS":"https://data.geocode.earth/wof/dist/legacy/whosonfirst-data-country-latest.tar.bz2"},"geometry":{"type":"Point","coordinates":[-46.5694808951696,-23.526659630812546]}},{"type":"Feature","properties":{"MEUTIMAO_ID":"1152","DATA":"2019-05-26","ANO JOGO":2019,"MODALIDADE":"Feminino","MANDANTE / VISITANTE (SCCP)":"Sim","TIME MANDANTE":"CORINTHIANS","GOLS MANDANTE":3,"TIME VISITANTE":"PORTUGUESA","GOLS VISITANTE":0,"PLACAR":"3x0","RESULTADO":"VITÓRIA","ADVERSÁRIO":"PORTUGUESA","GOLS SCCP":3,"GOLS ADVERSÁRIO":0,"SALDO DE GOLS":3,"COMPETIÇÃO":"Paulista Feminino 2019","ESTÁDIO":"Ninho do Corvo","ESTÁDIO_ORIGINAL":"Ninho do Corvo","FONTE":"Meu Timão","URL_FONTE":"https://www.meutimao.com.br/jogo/1152/paulista-feminino-2019/corinthians-3-x-0-portuguesa","LATITUDE":-23.4675941,"LONGITUDE":-46.5277704,"ERA":"2016-Presente","PAIS_ISO3":"BRA","PAIS_FONTE":"Brazil","FONTE_CORRECAO_PAIS":"https://data.geocode.earth/wof/dist/legacy/whosonfirst-data-country-latest.tar.bz2"},"geometry":{"type":"Point","coordinates":[-46.5277704,-23.4675941]}},{"type":"Feature","properties":{"MEUTIMAO_ID":"1229","DATA":"2019-05-19","ANO JOGO":2019,"MODALIDADE":"Feminino","MANDANTE / VISITANTE (SCCP)":"Sim","TIME MANDANTE":"CORINTHIANS","GOLS MANDANTE":5,"TIME VISITANTE":"VITÓRIA-PE","GOLS VISITANTE":0,"PLACAR":"5x0","RESULTADO":"VITÓRIA","ADVERSÁRIO":"VITÓRIA-PE","GOLS SCCP":5,"GOLS ADVERSÁRIO":0,"SALDO DE GOLS":5,"COMPETIÇÃO":"Brasileiro Feminino 2019","ESTÁDIO":"Estádio Alfredo Schürig (Fazendinha)","ESTÁDIO_ORIGINAL":"Fazendinha","FONTE":"Meu Timão","URL_FONTE":"https://www.meutimao.com.br/jogo/1229/brasileiro-feminino-2019/corinthians-5-x-0-vitoria-pe","LATITUDE":-23.526659630812546,"LONGITUDE":-46.5694808951696,"ERA":"2016-Presente","PAIS_ISO3":"BRA","PAIS_FONTE":"Brazil","FONTE_CORRECAO_PAIS":"https://data.geocode.earth/wof/dist/legacy/whosonfirst-data-country-latest.tar.bz2"},"geometry":{"type":"Point","coordinates":[-46.5694808951696,-23.526659630812546]}},{"type":"Feature","properties":{"MEUTIMAO_ID":"1151","DATA":"2019-05-15","ANO JOGO":2019,"MODALIDADE":"Feminino","MANDANTE / VISITANTE (SCCP)":"Não","TIME MANDANTE":"SANTOS","GOLS MANDANTE":2,"TIME VISITANTE":"CORINTHIANS","GOLS VISITANTE":3,"PLACAR":"2x3","RESULTADO":"VITÓRIA","ADVERSÁRIO":"SANTOS","GOLS SCCP":3,"GOLS ADVERSÁRIO":2,"SALDO DE GOLS":1,"COMPETIÇÃO":"Paulista Feminino 2019","ESTÁDIO":"Pacaembu","ESTÁDIO_ORIGINAL":"Pacaembu","FONTE":"Meu Timão","URL_FONTE":"https://www.meutimao.com.br/jogo/1151/paulista-feminino-2019/santos-2-x-3-corinthians","LATITUDE":-23.5473429,"LONGITUDE":-46.6652465,"ERA":"2016-Presente","PAIS_ISO3":"BRA","PAIS_FONTE":"Brazil","FONTE_CORRECAO_PAIS":"https://data.geocode.earth/wof/dist/legacy/whosonfirst-data-country-latest.tar.bz2"},"geometry":{"type":"Point","coordinates":[-46.6652465,-23.5473429]}},{"type":"Feature","properties":{"MEUTIMAO_ID":"1228","DATA":"2019-05-09","ANO JOGO":2019,"MODALIDADE":"Feminino","MANDANTE / VISITANTE (SCCP)":"Sim","TIME MANDANTE":"CORINTHIANS","GOLS MANDANTE":3,"TIME VISITANTE":"IRANDUBA","GOLS VISITANTE":1,"PLACAR":"3x1","RESULTADO":"VITÓRIA","ADVERSÁRIO":"IRANDUBA","GOLS SCCP":3,"GOLS ADVERSÁRIO":1,"SALDO DE GOLS":2,"COMPETIÇÃO":"Brasileiro Feminino 2019","ESTÁDIO":"Pacaembu","ESTÁDIO_ORIGINAL":"Pacaembu","FONTE":"Meu Timão","URL_FONTE":"https://www.meutimao.com.br/jogo/1228/brasileiro-feminino-2019/corinthians-3-x-1-iranduba","LATITUDE":-23.5473429,"LONGITUDE":-46.6652465,"ERA":"2016-Presente","PAIS_ISO3":"BRA","PAIS_FONTE":"Brazil","FONTE_CORRECAO_PAIS":"https://data.geocode.earth/wof/dist/legacy/whosonfirst-data-country-latest.tar.bz2"},"geometry":{"type":"Point","coordinates":[-46.6652465,-23.5473429]}},{"type":"Feature","properties":{"MEUTIMAO_ID":"1150","DATA":"2019-05-05","ANO JOGO":2019,"MODALIDADE":"Feminino","MANDANTE / VISITANTE (SCCP)":"Não","TIME MANDANTE":"JUVENTUS","GOLS MANDANTE":0,"TIME VISITANTE":"CORINTHIANS","GOLS VISITANTE":4,"PLACAR":"0x4","RESULTADO":"VITÓRIA","ADVERSÁRIO":"JUVENTUS","GOLS SCCP":4,"GOLS ADVERSÁRIO":0,"SALDO DE GOLS":4,"COMPETIÇÃO":"Paulista Feminino 2019","ESTÁDIO":"Rua Javari","ESTÁDIO_ORIGINAL":"Rua Javari","FONTE":"Meu Timão","URL_FONTE":"https://www.meutimao.com.br/jogo/1150/paulista-feminino-2019/juventus-0-x-4-corinthians","LATITUDE":-23.5532921,"LONGITUDE":-46.6048538,"ERA":"2016-Presente","PAIS_ISO3":"BRA","PAIS_FONTE":"Brazil","FONTE_CORRECAO_PAIS":"https://data.geocode.earth/wof/dist/legacy/whosonfirst-data-country-latest.tar.bz2"},"geometry":{"type":"Point","coordinates":[-46.6048538,-23.5532921]}},{"type":"Feature","properties":{"MEUTIMAO_ID":"1227","DATA":"2019-05-02","ANO JOGO":2019,"MODALIDADE":"Feminino","MANDANTE / VISITANTE (SCCP)":"Não","TIME MANDANTE":"AUDAX","GOLS MANDANTE":0,"TIME VISITANTE":"CORINTHIANS","GOLS VISITANTE":4,"PLACAR":"0x4","RESULTADO":"VITÓRIA","ADVERSÁRIO":"AUDAX","GOLS SCCP":4,"GOLS ADVERSÁRIO":0,"SALDO DE GOLS":4,"COMPETIÇÃO":"Brasileiro Feminino 2019","ESTÁDIO":"José Liberatti","ESTÁDIO_ORIGINAL":"José Liberatti","FONTE":"Meu Timão","URL_FONTE":"https://www.meutimao.com.br/jogo/1227/brasileiro-feminino-2019/audax-0-x-4-corinthians","LATITUDE":-23.5112728,"LONGITUDE":-46.7763584,"ERA":"2016-Presente","PAIS_ISO3":"BRA","PAIS_FONTE":"Brazil","FONTE_CORRECAO_PAIS":"https://data.geocode.earth/wof/dist/legacy/whosonfirst-data-country-latest.tar.bz2"},"geometry":{"type":"Point","coordinates":[-46.7763584,-23.5112728]}},{"type":"Feature","properties":{"MEUTIMAO_ID":"1149","DATA":"2019-04-28","ANO JOGO":2019,"MODALIDADE":"Feminino","MANDANTE / VISITANTE (SCCP)":"Sim","TIME MANDANTE":"CORINTHIANS","GOLS MANDANTE":4,"TIME VISITANTE":"SÃO JOSÉ","GOLS VISITANTE":1,"PLACAR":"4x1","RESULTADO":"VITÓRIA","ADVERSÁRIO":"SÃO JOSÉ","GOLS SCCP":4,"GOLS ADVERSÁRIO":1,"SALDO DE GOLS":3,"COMPETIÇÃO":"Paulista Feminino 2019","ESTÁDIO":"Estádio Alfredo Schürig (Fazendinha)","ESTÁDIO_ORIGINAL":"Fazendinha","FONTE":"Meu Timão","URL_FONTE":"https://www.meutimao.com.br/jogo/1149/paulista-feminino-2019/corinthians-4-x-1-sao_jose","LATITUDE":-23.526659630812546,"LONGITUDE":-46.5694808951696,"ERA":"2016-Presente","PAIS_ISO3":"BRA","PAIS_FONTE":"Brazil","FONTE_CORRECAO_PAIS":"https://data.geocode.earth/wof/dist/legacy/whosonfirst-data-country-latest.tar.bz2"},"geometry":{"type":"Point","coordinates":[-46.5694808951696,-23.526659630812546]}},{"type":"Feature","properties":{"MEUTIMAO_ID":"1226","DATA":"2019-04-25","ANO JOGO":2019,"MODALIDADE":"Feminino","MANDANTE / VISITANTE (SCCP)":"Sim","TIME MANDANTE":"CORINTHIANS","GOLS MANDANTE":3,"TIME VISITANTE":"SÃO JOSÉ","GOLS VISITANTE":0,"PLACAR":"3x0","RESULTADO":"VITÓRIA","ADVERSÁRIO":"SÃO JOSÉ","GOLS SCCP":3,"GOLS ADVERSÁRIO":0,"SALDO DE GOLS":3,"COMPETIÇÃO":"Brasileiro Feminino 2019","ESTÁDIO":"Estádio Alfredo Schürig (Fazendinha)","ESTÁDIO_ORIGINAL":"Fazendinha","FONTE":"Meu Timão","URL_FONTE":"https://www.meutimao.com.br/jogo/1226/brasileiro-feminino-2019/corinthians-3-x-0-sao_jose","LATITUDE":-23.526659630812546,"LONGITUDE":-46.5694808951696,"ERA":"2016-Presente","PAIS_ISO3":"BRA","PAIS_FONTE":"Brazil","FONTE_CORRECAO_PAIS":"https://data.geocode.earth/wof/dist/legacy/whosonfirst-data-country-latest.tar.bz2"},"geometry":{"type":"Point","coordinates":[-46.5694808951696,-23.526659630812546]}},{"type":"Feature","properties":{"MEUTIMAO_ID":"1188","DATA":"2019-04-20","ANO JOGO":2019,"MODALIDADE":"Feminino","MANDANTE / VISITANTE (SCCP)":"Não","TIME MANDANTE":"KINDERMANN","GOLS MANDANTE":0,"TIME VISITANTE":"CORINTHIANS","GOLS VISITANTE":1,"PLACAR":"0x1","RESULTADO":"VITÓRIA","ADVERSÁRIO":"KINDERMANN","GOLS SCCP":1,"GOLS ADVERSÁRIO":0,"SALDO DE GOLS":1,"COMPETIÇÃO":"Brasileiro Feminino 2019","ESTÁDIO":"Ressacada","ESTÁDIO_ORIGINAL":"Ressacada","FONTE":"Meu Timão","URL_FONTE":"https://www.meutimao.com.br/jogo/1188/brasileiro-feminino-2019/kindermann-0-x-1-corinthians","LATITUDE":-27.6665434,"LONGITUDE":-48.5316518,"ERA":"2016-Presente","PAIS_ISO3":"BRA","PAIS_FONTE":"Brazil","FONTE_CORRECAO_PAIS":"https://data.geocode.earth/wof/dist/legacy/whosonfirst-data-country-latest.tar.bz2"},"geometry":{"type":"Point","coordinates":[-48.5316518,-27.6665434]}},{"type":"Feature","properties":{"MEUTIMAO_ID":"1148","DATA":"2019-04-14","ANO JOGO":2019,"MODALIDADE":"Feminino","MANDANTE / VISITANTE (SCCP)":"Não","TIME MANDANTE":"TAUBATÉ","GOLS MANDANTE":0,"TIME VISITANTE":"CORINTHIANS","GOLS VISITANTE":1,"PLACAR":"0x1","RESULTADO":"VITÓRIA","ADVERSÁRIO":"TAUBATÉ","GOLS SCCP":1,"GOLS ADVERSÁRIO":0,"SALDO DE GOLS":1,"COMPETIÇÃO":"Paulista Feminino 2019","ESTÁDIO":"Joaquinzão","ESTÁDIO_ORIGINAL":"Joaquinzão","FONTE":"Meu Timão","URL_FONTE":"https://www.meutimao.com.br/jogo/1148/paulista-feminino-2019/taubate-0-x-1-corinthians","LATITUDE":-23.028033,"LONGITUDE":-45.5703466,"ERA":"2016-Presente","PAIS_ISO3":"BRA","PAIS_FONTE":"Brazil","FONTE_CORRECAO_PAIS":"https://data.geocode.earth/wof/dist/legacy/whosonfirst-data-country-latest.tar.bz2"},"geometry":{"type":"Point","coordinates":[-45.5703466,-23.028033]}},{"type":"Feature","properties":{"MEUTIMAO_ID":"1187","DATA":"2019-04-11","ANO JOGO":2019,"MODALIDADE":"Feminino","MANDANTE / VISITANTE (SCCP)":"Não","TIME MANDANTE":"SPORT","GOLS MANDANTE":0,"TIME VISITANTE":"CORINTHIANS","GOLS VISITANTE":7,"PLACAR":"0x7","RESULTADO":"VITÓRIA","ADVERSÁRIO":"SPORT","GOLS SCCP":7,"GOLS ADVERSÁRIO":0,"SALDO DE GOLS":7,"COMPETIÇÃO":"Brasileiro Feminino 2019","ESTÁDIO":"Ilha do Retiro","ESTÁDIO_ORIGINAL":"Ilha do Retiro","FONTE":"Meu Timão","URL_FONTE":"https://www.meutimao.com.br/jogo/1187/brasileiro-feminino-2019/sport-0-x-7-corinthians","LATITUDE":-8.0629168,"LONGITUDE":-34.9029094,"ERA":"2016-Presente","PAIS_ISO3":"BRA","PAIS_FONTE":"Brazil","FONTE_CORRECAO_PAIS":"https://data.geocode.earth/wof/dist/legacy/whosonfirst-data-country-latest.tar.bz2"},"geometry":{"type":"Point","coordinates":[-34.9029094,-8.0629168]}},{"type":"Feature","properties":{"MEUTIMAO_ID":"1147","DATA":"2019-04-07","ANO JOGO":2019,"MODALIDADE":"Feminino","MANDANTE / VISITANTE (SCCP)":"Não","TIME MANDANTE":"PORTUGUESA","GOLS MANDANTE":0,"TIME VISITANTE":"CORINTHIANS","GOLS VISITANTE":5,"PLACAR":"0x5","RESULTADO":"VITÓRIA","ADVERSÁRIO":"PORTUGUESA","GOLS SCCP":5,"GOLS ADVERSÁRIO":0,"SALDO DE GOLS":5,"COMPETIÇÃO":"Paulista Feminino 2019","ESTÁDIO":"Canindé","ESTÁDIO_ORIGINAL":"Canindé","FONTE":"Meu Timão","URL_FONTE":"https://www.meutimao.com.br/jogo/1147/paulista-feminino-2019/portuguesa-0-x-5-corinthians","LATITUDE":-23.520132719349128,"LONGITUDE":-46.618264502415194,"ERA":"2016-Presente","PAIS_ISO3":"BRA","PAIS_FONTE":"Brazil","FONTE_CORRECAO_PAIS":"https://data.geocode.earth/wof/dist/legacy/whosonfirst-data-country-latest.tar.bz2"},"geometry":{"type":"Point","coordinates":[-46.618264502415194,-23.520132719349128]}},{"type":"Feature","properties":{"MEUTIMAO_ID":"1146","DATA":"2019-03-31","ANO JOGO":2019,"MODALIDADE":"Feminino","MANDANTE / VISITANTE (SCCP)":"Sim","TIME MANDANTE":"CORINTHIANS","GOLS MANDANTE":3,"TIME VISITANTE":"SANTOS","GOLS VISITANTE":1,"PLACAR":"3x1","RESULTADO":"VITÓRIA","ADVERSÁRIO":"SANTOS","GOLS SCCP":3,"GOLS ADVERSÁRIO":1,"SALDO DE GOLS":2,"COMPETIÇÃO":"Paulista Feminino 2019","ESTÁDIO":"Estádio Alfredo Schürig (Fazendinha)","ESTÁDIO_ORIGINAL":"Fazendinha","FONTE":"Meu Timão","URL_FONTE":"https://www.meutimao.com.br/jogo/1146/paulista-feminino-2019/corinthians-3-x-1-santos","LATITUDE":-23.526659630812546,"LONGITUDE":-46.5694808951696,"ERA":"2016-Presente","PAIS_ISO3":"BRA","PAIS_FONTE":"Brazil","FONTE_CORRECAO_PAIS":"https://data.geocode.earth/wof/dist/legacy/whosonfirst-data-country-latest.tar.bz2"},"geometry":{"type":"Point","coordinates":[-46.5694808951696,-23.526659630812546]}},{"type":"Feature","properties":{"MEUTIMAO_ID":"1186","DATA":"2019-03-26","ANO JOGO":2019,"MODALIDADE":"Feminino","MANDANTE / VISITANTE (SCCP)":"Sim","TIME MANDANTE":"CORINTHIANS","GOLS MANDANTE":5,"TIME VISITANTE":"INTERNACIONAL","GOLS VISITANTE":0,"PLACAR":"5x0","RESULTADO":"VITÓRIA","ADVERSÁRIO":"INTERNACIONAL","GOLS SCCP":5,"GOLS ADVERSÁRIO":0,"SALDO DE GOLS":5,"COMPETIÇÃO":"Brasileiro Feminino 2019","ESTÁDIO":"Estádio Alfredo Schürig (Fazendinha)","ESTÁDIO_ORIGINAL":"Fazendinha","FONTE":"Meu Timão","URL_FONTE":"https://www.meutimao.com.br/jogo/1186/brasileiro-feminino-2019/corinthians-5-x-0-internacional","LATITUDE":-23.526659630812546,"LONGITUDE":-46.5694808951696,"ERA":"2016-Presente","PAIS_ISO3":"BRA","PAIS_FONTE":"Brazil","FONTE_CORRECAO_PAIS":"https://data.geocode.earth/wof/dist/legacy/whosonfirst-data-country-latest.tar.bz2"},"geometry":{"type":"Point","coordinates":[-46.5694808951696,-23.526659630812546]}},{"type":"Feature","properties":{"MEUTIMAO_ID":"1142","DATA":"2019-03-21","ANO JOGO":2019,"MODALIDADE":"Feminino","MANDANTE / VISITANTE (SCCP)":"Sim","TIME MANDANTE":"CORINTHIANS","GOLS MANDANTE":1,"TIME VISITANTE":"SANTOS","GOLS VISITANTE":2,"PLACAR":"1x2","RESULTADO":"DERROTA","ADVERSÁRIO":"SANTOS","GOLS SCCP":1,"GOLS ADVERSÁRIO":2,"SALDO DE GOLS":-1,"COMPETIÇÃO":"Brasileiro Feminino 2019","ESTÁDIO":"Estádio Alfredo Schürig (Fazendinha)","ESTÁDIO_ORIGINAL":"Fazendinha","FONTE":"Meu Timão","URL_FONTE":"https://www.meutimao.com.br/jogo/1142/brasileiro-feminino-2019/corinthians-1-x-2-santos","LATITUDE":-23.526659630812546,"LONGITUDE":-46.5694808951696,"ERA":"2016-Presente","PAIS_ISO3":"BRA","PAIS_FONTE":"Brazil","FONTE_CORRECAO_PAIS":"https://data.geocode.earth/wof/dist/legacy/whosonfirst-data-country-latest.tar.bz2"},"geometry":{"type":"Point","coordinates":[-46.5694808951696,-23.526659630812546]}},{"type":"Feature","properties":{"MEUTIMAO_ID":"1141","DATA":"2019-03-16","ANO JOGO":2019,"MODALIDADE":"Feminino","MANDANTE / VISITANTE (SCCP)":"Não","TIME MANDANTE":"PONTE PRETA","GOLS MANDANTE":1,"TIME VISITANTE":"CORINTHIANS","GOLS VISITANTE":4,"PLACAR":"1x4","RESULTADO":"VITÓRIA","ADVERSÁRIO":"PONTE PRETA","GOLS SCCP":4,"GOLS ADVERSÁRIO":1,"SALDO DE GOLS":3,"COMPETIÇÃO":"Brasileiro Feminino 2019","ESTÁDIO":"Estádio Manoel Ferreira","ESTÁDIO_ORIGINAL":"Estádio Manoel Ferreira","FONTE":"Meu Timão","URL_FONTE":"https://www.meutimao.com.br/jogo/1141/brasileiro-feminino-2019/ponte_preta-1-x-4-corinthians","LATITUDE":-20.7316942,"LONGITUDE":-49.5832891,"ERA":"2016-Presente","PAIS_ISO3":"BRA","PAIS_FONTE":"Brazil","FONTE_CORRECAO_PAIS":"https://data.geocode.earth/wof/dist/legacy/whosonfirst-data-country-latest.tar.bz2"},"geometry":{"type":"Point","coordinates":[-49.5832891,-20.7316942]}},{"type":"Feature","properties":{"MEUTIMAO_ID":"4683","DATA":"2020-12-20","ANO JOGO":2020,"MODALIDADE":"Feminino","MANDANTE / VISITANTE (SCCP)":"Não","TIME MANDANTE":"FERROVIÁRIA","GOLS MANDANTE":0,"TIME VISITANTE":"CORINTHIANS","GOLS VISITANTE":5,"PLACAR":"0x5","RESULTADO":"VITÓRIA","ADVERSÁRIO":"FERROVIÁRIA","GOLS SCCP":5,"GOLS ADVERSÁRIO":0,"SALDO DE GOLS":5,"COMPETIÇÃO":"Paulista Feminino 2020","ESTÁDIO":"Fonte Luminosa","ESTÁDIO_ORIGINAL":"Fonte Luminosa","FONTE":"Meu Timão","URL_FONTE":"https://www.meutimao.com.br/jogo/4683/paulista-feminino-2020/final/ferroviaria-0-x-5-corinthians","LATITUDE":-21.7886713,"LONGITUDE":-48.1773096,"ERA":"2016-Presente","PAIS_ISO3":"BRA","PAIS_FONTE":"Brazil","FONTE_CORRECAO_PAIS":"https://data.geocode.earth/wof/dist/legacy/whosonfirst-data-country-latest.tar.bz2"},"geometry":{"type":"Point","coordinates":[-48.1773096,-21.7886713]}},{"type":"Feature","properties":{"MEUTIMAO_ID":"4682","DATA":"2020-12-13","ANO JOGO":2020,"MODALIDADE":"Feminino","MANDANTE / VISITANTE (SCCP)":"Sim","TIME MANDANTE":"CORINTHIANS","GOLS MANDANTE":3,"TIME VISITANTE":"FERROVIÁRIA","GOLS VISITANTE":1,"PLACAR":"3x1","RESULTADO":"VITÓRIA","ADVERSÁRIO":"FERROVIÁRIA","GOLS SCCP":3,"GOLS ADVERSÁRIO":1,"SALDO DE GOLS":2,"COMPETIÇÃO":"Paulista Feminino 2020","ESTÁDIO":"Arena Barueri","ESTÁDIO_ORIGINAL":"Arena Barueri","FONTE":"Meu Timão","URL_FONTE":"https://www.meutimao.com.br/jogo/4682/paulista-feminino-2020/final/corinthians-3-x-1-ferroviaria","LATITUDE":-23.5124719,"LONGITUDE":-46.8995624,"ERA":"2016-Presente","PAIS_ISO3":"BRA","PAIS_FONTE":"Brazil","FONTE_CORRECAO_PAIS":"https://data.geocode.earth/wof/dist/legacy/whosonfirst-data-country-latest.tar.bz2"},"geometry":{"type":"Point","coordinates":[-46.8995624,-23.5124719]}},{"type":"Feature","properties":{"MEUTIMAO_ID":"4561","DATA":"2020-12-10","ANO JOGO":2020,"MODALIDADE":"Feminino","MANDANTE / VISITANTE (SCCP)":"Sim","TIME MANDANTE":"CORINTHIANS","GOLS MANDANTE":2,"TIME VISITANTE":"PALMEIRAS","GOLS VISITANTE":2,"PLACAR":"2x2","RESULTADO":"EMPATE","ADVERSÁRIO":"PALMEIRAS","GOLS SCCP":2,"GOLS ADVERSÁRIO":2,"SALDO DE GOLS":0,"COMPETIÇÃO":"Paulista Feminino 2020","ESTÁDIO":"Arena Barueri","ESTÁDIO_ORIGINAL":"Arena Barueri","FONTE":"Meu Timão","URL_FONTE":"https://www.meutimao.com.br/jogo/4561/paulista-feminino-2020/corinthians-2-x-2-palmeiras","LATITUDE":-23.5124719,"LONGITUDE":-46.8995624,"ERA":"2016-Presente","PAIS_ISO3":"BRA","PAIS_FONTE":"Brazil","FONTE_CORRECAO_PAIS":"https://data.geocode.earth/wof/dist/legacy/whosonfirst-data-country-latest.tar.bz2"},"geometry":{"type":"Point","coordinates":[-46.8995624,-23.5124719]}},{"type":"Feature","properties":{"MEUTIMAO_ID":"4493","DATA":"2020-12-06","ANO JOGO":2020,"MODALIDADE":"Feminino","MANDANTE / VISITANTE (SCCP)":"Sim","TIME MANDANTE":"CORINTHIANS","GOLS MANDANTE":4,"TIME VISITANTE":"KINDERMANN","GOLS VISITANTE":2,"PLACAR":"4x2","RESULTADO":"VITÓRIA","ADVERSÁRIO":"KINDERMANN","GOLS SCCP":4,"GOLS ADVERSÁRIO":2,"SALDO DE GOLS":2,"COMPETIÇÃO":"Brasileiro Feminino 2020","ESTÁDIO":"Neo Química Arena","ESTÁDIO_ORIGINAL":"Neo Química Arena","FONTE":"Meu Timão","URL_FONTE":"https://www.meutimao.com.br/jogo/4493/brasileiro-feminino-2020/final/corinthians-4-x-2-kindermann","LATITUDE":-23.5453221,"LONGITUDE":-46.4742676,"ERA":"2016-Presente","PAIS_ISO3":"BRA","PAIS_FONTE":"Brazil","FONTE_CORRECAO_PAIS":"https://data.geocode.earth/wof/dist/legacy/whosonfirst-data-country-latest.tar.bz2"},"geometry":{"type":"Point","coordinates":[-46.4742676,-23.5453221]}},{"type":"Feature","properties":{"MEUTIMAO_ID":"4559","DATA":"2020-12-02","ANO JOGO":2020,"MODALIDADE":"Feminino","MANDANTE / VISITANTE (SCCP)":"Não","TIME MANDANTE":"PALMEIRAS","GOLS MANDANTE":0,"TIME VISITANTE":"CORINTHIANS","GOLS VISITANTE":1,"PLACAR":"0x1","RESULTADO":"VITÓRIA","ADVERSÁRIO":"PALMEIRAS","GOLS SCCP":1,"GOLS ADVERSÁRIO":0,"SALDO DE GOLS":1,"COMPETIÇÃO":"Paulista Feminino 2020","ESTÁDIO":"NELO BRACALENTE (CAMPO DO AQUÁRIO)","ESTÁDIO_ORIGINAL":"Nelo Bracalente","FONTE":"Meu Timão","URL_FONTE":"https://www.meutimao.com.br/jogo/4559/paulista-feminino-2020/palmeiras-0-x-1-corinthians","LATITUDE":-23.026066256410274,"LONGITUDE":-46.987202025851325,"ERA":"2016-Presente","PAIS_ISO3":"BRA","PAIS_FONTE":"Brazil","FONTE_CORRECAO_PAIS":"https://data.geocode.earth/wof/dist/legacy/whosonfirst-data-country-latest.tar.bz2"},"geometry":{"type":"Point","coordinates":[-46.987202025851325,-23.026066256410274]}},{"type":"Feature","properties":{"MEUTIMAO_ID":"4489","DATA":"2020-11-27","ANO JOGO":2020,"MODALIDADE":"Feminino","MANDANTE / VISITANTE (SCCP)":"Sim","TIME MANDANTE":"CORINTHIANS","GOLS MANDANTE":0,"TIME VISITANTE":"SANTOS","GOLS VISITANTE":2,"PLACAR":"0x2","RESULTADO":"DERROTA","ADVERSÁRIO":"SANTOS","GOLS SCCP":0,"GOLS ADVERSÁRIO":2,"SALDO DE GOLS":-2,"COMPETIÇÃO":"Paulista Feminino 2020","ESTÁDIO":"Estádio Alfredo Schürig (Fazendinha)","ESTÁDIO_ORIGINAL":"Fazendinha","FONTE":"Meu Timão","URL_FONTE":"https://www.meutimao.com.br/jogo/4489/paulista-feminino-2020/quartas_de_final/corinthians-0-x-2-santos","LATITUDE":-23.526659630812546,"LONGITUDE":-46.5694808951696,"ERA":"2016-Presente","PAIS_ISO3":"BRA","PAIS_FONTE":"Brazil","FONTE_CORRECAO_PAIS":"https://data.geocode.earth/wof/dist/legacy/whosonfirst-data-country-latest.tar.bz2"},"geometry":{"type":"Point","coordinates":[-46.5694808951696,-23.526659630812546]}},{"type":"Feature","properties":{"MEUTIMAO_ID":"4492","DATA":"2020-11-22","ANO JOGO":2020,"MODALIDADE":"Feminino","MANDANTE / VISITANTE (SCCP)":"Não","TIME MANDANTE":"KINDERMANN","GOLS MANDANTE":0,"TIME VISITANTE":"CORINTHIANS","GOLS VISITANTE":0,"PLACAR":"0x0","RESULTADO":"EMPATE","ADVERSÁRIO":"KINDERMANN","GOLS SCCP":0,"GOLS ADVERSÁRIO":0,"SALDO DE GOLS":0,"COMPETIÇÃO":"Brasileiro Feminino 2020","ESTÁDIO":"Ressacada","ESTÁDIO_ORIGINAL":"Ressacada","FONTE":"Meu Timão","URL_FONTE":"https://www.meutimao.com.br/jogo/4492/brasileiro-feminino-2020/final/kindermann-0-x-0-corinthians","LATITUDE":-27.6665434,"LONGITUDE":-48.5316518,"ERA":"2016-Presente","PAIS_ISO3":"BRA","PAIS_FONTE":"Brazil","FONTE_CORRECAO_PAIS":"https://data.geocode.earth/wof/dist/legacy/whosonfirst-data-country-latest.tar.bz2"},"geometry":{"type":"Point","coordinates":[-48.5316518,-27.6665434]}},{"type":"Feature","properties":{"MEUTIMAO_ID":"4488","DATA":"2020-11-19","ANO JOGO":2020,"MODALIDADE":"Feminino","MANDANTE / VISITANTE (SCCP)":"Não","TIME MANDANTE":"SANTOS","GOLS MANDANTE":2,"TIME VISITANTE":"CORINTHIANS","GOLS VISITANTE":5,"PLACAR":"2x5","RESULTADO":"VITÓRIA","ADVERSÁRIO":"SANTOS","GOLS SCCP":5,"GOLS ADVERSÁRIO":2,"SALDO DE GOLS":3,"COMPETIÇÃO":"Paulista Feminino 2020","ESTÁDIO":"Vila Belmiro","ESTÁDIO_ORIGINAL":"Vila Belmiro","FONTE":"Meu Timão","URL_FONTE":"https://www.meutimao.com.br/jogo/4488/paulista-feminino-2020/quartas_de_final/santos-2-x-5-corinthians","LATITUDE":-23.95083320224522,"LONGITUDE":-46.33836796008564,"ERA":"2016-Presente","PAIS_ISO3":"BRA","PAIS_FONTE":"Brazil","FONTE_CORRECAO_PAIS":"https://data.geocode.earth/wof/dist/legacy/whosonfirst-data-country-latest.tar.bz2"},"geometry":{"type":"Point","coordinates":[-46.33836796008564,-23.95083320224522]}},{"type":"Feature","properties":{"MEUTIMAO_ID":"4441","DATA":"2020-11-16","ANO JOGO":2020,"MODALIDADE":"Feminino","MANDANTE / VISITANTE (SCCP)":"Sim","TIME MANDANTE":"CORINTHIANS","GOLS MANDANTE":3,"TIME VISITANTE":"PALMEIRAS","GOLS VISITANTE":0,"PLACAR":"3x0","RESULTADO":"VITÓRIA","ADVERSÁRIO":"PALMEIRAS","GOLS SCCP":3,"GOLS ADVERSÁRIO":0,"SALDO DE GOLS":3,"COMPETIÇÃO":"Brasileiro Feminino 2020","ESTÁDIO":"Neo Química Arena","ESTÁDIO_ORIGINAL":"Neo Química Arena","FONTE":"Meu Timão","URL_FONTE":"https://www.meutimao.com.br/jogo/4441/brasileiro-feminino-2020/corinthians-3-x-0-palmeiras","LATITUDE":-23.5453221,"LONGITUDE":-46.4742676,"ERA":"2016-Presente","PAIS_ISO3":"BRA","PAIS_FONTE":"Brazil","FONTE_CORRECAO_PAIS":"https://data.geocode.earth/wof/dist/legacy/whosonfirst-data-country-latest.tar.bz2"},"geometry":{"type":"Point","coordinates":[-46.4742676,-23.5453221]}},{"type":"Feature","properties":{"MEUTIMAO_ID":"4246","DATA":"2020-11-11","ANO JOGO":2020,"MODALIDADE":"Feminino","MANDANTE / VISITANTE (SCCP)":"Sim","TIME MANDANTE":"CORINTHIANS","GOLS MANDANTE":4,"TIME VISITANTE":"TAUBATÉ","GOLS VISITANTE":0,"PLACAR":"4x0","RESULTADO":"VITÓRIA","ADVERSÁRIO":"TAUBATÉ","GOLS SCCP":4,"GOLS ADVERSÁRIO":0,"SALDO DE GOLS":4,"COMPETIÇÃO":"Paulista Feminino 2020","ESTÁDIO":"Neo Química Arena","ESTÁDIO_ORIGINAL":"Neo Química Arena","FONTE":"Meu Timão","URL_FONTE":"https://www.meutimao.com.br/jogo/4246/paulista-feminino-2020/corinthians-4-x-0-taubate","LATITUDE":-23.5453221,"LONGITUDE":-46.4742676,"ERA":"2016-Presente","PAIS_ISO3":"BRA","PAIS_FONTE":"Brazil","FONTE_CORRECAO_PAIS":"https://data.geocode.earth/wof/dist/legacy/whosonfirst-data-country-latest.tar.bz2"},"geometry":{"type":"Point","coordinates":[-46.4742676,-23.5453221]}},{"type":"Feature","properties":{"MEUTIMAO_ID":"4440","DATA":"2020-11-08","ANO JOGO":2020,"MODALIDADE":"Feminino","MANDANTE / VISITANTE (SCCP)":"Não","TIME MANDANTE":"PALMEIRAS","GOLS MANDANTE":0,"TIME VISITANTE":"CORINTHIANS","GOLS VISITANTE":0,"PLACAR":"0x0","RESULTADO":"EMPATE","ADVERSÁRIO":"PALMEIRAS","GOLS SCCP":0,"GOLS ADVERSÁRIO":0,"SALDO DE GOLS":0,"COMPETIÇÃO":"Brasileiro Feminino 2020","ESTÁDIO":"NUBANK PARQUE (ARENA PALMEIRAS)","ESTÁDIO_ORIGINAL":"Nubank Parque","FONTE":"Meu Timão","URL_FONTE":"https://www.meutimao.com.br/jogo/4440/brasileiro-feminino-2020/palmeiras-0-x-0-corinthians","LATITUDE":-23.527428879851925,"LONGITUDE":-46.67811214843781,"ERA":"2016-Presente","PAIS_ISO3":"BRA","PAIS_FONTE":"Brazil","FONTE_CORRECAO_PAIS":"https://data.geocode.earth/wof/dist/legacy/whosonfirst-data-country-latest.tar.bz2"},"geometry":{"type":"Point","coordinates":[-46.67811214843781,-23.527428879851925]}},{"type":"Feature","properties":{"MEUTIMAO_ID":"4245","DATA":"2020-11-05","ANO JOGO":2020,"MODALIDADE":"Feminino","MANDANTE / VISITANTE (SCCP)":"Não","TIME MANDANTE":"JUVENTUS","GOLS MANDANTE":0,"TIME VISITANTE":"CORINTHIANS","GOLS VISITANTE":3,"PLACAR":"0x3","RESULTADO":"VITÓRIA","ADVERSÁRIO":"JUVENTUS","GOLS SCCP":3,"GOLS ADVERSÁRIO":0,"SALDO DE GOLS":3,"COMPETIÇÃO":"Paulista Feminino 2020","ESTÁDIO":"Rua Javari","ESTÁDIO_ORIGINAL":"Rua Javari","FONTE":"Meu Timão","URL_FONTE":"https://www.meutimao.com.br/jogo/4245/paulista-feminino-2020/juventus-0-x-3-corinthians","LATITUDE":-23.5532921,"LONGITUDE":-46.6048538,"ERA":"2016-Presente","PAIS_ISO3":"BRA","PAIS_FONTE":"Brazil","FONTE_CORRECAO_PAIS":"https://data.geocode.earth/wof/dist/legacy/whosonfirst-data-country-latest.tar.bz2"},"geometry":{"type":"Point","coordinates":[-46.6048538,-23.5532921]}},{"type":"Feature","properties":{"MEUTIMAO_ID":"4348","DATA":"2020-11-02","ANO JOGO":2020,"MODALIDADE":"Feminino","MANDANTE / VISITANTE (SCCP)":"Sim","TIME MANDANTE":"CORINTHIANS","GOLS MANDANTE":2,"TIME VISITANTE":"GRÊMIO","GOLS VISITANTE":1,"PLACAR":"2x1","RESULTADO":"VITÓRIA","ADVERSÁRIO":"GRÊMIO","GOLS SCCP":2,"GOLS ADVERSÁRIO":1,"SALDO DE GOLS":1,"COMPETIÇÃO":"Brasileiro Feminino 2020","ESTÁDIO":"Neo Química Arena","ESTÁDIO_ORIGINAL":"Neo Química Arena","FONTE":"Meu Timão","URL_FONTE":"https://www.meutimao.com.br/jogo/4348/brasileiro-feminino-2020/quartas_de_final/corinthians-2-x-1-gremio","LATITUDE":-23.5453221,"LONGITUDE":-46.4742676,"ERA":"2016-Presente","PAIS_ISO3":"BRA","PAIS_FONTE":"Brazil","FONTE_CORRECAO_PAIS":"https://data.geocode.earth/wof/dist/legacy/whosonfirst-data-country-latest.tar.bz2"},"geometry":{"type":"Point","coordinates":[-46.4742676,-23.5453221]}},{"type":"Feature","properties":{"MEUTIMAO_ID":"4244","DATA":"2020-10-28","ANO JOGO":2020,"MODALIDADE":"Feminino","MANDANTE / VISITANTE (SCCP)":"Sim","TIME MANDANTE":"CORINTHIANS","GOLS MANDANTE":11,"TIME VISITANTE":"NACIONAL-SP","GOLS VISITANTE":0,"PLACAR":"11x0","RESULTADO":"VITÓRIA","ADVERSÁRIO":"NACIONAL-SP","GOLS SCCP":11,"GOLS ADVERSÁRIO":0,"SALDO DE GOLS":11,"COMPETIÇÃO":"Paulista Feminino 2020","ESTÁDIO":"Estádio Alfredo Schürig (Fazendinha)","ESTÁDIO_ORIGINAL":"Fazendinha","FONTE":"Meu Timão","URL_FONTE":"https://www.meutimao.com.br/jogo/4244/paulista-feminino-2020/corinthians-11-x-0-nacional-sp","LATITUDE":-23.526659630812546,"LONGITUDE":-46.5694808951696,"ERA":"2016-Presente","PAIS_ISO3":"BRA","PAIS_FONTE":"Brazil","FONTE_CORRECAO_PAIS":"https://data.geocode.earth/wof/dist/legacy/whosonfirst-data-country-latest.tar.bz2"},"geometry":{"type":"Point","coordinates":[-46.5694808951696,-23.526659630812546]}},{"type":"Feature","properties":{"MEUTIMAO_ID":"4347","DATA":"2020-10-25","ANO JOGO":2020,"MODALIDADE":"Feminino","MANDANTE / VISITANTE (SCCP)":"Não","TIME MANDANTE":"GRÊMIO","GOLS MANDANTE":0,"TIME VISITANTE":"CORINTHIANS","GOLS VISITANTE":3,"PLACAR":"0x3","RESULTADO":"VITÓRIA","ADVERSÁRIO":"GRÊMIO","GOLS SCCP":3,"GOLS ADVERSÁRIO":0,"SALDO DE GOLS":3,"COMPETIÇÃO":"Brasileiro Feminino 2020","ESTÁDIO":"ARENA DO GRÊMIO","ESTÁDIO_ORIGINAL":"Arena do Grêmio","FONTE":"Meu Timão","URL_FONTE":"https://www.meutimao.com.br/jogo/4347/brasileiro-feminino-2020/quartas_de_final/gremio-0-x-3-corinthians","LATITUDE":-29.97378608493292,"LONGITUDE":-51.19421738952703,"ERA":"2016-Presente","PAIS_ISO3":"BRA","PAIS_FONTE":"Brazil","FONTE_CORRECAO_PAIS":"https://data.geocode.earth/wof/dist/legacy/whosonfirst-data-country-latest.tar.bz2"},"geometry":{"type":"Point","coordinates":[-51.19421738952703,-29.97378608493292]}},{"type":"Feature","properties":{"MEUTIMAO_ID":"4243","DATA":"2020-10-21","ANO JOGO":2020,"MODALIDADE":"Feminino","MANDANTE / VISITANTE (SCCP)":"Sim","TIME MANDANTE":"CORINTHIANS","GOLS MANDANTE":3,"TIME VISITANTE":"SANTOS","GOLS VISITANTE":1,"PLACAR":"3x1","RESULTADO":"VITÓRIA","ADVERSÁRIO":"SANTOS","GOLS SCCP":3,"GOLS ADVERSÁRIO":1,"SALDO DE GOLS":2,"COMPETIÇÃO":"Paulista Feminino 2020","ESTÁDIO":"Estádio Alfredo Schürig (Fazendinha)","ESTÁDIO_ORIGINAL":"Fazendinha","FONTE":"Meu Timão","URL_FONTE":"https://www.meutimao.com.br/jogo/4243/paulista-feminino-2020/corinthians-3-x-1-santos","LATITUDE":-23.526659630812546,"LONGITUDE":-46.5694808951696,"ERA":"2016-Presente","PAIS_ISO3":"BRA","PAIS_FONTE":"Brazil","FONTE_CORRECAO_PAIS":"https://data.geocode.earth/wof/dist/legacy/whosonfirst-data-country-latest.tar.bz2"},"geometry":{"type":"Point","coordinates":[-46.5694808951696,-23.526659630812546]}},{"type":"Feature","properties":{"MEUTIMAO_ID":"4242","DATA":"2020-10-18","ANO JOGO":2020,"MODALIDADE":"Feminino","MANDANTE / VISITANTE (SCCP)":"Não","TIME MANDANTE":"SÃO JOSÉ","GOLS MANDANTE":0,"TIME VISITANTE":"CORINTHIANS","GOLS VISITANTE":4,"PLACAR":"0x4","RESULTADO":"VITÓRIA","ADVERSÁRIO":"SÃO JOSÉ","GOLS SCCP":4,"GOLS ADVERSÁRIO":0,"SALDO DE GOLS":4,"COMPETIÇÃO":"Paulista Feminino 2020","ESTÁDIO":"MARTINS PEREIRA","ESTÁDIO_ORIGINAL":"Estádio Martins Pereira","FONTE":"Meu Timão","URL_FONTE":"https://www.meutimao.com.br/jogo/4242/paulista-feminino-2020/sao_jose-0-x-4-corinthians","LATITUDE":-23.1884912615151,"LONGITUDE":-45.869827477202776,"ERA":"2016-Presente","PAIS_ISO3":"BRA","PAIS_FONTE":"Brazil","FONTE_CORRECAO_PAIS":"https://data.geocode.earth/wof/dist/legacy/whosonfirst-data-country-latest.tar.bz2"},"geometry":{"type":"Point","coordinates":[-45.869827477202776,-23.1884912615151]}},{"type":"Feature","properties":{"MEUTIMAO_ID":"1448","DATA":"2020-10-14","ANO JOGO":2020,"MODALIDADE":"Feminino","MANDANTE / VISITANTE (SCCP)":"Sim","TIME MANDANTE":"CORINTHIANS","GOLS MANDANTE":1,"TIME VISITANTE":"SANTOS","GOLS VISITANTE":0,"PLACAR":"1x0","RESULTADO":"VITÓRIA","ADVERSÁRIO":"SANTOS","GOLS SCCP":1,"GOLS ADVERSÁRIO":0,"SALDO DE GOLS":1,"COMPETIÇÃO":"Brasileiro Feminino 2020","ESTÁDIO":"Estádio Alfredo Schürig (Fazendinha)","ESTÁDIO_ORIGINAL":"Fazendinha","FONTE":"Meu Timão","URL_FONTE":"https://www.meutimao.com.br/jogo/1448/brasileiro-feminino-2020/corinthians-1-x-0-santos","LATITUDE":-23.526659630812546,"LONGITUDE":-46.5694808951696,"ERA":"2016-Presente","PAIS_ISO3":"BRA","PAIS_FONTE":"Brazil","FONTE_CORRECAO_PAIS":"https://data.geocode.earth/wof/dist/legacy/whosonfirst-data-country-latest.tar.bz2"},"geometry":{"type":"Point","coordinates":[-46.5694808951696,-23.526659630812546]}},{"type":"Feature","properties":{"MEUTIMAO_ID":"1447","DATA":"2020-10-11","ANO JOGO":2020,"MODALIDADE":"Feminino","MANDANTE / VISITANTE (SCCP)":"Não","TIME MANDANTE":"PONTE PRETA","GOLS MANDANTE":0,"TIME VISITANTE":"CORINTHIANS","GOLS VISITANTE":7,"PLACAR":"0x7","RESULTADO":"VITÓRIA","ADVERSÁRIO":"PONTE PRETA","GOLS SCCP":7,"GOLS ADVERSÁRIO":0,"SALDO DE GOLS":7,"COMPETIÇÃO":"Brasileiro Feminino 2020","ESTÁDIO":"MOISÉS LUCARELLI (MAJESTOSO)","ESTÁDIO_ORIGINAL":"Moisés Lucarelli","FONTE":"Meu Timão","URL_FONTE":"https://www.meutimao.com.br/jogo/1447/brasileiro-feminino-2020/ponte_preta-0-x-7-corinthians","LATITUDE":-22.912600582555537,"LONGITUDE":-47.05115367918981,"ERA":"2016-Presente","PAIS_ISO3":"BRA","PAIS_FONTE":"Brazil","FONTE_CORRECAO_PAIS":"https://data.geocode.earth/wof/dist/legacy/whosonfirst-data-country-latest.tar.bz2"},"geometry":{"type":"Point","coordinates":[-47.05115367918981,-22.912600582555537]}},{"type":"Feature","properties":{"MEUTIMAO_ID":"1446","DATA":"2020-10-04","ANO JOGO":2020,"MODALIDADE":"Feminino","MANDANTE / VISITANTE (SCCP)":"Sim","TIME MANDANTE":"CORINTHIANS","GOLS MANDANTE":3,"TIME VISITANTE":"SÃO JOSÉ","GOLS VISITANTE":0,"PLACAR":"3x0","RESULTADO":"VITÓRIA","ADVERSÁRIO":"SÃO JOSÉ","GOLS SCCP":3,"GOLS ADVERSÁRIO":0,"SALDO DE GOLS":3,"COMPETIÇÃO":"Brasileiro Feminino 2020","ESTÁDIO":"Estádio Alfredo Schürig (Fazendinha)","ESTÁDIO_ORIGINAL":"Fazendinha","FONTE":"Meu Timão","URL_FONTE":"https://www.meutimao.com.br/jogo/1446/brasileiro-feminino-2020/corinthians-3-x-0-sao_jose","LATITUDE":-23.526659630812546,"LONGITUDE":-46.5694808951696,"ERA":"2016-Presente","PAIS_ISO3":"BRA","PAIS_FONTE":"Brazil","FONTE_CORRECAO_PAIS":"https://data.geocode.earth/wof/dist/legacy/whosonfirst-data-country-latest.tar.bz2"},"geometry":{"type":"Point","coordinates":[-46.5694808951696,-23.526659630812546]}},{"type":"Feature","properties":{"MEUTIMAO_ID":"1445","DATA":"2020-09-30","ANO JOGO":2020,"MODALIDADE":"Feminino","MANDANTE / VISITANTE (SCCP)":"Não","TIME MANDANTE":"MINAS BRASÍLIA","GOLS MANDANTE":1,"TIME VISITANTE":"CORINTHIANS","GOLS VISITANTE":4,"PLACAR":"1x4","RESULTADO":"VITÓRIA","ADVERSÁRIO":"MINAS BRASÍLIA","GOLS SCCP":4,"GOLS ADVERSÁRIO":1,"SALDO DE GOLS":3,"COMPETIÇÃO":"Brasileiro Feminino 2020","ESTÁDIO":"VALMIR CAMPELO BEZERRA (BEZERRÃO)","ESTÁDIO_ORIGINAL":"Bezerrão","FONTE":"Meu Timão","URL_FONTE":"https://www.meutimao.com.br/jogo/1445/brasileiro-feminino-2020/minas_brasilia-1-x-4-corinthians","LATITUDE":-16.010988388571377,"LONGITUDE":-48.061410548437806,"ERA":"2016-Presente","PAIS_ISO3":"BRA","PAIS_FONTE":"Brazil","FONTE_CORRECAO_PAIS":"https://data.geocode.earth/wof/dist/legacy/whosonfirst-data-country-latest.tar.bz2"},"geometry":{"type":"Point","coordinates":[-48.061410548437806,-16.010988388571377]}},{"type":"Feature","properties":{"MEUTIMAO_ID":"1444","DATA":"2020-09-26","ANO JOGO":2020,"MODALIDADE":"Feminino","MANDANTE / VISITANTE (SCCP)":"Sim","TIME MANDANTE":"CORINTHIANS","GOLS MANDANTE":6,"TIME VISITANTE":"VITÓRIA","GOLS VISITANTE":0,"PLACAR":"6x0","RESULTADO":"VITÓRIA","ADVERSÁRIO":"VITÓRIA","GOLS SCCP":6,"GOLS ADVERSÁRIO":0,"SALDO DE GOLS":6,"COMPETIÇÃO":"Brasileiro Feminino 2020","ESTÁDIO":"Estádio Alfredo Schürig (Fazendinha)","ESTÁDIO_ORIGINAL":"Fazendinha","FONTE":"Meu Timão","URL_FONTE":"https://www.meutimao.com.br/jogo/1444/brasileiro-feminino-2020/corinthians-6-x-0-vitoria","LATITUDE":-23.526659630812546,"LONGITUDE":-46.5694808951696,"ERA":"2016-Presente","PAIS_ISO3":"BRA","PAIS_FONTE":"Brazil","FONTE_CORRECAO_PAIS":"https://data.geocode.earth/wof/dist/legacy/whosonfirst-data-country-latest.tar.bz2"},"geometry":{"type":"Point","coordinates":[-46.5694808951696,-23.526659630812546]}},{"type":"Feature","properties":{"MEUTIMAO_ID":"1443","DATA":"2020-09-23","ANO JOGO":2020,"MODALIDADE":"Feminino","MANDANTE / VISITANTE (SCCP)":"Não","TIME MANDANTE":"IRANDUBA","GOLS MANDANTE":0,"TIME VISITANTE":"CORINTHIANS","GOLS VISITANTE":2,"PLACAR":"0x2","RESULTADO":"VITÓRIA","ADVERSÁRIO":"IRANDUBA","GOLS SCCP":2,"GOLS ADVERSÁRIO":0,"SALDO DE GOLS":2,"COMPETIÇÃO":"Brasileiro Feminino 2020","ESTÁDIO":"Arena da Amazônia","ESTÁDIO_ORIGINAL":"Arena Amazônia","FONTE":"Meu Timão","URL_FONTE":"https://www.meutimao.com.br/jogo/1443/brasileiro-feminino-2020/iranduba-0-x-2-corinthians","LATITUDE":-3.0832457,"LONGITUDE":-60.0281392,"ERA":"2016-Presente","PAIS_ISO3":"BRA","PAIS_FONTE":"Brazil","FONTE_CORRECAO_PAIS":"https://data.geocode.earth/wof/dist/legacy/whosonfirst-data-country-latest.tar.bz2"},"geometry":{"type":"Point","coordinates":[-60.0281392,-3.0832457]}},{"type":"Feature","properties":{"MEUTIMAO_ID":"1442","DATA":"2020-09-13","ANO JOGO":2020,"MODALIDADE":"Feminino","MANDANTE / VISITANTE (SCCP)":"Sim","TIME MANDANTE":"CORINTHIANS","GOLS MANDANTE":1,"TIME VISITANTE":"GRÊMIO","GOLS VISITANTE":0,"PLACAR":"1x0","RESULTADO":"VITÓRIA","ADVERSÁRIO":"GRÊMIO","GOLS SCCP":1,"GOLS ADVERSÁRIO":0,"SALDO DE GOLS":1,"COMPETIÇÃO":"Brasileiro Feminino 2020","ESTÁDIO":"Estádio Alfredo Schürig (Fazendinha)","ESTÁDIO_ORIGINAL":"Fazendinha","FONTE":"Meu Timão","URL_FONTE":"https://www.meutimao.com.br/jogo/1442/brasileiro-feminino-2020/corinthians-1-x-0-gremio","LATITUDE":-23.526659630812546,"LONGITUDE":-46.5694808951696,"ERA":"2016-Presente","PAIS_ISO3":"BRA","PAIS_FONTE":"Brazil","FONTE_CORRECAO_PAIS":"https://data.geocode.earth/wof/dist/legacy/whosonfirst-data-country-latest.tar.bz2"},"geometry":{"type":"Point","coordinates":[-46.5694808951696,-23.526659630812546]}},{"type":"Feature","properties":{"MEUTIMAO_ID":"1441","DATA":"2020-09-10","ANO JOGO":2020,"MODALIDADE":"Feminino","MANDANTE / VISITANTE (SCCP)":"Não","TIME MANDANTE":"INTERNACIONAL","GOLS MANDANTE":0,"TIME VISITANTE":"CORINTHIANS","GOLS VISITANTE":4,"PLACAR":"0x4","RESULTADO":"VITÓRIA","ADVERSÁRIO":"INTERNACIONAL","GOLS SCCP":4,"GOLS ADVERSÁRIO":0,"SALDO DE GOLS":4,"COMPETIÇÃO":"Brasileiro Feminino 2020","ESTÁDIO":"Indefinido","ESTÁDIO_ORIGINAL":"Indefinido","FONTE":"Meu Timão","URL_FONTE":"https://www.meutimao.com.br/jogo/1441/brasileiro-feminino-2020/internacional-0-x-4-corinthians","LATITUDE":null,"LONGITUDE":null,"ERA":"2016-Presente"},"geometry":null},{"type":"Feature","properties":{"MEUTIMAO_ID":"1440","DATA":"2020-09-07","ANO JOGO":2020,"MODALIDADE":"Feminino","MANDANTE / VISITANTE (SCCP)":"Sim","TIME MANDANTE":"CORINTHIANS","GOLS MANDANTE":4,"TIME VISITANTE":"CRUZEIRO","GOLS VISITANTE":1,"PLACAR":"4x1","RESULTADO":"VITÓRIA","ADVERSÁRIO":"CRUZEIRO","GOLS SCCP":4,"GOLS ADVERSÁRIO":1,"SALDO DE GOLS":3,"COMPETIÇÃO":"Brasileiro Feminino 2020","ESTÁDIO":"Estádio Alfredo Schürig (Fazendinha)","ESTÁDIO_ORIGINAL":"Fazendinha","FONTE":"Meu Timão","URL_FONTE":"https://www.meutimao.com.br/jogo/1440/brasileiro-feminino-2020/corinthians-4-x-1-cruzeiro","LATITUDE":-23.526659630812546,"LONGITUDE":-46.5694808951696,"ERA":"2016-Presente","PAIS_ISO3":"BRA","PAIS_FONTE":"Brazil","FONTE_CORRECAO_PAIS":"https://data.geocode.earth/wof/dist/legacy/whosonfirst-data-country-latest.tar.bz2"},"geometry":{"type":"Point","coordinates":[-46.5694808951696,-23.526659630812546]}},{"type":"Feature","properties":{"MEUTIMAO_ID":"1439","DATA":"2020-08-31","ANO JOGO":2020,"MODALIDADE":"Feminino","MANDANTE / VISITANTE (SCCP)":"Não","TIME MANDANTE":"FLAMENGO","GOLS MANDANTE":1,"TIME VISITANTE":"CORINTHIANS","GOLS VISITANTE":3,"PLACAR":"1x3","RESULTADO":"VITÓRIA","ADVERSÁRIO":"FLAMENGO","GOLS SCCP":3,"GOLS ADVERSÁRIO":1,"SALDO DE GOLS":2,"COMPETIÇÃO":"Brasileiro Feminino 2020","ESTÁDIO":"Giulite Coutinho (Édson Passos)","ESTÁDIO_ORIGINAL":"Édson Passos","FONTE":"Meu Timão","URL_FONTE":"https://www.meutimao.com.br/jogo/1439/brasileiro-feminino-2020/flamengo-1-x-3-corinthians","LATITUDE":-22.7954789,"LONGITUDE":-43.4197703,"ERA":"2016-Presente","PAIS_ISO3":"BRA","PAIS_FONTE":"Brazil","FONTE_CORRECAO_PAIS":"https://data.geocode.earth/wof/dist/legacy/whosonfirst-data-country-latest.tar.bz2"},"geometry":{"type":"Point","coordinates":[-43.4197703,-22.7954789]}},{"type":"Feature","properties":{"MEUTIMAO_ID":"1438","DATA":"2020-08-26","ANO JOGO":2020,"MODALIDADE":"Feminino","MANDANTE / VISITANTE (SCCP)":"Sim","TIME MANDANTE":"CORINTHIANS","GOLS MANDANTE":2,"TIME VISITANTE":"FERROVIÁRIA","GOLS VISITANTE":0,"PLACAR":"2x0","RESULTADO":"VITÓRIA","ADVERSÁRIO":"FERROVIÁRIA","GOLS SCCP":2,"GOLS ADVERSÁRIO":0,"SALDO DE GOLS":2,"COMPETIÇÃO":"Brasileiro Feminino 2020","ESTÁDIO":"Estádio Alfredo Schürig (Fazendinha)","ESTÁDIO_ORIGINAL":"Fazendinha","FONTE":"Meu Timão","URL_FONTE":"https://www.meutimao.com.br/jogo/1438/brasileiro-feminino-2020/corinthians-2-x-0-ferroviaria","LATITUDE":-23.526659630812546,"LONGITUDE":-46.5694808951696,"ERA":"2016-Presente","PAIS_ISO3":"BRA","PAIS_FONTE":"Brazil","FONTE_CORRECAO_PAIS":"https://data.geocode.earth/wof/dist/legacy/whosonfirst-data-country-latest.tar.bz2"},"geometry":{"type":"Point","coordinates":[-46.5694808951696,-23.526659630812546]}},{"type":"Feature","properties":{"MEUTIMAO_ID":"1437","DATA":"2020-02-29","ANO JOGO":2020,"MODALIDADE":"Feminino","MANDANTE / VISITANTE (SCCP)":"Não","TIME MANDANTE":"SÃO PAULO","GOLS MANDANTE":2,"TIME VISITANTE":"CORINTHIANS","GOLS VISITANTE":0,"PLACAR":"2x0","RESULTADO":"DERROTA","ADVERSÁRIO":"SÃO PAULO","GOLS SCCP":0,"GOLS ADVERSÁRIO":2,"SALDO DE GOLS":-2,"COMPETIÇÃO":"Brasileiro Feminino 2020","ESTÁDIO":"CENTRO DE FORMAÇÃO DE ATLETAS LAUDO NATEL (CT DE COTIA)","ESTÁDIO_ORIGINAL":"CT de Cotia","FONTE":"Meu Timão","URL_FONTE":"https://www.meutimao.com.br/jogo/1437/brasileiro-feminino-2020/sao_paulo-2-x-0-corinthians","LATITUDE":-23.62136838904537,"LONGITUDE":-46.91370263084598,"ERA":"2016-Presente","PAIS_ISO3":"BRA","PAIS_FONTE":"Brazil","FONTE_CORRECAO_PAIS":"https://data.geocode.earth/wof/dist/legacy/whosonfirst-data-country-latest.tar.bz2"},"geometry":{"type":"Point","coordinates":[-46.91370263084598,-23.62136838904537]}},{"type":"Feature","properties":{"MEUTIMAO_ID":"1436","DATA":"2020-02-17","ANO JOGO":2020,"MODALIDADE":"Feminino","MANDANTE / VISITANTE (SCCP)":"Sim","TIME MANDANTE":"CORINTHIANS","GOLS MANDANTE":3,"TIME VISITANTE":"AUDAX","GOLS VISITANTE":0,"PLACAR":"3x0","RESULTADO":"VITÓRIA","ADVERSÁRIO":"AUDAX","GOLS SCCP":3,"GOLS ADVERSÁRIO":0,"SALDO DE GOLS":3,"COMPETIÇÃO":"Brasileiro Feminino 2020","ESTÁDIO":"Estádio Alfredo Schürig (Fazendinha)","ESTÁDIO_ORIGINAL":"Fazendinha","FONTE":"Meu Timão","URL_FONTE":"https://www.meutimao.com.br/jogo/1436/brasileiro-feminino-2020/corinthians-3-x-0-audax","LATITUDE":-23.526659630812546,"LONGITUDE":-46.5694808951696,"ERA":"2016-Presente","PAIS_ISO3":"BRA","PAIS_FONTE":"Brazil","FONTE_CORRECAO_PAIS":"https://data.geocode.earth/wof/dist/legacy/whosonfirst-data-country-latest.tar.bz2"},"geometry":{"type":"Point","coordinates":[-46.5694808951696,-23.526659630812546]}},{"type":"Feature","properties":{"MEUTIMAO_ID":"1435","DATA":"2020-02-13","ANO JOGO":2020,"MODALIDADE":"Feminino","MANDANTE / VISITANTE (SCCP)":"Sim","TIME MANDANTE":"CORINTHIANS","GOLS MANDANTE":2,"TIME VISITANTE":"KINDERMANN","GOLS VISITANTE":1,"PLACAR":"2x1","RESULTADO":"VITÓRIA","ADVERSÁRIO":"KINDERMANN","GOLS SCCP":2,"GOLS ADVERSÁRIO":1,"SALDO DE GOLS":1,"COMPETIÇÃO":"Brasileiro Feminino 2020","ESTÁDIO":"Estádio Alfredo Schürig (Fazendinha)","ESTÁDIO_ORIGINAL":"Fazendinha","FONTE":"Meu Timão","URL_FONTE":"https://www.meutimao.com.br/jogo/1435/brasileiro-feminino-2020/corinthians-2-x-1-kindermann","LATITUDE":-23.526659630812546,"LONGITUDE":-46.5694808951696,"ERA":"2016-Presente","PAIS_ISO3":"BRA","PAIS_FONTE":"Brazil","FONTE_CORRECAO_PAIS":"https://data.geocode.earth/wof/dist/legacy/whosonfirst-data-country-latest.tar.bz2"},"geometry":{"type":"Point","coordinates":[-46.5694808951696,-23.526659630812546]}},{"type":"Feature","properties":{"MEUTIMAO_ID":"1434","DATA":"2020-02-09","ANO JOGO":2020,"MODALIDADE":"Feminino","MANDANTE / VISITANTE (SCCP)":"Não","TIME MANDANTE":"PALMEIRAS","GOLS MANDANTE":1,"TIME VISITANTE":"CORINTHIANS","GOLS VISITANTE":3,"PLACAR":"1x3","RESULTADO":"VITÓRIA","ADVERSÁRIO":"PALMEIRAS","GOLS SCCP":3,"GOLS ADVERSÁRIO":1,"SALDO DE GOLS":2,"COMPETIÇÃO":"Brasileiro Feminino 2020","ESTÁDIO":"NELO BRACALENTE (CAMPO DO AQUÁRIO)","ESTÁDIO_ORIGINAL":"Nelo Bracalente","FONTE":"Meu Timão","URL_FONTE":"https://www.meutimao.com.br/jogo/1434/brasileiro-feminino-2020/palmeiras-1-x-3-corinthians","LATITUDE":-23.026066256410274,"LONGITUDE":-46.987202025851325,"ERA":"2016-Presente","PAIS_ISO3":"BRA","PAIS_FONTE":"Brazil","FONTE_CORRECAO_PAIS":"https://data.geocode.earth/wof/dist/legacy/whosonfirst-data-country-latest.tar.bz2"},"geometry":{"type":"Point","coordinates":[-46.987202025851325,-23.026066256410274]}},{"type":"Feature","properties":{"MEUTIMAO_ID":"7211","DATA":"2021-12-08","ANO JOGO":2021,"MODALIDADE":"Feminino","MANDANTE / VISITANTE (SCCP)":"Sim","TIME MANDANTE":"CORINTHIANS","GOLS MANDANTE":3,"TIME VISITANTE":"SÃO PAULO","GOLS VISITANTE":1,"PLACAR":"3x1","RESULTADO":"VITÓRIA","ADVERSÁRIO":"SÃO PAULO","GOLS SCCP":3,"GOLS ADVERSÁRIO":1,"SALDO DE GOLS":2,"COMPETIÇÃO":"Paulista Feminino 2021","ESTÁDIO":"Neo Química Arena","ESTÁDIO_ORIGINAL":"Neo Química Arena","FONTE":"Meu Timão","URL_FONTE":"https://www.meutimao.com.br/jogo/7211/paulista-feminino-2021/final/corinthians-3-x-1-sao_paulo","LATITUDE":-23.5453221,"LONGITUDE":-46.4742676,"ERA":"2016-Presente","PAIS_ISO3":"BRA","PAIS_FONTE":"Brazil","FONTE_CORRECAO_PAIS":"https://data.geocode.earth/wof/dist/legacy/whosonfirst-data-country-latest.tar.bz2"},"geometry":{"type":"Point","coordinates":[-46.4742676,-23.5453221]}},{"type":"Feature","properties":{"MEUTIMAO_ID":"7210","DATA":"2021-12-04","ANO JOGO":2021,"MODALIDADE":"Feminino","MANDANTE / VISITANTE (SCCP)":"Não","TIME MANDANTE":"SÃO PAULO","GOLS MANDANTE":1,"TIME VISITANTE":"CORINTHIANS","GOLS VISITANTE":0,"PLACAR":"1x0","RESULTADO":"DERROTA","ADVERSÁRIO":"SÃO PAULO","GOLS SCCP":0,"GOLS ADVERSÁRIO":1,"SALDO DE GOLS":-1,"COMPETIÇÃO":"Paulista Feminino 2021","ESTÁDIO":"Morumbi","ESTÁDIO_ORIGINAL":"Morumbis","FONTE":"Meu Timão","URL_FONTE":"https://www.meutimao.com.br/jogo/7210/paulista-feminino-2021/final/sao_paulo-1-x-0-corinthians","LATITUDE":-23.6000888,"LONGITUDE":-46.7200902,"ERA":"2016-Presente","PAIS_ISO3":"BRA","PAIS_FONTE":"Brazil","FONTE_CORRECAO_PAIS":"https://data.geocode.earth/wof/dist/legacy/whosonfirst-data-country-latest.tar.bz2"},"geometry":{"type":"Point","coordinates":[-46.7200902,-23.6000888]}},{"type":"Feature","properties":{"MEUTIMAO_ID":"7206","DATA":"2021-11-21","ANO JOGO":2021,"MODALIDADE":"Feminino","MANDANTE / VISITANTE (SCCP)":"Sim","TIME MANDANTE":"CORINTHIANS","GOLS MANDANTE":2,"TIME VISITANTE":"INDEPENDIENTE SANTA FE","GOLS VISITANTE":0,"PLACAR":"2x0","RESULTADO":"VITÓRIA","ADVERSÁRIO":"INDEPENDIENTE SANTA FE","GOLS SCCP":2,"GOLS ADVERSÁRIO":0,"SALDO DE GOLS":2,"COMPETIÇÃO":"Libertadores Feminina 2021","ESTÁDIO":"GRAN PARQUE CENTRAL","ESTÁDIO_ORIGINAL":"Parque Central","FONTE":"Meu Timão","URL_FONTE":"https://www.meutimao.com.br/jogo/7206/libertadores-feminina-2021/final/corinthians-2-x-0-independiente_santa_fe","LATITUDE":-34.884261789014836,"LONGITUDE":-56.15824998707433,"ERA":"2016-Presente","PAIS_ISO3":"URY","PAIS_FONTE":"Uruguay","FONTE_CORRECAO_PAIS":"https://data.geocode.earth/wof/dist/legacy/whosonfirst-data-country-latest.tar.bz2"},"geometry":{"type":"Point","coordinates":[-56.15824998707433,-34.884261789014836]}},{"type":"Feature","properties":{"MEUTIMAO_ID":"7205","DATA":"2021-11-16","ANO JOGO":2021,"MODALIDADE":"Feminino","MANDANTE / VISITANTE (SCCP)":"Sim","TIME MANDANTE":"CORINTHIANS","GOLS MANDANTE":8,"TIME VISITANTE":"NACIONAL-UR","GOLS VISITANTE":0,"PLACAR":"8x0","RESULTADO":"VITÓRIA","ADVERSÁRIO":"NACIONAL-UR","GOLS SCCP":8,"GOLS ADVERSÁRIO":0,"SALDO DE GOLS":8,"COMPETIÇÃO":"Libertadores Feminina 2021","ESTÁDIO":"OSVALDO DOMÍNGUEZ DIBB (ANTIGO MANUEL FERREIRA)","ESTÁDIO_ORIGINAL":"Manuel Ferreira","FONTE":"Meu Timão","URL_FONTE":"https://www.meutimao.com.br/jogo/7205/libertadores-feminina-2021/corinthians-8-x-0-nacional-ur","LATITUDE":-25.29146924080898,"LONGITUDE":-57.60780712386432,"ERA":"2016-Presente","PAIS_ISO3":"PRY","PAIS_FONTE":"Paraguay","FONTE_CORRECAO_PAIS":"https://data.geocode.earth/wof/dist/legacy/whosonfirst-data-country-latest.tar.bz2"},"geometry":{"type":"Point","coordinates":[-57.60780712386432,-25.29146924080898]}},{"type":"Feature","properties":{"MEUTIMAO_ID":"7204","DATA":"2021-11-13","ANO JOGO":2021,"MODALIDADE":"Feminino","MANDANTE / VISITANTE (SCCP)":"Sim","TIME MANDANTE":"CORINTHIANS","GOLS MANDANTE":3,"TIME VISITANTE":"ALIANZA LIMA","GOLS VISITANTE":1,"PLACAR":"3x1","RESULTADO":"VITÓRIA","ADVERSÁRIO":"ALIANZA LIMA","GOLS SCCP":3,"GOLS ADVERSÁRIO":1,"SALDO DE GOLS":2,"COMPETIÇÃO":"Libertadores Feminina 2021","ESTÁDIO":"OSVALDO DOMÍNGUEZ DIBB (ANTIGO MANUEL FERREIRA)","ESTÁDIO_ORIGINAL":"Manuel Ferreira","FONTE":"Meu Timão","URL_FONTE":"https://www.meutimao.com.br/jogo/7204/libertadores-feminina-2021/quartas_de_final/corinthians-3-x-1-alianza_lima","LATITUDE":-25.29146924080898,"LONGITUDE":-57.60780712386432,"ERA":"2016-Presente","PAIS_ISO3":"PRY","PAIS_FONTE":"Paraguay","FONTE_CORRECAO_PAIS":"https://data.geocode.earth/wof/dist/legacy/whosonfirst-data-country-latest.tar.bz2"},"geometry":{"type":"Point","coordinates":[-57.60780712386432,-25.29146924080898]}},{"type":"Feature","properties":{"MEUTIMAO_ID":"7131","DATA":"2021-11-10","ANO JOGO":2021,"MODALIDADE":"Feminino","MANDANTE / VISITANTE (SCCP)":"Não","TIME MANDANTE":"DEPORTIVO CAPIATÁ","GOLS MANDANTE":0,"TIME VISITANTE":"CORINTHIANS","GOLS VISITANTE":4,"PLACAR":"0x4","RESULTADO":"VITÓRIA","ADVERSÁRIO":"DEPORTIVO CAPIATÁ","GOLS SCCP":4,"GOLS ADVERSÁRIO":0,"SALDO DE GOLS":4,"COMPETIÇÃO":"Libertadores Feminina 2021","ESTÁDIO":"ARSENIO ERICO","ESTÁDIO_ORIGINAL":"Arsenio Erico","FONTE":"Meu Timão","URL_FONTE":"https://www.meutimao.com.br/jogo/7131/libertadores-feminina-2021/deportivo_capiata-0-x-4-corinthians","LATITUDE":-25.298264179462183,"LONGITUDE":-57.641082774528385,"ERA":"2016-Presente","PAIS_ISO3":"PRY","PAIS_FONTE":"Paraguay","FONTE_CORRECAO_PAIS":"https://data.geocode.earth/wof/dist/legacy/whosonfirst-data-country-latest.tar.bz2"},"geometry":{"type":"Point","coordinates":[-57.641082774528385,-25.298264179462183]}},{"type":"Feature","properties":{"MEUTIMAO_ID":"7130","DATA":"2021-11-07","ANO JOGO":2021,"MODALIDADE":"Feminino","MANDANTE / VISITANTE (SCCP)":"Sim","TIME MANDANTE":"CORINTHIANS","GOLS MANDANTE":5,"TIME VISITANTE":"NACIONAL-UR","GOLS VISITANTE":1,"PLACAR":"5x1","RESULTADO":"VITÓRIA","ADVERSÁRIO":"NACIONAL-UR","GOLS SCCP":5,"GOLS ADVERSÁRIO":1,"SALDO DE GOLS":4,"COMPETIÇÃO":"Libertadores Feminina 2021","ESTÁDIO":"ARSENIO ERICO","ESTÁDIO_ORIGINAL":"Arsenio Erico","FONTE":"Meu Timão","URL_FONTE":"https://www.meutimao.com.br/jogo/7130/libertadores-feminina-2021/corinthians-5-x-1-nacional-ur","LATITUDE":-25.298264179462183,"LONGITUDE":-57.641082774528385,"ERA":"2016-Presente","PAIS_ISO3":"PRY","PAIS_FONTE":"Paraguay","FONTE_CORRECAO_PAIS":"https://data.geocode.earth/wof/dist/legacy/whosonfirst-data-country-latest.tar.bz2"},"geometry":{"type":"Point","coordinates":[-57.641082774528385,-25.298264179462183]}},{"type":"Feature","properties":{"MEUTIMAO_ID":"7129","DATA":"2021-11-04","ANO JOGO":2021,"MODALIDADE":"Feminino","MANDANTE / VISITANTE (SCCP)":"Sim","TIME MANDANTE":"CORINTHIANS","GOLS MANDANTE":2,"TIME VISITANTE":"SAN LORENZO","GOLS VISITANTE":0,"PLACAR":"2x0","RESULTADO":"VITÓRIA","ADVERSÁRIO":"SAN LORENZO","GOLS SCCP":2,"GOLS ADVERSÁRIO":0,"SALDO DE GOLS":2,"COMPETIÇÃO":"Libertadores Feminina 2021","ESTÁDIO":"ARSENIO ERICO","ESTÁDIO_ORIGINAL":"Arsenio Erico","FONTE":"Meu Timão","URL_FONTE":"https://www.meutimao.com.br/jogo/7129/libertadores-feminina-2021/corinthians-2-x-0-san_lorenzo","LATITUDE":-25.298264179462183,"LONGITUDE":-57.641082774528385,"ERA":"2016-Presente","PAIS_ISO3":"PRY","PAIS_FONTE":"Paraguay","FONTE_CORRECAO_PAIS":"https://data.geocode.earth/wof/dist/legacy/whosonfirst-data-country-latest.tar.bz2"},"geometry":{"type":"Point","coordinates":[-57.641082774528385,-25.298264179462183]}},{"type":"Feature","properties":{"MEUTIMAO_ID":"7181","DATA":"2021-10-31","ANO JOGO":2021,"MODALIDADE":"Feminino","MANDANTE / VISITANTE (SCCP)":"Sim","TIME MANDANTE":"CORINTHIANS","GOLS MANDANTE":4,"TIME VISITANTE":"FERROVIÁRIA","GOLS VISITANTE":1,"PLACAR":"4x1","RESULTADO":"VITÓRIA","ADVERSÁRIO":"FERROVIÁRIA","GOLS SCCP":4,"GOLS ADVERSÁRIO":1,"SALDO DE GOLS":3,"COMPETIÇÃO":"Paulista Feminino 2021","ESTÁDIO":"Arena Barueri","ESTÁDIO_ORIGINAL":"Arena Barueri","FONTE":"Meu Timão","URL_FONTE":"https://www.meutimao.com.br/jogo/7181/paulista-feminino-2021/corinthians-4-x-1-ferroviaria","LATITUDE":-23.5124719,"LONGITUDE":-46.8995624,"ERA":"2016-Presente","PAIS_ISO3":"BRA","PAIS_FONTE":"Brazil","FONTE_CORRECAO_PAIS":"https://data.geocode.earth/wof/dist/legacy/whosonfirst-data-country-latest.tar.bz2"},"geometry":{"type":"Point","coordinates":[-46.8995624,-23.5124719]}},{"type":"Feature","properties":{"MEUTIMAO_ID":"7180","DATA":"2021-10-16","ANO JOGO":2021,"MODALIDADE":"Feminino","MANDANTE / VISITANTE (SCCP)":"Não","TIME MANDANTE":"FERROVIÁRIA","GOLS MANDANTE":0,"TIME VISITANTE":"CORINTHIANS","GOLS VISITANTE":1,"PLACAR":"0x1","RESULTADO":"VITÓRIA","ADVERSÁRIO":"FERROVIÁRIA","GOLS SCCP":1,"GOLS ADVERSÁRIO":0,"SALDO DE GOLS":1,"COMPETIÇÃO":"Paulista Feminino 2021","ESTÁDIO":"Fonte Luminosa","ESTÁDIO_ORIGINAL":"Fonte Luminosa","FONTE":"Meu Timão","URL_FONTE":"https://www.meutimao.com.br/jogo/7180/paulista-feminino-2021/ferroviaria-0-x-1-corinthians","LATITUDE":-21.7886713,"LONGITUDE":-48.1773096,"ERA":"2016-Presente","PAIS_ISO3":"BRA","PAIS_FONTE":"Brazil","FONTE_CORRECAO_PAIS":"https://data.geocode.earth/wof/dist/legacy/whosonfirst-data-country-latest.tar.bz2"},"geometry":{"type":"Point","coordinates":[-48.1773096,-21.7886713]}},{"type":"Feature","properties":{"MEUTIMAO_ID":"6585","DATA":"2021-10-13","ANO JOGO":2021,"MODALIDADE":"Feminino","MANDANTE / VISITANTE (SCCP)":"Sim","TIME MANDANTE":"CORINTHIANS","GOLS MANDANTE":2,"TIME VISITANTE":"RED BULL BRAGANTINO","GOLS VISITANTE":0,"PLACAR":"2x0","RESULTADO":"VITÓRIA","ADVERSÁRIO":"RED BULL BRAGANTINO","GOLS SCCP":2,"GOLS ADVERSÁRIO":0,"SALDO DE GOLS":2,"COMPETIÇÃO":"Paulista Feminino 2021","ESTÁDIO":"Estádio Alfredo Schürig (Fazendinha)","ESTÁDIO_ORIGINAL":"Fazendinha","FONTE":"Meu Timão","URL_FONTE":"https://www.meutimao.com.br/jogo/6585/paulista-feminino-2021/corinthians-2-x-0-red_bull_bragantino","LATITUDE":-23.526659630812546,"LONGITUDE":-46.5694808951696,"ERA":"2016-Presente","PAIS_ISO3":"BRA","PAIS_FONTE":"Brazil","FONTE_CORRECAO_PAIS":"https://data.geocode.earth/wof/dist/legacy/whosonfirst-data-country-latest.tar.bz2"},"geometry":{"type":"Point","coordinates":[-46.5694808951696,-23.526659630812546]}},{"type":"Feature","properties":{"MEUTIMAO_ID":"6584","DATA":"2021-10-09","ANO JOGO":2021,"MODALIDADE":"Feminino","MANDANTE / VISITANTE (SCCP)":"Não","TIME MANDANTE":"TAUBATÉ","GOLS MANDANTE":0,"TIME VISITANTE":"CORINTHIANS","GOLS VISITANTE":3,"PLACAR":"0x3","RESULTADO":"VITÓRIA","ADVERSÁRIO":"TAUBATÉ","GOLS SCCP":3,"GOLS ADVERSÁRIO":0,"SALDO DE GOLS":3,"COMPETIÇÃO":"Paulista Feminino 2021","ESTÁDIO":"Joaquinzão","ESTÁDIO_ORIGINAL":"Joaquinzão","FONTE":"Meu Timão","URL_FONTE":"https://www.meutimao.com.br/jogo/6584/paulista-feminino-2021/taubate-0-x-3-corinthians","LATITUDE":-23.028033,"LONGITUDE":-45.5703466,"ERA":"2016-Presente","PAIS_ISO3":"BRA","PAIS_FONTE":"Brazil","FONTE_CORRECAO_PAIS":"https://data.geocode.earth/wof/dist/legacy/whosonfirst-data-country-latest.tar.bz2"},"geometry":{"type":"Point","coordinates":[-45.5703466,-23.028033]}},{"type":"Feature","properties":{"MEUTIMAO_ID":"6583","DATA":"2021-10-06","ANO JOGO":2021,"MODALIDADE":"Feminino","MANDANTE / VISITANTE (SCCP)":"Sim","TIME MANDANTE":"CORINTHIANS","GOLS MANDANTE":2,"TIME VISITANTE":"SANTOS","GOLS VISITANTE":1,"PLACAR":"2x1","RESULTADO":"VITÓRIA","ADVERSÁRIO":"SANTOS","GOLS SCCP":2,"GOLS ADVERSÁRIO":1,"SALDO DE GOLS":1,"COMPETIÇÃO":"Paulista Feminino 2021","ESTÁDIO":"Estádio Alfredo Schürig (Fazendinha)","ESTÁDIO_ORIGINAL":"Fazendinha","FONTE":"Meu Timão","URL_FONTE":"https://www.meutimao.com.br/jogo/6583/paulista-feminino-2021/corinthians-2-x-1-santos","LATITUDE":-23.526659630812546,"LONGITUDE":-46.5694808951696,"ERA":"2016-Presente","PAIS_ISO3":"BRA","PAIS_FONTE":"Brazil","FONTE_CORRECAO_PAIS":"https://data.geocode.earth/wof/dist/legacy/whosonfirst-data-country-latest.tar.bz2"},"geometry":{"type":"Point","coordinates":[-46.5694808951696,-23.526659630812546]}},{"type":"Feature","properties":{"MEUTIMAO_ID":"6582","DATA":"2021-10-03","ANO JOGO":2021,"MODALIDADE":"Feminino","MANDANTE / VISITANTE (SCCP)":"Não","TIME MANDANTE":"PORTUGUESA","GOLS MANDANTE":0,"TIME VISITANTE":"CORINTHIANS","GOLS VISITANTE":4,"PLACAR":"0x4","RESULTADO":"VITÓRIA","ADVERSÁRIO":"PORTUGUESA","GOLS SCCP":4,"GOLS ADVERSÁRIO":0,"SALDO DE GOLS":4,"COMPETIÇÃO":"Paulista Feminino 2021","ESTÁDIO":"Canindé","ESTÁDIO_ORIGINAL":"Canindé","FONTE":"Meu Timão","URL_FONTE":"https://www.meutimao.com.br/jogo/6582/paulista-feminino-2021/portuguesa-0-x-4-corinthians","LATITUDE":-23.520132719349128,"LONGITUDE":-46.618264502415194,"ERA":"2016-Presente","PAIS_ISO3":"BRA","PAIS_FONTE":"Brazil","FONTE_CORRECAO_PAIS":"https://data.geocode.earth/wof/dist/legacy/whosonfirst-data-country-latest.tar.bz2"},"geometry":{"type":"Point","coordinates":[-46.618264502415194,-23.520132719349128]}},{"type":"Feature","properties":{"MEUTIMAO_ID":"6581","DATA":"2021-09-29","ANO JOGO":2021,"MODALIDADE":"Feminino","MANDANTE / VISITANTE (SCCP)":"Sim","TIME MANDANTE":"CORINTHIANS","GOLS MANDANTE":8,"TIME VISITANTE":"PINDA","GOLS VISITANTE":0,"PLACAR":"8x0","RESULTADO":"VITÓRIA","ADVERSÁRIO":"PINDA","GOLS SCCP":8,"GOLS ADVERSÁRIO":0,"SALDO DE GOLS":8,"COMPETIÇÃO":"Paulista Feminino 2021","ESTÁDIO":"Estádio Alfredo Schürig (Fazendinha)","ESTÁDIO_ORIGINAL":"Fazendinha","FONTE":"Meu Timão","URL_FONTE":"https://www.meutimao.com.br/jogo/6581/paulista-feminino-2021/corinthians-8-x-0-pinda","LATITUDE":-23.526659630812546,"LONGITUDE":-46.5694808951696,"ERA":"2016-Presente","PAIS_ISO3":"BRA","PAIS_FONTE":"Brazil","FONTE_CORRECAO_PAIS":"https://data.geocode.earth/wof/dist/legacy/whosonfirst-data-country-latest.tar.bz2"},"geometry":{"type":"Point","coordinates":[-46.5694808951696,-23.526659630812546]}},{"type":"Feature","properties":{"MEUTIMAO_ID":"7105","DATA":"2021-09-26","ANO JOGO":2021,"MODALIDADE":"Feminino","MANDANTE / VISITANTE (SCCP)":"Sim","TIME MANDANTE":"CORINTHIANS","GOLS MANDANTE":3,"TIME VISITANTE":"PALMEIRAS","GOLS VISITANTE":1,"PLACAR":"3x1","RESULTADO":"VITÓRIA","ADVERSÁRIO":"PALMEIRAS","GOLS SCCP":3,"GOLS ADVERSÁRIO":1,"SALDO DE GOLS":2,"COMPETIÇÃO":"Brasileiro Feminino 2021","ESTÁDIO":"Neo Química Arena","ESTÁDIO_ORIGINAL":"Neo Química Arena","FONTE":"Meu Timão","URL_FONTE":"https://www.meutimao.com.br/jogo/7105/brasileiro-feminino-2021/final/corinthians-3-x-1-palmeiras","LATITUDE":-23.5453221,"LONGITUDE":-46.4742676,"ERA":"2016-Presente","PAIS_ISO3":"BRA","PAIS_FONTE":"Brazil","FONTE_CORRECAO_PAIS":"https://data.geocode.earth/wof/dist/legacy/whosonfirst-data-country-latest.tar.bz2"},"geometry":{"type":"Point","coordinates":[-46.4742676,-23.5453221]}},{"type":"Feature","properties":{"MEUTIMAO_ID":"6580","DATA":"2021-09-22","ANO JOGO":2021,"MODALIDADE":"Feminino","MANDANTE / VISITANTE (SCCP)":"Não","TIME MANDANTE":"PALMEIRAS","GOLS MANDANTE":1,"TIME VISITANTE":"CORINTHIANS","GOLS VISITANTE":1,"PLACAR":"1x1","RESULTADO":"EMPATE","ADVERSÁRIO":"PALMEIRAS","GOLS SCCP":1,"GOLS ADVERSÁRIO":1,"SALDO DE GOLS":0,"COMPETIÇÃO":"Paulista Feminino 2021","ESTÁDIO":"NUBANK PARQUE (ARENA PALMEIRAS)","ESTÁDIO_ORIGINAL":"Nubank Parque","FONTE":"Meu Timão","URL_FONTE":"https://www.meutimao.com.br/jogo/6580/paulista-feminino-2021/palmeiras-1-x-1-corinthians","LATITUDE":-23.527428879851925,"LONGITUDE":-46.67811214843781,"ERA":"2016-Presente","PAIS_ISO3":"BRA","PAIS_FONTE":"Brazil","FONTE_CORRECAO_PAIS":"https://data.geocode.earth/wof/dist/legacy/whosonfirst-data-country-latest.tar.bz2"},"geometry":{"type":"Point","coordinates":[-46.67811214843781,-23.527428879851925]}},{"type":"Feature","properties":{"MEUTIMAO_ID":"7104","DATA":"2021-09-12","ANO JOGO":2021,"MODALIDADE":"Feminino","MANDANTE / VISITANTE (SCCP)":"Não","TIME MANDANTE":"PALMEIRAS","GOLS MANDANTE":0,"TIME VISITANTE":"CORINTHIANS","GOLS VISITANTE":1,"PLACAR":"0x1","RESULTADO":"VITÓRIA","ADVERSÁRIO":"PALMEIRAS","GOLS SCCP":1,"GOLS ADVERSÁRIO":0,"SALDO DE GOLS":1,"COMPETIÇÃO":"Brasileiro Feminino 2021","ESTÁDIO":"NUBANK PARQUE (ARENA PALMEIRAS)","ESTÁDIO_ORIGINAL":"Nubank Parque","FONTE":"Meu Timão","URL_FONTE":"https://www.meutimao.com.br/jogo/7104/brasileiro-feminino-2021/final/palmeiras-0-x-1-corinthians","LATITUDE":-23.527428879851925,"LONGITUDE":-46.67811214843781,"ERA":"2016-Presente","PAIS_ISO3":"BRA","PAIS_FONTE":"Brazil","FONTE_CORRECAO_PAIS":"https://data.geocode.earth/wof/dist/legacy/whosonfirst-data-country-latest.tar.bz2"},"geometry":{"type":"Point","coordinates":[-46.67811214843781,-23.527428879851925]}},{"type":"Feature","properties":{"MEUTIMAO_ID":"6579","DATA":"2021-09-08","ANO JOGO":2021,"MODALIDADE":"Feminino","MANDANTE / VISITANTE (SCCP)":"Sim","TIME MANDANTE":"CORINTHIANS","GOLS MANDANTE":10,"TIME VISITANTE":"REALIDADE JOVEM","GOLS VISITANTE":0,"PLACAR":"10x0","RESULTADO":"VITÓRIA","ADVERSÁRIO":"REALIDADE JOVEM","GOLS SCCP":10,"GOLS ADVERSÁRIO":0,"SALDO DE GOLS":10,"COMPETIÇÃO":"Paulista Feminino 2021","ESTÁDIO":"Estádio Alfredo Schürig (Fazendinha)","ESTÁDIO_ORIGINAL":"Fazendinha","FONTE":"Meu Timão","URL_FONTE":"https://www.meutimao.com.br/jogo/6579/paulista-feminino-2021/corinthians-10-x-0-realidade_jovem","LATITUDE":-23.526659630812546,"LONGITUDE":-46.5694808951696,"ERA":"2016-Presente","PAIS_ISO3":"BRA","PAIS_FONTE":"Brazil","FONTE_CORRECAO_PAIS":"https://data.geocode.earth/wof/dist/legacy/whosonfirst-data-country-latest.tar.bz2"},"geometry":{"type":"Point","coordinates":[-46.5694808951696,-23.526659630812546]}},{"type":"Feature","properties":{"MEUTIMAO_ID":"7102","DATA":"2021-09-05","ANO JOGO":2021,"MODALIDADE":"Feminino","MANDANTE / VISITANTE (SCCP)":"Sim","TIME MANDANTE":"CORINTHIANS","GOLS MANDANTE":3,"TIME VISITANTE":"FERROVIÁRIA","GOLS VISITANTE":1,"PLACAR":"3x1","RESULTADO":"VITÓRIA","ADVERSÁRIO":"FERROVIÁRIA","GOLS SCCP":3,"GOLS ADVERSÁRIO":1,"SALDO DE GOLS":2,"COMPETIÇÃO":"Brasileiro Feminino 2021","ESTÁDIO":"Arena Barueri","ESTÁDIO_ORIGINAL":"Arena Barueri","FONTE":"Meu Timão","URL_FONTE":"https://www.meutimao.com.br/jogo/7102/brasileiro-feminino-2021/corinthians-3-x-1-ferroviaria","LATITUDE":-23.5124719,"LONGITUDE":-46.8995624,"ERA":"2016-Presente","PAIS_ISO3":"BRA","PAIS_FONTE":"Brazil","FONTE_CORRECAO_PAIS":"https://data.geocode.earth/wof/dist/legacy/whosonfirst-data-country-latest.tar.bz2"},"geometry":{"type":"Point","coordinates":[-46.8995624,-23.5124719]}},{"type":"Feature","properties":{"MEUTIMAO_ID":"6578","DATA":"2021-09-01","ANO JOGO":2021,"MODALIDADE":"Feminino","MANDANTE / VISITANTE (SCCP)":"Sim","TIME MANDANTE":"CORINTHIANS","GOLS MANDANTE":7,"TIME VISITANTE":"NACIONAL-SP","GOLS VISITANTE":0,"PLACAR":"7x0","RESULTADO":"VITÓRIA","ADVERSÁRIO":"NACIONAL-SP","GOLS SCCP":7,"GOLS ADVERSÁRIO":0,"SALDO DE GOLS":7,"COMPETIÇÃO":"Paulista Feminino 2021","ESTÁDIO":"Estádio Alfredo Schürig (Fazendinha)","ESTÁDIO_ORIGINAL":"Fazendinha","FONTE":"Meu Timão","URL_FONTE":"https://www.meutimao.com.br/jogo/6578/paulista-feminino-2021/corinthians-7-x-0-nacional-sp","LATITUDE":-23.526659630812546,"LONGITUDE":-46.5694808951696,"ERA":"2016-Presente","PAIS_ISO3":"BRA","PAIS_FONTE":"Brazil","FONTE_CORRECAO_PAIS":"https://data.geocode.earth/wof/dist/legacy/whosonfirst-data-country-latest.tar.bz2"},"geometry":{"type":"Point","coordinates":[-46.5694808951696,-23.526659630812546]}},{"type":"Feature","properties":{"MEUTIMAO_ID":"7101","DATA":"2021-08-29","ANO JOGO":2021,"MODALIDADE":"Feminino","MANDANTE / VISITANTE (SCCP)":"Não","TIME MANDANTE":"FERROVIÁRIA","GOLS MANDANTE":1,"TIME VISITANTE":"CORINTHIANS","GOLS VISITANTE":3,"PLACAR":"1x3","RESULTADO":"VITÓRIA","ADVERSÁRIO":"FERROVIÁRIA","GOLS SCCP":3,"GOLS ADVERSÁRIO":1,"SALDO DE GOLS":2,"COMPETIÇÃO":"Brasileiro Feminino 2021","ESTÁDIO":"Fonte Luminosa","ESTÁDIO_ORIGINAL":"Fonte Luminosa","FONTE":"Meu Timão","URL_FONTE":"https://www.meutimao.com.br/jogo/7101/brasileiro-feminino-2021/ferroviaria-1-x-3-corinthians","LATITUDE":-21.7886713,"LONGITUDE":-48.1773096,"ERA":"2016-Presente","PAIS_ISO3":"BRA","PAIS_FONTE":"Brazil","FONTE_CORRECAO_PAIS":"https://data.geocode.earth/wof/dist/legacy/whosonfirst-data-country-latest.tar.bz2"},"geometry":{"type":"Point","coordinates":[-48.1773096,-21.7886713]}},{"type":"Feature","properties":{"MEUTIMAO_ID":"6577","DATA":"2021-08-26","ANO JOGO":2021,"MODALIDADE":"Feminino","MANDANTE / VISITANTE (SCCP)":"Não","TIME MANDANTE":"SÃO JOSÉ","GOLS MANDANTE":0,"TIME VISITANTE":"CORINTHIANS","GOLS VISITANTE":5,"PLACAR":"0x5","RESULTADO":"VITÓRIA","ADVERSÁRIO":"SÃO JOSÉ","GOLS SCCP":5,"GOLS ADVERSÁRIO":0,"SALDO DE GOLS":5,"COMPETIÇÃO":"Paulista Feminino 2021","ESTÁDIO":"MARTINS PEREIRA","ESTÁDIO_ORIGINAL":"Estádio Martins Pereira","FONTE":"Meu Timão","URL_FONTE":"https://www.meutimao.com.br/jogo/6577/paulista-feminino-2021/sao_jose-0-x-5-corinthians","LATITUDE":-23.1884912615151,"LONGITUDE":-45.869827477202776,"ERA":"2016-Presente","PAIS_ISO3":"BRA","PAIS_FONTE":"Brazil","FONTE_CORRECAO_PAIS":"https://data.geocode.earth/wof/dist/legacy/whosonfirst-data-country-latest.tar.bz2"},"geometry":{"type":"Point","coordinates":[-45.869827477202776,-23.1884912615151]}},{"type":"Feature","properties":{"MEUTIMAO_ID":"7083","DATA":"2021-08-22","ANO JOGO":2021,"MODALIDADE":"Feminino","MANDANTE / VISITANTE (SCCP)":"Sim","TIME MANDANTE":"CORINTHIANS","GOLS MANDANTE":6,"TIME VISITANTE":"KINDERMANN","GOLS VISITANTE":0,"PLACAR":"6x0","RESULTADO":"VITÓRIA","ADVERSÁRIO":"KINDERMANN","GOLS SCCP":6,"GOLS ADVERSÁRIO":0,"SALDO DE GOLS":6,"COMPETIÇÃO":"Brasileiro Feminino 2021","ESTÁDIO":"Estádio Alfredo Schürig (Fazendinha)","ESTÁDIO_ORIGINAL":"Fazendinha","FONTE":"Meu Timão","URL_FONTE":"https://www.meutimao.com.br/jogo/7083/brasileiro-feminino-2021/quartas_de_final/corinthians-6-x-0-kindermann","LATITUDE":-23.526659630812546,"LONGITUDE":-46.5694808951696,"ERA":"2016-Presente","PAIS_ISO3":"BRA","PAIS_FONTE":"Brazil","FONTE_CORRECAO_PAIS":"https://data.geocode.earth/wof/dist/legacy/whosonfirst-data-country-latest.tar.bz2"},"geometry":{"type":"Point","coordinates":[-46.5694808951696,-23.526659630812546]}},{"type":"Feature","properties":{"MEUTIMAO_ID":"6576","DATA":"2021-08-19","ANO JOGO":2021,"MODALIDADE":"Feminino","MANDANTE / VISITANTE (SCCP)":"Sim","TIME MANDANTE":"CORINTHIANS","GOLS MANDANTE":2,"TIME VISITANTE":"SÃO PAULO","GOLS VISITANTE":1,"PLACAR":"2x1","RESULTADO":"VITÓRIA","ADVERSÁRIO":"SÃO PAULO","GOLS SCCP":2,"GOLS ADVERSÁRIO":1,"SALDO DE GOLS":1,"COMPETIÇÃO":"Paulista Feminino 2021","ESTÁDIO":"Estádio Alfredo Schürig (Fazendinha)","ESTÁDIO_ORIGINAL":"Fazendinha","FONTE":"Meu Timão","URL_FONTE":"https://www.meutimao.com.br/jogo/6576/paulista-feminino-2021/corinthians-2-x-1-sao_paulo","LATITUDE":-23.526659630812546,"LONGITUDE":-46.5694808951696,"ERA":"2016-Presente","PAIS_ISO3":"BRA","PAIS_FONTE":"Brazil","FONTE_CORRECAO_PAIS":"https://data.geocode.earth/wof/dist/legacy/whosonfirst-data-country-latest.tar.bz2"},"geometry":{"type":"Point","coordinates":[-46.5694808951696,-23.526659630812546]}},{"type":"Feature","properties":{"MEUTIMAO_ID":"7082","DATA":"2021-08-15","ANO JOGO":2021,"MODALIDADE":"Feminino","MANDANTE / VISITANTE (SCCP)":"Não","TIME MANDANTE":"KINDERMANN","GOLS MANDANTE":1,"TIME VISITANTE":"CORINTHIANS","GOLS VISITANTE":4,"PLACAR":"1x4","RESULTADO":"VITÓRIA","ADVERSÁRIO":"KINDERMANN","GOLS SCCP":4,"GOLS ADVERSÁRIO":1,"SALDO DE GOLS":3,"COMPETIÇÃO":"Brasileiro Feminino 2021","ESTÁDIO":"Ressacada","ESTÁDIO_ORIGINAL":"Ressacada","FONTE":"Meu Timão","URL_FONTE":"https://www.meutimao.com.br/jogo/7082/brasileiro-feminino-2021/quartas_de_final/kindermann-1-x-4-corinthians","LATITUDE":-27.6665434,"LONGITUDE":-48.5316518,"ERA":"2016-Presente","PAIS_ISO3":"BRA","PAIS_FONTE":"Brazil","FONTE_CORRECAO_PAIS":"https://data.geocode.earth/wof/dist/legacy/whosonfirst-data-country-latest.tar.bz2"},"geometry":{"type":"Point","coordinates":[-48.5316518,-27.6665434]}},{"type":"Feature","properties":{"MEUTIMAO_ID":"6575","DATA":"2021-08-10","ANO JOGO":2021,"MODALIDADE":"Feminino","MANDANTE / VISITANTE (SCCP)":"Não","TIME MANDANTE":"FERROVIÁRIA","GOLS MANDANTE":0,"TIME VISITANTE":"CORINTHIANS","GOLS VISITANTE":3,"PLACAR":"0x3","RESULTADO":"VITÓRIA","ADVERSÁRIO":"FERROVIÁRIA","GOLS SCCP":3,"GOLS ADVERSÁRIO":0,"SALDO DE GOLS":3,"COMPETIÇÃO":"Paulista Feminino 2021","ESTÁDIO":"Fonte Luminosa","ESTÁDIO_ORIGINAL":"Fonte Luminosa","FONTE":"Meu Timão","URL_FONTE":"https://www.meutimao.com.br/jogo/6575/paulista-feminino-2021/ferroviaria-0-x-3-corinthians","LATITUDE":-21.7886713,"LONGITUDE":-48.1773096,"ERA":"2016-Presente","PAIS_ISO3":"BRA","PAIS_FONTE":"Brazil","FONTE_CORRECAO_PAIS":"https://data.geocode.earth/wof/dist/legacy/whosonfirst-data-country-latest.tar.bz2"},"geometry":{"type":"Point","coordinates":[-48.1773096,-21.7886713]}},{"type":"Feature","properties":{"MEUTIMAO_ID":"4825","DATA":"2021-06-24","ANO JOGO":2021,"MODALIDADE":"Feminino","MANDANTE / VISITANTE (SCCP)":"Não","TIME MANDANTE":"KINDERMANN","GOLS MANDANTE":1,"TIME VISITANTE":"CORINTHIANS","GOLS VISITANTE":1,"PLACAR":"1x1","RESULTADO":"EMPATE","ADVERSÁRIO":"KINDERMANN","GOLS SCCP":1,"GOLS ADVERSÁRIO":1,"SALDO DE GOLS":0,"COMPETIÇÃO":"Brasileiro Feminino 2021","ESTÁDIO":"CARLOS ALBERTO COSTA NEVES","ESTÁDIO_ORIGINAL":"Carlos Alberto da Costa Neves","FONTE":"Meu Timão","URL_FONTE":"https://www.meutimao.com.br/jogo/4825/brasileiro-feminino-2021/kindermann-1-x-1-corinthians","LATITUDE":-26.771027999853985,"LONGITUDE":-51.007584674327376,"ERA":"2016-Presente","PAIS_ISO3":"BRA","PAIS_FONTE":"Brazil","FONTE_CORRECAO_PAIS":"https://data.geocode.earth/wof/dist/legacy/whosonfirst-data-country-latest.tar.bz2"},"geometry":{"type":"Point","coordinates":[-51.007584674327376,-26.771027999853985]}},{"type":"Feature","properties":{"MEUTIMAO_ID":"4824","DATA":"2021-06-19","ANO JOGO":2021,"MODALIDADE":"Feminino","MANDANTE / VISITANTE (SCCP)":"Sim","TIME MANDANTE":"CORINTHIANS","GOLS MANDANTE":5,"TIME VISITANTE":"MINAS BRASÍLIA","GOLS VISITANTE":0,"PLACAR":"5x0","RESULTADO":"VITÓRIA","ADVERSÁRIO":"MINAS BRASÍLIA","GOLS SCCP":5,"GOLS ADVERSÁRIO":0,"SALDO DE GOLS":5,"COMPETIÇÃO":"Brasileiro Feminino 2021","ESTÁDIO":"Estádio Alfredo Schürig (Fazendinha)","ESTÁDIO_ORIGINAL":"Fazendinha","FONTE":"Meu Timão","URL_FONTE":"https://www.meutimao.com.br/jogo/4824/brasileiro-feminino-2021/corinthians-5-x-0-minas_brasilia","LATITUDE":-23.526659630812546,"LONGITUDE":-46.5694808951696,"ERA":"2016-Presente","PAIS_ISO3":"BRA","PAIS_FONTE":"Brazil","FONTE_CORRECAO_PAIS":"https://data.geocode.earth/wof/dist/legacy/whosonfirst-data-country-latest.tar.bz2"},"geometry":{"type":"Point","coordinates":[-46.5694808951696,-23.526659630812546]}},{"type":"Feature","properties":{"MEUTIMAO_ID":"4823","DATA":"2021-06-06","ANO JOGO":2021,"MODALIDADE":"Feminino","MANDANTE / VISITANTE (SCCP)":"Sim","TIME MANDANTE":"CORINTHIANS","GOLS MANDANTE":2,"TIME VISITANTE":"CRUZEIRO","GOLS VISITANTE":1,"PLACAR":"2x1","RESULTADO":"VITÓRIA","ADVERSÁRIO":"CRUZEIRO","GOLS SCCP":2,"GOLS ADVERSÁRIO":1,"SALDO DE GOLS":1,"COMPETIÇÃO":"Brasileiro Feminino 2021","ESTÁDIO":"Estádio Alfredo Schürig (Fazendinha)","ESTÁDIO_ORIGINAL":"Fazendinha","FONTE":"Meu Timão","URL_FONTE":"https://www.meutimao.com.br/jogo/4823/brasileiro-feminino-2021/corinthians-2-x-1-cruzeiro","LATITUDE":-23.526659630812546,"LONGITUDE":-46.5694808951696,"ERA":"2016-Presente","PAIS_ISO3":"BRA","PAIS_FONTE":"Brazil","FONTE_CORRECAO_PAIS":"https://data.geocode.earth/wof/dist/legacy/whosonfirst-data-country-latest.tar.bz2"},"geometry":{"type":"Point","coordinates":[-46.5694808951696,-23.526659630812546]}},{"type":"Feature","properties":{"MEUTIMAO_ID":"4822","DATA":"2021-06-03","ANO JOGO":2021,"MODALIDADE":"Feminino","MANDANTE / VISITANTE (SCCP)":"Não","TIME MANDANTE":"SÃO PAULO","GOLS MANDANTE":1,"TIME VISITANTE":"CORINTHIANS","GOLS VISITANTE":2,"PLACAR":"1x2","RESULTADO":"VITÓRIA","ADVERSÁRIO":"SÃO PAULO","GOLS SCCP":2,"GOLS ADVERSÁRIO":1,"SALDO DE GOLS":1,"COMPETIÇÃO":"Brasileiro Feminino 2021","ESTÁDIO":"Estádio Marcelo Portugal Gouveia","ESTÁDIO_ORIGINAL":"Marcelo Portugal","FONTE":"Meu Timão","URL_FONTE":"https://www.meutimao.com.br/jogo/4822/brasileiro-feminino-2021/sao_paulo-1-x-2-corinthians","LATITUDE":-23.6190828,"LONGITUDE":-46.9154251,"ERA":"2016-Presente","PAIS_ISO3":"BRA","PAIS_FONTE":"Brazil","FONTE_CORRECAO_PAIS":"https://data.geocode.earth/wof/dist/legacy/whosonfirst-data-country-latest.tar.bz2"},"geometry":{"type":"Point","coordinates":[-46.9154251,-23.6190828]}},{"type":"Feature","properties":{"MEUTIMAO_ID":"4821","DATA":"2021-05-30","ANO JOGO":2021,"MODALIDADE":"Feminino","MANDANTE / VISITANTE (SCCP)":"Sim","TIME MANDANTE":"CORINTHIANS","GOLS MANDANTE":2,"TIME VISITANTE":"BAHIA","GOLS VISITANTE":0,"PLACAR":"2x0","RESULTADO":"VITÓRIA","ADVERSÁRIO":"BAHIA","GOLS SCCP":2,"GOLS ADVERSÁRIO":0,"SALDO DE GOLS":2,"COMPETIÇÃO":"Brasileiro Feminino 2021","ESTÁDIO":"Estádio Alfredo Schürig (Fazendinha)","ESTÁDIO_ORIGINAL":"Fazendinha","FONTE":"Meu Timão","URL_FONTE":"https://www.meutimao.com.br/jogo/4821/brasileiro-feminino-2021/corinthians-2-x-0-bahia","LATITUDE":-23.526659630812546,"LONGITUDE":-46.5694808951696,"ERA":"2016-Presente","PAIS_ISO3":"BRA","PAIS_FONTE":"Brazil","FONTE_CORRECAO_PAIS":"https://data.geocode.earth/wof/dist/legacy/whosonfirst-data-country-latest.tar.bz2"},"geometry":{"type":"Point","coordinates":[-46.5694808951696,-23.526659630812546]}},{"type":"Feature","properties":{"MEUTIMAO_ID":"4820","DATA":"2021-05-27","ANO JOGO":2021,"MODALIDADE":"Feminino","MANDANTE / VISITANTE (SCCP)":"Não","TIME MANDANTE":"FLAMENGO","GOLS MANDANTE":0,"TIME VISITANTE":"CORINTHIANS","GOLS VISITANTE":3,"PLACAR":"0x3","RESULTADO":"VITÓRIA","ADVERSÁRIO":"FLAMENGO","GOLS SCCP":3,"GOLS ADVERSÁRIO":0,"SALDO DE GOLS":3,"COMPETIÇÃO":"Brasileiro Feminino 2021","ESTÁDIO":"Estádio da Gávea","ESTÁDIO_ORIGINAL":"Estádio da Gávea","FONTE":"Meu Timão","URL_FONTE":"https://www.meutimao.com.br/jogo/4820/brasileiro-feminino-2021/flamengo-0-x-3-corinthians","LATITUDE":-22.9110137,"LONGITUDE":-43.2093727,"ERA":"2016-Presente","PAIS_ISO3":"BRA","PAIS_FONTE":"Brazil","FONTE_CORRECAO_PAIS":"https://data.geocode.earth/wof/dist/legacy/whosonfirst-data-country-latest.tar.bz2"},"geometry":{"type":"Point","coordinates":[-43.2093727,-22.9110137]}},{"type":"Feature","properties":{"MEUTIMAO_ID":"4819","DATA":"2021-05-23","ANO JOGO":2021,"MODALIDADE":"Feminino","MANDANTE / VISITANTE (SCCP)":"Sim","TIME MANDANTE":"CORINTHIANS","GOLS MANDANTE":5,"TIME VISITANTE":"REAL BRASÍLIA","GOLS VISITANTE":2,"PLACAR":"5x2","RESULTADO":"VITÓRIA","ADVERSÁRIO":"REAL BRASÍLIA","GOLS SCCP":5,"GOLS ADVERSÁRIO":2,"SALDO DE GOLS":3,"COMPETIÇÃO":"Brasileiro Feminino 2021","ESTÁDIO":"Estádio Alfredo Schürig (Fazendinha)","ESTÁDIO_ORIGINAL":"Fazendinha","FONTE":"Meu Timão","URL_FONTE":"https://www.meutimao.com.br/jogo/4819/brasileiro-feminino-2021/corinthians-5-x-2-real_brasilia","LATITUDE":-23.526659630812546,"LONGITUDE":-46.5694808951696,"ERA":"2016-Presente","PAIS_ISO3":"BRA","PAIS_FONTE":"Brazil","FONTE_CORRECAO_PAIS":"https://data.geocode.earth/wof/dist/legacy/whosonfirst-data-country-latest.tar.bz2"},"geometry":{"type":"Point","coordinates":[-46.5694808951696,-23.526659630812546]}},{"type":"Feature","properties":{"MEUTIMAO_ID":"4818","DATA":"2021-05-17","ANO JOGO":2021,"MODALIDADE":"Feminino","MANDANTE / VISITANTE (SCCP)":"Sim","TIME MANDANTE":"CORINTHIANS","GOLS MANDANTE":3,"TIME VISITANTE":"GRÊMIO","GOLS VISITANTE":2,"PLACAR":"3x2","RESULTADO":"VITÓRIA","ADVERSÁRIO":"GRÊMIO","GOLS SCCP":3,"GOLS ADVERSÁRIO":2,"SALDO DE GOLS":1,"COMPETIÇÃO":"Brasileiro Feminino 2021","ESTÁDIO":"Estádio Alfredo Schürig (Fazendinha)","ESTÁDIO_ORIGINAL":"Fazendinha","FONTE":"Meu Timão","URL_FONTE":"https://www.meutimao.com.br/jogo/4818/brasileiro-feminino-2021/corinthians-3-x-2-gremio","LATITUDE":-23.526659630812546,"LONGITUDE":-46.5694808951696,"ERA":"2016-Presente","PAIS_ISO3":"BRA","PAIS_FONTE":"Brazil","FONTE_CORRECAO_PAIS":"https://data.geocode.earth/wof/dist/legacy/whosonfirst-data-country-latest.tar.bz2"},"geometry":{"type":"Point","coordinates":[-46.5694808951696,-23.526659630812546]}},{"type":"Feature","properties":{"MEUTIMAO_ID":"4817","DATA":"2021-05-13","ANO JOGO":2021,"MODALIDADE":"Feminino","MANDANTE / VISITANTE (SCCP)":"Não","TIME MANDANTE":"SÃO JOSÉ","GOLS MANDANTE":2,"TIME VISITANTE":"CORINTHIANS","GOLS VISITANTE":8,"PLACAR":"2x8","RESULTADO":"VITÓRIA","ADVERSÁRIO":"SÃO JOSÉ","GOLS SCCP":8,"GOLS ADVERSÁRIO":2,"SALDO DE GOLS":6,"COMPETIÇÃO":"Brasileiro Feminino 2021","ESTÁDIO":"MARTINS PEREIRA","ESTÁDIO_ORIGINAL":"Estádio Martins Pereira","FONTE":"Meu Timão","URL_FONTE":"https://www.meutimao.com.br/jogo/4817/brasileiro-feminino-2021/sao_jose-2-x-8-corinthians","LATITUDE":-23.1884912615151,"LONGITUDE":-45.869827477202776,"ERA":"2016-Presente","PAIS_ISO3":"BRA","PAIS_FONTE":"Brazil","FONTE_CORRECAO_PAIS":"https://data.geocode.earth/wof/dist/legacy/whosonfirst-data-country-latest.tar.bz2"},"geometry":{"type":"Point","coordinates":[-45.869827477202776,-23.1884912615151]}},{"type":"Feature","properties":{"MEUTIMAO_ID":"4816","DATA":"2021-05-09","ANO JOGO":2021,"MODALIDADE":"Feminino","MANDANTE / VISITANTE (SCCP)":"Sim","TIME MANDANTE":"CORINTHIANS","GOLS MANDANTE":1,"TIME VISITANTE":"PALMEIRAS","GOLS VISITANTE":1,"PLACAR":"1x1","RESULTADO":"EMPATE","ADVERSÁRIO":"PALMEIRAS","GOLS SCCP":1,"GOLS ADVERSÁRIO":1,"SALDO DE GOLS":0,"COMPETIÇÃO":"Brasileiro Feminino 2021","ESTÁDIO":"Estádio Alfredo Schürig (Fazendinha)","ESTÁDIO_ORIGINAL":"Fazendinha","FONTE":"Meu Timão","URL_FONTE":"https://www.meutimao.com.br/jogo/4816/brasileiro-feminino-2021/corinthians-1-x-1-palmeiras","LATITUDE":-23.526659630812546,"LONGITUDE":-46.5694808951696,"ERA":"2016-Presente","PAIS_ISO3":"BRA","PAIS_FONTE":"Brazil","FONTE_CORRECAO_PAIS":"https://data.geocode.earth/wof/dist/legacy/whosonfirst-data-country-latest.tar.bz2"},"geometry":{"type":"Point","coordinates":[-46.5694808951696,-23.526659630812546]}},{"type":"Feature","properties":{"MEUTIMAO_ID":"4815","DATA":"2021-05-02","ANO JOGO":2021,"MODALIDADE":"Feminino","MANDANTE / VISITANTE (SCCP)":"Não","TIME MANDANTE":"SANTOS","GOLS MANDANTE":2,"TIME VISITANTE":"CORINTHIANS","GOLS VISITANTE":1,"PLACAR":"2x1","RESULTADO":"DERROTA","ADVERSÁRIO":"SANTOS","GOLS SCCP":1,"GOLS ADVERSÁRIO":2,"SALDO DE GOLS":-1,"COMPETIÇÃO":"Brasileiro Feminino 2021","ESTÁDIO":"Vila Belmiro","ESTÁDIO_ORIGINAL":"Vila Belmiro","FONTE":"Meu Timão","URL_FONTE":"https://www.meutimao.com.br/jogo/4815/brasileiro-feminino-2021/santos-2-x-1-corinthians","LATITUDE":-23.95083320224522,"LONGITUDE":-46.33836796008564,"ERA":"2016-Presente","PAIS_ISO3":"BRA","PAIS_FONTE":"Brazil","FONTE_CORRECAO_PAIS":"https://data.geocode.earth/wof/dist/legacy/whosonfirst-data-country-latest.tar.bz2"},"geometry":{"type":"Point","coordinates":[-46.33836796008564,-23.95083320224522]}},{"type":"Feature","properties":{"MEUTIMAO_ID":"4814","DATA":"2021-04-28","ANO JOGO":2021,"MODALIDADE":"Feminino","MANDANTE / VISITANTE (SCCP)":"Não","TIME MANDANTE":"INTERNACIONAL","GOLS MANDANTE":0,"TIME VISITANTE":"CORINTHIANS","GOLS VISITANTE":4,"PLACAR":"0x4","RESULTADO":"VITÓRIA","ADVERSÁRIO":"INTERNACIONAL","GOLS SCCP":4,"GOLS ADVERSÁRIO":0,"SALDO DE GOLS":4,"COMPETIÇÃO":"Brasileiro Feminino 2021","ESTÁDIO":"SESC PROTÁSIO ALVES (ANTIGO SESC CAMPESTRE)","ESTÁDIO_ORIGINAL":"Sesc Protásio Alves","FONTE":"Meu Timão","URL_FONTE":"https://www.meutimao.com.br/jogo/4814/brasileiro-feminino-2021/internacional-0-x-4-corinthians","LATITUDE":-30.03932629918736,"LONGITUDE":-51.14635268892085,"ERA":"2016-Presente","PAIS_ISO3":"BRA","PAIS_FONTE":"Brazil","FONTE_CORRECAO_PAIS":"https://data.geocode.earth/wof/dist/legacy/whosonfirst-data-country-latest.tar.bz2"},"geometry":{"type":"Point","coordinates":[-51.14635268892085,-30.03932629918736]}},{"type":"Feature","properties":{"MEUTIMAO_ID":"4813","DATA":"2021-04-25","ANO JOGO":2021,"MODALIDADE":"Feminino","MANDANTE / VISITANTE (SCCP)":"Sim","TIME MANDANTE":"CORINTHIANS","GOLS MANDANTE":3,"TIME VISITANTE":"BOTAFOGO","GOLS VISITANTE":1,"PLACAR":"3x1","RESULTADO":"VITÓRIA","ADVERSÁRIO":"BOTAFOGO","GOLS SCCP":3,"GOLS ADVERSÁRIO":1,"SALDO DE GOLS":2,"COMPETIÇÃO":"Brasileiro Feminino 2021","ESTÁDIO":"Estádio Alfredo Schürig (Fazendinha)","ESTÁDIO_ORIGINAL":"Fazendinha","FONTE":"Meu Timão","URL_FONTE":"https://www.meutimao.com.br/jogo/4813/brasileiro-feminino-2021/corinthians-3-x-1-botafogo","LATITUDE":-23.526659630812546,"LONGITUDE":-46.5694808951696,"ERA":"2016-Presente","PAIS_ISO3":"BRA","PAIS_FONTE":"Brazil","FONTE_CORRECAO_PAIS":"https://data.geocode.earth/wof/dist/legacy/whosonfirst-data-country-latest.tar.bz2"},"geometry":{"type":"Point","coordinates":[-46.5694808951696,-23.526659630812546]}},{"type":"Feature","properties":{"MEUTIMAO_ID":"4812","DATA":"2021-04-21","ANO JOGO":2021,"MODALIDADE":"Feminino","MANDANTE / VISITANTE (SCCP)":"Não","TIME MANDANTE":"FERROVIÁRIA","GOLS MANDANTE":0,"TIME VISITANTE":"CORINTHIANS","GOLS VISITANTE":1,"PLACAR":"0x1","RESULTADO":"VITÓRIA","ADVERSÁRIO":"FERROVIÁRIA","GOLS SCCP":1,"GOLS ADVERSÁRIO":0,"SALDO DE GOLS":1,"COMPETIÇÃO":"Brasileiro Feminino 2021","ESTÁDIO":"Fonte Luminosa","ESTÁDIO_ORIGINAL":"Fonte Luminosa","FONTE":"Meu Timão","URL_FONTE":"https://www.meutimao.com.br/jogo/4812/brasileiro-feminino-2021/ferroviaria-0-x-1-corinthians","LATITUDE":-21.7886713,"LONGITUDE":-48.1773096,"ERA":"2016-Presente","PAIS_ISO3":"BRA","PAIS_FONTE":"Brazil","FONTE_CORRECAO_PAIS":"https://data.geocode.earth/wof/dist/legacy/whosonfirst-data-country-latest.tar.bz2"},"geometry":{"type":"Point","coordinates":[-48.1773096,-21.7886713]}},{"type":"Feature","properties":{"MEUTIMAO_ID":"4811","DATA":"2021-04-17","ANO JOGO":2021,"MODALIDADE":"Feminino","MANDANTE / VISITANTE (SCCP)":"Sim","TIME MANDANTE":"CORINTHIANS","GOLS MANDANTE":3,"TIME VISITANTE":"NAPOLI","GOLS VISITANTE":0,"PLACAR":"3x0","RESULTADO":"VITÓRIA","ADVERSÁRIO":"NAPOLI","GOLS SCCP":3,"GOLS ADVERSÁRIO":0,"SALDO DE GOLS":3,"COMPETIÇÃO":"Brasileiro Feminino 2021","ESTÁDIO":"Estádio Alfredo Schürig (Fazendinha)","ESTÁDIO_ORIGINAL":"Fazendinha","FONTE":"Meu Timão","URL_FONTE":"https://www.meutimao.com.br/jogo/4811/brasileiro-feminino-2021/corinthians-3-x-0-napoli","LATITUDE":-23.526659630812546,"LONGITUDE":-46.5694808951696,"ERA":"2016-Presente","PAIS_ISO3":"BRA","PAIS_FONTE":"Brazil","FONTE_CORRECAO_PAIS":"https://data.geocode.earth/wof/dist/legacy/whosonfirst-data-country-latest.tar.bz2"},"geometry":{"type":"Point","coordinates":[-46.5694808951696,-23.526659630812546]}},{"type":"Feature","properties":{"MEUTIMAO_ID":"5171","DATA":"2021-03-21","ANO JOGO":2021,"MODALIDADE":"Feminino","MANDANTE / VISITANTE (SCCP)":"Sim","TIME MANDANTE":"CORINTHIANS","GOLS MANDANTE":4,"TIME VISITANTE":"UNIVERSIDAD DE CHILE","GOLS VISITANTE":0,"PLACAR":"4x0","RESULTADO":"VITÓRIA","ADVERSÁRIO":"UNIVERSIDAD DE CHILE","GOLS SCCP":4,"GOLS ADVERSÁRIO":0,"SALDO DE GOLS":4,"COMPETIÇÃO":"Libertadores Feminina 2020","ESTÁDIO":"El Fortín","ESTÁDIO_ORIGINAL":"Estádio José Amalfitani","FONTE":"Meu Timão","URL_FONTE":"https://www.meutimao.com.br/jogo/5171/libertadores-feminina-2020/final/corinthians-4-x-0-universidad_de_chile","LATITUDE":-34.635406,"LONGITUDE":-58.5206968,"ERA":"2016-Presente","PAIS_ISO3":"ARG","PAIS_FONTE":"Argentina","FONTE_CORRECAO_PAIS":"https://data.geocode.earth/wof/dist/legacy/whosonfirst-data-country-latest.tar.bz2"},"geometry":{"type":"Point","coordinates":[-58.5206968,-34.635406]}},{"type":"Feature","properties":{"MEUTIMAO_ID":"5150","DATA":"2021-03-17","ANO JOGO":2021,"MODALIDADE":"Feminino","MANDANTE / VISITANTE (SCCP)":"Sim","TIME MANDANTE":"CORINTHIANS","GOLS MANDANTE":1,"TIME VISITANTE":"AMÉRICA DE CALI","GOLS VISITANTE":1,"PLACAR":"1x1","RESULTADO":"EMPATE","ADVERSÁRIO":"AMÉRICA DE CALI","GOLS SCCP":1,"GOLS ADVERSÁRIO":1,"SALDO DE GOLS":0,"COMPETIÇÃO":"Libertadores Feminina 2020","ESTÁDIO":"Deportivo Morón","ESTÁDIO_ORIGINAL":"Deportivo Morón","FONTE":"Meu Timão","URL_FONTE":"https://www.meutimao.com.br/jogo/5150/libertadores-feminina-2020/corinthians-1-x-1-america_de_cali","LATITUDE":-34.6095579,"LONGITUDE":-58.3887904,"ERA":"2016-Presente","PAIS_ISO3":"ARG","PAIS_FONTE":"Argentina","FONTE_CORRECAO_PAIS":"https://data.geocode.earth/wof/dist/legacy/whosonfirst-data-country-latest.tar.bz2"},"geometry":{"type":"Point","coordinates":[-58.3887904,-34.6095579]}},{"type":"Feature","properties":{"MEUTIMAO_ID":"5080","DATA":"2021-03-14","ANO JOGO":2021,"MODALIDADE":"Feminino","MANDANTE / VISITANTE (SCCP)":"Sim","TIME MANDANTE":"CORINTHIANS","GOLS MANDANTE":7,"TIME VISITANTE":"SANTIAGO MORNING","GOLS VISITANTE":0,"PLACAR":"7x0","RESULTADO":"VITÓRIA","ADVERSÁRIO":"SANTIAGO MORNING","GOLS SCCP":7,"GOLS ADVERSÁRIO":0,"SALDO DE GOLS":7,"COMPETIÇÃO":"Libertadores Feminina 2020","ESTÁDIO":"Vélez Sarsfield","ESTÁDIO_ORIGINAL":"Vélez Sarsfield","FONTE":"Meu Timão","URL_FONTE":"https://www.meutimao.com.br/jogo/5080/libertadores-feminina-2020/quartas_de_final/corinthians-7-x-0-santiago_morning","LATITUDE":-34.635406,"LONGITUDE":-58.5206968,"ERA":"2016-Presente","PAIS_ISO3":"ARG","PAIS_FONTE":"Argentina","FONTE_CORRECAO_PAIS":"https://data.geocode.earth/wof/dist/legacy/whosonfirst-data-country-latest.tar.bz2"},"geometry":{"type":"Point","coordinates":[-58.5206968,-34.635406]}},{"type":"Feature","properties":{"MEUTIMAO_ID":"5005","DATA":"2021-03-11","ANO JOGO":2021,"MODALIDADE":"Feminino","MANDANTE / VISITANTE (SCCP)":"Não","TIME MANDANTE":"AMÉRICA DE CALI","GOLS MANDANTE":0,"TIME VISITANTE":"CORINTHIANS","GOLS VISITANTE":3,"PLACAR":"0x3","RESULTADO":"VITÓRIA","ADVERSÁRIO":"AMÉRICA DE CALI","GOLS SCCP":3,"GOLS ADVERSÁRIO":0,"SALDO DE GOLS":3,"COMPETIÇÃO":"Libertadores Feminina 2020","ESTÁDIO":"Deportivo Morón","ESTÁDIO_ORIGINAL":"Deportivo Morón","FONTE":"Meu Timão","URL_FONTE":"https://www.meutimao.com.br/jogo/5005/libertadores-feminina-2020/america_de_cali-0-x-3-corinthians","LATITUDE":-34.6095579,"LONGITUDE":-58.3887904,"ERA":"2016-Presente","PAIS_ISO3":"ARG","PAIS_FONTE":"Argentina","FONTE_CORRECAO_PAIS":"https://data.geocode.earth/wof/dist/legacy/whosonfirst-data-country-latest.tar.bz2"},"geometry":{"type":"Point","coordinates":[-58.3887904,-34.6095579]}},{"type":"Feature","properties":{"MEUTIMAO_ID":"5004","DATA":"2021-03-08","ANO JOGO":2021,"MODALIDADE":"Feminino","MANDANTE / VISITANTE (SCCP)":"Sim","TIME MANDANTE":"CORINTHIANS","GOLS MANDANTE":8,"TIME VISITANTE":"UNIVERSITARIO DE DEPORTES","GOLS VISITANTE":0,"PLACAR":"8x0","RESULTADO":"VITÓRIA","ADVERSÁRIO":"UNIVERSITARIO DE DEPORTES","GOLS SCCP":8,"GOLS ADVERSÁRIO":0,"SALDO DE GOLS":8,"COMPETIÇÃO":"Libertadores Feminina 2020","ESTÁDIO":"Deportivo Morón","ESTÁDIO_ORIGINAL":"Deportivo Morón","FONTE":"Meu Timão","URL_FONTE":"https://www.meutimao.com.br/jogo/5004/libertadores-feminina-2020/corinthians-8-x-0-universitario_de_deportes","LATITUDE":-34.6095579,"LONGITUDE":-58.3887904,"ERA":"2016-Presente","PAIS_ISO3":"ARG","PAIS_FONTE":"Argentina","FONTE_CORRECAO_PAIS":"https://data.geocode.earth/wof/dist/legacy/whosonfirst-data-country-latest.tar.bz2"},"geometry":{"type":"Point","coordinates":[-58.3887904,-34.6095579]}},{"type":"Feature","properties":{"MEUTIMAO_ID":"5003","DATA":"2021-03-05","ANO JOGO":2021,"MODALIDADE":"Feminino","MANDANTE / VISITANTE (SCCP)":"Sim","TIME MANDANTE":"CORINTHIANS","GOLS MANDANTE":16,"TIME VISITANTE":"EL NACIONAL","GOLS VISITANTE":0,"PLACAR":"16x0","RESULTADO":"VITÓRIA","ADVERSÁRIO":"EL NACIONAL","GOLS SCCP":16,"GOLS ADVERSÁRIO":0,"SALDO DE GOLS":16,"COMPETIÇÃO":"Libertadores Feminina 2020","ESTÁDIO":"Deportivo Morón","ESTÁDIO_ORIGINAL":"Deportivo Morón","FONTE":"Meu Timão","URL_FONTE":"https://www.meutimao.com.br/jogo/5003/libertadores-feminina-2020/corinthians-16-x-0-el_nacional","LATITUDE":-34.6095579,"LONGITUDE":-58.3887904,"ERA":"2016-Presente","PAIS_ISO3":"ARG","PAIS_FONTE":"Argentina","FONTE_CORRECAO_PAIS":"https://data.geocode.earth/wof/dist/legacy/whosonfirst-data-country-latest.tar.bz2"},"geometry":{"type":"Point","coordinates":[-58.3887904,-34.6095579]}},{"type":"Feature","properties":{"MEUTIMAO_ID":"7578","DATA":"2022-12-11","ANO JOGO":2022,"MODALIDADE":"Feminino","MANDANTE / VISITANTE (SCCP)":"Sim","TIME MANDANTE":"CORINTHIANS","GOLS MANDANTE":2,"TIME VISITANTE":"RED BULL BRAGANTINO","GOLS VISITANTE":1,"PLACAR":"2x1","RESULTADO":"VITÓRIA","ADVERSÁRIO":"RED BULL BRAGANTINO","GOLS SCCP":2,"GOLS ADVERSÁRIO":1,"SALDO DE GOLS":1,"COMPETIÇÃO":"Copa Paulista 2022","ESTÁDIO":"Arena Barueri","ESTÁDIO_ORIGINAL":"Arena Barueri","FONTE":"Meu Timão","URL_FONTE":"https://www.meutimao.com.br/jogo/7578/copa-paulista-2022/final/corinthians-2-x-1-red_bull_bragantino","LATITUDE":-23.5124719,"LONGITUDE":-46.8995624,"ERA":"2016-Presente","PAIS_ISO3":"BRA","PAIS_FONTE":"Brazil","FONTE_CORRECAO_PAIS":"https://data.geocode.earth/wof/dist/legacy/whosonfirst-data-country-latest.tar.bz2"},"geometry":{"type":"Point","coordinates":[-46.8995624,-23.5124719]}},{"type":"Feature","properties":{"MEUTIMAO_ID":"7577","DATA":"2022-12-08","ANO JOGO":2022,"MODALIDADE":"Feminino","MANDANTE / VISITANTE (SCCP)":"Não","TIME MANDANTE":"RED BULL BRAGANTINO","GOLS MANDANTE":1,"TIME VISITANTE":"CORINTHIANS","GOLS VISITANTE":3,"PLACAR":"1x3","RESULTADO":"VITÓRIA","ADVERSÁRIO":"RED BULL BRAGANTINO","GOLS SCCP":3,"GOLS ADVERSÁRIO":1,"SALDO DE GOLS":2,"COMPETIÇÃO":"Copa Paulista 2022","ESTÁDIO":"Nabi Abi","ESTÁDIO_ORIGINAL":"Nabi Abi","FONTE":"Meu Timão","URL_FONTE":"https://www.meutimao.com.br/jogo/7577/copa-paulista-2022/final/red_bull_bragantino-1-x-3-corinthians","LATITUDE":-22.9653902,"LONGITUDE":-46.5368855,"ERA":"2016-Presente","PAIS_ISO3":"BRA","PAIS_FONTE":"Brazil","FONTE_CORRECAO_PAIS":"https://data.geocode.earth/wof/dist/legacy/whosonfirst-data-country-latest.tar.bz2"},"geometry":{"type":"Point","coordinates":[-46.5368855,-22.9653902]}},{"type":"Feature","properties":{"MEUTIMAO_ID":"7576","DATA":"2022-12-04","ANO JOGO":2022,"MODALIDADE":"Feminino","MANDANTE / VISITANTE (SCCP)":"Sim","TIME MANDANTE":"CORINTHIANS","GOLS MANDANTE":6,"TIME VISITANTE":"EC SÃO BERNARDO","GOLS VISITANTE":0,"PLACAR":"6x0","RESULTADO":"VITÓRIA","ADVERSÁRIO":"EC SÃO BERNARDO","GOLS SCCP":6,"GOLS ADVERSÁRIO":0,"SALDO DE GOLS":6,"COMPETIÇÃO":"Copa Paulista 2022","ESTÁDIO":"Estádio Alfredo Schürig (Fazendinha)","ESTÁDIO_ORIGINAL":"Fazendinha","FONTE":"Meu Timão","URL_FONTE":"https://www.meutimao.com.br/jogo/7576/copa-paulista-2022/corinthians-6-x-0-ec_sao_bernardo","LATITUDE":-23.526659630812546,"LONGITUDE":-46.5694808951696,"ERA":"2016-Presente","PAIS_ISO3":"BRA","PAIS_FONTE":"Brazil","FONTE_CORRECAO_PAIS":"https://data.geocode.earth/wof/dist/legacy/whosonfirst-data-country-latest.tar.bz2"},"geometry":{"type":"Point","coordinates":[-46.5694808951696,-23.526659630812546]}},{"type":"Feature","properties":{"MEUTIMAO_ID":"7575","DATA":"2022-11-30","ANO JOGO":2022,"MODALIDADE":"Feminino","MANDANTE / VISITANTE (SCCP)":"Não","TIME MANDANTE":"EC SÃO BERNARDO","GOLS MANDANTE":0,"TIME VISITANTE":"CORINTHIANS","GOLS VISITANTE":4,"PLACAR":"0x4","RESULTADO":"VITÓRIA","ADVERSÁRIO":"EC SÃO BERNARDO","GOLS SCCP":4,"GOLS ADVERSÁRIO":0,"SALDO DE GOLS":4,"COMPETIÇÃO":"Copa Paulista 2022","ESTÁDIO":"Indefinido","ESTÁDIO_ORIGINAL":"Indefinido","FONTE":"Meu Timão","URL_FONTE":"https://www.meutimao.com.br/jogo/7575/copa-paulista-2022/ec_sao_bernardo-0-x-4-corinthians","LATITUDE":null,"LONGITUDE":null,"ERA":"2016-Presente"},"geometry":null},{"type":"Feature","properties":{"MEUTIMAO_ID":"7444","DATA":"2022-11-23","ANO JOGO":2022,"MODALIDADE":"Feminino","MANDANTE / VISITANTE (SCCP)":"Sim","TIME MANDANTE":"CORINTHIANS","GOLS MANDANTE":5,"TIME VISITANTE":"TAUBATÉ","GOLS VISITANTE":0,"PLACAR":"5x0","RESULTADO":"VITÓRIA","ADVERSÁRIO":"TAUBATÉ","GOLS SCCP":5,"GOLS ADVERSÁRIO":0,"SALDO DE GOLS":5,"COMPETIÇÃO":"Paulista Feminino 2022","ESTÁDIO":"Estádio Alfredo Schürig (Fazendinha)","ESTÁDIO_ORIGINAL":"Fazendinha","FONTE":"Meu Timão","URL_FONTE":"https://www.meutimao.com.br/jogo/7444/paulista-feminino-2022/corinthians-5-x-0-taubate","LATITUDE":-23.526659630812546,"LONGITUDE":-46.5694808951696,"ERA":"2016-Presente","PAIS_ISO3":"BRA","PAIS_FONTE":"Brazil","FONTE_CORRECAO_PAIS":"https://data.geocode.earth/wof/dist/legacy/whosonfirst-data-country-latest.tar.bz2"},"geometry":{"type":"Point","coordinates":[-46.5694808951696,-23.526659630812546]}},{"type":"Feature","properties":{"MEUTIMAO_ID":"7443","DATA":"2022-11-19","ANO JOGO":2022,"MODALIDADE":"Feminino","MANDANTE / VISITANTE (SCCP)":"Não","TIME MANDANTE":"RED BULL BRAGANTINO","GOLS MANDANTE":0,"TIME VISITANTE":"CORINTHIANS","GOLS VISITANTE":1,"PLACAR":"0x1","RESULTADO":"VITÓRIA","ADVERSÁRIO":"RED BULL BRAGANTINO","GOLS SCCP":1,"GOLS ADVERSÁRIO":0,"SALDO DE GOLS":1,"COMPETIÇÃO":"Paulista Feminino 2022","ESTÁDIO":"Nabi Abi","ESTÁDIO_ORIGINAL":"Nabi Abi","FONTE":"Meu Timão","URL_FONTE":"https://www.meutimao.com.br/jogo/7443/paulista-feminino-2022/red_bull_bragantino-0-x-1-corinthians","LATITUDE":-22.9653902,"LONGITUDE":-46.5368855,"ERA":"2016-Presente","PAIS_ISO3":"BRA","PAIS_FONTE":"Brazil","FONTE_CORRECAO_PAIS":"https://data.geocode.earth/wof/dist/legacy/whosonfirst-data-country-latest.tar.bz2"},"geometry":{"type":"Point","coordinates":[-46.5368855,-22.9653902]}},{"type":"Feature","properties":{"MEUTIMAO_ID":"7442","DATA":"2022-11-16","ANO JOGO":2022,"MODALIDADE":"Feminino","MANDANTE / VISITANTE (SCCP)":"Sim","TIME MANDANTE":"CORINTHIANS","GOLS MANDANTE":1,"TIME VISITANTE":"SANTOS","GOLS VISITANTE":0,"PLACAR":"1x0","RESULTADO":"VITÓRIA","ADVERSÁRIO":"SANTOS","GOLS SCCP":1,"GOLS ADVERSÁRIO":0,"SALDO DE GOLS":1,"COMPETIÇÃO":"Paulista Feminino 2022","ESTÁDIO":"Neo Química Arena","ESTÁDIO_ORIGINAL":"Neo Química Arena","FONTE":"Meu Timão","URL_FONTE":"https://www.meutimao.com.br/jogo/7442/paulista-feminino-2022/corinthians-1-x-0-santos","LATITUDE":-23.5453221,"LONGITUDE":-46.4742676,"ERA":"2016-Presente","PAIS_ISO3":"BRA","PAIS_FONTE":"Brazil","FONTE_CORRECAO_PAIS":"https://data.geocode.earth/wof/dist/legacy/whosonfirst-data-country-latest.tar.bz2"},"geometry":{"type":"Point","coordinates":[-46.4742676,-23.5453221]}},{"type":"Feature","properties":{"MEUTIMAO_ID":"7441","DATA":"2022-11-03","ANO JOGO":2022,"MODALIDADE":"Feminino","MANDANTE / VISITANTE (SCCP)":"Não","TIME MANDANTE":"REALIDADE JOVEM","GOLS MANDANTE":1,"TIME VISITANTE":"CORINTHIANS","GOLS VISITANTE":4,"PLACAR":"1x4","RESULTADO":"VITÓRIA","ADVERSÁRIO":"REALIDADE JOVEM","GOLS SCCP":4,"GOLS ADVERSÁRIO":1,"SALDO DE GOLS":3,"COMPETIÇÃO":"Paulista Feminino 2022","ESTÁDIO":"JOÃO MENDES ATHAYDE","ESTÁDIO_ORIGINAL":"João Mendes Athayde","FONTE":"Meu Timão","URL_FONTE":"https://www.meutimao.com.br/jogo/7441/paulista-feminino-2022/realidade_jovem-1-x-4-corinthians","LATITUDE":-20.814393599785742,"LONGITUDE":-49.41902775639259,"ERA":"2016-Presente","PAIS_ISO3":"BRA","PAIS_FONTE":"Brazil","FONTE_CORRECAO_PAIS":"https://data.geocode.earth/wof/dist/legacy/whosonfirst-data-country-latest.tar.bz2"},"geometry":{"type":"Point","coordinates":[-49.41902775639259,-20.814393599785742]}},{"type":"Feature","properties":{"MEUTIMAO_ID":"7552","DATA":"2022-10-22","ANO JOGO":2022,"MODALIDADE":"Feminino","MANDANTE / VISITANTE (SCCP)":"Não","TIME MANDANTE":"BOCA JUNIORS","GOLS MANDANTE":2,"TIME VISITANTE":"CORINTHIANS","GOLS VISITANTE":1,"PLACAR":"2x1","RESULTADO":"DERROTA","ADVERSÁRIO":"BOCA JUNIORS","GOLS SCCP":1,"GOLS ADVERSÁRIO":2,"SALDO DE GOLS":-1,"COMPETIÇÃO":"Libertadores Feminina 2022","ESTÁDIO":"Casa Blanca","ESTÁDIO_ORIGINAL":"Casa Blanca","FONTE":"Meu Timão","URL_FONTE":"https://www.meutimao.com.br/jogo/7552/libertadores-feminina-2022/boca_juniors-2-x-1-corinthians","LATITUDE":-0.1076798,"LONGITUDE":-78.4890979,"ERA":"2016-Presente","PAIS_ISO3":"ECU","PAIS_FONTE":"Ecuador","FONTE_CORRECAO_PAIS":"https://data.geocode.earth/wof/dist/legacy/whosonfirst-data-country-latest.tar.bz2"},"geometry":{"type":"Point","coordinates":[-78.4890979,-0.1076798]}},{"type":"Feature","properties":{"MEUTIMAO_ID":"7522","DATA":"2022-10-19","ANO JOGO":2022,"MODALIDADE":"Feminino","MANDANTE / VISITANTE (SCCP)":"Sim","TIME MANDANTE":"CORINTHIANS","GOLS MANDANTE":4,"TIME VISITANTE":"OLIMPIA","GOLS VISITANTE":0,"PLACAR":"4x0","RESULTADO":"VITÓRIA","ADVERSÁRIO":"OLIMPIA","GOLS SCCP":4,"GOLS ADVERSÁRIO":0,"SALDO DE GOLS":4,"COMPETIÇÃO":"Libertadores Feminina 2022","ESTÁDIO":"Estádio Pozo Ripalda","ESTÁDIO_ORIGINAL":"Estádio Pozo Ripalda","FONTE":"Meu Timão","URL_FONTE":"https://www.meutimao.com.br/jogo/7522/libertadores-feminina-2022/corinthians-4-x-0-olimpia","LATITUDE":-0.2788989,"LONGITUDE":-78.5461745,"ERA":"2016-Presente","PAIS_ISO3":"ECU","PAIS_FONTE":"Ecuador","FONTE_CORRECAO_PAIS":"https://data.geocode.earth/wof/dist/legacy/whosonfirst-data-country-latest.tar.bz2"},"geometry":{"type":"Point","coordinates":[-78.5461745,-0.2788989]}},{"type":"Feature","properties":{"MEUTIMAO_ID":"7521","DATA":"2022-10-16","ANO JOGO":2022,"MODALIDADE":"Feminino","MANDANTE / VISITANTE (SCCP)":"Sim","TIME MANDANTE":"CORINTHIANS","GOLS MANDANTE":5,"TIME VISITANTE":"ALWAYS READY","GOLS VISITANTE":0,"PLACAR":"5x0","RESULTADO":"VITÓRIA","ADVERSÁRIO":"ALWAYS READY","GOLS SCCP":5,"GOLS ADVERSÁRIO":0,"SALDO DE GOLS":5,"COMPETIÇÃO":"Libertadores Feminina 2022","ESTÁDIO":"Estádio Pozo Ripalda","ESTÁDIO_ORIGINAL":"Estádio Pozo Ripalda","FONTE":"Meu Timão","URL_FONTE":"https://www.meutimao.com.br/jogo/7521/libertadores-feminina-2022/corinthians-5-x-0-always_ready","LATITUDE":-0.2788989,"LONGITUDE":-78.5461745,"ERA":"2016-Presente","PAIS_ISO3":"ECU","PAIS_FONTE":"Ecuador","FONTE_CORRECAO_PAIS":"https://data.geocode.earth/wof/dist/legacy/whosonfirst-data-country-latest.tar.bz2"},"geometry":{"type":"Point","coordinates":[-78.5461745,-0.2788989]}},{"type":"Feature","properties":{"MEUTIMAO_ID":"7520","DATA":"2022-10-13","ANO JOGO":2022,"MODALIDADE":"Feminino","MANDANTE / VISITANTE (SCCP)":"Sim","TIME MANDANTE":"CORINTHIANS","GOLS MANDANTE":1,"TIME VISITANTE":"DEPORTIVO CALI","GOLS VISITANTE":2,"PLACAR":"1x2","RESULTADO":"DERROTA","ADVERSÁRIO":"DEPORTIVO CALI","GOLS SCCP":1,"GOLS ADVERSÁRIO":2,"SALDO DE GOLS":-1,"COMPETIÇÃO":"Libertadores Feminina 2022","ESTÁDIO":"Estádio Pozo Ripalda","ESTÁDIO_ORIGINAL":"Estádio Pozo Ripalda","FONTE":"Meu Timão","URL_FONTE":"https://www.meutimao.com.br/jogo/7520/libertadores-feminina-2022/corinthians-1-x-2-deportivo_cali","LATITUDE":-0.2788989,"LONGITUDE":-78.5461745,"ERA":"2016-Presente","PAIS_ISO3":"ECU","PAIS_FONTE":"Ecuador","FONTE_CORRECAO_PAIS":"https://data.geocode.earth/wof/dist/legacy/whosonfirst-data-country-latest.tar.bz2"},"geometry":{"type":"Point","coordinates":[-78.5461745,-0.2788989]}},{"type":"Feature","properties":{"MEUTIMAO_ID":"7440","DATA":"2022-09-27","ANO JOGO":2022,"MODALIDADE":"Feminino","MANDANTE / VISITANTE (SCCP)":"Sim","TIME MANDANTE":"CORINTHIANS","GOLS MANDANTE":2,"TIME VISITANTE":"SÃO JOSÉ","GOLS VISITANTE":0,"PLACAR":"2x0","RESULTADO":"VITÓRIA","ADVERSÁRIO":"SÃO JOSÉ","GOLS SCCP":2,"GOLS ADVERSÁRIO":0,"SALDO DE GOLS":2,"COMPETIÇÃO":"Paulista Feminino 2022","ESTÁDIO":"Estádio Alfredo Schürig (Fazendinha)","ESTÁDIO_ORIGINAL":"Fazendinha","FONTE":"Meu Timão","URL_FONTE":"https://www.meutimao.com.br/jogo/7440/paulista-feminino-2022/corinthians-2-x-0-sao_jose","LATITUDE":-23.526659630812546,"LONGITUDE":-46.5694808951696,"ERA":"2016-Presente","PAIS_ISO3":"BRA","PAIS_FONTE":"Brazil","FONTE_CORRECAO_PAIS":"https://data.geocode.earth/wof/dist/legacy/whosonfirst-data-country-latest.tar.bz2"},"geometry":{"type":"Point","coordinates":[-46.5694808951696,-23.526659630812546]}},{"type":"Feature","properties":{"MEUTIMAO_ID":"7515","DATA":"2022-09-24","ANO JOGO":2022,"MODALIDADE":"Feminino","MANDANTE / VISITANTE (SCCP)":"Sim","TIME MANDANTE":"CORINTHIANS","GOLS MANDANTE":4,"TIME VISITANTE":"INTERNACIONAL","GOLS VISITANTE":1,"PLACAR":"4x1","RESULTADO":"VITÓRIA","ADVERSÁRIO":"INTERNACIONAL","GOLS SCCP":4,"GOLS ADVERSÁRIO":1,"SALDO DE GOLS":3,"COMPETIÇÃO":"Brasileiro Feminino 2022","ESTÁDIO":"Neo Química Arena","ESTÁDIO_ORIGINAL":"Neo Química Arena","FONTE":"Meu Timão","URL_FONTE":"https://www.meutimao.com.br/jogo/7515/brasileiro-feminino-2022/final/corinthians-4-x-1-internacional","LATITUDE":-23.5453221,"LONGITUDE":-46.4742676,"ERA":"2016-Presente","PAIS_ISO3":"BRA","PAIS_FONTE":"Brazil","FONTE_CORRECAO_PAIS":"https://data.geocode.earth/wof/dist/legacy/whosonfirst-data-country-latest.tar.bz2"},"geometry":{"type":"Point","coordinates":[-46.4742676,-23.5453221]}},{"type":"Feature","properties":{"MEUTIMAO_ID":"7439","DATA":"2022-09-21","ANO JOGO":2022,"MODALIDADE":"Feminino","MANDANTE / VISITANTE (SCCP)":"Sim","TIME MANDANTE":"CORINTHIANS","GOLS MANDANTE":0,"TIME VISITANTE":"PALMEIRAS","GOLS VISITANTE":2,"PLACAR":"0x2","RESULTADO":"DERROTA","ADVERSÁRIO":"PALMEIRAS","GOLS SCCP":0,"GOLS ADVERSÁRIO":2,"SALDO DE GOLS":-2,"COMPETIÇÃO":"Paulista Feminino 2022","ESTÁDIO":"Nogueirão","ESTÁDIO_ORIGINAL":"Nogueirão","FONTE":"Meu Timão","URL_FONTE":"https://www.meutimao.com.br/jogo/7439/paulista-feminino-2022/corinthians-0-x-2-palmeiras","LATITUDE":-23.5187203,"LONGITUDE":-46.2060118,"ERA":"2016-Presente","PAIS_ISO3":"BRA","PAIS_FONTE":"Brazil","FONTE_CORRECAO_PAIS":"https://data.geocode.earth/wof/dist/legacy/whosonfirst-data-country-latest.tar.bz2"},"geometry":{"type":"Point","coordinates":[-46.2060118,-23.5187203]}},{"type":"Feature","properties":{"MEUTIMAO_ID":"7514","DATA":"2022-09-18","ANO JOGO":2022,"MODALIDADE":"Feminino","MANDANTE / VISITANTE (SCCP)":"Não","TIME MANDANTE":"INTERNACIONAL","GOLS MANDANTE":1,"TIME VISITANTE":"CORINTHIANS","GOLS VISITANTE":1,"PLACAR":"1x1","RESULTADO":"EMPATE","ADVERSÁRIO":"INTERNACIONAL","GOLS SCCP":1,"GOLS ADVERSÁRIO":1,"SALDO DE GOLS":0,"COMPETIÇÃO":"Brasileiro Feminino 2022","ESTÁDIO":"Beira-Rio","ESTÁDIO_ORIGINAL":"Beira-Rio","FONTE":"Meu Timão","URL_FONTE":"https://www.meutimao.com.br/jogo/7514/brasileiro-feminino-2022/final/internacional-1-x-1-corinthians","LATITUDE":-30.0654826,"LONGITUDE":-51.2358459,"ERA":"2016-Presente","PAIS_ISO3":"BRA","PAIS_FONTE":"Brazil","FONTE_CORRECAO_PAIS":"https://data.geocode.earth/wof/dist/legacy/whosonfirst-data-country-latest.tar.bz2"},"geometry":{"type":"Point","coordinates":[-51.2358459,-30.0654826]}},{"type":"Feature","properties":{"MEUTIMAO_ID":"7438","DATA":"2022-09-15","ANO JOGO":2022,"MODALIDADE":"Feminino","MANDANTE / VISITANTE (SCCP)":"Não","TIME MANDANTE":"PINDA","GOLS MANDANTE":0,"TIME VISITANTE":"CORINTHIANS","GOLS VISITANTE":2,"PLACAR":"0x2","RESULTADO":"VITÓRIA","ADVERSÁRIO":"PINDA","GOLS SCCP":2,"GOLS ADVERSÁRIO":0,"SALDO DE GOLS":2,"COMPETIÇÃO":"Paulista Feminino 2022","ESTÁDIO":"CARLOS FERRACINI","ESTÁDIO_ORIGINAL":"Carlos Ferracini","FONTE":"Meu Timão","URL_FONTE":"https://www.meutimao.com.br/jogo/7438/paulista-feminino-2022/pinda-0-x-2-corinthians","LATITUDE":-23.365223502581316,"LONGITUDE":-46.7431118106844,"ERA":"2016-Presente","PAIS_ISO3":"BRA","PAIS_FONTE":"Brazil","FONTE_CORRECAO_PAIS":"https://data.geocode.earth/wof/dist/legacy/whosonfirst-data-country-latest.tar.bz2"},"geometry":{"type":"Point","coordinates":[-46.7431118106844,-23.365223502581316]}},{"type":"Feature","properties":{"MEUTIMAO_ID":"7488","DATA":"2022-09-10","ANO JOGO":2022,"MODALIDADE":"Feminino","MANDANTE / VISITANTE (SCCP)":"Não","TIME MANDANTE":"PALMEIRAS","GOLS MANDANTE":0,"TIME VISITANTE":"CORINTHIANS","GOLS VISITANTE":4,"PLACAR":"0x4","RESULTADO":"VITÓRIA","ADVERSÁRIO":"PALMEIRAS","GOLS SCCP":4,"GOLS ADVERSÁRIO":0,"SALDO DE GOLS":4,"COMPETIÇÃO":"Brasileiro Feminino 2022","ESTÁDIO":"NUBANK PARQUE (ARENA PALMEIRAS)","ESTÁDIO_ORIGINAL":"Nubank Parque","FONTE":"Meu Timão","URL_FONTE":"https://www.meutimao.com.br/jogo/7488/brasileiro-feminino-2022/palmeiras-0-x-4-corinthians","LATITUDE":-23.527428879851925,"LONGITUDE":-46.67811214843781,"ERA":"2016-Presente","PAIS_ISO3":"BRA","PAIS_FONTE":"Brazil","FONTE_CORRECAO_PAIS":"https://data.geocode.earth/wof/dist/legacy/whosonfirst-data-country-latest.tar.bz2"},"geometry":{"type":"Point","coordinates":[-46.67811214843781,-23.527428879851925]}},{"type":"Feature","properties":{"MEUTIMAO_ID":"7437","DATA":"2022-09-07","ANO JOGO":2022,"MODALIDADE":"Feminino","MANDANTE / VISITANTE (SCCP)":"Não","TIME MANDANTE":"SÃO PAULO","GOLS MANDANTE":3,"TIME VISITANTE":"CORINTHIANS","GOLS VISITANTE":0,"PLACAR":"3x0","RESULTADO":"DERROTA","ADVERSÁRIO":"SÃO PAULO","GOLS SCCP":0,"GOLS ADVERSÁRIO":3,"SALDO DE GOLS":-3,"COMPETIÇÃO":"Paulista Feminino 2022","ESTÁDIO":"Arena Barueri","ESTÁDIO_ORIGINAL":"Arena Barueri","FONTE":"Meu Timão","URL_FONTE":"https://www.meutimao.com.br/jogo/7437/paulista-feminino-2022/sao_paulo-3-x-0-corinthians","LATITUDE":-23.5124719,"LONGITUDE":-46.8995624,"ERA":"2016-Presente","PAIS_ISO3":"BRA","PAIS_FONTE":"Brazil","FONTE_CORRECAO_PAIS":"https://data.geocode.earth/wof/dist/legacy/whosonfirst-data-country-latest.tar.bz2"},"geometry":{"type":"Point","coordinates":[-46.8995624,-23.5124719]}},{"type":"Feature","properties":{"MEUTIMAO_ID":"7487","DATA":"2022-08-27","ANO JOGO":2022,"MODALIDADE":"Feminino","MANDANTE / VISITANTE (SCCP)":"Sim","TIME MANDANTE":"CORINTHIANS","GOLS MANDANTE":2,"TIME VISITANTE":"PALMEIRAS","GOLS VISITANTE":1,"PLACAR":"2x1","RESULTADO":"VITÓRIA","ADVERSÁRIO":"PALMEIRAS","GOLS SCCP":2,"GOLS ADVERSÁRIO":1,"SALDO DE GOLS":1,"COMPETIÇÃO":"Brasileiro Feminino 2022","ESTÁDIO":"Neo Química Arena","ESTÁDIO_ORIGINAL":"Neo Química Arena","FONTE":"Meu Timão","URL_FONTE":"https://www.meutimao.com.br/jogo/7487/brasileiro-feminino-2022/corinthians-2-x-1-palmeiras","LATITUDE":-23.5453221,"LONGITUDE":-46.4742676,"ERA":"2016-Presente","PAIS_ISO3":"BRA","PAIS_FONTE":"Brazil","FONTE_CORRECAO_PAIS":"https://data.geocode.earth/wof/dist/legacy/whosonfirst-data-country-latest.tar.bz2"},"geometry":{"type":"Point","coordinates":[-46.4742676,-23.5453221]}},{"type":"Feature","properties":{"MEUTIMAO_ID":"7436","DATA":"2022-08-24","ANO JOGO":2022,"MODALIDADE":"Feminino","MANDANTE / VISITANTE (SCCP)":"Sim","TIME MANDANTE":"CORINTHIANS","GOLS MANDANTE":1,"TIME VISITANTE":"FERROVIÁRIA","GOLS VISITANTE":2,"PLACAR":"1x2","RESULTADO":"DERROTA","ADVERSÁRIO":"FERROVIÁRIA","GOLS SCCP":1,"GOLS ADVERSÁRIO":2,"SALDO DE GOLS":-1,"COMPETIÇÃO":"Paulista Feminino 2022","ESTÁDIO":"Nogueirão","ESTÁDIO_ORIGINAL":"Nogueirão","FONTE":"Meu Timão","URL_FONTE":"https://www.meutimao.com.br/jogo/7436/paulista-feminino-2022/corinthians-1-x-2-ferroviaria","LATITUDE":-23.5187203,"LONGITUDE":-46.2060118,"ERA":"2016-Presente","PAIS_ISO3":"BRA","PAIS_FONTE":"Brazil","FONTE_CORRECAO_PAIS":"https://data.geocode.earth/wof/dist/legacy/whosonfirst-data-country-latest.tar.bz2"},"geometry":{"type":"Point","coordinates":[-46.2060118,-23.5187203]}},{"type":"Feature","properties":{"MEUTIMAO_ID":"7466","DATA":"2022-08-21","ANO JOGO":2022,"MODALIDADE":"Feminino","MANDANTE / VISITANTE (SCCP)":"Sim","TIME MANDANTE":"CORINTHIANS","GOLS MANDANTE":1,"TIME VISITANTE":"REAL BRASÍLIA","GOLS VISITANTE":0,"PLACAR":"1x0","RESULTADO":"VITÓRIA","ADVERSÁRIO":"REAL BRASÍLIA","GOLS SCCP":1,"GOLS ADVERSÁRIO":0,"SALDO DE GOLS":1,"COMPETIÇÃO":"Brasileiro Feminino 2022","ESTÁDIO":"Neo Química Arena","ESTÁDIO_ORIGINAL":"Neo Química Arena","FONTE":"Meu Timão","URL_FONTE":"https://www.meutimao.com.br/jogo/7466/brasileiro-feminino-2022/quartas_de_final/corinthians-1-x-0-real_brasilia","LATITUDE":-23.5453221,"LONGITUDE":-46.4742676,"ERA":"2016-Presente","PAIS_ISO3":"BRA","PAIS_FONTE":"Brazil","FONTE_CORRECAO_PAIS":"https://data.geocode.earth/wof/dist/legacy/whosonfirst-data-country-latest.tar.bz2"},"geometry":{"type":"Point","coordinates":[-46.4742676,-23.5453221]}},{"type":"Feature","properties":{"MEUTIMAO_ID":"7435","DATA":"2022-08-18","ANO JOGO":2022,"MODALIDADE":"Feminino","MANDANTE / VISITANTE (SCCP)":"Sim","TIME MANDANTE":"CORINTHIANS","GOLS MANDANTE":6,"TIME VISITANTE":"PORTUGUESA","GOLS VISITANTE":0,"PLACAR":"6x0","RESULTADO":"VITÓRIA","ADVERSÁRIO":"PORTUGUESA","GOLS SCCP":6,"GOLS ADVERSÁRIO":0,"SALDO DE GOLS":6,"COMPETIÇÃO":"Paulista Feminino 2022","ESTÁDIO":"Estádio Alfredo Schürig (Fazendinha)","ESTÁDIO_ORIGINAL":"Fazendinha","FONTE":"Meu Timão","URL_FONTE":"https://www.meutimao.com.br/jogo/7435/paulista-feminino-2022/corinthians-6-x-0-portuguesa","LATITUDE":-23.526659630812546,"LONGITUDE":-46.5694808951696,"ERA":"2016-Presente","PAIS_ISO3":"BRA","PAIS_FONTE":"Brazil","FONTE_CORRECAO_PAIS":"https://data.geocode.earth/wof/dist/legacy/whosonfirst-data-country-latest.tar.bz2"},"geometry":{"type":"Point","coordinates":[-46.5694808951696,-23.526659630812546]}},{"type":"Feature","properties":{"MEUTIMAO_ID":"7465","DATA":"2022-08-14","ANO JOGO":2022,"MODALIDADE":"Feminino","MANDANTE / VISITANTE (SCCP)":"Não","TIME MANDANTE":"REAL BRASÍLIA","GOLS MANDANTE":0,"TIME VISITANTE":"CORINTHIANS","GOLS VISITANTE":2,"PLACAR":"0x2","RESULTADO":"VITÓRIA","ADVERSÁRIO":"REAL BRASÍLIA","GOLS SCCP":2,"GOLS ADVERSÁRIO":0,"SALDO DE GOLS":2,"COMPETIÇÃO":"Brasileiro Feminino 2022","ESTÁDIO":"Mané Garrincha","ESTÁDIO_ORIGINAL":"Mané Garrincha","FONTE":"Meu Timão","URL_FONTE":"https://www.meutimao.com.br/jogo/7465/brasileiro-feminino-2022/quartas_de_final/real_brasilia-0-x-2-corinthians","LATITUDE":-15.7835191,"LONGITUDE":-47.899211,"ERA":"2016-Presente","PAIS_ISO3":"BRA","PAIS_FONTE":"Brazil","FONTE_CORRECAO_PAIS":"https://data.geocode.earth/wof/dist/legacy/whosonfirst-data-country-latest.tar.bz2"},"geometry":{"type":"Point","coordinates":[-47.899211,-15.7835191]}},{"type":"Feature","properties":{"MEUTIMAO_ID":"7434","DATA":"2022-08-10","ANO JOGO":2022,"MODALIDADE":"Feminino","MANDANTE / VISITANTE (SCCP)":"Não","TIME MANDANTE":"EC SÃO BERNARDO","GOLS MANDANTE":1,"TIME VISITANTE":"CORINTHIANS","GOLS VISITANTE":6,"PLACAR":"1x6","RESULTADO":"VITÓRIA","ADVERSÁRIO":"EC SÃO BERNARDO","GOLS SCCP":6,"GOLS ADVERSÁRIO":1,"SALDO DE GOLS":5,"COMPETIÇÃO":"Paulista Feminino 2022","ESTÁDIO":"Bruno José","ESTÁDIO_ORIGINAL":"Bruno José","FONTE":"Meu Timão","URL_FONTE":"https://www.meutimao.com.br/jogo/7434/paulista-feminino-2022/ec_sao_bernardo-1-x-6-corinthians","LATITUDE":-23.6695672,"LONGITUDE":-46.5093186,"ERA":"2016-Presente","PAIS_ISO3":"BRA","PAIS_FONTE":"Brazil","FONTE_CORRECAO_PAIS":"https://data.geocode.earth/wof/dist/legacy/whosonfirst-data-country-latest.tar.bz2"},"geometry":{"type":"Point","coordinates":[-46.5093186,-23.6695672]}},{"type":"Feature","properties":{"MEUTIMAO_ID":"7315","DATA":"2022-08-07","ANO JOGO":2022,"MODALIDADE":"Feminino","MANDANTE / VISITANTE (SCCP)":"Não","TIME MANDANTE":"GRÊMIO","GOLS MANDANTE":2,"TIME VISITANTE":"CORINTHIANS","GOLS VISITANTE":2,"PLACAR":"2x2","RESULTADO":"EMPATE","ADVERSÁRIO":"GRÊMIO","GOLS SCCP":2,"GOLS ADVERSÁRIO":2,"SALDO DE GOLS":0,"COMPETIÇÃO":"Brasileiro Feminino 2022","ESTÁDIO":"ANTÔNIO VIEIRA RAMOS (VIEIRÃO)","ESTÁDIO_ORIGINAL":"Vieirão","FONTE":"Meu Timão","URL_FONTE":"https://www.meutimao.com.br/jogo/7315/brasileiro-feminino-2022/gremio-2-x-2-corinthians","LATITUDE":-29.934730553219048,"LONGITUDE":-50.996962888657364,"ERA":"2016-Presente","PAIS_ISO3":"BRA","PAIS_FONTE":"Brazil","FONTE_CORRECAO_PAIS":"https://data.geocode.earth/wof/dist/legacy/whosonfirst-data-country-latest.tar.bz2"},"geometry":{"type":"Point","coordinates":[-50.996962888657364,-29.934730553219048]}},{"type":"Feature","properties":{"MEUTIMAO_ID":"7316","DATA":"2022-08-03","ANO JOGO":2022,"MODALIDADE":"Feminino","MANDANTE / VISITANTE (SCCP)":"Sim","TIME MANDANTE":"CORINTHIANS","GOLS MANDANTE":4,"TIME VISITANTE":"ESMAC","GOLS VISITANTE":0,"PLACAR":"4x0","RESULTADO":"VITÓRIA","ADVERSÁRIO":"ESMAC","GOLS SCCP":4,"GOLS ADVERSÁRIO":0,"SALDO DE GOLS":4,"COMPETIÇÃO":"Brasileiro Feminino 2022","ESTÁDIO":"Estádio Alfredo Schürig (Fazendinha)","ESTÁDIO_ORIGINAL":"Fazendinha","FONTE":"Meu Timão","URL_FONTE":"https://www.meutimao.com.br/jogo/7316/brasileiro-feminino-2022/corinthians-4-x-0-esmac","LATITUDE":-23.526659630812546,"LONGITUDE":-46.5694808951696,"ERA":"2016-Presente","PAIS_ISO3":"BRA","PAIS_FONTE":"Brazil","FONTE_CORRECAO_PAIS":"https://data.geocode.earth/wof/dist/legacy/whosonfirst-data-country-latest.tar.bz2"},"geometry":{"type":"Point","coordinates":[-46.5694808951696,-23.526659630812546]}},{"type":"Feature","properties":{"MEUTIMAO_ID":"7314","DATA":"2022-06-18","ANO JOGO":2022,"MODALIDADE":"Feminino","MANDANTE / VISITANTE (SCCP)":"Sim","TIME MANDANTE":"CORINTHIANS","GOLS MANDANTE":1,"TIME VISITANTE":"INTERNACIONAL","GOLS VISITANTE":1,"PLACAR":"1x1","RESULTADO":"EMPATE","ADVERSÁRIO":"INTERNACIONAL","GOLS SCCP":1,"GOLS ADVERSÁRIO":1,"SALDO DE GOLS":0,"COMPETIÇÃO":"Brasileiro Feminino 2022","ESTÁDIO":"Estádio Alfredo Schürig (Fazendinha)","ESTÁDIO_ORIGINAL":"Fazendinha","FONTE":"Meu Timão","URL_FONTE":"https://www.meutimao.com.br/jogo/7314/brasileiro-feminino-2022/corinthians-1-x-1-internacional","LATITUDE":-23.526659630812546,"LONGITUDE":-46.5694808951696,"ERA":"2016-Presente","PAIS_ISO3":"BRA","PAIS_FONTE":"Brazil","FONTE_CORRECAO_PAIS":"https://data.geocode.earth/wof/dist/legacy/whosonfirst-data-country-latest.tar.bz2"},"geometry":{"type":"Point","coordinates":[-46.5694808951696,-23.526659630812546]}},{"type":"Feature","properties":{"MEUTIMAO_ID":"7313","DATA":"2022-06-11","ANO JOGO":2022,"MODALIDADE":"Feminino","MANDANTE / VISITANTE (SCCP)":"Não","TIME MANDANTE":"FLAMENGO","GOLS MANDANTE":1,"TIME VISITANTE":"CORINTHIANS","GOLS VISITANTE":2,"PLACAR":"1x2","RESULTADO":"VITÓRIA","ADVERSÁRIO":"FLAMENGO","GOLS SCCP":2,"GOLS ADVERSÁRIO":1,"SALDO DE GOLS":1,"COMPETIÇÃO":"Brasileiro Feminino 2022","ESTÁDIO":"Estádio da Gávea","ESTÁDIO_ORIGINAL":"Estádio da Gávea","FONTE":"Meu Timão","URL_FONTE":"https://www.meutimao.com.br/jogo/7313/brasileiro-feminino-2022/flamengo-1-x-2-corinthians","LATITUDE":-22.9110137,"LONGITUDE":-43.2093727,"ERA":"2016-Presente","PAIS_ISO3":"BRA","PAIS_FONTE":"Brazil","FONTE_CORRECAO_PAIS":"https://data.geocode.earth/wof/dist/legacy/whosonfirst-data-country-latest.tar.bz2"},"geometry":{"type":"Point","coordinates":[-43.2093727,-22.9110137]}},{"type":"Feature","properties":{"MEUTIMAO_ID":"7312","DATA":"2022-06-04","ANO JOGO":2022,"MODALIDADE":"Feminino","MANDANTE / VISITANTE (SCCP)":"Não","TIME MANDANTE":"PALMEIRAS","GOLS MANDANTE":2,"TIME VISITANTE":"CORINTHIANS","GOLS VISITANTE":0,"PLACAR":"2x0","RESULTADO":"DERROTA","ADVERSÁRIO":"PALMEIRAS","GOLS SCCP":0,"GOLS ADVERSÁRIO":2,"SALDO DE GOLS":-2,"COMPETIÇÃO":"Brasileiro Feminino 2022","ESTÁDIO":"NUBANK PARQUE (ARENA PALMEIRAS)","ESTÁDIO_ORIGINAL":"Nubank Parque","FONTE":"Meu Timão","URL_FONTE":"https://www.meutimao.com.br/jogo/7312/brasileiro-feminino-2022/palmeiras-2-x-0-corinthians","LATITUDE":-23.527428879851925,"LONGITUDE":-46.67811214843781,"ERA":"2016-Presente","PAIS_ISO3":"BRA","PAIS_FONTE":"Brazil","FONTE_CORRECAO_PAIS":"https://data.geocode.earth/wof/dist/legacy/whosonfirst-data-country-latest.tar.bz2"},"geometry":{"type":"Point","coordinates":[-46.67811214843781,-23.527428879851925]}},{"type":"Feature","properties":{"MEUTIMAO_ID":"7311","DATA":"2022-05-28","ANO JOGO":2022,"MODALIDADE":"Feminino","MANDANTE / VISITANTE (SCCP)":"Sim","TIME MANDANTE":"CORINTHIANS","GOLS MANDANTE":4,"TIME VISITANTE":"KINDERMANN","GOLS VISITANTE":0,"PLACAR":"4x0","RESULTADO":"VITÓRIA","ADVERSÁRIO":"KINDERMANN","GOLS SCCP":4,"GOLS ADVERSÁRIO":0,"SALDO DE GOLS":4,"COMPETIÇÃO":"Brasileiro Feminino 2022","ESTÁDIO":"Estádio Alfredo Schürig (Fazendinha)","ESTÁDIO_ORIGINAL":"Fazendinha","FONTE":"Meu Timão","URL_FONTE":"https://www.meutimao.com.br/jogo/7311/brasileiro-feminino-2022/corinthians-4-x-0-kindermann","LATITUDE":-23.526659630812546,"LONGITUDE":-46.5694808951696,"ERA":"2016-Presente","PAIS_ISO3":"BRA","PAIS_FONTE":"Brazil","FONTE_CORRECAO_PAIS":"https://data.geocode.earth/wof/dist/legacy/whosonfirst-data-country-latest.tar.bz2"},"geometry":{"type":"Point","coordinates":[-46.5694808951696,-23.526659630812546]}},{"type":"Feature","properties":{"MEUTIMAO_ID":"7310","DATA":"2022-05-15","ANO JOGO":2022,"MODALIDADE":"Feminino","MANDANTE / VISITANTE (SCCP)":"Não","TIME MANDANTE":"CRESSPOM","GOLS MANDANTE":0,"TIME VISITANTE":"CORINTHIANS","GOLS VISITANTE":3,"PLACAR":"0x3","RESULTADO":"VITÓRIA","ADVERSÁRIO":"CRESSPOM","GOLS SCCP":3,"GOLS ADVERSÁRIO":0,"SALDO DE GOLS":3,"COMPETIÇÃO":"Brasileiro Feminino 2022","ESTÁDIO":"MARIA DE LOURDES ABADIA (ABADIÃO)","ESTÁDIO_ORIGINAL":"Abadião","FONTE":"Meu Timão","URL_FONTE":"https://www.meutimao.com.br/jogo/7310/brasileiro-feminino-2022/cresspom-0-x-3-corinthians","LATITUDE":-15.827361329856274,"LONGITUDE":-48.109266271733446,"ERA":"2016-Presente","PAIS_ISO3":"BRA","PAIS_FONTE":"Brazil","FONTE_CORRECAO_PAIS":"https://data.geocode.earth/wof/dist/legacy/whosonfirst-data-country-latest.tar.bz2"},"geometry":{"type":"Point","coordinates":[-48.109266271733446,-15.827361329856274]}},{"type":"Feature","properties":{"MEUTIMAO_ID":"7309","DATA":"2022-05-01","ANO JOGO":2022,"MODALIDADE":"Feminino","MANDANTE / VISITANTE (SCCP)":"Sim","TIME MANDANTE":"CORINTHIANS","GOLS MANDANTE":2,"TIME VISITANTE":"FERROVIÁRIA","GOLS VISITANTE":2,"PLACAR":"2x2","RESULTADO":"EMPATE","ADVERSÁRIO":"FERROVIÁRIA","GOLS SCCP":2,"GOLS ADVERSÁRIO":2,"SALDO DE GOLS":0,"COMPETIÇÃO":"Brasileiro Feminino 2022","ESTÁDIO":"Estádio Alfredo Schürig (Fazendinha)","ESTÁDIO_ORIGINAL":"Fazendinha","FONTE":"Meu Timão","URL_FONTE":"https://www.meutimao.com.br/jogo/7309/brasileiro-feminino-2022/corinthians-2-x-2-ferroviaria","LATITUDE":-23.526659630812546,"LONGITUDE":-46.5694808951696,"ERA":"2016-Presente","PAIS_ISO3":"BRA","PAIS_FONTE":"Brazil","FONTE_CORRECAO_PAIS":"https://data.geocode.earth/wof/dist/legacy/whosonfirst-data-country-latest.tar.bz2"},"geometry":{"type":"Point","coordinates":[-46.5694808951696,-23.526659630812546]}},{"type":"Feature","properties":{"MEUTIMAO_ID":"7308","DATA":"2022-04-25","ANO JOGO":2022,"MODALIDADE":"Feminino","MANDANTE / VISITANTE (SCCP)":"Não","TIME MANDANTE":"SÃO JOSÉ","GOLS MANDANTE":0,"TIME VISITANTE":"CORINTHIANS","GOLS VISITANTE":5,"PLACAR":"0x5","RESULTADO":"VITÓRIA","ADVERSÁRIO":"SÃO JOSÉ","GOLS SCCP":5,"GOLS ADVERSÁRIO":0,"SALDO DE GOLS":5,"COMPETIÇÃO":"Brasileiro Feminino 2022","ESTÁDIO":"MARTINS PEREIRA","ESTÁDIO_ORIGINAL":"Estádio Martins Pereira","FONTE":"Meu Timão","URL_FONTE":"https://www.meutimao.com.br/jogo/7308/brasileiro-feminino-2022/sao_jose-0-x-5-corinthians","LATITUDE":-23.1884912615151,"LONGITUDE":-45.869827477202776,"ERA":"2016-Presente","PAIS_ISO3":"BRA","PAIS_FONTE":"Brazil","FONTE_CORRECAO_PAIS":"https://data.geocode.earth/wof/dist/legacy/whosonfirst-data-country-latest.tar.bz2"},"geometry":{"type":"Point","coordinates":[-45.869827477202776,-23.1884912615151]}},{"type":"Feature","properties":{"MEUTIMAO_ID":"7307","DATA":"2022-04-17","ANO JOGO":2022,"MODALIDADE":"Feminino","MANDANTE / VISITANTE (SCCP)":"Sim","TIME MANDANTE":"CORINTHIANS","GOLS MANDANTE":3,"TIME VISITANTE":"REAL BRASÍLIA","GOLS VISITANTE":0,"PLACAR":"3x0","RESULTADO":"VITÓRIA","ADVERSÁRIO":"REAL BRASÍLIA","GOLS SCCP":3,"GOLS ADVERSÁRIO":0,"SALDO DE GOLS":3,"COMPETIÇÃO":"Brasileiro Feminino 2022","ESTÁDIO":"Estádio Alfredo Schürig (Fazendinha)","ESTÁDIO_ORIGINAL":"Fazendinha","FONTE":"Meu Timão","URL_FONTE":"https://www.meutimao.com.br/jogo/7307/brasileiro-feminino-2022/corinthians-3-x-0-real_brasilia","LATITUDE":-23.526659630812546,"LONGITUDE":-46.5694808951696,"ERA":"2016-Presente","PAIS_ISO3":"BRA","PAIS_FONTE":"Brazil","FONTE_CORRECAO_PAIS":"https://data.geocode.earth/wof/dist/legacy/whosonfirst-data-country-latest.tar.bz2"},"geometry":{"type":"Point","coordinates":[-46.5694808951696,-23.526659630812546]}},{"type":"Feature","properties":{"MEUTIMAO_ID":"7306","DATA":"2022-04-03","ANO JOGO":2022,"MODALIDADE":"Feminino","MANDANTE / VISITANTE (SCCP)":"Sim","TIME MANDANTE":"CORINTHIANS","GOLS MANDANTE":1,"TIME VISITANTE":"SÃO PAULO","GOLS VISITANTE":1,"PLACAR":"1x1","RESULTADO":"EMPATE","ADVERSÁRIO":"SÃO PAULO","GOLS SCCP":1,"GOLS ADVERSÁRIO":1,"SALDO DE GOLS":0,"COMPETIÇÃO":"Brasileiro Feminino 2022","ESTÁDIO":"Estádio Alfredo Schürig (Fazendinha)","ESTÁDIO_ORIGINAL":"Fazendinha","FONTE":"Meu Timão","URL_FONTE":"https://www.meutimao.com.br/jogo/7306/brasileiro-feminino-2022/corinthians-1-x-1-sao_paulo","LATITUDE":-23.526659630812546,"LONGITUDE":-46.5694808951696,"ERA":"2016-Presente","PAIS_ISO3":"BRA","PAIS_FONTE":"Brazil","FONTE_CORRECAO_PAIS":"https://data.geocode.earth/wof/dist/legacy/whosonfirst-data-country-latest.tar.bz2"},"geometry":{"type":"Point","coordinates":[-46.5694808951696,-23.526659630812546]}},{"type":"Feature","properties":{"MEUTIMAO_ID":"7305","DATA":"2022-03-27","ANO JOGO":2022,"MODALIDADE":"Feminino","MANDANTE / VISITANTE (SCCP)":"Não","TIME MANDANTE":"SANTOS","GOLS MANDANTE":1,"TIME VISITANTE":"CORINTHIANS","GOLS VISITANTE":2,"PLACAR":"1x2","RESULTADO":"VITÓRIA","ADVERSÁRIO":"SANTOS","GOLS SCCP":2,"GOLS ADVERSÁRIO":1,"SALDO DE GOLS":1,"COMPETIÇÃO":"Brasileiro Feminino 2022","ESTÁDIO":"Vila Belmiro","ESTÁDIO_ORIGINAL":"Vila Belmiro","FONTE":"Meu Timão","URL_FONTE":"https://www.meutimao.com.br/jogo/7305/brasileiro-feminino-2022/santos-1-x-2-corinthians","LATITUDE":-23.95083320224522,"LONGITUDE":-46.33836796008564,"ERA":"2016-Presente","PAIS_ISO3":"BRA","PAIS_FONTE":"Brazil","FONTE_CORRECAO_PAIS":"https://data.geocode.earth/wof/dist/legacy/whosonfirst-data-country-latest.tar.bz2"},"geometry":{"type":"Point","coordinates":[-46.33836796008564,-23.95083320224522]}},{"type":"Feature","properties":{"MEUTIMAO_ID":"7304","DATA":"2022-03-18","ANO JOGO":2022,"MODALIDADE":"Feminino","MANDANTE / VISITANTE (SCCP)":"Sim","TIME MANDANTE":"CORINTHIANS","GOLS MANDANTE":1,"TIME VISITANTE":"CRUZEIRO","GOLS VISITANTE":0,"PLACAR":"1x0","RESULTADO":"VITÓRIA","ADVERSÁRIO":"CRUZEIRO","GOLS SCCP":1,"GOLS ADVERSÁRIO":0,"SALDO DE GOLS":1,"COMPETIÇÃO":"Brasileiro Feminino 2022","ESTÁDIO":"Canindé","ESTÁDIO_ORIGINAL":"Canindé","FONTE":"Meu Timão","URL_FONTE":"https://www.meutimao.com.br/jogo/7304/brasileiro-feminino-2022/corinthians-1-x-0-cruzeiro","LATITUDE":-23.520132719349128,"LONGITUDE":-46.618264502415194,"ERA":"2016-Presente","PAIS_ISO3":"BRA","PAIS_FONTE":"Brazil","FONTE_CORRECAO_PAIS":"https://data.geocode.earth/wof/dist/legacy/whosonfirst-data-country-latest.tar.bz2"},"geometry":{"type":"Point","coordinates":[-46.618264502415194,-23.520132719349128]}},{"type":"Feature","properties":{"MEUTIMAO_ID":"7303","DATA":"2022-03-14","ANO JOGO":2022,"MODALIDADE":"Feminino","MANDANTE / VISITANTE (SCCP)":"Não","TIME MANDANTE":"ATLÉTICO-MG","GOLS MANDANTE":1,"TIME VISITANTE":"CORINTHIANS","GOLS VISITANTE":1,"PLACAR":"1x1","RESULTADO":"EMPATE","ADVERSÁRIO":"ATLÉTICO-MG","GOLS SCCP":1,"GOLS ADVERSÁRIO":1,"SALDO DE GOLS":0,"COMPETIÇÃO":"Brasileiro Feminino 2022","ESTÁDIO":"Arena Independência","ESTÁDIO_ORIGINAL":"Independência","FONTE":"Meu Timão","URL_FONTE":"https://www.meutimao.com.br/jogo/7303/brasileiro-feminino-2022/atletico-mg-1-x-1-corinthians","LATITUDE":-19.9087708,"LONGITUDE":-43.9180009,"ERA":"2016-Presente","CIDADE":"Belo Horizonte","ESTADO":"Minas Gerais","PAIS":"Brasil","CIDADE_FONTE":"Belo Horizonte","ESTADO_FONTE":"Minas Gerais","PAIS_FONTE":"Brasil","FONTE_CORRECAO_LOCALIDADE":"https://www.meutimao.com.br/estadio/independencia/","ESTÁDIO_DETALHE":"Arena Independência","PAIS_ISO3":"BRA"},"geometry":{"type":"Point","coordinates":[-43.9180009,-19.9087708]}},{"type":"Feature","properties":{"MEUTIMAO_ID":"7302","DATA":"2022-03-05","ANO JOGO":2022,"MODALIDADE":"Feminino","MANDANTE / VISITANTE (SCCP)":"Sim","TIME MANDANTE":"CORINTHIANS","GOLS MANDANTE":2,"TIME VISITANTE":"RED BULL BRAGANTINO","GOLS VISITANTE":1,"PLACAR":"2x1","RESULTADO":"VITÓRIA","ADVERSÁRIO":"RED BULL BRAGANTINO","GOLS SCCP":2,"GOLS ADVERSÁRIO":1,"SALDO DE GOLS":1,"COMPETIÇÃO":"Brasileiro Feminino 2022","ESTÁDIO":"Estádio Alfredo Schürig (Fazendinha)","ESTÁDIO_ORIGINAL":"Fazendinha","FONTE":"Meu Timão","URL_FONTE":"https://www.meutimao.com.br/jogo/7302/brasileiro-feminino-2022/corinthians-2-x-1-red_bull_bragantino","LATITUDE":-23.526659630812546,"LONGITUDE":-46.5694808951696,"ERA":"2016-Presente","PAIS_ISO3":"BRA","PAIS_FONTE":"Brazil","FONTE_CORRECAO_PAIS":"https://data.geocode.earth/wof/dist/legacy/whosonfirst-data-country-latest.tar.bz2"},"geometry":{"type":"Point","coordinates":[-46.5694808951696,-23.526659630812546]}},{"type":"Feature","properties":{"MEUTIMAO_ID":"7301","DATA":"2022-02-13","ANO JOGO":2022,"MODALIDADE":"Feminino","MANDANTE / VISITANTE (SCCP)":"Sim","TIME MANDANTE":"CORINTHIANS","GOLS MANDANTE":1,"TIME VISITANTE":"GRÊMIO","GOLS VISITANTE":0,"PLACAR":"1x0","RESULTADO":"VITÓRIA","ADVERSÁRIO":"GRÊMIO","GOLS SCCP":1,"GOLS ADVERSÁRIO":0,"SALDO DE GOLS":1,"COMPETIÇÃO":"Supercopa Feminina 2022","ESTÁDIO":"Neo Química Arena","ESTÁDIO_ORIGINAL":"Neo Química Arena","FONTE":"Meu Timão","URL_FONTE":"https://www.meutimao.com.br/jogo/7301/supercopa-feminina-2022/final/corinthians-1-x-0-gremio","LATITUDE":-23.5453221,"LONGITUDE":-46.4742676,"ERA":"2016-Presente","PAIS_ISO3":"BRA","PAIS_FONTE":"Brazil","FONTE_CORRECAO_PAIS":"https://data.geocode.earth/wof/dist/legacy/whosonfirst-data-country-latest.tar.bz2"},"geometry":{"type":"Point","coordinates":[-46.4742676,-23.5453221]}},{"type":"Feature","properties":{"MEUTIMAO_ID":"7300","DATA":"2022-02-09","ANO JOGO":2022,"MODALIDADE":"Feminino","MANDANTE / VISITANTE (SCCP)":"Sim","TIME MANDANTE":"CORINTHIANS","GOLS MANDANTE":2,"TIME VISITANTE":"REAL BRASÍLIA","GOLS VISITANTE":0,"PLACAR":"2x0","RESULTADO":"VITÓRIA","ADVERSÁRIO":"REAL BRASÍLIA","GOLS SCCP":2,"GOLS ADVERSÁRIO":0,"SALDO DE GOLS":2,"COMPETIÇÃO":"Supercopa Feminina 2022","ESTÁDIO":"Arena Barueri","ESTÁDIO_ORIGINAL":"Arena Barueri","FONTE":"Meu Timão","URL_FONTE":"https://www.meutimao.com.br/jogo/7300/supercopa-feminina-2022/corinthians-2-x-0-real_brasilia","LATITUDE":-23.5124719,"LONGITUDE":-46.8995624,"ERA":"2016-Presente","PAIS_ISO3":"BRA","PAIS_FONTE":"Brazil","FONTE_CORRECAO_PAIS":"https://data.geocode.earth/wof/dist/legacy/whosonfirst-data-country-latest.tar.bz2"},"geometry":{"type":"Point","coordinates":[-46.8995624,-23.5124719]}},{"type":"Feature","properties":{"MEUTIMAO_ID":"7259","DATA":"2022-02-06","ANO JOGO":2022,"MODALIDADE":"Feminino","MANDANTE / VISITANTE (SCCP)":"Sim","TIME MANDANTE":"CORINTHIANS","GOLS MANDANTE":3,"TIME VISITANTE":"PALMEIRAS","GOLS VISITANTE":0,"PLACAR":"3x0","RESULTADO":"VITÓRIA","ADVERSÁRIO":"PALMEIRAS","GOLS SCCP":3,"GOLS ADVERSÁRIO":0,"SALDO DE GOLS":3,"COMPETIÇÃO":"Supercopa Feminina 2022","ESTÁDIO":"Neo Química Arena","ESTÁDIO_ORIGINAL":"Neo Química Arena","FONTE":"Meu Timão","URL_FONTE":"https://www.meutimao.com.br/jogo/7259/supercopa-feminina-2022/corinthians-3-x-0-palmeiras","LATITUDE":-23.5453221,"LONGITUDE":-46.4742676,"ERA":"2016-Presente","PAIS_ISO3":"BRA","PAIS_FONTE":"Brazil","FONTE_CORRECAO_PAIS":"https://data.geocode.earth/wof/dist/legacy/whosonfirst-data-country-latest.tar.bz2"},"geometry":{"type":"Point","coordinates":[-46.4742676,-23.5453221]}},{"type":"Feature","properties":{"MEUTIMAO_ID":"7947","DATA":"2023-11-26","ANO JOGO":2023,"MODALIDADE":"Feminino","MANDANTE / VISITANTE (SCCP)":"Sim","TIME MANDANTE":"CORINTHIANS","GOLS MANDANTE":4,"TIME VISITANTE":"SÃO PAULO","GOLS VISITANTE":1,"PLACAR":"4x1","RESULTADO":"VITÓRIA","ADVERSÁRIO":"SÃO PAULO","GOLS SCCP":4,"GOLS ADVERSÁRIO":1,"SALDO DE GOLS":3,"COMPETIÇÃO":"Paulista Feminino 2023","ESTÁDIO":"Neo Química Arena","ESTÁDIO_ORIGINAL":"Neo Química Arena","FONTE":"Meu Timão","URL_FONTE":"https://www.meutimao.com.br/jogo/7947/paulista-feminino-2023/final/corinthians-4-x-1-sao_paulo","LATITUDE":-23.5453221,"LONGITUDE":-46.4742676,"ERA":"2016-Presente","PAIS_ISO3":"BRA","PAIS_FONTE":"Brazil","FONTE_CORRECAO_PAIS":"https://data.geocode.earth/wof/dist/legacy/whosonfirst-data-country-latest.tar.bz2"},"geometry":{"type":"Point","coordinates":[-46.4742676,-23.5453221]}},{"type":"Feature","properties":{"MEUTIMAO_ID":"7946","DATA":"2023-11-19","ANO JOGO":2023,"MODALIDADE":"Feminino","MANDANTE / VISITANTE (SCCP)":"Não","TIME MANDANTE":"SÃO PAULO","GOLS MANDANTE":2,"TIME VISITANTE":"CORINTHIANS","GOLS VISITANTE":1,"PLACAR":"2x1","RESULTADO":"DERROTA","ADVERSÁRIO":"SÃO PAULO","GOLS SCCP":1,"GOLS ADVERSÁRIO":2,"SALDO DE GOLS":-1,"COMPETIÇÃO":"Paulista Feminino 2023","ESTÁDIO":"Vila Belmiro","ESTÁDIO_ORIGINAL":"Vila Belmiro","FONTE":"Meu Timão","URL_FONTE":"https://www.meutimao.com.br/jogo/7946/paulista-feminino-2023/final/sao_paulo-2-x-1-corinthians","LATITUDE":-23.95083320224522,"LONGITUDE":-46.33836796008564,"ERA":"2016-Presente","PAIS_ISO3":"BRA","PAIS_FONTE":"Brazil","FONTE_CORRECAO_PAIS":"https://data.geocode.earth/wof/dist/legacy/whosonfirst-data-country-latest.tar.bz2"},"geometry":{"type":"Point","coordinates":[-46.33836796008564,-23.95083320224522]}},{"type":"Feature","properties":{"MEUTIMAO_ID":"7898","DATA":"2023-11-12","ANO JOGO":2023,"MODALIDADE":"Feminino","MANDANTE / VISITANTE (SCCP)":"Sim","TIME MANDANTE":"CORINTHIANS","GOLS MANDANTE":8,"TIME VISITANTE":"PALMEIRAS","GOLS VISITANTE":0,"PLACAR":"8x0","RESULTADO":"VITÓRIA","ADVERSÁRIO":"PALMEIRAS","GOLS SCCP":8,"GOLS ADVERSÁRIO":0,"SALDO DE GOLS":8,"COMPETIÇÃO":"Paulista Feminino 2023","ESTÁDIO":"Neo Química Arena","ESTÁDIO_ORIGINAL":"Neo Química Arena","FONTE":"Meu Timão","URL_FONTE":"https://www.meutimao.com.br/jogo/7898/paulista-feminino-2023/corinthians-8-x-0-palmeiras","LATITUDE":-23.5453221,"LONGITUDE":-46.4742676,"ERA":"2016-Presente","PAIS_ISO3":"BRA","PAIS_FONTE":"Brazil","FONTE_CORRECAO_PAIS":"https://data.geocode.earth/wof/dist/legacy/whosonfirst-data-country-latest.tar.bz2"},"geometry":{"type":"Point","coordinates":[-46.4742676,-23.5453221]}},{"type":"Feature","properties":{"MEUTIMAO_ID":"7897","DATA":"2023-11-04","ANO JOGO":2023,"MODALIDADE":"Feminino","MANDANTE / VISITANTE (SCCP)":"Não","TIME MANDANTE":"PALMEIRAS","GOLS MANDANTE":0,"TIME VISITANTE":"CORINTHIANS","GOLS VISITANTE":1,"PLACAR":"0x1","RESULTADO":"VITÓRIA","ADVERSÁRIO":"PALMEIRAS","GOLS SCCP":1,"GOLS ADVERSÁRIO":0,"SALDO DE GOLS":1,"COMPETIÇÃO":"Paulista Feminino 2023","ESTÁDIO":"Jaime Cintra","ESTÁDIO_ORIGINAL":"Jaime Cintra","FONTE":"Meu Timão","URL_FONTE":"https://www.meutimao.com.br/jogo/7897/paulista-feminino-2023/palmeiras-0-x-1-corinthians","LATITUDE":-23.1882884,"LONGITUDE":-46.8599183,"ERA":"2016-Presente","PAIS_ISO3":"BRA","PAIS_FONTE":"Brazil","FONTE_CORRECAO_PAIS":"https://data.geocode.earth/wof/dist/legacy/whosonfirst-data-country-latest.tar.bz2"},"geometry":{"type":"Point","coordinates":[-46.8599183,-23.1882884]}},{"type":"Feature","properties":{"MEUTIMAO_ID":"7928","DATA":"2023-10-21","ANO JOGO":2023,"MODALIDADE":"Feminino","MANDANTE / VISITANTE (SCCP)":"Sim","TIME MANDANTE":"CORINTHIANS","GOLS MANDANTE":1,"TIME VISITANTE":"PALMEIRAS","GOLS VISITANTE":0,"PLACAR":"1x0","RESULTADO":"VITÓRIA","ADVERSÁRIO":"PALMEIRAS","GOLS SCCP":1,"GOLS ADVERSÁRIO":0,"SALDO DE GOLS":1,"COMPETIÇÃO":"Libertadores Feminina 2023","ESTÁDIO":"Pascual Guerrero","ESTÁDIO_ORIGINAL":"Estádio Pascual Guerrero","FONTE":"Meu Timão","URL_FONTE":"https://www.meutimao.com.br/jogo/7928/libertadores-feminina-2023/final/corinthians-1-x-0-palmeiras","LATITUDE":3.4299548,"LONGITUDE":-76.5412366,"ERA":"2016-Presente","PAIS_ISO3":"COL","PAIS_FONTE":"Colombia","FONTE_CORRECAO_PAIS":"https://data.geocode.earth/wof/dist/legacy/whosonfirst-data-country-latest.tar.bz2"},"geometry":{"type":"Point","coordinates":[-76.5412366,3.4299548]}},{"type":"Feature","properties":{"MEUTIMAO_ID":"7926","DATA":"2023-10-18","ANO JOGO":2023,"MODALIDADE":"Feminino","MANDANTE / VISITANTE (SCCP)":"Sim","TIME MANDANTE":"CORINTHIANS","GOLS MANDANTE":1,"TIME VISITANTE":"INTERNACIONAL","GOLS VISITANTE":1,"PLACAR":"1x1","RESULTADO":"EMPATE","ADVERSÁRIO":"INTERNACIONAL","GOLS SCCP":1,"GOLS ADVERSÁRIO":1,"SALDO DE GOLS":0,"COMPETIÇÃO":"Libertadores Feminina 2023","ESTÁDIO":"Pascual Guerrero","ESTÁDIO_ORIGINAL":"Estádio Pascual Guerrero","FONTE":"Meu Timão","URL_FONTE":"https://www.meutimao.com.br/jogo/7926/libertadores-feminina-2023/corinthians-1-x-1-internacional","LATITUDE":3.4299548,"LONGITUDE":-76.5412366,"ERA":"2016-Presente","PAIS_ISO3":"COL","PAIS_FONTE":"Colombia","FONTE_CORRECAO_PAIS":"https://data.geocode.earth/wof/dist/legacy/whosonfirst-data-country-latest.tar.bz2"},"geometry":{"type":"Point","coordinates":[-76.5412366,3.4299548]}},{"type":"Feature","properties":{"MEUTIMAO_ID":"7924","DATA":"2023-10-15","ANO JOGO":2023,"MODALIDADE":"Feminino","MANDANTE / VISITANTE (SCCP)":"Sim","TIME MANDANTE":"CORINTHIANS","GOLS MANDANTE":4,"TIME VISITANTE":"AMÉRICA DE CALI","GOLS VISITANTE":0,"PLACAR":"4x0","RESULTADO":"VITÓRIA","ADVERSÁRIO":"AMÉRICA DE CALI","GOLS SCCP":4,"GOLS ADVERSÁRIO":0,"SALDO DE GOLS":4,"COMPETIÇÃO":"Libertadores Feminina 2023","ESTÁDIO":"Pascual Guerrero","ESTÁDIO_ORIGINAL":"Estádio Pascual Guerrero","FONTE":"Meu Timão","URL_FONTE":"https://www.meutimao.com.br/jogo/7924/libertadores-feminina-2023/quartas_de_final/corinthians-4-x-0-america_de_cali","LATITUDE":3.4299548,"LONGITUDE":-76.5412366,"ERA":"2016-Presente","PAIS_ISO3":"COL","PAIS_FONTE":"Colombia","FONTE_CORRECAO_PAIS":"https://data.geocode.earth/wof/dist/legacy/whosonfirst-data-country-latest.tar.bz2"},"geometry":{"type":"Point","coordinates":[-76.5412366,3.4299548]}},{"type":"Feature","properties":{"MEUTIMAO_ID":"7909","DATA":"2023-10-12","ANO JOGO":2023,"MODALIDADE":"Feminino","MANDANTE / VISITANTE (SCCP)":"Sim","TIME MANDANTE":"CORINTHIANS","GOLS MANDANTE":5,"TIME VISITANTE":"LIBERTAD LIMPEÑO","GOLS VISITANTE":0,"PLACAR":"5x0","RESULTADO":"VITÓRIA","ADVERSÁRIO":"LIBERTAD LIMPEÑO","GOLS SCCP":5,"GOLS ADVERSÁRIO":0,"SALDO DE GOLS":5,"COMPETIÇÃO":"Libertadores Feminina 2023","ESTÁDIO":"Pascual Guerrero","ESTÁDIO_ORIGINAL":"Estádio Pascual Guerrero","FONTE":"Meu Timão","URL_FONTE":"https://www.meutimao.com.br/jogo/7909/libertadores-feminina-2023/corinthians-5-x-0-libertad_limpeno","LATITUDE":3.4299548,"LONGITUDE":-76.5412366,"ERA":"2016-Presente","PAIS_ISO3":"COL","PAIS_FONTE":"Colombia","FONTE_CORRECAO_PAIS":"https://data.geocode.earth/wof/dist/legacy/whosonfirst-data-country-latest.tar.bz2"},"geometry":{"type":"Point","coordinates":[-76.5412366,3.4299548]}},{"type":"Feature","properties":{"MEUTIMAO_ID":"7908","DATA":"2023-10-09","ANO JOGO":2023,"MODALIDADE":"Feminino","MANDANTE / VISITANTE (SCCP)":"Sim","TIME MANDANTE":"CORINTHIANS","GOLS MANDANTE":6,"TIME VISITANTE":"ALWAYS READY","GOLS VISITANTE":0,"PLACAR":"6x0","RESULTADO":"VITÓRIA","ADVERSÁRIO":"ALWAYS READY","GOLS SCCP":6,"GOLS ADVERSÁRIO":0,"SALDO DE GOLS":6,"COMPETIÇÃO":"Libertadores Feminina 2023","ESTÁDIO":"Estádio de Techo","ESTÁDIO_ORIGINAL":"Estádio de Techo","FONTE":"Meu Timão","URL_FONTE":"https://www.meutimao.com.br/jogo/7908/libertadores-feminina-2023/corinthians-6-x-0-always_ready","LATITUDE":4.6533817,"LONGITUDE":-74.0836331,"ERA":"2016-Presente","PAIS_ISO3":"COL","PAIS_FONTE":"Colombia","FONTE_CORRECAO_PAIS":"https://data.geocode.earth/wof/dist/legacy/whosonfirst-data-country-latest.tar.bz2"},"geometry":{"type":"Point","coordinates":[-74.0836331,4.6533817]}},{"type":"Feature","properties":{"MEUTIMAO_ID":"7907","DATA":"2023-10-06","ANO JOGO":2023,"MODALIDADE":"Feminino","MANDANTE / VISITANTE (SCCP)":"Sim","TIME MANDANTE":"CORINTHIANS","GOLS MANDANTE":1,"TIME VISITANTE":"COLO-COLO","GOLS VISITANTE":0,"PLACAR":"1x0","RESULTADO":"VITÓRIA","ADVERSÁRIO":"COLO-COLO","GOLS SCCP":1,"GOLS ADVERSÁRIO":0,"SALDO DE GOLS":1,"COMPETIÇÃO":"Libertadores Feminina 2023","ESTÁDIO":"Estádio de Techo","ESTÁDIO_ORIGINAL":"Estádio de Techo","FONTE":"Meu Timão","URL_FONTE":"https://www.meutimao.com.br/jogo/7907/libertadores-feminina-2023/corinthians-1-x-0-colo-colo","LATITUDE":4.6533817,"LONGITUDE":-74.0836331,"ERA":"2016-Presente","PAIS_ISO3":"COL","PAIS_FONTE":"Colombia","FONTE_CORRECAO_PAIS":"https://data.geocode.earth/wof/dist/legacy/whosonfirst-data-country-latest.tar.bz2"},"geometry":{"type":"Point","coordinates":[-74.0836331,4.6533817]}},{"type":"Feature","properties":{"MEUTIMAO_ID":"7743","DATA":"2023-09-14","ANO JOGO":2023,"MODALIDADE":"Feminino","MANDANTE / VISITANTE (SCCP)":"Sim","TIME MANDANTE":"CORINTHIANS","GOLS MANDANTE":6,"TIME VISITANTE":"EC SÃO BERNARDO","GOLS VISITANTE":0,"PLACAR":"6x0","RESULTADO":"VITÓRIA","ADVERSÁRIO":"EC SÃO BERNARDO","GOLS SCCP":6,"GOLS ADVERSÁRIO":0,"SALDO DE GOLS":6,"COMPETIÇÃO":"Paulista Feminino 2023","ESTÁDIO":"Estádio Alfredo Schürig (Fazendinha)","ESTÁDIO_ORIGINAL":"Fazendinha","FONTE":"Meu Timão","URL_FONTE":"https://www.meutimao.com.br/jogo/7743/paulista-feminino-2023/corinthians-6-x-0-ec_sao_bernardo","LATITUDE":-23.526659630812546,"LONGITUDE":-46.5694808951696,"ERA":"2016-Presente","PAIS_ISO3":"BRA","PAIS_FONTE":"Brazil","FONTE_CORRECAO_PAIS":"https://data.geocode.earth/wof/dist/legacy/whosonfirst-data-country-latest.tar.bz2"},"geometry":{"type":"Point","coordinates":[-46.5694808951696,-23.526659630812546]}},{"type":"Feature","properties":{"MEUTIMAO_ID":"7874","DATA":"2023-09-10","ANO JOGO":2023,"MODALIDADE":"Feminino","MANDANTE / VISITANTE (SCCP)":"Sim","TIME MANDANTE":"CORINTHIANS","GOLS MANDANTE":2,"TIME VISITANTE":"FERROVIÁRIA","GOLS VISITANTE":1,"PLACAR":"2x1","RESULTADO":"VITÓRIA","ADVERSÁRIO":"FERROVIÁRIA","GOLS SCCP":2,"GOLS ADVERSÁRIO":1,"SALDO DE GOLS":1,"COMPETIÇÃO":"Brasileiro Feminino 2023","ESTÁDIO":"Neo Química Arena","ESTÁDIO_ORIGINAL":"Neo Química Arena","FONTE":"Meu Timão","URL_FONTE":"https://www.meutimao.com.br/jogo/7874/brasileiro-feminino-2023/final/corinthians-2-x-1-ferroviaria","LATITUDE":-23.5453221,"LONGITUDE":-46.4742676,"ERA":"2016-Presente","PAIS_ISO3":"BRA","PAIS_FONTE":"Brazil","FONTE_CORRECAO_PAIS":"https://data.geocode.earth/wof/dist/legacy/whosonfirst-data-country-latest.tar.bz2"},"geometry":{"type":"Point","coordinates":[-46.4742676,-23.5453221]}},{"type":"Feature","properties":{"MEUTIMAO_ID":"7873","DATA":"2023-09-07","ANO JOGO":2023,"MODALIDADE":"Feminino","MANDANTE / VISITANTE (SCCP)":"Não","TIME MANDANTE":"FERROVIÁRIA","GOLS MANDANTE":0,"TIME VISITANTE":"CORINTHIANS","GOLS VISITANTE":0,"PLACAR":"0x0","RESULTADO":"EMPATE","ADVERSÁRIO":"FERROVIÁRIA","GOLS SCCP":0,"GOLS ADVERSÁRIO":0,"SALDO DE GOLS":0,"COMPETIÇÃO":"Brasileiro Feminino 2023","ESTÁDIO":"Fonte Luminosa","ESTÁDIO_ORIGINAL":"Fonte Luminosa","FONTE":"Meu Timão","URL_FONTE":"https://www.meutimao.com.br/jogo/7873/brasileiro-feminino-2023/final/ferroviaria-0-x-0-corinthians","LATITUDE":-21.7886713,"LONGITUDE":-48.1773096,"ERA":"2016-Presente","PAIS_ISO3":"BRA","PAIS_FONTE":"Brazil","FONTE_CORRECAO_PAIS":"https://data.geocode.earth/wof/dist/legacy/whosonfirst-data-country-latest.tar.bz2"},"geometry":{"type":"Point","coordinates":[-48.1773096,-21.7886713]}},{"type":"Feature","properties":{"MEUTIMAO_ID":"7813","DATA":"2023-09-02","ANO JOGO":2023,"MODALIDADE":"Feminino","MANDANTE / VISITANTE (SCCP)":"Sim","TIME MANDANTE":"CORINTHIANS","GOLS MANDANTE":2,"TIME VISITANTE":"SANTOS","GOLS VISITANTE":0,"PLACAR":"2x0","RESULTADO":"VITÓRIA","ADVERSÁRIO":"SANTOS","GOLS SCCP":2,"GOLS ADVERSÁRIO":0,"SALDO DE GOLS":2,"COMPETIÇÃO":"Brasileiro Feminino 2023","ESTÁDIO":"Estádio Alfredo Schürig (Fazendinha)","ESTÁDIO_ORIGINAL":"Fazendinha","FONTE":"Meu Timão","URL_FONTE":"https://www.meutimao.com.br/jogo/7813/brasileiro-feminino-2023/corinthians-2-x-0-santos","LATITUDE":-23.526659630812546,"LONGITUDE":-46.5694808951696,"ERA":"2016-Presente","PAIS_ISO3":"BRA","PAIS_FONTE":"Brazil","FONTE_CORRECAO_PAIS":"https://data.geocode.earth/wof/dist/legacy/whosonfirst-data-country-latest.tar.bz2"},"geometry":{"type":"Point","coordinates":[-46.5694808951696,-23.526659630812546]}},{"type":"Feature","properties":{"MEUTIMAO_ID":"7742","DATA":"2023-08-30","ANO JOGO":2023,"MODALIDADE":"Feminino","MANDANTE / VISITANTE (SCCP)":"Não","TIME MANDANTE":"TAUBATÉ","GOLS MANDANTE":0,"TIME VISITANTE":"CORINTHIANS","GOLS VISITANTE":3,"PLACAR":"0x3","RESULTADO":"VITÓRIA","ADVERSÁRIO":"TAUBATÉ","GOLS SCCP":3,"GOLS ADVERSÁRIO":0,"SALDO DE GOLS":3,"COMPETIÇÃO":"Paulista Feminino 2023","ESTÁDIO":"Joaquinzão","ESTÁDIO_ORIGINAL":"Joaquinzão","FONTE":"Meu Timão","URL_FONTE":"https://www.meutimao.com.br/jogo/7742/paulista-feminino-2023/taubate-0-x-3-corinthians","LATITUDE":-23.028033,"LONGITUDE":-45.5703466,"ERA":"2016-Presente","PAIS_ISO3":"BRA","PAIS_FONTE":"Brazil","FONTE_CORRECAO_PAIS":"https://data.geocode.earth/wof/dist/legacy/whosonfirst-data-country-latest.tar.bz2"},"geometry":{"type":"Point","coordinates":[-45.5703466,-23.028033]}},{"type":"Feature","properties":{"MEUTIMAO_ID":"7812","DATA":"2023-08-27","ANO JOGO":2023,"MODALIDADE":"Feminino","MANDANTE / VISITANTE (SCCP)":"Não","TIME MANDANTE":"SANTOS","GOLS MANDANTE":0,"TIME VISITANTE":"CORINTHIANS","GOLS VISITANTE":3,"PLACAR":"0x3","RESULTADO":"VITÓRIA","ADVERSÁRIO":"SANTOS","GOLS SCCP":3,"GOLS ADVERSÁRIO":0,"SALDO DE GOLS":3,"COMPETIÇÃO":"Brasileiro Feminino 2023","ESTÁDIO":"Vila Belmiro","ESTÁDIO_ORIGINAL":"Vila Belmiro","FONTE":"Meu Timão","URL_FONTE":"https://www.meutimao.com.br/jogo/7812/brasileiro-feminino-2023/santos-0-x-3-corinthians","LATITUDE":-23.95083320224522,"LONGITUDE":-46.33836796008564,"ERA":"2016-Presente","PAIS_ISO3":"BRA","PAIS_FONTE":"Brazil","FONTE_CORRECAO_PAIS":"https://data.geocode.earth/wof/dist/legacy/whosonfirst-data-country-latest.tar.bz2"},"geometry":{"type":"Point","coordinates":[-46.33836796008564,-23.95083320224522]}},{"type":"Feature","properties":{"MEUTIMAO_ID":"7741","DATA":"2023-08-21","ANO JOGO":2023,"MODALIDADE":"Feminino","MANDANTE / VISITANTE (SCCP)":"Sim","TIME MANDANTE":"CORINTHIANS","GOLS MANDANTE":5,"TIME VISITANTE":"PINDA","GOLS VISITANTE":0,"PLACAR":"5x0","RESULTADO":"VITÓRIA","ADVERSÁRIO":"PINDA","GOLS SCCP":5,"GOLS ADVERSÁRIO":0,"SALDO DE GOLS":5,"COMPETIÇÃO":"Paulista Feminino 2023","ESTÁDIO":"Estádio Alfredo Schürig (Fazendinha)","ESTÁDIO_ORIGINAL":"Fazendinha","FONTE":"Meu Timão","URL_FONTE":"https://www.meutimao.com.br/jogo/7741/paulista-feminino-2023/corinthians-5-x-0-pinda","LATITUDE":-23.526659630812546,"LONGITUDE":-46.5694808951696,"ERA":"2016-Presente","PAIS_ISO3":"BRA","PAIS_FONTE":"Brazil","FONTE_CORRECAO_PAIS":"https://data.geocode.earth/wof/dist/legacy/whosonfirst-data-country-latest.tar.bz2"},"geometry":{"type":"Point","coordinates":[-46.5694808951696,-23.526659630812546]}},{"type":"Feature","properties":{"MEUTIMAO_ID":"7740","DATA":"2023-06-29","ANO JOGO":2023,"MODALIDADE":"Feminino","MANDANTE / VISITANTE (SCCP)":"Não","TIME MANDANTE":"SÃO JOSÉ","GOLS MANDANTE":1,"TIME VISITANTE":"CORINTHIANS","GOLS VISITANTE":5,"PLACAR":"1x5","RESULTADO":"VITÓRIA","ADVERSÁRIO":"SÃO JOSÉ","GOLS SCCP":5,"GOLS ADVERSÁRIO":1,"SALDO DE GOLS":4,"COMPETIÇÃO":"Paulista Feminino 2023","ESTÁDIO":"José Liberatti","ESTÁDIO_ORIGINAL":"José Liberatti","FONTE":"Meu Timão","URL_FONTE":"https://www.meutimao.com.br/jogo/7740/paulista-feminino-2023/sao_jose-1-x-5-corinthians","LATITUDE":-23.5112728,"LONGITUDE":-46.7763584,"ERA":"2016-Presente","PAIS_ISO3":"BRA","PAIS_FONTE":"Brazil","FONTE_CORRECAO_PAIS":"https://data.geocode.earth/wof/dist/legacy/whosonfirst-data-country-latest.tar.bz2"},"geometry":{"type":"Point","coordinates":[-46.7763584,-23.5112728]}},{"type":"Feature","properties":{"MEUTIMAO_ID":"7786","DATA":"2023-06-26","ANO JOGO":2023,"MODALIDADE":"Feminino","MANDANTE / VISITANTE (SCCP)":"Sim","TIME MANDANTE":"CORINTHIANS","GOLS MANDANTE":4,"TIME VISITANTE":"CRUZEIRO","GOLS VISITANTE":2,"PLACAR":"4x2","RESULTADO":"VITÓRIA","ADVERSÁRIO":"CRUZEIRO","GOLS SCCP":4,"GOLS ADVERSÁRIO":2,"SALDO DE GOLS":2,"COMPETIÇÃO":"Brasileiro Feminino 2023","ESTÁDIO":"Estádio Alfredo Schürig (Fazendinha)","ESTÁDIO_ORIGINAL":"Fazendinha","FONTE":"Meu Timão","URL_FONTE":"https://www.meutimao.com.br/jogo/7786/brasileiro-feminino-2023/quartas_de_final/corinthians-4-x-2-cruzeiro","LATITUDE":-23.526659630812546,"LONGITUDE":-46.5694808951696,"ERA":"2016-Presente","PAIS_ISO3":"BRA","PAIS_FONTE":"Brazil","FONTE_CORRECAO_PAIS":"https://data.geocode.earth/wof/dist/legacy/whosonfirst-data-country-latest.tar.bz2"},"geometry":{"type":"Point","coordinates":[-46.5694808951696,-23.526659630812546]}},{"type":"Feature","properties":{"MEUTIMAO_ID":"7739","DATA":"2023-06-22","ANO JOGO":2023,"MODALIDADE":"Feminino","MANDANTE / VISITANTE (SCCP)":"Sim","TIME MANDANTE":"CORINTHIANS","GOLS MANDANTE":4,"TIME VISITANTE":"RED BULL BRAGANTINO","GOLS VISITANTE":1,"PLACAR":"4x1","RESULTADO":"VITÓRIA","ADVERSÁRIO":"RED BULL BRAGANTINO","GOLS SCCP":4,"GOLS ADVERSÁRIO":1,"SALDO DE GOLS":3,"COMPETIÇÃO":"Paulista Feminino 2023","ESTÁDIO":"Estádio Alfredo Schürig (Fazendinha)","ESTÁDIO_ORIGINAL":"Fazendinha","FONTE":"Meu Timão","URL_FONTE":"https://www.meutimao.com.br/jogo/7739/paulista-feminino-2023/corinthians-4-x-1-red_bull_bragantino","LATITUDE":-23.526659630812546,"LONGITUDE":-46.5694808951696,"ERA":"2016-Presente","PAIS_ISO3":"BRA","PAIS_FONTE":"Brazil","FONTE_CORRECAO_PAIS":"https://data.geocode.earth/wof/dist/legacy/whosonfirst-data-country-latest.tar.bz2"},"geometry":{"type":"Point","coordinates":[-46.5694808951696,-23.526659630812546]}},{"type":"Feature","properties":{"MEUTIMAO_ID":"7785","DATA":"2023-06-19","ANO JOGO":2023,"MODALIDADE":"Feminino","MANDANTE / VISITANTE (SCCP)":"Não","TIME MANDANTE":"CRUZEIRO","GOLS MANDANTE":1,"TIME VISITANTE":"CORINTHIANS","GOLS VISITANTE":2,"PLACAR":"1x2","RESULTADO":"VITÓRIA","ADVERSÁRIO":"CRUZEIRO","GOLS SCCP":2,"GOLS ADVERSÁRIO":1,"SALDO DE GOLS":1,"COMPETIÇÃO":"Brasileiro Feminino 2023","ESTÁDIO":"Estádio Soares de Azevedo","ESTÁDIO_ORIGINAL":"Estádio Soares de Azevedo","FONTE":"Meu Timão","URL_FONTE":"https://www.meutimao.com.br/jogo/7785/brasileiro-feminino-2023/quartas_de_final/cruzeiro-1-x-2-corinthians","LATITUDE":-21.1273544,"LONGITUDE":-42.3378537,"ERA":"2016-Presente","PAIS_ISO3":"BRA","PAIS_FONTE":"Brazil","FONTE_CORRECAO_PAIS":"https://data.geocode.earth/wof/dist/legacy/whosonfirst-data-country-latest.tar.bz2"},"geometry":{"type":"Point","coordinates":[-42.3378537,-21.1273544]}},{"type":"Feature","properties":{"MEUTIMAO_ID":"7732","DATA":"2023-06-12","ANO JOGO":2023,"MODALIDADE":"Feminino","MANDANTE / VISITANTE (SCCP)":"Não","TIME MANDANTE":"BAHIA","GOLS MANDANTE":1,"TIME VISITANTE":"CORINTHIANS","GOLS VISITANTE":5,"PLACAR":"1x5","RESULTADO":"VITÓRIA","ADVERSÁRIO":"BAHIA","GOLS SCCP":5,"GOLS ADVERSÁRIO":1,"SALDO DE GOLS":4,"COMPETIÇÃO":"Brasileiro Feminino 2023","ESTÁDIO":"Pituaçu","ESTÁDIO_ORIGINAL":"Pituaçu","FONTE":"Meu Timão","URL_FONTE":"https://www.meutimao.com.br/jogo/7732/brasileiro-feminino-2023/bahia-1-x-5-corinthians","LATITUDE":-12.9466152,"LONGITUDE":-38.4187011,"ERA":"2016-Presente","PAIS_ISO3":"BRA","PAIS_FONTE":"Brazil","FONTE_CORRECAO_PAIS":"https://data.geocode.earth/wof/dist/legacy/whosonfirst-data-country-latest.tar.bz2"},"geometry":{"type":"Point","coordinates":[-38.4187011,-12.9466152]}},{"type":"Feature","properties":{"MEUTIMAO_ID":"7738","DATA":"2023-06-08","ANO JOGO":2023,"MODALIDADE":"Feminino","MANDANTE / VISITANTE (SCCP)":"Sim","TIME MANDANTE":"CORINTHIANS","GOLS MANDANTE":11,"TIME VISITANTE":"REALIDADE JOVEM","GOLS VISITANTE":0,"PLACAR":"11x0","RESULTADO":"VITÓRIA","ADVERSÁRIO":"REALIDADE JOVEM","GOLS SCCP":11,"GOLS ADVERSÁRIO":0,"SALDO DE GOLS":11,"COMPETIÇÃO":"Paulista Feminino 2023","ESTÁDIO":"Estádio Alfredo Schürig (Fazendinha)","ESTÁDIO_ORIGINAL":"Fazendinha","FONTE":"Meu Timão","URL_FONTE":"https://www.meutimao.com.br/jogo/7738/paulista-feminino-2023/corinthians-11-x-0-realidade_jovem","LATITUDE":-23.526659630812546,"LONGITUDE":-46.5694808951696,"ERA":"2016-Presente","PAIS_ISO3":"BRA","PAIS_FONTE":"Brazil","FONTE_CORRECAO_PAIS":"https://data.geocode.earth/wof/dist/legacy/whosonfirst-data-country-latest.tar.bz2"},"geometry":{"type":"Point","coordinates":[-46.5694808951696,-23.526659630812546]}},{"type":"Feature","properties":{"MEUTIMAO_ID":"7619","DATA":"2023-06-05","ANO JOGO":2023,"MODALIDADE":"Feminino","MANDANTE / VISITANTE (SCCP)":"Sim","TIME MANDANTE":"CORINTHIANS","GOLS MANDANTE":4,"TIME VISITANTE":"FLAMENGO","GOLS VISITANTE":0,"PLACAR":"4x0","RESULTADO":"VITÓRIA","ADVERSÁRIO":"FLAMENGO","GOLS SCCP":4,"GOLS ADVERSÁRIO":0,"SALDO DE GOLS":4,"COMPETIÇÃO":"Brasileiro Feminino 2023","ESTÁDIO":"Estádio Alfredo Schürig (Fazendinha)","ESTÁDIO_ORIGINAL":"Fazendinha","FONTE":"Meu Timão","URL_FONTE":"https://www.meutimao.com.br/jogo/7619/brasileiro-feminino-2023/corinthians-4-x-0-flamengo","LATITUDE":-23.526659630812546,"LONGITUDE":-46.5694808951696,"ERA":"2016-Presente","PAIS_ISO3":"BRA","PAIS_FONTE":"Brazil","FONTE_CORRECAO_PAIS":"https://data.geocode.earth/wof/dist/legacy/whosonfirst-data-country-latest.tar.bz2"},"geometry":{"type":"Point","coordinates":[-46.5694808951696,-23.526659630812546]}},{"type":"Feature","properties":{"MEUTIMAO_ID":"7737","DATA":"2023-06-01","ANO JOGO":2023,"MODALIDADE":"Feminino","MANDANTE / VISITANTE (SCCP)":"Não","TIME MANDANTE":"SANTOS","GOLS MANDANTE":0,"TIME VISITANTE":"CORINTHIANS","GOLS VISITANTE":1,"PLACAR":"0x1","RESULTADO":"VITÓRIA","ADVERSÁRIO":"SANTOS","GOLS SCCP":1,"GOLS ADVERSÁRIO":0,"SALDO DE GOLS":1,"COMPETIÇÃO":"Paulista Feminino 2023","ESTÁDIO":"Vila Belmiro","ESTÁDIO_ORIGINAL":"Vila Belmiro","FONTE":"Meu Timão","URL_FONTE":"https://www.meutimao.com.br/jogo/7737/paulista-feminino-2023/santos-0-x-1-corinthians","LATITUDE":-23.95083320224522,"LONGITUDE":-46.33836796008564,"ERA":"2016-Presente","PAIS_ISO3":"BRA","PAIS_FONTE":"Brazil","FONTE_CORRECAO_PAIS":"https://data.geocode.earth/wof/dist/legacy/whosonfirst-data-country-latest.tar.bz2"},"geometry":{"type":"Point","coordinates":[-46.33836796008564,-23.95083320224522]}},{"type":"Feature","properties":{"MEUTIMAO_ID":"7618","DATA":"2023-05-28","ANO JOGO":2023,"MODALIDADE":"Feminino","MANDANTE / VISITANTE (SCCP)":"Sim","TIME MANDANTE":"CORINTHIANS","GOLS MANDANTE":1,"TIME VISITANTE":"ATLÉTICO-MG","GOLS VISITANTE":0,"PLACAR":"1x0","RESULTADO":"VITÓRIA","ADVERSÁRIO":"ATLÉTICO-MG","GOLS SCCP":1,"GOLS ADVERSÁRIO":0,"SALDO DE GOLS":1,"COMPETIÇÃO":"Brasileiro Feminino 2023","ESTÁDIO":"1º DE MAIO (PRIMEIRÃO)","ESTÁDIO_ORIGINAL":"1º de Maio","FONTE":"Meu Timão","URL_FONTE":"https://www.meutimao.com.br/jogo/7618/brasileiro-feminino-2023/corinthians-1-x-0-atletico-mg","LATITUDE":-23.699558583592914,"LONGITUDE":-46.55493146008563,"ERA":"2016-Presente","PAIS_ISO3":"BRA","PAIS_FONTE":"Brazil","FONTE_CORRECAO_PAIS":"https://data.geocode.earth/wof/dist/legacy/whosonfirst-data-country-latest.tar.bz2"},"geometry":{"type":"Point","coordinates":[-46.55493146008563,-23.699558583592914]}},{"type":"Feature","properties":{"MEUTIMAO_ID":"7736","DATA":"2023-05-25","ANO JOGO":2023,"MODALIDADE":"Feminino","MANDANTE / VISITANTE (SCCP)":"Sim","TIME MANDANTE":"CORINTHIANS","GOLS MANDANTE":12,"TIME VISITANTE":"SKA BRASIL","GOLS VISITANTE":0,"PLACAR":"12x0","RESULTADO":"VITÓRIA","ADVERSÁRIO":"SKA BRASIL","GOLS SCCP":12,"GOLS ADVERSÁRIO":0,"SALDO DE GOLS":12,"COMPETIÇÃO":"Paulista Feminino 2023","ESTÁDIO":"Arena Barueri","ESTÁDIO_ORIGINAL":"Arena Barueri","FONTE":"Meu Timão","URL_FONTE":"https://www.meutimao.com.br/jogo/7736/paulista-feminino-2023/corinthians-12-x-0-ska_brasil","LATITUDE":-23.5124719,"LONGITUDE":-46.8995624,"ERA":"2016-Presente","PAIS_ISO3":"BRA","PAIS_FONTE":"Brazil","FONTE_CORRECAO_PAIS":"https://data.geocode.earth/wof/dist/legacy/whosonfirst-data-country-latest.tar.bz2"},"geometry":{"type":"Point","coordinates":[-46.8995624,-23.5124719]}},{"type":"Feature","properties":{"MEUTIMAO_ID":"7617","DATA":"2023-05-20","ANO JOGO":2023,"MODALIDADE":"Feminino","MANDANTE / VISITANTE (SCCP)":"Não","TIME MANDANTE":"KINDERMANN","GOLS MANDANTE":1,"TIME VISITANTE":"CORINTHIANS","GOLS VISITANTE":0,"PLACAR":"1x0","RESULTADO":"DERROTA","ADVERSÁRIO":"KINDERMANN","GOLS SCCP":0,"GOLS ADVERSÁRIO":1,"SALDO DE GOLS":-1,"COMPETIÇÃO":"Brasileiro Feminino 2023","ESTÁDIO":"CARLOS ALBERTO COSTA NEVES","ESTÁDIO_ORIGINAL":"Carlos Alberto da Costa Neves","FONTE":"Meu Timão","URL_FONTE":"https://www.meutimao.com.br/jogo/7617/brasileiro-feminino-2023/kindermann-1-x-0-corinthians","LATITUDE":-26.771027999853985,"LONGITUDE":-51.007584674327376,"ERA":"2016-Presente","PAIS_ISO3":"BRA","PAIS_FONTE":"Brazil","FONTE_CORRECAO_PAIS":"https://data.geocode.earth/wof/dist/legacy/whosonfirst-data-country-latest.tar.bz2"},"geometry":{"type":"Point","coordinates":[-51.007584674327376,-26.771027999853985]}},{"type":"Feature","properties":{"MEUTIMAO_ID":"7735","DATA":"2023-05-17","ANO JOGO":2023,"MODALIDADE":"Feminino","MANDANTE / VISITANTE (SCCP)":"Não","TIME MANDANTE":"PALMEIRAS","GOLS MANDANTE":1,"TIME VISITANTE":"CORINTHIANS","GOLS VISITANTE":1,"PLACAR":"1x1","RESULTADO":"EMPATE","ADVERSÁRIO":"PALMEIRAS","GOLS SCCP":1,"GOLS ADVERSÁRIO":1,"SALDO DE GOLS":0,"COMPETIÇÃO":"Paulista Feminino 2023","ESTÁDIO":"Jaime Cintra","ESTÁDIO_ORIGINAL":"Jaime Cintra","FONTE":"Meu Timão","URL_FONTE":"https://www.meutimao.com.br/jogo/7735/paulista-feminino-2023/palmeiras-1-x-1-corinthians","LATITUDE":-23.1882884,"LONGITUDE":-46.8599183,"ERA":"2016-Presente","PAIS_ISO3":"BRA","PAIS_FONTE":"Brazil","FONTE_CORRECAO_PAIS":"https://data.geocode.earth/wof/dist/legacy/whosonfirst-data-country-latest.tar.bz2"},"geometry":{"type":"Point","coordinates":[-46.8599183,-23.1882884]}},{"type":"Feature","properties":{"MEUTIMAO_ID":"7616","DATA":"2023-05-14","ANO JOGO":2023,"MODALIDADE":"Feminino","MANDANTE / VISITANTE (SCCP)":"Sim","TIME MANDANTE":"CORINTHIANS","GOLS MANDANTE":1,"TIME VISITANTE":"SANTOS","GOLS VISITANTE":0,"PLACAR":"1x0","RESULTADO":"VITÓRIA","ADVERSÁRIO":"SANTOS","GOLS SCCP":1,"GOLS ADVERSÁRIO":0,"SALDO DE GOLS":1,"COMPETIÇÃO":"Brasileiro Feminino 2023","ESTÁDIO":"Estádio Alfredo Schürig (Fazendinha)","ESTÁDIO_ORIGINAL":"Fazendinha","FONTE":"Meu Timão","URL_FONTE":"https://www.meutimao.com.br/jogo/7616/brasileiro-feminino-2023/corinthians-1-x-0-santos","LATITUDE":-23.526659630812546,"LONGITUDE":-46.5694808951696,"ERA":"2016-Presente","PAIS_ISO3":"BRA","PAIS_FONTE":"Brazil","FONTE_CORRECAO_PAIS":"https://data.geocode.earth/wof/dist/legacy/whosonfirst-data-country-latest.tar.bz2"},"geometry":{"type":"Point","coordinates":[-46.5694808951696,-23.526659630812546]}},{"type":"Feature","properties":{"MEUTIMAO_ID":"7734","DATA":"2023-05-10","ANO JOGO":2023,"MODALIDADE":"Feminino","MANDANTE / VISITANTE (SCCP)":"Não","TIME MANDANTE":"FERROVIÁRIA","GOLS MANDANTE":1,"TIME VISITANTE":"CORINTHIANS","GOLS VISITANTE":2,"PLACAR":"1x2","RESULTADO":"VITÓRIA","ADVERSÁRIO":"FERROVIÁRIA","GOLS SCCP":2,"GOLS ADVERSÁRIO":1,"SALDO DE GOLS":1,"COMPETIÇÃO":"Paulista Feminino 2023","ESTÁDIO":"Fonte Luminosa","ESTÁDIO_ORIGINAL":"Fonte Luminosa","FONTE":"Meu Timão","URL_FONTE":"https://www.meutimao.com.br/jogo/7734/paulista-feminino-2023/ferroviaria-1-x-2-corinthians","LATITUDE":-21.7886713,"LONGITUDE":-48.1773096,"ERA":"2016-Presente","PAIS_ISO3":"BRA","PAIS_FONTE":"Brazil","FONTE_CORRECAO_PAIS":"https://data.geocode.earth/wof/dist/legacy/whosonfirst-data-country-latest.tar.bz2"},"geometry":{"type":"Point","coordinates":[-48.1773096,-21.7886713]}},{"type":"Feature","properties":{"MEUTIMAO_ID":"7615","DATA":"2023-05-07","ANO JOGO":2023,"MODALIDADE":"Feminino","MANDANTE / VISITANTE (SCCP)":"Não","TIME MANDANTE":"SÃO PAULO","GOLS MANDANTE":0,"TIME VISITANTE":"CORINTHIANS","GOLS VISITANTE":3,"PLACAR":"0x3","RESULTADO":"VITÓRIA","ADVERSÁRIO":"SÃO PAULO","GOLS SCCP":3,"GOLS ADVERSÁRIO":0,"SALDO DE GOLS":3,"COMPETIÇÃO":"Brasileiro Feminino 2023","ESTÁDIO":"Estádio Marcelo Portugal Gouveia","ESTÁDIO_ORIGINAL":"Marcelo Portugal","FONTE":"Meu Timão","URL_FONTE":"https://www.meutimao.com.br/jogo/7615/brasileiro-feminino-2023/sao_paulo-0-x-3-corinthians","LATITUDE":-23.6190828,"LONGITUDE":-46.9154251,"ERA":"2016-Presente","PAIS_ISO3":"BRA","PAIS_FONTE":"Brazil","FONTE_CORRECAO_PAIS":"https://data.geocode.earth/wof/dist/legacy/whosonfirst-data-country-latest.tar.bz2"},"geometry":{"type":"Point","coordinates":[-46.9154251,-23.6190828]}},{"type":"Feature","properties":{"MEUTIMAO_ID":"7733","DATA":"2023-05-03","ANO JOGO":2023,"MODALIDADE":"Feminino","MANDANTE / VISITANTE (SCCP)":"Sim","TIME MANDANTE":"CORINTHIANS","GOLS MANDANTE":2,"TIME VISITANTE":"SÃO PAULO","GOLS VISITANTE":1,"PLACAR":"2x1","RESULTADO":"VITÓRIA","ADVERSÁRIO":"SÃO PAULO","GOLS SCCP":2,"GOLS ADVERSÁRIO":1,"SALDO DE GOLS":1,"COMPETIÇÃO":"Paulista Feminino 2023","ESTÁDIO":"Estádio Alfredo Schürig (Fazendinha)","ESTÁDIO_ORIGINAL":"Fazendinha","FONTE":"Meu Timão","URL_FONTE":"https://www.meutimao.com.br/jogo/7733/paulista-feminino-2023/corinthians-2-x-1-sao_paulo","LATITUDE":-23.526659630812546,"LONGITUDE":-46.5694808951696,"ERA":"2016-Presente","PAIS_ISO3":"BRA","PAIS_FONTE":"Brazil","FONTE_CORRECAO_PAIS":"https://data.geocode.earth/wof/dist/legacy/whosonfirst-data-country-latest.tar.bz2"},"geometry":{"type":"Point","coordinates":[-46.5694808951696,-23.526659630812546]}},{"type":"Feature","properties":{"MEUTIMAO_ID":"7614","DATA":"2023-04-30","ANO JOGO":2023,"MODALIDADE":"Feminino","MANDANTE / VISITANTE (SCCP)":"Sim","TIME MANDANTE":"CORINTHIANS","GOLS MANDANTE":7,"TIME VISITANTE":"CRUZEIRO","GOLS VISITANTE":1,"PLACAR":"7x1","RESULTADO":"VITÓRIA","ADVERSÁRIO":"CRUZEIRO","GOLS SCCP":7,"GOLS ADVERSÁRIO":1,"SALDO DE GOLS":6,"COMPETIÇÃO":"Brasileiro Feminino 2023","ESTÁDIO":"Estádio Alfredo Schürig (Fazendinha)","ESTÁDIO_ORIGINAL":"Fazendinha","FONTE":"Meu Timão","URL_FONTE":"https://www.meutimao.com.br/jogo/7614/brasileiro-feminino-2023/corinthians-7-x-1-cruzeiro","LATITUDE":-23.526659630812546,"LONGITUDE":-46.5694808951696,"ERA":"2016-Presente","PAIS_ISO3":"BRA","PAIS_FONTE":"Brazil","FONTE_CORRECAO_PAIS":"https://data.geocode.earth/wof/dist/legacy/whosonfirst-data-country-latest.tar.bz2"},"geometry":{"type":"Point","coordinates":[-46.5694808951696,-23.526659630812546]}},{"type":"Feature","properties":{"MEUTIMAO_ID":"7613","DATA":"2023-04-24","ANO JOGO":2023,"MODALIDADE":"Feminino","MANDANTE / VISITANTE (SCCP)":"Não","TIME MANDANTE":"INTERNACIONAL","GOLS MANDANTE":2,"TIME VISITANTE":"CORINTHIANS","GOLS VISITANTE":0,"PLACAR":"2x0","RESULTADO":"DERROTA","ADVERSÁRIO":"INTERNACIONAL","GOLS SCCP":0,"GOLS ADVERSÁRIO":2,"SALDO DE GOLS":-2,"COMPETIÇÃO":"Brasileiro Feminino 2023","ESTÁDIO":"Beira-Rio","ESTÁDIO_ORIGINAL":"Beira-Rio","FONTE":"Meu Timão","URL_FONTE":"https://www.meutimao.com.br/jogo/7613/brasileiro-feminino-2023/internacional-2-x-0-corinthians","LATITUDE":-30.0654826,"LONGITUDE":-51.2358459,"ERA":"2016-Presente","PAIS_ISO3":"BRA","PAIS_FONTE":"Brazil","FONTE_CORRECAO_PAIS":"https://data.geocode.earth/wof/dist/legacy/whosonfirst-data-country-latest.tar.bz2"},"geometry":{"type":"Point","coordinates":[-51.2358459,-30.0654826]}},{"type":"Feature","properties":{"MEUTIMAO_ID":"7612","DATA":"2023-04-17","ANO JOGO":2023,"MODALIDADE":"Feminino","MANDANTE / VISITANTE (SCCP)":"Sim","TIME MANDANTE":"CORINTHIANS","GOLS MANDANTE":3,"TIME VISITANTE":"PALMEIRAS","GOLS VISITANTE":2,"PLACAR":"3x2","RESULTADO":"VITÓRIA","ADVERSÁRIO":"PALMEIRAS","GOLS SCCP":3,"GOLS ADVERSÁRIO":2,"SALDO DE GOLS":1,"COMPETIÇÃO":"Brasileiro Feminino 2023","ESTÁDIO":"Estádio Alfredo Schürig (Fazendinha)","ESTÁDIO_ORIGINAL":"Fazendinha","FONTE":"Meu Timão","URL_FONTE":"https://www.meutimao.com.br/jogo/7612/brasileiro-feminino-2023/corinthians-3-x-2-palmeiras","LATITUDE":-23.526659630812546,"LONGITUDE":-46.5694808951696,"ERA":"2016-Presente","PAIS_ISO3":"BRA","PAIS_FONTE":"Brazil","FONTE_CORRECAO_PAIS":"https://data.geocode.earth/wof/dist/legacy/whosonfirst-data-country-latest.tar.bz2"},"geometry":{"type":"Point","coordinates":[-46.5694808951696,-23.526659630812546]}},{"type":"Feature","properties":{"MEUTIMAO_ID":"7611","DATA":"2023-04-02","ANO JOGO":2023,"MODALIDADE":"Feminino","MANDANTE / VISITANTE (SCCP)":"Não","TIME MANDANTE":"REAL BRASÍLIA","GOLS MANDANTE":0,"TIME VISITANTE":"CORINTHIANS","GOLS VISITANTE":0,"PLACAR":"0x0","RESULTADO":"EMPATE","ADVERSÁRIO":"REAL BRASÍLIA","GOLS SCCP":0,"GOLS ADVERSÁRIO":0,"SALDO DE GOLS":0,"COMPETIÇÃO":"Brasileiro Feminino 2023","ESTÁDIO":"CIRO MACHADO DO ESPÍRITO SANTO (DEFELÊ)","ESTÁDIO_ORIGINAL":"Defelê","FONTE":"Meu Timão","URL_FONTE":"https://www.meutimao.com.br/jogo/7611/brasileiro-feminino-2023/real_brasilia-0-x-0-corinthians","LATITUDE":-15.790862358451054,"LONGITUDE":-47.85364308666135,"ERA":"2016-Presente","PAIS_ISO3":"BRA","PAIS_FONTE":"Brazil","FONTE_CORRECAO_PAIS":"https://data.geocode.earth/wof/dist/legacy/whosonfirst-data-country-latest.tar.bz2"},"geometry":{"type":"Point","coordinates":[-47.85364308666135,-15.790862358451054]}},{"type":"Feature","properties":{"MEUTIMAO_ID":"7610","DATA":"2023-03-26","ANO JOGO":2023,"MODALIDADE":"Feminino","MANDANTE / VISITANTE (SCCP)":"Sim","TIME MANDANTE":"CORINTHIANS","GOLS MANDANTE":1,"TIME VISITANTE":"ATHLETICO-PR","GOLS VISITANTE":0,"PLACAR":"1x0","RESULTADO":"VITÓRIA","ADVERSÁRIO":"ATHLETICO-PR","GOLS SCCP":1,"GOLS ADVERSÁRIO":0,"SALDO DE GOLS":1,"COMPETIÇÃO":"Brasileiro Feminino 2023","ESTÁDIO":"Nogueirão","ESTÁDIO_ORIGINAL":"Nogueirão","FONTE":"Meu Timão","URL_FONTE":"https://www.meutimao.com.br/jogo/7610/brasileiro-feminino-2023/corinthians-1-x-0-athletico-pr","LATITUDE":-23.5187203,"LONGITUDE":-46.2060118,"ERA":"2016-Presente","PAIS_ISO3":"BRA","PAIS_FONTE":"Brazil","FONTE_CORRECAO_PAIS":"https://data.geocode.earth/wof/dist/legacy/whosonfirst-data-country-latest.tar.bz2"},"geometry":{"type":"Point","coordinates":[-46.2060118,-23.5187203]}},{"type":"Feature","properties":{"MEUTIMAO_ID":"7609","DATA":"2023-03-20","ANO JOGO":2023,"MODALIDADE":"Feminino","MANDANTE / VISITANTE (SCCP)":"Não","TIME MANDANTE":"FERROVIÁRIA","GOLS MANDANTE":1,"TIME VISITANTE":"CORINTHIANS","GOLS VISITANTE":4,"PLACAR":"1x4","RESULTADO":"VITÓRIA","ADVERSÁRIO":"FERROVIÁRIA","GOLS SCCP":4,"GOLS ADVERSÁRIO":1,"SALDO DE GOLS":3,"COMPETIÇÃO":"Brasileiro Feminino 2023","ESTÁDIO":"Fonte Luminosa","ESTÁDIO_ORIGINAL":"Fonte Luminosa","FONTE":"Meu Timão","URL_FONTE":"https://www.meutimao.com.br/jogo/7609/brasileiro-feminino-2023/ferroviaria-1-x-4-corinthians","LATITUDE":-21.7886713,"LONGITUDE":-48.1773096,"ERA":"2016-Presente","PAIS_ISO3":"BRA","PAIS_FONTE":"Brazil","FONTE_CORRECAO_PAIS":"https://data.geocode.earth/wof/dist/legacy/whosonfirst-data-country-latest.tar.bz2"},"geometry":{"type":"Point","coordinates":[-48.1773096,-21.7886713]}},{"type":"Feature","properties":{"MEUTIMAO_ID":"7608","DATA":"2023-03-13","ANO JOGO":2023,"MODALIDADE":"Feminino","MANDANTE / VISITANTE (SCCP)":"Sim","TIME MANDANTE":"CORINTHIANS","GOLS MANDANTE":4,"TIME VISITANTE":"GRÊMIO","GOLS VISITANTE":0,"PLACAR":"4x0","RESULTADO":"VITÓRIA","ADVERSÁRIO":"GRÊMIO","GOLS SCCP":4,"GOLS ADVERSÁRIO":0,"SALDO DE GOLS":4,"COMPETIÇÃO":"Brasileiro Feminino 2023","ESTÁDIO":"Canindé","ESTÁDIO_ORIGINAL":"Canindé","FONTE":"Meu Timão","URL_FONTE":"https://www.meutimao.com.br/jogo/7608/brasileiro-feminino-2023/corinthians-4-x-0-gremio","LATITUDE":-23.520132719349128,"LONGITUDE":-46.618264502415194,"ERA":"2016-Presente","PAIS_ISO3":"BRA","PAIS_FONTE":"Brazil","FONTE_CORRECAO_PAIS":"https://data.geocode.earth/wof/dist/legacy/whosonfirst-data-country-latest.tar.bz2"},"geometry":{"type":"Point","coordinates":[-46.618264502415194,-23.520132719349128]}},{"type":"Feature","properties":{"MEUTIMAO_ID":"7607","DATA":"2023-03-04","ANO JOGO":2023,"MODALIDADE":"Feminino","MANDANTE / VISITANTE (SCCP)":"Não","TIME MANDANTE":"REAL ARIQUEMES","GOLS MANDANTE":0,"TIME VISITANTE":"CORINTHIANS","GOLS VISITANTE":6,"PLACAR":"0x6","RESULTADO":"VITÓRIA","ADVERSÁRIO":"REAL ARIQUEMES","GOLS SCCP":6,"GOLS ADVERSÁRIO":0,"SALDO DE GOLS":6,"COMPETIÇÃO":"Brasileiro Feminino 2023","ESTÁDIO":"GENTIL VALÉRIO (VALERIÃO)","ESTÁDIO_ORIGINAL":"Valérião","FONTE":"Meu Timão","URL_FONTE":"https://www.meutimao.com.br/jogo/7607/brasileiro-feminino-2023/real_ariquemes-0-x-6-corinthians","LATITUDE":-9.90518243072387,"LONGITUDE":-63.03268139076737,"ERA":"2016-Presente","PAIS_ISO3":"BRA","PAIS_FONTE":"Brazil","FONTE_CORRECAO_PAIS":"https://data.geocode.earth/wof/dist/legacy/whosonfirst-data-country-latest.tar.bz2"},"geometry":{"type":"Point","coordinates":[-63.03268139076737,-9.90518243072387]}},{"type":"Feature","properties":{"MEUTIMAO_ID":"7606","DATA":"2023-02-25","ANO JOGO":2023,"MODALIDADE":"Feminino","MANDANTE / VISITANTE (SCCP)":"Sim","TIME MANDANTE":"CORINTHIANS","GOLS MANDANTE":14,"TIME VISITANTE":"CEARÁ","GOLS VISITANTE":0,"PLACAR":"14x0","RESULTADO":"VITÓRIA","ADVERSÁRIO":"CEARÁ","GOLS SCCP":14,"GOLS ADVERSÁRIO":0,"SALDO DE GOLS":14,"COMPETIÇÃO":"Brasileiro Feminino 2023","ESTÁDIO":"Nogueirão","ESTÁDIO_ORIGINAL":"Nogueirão","FONTE":"Meu Timão","URL_FONTE":"https://www.meutimao.com.br/jogo/7606/brasileiro-feminino-2023/corinthians-14-x-0-ceara","LATITUDE":-23.5187203,"LONGITUDE":-46.2060118,"ERA":"2016-Presente","PAIS_ISO3":"BRA","PAIS_FONTE":"Brazil","FONTE_CORRECAO_PAIS":"https://data.geocode.earth/wof/dist/legacy/whosonfirst-data-country-latest.tar.bz2"},"geometry":{"type":"Point","coordinates":[-46.2060118,-23.5187203]}},{"type":"Feature","properties":{"MEUTIMAO_ID":"7622","DATA":"2023-02-12","ANO JOGO":2023,"MODALIDADE":"Feminino","MANDANTE / VISITANTE (SCCP)":"Sim","TIME MANDANTE":"CORINTHIANS","GOLS MANDANTE":4,"TIME VISITANTE":"FLAMENGO","GOLS VISITANTE":1,"PLACAR":"4x1","RESULTADO":"VITÓRIA","ADVERSÁRIO":"FLAMENGO","GOLS SCCP":4,"GOLS ADVERSÁRIO":1,"SALDO DE GOLS":3,"COMPETIÇÃO":"Supercopa Feminina 2023","ESTÁDIO":"Neo Química Arena","ESTÁDIO_ORIGINAL":"Neo Química Arena","FONTE":"Meu Timão","URL_FONTE":"https://www.meutimao.com.br/jogo/7622/supercopa-feminina-2023/final/corinthians-4-x-1-flamengo","LATITUDE":-23.5453221,"LONGITUDE":-46.4742676,"ERA":"2016-Presente","PAIS_ISO3":"BRA","PAIS_FONTE":"Brazil","FONTE_CORRECAO_PAIS":"https://data.geocode.earth/wof/dist/legacy/whosonfirst-data-country-latest.tar.bz2"},"geometry":{"type":"Point","coordinates":[-46.4742676,-23.5453221]}},{"type":"Feature","properties":{"MEUTIMAO_ID":"7621","DATA":"2023-02-09","ANO JOGO":2023,"MODALIDADE":"Feminino","MANDANTE / VISITANTE (SCCP)":"Sim","TIME MANDANTE":"CORINTHIANS","GOLS MANDANTE":2,"TIME VISITANTE":"INTERNACIONAL","GOLS VISITANTE":1,"PLACAR":"2x1","RESULTADO":"VITÓRIA","ADVERSÁRIO":"INTERNACIONAL","GOLS SCCP":2,"GOLS ADVERSÁRIO":1,"SALDO DE GOLS":1,"COMPETIÇÃO":"Supercopa Feminina 2023","ESTÁDIO":"Neo Química Arena","ESTÁDIO_ORIGINAL":"Neo Química Arena","FONTE":"Meu Timão","URL_FONTE":"https://www.meutimao.com.br/jogo/7621/supercopa-feminina-2023/corinthians-2-x-1-internacional","LATITUDE":-23.5453221,"LONGITUDE":-46.4742676,"ERA":"2016-Presente","PAIS_ISO3":"BRA","PAIS_FONTE":"Brazil","FONTE_CORRECAO_PAIS":"https://data.geocode.earth/wof/dist/legacy/whosonfirst-data-country-latest.tar.bz2"},"geometry":{"type":"Point","coordinates":[-46.4742676,-23.5453221]}},{"type":"Feature","properties":{"MEUTIMAO_ID":"7603","DATA":"2023-02-05","ANO JOGO":2023,"MODALIDADE":"Feminino","MANDANTE / VISITANTE (SCCP)":"Sim","TIME MANDANTE":"CORINTHIANS","GOLS MANDANTE":1,"TIME VISITANTE":"ATLÉTICO-MG","GOLS VISITANTE":0,"PLACAR":"1x0","RESULTADO":"VITÓRIA","ADVERSÁRIO":"ATLÉTICO-MG","GOLS SCCP":1,"GOLS ADVERSÁRIO":0,"SALDO DE GOLS":1,"COMPETIÇÃO":"Supercopa Feminina 2023","ESTÁDIO":"JOSÉ BATISTA PEREIRA FERNANDES (DISTRITAL DO INAMAR)","ESTÁDIO_ORIGINAL":"Distrital do Inamar","FONTE":"Meu Timão","URL_FONTE":"https://www.meutimao.com.br/jogo/7603/supercopa-feminina-2023/quartas_de_final/corinthians-1-x-0-atletico-mg","LATITUDE":-23.72265991128569,"LONGITUDE":-46.61270155300039,"ERA":"2016-Presente","PAIS_ISO3":"BRA","PAIS_FONTE":"Brazil","FONTE_CORRECAO_PAIS":"https://data.geocode.earth/wof/dist/legacy/whosonfirst-data-country-latest.tar.bz2"},"geometry":{"type":"Point","coordinates":[-46.61270155300039,-23.72265991128569]}},{"type":"Feature","properties":{"MEUTIMAO_ID":"8383","DATA":"2024-11-20","ANO JOGO":2024,"MODALIDADE":"Feminino","MANDANTE / VISITANTE (SCCP)":"Não","TIME MANDANTE":"PALMEIRAS","GOLS MANDANTE":2,"TIME VISITANTE":"CORINTHIANS","GOLS VISITANTE":1,"PLACAR":"2x1","RESULTADO":"DERROTA","ADVERSÁRIO":"PALMEIRAS","GOLS SCCP":1,"GOLS ADVERSÁRIO":2,"SALDO DE GOLS":-1,"COMPETIÇÃO":"Paulista Feminino 2024","ESTÁDIO":"BRINCO DE OURO DA PRINCESA","ESTÁDIO_ORIGINAL":"Brinco de Ouro","FONTE":"Meu Timão","URL_FONTE":"https://www.meutimao.com.br/jogo/8383/paulista-feminino-2024/final/palmeiras-2-x-1-corinthians","LATITUDE":-22.91041180492228,"LONGITUDE":-47.04298292050269,"ERA":"2016-Presente","PAIS_ISO3":"BRA","PAIS_FONTE":"Brazil","FONTE_CORRECAO_PAIS":"https://data.geocode.earth/wof/dist/legacy/whosonfirst-data-country-latest.tar.bz2"},"geometry":{"type":"Point","coordinates":[-47.04298292050269,-22.91041180492228]}},{"type":"Feature","properties":{"MEUTIMAO_ID":"8382","DATA":"2024-11-15","ANO JOGO":2024,"MODALIDADE":"Feminino","MANDANTE / VISITANTE (SCCP)":"Sim","TIME MANDANTE":"CORINTHIANS","GOLS MANDANTE":1,"TIME VISITANTE":"PALMEIRAS","GOLS VISITANTE":0,"PLACAR":"1x0","RESULTADO":"VITÓRIA","ADVERSÁRIO":"PALMEIRAS","GOLS SCCP":1,"GOLS ADVERSÁRIO":0,"SALDO DE GOLS":1,"COMPETIÇÃO":"Paulista Feminino 2024","ESTÁDIO":"Neo Química Arena","ESTÁDIO_ORIGINAL":"Neo Química Arena","FONTE":"Meu Timão","URL_FONTE":"https://www.meutimao.com.br/jogo/8382/paulista-feminino-2024/final/corinthians-1-x-0-palmeiras","LATITUDE":-23.5453221,"LONGITUDE":-46.4742676,"ERA":"2016-Presente","PAIS_ISO3":"BRA","PAIS_FONTE":"Brazil","FONTE_CORRECAO_PAIS":"https://data.geocode.earth/wof/dist/legacy/whosonfirst-data-country-latest.tar.bz2"},"geometry":{"type":"Point","coordinates":[-46.4742676,-23.5453221]}},{"type":"Feature","properties":{"MEUTIMAO_ID":"8346","DATA":"2024-11-10","ANO JOGO":2024,"MODALIDADE":"Feminino","MANDANTE / VISITANTE (SCCP)":"Sim","TIME MANDANTE":"CORINTHIANS","GOLS MANDANTE":1,"TIME VISITANTE":"SÃO PAULO","GOLS VISITANTE":1,"PLACAR":"1x1","RESULTADO":"EMPATE","ADVERSÁRIO":"SÃO PAULO","GOLS SCCP":1,"GOLS ADVERSÁRIO":1,"SALDO DE GOLS":0,"COMPETIÇÃO":"Paulista Feminino 2024","ESTÁDIO":"Neo Química Arena","ESTÁDIO_ORIGINAL":"Neo Química Arena","FONTE":"Meu Timão","URL_FONTE":"https://www.meutimao.com.br/jogo/8346/paulista-feminino-2024/corinthians-1-x-1-sao_paulo","LATITUDE":-23.5453221,"LONGITUDE":-46.4742676,"ERA":"2016-Presente","PAIS_ISO3":"BRA","PAIS_FONTE":"Brazil","FONTE_CORRECAO_PAIS":"https://data.geocode.earth/wof/dist/legacy/whosonfirst-data-country-latest.tar.bz2"},"geometry":{"type":"Point","coordinates":[-46.4742676,-23.5453221]}},{"type":"Feature","properties":{"MEUTIMAO_ID":"8345","DATA":"2024-11-03","ANO JOGO":2024,"MODALIDADE":"Feminino","MANDANTE / VISITANTE (SCCP)":"Não","TIME MANDANTE":"SÃO PAULO","GOLS MANDANTE":0,"TIME VISITANTE":"CORINTHIANS","GOLS VISITANTE":1,"PLACAR":"0x1","RESULTADO":"VITÓRIA","ADVERSÁRIO":"SÃO PAULO","GOLS SCCP":1,"GOLS ADVERSÁRIO":0,"SALDO DE GOLS":1,"COMPETIÇÃO":"Paulista Feminino 2024","ESTÁDIO":"Canindé","ESTÁDIO_ORIGINAL":"Canindé","FONTE":"Meu Timão","URL_FONTE":"https://www.meutimao.com.br/jogo/8345/paulista-feminino-2024/sao_paulo-0-x-1-corinthians","LATITUDE":-23.520132719349128,"LONGITUDE":-46.618264502415194,"ERA":"2016-Presente","PAIS_ISO3":"BRA","PAIS_FONTE":"Brazil","FONTE_CORRECAO_PAIS":"https://data.geocode.earth/wof/dist/legacy/whosonfirst-data-country-latest.tar.bz2"},"geometry":{"type":"Point","coordinates":[-46.618264502415194,-23.520132719349128]}},{"type":"Feature","properties":{"MEUTIMAO_ID":"8355","DATA":"2024-10-19","ANO JOGO":2024,"MODALIDADE":"Feminino","MANDANTE / VISITANTE (SCCP)":"Sim","TIME MANDANTE":"CORINTHIANS","GOLS MANDANTE":2,"TIME VISITANTE":"INDEPENDIENTE SANTA FE","GOLS VISITANTE":0,"PLACAR":"2x0","RESULTADO":"VITÓRIA","ADVERSÁRIO":"INDEPENDIENTE SANTA FE","GOLS SCCP":2,"GOLS ADVERSÁRIO":0,"SALDO DE GOLS":2,"COMPETIÇÃO":"Libertadores Feminina 2024","ESTÁDIO":"DEFENSORES DEL CHACO","ESTÁDIO_ORIGINAL":"Defensores","FONTE":"Meu Timão","URL_FONTE":"https://www.meutimao.com.br/jogo/8355/libertadores-feminina-2024/final/corinthians-2-x-0-independiente_santa_fe","LATITUDE":-25.291906369779717,"LONGITUDE":-57.65681557623464,"ERA":"2016-Presente","PAIS_ISO3":"PRY","PAIS_FONTE":"Paraguay","FONTE_CORRECAO_PAIS":"https://data.geocode.earth/wof/dist/legacy/whosonfirst-data-country-latest.tar.bz2"},"geometry":{"type":"Point","coordinates":[-57.65681557623464,-25.291906369779717]}},{"type":"Feature","properties":{"MEUTIMAO_ID":"8354","DATA":"2024-10-15","ANO JOGO":2024,"MODALIDADE":"Feminino","MANDANTE / VISITANTE (SCCP)":"Sim","TIME MANDANTE":"CORINTHIANS","GOLS MANDANTE":1,"TIME VISITANTE":"BOCA JUNIORS","GOLS VISITANTE":0,"PLACAR":"1x0","RESULTADO":"VITÓRIA","ADVERSÁRIO":"BOCA JUNIORS","GOLS SCCP":1,"GOLS ADVERSÁRIO":0,"SALDO DE GOLS":1,"COMPETIÇÃO":"Libertadores Feminina 2024","ESTÁDIO":"GENERAL ADRIÁN JARA (CONMEBOL)","ESTÁDIO_ORIGINAL":"Conmebol","FONTE":"Meu Timão","URL_FONTE":"https://www.meutimao.com.br/jogo/8354/libertadores-feminina-2024/corinthians-1-x-0-boca_juniors","LATITUDE":-25.26300146495579,"LONGITUDE":-57.51814001406302,"ERA":"2016-Presente","PAIS_ISO3":"PRY","PAIS_FONTE":"Paraguay","FONTE_CORRECAO_PAIS":"https://data.geocode.earth/wof/dist/legacy/whosonfirst-data-country-latest.tar.bz2"},"geometry":{"type":"Point","coordinates":[-57.51814001406302,-25.26300146495579]}},{"type":"Feature","properties":{"MEUTIMAO_ID":"8353","DATA":"2024-10-12","ANO JOGO":2024,"MODALIDADE":"Feminino","MANDANTE / VISITANTE (SCCP)":"Sim","TIME MANDANTE":"CORINTHIANS","GOLS MANDANTE":2,"TIME VISITANTE":"OLIMPIA","GOLS VISITANTE":0,"PLACAR":"2x0","RESULTADO":"VITÓRIA","ADVERSÁRIO":"OLIMPIA","GOLS SCCP":2,"GOLS ADVERSÁRIO":0,"SALDO DE GOLS":2,"COMPETIÇÃO":"Libertadores Feminina 2024","ESTÁDIO":"Estádio Carfem","ESTÁDIO_ORIGINAL":"Estádio Carfem","FONTE":"Meu Timão","URL_FONTE":"https://www.meutimao.com.br/jogo/8353/libertadores-feminina-2024/quartas_de_final/corinthians-2-x-0-olimpia","LATITUDE":-25.4573519,"LONGITUDE":-57.5092575,"ERA":"2016-Presente","PAIS_ISO3":"PRY","PAIS_FONTE":"Paraguay","FONTE_CORRECAO_PAIS":"https://data.geocode.earth/wof/dist/legacy/whosonfirst-data-country-latest.tar.bz2"},"geometry":{"type":"Point","coordinates":[-57.5092575,-25.4573519]}},{"type":"Feature","properties":{"MEUTIMAO_ID":"8316","DATA":"2024-10-09","ANO JOGO":2024,"MODALIDADE":"Feminino","MANDANTE / VISITANTE (SCCP)":"Sim","TIME MANDANTE":"CORINTHIANS","GOLS MANDANTE":3,"TIME VISITANTE":"LIBERTAD","GOLS VISITANTE":1,"PLACAR":"3x1","RESULTADO":"VITÓRIA","ADVERSÁRIO":"LIBERTAD","GOLS SCCP":3,"GOLS ADVERSÁRIO":1,"SALDO DE GOLS":2,"COMPETIÇÃO":"Libertadores Feminina 2024","ESTÁDIO":"ARSENIO ERICO","ESTÁDIO_ORIGINAL":"Arsenio Erico","FONTE":"Meu Timão","URL_FONTE":"https://www.meutimao.com.br/jogo/8316/libertadores-feminina-2024/corinthians-3-x-1-libertad","LATITUDE":-25.298264179462183,"LONGITUDE":-57.641082774528385,"ERA":"2016-Presente","PAIS_ISO3":"PRY","PAIS_FONTE":"Paraguay","FONTE_CORRECAO_PAIS":"https://data.geocode.earth/wof/dist/legacy/whosonfirst-data-country-latest.tar.bz2"},"geometry":{"type":"Point","coordinates":[-57.641082774528385,-25.298264179462183]}},{"type":"Feature","properties":{"MEUTIMAO_ID":"8317","DATA":"2024-10-06","ANO JOGO":2024,"MODALIDADE":"Feminino","MANDANTE / VISITANTE (SCCP)":"Sim","TIME MANDANTE":"CORINTHIANS","GOLS MANDANTE":8,"TIME VISITANTE":"ADIFFEM","GOLS VISITANTE":0,"PLACAR":"8x0","RESULTADO":"VITÓRIA","ADVERSÁRIO":"ADIFFEM","GOLS SCCP":8,"GOLS ADVERSÁRIO":0,"SALDO DE GOLS":8,"COMPETIÇÃO":"Libertadores Feminina 2024","ESTÁDIO":"ARSENIO ERICO","ESTÁDIO_ORIGINAL":"Arsenio Erico","FONTE":"Meu Timão","URL_FONTE":"https://www.meutimao.com.br/jogo/8317/libertadores-feminina-2024/corinthians-8-x-0-adiffem","LATITUDE":-25.298264179462183,"LONGITUDE":-57.641082774528385,"ERA":"2016-Presente","PAIS_ISO3":"PRY","PAIS_FONTE":"Paraguay","FONTE_CORRECAO_PAIS":"https://data.geocode.earth/wof/dist/legacy/whosonfirst-data-country-latest.tar.bz2"},"geometry":{"type":"Point","coordinates":[-57.641082774528385,-25.298264179462183]}},{"type":"Feature","properties":{"MEUTIMAO_ID":"8315","DATA":"2024-10-03","ANO JOGO":2024,"MODALIDADE":"Feminino","MANDANTE / VISITANTE (SCCP)":"Sim","TIME MANDANTE":"CORINTHIANS","GOLS MANDANTE":0,"TIME VISITANTE":"BOCA JUNIORS","GOLS VISITANTE":0,"PLACAR":"0x0","RESULTADO":"EMPATE","ADVERSÁRIO":"BOCA JUNIORS","GOLS SCCP":0,"GOLS ADVERSÁRIO":0,"SALDO DE GOLS":0,"COMPETIÇÃO":"Libertadores Feminina 2024","ESTÁDIO":"ARSENIO ERICO","ESTÁDIO_ORIGINAL":"Arsenio Erico","FONTE":"Meu Timão","URL_FONTE":"https://www.meutimao.com.br/jogo/8315/libertadores-feminina-2024/corinthians-0-x-0-boca_juniors","LATITUDE":-25.298264179462183,"LONGITUDE":-57.641082774528385,"ERA":"2016-Presente","PAIS_ISO3":"PRY","PAIS_FONTE":"Paraguay","FONTE_CORRECAO_PAIS":"https://data.geocode.earth/wof/dist/legacy/whosonfirst-data-country-latest.tar.bz2"},"geometry":{"type":"Point","coordinates":[-57.641082774528385,-25.298264179462183]}},{"type":"Feature","properties":{"MEUTIMAO_ID":"8192","DATA":"2024-09-29","ANO JOGO":2024,"MODALIDADE":"Feminino","MANDANTE / VISITANTE (SCCP)":"Sim","TIME MANDANTE":"CORINTHIANS","GOLS MANDANTE":5,"TIME VISITANTE":"SÃO JOSÉ","GOLS VISITANTE":0,"PLACAR":"5x0","RESULTADO":"VITÓRIA","ADVERSÁRIO":"SÃO JOSÉ","GOLS SCCP":5,"GOLS ADVERSÁRIO":0,"SALDO DE GOLS":5,"COMPETIÇÃO":"Paulista Feminino 2024","ESTÁDIO":"Estádio Alfredo Schürig (Fazendinha)","ESTÁDIO_ORIGINAL":"Fazendinha","FONTE":"Meu Timão","URL_FONTE":"https://www.meutimao.com.br/jogo/8192/paulista-feminino-2024/corinthians-5-x-0-sao_jose","LATITUDE":-23.526659630812546,"LONGITUDE":-46.5694808951696,"ERA":"2016-Presente","PAIS_ISO3":"BRA","PAIS_FONTE":"Brazil","FONTE_CORRECAO_PAIS":"https://data.geocode.earth/wof/dist/legacy/whosonfirst-data-country-latest.tar.bz2"},"geometry":{"type":"Point","coordinates":[-46.5694808951696,-23.526659630812546]}},{"type":"Feature","properties":{"MEUTIMAO_ID":"8191","DATA":"2024-09-25","ANO JOGO":2024,"MODALIDADE":"Feminino","MANDANTE / VISITANTE (SCCP)":"Não","TIME MANDANTE":"MARÍLIA","GOLS MANDANTE":0,"TIME VISITANTE":"CORINTHIANS","GOLS VISITANTE":5,"PLACAR":"0x5","RESULTADO":"VITÓRIA","ADVERSÁRIO":"MARÍLIA","GOLS SCCP":5,"GOLS ADVERSÁRIO":0,"SALDO DE GOLS":5,"COMPETIÇÃO":"Paulista Feminino 2024","ESTÁDIO":"Abreuzão","ESTÁDIO_ORIGINAL":"Abreuzão","FONTE":"Meu Timão","URL_FONTE":"https://www.meutimao.com.br/jogo/8191/paulista-feminino-2024/marilia-0-x-5-corinthians","LATITUDE":-22.2196144,"LONGITUDE":-49.9400031,"ERA":"2016-Presente","PAIS_ISO3":"BRA","PAIS_FONTE":"Brazil","FONTE_CORRECAO_PAIS":"https://data.geocode.earth/wof/dist/legacy/whosonfirst-data-country-latest.tar.bz2"},"geometry":{"type":"Point","coordinates":[-49.9400031,-22.2196144]}},{"type":"Feature","properties":{"MEUTIMAO_ID":"8308","DATA":"2024-09-22","ANO JOGO":2024,"MODALIDADE":"Feminino","MANDANTE / VISITANTE (SCCP)":"Sim","TIME MANDANTE":"CORINTHIANS","GOLS MANDANTE":2,"TIME VISITANTE":"SÃO PAULO","GOLS VISITANTE":0,"PLACAR":"2x0","RESULTADO":"VITÓRIA","ADVERSÁRIO":"SÃO PAULO","GOLS SCCP":2,"GOLS ADVERSÁRIO":0,"SALDO DE GOLS":2,"COMPETIÇÃO":"Brasileiro Feminino 2024","ESTÁDIO":"Neo Química Arena","ESTÁDIO_ORIGINAL":"Neo Química Arena","FONTE":"Meu Timão","URL_FONTE":"https://www.meutimao.com.br/jogo/8308/brasileiro-feminino-2024/final/corinthians-2-x-0-sao_paulo","LATITUDE":-23.5453221,"LONGITUDE":-46.4742676,"ERA":"2016-Presente","PAIS_ISO3":"BRA","PAIS_FONTE":"Brazil","FONTE_CORRECAO_PAIS":"https://data.geocode.earth/wof/dist/legacy/whosonfirst-data-country-latest.tar.bz2"},"geometry":{"type":"Point","coordinates":[-46.4742676,-23.5453221]}},{"type":"Feature","properties":{"MEUTIMAO_ID":"8307","DATA":"2024-09-15","ANO JOGO":2024,"MODALIDADE":"Feminino","MANDANTE / VISITANTE (SCCP)":"Não","TIME MANDANTE":"SÃO PAULO","GOLS MANDANTE":1,"TIME VISITANTE":"CORINTHIANS","GOLS VISITANTE":3,"PLACAR":"1x3","RESULTADO":"VITÓRIA","ADVERSÁRIO":"SÃO PAULO","GOLS SCCP":3,"GOLS ADVERSÁRIO":1,"SALDO DE GOLS":2,"COMPETIÇÃO":"Brasileiro Feminino 2024","ESTÁDIO":"Morumbi","ESTÁDIO_ORIGINAL":"Morumbis","FONTE":"Meu Timão","URL_FONTE":"https://www.meutimao.com.br/jogo/8307/brasileiro-feminino-2024/final/sao_paulo-1-x-3-corinthians","LATITUDE":-23.6000888,"LONGITUDE":-46.7200902,"ERA":"2016-Presente","PAIS_ISO3":"BRA","PAIS_FONTE":"Brazil","FONTE_CORRECAO_PAIS":"https://data.geocode.earth/wof/dist/legacy/whosonfirst-data-country-latest.tar.bz2"},"geometry":{"type":"Point","coordinates":[-46.7200902,-23.6000888]}},{"type":"Feature","properties":{"MEUTIMAO_ID":"8299","DATA":"2024-09-08","ANO JOGO":2024,"MODALIDADE":"Feminino","MANDANTE / VISITANTE (SCCP)":"Sim","TIME MANDANTE":"CORINTHIANS","GOLS MANDANTE":1,"TIME VISITANTE":"PALMEIRAS","GOLS VISITANTE":2,"PLACAR":"1x2","RESULTADO":"DERROTA","ADVERSÁRIO":"PALMEIRAS","GOLS SCCP":1,"GOLS ADVERSÁRIO":2,"SALDO DE GOLS":-1,"COMPETIÇÃO":"Brasileiro Feminino 2024","ESTÁDIO":"Canindé","ESTÁDIO_ORIGINAL":"Canindé","FONTE":"Meu Timão","URL_FONTE":"https://www.meutimao.com.br/jogo/8299/brasileiro-feminino-2024/corinthians-1-x-2-palmeiras","LATITUDE":-23.520132719349128,"LONGITUDE":-46.618264502415194,"ERA":"2016-Presente","PAIS_ISO3":"BRA","PAIS_FONTE":"Brazil","FONTE_CORRECAO_PAIS":"https://data.geocode.earth/wof/dist/legacy/whosonfirst-data-country-latest.tar.bz2"},"geometry":{"type":"Point","coordinates":[-46.618264502415194,-23.520132719349128]}},{"type":"Feature","properties":{"MEUTIMAO_ID":"8298","DATA":"2024-09-01","ANO JOGO":2024,"MODALIDADE":"Feminino","MANDANTE / VISITANTE (SCCP)":"Não","TIME MANDANTE":"PALMEIRAS","GOLS MANDANTE":1,"TIME VISITANTE":"CORINTHIANS","GOLS VISITANTE":3,"PLACAR":"1x3","RESULTADO":"VITÓRIA","ADVERSÁRIO":"PALMEIRAS","GOLS SCCP":3,"GOLS ADVERSÁRIO":1,"SALDO DE GOLS":2,"COMPETIÇÃO":"Brasileiro Feminino 2024","ESTÁDIO":"Jaime Cintra","ESTÁDIO_ORIGINAL":"Jaime Cintra","FONTE":"Meu Timão","URL_FONTE":"https://www.meutimao.com.br/jogo/8298/brasileiro-feminino-2024/palmeiras-1-x-3-corinthians","LATITUDE":-23.1882884,"LONGITUDE":-46.8599183,"ERA":"2016-Presente","PAIS_ISO3":"BRA","PAIS_FONTE":"Brazil","FONTE_CORRECAO_PAIS":"https://data.geocode.earth/wof/dist/legacy/whosonfirst-data-country-latest.tar.bz2"},"geometry":{"type":"Point","coordinates":[-46.8599183,-23.1882884]}},{"type":"Feature","properties":{"MEUTIMAO_ID":"8297","DATA":"2024-08-27","ANO JOGO":2024,"MODALIDADE":"Feminino","MANDANTE / VISITANTE (SCCP)":"Sim","TIME MANDANTE":"CORINTHIANS","GOLS MANDANTE":1,"TIME VISITANTE":"RED BULL BRAGANTINO","GOLS VISITANTE":0,"PLACAR":"1x0","RESULTADO":"VITÓRIA","ADVERSÁRIO":"RED BULL BRAGANTINO","GOLS SCCP":1,"GOLS ADVERSÁRIO":0,"SALDO DE GOLS":1,"COMPETIÇÃO":"Brasileiro Feminino 2024","ESTÁDIO":"Canindé","ESTÁDIO_ORIGINAL":"Canindé","FONTE":"Meu Timão","URL_FONTE":"https://www.meutimao.com.br/jogo/8297/brasileiro-feminino-2024/quartas_de_final/corinthians-1-x-0-red_bull_bragantino","LATITUDE":-23.520132719349128,"LONGITUDE":-46.618264502415194,"ERA":"2016-Presente","PAIS_ISO3":"BRA","PAIS_FONTE":"Brazil","FONTE_CORRECAO_PAIS":"https://data.geocode.earth/wof/dist/legacy/whosonfirst-data-country-latest.tar.bz2"},"geometry":{"type":"Point","coordinates":[-46.618264502415194,-23.520132719349128]}},{"type":"Feature","properties":{"MEUTIMAO_ID":"8296","DATA":"2024-08-24","ANO JOGO":2024,"MODALIDADE":"Feminino","MANDANTE / VISITANTE (SCCP)":"Não","TIME MANDANTE":"RED BULL BRAGANTINO","GOLS MANDANTE":1,"TIME VISITANTE":"CORINTHIANS","GOLS VISITANTE":1,"PLACAR":"1x1","RESULTADO":"EMPATE","ADVERSÁRIO":"RED BULL BRAGANTINO","GOLS SCCP":1,"GOLS ADVERSÁRIO":1,"SALDO DE GOLS":0,"COMPETIÇÃO":"Brasileiro Feminino 2024","ESTÁDIO":"Nabi Abi","ESTÁDIO_ORIGINAL":"Nabi Abi","FONTE":"Meu Timão","URL_FONTE":"https://www.meutimao.com.br/jogo/8296/brasileiro-feminino-2024/quartas_de_final/red_bull_bragantino-1-x-1-corinthians","LATITUDE":-22.9653902,"LONGITUDE":-46.5368855,"ERA":"2016-Presente","PAIS_ISO3":"BRA","PAIS_FONTE":"Brazil","FONTE_CORRECAO_PAIS":"https://data.geocode.earth/wof/dist/legacy/whosonfirst-data-country-latest.tar.bz2"},"geometry":{"type":"Point","coordinates":[-46.5368855,-22.9653902]}},{"type":"Feature","properties":{"MEUTIMAO_ID":"8041","DATA":"2024-08-21","ANO JOGO":2024,"MODALIDADE":"Feminino","MANDANTE / VISITANTE (SCCP)":"Sim","TIME MANDANTE":"CORINTHIANS","GOLS MANDANTE":3,"TIME VISITANTE":"KINDERMANN","GOLS VISITANTE":1,"PLACAR":"3x1","RESULTADO":"VITÓRIA","ADVERSÁRIO":"KINDERMANN","GOLS SCCP":3,"GOLS ADVERSÁRIO":1,"SALDO DE GOLS":2,"COMPETIÇÃO":"Brasileiro Feminino 2024","ESTÁDIO":"Estádio Alfredo Schürig (Fazendinha)","ESTÁDIO_ORIGINAL":"Fazendinha","FONTE":"Meu Timão","URL_FONTE":"https://www.meutimao.com.br/jogo/8041/brasileiro-feminino-2024/corinthians-3-x-1-kindermann","LATITUDE":-23.526659630812546,"LONGITUDE":-46.5694808951696,"ERA":"2016-Presente","PAIS_ISO3":"BRA","PAIS_FONTE":"Brazil","FONTE_CORRECAO_PAIS":"https://data.geocode.earth/wof/dist/legacy/whosonfirst-data-country-latest.tar.bz2"},"geometry":{"type":"Point","coordinates":[-46.5694808951696,-23.526659630812546]}},{"type":"Feature","properties":{"MEUTIMAO_ID":"8040","DATA":"2024-08-17","ANO JOGO":2024,"MODALIDADE":"Feminino","MANDANTE / VISITANTE (SCCP)":"Não","TIME MANDANTE":"CRUZEIRO","GOLS MANDANTE":7,"TIME VISITANTE":"CORINTHIANS","GOLS VISITANTE":2,"PLACAR":"7x2","RESULTADO":"DERROTA","ADVERSÁRIO":"CRUZEIRO","GOLS SCCP":2,"GOLS ADVERSÁRIO":7,"SALDO DE GOLS":-5,"COMPETIÇÃO":"Brasileiro Feminino 2024","ESTÁDIO":"Castor Cifuentes","ESTÁDIO_ORIGINAL":"Castor Cifuentes","FONTE":"Meu Timão","URL_FONTE":"https://www.meutimao.com.br/jogo/8040/brasileiro-feminino-2024/cruzeiro-7-x-2-corinthians","LATITUDE":-19.9875487,"LONGITUDE":-43.8447967,"ERA":"2016-Presente","PAIS_ISO3":"BRA","PAIS_FONTE":"Brazil","FONTE_CORRECAO_PAIS":"https://data.geocode.earth/wof/dist/legacy/whosonfirst-data-country-latest.tar.bz2"},"geometry":{"type":"Point","coordinates":[-43.8447967,-19.9875487]}},{"type":"Feature","properties":{"MEUTIMAO_ID":"8190","DATA":"2024-08-13","ANO JOGO":2024,"MODALIDADE":"Feminino","MANDANTE / VISITANTE (SCCP)":"Não","TIME MANDANTE":"REALIDADE JOVEM","GOLS MANDANTE":0,"TIME VISITANTE":"CORINTHIANS","GOLS VISITANTE":4,"PLACAR":"0x4","RESULTADO":"VITÓRIA","ADVERSÁRIO":"REALIDADE JOVEM","GOLS SCCP":4,"GOLS ADVERSÁRIO":0,"SALDO DE GOLS":4,"COMPETIÇÃO":"Paulista Feminino 2024","ESTÁDIO":"JOÃO MENDES ATHAYDE","ESTÁDIO_ORIGINAL":"João Mendes Athayde","FONTE":"Meu Timão","URL_FONTE":"https://www.meutimao.com.br/jogo/8190/paulista-feminino-2024/realidade_jovem-0-x-4-corinthians","LATITUDE":-20.814393599785742,"LONGITUDE":-49.41902775639259,"ERA":"2016-Presente","PAIS_ISO3":"BRA","PAIS_FONTE":"Brazil","FONTE_CORRECAO_PAIS":"https://data.geocode.earth/wof/dist/legacy/whosonfirst-data-country-latest.tar.bz2"},"geometry":{"type":"Point","coordinates":[-49.41902775639259,-20.814393599785742]}},{"type":"Feature","properties":{"MEUTIMAO_ID":"8189","DATA":"2024-07-04","ANO JOGO":2024,"MODALIDADE":"Feminino","MANDANTE / VISITANTE (SCCP)":"Sim","TIME MANDANTE":"CORINTHIANS","GOLS MANDANTE":1,"TIME VISITANTE":"PALMEIRAS","GOLS VISITANTE":2,"PLACAR":"1x2","RESULTADO":"DERROTA","ADVERSÁRIO":"PALMEIRAS","GOLS SCCP":1,"GOLS ADVERSÁRIO":2,"SALDO DE GOLS":-1,"COMPETIÇÃO":"Paulista Feminino 2024","ESTÁDIO":"Estádio Alfredo Schürig (Fazendinha)","ESTÁDIO_ORIGINAL":"Fazendinha","FONTE":"Meu Timão","URL_FONTE":"https://www.meutimao.com.br/jogo/8189/paulista-feminino-2024/corinthians-1-x-2-palmeiras","LATITUDE":-23.526659630812546,"LONGITUDE":-46.5694808951696,"ERA":"2016-Presente","PAIS_ISO3":"BRA","PAIS_FONTE":"Brazil","FONTE_CORRECAO_PAIS":"https://data.geocode.earth/wof/dist/legacy/whosonfirst-data-country-latest.tar.bz2"},"geometry":{"type":"Point","coordinates":[-46.5694808951696,-23.526659630812546]}},{"type":"Feature","properties":{"MEUTIMAO_ID":"8188","DATA":"2024-07-01","ANO JOGO":2024,"MODALIDADE":"Feminino","MANDANTE / VISITANTE (SCCP)":"Sim","TIME MANDANTE":"CORINTHIANS","GOLS MANDANTE":2,"TIME VISITANTE":"FERROVIÁRIA","GOLS VISITANTE":1,"PLACAR":"2x1","RESULTADO":"VITÓRIA","ADVERSÁRIO":"FERROVIÁRIA","GOLS SCCP":2,"GOLS ADVERSÁRIO":1,"SALDO DE GOLS":1,"COMPETIÇÃO":"Paulista Feminino 2024","ESTÁDIO":"Canindé","ESTÁDIO_ORIGINAL":"Canindé","FONTE":"Meu Timão","URL_FONTE":"https://www.meutimao.com.br/jogo/8188/paulista-feminino-2024/corinthians-2-x-1-ferroviaria","LATITUDE":-23.520132719349128,"LONGITUDE":-46.618264502415194,"ERA":"2016-Presente","PAIS_ISO3":"BRA","PAIS_FONTE":"Brazil","FONTE_CORRECAO_PAIS":"https://data.geocode.earth/wof/dist/legacy/whosonfirst-data-country-latest.tar.bz2"},"geometry":{"type":"Point","coordinates":[-46.618264502415194,-23.520132719349128]}},{"type":"Feature","properties":{"MEUTIMAO_ID":"8187","DATA":"2024-06-28","ANO JOGO":2024,"MODALIDADE":"Feminino","MANDANTE / VISITANTE (SCCP)":"Não","TIME MANDANTE":"SÃO PAULO","GOLS MANDANTE":1,"TIME VISITANTE":"CORINTHIANS","GOLS VISITANTE":2,"PLACAR":"1x2","RESULTADO":"VITÓRIA","ADVERSÁRIO":"SÃO PAULO","GOLS SCCP":2,"GOLS ADVERSÁRIO":1,"SALDO DE GOLS":1,"COMPETIÇÃO":"Paulista Feminino 2024","ESTÁDIO":"Canindé","ESTÁDIO_ORIGINAL":"Canindé","FONTE":"Meu Timão","URL_FONTE":"https://www.meutimao.com.br/jogo/8187/paulista-feminino-2024/sao_paulo-1-x-2-corinthians","LATITUDE":-23.520132719349128,"LONGITUDE":-46.618264502415194,"ERA":"2016-Presente","PAIS_ISO3":"BRA","PAIS_FONTE":"Brazil","FONTE_CORRECAO_PAIS":"https://data.geocode.earth/wof/dist/legacy/whosonfirst-data-country-latest.tar.bz2"},"geometry":{"type":"Point","coordinates":[-46.618264502415194,-23.520132719349128]}},{"type":"Feature","properties":{"MEUTIMAO_ID":"8186","DATA":"2024-06-21","ANO JOGO":2024,"MODALIDADE":"Feminino","MANDANTE / VISITANTE (SCCP)":"Não","TIME MANDANTE":"PINDA","GOLS MANDANTE":1,"TIME VISITANTE":"CORINTHIANS","GOLS VISITANTE":5,"PLACAR":"1x5","RESULTADO":"VITÓRIA","ADVERSÁRIO":"PINDA","GOLS SCCP":5,"GOLS ADVERSÁRIO":1,"SALDO DE GOLS":4,"COMPETIÇÃO":"Paulista Feminino 2024","ESTÁDIO":"DOUTOR ANTÔNIO PINHEIRO JÚNIOR","ESTÁDIO_ORIGINAL":"Dr. Antonio Pinheiro Junior","FONTE":"Meu Timão","URL_FONTE":"https://www.meutimao.com.br/jogo/8186/paulista-feminino-2024/pinda-1-x-5-corinthians","LATITUDE":-22.92173666600527,"LONGITUDE":-45.465904504141214,"ERA":"2016-Presente","PAIS_ISO3":"BRA","PAIS_FONTE":"Brazil","FONTE_CORRECAO_PAIS":"https://data.geocode.earth/wof/dist/legacy/whosonfirst-data-country-latest.tar.bz2"},"geometry":{"type":"Point","coordinates":[-45.465904504141214,-22.92173666600527]}},{"type":"Feature","properties":{"MEUTIMAO_ID":"8039","DATA":"2024-06-17","ANO JOGO":2024,"MODALIDADE":"Feminino","MANDANTE / VISITANTE (SCCP)":"Sim","TIME MANDANTE":"CORINTHIANS","GOLS MANDANTE":4,"TIME VISITANTE":"RED BULL BRAGANTINO","GOLS VISITANTE":2,"PLACAR":"4x2","RESULTADO":"VITÓRIA","ADVERSÁRIO":"RED BULL BRAGANTINO","GOLS SCCP":4,"GOLS ADVERSÁRIO":2,"SALDO DE GOLS":2,"COMPETIÇÃO":"Brasileiro Feminino 2024","ESTÁDIO":"Estádio Alfredo Schürig (Fazendinha)","ESTÁDIO_ORIGINAL":"Fazendinha","FONTE":"Meu Timão","URL_FONTE":"https://www.meutimao.com.br/jogo/8039/brasileiro-feminino-2024/corinthians-4-x-2-red_bull_bragantino","LATITUDE":-23.526659630812546,"LONGITUDE":-46.5694808951696,"ERA":"2016-Presente","PAIS_ISO3":"BRA","PAIS_FONTE":"Brazil","FONTE_CORRECAO_PAIS":"https://data.geocode.earth/wof/dist/legacy/whosonfirst-data-country-latest.tar.bz2"},"geometry":{"type":"Point","coordinates":[-46.5694808951696,-23.526659630812546]}},{"type":"Feature","properties":{"MEUTIMAO_ID":"8038","DATA":"2024-06-09","ANO JOGO":2024,"MODALIDADE":"Feminino","MANDANTE / VISITANTE (SCCP)":"Não","TIME MANDANTE":"PALMEIRAS","GOLS MANDANTE":0,"TIME VISITANTE":"CORINTHIANS","GOLS VISITANTE":1,"PLACAR":"0x1","RESULTADO":"VITÓRIA","ADVERSÁRIO":"PALMEIRAS","GOLS SCCP":1,"GOLS ADVERSÁRIO":0,"SALDO DE GOLS":1,"COMPETIÇÃO":"Brasileiro Feminino 2024","ESTÁDIO":"Jaime Cintra","ESTÁDIO_ORIGINAL":"Jaime Cintra","FONTE":"Meu Timão","URL_FONTE":"https://www.meutimao.com.br/jogo/8038/brasileiro-feminino-2024/palmeiras-0-x-1-corinthians","LATITUDE":-23.1882884,"LONGITUDE":-46.8599183,"ERA":"2016-Presente","PAIS_ISO3":"BRA","PAIS_FONTE":"Brazil","FONTE_CORRECAO_PAIS":"https://data.geocode.earth/wof/dist/legacy/whosonfirst-data-country-latest.tar.bz2"},"geometry":{"type":"Point","coordinates":[-46.8599183,-23.1882884]}},{"type":"Feature","properties":{"MEUTIMAO_ID":"8185","DATA":"2024-06-05","ANO JOGO":2024,"MODALIDADE":"Feminino","MANDANTE / VISITANTE (SCCP)":"Sim","TIME MANDANTE":"CORINTHIANS","GOLS MANDANTE":1,"TIME VISITANTE":"SANTOS","GOLS VISITANTE":1,"PLACAR":"1x1","RESULTADO":"EMPATE","ADVERSÁRIO":"SANTOS","GOLS SCCP":1,"GOLS ADVERSÁRIO":1,"SALDO DE GOLS":0,"COMPETIÇÃO":"Paulista Feminino 2024","ESTÁDIO":"Estádio Alfredo Schürig (Fazendinha)","ESTÁDIO_ORIGINAL":"Fazendinha","FONTE":"Meu Timão","URL_FONTE":"https://www.meutimao.com.br/jogo/8185/paulista-feminino-2024/corinthians-1-x-1-santos","LATITUDE":-23.526659630812546,"LONGITUDE":-46.5694808951696,"ERA":"2016-Presente","PAIS_ISO3":"BRA","PAIS_FONTE":"Brazil","FONTE_CORRECAO_PAIS":"https://data.geocode.earth/wof/dist/legacy/whosonfirst-data-country-latest.tar.bz2"},"geometry":{"type":"Point","coordinates":[-46.5694808951696,-23.526659630812546]}},{"type":"Feature","properties":{"MEUTIMAO_ID":"8184","DATA":"2024-05-24","ANO JOGO":2024,"MODALIDADE":"Feminino","MANDANTE / VISITANTE (SCCP)":"Não","TIME MANDANTE":"RED BULL BRAGANTINO","GOLS MANDANTE":1,"TIME VISITANTE":"CORINTHIANS","GOLS VISITANTE":3,"PLACAR":"1x3","RESULTADO":"VITÓRIA","ADVERSÁRIO":"RED BULL BRAGANTINO","GOLS SCCP":3,"GOLS ADVERSÁRIO":1,"SALDO DE GOLS":2,"COMPETIÇÃO":"Paulista Feminino 2024","ESTÁDIO":"PREFEITO GABRIEL MARQUES DA SILVA","ESTÁDIO_ORIGINAL":"Gabriel Marques da Silva","FONTE":"Meu Timão","URL_FONTE":"https://www.meutimao.com.br/jogo/8184/paulista-feminino-2024/red_bull_bragantino-1-x-3-corinthians","LATITUDE":-23.439125511761116,"LONGITUDE":-46.91771617357998,"ERA":"2016-Presente","PAIS_ISO3":"BRA","PAIS_FONTE":"Brazil","FONTE_CORRECAO_PAIS":"https://data.geocode.earth/wof/dist/legacy/whosonfirst-data-country-latest.tar.bz2"},"geometry":{"type":"Point","coordinates":[-46.91771617357998,-23.439125511761116]}},{"type":"Feature","properties":{"MEUTIMAO_ID":"8183","DATA":"2024-05-21","ANO JOGO":2024,"MODALIDADE":"Feminino","MANDANTE / VISITANTE (SCCP)":"Sim","TIME MANDANTE":"CORINTHIANS","GOLS MANDANTE":4,"TIME VISITANTE":"TAUBATÉ","GOLS VISITANTE":1,"PLACAR":"4x1","RESULTADO":"VITÓRIA","ADVERSÁRIO":"TAUBATÉ","GOLS SCCP":4,"GOLS ADVERSÁRIO":1,"SALDO DE GOLS":3,"COMPETIÇÃO":"Paulista Feminino 2024","ESTÁDIO":"Estádio Alfredo Schürig (Fazendinha)","ESTÁDIO_ORIGINAL":"Fazendinha","FONTE":"Meu Timão","URL_FONTE":"https://www.meutimao.com.br/jogo/8183/paulista-feminino-2024/corinthians-4-x-1-taubate","LATITUDE":-23.526659630812546,"LONGITUDE":-46.5694808951696,"ERA":"2016-Presente","PAIS_ISO3":"BRA","PAIS_FONTE":"Brazil","FONTE_CORRECAO_PAIS":"https://data.geocode.earth/wof/dist/legacy/whosonfirst-data-country-latest.tar.bz2"},"geometry":{"type":"Point","coordinates":[-46.5694808951696,-23.526659630812546]}},{"type":"Feature","properties":{"MEUTIMAO_ID":"8037","DATA":"2024-05-18","ANO JOGO":2024,"MODALIDADE":"Feminino","MANDANTE / VISITANTE (SCCP)":"Sim","TIME MANDANTE":"CORINTHIANS","GOLS MANDANTE":1,"TIME VISITANTE":"REAL BRASÍLIA","GOLS VISITANTE":0,"PLACAR":"1x0","RESULTADO":"VITÓRIA","ADVERSÁRIO":"REAL BRASÍLIA","GOLS SCCP":1,"GOLS ADVERSÁRIO":0,"SALDO DE GOLS":1,"COMPETIÇÃO":"Brasileiro Feminino 2024","ESTÁDIO":"Estádio Alfredo Schürig (Fazendinha)","ESTÁDIO_ORIGINAL":"Fazendinha","FONTE":"Meu Timão","URL_FONTE":"https://www.meutimao.com.br/jogo/8037/brasileiro-feminino-2024/corinthians-1-x-0-real_brasilia","LATITUDE":-23.526659630812546,"LONGITUDE":-46.5694808951696,"ERA":"2016-Presente","PAIS_ISO3":"BRA","PAIS_FONTE":"Brazil","FONTE_CORRECAO_PAIS":"https://data.geocode.earth/wof/dist/legacy/whosonfirst-data-country-latest.tar.bz2"},"geometry":{"type":"Point","coordinates":[-46.5694808951696,-23.526659630812546]}},{"type":"Feature","properties":{"MEUTIMAO_ID":"8036","DATA":"2024-05-12","ANO JOGO":2024,"MODALIDADE":"Feminino","MANDANTE / VISITANTE (SCCP)":"Sim","TIME MANDANTE":"CORINTHIANS","GOLS MANDANTE":3,"TIME VISITANTE":"SÃO PAULO","GOLS VISITANTE":2,"PLACAR":"3x2","RESULTADO":"VITÓRIA","ADVERSÁRIO":"SÃO PAULO","GOLS SCCP":3,"GOLS ADVERSÁRIO":2,"SALDO DE GOLS":1,"COMPETIÇÃO":"Brasileiro Feminino 2024","ESTÁDIO":"Neo Química Arena","ESTÁDIO_ORIGINAL":"Neo Química Arena","FONTE":"Meu Timão","URL_FONTE":"https://www.meutimao.com.br/jogo/8036/brasileiro-feminino-2024/corinthians-3-x-2-sao_paulo","LATITUDE":-23.5453221,"LONGITUDE":-46.4742676,"ERA":"2016-Presente","PAIS_ISO3":"BRA","PAIS_FONTE":"Brazil","FONTE_CORRECAO_PAIS":"https://data.geocode.earth/wof/dist/legacy/whosonfirst-data-country-latest.tar.bz2"},"geometry":{"type":"Point","coordinates":[-46.4742676,-23.5453221]}},{"type":"Feature","properties":{"MEUTIMAO_ID":"8035","DATA":"2024-05-06","ANO JOGO":2024,"MODALIDADE":"Feminino","MANDANTE / VISITANTE (SCCP)":"Não","TIME MANDANTE":"BOTAFOGO","GOLS MANDANTE":0,"TIME VISITANTE":"CORINTHIANS","GOLS VISITANTE":2,"PLACAR":"0x2","RESULTADO":"VITÓRIA","ADVERSÁRIO":"BOTAFOGO","GOLS SCCP":2,"GOLS ADVERSÁRIO":0,"SALDO DE GOLS":2,"COMPETIÇÃO":"Brasileiro Feminino 2024","ESTÁDIO":"Nilton Santos","ESTÁDIO_ORIGINAL":"Nilton Santos","FONTE":"Meu Timão","URL_FONTE":"https://www.meutimao.com.br/jogo/8035/brasileiro-feminino-2024/botafogo-0-x-2-corinthians","LATITUDE":-22.893194,"LONGITUDE":-43.2935691,"ERA":"2016-Presente","PAIS_ISO3":"BRA","PAIS_FONTE":"Brazil","FONTE_CORRECAO_PAIS":"https://data.geocode.earth/wof/dist/legacy/whosonfirst-data-country-latest.tar.bz2"},"geometry":{"type":"Point","coordinates":[-43.2935691,-22.893194]}},{"type":"Feature","properties":{"MEUTIMAO_ID":"8034","DATA":"2024-05-01","ANO JOGO":2024,"MODALIDADE":"Feminino","MANDANTE / VISITANTE (SCCP)":"Não","TIME MANDANTE":"ATLÉTICO-MG","GOLS MANDANTE":1,"TIME VISITANTE":"CORINTHIANS","GOLS VISITANTE":3,"PLACAR":"1x3","RESULTADO":"VITÓRIA","ADVERSÁRIO":"ATLÉTICO-MG","GOLS SCCP":3,"GOLS ADVERSÁRIO":1,"SALDO DE GOLS":2,"COMPETIÇÃO":"Brasileiro Feminino 2024","ESTÁDIO":"ALTEROSAS (SESC VENDA NOVA)","ESTÁDIO_ORIGINAL":"SESC Venda Nova","FONTE":"Meu Timão","URL_FONTE":"https://www.meutimao.com.br/jogo/8034/brasileiro-feminino-2024/atletico-mg-1-x-3-corinthians","LATITUDE":-19.79361236860667,"LONGITUDE":-43.97873850426172,"ERA":"2016-Presente","PAIS_ISO3":"BRA","PAIS_FONTE":"Brazil","FONTE_CORRECAO_PAIS":"https://data.geocode.earth/wof/dist/legacy/whosonfirst-data-country-latest.tar.bz2"},"geometry":{"type":"Point","coordinates":[-43.97873850426172,-19.79361236860667]}},{"type":"Feature","properties":{"MEUTIMAO_ID":"8033","DATA":"2024-04-28","ANO JOGO":2024,"MODALIDADE":"Feminino","MANDANTE / VISITANTE (SCCP)":"Sim","TIME MANDANTE":"CORINTHIANS","GOLS MANDANTE":5,"TIME VISITANTE":"FLUMINENSE","GOLS VISITANTE":0,"PLACAR":"5x0","RESULTADO":"VITÓRIA","ADVERSÁRIO":"FLUMINENSE","GOLS SCCP":5,"GOLS ADVERSÁRIO":0,"SALDO DE GOLS":5,"COMPETIÇÃO":"Brasileiro Feminino 2024","ESTÁDIO":"Estádio Alfredo Schürig (Fazendinha)","ESTÁDIO_ORIGINAL":"Fazendinha","FONTE":"Meu Timão","URL_FONTE":"https://www.meutimao.com.br/jogo/8033/brasileiro-feminino-2024/corinthians-5-x-0-fluminense","LATITUDE":-23.526659630812546,"LONGITUDE":-46.5694808951696,"ERA":"2016-Presente","PAIS_ISO3":"BRA","PAIS_FONTE":"Brazil","FONTE_CORRECAO_PAIS":"https://data.geocode.earth/wof/dist/legacy/whosonfirst-data-country-latest.tar.bz2"},"geometry":{"type":"Point","coordinates":[-46.5694808951696,-23.526659630812546]}},{"type":"Feature","properties":{"MEUTIMAO_ID":"8032","DATA":"2024-04-22","ANO JOGO":2024,"MODALIDADE":"Feminino","MANDANTE / VISITANTE (SCCP)":"Sim","TIME MANDANTE":"CORINTHIANS","GOLS MANDANTE":0,"TIME VISITANTE":"FERROVIÁRIA","GOLS VISITANTE":0,"PLACAR":"0x0","RESULTADO":"EMPATE","ADVERSÁRIO":"FERROVIÁRIA","GOLS SCCP":0,"GOLS ADVERSÁRIO":0,"SALDO DE GOLS":0,"COMPETIÇÃO":"Brasileiro Feminino 2024","ESTÁDIO":"Neo Química Arena","ESTÁDIO_ORIGINAL":"Neo Química Arena","FONTE":"Meu Timão","URL_FONTE":"https://www.meutimao.com.br/jogo/8032/brasileiro-feminino-2024/corinthians-0-x-0-ferroviaria","LATITUDE":-23.5453221,"LONGITUDE":-46.4742676,"ERA":"2016-Presente","PAIS_ISO3":"BRA","PAIS_FONTE":"Brazil","FONTE_CORRECAO_PAIS":"https://data.geocode.earth/wof/dist/legacy/whosonfirst-data-country-latest.tar.bz2"},"geometry":{"type":"Point","coordinates":[-46.4742676,-23.5453221]}},{"type":"Feature","properties":{"MEUTIMAO_ID":"8031","DATA":"2024-04-12","ANO JOGO":2024,"MODALIDADE":"Feminino","MANDANTE / VISITANTE (SCCP)":"Não","TIME MANDANTE":"SANTOS","GOLS MANDANTE":1,"TIME VISITANTE":"CORINTHIANS","GOLS VISITANTE":3,"PLACAR":"1x3","RESULTADO":"VITÓRIA","ADVERSÁRIO":"SANTOS","GOLS SCCP":3,"GOLS ADVERSÁRIO":1,"SALDO DE GOLS":2,"COMPETIÇÃO":"Brasileiro Feminino 2024","ESTÁDIO":"Vila Belmiro","ESTÁDIO_ORIGINAL":"Vila Belmiro","FONTE":"Meu Timão","URL_FONTE":"https://www.meutimao.com.br/jogo/8031/brasileiro-feminino-2024/santos-1-x-3-corinthians","LATITUDE":-23.95083320224522,"LONGITUDE":-46.33836796008564,"ERA":"2016-Presente","PAIS_ISO3":"BRA","PAIS_FONTE":"Brazil","FONTE_CORRECAO_PAIS":"https://data.geocode.earth/wof/dist/legacy/whosonfirst-data-country-latest.tar.bz2"},"geometry":{"type":"Point","coordinates":[-46.33836796008564,-23.95083320224522]}},{"type":"Feature","properties":{"MEUTIMAO_ID":"8030","DATA":"2024-03-29","ANO JOGO":2024,"MODALIDADE":"Feminino","MANDANTE / VISITANTE (SCCP)":"Sim","TIME MANDANTE":"CORINTHIANS","GOLS MANDANTE":3,"TIME VISITANTE":"INTERNACIONAL","GOLS VISITANTE":0,"PLACAR":"3x0","RESULTADO":"VITÓRIA","ADVERSÁRIO":"INTERNACIONAL","GOLS SCCP":3,"GOLS ADVERSÁRIO":0,"SALDO DE GOLS":3,"COMPETIÇÃO":"Brasileiro Feminino 2024","ESTÁDIO":"Neo Química Arena","ESTÁDIO_ORIGINAL":"Neo Química Arena","FONTE":"Meu Timão","URL_FONTE":"https://www.meutimao.com.br/jogo/8030/brasileiro-feminino-2024/corinthians-3-x-0-internacional","LATITUDE":-23.5453221,"LONGITUDE":-46.4742676,"ERA":"2016-Presente","PAIS_ISO3":"BRA","PAIS_FONTE":"Brazil","FONTE_CORRECAO_PAIS":"https://data.geocode.earth/wof/dist/legacy/whosonfirst-data-country-latest.tar.bz2"},"geometry":{"type":"Point","coordinates":[-46.4742676,-23.5453221]}},{"type":"Feature","properties":{"MEUTIMAO_ID":"8029","DATA":"2024-03-25","ANO JOGO":2024,"MODALIDADE":"Feminino","MANDANTE / VISITANTE (SCCP)":"Não","TIME MANDANTE":"FLAMENGO","GOLS MANDANTE":2,"TIME VISITANTE":"CORINTHIANS","GOLS VISITANTE":3,"PLACAR":"2x3","RESULTADO":"VITÓRIA","ADVERSÁRIO":"FLAMENGO","GOLS SCCP":3,"GOLS ADVERSÁRIO":2,"SALDO DE GOLS":1,"COMPETIÇÃO":"Brasileiro Feminino 2024","ESTÁDIO":"Luso Brasileiro","ESTÁDIO_ORIGINAL":"Luso Brasileiro","FONTE":"Meu Timão","URL_FONTE":"https://www.meutimao.com.br/jogo/8029/brasileiro-feminino-2024/flamengo-2-x-3-corinthians","LATITUDE":-22.8017154,"LONGITUDE":-43.2081599,"ERA":"2016-Presente","PAIS_ISO3":"BRA","PAIS_FONTE":"Brazil","FONTE_CORRECAO_PAIS":"https://data.geocode.earth/wof/dist/legacy/whosonfirst-data-country-latest.tar.bz2"},"geometry":{"type":"Point","coordinates":[-43.2081599,-22.8017154]}},{"type":"Feature","properties":{"MEUTIMAO_ID":"8028","DATA":"2024-03-21","ANO JOGO":2024,"MODALIDADE":"Feminino","MANDANTE / VISITANTE (SCCP)":"Sim","TIME MANDANTE":"CORINTHIANS","GOLS MANDANTE":4,"TIME VISITANTE":"AMÉRICA-MG","GOLS VISITANTE":1,"PLACAR":"4x1","RESULTADO":"VITÓRIA","ADVERSÁRIO":"AMÉRICA-MG","GOLS SCCP":4,"GOLS ADVERSÁRIO":1,"SALDO DE GOLS":3,"COMPETIÇÃO":"Brasileiro Feminino 2024","ESTÁDIO":"Estádio Alfredo Schürig (Fazendinha)","ESTÁDIO_ORIGINAL":"Fazendinha","FONTE":"Meu Timão","URL_FONTE":"https://www.meutimao.com.br/jogo/8028/brasileiro-feminino-2024/corinthians-4-x-1-america-mg","LATITUDE":-23.526659630812546,"LONGITUDE":-46.5694808951696,"ERA":"2016-Presente","PAIS_ISO3":"BRA","PAIS_FONTE":"Brazil","FONTE_CORRECAO_PAIS":"https://data.geocode.earth/wof/dist/legacy/whosonfirst-data-country-latest.tar.bz2"},"geometry":{"type":"Point","coordinates":[-46.5694808951696,-23.526659630812546]}},{"type":"Feature","properties":{"MEUTIMAO_ID":"8027","DATA":"2024-03-18","ANO JOGO":2024,"MODALIDADE":"Feminino","MANDANTE / VISITANTE (SCCP)":"Não","TIME MANDANTE":"GRÊMIO","GOLS MANDANTE":0,"TIME VISITANTE":"CORINTHIANS","GOLS VISITANTE":3,"PLACAR":"0x3","RESULTADO":"VITÓRIA","ADVERSÁRIO":"GRÊMIO","GOLS SCCP":3,"GOLS ADVERSÁRIO":0,"SALDO DE GOLS":3,"COMPETIÇÃO":"Brasileiro Feminino 2024","ESTÁDIO":"Pavilhão","ESTÁDIO_ORIGINAL":"Pavilhão","FONTE":"Meu Timão","URL_FONTE":"https://www.meutimao.com.br/jogo/8027/brasileiro-feminino-2024/gremio-0-x-3-corinthians","LATITUDE":-29.9976311,"LONGITUDE":-51.3063965,"ERA":"2016-Presente","PAIS_ISO3":"BRA","PAIS_FONTE":"Brazil","FONTE_CORRECAO_PAIS":"https://data.geocode.earth/wof/dist/legacy/whosonfirst-data-country-latest.tar.bz2"},"geometry":{"type":"Point","coordinates":[-51.3063965,-29.9976311]}},{"type":"Feature","properties":{"MEUTIMAO_ID":"8026","DATA":"2024-02-18","ANO JOGO":2024,"MODALIDADE":"Feminino","MANDANTE / VISITANTE (SCCP)":"Sim","TIME MANDANTE":"CORINTHIANS","GOLS MANDANTE":1,"TIME VISITANTE":"CRUZEIRO","GOLS VISITANTE":0,"PLACAR":"1x0","RESULTADO":"VITÓRIA","ADVERSÁRIO":"CRUZEIRO","GOLS SCCP":1,"GOLS ADVERSÁRIO":0,"SALDO DE GOLS":1,"COMPETIÇÃO":"Supercopa Feminina 2024","ESTÁDIO":"Neo Química Arena","ESTÁDIO_ORIGINAL":"Neo Química Arena","FONTE":"Meu Timão","URL_FONTE":"https://www.meutimao.com.br/jogo/8026/supercopa-feminina-2024/final/corinthians-1-x-0-cruzeiro","LATITUDE":-23.5453221,"LONGITUDE":-46.4742676,"ERA":"2016-Presente","PAIS_ISO3":"BRA","PAIS_FONTE":"Brazil","FONTE_CORRECAO_PAIS":"https://data.geocode.earth/wof/dist/legacy/whosonfirst-data-country-latest.tar.bz2"},"geometry":{"type":"Point","coordinates":[-46.4742676,-23.5453221]}},{"type":"Feature","properties":{"MEUTIMAO_ID":"8025","DATA":"2024-02-15","ANO JOGO":2024,"MODALIDADE":"Feminino","MANDANTE / VISITANTE (SCCP)":"Sim","TIME MANDANTE":"CORINTHIANS","GOLS MANDANTE":2,"TIME VISITANTE":"FERROVIÁRIA","GOLS VISITANTE":0,"PLACAR":"2x0","RESULTADO":"VITÓRIA","ADVERSÁRIO":"FERROVIÁRIA","GOLS SCCP":2,"GOLS ADVERSÁRIO":0,"SALDO DE GOLS":2,"COMPETIÇÃO":"Supercopa Feminina 2024","ESTÁDIO":"Neo Química Arena","ESTÁDIO_ORIGINAL":"Neo Química Arena","FONTE":"Meu Timão","URL_FONTE":"https://www.meutimao.com.br/jogo/8025/supercopa-feminina-2024/corinthians-2-x-0-ferroviaria","LATITUDE":-23.5453221,"LONGITUDE":-46.4742676,"ERA":"2016-Presente","PAIS_ISO3":"BRA","PAIS_FONTE":"Brazil","FONTE_CORRECAO_PAIS":"https://data.geocode.earth/wof/dist/legacy/whosonfirst-data-country-latest.tar.bz2"},"geometry":{"type":"Point","coordinates":[-46.4742676,-23.5453221]}},{"type":"Feature","properties":{"MEUTIMAO_ID":"7989","DATA":"2024-02-11","ANO JOGO":2024,"MODALIDADE":"Feminino","MANDANTE / VISITANTE (SCCP)":"Não","TIME MANDANTE":"INTERNACIONAL","GOLS MANDANTE":2,"TIME VISITANTE":"CORINTHIANS","GOLS VISITANTE":4,"PLACAR":"2x4","RESULTADO":"VITÓRIA","ADVERSÁRIO":"INTERNACIONAL","GOLS SCCP":4,"GOLS ADVERSÁRIO":2,"SALDO DE GOLS":2,"COMPETIÇÃO":"Supercopa Feminina 2024","ESTÁDIO":"Beira-Rio","ESTÁDIO_ORIGINAL":"Beira-Rio","FONTE":"Meu Timão","URL_FONTE":"https://www.meutimao.com.br/jogo/7989/supercopa-feminina-2024/internacional-2-x-4-corinthians","LATITUDE":-30.0654826,"LONGITUDE":-51.2358459,"ERA":"2016-Presente","PAIS_ISO3":"BRA","PAIS_FONTE":"Brazil","FONTE_CORRECAO_PAIS":"https://data.geocode.earth/wof/dist/legacy/whosonfirst-data-country-latest.tar.bz2"},"geometry":{"type":"Point","coordinates":[-51.2358459,-30.0654826]}},{"type":"Feature","properties":{"MEUTIMAO_ID":"8835","DATA":"2025-12-14","ANO JOGO":2025,"MODALIDADE":"Feminino","MANDANTE / VISITANTE (SCCP)":"Sim","TIME MANDANTE":"CORINTHIANS","GOLS MANDANTE":1,"TIME VISITANTE":"PALMEIRAS","GOLS VISITANTE":0,"PLACAR":"1x0","RESULTADO":"VITÓRIA","ADVERSÁRIO":"PALMEIRAS","GOLS SCCP":1,"GOLS ADVERSÁRIO":0,"SALDO DE GOLS":1,"COMPETIÇÃO":"Paulista Feminino 2025","ESTÁDIO":"Canindé","ESTÁDIO_ORIGINAL":"Canindé","FONTE":"Meu Timão","URL_FONTE":"https://www.meutimao.com.br/jogo/8835/paulista-feminino-2025/final/corinthians-1-x-0-palmeiras","LATITUDE":-23.520132719349128,"LONGITUDE":-46.618264502415194,"ERA":"2016-Presente","PAIS_ISO3":"BRA","PAIS_FONTE":"Brazil","FONTE_CORRECAO_PAIS":"https://data.geocode.earth/wof/dist/legacy/whosonfirst-data-country-latest.tar.bz2"},"geometry":{"type":"Point","coordinates":[-46.618264502415194,-23.520132719349128]}},{"type":"Feature","properties":{"MEUTIMAO_ID":"8834","DATA":"2025-12-07","ANO JOGO":2025,"MODALIDADE":"Feminino","MANDANTE / VISITANTE (SCCP)":"Não","TIME MANDANTE":"PALMEIRAS","GOLS MANDANTE":5,"TIME VISITANTE":"CORINTHIANS","GOLS VISITANTE":1,"PLACAR":"5x1","RESULTADO":"DERROTA","ADVERSÁRIO":"PALMEIRAS","GOLS SCCP":1,"GOLS ADVERSÁRIO":5,"SALDO DE GOLS":-4,"COMPETIÇÃO":"Paulista Feminino 2025","ESTÁDIO":"Arena Barueri","ESTÁDIO_ORIGINAL":"Arena Barueri","FONTE":"Meu Timão","URL_FONTE":"https://www.meutimao.com.br/jogo/8834/paulista-feminino-2025/final/palmeiras-5-x-1-corinthians","LATITUDE":-23.5124719,"LONGITUDE":-46.8995624,"ERA":"2016-Presente","PAIS_ISO3":"BRA","PAIS_FONTE":"Brazil","FONTE_CORRECAO_PAIS":"https://data.geocode.earth/wof/dist/legacy/whosonfirst-data-country-latest.tar.bz2"},"geometry":{"type":"Point","coordinates":[-46.8995624,-23.5124719]}},{"type":"Feature","properties":{"MEUTIMAO_ID":"8817","DATA":"2025-12-04","ANO JOGO":2025,"MODALIDADE":"Feminino","MANDANTE / VISITANTE (SCCP)":"Sim","TIME MANDANTE":"CORINTHIANS","GOLS MANDANTE":2,"TIME VISITANTE":"SÃO PAULO","GOLS VISITANTE":1,"PLACAR":"2x1","RESULTADO":"VITÓRIA","ADVERSÁRIO":"SÃO PAULO","GOLS SCCP":2,"GOLS ADVERSÁRIO":1,"SALDO DE GOLS":1,"COMPETIÇÃO":"Paulista Feminino 2025","ESTÁDIO":"Neo Química Arena","ESTÁDIO_ORIGINAL":"Neo Química Arena","FONTE":"Meu Timão","URL_FONTE":"https://www.meutimao.com.br/jogo/8817/paulista-feminino-2025/corinthians-2-x-1-sao_paulo","LATITUDE":-23.5453221,"LONGITUDE":-46.4742676,"ERA":"2016-Presente","PAIS_ISO3":"BRA","PAIS_FONTE":"Brazil","FONTE_CORRECAO_PAIS":"https://data.geocode.earth/wof/dist/legacy/whosonfirst-data-country-latest.tar.bz2"},"geometry":{"type":"Point","coordinates":[-46.4742676,-23.5453221]}},{"type":"Feature","properties":{"MEUTIMAO_ID":"8816","DATA":"2025-11-22","ANO JOGO":2025,"MODALIDADE":"Feminino","MANDANTE / VISITANTE (SCCP)":"Não","TIME MANDANTE":"SÃO PAULO","GOLS MANDANTE":1,"TIME VISITANTE":"CORINTHIANS","GOLS VISITANTE":2,"PLACAR":"1x2","RESULTADO":"VITÓRIA","ADVERSÁRIO":"SÃO PAULO","GOLS SCCP":2,"GOLS ADVERSÁRIO":1,"SALDO DE GOLS":1,"COMPETIÇÃO":"Paulista Feminino 2025","ESTÁDIO":"Arena Barueri","ESTÁDIO_ORIGINAL":"Arena Barueri","FONTE":"Meu Timão","URL_FONTE":"https://www.meutimao.com.br/jogo/8816/paulista-feminino-2025/sao_paulo-1-x-2-corinthians","LATITUDE":-23.5124719,"LONGITUDE":-46.8995624,"ERA":"2016-Presente","PAIS_ISO3":"BRA","PAIS_FONTE":"Brazil","FONTE_CORRECAO_PAIS":"https://data.geocode.earth/wof/dist/legacy/whosonfirst-data-country-latest.tar.bz2"},"geometry":{"type":"Point","coordinates":[-46.8995624,-23.5124719]}},{"type":"Feature","properties":{"MEUTIMAO_ID":"8586","DATA":"2025-11-16","ANO JOGO":2025,"MODALIDADE":"Feminino","MANDANTE / VISITANTE (SCCP)":"Sim","TIME MANDANTE":"CORINTHIANS","GOLS MANDANTE":3,"TIME VISITANTE":"REALIDADE JOVEM","GOLS VISITANTE":0,"PLACAR":"3x0","RESULTADO":"VITÓRIA","ADVERSÁRIO":"REALIDADE JOVEM","GOLS SCCP":3,"GOLS ADVERSÁRIO":0,"SALDO DE GOLS":3,"COMPETIÇÃO":"Paulista Feminino 2025","ESTÁDIO":"José Liberatti","ESTÁDIO_ORIGINAL":"José Liberatti","FONTE":"Meu Timão","URL_FONTE":"https://www.meutimao.com.br/jogo/8586/paulista-feminino-2025/corinthians-3-x-0-realidade_jovem","LATITUDE":-23.5112728,"LONGITUDE":-46.7763584,"ERA":"2016-Presente","PAIS_ISO3":"BRA","PAIS_FONTE":"Brazil","FONTE_CORRECAO_PAIS":"https://data.geocode.earth/wof/dist/legacy/whosonfirst-data-country-latest.tar.bz2"},"geometry":{"type":"Point","coordinates":[-46.7763584,-23.5112728]}},{"type":"Feature","properties":{"MEUTIMAO_ID":"8585","DATA":"2025-11-13","ANO JOGO":2025,"MODALIDADE":"Feminino","MANDANTE / VISITANTE (SCCP)":"Não","TIME MANDANTE":"FERROVIÁRIA","GOLS MANDANTE":0,"TIME VISITANTE":"CORINTHIANS","GOLS VISITANTE":0,"PLACAR":"0x0","RESULTADO":"EMPATE","ADVERSÁRIO":"FERROVIÁRIA","GOLS SCCP":0,"GOLS ADVERSÁRIO":0,"SALDO DE GOLS":0,"COMPETIÇÃO":"Paulista Feminino 2025","ESTÁDIO":"Fonte Luminosa","ESTÁDIO_ORIGINAL":"Fonte Luminosa","FONTE":"Meu Timão","URL_FONTE":"https://www.meutimao.com.br/jogo/8585/paulista-feminino-2025/ferroviaria-0-x-0-corinthians","LATITUDE":-21.7886713,"LONGITUDE":-48.1773096,"ERA":"2016-Presente","PAIS_ISO3":"BRA","PAIS_FONTE":"Brazil","FONTE_CORRECAO_PAIS":"https://data.geocode.earth/wof/dist/legacy/whosonfirst-data-country-latest.tar.bz2"},"geometry":{"type":"Point","coordinates":[-48.1773096,-21.7886713]}},{"type":"Feature","properties":{"MEUTIMAO_ID":"8584","DATA":"2025-11-10","ANO JOGO":2025,"MODALIDADE":"Feminino","MANDANTE / VISITANTE (SCCP)":"Não","TIME MANDANTE":"PALMEIRAS","GOLS MANDANTE":0,"TIME VISITANTE":"CORINTHIANS","GOLS VISITANTE":0,"PLACAR":"0x0","RESULTADO":"EMPATE","ADVERSÁRIO":"PALMEIRAS","GOLS SCCP":0,"GOLS ADVERSÁRIO":0,"SALDO DE GOLS":0,"COMPETIÇÃO":"Paulista Feminino 2025","ESTÁDIO":"Arena Barueri","ESTÁDIO_ORIGINAL":"Arena Barueri","FONTE":"Meu Timão","URL_FONTE":"https://www.meutimao.com.br/jogo/8584/paulista-feminino-2025/palmeiras-0-x-0-corinthians","LATITUDE":-23.5124719,"LONGITUDE":-46.8995624,"ERA":"2016-Presente","PAIS_ISO3":"BRA","PAIS_FONTE":"Brazil","FONTE_CORRECAO_PAIS":"https://data.geocode.earth/wof/dist/legacy/whosonfirst-data-country-latest.tar.bz2"},"geometry":{"type":"Point","coordinates":[-46.8995624,-23.5124719]}},{"type":"Feature","properties":{"MEUTIMAO_ID":"8583","DATA":"2025-11-01","ANO JOGO":2025,"MODALIDADE":"Feminino","MANDANTE / VISITANTE (SCCP)":"Sim","TIME MANDANTE":"CORINTHIANS","GOLS MANDANTE":3,"TIME VISITANTE":"SÃO PAULO","GOLS VISITANTE":1,"PLACAR":"3x1","RESULTADO":"VITÓRIA","ADVERSÁRIO":"SÃO PAULO","GOLS SCCP":3,"GOLS ADVERSÁRIO":1,"SALDO DE GOLS":2,"COMPETIÇÃO":"Paulista Feminino 2025","ESTÁDIO":"Estádio Alfredo Schürig (Fazendinha)","ESTÁDIO_ORIGINAL":"Fazendinha","FONTE":"Meu Timão","URL_FONTE":"https://www.meutimao.com.br/jogo/8583/paulista-feminino-2025/corinthians-3-x-1-sao_paulo","LATITUDE":-23.526659630812546,"LONGITUDE":-46.5694808951696,"ERA":"2016-Presente","PAIS_ISO3":"BRA","PAIS_FONTE":"Brazil","FONTE_CORRECAO_PAIS":"https://data.geocode.earth/wof/dist/legacy/whosonfirst-data-country-latest.tar.bz2"},"geometry":{"type":"Point","coordinates":[-46.5694808951696,-23.526659630812546]}},{"type":"Feature","properties":{"MEUTIMAO_ID":"8787","DATA":"2025-10-18","ANO JOGO":2025,"MODALIDADE":"Feminino","MANDANTE / VISITANTE (SCCP)":"Sim","TIME MANDANTE":"CORINTHIANS","GOLS MANDANTE":0,"TIME VISITANTE":"DEPORTIVO CALI","GOLS VISITANTE":0,"PLACAR":"0x0","RESULTADO":"EMPATE","ADVERSÁRIO":"DEPORTIVO CALI","GOLS SCCP":0,"GOLS ADVERSÁRIO":0,"SALDO DE GOLS":0,"COMPETIÇÃO":"Libertadores Feminina 2025","ESTÁDIO":"Lencho","ESTÁDIO_ORIGINAL":"Lencho","FONTE":"Meu Timão","URL_FONTE":"https://www.meutimao.com.br/jogo/8787/libertadores-feminina-2025/final/corinthians-0-x-0-deportivo_cali","LATITUDE":-34.6095579,"LONGITUDE":-58.3887904,"ERA":"2016-Presente","PAIS_ISO3":"ARG","PAIS_FONTE":"Argentina","FONTE_CORRECAO_PAIS":"https://data.geocode.earth/wof/dist/legacy/whosonfirst-data-country-latest.tar.bz2"},"geometry":{"type":"Point","coordinates":[-58.3887904,-34.6095579]}},{"type":"Feature","properties":{"MEUTIMAO_ID":"8781","DATA":"2025-10-15","ANO JOGO":2025,"MODALIDADE":"Feminino","MANDANTE / VISITANTE (SCCP)":"Sim","TIME MANDANTE":"CORINTHIANS","GOLS MANDANTE":1,"TIME VISITANTE":"FERROVIÁRIA","GOLS VISITANTE":1,"PLACAR":"1x1","RESULTADO":"EMPATE","ADVERSÁRIO":"FERROVIÁRIA","GOLS SCCP":1,"GOLS ADVERSÁRIO":1,"SALDO DE GOLS":0,"COMPETIÇÃO":"Libertadores Feminina 2025","ESTÁDIO":"Lencho","ESTÁDIO_ORIGINAL":"Lencho","FONTE":"Meu Timão","URL_FONTE":"https://www.meutimao.com.br/jogo/8781/libertadores-feminina-2025/corinthians-1-x-1-ferroviaria","LATITUDE":-34.6095579,"LONGITUDE":-58.3887904,"ERA":"2016-Presente","PAIS_ISO3":"ARG","PAIS_FONTE":"Argentina","FONTE_CORRECAO_PAIS":"https://data.geocode.earth/wof/dist/legacy/whosonfirst-data-country-latest.tar.bz2"},"geometry":{"type":"Point","coordinates":[-58.3887904,-34.6095579]}},{"type":"Feature","properties":{"MEUTIMAO_ID":"8780","DATA":"2025-10-11","ANO JOGO":2025,"MODALIDADE":"Feminino","MANDANTE / VISITANTE (SCCP)":"Sim","TIME MANDANTE":"CORINTHIANS","GOLS MANDANTE":4,"TIME VISITANTE":"BOCA JUNIORS","GOLS VISITANTE":0,"PLACAR":"4x0","RESULTADO":"VITÓRIA","ADVERSÁRIO":"BOCA JUNIORS","GOLS SCCP":4,"GOLS ADVERSÁRIO":0,"SALDO DE GOLS":4,"COMPETIÇÃO":"Libertadores Feminina 2025","ESTÁDIO":"Deportivo Morón","ESTÁDIO_ORIGINAL":"Deportivo Morón","FONTE":"Meu Timão","URL_FONTE":"https://www.meutimao.com.br/jogo/8780/libertadores-feminina-2025/quartas_de_final/corinthians-4-x-0-boca_juniors","LATITUDE":-34.6095579,"LONGITUDE":-58.3887904,"ERA":"2016-Presente","PAIS_ISO3":"ARG","PAIS_FONTE":"Argentina","FONTE_CORRECAO_PAIS":"https://data.geocode.earth/wof/dist/legacy/whosonfirst-data-country-latest.tar.bz2"},"geometry":{"type":"Point","coordinates":[-58.3887904,-34.6095579]}},{"type":"Feature","properties":{"MEUTIMAO_ID":"8740","DATA":"2025-10-08","ANO JOGO":2025,"MODALIDADE":"Feminino","MANDANTE / VISITANTE (SCCP)":"Sim","TIME MANDANTE":"CORINTHIANS","GOLS MANDANTE":1,"TIME VISITANTE":"INDEPENDIENTE SANTA FE","GOLS VISITANTE":0,"PLACAR":"1x0","RESULTADO":"VITÓRIA","ADVERSÁRIO":"INDEPENDIENTE SANTA FE","GOLS SCCP":1,"GOLS ADVERSÁRIO":0,"SALDO DE GOLS":1,"COMPETIÇÃO":"Libertadores Feminina 2025","ESTÁDIO":"Lencho","ESTÁDIO_ORIGINAL":"Lencho","FONTE":"Meu Timão","URL_FONTE":"https://www.meutimao.com.br/jogo/8740/libertadores-feminina-2025/corinthians-1-x-0-independiente_santa_fe","LATITUDE":-34.6095579,"LONGITUDE":-58.3887904,"ERA":"2016-Presente","PAIS_ISO3":"ARG","PAIS_FONTE":"Argentina","FONTE_CORRECAO_PAIS":"https://data.geocode.earth/wof/dist/legacy/whosonfirst-data-country-latest.tar.bz2"},"geometry":{"type":"Point","coordinates":[-58.3887904,-34.6095579]}},{"type":"Feature","properties":{"MEUTIMAO_ID":"8738","DATA":"2025-10-05","ANO JOGO":2025,"MODALIDADE":"Feminino","MANDANTE / VISITANTE (SCCP)":"Sim","TIME MANDANTE":"CORINTHIANS","GOLS MANDANTE":11,"TIME VISITANTE":"ALWAYS READY","GOLS VISITANTE":0,"PLACAR":"11x0","RESULTADO":"VITÓRIA","ADVERSÁRIO":"ALWAYS READY","GOLS SCCP":11,"GOLS ADVERSÁRIO":0,"SALDO DE GOLS":11,"COMPETIÇÃO":"Libertadores Feminina 2025","ESTÁDIO":"Deportivo Morón","ESTÁDIO_ORIGINAL":"Deportivo Morón","FONTE":"Meu Timão","URL_FONTE":"https://www.meutimao.com.br/jogo/8738/libertadores-feminina-2025/corinthians-11-x-0-always_ready","LATITUDE":-34.6095579,"LONGITUDE":-58.3887904,"ERA":"2016-Presente","PAIS_ISO3":"ARG","PAIS_FONTE":"Argentina","FONTE_CORRECAO_PAIS":"https://data.geocode.earth/wof/dist/legacy/whosonfirst-data-country-latest.tar.bz2"},"geometry":{"type":"Point","coordinates":[-58.3887904,-34.6095579]}},{"type":"Feature","properties":{"MEUTIMAO_ID":"8739","DATA":"2025-10-02","ANO JOGO":2025,"MODALIDADE":"Feminino","MANDANTE / VISITANTE (SCCP)":"Sim","TIME MANDANTE":"CORINTHIANS","GOLS MANDANTE":1,"TIME VISITANTE":"INDEPENDIENTE DEL VALLE","GOLS VISITANTE":1,"PLACAR":"1x1","RESULTADO":"EMPATE","ADVERSÁRIO":"INDEPENDIENTE DEL VALLE","GOLS SCCP":1,"GOLS ADVERSÁRIO":1,"SALDO DE GOLS":0,"COMPETIÇÃO":"Libertadores Feminina 2025","ESTÁDIO":"Lencho","ESTÁDIO_ORIGINAL":"Lencho","FONTE":"Meu Timão","URL_FONTE":"https://www.meutimao.com.br/jogo/8739/libertadores-feminina-2025/corinthians-1-x-1-independiente_del_valle","LATITUDE":-34.6095579,"LONGITUDE":-58.3887904,"ERA":"2016-Presente","PAIS_ISO3":"ARG","PAIS_FONTE":"Argentina","FONTE_CORRECAO_PAIS":"https://data.geocode.earth/wof/dist/legacy/whosonfirst-data-country-latest.tar.bz2"},"geometry":{"type":"Point","coordinates":[-58.3887904,-34.6095579]}},{"type":"Feature","properties":{"MEUTIMAO_ID":"8582","DATA":"2025-09-27","ANO JOGO":2025,"MODALIDADE":"Feminino","MANDANTE / VISITANTE (SCCP)":"Não","TIME MANDANTE":"TAUBATÉ","GOLS MANDANTE":0,"TIME VISITANTE":"CORINTHIANS","GOLS VISITANTE":3,"PLACAR":"0x3","RESULTADO":"VITÓRIA","ADVERSÁRIO":"TAUBATÉ","GOLS SCCP":3,"GOLS ADVERSÁRIO":0,"SALDO DE GOLS":3,"COMPETIÇÃO":"Paulista Feminino 2025","ESTÁDIO":"Joaquinzão","ESTÁDIO_ORIGINAL":"Joaquinzão","FONTE":"Meu Timão","URL_FONTE":"https://www.meutimao.com.br/jogo/8582/paulista-feminino-2025/taubate-0-x-3-corinthians","LATITUDE":-23.028033,"LONGITUDE":-45.5703466,"ERA":"2016-Presente","PAIS_ISO3":"BRA","PAIS_FONTE":"Brazil","FONTE_CORRECAO_PAIS":"https://data.geocode.earth/wof/dist/legacy/whosonfirst-data-country-latest.tar.bz2"},"geometry":{"type":"Point","coordinates":[-45.5703466,-23.028033]}},{"type":"Feature","properties":{"MEUTIMAO_ID":"8748","DATA":"2025-09-24","ANO JOGO":2025,"MODALIDADE":"Feminino","MANDANTE / VISITANTE (SCCP)":"Não","TIME MANDANTE":"SÃO PAULO","GOLS MANDANTE":3,"TIME VISITANTE":"CORINTHIANS","GOLS VISITANTE":1,"PLACAR":"3x1","RESULTADO":"DERROTA","ADVERSÁRIO":"SÃO PAULO","GOLS SCCP":1,"GOLS ADVERSÁRIO":3,"SALDO DE GOLS":-2,"COMPETIÇÃO":"Copa do Brasil Feminina 2025","ESTÁDIO":"PREFEITO GABRIEL MARQUES DA SILVA","ESTÁDIO_ORIGINAL":"Gabriel Marques da Silva","FONTE":"Meu Timão","URL_FONTE":"https://www.meutimao.com.br/jogo/8748/copa-do-brasil-feminina-2025/quartas_de_final/sao_paulo-3-x-1-corinthians","LATITUDE":-23.439125511761116,"LONGITUDE":-46.91771617357998,"ERA":"2016-Presente","PAIS_ISO3":"BRA","PAIS_FONTE":"Brazil","FONTE_CORRECAO_PAIS":"https://data.geocode.earth/wof/dist/legacy/whosonfirst-data-country-latest.tar.bz2"},"geometry":{"type":"Point","coordinates":[-46.91771617357998,-23.439125511761116]}},{"type":"Feature","properties":{"MEUTIMAO_ID":"8581","DATA":"2025-09-20","ANO JOGO":2025,"MODALIDADE":"Feminino","MANDANTE / VISITANTE (SCCP)":"Sim","TIME MANDANTE":"CORINTHIANS","GOLS MANDANTE":1,"TIME VISITANTE":"SANTOS","GOLS VISITANTE":0,"PLACAR":"1x0","RESULTADO":"VITÓRIA","ADVERSÁRIO":"SANTOS","GOLS SCCP":1,"GOLS ADVERSÁRIO":0,"SALDO DE GOLS":1,"COMPETIÇÃO":"Paulista Feminino 2025","ESTÁDIO":"Estádio Alfredo Schürig (Fazendinha)","ESTÁDIO_ORIGINAL":"Fazendinha","FONTE":"Meu Timão","URL_FONTE":"https://www.meutimao.com.br/jogo/8581/paulista-feminino-2025/corinthians-1-x-0-santos","LATITUDE":-23.526659630812546,"LONGITUDE":-46.5694808951696,"ERA":"2016-Presente","PAIS_ISO3":"BRA","PAIS_FONTE":"Brazil","FONTE_CORRECAO_PAIS":"https://data.geocode.earth/wof/dist/legacy/whosonfirst-data-country-latest.tar.bz2"},"geometry":{"type":"Point","coordinates":[-46.5694808951696,-23.526659630812546]}},{"type":"Feature","properties":{"MEUTIMAO_ID":"8705","DATA":"2025-09-17","ANO JOGO":2025,"MODALIDADE":"Feminino","MANDANTE / VISITANTE (SCCP)":"Sim","TIME MANDANTE":"CORINTHIANS","GOLS MANDANTE":3,"TIME VISITANTE":"JUVENTUDE","GOLS VISITANTE":0,"PLACAR":"3x0","RESULTADO":"VITÓRIA","ADVERSÁRIO":"JUVENTUDE","GOLS SCCP":3,"GOLS ADVERSÁRIO":0,"SALDO DE GOLS":3,"COMPETIÇÃO":"Copa do Brasil Feminina 2025","ESTÁDIO":"Estádio Alfredo Schürig (Fazendinha)","ESTÁDIO_ORIGINAL":"Fazendinha","FONTE":"Meu Timão","URL_FONTE":"https://www.meutimao.com.br/jogo/8705/copa-do-brasil-feminina-2025/corinthians-3-x-0-juventude","LATITUDE":-23.526659630812546,"LONGITUDE":-46.5694808951696,"ERA":"2016-Presente","PAIS_ISO3":"BRA","PAIS_FONTE":"Brazil","FONTE_CORRECAO_PAIS":"https://data.geocode.earth/wof/dist/legacy/whosonfirst-data-country-latest.tar.bz2"},"geometry":{"type":"Point","coordinates":[-46.5694808951696,-23.526659630812546]}},{"type":"Feature","properties":{"MEUTIMAO_ID":"8732","DATA":"2025-09-14","ANO JOGO":2025,"MODALIDADE":"Feminino","MANDANTE / VISITANTE (SCCP)":"Sim","TIME MANDANTE":"CORINTHIANS","GOLS MANDANTE":1,"TIME VISITANTE":"CRUZEIRO","GOLS VISITANTE":0,"PLACAR":"1x0","RESULTADO":"VITÓRIA","ADVERSÁRIO":"CRUZEIRO","GOLS SCCP":1,"GOLS ADVERSÁRIO":0,"SALDO DE GOLS":1,"COMPETIÇÃO":"Brasileiro Feminino 2025","ESTÁDIO":"Neo Química Arena","ESTÁDIO_ORIGINAL":"Neo Química Arena","FONTE":"Meu Timão","URL_FONTE":"https://www.meutimao.com.br/jogo/8732/brasileiro-feminino-2025/final/corinthians-1-x-0-cruzeiro","LATITUDE":-23.5453221,"LONGITUDE":-46.4742676,"ERA":"2016-Presente","PAIS_ISO3":"BRA","PAIS_FONTE":"Brazil","FONTE_CORRECAO_PAIS":"https://data.geocode.earth/wof/dist/legacy/whosonfirst-data-country-latest.tar.bz2"},"geometry":{"type":"Point","coordinates":[-46.4742676,-23.5453221]}},{"type":"Feature","properties":{"MEUTIMAO_ID":"8731","DATA":"2025-09-07","ANO JOGO":2025,"MODALIDADE":"Feminino","MANDANTE / VISITANTE (SCCP)":"Não","TIME MANDANTE":"CRUZEIRO","GOLS MANDANTE":2,"TIME VISITANTE":"CORINTHIANS","GOLS VISITANTE":2,"PLACAR":"2x2","RESULTADO":"EMPATE","ADVERSÁRIO":"CRUZEIRO","GOLS SCCP":2,"GOLS ADVERSÁRIO":2,"SALDO DE GOLS":0,"COMPETIÇÃO":"Brasileiro Feminino 2025","ESTÁDIO":"Arena Independência","ESTÁDIO_ORIGINAL":"Independência","FONTE":"Meu Timão","URL_FONTE":"https://www.meutimao.com.br/jogo/8731/brasileiro-feminino-2025/final/cruzeiro-2-x-2-corinthians","LATITUDE":-19.9087708,"LONGITUDE":-43.9180009,"ERA":"2016-Presente","CIDADE":"Belo Horizonte","ESTADO":"Minas Gerais","PAIS":"Brasil","CIDADE_FONTE":"Belo Horizonte","ESTADO_FONTE":"Minas Gerais","PAIS_FONTE":"Brasil","FONTE_CORRECAO_LOCALIDADE":"https://www.meutimao.com.br/estadio/independencia/","ESTÁDIO_DETALHE":"Arena Independência","PAIS_ISO3":"BRA"},"geometry":{"type":"Point","coordinates":[-43.9180009,-19.9087708]}},{"type":"Feature","properties":{"MEUTIMAO_ID":"8580","DATA":"2025-09-04","ANO JOGO":2025,"MODALIDADE":"Feminino","MANDANTE / VISITANTE (SCCP)":"Não","TIME MANDANTE":"RED BULL BRAGANTINO","GOLS MANDANTE":2,"TIME VISITANTE":"CORINTHIANS","GOLS VISITANTE":3,"PLACAR":"2x3","RESULTADO":"VITÓRIA","ADVERSÁRIO":"RED BULL BRAGANTINO","GOLS SCCP":3,"GOLS ADVERSÁRIO":2,"SALDO DE GOLS":1,"COMPETIÇÃO":"Paulista Feminino 2025","ESTÁDIO":"Municipal de Bragança Paulista","ESTÁDIO_ORIGINAL":"Municipal de Bragança Paulista","FONTE":"Meu Timão","URL_FONTE":"https://www.meutimao.com.br/jogo/8580/paulista-feminino-2025/red_bull_bragantino-2-x-3-corinthians","LATITUDE":-22.9520235,"LONGITUDE":-46.5418586,"ERA":"2016-Presente","PAIS_ISO3":"BRA","PAIS_FONTE":"Brazil","FONTE_CORRECAO_PAIS":"https://data.geocode.earth/wof/dist/legacy/whosonfirst-data-country-latest.tar.bz2"},"geometry":{"type":"Point","coordinates":[-46.5418586,-22.9520235]}},{"type":"Feature","properties":{"MEUTIMAO_ID":"8709","DATA":"2025-08-31","ANO JOGO":2025,"MODALIDADE":"Feminino","MANDANTE / VISITANTE (SCCP)":"Sim","TIME MANDANTE":"CORINTHIANS","GOLS MANDANTE":2,"TIME VISITANTE":"SÃO PAULO","GOLS VISITANTE":2,"PLACAR":"2x2","RESULTADO":"EMPATE","ADVERSÁRIO":"SÃO PAULO","GOLS SCCP":2,"GOLS ADVERSÁRIO":2,"SALDO DE GOLS":0,"COMPETIÇÃO":"Brasileiro Feminino 2025","ESTÁDIO":"Canindé","ESTÁDIO_ORIGINAL":"Canindé","FONTE":"Meu Timão","URL_FONTE":"https://www.meutimao.com.br/jogo/8709/brasileiro-feminino-2025/corinthians-2-x-2-sao_paulo","LATITUDE":-23.520132719349128,"LONGITUDE":-46.618264502415194,"ERA":"2016-Presente","PAIS_ISO3":"BRA","PAIS_FONTE":"Brazil","FONTE_CORRECAO_PAIS":"https://data.geocode.earth/wof/dist/legacy/whosonfirst-data-country-latest.tar.bz2"},"geometry":{"type":"Point","coordinates":[-46.618264502415194,-23.520132719349128]}},{"type":"Feature","properties":{"MEUTIMAO_ID":"8708","DATA":"2025-08-24","ANO JOGO":2025,"MODALIDADE":"Feminino","MANDANTE / VISITANTE (SCCP)":"Não","TIME MANDANTE":"SÃO PAULO","GOLS MANDANTE":0,"TIME VISITANTE":"CORINTHIANS","GOLS VISITANTE":2,"PLACAR":"0x2","RESULTADO":"VITÓRIA","ADVERSÁRIO":"SÃO PAULO","GOLS SCCP":2,"GOLS ADVERSÁRIO":0,"SALDO DE GOLS":2,"COMPETIÇÃO":"Brasileiro Feminino 2025","ESTÁDIO":"Pacaembu","ESTÁDIO_ORIGINAL":"Pacaembu","FONTE":"Meu Timão","URL_FONTE":"https://www.meutimao.com.br/jogo/8708/brasileiro-feminino-2025/sao_paulo-0-x-2-corinthians","LATITUDE":-23.5473429,"LONGITUDE":-46.6652465,"ERA":"2016-Presente","PAIS_ISO3":"BRA","PAIS_FONTE":"Brazil","FONTE_CORRECAO_PAIS":"https://data.geocode.earth/wof/dist/legacy/whosonfirst-data-country-latest.tar.bz2"},"geometry":{"type":"Point","coordinates":[-46.6652465,-23.5473429]}},{"type":"Feature","properties":{"MEUTIMAO_ID":"8579","DATA":"2025-08-21","ANO JOGO":2025,"MODALIDADE":"Feminino","MANDANTE / VISITANTE (SCCP)":"Não","TIME MANDANTE":"REALIDADE JOVEM","GOLS MANDANTE":0,"TIME VISITANTE":"CORINTHIANS","GOLS VISITANTE":3,"PLACAR":"0x3","RESULTADO":"VITÓRIA","ADVERSÁRIO":"REALIDADE JOVEM","GOLS SCCP":3,"GOLS ADVERSÁRIO":0,"SALDO DE GOLS":3,"COMPETIÇÃO":"Paulista Feminino 2025","ESTÁDIO":"JOÃO MENDES ATHAYDE","ESTÁDIO_ORIGINAL":"João Mendes Athayde","FONTE":"Meu Timão","URL_FONTE":"https://www.meutimao.com.br/jogo/8579/paulista-feminino-2025/realidade_jovem-0-x-3-corinthians","LATITUDE":-20.814393599785742,"LONGITUDE":-49.41902775639259,"ERA":"2016-Presente","PAIS_ISO3":"BRA","PAIS_FONTE":"Brazil","FONTE_CORRECAO_PAIS":"https://data.geocode.earth/wof/dist/legacy/whosonfirst-data-country-latest.tar.bz2"},"geometry":{"type":"Point","coordinates":[-49.41902775639259,-20.814393599785742]}},{"type":"Feature","properties":{"MEUTIMAO_ID":"8667","DATA":"2025-08-15","ANO JOGO":2025,"MODALIDADE":"Feminino","MANDANTE / VISITANTE (SCCP)":"Sim","TIME MANDANTE":"CORINTHIANS","GOLS MANDANTE":2,"TIME VISITANTE":"BAHIA","GOLS VISITANTE":0,"PLACAR":"2x0","RESULTADO":"VITÓRIA","ADVERSÁRIO":"BAHIA","GOLS SCCP":2,"GOLS ADVERSÁRIO":0,"SALDO DE GOLS":2,"COMPETIÇÃO":"Brasileiro Feminino 2025","ESTÁDIO":"Pacaembu","ESTÁDIO_ORIGINAL":"Pacaembu","FONTE":"Meu Timão","URL_FONTE":"https://www.meutimao.com.br/jogo/8667/brasileiro-feminino-2025/quartas_de_final/corinthians-2-x-0-bahia","LATITUDE":-23.5473429,"LONGITUDE":-46.6652465,"ERA":"2016-Presente","PAIS_ISO3":"BRA","PAIS_FONTE":"Brazil","FONTE_CORRECAO_PAIS":"https://data.geocode.earth/wof/dist/legacy/whosonfirst-data-country-latest.tar.bz2"},"geometry":{"type":"Point","coordinates":[-46.6652465,-23.5473429]}},{"type":"Feature","properties":{"MEUTIMAO_ID":"8578","DATA":"2025-08-12","ANO JOGO":2025,"MODALIDADE":"Feminino","MANDANTE / VISITANTE (SCCP)":"Sim","TIME MANDANTE":"CORINTHIANS","GOLS MANDANTE":2,"TIME VISITANTE":"FERROVIÁRIA","GOLS VISITANTE":0,"PLACAR":"2x0","RESULTADO":"VITÓRIA","ADVERSÁRIO":"FERROVIÁRIA","GOLS SCCP":2,"GOLS ADVERSÁRIO":0,"SALDO DE GOLS":2,"COMPETIÇÃO":"Paulista Feminino 2025","ESTÁDIO":"Pacaembu","ESTÁDIO_ORIGINAL":"Pacaembu","FONTE":"Meu Timão","URL_FONTE":"https://www.meutimao.com.br/jogo/8578/paulista-feminino-2025/corinthians-2-x-0-ferroviaria","LATITUDE":-23.5473429,"LONGITUDE":-46.6652465,"ERA":"2016-Presente","PAIS_ISO3":"BRA","PAIS_FONTE":"Brazil","FONTE_CORRECAO_PAIS":"https://data.geocode.earth/wof/dist/legacy/whosonfirst-data-country-latest.tar.bz2"},"geometry":{"type":"Point","coordinates":[-46.6652465,-23.5473429]}},{"type":"Feature","properties":{"MEUTIMAO_ID":"8666","DATA":"2025-08-09","ANO JOGO":2025,"MODALIDADE":"Feminino","MANDANTE / VISITANTE (SCCP)":"Não","TIME MANDANTE":"BAHIA","GOLS MANDANTE":1,"TIME VISITANTE":"CORINTHIANS","GOLS VISITANTE":2,"PLACAR":"1x2","RESULTADO":"VITÓRIA","ADVERSÁRIO":"BAHIA","GOLS SCCP":2,"GOLS ADVERSÁRIO":1,"SALDO DE GOLS":1,"COMPETIÇÃO":"Brasileiro Feminino 2025","ESTÁDIO":"Batistão","ESTÁDIO_ORIGINAL":"Batistão","FONTE":"Meu Timão","URL_FONTE":"https://www.meutimao.com.br/jogo/8666/brasileiro-feminino-2025/quartas_de_final/bahia-1-x-2-corinthians","LATITUDE":-10.9274814,"LONGITUDE":-37.0490497,"ERA":"2016-Presente","PAIS_ISO3":"BRA","PAIS_FONTE":"Brazil","FONTE_CORRECAO_PAIS":"https://data.geocode.earth/wof/dist/legacy/whosonfirst-data-country-latest.tar.bz2"},"geometry":{"type":"Point","coordinates":[-37.0490497,-10.9274814]}},{"type":"Feature","properties":{"MEUTIMAO_ID":"8684","DATA":"2025-08-06","ANO JOGO":2025,"MODALIDADE":"Feminino","MANDANTE / VISITANTE (SCCP)":"Não","TIME MANDANTE":"CRUZEIRO","GOLS MANDANTE":1,"TIME VISITANTE":"CORINTHIANS","GOLS VISITANTE":1,"PLACAR":"1x1","RESULTADO":"EMPATE","ADVERSÁRIO":"CRUZEIRO","GOLS SCCP":1,"GOLS ADVERSÁRIO":1,"SALDO DE GOLS":0,"COMPETIÇÃO":"Copa do Brasil Feminina 2025","ESTÁDIO":"Castor Cifuentes","ESTÁDIO_ORIGINAL":"Castor Cifuentes","FONTE":"Meu Timão","URL_FONTE":"https://www.meutimao.com.br/jogo/8684/copa-do-brasil-feminina-2025/cruzeiro-1-x-1-corinthians","LATITUDE":-19.9875487,"LONGITUDE":-43.8447967,"ERA":"2016-Presente","PAIS_ISO3":"BRA","PAIS_FONTE":"Brazil","FONTE_CORRECAO_PAIS":"https://data.geocode.earth/wof/dist/legacy/whosonfirst-data-country-latest.tar.bz2"},"geometry":{"type":"Point","coordinates":[-43.8447967,-19.9875487]}},{"type":"Feature","properties":{"MEUTIMAO_ID":"8577","DATA":"2025-08-03","ANO JOGO":2025,"MODALIDADE":"Feminino","MANDANTE / VISITANTE (SCCP)":"Sim","TIME MANDANTE":"CORINTHIANS","GOLS MANDANTE":1,"TIME VISITANTE":"PALMEIRAS","GOLS VISITANTE":0,"PLACAR":"1x0","RESULTADO":"VITÓRIA","ADVERSÁRIO":"PALMEIRAS","GOLS SCCP":1,"GOLS ADVERSÁRIO":0,"SALDO DE GOLS":1,"COMPETIÇÃO":"Paulista Feminino 2025","ESTÁDIO":"Estádio Alfredo Schürig (Fazendinha)","ESTÁDIO_ORIGINAL":"Fazendinha","FONTE":"Meu Timão","URL_FONTE":"https://www.meutimao.com.br/jogo/8577/paulista-feminino-2025/corinthians-1-x-0-palmeiras","LATITUDE":-23.526659630812546,"LONGITUDE":-46.5694808951696,"ERA":"2016-Presente","PAIS_ISO3":"BRA","PAIS_FONTE":"Brazil","FONTE_CORRECAO_PAIS":"https://data.geocode.earth/wof/dist/legacy/whosonfirst-data-country-latest.tar.bz2"},"geometry":{"type":"Point","coordinates":[-46.5694808951696,-23.526659630812546]}},{"type":"Feature","properties":{"MEUTIMAO_ID":"8685","DATA":"2025-07-15","ANO JOGO":2025,"MODALIDADE":"Feminino","MANDANTE / VISITANTE (SCCP)":"Sim","TIME MANDANTE":"CORINTHIANS","GOLS MANDANTE":1,"TIME VISITANTE":"KANSAS CITY CURRENT","GOLS VISITANTE":2,"PLACAR":"1x2","RESULTADO":"DERROTA","ADVERSÁRIO":"KANSAS CITY CURRENT","GOLS SCCP":1,"GOLS ADVERSÁRIO":2,"SALDO DE GOLS":-1,"COMPETIÇÃO":"Teal Rising Cup 2025","ESTÁDIO":"CPKC","ESTÁDIO_ORIGINAL":"CPKC","FONTE":"Meu Timão","URL_FONTE":"https://www.meutimao.com.br/jogo/8685/teal-rising-cup-2025/amistoso/corinthians-1-x-2-kansas_city_current","LATITUDE":39.1193789,"LONGITUDE":-94.5665908,"ERA":"2016-Presente","PAIS_ISO3":"USA","PAIS_FONTE":"United States","FONTE_CORRECAO_PAIS":"https://data.geocode.earth/wof/dist/legacy/whosonfirst-data-country-latest.tar.bz2"},"geometry":{"type":"Point","coordinates":[-94.5665908,39.1193789]}},{"type":"Feature","properties":{"MEUTIMAO_ID":"8647","DATA":"2025-07-12","ANO JOGO":2025,"MODALIDADE":"Feminino","MANDANTE / VISITANTE (SCCP)":"Sim","TIME MANDANTE":"CORINTHIANS","GOLS MANDANTE":1,"TIME VISITANTE":"CHICAGO STARS","GOLS VISITANTE":0,"PLACAR":"1x0","RESULTADO":"VITÓRIA","ADVERSÁRIO":"CHICAGO STARS","GOLS SCCP":1,"GOLS ADVERSÁRIO":0,"SALDO DE GOLS":1,"COMPETIÇÃO":"Teal Rising Cup 2025","ESTÁDIO":"CPKC","ESTÁDIO_ORIGINAL":"CPKC","FONTE":"Meu Timão","URL_FONTE":"https://www.meutimao.com.br/jogo/8647/teal-rising-cup-2025/amistoso/corinthians-1-x-0-chicago_stars","LATITUDE":39.1193789,"LONGITUDE":-94.5665908,"ERA":"2016-Presente","PAIS_ISO3":"USA","PAIS_FONTE":"United States","FONTE_CORRECAO_PAIS":"https://data.geocode.earth/wof/dist/legacy/whosonfirst-data-country-latest.tar.bz2"},"geometry":{"type":"Point","coordinates":[-94.5665908,39.1193789]}},{"type":"Feature","properties":{"MEUTIMAO_ID":"8576","DATA":"2025-06-22","ANO JOGO":2025,"MODALIDADE":"Feminino","MANDANTE / VISITANTE (SCCP)":"Não","TIME MANDANTE":"SÃO PAULO","GOLS MANDANTE":2,"TIME VISITANTE":"CORINTHIANS","GOLS VISITANTE":1,"PLACAR":"2x1","RESULTADO":"DERROTA","ADVERSÁRIO":"SÃO PAULO","GOLS SCCP":1,"GOLS ADVERSÁRIO":2,"SALDO DE GOLS":-1,"COMPETIÇÃO":"Paulista Feminino 2025","ESTÁDIO":"PREFEITO GABRIEL MARQUES DA SILVA","ESTÁDIO_ORIGINAL":"Gabriel Marques da Silva","FONTE":"Meu Timão","URL_FONTE":"https://www.meutimao.com.br/jogo/8576/paulista-feminino-2025/sao_paulo-2-x-1-corinthians","LATITUDE":-23.439125511761116,"LONGITUDE":-46.91771617357998,"ERA":"2016-Presente","PAIS_ISO3":"BRA","PAIS_FONTE":"Brazil","FONTE_CORRECAO_PAIS":"https://data.geocode.earth/wof/dist/legacy/whosonfirst-data-country-latest.tar.bz2"},"geometry":{"type":"Point","coordinates":[-46.91771617357998,-23.439125511761116]}},{"type":"Feature","properties":{"MEUTIMAO_ID":"8500","DATA":"2025-06-18","ANO JOGO":2025,"MODALIDADE":"Feminino","MANDANTE / VISITANTE (SCCP)":"Sim","TIME MANDANTE":"CORINTHIANS","GOLS MANDANTE":4,"TIME VISITANTE":"CRUZEIRO","GOLS VISITANTE":2,"PLACAR":"4x2","RESULTADO":"VITÓRIA","ADVERSÁRIO":"CRUZEIRO","GOLS SCCP":4,"GOLS ADVERSÁRIO":2,"SALDO DE GOLS":2,"COMPETIÇÃO":"Brasileiro Feminino 2025","ESTÁDIO":"Estádio Alfredo Schürig (Fazendinha)","ESTÁDIO_ORIGINAL":"Fazendinha","FONTE":"Meu Timão","URL_FONTE":"https://www.meutimao.com.br/jogo/8500/brasileiro-feminino-2025/corinthians-4-x-2-cruzeiro","LATITUDE":-23.526659630812546,"LONGITUDE":-46.5694808951696,"ERA":"2016-Presente","PAIS_ISO3":"BRA","PAIS_FONTE":"Brazil","FONTE_CORRECAO_PAIS":"https://data.geocode.earth/wof/dist/legacy/whosonfirst-data-country-latest.tar.bz2"},"geometry":{"type":"Point","coordinates":[-46.5694808951696,-23.526659630812546]}},{"type":"Feature","properties":{"MEUTIMAO_ID":"8499","DATA":"2025-06-15","ANO JOGO":2025,"MODALIDADE":"Feminino","MANDANTE / VISITANTE (SCCP)":"Não","TIME MANDANTE":"INTERNACIONAL","GOLS MANDANTE":0,"TIME VISITANTE":"CORINTHIANS","GOLS VISITANTE":5,"PLACAR":"0x5","RESULTADO":"VITÓRIA","ADVERSÁRIO":"INTERNACIONAL","GOLS SCCP":5,"GOLS ADVERSÁRIO":0,"SALDO DE GOLS":5,"COMPETIÇÃO":"Brasileiro Feminino 2025","ESTÁDIO":"Estádio Passo d'Areia","ESTÁDIO_ORIGINAL":"Estádio Passo d'Areia","FONTE":"Meu Timão","URL_FONTE":"https://www.meutimao.com.br/jogo/8499/brasileiro-feminino-2025/internacional-0-x-5-corinthians","LATITUDE":-30.0066051,"LONGITUDE":-51.1736132,"ERA":"2016-Presente","PAIS_ISO3":"BRA","PAIS_FONTE":"Brazil","FONTE_CORRECAO_PAIS":"https://data.geocode.earth/wof/dist/legacy/whosonfirst-data-country-latest.tar.bz2"},"geometry":{"type":"Point","coordinates":[-51.1736132,-30.0066051]}},{"type":"Feature","properties":{"MEUTIMAO_ID":"8498","DATA":"2025-06-09","ANO JOGO":2025,"MODALIDADE":"Feminino","MANDANTE / VISITANTE (SCCP)":"Sim","TIME MANDANTE":"CORINTHIANS","GOLS MANDANTE":1,"TIME VISITANTE":"FLAMENGO","GOLS VISITANTE":0,"PLACAR":"1x0","RESULTADO":"VITÓRIA","ADVERSÁRIO":"FLAMENGO","GOLS SCCP":1,"GOLS ADVERSÁRIO":0,"SALDO DE GOLS":1,"COMPETIÇÃO":"Brasileiro Feminino 2025","ESTÁDIO":"Canindé","ESTÁDIO_ORIGINAL":"Canindé","FONTE":"Meu Timão","URL_FONTE":"https://www.meutimao.com.br/jogo/8498/brasileiro-feminino-2025/corinthians-1-x-0-flamengo","LATITUDE":-23.520132719349128,"LONGITUDE":-46.618264502415194,"ERA":"2016-Presente","PAIS_ISO3":"BRA","PAIS_FONTE":"Brazil","FONTE_CORRECAO_PAIS":"https://data.geocode.earth/wof/dist/legacy/whosonfirst-data-country-latest.tar.bz2"},"geometry":{"type":"Point","coordinates":[-46.618264502415194,-23.520132719349128]}},{"type":"Feature","properties":{"MEUTIMAO_ID":"8575","DATA":"2025-06-04","ANO JOGO":2025,"MODALIDADE":"Feminino","MANDANTE / VISITANTE (SCCP)":"Sim","TIME MANDANTE":"CORINTHIANS","GOLS MANDANTE":5,"TIME VISITANTE":"TAUBATÉ","GOLS VISITANTE":1,"PLACAR":"5x1","RESULTADO":"VITÓRIA","ADVERSÁRIO":"TAUBATÉ","GOLS SCCP":5,"GOLS ADVERSÁRIO":1,"SALDO DE GOLS":4,"COMPETIÇÃO":"Paulista Feminino 2025","ESTÁDIO":"José Liberatti","ESTÁDIO_ORIGINAL":"José Liberatti","FONTE":"Meu Timão","URL_FONTE":"https://www.meutimao.com.br/jogo/8575/paulista-feminino-2025/corinthians-5-x-1-taubate","LATITUDE":-23.5112728,"LONGITUDE":-46.7763584,"ERA":"2016-Presente","PAIS_ISO3":"BRA","PAIS_FONTE":"Brazil","FONTE_CORRECAO_PAIS":"https://data.geocode.earth/wof/dist/legacy/whosonfirst-data-country-latest.tar.bz2"},"geometry":{"type":"Point","coordinates":[-46.7763584,-23.5112728]}},{"type":"Feature","properties":{"MEUTIMAO_ID":"8497","DATA":"2025-05-21","ANO JOGO":2025,"MODALIDADE":"Feminino","MANDANTE / VISITANTE (SCCP)":"Não","TIME MANDANTE":"AMÉRICA-MG","GOLS MANDANTE":0,"TIME VISITANTE":"CORINTHIANS","GOLS VISITANTE":1,"PLACAR":"0x1","RESULTADO":"VITÓRIA","ADVERSÁRIO":"AMÉRICA-MG","GOLS SCCP":1,"GOLS ADVERSÁRIO":0,"SALDO DE GOLS":1,"COMPETIÇÃO":"Brasileiro Feminino 2025","ESTÁDIO":"Arena do Jacaré","ESTÁDIO_ORIGINAL":"Arena do Jacaré","FONTE":"Meu Timão","URL_FONTE":"https://www.meutimao.com.br/jogo/8497/brasileiro-feminino-2025/america-mg-0-x-1-corinthians","LATITUDE":-19.4776055,"LONGITUDE":-44.2215488,"ERA":"2016-Presente","PAIS_ISO3":"BRA","PAIS_FONTE":"Brazil","FONTE_CORRECAO_PAIS":"https://data.geocode.earth/wof/dist/legacy/whosonfirst-data-country-latest.tar.bz2"},"geometry":{"type":"Point","coordinates":[-44.2215488,-19.4776055]}},{"type":"Feature","properties":{"MEUTIMAO_ID":"8496","DATA":"2025-05-17","ANO JOGO":2025,"MODALIDADE":"Feminino","MANDANTE / VISITANTE (SCCP)":"Sim","TIME MANDANTE":"CORINTHIANS","GOLS MANDANTE":4,"TIME VISITANTE":"SPORT","GOLS VISITANTE":0,"PLACAR":"4x0","RESULTADO":"VITÓRIA","ADVERSÁRIO":"SPORT","GOLS SCCP":4,"GOLS ADVERSÁRIO":0,"SALDO DE GOLS":4,"COMPETIÇÃO":"Brasileiro Feminino 2025","ESTÁDIO":"José Liberatti","ESTÁDIO_ORIGINAL":"José Liberatti","FONTE":"Meu Timão","URL_FONTE":"https://www.meutimao.com.br/jogo/8496/brasileiro-feminino-2025/corinthians-4-x-0-sport","LATITUDE":-23.5112728,"LONGITUDE":-46.7763584,"ERA":"2016-Presente","PAIS_ISO3":"BRA","PAIS_FONTE":"Brazil","FONTE_CORRECAO_PAIS":"https://data.geocode.earth/wof/dist/legacy/whosonfirst-data-country-latest.tar.bz2"},"geometry":{"type":"Point","coordinates":[-46.7763584,-23.5112728]}},{"type":"Feature","properties":{"MEUTIMAO_ID":"8574","DATA":"2025-05-14","ANO JOGO":2025,"MODALIDADE":"Feminino","MANDANTE / VISITANTE (SCCP)":"Não","TIME MANDANTE":"SANTOS","GOLS MANDANTE":0,"TIME VISITANTE":"CORINTHIANS","GOLS VISITANTE":3,"PLACAR":"0x3","RESULTADO":"VITÓRIA","ADVERSÁRIO":"SANTOS","GOLS SCCP":3,"GOLS ADVERSÁRIO":0,"SALDO DE GOLS":3,"COMPETIÇÃO":"Paulista Feminino 2025","ESTÁDIO":"Bruno José","ESTÁDIO_ORIGINAL":"Bruno José","FONTE":"Meu Timão","URL_FONTE":"https://www.meutimao.com.br/jogo/8574/paulista-feminino-2025/santos-0-x-3-corinthians","LATITUDE":-23.6695672,"LONGITUDE":-46.5093186,"ERA":"2016-Presente","PAIS_ISO3":"BRA","PAIS_FONTE":"Brazil","FONTE_CORRECAO_PAIS":"https://data.geocode.earth/wof/dist/legacy/whosonfirst-data-country-latest.tar.bz2"},"geometry":{"type":"Point","coordinates":[-46.5093186,-23.6695672]}},{"type":"Feature","properties":{"MEUTIMAO_ID":"8495","DATA":"2025-05-11","ANO JOGO":2025,"MODALIDADE":"Feminino","MANDANTE / VISITANTE (SCCP)":"Não","TIME MANDANTE":"FERROVIÁRIA","GOLS MANDANTE":1,"TIME VISITANTE":"CORINTHIANS","GOLS VISITANTE":1,"PLACAR":"1x1","RESULTADO":"EMPATE","ADVERSÁRIO":"FERROVIÁRIA","GOLS SCCP":1,"GOLS ADVERSÁRIO":1,"SALDO DE GOLS":0,"COMPETIÇÃO":"Brasileiro Feminino 2025","ESTÁDIO":"Fonte Luminosa","ESTÁDIO_ORIGINAL":"Fonte Luminosa","FONTE":"Meu Timão","URL_FONTE":"https://www.meutimao.com.br/jogo/8495/brasileiro-feminino-2025/ferroviaria-1-x-1-corinthians","LATITUDE":-21.7886713,"LONGITUDE":-48.1773096,"ERA":"2016-Presente","PAIS_ISO3":"BRA","PAIS_FONTE":"Brazil","FONTE_CORRECAO_PAIS":"https://data.geocode.earth/wof/dist/legacy/whosonfirst-data-country-latest.tar.bz2"},"geometry":{"type":"Point","coordinates":[-48.1773096,-21.7886713]}},{"type":"Feature","properties":{"MEUTIMAO_ID":"8573","DATA":"2025-05-07","ANO JOGO":2025,"MODALIDADE":"Feminino","MANDANTE / VISITANTE (SCCP)":"Sim","TIME MANDANTE":"CORINTHIANS","GOLS MANDANTE":4,"TIME VISITANTE":"RED BULL BRAGANTINO","GOLS VISITANTE":0,"PLACAR":"4x0","RESULTADO":"VITÓRIA","ADVERSÁRIO":"RED BULL BRAGANTINO","GOLS SCCP":4,"GOLS ADVERSÁRIO":0,"SALDO DE GOLS":4,"COMPETIÇÃO":"Paulista Feminino 2025","ESTÁDIO":"Estádio Alfredo Schürig (Fazendinha)","ESTÁDIO_ORIGINAL":"Fazendinha","FONTE":"Meu Timão","URL_FONTE":"https://www.meutimao.com.br/jogo/8573/paulista-feminino-2025/corinthians-4-x-0-red_bull_bragantino","LATITUDE":-23.526659630812546,"LONGITUDE":-46.5694808951696,"ERA":"2016-Presente","PAIS_ISO3":"BRA","PAIS_FONTE":"Brazil","FONTE_CORRECAO_PAIS":"https://data.geocode.earth/wof/dist/legacy/whosonfirst-data-country-latest.tar.bz2"},"geometry":{"type":"Point","coordinates":[-46.5694808951696,-23.526659630812546]}},{"type":"Feature","properties":{"MEUTIMAO_ID":"8494","DATA":"2025-05-04","ANO JOGO":2025,"MODALIDADE":"Feminino","MANDANTE / VISITANTE (SCCP)":"Sim","TIME MANDANTE":"CORINTHIANS","GOLS MANDANTE":5,"TIME VISITANTE":"BAHIA","GOLS VISITANTE":1,"PLACAR":"5x1","RESULTADO":"VITÓRIA","ADVERSÁRIO":"BAHIA","GOLS SCCP":5,"GOLS ADVERSÁRIO":1,"SALDO DE GOLS":4,"COMPETIÇÃO":"Brasileiro Feminino 2025","ESTÁDIO":"Estádio Alfredo Schürig (Fazendinha)","ESTÁDIO_ORIGINAL":"Fazendinha","FONTE":"Meu Timão","URL_FONTE":"https://www.meutimao.com.br/jogo/8494/brasileiro-feminino-2025/corinthians-5-x-1-bahia","LATITUDE":-23.526659630812546,"LONGITUDE":-46.5694808951696,"ERA":"2016-Presente","PAIS_ISO3":"BRA","PAIS_FONTE":"Brazil","FONTE_CORRECAO_PAIS":"https://data.geocode.earth/wof/dist/legacy/whosonfirst-data-country-latest.tar.bz2"},"geometry":{"type":"Point","coordinates":[-46.5694808951696,-23.526659630812546]}},{"type":"Feature","properties":{"MEUTIMAO_ID":"8493","DATA":"2025-05-01","ANO JOGO":2025,"MODALIDADE":"Feminino","MANDANTE / VISITANTE (SCCP)":"Sim","TIME MANDANTE":"CORINTHIANS","GOLS MANDANTE":2,"TIME VISITANTE":"GRÊMIO","GOLS VISITANTE":0,"PLACAR":"2x0","RESULTADO":"VITÓRIA","ADVERSÁRIO":"GRÊMIO","GOLS SCCP":2,"GOLS ADVERSÁRIO":0,"SALDO DE GOLS":2,"COMPETIÇÃO":"Brasileiro Feminino 2025","ESTÁDIO":"Estádio Alfredo Schürig (Fazendinha)","ESTÁDIO_ORIGINAL":"Fazendinha","FONTE":"Meu Timão","URL_FONTE":"https://www.meutimao.com.br/jogo/8493/brasileiro-feminino-2025/corinthians-2-x-0-gremio","LATITUDE":-23.526659630812546,"LONGITUDE":-46.5694808951696,"ERA":"2016-Presente","PAIS_ISO3":"BRA","PAIS_FONTE":"Brazil","FONTE_CORRECAO_PAIS":"https://data.geocode.earth/wof/dist/legacy/whosonfirst-data-country-latest.tar.bz2"},"geometry":{"type":"Point","coordinates":[-46.5694808951696,-23.526659630812546]}},{"type":"Feature","properties":{"MEUTIMAO_ID":"8492","DATA":"2025-04-26","ANO JOGO":2025,"MODALIDADE":"Feminino","MANDANTE / VISITANTE (SCCP)":"Não","TIME MANDANTE":"SÃO PAULO","GOLS MANDANTE":1,"TIME VISITANTE":"CORINTHIANS","GOLS VISITANTE":1,"PLACAR":"1x1","RESULTADO":"EMPATE","ADVERSÁRIO":"SÃO PAULO","GOLS SCCP":1,"GOLS ADVERSÁRIO":1,"SALDO DE GOLS":0,"COMPETIÇÃO":"Brasileiro Feminino 2025","ESTÁDIO":"Estádio Marcelo Portugal Gouveia","ESTÁDIO_ORIGINAL":"Marcelo Portugal","FONTE":"Meu Timão","URL_FONTE":"https://www.meutimao.com.br/jogo/8492/brasileiro-feminino-2025/sao_paulo-1-x-1-corinthians","LATITUDE":-23.6190828,"LONGITUDE":-46.9154251,"ERA":"2016-Presente","PAIS_ISO3":"BRA","PAIS_FONTE":"Brazil","FONTE_CORRECAO_PAIS":"https://data.geocode.earth/wof/dist/legacy/whosonfirst-data-country-latest.tar.bz2"},"geometry":{"type":"Point","coordinates":[-46.9154251,-23.6190828]}},{"type":"Feature","properties":{"MEUTIMAO_ID":"8501","DATA":"2025-04-19","ANO JOGO":2025,"MODALIDADE":"Feminino","MANDANTE / VISITANTE (SCCP)":"Sim","TIME MANDANTE":"CORINTHIANS","GOLS MANDANTE":8,"TIME VISITANTE":"INSTITUTO 3B","GOLS VISITANTE":0,"PLACAR":"8x0","RESULTADO":"VITÓRIA","ADVERSÁRIO":"INSTITUTO 3B","GOLS SCCP":8,"GOLS ADVERSÁRIO":0,"SALDO DE GOLS":8,"COMPETIÇÃO":"Brasileiro Feminino 2025","ESTÁDIO":"Estádio Alfredo Schürig (Fazendinha)","ESTÁDIO_ORIGINAL":"Fazendinha","FONTE":"Meu Timão","URL_FONTE":"https://www.meutimao.com.br/jogo/8501/brasileiro-feminino-2025/corinthians-8-x-0-instituto_3b","LATITUDE":-23.526659630812546,"LONGITUDE":-46.5694808951696,"ERA":"2016-Presente","PAIS_ISO3":"BRA","PAIS_FONTE":"Brazil","FONTE_CORRECAO_PAIS":"https://data.geocode.earth/wof/dist/legacy/whosonfirst-data-country-latest.tar.bz2"},"geometry":{"type":"Point","coordinates":[-46.5694808951696,-23.526659630812546]}},{"type":"Feature","properties":{"MEUTIMAO_ID":"8491","DATA":"2025-04-15","ANO JOGO":2025,"MODALIDADE":"Feminino","MANDANTE / VISITANTE (SCCP)":"Não","TIME MANDANTE":"FLUMINENSE","GOLS MANDANTE":1,"TIME VISITANTE":"CORINTHIANS","GOLS VISITANTE":1,"PLACAR":"1x1","RESULTADO":"EMPATE","ADVERSÁRIO":"FLUMINENSE","GOLS SCCP":1,"GOLS ADVERSÁRIO":1,"SALDO DE GOLS":0,"COMPETIÇÃO":"Brasileiro Feminino 2025","ESTÁDIO":"Moça Bonita","ESTÁDIO_ORIGINAL":"Estádio de Moça Bonita","FONTE":"Meu Timão","URL_FONTE":"https://www.meutimao.com.br/jogo/8491/brasileiro-feminino-2025/fluminense-1-x-1-corinthians","LATITUDE":-22.8725,"LONGITUDE":-43.4566109,"ERA":"2016-Presente","PAIS_ISO3":"BRA","PAIS_FONTE":"Brazil","FONTE_CORRECAO_PAIS":"https://data.geocode.earth/wof/dist/legacy/whosonfirst-data-country-latest.tar.bz2"},"geometry":{"type":"Point","coordinates":[-43.4566109,-22.8725]}},{"type":"Feature","properties":{"MEUTIMAO_ID":"8490","DATA":"2025-04-12","ANO JOGO":2025,"MODALIDADE":"Feminino","MANDANTE / VISITANTE (SCCP)":"Sim","TIME MANDANTE":"CORINTHIANS","GOLS MANDANTE":1,"TIME VISITANTE":"PALMEIRAS","GOLS VISITANTE":2,"PLACAR":"1x2","RESULTADO":"DERROTA","ADVERSÁRIO":"PALMEIRAS","GOLS SCCP":1,"GOLS ADVERSÁRIO":2,"SALDO DE GOLS":-1,"COMPETIÇÃO":"Brasileiro Feminino 2025","ESTÁDIO":"Estádio Alfredo Schürig (Fazendinha)","ESTÁDIO_ORIGINAL":"Fazendinha","FONTE":"Meu Timão","URL_FONTE":"https://www.meutimao.com.br/jogo/8490/brasileiro-feminino-2025/corinthians-1-x-2-palmeiras","LATITUDE":-23.526659630812546,"LONGITUDE":-46.5694808951696,"ERA":"2016-Presente","PAIS_ISO3":"BRA","PAIS_FONTE":"Brazil","FONTE_CORRECAO_PAIS":"https://data.geocode.earth/wof/dist/legacy/whosonfirst-data-country-latest.tar.bz2"},"geometry":{"type":"Point","coordinates":[-46.5694808951696,-23.526659630812546]}},{"type":"Feature","properties":{"MEUTIMAO_ID":"8489","DATA":"2025-03-30","ANO JOGO":2025,"MODALIDADE":"Feminino","MANDANTE / VISITANTE (SCCP)":"Não","TIME MANDANTE":"RED BULL BRAGANTINO","GOLS MANDANTE":2,"TIME VISITANTE":"CORINTHIANS","GOLS VISITANTE":2,"PLACAR":"2x2","RESULTADO":"EMPATE","ADVERSÁRIO":"RED BULL BRAGANTINO","GOLS SCCP":2,"GOLS ADVERSÁRIO":2,"SALDO DE GOLS":0,"COMPETIÇÃO":"Brasileiro Feminino 2025","ESTÁDIO":"PREFEITO GABRIEL MARQUES DA SILVA","ESTÁDIO_ORIGINAL":"Gabriel Marques da Silva","FONTE":"Meu Timão","URL_FONTE":"https://www.meutimao.com.br/jogo/8489/brasileiro-feminino-2025/red_bull_bragantino-2-x-2-corinthians","LATITUDE":-23.439125511761116,"LONGITUDE":-46.91771617357998,"ERA":"2016-Presente","PAIS_ISO3":"BRA","PAIS_FONTE":"Brazil","FONTE_CORRECAO_PAIS":"https://data.geocode.earth/wof/dist/legacy/whosonfirst-data-country-latest.tar.bz2"},"geometry":{"type":"Point","coordinates":[-46.91771617357998,-23.439125511761116]}},{"type":"Feature","properties":{"MEUTIMAO_ID":"8488","DATA":"2025-03-27","ANO JOGO":2025,"MODALIDADE":"Feminino","MANDANTE / VISITANTE (SCCP)":"Sim","TIME MANDANTE":"CORINTHIANS","GOLS MANDANTE":2,"TIME VISITANTE":"JUVENTUDE","GOLS VISITANTE":0,"PLACAR":"2x0","RESULTADO":"VITÓRIA","ADVERSÁRIO":"JUVENTUDE","GOLS SCCP":2,"GOLS ADVERSÁRIO":0,"SALDO DE GOLS":2,"COMPETIÇÃO":"Brasileiro Feminino 2025","ESTÁDIO":"Estádio Alfredo Schürig (Fazendinha)","ESTÁDIO_ORIGINAL":"Fazendinha","FONTE":"Meu Timão","URL_FONTE":"https://www.meutimao.com.br/jogo/8488/brasileiro-feminino-2025/corinthians-2-x-0-juventude","LATITUDE":-23.526659630812546,"LONGITUDE":-46.5694808951696,"ERA":"2016-Presente","PAIS_ISO3":"BRA","PAIS_FONTE":"Brazil","FONTE_CORRECAO_PAIS":"https://data.geocode.earth/wof/dist/legacy/whosonfirst-data-country-latest.tar.bz2"},"geometry":{"type":"Point","coordinates":[-46.5694808951696,-23.526659630812546]}},{"type":"Feature","properties":{"MEUTIMAO_ID":"8487","DATA":"2025-03-24","ANO JOGO":2025,"MODALIDADE":"Feminino","MANDANTE / VISITANTE (SCCP)":"Não","TIME MANDANTE":"REAL BRASÍLIA","GOLS MANDANTE":2,"TIME VISITANTE":"CORINTHIANS","GOLS VISITANTE":8,"PLACAR":"2x8","RESULTADO":"VITÓRIA","ADVERSÁRIO":"REAL BRASÍLIA","GOLS SCCP":8,"GOLS ADVERSÁRIO":2,"SALDO DE GOLS":6,"COMPETIÇÃO":"Brasileiro Feminino 2025","ESTÁDIO":"VALMIR CAMPELO BEZERRA (BEZERRÃO)","ESTÁDIO_ORIGINAL":"Bezerrão","FONTE":"Meu Timão","URL_FONTE":"https://www.meutimao.com.br/jogo/8487/brasileiro-feminino-2025/real_brasilia-2-x-8-corinthians","LATITUDE":-16.010988388571377,"LONGITUDE":-48.061410548437806,"ERA":"2016-Presente","PAIS_ISO3":"BRA","PAIS_FONTE":"Brazil","FONTE_CORRECAO_PAIS":"https://data.geocode.earth/wof/dist/legacy/whosonfirst-data-country-latest.tar.bz2"},"geometry":{"type":"Point","coordinates":[-48.061410548437806,-16.010988388571377]}},{"type":"Feature","properties":{"MEUTIMAO_ID":"8505","DATA":"2025-03-15","ANO JOGO":2025,"MODALIDADE":"Feminino","MANDANTE / VISITANTE (SCCP)":"Não","TIME MANDANTE":"SÃO PAULO","GOLS MANDANTE":0,"TIME VISITANTE":"CORINTHIANS","GOLS VISITANTE":0,"PLACAR":"0x0","RESULTADO":"EMPATE","ADVERSÁRIO":"SÃO PAULO","GOLS SCCP":0,"GOLS ADVERSÁRIO":0,"SALDO DE GOLS":0,"COMPETIÇÃO":"Supercopa Feminina 2025","ESTÁDIO":"Morumbi","ESTÁDIO_ORIGINAL":"Morumbis","FONTE":"Meu Timão","URL_FONTE":"https://www.meutimao.com.br/jogo/8505/supercopa-feminina-2025/final/sao_paulo-0-x-0-corinthians","LATITUDE":-23.6000888,"LONGITUDE":-46.7200902,"ERA":"2016-Presente","PAIS_ISO3":"BRA","PAIS_FONTE":"Brazil","FONTE_CORRECAO_PAIS":"https://data.geocode.earth/wof/dist/legacy/whosonfirst-data-country-latest.tar.bz2"},"geometry":{"type":"Point","coordinates":[-46.7200902,-23.6000888]}},{"type":"Feature","properties":{"MEUTIMAO_ID":"8504","DATA":"2025-03-12","ANO JOGO":2025,"MODALIDADE":"Feminino","MANDANTE / VISITANTE (SCCP)":"Sim","TIME MANDANTE":"CORINTHIANS","GOLS MANDANTE":1,"TIME VISITANTE":"CRUZEIRO","GOLS VISITANTE":0,"PLACAR":"1x0","RESULTADO":"VITÓRIA","ADVERSÁRIO":"CRUZEIRO","GOLS SCCP":1,"GOLS ADVERSÁRIO":0,"SALDO DE GOLS":1,"COMPETIÇÃO":"Supercopa Feminina 2025","ESTÁDIO":"1º DE MAIO (PRIMEIRÃO)","ESTÁDIO_ORIGINAL":"1º de Maio","FONTE":"Meu Timão","URL_FONTE":"https://www.meutimao.com.br/jogo/8504/supercopa-feminina-2025/corinthians-1-x-0-cruzeiro","LATITUDE":-23.699558583592914,"LONGITUDE":-46.55493146008563,"ERA":"2016-Presente","PAIS_ISO3":"BRA","PAIS_FONTE":"Brazil","FONTE_CORRECAO_PAIS":"https://data.geocode.earth/wof/dist/legacy/whosonfirst-data-country-latest.tar.bz2"},"geometry":{"type":"Point","coordinates":[-46.55493146008563,-23.699558583592914]}},{"type":"Feature","properties":{"MEUTIMAO_ID":"8425","DATA":"2025-03-09","ANO JOGO":2025,"MODALIDADE":"Feminino","MANDANTE / VISITANTE (SCCP)":"Não","TIME MANDANTE":"GRÊMIO","GOLS MANDANTE":0,"TIME VISITANTE":"CORINTHIANS","GOLS VISITANTE":3,"PLACAR":"0x3","RESULTADO":"VITÓRIA","ADVERSÁRIO":"GRÊMIO","GOLS SCCP":3,"GOLS ADVERSÁRIO":0,"SALDO DE GOLS":3,"COMPETIÇÃO":"Supercopa Feminina 2025","ESTÁDIO":"ARENA DO GRÊMIO","ESTÁDIO_ORIGINAL":"Arena do Grêmio","FONTE":"Meu Timão","URL_FONTE":"https://www.meutimao.com.br/jogo/8425/supercopa-feminina-2025/quartas_de_final/gremio-0-x-3-corinthians","LATITUDE":-29.97378608493292,"LONGITUDE":-51.19421738952703,"ERA":"2016-Presente","PAIS_ISO3":"BRA","PAIS_FONTE":"Brazil","FONTE_CORRECAO_PAIS":"https://data.geocode.earth/wof/dist/legacy/whosonfirst-data-country-latest.tar.bz2"},"geometry":{"type":"Point","coordinates":[-51.19421738952703,-29.97378608493292]}},{"type":"Feature","properties":{"MEUTIMAO_ID":"9158","DATA":"2026-09-26","ANO JOGO":2026,"MODALIDADE":"Feminino","MANDANTE / VISITANTE (SCCP)":"Sim","TIME MANDANTE":"CORINTHIANS","GOLS MANDANTE":1,"TIME VISITANTE":"SÃO PAULO","GOLS VISITANTE":2,"PLACAR":"1x2","RESULTADO":"DERROTA","ADVERSÁRIO":"SÃO PAULO","GOLS SCCP":1,"GOLS ADVERSÁRIO":2,"SALDO DE GOLS":-1,"COMPETIÇÃO":"Brasileiro Feminino 2026","ESTÁDIO":"Neo Química Arena","ESTÁDIO_ORIGINAL":"Neo Química Arena","FONTE":"Meu Timão","URL_FONTE":"https://www.meutimao.com.br/jogo/9158/brasileiro-feminino-2026/final/corinthians-1-x-2-sao_paulo","LATITUDE":-23.5453221,"LONGITUDE":-46.4742676,"ERA":"2016-Presente","PAIS_ISO3":"BRA","PAIS_FONTE":"Brazil","FONTE_CORRECAO_PAIS":"https://data.geocode.earth/wof/dist/legacy/whosonfirst-data-country-latest.tar.bz2"},"geometry":{"type":"Point","coordinates":[-46.4742676,-23.5453221]}},{"type":"Feature","properties":{"MEUTIMAO_ID":"9140","DATA":"2026-09-21","ANO JOGO":2026,"MODALIDADE":"Feminino","MANDANTE / VISITANTE (SCCP)":"Sim","TIME MANDANTE":"CORINTHIANS","GOLS MANDANTE":1,"TIME VISITANTE":"BAHIA","GOLS VISITANTE":0,"PLACAR":"1x0","RESULTADO":"VITÓRIA","ADVERSÁRIO":"BAHIA","GOLS SCCP":1,"GOLS ADVERSÁRIO":0,"SALDO DE GOLS":1,"COMPETIÇÃO":"Brasileiro Feminino 2026","ESTÁDIO":"Neo Química Arena","ESTÁDIO_ORIGINAL":"Neo Química Arena","FONTE":"Meu Timão","URL_FONTE":"https://www.meutimao.com.br/jogo/9140/brasileiro-feminino-2026/corinthians-1-x-0-bahia","LATITUDE":-23.5453221,"LONGITUDE":-46.4742676,"ERA":"2016-Presente","PAIS_ISO3":"BRA","PAIS_FONTE":"Brazil","FONTE_CORRECAO_PAIS":"https://data.geocode.earth/wof/dist/legacy/whosonfirst-data-country-latest.tar.bz2"},"geometry":{"type":"Point","coordinates":[-46.4742676,-23.5453221]}},{"type":"Feature","properties":{"MEUTIMAO_ID":"9139","DATA":"2026-09-15","ANO JOGO":2026,"MODALIDADE":"Feminino","MANDANTE / VISITANTE (SCCP)":"Não","TIME MANDANTE":"BAHIA","GOLS MANDANTE":0,"TIME VISITANTE":"CORINTHIANS","GOLS VISITANTE":1,"PLACAR":"0x1","RESULTADO":"VITÓRIA","ADVERSÁRIO":"BAHIA","GOLS SCCP":1,"GOLS ADVERSÁRIO":0,"SALDO DE GOLS":1,"COMPETIÇÃO":"Brasileiro Feminino 2026","ESTÁDIO":"Fonte Nova","ESTÁDIO_ORIGINAL":"Fonte Nova","FONTE":"Meu Timão","URL_FONTE":"https://www.meutimao.com.br/jogo/9139/brasileiro-feminino-2026/bahia-0-x-1-corinthians","LATITUDE":-12.97883,"LONGITUDE":-38.5043711,"ERA":"2016-Presente","PAIS_ISO3":"BRA","PAIS_FONTE":"Brazil","FONTE_CORRECAO_PAIS":"https://data.geocode.earth/wof/dist/legacy/whosonfirst-data-country-latest.tar.bz2"},"geometry":{"type":"Point","coordinates":[-38.5043711,-12.97883]}},{"type":"Feature","properties":{"MEUTIMAO_ID":"9115","DATA":"2026-09-07","ANO JOGO":2026,"MODALIDADE":"Feminino","MANDANTE / VISITANTE (SCCP)":"Sim","TIME MANDANTE":"CORINTHIANS","GOLS MANDANTE":3,"TIME VISITANTE":"CRUZEIRO","GOLS VISITANTE":1,"PLACAR":"3x1","RESULTADO":"VITÓRIA","ADVERSÁRIO":"CRUZEIRO","GOLS SCCP":3,"GOLS ADVERSÁRIO":1,"SALDO DE GOLS":2,"COMPETIÇÃO":"Brasileiro Feminino 2026","ESTÁDIO":"Canindé","ESTÁDIO_ORIGINAL":"Canindé","FONTE":"Meu Timão","URL_FONTE":"https://www.meutimao.com.br/jogo/9115/brasileiro-feminino-2026/quartas_de_final/corinthians-3-x-1-cruzeiro","LATITUDE":-23.520132719349128,"LONGITUDE":-46.618264502415194,"ERA":"2016-Presente","PAIS_ISO3":"BRA","PAIS_FONTE":"Brazil","FONTE_CORRECAO_PAIS":"https://data.geocode.earth/wof/dist/legacy/whosonfirst-data-country-latest.tar.bz2"},"geometry":{"type":"Point","coordinates":[-46.618264502415194,-23.520132719349128]}},{"type":"Feature","properties":{"MEUTIMAO_ID":"9114","DATA":"2026-08-31","ANO JOGO":2026,"MODALIDADE":"Feminino","MANDANTE / VISITANTE (SCCP)":"Não","TIME MANDANTE":"CRUZEIRO","GOLS MANDANTE":0,"TIME VISITANTE":"CORINTHIANS","GOLS VISITANTE":1,"PLACAR":"0x1","RESULTADO":"VITÓRIA","ADVERSÁRIO":"CRUZEIRO","GOLS SCCP":1,"GOLS ADVERSÁRIO":0,"SALDO DE GOLS":1,"COMPETIÇÃO":"Brasileiro Feminino 2026","ESTÁDIO":"Arena Independência","ESTÁDIO_ORIGINAL":"Independência","FONTE":"Meu Timão","URL_FONTE":"https://www.meutimao.com.br/jogo/9114/brasileiro-feminino-2026/quartas_de_final/cruzeiro-0-x-1-corinthians","LATITUDE":-19.9087708,"LONGITUDE":-43.9180009,"ERA":"2016-Presente","CIDADE":"Belo Horizonte","ESTADO":"Minas Gerais","PAIS":"Brasil","CIDADE_FONTE":"Belo Horizonte","ESTADO_FONTE":"Minas Gerais","PAIS_FONTE":"Brasil","FONTE_CORRECAO_LOCALIDADE":"https://www.meutimao.com.br/estadio/independencia/","ESTÁDIO_DETALHE":"Arena Independência","PAIS_ISO3":"BRA"},"geometry":{"type":"Point","coordinates":[-43.9180009,-19.9087708]}},{"type":"Feature","properties":{"MEUTIMAO_ID":"9014","DATA":"2026-08-26","ANO JOGO":2026,"MODALIDADE":"Feminino","MANDANTE / VISITANTE (SCCP)":"Sim","TIME MANDANTE":"CORINTHIANS","GOLS MANDANTE":6,"TIME VISITANTE":"TAUBATÉ","GOLS VISITANTE":2,"PLACAR":"6x2","RESULTADO":"VITÓRIA","ADVERSÁRIO":"TAUBATÉ","GOLS SCCP":6,"GOLS ADVERSÁRIO":2,"SALDO DE GOLS":4,"COMPETIÇÃO":"Paulista Feminino 2026","ESTÁDIO":"Estádio Alfredo Schürig (Fazendinha)","ESTÁDIO_ORIGINAL":"Fazendinha","FONTE":"Meu Timão","URL_FONTE":"https://www.meutimao.com.br/jogo/9014/paulista-feminino-2026/corinthians-6-x-2-taubate","LATITUDE":-23.526659630812546,"LONGITUDE":-46.5694808951696,"ERA":"2016-Presente","PAIS_ISO3":"BRA","PAIS_FONTE":"Brazil","FONTE_CORRECAO_PAIS":"https://data.geocode.earth/wof/dist/legacy/whosonfirst-data-country-latest.tar.bz2"},"geometry":{"type":"Point","coordinates":[-46.5694808951696,-23.526659630812546]}},{"type":"Feature","properties":{"MEUTIMAO_ID":"8918","DATA":"2026-08-22","ANO JOGO":2026,"MODALIDADE":"Feminino","MANDANTE / VISITANTE (SCCP)":"Sim","TIME MANDANTE":"CORINTHIANS","GOLS MANDANTE":1,"TIME VISITANTE":"INTERNACIONAL","GOLS VISITANTE":3,"PLACAR":"1x3","RESULTADO":"DERROTA","ADVERSÁRIO":"INTERNACIONAL","GOLS SCCP":1,"GOLS ADVERSÁRIO":3,"SALDO DE GOLS":-2,"COMPETIÇÃO":"Brasileiro Feminino 2026","ESTÁDIO":"Estádio Alfredo Schürig (Fazendinha)","ESTÁDIO_ORIGINAL":"Fazendinha","FONTE":"Meu Timão","URL_FONTE":"https://www.meutimao.com.br/jogo/8918/brasileiro-feminino-2026/corinthians-1-x-3-internacional","LATITUDE":-23.526659630812546,"LONGITUDE":-46.5694808951696,"ERA":"2016-Presente","PAIS_ISO3":"BRA","PAIS_FONTE":"Brazil","FONTE_CORRECAO_PAIS":"https://data.geocode.earth/wof/dist/legacy/whosonfirst-data-country-latest.tar.bz2"},"geometry":{"type":"Point","coordinates":[-46.5694808951696,-23.526659630812546]}},{"type":"Feature","properties":{"MEUTIMAO_ID":"8917","DATA":"2026-08-15","ANO JOGO":2026,"MODALIDADE":"Feminino","MANDANTE / VISITANTE (SCCP)":"Não","TIME MANDANTE":"BAHIA","GOLS MANDANTE":1,"TIME VISITANTE":"CORINTHIANS","GOLS VISITANTE":1,"PLACAR":"1x1","RESULTADO":"EMPATE","ADVERSÁRIO":"BAHIA","GOLS SCCP":1,"GOLS ADVERSÁRIO":1,"SALDO DE GOLS":0,"COMPETIÇÃO":"Brasileiro Feminino 2026","ESTÁDIO":"Fonte Nova","ESTÁDIO_ORIGINAL":"Fonte Nova","FONTE":"Meu Timão","URL_FONTE":"https://www.meutimao.com.br/jogo/8917/brasileiro-feminino-2026/bahia-1-x-1-corinthians","LATITUDE":-12.97883,"LONGITUDE":-38.5043711,"ERA":"2016-Presente","PAIS_ISO3":"BRA","PAIS_FONTE":"Brazil","FONTE_CORRECAO_PAIS":"https://data.geocode.earth/wof/dist/legacy/whosonfirst-data-country-latest.tar.bz2"},"geometry":{"type":"Point","coordinates":[-38.5043711,-12.97883]}},{"type":"Feature","properties":{"MEUTIMAO_ID":"9013","DATA":"2026-08-12","ANO JOGO":2026,"MODALIDADE":"Feminino","MANDANTE / VISITANTE (SCCP)":"Não","TIME MANDANTE":"MIRASSOL","GOLS MANDANTE":1,"TIME VISITANTE":"CORINTHIANS","GOLS VISITANTE":4,"PLACAR":"1x4","RESULTADO":"VITÓRIA","ADVERSÁRIO":"MIRASSOL","GOLS SCCP":4,"GOLS ADVERSÁRIO":1,"SALDO DE GOLS":3,"COMPETIÇÃO":"Paulista Feminino 2026","ESTÁDIO":"Estádio Manoel Ferreira","ESTÁDIO_ORIGINAL":"Estádio Manoel Ferreira","FONTE":"Meu Timão","URL_FONTE":"https://www.meutimao.com.br/jogo/9013/paulista-feminino-2026/mirassol-1-x-4-corinthians","LATITUDE":-20.7316942,"LONGITUDE":-49.5832891,"ERA":"2016-Presente","PAIS_ISO3":"BRA","PAIS_FONTE":"Brazil","FONTE_CORRECAO_PAIS":"https://data.geocode.earth/wof/dist/legacy/whosonfirst-data-country-latest.tar.bz2"},"geometry":{"type":"Point","coordinates":[-49.5832891,-20.7316942]}},{"type":"Feature","properties":{"MEUTIMAO_ID":"8916","DATA":"2026-08-09","ANO JOGO":2026,"MODALIDADE":"Feminino","MANDANTE / VISITANTE (SCCP)":"Sim","TIME MANDANTE":"CORINTHIANS","GOLS MANDANTE":4,"TIME VISITANTE":"SANTOS","GOLS VISITANTE":1,"PLACAR":"4x1","RESULTADO":"VITÓRIA","ADVERSÁRIO":"SANTOS","GOLS SCCP":4,"GOLS ADVERSÁRIO":1,"SALDO DE GOLS":3,"COMPETIÇÃO":"Brasileiro Feminino 2026","ESTÁDIO":"Canindé","ESTÁDIO_ORIGINAL":"Canindé","FONTE":"Meu Timão","URL_FONTE":"https://www.meutimao.com.br/jogo/8916/brasileiro-feminino-2026/corinthians-4-x-1-santos","LATITUDE":-23.520132719349128,"LONGITUDE":-46.618264502415194,"ERA":"2016-Presente","PAIS_ISO3":"BRA","PAIS_FONTE":"Brazil","FONTE_CORRECAO_PAIS":"https://data.geocode.earth/wof/dist/legacy/whosonfirst-data-country-latest.tar.bz2"},"geometry":{"type":"Point","coordinates":[-46.618264502415194,-23.520132719349128]}},{"type":"Feature","properties":{"MEUTIMAO_ID":"8915","DATA":"2026-08-03","ANO JOGO":2026,"MODALIDADE":"Feminino","MANDANTE / VISITANTE (SCCP)":"Não","TIME MANDANTE":"FLAMENGO","GOLS MANDANTE":0,"TIME VISITANTE":"CORINTHIANS","GOLS VISITANTE":1,"PLACAR":"0x1","RESULTADO":"VITÓRIA","ADVERSÁRIO":"FLAMENGO","GOLS SCCP":1,"GOLS ADVERSÁRIO":0,"SALDO DE GOLS":1,"COMPETIÇÃO":"Brasileiro Feminino 2026","ESTÁDIO":"Luso Brasileiro","ESTÁDIO_ORIGINAL":"Luso Brasileiro","FONTE":"Meu Timão","URL_FONTE":"https://www.meutimao.com.br/jogo/8915/brasileiro-feminino-2026/flamengo-0-x-1-corinthians","LATITUDE":-22.8017154,"LONGITUDE":-43.2081599,"ERA":"2016-Presente","PAIS_ISO3":"BRA","PAIS_FONTE":"Brazil","FONTE_CORRECAO_PAIS":"https://data.geocode.earth/wof/dist/legacy/whosonfirst-data-country-latest.tar.bz2"},"geometry":{"type":"Point","coordinates":[-43.2081599,-22.8017154]}},{"type":"Feature","properties":{"MEUTIMAO_ID":"9012","DATA":"2026-07-29","ANO JOGO":2026,"MODALIDADE":"Feminino","MANDANTE / VISITANTE (SCCP)":"Não","TIME MANDANTE":"PALMEIRAS","GOLS MANDANTE":1,"TIME VISITANTE":"CORINTHIANS","GOLS VISITANTE":0,"PLACAR":"1x0","RESULTADO":"DERROTA","ADVERSÁRIO":"PALMEIRAS","GOLS SCCP":0,"GOLS ADVERSÁRIO":1,"SALDO DE GOLS":-1,"COMPETIÇÃO":"Paulista Feminino 2026","ESTÁDIO":"Arena Barueri","ESTÁDIO_ORIGINAL":"Arena Barueri","FONTE":"Meu Timão","URL_FONTE":"https://www.meutimao.com.br/jogo/9012/paulista-feminino-2026/palmeiras-1-x-0-corinthians","LATITUDE":-23.5124719,"LONGITUDE":-46.8995624,"ERA":"2016-Presente","PAIS_ISO3":"BRA","PAIS_FONTE":"Brazil","FONTE_CORRECAO_PAIS":"https://data.geocode.earth/wof/dist/legacy/whosonfirst-data-country-latest.tar.bz2"},"geometry":{"type":"Point","coordinates":[-46.8995624,-23.5124719]}},{"type":"Feature","properties":{"MEUTIMAO_ID":"8914","DATA":"2026-07-26","ANO JOGO":2026,"MODALIDADE":"Feminino","MANDANTE / VISITANTE (SCCP)":"Sim","TIME MANDANTE":"CORINTHIANS","GOLS MANDANTE":4,"TIME VISITANTE":"VITÓRIA","GOLS VISITANTE":0,"PLACAR":"4x0","RESULTADO":"VITÓRIA","ADVERSÁRIO":"VITÓRIA","GOLS SCCP":4,"GOLS ADVERSÁRIO":0,"SALDO DE GOLS":4,"COMPETIÇÃO":"Brasileiro Feminino 2026","ESTÁDIO":"Canindé","ESTÁDIO_ORIGINAL":"Canindé","FONTE":"Meu Timão","URL_FONTE":"https://www.meutimao.com.br/jogo/8914/brasileiro-feminino-2026/corinthians-4-x-0-vitoria","LATITUDE":-23.520132719349128,"LONGITUDE":-46.618264502415194,"ERA":"2016-Presente","PAIS_ISO3":"BRA","PAIS_FONTE":"Brazil","FONTE_CORRECAO_PAIS":"https://data.geocode.earth/wof/dist/legacy/whosonfirst-data-country-latest.tar.bz2"},"geometry":{"type":"Point","coordinates":[-46.618264502415194,-23.520132719349128]}},{"type":"Feature","properties":{"MEUTIMAO_ID":"9070","DATA":"2026-07-20","ANO JOGO":2026,"MODALIDADE":"Feminino","MANDANTE / VISITANTE (SCCP)":"Não","TIME MANDANTE":"FERROVIÁRIA","GOLS MANDANTE":1,"TIME VISITANTE":"CORINTHIANS","GOLS VISITANTE":0,"PLACAR":"1x0","RESULTADO":"DERROTA","ADVERSÁRIO":"FERROVIÁRIA","GOLS SCCP":0,"GOLS ADVERSÁRIO":1,"SALDO DE GOLS":-1,"COMPETIÇÃO":"Copa do Brasil Feminina 2026","ESTÁDIO":"Fonte Luminosa","ESTÁDIO_ORIGINAL":"Fonte Luminosa","FONTE":"Meu Timão","URL_FONTE":"https://www.meutimao.com.br/jogo/9070/copa-do-brasil-feminina-2026/ferroviaria-1-x-0-corinthians","LATITUDE":-21.7886713,"LONGITUDE":-48.1773096,"ERA":"2016-Presente","PAIS_ISO3":"BRA","PAIS_FONTE":"Brazil","FONTE_CORRECAO_PAIS":"https://data.geocode.earth/wof/dist/legacy/whosonfirst-data-country-latest.tar.bz2"},"geometry":{"type":"Point","coordinates":[-48.1773096,-21.7886713]}},{"type":"Feature","properties":{"MEUTIMAO_ID":"9011","DATA":"2026-07-17","ANO JOGO":2026,"MODALIDADE":"Feminino","MANDANTE / VISITANTE (SCCP)":"Sim","TIME MANDANTE":"CORINTHIANS","GOLS MANDANTE":1,"TIME VISITANTE":"FERROVIÁRIA","GOLS VISITANTE":0,"PLACAR":"1x0","RESULTADO":"VITÓRIA","ADVERSÁRIO":"FERROVIÁRIA","GOLS SCCP":1,"GOLS ADVERSÁRIO":0,"SALDO DE GOLS":1,"COMPETIÇÃO":"Paulista Feminino 2026","ESTÁDIO":"Estádio Alfredo Schürig (Fazendinha)","ESTÁDIO_ORIGINAL":"Fazendinha","FONTE":"Meu Timão","URL_FONTE":"https://www.meutimao.com.br/jogo/9011/paulista-feminino-2026/corinthians-1-x-0-ferroviaria","LATITUDE":-23.526659630812546,"LONGITUDE":-46.5694808951696,"ERA":"2016-Presente","PAIS_ISO3":"BRA","PAIS_FONTE":"Brazil","FONTE_CORRECAO_PAIS":"https://data.geocode.earth/wof/dist/legacy/whosonfirst-data-country-latest.tar.bz2"},"geometry":{"type":"Point","coordinates":[-46.5694808951696,-23.526659630812546]}},{"type":"Feature","properties":{"MEUTIMAO_ID":"9062","DATA":"2026-05-30","ANO JOGO":2026,"MODALIDADE":"Feminino","MANDANTE / VISITANTE (SCCP)":"Não","TIME MANDANTE":"PALMEIRAS","GOLS MANDANTE":0,"TIME VISITANTE":"CORINTHIANS","GOLS VISITANTE":1,"PLACAR":"0x1","RESULTADO":"VITÓRIA","ADVERSÁRIO":"PALMEIRAS","GOLS SCCP":1,"GOLS ADVERSÁRIO":0,"SALDO DE GOLS":1,"COMPETIÇÃO":"Copa do Brasil Feminina 2026","ESTÁDIO":"NUBANK PARQUE (ARENA PALMEIRAS)","ESTÁDIO_ORIGINAL":"Nubank Parque","FONTE":"Meu Timão","URL_FONTE":"https://www.meutimao.com.br/jogo/9062/copa-do-brasil-feminina-2026/palmeiras-0-x-1-corinthians","LATITUDE":-23.527428879851925,"LONGITUDE":-46.67811214843781,"ERA":"2016-Presente","PAIS_ISO3":"BRA","PAIS_FONTE":"Brazil","FONTE_CORRECAO_PAIS":"https://data.geocode.earth/wof/dist/legacy/whosonfirst-data-country-latest.tar.bz2"},"geometry":{"type":"Point","coordinates":[-46.67811214843781,-23.527428879851925]}},{"type":"Feature","properties":{"MEUTIMAO_ID":"8913","DATA":"2026-05-25","ANO JOGO":2026,"MODALIDADE":"Feminino","MANDANTE / VISITANTE (SCCP)":"Sim","TIME MANDANTE":"CORINTHIANS","GOLS MANDANTE":4,"TIME VISITANTE":"MIXTO","GOLS VISITANTE":1,"PLACAR":"4x1","RESULTADO":"VITÓRIA","ADVERSÁRIO":"MIXTO","GOLS SCCP":4,"GOLS ADVERSÁRIO":1,"SALDO DE GOLS":3,"COMPETIÇÃO":"Brasileiro Feminino 2026","ESTÁDIO":"Canindé","ESTÁDIO_ORIGINAL":"Canindé","FONTE":"Meu Timão","URL_FONTE":"https://www.meutimao.com.br/jogo/8913/brasileiro-feminino-2026/corinthians-4-x-1-mixto","LATITUDE":-23.520132719349128,"LONGITUDE":-46.618264502415194,"ERA":"2016-Presente","PAIS_ISO3":"BRA","PAIS_FONTE":"Brazil","FONTE_CORRECAO_PAIS":"https://data.geocode.earth/wof/dist/legacy/whosonfirst-data-country-latest.tar.bz2"},"geometry":{"type":"Point","coordinates":[-46.618264502415194,-23.520132719349128]}},{"type":"Feature","properties":{"MEUTIMAO_ID":"9010","DATA":"2026-05-21","ANO JOGO":2026,"MODALIDADE":"Feminino","MANDANTE / VISITANTE (SCCP)":"Sim","TIME MANDANTE":"CORINTHIANS","GOLS MANDANTE":2,"TIME VISITANTE":"SANTOS","GOLS VISITANTE":2,"PLACAR":"2x2","RESULTADO":"EMPATE","ADVERSÁRIO":"SANTOS","GOLS SCCP":2,"GOLS ADVERSÁRIO":2,"SALDO DE GOLS":0,"COMPETIÇÃO":"Paulista Feminino 2026","ESTÁDIO":"Estádio Alfredo Schürig (Fazendinha)","ESTÁDIO_ORIGINAL":"Fazendinha","FONTE":"Meu Timão","URL_FONTE":"https://www.meutimao.com.br/jogo/9010/paulista-feminino-2026/corinthians-2-x-2-santos","LATITUDE":-23.526659630812546,"LONGITUDE":-46.5694808951696,"ERA":"2016-Presente","PAIS_ISO3":"BRA","PAIS_FONTE":"Brazil","FONTE_CORRECAO_PAIS":"https://data.geocode.earth/wof/dist/legacy/whosonfirst-data-country-latest.tar.bz2"},"geometry":{"type":"Point","coordinates":[-46.5694808951696,-23.526659630812546]}},{"type":"Feature","properties":{"MEUTIMAO_ID":"8912","DATA":"2026-05-18","ANO JOGO":2026,"MODALIDADE":"Feminino","MANDANTE / VISITANTE (SCCP)":"Não","TIME MANDANTE":"CRUZEIRO","GOLS MANDANTE":3,"TIME VISITANTE":"CORINTHIANS","GOLS VISITANTE":2,"PLACAR":"3x2","RESULTADO":"DERROTA","ADVERSÁRIO":"CRUZEIRO","GOLS SCCP":2,"GOLS ADVERSÁRIO":3,"SALDO DE GOLS":-1,"COMPETIÇÃO":"Brasileiro Feminino 2026","ESTÁDIO":"Arena do Jacaré","ESTÁDIO_ORIGINAL":"Arena do Jacaré","FONTE":"Meu Timão","URL_FONTE":"https://www.meutimao.com.br/jogo/8912/brasileiro-feminino-2026/cruzeiro-3-x-2-corinthians","LATITUDE":-19.4776055,"LONGITUDE":-44.2215488,"ERA":"2016-Presente","PAIS_ISO3":"BRA","PAIS_FONTE":"Brazil","FONTE_CORRECAO_PAIS":"https://data.geocode.earth/wof/dist/legacy/whosonfirst-data-country-latest.tar.bz2"},"geometry":{"type":"Point","coordinates":[-44.2215488,-19.4776055]}},{"type":"Feature","properties":{"MEUTIMAO_ID":"9009","DATA":"2026-05-14","ANO JOGO":2026,"MODALIDADE":"Feminino","MANDANTE / VISITANTE (SCCP)":"Não","TIME MANDANTE":"RED BULL BRAGANTINO","GOLS MANDANTE":0,"TIME VISITANTE":"CORINTHIANS","GOLS VISITANTE":6,"PLACAR":"0x6","RESULTADO":"VITÓRIA","ADVERSÁRIO":"RED BULL BRAGANTINO","GOLS SCCP":6,"GOLS ADVERSÁRIO":0,"SALDO DE GOLS":6,"COMPETIÇÃO":"Paulista Feminino 2026","ESTÁDIO":"Estádio Benito Agnelo Castellano","ESTÁDIO_ORIGINAL":"Benito Agnelo Castellano","FONTE":"Meu Timão","URL_FONTE":"https://www.meutimao.com.br/jogo/9009/paulista-feminino-2026/red_bull_bragantino-0-x-6-corinthians","LATITUDE":-22.4181293,"LONGITUDE":-47.5564008,"ERA":"2016-Presente","PAIS_ISO3":"BRA","PAIS_FONTE":"Brazil","FONTE_CORRECAO_PAIS":"https://data.geocode.earth/wof/dist/legacy/whosonfirst-data-country-latest.tar.bz2"},"geometry":{"type":"Point","coordinates":[-47.5564008,-22.4181293]}},{"type":"Feature","properties":{"MEUTIMAO_ID":"9008","DATA":"2026-05-11","ANO JOGO":2026,"MODALIDADE":"Feminino","MANDANTE / VISITANTE (SCCP)":"Sim","TIME MANDANTE":"CORINTHIANS","GOLS MANDANTE":2,"TIME VISITANTE":"SÃO PAULO","GOLS VISITANTE":1,"PLACAR":"2x1","RESULTADO":"VITÓRIA","ADVERSÁRIO":"SÃO PAULO","GOLS SCCP":2,"GOLS ADVERSÁRIO":1,"SALDO DE GOLS":1,"COMPETIÇÃO":"Brasileiro Feminino 2026","ESTÁDIO":"Estádio Alfredo Schürig (Fazendinha)","ESTÁDIO_ORIGINAL":"Fazendinha","FONTE":"Meu Timão","URL_FONTE":"https://www.meutimao.com.br/jogo/9008/brasileiro-feminino-2026/corinthians-2-x-1-sao_paulo","LATITUDE":-23.526659630812546,"LONGITUDE":-46.5694808951696,"ERA":"2016-Presente","PAIS_ISO3":"BRA","PAIS_FONTE":"Brazil","FONTE_CORRECAO_PAIS":"https://data.geocode.earth/wof/dist/legacy/whosonfirst-data-country-latest.tar.bz2"},"geometry":{"type":"Point","coordinates":[-46.5694808951696,-23.526659630812546]}},{"type":"Feature","properties":{"MEUTIMAO_ID":"9016","DATA":"2026-05-07","ANO JOGO":2026,"MODALIDADE":"Feminino","MANDANTE / VISITANTE (SCCP)":"Sim","TIME MANDANTE":"CORINTHIANS","GOLS MANDANTE":1,"TIME VISITANTE":"SÃO PAULO","GOLS VISITANTE":2,"PLACAR":"1x2","RESULTADO":"DERROTA","ADVERSÁRIO":"SÃO PAULO","GOLS SCCP":1,"GOLS ADVERSÁRIO":2,"SALDO DE GOLS":-1,"COMPETIÇÃO":"Paulista Feminino 2026","ESTÁDIO":"Estádio Alfredo Schürig (Fazendinha)","ESTÁDIO_ORIGINAL":"Fazendinha","FONTE":"Meu Timão","URL_FONTE":"https://www.meutimao.com.br/jogo/9016/paulista-feminino-2026/corinthians-1-x-2-sao_paulo","LATITUDE":-23.526659630812546,"LONGITUDE":-46.5694808951696,"ERA":"2016-Presente","PAIS_ISO3":"BRA","PAIS_FONTE":"Brazil","FONTE_CORRECAO_PAIS":"https://data.geocode.earth/wof/dist/legacy/whosonfirst-data-country-latest.tar.bz2"},"geometry":{"type":"Point","coordinates":[-46.5694808951696,-23.526659630812546]}},{"type":"Feature","properties":{"MEUTIMAO_ID":"8910","DATA":"2026-05-01","ANO JOGO":2026,"MODALIDADE":"Feminino","MANDANTE / VISITANTE (SCCP)":"Não","TIME MANDANTE":"GRÊMIO","GOLS MANDANTE":0,"TIME VISITANTE":"CORINTHIANS","GOLS VISITANTE":2,"PLACAR":"0x2","RESULTADO":"VITÓRIA","ADVERSÁRIO":"GRÊMIO","GOLS SCCP":2,"GOLS ADVERSÁRIO":0,"SALDO DE GOLS":2,"COMPETIÇÃO":"Brasileiro Feminino 2026","ESTÁDIO":"Estádio Passo d'Areia","ESTÁDIO_ORIGINAL":"Estádio Passo d'Areia","FONTE":"Meu Timão","URL_FONTE":"https://www.meutimao.com.br/jogo/8910/brasileiro-feminino-2026/gremio-0-x-2-corinthians","LATITUDE":-30.0066051,"LONGITUDE":-51.1736132,"ERA":"2016-Presente","PAIS_ISO3":"BRA","PAIS_FONTE":"Brazil","FONTE_CORRECAO_PAIS":"https://data.geocode.earth/wof/dist/legacy/whosonfirst-data-country-latest.tar.bz2"},"geometry":{"type":"Point","coordinates":[-51.1736132,-30.0066051]}},{"type":"Feature","properties":{"MEUTIMAO_ID":"8909","DATA":"2026-04-24","ANO JOGO":2026,"MODALIDADE":"Feminino","MANDANTE / VISITANTE (SCCP)":"Sim","TIME MANDANTE":"CORINTHIANS","GOLS MANDANTE":3,"TIME VISITANTE":"FERROVIÁRIA","GOLS VISITANTE":1,"PLACAR":"3x1","RESULTADO":"VITÓRIA","ADVERSÁRIO":"FERROVIÁRIA","GOLS SCCP":3,"GOLS ADVERSÁRIO":1,"SALDO DE GOLS":2,"COMPETIÇÃO":"Brasileiro Feminino 2026","ESTÁDIO":"Estádio Alfredo Schürig (Fazendinha)","ESTÁDIO_ORIGINAL":"Fazendinha","FONTE":"Meu Timão","URL_FONTE":"https://www.meutimao.com.br/jogo/8909/brasileiro-feminino-2026/corinthians-3-x-1-ferroviaria","LATITUDE":-23.526659630812546,"LONGITUDE":-46.5694808951696,"ERA":"2016-Presente","PAIS_ISO3":"BRA","PAIS_FONTE":"Brazil","FONTE_CORRECAO_PAIS":"https://data.geocode.earth/wof/dist/legacy/whosonfirst-data-country-latest.tar.bz2"},"geometry":{"type":"Point","coordinates":[-46.5694808951696,-23.526659630812546]}},{"type":"Feature","properties":{"MEUTIMAO_ID":"8908","DATA":"2026-04-20","ANO JOGO":2026,"MODALIDADE":"Feminino","MANDANTE / VISITANTE (SCCP)":"Não","TIME MANDANTE":"JUVENTUDE","GOLS MANDANTE":0,"TIME VISITANTE":"CORINTHIANS","GOLS VISITANTE":1,"PLACAR":"0x1","RESULTADO":"VITÓRIA","ADVERSÁRIO":"JUVENTUDE","GOLS SCCP":1,"GOLS ADVERSÁRIO":0,"SALDO DE GOLS":1,"COMPETIÇÃO":"Brasileiro Feminino 2026","ESTÁDIO":"Montanha do Vinhedos","ESTÁDIO_ORIGINAL":"Montanha do Vinhedos","FONTE":"Meu Timão","URL_FONTE":"https://www.meutimao.com.br/jogo/8908/brasileiro-feminino-2026/juventude-0-x-1-corinthians","LATITUDE":-29.1656734,"LONGITUDE":-51.5201166,"ERA":"2016-Presente","PAIS_ISO3":"BRA","PAIS_FONTE":"Brazil","FONTE_CORRECAO_PAIS":"https://data.geocode.earth/wof/dist/legacy/whosonfirst-data-country-latest.tar.bz2"},"geometry":{"type":"Point","coordinates":[-51.5201166,-29.1656734]}},{"type":"Feature","properties":{"MEUTIMAO_ID":"9002","DATA":"2026-04-12","ANO JOGO":2026,"MODALIDADE":"Feminino","MANDANTE / VISITANTE (SCCP)":"Não","TIME MANDANTE":"AMÉRICA","GOLS MANDANTE":0,"TIME VISITANTE":"CORINTHIANS","GOLS VISITANTE":8,"PLACAR":"0x8","RESULTADO":"VITÓRIA","ADVERSÁRIO":"AMÉRICA","GOLS SCCP":8,"GOLS ADVERSÁRIO":0,"SALDO DE GOLS":8,"COMPETIÇÃO":"Teal Rising Cup 2026","ESTÁDIO":"CPKC","ESTÁDIO_ORIGINAL":"CPKC","FONTE":"Meu Timão","URL_FONTE":"https://www.meutimao.com.br/jogo/9002/teal-rising-cup-2026/america-0-x-8-corinthians","LATITUDE":39.1193789,"LONGITUDE":-94.5665908,"ERA":"2016-Presente","PAIS_ISO3":"USA","PAIS_FONTE":"United States","FONTE_CORRECAO_PAIS":"https://data.geocode.earth/wof/dist/legacy/whosonfirst-data-country-latest.tar.bz2"},"geometry":{"type":"Point","coordinates":[-94.5665908,39.1193789]}},{"type":"Feature","properties":{"MEUTIMAO_ID":"8926","DATA":"2026-04-09","ANO JOGO":2026,"MODALIDADE":"Feminino","MANDANTE / VISITANTE (SCCP)":"Sim","TIME MANDANTE":"CORINTHIANS","GOLS MANDANTE":1,"TIME VISITANTE":"KANSAS CITY CURRENT","GOLS VISITANTE":2,"PLACAR":"1x2","RESULTADO":"DERROTA","ADVERSÁRIO":"KANSAS CITY CURRENT","GOLS SCCP":1,"GOLS ADVERSÁRIO":2,"SALDO DE GOLS":-1,"COMPETIÇÃO":"Teal Rising Cup 2026","ESTÁDIO":"CPKC","ESTÁDIO_ORIGINAL":"CPKC","FONTE":"Meu Timão","URL_FONTE":"https://www.meutimao.com.br/jogo/8926/teal-rising-cup-2026/corinthians-1-x-2-kansas_city_current","LATITUDE":39.1193789,"LONGITUDE":-94.5665908,"ERA":"2016-Presente","PAIS_ISO3":"USA","PAIS_FONTE":"United States","FONTE_CORRECAO_PAIS":"https://data.geocode.earth/wof/dist/legacy/whosonfirst-data-country-latest.tar.bz2"},"geometry":{"type":"Point","coordinates":[-94.5665908,39.1193789]}},{"type":"Feature","properties":{"MEUTIMAO_ID":"8906","DATA":"2026-04-03","ANO JOGO":2026,"MODALIDADE":"Feminino","MANDANTE / VISITANTE (SCCP)":"Sim","TIME MANDANTE":"CORINTHIANS","GOLS MANDANTE":5,"TIME VISITANTE":"RED BULL BRAGANTINO","GOLS VISITANTE":1,"PLACAR":"5x1","RESULTADO":"VITÓRIA","ADVERSÁRIO":"RED BULL BRAGANTINO","GOLS SCCP":5,"GOLS ADVERSÁRIO":1,"SALDO DE GOLS":4,"COMPETIÇÃO":"Brasileiro Feminino 2026","ESTÁDIO":"Estádio Alfredo Schürig (Fazendinha)","ESTÁDIO_ORIGINAL":"Fazendinha","FONTE":"Meu Timão","URL_FONTE":"https://www.meutimao.com.br/jogo/8906/brasileiro-feminino-2026/corinthians-5-x-1-red_bull_bragantino","LATITUDE":-23.526659630812546,"LONGITUDE":-46.5694808951696,"ERA":"2016-Presente","PAIS_ISO3":"BRA","PAIS_FONTE":"Brazil","FONTE_CORRECAO_PAIS":"https://data.geocode.earth/wof/dist/legacy/whosonfirst-data-country-latest.tar.bz2"},"geometry":{"type":"Point","coordinates":[-46.5694808951696,-23.526659630812546]}},{"type":"Feature","properties":{"MEUTIMAO_ID":"8905","DATA":"2026-03-27","ANO JOGO":2026,"MODALIDADE":"Feminino","MANDANTE / VISITANTE (SCCP)":"Não","TIME MANDANTE":"BOTAFOGO","GOLS MANDANTE":1,"TIME VISITANTE":"CORINTHIANS","GOLS VISITANTE":3,"PLACAR":"1x3","RESULTADO":"VITÓRIA","ADVERSÁRIO":"BOTAFOGO","GOLS SCCP":3,"GOLS ADVERSÁRIO":1,"SALDO DE GOLS":2,"COMPETIÇÃO":"Brasileiro Feminino 2026","ESTÁDIO":"Nilton Santos","ESTÁDIO_ORIGINAL":"Nilton Santos","FONTE":"Meu Timão","URL_FONTE":"https://www.meutimao.com.br/jogo/8905/brasileiro-feminino-2026/botafogo-1-x-3-corinthians","LATITUDE":-22.893194,"LONGITUDE":-43.2935691,"ERA":"2016-Presente","PAIS_ISO3":"BRA","PAIS_FONTE":"Brazil","FONTE_CORRECAO_PAIS":"https://data.geocode.earth/wof/dist/legacy/whosonfirst-data-country-latest.tar.bz2"},"geometry":{"type":"Point","coordinates":[-43.2935691,-22.893194]}},{"type":"Feature","properties":{"MEUTIMAO_ID":"8904","DATA":"2026-03-23","ANO JOGO":2026,"MODALIDADE":"Feminino","MANDANTE / VISITANTE (SCCP)":"Sim","TIME MANDANTE":"CORINTHIANS","GOLS MANDANTE":4,"TIME VISITANTE":"AMÉRICA-MG","GOLS VISITANTE":0,"PLACAR":"4x0","RESULTADO":"VITÓRIA","ADVERSÁRIO":"AMÉRICA-MG","GOLS SCCP":4,"GOLS ADVERSÁRIO":0,"SALDO DE GOLS":4,"COMPETIÇÃO":"Brasileiro Feminino 2026","ESTÁDIO":"Neo Química Arena","ESTÁDIO_ORIGINAL":"Neo Química Arena","FONTE":"Meu Timão","URL_FONTE":"https://www.meutimao.com.br/jogo/8904/brasileiro-feminino-2026/corinthians-4-x-0-america-mg","LATITUDE":-23.5453221,"LONGITUDE":-46.4742676,"ERA":"2016-Presente","PAIS_ISO3":"BRA","PAIS_FONTE":"Brazil","FONTE_CORRECAO_PAIS":"https://data.geocode.earth/wof/dist/legacy/whosonfirst-data-country-latest.tar.bz2"},"geometry":{"type":"Point","coordinates":[-46.4742676,-23.5453221]}},{"type":"Feature","properties":{"MEUTIMAO_ID":"8903","DATA":"2026-03-13","ANO JOGO":2026,"MODALIDADE":"Feminino","MANDANTE / VISITANTE (SCCP)":"Não","TIME MANDANTE":"PALMEIRAS","GOLS MANDANTE":3,"TIME VISITANTE":"CORINTHIANS","GOLS VISITANTE":2,"PLACAR":"3x2","RESULTADO":"DERROTA","ADVERSÁRIO":"PALMEIRAS","GOLS SCCP":2,"GOLS ADVERSÁRIO":3,"SALDO DE GOLS":-1,"COMPETIÇÃO":"Brasileiro Feminino 2026","ESTÁDIO":"Arena Barueri","ESTÁDIO_ORIGINAL":"Arena Barueri","FONTE":"Meu Timão","URL_FONTE":"https://www.meutimao.com.br/jogo/8903/brasileiro-feminino-2026/palmeiras-3-x-2-corinthians","LATITUDE":-23.5124719,"LONGITUDE":-46.8995624,"ERA":"2016-Presente","PAIS_ISO3":"BRA","PAIS_FONTE":"Brazil","FONTE_CORRECAO_PAIS":"https://data.geocode.earth/wof/dist/legacy/whosonfirst-data-country-latest.tar.bz2"},"geometry":{"type":"Point","coordinates":[-46.8995624,-23.5124719]}},{"type":"Feature","properties":{"MEUTIMAO_ID":"8902","DATA":"2026-02-20","ANO JOGO":2026,"MODALIDADE":"Feminino","MANDANTE / VISITANTE (SCCP)":"Sim","TIME MANDANTE":"CORINTHIANS","GOLS MANDANTE":2,"TIME VISITANTE":"FLUMINENSE","GOLS VISITANTE":2,"PLACAR":"2x2","RESULTADO":"EMPATE","ADVERSÁRIO":"FLUMINENSE","GOLS SCCP":2,"GOLS ADVERSÁRIO":2,"SALDO DE GOLS":0,"COMPETIÇÃO":"Brasileiro Feminino 2026","ESTÁDIO":"Neo Química Arena","ESTÁDIO_ORIGINAL":"Neo Química Arena","FONTE":"Meu Timão","URL_FONTE":"https://www.meutimao.com.br/jogo/8902/brasileiro-feminino-2026/corinthians-2-x-2-fluminense","LATITUDE":-23.5453221,"LONGITUDE":-46.4742676,"ERA":"2016-Presente","PAIS_ISO3":"BRA","PAIS_FONTE":"Brazil","FONTE_CORRECAO_PAIS":"https://data.geocode.earth/wof/dist/legacy/whosonfirst-data-country-latest.tar.bz2"},"geometry":{"type":"Point","coordinates":[-46.4742676,-23.5453221]}},{"type":"Feature","properties":{"MEUTIMAO_ID":"8901","DATA":"2026-02-13","ANO JOGO":2026,"MODALIDADE":"Feminino","MANDANTE / VISITANTE (SCCP)":"Não","TIME MANDANTE":"ATLÉTICO-MG","GOLS MANDANTE":0,"TIME VISITANTE":"CORINTHIANS","GOLS VISITANTE":1,"PLACAR":"0x1","RESULTADO":"VITÓRIA","ADVERSÁRIO":"ATLÉTICO-MG","GOLS SCCP":1,"GOLS ADVERSÁRIO":0,"SALDO DE GOLS":1,"COMPETIÇÃO":"Brasileiro Feminino 2026","ESTÁDIO":"ARENA MRV","ESTÁDIO_ORIGINAL":"Arena MRV","FONTE":"Meu Timão","URL_FONTE":"https://www.meutimao.com.br/jogo/8901/brasileiro-feminino-2026/atletico-mg-0-x-1-corinthians","LATITUDE":-19.92990521858634,"LONGITUDE":-44.01384728925445,"ERA":"2016-Presente","PAIS_ISO3":"BRA","PAIS_FONTE":"Brazil","FONTE_CORRECAO_PAIS":"https://data.geocode.earth/wof/dist/legacy/whosonfirst-data-country-latest.tar.bz2"},"geometry":{"type":"Point","coordinates":[-44.01384728925445,-19.92990521858634]}},{"type":"Feature","properties":{"MEUTIMAO_ID":"8820","DATA":"2026-02-07","ANO JOGO":2026,"MODALIDADE":"Feminino","MANDANTE / VISITANTE (SCCP)":"Não","TIME MANDANTE":"PALMEIRAS","GOLS MANDANTE":1,"TIME VISITANTE":"CORINTHIANS","GOLS VISITANTE":1,"PLACAR":"1x1","RESULTADO":"EMPATE","ADVERSÁRIO":"PALMEIRAS","GOLS SCCP":1,"GOLS ADVERSÁRIO":1,"SALDO DE GOLS":0,"COMPETIÇÃO":"Supercopa Feminina 2026","ESTÁDIO":"Arena Barueri","ESTÁDIO_ORIGINAL":"Arena Barueri","FONTE":"Meu Timão","URL_FONTE":"https://www.meutimao.com.br/jogo/8820/supercopa-feminina-2026/final/palmeiras-1-x-1-corinthians","LATITUDE":-23.5124719,"LONGITUDE":-46.8995624,"ERA":"2016-Presente","PAIS_ISO3":"BRA","PAIS_FONTE":"Brazil","FONTE_CORRECAO_PAIS":"https://data.geocode.earth/wof/dist/legacy/whosonfirst-data-country-latest.tar.bz2"},"geometry":{"type":"Point","coordinates":[-46.8995624,-23.5124719]}},{"type":"Feature","properties":{"MEUTIMAO_ID":"8919","DATA":"2026-02-01","ANO JOGO":2026,"MODALIDADE":"Feminino","MANDANTE / VISITANTE (SCCP)":"Sim","TIME MANDANTE":"CORINTHIANS","GOLS MANDANTE":2,"TIME VISITANTE":"ARSENAL","GOLS VISITANTE":3,"PLACAR":"2x3","RESULTADO":"DERROTA","ADVERSÁRIO":"ARSENAL","GOLS SCCP":2,"GOLS ADVERSÁRIO":3,"SALDO DE GOLS":-1,"COMPETIÇÃO":"Copa das Campeãs 2026","ESTÁDIO":"EMIRATES STADIUM (ARSENAL STADIUM)","ESTÁDIO_ORIGINAL":"Emirates Stadium","FONTE":"Meu Timão","URL_FONTE":"https://www.meutimao.com.br/jogo/8919/copa-das-campeas-2026/final/corinthians-2-x-3-arsenal","LATITUDE":51.555162121144335,"LONGITUDE":-0.108045751715059,"ERA":"2016-Presente","PAIS_ISO3":"GBR","PAIS_FONTE":"United Kingdom","FONTE_CORRECAO_PAIS":"https://data.geocode.earth/wof/dist/legacy/whosonfirst-data-country-latest.tar.bz2"},"geometry":{"type":"Point","coordinates":[-0.108045751715059,51.555162121144335]}},{"type":"Feature","properties":{"MEUTIMAO_ID":"8821","DATA":"2026-01-28","ANO JOGO":2026,"MODALIDADE":"Feminino","MANDANTE / VISITANTE (SCCP)":"Sim","TIME MANDANTE":"CORINTHIANS","GOLS MANDANTE":1,"TIME VISITANTE":"GOTHAM FC","GOLS VISITANTE":0,"PLACAR":"1x0","RESULTADO":"VITÓRIA","ADVERSÁRIO":"GOTHAM FC","GOLS SCCP":1,"GOLS ADVERSÁRIO":0,"SALDO DE GOLS":1,"COMPETIÇÃO":"Copa das Campeãs 2026","ESTÁDIO":"GTECH COMMUNITY STADIUM","ESTÁDIO_ORIGINAL":"Gtech Community Stadium","FONTE":"Meu Timão","URL_FONTE":"https://www.meutimao.com.br/jogo/8821/copa-das-campeas-2026/corinthians-1-x-0-gotham_fc","LATITUDE":51.49091800344337,"LONGITUDE":-0.288801813492398,"ERA":"2016-Presente","PAIS_ISO3":"GBR","PAIS_FONTE":"United Kingdom","FONTE_CORRECAO_PAIS":"https://data.geocode.earth/wof/dist/legacy/whosonfirst-data-country-latest.tar.bz2"},"geometry":{"type":"Point","coordinates":[-0.288801813492398,51.49091800344337]}}]}