{"type":"FeatureCollection","name":"as_brabas_estadios_unificadas","features":[{"type":"Feature","geometry":{"type":"Point","coordinates":[-94.5665908,39.1193789]},"properties":{"SECAO":"BRABAS","TIPO_REGISTRO":"PONTO","NOME_ESTADIO":"CPKC","NOME_ATUAL":"CPKC","NOME_ANTIGO_1":null,"NOME_ANTIGO_2":null,"ESTADIO":"CPKC","ESTÁDIO":"CPKC","NOME_ANTIGO":null,"NOMES_ALTERNATIVOS":"CPKC Stadium","CIDADE":"Kansas City","ESTADO":"Missouri","PAÍS":"United States","PAIS_ISO3":null,"CAPACIDADE":"11500","LATITUDE":39.1193789,"LONGITUDE":-94.5665908,"TOTAL_JOGOS":4,"VITORIAS":2,"VITÓRIAS":2,"EMPATES":0,"DERROTAS":2,"PONTOS_CAMPEONATO":6,"APROVEITAMENTO_PCT":50.0,"GOLS_MARCADOS":11,"GOLS_SOFRIDOS":4,"SALDO_GOLS":7,"GOLS_POR_PARTIDA":2.75,"ASSISTENCIAS":null,"ASSISTENCIAS_DISPONIVEIS":false,"ASSISTENCIAS_FONTE":"Não consta nos arquivos locais do Meu Timão ou Daniel Keppler.","JOGOS_COM_PLACAR":4,"JOGOS_SEM_PLACAR":0,"PARTIDAS_DANIEL_KEPPLER":0,"PARTIDAS_MEUTIMAO":4,"FONTES_JOGOS":"Meu Timão","DATA_PRIMEIRA_PARTIDA":"2025-07-12","ANO_PRIMEIRA_PARTIDA":2025,"PRIMEIRA_PARTIDA":"CORINTHIANS 1x0 CHICAGO STARS","ADVERSARIO":"CHICAGO STARS","PLACAR":"1x0","COMPETICAO_PRIMEIRA_PARTIDA":"Teal Rising Cup 2025","MANDO_PRIMEIRA_PARTIDA":"Sim","FONTE_PRIMEIRA_PARTIDA":"https://www.meutimao.com.br/jogo/8647/teal-rising-cup-2025/amistoso/corinthians-1-x-0-chicago_stars","DATA_ULTIMA_PARTIDA":"2026-04-12","ANO_ULTIMA_PARTIDA":2026,"ULTIMA_PARTIDA":"AMÉRICA 0x8 CORINTHIANS","ADVERSARIO_ULTIMA_PARTIDA":"AMÉRICA","PLACAR_ULTIMA_PARTIDA":"0x8","COMPETICAO_ULTIMA_PARTIDA":"Teal Rising Cup 2026","MANDO_ULTIMA_PARTIDA":"Não","FONTE_ULTIMA_PARTIDA":"Meu Timão","NUM_ESTADIOS_NO_PONTO":2,"NUM_ESTADIOS_COM_JOGOS_NO_PONTO":1,"ESTADIOS_AGRUPADOS":"[{\"nome\":\"CPKC\",\"nome_atual\":\"CPKC\",\"nome_antigo_1\":null,\"nome_antigo_2\":null,\"nomes_alternativos\":[\"CPKC\"],\"cidade\":\"Kansas City\",\"estado\":\"Missouri\",\"pais\":\"United States\",\"capacidade\":\"11500\",\"jogos\":4,\"vitorias\":2,\"empates\":0,\"derrotas\":2,\"gols_marcados\":11,\"gols_sofridos\":4,\"data_primeira_partida\":\"2025-07-12\",\"data_ultima_partida\":\"2026-04-12\"},{\"nome\":\"CPKC Stadium\",\"nome_atual\":\"CPKC Stadium\",\"nome_antigo_1\":null,\"nome_antigo_2\":null,\"nomes_alternativos\":[\"CPKC Stadium\"],\"cidade\":\"KANSAS CITY\",\"estado\":\"MISSOURI\",\"pais\":\"Estados Unidos da América\",\"capacidade\":\"11500\",\"jogos\":0,\"vitorias\":0,\"empates\":0,\"derrotas\":0,\"gols_marcados\":0,\"gols_sofridos\":0,\"data_primeira_partida\":null,\"data_ultima_partida\":null}]","STATUS_GEOMETRIA":"PONTO_CONSOLIDADO","PRECISAO_COORDENADAS":"Estádio identificado","FONTE_COORDENADAS":"OpenStreetMap Nominatim","URL_FONTE_COORDENADAS":"https://www.openstreetmap.org/way/1351897821","ATRIBUICAO_COORDENADAS":"© OpenStreetMap contributors, ODbL 1.0","FONTES_NOME_ANTIGO":null,"JOGOS_SEM_GEOMETRIA":0}},{"type":"Feature","geometry":{"type":"Point","coordinates":[-78.5461745,-0.2788989]},"properties":{"SECAO":"BRABAS","TIPO_REGISTRO":"PONTO","NOME_ESTADIO":"Estádio Pozo Ripalda","NOME_ATUAL":"Estádio Pozo Ripalda","NOME_ANTIGO_1":null,"NOME_ANTIGO_2":null,"ESTADIO":"Estádio Pozo Ripalda","ESTÁDIO":"Estádio Pozo Ripalda","NOME_ANTIGO":null,"NOMES_ALTERNATIVOS":"Estadio Gonzalo Pozo Ripalda","CIDADE":"Quito","ESTADO":"Pichincha","PAÍS":"Ecuador","PAIS_ISO3":null,"CAPACIDADE":"18799","LATITUDE":-0.2788989,"LONGITUDE":-78.5461745,"TOTAL_JOGOS":3,"VITORIAS":2,"VITÓRIAS":2,"EMPATES":0,"DERROTAS":1,"PONTOS_CAMPEONATO":6,"APROVEITAMENTO_PCT":66.7,"GOLS_MARCADOS":10,"GOLS_SOFRIDOS":2,"SALDO_GOLS":8,"GOLS_POR_PARTIDA":3.33,"ASSISTENCIAS":null,"ASSISTENCIAS_DISPONIVEIS":false,"ASSISTENCIAS_FONTE":"Não consta nos arquivos locais do Meu Timão ou Daniel Keppler.","JOGOS_COM_PLACAR":3,"JOGOS_SEM_PLACAR":0,"PARTIDAS_DANIEL_KEPPLER":0,"PARTIDAS_MEUTIMAO":3,"FONTES_JOGOS":"Meu Timão","DATA_PRIMEIRA_PARTIDA":"2022-10-13","ANO_PRIMEIRA_PARTIDA":2022,"PRIMEIRA_PARTIDA":"CORINTHIANS 1x2 DEPORTIVO CALI","ADVERSARIO":"DEPORTIVO CALI","PLACAR":"1x2","COMPETICAO_PRIMEIRA_PARTIDA":"Libertadores Feminina 2022","MANDO_PRIMEIRA_PARTIDA":"Sim","FONTE_PRIMEIRA_PARTIDA":"https://www.meutimao.com.br/jogo/7520/libertadores-feminina-2022/corinthians-1-x-2-deportivo_cali","DATA_ULTIMA_PARTIDA":"2022-10-19","ANO_ULTIMA_PARTIDA":2022,"ULTIMA_PARTIDA":"CORINTHIANS 4x0 OLIMPIA","ADVERSARIO_ULTIMA_PARTIDA":"OLIMPIA","PLACAR_ULTIMA_PARTIDA":"4x0","COMPETICAO_ULTIMA_PARTIDA":"Libertadores Feminina 2022","MANDO_ULTIMA_PARTIDA":"Sim","FONTE_ULTIMA_PARTIDA":"Meu Timão","NUM_ESTADIOS_NO_PONTO":2,"NUM_ESTADIOS_COM_JOGOS_NO_PONTO":1,"ESTADIOS_AGRUPADOS":"[{\"nome\":\"Estadio Gonzalo Pozo Ripalda\",\"nome_atual\":\"Estadio Gonzalo Pozo Ripalda\",\"nome_antigo_1\":null,\"nome_antigo_2\":null,\"nomes_alternativos\":[\"Estadio Gonzalo Pozo Ripalda\"],\"cidade\":\"Quito\",\"estado\":\"Pichincha\",\"pais\":\"Equador\",\"capacidade\":null,\"jogos\":0,\"vitorias\":0,\"empates\":0,\"derrotas\":0,\"gols_marcados\":0,\"gols_sofridos\":0,\"data_primeira_partida\":null,\"data_ultima_partida\":null},{\"nome\":\"Estádio Pozo Ripalda\",\"nome_atual\":\"Estádio Pozo Ripalda\",\"nome_antigo_1\":null,\"nome_antigo_2\":null,\"nomes_alternativos\":[\"Estádio Pozo Ripalda\"],\"cidade\":\"Quito\",\"estado\":\"Pichincha\",\"pais\":\"Ecuador\",\"capacidade\":\"18799\",\"jogos\":3,\"vitorias\":2,\"empates\":0,\"derrotas\":1,\"gols_marcados\":10,\"gols_sofridos\":2,\"data_primeira_partida\":\"2022-10-13\",\"data_ultima_partida\":\"2022-10-19\"}]","STATUS_GEOMETRIA":"PONTO_CONSOLIDADO","PRECISAO_COORDENADAS":"Estádio identificado","FONTE_COORDENADAS":"OpenStreetMap Nominatim","URL_FONTE_COORDENADAS":"https://www.openstreetmap.org/way/26216680","ATRIBUICAO_COORDENADAS":"© OpenStreetMap contributors, ODbL 1.0","FONTES_NOME_ANTIGO":null,"JOGOS_SEM_GEOMETRIA":0}},{"type":"Feature","geometry":{"type":"Point","coordinates":[-78.5457340754265,-0.27863817534163]},"properties":{"SECAO":"BRABAS","TIPO_REGISTRO":"PONTO","NOME_ESTADIO":"Gonzalo Pozo Ripalda","NOME_ATUAL":"Gonzalo Pozo Ripalda","NOME_ANTIGO_1":null,"NOME_ANTIGO_2":null,"ESTADIO":"Gonzalo Pozo Ripalda","ESTÁDIO":"Gonzalo Pozo Ripalda","NOME_ANTIGO":null,"NOMES_ALTERNATIVOS":"","CIDADE":"QUITO","ESTADO":"PICHINCHA","PAÍS":"EQUADOR","PAIS_ISO3":null,"CAPACIDADE":"18799","LATITUDE":-0.27863817534163,"LONGITUDE":-78.5457340754265,"TOTAL_JOGOS":0,"VITORIAS":0,"VITÓRIAS":0,"EMPATES":0,"DERROTAS":0,"PONTOS_CAMPEONATO":0,"APROVEITAMENTO_PCT":0,"GOLS_MARCADOS":0,"GOLS_SOFRIDOS":0,"SALDO_GOLS":0,"GOLS_POR_PARTIDA":0,"ASSISTENCIAS":null,"ASSISTENCIAS_DISPONIVEIS":false,"ASSISTENCIAS_FONTE":"Não consta nos arquivos locais do Meu Timão ou Daniel Keppler.","JOGOS_COM_PLACAR":0,"JOGOS_SEM_PLACAR":0,"PARTIDAS_DANIEL_KEPPLER":0,"PARTIDAS_MEUTIMAO":0,"FONTES_JOGOS":"","DATA_PRIMEIRA_PARTIDA":null,"ANO_PRIMEIRA_PARTIDA":null,"PRIMEIRA_PARTIDA":null,"ADVERSARIO":null,"PLACAR":null,"COMPETICAO_PRIMEIRA_PARTIDA":null,"MANDO_PRIMEIRA_PARTIDA":null,"FONTE_PRIMEIRA_PARTIDA":null,"DATA_ULTIMA_PARTIDA":null,"ANO_ULTIMA_PARTIDA":null,"ULTIMA_PARTIDA":"","ADVERSARIO_ULTIMA_PARTIDA":null,"PLACAR_ULTIMA_PARTIDA":null,"COMPETICAO_ULTIMA_PARTIDA":null,"MANDO_ULTIMA_PARTIDA":null,"FONTE_ULTIMA_PARTIDA":null,"NUM_ESTADIOS_NO_PONTO":1,"NUM_ESTADIOS_COM_JOGOS_NO_PONTO":0,"ESTADIOS_AGRUPADOS":"[{\"nome\":\"Gonzalo Pozo Ripalda\",\"nome_atual\":\"Gonzalo Pozo Ripalda\",\"nome_antigo_1\":null,\"nome_antigo_2\":null,\"nomes_alternativos\":[\"Gonzalo Pozo Ripalda\"],\"cidade\":\"QUITO\",\"estado\":\"PICHINCHA\",\"pais\":\"EQUADOR\",\"capacidade\":\"18799\",\"jogos\":0,\"vitorias\":0,\"empates\":0,\"derrotas\":0,\"gols_marcados\":0,\"gols_sofridos\":0,\"data_primeira_partida\":null,\"data_ultima_partida\":null}]","STATUS_GEOMETRIA":"PONTO_CONSOLIDADO","PRECISAO_COORDENADAS":null,"FONTE_COORDENADAS":null,"URL_FONTE_COORDENADAS":null,"ATRIBUICAO_COORDENADAS":null,"FONTES_NOME_ANTIGO":null,"JOGOS_SEM_GEOMETRIA":0}},{"type":"Feature","geometry":{"type":"Point","coordinates":[-78.5123274,-0.2201641]},"properties":{"SECAO":"BRABAS","TIPO_REGISTRO":"PONTO","NOME_ESTADIO":"Rodrigo Paz Delgado","NOME_ATUAL":"Rodrigo Paz Delgado","NOME_ANTIGO_1":"Casa Blanca","NOME_ANTIGO_2":null,"ESTADIO":"Rodrigo Paz Delgado","ESTÁDIO":"Rodrigo Paz Delgado","NOME_ANTIGO":null,"NOMES_ALTERNATIVOS":"Casa Blanca","CIDADE":"Quito","ESTADO":"Pichincha","PAÍS":"Equador","PAIS_ISO3":null,"CAPACIDADE":null,"LATITUDE":-0.2201641,"LONGITUDE":-78.5123274,"TOTAL_JOGOS":1,"VITORIAS":0,"VITÓRIAS":0,"EMPATES":0,"DERROTAS":1,"PONTOS_CAMPEONATO":0,"APROVEITAMENTO_PCT":0.0,"GOLS_MARCADOS":1,"GOLS_SOFRIDOS":2,"SALDO_GOLS":-1,"GOLS_POR_PARTIDA":1.0,"ASSISTENCIAS":null,"ASSISTENCIAS_DISPONIVEIS":false,"ASSISTENCIAS_FONTE":"Não consta nos arquivos locais do Meu Timão ou Daniel Keppler.","JOGOS_COM_PLACAR":1,"JOGOS_SEM_PLACAR":0,"PARTIDAS_DANIEL_KEPPLER":0,"PARTIDAS_MEUTIMAO":1,"FONTES_JOGOS":"Meu Timão","DATA_PRIMEIRA_PARTIDA":"2022-10-22","ANO_PRIMEIRA_PARTIDA":2022,"PRIMEIRA_PARTIDA":"BOCA JUNIORS 2x1 CORINTHIANS","ADVERSARIO":"BOCA JUNIORS","PLACAR":"2x1","COMPETICAO_PRIMEIRA_PARTIDA":"Libertadores Feminina 2022","MANDO_PRIMEIRA_PARTIDA":"Não","FONTE_PRIMEIRA_PARTIDA":"https://www.meutimao.com.br/jogo/7552/libertadores-feminina-2022/boca_juniors-2-x-1-corinthians","DATA_ULTIMA_PARTIDA":"2022-10-22","ANO_ULTIMA_PARTIDA":2022,"ULTIMA_PARTIDA":"BOCA JUNIORS 2x1 CORINTHIANS","ADVERSARIO_ULTIMA_PARTIDA":"BOCA JUNIORS","PLACAR_ULTIMA_PARTIDA":"2x1","COMPETICAO_ULTIMA_PARTIDA":"Libertadores Feminina 2022","MANDO_ULTIMA_PARTIDA":"Não","FONTE_ULTIMA_PARTIDA":"Meu Timão","NUM_ESTADIOS_NO_PONTO":1,"NUM_ESTADIOS_COM_JOGOS_NO_PONTO":1,"ESTADIOS_AGRUPADOS":"[{\"nome\":\"Rodrigo Paz Delgado\",\"nome_atual\":\"Rodrigo Paz Delgado\",\"nome_antigo_1\":\"Casa Blanca\",\"nome_antigo_2\":null,\"nomes_alternativos\":[\"Casa Blanca\",\"Rodrigo Paz Delgado\"],\"cidade\":\"Quito\",\"estado\":\"Pichincha\",\"pais\":\"Equador\",\"capacidade\":null,\"jogos\":1,\"vitorias\":0,\"empates\":0,\"derrotas\":1,\"gols_marcados\":1,\"gols_sofridos\":2,\"data_primeira_partida\":\"2022-10-22\",\"data_ultima_partida\":\"2022-10-22\"}]","STATUS_GEOMETRIA":"PONTO_CONSOLIDADO","PRECISAO_COORDENADAS":"Município (estádio exato não identificado)","FONTE_COORDENADAS":"OpenStreetMap Nominatim (localidade aproximada)","URL_FONTE_COORDENADAS":"https://www.openstreetmap.org/node/58950371","ATRIBUICAO_COORDENADAS":"© OpenStreetMap contributors, ODbL 1.0","FONTES_NOME_ANTIGO":null,"JOGOS_SEM_GEOMETRIA":0}},{"type":"Feature","geometry":{"type":"Point","coordinates":[-78.4890979,-0.1076798]},"properties":{"SECAO":"BRABAS","TIPO_REGISTRO":"PONTO","NOME_ESTADIO":"Rodrigo Paz Delgado","NOME_ATUAL":"Rodrigo Paz Delgado","NOME_ANTIGO_1":"Casa Blanca","NOME_ANTIGO_2":null,"ESTADIO":"Rodrigo Paz Delgado","ESTÁDIO":"Rodrigo Paz Delgado","NOME_ANTIGO":null,"NOMES_ALTERNATIVOS":"Casa Blanca","CIDADE":"QUITO","ESTADO":"PICHINCHA","PAÍS":"Ecuador","PAIS_ISO3":null,"CAPACIDADE":"41575","LATITUDE":-0.1076798,"LONGITUDE":-78.4890979,"TOTAL_JOGOS":0,"VITORIAS":0,"VITÓRIAS":0,"EMPATES":0,"DERROTAS":0,"PONTOS_CAMPEONATO":0,"APROVEITAMENTO_PCT":0,"GOLS_MARCADOS":0,"GOLS_SOFRIDOS":0,"SALDO_GOLS":0,"GOLS_POR_PARTIDA":0,"ASSISTENCIAS":null,"ASSISTENCIAS_DISPONIVEIS":false,"ASSISTENCIAS_FONTE":"Não consta nos arquivos locais do Meu Timão ou Daniel Keppler.","JOGOS_COM_PLACAR":0,"JOGOS_SEM_PLACAR":0,"PARTIDAS_DANIEL_KEPPLER":0,"PARTIDAS_MEUTIMAO":0,"FONTES_JOGOS":"","DATA_PRIMEIRA_PARTIDA":null,"ANO_PRIMEIRA_PARTIDA":null,"PRIMEIRA_PARTIDA":null,"ADVERSARIO":null,"PLACAR":null,"COMPETICAO_PRIMEIRA_PARTIDA":null,"MANDO_PRIMEIRA_PARTIDA":null,"FONTE_PRIMEIRA_PARTIDA":null,"DATA_ULTIMA_PARTIDA":null,"ANO_ULTIMA_PARTIDA":null,"ULTIMA_PARTIDA":"","ADVERSARIO_ULTIMA_PARTIDA":null,"PLACAR_ULTIMA_PARTIDA":null,"COMPETICAO_ULTIMA_PARTIDA":null,"MANDO_ULTIMA_PARTIDA":null,"FONTE_ULTIMA_PARTIDA":null,"NUM_ESTADIOS_NO_PONTO":1,"NUM_ESTADIOS_COM_JOGOS_NO_PONTO":0,"ESTADIOS_AGRUPADOS":"[{\"nome\":\"Rodrigo Paz Delgado\",\"nome_atual\":\"Rodrigo Paz Delgado\",\"nome_antigo_1\":\"Casa Blanca\",\"nome_antigo_2\":null,\"nomes_alternativos\":[\"Casa Blanca\",\"Rodrigo Paz Delgado\"],\"cidade\":\"QUITO\",\"estado\":\"PICHINCHA\",\"pais\":\"Ecuador\",\"capacidade\":\"41575\",\"jogos\":0,\"vitorias\":0,\"empates\":0,\"derrotas\":0,\"gols_marcados\":0,\"gols_sofridos\":0,\"data_primeira_partida\":null,\"data_ultima_partida\":null}]","STATUS_GEOMETRIA":"PONTO_CONSOLIDADO","PRECISAO_COORDENADAS":null,"FONTE_COORDENADAS":"OpenStreetMap Nominatim (geocodificação reversa)","URL_FONTE_COORDENADAS":"https://www.openstreetmap.org/node/58950371","ATRIBUICAO_COORDENADAS":"© OpenStreetMap contributors, ODbL 1.0","FONTES_NOME_ANTIGO":null,"JOGOS_SEM_GEOMETRIA":0}},{"type":"Feature","geometry":{"type":"Point","coordinates":[-78.4766126,-0.1775141]},"properties":{"SECAO":"BRABAS","TIPO_REGISTRO":"PONTO","NOME_ESTADIO":"Estadio Olímpico Atahualpa","NOME_ATUAL":"Estadio Olímpico Atahualpa","NOME_ANTIGO_1":null,"NOME_ANTIGO_2":null,"ESTADIO":"Estadio Olímpico Atahualpa","ESTÁDIO":"Estadio Olímpico Atahualpa","NOME_ANTIGO":null,"NOMES_ALTERNATIVOS":"","CIDADE":"Quito","ESTADO":"Pichincha","PAÍS":"Equador","PAIS_ISO3":null,"CAPACIDADE":"35258","LATITUDE":-0.1775141,"LONGITUDE":-78.4766126,"TOTAL_JOGOS":6,"VITORIAS":5,"VITÓRIAS":5,"EMPATES":1,"DERROTAS":0,"PONTOS_CAMPEONATO":16,"APROVEITAMENTO_PCT":88.9,"GOLS_MARCADOS":16,"GOLS_SOFRIDOS":4,"SALDO_GOLS":12,"GOLS_POR_PARTIDA":2.67,"ASSISTENCIAS":null,"ASSISTENCIAS_DISPONIVEIS":false,"ASSISTENCIAS_FONTE":"Não consta nos arquivos locais do Meu Timão ou Daniel Keppler.","JOGOS_COM_PLACAR":6,"JOGOS_SEM_PLACAR":0,"PARTIDAS_DANIEL_KEPPLER":0,"PARTIDAS_MEUTIMAO":6,"FONTES_JOGOS":"Meu Timão","DATA_PRIMEIRA_PARTIDA":"2019-10-14","ANO_PRIMEIRA_PARTIDA":2019,"PRIMEIRA_PARTIDA":"CLUB ÑAÑAS 1x3 CORINTHIANS","ADVERSARIO":"CLUB ÑAÑAS","PLACAR":"1x3","COMPETICAO_PRIMEIRA_PARTIDA":"Libertadores Feminina 2019","MANDO_PRIMEIRA_PARTIDA":"Não","FONTE_PRIMEIRA_PARTIDA":"https://www.meutimao.com.br/jogo/1366/libertadores-feminina-2019/club_nanas-1-x-3-corinthians","DATA_ULTIMA_PARTIDA":"2019-10-28","ANO_ULTIMA_PARTIDA":2019,"ULTIMA_PARTIDA":"CORINTHIANS 2x0 FERROVIÁRIA","ADVERSARIO_ULTIMA_PARTIDA":"FERROVIÁRIA","PLACAR_ULTIMA_PARTIDA":"2x0","COMPETICAO_ULTIMA_PARTIDA":"Libertadores Feminina 2019","MANDO_ULTIMA_PARTIDA":"Sim","FONTE_ULTIMA_PARTIDA":"Meu Timão","NUM_ESTADIOS_NO_PONTO":1,"NUM_ESTADIOS_COM_JOGOS_NO_PONTO":1,"ESTADIOS_AGRUPADOS":"[{\"nome\":\"Estadio Olímpico Atahualpa\",\"nome_atual\":\"Estadio Olímpico Atahualpa\",\"nome_antigo_1\":null,\"nome_antigo_2\":null,\"nomes_alternativos\":[\"Estadio Olímpico Atahualpa\"],\"cidade\":\"Quito\",\"estado\":\"Pichincha\",\"pais\":\"Equador\",\"capacidade\":\"35258\",\"jogos\":6,\"vitorias\":5,\"empates\":1,\"derrotas\":0,\"gols_marcados\":16,\"gols_sofridos\":4,\"data_primeira_partida\":\"2019-10-14\",\"data_ultima_partida\":\"2019-10-28\"}]","STATUS_GEOMETRIA":"PONTO_CONSOLIDADO","PRECISAO_COORDENADAS":"Estádio identificado","FONTE_COORDENADAS":"OpenStreetMap Nominatim","URL_FONTE_COORDENADAS":"https://www.openstreetmap.org/way/24611185","ATRIBUICAO_COORDENADAS":"© OpenStreetMap contributors, ODbL 1.0","FONTES_NOME_ANTIGO":null,"JOGOS_SEM_GEOMETRIA":0}},{"type":"Feature","geometry":{"type":"Point","coordinates":[-78.47030740156634,-0.349179879569855]},"properties":{"SECAO":"BRABAS","TIPO_REGISTRO":"PONTO","NOME_ESTADIO":"ESTADIO BANCO GUAYAQUIL (ESTADIO IDV)","NOME_ATUAL":"ESTADIO BANCO GUAYAQUIL (ESTADIO IDV)","NOME_ANTIGO_1":null,"NOME_ANTIGO_2":null,"ESTADIO":"ESTADIO BANCO GUAYAQUIL (ESTADIO IDV)","ESTÁDIO":"ESTADIO BANCO GUAYAQUIL (ESTADIO IDV)","NOME_ANTIGO":null,"NOMES_ALTERNATIVOS":"","CIDADE":"QUITO","ESTADO":"PICHINCHA","PAÍS":"EQUADOR","PAIS_ISO3":null,"CAPACIDADE":"12000","LATITUDE":-0.349179879569855,"LONGITUDE":-78.47030740156634,"TOTAL_JOGOS":0,"VITORIAS":0,"VITÓRIAS":0,"EMPATES":0,"DERROTAS":0,"PONTOS_CAMPEONATO":0,"APROVEITAMENTO_PCT":0,"GOLS_MARCADOS":0,"GOLS_SOFRIDOS":0,"SALDO_GOLS":0,"GOLS_POR_PARTIDA":0,"ASSISTENCIAS":null,"ASSISTENCIAS_DISPONIVEIS":false,"ASSISTENCIAS_FONTE":"Não consta nos arquivos locais do Meu Timão ou Daniel Keppler.","JOGOS_COM_PLACAR":0,"JOGOS_SEM_PLACAR":0,"PARTIDAS_DANIEL_KEPPLER":0,"PARTIDAS_MEUTIMAO":0,"FONTES_JOGOS":"","DATA_PRIMEIRA_PARTIDA":null,"ANO_PRIMEIRA_PARTIDA":null,"PRIMEIRA_PARTIDA":null,"ADVERSARIO":null,"PLACAR":null,"COMPETICAO_PRIMEIRA_PARTIDA":null,"MANDO_PRIMEIRA_PARTIDA":null,"FONTE_PRIMEIRA_PARTIDA":null,"DATA_ULTIMA_PARTIDA":null,"ANO_ULTIMA_PARTIDA":null,"ULTIMA_PARTIDA":"","ADVERSARIO_ULTIMA_PARTIDA":null,"PLACAR_ULTIMA_PARTIDA":null,"COMPETICAO_ULTIMA_PARTIDA":null,"MANDO_ULTIMA_PARTIDA":null,"FONTE_ULTIMA_PARTIDA":null,"NUM_ESTADIOS_NO_PONTO":1,"NUM_ESTADIOS_COM_JOGOS_NO_PONTO":0,"ESTADIOS_AGRUPADOS":"[{\"nome\":\"ESTADIO BANCO GUAYAQUIL (ESTADIO IDV)\",\"nome_atual\":\"ESTADIO BANCO GUAYAQUIL (ESTADIO IDV)\",\"nome_antigo_1\":null,\"nome_antigo_2\":null,\"nomes_alternativos\":[\"ESTADIO BANCO GUAYAQUIL (ESTADIO IDV)\"],\"cidade\":\"QUITO\",\"estado\":\"PICHINCHA\",\"pais\":\"EQUADOR\",\"capacidade\":\"12000\",\"jogos\":0,\"vitorias\":0,\"empates\":0,\"derrotas\":0,\"gols_marcados\":0,\"gols_sofridos\":0,\"data_primeira_partida\":null,\"data_ultima_partida\":null}]","STATUS_GEOMETRIA":"PONTO_CONSOLIDADO","PRECISAO_COORDENADAS":null,"FONTE_COORDENADAS":null,"URL_FONTE_COORDENADAS":null,"ATRIBUICAO_COORDENADAS":null,"FONTES_NOME_ANTIGO":null,"JOGOS_SEM_GEOMETRIA":0}},{"type":"Feature","geometry":{"type":"Point","coordinates":[-78.46804793194167,-0.345390436048672]},"properties":{"SECAO":"BRABAS","TIPO_REGISTRO":"PONTO","NOME_ESTADIO":"CENTRO DE ALTO RENDIMIENTO INDEPENDIENTE DEL VALLE","NOME_ATUAL":"CENTRO DE ALTO RENDIMIENTO INDEPENDIENTE DEL VALLE","NOME_ANTIGO_1":null,"NOME_ANTIGO_2":null,"ESTADIO":"CENTRO DE ALTO RENDIMIENTO INDEPENDIENTE DEL VALLE","ESTÁDIO":"CENTRO DE ALTO RENDIMIENTO INDEPENDIENTE DEL VALLE","NOME_ANTIGO":null,"NOMES_ALTERNATIVOS":"","CIDADE":"QUITO","ESTADO":"PICHINCHA","PAÍS":"EQUADOR","PAIS_ISO3":null,"CAPACIDADE":"DESCONHECIDA","LATITUDE":-0.345390436048672,"LONGITUDE":-78.46804793194167,"TOTAL_JOGOS":0,"VITORIAS":0,"VITÓRIAS":0,"EMPATES":0,"DERROTAS":0,"PONTOS_CAMPEONATO":0,"APROVEITAMENTO_PCT":0,"GOLS_MARCADOS":0,"GOLS_SOFRIDOS":0,"SALDO_GOLS":0,"GOLS_POR_PARTIDA":0,"ASSISTENCIAS":null,"ASSISTENCIAS_DISPONIVEIS":false,"ASSISTENCIAS_FONTE":"Não consta nos arquivos locais do Meu Timão ou Daniel Keppler.","JOGOS_COM_PLACAR":0,"JOGOS_SEM_PLACAR":0,"PARTIDAS_DANIEL_KEPPLER":0,"PARTIDAS_MEUTIMAO":0,"FONTES_JOGOS":"","DATA_PRIMEIRA_PARTIDA":null,"ANO_PRIMEIRA_PARTIDA":null,"PRIMEIRA_PARTIDA":null,"ADVERSARIO":null,"PLACAR":null,"COMPETICAO_PRIMEIRA_PARTIDA":null,"MANDO_PRIMEIRA_PARTIDA":null,"FONTE_PRIMEIRA_PARTIDA":null,"DATA_ULTIMA_PARTIDA":null,"ANO_ULTIMA_PARTIDA":null,"ULTIMA_PARTIDA":"","ADVERSARIO_ULTIMA_PARTIDA":null,"PLACAR_ULTIMA_PARTIDA":null,"COMPETICAO_ULTIMA_PARTIDA":null,"MANDO_ULTIMA_PARTIDA":null,"FONTE_ULTIMA_PARTIDA":null,"NUM_ESTADIOS_NO_PONTO":1,"NUM_ESTADIOS_COM_JOGOS_NO_PONTO":0,"ESTADIOS_AGRUPADOS":"[{\"nome\":\"CENTRO DE ALTO RENDIMIENTO INDEPENDIENTE DEL VALLE\",\"nome_atual\":\"CENTRO DE ALTO RENDIMIENTO INDEPENDIENTE DEL VALLE\",\"nome_antigo_1\":null,\"nome_antigo_2\":null,\"nomes_alternativos\":[\"CENTRO DE ALTO RENDIMIENTO INDEPENDIENTE DEL VALLE\"],\"cidade\":\"QUITO\",\"estado\":\"PICHINCHA\",\"pais\":\"EQUADOR\",\"capacidade\":\"DESCONHECIDA\",\"jogos\":0,\"vitorias\":0,\"empates\":0,\"derrotas\":0,\"gols_marcados\":0,\"gols_sofridos\":0,\"data_primeira_partida\":null,\"data_ultima_partida\":null}]","STATUS_GEOMETRIA":"PONTO_CONSOLIDADO","PRECISAO_COORDENADAS":null,"FONTE_COORDENADAS":null,"URL_FONTE_COORDENADAS":null,"ATRIBUICAO_COORDENADAS":null,"FONTES_NOME_ANTIGO":null,"JOGOS_SEM_GEOMETRIA":0}},{"type":"Feature","geometry":{"type":"Point","coordinates":[-76.5412366,3.4299548]},"properties":{"SECAO":"BRABAS","TIPO_REGISTRO":"PONTO","NOME_ESTADIO":"Estádio Pascual Guerrero","NOME_ATUAL":"Estádio Pascual Guerrero","NOME_ANTIGO_1":null,"NOME_ANTIGO_2":null,"ESTADIO":"Estádio Pascual Guerrero","ESTÁDIO":"Estádio Pascual Guerrero","NOME_ANTIGO":null,"NOMES_ALTERNATIVOS":"Pascual Guerrero","CIDADE":"Cáli","ESTADO":"Valle del Cauca","PAÍS":"Colômbia","PAIS_ISO3":null,"CAPACIDADE":null,"LATITUDE":3.4299548,"LONGITUDE":-76.5412366,"TOTAL_JOGOS":4,"VITORIAS":3,"VITÓRIAS":3,"EMPATES":1,"DERROTAS":0,"PONTOS_CAMPEONATO":10,"APROVEITAMENTO_PCT":83.3,"GOLS_MARCADOS":11,"GOLS_SOFRIDOS":1,"SALDO_GOLS":10,"GOLS_POR_PARTIDA":2.75,"ASSISTENCIAS":null,"ASSISTENCIAS_DISPONIVEIS":false,"ASSISTENCIAS_FONTE":"Não consta nos arquivos locais do Meu Timão ou Daniel Keppler.","JOGOS_COM_PLACAR":4,"JOGOS_SEM_PLACAR":0,"PARTIDAS_DANIEL_KEPPLER":0,"PARTIDAS_MEUTIMAO":4,"FONTES_JOGOS":"Meu Timão","DATA_PRIMEIRA_PARTIDA":"2023-10-12","ANO_PRIMEIRA_PARTIDA":2023,"PRIMEIRA_PARTIDA":"CORINTHIANS 5x0 LIBERTAD LIMPEÑO","ADVERSARIO":"LIBERTAD LIMPEÑO","PLACAR":"5x0","COMPETICAO_PRIMEIRA_PARTIDA":"Libertadores Feminina 2023","MANDO_PRIMEIRA_PARTIDA":"Sim","FONTE_PRIMEIRA_PARTIDA":"https://www.meutimao.com.br/jogo/7909/libertadores-feminina-2023/corinthians-5-x-0-libertad_limpeno","DATA_ULTIMA_PARTIDA":"2023-10-21","ANO_ULTIMA_PARTIDA":2023,"ULTIMA_PARTIDA":"CORINTHIANS 1x0 PALMEIRAS","ADVERSARIO_ULTIMA_PARTIDA":"PALMEIRAS","PLACAR_ULTIMA_PARTIDA":"1x0","COMPETICAO_ULTIMA_PARTIDA":"Libertadores Feminina 2023","MANDO_ULTIMA_PARTIDA":"Sim","FONTE_ULTIMA_PARTIDA":"Meu Timão","NUM_ESTADIOS_NO_PONTO":2,"NUM_ESTADIOS_COM_JOGOS_NO_PONTO":1,"ESTADIOS_AGRUPADOS":"[{\"nome\":\"Estádio Pascual Guerrero\",\"nome_atual\":\"Estádio Pascual Guerrero\",\"nome_antigo_1\":null,\"nome_antigo_2\":null,\"nomes_alternativos\":[\"Estádio Pascual Guerrero\"],\"cidade\":\"Cáli\",\"estado\":\"Valle del Cauca\",\"pais\":\"Colômbia\",\"capacidade\":null,\"jogos\":4,\"vitorias\":3,\"empates\":1,\"derrotas\":0,\"gols_marcados\":11,\"gols_sofridos\":1,\"data_primeira_partida\":\"2023-10-12\",\"data_ultima_partida\":\"2023-10-21\"},{\"nome\":\"Pascual Guerrero\",\"nome_atual\":\"Pascual Guerrero\",\"nome_antigo_1\":null,\"nome_antigo_2\":null,\"nomes_alternativos\":[\"Pascual Guerrero\"],\"cidade\":\"CALI\",\"estado\":\"VALLE DEL CAUCA\",\"pais\":\"COLÔMBIA\",\"capacidade\":\"42200\",\"jogos\":0,\"vitorias\":0,\"empates\":0,\"derrotas\":0,\"gols_marcados\":0,\"gols_sofridos\":0,\"data_primeira_partida\":null,\"data_ultima_partida\":null}]","STATUS_GEOMETRIA":"PONTO_CONSOLIDADO","PRECISAO_COORDENADAS":null,"FONTE_COORDENADAS":"OpenStreetMap Nominatim (geocodificação reversa)","URL_FONTE_COORDENADAS":"https://www.openstreetmap.org/relation/8784644","ATRIBUICAO_COORDENADAS":"© OpenStreetMap contributors, ODbL 1.0","FONTES_NOME_ANTIGO":null,"JOGOS_SEM_GEOMETRIA":0}},{"type":"Feature","geometry":{"type":"Point","coordinates":[-74.13634719943133,4.623716907161779]},"properties":{"SECAO":"BRABAS","TIPO_REGISTRO":"PONTO","NOME_ESTADIO":"METROPOLITANO DE TECHO","NOME_ATUAL":"METROPOLITANO DE TECHO","NOME_ANTIGO_1":null,"NOME_ANTIGO_2":null,"ESTADIO":"METROPOLITANO DE TECHO","ESTÁDIO":"METROPOLITANO DE TECHO","NOME_ANTIGO":null,"NOMES_ALTERNATIVOS":"","CIDADE":"BOGOTÁ","ESTADO":"DISTRITO CAPITAL","PAÍS":"COLÔMBIA","PAIS_ISO3":null,"CAPACIDADE":"10000","LATITUDE":4.623716907161779,"LONGITUDE":-74.13634719943133,"TOTAL_JOGOS":0,"VITORIAS":0,"VITÓRIAS":0,"EMPATES":0,"DERROTAS":0,"PONTOS_CAMPEONATO":0,"APROVEITAMENTO_PCT":0,"GOLS_MARCADOS":0,"GOLS_SOFRIDOS":0,"SALDO_GOLS":0,"GOLS_POR_PARTIDA":0,"ASSISTENCIAS":null,"ASSISTENCIAS_DISPONIVEIS":false,"ASSISTENCIAS_FONTE":"Não consta nos arquivos locais do Meu Timão ou Daniel Keppler.","JOGOS_COM_PLACAR":0,"JOGOS_SEM_PLACAR":0,"PARTIDAS_DANIEL_KEPPLER":0,"PARTIDAS_MEUTIMAO":0,"FONTES_JOGOS":"","DATA_PRIMEIRA_PARTIDA":null,"ANO_PRIMEIRA_PARTIDA":null,"PRIMEIRA_PARTIDA":null,"ADVERSARIO":null,"PLACAR":null,"COMPETICAO_PRIMEIRA_PARTIDA":null,"MANDO_PRIMEIRA_PARTIDA":null,"FONTE_PRIMEIRA_PARTIDA":null,"DATA_ULTIMA_PARTIDA":null,"ANO_ULTIMA_PARTIDA":null,"ULTIMA_PARTIDA":"","ADVERSARIO_ULTIMA_PARTIDA":null,"PLACAR_ULTIMA_PARTIDA":null,"COMPETICAO_ULTIMA_PARTIDA":null,"MANDO_ULTIMA_PARTIDA":null,"FONTE_ULTIMA_PARTIDA":null,"NUM_ESTADIOS_NO_PONTO":1,"NUM_ESTADIOS_COM_JOGOS_NO_PONTO":0,"ESTADIOS_AGRUPADOS":"[{\"nome\":\"METROPOLITANO DE TECHO\",\"nome_atual\":\"METROPOLITANO DE TECHO\",\"nome_antigo_1\":null,\"nome_antigo_2\":null,\"nomes_alternativos\":[\"METROPOLITANO DE TECHO\"],\"cidade\":\"BOGOTÁ\",\"estado\":\"DISTRITO CAPITAL\",\"pais\":\"COLÔMBIA\",\"capacidade\":\"10000\",\"jogos\":0,\"vitorias\":0,\"empates\":0,\"derrotas\":0,\"gols_marcados\":0,\"gols_sofridos\":0,\"data_primeira_partida\":null,\"data_ultima_partida\":null}]","STATUS_GEOMETRIA":"PONTO_CONSOLIDADO","PRECISAO_COORDENADAS":null,"FONTE_COORDENADAS":null,"URL_FONTE_COORDENADAS":null,"ATRIBUICAO_COORDENADAS":null,"FONTES_NOME_ANTIGO":null,"JOGOS_SEM_GEOMETRIA":0}},{"type":"Feature","geometry":{"type":"Point","coordinates":[-74.0836331,4.6533817]},"properties":{"SECAO":"BRABAS","TIPO_REGISTRO":"PONTO","NOME_ESTADIO":"Estádio de Techo","NOME_ATUAL":"Estádio de Techo","NOME_ANTIGO_1":null,"NOME_ANTIGO_2":null,"ESTADIO":"Estádio de Techo","ESTÁDIO":"Estádio de Techo","NOME_ANTIGO":null,"NOMES_ALTERNATIVOS":"","CIDADE":"Bogotá","ESTADO":"Bogota, Capital District","PAÍS":"Colômbia","PAIS_ISO3":null,"CAPACIDADE":"10000","LATITUDE":4.6533817,"LONGITUDE":-74.0836331,"TOTAL_JOGOS":2,"VITORIAS":2,"VITÓRIAS":2,"EMPATES":0,"DERROTAS":0,"PONTOS_CAMPEONATO":6,"APROVEITAMENTO_PCT":100.0,"GOLS_MARCADOS":7,"GOLS_SOFRIDOS":0,"SALDO_GOLS":7,"GOLS_POR_PARTIDA":3.5,"ASSISTENCIAS":null,"ASSISTENCIAS_DISPONIVEIS":false,"ASSISTENCIAS_FONTE":"Não consta nos arquivos locais do Meu Timão ou Daniel Keppler.","JOGOS_COM_PLACAR":2,"JOGOS_SEM_PLACAR":0,"PARTIDAS_DANIEL_KEPPLER":0,"PARTIDAS_MEUTIMAO":2,"FONTES_JOGOS":"Meu Timão","DATA_PRIMEIRA_PARTIDA":"2023-10-06","ANO_PRIMEIRA_PARTIDA":2023,"PRIMEIRA_PARTIDA":"CORINTHIANS 1x0 COLO-COLO","ADVERSARIO":"COLO-COLO","PLACAR":"1x0","COMPETICAO_PRIMEIRA_PARTIDA":"Libertadores Feminina 2023","MANDO_PRIMEIRA_PARTIDA":"Sim","FONTE_PRIMEIRA_PARTIDA":"https://www.meutimao.com.br/jogo/7907/libertadores-feminina-2023/corinthians-1-x-0-colo-colo","DATA_ULTIMA_PARTIDA":"2023-10-09","ANO_ULTIMA_PARTIDA":2023,"ULTIMA_PARTIDA":"CORINTHIANS 6x0 ALWAYS READY","ADVERSARIO_ULTIMA_PARTIDA":"ALWAYS READY","PLACAR_ULTIMA_PARTIDA":"6x0","COMPETICAO_ULTIMA_PARTIDA":"Libertadores Feminina 2023","MANDO_ULTIMA_PARTIDA":"Sim","FONTE_ULTIMA_PARTIDA":"Meu Timão","NUM_ESTADIOS_NO_PONTO":1,"NUM_ESTADIOS_COM_JOGOS_NO_PONTO":1,"ESTADIOS_AGRUPADOS":"[{\"nome\":\"Estádio de Techo\",\"nome_atual\":\"Estádio de Techo\",\"nome_antigo_1\":null,\"nome_antigo_2\":null,\"nomes_alternativos\":[\"Estádio de Techo\"],\"cidade\":\"Bogotá\",\"estado\":\"Bogota, Capital District\",\"pais\":\"Colômbia\",\"capacidade\":\"10000\",\"jogos\":2,\"vitorias\":2,\"empates\":0,\"derrotas\":0,\"gols_marcados\":7,\"gols_sofridos\":0,\"data_primeira_partida\":\"2023-10-06\",\"data_ultima_partida\":\"2023-10-09\"}]","STATUS_GEOMETRIA":"PONTO_CONSOLIDADO","PRECISAO_COORDENADAS":"Município (estádio exato não identificado)","FONTE_COORDENADAS":"OpenStreetMap Nominatim (localidade aproximada)","URL_FONTE_COORDENADAS":"https://www.openstreetmap.org/relation/7426387","ATRIBUICAO_COORDENADAS":"© OpenStreetMap contributors, ODbL 1.0","FONTES_NOME_ANTIGO":null,"JOGOS_SEM_GEOMETRIA":0}},{"type":"Feature","geometry":{"type":"Point","coordinates":[-63.03268139076737,-9.90518243072387]},"properties":{"SECAO":"BRABAS","TIPO_REGISTRO":"PONTO","NOME_ESTADIO":"GENTIL VALÉRIO (VALERIÃO)","NOME_ATUAL":"GENTIL VALÉRIO (VALERIÃO)","NOME_ANTIGO_1":"Valérião","NOME_ANTIGO_2":null,"ESTADIO":"GENTIL VALÉRIO (VALERIÃO)","ESTÁDIO":"GENTIL VALÉRIO (VALERIÃO)","NOME_ANTIGO":null,"NOMES_ALTERNATIVOS":"Valérião","CIDADE":"ARIQUEMES","ESTADO":"RONDÔNIA","PAÍS":"BRASIL","PAIS_ISO3":null,"CAPACIDADE":"5000","LATITUDE":-9.90518243072387,"LONGITUDE":-63.03268139076737,"TOTAL_JOGOS":1,"VITORIAS":1,"VITÓRIAS":1,"EMPATES":0,"DERROTAS":0,"PONTOS_CAMPEONATO":3,"APROVEITAMENTO_PCT":100.0,"GOLS_MARCADOS":6,"GOLS_SOFRIDOS":0,"SALDO_GOLS":6,"GOLS_POR_PARTIDA":6.0,"ASSISTENCIAS":null,"ASSISTENCIAS_DISPONIVEIS":false,"ASSISTENCIAS_FONTE":"Não consta nos arquivos locais do Meu Timão ou Daniel Keppler.","JOGOS_COM_PLACAR":1,"JOGOS_SEM_PLACAR":0,"PARTIDAS_DANIEL_KEPPLER":0,"PARTIDAS_MEUTIMAO":1,"FONTES_JOGOS":"Meu Timão","DATA_PRIMEIRA_PARTIDA":"2023-03-04","ANO_PRIMEIRA_PARTIDA":2023,"PRIMEIRA_PARTIDA":"REAL ARIQUEMES 0x6 CORINTHIANS","ADVERSARIO":"REAL ARIQUEMES","PLACAR":"0x6","COMPETICAO_PRIMEIRA_PARTIDA":"Brasileiro Feminino 2023","MANDO_PRIMEIRA_PARTIDA":"Não","FONTE_PRIMEIRA_PARTIDA":"https://www.meutimao.com.br/jogo/7607/brasileiro-feminino-2023/real_ariquemes-0-x-6-corinthians","DATA_ULTIMA_PARTIDA":"2023-03-04","ANO_ULTIMA_PARTIDA":2023,"ULTIMA_PARTIDA":"REAL ARIQUEMES 0x6 CORINTHIANS","ADVERSARIO_ULTIMA_PARTIDA":"REAL ARIQUEMES","PLACAR_ULTIMA_PARTIDA":"0x6","COMPETICAO_ULTIMA_PARTIDA":"Brasileiro Feminino 2023","MANDO_ULTIMA_PARTIDA":"Não","FONTE_ULTIMA_PARTIDA":"Meu Timão","NUM_ESTADIOS_NO_PONTO":1,"NUM_ESTADIOS_COM_JOGOS_NO_PONTO":1,"ESTADIOS_AGRUPADOS":"[{\"nome\":\"GENTIL VALÉRIO (VALERIÃO)\",\"nome_atual\":\"GENTIL VALÉRIO (VALERIÃO)\",\"nome_antigo_1\":\"Valérião\",\"nome_antigo_2\":null,\"nomes_alternativos\":[\"GENTIL VALÉRIO (VALERIÃO)\",\"Valérião\"],\"cidade\":\"ARIQUEMES\",\"estado\":\"RONDÔNIA\",\"pais\":\"BRASIL\",\"capacidade\":\"5000\",\"jogos\":1,\"vitorias\":1,\"empates\":0,\"derrotas\":0,\"gols_marcados\":6,\"gols_sofridos\":0,\"data_primeira_partida\":\"2023-03-04\",\"data_ultima_partida\":\"2023-03-04\"}]","STATUS_GEOMETRIA":"PONTO_CONSOLIDADO","PRECISAO_COORDENADAS":null,"FONTE_COORDENADAS":null,"URL_FONTE_COORDENADAS":null,"ATRIBUICAO_COORDENADAS":null,"FONTES_NOME_ANTIGO":null,"JOGOS_SEM_GEOMETRIA":0}},{"type":"Feature","geometry":{"type":"Point","coordinates":[-60.71460878329617,-32.850463678761685]},"properties":{"SECAO":"BRABAS","TIPO_REGISTRO":"PONTO","NOME_ESTADIO":"CLUB ATLÉTICO ACADEMIA DEPORTIVA","NOME_ATUAL":"CLUB ATLÉTICO ACADEMIA DEPORTIVA","NOME_ANTIGO_1":null,"NOME_ANTIGO_2":null,"ESTADIO":"CLUB ATLÉTICO ACADEMIA DEPORTIVA","ESTÁDIO":"CLUB ATLÉTICO ACADEMIA DEPORTIVA","NOME_ANTIGO":null,"NOMES_ALTERNATIVOS":"","CIDADE":"ROSÁRIO","ESTADO":"SANTA FE","PAÍS":"ARGENTINA","PAIS_ISO3":null,"CAPACIDADE":"DESCONHECIDA","LATITUDE":-32.850463678761685,"LONGITUDE":-60.71460878329617,"TOTAL_JOGOS":0,"VITORIAS":0,"VITÓRIAS":0,"EMPATES":0,"DERROTAS":0,"PONTOS_CAMPEONATO":0,"APROVEITAMENTO_PCT":0,"GOLS_MARCADOS":0,"GOLS_SOFRIDOS":0,"SALDO_GOLS":0,"GOLS_POR_PARTIDA":0,"ASSISTENCIAS":null,"ASSISTENCIAS_DISPONIVEIS":false,"ASSISTENCIAS_FONTE":"Não consta nos arquivos locais do Meu Timão ou Daniel Keppler.","JOGOS_COM_PLACAR":0,"JOGOS_SEM_PLACAR":0,"PARTIDAS_DANIEL_KEPPLER":0,"PARTIDAS_MEUTIMAO":0,"FONTES_JOGOS":"","DATA_PRIMEIRA_PARTIDA":null,"ANO_PRIMEIRA_PARTIDA":null,"PRIMEIRA_PARTIDA":null,"ADVERSARIO":null,"PLACAR":null,"COMPETICAO_PRIMEIRA_PARTIDA":null,"MANDO_PRIMEIRA_PARTIDA":null,"FONTE_PRIMEIRA_PARTIDA":null,"DATA_ULTIMA_PARTIDA":null,"ANO_ULTIMA_PARTIDA":null,"ULTIMA_PARTIDA":"","ADVERSARIO_ULTIMA_PARTIDA":null,"PLACAR_ULTIMA_PARTIDA":null,"COMPETICAO_ULTIMA_PARTIDA":null,"MANDO_ULTIMA_PARTIDA":null,"FONTE_ULTIMA_PARTIDA":null,"NUM_ESTADIOS_NO_PONTO":1,"NUM_ESTADIOS_COM_JOGOS_NO_PONTO":0,"ESTADIOS_AGRUPADOS":"[{\"nome\":\"CLUB ATLÉTICO ACADEMIA DEPORTIVA\",\"nome_atual\":\"CLUB ATLÉTICO ACADEMIA DEPORTIVA\",\"nome_antigo_1\":null,\"nome_antigo_2\":null,\"nomes_alternativos\":[\"CLUB ATLÉTICO ACADEMIA DEPORTIVA\"],\"cidade\":\"ROSÁRIO\",\"estado\":\"SANTA FE\",\"pais\":\"ARGENTINA\",\"capacidade\":\"DESCONHECIDA\",\"jogos\":0,\"vitorias\":0,\"empates\":0,\"derrotas\":0,\"gols_marcados\":0,\"gols_sofridos\":0,\"data_primeira_partida\":null,\"data_ultima_partida\":null}]","STATUS_GEOMETRIA":"PONTO_CONSOLIDADO","PRECISAO_COORDENADAS":null,"FONTE_COORDENADAS":null,"URL_FONTE_COORDENADAS":null,"ATRIBUICAO_COORDENADAS":null,"FONTES_NOME_ANTIGO":null,"JOGOS_SEM_GEOMETRIA":0}},{"type":"Feature","geometry":{"type":"Point","coordinates":[-60.0281392,-3.0832457]},"properties":{"SECAO":"BRABAS","TIPO_REGISTRO":"PONTO","NOME_ESTADIO":"Arena Amazônia","NOME_ATUAL":"Arena Amazônia","NOME_ANTIGO_1":null,"NOME_ANTIGO_2":null,"ESTADIO":"Arena Amazônia","ESTÁDIO":"Arena Amazônia","NOME_ANTIGO":null,"NOMES_ALTERNATIVOS":"Arena da Amazônia","CIDADE":"Manaus","ESTADO":"Amazonas","PAÍS":"Brasil","PAIS_ISO3":null,"CAPACIDADE":null,"LATITUDE":-3.0832457,"LONGITUDE":-60.0281392,"TOTAL_JOGOS":4,"VITORIAS":1,"VITÓRIAS":1,"EMPATES":2,"DERROTAS":1,"PONTOS_CAMPEONATO":5,"APROVEITAMENTO_PCT":41.7,"GOLS_MARCADOS":5,"GOLS_SOFRIDOS":4,"SALDO_GOLS":1,"GOLS_POR_PARTIDA":1.25,"ASSISTENCIAS":null,"ASSISTENCIAS_DISPONIVEIS":false,"ASSISTENCIAS_FONTE":"Não consta nos arquivos locais do Meu Timão ou Daniel Keppler.","JOGOS_COM_PLACAR":4,"JOGOS_SEM_PLACAR":0,"PARTIDAS_DANIEL_KEPPLER":0,"PARTIDAS_MEUTIMAO":4,"FONTES_JOGOS":"Meu Timão","DATA_PRIMEIRA_PARTIDA":"2016-03-23","ANO_PRIMEIRA_PARTIDA":2016,"PRIMEIRA_PARTIDA":"IRANDUBA 2x2 CORINTHIANS","ADVERSARIO":"IRANDUBA","PLACAR":"2x2","COMPETICAO_PRIMEIRA_PARTIDA":"Brasileirão 2016","MANDO_PRIMEIRA_PARTIDA":"Não","FONTE_PRIMEIRA_PARTIDA":"https://www.meutimao.com.br/jogo/4704/brasileirao-2016/iranduba-2-x-2-corinthians","DATA_ULTIMA_PARTIDA":"2020-09-23","ANO_ULTIMA_PARTIDA":2020,"ULTIMA_PARTIDA":"IRANDUBA 0x2 CORINTHIANS","ADVERSARIO_ULTIMA_PARTIDA":"IRANDUBA","PLACAR_ULTIMA_PARTIDA":"0x2","COMPETICAO_ULTIMA_PARTIDA":"Brasileiro Feminino 2020","MANDO_ULTIMA_PARTIDA":"Não","FONTE_ULTIMA_PARTIDA":"Meu Timão","NUM_ESTADIOS_NO_PONTO":2,"NUM_ESTADIOS_COM_JOGOS_NO_PONTO":1,"ESTADIOS_AGRUPADOS":"[{\"nome\":\"Arena Amazônia\",\"nome_atual\":\"Arena Amazônia\",\"nome_antigo_1\":null,\"nome_antigo_2\":null,\"nomes_alternativos\":[\"Arena Amazônia\"],\"cidade\":\"Manaus\",\"estado\":\"Amazonas\",\"pais\":\"Brasil\",\"capacidade\":null,\"jogos\":4,\"vitorias\":1,\"empates\":2,\"derrotas\":1,\"gols_marcados\":5,\"gols_sofridos\":4,\"data_primeira_partida\":\"2016-03-23\",\"data_ultima_partida\":\"2020-09-23\"},{\"nome\":\"Arena da Amazônia\",\"nome_atual\":\"Arena da Amazônia\",\"nome_antigo_1\":null,\"nome_antigo_2\":null,\"nomes_alternativos\":[\"Arena da Amazônia\"],\"cidade\":\"MANAUS \",\"estado\":\"AMAZONAS\",\"pais\":\"BRASIL\",\"capacidade\":\"44300\",\"jogos\":0,\"vitorias\":0,\"empates\":0,\"derrotas\":0,\"gols_marcados\":0,\"gols_sofridos\":0,\"data_primeira_partida\":null,\"data_ultima_partida\":null}]","STATUS_GEOMETRIA":"PONTO_CONSOLIDADO","PRECISAO_COORDENADAS":null,"FONTE_COORDENADAS":"OpenStreetMap Nominatim (geocodificação reversa)","URL_FONTE_COORDENADAS":"https://www.openstreetmap.org/relation/332493","ATRIBUICAO_COORDENADAS":"© OpenStreetMap contributors, ODbL 1.0","FONTES_NOME_ANTIGO":null,"JOGOS_SEM_GEOMETRIA":0}},{"type":"Feature","geometry":{"type":"Point","coordinates":[-58.63084344659128,-34.66168741793206]},"properties":{"SECAO":"BRABAS","TIPO_REGISTRO":"PONTO","NOME_ESTADIO":"NUEVO FRANCISCO URBANO","NOME_ATUAL":"NUEVO FRANCISCO URBANO","NOME_ANTIGO_1":null,"NOME_ANTIGO_2":null,"ESTADIO":"NUEVO FRANCISCO URBANO","ESTÁDIO":"NUEVO FRANCISCO URBANO","NOME_ANTIGO":null,"NOMES_ALTERNATIVOS":"","CIDADE":"MORÓN","ESTADO":"BUENOS AIRES","PAÍS":"ARGENTINA","PAIS_ISO3":null,"CAPACIDADE":"32000","LATITUDE":-34.66168741793206,"LONGITUDE":-58.63084344659128,"TOTAL_JOGOS":0,"VITORIAS":0,"VITÓRIAS":0,"EMPATES":0,"DERROTAS":0,"PONTOS_CAMPEONATO":0,"APROVEITAMENTO_PCT":0,"GOLS_MARCADOS":0,"GOLS_SOFRIDOS":0,"SALDO_GOLS":0,"GOLS_POR_PARTIDA":0,"ASSISTENCIAS":null,"ASSISTENCIAS_DISPONIVEIS":false,"ASSISTENCIAS_FONTE":"Não consta nos arquivos locais do Meu Timão ou Daniel Keppler.","JOGOS_COM_PLACAR":0,"JOGOS_SEM_PLACAR":0,"PARTIDAS_DANIEL_KEPPLER":0,"PARTIDAS_MEUTIMAO":0,"FONTES_JOGOS":"","DATA_PRIMEIRA_PARTIDA":null,"ANO_PRIMEIRA_PARTIDA":null,"PRIMEIRA_PARTIDA":null,"ADVERSARIO":null,"PLACAR":null,"COMPETICAO_PRIMEIRA_PARTIDA":null,"MANDO_PRIMEIRA_PARTIDA":null,"FONTE_PRIMEIRA_PARTIDA":null,"DATA_ULTIMA_PARTIDA":null,"ANO_ULTIMA_PARTIDA":null,"ULTIMA_PARTIDA":"","ADVERSARIO_ULTIMA_PARTIDA":null,"PLACAR_ULTIMA_PARTIDA":null,"COMPETICAO_ULTIMA_PARTIDA":null,"MANDO_ULTIMA_PARTIDA":null,"FONTE_ULTIMA_PARTIDA":null,"NUM_ESTADIOS_NO_PONTO":1,"NUM_ESTADIOS_COM_JOGOS_NO_PONTO":0,"ESTADIOS_AGRUPADOS":"[{\"nome\":\"NUEVO FRANCISCO URBANO\",\"nome_atual\":\"NUEVO FRANCISCO URBANO\",\"nome_antigo_1\":null,\"nome_antigo_2\":null,\"nomes_alternativos\":[\"NUEVO FRANCISCO URBANO\"],\"cidade\":\"MORÓN\",\"estado\":\"BUENOS AIRES\",\"pais\":\"ARGENTINA\",\"capacidade\":\"32000\",\"jogos\":0,\"vitorias\":0,\"empates\":0,\"derrotas\":0,\"gols_marcados\":0,\"gols_sofridos\":0,\"data_primeira_partida\":null,\"data_ultima_partida\":null}]","STATUS_GEOMETRIA":"PONTO_CONSOLIDADO","PRECISAO_COORDENADAS":null,"FONTE_COORDENADAS":null,"URL_FONTE_COORDENADAS":null,"ATRIBUICAO_COORDENADAS":null,"FONTES_NOME_ANTIGO":null,"JOGOS_SEM_GEOMETRIA":0}},{"type":"Feature","geometry":{"type":"Point","coordinates":[-58.5206788,-34.6353382]},"properties":{"SECAO":"BRABAS","TIPO_REGISTRO":"PONTO","NOME_ESTADIO":"Estadio José Amalfitani","NOME_ATUAL":"Estadio José Amalfitani","NOME_ANTIGO_1":null,"NOME_ANTIGO_2":null,"ESTADIO":"Estadio José Amalfitani","ESTÁDIO":"Estadio José Amalfitani","NOME_ANTIGO":null,"NOMES_ALTERNATIVOS":"","CIDADE":"Buenos Aires","ESTADO":"Autonomous City of Buenos Aires","PAÍS":"Argentina","PAIS_ISO3":null,"CAPACIDADE":null,"LATITUDE":-34.6353382,"LONGITUDE":-58.5206788,"TOTAL_JOGOS":1,"VITORIAS":1,"VITÓRIAS":1,"EMPATES":0,"DERROTAS":0,"PONTOS_CAMPEONATO":3,"APROVEITAMENTO_PCT":100.0,"GOLS_MARCADOS":4,"GOLS_SOFRIDOS":0,"SALDO_GOLS":4,"GOLS_POR_PARTIDA":4.0,"ASSISTENCIAS":null,"ASSISTENCIAS_DISPONIVEIS":false,"ASSISTENCIAS_FONTE":"Não consta nos arquivos locais do Meu Timão ou Daniel Keppler.","JOGOS_COM_PLACAR":1,"JOGOS_SEM_PLACAR":0,"PARTIDAS_DANIEL_KEPPLER":0,"PARTIDAS_MEUTIMAO":1,"FONTES_JOGOS":"Meu Timão","DATA_PRIMEIRA_PARTIDA":"2021-03-21","ANO_PRIMEIRA_PARTIDA":2021,"PRIMEIRA_PARTIDA":"CORINTHIANS 4x0 UNIVERSIDAD DE CHILE","ADVERSARIO":"UNIVERSIDAD DE CHILE","PLACAR":"4x0","COMPETICAO_PRIMEIRA_PARTIDA":"Libertadores Feminina 2020","MANDO_PRIMEIRA_PARTIDA":"Sim","FONTE_PRIMEIRA_PARTIDA":"https://www.meutimao.com.br/jogo/5171/libertadores-feminina-2020/final/corinthians-4-x-0-universidad_de_chile","DATA_ULTIMA_PARTIDA":"2021-03-21","ANO_ULTIMA_PARTIDA":2021,"ULTIMA_PARTIDA":"CORINTHIANS 4x0 UNIVERSIDAD DE CHILE","ADVERSARIO_ULTIMA_PARTIDA":"UNIVERSIDAD DE CHILE","PLACAR_ULTIMA_PARTIDA":"4x0","COMPETICAO_ULTIMA_PARTIDA":"Libertadores Feminina 2020","MANDO_ULTIMA_PARTIDA":"Sim","FONTE_ULTIMA_PARTIDA":"Meu Timão","NUM_ESTADIOS_NO_PONTO":1,"NUM_ESTADIOS_COM_JOGOS_NO_PONTO":1,"ESTADIOS_AGRUPADOS":"[{\"nome\":\"Estadio José Amalfitani\",\"nome_atual\":\"Estadio José Amalfitani\",\"nome_antigo_1\":null,\"nome_antigo_2\":null,\"nomes_alternativos\":[\"Estadio José Amalfitani\"],\"cidade\":\"Buenos Aires\",\"estado\":\"Autonomous City of Buenos Aires\",\"pais\":\"Argentina\",\"capacidade\":null,\"jogos\":1,\"vitorias\":1,\"empates\":0,\"derrotas\":0,\"gols_marcados\":4,\"gols_sofridos\":0,\"data_primeira_partida\":\"2021-03-21\",\"data_ultima_partida\":\"2021-03-21\"}]","STATUS_GEOMETRIA":"PONTO_CONSOLIDADO","PRECISAO_COORDENADAS":"Estádio identificado","FONTE_COORDENADAS":"OpenStreetMap Nominatim","URL_FONTE_COORDENADAS":"https://www.openstreetmap.org/way/23243149","ATRIBUICAO_COORDENADAS":"© OpenStreetMap contributors, ODbL 1.0","FONTES_NOME_ANTIGO":null,"JOGOS_SEM_GEOMETRIA":0}},{"type":"Feature","geometry":{"type":"Point","coordinates":[-58.51991662386432,-34.635154380242916]},"properties":{"SECAO":"BRABAS","TIPO_REGISTRO":"PONTO","NOME_ESTADIO":"JOSÉ AMALFITANI iEL FORTÍN DE LINIERS)","NOME_ATUAL":"JOSÉ AMALFITANI iEL FORTÍN DE LINIERS)","NOME_ANTIGO_1":null,"NOME_ANTIGO_2":null,"ESTADIO":"JOSÉ AMALFITANI iEL FORTÍN DE LINIERS)","ESTÁDIO":"JOSÉ AMALFITANI iEL FORTÍN DE LINIERS)","NOME_ANTIGO":null,"NOMES_ALTERNATIVOS":"","CIDADE":"BUENOS AIRES","ESTADO":"BUENOS AIRES","PAÍS":"ARGENTINA","PAIS_ISO3":null,"CAPACIDADE":"49540","LATITUDE":-34.635154380242916,"LONGITUDE":-58.51991662386432,"TOTAL_JOGOS":0,"VITORIAS":0,"VITÓRIAS":0,"EMPATES":0,"DERROTAS":0,"PONTOS_CAMPEONATO":0,"APROVEITAMENTO_PCT":0,"GOLS_MARCADOS":0,"GOLS_SOFRIDOS":0,"SALDO_GOLS":0,"GOLS_POR_PARTIDA":0,"ASSISTENCIAS":null,"ASSISTENCIAS_DISPONIVEIS":false,"ASSISTENCIAS_FONTE":"Não consta nos arquivos locais do Meu Timão ou Daniel Keppler.","JOGOS_COM_PLACAR":0,"JOGOS_SEM_PLACAR":0,"PARTIDAS_DANIEL_KEPPLER":0,"PARTIDAS_MEUTIMAO":0,"FONTES_JOGOS":"","DATA_PRIMEIRA_PARTIDA":null,"ANO_PRIMEIRA_PARTIDA":null,"PRIMEIRA_PARTIDA":null,"ADVERSARIO":null,"PLACAR":null,"COMPETICAO_PRIMEIRA_PARTIDA":null,"MANDO_PRIMEIRA_PARTIDA":null,"FONTE_PRIMEIRA_PARTIDA":null,"DATA_ULTIMA_PARTIDA":null,"ANO_ULTIMA_PARTIDA":null,"ULTIMA_PARTIDA":"","ADVERSARIO_ULTIMA_PARTIDA":null,"PLACAR_ULTIMA_PARTIDA":null,"COMPETICAO_ULTIMA_PARTIDA":null,"MANDO_ULTIMA_PARTIDA":null,"FONTE_ULTIMA_PARTIDA":null,"NUM_ESTADIOS_NO_PONTO":1,"NUM_ESTADIOS_COM_JOGOS_NO_PONTO":0,"ESTADIOS_AGRUPADOS":"[{\"nome\":\"JOSÉ AMALFITANI iEL FORTÍN DE LINIERS)\",\"nome_atual\":\"JOSÉ AMALFITANI iEL FORTÍN DE LINIERS)\",\"nome_antigo_1\":null,\"nome_antigo_2\":null,\"nomes_alternativos\":[\"JOSÉ AMALFITANI iEL FORTÍN DE LINIERS)\"],\"cidade\":\"BUENOS AIRES\",\"estado\":\"BUENOS AIRES\",\"pais\":\"ARGENTINA\",\"capacidade\":\"49540\",\"jogos\":0,\"vitorias\":0,\"empates\":0,\"derrotas\":0,\"gols_marcados\":0,\"gols_sofridos\":0,\"data_primeira_partida\":null,\"data_ultima_partida\":null}]","STATUS_GEOMETRIA":"PONTO_CONSOLIDADO","PRECISAO_COORDENADAS":null,"FONTE_COORDENADAS":null,"URL_FONTE_COORDENADAS":null,"ATRIBUICAO_COORDENADAS":null,"FONTES_NOME_ANTIGO":null,"JOGOS_SEM_GEOMETRIA":0}},{"type":"Feature","geometry":{"type":"Point","coordinates":[-58.3887904,-34.6095579]},"properties":{"SECAO":"BRABAS","TIPO_REGISTRO":"PONTO","NOME_ESTADIO":"Deportivo Morón","NOME_ATUAL":"Deportivo Morón","NOME_ANTIGO_1":null,"NOME_ANTIGO_2":null,"ESTADIO":"Deportivo Morón","ESTÁDIO":"Deportivo Morón","NOME_ANTIGO":null,"NOMES_ALTERNATIVOS":"El Fortín | Lencho | Vélez Sarsfield","CIDADE":"Buenos Aires","ESTADO":"Autonomous City of Buenos Aires","PAÍS":"Argentina","PAIS_ISO3":null,"CAPACIDADE":"32000","LATITUDE":-34.6095579,"LONGITUDE":-58.3887904,"TOTAL_JOGOS":11,"VITORIAS":7,"VITÓRIAS":7,"EMPATES":4,"DERROTAS":0,"PONTOS_CAMPEONATO":25,"APROVEITAMENTO_PCT":75.8,"GOLS_MARCADOS":53,"GOLS_SOFRIDOS":3,"SALDO_GOLS":50,"GOLS_POR_PARTIDA":4.82,"ASSISTENCIAS":null,"ASSISTENCIAS_DISPONIVEIS":false,"ASSISTENCIAS_FONTE":"Não consta nos arquivos locais do Meu Timão ou Daniel Keppler.","JOGOS_COM_PLACAR":11,"JOGOS_SEM_PLACAR":0,"PARTIDAS_DANIEL_KEPPLER":0,"PARTIDAS_MEUTIMAO":11,"FONTES_JOGOS":"Meu Timão","DATA_PRIMEIRA_PARTIDA":"2021-03-05","ANO_PRIMEIRA_PARTIDA":2021,"PRIMEIRA_PARTIDA":"CORINTHIANS 16x0 EL NACIONAL","ADVERSARIO":"EL NACIONAL","PLACAR":"16x0","COMPETICAO_PRIMEIRA_PARTIDA":"Libertadores Feminina 2020","MANDO_PRIMEIRA_PARTIDA":"Sim","FONTE_PRIMEIRA_PARTIDA":"https://www.meutimao.com.br/jogo/5003/libertadores-feminina-2020/corinthians-16-x-0-el_nacional","DATA_ULTIMA_PARTIDA":"2025-10-18","ANO_ULTIMA_PARTIDA":2025,"ULTIMA_PARTIDA":"CORINTHIANS 4x0 BOCA JUNIORS","ADVERSARIO_ULTIMA_PARTIDA":"BOCA JUNIORS","PLACAR_ULTIMA_PARTIDA":"4x0","COMPETICAO_ULTIMA_PARTIDA":"Libertadores Feminina 2025","MANDO_ULTIMA_PARTIDA":"Sim","FONTE_ULTIMA_PARTIDA":"Meu Timão","NUM_ESTADIOS_NO_PONTO":3,"NUM_ESTADIOS_COM_JOGOS_NO_PONTO":3,"ESTADIOS_AGRUPADOS":"[{\"nome\":\"Deportivo Morón\",\"nome_atual\":\"Deportivo Morón\",\"nome_antigo_1\":null,\"nome_antigo_2\":null,\"nomes_alternativos\":[\"Deportivo Morón\"],\"cidade\":\"Buenos Aires\",\"estado\":\"Autonomous City of Buenos Aires\",\"pais\":\"Argentina\",\"capacidade\":\"32000\",\"jogos\":6,\"vitorias\":5,\"empates\":1,\"derrotas\":0,\"gols_marcados\":43,\"gols_sofridos\":1,\"data_primeira_partida\":\"2021-03-05\",\"data_ultima_partida\":\"2025-10-11\"},{\"nome\":\"Lencho\",\"nome_atual\":\"Lencho\",\"nome_antigo_1\":null,\"nome_antigo_2\":null,\"nomes_alternativos\":[\"Lencho\"],\"cidade\":\"Buenos Aires\",\"estado\":\"Autonomous City of Buenos Aires\",\"pais\":\"Argentina\",\"capacidade\":\"35000\",\"jogos\":4,\"vitorias\":1,\"empates\":3,\"derrotas\":0,\"gols_marcados\":3,\"gols_sofridos\":2,\"data_primeira_partida\":\"2025-10-02\",\"data_ultima_partida\":\"2025-10-18\"},{\"nome\":\"Vélez Sarsfield\",\"nome_atual\":\"Vélez Sarsfield\",\"nome_antigo_1\":\"El Fortín\",\"nome_antigo_2\":null,\"nomes_alternativos\":[\"El Fortín\",\"Vélez Sarsfield\"],\"cidade\":\"Buenos Aires\",\"estado\":\"Autonomous City of Buenos Aires\",\"pais\":\"Argentina\",\"capacidade\":\"50540\",\"jogos\":1,\"vitorias\":1,\"empates\":0,\"derrotas\":0,\"gols_marcados\":7,\"gols_sofridos\":0,\"data_primeira_partida\":\"2021-03-14\",\"data_ultima_partida\":\"2021-03-14\"}]","STATUS_GEOMETRIA":"PONTO_CONSOLIDADO","PRECISAO_COORDENADAS":"Município (estádio exato não identificado)","FONTE_COORDENADAS":"OpenStreetMap Nominatim (localidade aproximada)","URL_FONTE_COORDENADAS":"https://www.openstreetmap.org/relation/1224652","ATRIBUICAO_COORDENADAS":"© OpenStreetMap contributors, ODbL 1.0","FONTES_NOME_ANTIGO":null,"JOGOS_SEM_GEOMETRIA":0}},{"type":"Feature","geometry":{"type":"Point","coordinates":[-58.387661248437816,-34.75053133505603]},"properties":{"SECAO":"BRABAS","TIPO_REGISTRO":"PONTO","NOME_ESTADIO":"FLORENCIO SOLA","NOME_ATUAL":"FLORENCIO SOLA","NOME_ANTIGO_1":null,"NOME_ANTIGO_2":null,"ESTADIO":"FLORENCIO SOLA","ESTÁDIO":"FLORENCIO SOLA","NOME_ANTIGO":null,"NOMES_ALTERNATIVOS":"","CIDADE":"LOMAS DE ZAMORA","ESTADO":"BUENOS AIRES","PAÍS":"ARGENTINA","PAIS_ISO3":null,"CAPACIDADE":"35000","LATITUDE":-34.75053133505603,"LONGITUDE":-58.387661248437816,"TOTAL_JOGOS":0,"VITORIAS":0,"VITÓRIAS":0,"EMPATES":0,"DERROTAS":0,"PONTOS_CAMPEONATO":0,"APROVEITAMENTO_PCT":0,"GOLS_MARCADOS":0,"GOLS_SOFRIDOS":0,"SALDO_GOLS":0,"GOLS_POR_PARTIDA":0,"ASSISTENCIAS":null,"ASSISTENCIAS_DISPONIVEIS":false,"ASSISTENCIAS_FONTE":"Não consta nos arquivos locais do Meu Timão ou Daniel Keppler.","JOGOS_COM_PLACAR":0,"JOGOS_SEM_PLACAR":0,"PARTIDAS_DANIEL_KEPPLER":0,"PARTIDAS_MEUTIMAO":0,"FONTES_JOGOS":"","DATA_PRIMEIRA_PARTIDA":null,"ANO_PRIMEIRA_PARTIDA":null,"PRIMEIRA_PARTIDA":null,"ADVERSARIO":null,"PLACAR":null,"COMPETICAO_PRIMEIRA_PARTIDA":null,"MANDO_PRIMEIRA_PARTIDA":null,"FONTE_PRIMEIRA_PARTIDA":null,"DATA_ULTIMA_PARTIDA":null,"ANO_ULTIMA_PARTIDA":null,"ULTIMA_PARTIDA":"","ADVERSARIO_ULTIMA_PARTIDA":null,"PLACAR_ULTIMA_PARTIDA":null,"COMPETICAO_ULTIMA_PARTIDA":null,"MANDO_ULTIMA_PARTIDA":null,"FONTE_ULTIMA_PARTIDA":null,"NUM_ESTADIOS_NO_PONTO":1,"NUM_ESTADIOS_COM_JOGOS_NO_PONTO":0,"ESTADIOS_AGRUPADOS":"[{\"nome\":\"FLORENCIO SOLA\",\"nome_atual\":\"FLORENCIO SOLA\",\"nome_antigo_1\":null,\"nome_antigo_2\":null,\"nomes_alternativos\":[\"FLORENCIO SOLA\"],\"cidade\":\"LOMAS DE ZAMORA\",\"estado\":\"BUENOS AIRES\",\"pais\":\"ARGENTINA\",\"capacidade\":\"35000\",\"jogos\":0,\"vitorias\":0,\"empates\":0,\"derrotas\":0,\"gols_marcados\":0,\"gols_sofridos\":0,\"data_primeira_partida\":null,\"data_ultima_partida\":null}]","STATUS_GEOMETRIA":"PONTO_CONSOLIDADO","PRECISAO_COORDENADAS":null,"FONTE_COORDENADAS":null,"URL_FONTE_COORDENADAS":null,"ATRIBUICAO_COORDENADAS":null,"FONTES_NOME_ANTIGO":null,"JOGOS_SEM_GEOMETRIA":0}},{"type":"Feature","geometry":{"type":"Point","coordinates":[-57.65681557623464,-25.291906369779717]},"properties":{"SECAO":"BRABAS","TIPO_REGISTRO":"PONTO","NOME_ESTADIO":"DEFENSORES DEL CHACO","NOME_ATUAL":"DEFENSORES DEL CHACO","NOME_ANTIGO_1":"Defensores","NOME_ANTIGO_2":null,"ESTADIO":"DEFENSORES DEL CHACO","ESTÁDIO":"DEFENSORES DEL CHACO","NOME_ANTIGO":null,"NOMES_ALTERNATIVOS":"Defensores","CIDADE":"ASSUNÇÃO","ESTADO":"DEPARTAMENTO CENTRAL","PAÍS":"PARAGUAI","PAIS_ISO3":null,"CAPACIDADE":"42345","LATITUDE":-25.291906369779717,"LONGITUDE":-57.65681557623464,"TOTAL_JOGOS":1,"VITORIAS":1,"VITÓRIAS":1,"EMPATES":0,"DERROTAS":0,"PONTOS_CAMPEONATO":3,"APROVEITAMENTO_PCT":100.0,"GOLS_MARCADOS":2,"GOLS_SOFRIDOS":0,"SALDO_GOLS":2,"GOLS_POR_PARTIDA":2.0,"ASSISTENCIAS":null,"ASSISTENCIAS_DISPONIVEIS":false,"ASSISTENCIAS_FONTE":"Não consta nos arquivos locais do Meu Timão ou Daniel Keppler.","JOGOS_COM_PLACAR":1,"JOGOS_SEM_PLACAR":0,"PARTIDAS_DANIEL_KEPPLER":0,"PARTIDAS_MEUTIMAO":1,"FONTES_JOGOS":"Meu Timão","DATA_PRIMEIRA_PARTIDA":"2024-10-19","ANO_PRIMEIRA_PARTIDA":2024,"PRIMEIRA_PARTIDA":"CORINTHIANS 2x0 INDEPENDIENTE SANTA FE","ADVERSARIO":"INDEPENDIENTE SANTA FE","PLACAR":"2x0","COMPETICAO_PRIMEIRA_PARTIDA":"Libertadores Feminina 2024","MANDO_PRIMEIRA_PARTIDA":"Sim","FONTE_PRIMEIRA_PARTIDA":"https://www.meutimao.com.br/jogo/8355/libertadores-feminina-2024/final/corinthians-2-x-0-independiente_santa_fe","DATA_ULTIMA_PARTIDA":"2024-10-19","ANO_ULTIMA_PARTIDA":2024,"ULTIMA_PARTIDA":"CORINTHIANS 2x0 INDEPENDIENTE SANTA FE","ADVERSARIO_ULTIMA_PARTIDA":"INDEPENDIENTE SANTA FE","PLACAR_ULTIMA_PARTIDA":"2x0","COMPETICAO_ULTIMA_PARTIDA":"Libertadores Feminina 2024","MANDO_ULTIMA_PARTIDA":"Sim","FONTE_ULTIMA_PARTIDA":"Meu Timão","NUM_ESTADIOS_NO_PONTO":1,"NUM_ESTADIOS_COM_JOGOS_NO_PONTO":1,"ESTADIOS_AGRUPADOS":"[{\"nome\":\"DEFENSORES DEL CHACO\",\"nome_atual\":\"DEFENSORES DEL CHACO\",\"nome_antigo_1\":\"Defensores\",\"nome_antigo_2\":null,\"nomes_alternativos\":[\"DEFENSORES DEL CHACO\",\"Defensores\"],\"cidade\":\"ASSUNÇÃO\",\"estado\":\"DEPARTAMENTO CENTRAL\",\"pais\":\"PARAGUAI\",\"capacidade\":\"42345\",\"jogos\":1,\"vitorias\":1,\"empates\":0,\"derrotas\":0,\"gols_marcados\":2,\"gols_sofridos\":0,\"data_primeira_partida\":\"2024-10-19\",\"data_ultima_partida\":\"2024-10-19\"}]","STATUS_GEOMETRIA":"PONTO_CONSOLIDADO","PRECISAO_COORDENADAS":null,"FONTE_COORDENADAS":"OpenStreetMap Nominatim (geocodificação reversa)","URL_FONTE_COORDENADAS":"https://www.openstreetmap.org/relation/3654543","ATRIBUICAO_COORDENADAS":"© OpenStreetMap contributors, ODbL 1.0","FONTES_NOME_ANTIGO":null,"JOGOS_SEM_GEOMETRIA":0}},{"type":"Feature","geometry":{"type":"Point","coordinates":[-57.641082774528385,-25.298264179462183]},"properties":{"SECAO":"BRABAS","TIPO_REGISTRO":"PONTO","NOME_ESTADIO":"ARSENIO ERICO","NOME_ATUAL":"ARSENIO ERICO","NOME_ANTIGO_1":null,"NOME_ANTIGO_2":null,"ESTADIO":"ARSENIO ERICO","ESTÁDIO":"ARSENIO ERICO","NOME_ANTIGO":null,"NOMES_ALTERNATIVOS":"","CIDADE":"ASSUNÇÃO","ESTADO":"DEPARTAMENTO CENTRAL","PAÍS":"PARAGUAI","PAIS_ISO3":null,"CAPACIDADE":"7500","LATITUDE":-25.298264179462183,"LONGITUDE":-57.641082774528385,"TOTAL_JOGOS":7,"VITORIAS":5,"VITÓRIAS":5,"EMPATES":2,"DERROTAS":0,"PONTOS_CAMPEONATO":17,"APROVEITAMENTO_PCT":81.0,"GOLS_MARCADOS":22,"GOLS_SOFRIDOS":2,"SALDO_GOLS":20,"GOLS_POR_PARTIDA":3.14,"ASSISTENCIAS":null,"ASSISTENCIAS_DISPONIVEIS":false,"ASSISTENCIAS_FONTE":"Não consta nos arquivos locais do Meu Timão ou Daniel Keppler.","JOGOS_COM_PLACAR":7,"JOGOS_SEM_PLACAR":0,"PARTIDAS_DANIEL_KEPPLER":0,"PARTIDAS_MEUTIMAO":7,"FONTES_JOGOS":"Meu Timão","DATA_PRIMEIRA_PARTIDA":"2017-10-21","ANO_PRIMEIRA_PARTIDA":2017,"PRIMEIRA_PARTIDA":"CORINTHIANS 0x0 COLO-COLO","ADVERSARIO":"COLO-COLO","PLACAR":"0x0","COMPETICAO_PRIMEIRA_PARTIDA":"Libertadores Feminina 2017","MANDO_PRIMEIRA_PARTIDA":"Sim","FONTE_PRIMEIRA_PARTIDA":"https://www.meutimao.com.br/jogo/7127/libertadores-feminina-2017/final/corinthians-0-x-0-colo-colo","DATA_ULTIMA_PARTIDA":"2024-10-09","ANO_ULTIMA_PARTIDA":2024,"ULTIMA_PARTIDA":"CORINTHIANS 3x1 LIBERTAD","ADVERSARIO_ULTIMA_PARTIDA":"LIBERTAD","PLACAR_ULTIMA_PARTIDA":"3x1","COMPETICAO_ULTIMA_PARTIDA":"Libertadores Feminina 2024","MANDO_ULTIMA_PARTIDA":"Sim","FONTE_ULTIMA_PARTIDA":"Meu Timão","NUM_ESTADIOS_NO_PONTO":1,"NUM_ESTADIOS_COM_JOGOS_NO_PONTO":1,"ESTADIOS_AGRUPADOS":"[{\"nome\":\"ARSENIO ERICO\",\"nome_atual\":\"ARSENIO ERICO\",\"nome_antigo_1\":null,\"nome_antigo_2\":null,\"nomes_alternativos\":[\"ARSENIO ERICO\"],\"cidade\":\"ASSUNÇÃO\",\"estado\":\"DEPARTAMENTO CENTRAL\",\"pais\":\"PARAGUAI\",\"capacidade\":\"7500\",\"jogos\":7,\"vitorias\":5,\"empates\":2,\"derrotas\":0,\"gols_marcados\":22,\"gols_sofridos\":2,\"data_primeira_partida\":\"2017-10-21\",\"data_ultima_partida\":\"2024-10-09\"}]","STATUS_GEOMETRIA":"PONTO_CONSOLIDADO","PRECISAO_COORDENADAS":null,"FONTE_COORDENADAS":null,"URL_FONTE_COORDENADAS":null,"ATRIBUICAO_COORDENADAS":null,"FONTES_NOME_ANTIGO":null,"JOGOS_SEM_GEOMETRIA":0}},{"type":"Feature","geometry":{"type":"Point","coordinates":[-57.6343814,-25.2800459]},"properties":{"SECAO":"BRABAS","TIPO_REGISTRO":"PONTO","NOME_ESTADIO":"Conmebol","NOME_ATUAL":"Conmebol","NOME_ANTIGO_1":null,"NOME_ANTIGO_2":null,"ESTADIO":"Conmebol","ESTÁDIO":"Conmebol","NOME_ANTIGO":null,"NOMES_ALTERNATIVOS":"","CIDADE":"Assunção","ESTADO":null,"PAÍS":"Paraguai","PAIS_ISO3":null,"CAPACIDADE":null,"LATITUDE":-25.2800459,"LONGITUDE":-57.6343814,"TOTAL_JOGOS":1,"VITORIAS":1,"VITÓRIAS":1,"EMPATES":0,"DERROTAS":0,"PONTOS_CAMPEONATO":3,"APROVEITAMENTO_PCT":100.0,"GOLS_MARCADOS":1,"GOLS_SOFRIDOS":0,"SALDO_GOLS":1,"GOLS_POR_PARTIDA":1.0,"ASSISTENCIAS":null,"ASSISTENCIAS_DISPONIVEIS":false,"ASSISTENCIAS_FONTE":"Não consta nos arquivos locais do Meu Timão ou Daniel Keppler.","JOGOS_COM_PLACAR":1,"JOGOS_SEM_PLACAR":0,"PARTIDAS_DANIEL_KEPPLER":0,"PARTIDAS_MEUTIMAO":1,"FONTES_JOGOS":"Meu Timão","DATA_PRIMEIRA_PARTIDA":"2024-10-15","ANO_PRIMEIRA_PARTIDA":2024,"PRIMEIRA_PARTIDA":"CORINTHIANS 1x0 BOCA JUNIORS","ADVERSARIO":"BOCA JUNIORS","PLACAR":"1x0","COMPETICAO_PRIMEIRA_PARTIDA":"Libertadores Feminina 2024","MANDO_PRIMEIRA_PARTIDA":"Sim","FONTE_PRIMEIRA_PARTIDA":"https://www.meutimao.com.br/jogo/8354/libertadores-feminina-2024/corinthians-1-x-0-boca_juniors","DATA_ULTIMA_PARTIDA":"2024-10-15","ANO_ULTIMA_PARTIDA":2024,"ULTIMA_PARTIDA":"CORINTHIANS 1x0 BOCA JUNIORS","ADVERSARIO_ULTIMA_PARTIDA":"BOCA JUNIORS","PLACAR_ULTIMA_PARTIDA":"1x0","COMPETICAO_ULTIMA_PARTIDA":"Libertadores Feminina 2024","MANDO_ULTIMA_PARTIDA":"Sim","FONTE_ULTIMA_PARTIDA":"Meu Timão","NUM_ESTADIOS_NO_PONTO":1,"NUM_ESTADIOS_COM_JOGOS_NO_PONTO":1,"ESTADIOS_AGRUPADOS":"[{\"nome\":\"Conmebol\",\"nome_atual\":\"Conmebol\",\"nome_antigo_1\":null,\"nome_antigo_2\":null,\"nomes_alternativos\":[\"Conmebol\"],\"cidade\":\"Assunção\",\"estado\":null,\"pais\":\"Paraguai\",\"capacidade\":null,\"jogos\":1,\"vitorias\":1,\"empates\":0,\"derrotas\":0,\"gols_marcados\":1,\"gols_sofridos\":0,\"data_primeira_partida\":\"2024-10-15\",\"data_ultima_partida\":\"2024-10-15\"}]","STATUS_GEOMETRIA":"PONTO_CONSOLIDADO","PRECISAO_COORDENADAS":"Município (estádio exato não identificado)","FONTE_COORDENADAS":"OpenStreetMap Nominatim (localidade aproximada)","URL_FONTE_COORDENADAS":"https://www.openstreetmap.org/node/249854726","ATRIBUICAO_COORDENADAS":"© OpenStreetMap contributors, ODbL 1.0","FONTES_NOME_ANTIGO":null,"JOGOS_SEM_GEOMETRIA":0}},{"type":"Feature","geometry":{"type":"Point","coordinates":[-57.60780712386432,-25.29146924080898]},"properties":{"SECAO":"BRABAS","TIPO_REGISTRO":"PONTO","NOME_ESTADIO":"Manuel Ferreira","NOME_ATUAL":"Manuel Ferreira","NOME_ANTIGO_1":null,"NOME_ANTIGO_2":null,"ESTADIO":"Manuel Ferreira","ESTÁDIO":"Manuel Ferreira","NOME_ANTIGO":null,"NOMES_ALTERNATIVOS":"OSVALDO DOMÍNGUEZ DIBB (ANTIGO MANUEL FERREIRA)","CIDADE":"Asunción","ESTADO":null,"PAÍS":"Paraguai","PAIS_ISO3":null,"CAPACIDADE":null,"LATITUDE":-25.29146924080898,"LONGITUDE":-57.60780712386432,"TOTAL_JOGOS":2,"VITORIAS":2,"VITÓRIAS":2,"EMPATES":0,"DERROTAS":0,"PONTOS_CAMPEONATO":6,"APROVEITAMENTO_PCT":100.0,"GOLS_MARCADOS":11,"GOLS_SOFRIDOS":1,"SALDO_GOLS":10,"GOLS_POR_PARTIDA":5.5,"ASSISTENCIAS":null,"ASSISTENCIAS_DISPONIVEIS":false,"ASSISTENCIAS_FONTE":"Não consta nos arquivos locais do Meu Timão ou Daniel Keppler.","JOGOS_COM_PLACAR":2,"JOGOS_SEM_PLACAR":0,"PARTIDAS_DANIEL_KEPPLER":0,"PARTIDAS_MEUTIMAO":2,"FONTES_JOGOS":"Meu Timão","DATA_PRIMEIRA_PARTIDA":"2021-11-13","ANO_PRIMEIRA_PARTIDA":2021,"PRIMEIRA_PARTIDA":"CORINTHIANS 3x1 ALIANZA LIMA","ADVERSARIO":"ALIANZA LIMA","PLACAR":"3x1","COMPETICAO_PRIMEIRA_PARTIDA":"Libertadores Feminina 2021","MANDO_PRIMEIRA_PARTIDA":"Sim","FONTE_PRIMEIRA_PARTIDA":"https://www.meutimao.com.br/jogo/7204/libertadores-feminina-2021/quartas_de_final/corinthians-3-x-1-alianza_lima","DATA_ULTIMA_PARTIDA":"2021-11-16","ANO_ULTIMA_PARTIDA":2021,"ULTIMA_PARTIDA":"CORINTHIANS 8x0 NACIONAL-UR","ADVERSARIO_ULTIMA_PARTIDA":"NACIONAL-UR","PLACAR_ULTIMA_PARTIDA":"8x0","COMPETICAO_ULTIMA_PARTIDA":"Libertadores Feminina 2021","MANDO_ULTIMA_PARTIDA":"Sim","FONTE_ULTIMA_PARTIDA":"Meu Timão","NUM_ESTADIOS_NO_PONTO":2,"NUM_ESTADIOS_COM_JOGOS_NO_PONTO":1,"ESTADIOS_AGRUPADOS":"[{\"nome\":\"Manuel Ferreira\",\"nome_atual\":\"Manuel Ferreira\",\"nome_antigo_1\":null,\"nome_antigo_2\":null,\"nomes_alternativos\":[\"Manuel Ferreira\"],\"cidade\":\"Asunción\",\"estado\":null,\"pais\":\"Paraguai\",\"capacidade\":null,\"jogos\":2,\"vitorias\":2,\"empates\":0,\"derrotas\":0,\"gols_marcados\":11,\"gols_sofridos\":1,\"data_primeira_partida\":\"2021-11-13\",\"data_ultima_partida\":\"2021-11-16\"},{\"nome\":\"OSVALDO DOMÍNGUEZ DIBB (ANTIGO MANUEL FERREIRA)\",\"nome_atual\":\"OSVALDO DOMÍNGUEZ DIBB (ANTIGO MANUEL FERREIRA)\",\"nome_antigo_1\":null,\"nome_antigo_2\":null,\"nomes_alternativos\":[\"OSVALDO DOMÍNGUEZ DIBB (ANTIGO MANUEL FERREIRA)\"],\"cidade\":\"ASSUNÇÃO\",\"estado\":\"DEPARTAMENTO CENTRAL\",\"pais\":\"PARAGUAI\",\"capacidade\":\"25820\",\"jogos\":0,\"vitorias\":0,\"empates\":0,\"derrotas\":0,\"gols_marcados\":0,\"gols_sofridos\":0,\"data_primeira_partida\":null,\"data_ultima_partida\":null}]","STATUS_GEOMETRIA":"PONTO_CONSOLIDADO","PRECISAO_COORDENADAS":null,"FONTE_COORDENADAS":"OpenStreetMap Nominatim (geocodificação reversa)","URL_FONTE_COORDENADAS":"https://www.openstreetmap.org/relation/3654543","ATRIBUICAO_COORDENADAS":"© OpenStreetMap contributors, ODbL 1.0","FONTES_NOME_ANTIGO":null,"JOGOS_SEM_GEOMETRIA":0}},{"type":"Feature","geometry":{"type":"Point","coordinates":[-57.58427930241521,-25.36720022210868]},"properties":{"SECAO":"BRABAS","TIPO_REGISTRO":"PONTO","NOME_ESTADIO":"LUIS ALFONSO GIAGNI","NOME_ATUAL":"LUIS ALFONSO GIAGNI","NOME_ANTIGO_1":null,"NOME_ANTIGO_2":null,"ESTADIO":"LUIS ALFONSO GIAGNI","ESTÁDIO":"LUIS ALFONSO GIAGNI","NOME_ANTIGO":null,"NOMES_ALTERNATIVOS":"","CIDADE":"VILLA ELISA","ESTADO":"DEPARTAMENTO CENTRAL","PAÍS":"PARAGUAI","PAIS_ISO3":null,"CAPACIDADE":"11000","LATITUDE":-25.36720022210868,"LONGITUDE":-57.58427930241521,"TOTAL_JOGOS":1,"VITORIAS":1,"VITÓRIAS":1,"EMPATES":0,"DERROTAS":0,"PONTOS_CAMPEONATO":3,"APROVEITAMENTO_PCT":100.0,"GOLS_MARCADOS":3,"GOLS_SOFRIDOS":0,"SALDO_GOLS":3,"GOLS_POR_PARTIDA":3.0,"ASSISTENCIAS":null,"ASSISTENCIAS_DISPONIVEIS":false,"ASSISTENCIAS_FONTE":"Não consta nos arquivos locais do Meu Timão ou Daniel Keppler.","JOGOS_COM_PLACAR":1,"JOGOS_SEM_PLACAR":0,"PARTIDAS_DANIEL_KEPPLER":0,"PARTIDAS_MEUTIMAO":1,"FONTES_JOGOS":"Meu Timão","DATA_PRIMEIRA_PARTIDA":"2017-10-19","ANO_PRIMEIRA_PARTIDA":2017,"PRIMEIRA_PARTIDA":"CORINTHIANS 3x0 CERRO PORTEÑO","ADVERSARIO":"CERRO PORTEÑO","PLACAR":"3x0","COMPETICAO_PRIMEIRA_PARTIDA":"Libertadores Feminina 2017","MANDO_PRIMEIRA_PARTIDA":"Sim","FONTE_PRIMEIRA_PARTIDA":"https://www.meutimao.com.br/jogo/7128/libertadores-feminina-2017/corinthians-3-x-0-cerro_porteno","DATA_ULTIMA_PARTIDA":"2017-10-19","ANO_ULTIMA_PARTIDA":2017,"ULTIMA_PARTIDA":"CORINTHIANS 3x0 CERRO PORTEÑO","ADVERSARIO_ULTIMA_PARTIDA":"CERRO PORTEÑO","PLACAR_ULTIMA_PARTIDA":"3x0","COMPETICAO_ULTIMA_PARTIDA":"Libertadores Feminina 2017","MANDO_ULTIMA_PARTIDA":"Sim","FONTE_ULTIMA_PARTIDA":"Meu Timão","NUM_ESTADIOS_NO_PONTO":1,"NUM_ESTADIOS_COM_JOGOS_NO_PONTO":1,"ESTADIOS_AGRUPADOS":"[{\"nome\":\"LUIS ALFONSO GIAGNI\",\"nome_atual\":\"LUIS ALFONSO GIAGNI\",\"nome_antigo_1\":null,\"nome_antigo_2\":null,\"nomes_alternativos\":[\"LUIS ALFONSO GIAGNI\"],\"cidade\":\"VILLA ELISA\",\"estado\":\"DEPARTAMENTO CENTRAL\",\"pais\":\"PARAGUAI\",\"capacidade\":\"11000\",\"jogos\":1,\"vitorias\":1,\"empates\":0,\"derrotas\":0,\"gols_marcados\":3,\"gols_sofridos\":0,\"data_primeira_partida\":\"2017-10-19\",\"data_ultima_partida\":\"2017-10-19\"}]","STATUS_GEOMETRIA":"PONTO_CONSOLIDADO","PRECISAO_COORDENADAS":null,"FONTE_COORDENADAS":null,"URL_FONTE_COORDENADAS":null,"ATRIBUICAO_COORDENADAS":null,"FONTES_NOME_ANTIGO":null,"JOGOS_SEM_GEOMETRIA":0}},{"type":"Feature","geometry":{"type":"Point","coordinates":[-57.57451669872214,-25.257324985267747]},"properties":{"SECAO":"BRABAS","TIPO_REGISTRO":"PONTO","NOME_ESTADIO":"LA ARBOLEDA","NOME_ATUAL":"LA ARBOLEDA","NOME_ANTIGO_1":null,"NOME_ANTIGO_2":null,"ESTADIO":"LA ARBOLEDA","ESTÁDIO":"LA ARBOLEDA","NOME_ANTIGO":null,"NOMES_ALTERNATIVOS":"","CIDADE":"ASSUNÇÃO","ESTADO":"DEPARTAMENTO CENTRAL","PAÍS":"PARAGUAI","PAIS_ISO3":null,"CAPACIDADE":"8000","LATITUDE":-25.257324985267747,"LONGITUDE":-57.57451669872214,"TOTAL_JOGOS":3,"VITORIAS":3,"VITÓRIAS":3,"EMPATES":0,"DERROTAS":0,"PONTOS_CAMPEONATO":9,"APROVEITAMENTO_PCT":100.0,"GOLS_MARCADOS":10,"GOLS_SOFRIDOS":2,"SALDO_GOLS":8,"GOLS_POR_PARTIDA":3.33,"ASSISTENCIAS":null,"ASSISTENCIAS_DISPONIVEIS":false,"ASSISTENCIAS_FONTE":"Não consta nos arquivos locais do Meu Timão ou Daniel Keppler.","JOGOS_COM_PLACAR":3,"JOGOS_SEM_PLACAR":0,"PARTIDAS_DANIEL_KEPPLER":0,"PARTIDAS_MEUTIMAO":3,"FONTES_JOGOS":"Meu Timão","DATA_PRIMEIRA_PARTIDA":"2017-10-11","ANO_PRIMEIRA_PARTIDA":2017,"PRIMEIRA_PARTIDA":"SPORTIVO LIMPEÑO 0x2 CORINTHIANS","ADVERSARIO":"SPORTIVO LIMPEÑO","PLACAR":"0x2","COMPETICAO_PRIMEIRA_PARTIDA":"Libertadores Feminina 2017","MANDO_PRIMEIRA_PARTIDA":"Não","FONTE_PRIMEIRA_PARTIDA":"https://www.meutimao.com.br/jogo/5337/libertadores-feminina-2017/sportivo_limpeno-0-x-2-corinthians","DATA_ULTIMA_PARTIDA":"2017-10-17","ANO_ULTIMA_PARTIDA":2017,"ULTIMA_PARTIDA":"CORINTHIANS 2x1 INDEPENDIENTE SANTA FE","ADVERSARIO_ULTIMA_PARTIDA":"INDEPENDIENTE SANTA FE","PLACAR_ULTIMA_PARTIDA":"2x1","COMPETICAO_ULTIMA_PARTIDA":"Libertadores Feminina 2017","MANDO_ULTIMA_PARTIDA":"Sim","FONTE_ULTIMA_PARTIDA":"Meu Timão","NUM_ESTADIOS_NO_PONTO":1,"NUM_ESTADIOS_COM_JOGOS_NO_PONTO":1,"ESTADIOS_AGRUPADOS":"[{\"nome\":\"LA ARBOLEDA\",\"nome_atual\":\"LA ARBOLEDA\",\"nome_antigo_1\":null,\"nome_antigo_2\":null,\"nomes_alternativos\":[\"LA ARBOLEDA\"],\"cidade\":\"ASSUNÇÃO\",\"estado\":\"DEPARTAMENTO CENTRAL\",\"pais\":\"PARAGUAI\",\"capacidade\":\"8000\",\"jogos\":3,\"vitorias\":3,\"empates\":0,\"derrotas\":0,\"gols_marcados\":10,\"gols_sofridos\":2,\"data_primeira_partida\":\"2017-10-11\",\"data_ultima_partida\":\"2017-10-17\"}]","STATUS_GEOMETRIA":"PONTO_CONSOLIDADO","PRECISAO_COORDENADAS":null,"FONTE_COORDENADAS":null,"URL_FONTE_COORDENADAS":null,"ATRIBUICAO_COORDENADAS":null,"FONTES_NOME_ANTIGO":null,"JOGOS_SEM_GEOMETRIA":0}},{"type":"Feature","geometry":{"type":"Point","coordinates":[-57.51814001406302,-25.26300146495579]},"properties":{"SECAO":"BRABAS","TIPO_REGISTRO":"PONTO","NOME_ESTADIO":"GENERAL ADRIÁN JARA (CONMEBOL)","NOME_ATUAL":"GENERAL ADRIÁN JARA (CONMEBOL)","NOME_ANTIGO_1":null,"NOME_ANTIGO_2":null,"ESTADIO":"GENERAL ADRIÁN JARA (CONMEBOL)","ESTÁDIO":"GENERAL ADRIÁN JARA (CONMEBOL)","NOME_ANTIGO":null,"NOMES_ALTERNATIVOS":"","CIDADE":"LUQUE","ESTADO":"DEPARTAMENTO CENTRAL","PAÍS":"PARAGUAI","PAIS_ISO3":null,"CAPACIDADE":"4000","LATITUDE":-25.26300146495579,"LONGITUDE":-57.51814001406302,"TOTAL_JOGOS":0,"VITORIAS":0,"VITÓRIAS":0,"EMPATES":0,"DERROTAS":0,"PONTOS_CAMPEONATO":0,"APROVEITAMENTO_PCT":0,"GOLS_MARCADOS":0,"GOLS_SOFRIDOS":0,"SALDO_GOLS":0,"GOLS_POR_PARTIDA":0,"ASSISTENCIAS":null,"ASSISTENCIAS_DISPONIVEIS":false,"ASSISTENCIAS_FONTE":"Não consta nos arquivos locais do Meu Timão ou Daniel Keppler.","JOGOS_COM_PLACAR":0,"JOGOS_SEM_PLACAR":0,"PARTIDAS_DANIEL_KEPPLER":0,"PARTIDAS_MEUTIMAO":0,"FONTES_JOGOS":"","DATA_PRIMEIRA_PARTIDA":null,"ANO_PRIMEIRA_PARTIDA":null,"PRIMEIRA_PARTIDA":null,"ADVERSARIO":null,"PLACAR":null,"COMPETICAO_PRIMEIRA_PARTIDA":null,"MANDO_PRIMEIRA_PARTIDA":null,"FONTE_PRIMEIRA_PARTIDA":null,"DATA_ULTIMA_PARTIDA":null,"ANO_ULTIMA_PARTIDA":null,"ULTIMA_PARTIDA":"","ADVERSARIO_ULTIMA_PARTIDA":null,"PLACAR_ULTIMA_PARTIDA":null,"COMPETICAO_ULTIMA_PARTIDA":null,"MANDO_ULTIMA_PARTIDA":null,"FONTE_ULTIMA_PARTIDA":null,"NUM_ESTADIOS_NO_PONTO":1,"NUM_ESTADIOS_COM_JOGOS_NO_PONTO":0,"ESTADIOS_AGRUPADOS":"[{\"nome\":\"GENERAL ADRIÁN JARA (CONMEBOL)\",\"nome_atual\":\"GENERAL ADRIÁN JARA (CONMEBOL)\",\"nome_antigo_1\":null,\"nome_antigo_2\":null,\"nomes_alternativos\":[\"GENERAL ADRIÁN JARA (CONMEBOL)\"],\"cidade\":\"LUQUE\",\"estado\":\"DEPARTAMENTO CENTRAL\",\"pais\":\"PARAGUAI\",\"capacidade\":\"4000\",\"jogos\":0,\"vitorias\":0,\"empates\":0,\"derrotas\":0,\"gols_marcados\":0,\"gols_sofridos\":0,\"data_primeira_partida\":null,\"data_ultima_partida\":null}]","STATUS_GEOMETRIA":"PONTO_CONSOLIDADO","PRECISAO_COORDENADAS":null,"FONTE_COORDENADAS":null,"URL_FONTE_COORDENADAS":null,"ATRIBUICAO_COORDENADAS":null,"FONTES_NOME_ANTIGO":null,"JOGOS_SEM_GEOMETRIA":0}},{"type":"Feature","geometry":{"type":"Point","coordinates":[-57.5092575,-25.4573519]},"properties":{"SECAO":"BRABAS","TIPO_REGISTRO":"PONTO","NOME_ESTADIO":"Estádio Carfem","NOME_ATUAL":"Estádio Carfem","NOME_ANTIGO_1":null,"NOME_ANTIGO_2":null,"ESTADIO":"Estádio Carfem","ESTÁDIO":"Estádio Carfem","NOME_ANTIGO":null,"NOMES_ALTERNATIVOS":"","CIDADE":"Ypané","ESTADO":"Departamento Central","PAÍS":"Paraguai","PAIS_ISO3":null,"CAPACIDADE":"1000","LATITUDE":-25.4573519,"LONGITUDE":-57.5092575,"TOTAL_JOGOS":1,"VITORIAS":1,"VITÓRIAS":1,"EMPATES":0,"DERROTAS":0,"PONTOS_CAMPEONATO":3,"APROVEITAMENTO_PCT":100.0,"GOLS_MARCADOS":2,"GOLS_SOFRIDOS":0,"SALDO_GOLS":2,"GOLS_POR_PARTIDA":2.0,"ASSISTENCIAS":null,"ASSISTENCIAS_DISPONIVEIS":false,"ASSISTENCIAS_FONTE":"Não consta nos arquivos locais do Meu Timão ou Daniel Keppler.","JOGOS_COM_PLACAR":1,"JOGOS_SEM_PLACAR":0,"PARTIDAS_DANIEL_KEPPLER":0,"PARTIDAS_MEUTIMAO":1,"FONTES_JOGOS":"Meu Timão","DATA_PRIMEIRA_PARTIDA":"2024-10-12","ANO_PRIMEIRA_PARTIDA":2024,"PRIMEIRA_PARTIDA":"CORINTHIANS 2x0 OLIMPIA","ADVERSARIO":"OLIMPIA","PLACAR":"2x0","COMPETICAO_PRIMEIRA_PARTIDA":"Libertadores Feminina 2024","MANDO_PRIMEIRA_PARTIDA":"Sim","FONTE_PRIMEIRA_PARTIDA":"https://www.meutimao.com.br/jogo/8353/libertadores-feminina-2024/quartas_de_final/corinthians-2-x-0-olimpia","DATA_ULTIMA_PARTIDA":"2024-10-12","ANO_ULTIMA_PARTIDA":2024,"ULTIMA_PARTIDA":"CORINTHIANS 2x0 OLIMPIA","ADVERSARIO_ULTIMA_PARTIDA":"OLIMPIA","PLACAR_ULTIMA_PARTIDA":"2x0","COMPETICAO_ULTIMA_PARTIDA":"Libertadores Feminina 2024","MANDO_ULTIMA_PARTIDA":"Sim","FONTE_ULTIMA_PARTIDA":"Meu Timão","NUM_ESTADIOS_NO_PONTO":1,"NUM_ESTADIOS_COM_JOGOS_NO_PONTO":1,"ESTADIOS_AGRUPADOS":"[{\"nome\":\"Estádio Carfem\",\"nome_atual\":\"Estádio Carfem\",\"nome_antigo_1\":null,\"nome_antigo_2\":null,\"nomes_alternativos\":[\"Estádio Carfem\"],\"cidade\":\"Ypané\",\"estado\":\"Departamento Central\",\"pais\":\"Paraguai\",\"capacidade\":\"1000\",\"jogos\":1,\"vitorias\":1,\"empates\":0,\"derrotas\":0,\"gols_marcados\":2,\"gols_sofridos\":0,\"data_primeira_partida\":\"2024-10-12\",\"data_ultima_partida\":\"2024-10-12\"}]","STATUS_GEOMETRIA":"PONTO_CONSOLIDADO","PRECISAO_COORDENADAS":"Município (estádio exato não identificado)","FONTE_COORDENADAS":"OpenStreetMap Nominatim (localidade aproximada)","URL_FONTE_COORDENADAS":"https://www.openstreetmap.org/relation/6601486","ATRIBUICAO_COORDENADAS":"© OpenStreetMap contributors, ODbL 1.0","FONTES_NOME_ANTIGO":null,"JOGOS_SEM_GEOMETRIA":0}},{"type":"Feature","geometry":{"type":"Point","coordinates":[-57.49956104369918,-25.47101951316703]},"properties":{"SECAO":"BRABAS","TIPO_REGISTRO":"PONTO","NOME_ESTADIO":"CENTRO DE ALTO RENDIMIENTO DE FÚTBOL FEMININO - CARFEM","NOME_ATUAL":"CENTRO DE ALTO RENDIMIENTO DE FÚTBOL FEMININO - CARFEM","NOME_ANTIGO_1":null,"NOME_ANTIGO_2":null,"ESTADIO":"CENTRO DE ALTO RENDIMIENTO DE FÚTBOL FEMININO - CARFEM","ESTÁDIO":"CENTRO DE ALTO RENDIMIENTO DE FÚTBOL FEMININO - CARFEM","NOME_ANTIGO":null,"NOMES_ALTERNATIVOS":"","CIDADE":"YPANÉ","ESTADO":"DEPARTAMENTO CENTRAL","PAÍS":"PARAGUAI","PAIS_ISO3":null,"CAPACIDADE":"1000","LATITUDE":-25.47101951316703,"LONGITUDE":-57.49956104369918,"TOTAL_JOGOS":0,"VITORIAS":0,"VITÓRIAS":0,"EMPATES":0,"DERROTAS":0,"PONTOS_CAMPEONATO":0,"APROVEITAMENTO_PCT":0,"GOLS_MARCADOS":0,"GOLS_SOFRIDOS":0,"SALDO_GOLS":0,"GOLS_POR_PARTIDA":0,"ASSISTENCIAS":null,"ASSISTENCIAS_DISPONIVEIS":false,"ASSISTENCIAS_FONTE":"Não consta nos arquivos locais do Meu Timão ou Daniel Keppler.","JOGOS_COM_PLACAR":0,"JOGOS_SEM_PLACAR":0,"PARTIDAS_DANIEL_KEPPLER":0,"PARTIDAS_MEUTIMAO":0,"FONTES_JOGOS":"","DATA_PRIMEIRA_PARTIDA":null,"ANO_PRIMEIRA_PARTIDA":null,"PRIMEIRA_PARTIDA":null,"ADVERSARIO":null,"PLACAR":null,"COMPETICAO_PRIMEIRA_PARTIDA":null,"MANDO_PRIMEIRA_PARTIDA":null,"FONTE_PRIMEIRA_PARTIDA":null,"DATA_ULTIMA_PARTIDA":null,"ANO_ULTIMA_PARTIDA":null,"ULTIMA_PARTIDA":"","ADVERSARIO_ULTIMA_PARTIDA":null,"PLACAR_ULTIMA_PARTIDA":null,"COMPETICAO_ULTIMA_PARTIDA":null,"MANDO_ULTIMA_PARTIDA":null,"FONTE_ULTIMA_PARTIDA":null,"NUM_ESTADIOS_NO_PONTO":1,"NUM_ESTADIOS_COM_JOGOS_NO_PONTO":0,"ESTADIOS_AGRUPADOS":"[{\"nome\":\"CENTRO DE ALTO RENDIMIENTO DE FÚTBOL FEMININO - CARFEM\",\"nome_atual\":\"CENTRO DE ALTO RENDIMIENTO DE FÚTBOL FEMININO - CARFEM\",\"nome_antigo_1\":null,\"nome_antigo_2\":null,\"nomes_alternativos\":[\"CENTRO DE ALTO RENDIMIENTO DE FÚTBOL FEMININO - CARFEM\"],\"cidade\":\"YPANÉ\",\"estado\":\"DEPARTAMENTO CENTRAL\",\"pais\":\"PARAGUAI\",\"capacidade\":\"1000\",\"jogos\":0,\"vitorias\":0,\"empates\":0,\"derrotas\":0,\"gols_marcados\":0,\"gols_sofridos\":0,\"data_primeira_partida\":null,\"data_ultima_partida\":null}]","STATUS_GEOMETRIA":"PONTO_CONSOLIDADO","PRECISAO_COORDENADAS":null,"FONTE_COORDENADAS":null,"URL_FONTE_COORDENADAS":null,"ATRIBUICAO_COORDENADAS":null,"FONTES_NOME_ANTIGO":null,"JOGOS_SEM_GEOMETRIA":0}},{"type":"Feature","geometry":{"type":"Point","coordinates":[-56.15824998707433,-34.884261789014836]},"properties":{"SECAO":"BRABAS","TIPO_REGISTRO":"PONTO","NOME_ESTADIO":"Parque Central","NOME_ATUAL":"Parque Central","NOME_ANTIGO_1":null,"NOME_ANTIGO_2":null,"ESTADIO":"Parque Central","ESTÁDIO":"Parque Central","NOME_ANTIGO":null,"NOMES_ALTERNATIVOS":"GRAN PARQUE CENTRAL","CIDADE":"Montevidéu","ESTADO":"Montevideo","PAÍS":"Uruguai","PAIS_ISO3":null,"CAPACIDADE":null,"LATITUDE":-34.884261789014836,"LONGITUDE":-56.15824998707433,"TOTAL_JOGOS":1,"VITORIAS":1,"VITÓRIAS":1,"EMPATES":0,"DERROTAS":0,"PONTOS_CAMPEONATO":3,"APROVEITAMENTO_PCT":100.0,"GOLS_MARCADOS":2,"GOLS_SOFRIDOS":0,"SALDO_GOLS":2,"GOLS_POR_PARTIDA":2.0,"ASSISTENCIAS":null,"ASSISTENCIAS_DISPONIVEIS":false,"ASSISTENCIAS_FONTE":"Não consta nos arquivos locais do Meu Timão ou Daniel Keppler.","JOGOS_COM_PLACAR":1,"JOGOS_SEM_PLACAR":0,"PARTIDAS_DANIEL_KEPPLER":0,"PARTIDAS_MEUTIMAO":1,"FONTES_JOGOS":"Meu Timão","DATA_PRIMEIRA_PARTIDA":"2021-11-21","ANO_PRIMEIRA_PARTIDA":2021,"PRIMEIRA_PARTIDA":"CORINTHIANS 2x0 INDEPENDIENTE SANTA FE","ADVERSARIO":"INDEPENDIENTE SANTA FE","PLACAR":"2x0","COMPETICAO_PRIMEIRA_PARTIDA":"Libertadores Feminina 2021","MANDO_PRIMEIRA_PARTIDA":"Sim","FONTE_PRIMEIRA_PARTIDA":"https://www.meutimao.com.br/jogo/7206/libertadores-feminina-2021/final/corinthians-2-x-0-independiente_santa_fe","DATA_ULTIMA_PARTIDA":"2021-11-21","ANO_ULTIMA_PARTIDA":2021,"ULTIMA_PARTIDA":"CORINTHIANS 2x0 INDEPENDIENTE SANTA FE","ADVERSARIO_ULTIMA_PARTIDA":"INDEPENDIENTE SANTA FE","PLACAR_ULTIMA_PARTIDA":"2x0","COMPETICAO_ULTIMA_PARTIDA":"Libertadores Feminina 2021","MANDO_ULTIMA_PARTIDA":"Sim","FONTE_ULTIMA_PARTIDA":"Meu Timão","NUM_ESTADIOS_NO_PONTO":2,"NUM_ESTADIOS_COM_JOGOS_NO_PONTO":1,"ESTADIOS_AGRUPADOS":"[{\"nome\":\"GRAN PARQUE CENTRAL\",\"nome_atual\":\"GRAN PARQUE CENTRAL\",\"nome_antigo_1\":null,\"nome_antigo_2\":null,\"nomes_alternativos\":[\"GRAN PARQUE CENTRAL\"],\"cidade\":\"MONTEVIDÉU\",\"estado\":\"DEPARTAMENTO MONTEVIDÉU\",\"pais\":\"URUGUAI\",\"capacidade\":\"37000\",\"jogos\":0,\"vitorias\":0,\"empates\":0,\"derrotas\":0,\"gols_marcados\":0,\"gols_sofridos\":0,\"data_primeira_partida\":null,\"data_ultima_partida\":null},{\"nome\":\"Parque Central\",\"nome_atual\":\"Parque Central\",\"nome_antigo_1\":null,\"nome_antigo_2\":null,\"nomes_alternativos\":[\"Parque Central\"],\"cidade\":\"Montevidéu\",\"estado\":\"Montevideo\",\"pais\":\"Uruguai\",\"capacidade\":null,\"jogos\":1,\"vitorias\":1,\"empates\":0,\"derrotas\":0,\"gols_marcados\":2,\"gols_sofridos\":0,\"data_primeira_partida\":\"2021-11-21\",\"data_ultima_partida\":\"2021-11-21\"}]","STATUS_GEOMETRIA":"PONTO_CONSOLIDADO","PRECISAO_COORDENADAS":null,"FONTE_COORDENADAS":"OpenStreetMap Nominatim (geocodificação reversa)","URL_FONTE_COORDENADAS":"https://www.openstreetmap.org/relation/2929054","ATRIBUICAO_COORDENADAS":"© OpenStreetMap contributors, ODbL 1.0","FONTES_NOME_ANTIGO":null,"JOGOS_SEM_GEOMETRIA":0}},{"type":"Feature","geometry":{"type":"Point","coordinates":[-54.5830692,-25.5304023]},"properties":{"SECAO":"BRABAS","TIPO_REGISTRO":"PONTO","NOME_ESTADIO":"Campo do Flamengo","NOME_ATUAL":"Campo do Flamengo","NOME_ANTIGO_1":null,"NOME_ANTIGO_2":null,"ESTADIO":"Campo do Flamengo","ESTÁDIO":"Campo do Flamengo","NOME_ANTIGO":null,"NOMES_ALTERNATIVOS":"","CIDADE":"Foz do Iguaçu","ESTADO":"Paraná","PAÍS":"Brasil","PAIS_ISO3":null,"CAPACIDADE":"800","LATITUDE":-25.5304023,"LONGITUDE":-54.5830692,"TOTAL_JOGOS":1,"VITORIAS":1,"VITÓRIAS":1,"EMPATES":0,"DERROTAS":0,"PONTOS_CAMPEONATO":3,"APROVEITAMENTO_PCT":100.0,"GOLS_MARCADOS":1,"GOLS_SOFRIDOS":0,"SALDO_GOLS":1,"GOLS_POR_PARTIDA":1.0,"ASSISTENCIAS":null,"ASSISTENCIAS_DISPONIVEIS":false,"ASSISTENCIAS_FONTE":"Não consta nos arquivos locais do Meu Timão ou Daniel Keppler.","JOGOS_COM_PLACAR":1,"JOGOS_SEM_PLACAR":0,"PARTIDAS_DANIEL_KEPPLER":0,"PARTIDAS_MEUTIMAO":1,"FONTES_JOGOS":"Meu Timão","DATA_PRIMEIRA_PARTIDA":"2019-07-10","ANO_PRIMEIRA_PARTIDA":2019,"PRIMEIRA_PARTIDA":"FOZ-ATHLETICO 0x1 CORINTHIANS","ADVERSARIO":"FOZ-ATHLETICO","PLACAR":"0x1","COMPETICAO_PRIMEIRA_PARTIDA":"Brasileiro Feminino 2019","MANDO_PRIMEIRA_PARTIDA":"Não","FONTE_PRIMEIRA_PARTIDA":"https://www.meutimao.com.br/jogo/1268/brasileiro-feminino-2019/foz-athletico-0-x-1-corinthians","DATA_ULTIMA_PARTIDA":"2019-07-10","ANO_ULTIMA_PARTIDA":2019,"ULTIMA_PARTIDA":"FOZ-ATHLETICO 0x1 CORINTHIANS","ADVERSARIO_ULTIMA_PARTIDA":"FOZ-ATHLETICO","PLACAR_ULTIMA_PARTIDA":"0x1","COMPETICAO_ULTIMA_PARTIDA":"Brasileiro Feminino 2019","MANDO_ULTIMA_PARTIDA":"Não","FONTE_ULTIMA_PARTIDA":"Meu Timão","NUM_ESTADIOS_NO_PONTO":1,"NUM_ESTADIOS_COM_JOGOS_NO_PONTO":1,"ESTADIOS_AGRUPADOS":"[{\"nome\":\"Campo do Flamengo\",\"nome_atual\":\"Campo do Flamengo\",\"nome_antigo_1\":null,\"nome_antigo_2\":null,\"nomes_alternativos\":[\"Campo do Flamengo\"],\"cidade\":\"Foz do Iguaçu\",\"estado\":\"Paraná\",\"pais\":\"Brasil\",\"capacidade\":\"800\",\"jogos\":1,\"vitorias\":1,\"empates\":0,\"derrotas\":0,\"gols_marcados\":1,\"gols_sofridos\":0,\"data_primeira_partida\":\"2019-07-10\",\"data_ultima_partida\":\"2019-07-10\"}]","STATUS_GEOMETRIA":"PONTO_CONSOLIDADO","PRECISAO_COORDENADAS":"Município (estádio exato não identificado)","FONTE_COORDENADAS":"OpenStreetMap Nominatim (localidade aproximada)","URL_FONTE_COORDENADAS":"https://www.openstreetmap.org/relation/297473","ATRIBUICAO_COORDENADAS":"© OpenStreetMap contributors, ODbL 1.0","FONTES_NOME_ANTIGO":null,"JOGOS_SEM_GEOMETRIA":0}},{"type":"Feature","geometry":{"type":"Point","coordinates":[-54.57387678367516,-25.536427857443265]},"properties":{"SECAO":"BRABAS","TIPO_REGISTRO":"PONTO","NOME_ESTADIO":"PEDRO BASSO","NOME_ATUAL":"PEDRO BASSO","NOME_ANTIGO_1":null,"NOME_ANTIGO_2":null,"ESTADIO":"PEDRO BASSO","ESTÁDIO":"PEDRO BASSO","NOME_ANTIGO":null,"NOMES_ALTERNATIVOS":"","CIDADE":"FOZ DO IGUAÇU","ESTADO":"PARANÁ","PAÍS":"BRASIL","PAIS_ISO3":null,"CAPACIDADE":"5000","LATITUDE":-25.536427857443265,"LONGITUDE":-54.57387678367516,"TOTAL_JOGOS":0,"VITORIAS":0,"VITÓRIAS":0,"EMPATES":0,"DERROTAS":0,"PONTOS_CAMPEONATO":0,"APROVEITAMENTO_PCT":0,"GOLS_MARCADOS":0,"GOLS_SOFRIDOS":0,"SALDO_GOLS":0,"GOLS_POR_PARTIDA":0,"ASSISTENCIAS":null,"ASSISTENCIAS_DISPONIVEIS":false,"ASSISTENCIAS_FONTE":"Não consta nos arquivos locais do Meu Timão ou Daniel Keppler.","JOGOS_COM_PLACAR":0,"JOGOS_SEM_PLACAR":0,"PARTIDAS_DANIEL_KEPPLER":0,"PARTIDAS_MEUTIMAO":0,"FONTES_JOGOS":"","DATA_PRIMEIRA_PARTIDA":null,"ANO_PRIMEIRA_PARTIDA":null,"PRIMEIRA_PARTIDA":null,"ADVERSARIO":null,"PLACAR":null,"COMPETICAO_PRIMEIRA_PARTIDA":null,"MANDO_PRIMEIRA_PARTIDA":null,"FONTE_PRIMEIRA_PARTIDA":null,"DATA_ULTIMA_PARTIDA":null,"ANO_ULTIMA_PARTIDA":null,"ULTIMA_PARTIDA":"","ADVERSARIO_ULTIMA_PARTIDA":null,"PLACAR_ULTIMA_PARTIDA":null,"COMPETICAO_ULTIMA_PARTIDA":null,"MANDO_ULTIMA_PARTIDA":null,"FONTE_ULTIMA_PARTIDA":null,"NUM_ESTADIOS_NO_PONTO":1,"NUM_ESTADIOS_COM_JOGOS_NO_PONTO":0,"ESTADIOS_AGRUPADOS":"[{\"nome\":\"PEDRO BASSO\",\"nome_atual\":\"PEDRO BASSO\",\"nome_antigo_1\":null,\"nome_antigo_2\":null,\"nomes_alternativos\":[\"PEDRO BASSO\"],\"cidade\":\"FOZ DO IGUAÇU\",\"estado\":\"PARANÁ\",\"pais\":\"BRASIL\",\"capacidade\":\"5000\",\"jogos\":0,\"vitorias\":0,\"empates\":0,\"derrotas\":0,\"gols_marcados\":0,\"gols_sofridos\":0,\"data_primeira_partida\":null,\"data_ultima_partida\":null}]","STATUS_GEOMETRIA":"PONTO_CONSOLIDADO","PRECISAO_COORDENADAS":null,"FONTE_COORDENADAS":null,"URL_FONTE_COORDENADAS":null,"ATRIBUICAO_COORDENADAS":null,"FONTES_NOME_ANTIGO":null,"JOGOS_SEM_GEOMETRIA":0}},{"type":"Feature","geometry":{"type":"Point","coordinates":[-51.53629737421197,-29.153624171426525]},"properties":{"SECAO":"BRABAS","TIPO_REGISTRO":"PONTO","NOME_ESTADIO":"DARCY POZZA (MONTANHA DOS VINHEDOS)","NOME_ATUAL":"DARCY POZZA (MONTANHA DOS VINHEDOS)","NOME_ANTIGO_1":null,"NOME_ANTIGO_2":null,"ESTADIO":"DARCY POZZA (MONTANHA DOS VINHEDOS)","ESTÁDIO":"DARCY POZZA (MONTANHA DOS VINHEDOS)","NOME_ANTIGO":null,"NOMES_ALTERNATIVOS":"","CIDADE":"BENTO GONÇALVES","ESTADO":"RIO GRANDE DO SUL","PAÍS":"BRASIL","PAIS_ISO3":null,"CAPACIDADE":"12859","LATITUDE":-29.153624171426525,"LONGITUDE":-51.53629737421197,"TOTAL_JOGOS":0,"VITORIAS":0,"VITÓRIAS":0,"EMPATES":0,"DERROTAS":0,"PONTOS_CAMPEONATO":0,"APROVEITAMENTO_PCT":0,"GOLS_MARCADOS":0,"GOLS_SOFRIDOS":0,"SALDO_GOLS":0,"GOLS_POR_PARTIDA":0,"ASSISTENCIAS":null,"ASSISTENCIAS_DISPONIVEIS":false,"ASSISTENCIAS_FONTE":"Não consta nos arquivos locais do Meu Timão ou Daniel Keppler.","JOGOS_COM_PLACAR":0,"JOGOS_SEM_PLACAR":0,"PARTIDAS_DANIEL_KEPPLER":0,"PARTIDAS_MEUTIMAO":0,"FONTES_JOGOS":"","DATA_PRIMEIRA_PARTIDA":null,"ANO_PRIMEIRA_PARTIDA":null,"PRIMEIRA_PARTIDA":null,"ADVERSARIO":null,"PLACAR":null,"COMPETICAO_PRIMEIRA_PARTIDA":null,"MANDO_PRIMEIRA_PARTIDA":null,"FONTE_PRIMEIRA_PARTIDA":null,"DATA_ULTIMA_PARTIDA":null,"ANO_ULTIMA_PARTIDA":null,"ULTIMA_PARTIDA":"","ADVERSARIO_ULTIMA_PARTIDA":null,"PLACAR_ULTIMA_PARTIDA":null,"COMPETICAO_ULTIMA_PARTIDA":null,"MANDO_ULTIMA_PARTIDA":null,"FONTE_ULTIMA_PARTIDA":null,"NUM_ESTADIOS_NO_PONTO":1,"NUM_ESTADIOS_COM_JOGOS_NO_PONTO":0,"ESTADIOS_AGRUPADOS":"[{\"nome\":\"DARCY POZZA (MONTANHA DOS VINHEDOS)\",\"nome_atual\":\"DARCY POZZA (MONTANHA DOS VINHEDOS)\",\"nome_antigo_1\":null,\"nome_antigo_2\":null,\"nomes_alternativos\":[\"DARCY POZZA (MONTANHA DOS VINHEDOS)\"],\"cidade\":\"BENTO GONÇALVES\",\"estado\":\"RIO GRANDE DO SUL\",\"pais\":\"BRASIL\",\"capacidade\":\"12859\",\"jogos\":0,\"vitorias\":0,\"empates\":0,\"derrotas\":0,\"gols_marcados\":0,\"gols_sofridos\":0,\"data_primeira_partida\":null,\"data_ultima_partida\":null}]","STATUS_GEOMETRIA":"PONTO_CONSOLIDADO","PRECISAO_COORDENADAS":null,"FONTE_COORDENADAS":null,"URL_FONTE_COORDENADAS":null,"ATRIBUICAO_COORDENADAS":null,"FONTES_NOME_ANTIGO":null,"JOGOS_SEM_GEOMETRIA":0}},{"type":"Feature","geometry":{"type":"Point","coordinates":[-51.5201166,-29.1656734]},"properties":{"SECAO":"BRABAS","TIPO_REGISTRO":"PONTO","NOME_ESTADIO":"Montanha do Vinhedos","NOME_ATUAL":"Montanha do Vinhedos","NOME_ANTIGO_1":null,"NOME_ANTIGO_2":null,"ESTADIO":"Montanha do Vinhedos","ESTÁDIO":"Montanha do Vinhedos","NOME_ANTIGO":null,"NOMES_ALTERNATIVOS":"","CIDADE":"Bento Gonçalves","ESTADO":"Rio Grande do Sul","PAÍS":"Brazil","PAIS_ISO3":null,"CAPACIDADE":"15000","LATITUDE":-29.1656734,"LONGITUDE":-51.5201166,"TOTAL_JOGOS":1,"VITORIAS":1,"VITÓRIAS":1,"EMPATES":0,"DERROTAS":0,"PONTOS_CAMPEONATO":3,"APROVEITAMENTO_PCT":100.0,"GOLS_MARCADOS":1,"GOLS_SOFRIDOS":0,"SALDO_GOLS":1,"GOLS_POR_PARTIDA":1.0,"ASSISTENCIAS":null,"ASSISTENCIAS_DISPONIVEIS":false,"ASSISTENCIAS_FONTE":"Não consta nos arquivos locais do Meu Timão ou Daniel Keppler.","JOGOS_COM_PLACAR":1,"JOGOS_SEM_PLACAR":0,"PARTIDAS_DANIEL_KEPPLER":0,"PARTIDAS_MEUTIMAO":1,"FONTES_JOGOS":"Meu Timão","DATA_PRIMEIRA_PARTIDA":"2026-04-20","ANO_PRIMEIRA_PARTIDA":2026,"PRIMEIRA_PARTIDA":"JUVENTUDE 0x1 CORINTHIANS","ADVERSARIO":"JUVENTUDE","PLACAR":"0x1","COMPETICAO_PRIMEIRA_PARTIDA":"Brasileiro Feminino 2026","MANDO_PRIMEIRA_PARTIDA":"Não","FONTE_PRIMEIRA_PARTIDA":"https://www.meutimao.com.br/jogo/8908/brasileiro-feminino-2026/juventude-0-x-1-corinthians","DATA_ULTIMA_PARTIDA":"2026-04-20","ANO_ULTIMA_PARTIDA":2026,"ULTIMA_PARTIDA":"JUVENTUDE 0x1 CORINTHIANS","ADVERSARIO_ULTIMA_PARTIDA":"JUVENTUDE","PLACAR_ULTIMA_PARTIDA":"0x1","COMPETICAO_ULTIMA_PARTIDA":"Brasileiro Feminino 2026","MANDO_ULTIMA_PARTIDA":"Não","FONTE_ULTIMA_PARTIDA":"Meu Timão","NUM_ESTADIOS_NO_PONTO":1,"NUM_ESTADIOS_COM_JOGOS_NO_PONTO":1,"ESTADIOS_AGRUPADOS":"[{\"nome\":\"Montanha do Vinhedos\",\"nome_atual\":\"Montanha do Vinhedos\",\"nome_antigo_1\":null,\"nome_antigo_2\":null,\"nomes_alternativos\":[\"Montanha do Vinhedos\"],\"cidade\":\"Bento Gonçalves\",\"estado\":\"Rio Grande do Sul\",\"pais\":\"Brazil\",\"capacidade\":\"15000\",\"jogos\":1,\"vitorias\":1,\"empates\":0,\"derrotas\":0,\"gols_marcados\":1,\"gols_sofridos\":0,\"data_primeira_partida\":\"2026-04-20\",\"data_ultima_partida\":\"2026-04-20\"}]","STATUS_GEOMETRIA":"PONTO_CONSOLIDADO","PRECISAO_COORDENADAS":"Município (estádio exato não identificado)","FONTE_COORDENADAS":"OpenStreetMap Nominatim (localidade aproximada)","URL_FONTE_COORDENADAS":"https://www.openstreetmap.org/relation/242504","ATRIBUICAO_COORDENADAS":"© OpenStreetMap contributors, ODbL 1.0","FONTES_NOME_ANTIGO":null,"JOGOS_SEM_GEOMETRIA":0}},{"type":"Feature","geometry":{"type":"Point","coordinates":[-51.30776536193216,-30.019920501199675]},"properties":{"SECAO":"BRABAS","TIPO_REGISTRO":"PONTO","NOME_ESTADIO":"CT Hélio Dourado","NOME_ATUAL":"CT Hélio Dourado","NOME_ANTIGO_1":null,"NOME_ANTIGO_2":null,"ESTADIO":"CT Hélio Dourado","ESTÁDIO":"CT Hélio Dourado","NOME_ANTIGO":null,"NOMES_ALTERNATIVOS":"AIRTON FERREIRA DA SILVA (CT HÉLIO DOURADO)","CIDADE":"Eldorado do Sul","ESTADO":"Rio Grande do Sul","PAÍS":"Brasil","PAIS_ISO3":null,"CAPACIDADE":null,"LATITUDE":-30.019920501199675,"LONGITUDE":-51.30776536193216,"TOTAL_JOGOS":1,"VITORIAS":1,"VITÓRIAS":1,"EMPATES":0,"DERROTAS":0,"PONTOS_CAMPEONATO":3,"APROVEITAMENTO_PCT":100.0,"GOLS_MARCADOS":5,"GOLS_SOFRIDOS":0,"SALDO_GOLS":5,"GOLS_POR_PARTIDA":5.0,"ASSISTENCIAS":null,"ASSISTENCIAS_DISPONIVEIS":false,"ASSISTENCIAS_FONTE":"Não consta nos arquivos locais do Meu Timão ou Daniel Keppler.","JOGOS_COM_PLACAR":1,"JOGOS_SEM_PLACAR":0,"PARTIDAS_DANIEL_KEPPLER":0,"PARTIDAS_MEUTIMAO":1,"FONTES_JOGOS":"Meu Timão","DATA_PRIMEIRA_PARTIDA":"2017-03-26","ANO_PRIMEIRA_PARTIDA":2017,"PRIMEIRA_PARTIDA":"GRÊMIO 0x5 CORINTHIANS","ADVERSARIO":"GRÊMIO","PLACAR":"0x5","COMPETICAO_PRIMEIRA_PARTIDA":"Brasileirão Feminino 2017","MANDO_PRIMEIRA_PARTIDA":"Não","FONTE_PRIMEIRA_PARTIDA":"https://www.meutimao.com.br/jogo/5154/brasileirao-feminino-2017/gremio-0-x-5-corinthians","DATA_ULTIMA_PARTIDA":"2017-03-26","ANO_ULTIMA_PARTIDA":2017,"ULTIMA_PARTIDA":"GRÊMIO 0x5 CORINTHIANS","ADVERSARIO_ULTIMA_PARTIDA":"GRÊMIO","PLACAR_ULTIMA_PARTIDA":"0x5","COMPETICAO_ULTIMA_PARTIDA":"Brasileirão Feminino 2017","MANDO_ULTIMA_PARTIDA":"Não","FONTE_ULTIMA_PARTIDA":"Meu Timão","NUM_ESTADIOS_NO_PONTO":2,"NUM_ESTADIOS_COM_JOGOS_NO_PONTO":1,"ESTADIOS_AGRUPADOS":"[{\"nome\":\"AIRTON FERREIRA DA SILVA (CT HÉLIO DOURADO)\",\"nome_atual\":\"AIRTON FERREIRA DA SILVA (CT HÉLIO DOURADO)\",\"nome_antigo_1\":null,\"nome_antigo_2\":null,\"nomes_alternativos\":[\"AIRTON FERREIRA DA SILVA (CT HÉLIO DOURADO)\"],\"cidade\":\"ELDORADO DO SUL \",\"estado\":\"RIO GRANDE DO SUL\",\"pais\":\"BRASIL\",\"capacidade\":\"2000\",\"jogos\":0,\"vitorias\":0,\"empates\":0,\"derrotas\":0,\"gols_marcados\":0,\"gols_sofridos\":0,\"data_primeira_partida\":null,\"data_ultima_partida\":null},{\"nome\":\"CT Hélio Dourado\",\"nome_atual\":\"CT Hélio Dourado\",\"nome_antigo_1\":null,\"nome_antigo_2\":null,\"nomes_alternativos\":[\"CT Hélio Dourado\"],\"cidade\":\"Eldorado do Sul\",\"estado\":\"Rio Grande do Sul\",\"pais\":\"Brasil\",\"capacidade\":null,\"jogos\":1,\"vitorias\":1,\"empates\":0,\"derrotas\":0,\"gols_marcados\":5,\"gols_sofridos\":0,\"data_primeira_partida\":\"2017-03-26\",\"data_ultima_partida\":\"2017-03-26\"}]","STATUS_GEOMETRIA":"PONTO_CONSOLIDADO","PRECISAO_COORDENADAS":null,"FONTE_COORDENADAS":"OpenStreetMap Nominatim (geocodificação reversa)","URL_FONTE_COORDENADAS":"https://www.openstreetmap.org/relation/242691","ATRIBUICAO_COORDENADAS":"© OpenStreetMap contributors, ODbL 1.0","FONTES_NOME_ANTIGO":null,"JOGOS_SEM_GEOMETRIA":0}},{"type":"Feature","geometry":{"type":"Point","coordinates":[-51.3063965,-29.9976311]},"properties":{"SECAO":"BRABAS","TIPO_REGISTRO":"PONTO","NOME_ESTADIO":"Pavilhão","NOME_ATUAL":"Pavilhão","NOME_ANTIGO_1":null,"NOME_ANTIGO_2":null,"ESTADIO":"Pavilhão","ESTÁDIO":"Pavilhão","NOME_ANTIGO":null,"NOMES_ALTERNATIVOS":"","CIDADE":"Eldorado do Sul","ESTADO":"Rio Grande do Sul","PAÍS":"Brazil","PAIS_ISO3":null,"CAPACIDADE":"2000","LATITUDE":-29.9976311,"LONGITUDE":-51.3063965,"TOTAL_JOGOS":1,"VITORIAS":1,"VITÓRIAS":1,"EMPATES":0,"DERROTAS":0,"PONTOS_CAMPEONATO":3,"APROVEITAMENTO_PCT":100.0,"GOLS_MARCADOS":3,"GOLS_SOFRIDOS":0,"SALDO_GOLS":3,"GOLS_POR_PARTIDA":3.0,"ASSISTENCIAS":null,"ASSISTENCIAS_DISPONIVEIS":false,"ASSISTENCIAS_FONTE":"Não consta nos arquivos locais do Meu Timão ou Daniel Keppler.","JOGOS_COM_PLACAR":1,"JOGOS_SEM_PLACAR":0,"PARTIDAS_DANIEL_KEPPLER":0,"PARTIDAS_MEUTIMAO":1,"FONTES_JOGOS":"Meu Timão","DATA_PRIMEIRA_PARTIDA":"2024-03-18","ANO_PRIMEIRA_PARTIDA":2024,"PRIMEIRA_PARTIDA":"GRÊMIO 0x3 CORINTHIANS","ADVERSARIO":"GRÊMIO","PLACAR":"0x3","COMPETICAO_PRIMEIRA_PARTIDA":"Brasileiro Feminino 2024","MANDO_PRIMEIRA_PARTIDA":"Não","FONTE_PRIMEIRA_PARTIDA":"https://www.meutimao.com.br/jogo/8027/brasileiro-feminino-2024/gremio-0-x-3-corinthians","DATA_ULTIMA_PARTIDA":"2024-03-18","ANO_ULTIMA_PARTIDA":2024,"ULTIMA_PARTIDA":"GRÊMIO 0x3 CORINTHIANS","ADVERSARIO_ULTIMA_PARTIDA":"GRÊMIO","PLACAR_ULTIMA_PARTIDA":"0x3","COMPETICAO_ULTIMA_PARTIDA":"Brasileiro Feminino 2024","MANDO_ULTIMA_PARTIDA":"Não","FONTE_ULTIMA_PARTIDA":"Meu Timão","NUM_ESTADIOS_NO_PONTO":1,"NUM_ESTADIOS_COM_JOGOS_NO_PONTO":1,"ESTADIOS_AGRUPADOS":"[{\"nome\":\"Pavilhão\",\"nome_atual\":\"Pavilhão\",\"nome_antigo_1\":null,\"nome_antigo_2\":null,\"nomes_alternativos\":[\"Pavilhão\"],\"cidade\":\"Eldorado do Sul\",\"estado\":\"Rio Grande do Sul\",\"pais\":\"Brazil\",\"capacidade\":\"2000\",\"jogos\":1,\"vitorias\":1,\"empates\":0,\"derrotas\":0,\"gols_marcados\":3,\"gols_sofridos\":0,\"data_primeira_partida\":\"2024-03-18\",\"data_ultima_partida\":\"2024-03-18\"}]","STATUS_GEOMETRIA":"PONTO_CONSOLIDADO","PRECISAO_COORDENADAS":"Município (estádio exato não identificado)","FONTE_COORDENADAS":"OpenStreetMap Nominatim (localidade aproximada)","URL_FONTE_COORDENADAS":"https://www.openstreetmap.org/relation/242691","ATRIBUICAO_COORDENADAS":"© OpenStreetMap contributors, ODbL 1.0","FONTES_NOME_ANTIGO":null,"JOGOS_SEM_GEOMETRIA":0}},{"type":"Feature","geometry":{"type":"Point","coordinates":[-51.2358459,-30.0654826]},"properties":{"SECAO":"BRABAS","TIPO_REGISTRO":"PONTO","NOME_ESTADIO":"Beira-Rio","NOME_ATUAL":"Beira-Rio","NOME_ANTIGO_1":null,"NOME_ANTIGO_2":null,"ESTADIO":"Beira-Rio","ESTÁDIO":"Beira-Rio","NOME_ANTIGO":null,"NOMES_ALTERNATIVOS":"","CIDADE":"PORTO ALEGRE","ESTADO":"RIO GRANDE DO SUL","PAÍS":"BRASIL","PAIS_ISO3":null,"CAPACIDADE":"50842","LATITUDE":-30.0654826,"LONGITUDE":-51.2358459,"TOTAL_JOGOS":3,"VITORIAS":1,"VITÓRIAS":1,"EMPATES":1,"DERROTAS":1,"PONTOS_CAMPEONATO":4,"APROVEITAMENTO_PCT":44.4,"GOLS_MARCADOS":5,"GOLS_SOFRIDOS":5,"SALDO_GOLS":0,"GOLS_POR_PARTIDA":1.67,"ASSISTENCIAS":null,"ASSISTENCIAS_DISPONIVEIS":false,"ASSISTENCIAS_FONTE":"Não consta nos arquivos locais do Meu Timão ou Daniel Keppler.","JOGOS_COM_PLACAR":3,"JOGOS_SEM_PLACAR":0,"PARTIDAS_DANIEL_KEPPLER":0,"PARTIDAS_MEUTIMAO":3,"FONTES_JOGOS":"Meu Timão","DATA_PRIMEIRA_PARTIDA":"2022-09-18","ANO_PRIMEIRA_PARTIDA":2022,"PRIMEIRA_PARTIDA":"INTERNACIONAL 1x1 CORINTHIANS","ADVERSARIO":"INTERNACIONAL","PLACAR":"1x1","COMPETICAO_PRIMEIRA_PARTIDA":"Brasileiro Feminino 2022","MANDO_PRIMEIRA_PARTIDA":"Não","FONTE_PRIMEIRA_PARTIDA":"https://www.meutimao.com.br/jogo/7514/brasileiro-feminino-2022/final/internacional-1-x-1-corinthians","DATA_ULTIMA_PARTIDA":"2024-02-11","ANO_ULTIMA_PARTIDA":2024,"ULTIMA_PARTIDA":"INTERNACIONAL 2x4 CORINTHIANS","ADVERSARIO_ULTIMA_PARTIDA":"INTERNACIONAL","PLACAR_ULTIMA_PARTIDA":"2x4","COMPETICAO_ULTIMA_PARTIDA":"Supercopa Feminina 2024","MANDO_ULTIMA_PARTIDA":"Não","FONTE_ULTIMA_PARTIDA":"Meu Timão","NUM_ESTADIOS_NO_PONTO":1,"NUM_ESTADIOS_COM_JOGOS_NO_PONTO":1,"ESTADIOS_AGRUPADOS":"[{\"nome\":\"Beira-Rio\",\"nome_atual\":\"Beira-Rio\",\"nome_antigo_1\":null,\"nome_antigo_2\":null,\"nomes_alternativos\":[\"Beira-Rio\"],\"cidade\":\"PORTO ALEGRE\",\"estado\":\"RIO GRANDE DO SUL\",\"pais\":\"BRASIL\",\"capacidade\":\"50842\",\"jogos\":3,\"vitorias\":1,\"empates\":1,\"derrotas\":1,\"gols_marcados\":5,\"gols_sofridos\":5,\"data_primeira_partida\":\"2022-09-18\",\"data_ultima_partida\":\"2024-02-11\"}]","STATUS_GEOMETRIA":"PONTO_CONSOLIDADO","PRECISAO_COORDENADAS":null,"FONTE_COORDENADAS":"OpenStreetMap Nominatim (geocodificação reversa)","URL_FONTE_COORDENADAS":"https://www.openstreetmap.org/relation/242397","ATRIBUICAO_COORDENADAS":"© OpenStreetMap contributors, ODbL 1.0","FONTES_NOME_ANTIGO":null,"JOGOS_SEM_GEOMETRIA":0}},{"type":"Feature","geometry":{"type":"Point","coordinates":[-51.1951073,-29.9740429]},"properties":{"SECAO":"BRABAS","TIPO_REGISTRO":"PONTO","NOME_ESTADIO":"Arena do Grêmio","NOME_ATUAL":"Arena do Grêmio","NOME_ANTIGO_1":null,"NOME_ANTIGO_2":null,"ESTADIO":"Arena do Grêmio","ESTÁDIO":"Arena do Grêmio","NOME_ANTIGO":null,"NOMES_ALTERNATIVOS":"","CIDADE":"PORTO ALEGRE ","ESTADO":"RIO GRANDE DO SUL","PAÍS":"BRASIL","PAIS_ISO3":null,"CAPACIDADE":"55662","LATITUDE":-29.9740429,"LONGITUDE":-51.1951073,"TOTAL_JOGOS":2,"VITORIAS":2,"VITÓRIAS":2,"EMPATES":0,"DERROTAS":0,"PONTOS_CAMPEONATO":6,"APROVEITAMENTO_PCT":100.0,"GOLS_MARCADOS":6,"GOLS_SOFRIDOS":0,"SALDO_GOLS":6,"GOLS_POR_PARTIDA":3.0,"ASSISTENCIAS":null,"ASSISTENCIAS_DISPONIVEIS":false,"ASSISTENCIAS_FONTE":"Não consta nos arquivos locais do Meu Timão ou Daniel Keppler.","JOGOS_COM_PLACAR":2,"JOGOS_SEM_PLACAR":0,"PARTIDAS_DANIEL_KEPPLER":0,"PARTIDAS_MEUTIMAO":2,"FONTES_JOGOS":"Meu Timão","DATA_PRIMEIRA_PARTIDA":"2020-10-25","ANO_PRIMEIRA_PARTIDA":2020,"PRIMEIRA_PARTIDA":"GRÊMIO 0x3 CORINTHIANS","ADVERSARIO":"GRÊMIO","PLACAR":"0x3","COMPETICAO_PRIMEIRA_PARTIDA":"Brasileiro Feminino 2020","MANDO_PRIMEIRA_PARTIDA":"Não","FONTE_PRIMEIRA_PARTIDA":"https://www.meutimao.com.br/jogo/4347/brasileiro-feminino-2020/quartas_de_final/gremio-0-x-3-corinthians","DATA_ULTIMA_PARTIDA":"2025-03-09","ANO_ULTIMA_PARTIDA":2025,"ULTIMA_PARTIDA":"GRÊMIO 0x3 CORINTHIANS","ADVERSARIO_ULTIMA_PARTIDA":"GRÊMIO","PLACAR_ULTIMA_PARTIDA":"0x3","COMPETICAO_ULTIMA_PARTIDA":"Supercopa Feminina 2025","MANDO_ULTIMA_PARTIDA":"Não","FONTE_ULTIMA_PARTIDA":"Meu Timão","NUM_ESTADIOS_NO_PONTO":1,"NUM_ESTADIOS_COM_JOGOS_NO_PONTO":1,"ESTADIOS_AGRUPADOS":"[{\"nome\":\"Arena do Grêmio\",\"nome_atual\":\"Arena do Grêmio\",\"nome_antigo_1\":null,\"nome_antigo_2\":null,\"nomes_alternativos\":[\"Arena do Grêmio\"],\"cidade\":\"PORTO ALEGRE \",\"estado\":\"RIO GRANDE DO SUL\",\"pais\":\"BRASIL\",\"capacidade\":\"55662\",\"jogos\":2,\"vitorias\":2,\"empates\":0,\"derrotas\":0,\"gols_marcados\":6,\"gols_sofridos\":0,\"data_primeira_partida\":\"2020-10-25\",\"data_ultima_partida\":\"2025-03-09\"}]","STATUS_GEOMETRIA":"PONTO_CONSOLIDADO","PRECISAO_COORDENADAS":"Estádio identificado","FONTE_COORDENADAS":"OpenStreetMap Nominatim","URL_FONTE_COORDENADAS":"https://www.openstreetmap.org/way/298169448","ATRIBUICAO_COORDENADAS":"© OpenStreetMap contributors, ODbL 1.0","FONTES_NOME_ANTIGO":null,"JOGOS_SEM_GEOMETRIA":0}},{"type":"Feature","geometry":{"type":"Point","coordinates":[-51.1736132,-30.0066051]},"properties":{"SECAO":"BRABAS","TIPO_REGISTRO":"PONTO","NOME_ESTADIO":"Estádio Passo d'Areia","NOME_ATUAL":"Estádio Passo d'Areia","NOME_ANTIGO_1":null,"NOME_ANTIGO_2":null,"ESTADIO":"Estádio Passo d'Areia","ESTÁDIO":"Estádio Passo d'Areia","NOME_ANTIGO":null,"NOMES_ALTERNATIVOS":"","CIDADE":"Porto Alegre","ESTADO":"Rio Grande do Sul","PAÍS":"Brazil","PAIS_ISO3":null,"CAPACIDADE":"1100","LATITUDE":-30.0066051,"LONGITUDE":-51.1736132,"TOTAL_JOGOS":2,"VITORIAS":2,"VITÓRIAS":2,"EMPATES":0,"DERROTAS":0,"PONTOS_CAMPEONATO":6,"APROVEITAMENTO_PCT":100.0,"GOLS_MARCADOS":7,"GOLS_SOFRIDOS":0,"SALDO_GOLS":7,"GOLS_POR_PARTIDA":3.5,"ASSISTENCIAS":null,"ASSISTENCIAS_DISPONIVEIS":false,"ASSISTENCIAS_FONTE":"Não consta nos arquivos locais do Meu Timão ou Daniel Keppler.","JOGOS_COM_PLACAR":2,"JOGOS_SEM_PLACAR":0,"PARTIDAS_DANIEL_KEPPLER":0,"PARTIDAS_MEUTIMAO":2,"FONTES_JOGOS":"Meu Timão","DATA_PRIMEIRA_PARTIDA":"2025-06-15","ANO_PRIMEIRA_PARTIDA":2025,"PRIMEIRA_PARTIDA":"INTERNACIONAL 0x5 CORINTHIANS","ADVERSARIO":"INTERNACIONAL","PLACAR":"0x5","COMPETICAO_PRIMEIRA_PARTIDA":"Brasileiro Feminino 2025","MANDO_PRIMEIRA_PARTIDA":"Não","FONTE_PRIMEIRA_PARTIDA":"https://www.meutimao.com.br/jogo/8499/brasileiro-feminino-2025/internacional-0-x-5-corinthians","DATA_ULTIMA_PARTIDA":"2026-05-01","ANO_ULTIMA_PARTIDA":2026,"ULTIMA_PARTIDA":"GRÊMIO 0x2 CORINTHIANS","ADVERSARIO_ULTIMA_PARTIDA":"GRÊMIO","PLACAR_ULTIMA_PARTIDA":"0x2","COMPETICAO_ULTIMA_PARTIDA":"Brasileiro Feminino 2026","MANDO_ULTIMA_PARTIDA":"Não","FONTE_ULTIMA_PARTIDA":"Meu Timão","NUM_ESTADIOS_NO_PONTO":1,"NUM_ESTADIOS_COM_JOGOS_NO_PONTO":1,"ESTADIOS_AGRUPADOS":"[{\"nome\":\"Estádio Passo d'Areia\",\"nome_atual\":\"Estádio Passo d'Areia\",\"nome_antigo_1\":null,\"nome_antigo_2\":null,\"nomes_alternativos\":[\"Estádio Passo d'Areia\"],\"cidade\":\"Porto Alegre\",\"estado\":\"Rio Grande do Sul\",\"pais\":\"Brazil\",\"capacidade\":\"1100\",\"jogos\":2,\"vitorias\":2,\"empates\":0,\"derrotas\":0,\"gols_marcados\":7,\"gols_sofridos\":0,\"data_primeira_partida\":\"2025-06-15\",\"data_ultima_partida\":\"2026-05-01\"}]","STATUS_GEOMETRIA":"PONTO_CONSOLIDADO","PRECISAO_COORDENADAS":"Estádio identificado","FONTE_COORDENADAS":"OpenStreetMap Nominatim","URL_FONTE_COORDENADAS":"https://www.openstreetmap.org/way/241960718","ATRIBUICAO_COORDENADAS":"© OpenStreetMap contributors, ODbL 1.0","FONTES_NOME_ANTIGO":null,"JOGOS_SEM_GEOMETRIA":0}},{"type":"Feature","geometry":{"type":"Point","coordinates":[-51.17317969076736,-30.006290184356924]},"properties":{"SECAO":"BRABAS","TIPO_REGISTRO":"PONTO","NOME_ESTADIO":"FRANCISCO NOVELLETTO NETO (PASSO D'AREIA)","NOME_ATUAL":"FRANCISCO NOVELLETTO NETO (PASSO D'AREIA)","NOME_ANTIGO_1":null,"NOME_ANTIGO_2":null,"ESTADIO":"FRANCISCO NOVELLETTO NETO (PASSO D'AREIA)","ESTÁDIO":"FRANCISCO NOVELLETTO NETO (PASSO D'AREIA)","NOME_ANTIGO":null,"NOMES_ALTERNATIVOS":"","CIDADE":"PORTO ALEGRE","ESTADO":"RIO GRANDE DO SUL","PAÍS":"BRASIL","PAIS_ISO3":null,"CAPACIDADE":"10600","LATITUDE":-30.006290184356924,"LONGITUDE":-51.17317969076736,"TOTAL_JOGOS":0,"VITORIAS":0,"VITÓRIAS":0,"EMPATES":0,"DERROTAS":0,"PONTOS_CAMPEONATO":0,"APROVEITAMENTO_PCT":0,"GOLS_MARCADOS":0,"GOLS_SOFRIDOS":0,"SALDO_GOLS":0,"GOLS_POR_PARTIDA":0,"ASSISTENCIAS":null,"ASSISTENCIAS_DISPONIVEIS":false,"ASSISTENCIAS_FONTE":"Não consta nos arquivos locais do Meu Timão ou Daniel Keppler.","JOGOS_COM_PLACAR":0,"JOGOS_SEM_PLACAR":0,"PARTIDAS_DANIEL_KEPPLER":0,"PARTIDAS_MEUTIMAO":0,"FONTES_JOGOS":"","DATA_PRIMEIRA_PARTIDA":null,"ANO_PRIMEIRA_PARTIDA":null,"PRIMEIRA_PARTIDA":null,"ADVERSARIO":null,"PLACAR":null,"COMPETICAO_PRIMEIRA_PARTIDA":null,"MANDO_PRIMEIRA_PARTIDA":null,"FONTE_PRIMEIRA_PARTIDA":null,"DATA_ULTIMA_PARTIDA":null,"ANO_ULTIMA_PARTIDA":null,"ULTIMA_PARTIDA":"","ADVERSARIO_ULTIMA_PARTIDA":null,"PLACAR_ULTIMA_PARTIDA":null,"COMPETICAO_ULTIMA_PARTIDA":null,"MANDO_ULTIMA_PARTIDA":null,"FONTE_ULTIMA_PARTIDA":null,"NUM_ESTADIOS_NO_PONTO":1,"NUM_ESTADIOS_COM_JOGOS_NO_PONTO":0,"ESTADIOS_AGRUPADOS":"[{\"nome\":\"FRANCISCO NOVELLETTO NETO (PASSO D'AREIA)\",\"nome_atual\":\"FRANCISCO NOVELLETTO NETO (PASSO D'AREIA)\",\"nome_antigo_1\":null,\"nome_antigo_2\":null,\"nomes_alternativos\":[\"FRANCISCO NOVELLETTO NETO (PASSO D'AREIA)\"],\"cidade\":\"PORTO ALEGRE\",\"estado\":\"RIO GRANDE DO SUL\",\"pais\":\"BRASIL\",\"capacidade\":\"10600\",\"jogos\":0,\"vitorias\":0,\"empates\":0,\"derrotas\":0,\"gols_marcados\":0,\"gols_sofridos\":0,\"data_primeira_partida\":null,\"data_ultima_partida\":null}]","STATUS_GEOMETRIA":"PONTO_CONSOLIDADO","PRECISAO_COORDENADAS":null,"FONTE_COORDENADAS":null,"URL_FONTE_COORDENADAS":null,"ATRIBUICAO_COORDENADAS":null,"FONTES_NOME_ANTIGO":null,"JOGOS_SEM_GEOMETRIA":0}},{"type":"Feature","geometry":{"type":"Point","coordinates":[-51.15501223125043,-29.78221479148642]},"properties":{"SECAO":"BRABAS","TIPO_REGISTRO":"PONTO","NOME_ESTADIO":"JOÃO CORRÊA DA SILVEIRA (MONUMENTAL DO CRISTO REI)","NOME_ATUAL":"JOÃO CORRÊA DA SILVEIRA (MONUMENTAL DO CRISTO REI)","NOME_ANTIGO_1":null,"NOME_ANTIGO_2":null,"ESTADIO":"JOÃO CORRÊA DA SILVEIRA (MONUMENTAL DO CRISTO REI)","ESTÁDIO":"JOÃO CORRÊA DA SILVEIRA (MONUMENTAL DO CRISTO REI)","NOME_ANTIGO":null,"NOMES_ALTERNATIVOS":"","CIDADE":"SÃO LEOPOLDO","ESTADO":"RIO GRANDE DO SUL","PAÍS":"BRASIL","PAIS_ISO3":null,"CAPACIDADE":"10000","LATITUDE":-29.78221479148642,"LONGITUDE":-51.15501223125043,"TOTAL_JOGOS":0,"VITORIAS":0,"VITÓRIAS":0,"EMPATES":0,"DERROTAS":0,"PONTOS_CAMPEONATO":0,"APROVEITAMENTO_PCT":0,"GOLS_MARCADOS":0,"GOLS_SOFRIDOS":0,"SALDO_GOLS":0,"GOLS_POR_PARTIDA":0,"ASSISTENCIAS":null,"ASSISTENCIAS_DISPONIVEIS":false,"ASSISTENCIAS_FONTE":"Não consta nos arquivos locais do Meu Timão ou Daniel Keppler.","JOGOS_COM_PLACAR":0,"JOGOS_SEM_PLACAR":0,"PARTIDAS_DANIEL_KEPPLER":0,"PARTIDAS_MEUTIMAO":0,"FONTES_JOGOS":"","DATA_PRIMEIRA_PARTIDA":null,"ANO_PRIMEIRA_PARTIDA":null,"PRIMEIRA_PARTIDA":null,"ADVERSARIO":null,"PLACAR":null,"COMPETICAO_PRIMEIRA_PARTIDA":null,"MANDO_PRIMEIRA_PARTIDA":null,"FONTE_PRIMEIRA_PARTIDA":null,"DATA_ULTIMA_PARTIDA":null,"ANO_ULTIMA_PARTIDA":null,"ULTIMA_PARTIDA":"","ADVERSARIO_ULTIMA_PARTIDA":null,"PLACAR_ULTIMA_PARTIDA":null,"COMPETICAO_ULTIMA_PARTIDA":null,"MANDO_ULTIMA_PARTIDA":null,"FONTE_ULTIMA_PARTIDA":null,"NUM_ESTADIOS_NO_PONTO":1,"NUM_ESTADIOS_COM_JOGOS_NO_PONTO":0,"ESTADIOS_AGRUPADOS":"[{\"nome\":\"JOÃO CORRÊA DA SILVEIRA (MONUMENTAL DO CRISTO REI)\",\"nome_atual\":\"JOÃO CORRÊA DA SILVEIRA (MONUMENTAL DO CRISTO REI)\",\"nome_antigo_1\":null,\"nome_antigo_2\":null,\"nomes_alternativos\":[\"JOÃO CORRÊA DA SILVEIRA (MONUMENTAL DO CRISTO REI)\"],\"cidade\":\"SÃO LEOPOLDO\",\"estado\":\"RIO GRANDE DO SUL\",\"pais\":\"BRASIL\",\"capacidade\":\"10000\",\"jogos\":0,\"vitorias\":0,\"empates\":0,\"derrotas\":0,\"gols_marcados\":0,\"gols_sofridos\":0,\"data_primeira_partida\":null,\"data_ultima_partida\":null}]","STATUS_GEOMETRIA":"PONTO_CONSOLIDADO","PRECISAO_COORDENADAS":null,"FONTE_COORDENADAS":null,"URL_FONTE_COORDENADAS":null,"ATRIBUICAO_COORDENADAS":null,"FONTES_NOME_ANTIGO":null,"JOGOS_SEM_GEOMETRIA":0}},{"type":"Feature","geometry":{"type":"Point","coordinates":[-51.14635268892085,-30.03932629918736]},"properties":{"SECAO":"BRABAS","TIPO_REGISTRO":"PONTO","NOME_ESTADIO":"Sesc Protásio Alves","NOME_ATUAL":"Sesc Protásio Alves","NOME_ANTIGO_1":null,"NOME_ANTIGO_2":null,"ESTADIO":"Sesc Protásio Alves","ESTÁDIO":"Sesc Protásio Alves","NOME_ANTIGO":null,"NOMES_ALTERNATIVOS":"SESC PROTÁSIO ALVES (ANTIGO SESC CAMPESTRE)","CIDADE":"Porto Alegre","ESTADO":"Rio Grande do Sul","PAÍS":"Brasil","PAIS_ISO3":null,"CAPACIDADE":null,"LATITUDE":-30.03932629918736,"LONGITUDE":-51.14635268892085,"TOTAL_JOGOS":1,"VITORIAS":1,"VITÓRIAS":1,"EMPATES":0,"DERROTAS":0,"PONTOS_CAMPEONATO":3,"APROVEITAMENTO_PCT":100.0,"GOLS_MARCADOS":4,"GOLS_SOFRIDOS":0,"SALDO_GOLS":4,"GOLS_POR_PARTIDA":4.0,"ASSISTENCIAS":null,"ASSISTENCIAS_DISPONIVEIS":false,"ASSISTENCIAS_FONTE":"Não consta nos arquivos locais do Meu Timão ou Daniel Keppler.","JOGOS_COM_PLACAR":1,"JOGOS_SEM_PLACAR":0,"PARTIDAS_DANIEL_KEPPLER":0,"PARTIDAS_MEUTIMAO":1,"FONTES_JOGOS":"Meu Timão","DATA_PRIMEIRA_PARTIDA":"2021-04-28","ANO_PRIMEIRA_PARTIDA":2021,"PRIMEIRA_PARTIDA":"INTERNACIONAL 0x4 CORINTHIANS","ADVERSARIO":"INTERNACIONAL","PLACAR":"0x4","COMPETICAO_PRIMEIRA_PARTIDA":"Brasileiro Feminino 2021","MANDO_PRIMEIRA_PARTIDA":"Não","FONTE_PRIMEIRA_PARTIDA":"https://www.meutimao.com.br/jogo/4814/brasileiro-feminino-2021/internacional-0-x-4-corinthians","DATA_ULTIMA_PARTIDA":"2021-04-28","ANO_ULTIMA_PARTIDA":2021,"ULTIMA_PARTIDA":"INTERNACIONAL 0x4 CORINTHIANS","ADVERSARIO_ULTIMA_PARTIDA":"INTERNACIONAL","PLACAR_ULTIMA_PARTIDA":"0x4","COMPETICAO_ULTIMA_PARTIDA":"Brasileiro Feminino 2021","MANDO_ULTIMA_PARTIDA":"Não","FONTE_ULTIMA_PARTIDA":"Meu Timão","NUM_ESTADIOS_NO_PONTO":2,"NUM_ESTADIOS_COM_JOGOS_NO_PONTO":1,"ESTADIOS_AGRUPADOS":"[{\"nome\":\"Sesc Protásio Alves\",\"nome_atual\":\"Sesc Protásio Alves\",\"nome_antigo_1\":null,\"nome_antigo_2\":null,\"nomes_alternativos\":[\"Sesc Protásio Alves\"],\"cidade\":\"Porto Alegre\",\"estado\":\"Rio Grande do Sul\",\"pais\":\"Brasil\",\"capacidade\":null,\"jogos\":1,\"vitorias\":1,\"empates\":0,\"derrotas\":0,\"gols_marcados\":4,\"gols_sofridos\":0,\"data_primeira_partida\":\"2021-04-28\",\"data_ultima_partida\":\"2021-04-28\"},{\"nome\":\"SESC PROTÁSIO ALVES (ANTIGO SESC CAMPESTRE)\",\"nome_atual\":\"SESC PROTÁSIO ALVES (ANTIGO SESC CAMPESTRE)\",\"nome_antigo_1\":null,\"nome_antigo_2\":null,\"nomes_alternativos\":[\"SESC PROTÁSIO ALVES (ANTIGO SESC CAMPESTRE)\"],\"cidade\":\"PORTO ALEGRE \",\"estado\":\"RIO GRANDE DO SUL\",\"pais\":\"BRASIL\",\"capacidade\":\"0.0\",\"jogos\":0,\"vitorias\":0,\"empates\":0,\"derrotas\":0,\"gols_marcados\":0,\"gols_sofridos\":0,\"data_primeira_partida\":null,\"data_ultima_partida\":null}]","STATUS_GEOMETRIA":"PONTO_CONSOLIDADO","PRECISAO_COORDENADAS":null,"FONTE_COORDENADAS":"OpenStreetMap Nominatim (geocodificação reversa)","URL_FONTE_COORDENADAS":"https://www.openstreetmap.org/relation/242397","ATRIBUICAO_COORDENADAS":"© OpenStreetMap contributors, ODbL 1.0","FONTES_NOME_ANTIGO":null,"JOGOS_SEM_GEOMETRIA":0}},{"type":"Feature","geometry":{"type":"Point","coordinates":[-51.007584674327376,-26.771027999853985]},"properties":{"SECAO":"BRABAS","TIPO_REGISTRO":"PONTO","NOME_ESTADIO":"Carlos Alberto da Costa Neves","NOME_ATUAL":"Carlos Alberto da Costa Neves","NOME_ANTIGO_1":null,"NOME_ANTIGO_2":null,"ESTADIO":"Carlos Alberto da Costa Neves","ESTÁDIO":"Carlos Alberto da Costa Neves","NOME_ANTIGO":null,"NOMES_ALTERNATIVOS":"CARLOS ALBERTO COSTA NEVES","CIDADE":"Caçador","ESTADO":"Santa Catarina","PAÍS":"Brasil","PAIS_ISO3":null,"CAPACIDADE":null,"LATITUDE":-26.771027999853985,"LONGITUDE":-51.007584674327376,"TOTAL_JOGOS":4,"VITORIAS":1,"VITÓRIAS":1,"EMPATES":2,"DERROTAS":1,"PONTOS_CAMPEONATO":5,"APROVEITAMENTO_PCT":41.7,"GOLS_MARCADOS":3,"GOLS_SOFRIDOS":3,"SALDO_GOLS":0,"GOLS_POR_PARTIDA":0.75,"ASSISTENCIAS":null,"ASSISTENCIAS_DISPONIVEIS":false,"ASSISTENCIAS_FONTE":"Não consta nos arquivos locais do Meu Timão ou Daniel Keppler.","JOGOS_COM_PLACAR":4,"JOGOS_SEM_PLACAR":0,"PARTIDAS_DANIEL_KEPPLER":0,"PARTIDAS_MEUTIMAO":4,"FONTES_JOGOS":"Meu Timão","DATA_PRIMEIRA_PARTIDA":"2017-05-24","ANO_PRIMEIRA_PARTIDA":2017,"PRIMEIRA_PARTIDA":"KINDERMANN 1x2 CORINTHIANS","ADVERSARIO":"KINDERMANN","PLACAR":"1x2","COMPETICAO_PRIMEIRA_PARTIDA":"Brasileirão Feminino 2017","MANDO_PRIMEIRA_PARTIDA":"Não","FONTE_PRIMEIRA_PARTIDA":"https://www.meutimao.com.br/jogo/5164/brasileirao-feminino-2017/kindermann-1-x-2-corinthians","DATA_ULTIMA_PARTIDA":"2023-05-20","ANO_ULTIMA_PARTIDA":2023,"ULTIMA_PARTIDA":"KINDERMANN 1x0 CORINTHIANS","ADVERSARIO_ULTIMA_PARTIDA":"KINDERMANN","PLACAR_ULTIMA_PARTIDA":"1x0","COMPETICAO_ULTIMA_PARTIDA":"Brasileiro Feminino 2023","MANDO_ULTIMA_PARTIDA":"Não","FONTE_ULTIMA_PARTIDA":"Meu Timão","NUM_ESTADIOS_NO_PONTO":2,"NUM_ESTADIOS_COM_JOGOS_NO_PONTO":1,"ESTADIOS_AGRUPADOS":"[{\"nome\":\"CARLOS ALBERTO COSTA NEVES\",\"nome_atual\":\"CARLOS ALBERTO COSTA NEVES\",\"nome_antigo_1\":null,\"nome_antigo_2\":null,\"nomes_alternativos\":[\"CARLOS ALBERTO COSTA NEVES\"],\"cidade\":\"CAÇADOR \",\"estado\":\"SANTA CATARINA\",\"pais\":\"BRASIL\",\"capacidade\":\"6500\",\"jogos\":0,\"vitorias\":0,\"empates\":0,\"derrotas\":0,\"gols_marcados\":0,\"gols_sofridos\":0,\"data_primeira_partida\":null,\"data_ultima_partida\":null},{\"nome\":\"Carlos Alberto da Costa Neves\",\"nome_atual\":\"Carlos Alberto da Costa Neves\",\"nome_antigo_1\":null,\"nome_antigo_2\":null,\"nomes_alternativos\":[\"Carlos Alberto da Costa Neves\"],\"cidade\":\"Caçador\",\"estado\":\"Santa Catarina\",\"pais\":\"Brasil\",\"capacidade\":null,\"jogos\":4,\"vitorias\":1,\"empates\":2,\"derrotas\":1,\"gols_marcados\":3,\"gols_sofridos\":3,\"data_primeira_partida\":\"2017-05-24\",\"data_ultima_partida\":\"2023-05-20\"}]","STATUS_GEOMETRIA":"PONTO_CONSOLIDADO","PRECISAO_COORDENADAS":null,"FONTE_COORDENADAS":"OpenStreetMap Nominatim (geocodificação reversa)","URL_FONTE_COORDENADAS":"https://www.openstreetmap.org/relation/296548","ATRIBUICAO_COORDENADAS":"© OpenStreetMap contributors, ODbL 1.0","FONTES_NOME_ANTIGO":null,"JOGOS_SEM_GEOMETRIA":0}},{"type":"Feature","geometry":{"type":"Point","coordinates":[-50.996962888657364,-29.934730553219048]},"properties":{"SECAO":"BRABAS","TIPO_REGISTRO":"PONTO","NOME_ESTADIO":"ANTÔNIO VIEIRA RAMOS (VIEIRÃO)","NOME_ATUAL":"ANTÔNIO VIEIRA RAMOS (VIEIRÃO)","NOME_ANTIGO_1":"Vieirão","NOME_ANTIGO_2":null,"ESTADIO":"ANTÔNIO VIEIRA RAMOS (VIEIRÃO)","ESTÁDIO":"ANTÔNIO VIEIRA RAMOS (VIEIRÃO)","NOME_ANTIGO":null,"NOMES_ALTERNATIVOS":"Vieirão","CIDADE":"GRAVATAÍ","ESTADO":"RIO GRANDE DO SUL","PAÍS":"BRASIL","PAIS_ISO3":null,"CAPACIDADE":"8000","LATITUDE":-29.934730553219048,"LONGITUDE":-50.996962888657364,"TOTAL_JOGOS":1,"VITORIAS":0,"VITÓRIAS":0,"EMPATES":1,"DERROTAS":0,"PONTOS_CAMPEONATO":1,"APROVEITAMENTO_PCT":33.3,"GOLS_MARCADOS":2,"GOLS_SOFRIDOS":2,"SALDO_GOLS":0,"GOLS_POR_PARTIDA":2.0,"ASSISTENCIAS":null,"ASSISTENCIAS_DISPONIVEIS":false,"ASSISTENCIAS_FONTE":"Não consta nos arquivos locais do Meu Timão ou Daniel Keppler.","JOGOS_COM_PLACAR":1,"JOGOS_SEM_PLACAR":0,"PARTIDAS_DANIEL_KEPPLER":0,"PARTIDAS_MEUTIMAO":1,"FONTES_JOGOS":"Meu Timão","DATA_PRIMEIRA_PARTIDA":"2022-08-07","ANO_PRIMEIRA_PARTIDA":2022,"PRIMEIRA_PARTIDA":"GRÊMIO 2x2 CORINTHIANS","ADVERSARIO":"GRÊMIO","PLACAR":"2x2","COMPETICAO_PRIMEIRA_PARTIDA":"Brasileiro Feminino 2022","MANDO_PRIMEIRA_PARTIDA":"Não","FONTE_PRIMEIRA_PARTIDA":"https://www.meutimao.com.br/jogo/7315/brasileiro-feminino-2022/gremio-2-x-2-corinthians","DATA_ULTIMA_PARTIDA":"2022-08-07","ANO_ULTIMA_PARTIDA":2022,"ULTIMA_PARTIDA":"GRÊMIO 2x2 CORINTHIANS","ADVERSARIO_ULTIMA_PARTIDA":"GRÊMIO","PLACAR_ULTIMA_PARTIDA":"2x2","COMPETICAO_ULTIMA_PARTIDA":"Brasileiro Feminino 2022","MANDO_ULTIMA_PARTIDA":"Não","FONTE_ULTIMA_PARTIDA":"Meu Timão","NUM_ESTADIOS_NO_PONTO":1,"NUM_ESTADIOS_COM_JOGOS_NO_PONTO":1,"ESTADIOS_AGRUPADOS":"[{\"nome\":\"ANTÔNIO VIEIRA RAMOS (VIEIRÃO)\",\"nome_atual\":\"ANTÔNIO VIEIRA RAMOS (VIEIRÃO)\",\"nome_antigo_1\":\"Vieirão\",\"nome_antigo_2\":null,\"nomes_alternativos\":[\"ANTÔNIO VIEIRA RAMOS (VIEIRÃO)\",\"Vieirão\"],\"cidade\":\"GRAVATAÍ\",\"estado\":\"RIO GRANDE DO SUL\",\"pais\":\"BRASIL\",\"capacidade\":\"8000\",\"jogos\":1,\"vitorias\":0,\"empates\":1,\"derrotas\":0,\"gols_marcados\":2,\"gols_sofridos\":2,\"data_primeira_partida\":\"2022-08-07\",\"data_ultima_partida\":\"2022-08-07\"}]","STATUS_GEOMETRIA":"PONTO_CONSOLIDADO","PRECISAO_COORDENADAS":null,"FONTE_COORDENADAS":null,"URL_FONTE_COORDENADAS":null,"ATRIBUICAO_COORDENADAS":null,"FONTES_NOME_ANTIGO":null,"JOGOS_SEM_GEOMETRIA":0}},{"type":"Feature","geometry":{"type":"Point","coordinates":[-49.940957970952724,-22.219356144243438]},"properties":{"SECAO":"BRABAS","TIPO_REGISTRO":"PONTO","NOME_ESTADIO":"BENTO DE ABREU SAMPAIO VIDAL (ABREUZÃO)","NOME_ATUAL":"BENTO DE ABREU SAMPAIO VIDAL (ABREUZÃO)","NOME_ANTIGO_1":null,"NOME_ANTIGO_2":null,"ESTADIO":"BENTO DE ABREU SAMPAIO VIDAL (ABREUZÃO)","ESTÁDIO":"BENTO DE ABREU SAMPAIO VIDAL (ABREUZÃO)","NOME_ANTIGO":null,"NOMES_ALTERNATIVOS":"","CIDADE":"MARÍLIA","ESTADO":"SÃO PAULO","PAÍS":"BRASIL","PAIS_ISO3":null,"CAPACIDADE":"15010","LATITUDE":-22.219356144243438,"LONGITUDE":-49.940957970952724,"TOTAL_JOGOS":0,"VITORIAS":0,"VITÓRIAS":0,"EMPATES":0,"DERROTAS":0,"PONTOS_CAMPEONATO":0,"APROVEITAMENTO_PCT":0,"GOLS_MARCADOS":0,"GOLS_SOFRIDOS":0,"SALDO_GOLS":0,"GOLS_POR_PARTIDA":0,"ASSISTENCIAS":null,"ASSISTENCIAS_DISPONIVEIS":false,"ASSISTENCIAS_FONTE":"Não consta nos arquivos locais do Meu Timão ou Daniel Keppler.","JOGOS_COM_PLACAR":0,"JOGOS_SEM_PLACAR":0,"PARTIDAS_DANIEL_KEPPLER":0,"PARTIDAS_MEUTIMAO":0,"FONTES_JOGOS":"","DATA_PRIMEIRA_PARTIDA":null,"ANO_PRIMEIRA_PARTIDA":null,"PRIMEIRA_PARTIDA":null,"ADVERSARIO":null,"PLACAR":null,"COMPETICAO_PRIMEIRA_PARTIDA":null,"MANDO_PRIMEIRA_PARTIDA":null,"FONTE_PRIMEIRA_PARTIDA":null,"DATA_ULTIMA_PARTIDA":null,"ANO_ULTIMA_PARTIDA":null,"ULTIMA_PARTIDA":"","ADVERSARIO_ULTIMA_PARTIDA":null,"PLACAR_ULTIMA_PARTIDA":null,"COMPETICAO_ULTIMA_PARTIDA":null,"MANDO_ULTIMA_PARTIDA":null,"FONTE_ULTIMA_PARTIDA":null,"NUM_ESTADIOS_NO_PONTO":1,"NUM_ESTADIOS_COM_JOGOS_NO_PONTO":0,"ESTADIOS_AGRUPADOS":"[{\"nome\":\"BENTO DE ABREU SAMPAIO VIDAL (ABREUZÃO)\",\"nome_atual\":\"BENTO DE ABREU SAMPAIO VIDAL (ABREUZÃO)\",\"nome_antigo_1\":null,\"nome_antigo_2\":null,\"nomes_alternativos\":[\"BENTO DE ABREU SAMPAIO VIDAL (ABREUZÃO)\"],\"cidade\":\"MARÍLIA\",\"estado\":\"SÃO PAULO\",\"pais\":\"BRASIL\",\"capacidade\":\"15010\",\"jogos\":0,\"vitorias\":0,\"empates\":0,\"derrotas\":0,\"gols_marcados\":0,\"gols_sofridos\":0,\"data_primeira_partida\":null,\"data_ultima_partida\":null}]","STATUS_GEOMETRIA":"PONTO_CONSOLIDADO","PRECISAO_COORDENADAS":null,"FONTE_COORDENADAS":null,"URL_FONTE_COORDENADAS":null,"ATRIBUICAO_COORDENADAS":null,"FONTES_NOME_ANTIGO":null,"JOGOS_SEM_GEOMETRIA":0}},{"type":"Feature","geometry":{"type":"Point","coordinates":[-49.9400031,-22.2196144]},"properties":{"SECAO":"BRABAS","TIPO_REGISTRO":"PONTO","NOME_ESTADIO":"Abreuzão","NOME_ATUAL":"Abreuzão","NOME_ANTIGO_1":null,"NOME_ANTIGO_2":null,"ESTADIO":"Abreuzão","ESTÁDIO":"Abreuzão","NOME_ANTIGO":null,"NOMES_ALTERNATIVOS":"","CIDADE":"Marília","ESTADO":"São Paulo","PAÍS":"Brazil","PAIS_ISO3":null,"CAPACIDADE":"19500","LATITUDE":-22.2196144,"LONGITUDE":-49.9400031,"TOTAL_JOGOS":0,"VITORIAS":0,"VITÓRIAS":0,"EMPATES":0,"DERROTAS":0,"PONTOS_CAMPEONATO":0,"APROVEITAMENTO_PCT":0,"GOLS_MARCADOS":0,"GOLS_SOFRIDOS":0,"SALDO_GOLS":0,"GOLS_POR_PARTIDA":0,"ASSISTENCIAS":null,"ASSISTENCIAS_DISPONIVEIS":false,"ASSISTENCIAS_FONTE":"Não consta nos arquivos locais do Meu Timão ou Daniel Keppler.","JOGOS_COM_PLACAR":0,"JOGOS_SEM_PLACAR":0,"PARTIDAS_DANIEL_KEPPLER":0,"PARTIDAS_MEUTIMAO":0,"FONTES_JOGOS":"","DATA_PRIMEIRA_PARTIDA":null,"ANO_PRIMEIRA_PARTIDA":null,"PRIMEIRA_PARTIDA":null,"ADVERSARIO":null,"PLACAR":null,"COMPETICAO_PRIMEIRA_PARTIDA":null,"MANDO_PRIMEIRA_PARTIDA":null,"FONTE_PRIMEIRA_PARTIDA":null,"DATA_ULTIMA_PARTIDA":null,"ANO_ULTIMA_PARTIDA":null,"ULTIMA_PARTIDA":"","ADVERSARIO_ULTIMA_PARTIDA":null,"PLACAR_ULTIMA_PARTIDA":null,"COMPETICAO_ULTIMA_PARTIDA":null,"MANDO_ULTIMA_PARTIDA":null,"FONTE_ULTIMA_PARTIDA":null,"NUM_ESTADIOS_NO_PONTO":1,"NUM_ESTADIOS_COM_JOGOS_NO_PONTO":0,"ESTADIOS_AGRUPADOS":"[{\"nome\":\"Abreuzão\",\"nome_atual\":\"Abreuzão\",\"nome_antigo_1\":null,\"nome_antigo_2\":null,\"nomes_alternativos\":[\"Abreuzão\"],\"cidade\":\"Marília\",\"estado\":\"São Paulo\",\"pais\":\"Brazil\",\"capacidade\":\"19500\",\"jogos\":0,\"vitorias\":0,\"empates\":0,\"derrotas\":0,\"gols_marcados\":0,\"gols_sofridos\":0,\"data_primeira_partida\":null,\"data_ultima_partida\":null}]","STATUS_GEOMETRIA":"PONTO_CONSOLIDADO","PRECISAO_COORDENADAS":null,"FONTE_COORDENADAS":"OpenStreetMap Nominatim (geocodificação reversa)","URL_FONTE_COORDENADAS":"https://www.openstreetmap.org/relation/298306","ATRIBUICAO_COORDENADAS":"© OpenStreetMap contributors, ODbL 1.0","FONTES_NOME_ANTIGO":null,"JOGOS_SEM_GEOMETRIA":0}},{"type":"Feature","geometry":{"type":"Point","coordinates":[-49.86396609643238,-22.988937080606494]},"properties":{"SECAO":"BRABAS","TIPO_REGISTRO":"PONTO","NOME_ESTADIO":"DJALMA BAÍA (MONSTRINHO)","NOME_ATUAL":"DJALMA BAÍA (MONSTRINHO)","NOME_ANTIGO_1":null,"NOME_ANTIGO_2":null,"ESTADIO":"DJALMA BAÍA (MONSTRINHO)","ESTÁDIO":"DJALMA BAÍA (MONSTRINHO)","NOME_ANTIGO":null,"NOMES_ALTERNATIVOS":"","CIDADE":"OURINHOS","ESTADO":"SÃO PAULO","PAÍS":"BRASIL","PAIS_ISO3":null,"CAPACIDADE":"1800","LATITUDE":-22.988937080606494,"LONGITUDE":-49.86396609643238,"TOTAL_JOGOS":1,"VITORIAS":0,"VITÓRIAS":0,"EMPATES":0,"DERROTAS":1,"PONTOS_CAMPEONATO":0,"APROVEITAMENTO_PCT":0.0,"GOLS_MARCADOS":1,"GOLS_SOFRIDOS":2,"SALDO_GOLS":-1,"GOLS_POR_PARTIDA":1.0,"ASSISTENCIAS":null,"ASSISTENCIAS_DISPONIVEIS":false,"ASSISTENCIAS_FONTE":"Não consta nos arquivos locais do Meu Timão ou Daniel Keppler.","JOGOS_COM_PLACAR":1,"JOGOS_SEM_PLACAR":0,"PARTIDAS_DANIEL_KEPPLER":1,"PARTIDAS_MEUTIMAO":0,"FONTES_JOGOS":"Daniel Keppler","DATA_PRIMEIRA_PARTIDA":"2015-11-14","ANO_PRIMEIRA_PARTIDA":2015,"PRIMEIRA_PARTIDA":"OURINHOS DENTAL / SEMESPOR 2x1 CORINTHIANS","ADVERSARIO":"OURINHOS DENTAL / SEMESPOR","PLACAR":"2x1","COMPETICAO_PRIMEIRA_PARTIDA":"CAMPEONATO PAULISTA / LINAF","MANDO_PRIMEIRA_PARTIDA":"Não","FONTE_PRIMEIRA_PARTIDA":null,"DATA_ULTIMA_PARTIDA":"2015-11-14","ANO_ULTIMA_PARTIDA":2015,"ULTIMA_PARTIDA":"OURINHOS DENTAL / SEMESPOR 2x1 CORINTHIANS","ADVERSARIO_ULTIMA_PARTIDA":"OURINHOS DENTAL / SEMESPOR","PLACAR_ULTIMA_PARTIDA":"2x1","COMPETICAO_ULTIMA_PARTIDA":"CAMPEONATO PAULISTA / LINAF","MANDO_ULTIMA_PARTIDA":"Não","FONTE_ULTIMA_PARTIDA":"Daniel Keppler","NUM_ESTADIOS_NO_PONTO":1,"NUM_ESTADIOS_COM_JOGOS_NO_PONTO":1,"ESTADIOS_AGRUPADOS":"[{\"nome\":\"DJALMA BAÍA (MONSTRINHO)\",\"nome_atual\":\"DJALMA BAÍA (MONSTRINHO)\",\"nome_antigo_1\":null,\"nome_antigo_2\":null,\"nomes_alternativos\":[\"DJALMA BAÍA (MONSTRINHO)\"],\"cidade\":\"OURINHOS\",\"estado\":\"SÃO PAULO\",\"pais\":\"BRASIL\",\"capacidade\":\"1800\",\"jogos\":1,\"vitorias\":0,\"empates\":0,\"derrotas\":1,\"gols_marcados\":1,\"gols_sofridos\":2,\"data_primeira_partida\":\"2015-11-14\",\"data_ultima_partida\":\"2015-11-14\"}]","STATUS_GEOMETRIA":"PONTO_CONSOLIDADO","PRECISAO_COORDENADAS":null,"FONTE_COORDENADAS":null,"URL_FONTE_COORDENADAS":null,"ATRIBUICAO_COORDENADAS":null,"FONTES_NOME_ANTIGO":null,"JOGOS_SEM_GEOMETRIA":0}},{"type":"Feature","geometry":{"type":"Point","coordinates":[-49.5832891,-20.7316942]},"properties":{"SECAO":"BRABAS","TIPO_REGISTRO":"PONTO","NOME_ESTADIO":"Estádio Manoel Ferreira","NOME_ATUAL":"Estádio Manoel Ferreira","NOME_ANTIGO_1":null,"NOME_ANTIGO_2":null,"ESTADIO":"Estádio Manoel Ferreira","ESTÁDIO":"Estádio Manoel Ferreira","NOME_ANTIGO":null,"NOMES_ALTERNATIVOS":"","CIDADE":"Bálsamo","ESTADO":"São Paulo","PAÍS":"Brazil","PAIS_ISO3":null,"CAPACIDADE":"10000","LATITUDE":-20.7316942,"LONGITUDE":-49.5832891,"TOTAL_JOGOS":2,"VITORIAS":2,"VITÓRIAS":2,"EMPATES":0,"DERROTAS":0,"PONTOS_CAMPEONATO":6,"APROVEITAMENTO_PCT":100.0,"GOLS_MARCADOS":8,"GOLS_SOFRIDOS":2,"SALDO_GOLS":6,"GOLS_POR_PARTIDA":4.0,"ASSISTENCIAS":null,"ASSISTENCIAS_DISPONIVEIS":false,"ASSISTENCIAS_FONTE":"Não consta nos arquivos locais do Meu Timão ou Daniel Keppler.","JOGOS_COM_PLACAR":2,"JOGOS_SEM_PLACAR":0,"PARTIDAS_DANIEL_KEPPLER":0,"PARTIDAS_MEUTIMAO":2,"FONTES_JOGOS":"Meu Timão","DATA_PRIMEIRA_PARTIDA":"2019-03-16","ANO_PRIMEIRA_PARTIDA":2019,"PRIMEIRA_PARTIDA":"PONTE PRETA 1x4 CORINTHIANS","ADVERSARIO":"PONTE PRETA","PLACAR":"1x4","COMPETICAO_PRIMEIRA_PARTIDA":"Brasileiro Feminino 2019","MANDO_PRIMEIRA_PARTIDA":"Não","FONTE_PRIMEIRA_PARTIDA":"https://www.meutimao.com.br/jogo/1141/brasileiro-feminino-2019/ponte_preta-1-x-4-corinthians","DATA_ULTIMA_PARTIDA":"2026-08-12","ANO_ULTIMA_PARTIDA":2026,"ULTIMA_PARTIDA":"MIRASSOL 1x4 CORINTHIANS","ADVERSARIO_ULTIMA_PARTIDA":"MIRASSOL","PLACAR_ULTIMA_PARTIDA":"1x4","COMPETICAO_ULTIMA_PARTIDA":"Paulista Feminino 2026","MANDO_ULTIMA_PARTIDA":"Não","FONTE_ULTIMA_PARTIDA":"Meu Timão","NUM_ESTADIOS_NO_PONTO":1,"NUM_ESTADIOS_COM_JOGOS_NO_PONTO":1,"ESTADIOS_AGRUPADOS":"[{\"nome\":\"Estádio Manoel Ferreira\",\"nome_atual\":\"Estádio Manoel Ferreira\",\"nome_antigo_1\":null,\"nome_antigo_2\":null,\"nomes_alternativos\":[\"Estádio Manoel Ferreira\"],\"cidade\":\"Bálsamo\",\"estado\":\"São Paulo\",\"pais\":\"Brazil\",\"capacidade\":\"10000\",\"jogos\":2,\"vitorias\":2,\"empates\":0,\"derrotas\":0,\"gols_marcados\":8,\"gols_sofridos\":2,\"data_primeira_partida\":\"2019-03-16\",\"data_ultima_partida\":\"2026-08-12\"}]","STATUS_GEOMETRIA":"PONTO_CONSOLIDADO","PRECISAO_COORDENADAS":"Estádio identificado","FONTE_COORDENADAS":"OpenStreetMap Nominatim","URL_FONTE_COORDENADAS":"https://www.openstreetmap.org/relation/11344621","ATRIBUICAO_COORDENADAS":"© OpenStreetMap contributors, ODbL 1.0","FONTES_NOME_ANTIGO":null,"JOGOS_SEM_GEOMETRIA":0}},{"type":"Feature","geometry":{"type":"Point","coordinates":[-49.5820706754265,-20.73236993774899]},"properties":{"SECAO":"BRABAS","TIPO_REGISTRO":"PONTO","NOME_ESTADIO":"MANOEL FRANCISCO FERREIRA","NOME_ATUAL":"MANOEL FRANCISCO FERREIRA","NOME_ANTIGO_1":null,"NOME_ANTIGO_2":null,"ESTADIO":"MANOEL FRANCISCO FERREIRA","ESTÁDIO":"MANOEL FRANCISCO FERREIRA","NOME_ANTIGO":null,"NOMES_ALTERNATIVOS":"","CIDADE":"BÁLSAMO ","ESTADO":"SÃO PAULO","PAÍS":"BRASIL","PAIS_ISO3":null,"CAPACIDADE":"1000","LATITUDE":-20.73236993774899,"LONGITUDE":-49.5820706754265,"TOTAL_JOGOS":0,"VITORIAS":0,"VITÓRIAS":0,"EMPATES":0,"DERROTAS":0,"PONTOS_CAMPEONATO":0,"APROVEITAMENTO_PCT":0,"GOLS_MARCADOS":0,"GOLS_SOFRIDOS":0,"SALDO_GOLS":0,"GOLS_POR_PARTIDA":0,"ASSISTENCIAS":null,"ASSISTENCIAS_DISPONIVEIS":false,"ASSISTENCIAS_FONTE":"Não consta nos arquivos locais do Meu Timão ou Daniel Keppler.","JOGOS_COM_PLACAR":0,"JOGOS_SEM_PLACAR":0,"PARTIDAS_DANIEL_KEPPLER":0,"PARTIDAS_MEUTIMAO":0,"FONTES_JOGOS":"","DATA_PRIMEIRA_PARTIDA":null,"ANO_PRIMEIRA_PARTIDA":null,"PRIMEIRA_PARTIDA":null,"ADVERSARIO":null,"PLACAR":null,"COMPETICAO_PRIMEIRA_PARTIDA":null,"MANDO_PRIMEIRA_PARTIDA":null,"FONTE_PRIMEIRA_PARTIDA":null,"DATA_ULTIMA_PARTIDA":null,"ANO_ULTIMA_PARTIDA":null,"ULTIMA_PARTIDA":"","ADVERSARIO_ULTIMA_PARTIDA":null,"PLACAR_ULTIMA_PARTIDA":null,"COMPETICAO_ULTIMA_PARTIDA":null,"MANDO_ULTIMA_PARTIDA":null,"FONTE_ULTIMA_PARTIDA":null,"NUM_ESTADIOS_NO_PONTO":1,"NUM_ESTADIOS_COM_JOGOS_NO_PONTO":0,"ESTADIOS_AGRUPADOS":"[{\"nome\":\"MANOEL FRANCISCO FERREIRA\",\"nome_atual\":\"MANOEL FRANCISCO FERREIRA\",\"nome_antigo_1\":null,\"nome_antigo_2\":null,\"nomes_alternativos\":[\"MANOEL FRANCISCO FERREIRA\"],\"cidade\":\"BÁLSAMO \",\"estado\":\"SÃO PAULO\",\"pais\":\"BRASIL\",\"capacidade\":\"1000\",\"jogos\":0,\"vitorias\":0,\"empates\":0,\"derrotas\":0,\"gols_marcados\":0,\"gols_sofridos\":0,\"data_primeira_partida\":null,\"data_ultima_partida\":null}]","STATUS_GEOMETRIA":"PONTO_CONSOLIDADO","PRECISAO_COORDENADAS":null,"FONTE_COORDENADAS":null,"URL_FONTE_COORDENADAS":null,"ATRIBUICAO_COORDENADAS":null,"FONTES_NOME_ANTIGO":null,"JOGOS_SEM_GEOMETRIA":0}},{"type":"Feature","geometry":{"type":"Point","coordinates":[-49.5068916,-20.8223716]},"properties":{"SECAO":"BRABAS","TIPO_REGISTRO":"PONTO","NOME_ESTADIO":"Campos Maia","NOME_ATUAL":"Campos Maia","NOME_ANTIGO_1":null,"NOME_ANTIGO_2":null,"ESTADIO":"Campos Maia","ESTÁDIO":"Campos Maia","NOME_ANTIGO":null,"NOMES_ALTERNATIVOS":"","CIDADE":"Mirassol","ESTADO":"São Paulo","PAÍS":"Brazil","PAIS_ISO3":null,"CAPACIDADE":"15000","LATITUDE":-20.8223716,"LONGITUDE":-49.5068916,"TOTAL_JOGOS":0,"VITORIAS":0,"VITÓRIAS":0,"EMPATES":0,"DERROTAS":0,"PONTOS_CAMPEONATO":0,"APROVEITAMENTO_PCT":0,"GOLS_MARCADOS":0,"GOLS_SOFRIDOS":0,"SALDO_GOLS":0,"GOLS_POR_PARTIDA":0,"ASSISTENCIAS":null,"ASSISTENCIAS_DISPONIVEIS":false,"ASSISTENCIAS_FONTE":"Não consta nos arquivos locais do Meu Timão ou Daniel Keppler.","JOGOS_COM_PLACAR":0,"JOGOS_SEM_PLACAR":0,"PARTIDAS_DANIEL_KEPPLER":0,"PARTIDAS_MEUTIMAO":0,"FONTES_JOGOS":"","DATA_PRIMEIRA_PARTIDA":null,"ANO_PRIMEIRA_PARTIDA":null,"PRIMEIRA_PARTIDA":null,"ADVERSARIO":null,"PLACAR":null,"COMPETICAO_PRIMEIRA_PARTIDA":null,"MANDO_PRIMEIRA_PARTIDA":null,"FONTE_PRIMEIRA_PARTIDA":null,"DATA_ULTIMA_PARTIDA":null,"ANO_ULTIMA_PARTIDA":null,"ULTIMA_PARTIDA":"","ADVERSARIO_ULTIMA_PARTIDA":null,"PLACAR_ULTIMA_PARTIDA":null,"COMPETICAO_ULTIMA_PARTIDA":null,"MANDO_ULTIMA_PARTIDA":null,"FONTE_ULTIMA_PARTIDA":null,"NUM_ESTADIOS_NO_PONTO":1,"NUM_ESTADIOS_COM_JOGOS_NO_PONTO":0,"ESTADIOS_AGRUPADOS":"[{\"nome\":\"Campos Maia\",\"nome_atual\":\"Campos Maia\",\"nome_antigo_1\":null,\"nome_antigo_2\":null,\"nomes_alternativos\":[\"Campos Maia\"],\"cidade\":\"Mirassol\",\"estado\":\"São Paulo\",\"pais\":\"Brazil\",\"capacidade\":\"15000\",\"jogos\":0,\"vitorias\":0,\"empates\":0,\"derrotas\":0,\"gols_marcados\":0,\"gols_sofridos\":0,\"data_primeira_partida\":null,\"data_ultima_partida\":null}]","STATUS_GEOMETRIA":"PONTO_CONSOLIDADO","PRECISAO_COORDENADAS":"Estádio identificado","FONTE_COORDENADAS":"OpenStreetMap Nominatim","URL_FONTE_COORDENADAS":"https://www.openstreetmap.org/relation/9955043","ATRIBUICAO_COORDENADAS":"© OpenStreetMap contributors, ODbL 1.0","FONTES_NOME_ANTIGO":null,"JOGOS_SEM_GEOMETRIA":0}},{"type":"Feature","geometry":{"type":"Point","coordinates":[-49.50558410852345,-20.8222211205369]},"properties":{"SECAO":"BRABAS","TIPO_REGISTRO":"PONTO","NOME_ESTADIO":"JOSÉ MARIA DE CAMPOS MAIA (MAIÃO)","NOME_ATUAL":"JOSÉ MARIA DE CAMPOS MAIA (MAIÃO)","NOME_ANTIGO_1":null,"NOME_ANTIGO_2":null,"ESTADIO":"JOSÉ MARIA DE CAMPOS MAIA (MAIÃO)","ESTÁDIO":"JOSÉ MARIA DE CAMPOS MAIA (MAIÃO)","NOME_ANTIGO":null,"NOMES_ALTERNATIVOS":"","CIDADE":"MIRASSOL ","ESTADO":"SÃO PAULO","PAÍS":"BRASIL","PAIS_ISO3":null,"CAPACIDADE":"15000","LATITUDE":-20.8222211205369,"LONGITUDE":-49.50558410852345,"TOTAL_JOGOS":0,"VITORIAS":0,"VITÓRIAS":0,"EMPATES":0,"DERROTAS":0,"PONTOS_CAMPEONATO":0,"APROVEITAMENTO_PCT":0,"GOLS_MARCADOS":0,"GOLS_SOFRIDOS":0,"SALDO_GOLS":0,"GOLS_POR_PARTIDA":0,"ASSISTENCIAS":null,"ASSISTENCIAS_DISPONIVEIS":false,"ASSISTENCIAS_FONTE":"Não consta nos arquivos locais do Meu Timão ou Daniel Keppler.","JOGOS_COM_PLACAR":0,"JOGOS_SEM_PLACAR":0,"PARTIDAS_DANIEL_KEPPLER":0,"PARTIDAS_MEUTIMAO":0,"FONTES_JOGOS":"","DATA_PRIMEIRA_PARTIDA":null,"ANO_PRIMEIRA_PARTIDA":null,"PRIMEIRA_PARTIDA":null,"ADVERSARIO":null,"PLACAR":null,"COMPETICAO_PRIMEIRA_PARTIDA":null,"MANDO_PRIMEIRA_PARTIDA":null,"FONTE_PRIMEIRA_PARTIDA":null,"DATA_ULTIMA_PARTIDA":null,"ANO_ULTIMA_PARTIDA":null,"ULTIMA_PARTIDA":"","ADVERSARIO_ULTIMA_PARTIDA":null,"PLACAR_ULTIMA_PARTIDA":null,"COMPETICAO_ULTIMA_PARTIDA":null,"MANDO_ULTIMA_PARTIDA":null,"FONTE_ULTIMA_PARTIDA":null,"NUM_ESTADIOS_NO_PONTO":1,"NUM_ESTADIOS_COM_JOGOS_NO_PONTO":0,"ESTADIOS_AGRUPADOS":"[{\"nome\":\"JOSÉ MARIA DE CAMPOS MAIA (MAIÃO)\",\"nome_atual\":\"JOSÉ MARIA DE CAMPOS MAIA (MAIÃO)\",\"nome_antigo_1\":null,\"nome_antigo_2\":null,\"nomes_alternativos\":[\"JOSÉ MARIA DE CAMPOS MAIA (MAIÃO)\"],\"cidade\":\"MIRASSOL \",\"estado\":\"SÃO PAULO\",\"pais\":\"BRASIL\",\"capacidade\":\"15000\",\"jogos\":0,\"vitorias\":0,\"empates\":0,\"derrotas\":0,\"gols_marcados\":0,\"gols_sofridos\":0,\"data_primeira_partida\":null,\"data_ultima_partida\":null}]","STATUS_GEOMETRIA":"PONTO_CONSOLIDADO","PRECISAO_COORDENADAS":null,"FONTE_COORDENADAS":null,"URL_FONTE_COORDENADAS":null,"ATRIBUICAO_COORDENADAS":null,"FONTES_NOME_ANTIGO":null,"JOGOS_SEM_GEOMETRIA":0}},{"type":"Feature","geometry":{"type":"Point","coordinates":[-49.41902775639259,-20.814393599785742]},"properties":{"SECAO":"BRABAS","TIPO_REGISTRO":"PONTO","NOME_ESTADIO":"JOÃO MENDES ATHAYDE","NOME_ATUAL":"JOÃO MENDES ATHAYDE","NOME_ANTIGO_1":null,"NOME_ANTIGO_2":null,"ESTADIO":"JOÃO MENDES ATHAYDE","ESTÁDIO":"JOÃO MENDES ATHAYDE","NOME_ANTIGO":null,"NOMES_ALTERNATIVOS":"","CIDADE":"SÃO JOSÉ DO RIO PRETO ","ESTADO":"SÃO PAULO","PAÍS":"BRASIL","PAIS_ISO3":null,"CAPACIDADE":"4000","LATITUDE":-20.814393599785742,"LONGITUDE":-49.41902775639259,"TOTAL_JOGOS":3,"VITORIAS":3,"VITÓRIAS":3,"EMPATES":0,"DERROTAS":0,"PONTOS_CAMPEONATO":9,"APROVEITAMENTO_PCT":100.0,"GOLS_MARCADOS":11,"GOLS_SOFRIDOS":1,"SALDO_GOLS":10,"GOLS_POR_PARTIDA":3.67,"ASSISTENCIAS":null,"ASSISTENCIAS_DISPONIVEIS":false,"ASSISTENCIAS_FONTE":"Não consta nos arquivos locais do Meu Timão ou Daniel Keppler.","JOGOS_COM_PLACAR":3,"JOGOS_SEM_PLACAR":0,"PARTIDAS_DANIEL_KEPPLER":0,"PARTIDAS_MEUTIMAO":3,"FONTES_JOGOS":"Meu Timão","DATA_PRIMEIRA_PARTIDA":"2022-11-03","ANO_PRIMEIRA_PARTIDA":2022,"PRIMEIRA_PARTIDA":"REALIDADE JOVEM 1x4 CORINTHIANS","ADVERSARIO":"REALIDADE JOVEM","PLACAR":"1x4","COMPETICAO_PRIMEIRA_PARTIDA":"Paulista Feminino 2022","MANDO_PRIMEIRA_PARTIDA":"Não","FONTE_PRIMEIRA_PARTIDA":"https://www.meutimao.com.br/jogo/7441/paulista-feminino-2022/realidade_jovem-1-x-4-corinthians","DATA_ULTIMA_PARTIDA":"2025-08-21","ANO_ULTIMA_PARTIDA":2025,"ULTIMA_PARTIDA":"REALIDADE JOVEM 0x3 CORINTHIANS","ADVERSARIO_ULTIMA_PARTIDA":"REALIDADE JOVEM","PLACAR_ULTIMA_PARTIDA":"0x3","COMPETICAO_ULTIMA_PARTIDA":"Paulista Feminino 2025","MANDO_ULTIMA_PARTIDA":"Não","FONTE_ULTIMA_PARTIDA":"Meu Timão","NUM_ESTADIOS_NO_PONTO":1,"NUM_ESTADIOS_COM_JOGOS_NO_PONTO":1,"ESTADIOS_AGRUPADOS":"[{\"nome\":\"JOÃO MENDES ATHAYDE\",\"nome_atual\":\"JOÃO MENDES ATHAYDE\",\"nome_antigo_1\":null,\"nome_antigo_2\":null,\"nomes_alternativos\":[\"JOÃO MENDES ATHAYDE\"],\"cidade\":\"SÃO JOSÉ DO RIO PRETO \",\"estado\":\"SÃO PAULO\",\"pais\":\"BRASIL\",\"capacidade\":\"4000\",\"jogos\":3,\"vitorias\":3,\"empates\":0,\"derrotas\":0,\"gols_marcados\":11,\"gols_sofridos\":1,\"data_primeira_partida\":\"2022-11-03\",\"data_ultima_partida\":\"2025-08-21\"}]","STATUS_GEOMETRIA":"PONTO_CONSOLIDADO","PRECISAO_COORDENADAS":null,"FONTE_COORDENADAS":null,"URL_FONTE_COORDENADAS":null,"ATRIBUICAO_COORDENADAS":null,"FONTES_NOME_ANTIGO":null,"JOGOS_SEM_GEOMETRIA":0}},{"type":"Feature","geometry":{"type":"Point","coordinates":[-49.4011085,-20.8345771]},"properties":{"SECAO":"BRABAS","TIPO_REGISTRO":"PONTO","NOME_ESTADIO":"Anísio Haddad","NOME_ATUAL":"Anísio Haddad","NOME_ANTIGO_1":"Rio Pretão","NOME_ANTIGO_2":null,"ESTADIO":"Anísio Haddad","ESTÁDIO":"Anísio Haddad","NOME_ANTIGO":null,"NOMES_ALTERNATIVOS":"Rio Pretão","CIDADE":"SÃO JOSÉ DO RIO PRETO ","ESTADO":"SÃO PAULO","PAÍS":"BRASIL","PAIS_ISO3":null,"CAPACIDADE":"14014","LATITUDE":-20.8345771,"LONGITUDE":-49.4011085,"TOTAL_JOGOS":0,"VITORIAS":0,"VITÓRIAS":0,"EMPATES":0,"DERROTAS":0,"PONTOS_CAMPEONATO":0,"APROVEITAMENTO_PCT":0,"GOLS_MARCADOS":0,"GOLS_SOFRIDOS":0,"SALDO_GOLS":0,"GOLS_POR_PARTIDA":0,"ASSISTENCIAS":null,"ASSISTENCIAS_DISPONIVEIS":false,"ASSISTENCIAS_FONTE":"Não consta nos arquivos locais do Meu Timão ou Daniel Keppler.","JOGOS_COM_PLACAR":0,"JOGOS_SEM_PLACAR":0,"PARTIDAS_DANIEL_KEPPLER":0,"PARTIDAS_MEUTIMAO":0,"FONTES_JOGOS":"","DATA_PRIMEIRA_PARTIDA":null,"ANO_PRIMEIRA_PARTIDA":null,"PRIMEIRA_PARTIDA":null,"ADVERSARIO":null,"PLACAR":null,"COMPETICAO_PRIMEIRA_PARTIDA":null,"MANDO_PRIMEIRA_PARTIDA":null,"FONTE_PRIMEIRA_PARTIDA":null,"DATA_ULTIMA_PARTIDA":null,"ANO_ULTIMA_PARTIDA":null,"ULTIMA_PARTIDA":"","ADVERSARIO_ULTIMA_PARTIDA":null,"PLACAR_ULTIMA_PARTIDA":null,"COMPETICAO_ULTIMA_PARTIDA":null,"MANDO_ULTIMA_PARTIDA":null,"FONTE_ULTIMA_PARTIDA":null,"NUM_ESTADIOS_NO_PONTO":1,"NUM_ESTADIOS_COM_JOGOS_NO_PONTO":0,"ESTADIOS_AGRUPADOS":"[{\"nome\":\"Anísio Haddad\",\"nome_atual\":\"Anísio Haddad\",\"nome_antigo_1\":\"Rio Pretão\",\"nome_antigo_2\":null,\"nomes_alternativos\":[\"Anísio Haddad\",\"Rio Pretão\"],\"cidade\":\"SÃO JOSÉ DO RIO PRETO \",\"estado\":\"SÃO PAULO\",\"pais\":\"BRASIL\",\"capacidade\":\"14014\",\"jogos\":0,\"vitorias\":0,\"empates\":0,\"derrotas\":0,\"gols_marcados\":0,\"gols_sofridos\":0,\"data_primeira_partida\":null,\"data_ultima_partida\":null}]","STATUS_GEOMETRIA":"PONTO_CONSOLIDADO","PRECISAO_COORDENADAS":null,"FONTE_COORDENADAS":"OpenStreetMap Nominatim (geocodificação reversa)","URL_FONTE_COORDENADAS":"https://www.openstreetmap.org/relation/298344","ATRIBUICAO_COORDENADAS":"© OpenStreetMap contributors, ODbL 1.0","FONTES_NOME_ANTIGO":null,"JOGOS_SEM_GEOMETRIA":0}},{"type":"Feature","geometry":{"type":"Point","coordinates":[-49.3804212,-20.8125851]},"properties":{"SECAO":"BRABAS","TIPO_REGISTRO":"PONTO","NOME_ESTADIO":"Anísio Haddad","NOME_ATUAL":"Anísio Haddad","NOME_ANTIGO_1":"Rio Pretão","NOME_ANTIGO_2":null,"ESTADIO":"Anísio Haddad","ESTÁDIO":"Anísio Haddad","NOME_ANTIGO":null,"NOMES_ALTERNATIVOS":"Rio Pretão","CIDADE":"São José do Rio Preto","ESTADO":"São Paulo","PAÍS":"Brasil","PAIS_ISO3":null,"CAPACIDADE":null,"LATITUDE":-20.8125851,"LONGITUDE":-49.3804212,"TOTAL_JOGOS":3,"VITORIAS":1,"VITÓRIAS":1,"EMPATES":0,"DERROTAS":2,"PONTOS_CAMPEONATO":3,"APROVEITAMENTO_PCT":33.3,"GOLS_MARCADOS":4,"GOLS_SOFRIDOS":5,"SALDO_GOLS":-1,"GOLS_POR_PARTIDA":1.33,"ASSISTENCIAS":null,"ASSISTENCIAS_DISPONIVEIS":false,"ASSISTENCIAS_FONTE":"Não consta nos arquivos locais do Meu Timão ou Daniel Keppler.","JOGOS_COM_PLACAR":3,"JOGOS_SEM_PLACAR":0,"PARTIDAS_DANIEL_KEPPLER":0,"PARTIDAS_MEUTIMAO":3,"FONTES_JOGOS":"Meu Timão","DATA_PRIMEIRA_PARTIDA":"2016-07-03","ANO_PRIMEIRA_PARTIDA":2016,"PRIMEIRA_PARTIDA":"RIO PRETO 3x2 CORINTHIANS","ADVERSARIO":"RIO PRETO","PLACAR":"3x2","COMPETICAO_PRIMEIRA_PARTIDA":"Paulista 2016","MANDO_PRIMEIRA_PARTIDA":"Não","FONTE_PRIMEIRA_PARTIDA":"https://www.meutimao.com.br/jogo/4721/paulista-2016/rio_preto-3-x-2-corinthians","DATA_ULTIMA_PARTIDA":"2018-10-20","ANO_ULTIMA_PARTIDA":2018,"ULTIMA_PARTIDA":"RIO PRETO 0x1 CORINTHIANS","ADVERSARIO_ULTIMA_PARTIDA":"RIO PRETO","PLACAR_ULTIMA_PARTIDA":"0x1","COMPETICAO_ULTIMA_PARTIDA":"Brasileiro Feminino 2018","MANDO_ULTIMA_PARTIDA":"Não","FONTE_ULTIMA_PARTIDA":"Meu Timão","NUM_ESTADIOS_NO_PONTO":1,"NUM_ESTADIOS_COM_JOGOS_NO_PONTO":1,"ESTADIOS_AGRUPADOS":"[{\"nome\":\"Anísio Haddad\",\"nome_atual\":\"Anísio Haddad\",\"nome_antigo_1\":\"Rio Pretão\",\"nome_antigo_2\":null,\"nomes_alternativos\":[\"Anísio Haddad\",\"Rio Pretão\"],\"cidade\":\"São José do Rio Preto\",\"estado\":\"São Paulo\",\"pais\":\"Brasil\",\"capacidade\":null,\"jogos\":3,\"vitorias\":1,\"empates\":0,\"derrotas\":2,\"gols_marcados\":4,\"gols_sofridos\":5,\"data_primeira_partida\":\"2016-07-03\",\"data_ultima_partida\":\"2018-10-20\"}]","STATUS_GEOMETRIA":"PONTO_CONSOLIDADO","PRECISAO_COORDENADAS":"Município (estádio exato não identificado)","FONTE_COORDENADAS":"OpenStreetMap Nominatim (localidade aproximada)","URL_FONTE_COORDENADAS":"https://www.openstreetmap.org/relation/298344","ATRIBUICAO_COORDENADAS":"© OpenStreetMap contributors, ODbL 1.0","FONTES_NOME_ANTIGO":null,"JOGOS_SEM_GEOMETRIA":0}},{"type":"Feature","geometry":{"type":"Point","coordinates":[-49.3589966,-20.796769]},"properties":{"SECAO":"BRABAS","TIPO_REGISTRO":"PONTO","NOME_ESTADIO":"Teixeirão","NOME_ATUAL":"Teixeirão","NOME_ANTIGO_1":null,"NOME_ANTIGO_2":null,"ESTADIO":"Teixeirão","ESTÁDIO":"Teixeirão","NOME_ANTIGO":null,"NOMES_ALTERNATIVOS":"","CIDADE":"SÃO JOSÉ DO RIO PRETO ","ESTADO":"SÃO PAULO","PAÍS":"BRASIL","PAIS_ISO3":null,"CAPACIDADE":"32168","LATITUDE":-20.796769,"LONGITUDE":-49.3589966,"TOTAL_JOGOS":1,"VITORIAS":1,"VITÓRIAS":1,"EMPATES":0,"DERROTAS":0,"PONTOS_CAMPEONATO":3,"APROVEITAMENTO_PCT":100.0,"GOLS_MARCADOS":3,"GOLS_SOFRIDOS":0,"SALDO_GOLS":3,"GOLS_POR_PARTIDA":3.0,"ASSISTENCIAS":null,"ASSISTENCIAS_DISPONIVEIS":false,"ASSISTENCIAS_FONTE":"Não consta nos arquivos locais do Meu Timão ou Daniel Keppler.","JOGOS_COM_PLACAR":1,"JOGOS_SEM_PLACAR":0,"PARTIDAS_DANIEL_KEPPLER":0,"PARTIDAS_MEUTIMAO":1,"FONTES_JOGOS":"Meu Timão","DATA_PRIMEIRA_PARTIDA":"2019-08-31","ANO_PRIMEIRA_PARTIDA":2019,"PRIMEIRA_PARTIDA":"PONTE PRETA 0x3 CORINTHIANS","ADVERSARIO":"PONTE PRETA","PLACAR":"0x3","COMPETICAO_PRIMEIRA_PARTIDA":"Paulista Feminino 2019","MANDO_PRIMEIRA_PARTIDA":"Não","FONTE_PRIMEIRA_PARTIDA":"https://www.meutimao.com.br/jogo/1313/paulista-feminino-2019/ponte_preta-0-x-3-corinthians","DATA_ULTIMA_PARTIDA":"2019-08-31","ANO_ULTIMA_PARTIDA":2019,"ULTIMA_PARTIDA":"PONTE PRETA 0x3 CORINTHIANS","ADVERSARIO_ULTIMA_PARTIDA":"PONTE PRETA","PLACAR_ULTIMA_PARTIDA":"0x3","COMPETICAO_ULTIMA_PARTIDA":"Paulista Feminino 2019","MANDO_ULTIMA_PARTIDA":"Não","FONTE_ULTIMA_PARTIDA":"Meu Timão","NUM_ESTADIOS_NO_PONTO":1,"NUM_ESTADIOS_COM_JOGOS_NO_PONTO":1,"ESTADIOS_AGRUPADOS":"[{\"nome\":\"Teixeirão\",\"nome_atual\":\"Teixeirão\",\"nome_antigo_1\":null,\"nome_antigo_2\":null,\"nomes_alternativos\":[\"Teixeirão\"],\"cidade\":\"SÃO JOSÉ DO RIO PRETO \",\"estado\":\"SÃO PAULO\",\"pais\":\"BRASIL\",\"capacidade\":\"32168\",\"jogos\":1,\"vitorias\":1,\"empates\":0,\"derrotas\":0,\"gols_marcados\":3,\"gols_sofridos\":0,\"data_primeira_partida\":\"2019-08-31\",\"data_ultima_partida\":\"2019-08-31\"}]","STATUS_GEOMETRIA":"PONTO_CONSOLIDADO","PRECISAO_COORDENADAS":null,"FONTE_COORDENADAS":"OpenStreetMap Nominatim (geocodificação reversa)","URL_FONTE_COORDENADAS":"https://www.openstreetmap.org/relation/298344","ATRIBUICAO_COORDENADAS":"© OpenStreetMap contributors, ODbL 1.0","FONTES_NOME_ANTIGO":null,"JOGOS_SEM_GEOMETRIA":0}},{"type":"Feature","geometry":{"type":"Point","coordinates":[-48.5316518,-27.6665434]},"properties":{"SECAO":"BRABAS","TIPO_REGISTRO":"PONTO","NOME_ESTADIO":"Ressacada","NOME_ATUAL":"Ressacada","NOME_ANTIGO_1":null,"NOME_ANTIGO_2":null,"ESTADIO":"Ressacada","ESTÁDIO":"Ressacada","NOME_ANTIGO":null,"NOMES_ALTERNATIVOS":"","CIDADE":"FLORIANÓPOLIS ","ESTADO":"SANTA CATARINA","PAÍS":"BRASIL","PAIS_ISO3":null,"CAPACIDADE":"17826","LATITUDE":-27.6665434,"LONGITUDE":-48.5316518,"TOTAL_JOGOS":3,"VITORIAS":2,"VITÓRIAS":2,"EMPATES":1,"DERROTAS":0,"PONTOS_CAMPEONATO":7,"APROVEITAMENTO_PCT":77.8,"GOLS_MARCADOS":5,"GOLS_SOFRIDOS":1,"SALDO_GOLS":4,"GOLS_POR_PARTIDA":1.67,"ASSISTENCIAS":null,"ASSISTENCIAS_DISPONIVEIS":false,"ASSISTENCIAS_FONTE":"Não consta nos arquivos locais do Meu Timão ou Daniel Keppler.","JOGOS_COM_PLACAR":3,"JOGOS_SEM_PLACAR":0,"PARTIDAS_DANIEL_KEPPLER":0,"PARTIDAS_MEUTIMAO":3,"FONTES_JOGOS":"Meu Timão","DATA_PRIMEIRA_PARTIDA":"2019-04-20","ANO_PRIMEIRA_PARTIDA":2019,"PRIMEIRA_PARTIDA":"KINDERMANN 0x1 CORINTHIANS","ADVERSARIO":"KINDERMANN","PLACAR":"0x1","COMPETICAO_PRIMEIRA_PARTIDA":"Brasileiro Feminino 2019","MANDO_PRIMEIRA_PARTIDA":"Não","FONTE_PRIMEIRA_PARTIDA":"https://www.meutimao.com.br/jogo/1188/brasileiro-feminino-2019/kindermann-0-x-1-corinthians","DATA_ULTIMA_PARTIDA":"2021-08-15","ANO_ULTIMA_PARTIDA":2021,"ULTIMA_PARTIDA":"KINDERMANN 1x4 CORINTHIANS","ADVERSARIO_ULTIMA_PARTIDA":"KINDERMANN","PLACAR_ULTIMA_PARTIDA":"1x4","COMPETICAO_ULTIMA_PARTIDA":"Brasileiro Feminino 2021","MANDO_ULTIMA_PARTIDA":"Não","FONTE_ULTIMA_PARTIDA":"Meu Timão","NUM_ESTADIOS_NO_PONTO":1,"NUM_ESTADIOS_COM_JOGOS_NO_PONTO":1,"ESTADIOS_AGRUPADOS":"[{\"nome\":\"Ressacada\",\"nome_atual\":\"Ressacada\",\"nome_antigo_1\":null,\"nome_antigo_2\":null,\"nomes_alternativos\":[\"Ressacada\"],\"cidade\":\"FLORIANÓPOLIS \",\"estado\":\"SANTA CATARINA\",\"pais\":\"BRASIL\",\"capacidade\":\"17826\",\"jogos\":3,\"vitorias\":2,\"empates\":1,\"derrotas\":0,\"gols_marcados\":5,\"gols_sofridos\":1,\"data_primeira_partida\":\"2019-04-20\",\"data_ultima_partida\":\"2021-08-15\"}]","STATUS_GEOMETRIA":"PONTO_CONSOLIDADO","PRECISAO_COORDENADAS":null,"FONTE_COORDENADAS":"OpenStreetMap Nominatim (geocodificação reversa)","URL_FONTE_COORDENADAS":"https://www.openstreetmap.org/relation/296561","ATRIBUICAO_COORDENADAS":"© OpenStreetMap contributors, ODbL 1.0","FONTES_NOME_ANTIGO":null,"JOGOS_SEM_GEOMETRIA":0}},{"type":"Feature","geometry":{"type":"Point","coordinates":[-48.44750208186738,-22.876422785498754]},"properties":{"SECAO":"BRABAS","TIPO_REGISTRO":"PONTO","NOME_ESTADIO":"DOUTOR ACRÍSIO PAES CRUZ","NOME_ATUAL":"DOUTOR ACRÍSIO PAES CRUZ","NOME_ANTIGO_1":null,"NOME_ANTIGO_2":null,"ESTADIO":"DOUTOR ACRÍSIO PAES CRUZ","ESTÁDIO":"DOUTOR ACRÍSIO PAES CRUZ","NOME_ANTIGO":null,"NOMES_ALTERNATIVOS":"","CIDADE":"BOTUCATU ","ESTADO":"SÃO PAULO","PAÍS":"BRASIL","PAIS_ISO3":null,"CAPACIDADE":"5000","LATITUDE":-22.876422785498754,"LONGITUDE":-48.44750208186738,"TOTAL_JOGOS":5,"VITORIAS":1,"VITÓRIAS":1,"EMPATES":2,"DERROTAS":2,"PONTOS_CAMPEONATO":5,"APROVEITAMENTO_PCT":33.3,"GOLS_MARCADOS":7,"GOLS_SOFRIDOS":9,"SALDO_GOLS":-2,"GOLS_POR_PARTIDA":1.4,"ASSISTENCIAS":null,"ASSISTENCIAS_DISPONIVEIS":false,"ASSISTENCIAS_FONTE":"Não consta nos arquivos locais do Meu Timão ou Daniel Keppler.","JOGOS_COM_PLACAR":5,"JOGOS_SEM_PLACAR":0,"PARTIDAS_DANIEL_KEPPLER":5,"PARTIDAS_MEUTIMAO":0,"FONTES_JOGOS":"Daniel Keppler","DATA_PRIMEIRA_PARTIDA":"2008-10-12","ANO_PRIMEIRA_PARTIDA":2008,"PRIMEIRA_PARTIDA":"BOTUCATU 1x1 CORINTHIANS","ADVERSARIO":"BOTUCATU","PLACAR":"1x1","COMPETICAO_PRIMEIRA_PARTIDA":"CAMPEONATO PAULISTA / FPF","MANDO_PRIMEIRA_PARTIDA":"Não","FONTE_PRIMEIRA_PARTIDA":null,"DATA_ULTIMA_PARTIDA":"2009-08-29","ANO_ULTIMA_PARTIDA":2009,"ULTIMA_PARTIDA":"BOTUCATU 2x1 CORINTHIANS","ADVERSARIO_ULTIMA_PARTIDA":"BOTUCATU","PLACAR_ULTIMA_PARTIDA":"2x1","COMPETICAO_ULTIMA_PARTIDA":"CAMPEONATO PAULISTA / FPF","MANDO_ULTIMA_PARTIDA":"Não","FONTE_ULTIMA_PARTIDA":"Daniel Keppler","NUM_ESTADIOS_NO_PONTO":1,"NUM_ESTADIOS_COM_JOGOS_NO_PONTO":1,"ESTADIOS_AGRUPADOS":"[{\"nome\":\"DOUTOR ACRÍSIO PAES CRUZ\",\"nome_atual\":\"DOUTOR ACRÍSIO PAES CRUZ\",\"nome_antigo_1\":null,\"nome_antigo_2\":null,\"nomes_alternativos\":[\"DOUTOR ACRÍSIO PAES CRUZ\"],\"cidade\":\"BOTUCATU \",\"estado\":\"SÃO PAULO\",\"pais\":\"BRASIL\",\"capacidade\":\"5000\",\"jogos\":5,\"vitorias\":1,\"empates\":2,\"derrotas\":2,\"gols_marcados\":7,\"gols_sofridos\":9,\"data_primeira_partida\":\"2008-10-12\",\"data_ultima_partida\":\"2009-08-29\"}]","STATUS_GEOMETRIA":"PONTO_CONSOLIDADO","PRECISAO_COORDENADAS":null,"FONTE_COORDENADAS":null,"URL_FONTE_COORDENADAS":null,"ATRIBUICAO_COORDENADAS":null,"FONTES_NOME_ANTIGO":null,"JOGOS_SEM_GEOMETRIA":0}},{"type":"Feature","geometry":{"type":"Point","coordinates":[-48.444865285227806,-1.418375568604134]},"properties":{"SECAO":"BRABAS","TIPO_REGISTRO":"PONTO","NOME_ESTADIO":"Estádio Francisco Vasques","NOME_ATUAL":"Estádio Francisco Vasques","NOME_ANTIGO_1":null,"NOME_ANTIGO_2":null,"ESTADIO":"Estádio Francisco Vasques","ESTÁDIO":"Estádio Francisco Vasques","NOME_ANTIGO":null,"NOMES_ALTERNATIVOS":"FRANCISCO VASQUES","CIDADE":"Belém","ESTADO":"Pará","PAÍS":"Brasil","PAIS_ISO3":null,"CAPACIDADE":null,"LATITUDE":-1.418375568604134,"LONGITUDE":-48.444865285227806,"TOTAL_JOGOS":1,"VITORIAS":1,"VITÓRIAS":1,"EMPATES":0,"DERROTAS":0,"PONTOS_CAMPEONATO":3,"APROVEITAMENTO_PCT":100.0,"GOLS_MARCADOS":2,"GOLS_SOFRIDOS":0,"SALDO_GOLS":2,"GOLS_POR_PARTIDA":2.0,"ASSISTENCIAS":null,"ASSISTENCIAS_DISPONIVEIS":false,"ASSISTENCIAS_FONTE":"Não consta nos arquivos locais do Meu Timão ou Daniel Keppler.","JOGOS_COM_PLACAR":1,"JOGOS_SEM_PLACAR":0,"PARTIDAS_DANIEL_KEPPLER":0,"PARTIDAS_MEUTIMAO":1,"FONTES_JOGOS":"Meu Timão","DATA_PRIMEIRA_PARTIDA":"2016-09-04","ANO_PRIMEIRA_PARTIDA":2016,"PRIMEIRA_PARTIDA":"PINHEIRENSE 0x2 CORINTHIANS","ADVERSARIO":"PINHEIRENSE","PLACAR":"0x2","COMPETICAO_PRIMEIRA_PARTIDA":"Copa do Brasil 2016","MANDO_PRIMEIRA_PARTIDA":"Não","FONTE_PRIMEIRA_PARTIDA":"https://www.meutimao.com.br/jogo/4691/copa-do-brasil-2016/pinheirense-0-x-2-corinthians","DATA_ULTIMA_PARTIDA":"2016-09-04","ANO_ULTIMA_PARTIDA":2016,"ULTIMA_PARTIDA":"PINHEIRENSE 0x2 CORINTHIANS","ADVERSARIO_ULTIMA_PARTIDA":"PINHEIRENSE","PLACAR_ULTIMA_PARTIDA":"0x2","COMPETICAO_ULTIMA_PARTIDA":"Copa do Brasil 2016","MANDO_ULTIMA_PARTIDA":"Não","FONTE_ULTIMA_PARTIDA":"Meu Timão","NUM_ESTADIOS_NO_PONTO":2,"NUM_ESTADIOS_COM_JOGOS_NO_PONTO":1,"ESTADIOS_AGRUPADOS":"[{\"nome\":\"Estádio Francisco Vasques\",\"nome_atual\":\"Estádio Francisco Vasques\",\"nome_antigo_1\":null,\"nome_antigo_2\":null,\"nomes_alternativos\":[\"Estádio Francisco Vasques\"],\"cidade\":\"Belém\",\"estado\":\"Pará\",\"pais\":\"Brasil\",\"capacidade\":null,\"jogos\":1,\"vitorias\":1,\"empates\":0,\"derrotas\":0,\"gols_marcados\":2,\"gols_sofridos\":0,\"data_primeira_partida\":\"2016-09-04\",\"data_ultima_partida\":\"2016-09-04\"},{\"nome\":\"FRANCISCO VASQUES\",\"nome_atual\":\"FRANCISCO VASQUES\",\"nome_antigo_1\":null,\"nome_antigo_2\":null,\"nomes_alternativos\":[\"FRANCISCO VASQUES\"],\"cidade\":\"BELÉM \",\"estado\":\"PARÁ\",\"pais\":\"BRASIL\",\"capacidade\":\"6000\",\"jogos\":0,\"vitorias\":0,\"empates\":0,\"derrotas\":0,\"gols_marcados\":0,\"gols_sofridos\":0,\"data_primeira_partida\":null,\"data_ultima_partida\":null}]","STATUS_GEOMETRIA":"PONTO_CONSOLIDADO","PRECISAO_COORDENADAS":null,"FONTE_COORDENADAS":"OpenStreetMap Nominatim (geocodificação reversa)","URL_FONTE_COORDENADAS":"https://www.openstreetmap.org/relation/185567","ATRIBUICAO_COORDENADAS":"© OpenStreetMap contributors, ODbL 1.0","FONTES_NOME_ANTIGO":null,"JOGOS_SEM_GEOMETRIA":0}},{"type":"Feature","geometry":{"type":"Point","coordinates":[-48.4441767,-1.3811857]},"properties":{"SECAO":"BRABAS","TIPO_REGISTRO":"PONTO","NOME_ESTADIO":"Mangueirão","NOME_ATUAL":"Mangueirão","NOME_ANTIGO_1":null,"NOME_ANTIGO_2":null,"ESTADIO":"Mangueirão","ESTÁDIO":"Mangueirão","NOME_ANTIGO":null,"NOMES_ALTERNATIVOS":"","CIDADE":"Belém","ESTADO":"Pará","PAÍS":"Brasil","PAIS_ISO3":null,"CAPACIDADE":"35000","LATITUDE":-1.3811857,"LONGITUDE":-48.4441767,"TOTAL_JOGOS":1,"VITORIAS":1,"VITÓRIAS":1,"EMPATES":0,"DERROTAS":0,"PONTOS_CAMPEONATO":3,"APROVEITAMENTO_PCT":100.0,"GOLS_MARCADOS":6,"GOLS_SOFRIDOS":1,"SALDO_GOLS":5,"GOLS_POR_PARTIDA":6.0,"ASSISTENCIAS":null,"ASSISTENCIAS_DISPONIVEIS":false,"ASSISTENCIAS_FONTE":"Não consta nos arquivos locais do Meu Timão ou Daniel Keppler.","JOGOS_COM_PLACAR":1,"JOGOS_SEM_PLACAR":0,"PARTIDAS_DANIEL_KEPPLER":0,"PARTIDAS_MEUTIMAO":1,"FONTES_JOGOS":"Meu Timão","DATA_PRIMEIRA_PARTIDA":"2018-07-18","ANO_PRIMEIRA_PARTIDA":2018,"PRIMEIRA_PARTIDA":"PINHEIRENSE 1x6 CORINTHIANS","ADVERSARIO":"PINHEIRENSE","PLACAR":"1x6","COMPETICAO_PRIMEIRA_PARTIDA":"Brasileiro Feminino 2018","MANDO_PRIMEIRA_PARTIDA":"Não","FONTE_PRIMEIRA_PARTIDA":"https://www.meutimao.com.br/jogo/918/brasileiro-feminino-2018/pinheirense-1-x-6-corinthians","DATA_ULTIMA_PARTIDA":"2018-07-18","ANO_ULTIMA_PARTIDA":2018,"ULTIMA_PARTIDA":"PINHEIRENSE 1x6 CORINTHIANS","ADVERSARIO_ULTIMA_PARTIDA":"PINHEIRENSE","PLACAR_ULTIMA_PARTIDA":"1x6","COMPETICAO_ULTIMA_PARTIDA":"Brasileiro Feminino 2018","MANDO_ULTIMA_PARTIDA":"Não","FONTE_ULTIMA_PARTIDA":"Meu Timão","NUM_ESTADIOS_NO_PONTO":1,"NUM_ESTADIOS_COM_JOGOS_NO_PONTO":1,"ESTADIOS_AGRUPADOS":"[{\"nome\":\"Mangueirão\",\"nome_atual\":\"Mangueirão\",\"nome_antigo_1\":null,\"nome_antigo_2\":null,\"nomes_alternativos\":[\"Mangueirão\"],\"cidade\":\"Belém\",\"estado\":\"Pará\",\"pais\":\"Brasil\",\"capacidade\":\"35000\",\"jogos\":1,\"vitorias\":1,\"empates\":0,\"derrotas\":0,\"gols_marcados\":6,\"gols_sofridos\":1,\"data_primeira_partida\":\"2018-07-18\",\"data_ultima_partida\":\"2018-07-18\"}]","STATUS_GEOMETRIA":"PONTO_CONSOLIDADO","PRECISAO_COORDENADAS":null,"FONTE_COORDENADAS":"OpenStreetMap Nominatim (geocodificação reversa)","URL_FONTE_COORDENADAS":"https://www.openstreetmap.org/relation/185567","ATRIBUICAO_COORDENADAS":"© OpenStreetMap contributors, ODbL 1.0","FONTES_NOME_ANTIGO":null,"JOGOS_SEM_GEOMETRIA":0}},{"type":"Feature","geometry":{"type":"Point","coordinates":[-48.44300959133605,-1.380978925632951]},"properties":{"SECAO":"BRABAS","TIPO_REGISTRO":"PONTO","NOME_ESTADIO":"JORNALISTA EDGAR PROENÇA (OLÍMPICO DO PARÁ / MANGHEIRÃO)","NOME_ATUAL":"JORNALISTA EDGAR PROENÇA (OLÍMPICO DO PARÁ / MANGHEIRÃO)","NOME_ANTIGO_1":null,"NOME_ANTIGO_2":null,"ESTADIO":"JORNALISTA EDGAR PROENÇA (OLÍMPICO DO PARÁ / MANGHEIRÃO)","ESTÁDIO":"JORNALISTA EDGAR PROENÇA (OLÍMPICO DO PARÁ / MANGHEIRÃO)","NOME_ANTIGO":null,"NOMES_ALTERNATIVOS":"","CIDADE":"BELÉM ","ESTADO":"PARÁ","PAÍS":"BRASIL","PAIS_ISO3":null,"CAPACIDADE":"53645","LATITUDE":-1.380978925632951,"LONGITUDE":-48.44300959133605,"TOTAL_JOGOS":0,"VITORIAS":0,"VITÓRIAS":0,"EMPATES":0,"DERROTAS":0,"PONTOS_CAMPEONATO":0,"APROVEITAMENTO_PCT":0,"GOLS_MARCADOS":0,"GOLS_SOFRIDOS":0,"SALDO_GOLS":0,"GOLS_POR_PARTIDA":0,"ASSISTENCIAS":null,"ASSISTENCIAS_DISPONIVEIS":false,"ASSISTENCIAS_FONTE":"Não consta nos arquivos locais do Meu Timão ou Daniel Keppler.","JOGOS_COM_PLACAR":0,"JOGOS_SEM_PLACAR":0,"PARTIDAS_DANIEL_KEPPLER":0,"PARTIDAS_MEUTIMAO":0,"FONTES_JOGOS":"","DATA_PRIMEIRA_PARTIDA":null,"ANO_PRIMEIRA_PARTIDA":null,"PRIMEIRA_PARTIDA":null,"ADVERSARIO":null,"PLACAR":null,"COMPETICAO_PRIMEIRA_PARTIDA":null,"MANDO_PRIMEIRA_PARTIDA":null,"FONTE_PRIMEIRA_PARTIDA":null,"DATA_ULTIMA_PARTIDA":null,"ANO_ULTIMA_PARTIDA":null,"ULTIMA_PARTIDA":"","ADVERSARIO_ULTIMA_PARTIDA":null,"PLACAR_ULTIMA_PARTIDA":null,"COMPETICAO_ULTIMA_PARTIDA":null,"MANDO_ULTIMA_PARTIDA":null,"FONTE_ULTIMA_PARTIDA":null,"NUM_ESTADIOS_NO_PONTO":1,"NUM_ESTADIOS_COM_JOGOS_NO_PONTO":0,"ESTADIOS_AGRUPADOS":"[{\"nome\":\"JORNALISTA EDGAR PROENÇA (OLÍMPICO DO PARÁ / MANGHEIRÃO)\",\"nome_atual\":\"JORNALISTA EDGAR PROENÇA (OLÍMPICO DO PARÁ / MANGHEIRÃO)\",\"nome_antigo_1\":null,\"nome_antigo_2\":null,\"nomes_alternativos\":[\"JORNALISTA EDGAR PROENÇA (OLÍMPICO DO PARÁ / MANGHEIRÃO)\"],\"cidade\":\"BELÉM \",\"estado\":\"PARÁ\",\"pais\":\"BRASIL\",\"capacidade\":\"53645\",\"jogos\":0,\"vitorias\":0,\"empates\":0,\"derrotas\":0,\"gols_marcados\":0,\"gols_sofridos\":0,\"data_primeira_partida\":null,\"data_ultima_partida\":null}]","STATUS_GEOMETRIA":"PONTO_CONSOLIDADO","PRECISAO_COORDENADAS":null,"FONTE_COORDENADAS":null,"URL_FONTE_COORDENADAS":null,"ATRIBUICAO_COORDENADAS":null,"FONTES_NOME_ANTIGO":null,"JOGOS_SEM_GEOMETRIA":0}},{"type":"Feature","geometry":{"type":"Point","coordinates":[-48.1773096,-21.7886713]},"properties":{"SECAO":"BRABAS","TIPO_REGISTRO":"PONTO","NOME_ESTADIO":"Fonte Luminosa","NOME_ATUAL":"Fonte Luminosa","NOME_ANTIGO_1":null,"NOME_ANTIGO_2":null,"ESTADIO":"Fonte Luminosa","ESTÁDIO":"Fonte Luminosa","NOME_ANTIGO":null,"NOMES_ALTERNATIVOS":"","CIDADE":"Araraquara","ESTADO":"São Paulo","PAÍS":"Brazil","PAIS_ISO3":null,"CAPACIDADE":"25000","LATITUDE":-21.7886713,"LONGITUDE":-48.1773096,"TOTAL_JOGOS":20,"VITORIAS":14,"VITÓRIAS":14,"EMPATES":5,"DERROTAS":1,"PONTOS_CAMPEONATO":47,"APROVEITAMENTO_PCT":78.3,"GOLS_MARCADOS":40,"GOLS_SOFRIDOS":10,"SALDO_GOLS":30,"GOLS_POR_PARTIDA":2.0,"ASSISTENCIAS":null,"ASSISTENCIAS_DISPONIVEIS":false,"ASSISTENCIAS_FONTE":"Não consta nos arquivos locais do Meu Timão ou Daniel Keppler.","JOGOS_COM_PLACAR":20,"JOGOS_SEM_PLACAR":0,"PARTIDAS_DANIEL_KEPPLER":0,"PARTIDAS_MEUTIMAO":20,"FONTES_JOGOS":"Meu Timão","DATA_PRIMEIRA_PARTIDA":"2016-05-01","ANO_PRIMEIRA_PARTIDA":2016,"PRIMEIRA_PARTIDA":"FERROVIÁRIA 0x1 CORINTHIANS","ADVERSARIO":"FERROVIÁRIA","PLACAR":"0x1","COMPETICAO_PRIMEIRA_PARTIDA":"Paulista 2016","MANDO_PRIMEIRA_PARTIDA":"Não","FONTE_PRIMEIRA_PARTIDA":"https://www.meutimao.com.br/jogo/4712/paulista-2016/ferroviaria-0-x-1-corinthians","DATA_ULTIMA_PARTIDA":"2026-07-20","ANO_ULTIMA_PARTIDA":2026,"ULTIMA_PARTIDA":"FERROVIÁRIA 1x0 CORINTHIANS","ADVERSARIO_ULTIMA_PARTIDA":"FERROVIÁRIA","PLACAR_ULTIMA_PARTIDA":"1x0","COMPETICAO_ULTIMA_PARTIDA":"Copa do Brasil Feminina 2026","MANDO_ULTIMA_PARTIDA":"Não","FONTE_ULTIMA_PARTIDA":"Meu Timão","NUM_ESTADIOS_NO_PONTO":1,"NUM_ESTADIOS_COM_JOGOS_NO_PONTO":1,"ESTADIOS_AGRUPADOS":"[{\"nome\":\"Fonte Luminosa\",\"nome_atual\":\"Fonte Luminosa\",\"nome_antigo_1\":null,\"nome_antigo_2\":null,\"nomes_alternativos\":[\"Fonte Luminosa\"],\"cidade\":\"Araraquara\",\"estado\":\"São Paulo\",\"pais\":\"Brazil\",\"capacidade\":\"25000\",\"jogos\":20,\"vitorias\":14,\"empates\":5,\"derrotas\":1,\"gols_marcados\":40,\"gols_sofridos\":10,\"data_primeira_partida\":\"2016-05-01\",\"data_ultima_partida\":\"2026-07-20\"}]","STATUS_GEOMETRIA":"PONTO_CONSOLIDADO","PRECISAO_COORDENADAS":"Município (estádio exato não identificado)","FONTE_COORDENADAS":"OpenStreetMap Nominatim (localidade aproximada)","URL_FONTE_COORDENADAS":"https://www.openstreetmap.org/relation/298395","ATRIBUICAO_COORDENADAS":"© OpenStreetMap contributors, ODbL 1.0","FONTES_NOME_ANTIGO":null,"JOGOS_SEM_GEOMETRIA":0}},{"type":"Feature","geometry":{"type":"Point","coordinates":[-48.16960058338128,-21.775035435893585]},"properties":{"SECAO":"BRABAS","TIPO_REGISTRO":"PONTO","NOME_ESTADIO":"OLIVÉRIO BAZZANI FILHO (ARENA DA FONTE LUMINOSA)","NOME_ATUAL":"OLIVÉRIO BAZZANI FILHO (ARENA DA FONTE LUMINOSA)","NOME_ANTIGO_1":null,"NOME_ANTIGO_2":null,"ESTADIO":"OLIVÉRIO BAZZANI FILHO (ARENA DA FONTE LUMINOSA)","ESTÁDIO":"OLIVÉRIO BAZZANI FILHO (ARENA DA FONTE LUMINOSA)","NOME_ANTIGO":null,"NOMES_ALTERNATIVOS":"","CIDADE":"ARARAQUARA ","ESTADO":"SÃO PAULO","PAÍS":"BRASIL","PAIS_ISO3":null,"CAPACIDADE":"20205","LATITUDE":-21.775035435893585,"LONGITUDE":-48.16960058338128,"TOTAL_JOGOS":0,"VITORIAS":0,"VITÓRIAS":0,"EMPATES":0,"DERROTAS":0,"PONTOS_CAMPEONATO":0,"APROVEITAMENTO_PCT":0,"GOLS_MARCADOS":0,"GOLS_SOFRIDOS":0,"SALDO_GOLS":0,"GOLS_POR_PARTIDA":0,"ASSISTENCIAS":null,"ASSISTENCIAS_DISPONIVEIS":false,"ASSISTENCIAS_FONTE":"Não consta nos arquivos locais do Meu Timão ou Daniel Keppler.","JOGOS_COM_PLACAR":0,"JOGOS_SEM_PLACAR":0,"PARTIDAS_DANIEL_KEPPLER":0,"PARTIDAS_MEUTIMAO":0,"FONTES_JOGOS":"","DATA_PRIMEIRA_PARTIDA":null,"ANO_PRIMEIRA_PARTIDA":null,"PRIMEIRA_PARTIDA":null,"ADVERSARIO":null,"PLACAR":null,"COMPETICAO_PRIMEIRA_PARTIDA":null,"MANDO_PRIMEIRA_PARTIDA":null,"FONTE_PRIMEIRA_PARTIDA":null,"DATA_ULTIMA_PARTIDA":null,"ANO_ULTIMA_PARTIDA":null,"ULTIMA_PARTIDA":"","ADVERSARIO_ULTIMA_PARTIDA":null,"PLACAR_ULTIMA_PARTIDA":null,"COMPETICAO_ULTIMA_PARTIDA":null,"MANDO_ULTIMA_PARTIDA":null,"FONTE_ULTIMA_PARTIDA":null,"NUM_ESTADIOS_NO_PONTO":1,"NUM_ESTADIOS_COM_JOGOS_NO_PONTO":0,"ESTADIOS_AGRUPADOS":"[{\"nome\":\"OLIVÉRIO BAZZANI FILHO (ARENA DA FONTE LUMINOSA)\",\"nome_atual\":\"OLIVÉRIO BAZZANI FILHO (ARENA DA FONTE LUMINOSA)\",\"nome_antigo_1\":null,\"nome_antigo_2\":null,\"nomes_alternativos\":[\"OLIVÉRIO BAZZANI FILHO (ARENA DA FONTE LUMINOSA)\"],\"cidade\":\"ARARAQUARA \",\"estado\":\"SÃO PAULO\",\"pais\":\"BRASIL\",\"capacidade\":\"20205\",\"jogos\":0,\"vitorias\":0,\"empates\":0,\"derrotas\":0,\"gols_marcados\":0,\"gols_sofridos\":0,\"data_primeira_partida\":null,\"data_ultima_partida\":null}]","STATUS_GEOMETRIA":"PONTO_CONSOLIDADO","PRECISAO_COORDENADAS":null,"FONTE_COORDENADAS":null,"URL_FONTE_COORDENADAS":null,"ATRIBUICAO_COORDENADAS":null,"FONTES_NOME_ANTIGO":null,"JOGOS_SEM_GEOMETRIA":0}},{"type":"Feature","geometry":{"type":"Point","coordinates":[-48.109266271733446,-15.827361329856274]},"properties":{"SECAO":"BRABAS","TIPO_REGISTRO":"PONTO","NOME_ESTADIO":"MARIA DE LOURDES ABADIA (ABADIÃO)","NOME_ATUAL":"MARIA DE LOURDES ABADIA (ABADIÃO)","NOME_ANTIGO_1":"Abadião","NOME_ANTIGO_2":null,"ESTADIO":"MARIA DE LOURDES ABADIA (ABADIÃO)","ESTÁDIO":"MARIA DE LOURDES ABADIA (ABADIÃO)","NOME_ANTIGO":null,"NOMES_ALTERNATIVOS":"Abadião","CIDADE":"CEILÂNDIA ","ESTADO":"DISTRITO FEDERAL","PAÍS":"BRASIL","PAIS_ISO3":null,"CAPACIDADE":"5000","LATITUDE":-15.827361329856274,"LONGITUDE":-48.109266271733446,"TOTAL_JOGOS":2,"VITORIAS":2,"VITÓRIAS":2,"EMPATES":0,"DERROTAS":0,"PONTOS_CAMPEONATO":6,"APROVEITAMENTO_PCT":100.0,"GOLS_MARCADOS":7,"GOLS_SOFRIDOS":0,"SALDO_GOLS":7,"GOLS_POR_PARTIDA":3.5,"ASSISTENCIAS":null,"ASSISTENCIAS_DISPONIVEIS":false,"ASSISTENCIAS_FONTE":"Não consta nos arquivos locais do Meu Timão ou Daniel Keppler.","JOGOS_COM_PLACAR":2,"JOGOS_SEM_PLACAR":0,"PARTIDAS_DANIEL_KEPPLER":0,"PARTIDAS_MEUTIMAO":2,"FONTES_JOGOS":"Meu Timão","DATA_PRIMEIRA_PARTIDA":"2019-07-27","ANO_PRIMEIRA_PARTIDA":2019,"PRIMEIRA_PARTIDA":"MINAS BRASÍLIA 0x4 CORINTHIANS","ADVERSARIO":"MINAS BRASÍLIA","PLACAR":"0x4","COMPETICAO_PRIMEIRA_PARTIDA":"Brasileiro Feminino 2019","MANDO_PRIMEIRA_PARTIDA":"Não","FONTE_PRIMEIRA_PARTIDA":"https://www.meutimao.com.br/jogo/1286/brasileiro-feminino-2019/minas_brasilia-0-x-4-corinthians","DATA_ULTIMA_PARTIDA":"2022-05-15","ANO_ULTIMA_PARTIDA":2022,"ULTIMA_PARTIDA":"CRESSPOM 0x3 CORINTHIANS","ADVERSARIO_ULTIMA_PARTIDA":"CRESSPOM","PLACAR_ULTIMA_PARTIDA":"0x3","COMPETICAO_ULTIMA_PARTIDA":"Brasileiro Feminino 2022","MANDO_ULTIMA_PARTIDA":"Não","FONTE_ULTIMA_PARTIDA":"Meu Timão","NUM_ESTADIOS_NO_PONTO":1,"NUM_ESTADIOS_COM_JOGOS_NO_PONTO":1,"ESTADIOS_AGRUPADOS":"[{\"nome\":\"MARIA DE LOURDES ABADIA (ABADIÃO)\",\"nome_atual\":\"MARIA DE LOURDES ABADIA (ABADIÃO)\",\"nome_antigo_1\":\"Abadião\",\"nome_antigo_2\":null,\"nomes_alternativos\":[\"Abadião\",\"MARIA DE LOURDES ABADIA (ABADIÃO)\"],\"cidade\":\"CEILÂNDIA \",\"estado\":\"DISTRITO FEDERAL\",\"pais\":\"BRASIL\",\"capacidade\":\"5000\",\"jogos\":2,\"vitorias\":2,\"empates\":0,\"derrotas\":0,\"gols_marcados\":7,\"gols_sofridos\":0,\"data_primeira_partida\":\"2019-07-27\",\"data_ultima_partida\":\"2022-05-15\"}]","STATUS_GEOMETRIA":"PONTO_CONSOLIDADO","PRECISAO_COORDENADAS":null,"FONTE_COORDENADAS":null,"URL_FONTE_COORDENADAS":null,"ATRIBUICAO_COORDENADAS":null,"FONTES_NOME_ANTIGO":null,"JOGOS_SEM_GEOMETRIA":0}},{"type":"Feature","geometry":{"type":"Point","coordinates":[-48.061410548437806,-16.010988388571377]},"properties":{"SECAO":"BRABAS","TIPO_REGISTRO":"PONTO","NOME_ESTADIO":"VALMIR CAMPELO BEZERRA (BEZERRÃO)","NOME_ATUAL":"VALMIR CAMPELO BEZERRA (BEZERRÃO)","NOME_ANTIGO_1":"Bezerrão","NOME_ANTIGO_2":null,"ESTADIO":"VALMIR CAMPELO BEZERRA (BEZERRÃO)","ESTÁDIO":"VALMIR CAMPELO BEZERRA (BEZERRÃO)","NOME_ANTIGO":null,"NOMES_ALTERNATIVOS":"Bezerrão","CIDADE":"GAMA ","ESTADO":"DISTRITO FEDERAL","PAÍS":"BRASIL","PAIS_ISO3":null,"CAPACIDADE":"20310","LATITUDE":-16.010988388571377,"LONGITUDE":-48.061410548437806,"TOTAL_JOGOS":3,"VITORIAS":2,"VITÓRIAS":2,"EMPATES":0,"DERROTAS":1,"PONTOS_CAMPEONATO":6,"APROVEITAMENTO_PCT":66.7,"GOLS_MARCADOS":13,"GOLS_SOFRIDOS":5,"SALDO_GOLS":8,"GOLS_POR_PARTIDA":4.33,"ASSISTENCIAS":null,"ASSISTENCIAS_DISPONIVEIS":false,"ASSISTENCIAS_FONTE":"Não consta nos arquivos locais do Meu Timão ou Daniel Keppler.","JOGOS_COM_PLACAR":3,"JOGOS_SEM_PLACAR":0,"PARTIDAS_DANIEL_KEPPLER":0,"PARTIDAS_MEUTIMAO":3,"FONTES_JOGOS":"Meu Timão","DATA_PRIMEIRA_PARTIDA":"2016-10-13","ANO_PRIMEIRA_PARTIDA":2016,"PRIMEIRA_PARTIDA":"CRESSPOM 2x1 CORINTHIANS","ADVERSARIO":"CRESSPOM","PLACAR":"2x1","COMPETICAO_PRIMEIRA_PARTIDA":"Copa do Brasil 2016","MANDO_PRIMEIRA_PARTIDA":"Não","FONTE_PRIMEIRA_PARTIDA":"https://www.meutimao.com.br/jogo/4697/copa-do-brasil-2016/cresspom-2-x-1-corinthians","DATA_ULTIMA_PARTIDA":"2025-03-24","ANO_ULTIMA_PARTIDA":2025,"ULTIMA_PARTIDA":"REAL BRASÍLIA 2x8 CORINTHIANS","ADVERSARIO_ULTIMA_PARTIDA":"REAL BRASÍLIA","PLACAR_ULTIMA_PARTIDA":"2x8","COMPETICAO_ULTIMA_PARTIDA":"Brasileiro Feminino 2025","MANDO_ULTIMA_PARTIDA":"Não","FONTE_ULTIMA_PARTIDA":"Meu Timão","NUM_ESTADIOS_NO_PONTO":1,"NUM_ESTADIOS_COM_JOGOS_NO_PONTO":1,"ESTADIOS_AGRUPADOS":"[{\"nome\":\"VALMIR CAMPELO BEZERRA (BEZERRÃO)\",\"nome_atual\":\"VALMIR CAMPELO BEZERRA (BEZERRÃO)\",\"nome_antigo_1\":\"Bezerrão\",\"nome_antigo_2\":null,\"nomes_alternativos\":[\"Bezerrão\",\"VALMIR CAMPELO BEZERRA (BEZERRÃO)\"],\"cidade\":\"GAMA \",\"estado\":\"DISTRITO FEDERAL\",\"pais\":\"BRASIL\",\"capacidade\":\"20310\",\"jogos\":3,\"vitorias\":2,\"empates\":0,\"derrotas\":1,\"gols_marcados\":13,\"gols_sofridos\":5,\"data_primeira_partida\":\"2016-10-13\",\"data_ultima_partida\":\"2025-03-24\"}]","STATUS_GEOMETRIA":"PONTO_CONSOLIDADO","PRECISAO_COORDENADAS":null,"FONTE_COORDENADAS":null,"URL_FONTE_COORDENADAS":null,"ATRIBUICAO_COORDENADAS":null,"FONTES_NOME_ANTIGO":null,"JOGOS_SEM_GEOMETRIA":0}},{"type":"Feature","geometry":{"type":"Point","coordinates":[-47.899211,-15.7835191]},"properties":{"SECAO":"BRABAS","TIPO_REGISTRO":"PONTO","NOME_ESTADIO":"Estádio Nacional Mané Garrincha","NOME_ATUAL":"Estádio Nacional Mané Garrincha","NOME_ANTIGO_1":"Arena BRB Mané Garrincha","NOME_ANTIGO_2":"Estádio Governador Hélio Prates da Silveira","ESTADIO":"Estádio Nacional Mané Garrincha","ESTÁDIO":"Estádio Nacional Mané Garrincha","NOME_ANTIGO":"Arena BRB Mané Garrincha","NOMES_ALTERNATIVOS":"Arena BRB Mané Garrincha | Estádio Governador Hélio Prates da Silveira | Estádio Mané Garrincha | Estádio Nacional de Brasília Mané Garrincha | Mané Garrincha","CIDADE":"BRASÍLIA","ESTADO":"DISTRITO FEDERAL","PAÍS":"BRASIL","PAIS_ISO3":null,"CAPACIDADE":"72788","LATITUDE":-15.7835191,"LONGITUDE":-47.899211,"TOTAL_JOGOS":0,"VITORIAS":0,"VITÓRIAS":0,"EMPATES":0,"DERROTAS":0,"PONTOS_CAMPEONATO":0,"APROVEITAMENTO_PCT":0,"GOLS_MARCADOS":0,"GOLS_SOFRIDOS":0,"SALDO_GOLS":0,"GOLS_POR_PARTIDA":0,"ASSISTENCIAS":null,"ASSISTENCIAS_DISPONIVEIS":false,"ASSISTENCIAS_FONTE":"Não consta nos arquivos locais do Meu Timão ou Daniel Keppler.","JOGOS_COM_PLACAR":0,"JOGOS_SEM_PLACAR":0,"PARTIDAS_DANIEL_KEPPLER":0,"PARTIDAS_MEUTIMAO":0,"FONTES_JOGOS":"","DATA_PRIMEIRA_PARTIDA":null,"ANO_PRIMEIRA_PARTIDA":null,"PRIMEIRA_PARTIDA":null,"ADVERSARIO":null,"PLACAR":null,"COMPETICAO_PRIMEIRA_PARTIDA":null,"MANDO_PRIMEIRA_PARTIDA":null,"FONTE_PRIMEIRA_PARTIDA":null,"DATA_ULTIMA_PARTIDA":null,"ANO_ULTIMA_PARTIDA":null,"ULTIMA_PARTIDA":"","ADVERSARIO_ULTIMA_PARTIDA":null,"PLACAR_ULTIMA_PARTIDA":null,"COMPETICAO_ULTIMA_PARTIDA":null,"MANDO_ULTIMA_PARTIDA":null,"FONTE_ULTIMA_PARTIDA":null,"NUM_ESTADIOS_NO_PONTO":1,"NUM_ESTADIOS_COM_JOGOS_NO_PONTO":0,"ESTADIOS_AGRUPADOS":"[{\"nome\":\"Estádio Nacional Mané Garrincha\",\"nome_atual\":\"Estádio Nacional Mané Garrincha\",\"nome_antigo_1\":\"Arena BRB Mané Garrincha\",\"nome_antigo_2\":\"Estádio Governador Hélio Prates da Silveira\",\"nomes_alternativos\":[\"Arena BRB Mané Garrincha\",\"Estádio Governador Hélio Prates da Silveira\",\"Estádio Mané Garrincha\",\"Estádio Nacional Mané Garrincha\",\"Estádio Nacional de Brasília Mané Garrincha\",\"Mané Garrincha\"],\"cidade\":\"BRASÍLIA\",\"estado\":\"DISTRITO FEDERAL\",\"pais\":\"BRASIL\",\"capacidade\":\"72788\",\"jogos\":0,\"vitorias\":0,\"empates\":0,\"derrotas\":0,\"gols_marcados\":0,\"gols_sofridos\":0,\"data_primeira_partida\":null,\"data_ultima_partida\":null}]","STATUS_GEOMETRIA":"PONTO_CONSOLIDADO","PRECISAO_COORDENADAS":null,"FONTE_COORDENADAS":"OpenStreetMap Nominatim (geocodificação reversa)","URL_FONTE_COORDENADAS":"https://www.openstreetmap.org/relation/2758138","ATRIBUICAO_COORDENADAS":"© OpenStreetMap contributors, ODbL 1.0","FONTES_NOME_ANTIGO":"https://pt.wikipedia.org/wiki/Est%C3%A1dio_Nacional_de_Bras%C3%ADlia_Man%C3%A9_Garrincha | https://g1.globo.com/df/distrito-federal/noticia/2026/04/22/brb-e-estadio-mane-garrincha-encerram-acordo-de-naming-rights-da-arena.ghtml","JOGOS_SEM_GEOMETRIA":0}},{"type":"Feature","geometry":{"type":"Point","coordinates":[-47.85364308666135,-15.790862358451054]},"properties":{"SECAO":"BRABAS","TIPO_REGISTRO":"PONTO","NOME_ESTADIO":"CIRO MACHADO DO ESPÍRITO SANTO (DEFELÊ)","NOME_ATUAL":"CIRO MACHADO DO ESPÍRITO SANTO (DEFELÊ)","NOME_ANTIGO_1":"Defelê","NOME_ANTIGO_2":null,"ESTADIO":"CIRO MACHADO DO ESPÍRITO SANTO (DEFELÊ)","ESTÁDIO":"CIRO MACHADO DO ESPÍRITO SANTO (DEFELÊ)","NOME_ANTIGO":null,"NOMES_ALTERNATIVOS":"Defelê","CIDADE":"BRASÍLIA","ESTADO":"DISTRITO FEDERAL","PAÍS":"BRASIL","PAIS_ISO3":null,"CAPACIDADE":"6875","LATITUDE":-15.790862358451054,"LONGITUDE":-47.85364308666135,"TOTAL_JOGOS":1,"VITORIAS":0,"VITÓRIAS":0,"EMPATES":1,"DERROTAS":0,"PONTOS_CAMPEONATO":1,"APROVEITAMENTO_PCT":33.3,"GOLS_MARCADOS":0,"GOLS_SOFRIDOS":0,"SALDO_GOLS":0,"GOLS_POR_PARTIDA":0.0,"ASSISTENCIAS":null,"ASSISTENCIAS_DISPONIVEIS":false,"ASSISTENCIAS_FONTE":"Não consta nos arquivos locais do Meu Timão ou Daniel Keppler.","JOGOS_COM_PLACAR":1,"JOGOS_SEM_PLACAR":0,"PARTIDAS_DANIEL_KEPPLER":0,"PARTIDAS_MEUTIMAO":1,"FONTES_JOGOS":"Meu Timão","DATA_PRIMEIRA_PARTIDA":"2023-04-02","ANO_PRIMEIRA_PARTIDA":2023,"PRIMEIRA_PARTIDA":"REAL BRASÍLIA 0x0 CORINTHIANS","ADVERSARIO":"REAL BRASÍLIA","PLACAR":"0x0","COMPETICAO_PRIMEIRA_PARTIDA":"Brasileiro Feminino 2023","MANDO_PRIMEIRA_PARTIDA":"Não","FONTE_PRIMEIRA_PARTIDA":"https://www.meutimao.com.br/jogo/7611/brasileiro-feminino-2023/real_brasilia-0-x-0-corinthians","DATA_ULTIMA_PARTIDA":"2023-04-02","ANO_ULTIMA_PARTIDA":2023,"ULTIMA_PARTIDA":"REAL BRASÍLIA 0x0 CORINTHIANS","ADVERSARIO_ULTIMA_PARTIDA":"REAL BRASÍLIA","PLACAR_ULTIMA_PARTIDA":"0x0","COMPETICAO_ULTIMA_PARTIDA":"Brasileiro Feminino 2023","MANDO_ULTIMA_PARTIDA":"Não","FONTE_ULTIMA_PARTIDA":"Meu Timão","NUM_ESTADIOS_NO_PONTO":1,"NUM_ESTADIOS_COM_JOGOS_NO_PONTO":1,"ESTADIOS_AGRUPADOS":"[{\"nome\":\"CIRO MACHADO DO ESPÍRITO SANTO (DEFELÊ)\",\"nome_atual\":\"CIRO MACHADO DO ESPÍRITO SANTO (DEFELÊ)\",\"nome_antigo_1\":\"Defelê\",\"nome_antigo_2\":null,\"nomes_alternativos\":[\"CIRO MACHADO DO ESPÍRITO SANTO (DEFELÊ)\",\"Defelê\"],\"cidade\":\"BRASÍLIA\",\"estado\":\"DISTRITO FEDERAL\",\"pais\":\"BRASIL\",\"capacidade\":\"6875\",\"jogos\":1,\"vitorias\":0,\"empates\":1,\"derrotas\":0,\"gols_marcados\":0,\"gols_sofridos\":0,\"data_primeira_partida\":\"2023-04-02\",\"data_ultima_partida\":\"2023-04-02\"}]","STATUS_GEOMETRIA":"PONTO_CONSOLIDADO","PRECISAO_COORDENADAS":null,"FONTE_COORDENADAS":null,"URL_FONTE_COORDENADAS":null,"ATRIBUICAO_COORDENADAS":null,"FONTES_NOME_ANTIGO":null,"JOGOS_SEM_GEOMETRIA":0}},{"type":"Feature","geometry":{"type":"Point","coordinates":[-47.6371327,-22.7295831]},"properties":{"SECAO":"BRABAS","TIPO_REGISTRO":"PONTO","NOME_ESTADIO":"Barão","NOME_ATUAL":"Barão","NOME_ANTIGO_1":null,"NOME_ANTIGO_2":null,"ESTADIO":"Barão","ESTÁDIO":"Barão","NOME_ANTIGO":null,"NOMES_ALTERNATIVOS":"","CIDADE":"Piracicaba","ESTADO":"São Paulo","PAÍS":"Brazil","PAIS_ISO3":null,"CAPACIDADE":"18000","LATITUDE":-22.7295831,"LONGITUDE":-47.6371327,"TOTAL_JOGOS":1,"VITORIAS":0,"VITÓRIAS":0,"EMPATES":1,"DERROTAS":0,"PONTOS_CAMPEONATO":1,"APROVEITAMENTO_PCT":33.3,"GOLS_MARCADOS":0,"GOLS_SOFRIDOS":0,"SALDO_GOLS":0,"GOLS_POR_PARTIDA":0.0,"ASSISTENCIAS":null,"ASSISTENCIAS_DISPONIVEIS":false,"ASSISTENCIAS_FONTE":"Não consta nos arquivos locais do Meu Timão ou Daniel Keppler.","JOGOS_COM_PLACAR":1,"JOGOS_SEM_PLACAR":0,"PARTIDAS_DANIEL_KEPPLER":0,"PARTIDAS_MEUTIMAO":1,"FONTES_JOGOS":"Meu Timão","DATA_PRIMEIRA_PARTIDA":"2016-05-15","ANO_PRIMEIRA_PARTIDA":2016,"PRIMEIRA_PARTIDA":"XV DE PIRACICABA 0x0 CORINTHIANS","ADVERSARIO":"XV DE PIRACICABA","PLACAR":"0x0","COMPETICAO_PRIMEIRA_PARTIDA":"Paulista 2016","MANDO_PRIMEIRA_PARTIDA":"Não","FONTE_PRIMEIRA_PARTIDA":"https://www.meutimao.com.br/jogo/4714/paulista-2016/xv_de_piracicaba-0-x-0-corinthians","DATA_ULTIMA_PARTIDA":"2016-05-15","ANO_ULTIMA_PARTIDA":2016,"ULTIMA_PARTIDA":"XV DE PIRACICABA 0x0 CORINTHIANS","ADVERSARIO_ULTIMA_PARTIDA":"XV DE PIRACICABA","PLACAR_ULTIMA_PARTIDA":"0x0","COMPETICAO_ULTIMA_PARTIDA":"Paulista 2016","MANDO_ULTIMA_PARTIDA":"Não","FONTE_ULTIMA_PARTIDA":"Meu Timão","NUM_ESTADIOS_NO_PONTO":1,"NUM_ESTADIOS_COM_JOGOS_NO_PONTO":1,"ESTADIOS_AGRUPADOS":"[{\"nome\":\"Barão\",\"nome_atual\":\"Barão\",\"nome_antigo_1\":null,\"nome_antigo_2\":null,\"nomes_alternativos\":[\"Barão\"],\"cidade\":\"Piracicaba\",\"estado\":\"São Paulo\",\"pais\":\"Brazil\",\"capacidade\":\"18000\",\"jogos\":1,\"vitorias\":0,\"empates\":1,\"derrotas\":0,\"gols_marcados\":0,\"gols_sofridos\":0,\"data_primeira_partida\":\"2016-05-15\",\"data_ultima_partida\":\"2016-05-15\"}]","STATUS_GEOMETRIA":"PONTO_CONSOLIDADO","PRECISAO_COORDENADAS":"Estádio identificado","FONTE_COORDENADAS":"OpenStreetMap Nominatim","URL_FONTE_COORDENADAS":"https://www.openstreetmap.org/way/89849118","ATRIBUICAO_COORDENADAS":"© OpenStreetMap contributors, ODbL 1.0","FONTES_NOME_ANTIGO":null,"JOGOS_SEM_GEOMETRIA":0}},{"type":"Feature","geometry":{"type":"Point","coordinates":[-47.636643578179694,-22.729396701895876]},"properties":{"SECAO":"BRABAS","TIPO_REGISTRO":"PONTO","NOME_ESTADIO":"BARÃO DA SERRA NEGRA","NOME_ATUAL":"BARÃO DA SERRA NEGRA","NOME_ANTIGO_1":null,"NOME_ANTIGO_2":null,"ESTADIO":"BARÃO DA SERRA NEGRA","ESTÁDIO":"BARÃO DA SERRA NEGRA","NOME_ANTIGO":null,"NOMES_ALTERNATIVOS":"","CIDADE":"PIRACICABA ","ESTADO":"SÃO PAULO","PAÍS":"BRASIL","PAIS_ISO3":null,"CAPACIDADE":"18000","LATITUDE":-22.729396701895876,"LONGITUDE":-47.636643578179694,"TOTAL_JOGOS":0,"VITORIAS":0,"VITÓRIAS":0,"EMPATES":0,"DERROTAS":0,"PONTOS_CAMPEONATO":0,"APROVEITAMENTO_PCT":0,"GOLS_MARCADOS":0,"GOLS_SOFRIDOS":0,"SALDO_GOLS":0,"GOLS_POR_PARTIDA":0,"ASSISTENCIAS":null,"ASSISTENCIAS_DISPONIVEIS":false,"ASSISTENCIAS_FONTE":"Não consta nos arquivos locais do Meu Timão ou Daniel Keppler.","JOGOS_COM_PLACAR":0,"JOGOS_SEM_PLACAR":0,"PARTIDAS_DANIEL_KEPPLER":0,"PARTIDAS_MEUTIMAO":0,"FONTES_JOGOS":"","DATA_PRIMEIRA_PARTIDA":null,"ANO_PRIMEIRA_PARTIDA":null,"PRIMEIRA_PARTIDA":null,"ADVERSARIO":null,"PLACAR":null,"COMPETICAO_PRIMEIRA_PARTIDA":null,"MANDO_PRIMEIRA_PARTIDA":null,"FONTE_PRIMEIRA_PARTIDA":null,"DATA_ULTIMA_PARTIDA":null,"ANO_ULTIMA_PARTIDA":null,"ULTIMA_PARTIDA":"","ADVERSARIO_ULTIMA_PARTIDA":null,"PLACAR_ULTIMA_PARTIDA":null,"COMPETICAO_ULTIMA_PARTIDA":null,"MANDO_ULTIMA_PARTIDA":null,"FONTE_ULTIMA_PARTIDA":null,"NUM_ESTADIOS_NO_PONTO":1,"NUM_ESTADIOS_COM_JOGOS_NO_PONTO":0,"ESTADIOS_AGRUPADOS":"[{\"nome\":\"BARÃO DA SERRA NEGRA\",\"nome_atual\":\"BARÃO DA SERRA NEGRA\",\"nome_antigo_1\":null,\"nome_antigo_2\":null,\"nomes_alternativos\":[\"BARÃO DA SERRA NEGRA\"],\"cidade\":\"PIRACICABA \",\"estado\":\"SÃO PAULO\",\"pais\":\"BRASIL\",\"capacidade\":\"18000\",\"jogos\":0,\"vitorias\":0,\"empates\":0,\"derrotas\":0,\"gols_marcados\":0,\"gols_sofridos\":0,\"data_primeira_partida\":null,\"data_ultima_partida\":null}]","STATUS_GEOMETRIA":"PONTO_CONSOLIDADO","PRECISAO_COORDENADAS":null,"FONTE_COORDENADAS":null,"URL_FONTE_COORDENADAS":null,"ATRIBUICAO_COORDENADAS":null,"FONTES_NOME_ANTIGO":null,"JOGOS_SEM_GEOMETRIA":0}},{"type":"Feature","geometry":{"type":"Point","coordinates":[-47.5564008,-22.4181293]},"properties":{"SECAO":"BRABAS","TIPO_REGISTRO":"PONTO","NOME_ESTADIO":"Benito Agnelo Castellano","NOME_ATUAL":"Benito Agnelo Castellano","NOME_ANTIGO_1":null,"NOME_ANTIGO_2":null,"ESTADIO":"Benito Agnelo Castellano","ESTÁDIO":"Benito Agnelo Castellano","NOME_ANTIGO":null,"NOMES_ALTERNATIVOS":"Estádio Benito Agnelo Castellano","CIDADE":"Rio Claro","ESTADO":"São Paulo","PAÍS":"Brasil","PAIS_ISO3":null,"CAPACIDADE":null,"LATITUDE":-22.4181293,"LONGITUDE":-47.5564008,"TOTAL_JOGOS":1,"VITORIAS":1,"VITÓRIAS":1,"EMPATES":0,"DERROTAS":0,"PONTOS_CAMPEONATO":3,"APROVEITAMENTO_PCT":100.0,"GOLS_MARCADOS":6,"GOLS_SOFRIDOS":0,"SALDO_GOLS":6,"GOLS_POR_PARTIDA":6.0,"ASSISTENCIAS":null,"ASSISTENCIAS_DISPONIVEIS":false,"ASSISTENCIAS_FONTE":"Não consta nos arquivos locais do Meu Timão ou Daniel Keppler.","JOGOS_COM_PLACAR":1,"JOGOS_SEM_PLACAR":0,"PARTIDAS_DANIEL_KEPPLER":0,"PARTIDAS_MEUTIMAO":1,"FONTES_JOGOS":"Meu Timão","DATA_PRIMEIRA_PARTIDA":"2026-05-14","ANO_PRIMEIRA_PARTIDA":2026,"PRIMEIRA_PARTIDA":"RED BULL BRAGANTINO 0x6 CORINTHIANS","ADVERSARIO":"RED BULL BRAGANTINO","PLACAR":"0x6","COMPETICAO_PRIMEIRA_PARTIDA":"Paulista Feminino 2026","MANDO_PRIMEIRA_PARTIDA":"Não","FONTE_PRIMEIRA_PARTIDA":"https://www.meutimao.com.br/jogo/9009/paulista-feminino-2026/red_bull_bragantino-0-x-6-corinthians","DATA_ULTIMA_PARTIDA":"2026-05-14","ANO_ULTIMA_PARTIDA":2026,"ULTIMA_PARTIDA":"RED BULL BRAGANTINO 0x6 CORINTHIANS","ADVERSARIO_ULTIMA_PARTIDA":"RED BULL BRAGANTINO","PLACAR_ULTIMA_PARTIDA":"0x6","COMPETICAO_ULTIMA_PARTIDA":"Paulista Feminino 2026","MANDO_ULTIMA_PARTIDA":"Não","FONTE_ULTIMA_PARTIDA":"Meu Timão","NUM_ESTADIOS_NO_PONTO":2,"NUM_ESTADIOS_COM_JOGOS_NO_PONTO":1,"ESTADIOS_AGRUPADOS":"[{\"nome\":\"Benito Agnelo Castellano\",\"nome_atual\":\"Benito Agnelo Castellano\",\"nome_antigo_1\":null,\"nome_antigo_2\":null,\"nomes_alternativos\":[\"Benito Agnelo Castellano\"],\"cidade\":\"Rio Claro\",\"estado\":\"São Paulo\",\"pais\":\"Brasil\",\"capacidade\":null,\"jogos\":1,\"vitorias\":1,\"empates\":0,\"derrotas\":0,\"gols_marcados\":6,\"gols_sofridos\":0,\"data_primeira_partida\":\"2026-05-14\",\"data_ultima_partida\":\"2026-05-14\"},{\"nome\":\"Estádio Benito Agnelo Castellano\",\"nome_atual\":\"Estádio Benito Agnelo Castellano\",\"nome_antigo_1\":null,\"nome_antigo_2\":null,\"nomes_alternativos\":[\"Estádio Benito Agnelo Castellano\"],\"cidade\":\"Rio Claro\",\"estado\":\"São Paulo\",\"pais\":\"Brazil\",\"capacidade\":null,\"jogos\":0,\"vitorias\":0,\"empates\":0,\"derrotas\":0,\"gols_marcados\":0,\"gols_sofridos\":0,\"data_primeira_partida\":null,\"data_ultima_partida\":null}]","STATUS_GEOMETRIA":"PONTO_CONSOLIDADO","PRECISAO_COORDENADAS":null,"FONTE_COORDENADAS":"OpenStreetMap Nominatim (geocodificação reversa)","URL_FONTE_COORDENADAS":"https://www.openstreetmap.org/relation/298435","ATRIBUICAO_COORDENADAS":"© OpenStreetMap contributors, ODbL 1.0","FONTES_NOME_ANTIGO":null,"JOGOS_SEM_GEOMETRIA":0}},{"type":"Feature","geometry":{"type":"Point","coordinates":[-47.5563066428755,-22.41792784466464]},"properties":{"SECAO":"BRABAS","TIPO_REGISTRO":"PONTO","NOME_ESTADIO":"BENITO AGNELLO CASTELLANO (BENITÃO)","NOME_ATUAL":"BENITO AGNELLO CASTELLANO (BENITÃO)","NOME_ANTIGO_1":null,"NOME_ANTIGO_2":null,"ESTADIO":"BENITO AGNELLO CASTELLANO (BENITÃO)","ESTÁDIO":"BENITO AGNELLO CASTELLANO (BENITÃO)","NOME_ANTIGO":null,"NOMES_ALTERNATIVOS":"","CIDADE":"RIO CLARO","ESTADO":"SÃO PAULO","PAÍS":"BRASIL","PAIS_ISO3":null,"CAPACIDADE":"8136","LATITUDE":-22.41792784466464,"LONGITUDE":-47.5563066428755,"TOTAL_JOGOS":0,"VITORIAS":0,"VITÓRIAS":0,"EMPATES":0,"DERROTAS":0,"PONTOS_CAMPEONATO":0,"APROVEITAMENTO_PCT":0,"GOLS_MARCADOS":0,"GOLS_SOFRIDOS":0,"SALDO_GOLS":0,"GOLS_POR_PARTIDA":0,"ASSISTENCIAS":null,"ASSISTENCIAS_DISPONIVEIS":false,"ASSISTENCIAS_FONTE":"Não consta nos arquivos locais do Meu Timão ou Daniel Keppler.","JOGOS_COM_PLACAR":0,"JOGOS_SEM_PLACAR":0,"PARTIDAS_DANIEL_KEPPLER":0,"PARTIDAS_MEUTIMAO":0,"FONTES_JOGOS":"","DATA_PRIMEIRA_PARTIDA":null,"ANO_PRIMEIRA_PARTIDA":null,"PRIMEIRA_PARTIDA":null,"ADVERSARIO":null,"PLACAR":null,"COMPETICAO_PRIMEIRA_PARTIDA":null,"MANDO_PRIMEIRA_PARTIDA":null,"FONTE_PRIMEIRA_PARTIDA":null,"DATA_ULTIMA_PARTIDA":null,"ANO_ULTIMA_PARTIDA":null,"ULTIMA_PARTIDA":"","ADVERSARIO_ULTIMA_PARTIDA":null,"PLACAR_ULTIMA_PARTIDA":null,"COMPETICAO_ULTIMA_PARTIDA":null,"MANDO_ULTIMA_PARTIDA":null,"FONTE_ULTIMA_PARTIDA":null,"NUM_ESTADIOS_NO_PONTO":1,"NUM_ESTADIOS_COM_JOGOS_NO_PONTO":0,"ESTADIOS_AGRUPADOS":"[{\"nome\":\"BENITO AGNELLO CASTELLANO (BENITÃO)\",\"nome_atual\":\"BENITO AGNELLO CASTELLANO (BENITÃO)\",\"nome_antigo_1\":null,\"nome_antigo_2\":null,\"nomes_alternativos\":[\"BENITO AGNELLO CASTELLANO (BENITÃO)\"],\"cidade\":\"RIO CLARO\",\"estado\":\"SÃO PAULO\",\"pais\":\"BRASIL\",\"capacidade\":\"8136\",\"jogos\":0,\"vitorias\":0,\"empates\":0,\"derrotas\":0,\"gols_marcados\":0,\"gols_sofridos\":0,\"data_primeira_partida\":null,\"data_ultima_partida\":null}]","STATUS_GEOMETRIA":"PONTO_CONSOLIDADO","PRECISAO_COORDENADAS":null,"FONTE_COORDENADAS":null,"URL_FONTE_COORDENADAS":null,"ATRIBUICAO_COORDENADAS":null,"FONTES_NOME_ANTIGO":null,"JOGOS_SEM_GEOMETRIA":0}},{"type":"Feature","geometry":{"type":"Point","coordinates":[-47.45432746430542,-23.491868363150374]},"properties":{"SECAO":"BRABAS","TIPO_REGISTRO":"PONTO","NOME_ESTADIO":"RUI COSTA RODRIGUES (CAMPO DO ESTRADA DE FERRO SOROCABANA)","NOME_ATUAL":"RUI COSTA RODRIGUES (CAMPO DO ESTRADA DE FERRO SOROCABANA)","NOME_ANTIGO_1":null,"NOME_ANTIGO_2":null,"ESTADIO":"RUI COSTA RODRIGUES (CAMPO DO ESTRADA DE FERRO SOROCABANA)","ESTÁDIO":"RUI COSTA RODRIGUES (CAMPO DO ESTRADA DE FERRO SOROCABANA)","NOME_ANTIGO":null,"NOMES_ALTERNATIVOS":"","CIDADE":"SOROCABA ","ESTADO":"SÃO PAULO","PAÍS":"BRASIL","PAIS_ISO3":null,"CAPACIDADE":"6000","LATITUDE":-23.491868363150374,"LONGITUDE":-47.45432746430542,"TOTAL_JOGOS":1,"VITORIAS":1,"VITÓRIAS":1,"EMPATES":0,"DERROTAS":0,"PONTOS_CAMPEONATO":3,"APROVEITAMENTO_PCT":100.0,"GOLS_MARCADOS":1,"GOLS_SOFRIDOS":0,"SALDO_GOLS":1,"GOLS_POR_PARTIDA":1.0,"ASSISTENCIAS":null,"ASSISTENCIAS_DISPONIVEIS":false,"ASSISTENCIAS_FONTE":"Não consta nos arquivos locais do Meu Timão ou Daniel Keppler.","JOGOS_COM_PLACAR":1,"JOGOS_SEM_PLACAR":0,"PARTIDAS_DANIEL_KEPPLER":1,"PARTIDAS_MEUTIMAO":0,"FONTES_JOGOS":"Daniel Keppler","DATA_PRIMEIRA_PARTIDA":"2015-09-26","ANO_PRIMEIRA_PARTIDA":2015,"PRIMEIRA_PARTIDA":"SOROCABA / CLUBE CEFAS 0x1 CORINTHIANS","ADVERSARIO":"SOROCABA / CLUBE CEFAS","PLACAR":"0x1","COMPETICAO_PRIMEIRA_PARTIDA":"CAMPEONATO PAULISTA / LINAF","MANDO_PRIMEIRA_PARTIDA":"Não","FONTE_PRIMEIRA_PARTIDA":null,"DATA_ULTIMA_PARTIDA":"2015-09-26","ANO_ULTIMA_PARTIDA":2015,"ULTIMA_PARTIDA":"SOROCABA / CLUBE CEFAS 0x1 CORINTHIANS","ADVERSARIO_ULTIMA_PARTIDA":"SOROCABA / CLUBE CEFAS","PLACAR_ULTIMA_PARTIDA":"0x1","COMPETICAO_ULTIMA_PARTIDA":"CAMPEONATO PAULISTA / LINAF","MANDO_ULTIMA_PARTIDA":"Não","FONTE_ULTIMA_PARTIDA":"Daniel Keppler","NUM_ESTADIOS_NO_PONTO":1,"NUM_ESTADIOS_COM_JOGOS_NO_PONTO":1,"ESTADIOS_AGRUPADOS":"[{\"nome\":\"RUI COSTA RODRIGUES (CAMPO DO ESTRADA DE FERRO SOROCABANA)\",\"nome_atual\":\"RUI COSTA RODRIGUES (CAMPO DO ESTRADA DE FERRO SOROCABANA)\",\"nome_antigo_1\":null,\"nome_antigo_2\":null,\"nomes_alternativos\":[\"RUI COSTA RODRIGUES (CAMPO DO ESTRADA DE FERRO SOROCABANA)\"],\"cidade\":\"SOROCABA \",\"estado\":\"SÃO PAULO\",\"pais\":\"BRASIL\",\"capacidade\":\"6000\",\"jogos\":1,\"vitorias\":1,\"empates\":0,\"derrotas\":0,\"gols_marcados\":1,\"gols_sofridos\":0,\"data_primeira_partida\":\"2015-09-26\",\"data_ultima_partida\":\"2015-09-26\"}]","STATUS_GEOMETRIA":"PONTO_CONSOLIDADO","PRECISAO_COORDENADAS":null,"FONTE_COORDENADAS":null,"URL_FONTE_COORDENADAS":null,"ATRIBUICAO_COORDENADAS":null,"FONTES_NOME_ANTIGO":null,"JOGOS_SEM_GEOMETRIA":0}},{"type":"Feature","geometry":{"type":"Point","coordinates":[-47.44804377173344,-23.490105968118197]},"properties":{"SECAO":"BRABAS","TIPO_REGISTRO":"PONTO","NOME_ESTADIO":"CENTRO DE INTEGRAÇÃO COMUNITÁRIO WALTER RIBEIRO","NOME_ATUAL":"CENTRO DE INTEGRAÇÃO COMUNITÁRIO WALTER RIBEIRO","NOME_ANTIGO_1":null,"NOME_ANTIGO_2":null,"ESTADIO":"CENTRO DE INTEGRAÇÃO COMUNITÁRIO WALTER RIBEIRO","ESTÁDIO":"CENTRO DE INTEGRAÇÃO COMUNITÁRIO WALTER RIBEIRO","NOME_ANTIGO":null,"NOMES_ALTERNATIVOS":"","CIDADE":"SOROCABA ","ESTADO":"SÃO PAULO","PAÍS":"BRASIL","PAIS_ISO3":null,"CAPACIDADE":"13772","LATITUDE":-23.490105968118197,"LONGITUDE":-47.44804377173344,"TOTAL_JOGOS":2,"VITORIAS":2,"VITÓRIAS":2,"EMPATES":0,"DERROTAS":0,"PONTOS_CAMPEONATO":6,"APROVEITAMENTO_PCT":100.0,"GOLS_MARCADOS":10,"GOLS_SOFRIDOS":1,"SALDO_GOLS":9,"GOLS_POR_PARTIDA":5.0,"ASSISTENCIAS":null,"ASSISTENCIAS_DISPONIVEIS":false,"ASSISTENCIAS_FONTE":"Não consta nos arquivos locais do Meu Timão ou Daniel Keppler.","JOGOS_COM_PLACAR":2,"JOGOS_SEM_PLACAR":0,"PARTIDAS_DANIEL_KEPPLER":2,"PARTIDAS_MEUTIMAO":0,"FONTES_JOGOS":"Daniel Keppler","DATA_PRIMEIRA_PARTIDA":"2008-09-06","ANO_PRIMEIRA_PARTIDA":2008,"PRIMEIRA_PARTIDA":"SOROCABANA 1x7 CORINTHIANS","ADVERSARIO":"SOROCABANA","PLACAR":"1x7","COMPETICAO_PRIMEIRA_PARTIDA":"CAMPEONATO PAULISTA / FPF","MANDO_PRIMEIRA_PARTIDA":"Não","FONTE_PRIMEIRA_PARTIDA":null,"DATA_ULTIMA_PARTIDA":"2009-05-16","ANO_ULTIMA_PARTIDA":2009,"ULTIMA_PARTIDA":"SÃO BENTO 0x3 CORINTHIANS","ADVERSARIO_ULTIMA_PARTIDA":"SÃO BENTO","PLACAR_ULTIMA_PARTIDA":"0x3","COMPETICAO_ULTIMA_PARTIDA":"CAMPEONATO PAULISTA / FPF","MANDO_ULTIMA_PARTIDA":"Não","FONTE_ULTIMA_PARTIDA":"Daniel Keppler","NUM_ESTADIOS_NO_PONTO":1,"NUM_ESTADIOS_COM_JOGOS_NO_PONTO":1,"ESTADIOS_AGRUPADOS":"[{\"nome\":\"CENTRO DE INTEGRAÇÃO COMUNITÁRIO WALTER RIBEIRO\",\"nome_atual\":\"CENTRO DE INTEGRAÇÃO COMUNITÁRIO WALTER RIBEIRO\",\"nome_antigo_1\":null,\"nome_antigo_2\":null,\"nomes_alternativos\":[\"CENTRO DE INTEGRAÇÃO COMUNITÁRIO WALTER RIBEIRO\"],\"cidade\":\"SOROCABA \",\"estado\":\"SÃO PAULO\",\"pais\":\"BRASIL\",\"capacidade\":\"13772\",\"jogos\":2,\"vitorias\":2,\"empates\":0,\"derrotas\":0,\"gols_marcados\":10,\"gols_sofridos\":1,\"data_primeira_partida\":\"2008-09-06\",\"data_ultima_partida\":\"2009-05-16\"}]","STATUS_GEOMETRIA":"PONTO_CONSOLIDADO","PRECISAO_COORDENADAS":null,"FONTE_COORDENADAS":null,"URL_FONTE_COORDENADAS":null,"ATRIBUICAO_COORDENADAS":null,"FONTES_NOME_ANTIGO":null,"JOGOS_SEM_GEOMETRIA":0}},{"type":"Feature","geometry":{"type":"Point","coordinates":[-47.43853746369406,-23.515794188300706]},"properties":{"SECAO":"BRABAS","TIPO_REGISTRO":"PONTO","NOME_ESTADIO":"CAMPO DO CANTO DO RIO","NOME_ATUAL":"CAMPO DO CANTO DO RIO","NOME_ANTIGO_1":null,"NOME_ANTIGO_2":null,"ESTADIO":"CAMPO DO CANTO DO RIO","ESTÁDIO":"CAMPO DO CANTO DO RIO","NOME_ANTIGO":null,"NOMES_ALTERNATIVOS":"","CIDADE":"SOROCABA ","ESTADO":"SÃO PAULO","PAÍS":"BRASIL","PAIS_ISO3":null,"CAPACIDADE":"DESCONHECIDA","LATITUDE":-23.515794188300706,"LONGITUDE":-47.43853746369406,"TOTAL_JOGOS":1,"VITORIAS":0,"VITÓRIAS":0,"EMPATES":1,"DERROTAS":0,"PONTOS_CAMPEONATO":1,"APROVEITAMENTO_PCT":33.3,"GOLS_MARCADOS":2,"GOLS_SOFRIDOS":2,"SALDO_GOLS":0,"GOLS_POR_PARTIDA":2.0,"ASSISTENCIAS":null,"ASSISTENCIAS_DISPONIVEIS":false,"ASSISTENCIAS_FONTE":"Não consta nos arquivos locais do Meu Timão ou Daniel Keppler.","JOGOS_COM_PLACAR":1,"JOGOS_SEM_PLACAR":0,"PARTIDAS_DANIEL_KEPPLER":1,"PARTIDAS_MEUTIMAO":0,"FONTES_JOGOS":"Daniel Keppler","DATA_PRIMEIRA_PARTIDA":"2015-10-31","ANO_PRIMEIRA_PARTIDA":2015,"PRIMEIRA_PARTIDA":"VOTORANTIM 2x2 CORINTHIANS","ADVERSARIO":"VOTORANTIM","PLACAR":"2x2","COMPETICAO_PRIMEIRA_PARTIDA":"CAMPEONATO PAULISTA / LINAF","MANDO_PRIMEIRA_PARTIDA":"Não","FONTE_PRIMEIRA_PARTIDA":null,"DATA_ULTIMA_PARTIDA":"2015-10-31","ANO_ULTIMA_PARTIDA":2015,"ULTIMA_PARTIDA":"VOTORANTIM 2x2 CORINTHIANS","ADVERSARIO_ULTIMA_PARTIDA":"VOTORANTIM","PLACAR_ULTIMA_PARTIDA":"2x2","COMPETICAO_ULTIMA_PARTIDA":"CAMPEONATO PAULISTA / LINAF","MANDO_ULTIMA_PARTIDA":"Não","FONTE_ULTIMA_PARTIDA":"Daniel Keppler","NUM_ESTADIOS_NO_PONTO":1,"NUM_ESTADIOS_COM_JOGOS_NO_PONTO":1,"ESTADIOS_AGRUPADOS":"[{\"nome\":\"CAMPO DO CANTO DO RIO\",\"nome_atual\":\"CAMPO DO CANTO DO RIO\",\"nome_antigo_1\":null,\"nome_antigo_2\":null,\"nomes_alternativos\":[\"CAMPO DO CANTO DO RIO\"],\"cidade\":\"SOROCABA \",\"estado\":\"SÃO PAULO\",\"pais\":\"BRASIL\",\"capacidade\":\"DESCONHECIDA\",\"jogos\":1,\"vitorias\":0,\"empates\":1,\"derrotas\":0,\"gols_marcados\":2,\"gols_sofridos\":2,\"data_primeira_partida\":\"2015-10-31\",\"data_ultima_partida\":\"2015-10-31\"}]","STATUS_GEOMETRIA":"PONTO_CONSOLIDADO","PRECISAO_COORDENADAS":null,"FONTE_COORDENADAS":null,"URL_FONTE_COORDENADAS":null,"ATRIBUICAO_COORDENADAS":null,"FONTES_NOME_ANTIGO":null,"JOGOS_SEM_GEOMETRIA":0}},{"type":"Feature","geometry":{"type":"Point","coordinates":[-47.41149330943577,-22.574173643057147]},"properties":{"SECAO":"BRABAS","TIPO_REGISTRO":"PONTO","NOME_ESTADIO":"COMENDADOR AGOSTINHO PRADA (PRADÃO)","NOME_ATUAL":"COMENDADOR AGOSTINHO PRADA (PRADÃO)","NOME_ANTIGO_1":"Pradão","NOME_ANTIGO_2":null,"ESTADIO":"COMENDADOR AGOSTINHO PRADA (PRADÃO)","ESTÁDIO":"COMENDADOR AGOSTINHO PRADA (PRADÃO)","NOME_ANTIGO":null,"NOMES_ALTERNATIVOS":"Pradão","CIDADE":"LIMEIRA ","ESTADO":"SÃO PAULO","PAÍS":"BRASIL","PAIS_ISO3":null,"CAPACIDADE":"9483","LATITUDE":-22.574173643057147,"LONGITUDE":-47.41149330943577,"TOTAL_JOGOS":1,"VITORIAS":1,"VITÓRIAS":1,"EMPATES":0,"DERROTAS":0,"PONTOS_CAMPEONATO":3,"APROVEITAMENTO_PCT":100.0,"GOLS_MARCADOS":13,"GOLS_SOFRIDOS":0,"SALDO_GOLS":13,"GOLS_POR_PARTIDA":13.0,"ASSISTENCIAS":null,"ASSISTENCIAS_DISPONIVEIS":false,"ASSISTENCIAS_FONTE":"Não consta nos arquivos locais do Meu Timão ou Daniel Keppler.","JOGOS_COM_PLACAR":1,"JOGOS_SEM_PLACAR":0,"PARTIDAS_DANIEL_KEPPLER":0,"PARTIDAS_MEUTIMAO":1,"FONTES_JOGOS":"Meu Timão","DATA_PRIMEIRA_PARTIDA":"2016-06-19","ANO_PRIMEIRA_PARTIDA":2016,"PRIMEIRA_PARTIDA":"INDEPENDENTE DE LIMEIRA 0x13 CORINTHIANS","ADVERSARIO":"INDEPENDENTE DE LIMEIRA","PLACAR":"0x13","COMPETICAO_PRIMEIRA_PARTIDA":"Paulista 2016","MANDO_PRIMEIRA_PARTIDA":"Não","FONTE_PRIMEIRA_PARTIDA":"https://www.meutimao.com.br/jogo/4719/paulista-2016/independente_de_limeira-0-x-13-corinthians","DATA_ULTIMA_PARTIDA":"2016-06-19","ANO_ULTIMA_PARTIDA":2016,"ULTIMA_PARTIDA":"INDEPENDENTE DE LIMEIRA 0x13 CORINTHIANS","ADVERSARIO_ULTIMA_PARTIDA":"INDEPENDENTE DE LIMEIRA","PLACAR_ULTIMA_PARTIDA":"0x13","COMPETICAO_ULTIMA_PARTIDA":"Paulista 2016","MANDO_ULTIMA_PARTIDA":"Não","FONTE_ULTIMA_PARTIDA":"Meu Timão","NUM_ESTADIOS_NO_PONTO":1,"NUM_ESTADIOS_COM_JOGOS_NO_PONTO":1,"ESTADIOS_AGRUPADOS":"[{\"nome\":\"COMENDADOR AGOSTINHO PRADA (PRADÃO)\",\"nome_atual\":\"COMENDADOR AGOSTINHO PRADA (PRADÃO)\",\"nome_antigo_1\":\"Pradão\",\"nome_antigo_2\":null,\"nomes_alternativos\":[\"COMENDADOR AGOSTINHO PRADA (PRADÃO)\",\"Pradão\"],\"cidade\":\"LIMEIRA \",\"estado\":\"SÃO PAULO\",\"pais\":\"BRASIL\",\"capacidade\":\"9483\",\"jogos\":1,\"vitorias\":1,\"empates\":0,\"derrotas\":0,\"gols_marcados\":13,\"gols_sofridos\":0,\"data_primeira_partida\":\"2016-06-19\",\"data_ultima_partida\":\"2016-06-19\"}]","STATUS_GEOMETRIA":"PONTO_CONSOLIDADO","PRECISAO_COORDENADAS":null,"FONTE_COORDENADAS":"OpenStreetMap Nominatim (geocodificação reversa)","URL_FONTE_COORDENADAS":"https://www.openstreetmap.org/relation/297919","ATRIBUICAO_COORDENADAS":"© OpenStreetMap contributors, ODbL 1.0","FONTES_NOME_ANTIGO":null,"JOGOS_SEM_GEOMETRIA":0}},{"type":"Feature","geometry":{"type":"Point","coordinates":[-47.4009795,-20.5381768]},"properties":{"SECAO":"BRABAS","TIPO_REGISTRO":"PONTO","NOME_ESTADIO":"Lancha Filho","NOME_ATUAL":"Lancha Filho","NOME_ANTIGO_1":null,"NOME_ANTIGO_2":null,"ESTADIO":"Lancha Filho","ESTÁDIO":"Lancha Filho","NOME_ANTIGO":null,"NOMES_ALTERNATIVOS":"","CIDADE":"Franca","ESTADO":"São Paulo","PAÍS":"Brazil","PAIS_ISO3":null,"CAPACIDADE":"14686","LATITUDE":-20.5381768,"LONGITUDE":-47.4009795,"TOTAL_JOGOS":1,"VITORIAS":1,"VITÓRIAS":1,"EMPATES":0,"DERROTAS":0,"PONTOS_CAMPEONATO":3,"APROVEITAMENTO_PCT":100.0,"GOLS_MARCADOS":2,"GOLS_SOFRIDOS":0,"SALDO_GOLS":2,"GOLS_POR_PARTIDA":2.0,"ASSISTENCIAS":null,"ASSISTENCIAS_DISPONIVEIS":false,"ASSISTENCIAS_FONTE":"Não consta nos arquivos locais do Meu Timão ou Daniel Keppler.","JOGOS_COM_PLACAR":1,"JOGOS_SEM_PLACAR":0,"PARTIDAS_DANIEL_KEPPLER":0,"PARTIDAS_MEUTIMAO":1,"FONTES_JOGOS":"Meu Timão","DATA_PRIMEIRA_PARTIDA":"2016-04-23","ANO_PRIMEIRA_PARTIDA":2016,"PRIMEIRA_PARTIDA":"FRANCANA 0x2 CORINTHIANS","ADVERSARIO":"FRANCANA","PLACAR":"0x2","COMPETICAO_PRIMEIRA_PARTIDA":"Paulista 2016","MANDO_PRIMEIRA_PARTIDA":"Não","FONTE_PRIMEIRA_PARTIDA":"https://www.meutimao.com.br/jogo/4711/paulista-2016/francana-0-x-2-corinthians","DATA_ULTIMA_PARTIDA":"2016-04-23","ANO_ULTIMA_PARTIDA":2016,"ULTIMA_PARTIDA":"FRANCANA 0x2 CORINTHIANS","ADVERSARIO_ULTIMA_PARTIDA":"FRANCANA","PLACAR_ULTIMA_PARTIDA":"0x2","COMPETICAO_ULTIMA_PARTIDA":"Paulista 2016","MANDO_ULTIMA_PARTIDA":"Não","FONTE_ULTIMA_PARTIDA":"Meu Timão","NUM_ESTADIOS_NO_PONTO":1,"NUM_ESTADIOS_COM_JOGOS_NO_PONTO":1,"ESTADIOS_AGRUPADOS":"[{\"nome\":\"Lancha Filho\",\"nome_atual\":\"Lancha Filho\",\"nome_antigo_1\":null,\"nome_antigo_2\":null,\"nomes_alternativos\":[\"Lancha Filho\"],\"cidade\":\"Franca\",\"estado\":\"São Paulo\",\"pais\":\"Brazil\",\"capacidade\":\"14686\",\"jogos\":1,\"vitorias\":1,\"empates\":0,\"derrotas\":0,\"gols_marcados\":2,\"gols_sofridos\":0,\"data_primeira_partida\":\"2016-04-23\",\"data_ultima_partida\":\"2016-04-23\"}]","STATUS_GEOMETRIA":"PONTO_CONSOLIDADO","PRECISAO_COORDENADAS":"Município (estádio exato não identificado)","FONTE_COORDENADAS":"OpenStreetMap Nominatim (localidade aproximada)","URL_FONTE_COORDENADAS":"https://www.openstreetmap.org/relation/298530","ATRIBUICAO_COORDENADAS":"© OpenStreetMap contributors, ODbL 1.0","FONTES_NOME_ANTIGO":null,"JOGOS_SEM_GEOMETRIA":0}},{"type":"Feature","geometry":{"type":"Point","coordinates":[-47.385821748284535,-20.53523995912761]},"properties":{"SECAO":"BRABAS","TIPO_REGISTRO":"PONTO","NOME_ESTADIO":"DOUTOR JOSÉ LANCHA FILHO (LANCHÃO)","NOME_ATUAL":"DOUTOR JOSÉ LANCHA FILHO (LANCHÃO)","NOME_ANTIGO_1":null,"NOME_ANTIGO_2":null,"ESTADIO":"DOUTOR JOSÉ LANCHA FILHO (LANCHÃO)","ESTÁDIO":"DOUTOR JOSÉ LANCHA FILHO (LANCHÃO)","NOME_ANTIGO":null,"NOMES_ALTERNATIVOS":"","CIDADE":"FRANCA ","ESTADO":"SÃO PAULO","PAÍS":"BRASIL","PAIS_ISO3":null,"CAPACIDADE":"14686","LATITUDE":-20.53523995912761,"LONGITUDE":-47.385821748284535,"TOTAL_JOGOS":1,"VITORIAS":1,"VITÓRIAS":1,"EMPATES":0,"DERROTAS":0,"PONTOS_CAMPEONATO":3,"APROVEITAMENTO_PCT":100.0,"GOLS_MARCADOS":3,"GOLS_SOFRIDOS":0,"SALDO_GOLS":3,"GOLS_POR_PARTIDA":3.0,"ASSISTENCIAS":null,"ASSISTENCIAS_DISPONIVEIS":false,"ASSISTENCIAS_FONTE":"Não consta nos arquivos locais do Meu Timão ou Daniel Keppler.","JOGOS_COM_PLACAR":1,"JOGOS_SEM_PLACAR":0,"PARTIDAS_DANIEL_KEPPLER":1,"PARTIDAS_MEUTIMAO":0,"FONTES_JOGOS":"Daniel Keppler","DATA_PRIMEIRA_PARTIDA":"2008-10-18","ANO_PRIMEIRA_PARTIDA":2008,"PRIMEIRA_PARTIDA":"FRANCA 0x3 CORINTHIANS","ADVERSARIO":"FRANCA","PLACAR":"0x3","COMPETICAO_PRIMEIRA_PARTIDA":"CAMPEONATO PAULISTA / FPF","MANDO_PRIMEIRA_PARTIDA":"Não","FONTE_PRIMEIRA_PARTIDA":null,"DATA_ULTIMA_PARTIDA":"2008-10-18","ANO_ULTIMA_PARTIDA":2008,"ULTIMA_PARTIDA":"FRANCA 0x3 CORINTHIANS","ADVERSARIO_ULTIMA_PARTIDA":"FRANCA","PLACAR_ULTIMA_PARTIDA":"0x3","COMPETICAO_ULTIMA_PARTIDA":"CAMPEONATO PAULISTA / FPF","MANDO_ULTIMA_PARTIDA":"Não","FONTE_ULTIMA_PARTIDA":"Daniel Keppler","NUM_ESTADIOS_NO_PONTO":1,"NUM_ESTADIOS_COM_JOGOS_NO_PONTO":1,"ESTADIOS_AGRUPADOS":"[{\"nome\":\"DOUTOR JOSÉ LANCHA FILHO (LANCHÃO)\",\"nome_atual\":\"DOUTOR JOSÉ LANCHA FILHO (LANCHÃO)\",\"nome_antigo_1\":null,\"nome_antigo_2\":null,\"nomes_alternativos\":[\"DOUTOR JOSÉ LANCHA FILHO (LANCHÃO)\"],\"cidade\":\"FRANCA \",\"estado\":\"SÃO PAULO\",\"pais\":\"BRASIL\",\"capacidade\":\"14686\",\"jogos\":1,\"vitorias\":1,\"empates\":0,\"derrotas\":0,\"gols_marcados\":3,\"gols_sofridos\":0,\"data_primeira_partida\":\"2008-10-18\",\"data_ultima_partida\":\"2008-10-18\"}]","STATUS_GEOMETRIA":"PONTO_CONSOLIDADO","PRECISAO_COORDENADAS":null,"FONTE_COORDENADAS":null,"URL_FONTE_COORDENADAS":null,"ATRIBUICAO_COORDENADAS":null,"FONTES_NOME_ANTIGO":null,"JOGOS_SEM_GEOMETRIA":0}},{"type":"Feature","geometry":{"type":"Point","coordinates":[-47.2877526,-23.2808026]},"properties":{"SECAO":"BRABAS","TIPO_REGISTRO":"PONTO","NOME_ESTADIO":"Novelli Junior","NOME_ATUAL":"Novelli Junior","NOME_ANTIGO_1":null,"NOME_ANTIGO_2":null,"ESTADIO":"Novelli Junior","ESTÁDIO":"Novelli Junior","NOME_ANTIGO":null,"NOMES_ALTERNATIVOS":"","CIDADE":"Itu","ESTADO":"São Paulo","PAÍS":"Brazil","PAIS_ISO3":null,"CAPACIDADE":"16405","LATITUDE":-23.2808026,"LONGITUDE":-47.2877526,"TOTAL_JOGOS":1,"VITORIAS":1,"VITÓRIAS":1,"EMPATES":0,"DERROTAS":0,"PONTOS_CAMPEONATO":3,"APROVEITAMENTO_PCT":100.0,"GOLS_MARCADOS":2,"GOLS_SOFRIDOS":1,"SALDO_GOLS":1,"GOLS_POR_PARTIDA":2.0,"ASSISTENCIAS":null,"ASSISTENCIAS_DISPONIVEIS":false,"ASSISTENCIAS_FONTE":"Não consta nos arquivos locais do Meu Timão ou Daniel Keppler.","JOGOS_COM_PLACAR":1,"JOGOS_SEM_PLACAR":0,"PARTIDAS_DANIEL_KEPPLER":0,"PARTIDAS_MEUTIMAO":1,"FONTES_JOGOS":"Meu Timão","DATA_PRIMEIRA_PARTIDA":"2016-06-11","ANO_PRIMEIRA_PARTIDA":2016,"PRIMEIRA_PARTIDA":"CORINTHIANS 2x1 FRANCANA","ADVERSARIO":"FRANCANA","PLACAR":"2x1","COMPETICAO_PRIMEIRA_PARTIDA":"Paulista 2016","MANDO_PRIMEIRA_PARTIDA":"Sim","FONTE_PRIMEIRA_PARTIDA":"https://www.meutimao.com.br/jogo/4717/paulista-2016/corinthians-2-x-1-francana","DATA_ULTIMA_PARTIDA":"2016-06-11","ANO_ULTIMA_PARTIDA":2016,"ULTIMA_PARTIDA":"CORINTHIANS 2x1 FRANCANA","ADVERSARIO_ULTIMA_PARTIDA":"FRANCANA","PLACAR_ULTIMA_PARTIDA":"2x1","COMPETICAO_ULTIMA_PARTIDA":"Paulista 2016","MANDO_ULTIMA_PARTIDA":"Sim","FONTE_ULTIMA_PARTIDA":"Meu Timão","NUM_ESTADIOS_NO_PONTO":1,"NUM_ESTADIOS_COM_JOGOS_NO_PONTO":1,"ESTADIOS_AGRUPADOS":"[{\"nome\":\"Novelli Junior\",\"nome_atual\":\"Novelli Junior\",\"nome_antigo_1\":null,\"nome_antigo_2\":null,\"nomes_alternativos\":[\"Novelli Junior\"],\"cidade\":\"Itu\",\"estado\":\"São Paulo\",\"pais\":\"Brazil\",\"capacidade\":\"16405\",\"jogos\":1,\"vitorias\":1,\"empates\":0,\"derrotas\":0,\"gols_marcados\":2,\"gols_sofridos\":1,\"data_primeira_partida\":\"2016-06-11\",\"data_ultima_partida\":\"2016-06-11\"}]","STATUS_GEOMETRIA":"PONTO_CONSOLIDADO","PRECISAO_COORDENADAS":null,"FONTE_COORDENADAS":"OpenStreetMap Nominatim (geocodificação reversa)","URL_FONTE_COORDENADAS":"https://www.openstreetmap.org/relation/298216","ATRIBUICAO_COORDENADAS":"© OpenStreetMap contributors, ODbL 1.0","FONTES_NOME_ANTIGO":null,"JOGOS_SEM_GEOMETRIA":0}},{"type":"Feature","geometry":{"type":"Point","coordinates":[-47.19294393125041,-23.650985481738065]},"properties":{"SECAO":"BRABAS","TIPO_REGISTRO":"PONTO","NOME_ESTADIO":"MARCOS EDUARDO CAMARGO TRUVILHO (SERRA DA COLINA)","NOME_ATUAL":"MARCOS EDUARDO CAMARGO TRUVILHO (SERRA DA COLINA)","NOME_ANTIGO_1":null,"NOME_ANTIGO_2":null,"ESTADIO":"MARCOS EDUARDO CAMARGO TRUVILHO (SERRA DA COLINA)","ESTÁDIO":"MARCOS EDUARDO CAMARGO TRUVILHO (SERRA DA COLINA)","NOME_ANTIGO":null,"NOMES_ALTERNATIVOS":"","CIDADE":"IBIÚNA ","ESTADO":"SÃO PAULO","PAÍS":"BRASIL","PAIS_ISO3":null,"CAPACIDADE":"3720","LATITUDE":-23.650985481738065,"LONGITUDE":-47.19294393125041,"TOTAL_JOGOS":2,"VITORIAS":1,"VITÓRIAS":1,"EMPATES":0,"DERROTAS":1,"PONTOS_CAMPEONATO":3,"APROVEITAMENTO_PCT":50.0,"GOLS_MARCADOS":6,"GOLS_SOFRIDOS":5,"SALDO_GOLS":1,"GOLS_POR_PARTIDA":3.0,"ASSISTENCIAS":null,"ASSISTENCIAS_DISPONIVEIS":false,"ASSISTENCIAS_FONTE":"Não consta nos arquivos locais do Meu Timão ou Daniel Keppler.","JOGOS_COM_PLACAR":2,"JOGOS_SEM_PLACAR":0,"PARTIDAS_DANIEL_KEPPLER":2,"PARTIDAS_MEUTIMAO":0,"FONTES_JOGOS":"Daniel Keppler","DATA_PRIMEIRA_PARTIDA":"2009-08-15","ANO_PRIMEIRA_PARTIDA":2009,"PRIMEIRA_PARTIDA":"CORINTHIANS 4x2 JAGUARIÚNA","ADVERSARIO":"JAGUARIÚNA","PLACAR":"4x2","COMPETICAO_PRIMEIRA_PARTIDA":"CAMPEONATO PAULISTA / FPF","MANDO_PRIMEIRA_PARTIDA":"Sim","FONTE_PRIMEIRA_PARTIDA":null,"DATA_ULTIMA_PARTIDA":"2009-08-19","ANO_ULTIMA_PARTIDA":2009,"ULTIMA_PARTIDA":"CORINTHIANS 2x3 BOTUCATU","ADVERSARIO_ULTIMA_PARTIDA":"BOTUCATU","PLACAR_ULTIMA_PARTIDA":"2x3","COMPETICAO_ULTIMA_PARTIDA":"CAMPEONATO PAULISTA / FPF","MANDO_ULTIMA_PARTIDA":"Sim","FONTE_ULTIMA_PARTIDA":"Daniel Keppler","NUM_ESTADIOS_NO_PONTO":1,"NUM_ESTADIOS_COM_JOGOS_NO_PONTO":1,"ESTADIOS_AGRUPADOS":"[{\"nome\":\"MARCOS EDUARDO CAMARGO TRUVILHO (SERRA DA COLINA)\",\"nome_atual\":\"MARCOS EDUARDO CAMARGO TRUVILHO (SERRA DA COLINA)\",\"nome_antigo_1\":null,\"nome_antigo_2\":null,\"nomes_alternativos\":[\"MARCOS EDUARDO CAMARGO TRUVILHO (SERRA DA COLINA)\"],\"cidade\":\"IBIÚNA \",\"estado\":\"SÃO PAULO\",\"pais\":\"BRASIL\",\"capacidade\":\"3720\",\"jogos\":2,\"vitorias\":1,\"empates\":0,\"derrotas\":1,\"gols_marcados\":6,\"gols_sofridos\":5,\"data_primeira_partida\":\"2009-08-15\",\"data_ultima_partida\":\"2009-08-19\"}]","STATUS_GEOMETRIA":"PONTO_CONSOLIDADO","PRECISAO_COORDENADAS":null,"FONTE_COORDENADAS":null,"URL_FONTE_COORDENADAS":null,"ATRIBUICAO_COORDENADAS":null,"FONTES_NOME_ANTIGO":null,"JOGOS_SEM_GEOMETRIA":0}},{"type":"Feature","geometry":{"type":"Point","coordinates":[-47.05115367918981,-22.912600582555537]},"properties":{"SECAO":"BRABAS","TIPO_REGISTRO":"PONTO","NOME_ESTADIO":"Moisés Lucarelli","NOME_ATUAL":"Moisés Lucarelli","NOME_ANTIGO_1":null,"NOME_ANTIGO_2":null,"ESTADIO":"Moisés Lucarelli","ESTÁDIO":"Moisés Lucarelli","NOME_ANTIGO":null,"NOMES_ALTERNATIVOS":"MOISÉS LUCARELLI (MAJESTOSO)","CIDADE":"Campinas","ESTADO":"São Paulo","PAÍS":"Brasil","PAIS_ISO3":null,"CAPACIDADE":null,"LATITUDE":-22.912600582555537,"LONGITUDE":-47.05115367918981,"TOTAL_JOGOS":3,"VITORIAS":3,"VITÓRIAS":3,"EMPATES":0,"DERROTAS":0,"PONTOS_CAMPEONATO":9,"APROVEITAMENTO_PCT":100.0,"GOLS_MARCADOS":9,"GOLS_SOFRIDOS":0,"SALDO_GOLS":9,"GOLS_POR_PARTIDA":3.0,"ASSISTENCIAS":null,"ASSISTENCIAS_DISPONIVEIS":false,"ASSISTENCIAS_FONTE":"Não consta nos arquivos locais do Meu Timão ou Daniel Keppler.","JOGOS_COM_PLACAR":3,"JOGOS_SEM_PLACAR":0,"PARTIDAS_DANIEL_KEPPLER":0,"PARTIDAS_MEUTIMAO":3,"FONTES_JOGOS":"Meu Timão","DATA_PRIMEIRA_PARTIDA":"2017-08-21","ANO_PRIMEIRA_PARTIDA":2017,"PRIMEIRA_PARTIDA":"PONTE PRETA 0x1 CORINTHIANS","ADVERSARIO":"PONTE PRETA","PLACAR":"0x1","COMPETICAO_PRIMEIRA_PARTIDA":"Paulista Feminino 2017","MANDO_PRIMEIRA_PARTIDA":"Não","FONTE_PRIMEIRA_PARTIDA":"https://www.meutimao.com.br/jogo/5331/paulista-feminino-2017/ponte_preta-0-x-1-corinthians","DATA_ULTIMA_PARTIDA":"2020-10-11","ANO_ULTIMA_PARTIDA":2020,"ULTIMA_PARTIDA":"PONTE PRETA 0x7 CORINTHIANS","ADVERSARIO_ULTIMA_PARTIDA":"PONTE PRETA","PLACAR_ULTIMA_PARTIDA":"0x7","COMPETICAO_ULTIMA_PARTIDA":"Brasileiro Feminino 2020","MANDO_ULTIMA_PARTIDA":"Não","FONTE_ULTIMA_PARTIDA":"Meu Timão","NUM_ESTADIOS_NO_PONTO":2,"NUM_ESTADIOS_COM_JOGOS_NO_PONTO":1,"ESTADIOS_AGRUPADOS":"[{\"nome\":\"Moisés Lucarelli\",\"nome_atual\":\"Moisés Lucarelli\",\"nome_antigo_1\":null,\"nome_antigo_2\":null,\"nomes_alternativos\":[\"Moisés Lucarelli\"],\"cidade\":\"Campinas\",\"estado\":\"São Paulo\",\"pais\":\"Brasil\",\"capacidade\":null,\"jogos\":3,\"vitorias\":3,\"empates\":0,\"derrotas\":0,\"gols_marcados\":9,\"gols_sofridos\":0,\"data_primeira_partida\":\"2017-08-21\",\"data_ultima_partida\":\"2020-10-11\"},{\"nome\":\"MOISÉS LUCARELLI (MAJESTOSO)\",\"nome_atual\":\"MOISÉS LUCARELLI (MAJESTOSO)\",\"nome_antigo_1\":null,\"nome_antigo_2\":null,\"nomes_alternativos\":[\"MOISÉS LUCARELLI (MAJESTOSO)\"],\"cidade\":\"CAMPINAS \",\"estado\":\"SÃO PAULO\",\"pais\":\"BRASIL\",\"capacidade\":\"15728\",\"jogos\":0,\"vitorias\":0,\"empates\":0,\"derrotas\":0,\"gols_marcados\":0,\"gols_sofridos\":0,\"data_primeira_partida\":null,\"data_ultima_partida\":null}]","STATUS_GEOMETRIA":"PONTO_CONSOLIDADO","PRECISAO_COORDENADAS":null,"FONTE_COORDENADAS":"OpenStreetMap Nominatim (geocodificação reversa)","URL_FONTE_COORDENADAS":"https://www.openstreetmap.org/relation/298227","ATRIBUICAO_COORDENADAS":"© OpenStreetMap contributors, ODbL 1.0","FONTES_NOME_ANTIGO":null,"JOGOS_SEM_GEOMETRIA":0}},{"type":"Feature","geometry":{"type":"Point","coordinates":[-47.04298292050269,-22.91041180492228]},"properties":{"SECAO":"BRABAS","TIPO_REGISTRO":"PONTO","NOME_ESTADIO":"Brinco de Ouro","NOME_ATUAL":"Brinco de Ouro","NOME_ANTIGO_1":null,"NOME_ANTIGO_2":null,"ESTADIO":"Brinco de Ouro","ESTÁDIO":"Brinco de Ouro","NOME_ANTIGO":null,"NOMES_ALTERNATIVOS":"BRINCO DE OURO DA PRINCESA","CIDADE":"Campinas","ESTADO":"São Paulo","PAÍS":"Brasil","PAIS_ISO3":null,"CAPACIDADE":null,"LATITUDE":-22.91041180492228,"LONGITUDE":-47.04298292050269,"TOTAL_JOGOS":1,"VITORIAS":0,"VITÓRIAS":0,"EMPATES":0,"DERROTAS":1,"PONTOS_CAMPEONATO":0,"APROVEITAMENTO_PCT":0.0,"GOLS_MARCADOS":1,"GOLS_SOFRIDOS":2,"SALDO_GOLS":-1,"GOLS_POR_PARTIDA":1.0,"ASSISTENCIAS":null,"ASSISTENCIAS_DISPONIVEIS":false,"ASSISTENCIAS_FONTE":"Não consta nos arquivos locais do Meu Timão ou Daniel Keppler.","JOGOS_COM_PLACAR":1,"JOGOS_SEM_PLACAR":0,"PARTIDAS_DANIEL_KEPPLER":0,"PARTIDAS_MEUTIMAO":1,"FONTES_JOGOS":"Meu Timão","DATA_PRIMEIRA_PARTIDA":"2024-11-20","ANO_PRIMEIRA_PARTIDA":2024,"PRIMEIRA_PARTIDA":"PALMEIRAS 2x1 CORINTHIANS","ADVERSARIO":"PALMEIRAS","PLACAR":"2x1","COMPETICAO_PRIMEIRA_PARTIDA":"Paulista Feminino 2024","MANDO_PRIMEIRA_PARTIDA":"Não","FONTE_PRIMEIRA_PARTIDA":"https://www.meutimao.com.br/jogo/8383/paulista-feminino-2024/final/palmeiras-2-x-1-corinthians","DATA_ULTIMA_PARTIDA":"2024-11-20","ANO_ULTIMA_PARTIDA":2024,"ULTIMA_PARTIDA":"PALMEIRAS 2x1 CORINTHIANS","ADVERSARIO_ULTIMA_PARTIDA":"PALMEIRAS","PLACAR_ULTIMA_PARTIDA":"2x1","COMPETICAO_ULTIMA_PARTIDA":"Paulista Feminino 2024","MANDO_ULTIMA_PARTIDA":"Não","FONTE_ULTIMA_PARTIDA":"Meu Timão","NUM_ESTADIOS_NO_PONTO":2,"NUM_ESTADIOS_COM_JOGOS_NO_PONTO":1,"ESTADIOS_AGRUPADOS":"[{\"nome\":\"Brinco de Ouro\",\"nome_atual\":\"Brinco de Ouro\",\"nome_antigo_1\":null,\"nome_antigo_2\":null,\"nomes_alternativos\":[\"Brinco de Ouro\"],\"cidade\":\"Campinas\",\"estado\":\"São Paulo\",\"pais\":\"Brasil\",\"capacidade\":null,\"jogos\":1,\"vitorias\":0,\"empates\":0,\"derrotas\":1,\"gols_marcados\":1,\"gols_sofridos\":2,\"data_primeira_partida\":\"2024-11-20\",\"data_ultima_partida\":\"2024-11-20\"},{\"nome\":\"BRINCO DE OURO DA PRINCESA\",\"nome_atual\":\"BRINCO DE OURO DA PRINCESA\",\"nome_antigo_1\":null,\"nome_antigo_2\":null,\"nomes_alternativos\":[\"BRINCO DE OURO DA PRINCESA\"],\"cidade\":\"CAMPINAS\",\"estado\":\"SÃO PAULO\",\"pais\":\"BRASIL\",\"capacidade\":\"20580\",\"jogos\":0,\"vitorias\":0,\"empates\":0,\"derrotas\":0,\"gols_marcados\":0,\"gols_sofridos\":0,\"data_primeira_partida\":null,\"data_ultima_partida\":null}]","STATUS_GEOMETRIA":"PONTO_CONSOLIDADO","PRECISAO_COORDENADAS":null,"FONTE_COORDENADAS":"OpenStreetMap Nominatim (geocodificação reversa)","URL_FONTE_COORDENADAS":"https://www.openstreetmap.org/relation/298227","ATRIBUICAO_COORDENADAS":"© OpenStreetMap contributors, ODbL 1.0","FONTES_NOME_ANTIGO":null,"JOGOS_SEM_GEOMETRIA":0}},{"type":"Feature","geometry":{"type":"Point","coordinates":[-46.99032070028346,-22.694520826041753]},"properties":{"SECAO":"BRABAS","TIPO_REGISTRO":"PONTO","NOME_ESTADIO":"TANCREDO NEVES (AZULÃO)","NOME_ATUAL":"TANCREDO NEVES (AZULÃO)","NOME_ANTIGO_1":null,"NOME_ANTIGO_2":null,"ESTADIO":"TANCREDO NEVES (AZULÃO)","ESTÁDIO":"TANCREDO NEVES (AZULÃO)","NOME_ANTIGO":null,"NOMES_ALTERNATIVOS":"","CIDADE":"JAGUARIÚNA","ESTADO":"SÃO PAULO","PAÍS":"BRASIL","PAIS_ISO3":null,"CAPACIDADE":"DESCONHECIDO","LATITUDE":-22.694520826041753,"LONGITUDE":-46.99032070028346,"TOTAL_JOGOS":1,"VITORIAS":1,"VITÓRIAS":1,"EMPATES":0,"DERROTAS":0,"PONTOS_CAMPEONATO":3,"APROVEITAMENTO_PCT":100.0,"GOLS_MARCADOS":4,"GOLS_SOFRIDOS":1,"SALDO_GOLS":3,"GOLS_POR_PARTIDA":4.0,"ASSISTENCIAS":null,"ASSISTENCIAS_DISPONIVEIS":false,"ASSISTENCIAS_FONTE":"Não consta nos arquivos locais do Meu Timão ou Daniel Keppler.","JOGOS_COM_PLACAR":1,"JOGOS_SEM_PLACAR":0,"PARTIDAS_DANIEL_KEPPLER":1,"PARTIDAS_MEUTIMAO":0,"FONTES_JOGOS":"Daniel Keppler","DATA_PRIMEIRA_PARTIDA":"2009-09-05","ANO_PRIMEIRA_PARTIDA":2009,"PRIMEIRA_PARTIDA":"JAGUARIÚNA 1x4 CORINTHIANS","ADVERSARIO":"JAGUARIÚNA","PLACAR":"1x4","COMPETICAO_PRIMEIRA_PARTIDA":"CAMPEONATO PAULISTA / FPF","MANDO_PRIMEIRA_PARTIDA":"Não","FONTE_PRIMEIRA_PARTIDA":null,"DATA_ULTIMA_PARTIDA":"2009-09-05","ANO_ULTIMA_PARTIDA":2009,"ULTIMA_PARTIDA":"JAGUARIÚNA 1x4 CORINTHIANS","ADVERSARIO_ULTIMA_PARTIDA":"JAGUARIÚNA","PLACAR_ULTIMA_PARTIDA":"1x4","COMPETICAO_ULTIMA_PARTIDA":"CAMPEONATO PAULISTA / FPF","MANDO_ULTIMA_PARTIDA":"Não","FONTE_ULTIMA_PARTIDA":"Daniel Keppler","NUM_ESTADIOS_NO_PONTO":1,"NUM_ESTADIOS_COM_JOGOS_NO_PONTO":1,"ESTADIOS_AGRUPADOS":"[{\"nome\":\"TANCREDO NEVES (AZULÃO)\",\"nome_atual\":\"TANCREDO NEVES (AZULÃO)\",\"nome_antigo_1\":null,\"nome_antigo_2\":null,\"nomes_alternativos\":[\"TANCREDO NEVES (AZULÃO)\"],\"cidade\":\"JAGUARIÚNA\",\"estado\":\"SÃO PAULO\",\"pais\":\"BRASIL\",\"capacidade\":\"DESCONHECIDO\",\"jogos\":1,\"vitorias\":1,\"empates\":0,\"derrotas\":0,\"gols_marcados\":4,\"gols_sofridos\":1,\"data_primeira_partida\":\"2009-09-05\",\"data_ultima_partida\":\"2009-09-05\"}]","STATUS_GEOMETRIA":"PONTO_CONSOLIDADO","PRECISAO_COORDENADAS":null,"FONTE_COORDENADAS":null,"URL_FONTE_COORDENADAS":null,"ATRIBUICAO_COORDENADAS":null,"FONTES_NOME_ANTIGO":null,"JOGOS_SEM_GEOMETRIA":0}},{"type":"Feature","geometry":{"type":"Point","coordinates":[-46.987202025851325,-23.026066256410274]},"properties":{"SECAO":"BRABAS","TIPO_REGISTRO":"PONTO","NOME_ESTADIO":"Nelo Bracalente","NOME_ATUAL":"Nelo Bracalente","NOME_ANTIGO_1":null,"NOME_ANTIGO_2":null,"ESTADIO":"Nelo Bracalente","ESTÁDIO":"Nelo Bracalente","NOME_ANTIGO":null,"NOMES_ALTERNATIVOS":"NELO BRACALENTE (CAMPO DO AQUÁRIO)","CIDADE":"Vinhedo","ESTADO":"São Paulo","PAÍS":"Brasil","PAIS_ISO3":null,"CAPACIDADE":null,"LATITUDE":-23.026066256410274,"LONGITUDE":-46.987202025851325,"TOTAL_JOGOS":3,"VITORIAS":3,"VITÓRIAS":3,"EMPATES":0,"DERROTAS":0,"PONTOS_CAMPEONATO":9,"APROVEITAMENTO_PCT":100.0,"GOLS_MARCADOS":7,"GOLS_SOFRIDOS":1,"SALDO_GOLS":6,"GOLS_POR_PARTIDA":2.33,"ASSISTENCIAS":null,"ASSISTENCIAS_DISPONIVEIS":false,"ASSISTENCIAS_FONTE":"Não consta nos arquivos locais do Meu Timão ou Daniel Keppler.","JOGOS_COM_PLACAR":3,"JOGOS_SEM_PLACAR":0,"PARTIDAS_DANIEL_KEPPLER":0,"PARTIDAS_MEUTIMAO":3,"FONTES_JOGOS":"Meu Timão","DATA_PRIMEIRA_PARTIDA":"2018-09-02","ANO_PRIMEIRA_PARTIDA":2018,"PRIMEIRA_PARTIDA":"PONTE PRETA 0x3 CORINTHIANS","ADVERSARIO":"PONTE PRETA","PLACAR":"0x3","COMPETICAO_PRIMEIRA_PARTIDA":"Paulista Feminino 2018","MANDO_PRIMEIRA_PARTIDA":"Não","FONTE_PRIMEIRA_PARTIDA":"https://www.meutimao.com.br/jogo/968/paulista-feminino-2018/ponte_preta-0-x-3-corinthians","DATA_ULTIMA_PARTIDA":"2020-12-02","ANO_ULTIMA_PARTIDA":2020,"ULTIMA_PARTIDA":"PALMEIRAS 0x1 CORINTHIANS","ADVERSARIO_ULTIMA_PARTIDA":"PALMEIRAS","PLACAR_ULTIMA_PARTIDA":"0x1","COMPETICAO_ULTIMA_PARTIDA":"Paulista Feminino 2020","MANDO_ULTIMA_PARTIDA":"Não","FONTE_ULTIMA_PARTIDA":"Meu Timão","NUM_ESTADIOS_NO_PONTO":2,"NUM_ESTADIOS_COM_JOGOS_NO_PONTO":1,"ESTADIOS_AGRUPADOS":"[{\"nome\":\"Nelo Bracalente\",\"nome_atual\":\"Nelo Bracalente\",\"nome_antigo_1\":null,\"nome_antigo_2\":null,\"nomes_alternativos\":[\"Nelo Bracalente\"],\"cidade\":\"Vinhedo\",\"estado\":\"São Paulo\",\"pais\":\"Brasil\",\"capacidade\":null,\"jogos\":3,\"vitorias\":3,\"empates\":0,\"derrotas\":0,\"gols_marcados\":7,\"gols_sofridos\":1,\"data_primeira_partida\":\"2018-09-02\",\"data_ultima_partida\":\"2020-12-02\"},{\"nome\":\"NELO BRACALENTE (CAMPO DO AQUÁRIO)\",\"nome_atual\":\"NELO BRACALENTE (CAMPO DO AQUÁRIO)\",\"nome_antigo_1\":null,\"nome_antigo_2\":null,\"nomes_alternativos\":[\"NELO BRACALENTE (CAMPO DO AQUÁRIO)\"],\"cidade\":\"VINHEDO \",\"estado\":\"SÃO PAULO\",\"pais\":\"BRASIL\",\"capacidade\":\"4200\",\"jogos\":0,\"vitorias\":0,\"empates\":0,\"derrotas\":0,\"gols_marcados\":0,\"gols_sofridos\":0,\"data_primeira_partida\":null,\"data_ultima_partida\":null}]","STATUS_GEOMETRIA":"PONTO_CONSOLIDADO","PRECISAO_COORDENADAS":null,"FONTE_COORDENADAS":"OpenStreetMap Nominatim (geocodificação reversa)","URL_FONTE_COORDENADAS":"https://www.openstreetmap.org/relation/298037","ATRIBUICAO_COORDENADAS":"© OpenStreetMap contributors, ODbL 1.0","FONTES_NOME_ANTIGO":null,"JOGOS_SEM_GEOMETRIA":0}},{"type":"Feature","geometry":{"type":"Point","coordinates":[-46.986273088589655,-22.98053969693719]},"properties":{"SECAO":"BRABAS","TIPO_REGISTRO":"PONTO","NOME_ESTADIO":"EUGÊNIO FRANCISCHINI","NOME_ATUAL":"EUGÊNIO FRANCISCHINI","NOME_ANTIGO_1":null,"NOME_ANTIGO_2":null,"ESTADIO":"EUGÊNIO FRANCISCHINI","ESTÁDIO":"EUGÊNIO FRANCISCHINI","NOME_ANTIGO":null,"NOMES_ALTERNATIVOS":"","CIDADE":"VALINHOS ","ESTADO":"SÃO PAULO","PAÍS":"BRASIL","PAIS_ISO3":null,"CAPACIDADE":"2000","LATITUDE":-22.98053969693719,"LONGITUDE":-46.986273088589655,"TOTAL_JOGOS":0,"VITORIAS":0,"VITÓRIAS":0,"EMPATES":0,"DERROTAS":0,"PONTOS_CAMPEONATO":0,"APROVEITAMENTO_PCT":0,"GOLS_MARCADOS":0,"GOLS_SOFRIDOS":0,"SALDO_GOLS":0,"GOLS_POR_PARTIDA":0,"ASSISTENCIAS":null,"ASSISTENCIAS_DISPONIVEIS":false,"ASSISTENCIAS_FONTE":"Não consta nos arquivos locais do Meu Timão ou Daniel Keppler.","JOGOS_COM_PLACAR":0,"JOGOS_SEM_PLACAR":0,"PARTIDAS_DANIEL_KEPPLER":0,"PARTIDAS_MEUTIMAO":0,"FONTES_JOGOS":"","DATA_PRIMEIRA_PARTIDA":null,"ANO_PRIMEIRA_PARTIDA":null,"PRIMEIRA_PARTIDA":null,"ADVERSARIO":null,"PLACAR":null,"COMPETICAO_PRIMEIRA_PARTIDA":null,"MANDO_PRIMEIRA_PARTIDA":null,"FONTE_PRIMEIRA_PARTIDA":null,"DATA_ULTIMA_PARTIDA":null,"ANO_ULTIMA_PARTIDA":null,"ULTIMA_PARTIDA":"","ADVERSARIO_ULTIMA_PARTIDA":null,"PLACAR_ULTIMA_PARTIDA":null,"COMPETICAO_ULTIMA_PARTIDA":null,"MANDO_ULTIMA_PARTIDA":null,"FONTE_ULTIMA_PARTIDA":null,"NUM_ESTADIOS_NO_PONTO":1,"NUM_ESTADIOS_COM_JOGOS_NO_PONTO":0,"ESTADIOS_AGRUPADOS":"[{\"nome\":\"EUGÊNIO FRANCISCHINI\",\"nome_atual\":\"EUGÊNIO FRANCISCHINI\",\"nome_antigo_1\":null,\"nome_antigo_2\":null,\"nomes_alternativos\":[\"EUGÊNIO FRANCISCHINI\"],\"cidade\":\"VALINHOS \",\"estado\":\"SÃO PAULO\",\"pais\":\"BRASIL\",\"capacidade\":\"2000\",\"jogos\":0,\"vitorias\":0,\"empates\":0,\"derrotas\":0,\"gols_marcados\":0,\"gols_sofridos\":0,\"data_primeira_partida\":null,\"data_ultima_partida\":null}]","STATUS_GEOMETRIA":"PONTO_CONSOLIDADO","PRECISAO_COORDENADAS":null,"FONTE_COORDENADAS":null,"URL_FONTE_COORDENADAS":null,"ATRIBUICAO_COORDENADAS":null,"FONTES_NOME_ANTIGO":null,"JOGOS_SEM_GEOMETRIA":0}},{"type":"Feature","geometry":{"type":"Point","coordinates":[-46.9841708,-22.9797018]},"properties":{"SECAO":"BRABAS","TIPO_REGISTRO":"PONTO","NOME_ESTADIO":"Estádio Eugênio Franceschini","NOME_ATUAL":"Estádio Eugênio Franceschini","NOME_ANTIGO_1":null,"NOME_ANTIGO_2":null,"ESTADIO":"Estádio Eugênio Franceschini","ESTÁDIO":"Estádio Eugênio Franceschini","NOME_ANTIGO":null,"NOMES_ALTERNATIVOS":"","CIDADE":"Valinhos","ESTADO":"São Paulo","PAÍS":"Brazil","PAIS_ISO3":null,"CAPACIDADE":"5000","LATITUDE":-22.9797018,"LONGITUDE":-46.9841708,"TOTAL_JOGOS":1,"VITORIAS":1,"VITÓRIAS":1,"EMPATES":0,"DERROTAS":0,"PONTOS_CAMPEONATO":3,"APROVEITAMENTO_PCT":100.0,"GOLS_MARCADOS":3,"GOLS_SOFRIDOS":2,"SALDO_GOLS":1,"GOLS_POR_PARTIDA":3.0,"ASSISTENCIAS":null,"ASSISTENCIAS_DISPONIVEIS":false,"ASSISTENCIAS_FONTE":"Não consta nos arquivos locais do Meu Timão ou Daniel Keppler.","JOGOS_COM_PLACAR":1,"JOGOS_SEM_PLACAR":0,"PARTIDAS_DANIEL_KEPPLER":0,"PARTIDAS_MEUTIMAO":1,"FONTES_JOGOS":"Meu Timão","DATA_PRIMEIRA_PARTIDA":"2016-05-29","ANO_PRIMEIRA_PARTIDA":2016,"PRIMEIRA_PARTIDA":"GUARANI 2x3 CORINTHIANS","ADVERSARIO":"GUARANI","PLACAR":"2x3","COMPETICAO_PRIMEIRA_PARTIDA":"Paulista 2016","MANDO_PRIMEIRA_PARTIDA":"Não","FONTE_PRIMEIRA_PARTIDA":"https://www.meutimao.com.br/jogo/4716/paulista-2016/guarani-2-x-3-corinthians","DATA_ULTIMA_PARTIDA":"2016-05-29","ANO_ULTIMA_PARTIDA":2016,"ULTIMA_PARTIDA":"GUARANI 2x3 CORINTHIANS","ADVERSARIO_ULTIMA_PARTIDA":"GUARANI","PLACAR_ULTIMA_PARTIDA":"2x3","COMPETICAO_ULTIMA_PARTIDA":"Paulista 2016","MANDO_ULTIMA_PARTIDA":"Não","FONTE_ULTIMA_PARTIDA":"Meu Timão","NUM_ESTADIOS_NO_PONTO":1,"NUM_ESTADIOS_COM_JOGOS_NO_PONTO":1,"ESTADIOS_AGRUPADOS":"[{\"nome\":\"Estádio Eugênio Franceschini\",\"nome_atual\":\"Estádio Eugênio Franceschini\",\"nome_antigo_1\":null,\"nome_antigo_2\":null,\"nomes_alternativos\":[\"Estádio Eugênio Franceschini\"],\"cidade\":\"Valinhos\",\"estado\":\"São Paulo\",\"pais\":\"Brazil\",\"capacidade\":\"5000\",\"jogos\":1,\"vitorias\":1,\"empates\":0,\"derrotas\":0,\"gols_marcados\":3,\"gols_sofridos\":2,\"data_primeira_partida\":\"2016-05-29\",\"data_ultima_partida\":\"2016-05-29\"}]","STATUS_GEOMETRIA":"PONTO_CONSOLIDADO","PRECISAO_COORDENADAS":"Município (estádio exato não identificado)","FONTE_COORDENADAS":"OpenStreetMap Nominatim (localidade aproximada)","URL_FONTE_COORDENADAS":"https://www.openstreetmap.org/relation/298319","ATRIBUICAO_COORDENADAS":"© OpenStreetMap contributors, ODbL 1.0","FONTES_NOME_ANTIGO":null,"JOGOS_SEM_GEOMETRIA":0}},{"type":"Feature","geometry":{"type":"Point","coordinates":[-46.97786327357998,-23.024735987454054]},"properties":{"SECAO":"BRABAS","TIPO_REGISTRO":"PONTO","NOME_ESTADIO":"CENTRO ESPORTIVO E RECREATIVO JOSÉ HUMBERTO DIAS (CAMPO CANUDOS)","NOME_ATUAL":"CENTRO ESPORTIVO E RECREATIVO JOSÉ HUMBERTO DIAS (CAMPO CANUDOS)","NOME_ANTIGO_1":null,"NOME_ANTIGO_2":null,"ESTADIO":"CENTRO ESPORTIVO E RECREATIVO JOSÉ HUMBERTO DIAS (CAMPO CANUDOS)","ESTÁDIO":"CENTRO ESPORTIVO E RECREATIVO JOSÉ HUMBERTO DIAS (CAMPO CANUDOS)","NOME_ANTIGO":null,"NOMES_ALTERNATIVOS":"","CIDADE":"VINHEDO ","ESTADO":"SÃO PAULO","PAÍS":"BRASIL","PAIS_ISO3":null,"CAPACIDADE":"DESCONHECIDO","LATITUDE":-23.024735987454054,"LONGITUDE":-46.97786327357998,"TOTAL_JOGOS":0,"VITORIAS":0,"VITÓRIAS":0,"EMPATES":0,"DERROTAS":0,"PONTOS_CAMPEONATO":0,"APROVEITAMENTO_PCT":0,"GOLS_MARCADOS":0,"GOLS_SOFRIDOS":0,"SALDO_GOLS":0,"GOLS_POR_PARTIDA":0,"ASSISTENCIAS":null,"ASSISTENCIAS_DISPONIVEIS":false,"ASSISTENCIAS_FONTE":"Não consta nos arquivos locais do Meu Timão ou Daniel Keppler.","JOGOS_COM_PLACAR":0,"JOGOS_SEM_PLACAR":0,"PARTIDAS_DANIEL_KEPPLER":0,"PARTIDAS_MEUTIMAO":0,"FONTES_JOGOS":"","DATA_PRIMEIRA_PARTIDA":null,"ANO_PRIMEIRA_PARTIDA":null,"PRIMEIRA_PARTIDA":null,"ADVERSARIO":null,"PLACAR":null,"COMPETICAO_PRIMEIRA_PARTIDA":null,"MANDO_PRIMEIRA_PARTIDA":null,"FONTE_PRIMEIRA_PARTIDA":null,"DATA_ULTIMA_PARTIDA":null,"ANO_ULTIMA_PARTIDA":null,"ULTIMA_PARTIDA":"","ADVERSARIO_ULTIMA_PARTIDA":null,"PLACAR_ULTIMA_PARTIDA":null,"COMPETICAO_ULTIMA_PARTIDA":null,"MANDO_ULTIMA_PARTIDA":null,"FONTE_ULTIMA_PARTIDA":null,"NUM_ESTADIOS_NO_PONTO":1,"NUM_ESTADIOS_COM_JOGOS_NO_PONTO":0,"ESTADIOS_AGRUPADOS":"[{\"nome\":\"CENTRO ESPORTIVO E RECREATIVO JOSÉ HUMBERTO DIAS (CAMPO CANUDOS)\",\"nome_atual\":\"CENTRO ESPORTIVO E RECREATIVO JOSÉ HUMBERTO DIAS (CAMPO CANUDOS)\",\"nome_antigo_1\":null,\"nome_antigo_2\":null,\"nomes_alternativos\":[\"CENTRO ESPORTIVO E RECREATIVO JOSÉ HUMBERTO DIAS (CAMPO CANUDOS)\"],\"cidade\":\"VINHEDO \",\"estado\":\"SÃO PAULO\",\"pais\":\"BRASIL\",\"capacidade\":\"DESCONHECIDO\",\"jogos\":0,\"vitorias\":0,\"empates\":0,\"derrotas\":0,\"gols_marcados\":0,\"gols_sofridos\":0,\"data_primeira_partida\":null,\"data_ultima_partida\":null}]","STATUS_GEOMETRIA":"PONTO_CONSOLIDADO","PRECISAO_COORDENADAS":null,"FONTE_COORDENADAS":null,"URL_FONTE_COORDENADAS":null,"ATRIBUICAO_COORDENADAS":null,"FONTES_NOME_ANTIGO":null,"JOGOS_SEM_GEOMETRIA":0}},{"type":"Feature","geometry":{"type":"Point","coordinates":[-46.92868434474559,-23.600933849995343]},"properties":{"SECAO":"BRABAS","TIPO_REGISTRO":"PONTO","NOME_ESTADIO":"EUCLIDES DE ALMEIDA","NOME_ATUAL":"EUCLIDES DE ALMEIDA","NOME_ANTIGO_1":null,"NOME_ANTIGO_2":null,"ESTADIO":"EUCLIDES DE ALMEIDA","ESTÁDIO":"EUCLIDES DE ALMEIDA","NOME_ANTIGO":null,"NOMES_ALTERNATIVOS":"","CIDADE":"COTIA ","ESTADO":"SÃO PAULO","PAÍS":"BRASIL","PAIS_ISO3":null,"CAPACIDADE":"10000","LATITUDE":-23.600933849995343,"LONGITUDE":-46.92868434474559,"TOTAL_JOGOS":1,"VITORIAS":1,"VITÓRIAS":1,"EMPATES":0,"DERROTAS":0,"PONTOS_CAMPEONATO":3,"APROVEITAMENTO_PCT":100.0,"GOLS_MARCADOS":5,"GOLS_SOFRIDOS":0,"SALDO_GOLS":5,"GOLS_POR_PARTIDA":5.0,"ASSISTENCIAS":null,"ASSISTENCIAS_DISPONIVEIS":false,"ASSISTENCIAS_FONTE":"Não consta nos arquivos locais do Meu Timão ou Daniel Keppler.","JOGOS_COM_PLACAR":1,"JOGOS_SEM_PLACAR":0,"PARTIDAS_DANIEL_KEPPLER":1,"PARTIDAS_MEUTIMAO":0,"FONTES_JOGOS":"Daniel Keppler","DATA_PRIMEIRA_PARTIDA":"2008-04-12","ANO_PRIMEIRA_PARTIDA":2008,"PRIMEIRA_PARTIDA":"KURDANA 0x5 CORINTHIANS","ADVERSARIO":"KURDANA","PLACAR":"0x5","COMPETICAO_PRIMEIRA_PARTIDA":"CAMPEONATO PAULISTA / FPF","MANDO_PRIMEIRA_PARTIDA":"Não","FONTE_PRIMEIRA_PARTIDA":null,"DATA_ULTIMA_PARTIDA":"2008-04-12","ANO_ULTIMA_PARTIDA":2008,"ULTIMA_PARTIDA":"KURDANA 0x5 CORINTHIANS","ADVERSARIO_ULTIMA_PARTIDA":"KURDANA","PLACAR_ULTIMA_PARTIDA":"0x5","COMPETICAO_ULTIMA_PARTIDA":"CAMPEONATO PAULISTA / FPF","MANDO_ULTIMA_PARTIDA":"Não","FONTE_ULTIMA_PARTIDA":"Daniel Keppler","NUM_ESTADIOS_NO_PONTO":1,"NUM_ESTADIOS_COM_JOGOS_NO_PONTO":1,"ESTADIOS_AGRUPADOS":"[{\"nome\":\"EUCLIDES DE ALMEIDA\",\"nome_atual\":\"EUCLIDES DE ALMEIDA\",\"nome_antigo_1\":null,\"nome_antigo_2\":null,\"nomes_alternativos\":[\"EUCLIDES DE ALMEIDA\"],\"cidade\":\"COTIA \",\"estado\":\"SÃO PAULO\",\"pais\":\"BRASIL\",\"capacidade\":\"10000\",\"jogos\":1,\"vitorias\":1,\"empates\":0,\"derrotas\":0,\"gols_marcados\":5,\"gols_sofridos\":0,\"data_primeira_partida\":\"2008-04-12\",\"data_ultima_partida\":\"2008-04-12\"}]","STATUS_GEOMETRIA":"PONTO_CONSOLIDADO","PRECISAO_COORDENADAS":null,"FONTE_COORDENADAS":null,"URL_FONTE_COORDENADAS":null,"ATRIBUICAO_COORDENADAS":null,"FONTES_NOME_ANTIGO":null,"JOGOS_SEM_GEOMETRIA":0}},{"type":"Feature","geometry":{"type":"Point","coordinates":[-46.91771617357998,-23.439125511761116]},"properties":{"SECAO":"BRABAS","TIPO_REGISTRO":"PONTO","NOME_ESTADIO":"Gabriel Marques da Silva","NOME_ATUAL":"Gabriel Marques da Silva","NOME_ANTIGO_1":null,"NOME_ANTIGO_2":null,"ESTADIO":"Gabriel Marques da Silva","ESTÁDIO":"Gabriel Marques da Silva","NOME_ANTIGO":null,"NOMES_ALTERNATIVOS":"PREFEITO GABRIEL MARQUES DA SILVA","CIDADE":"Santana de Parnaíba","ESTADO":"São Paulo","PAÍS":"Brasil","PAIS_ISO3":null,"CAPACIDADE":null,"LATITUDE":-23.439125511761116,"LONGITUDE":-46.91771617357998,"TOTAL_JOGOS":4,"VITORIAS":1,"VITÓRIAS":1,"EMPATES":1,"DERROTAS":2,"PONTOS_CAMPEONATO":4,"APROVEITAMENTO_PCT":33.3,"GOLS_MARCADOS":7,"GOLS_SOFRIDOS":8,"SALDO_GOLS":-1,"GOLS_POR_PARTIDA":1.75,"ASSISTENCIAS":null,"ASSISTENCIAS_DISPONIVEIS":false,"ASSISTENCIAS_FONTE":"Não consta nos arquivos locais do Meu Timão ou Daniel Keppler.","JOGOS_COM_PLACAR":4,"JOGOS_SEM_PLACAR":0,"PARTIDAS_DANIEL_KEPPLER":0,"PARTIDAS_MEUTIMAO":4,"FONTES_JOGOS":"Meu Timão","DATA_PRIMEIRA_PARTIDA":"2024-05-24","ANO_PRIMEIRA_PARTIDA":2024,"PRIMEIRA_PARTIDA":"RED BULL BRAGANTINO 1x3 CORINTHIANS","ADVERSARIO":"RED BULL BRAGANTINO","PLACAR":"1x3","COMPETICAO_PRIMEIRA_PARTIDA":"Paulista Feminino 2024","MANDO_PRIMEIRA_PARTIDA":"Não","FONTE_PRIMEIRA_PARTIDA":"https://www.meutimao.com.br/jogo/8184/paulista-feminino-2024/red_bull_bragantino-1-x-3-corinthians","DATA_ULTIMA_PARTIDA":"2025-09-24","ANO_ULTIMA_PARTIDA":2025,"ULTIMA_PARTIDA":"SÃO PAULO 3x1 CORINTHIANS","ADVERSARIO_ULTIMA_PARTIDA":"SÃO PAULO","PLACAR_ULTIMA_PARTIDA":"3x1","COMPETICAO_ULTIMA_PARTIDA":"Copa do Brasil Feminina 2025","MANDO_ULTIMA_PARTIDA":"Não","FONTE_ULTIMA_PARTIDA":"Meu Timão","NUM_ESTADIOS_NO_PONTO":2,"NUM_ESTADIOS_COM_JOGOS_NO_PONTO":1,"ESTADIOS_AGRUPADOS":"[{\"nome\":\"Gabriel Marques da Silva\",\"nome_atual\":\"Gabriel Marques da Silva\",\"nome_antigo_1\":null,\"nome_antigo_2\":null,\"nomes_alternativos\":[\"Gabriel Marques da Silva\"],\"cidade\":\"Santana de Parnaíba\",\"estado\":\"São Paulo\",\"pais\":\"Brasil\",\"capacidade\":null,\"jogos\":4,\"vitorias\":1,\"empates\":1,\"derrotas\":2,\"gols_marcados\":7,\"gols_sofridos\":8,\"data_primeira_partida\":\"2024-05-24\",\"data_ultima_partida\":\"2025-09-24\"},{\"nome\":\"PREFEITO GABRIEL MARQUES DA SILVA\",\"nome_atual\":\"PREFEITO GABRIEL MARQUES DA SILVA\",\"nome_antigo_1\":null,\"nome_antigo_2\":null,\"nomes_alternativos\":[\"PREFEITO GABRIEL MARQUES DA SILVA\"],\"cidade\":\"SANTANA DE PARNAÍBA\",\"estado\":\"SÃO PAULO\",\"pais\":\"BRASIL\",\"capacidade\":\"7000\",\"jogos\":0,\"vitorias\":0,\"empates\":0,\"derrotas\":0,\"gols_marcados\":0,\"gols_sofridos\":0,\"data_primeira_partida\":null,\"data_ultima_partida\":null}]","STATUS_GEOMETRIA":"PONTO_CONSOLIDADO","PRECISAO_COORDENADAS":null,"FONTE_COORDENADAS":"OpenStreetMap Nominatim (geocodificação reversa)","URL_FONTE_COORDENADAS":"https://www.openstreetmap.org/relation/298304","ATRIBUICAO_COORDENADAS":"© OpenStreetMap contributors, ODbL 1.0","FONTES_NOME_ANTIGO":null,"JOGOS_SEM_GEOMETRIA":0}},{"type":"Feature","geometry":{"type":"Point","coordinates":[-46.9154251,-23.6190828]},"properties":{"SECAO":"BRABAS","TIPO_REGISTRO":"PONTO","NOME_ESTADIO":"Marcelo Portugal","NOME_ATUAL":"Marcelo Portugal","NOME_ANTIGO_1":null,"NOME_ANTIGO_2":null,"ESTADIO":"Marcelo Portugal","ESTÁDIO":"Marcelo Portugal","NOME_ANTIGO":null,"NOMES_ALTERNATIVOS":"Estádio Marcelo Portugal Gouveia","CIDADE":"Cotia","ESTADO":"São Paulo","PAÍS":"Brasil","PAIS_ISO3":null,"CAPACIDADE":null,"LATITUDE":-23.6190828,"LONGITUDE":-46.9154251,"TOTAL_JOGOS":3,"VITORIAS":2,"VITÓRIAS":2,"EMPATES":1,"DERROTAS":0,"PONTOS_CAMPEONATO":7,"APROVEITAMENTO_PCT":77.8,"GOLS_MARCADOS":6,"GOLS_SOFRIDOS":2,"SALDO_GOLS":4,"GOLS_POR_PARTIDA":2.0,"ASSISTENCIAS":null,"ASSISTENCIAS_DISPONIVEIS":false,"ASSISTENCIAS_FONTE":"Não consta nos arquivos locais do Meu Timão ou Daniel Keppler.","JOGOS_COM_PLACAR":3,"JOGOS_SEM_PLACAR":0,"PARTIDAS_DANIEL_KEPPLER":0,"PARTIDAS_MEUTIMAO":3,"FONTES_JOGOS":"Meu Timão","DATA_PRIMEIRA_PARTIDA":"2021-06-03","ANO_PRIMEIRA_PARTIDA":2021,"PRIMEIRA_PARTIDA":"SÃO PAULO 1x2 CORINTHIANS","ADVERSARIO":"SÃO PAULO","PLACAR":"1x2","COMPETICAO_PRIMEIRA_PARTIDA":"Brasileiro Feminino 2021","MANDO_PRIMEIRA_PARTIDA":"Não","FONTE_PRIMEIRA_PARTIDA":"https://www.meutimao.com.br/jogo/4822/brasileiro-feminino-2021/sao_paulo-1-x-2-corinthians","DATA_ULTIMA_PARTIDA":"2025-04-26","ANO_ULTIMA_PARTIDA":2025,"ULTIMA_PARTIDA":"SÃO PAULO 1x1 CORINTHIANS","ADVERSARIO_ULTIMA_PARTIDA":"SÃO PAULO","PLACAR_ULTIMA_PARTIDA":"1x1","COMPETICAO_ULTIMA_PARTIDA":"Brasileiro Feminino 2025","MANDO_ULTIMA_PARTIDA":"Não","FONTE_ULTIMA_PARTIDA":"Meu Timão","NUM_ESTADIOS_NO_PONTO":2,"NUM_ESTADIOS_COM_JOGOS_NO_PONTO":1,"ESTADIOS_AGRUPADOS":"[{\"nome\":\"Estádio Marcelo Portugal Gouveia\",\"nome_atual\":\"Estádio Marcelo Portugal Gouveia\",\"nome_antigo_1\":null,\"nome_antigo_2\":null,\"nomes_alternativos\":[\"Estádio Marcelo Portugal Gouveia\"],\"cidade\":\"Cotia\",\"estado\":\"São Paulo\",\"pais\":\"Brazil\",\"capacidade\":null,\"jogos\":0,\"vitorias\":0,\"empates\":0,\"derrotas\":0,\"gols_marcados\":0,\"gols_sofridos\":0,\"data_primeira_partida\":null,\"data_ultima_partida\":null},{\"nome\":\"Marcelo Portugal\",\"nome_atual\":\"Marcelo Portugal\",\"nome_antigo_1\":null,\"nome_antigo_2\":null,\"nomes_alternativos\":[\"Marcelo Portugal\"],\"cidade\":\"Cotia\",\"estado\":\"São Paulo\",\"pais\":\"Brasil\",\"capacidade\":null,\"jogos\":3,\"vitorias\":2,\"empates\":1,\"derrotas\":0,\"gols_marcados\":6,\"gols_sofridos\":2,\"data_primeira_partida\":\"2021-06-03\",\"data_ultima_partida\":\"2025-04-26\"}]","STATUS_GEOMETRIA":"PONTO_CONSOLIDADO","PRECISAO_COORDENADAS":null,"FONTE_COORDENADAS":"OpenStreetMap Nominatim (geocodificação reversa)","URL_FONTE_COORDENADAS":"https://www.openstreetmap.org/relation/298252","ATRIBUICAO_COORDENADAS":"© OpenStreetMap contributors, ODbL 1.0","FONTES_NOME_ANTIGO":null,"JOGOS_SEM_GEOMETRIA":0}},{"type":"Feature","geometry":{"type":"Point","coordinates":[-46.91370263084598,-23.62136838904537]},"properties":{"SECAO":"BRABAS","TIPO_REGISTRO":"PONTO","NOME_ESTADIO":"CENTRO DE FORMAÇÃO DE ATLETAS LAUDO NATEL (CT DE COTIA)","NOME_ATUAL":"CENTRO DE FORMAÇÃO DE ATLETAS LAUDO NATEL (CT DE COTIA)","NOME_ANTIGO_1":"CT de Cotia","NOME_ANTIGO_2":null,"ESTADIO":"CENTRO DE FORMAÇÃO DE ATLETAS LAUDO NATEL (CT DE COTIA)","ESTÁDIO":"CENTRO DE FORMAÇÃO DE ATLETAS LAUDO NATEL (CT DE COTIA)","NOME_ANTIGO":null,"NOMES_ALTERNATIVOS":"CT de Cotia","CIDADE":"COTIA ","ESTADO":"SÃO PAULO","PAÍS":"BRASIL","PAIS_ISO3":null,"CAPACIDADE":"1500","LATITUDE":-23.62136838904537,"LONGITUDE":-46.91370263084598,"TOTAL_JOGOS":1,"VITORIAS":0,"VITÓRIAS":0,"EMPATES":0,"DERROTAS":1,"PONTOS_CAMPEONATO":0,"APROVEITAMENTO_PCT":0.0,"GOLS_MARCADOS":0,"GOLS_SOFRIDOS":2,"SALDO_GOLS":-2,"GOLS_POR_PARTIDA":0.0,"ASSISTENCIAS":null,"ASSISTENCIAS_DISPONIVEIS":false,"ASSISTENCIAS_FONTE":"Não consta nos arquivos locais do Meu Timão ou Daniel Keppler.","JOGOS_COM_PLACAR":1,"JOGOS_SEM_PLACAR":0,"PARTIDAS_DANIEL_KEPPLER":0,"PARTIDAS_MEUTIMAO":1,"FONTES_JOGOS":"Meu Timão","DATA_PRIMEIRA_PARTIDA":"2020-02-29","ANO_PRIMEIRA_PARTIDA":2020,"PRIMEIRA_PARTIDA":"SÃO PAULO 2x0 CORINTHIANS","ADVERSARIO":"SÃO PAULO","PLACAR":"2x0","COMPETICAO_PRIMEIRA_PARTIDA":"Brasileiro Feminino 2020","MANDO_PRIMEIRA_PARTIDA":"Não","FONTE_PRIMEIRA_PARTIDA":"https://www.meutimao.com.br/jogo/1437/brasileiro-feminino-2020/sao_paulo-2-x-0-corinthians","DATA_ULTIMA_PARTIDA":"2020-02-29","ANO_ULTIMA_PARTIDA":2020,"ULTIMA_PARTIDA":"SÃO PAULO 2x0 CORINTHIANS","ADVERSARIO_ULTIMA_PARTIDA":"SÃO PAULO","PLACAR_ULTIMA_PARTIDA":"2x0","COMPETICAO_ULTIMA_PARTIDA":"Brasileiro Feminino 2020","MANDO_ULTIMA_PARTIDA":"Não","FONTE_ULTIMA_PARTIDA":"Meu Timão","NUM_ESTADIOS_NO_PONTO":1,"NUM_ESTADIOS_COM_JOGOS_NO_PONTO":1,"ESTADIOS_AGRUPADOS":"[{\"nome\":\"CENTRO DE FORMAÇÃO DE ATLETAS LAUDO NATEL (CT DE COTIA)\",\"nome_atual\":\"CENTRO DE FORMAÇÃO DE ATLETAS LAUDO NATEL (CT DE COTIA)\",\"nome_antigo_1\":\"CT de Cotia\",\"nome_antigo_2\":null,\"nomes_alternativos\":[\"CENTRO DE FORMAÇÃO DE ATLETAS LAUDO NATEL (CT DE COTIA)\",\"CT de Cotia\"],\"cidade\":\"COTIA \",\"estado\":\"SÃO PAULO\",\"pais\":\"BRASIL\",\"capacidade\":\"1500\",\"jogos\":1,\"vitorias\":0,\"empates\":0,\"derrotas\":1,\"gols_marcados\":0,\"gols_sofridos\":2,\"data_primeira_partida\":\"2020-02-29\",\"data_ultima_partida\":\"2020-02-29\"}]","STATUS_GEOMETRIA":"PONTO_CONSOLIDADO","PRECISAO_COORDENADAS":null,"FONTE_COORDENADAS":null,"URL_FONTE_COORDENADAS":null,"ATRIBUICAO_COORDENADAS":null,"FONTES_NOME_ANTIGO":null,"JOGOS_SEM_GEOMETRIA":0}},{"type":"Feature","geometry":{"type":"Point","coordinates":[-46.8995624,-23.5124719]},"properties":{"SECAO":"BRABAS","TIPO_REGISTRO":"PONTO","NOME_ESTADIO":"Arena Barueri","NOME_ATUAL":"Arena Barueri","NOME_ANTIGO_1":null,"NOME_ANTIGO_2":null,"ESTADIO":"Arena Barueri","ESTÁDIO":"Arena Barueri","NOME_ANTIGO":null,"NOMES_ALTERNATIVOS":"","CIDADE":"BARUERI ","ESTADO":"SÃO PAULO","PAÍS":"Brasil","PAIS_ISO3":null,"CAPACIDADE":"31452","LATITUDE":-23.5124719,"LONGITUDE":-46.8995624,"TOTAL_JOGOS":34,"VITORIAS":23,"VITÓRIAS":23,"EMPATES":6,"DERROTAS":5,"PONTOS_CAMPEONATO":75,"APROVEITAMENTO_PCT":73.5,"GOLS_MARCADOS":112,"GOLS_SOFRIDOS":27,"SALDO_GOLS":85,"GOLS_POR_PARTIDA":3.29,"ASSISTENCIAS":null,"ASSISTENCIAS_DISPONIVEIS":false,"ASSISTENCIAS_FONTE":"Não consta nos arquivos locais do Meu Timão ou Daniel Keppler.","JOGOS_COM_PLACAR":34,"JOGOS_SEM_PLACAR":0,"PARTIDAS_DANIEL_KEPPLER":0,"PARTIDAS_MEUTIMAO":34,"FONTES_JOGOS":"Meu Timão","DATA_PRIMEIRA_PARTIDA":"2017-03-20","ANO_PRIMEIRA_PARTIDA":2017,"PRIMEIRA_PARTIDA":"CORINTHIANS 3x2 KINDERMANN","ADVERSARIO":"KINDERMANN","PLACAR":"3x2","COMPETICAO_PRIMEIRA_PARTIDA":"Brasileirão Feminino 2017","MANDO_PRIMEIRA_PARTIDA":"Sim","FONTE_PRIMEIRA_PARTIDA":"https://www.meutimao.com.br/jogo/5153/brasileirao-feminino-2017/corinthians-3-x-2-kindermann","DATA_ULTIMA_PARTIDA":"2026-07-29","ANO_ULTIMA_PARTIDA":2026,"ULTIMA_PARTIDA":"PALMEIRAS 1x0 CORINTHIANS","ADVERSARIO_ULTIMA_PARTIDA":"PALMEIRAS","PLACAR_ULTIMA_PARTIDA":"1x0","COMPETICAO_ULTIMA_PARTIDA":"Paulista Feminino 2026","MANDO_ULTIMA_PARTIDA":"Não","FONTE_ULTIMA_PARTIDA":"Meu Timão","NUM_ESTADIOS_NO_PONTO":1,"NUM_ESTADIOS_COM_JOGOS_NO_PONTO":1,"ESTADIOS_AGRUPADOS":"[{\"nome\":\"Arena Barueri\",\"nome_atual\":\"Arena Barueri\",\"nome_antigo_1\":null,\"nome_antigo_2\":null,\"nomes_alternativos\":[\"Arena Barueri\"],\"cidade\":\"BARUERI \",\"estado\":\"SÃO PAULO\",\"pais\":\"Brasil\",\"capacidade\":\"31452\",\"jogos\":34,\"vitorias\":23,\"empates\":6,\"derrotas\":5,\"gols_marcados\":112,\"gols_sofridos\":27,\"data_primeira_partida\":\"2017-03-20\",\"data_ultima_partida\":\"2026-07-29\"}]","STATUS_GEOMETRIA":"PONTO_CONSOLIDADO","PRECISAO_COORDENADAS":null,"FONTE_COORDENADAS":"OpenStreetMap Nominatim (geocodificação reversa)","URL_FONTE_COORDENADAS":"https://www.openstreetmap.org/relation/298021","ATRIBUICAO_COORDENADAS":"© OpenStreetMap contributors, ODbL 1.0","FONTES_NOME_ANTIGO":null,"JOGOS_SEM_GEOMETRIA":0}},{"type":"Feature","geometry":{"type":"Point","coordinates":[-46.884506,-23.1887668]},"properties":{"SECAO":"BRABAS","TIPO_REGISTRO":"PONTO","NOME_ESTADIO":"Jayme Cintra","NOME_ATUAL":"Jayme Cintra","NOME_ANTIGO_1":"Jaime Cintra","NOME_ANTIGO_2":null,"ESTADIO":"Jayme Cintra","ESTÁDIO":"Jayme Cintra","NOME_ANTIGO":null,"NOMES_ALTERNATIVOS":"Jaime Cintra","CIDADE":"Jundiaí","ESTADO":"São Paulo","PAÍS":"Brasil","PAIS_ISO3":null,"CAPACIDADE":null,"LATITUDE":-23.1887668,"LONGITUDE":-46.884506,"TOTAL_JOGOS":4,"VITORIAS":3,"VITÓRIAS":3,"EMPATES":1,"DERROTAS":0,"PONTOS_CAMPEONATO":10,"APROVEITAMENTO_PCT":83.3,"GOLS_MARCADOS":6,"GOLS_SOFRIDOS":2,"SALDO_GOLS":4,"GOLS_POR_PARTIDA":1.5,"ASSISTENCIAS":null,"ASSISTENCIAS_DISPONIVEIS":false,"ASSISTENCIAS_FONTE":"Não consta nos arquivos locais do Meu Timão ou Daniel Keppler.","JOGOS_COM_PLACAR":4,"JOGOS_SEM_PLACAR":0,"PARTIDAS_DANIEL_KEPPLER":0,"PARTIDAS_MEUTIMAO":4,"FONTES_JOGOS":"Meu Timão","DATA_PRIMEIRA_PARTIDA":"2023-05-17","ANO_PRIMEIRA_PARTIDA":2023,"PRIMEIRA_PARTIDA":"PALMEIRAS 1x1 CORINTHIANS","ADVERSARIO":"PALMEIRAS","PLACAR":"1x1","COMPETICAO_PRIMEIRA_PARTIDA":"Paulista Feminino 2023","MANDO_PRIMEIRA_PARTIDA":"Não","FONTE_PRIMEIRA_PARTIDA":"https://www.meutimao.com.br/jogo/7735/paulista-feminino-2023/palmeiras-1-x-1-corinthians","DATA_ULTIMA_PARTIDA":"2024-09-01","ANO_ULTIMA_PARTIDA":2024,"ULTIMA_PARTIDA":"PALMEIRAS 1x3 CORINTHIANS","ADVERSARIO_ULTIMA_PARTIDA":"PALMEIRAS","PLACAR_ULTIMA_PARTIDA":"1x3","COMPETICAO_ULTIMA_PARTIDA":"Brasileiro Feminino 2024","MANDO_ULTIMA_PARTIDA":"Não","FONTE_ULTIMA_PARTIDA":"Meu Timão","NUM_ESTADIOS_NO_PONTO":1,"NUM_ESTADIOS_COM_JOGOS_NO_PONTO":1,"ESTADIOS_AGRUPADOS":"[{\"nome\":\"Jayme Cintra\",\"nome_atual\":\"Jayme Cintra\",\"nome_antigo_1\":\"Jaime Cintra\",\"nome_antigo_2\":null,\"nomes_alternativos\":[\"Jaime Cintra\",\"Jayme Cintra\"],\"cidade\":\"Jundiaí\",\"estado\":\"São Paulo\",\"pais\":\"Brasil\",\"capacidade\":null,\"jogos\":4,\"vitorias\":3,\"empates\":1,\"derrotas\":0,\"gols_marcados\":6,\"gols_sofridos\":2,\"data_primeira_partida\":\"2023-05-17\",\"data_ultima_partida\":\"2024-09-01\"}]","STATUS_GEOMETRIA":"PONTO_CONSOLIDADO","PRECISAO_COORDENADAS":"Município (estádio exato não identificado)","FONTE_COORDENADAS":"OpenStreetMap Nominatim (localidade aproximada)","URL_FONTE_COORDENADAS":"https://www.openstreetmap.org/relation/297991","ATRIBUICAO_COORDENADAS":"© OpenStreetMap contributors, ODbL 1.0","FONTES_NOME_ANTIGO":null,"JOGOS_SEM_GEOMETRIA":0}},{"type":"Feature","geometry":{"type":"Point","coordinates":[-46.8764612,-23.5112184]},"properties":{"SECAO":"BRABAS","TIPO_REGISTRO":"PONTO","NOME_ESTADIO":"CT Vila Porto","NOME_ATUAL":"CT Vila Porto","NOME_ANTIGO_1":null,"NOME_ANTIGO_2":null,"ESTADIO":"CT Vila Porto","ESTÁDIO":"CT Vila Porto","NOME_ANTIGO":null,"NOMES_ALTERNATIVOS":"","CIDADE":"Barueri","ESTADO":"São Paulo","PAÍS":"Brazil","PAIS_ISO3":null,"CAPACIDADE":"500","LATITUDE":-23.5112184,"LONGITUDE":-46.8764612,"TOTAL_JOGOS":1,"VITORIAS":1,"VITÓRIAS":1,"EMPATES":0,"DERROTAS":0,"PONTOS_CAMPEONATO":3,"APROVEITAMENTO_PCT":100.0,"GOLS_MARCADOS":3,"GOLS_SOFRIDOS":0,"SALDO_GOLS":3,"GOLS_POR_PARTIDA":3.0,"ASSISTENCIAS":null,"ASSISTENCIAS_DISPONIVEIS":false,"ASSISTENCIAS_FONTE":"Não consta nos arquivos locais do Meu Timão ou Daniel Keppler.","JOGOS_COM_PLACAR":1,"JOGOS_SEM_PLACAR":0,"PARTIDAS_DANIEL_KEPPLER":0,"PARTIDAS_MEUTIMAO":1,"FONTES_JOGOS":"Meu Timão","DATA_PRIMEIRA_PARTIDA":"2017-05-14","ANO_PRIMEIRA_PARTIDA":2017,"PRIMEIRA_PARTIDA":"CORINTHIANS 3x0 PORTUGUESA","ADVERSARIO":"PORTUGUESA","PLACAR":"3x0","COMPETICAO_PRIMEIRA_PARTIDA":"Paulista Feminino 2017","MANDO_PRIMEIRA_PARTIDA":"Sim","FONTE_PRIMEIRA_PARTIDA":"https://www.meutimao.com.br/jogo/5320/paulista-feminino-2017/corinthians-3-x-0-portuguesa","DATA_ULTIMA_PARTIDA":"2017-05-14","ANO_ULTIMA_PARTIDA":2017,"ULTIMA_PARTIDA":"CORINTHIANS 3x0 PORTUGUESA","ADVERSARIO_ULTIMA_PARTIDA":"PORTUGUESA","PLACAR_ULTIMA_PARTIDA":"3x0","COMPETICAO_ULTIMA_PARTIDA":"Paulista Feminino 2017","MANDO_ULTIMA_PARTIDA":"Sim","FONTE_ULTIMA_PARTIDA":"Meu Timão","NUM_ESTADIOS_NO_PONTO":1,"NUM_ESTADIOS_COM_JOGOS_NO_PONTO":1,"ESTADIOS_AGRUPADOS":"[{\"nome\":\"CT Vila Porto\",\"nome_atual\":\"CT Vila Porto\",\"nome_antigo_1\":null,\"nome_antigo_2\":null,\"nomes_alternativos\":[\"CT Vila Porto\"],\"cidade\":\"Barueri\",\"estado\":\"São Paulo\",\"pais\":\"Brazil\",\"capacidade\":\"500\",\"jogos\":1,\"vitorias\":1,\"empates\":0,\"derrotas\":0,\"gols_marcados\":3,\"gols_sofridos\":0,\"data_primeira_partida\":\"2017-05-14\",\"data_ultima_partida\":\"2017-05-14\"}]","STATUS_GEOMETRIA":"PONTO_CONSOLIDADO","PRECISAO_COORDENADAS":"Município (estádio exato não identificado)","FONTE_COORDENADAS":"OpenStreetMap Nominatim (localidade aproximada)","URL_FONTE_COORDENADAS":"https://www.openstreetmap.org/relation/298021","ATRIBUICAO_COORDENADAS":"© OpenStreetMap contributors, ODbL 1.0","FONTES_NOME_ANTIGO":null,"JOGOS_SEM_GEOMETRIA":0}},{"type":"Feature","geometry":{"type":"Point","coordinates":[-46.87185330508753,-23.49828194687862]},"properties":{"SECAO":"BRABAS","TIPO_REGISTRO":"PONTO","NOME_ESTADIO":"COMPLEXO ESPORTIVO VILA PORTO","NOME_ATUAL":"COMPLEXO ESPORTIVO VILA PORTO","NOME_ANTIGO_1":null,"NOME_ANTIGO_2":null,"ESTADIO":"COMPLEXO ESPORTIVO VILA PORTO","ESTÁDIO":"COMPLEXO ESPORTIVO VILA PORTO","NOME_ANTIGO":null,"NOMES_ALTERNATIVOS":"","CIDADE":"BARUERI ","ESTADO":"SÃO PAULO","PAÍS":"BRASIL","PAIS_ISO3":null,"CAPACIDADE":"0.0","LATITUDE":-23.49828194687862,"LONGITUDE":-46.87185330508753,"TOTAL_JOGOS":0,"VITORIAS":0,"VITÓRIAS":0,"EMPATES":0,"DERROTAS":0,"PONTOS_CAMPEONATO":0,"APROVEITAMENTO_PCT":0,"GOLS_MARCADOS":0,"GOLS_SOFRIDOS":0,"SALDO_GOLS":0,"GOLS_POR_PARTIDA":0,"ASSISTENCIAS":null,"ASSISTENCIAS_DISPONIVEIS":false,"ASSISTENCIAS_FONTE":"Não consta nos arquivos locais do Meu Timão ou Daniel Keppler.","JOGOS_COM_PLACAR":0,"JOGOS_SEM_PLACAR":0,"PARTIDAS_DANIEL_KEPPLER":0,"PARTIDAS_MEUTIMAO":0,"FONTES_JOGOS":"","DATA_PRIMEIRA_PARTIDA":null,"ANO_PRIMEIRA_PARTIDA":null,"PRIMEIRA_PARTIDA":null,"ADVERSARIO":null,"PLACAR":null,"COMPETICAO_PRIMEIRA_PARTIDA":null,"MANDO_PRIMEIRA_PARTIDA":null,"FONTE_PRIMEIRA_PARTIDA":null,"DATA_ULTIMA_PARTIDA":null,"ANO_ULTIMA_PARTIDA":null,"ULTIMA_PARTIDA":"","ADVERSARIO_ULTIMA_PARTIDA":null,"PLACAR_ULTIMA_PARTIDA":null,"COMPETICAO_ULTIMA_PARTIDA":null,"MANDO_ULTIMA_PARTIDA":null,"FONTE_ULTIMA_PARTIDA":null,"NUM_ESTADIOS_NO_PONTO":1,"NUM_ESTADIOS_COM_JOGOS_NO_PONTO":0,"ESTADIOS_AGRUPADOS":"[{\"nome\":\"COMPLEXO ESPORTIVO VILA PORTO\",\"nome_atual\":\"COMPLEXO ESPORTIVO VILA PORTO\",\"nome_antigo_1\":null,\"nome_antigo_2\":null,\"nomes_alternativos\":[\"COMPLEXO ESPORTIVO VILA PORTO\"],\"cidade\":\"BARUERI \",\"estado\":\"SÃO PAULO\",\"pais\":\"BRASIL\",\"capacidade\":\"0.0\",\"jogos\":0,\"vitorias\":0,\"empates\":0,\"derrotas\":0,\"gols_marcados\":0,\"gols_sofridos\":0,\"data_primeira_partida\":null,\"data_ultima_partida\":null}]","STATUS_GEOMETRIA":"PONTO_CONSOLIDADO","PRECISAO_COORDENADAS":null,"FONTE_COORDENADAS":null,"URL_FONTE_COORDENADAS":null,"ATRIBUICAO_COORDENADAS":null,"FONTES_NOME_ANTIGO":null,"JOGOS_SEM_GEOMETRIA":0}},{"type":"Feature","geometry":{"type":"Point","coordinates":[-46.8599183,-23.1882884]},"properties":{"SECAO":"BRABAS","TIPO_REGISTRO":"PONTO","NOME_ESTADIO":"Jayme Cintra","NOME_ATUAL":"Jayme Cintra","NOME_ANTIGO_1":"Jaime Cintra","NOME_ANTIGO_2":null,"ESTADIO":"Jayme Cintra","ESTÁDIO":"Jayme Cintra","NOME_ANTIGO":null,"NOMES_ALTERNATIVOS":"Jaime Cintra","CIDADE":"Jundiaí","ESTADO":"São Paulo","PAÍS":"Brasil","PAIS_ISO3":null,"CAPACIDADE":"14771","LATITUDE":-23.1882884,"LONGITUDE":-46.8599183,"TOTAL_JOGOS":0,"VITORIAS":0,"VITÓRIAS":0,"EMPATES":0,"DERROTAS":0,"PONTOS_CAMPEONATO":0,"APROVEITAMENTO_PCT":0,"GOLS_MARCADOS":0,"GOLS_SOFRIDOS":0,"SALDO_GOLS":0,"GOLS_POR_PARTIDA":0,"ASSISTENCIAS":null,"ASSISTENCIAS_DISPONIVEIS":false,"ASSISTENCIAS_FONTE":"Não consta nos arquivos locais do Meu Timão ou Daniel Keppler.","JOGOS_COM_PLACAR":0,"JOGOS_SEM_PLACAR":0,"PARTIDAS_DANIEL_KEPPLER":0,"PARTIDAS_MEUTIMAO":0,"FONTES_JOGOS":"","DATA_PRIMEIRA_PARTIDA":null,"ANO_PRIMEIRA_PARTIDA":null,"PRIMEIRA_PARTIDA":null,"ADVERSARIO":null,"PLACAR":null,"COMPETICAO_PRIMEIRA_PARTIDA":null,"MANDO_PRIMEIRA_PARTIDA":null,"FONTE_PRIMEIRA_PARTIDA":null,"DATA_ULTIMA_PARTIDA":null,"ANO_ULTIMA_PARTIDA":null,"ULTIMA_PARTIDA":"","ADVERSARIO_ULTIMA_PARTIDA":null,"PLACAR_ULTIMA_PARTIDA":null,"COMPETICAO_ULTIMA_PARTIDA":null,"MANDO_ULTIMA_PARTIDA":null,"FONTE_ULTIMA_PARTIDA":null,"NUM_ESTADIOS_NO_PONTO":1,"NUM_ESTADIOS_COM_JOGOS_NO_PONTO":0,"ESTADIOS_AGRUPADOS":"[{\"nome\":\"Jayme Cintra\",\"nome_atual\":\"Jayme Cintra\",\"nome_antigo_1\":\"Jaime Cintra\",\"nome_antigo_2\":null,\"nomes_alternativos\":[\"Jaime Cintra\",\"Jayme Cintra\"],\"cidade\":\"Jundiaí\",\"estado\":\"São Paulo\",\"pais\":\"Brasil\",\"capacidade\":\"14771\",\"jogos\":0,\"vitorias\":0,\"empates\":0,\"derrotas\":0,\"gols_marcados\":0,\"gols_sofridos\":0,\"data_primeira_partida\":null,\"data_ultima_partida\":null}]","STATUS_GEOMETRIA":"PONTO_CONSOLIDADO","PRECISAO_COORDENADAS":null,"FONTE_COORDENADAS":"OpenStreetMap Nominatim (geocodificação reversa)","URL_FONTE_COORDENADAS":"https://www.openstreetmap.org/relation/297991","ATRIBUICAO_COORDENADAS":"© OpenStreetMap contributors, ODbL 1.0","FONTES_NOME_ANTIGO":null,"JOGOS_SEM_GEOMETRIA":0}},{"type":"Feature","geometry":{"type":"Point","coordinates":[-46.85966670056867,-23.187952588395312]},"properties":{"SECAO":"BRABAS","TIPO_REGISTRO":"PONTO","NOME_ESTADIO":"DOUTOR JAYME PINHEIRO DE ULHÔA CINTRA (JAYME CINTRA)","NOME_ATUAL":"DOUTOR JAYME PINHEIRO DE ULHÔA CINTRA (JAYME CINTRA)","NOME_ANTIGO_1":null,"NOME_ANTIGO_2":null,"ESTADIO":"DOUTOR JAYME PINHEIRO DE ULHÔA CINTRA (JAYME CINTRA)","ESTÁDIO":"DOUTOR JAYME PINHEIRO DE ULHÔA CINTRA (JAYME CINTRA)","NOME_ANTIGO":null,"NOMES_ALTERNATIVOS":"","CIDADE":"JUNDIAÍ","ESTADO":"SÃO PAULO","PAÍS":"BRASIL","PAIS_ISO3":null,"CAPACIDADE":"13905","LATITUDE":-23.187952588395312,"LONGITUDE":-46.85966670056867,"TOTAL_JOGOS":0,"VITORIAS":0,"VITÓRIAS":0,"EMPATES":0,"DERROTAS":0,"PONTOS_CAMPEONATO":0,"APROVEITAMENTO_PCT":0,"GOLS_MARCADOS":0,"GOLS_SOFRIDOS":0,"SALDO_GOLS":0,"GOLS_POR_PARTIDA":0,"ASSISTENCIAS":null,"ASSISTENCIAS_DISPONIVEIS":false,"ASSISTENCIAS_FONTE":"Não consta nos arquivos locais do Meu Timão ou Daniel Keppler.","JOGOS_COM_PLACAR":0,"JOGOS_SEM_PLACAR":0,"PARTIDAS_DANIEL_KEPPLER":0,"PARTIDAS_MEUTIMAO":0,"FONTES_JOGOS":"","DATA_PRIMEIRA_PARTIDA":null,"ANO_PRIMEIRA_PARTIDA":null,"PRIMEIRA_PARTIDA":null,"ADVERSARIO":null,"PLACAR":null,"COMPETICAO_PRIMEIRA_PARTIDA":null,"MANDO_PRIMEIRA_PARTIDA":null,"FONTE_PRIMEIRA_PARTIDA":null,"DATA_ULTIMA_PARTIDA":null,"ANO_ULTIMA_PARTIDA":null,"ULTIMA_PARTIDA":"","ADVERSARIO_ULTIMA_PARTIDA":null,"PLACAR_ULTIMA_PARTIDA":null,"COMPETICAO_ULTIMA_PARTIDA":null,"MANDO_ULTIMA_PARTIDA":null,"FONTE_ULTIMA_PARTIDA":null,"NUM_ESTADIOS_NO_PONTO":1,"NUM_ESTADIOS_COM_JOGOS_NO_PONTO":0,"ESTADIOS_AGRUPADOS":"[{\"nome\":\"DOUTOR JAYME PINHEIRO DE ULHÔA CINTRA (JAYME CINTRA)\",\"nome_atual\":\"DOUTOR JAYME PINHEIRO DE ULHÔA CINTRA (JAYME CINTRA)\",\"nome_antigo_1\":null,\"nome_antigo_2\":null,\"nomes_alternativos\":[\"DOUTOR JAYME PINHEIRO DE ULHÔA CINTRA (JAYME CINTRA)\"],\"cidade\":\"JUNDIAÍ\",\"estado\":\"SÃO PAULO\",\"pais\":\"BRASIL\",\"capacidade\":\"13905\",\"jogos\":0,\"vitorias\":0,\"empates\":0,\"derrotas\":0,\"gols_marcados\":0,\"gols_sofridos\":0,\"data_primeira_partida\":null,\"data_ultima_partida\":null}]","STATUS_GEOMETRIA":"PONTO_CONSOLIDADO","PRECISAO_COORDENADAS":null,"FONTE_COORDENADAS":null,"URL_FONTE_COORDENADAS":null,"ATRIBUICAO_COORDENADAS":null,"FONTES_NOME_ANTIGO":null,"JOGOS_SEM_GEOMETRIA":0}},{"type":"Feature","geometry":{"type":"Point","coordinates":[-46.856368817756056,-23.65319035613817]},"properties":{"SECAO":"BRABAS","TIPO_REGISTRO":"PONTO","NOME_ESTADIO":"HERMÍNIO ESPOSITO","NOME_ATUAL":"HERMÍNIO ESPOSITO","NOME_ANTIGO_1":null,"NOME_ANTIGO_2":null,"ESTADIO":"HERMÍNIO ESPOSITO","ESTÁDIO":"HERMÍNIO ESPOSITO","NOME_ANTIGO":null,"NOMES_ALTERNATIVOS":"","CIDADE":"EMBU DAS ARTES ","ESTADO":"SÃO PAULO","PAÍS":"BRASIL","PAIS_ISO3":null,"CAPACIDADE":"5048","LATITUDE":-23.65319035613817,"LONGITUDE":-46.856368817756056,"TOTAL_JOGOS":1,"VITORIAS":1,"VITÓRIAS":1,"EMPATES":0,"DERROTAS":0,"PONTOS_CAMPEONATO":3,"APROVEITAMENTO_PCT":100.0,"GOLS_MARCADOS":5,"GOLS_SOFRIDOS":2,"SALDO_GOLS":3,"GOLS_POR_PARTIDA":5.0,"ASSISTENCIAS":null,"ASSISTENCIAS_DISPONIVEIS":false,"ASSISTENCIAS_FONTE":"Não consta nos arquivos locais do Meu Timão ou Daniel Keppler.","JOGOS_COM_PLACAR":1,"JOGOS_SEM_PLACAR":0,"PARTIDAS_DANIEL_KEPPLER":0,"PARTIDAS_MEUTIMAO":1,"FONTES_JOGOS":"Meu Timão","DATA_PRIMEIRA_PARTIDA":"2017-06-11","ANO_PRIMEIRA_PARTIDA":2017,"PRIMEIRA_PARTIDA":"AD EMBU DAS ARTES 2x5 CORINTHIANS","ADVERSARIO":"AD EMBU DAS ARTES","PLACAR":"2x5","COMPETICAO_PRIMEIRA_PARTIDA":"Paulista Feminino 2017","MANDO_PRIMEIRA_PARTIDA":"Não","FONTE_PRIMEIRA_PARTIDA":"https://www.meutimao.com.br/jogo/5325/paulista-feminino-2017/ad_embu_das_artes-2-x-5-corinthians","DATA_ULTIMA_PARTIDA":"2017-06-11","ANO_ULTIMA_PARTIDA":2017,"ULTIMA_PARTIDA":"AD EMBU DAS ARTES 2x5 CORINTHIANS","ADVERSARIO_ULTIMA_PARTIDA":"AD EMBU DAS ARTES","PLACAR_ULTIMA_PARTIDA":"2x5","COMPETICAO_ULTIMA_PARTIDA":"Paulista Feminino 2017","MANDO_ULTIMA_PARTIDA":"Não","FONTE_ULTIMA_PARTIDA":"Meu Timão","NUM_ESTADIOS_NO_PONTO":1,"NUM_ESTADIOS_COM_JOGOS_NO_PONTO":1,"ESTADIOS_AGRUPADOS":"[{\"nome\":\"HERMÍNIO ESPOSITO\",\"nome_atual\":\"HERMÍNIO ESPOSITO\",\"nome_antigo_1\":null,\"nome_antigo_2\":null,\"nomes_alternativos\":[\"HERMÍNIO ESPOSITO\"],\"cidade\":\"EMBU DAS ARTES \",\"estado\":\"SÃO PAULO\",\"pais\":\"BRASIL\",\"capacidade\":\"5048\",\"jogos\":1,\"vitorias\":1,\"empates\":0,\"derrotas\":0,\"gols_marcados\":5,\"gols_sofridos\":2,\"data_primeira_partida\":\"2017-06-11\",\"data_ultima_partida\":\"2017-06-11\"}]","STATUS_GEOMETRIA":"PONTO_CONSOLIDADO","PRECISAO_COORDENADAS":null,"FONTE_COORDENADAS":null,"URL_FONTE_COORDENADAS":null,"ATRIBUICAO_COORDENADAS":null,"FONTES_NOME_ANTIGO":null,"JOGOS_SEM_GEOMETRIA":0}},{"type":"Feature","geometry":{"type":"Point","coordinates":[-46.85516624577513,-23.183980030526858]},"properties":{"SECAO":"BRABAS","TIPO_REGISTRO":"PONTO","NOME_ESTADIO":"CENTRO ESPORTIVO DOUTOR ROMÃO DE SOUZA","NOME_ATUAL":"CENTRO ESPORTIVO DOUTOR ROMÃO DE SOUZA","NOME_ANTIGO_1":null,"NOME_ANTIGO_2":null,"ESTADIO":"CENTRO ESPORTIVO DOUTOR ROMÃO DE SOUZA","ESTÁDIO":"CENTRO ESPORTIVO DOUTOR ROMÃO DE SOUZA","NOME_ANTIGO":null,"NOMES_ALTERNATIVOS":"","CIDADE":"JUNDIAÍ ","ESTADO":"SÃO PAULO","PAÍS":"BRASIL","PAIS_ISO3":null,"CAPACIDADE":"100","LATITUDE":-23.183980030526858,"LONGITUDE":-46.85516624577513,"TOTAL_JOGOS":1,"VITORIAS":1,"VITÓRIAS":1,"EMPATES":0,"DERROTAS":0,"PONTOS_CAMPEONATO":3,"APROVEITAMENTO_PCT":100.0,"GOLS_MARCADOS":7,"GOLS_SOFRIDOS":2,"SALDO_GOLS":5,"GOLS_POR_PARTIDA":7.0,"ASSISTENCIAS":null,"ASSISTENCIAS_DISPONIVEIS":false,"ASSISTENCIAS_FONTE":"Não consta nos arquivos locais do Meu Timão ou Daniel Keppler.","JOGOS_COM_PLACAR":1,"JOGOS_SEM_PLACAR":0,"PARTIDAS_DANIEL_KEPPLER":1,"PARTIDAS_MEUTIMAO":0,"FONTES_JOGOS":"Daniel Keppler","DATA_PRIMEIRA_PARTIDA":"2008-06-21","ANO_PRIMEIRA_PARTIDA":2008,"PRIMEIRA_PARTIDA":"PAULISTA 2x7 CORINTHIANS","ADVERSARIO":"PAULISTA","PLACAR":"2x7","COMPETICAO_PRIMEIRA_PARTIDA":"CAMPEONATO PAULISTA / FPF","MANDO_PRIMEIRA_PARTIDA":"Não","FONTE_PRIMEIRA_PARTIDA":null,"DATA_ULTIMA_PARTIDA":"2008-06-21","ANO_ULTIMA_PARTIDA":2008,"ULTIMA_PARTIDA":"PAULISTA 2x7 CORINTHIANS","ADVERSARIO_ULTIMA_PARTIDA":"PAULISTA","PLACAR_ULTIMA_PARTIDA":"2x7","COMPETICAO_ULTIMA_PARTIDA":"CAMPEONATO PAULISTA / FPF","MANDO_ULTIMA_PARTIDA":"Não","FONTE_ULTIMA_PARTIDA":"Daniel Keppler","NUM_ESTADIOS_NO_PONTO":1,"NUM_ESTADIOS_COM_JOGOS_NO_PONTO":1,"ESTADIOS_AGRUPADOS":"[{\"nome\":\"CENTRO ESPORTIVO DOUTOR ROMÃO DE SOUZA\",\"nome_atual\":\"CENTRO ESPORTIVO DOUTOR ROMÃO DE SOUZA\",\"nome_antigo_1\":null,\"nome_antigo_2\":null,\"nomes_alternativos\":[\"CENTRO ESPORTIVO DOUTOR ROMÃO DE SOUZA\"],\"cidade\":\"JUNDIAÍ \",\"estado\":\"SÃO PAULO\",\"pais\":\"BRASIL\",\"capacidade\":\"100\",\"jogos\":1,\"vitorias\":1,\"empates\":0,\"derrotas\":0,\"gols_marcados\":7,\"gols_sofridos\":2,\"data_primeira_partida\":\"2008-06-21\",\"data_ultima_partida\":\"2008-06-21\"}]","STATUS_GEOMETRIA":"PONTO_CONSOLIDADO","PRECISAO_COORDENADAS":null,"FONTE_COORDENADAS":null,"URL_FONTE_COORDENADAS":null,"ATRIBUICAO_COORDENADAS":null,"FONTES_NOME_ANTIGO":null,"JOGOS_SEM_GEOMETRIA":0}},{"type":"Feature","geometry":{"type":"Point","coordinates":[-46.7763584,-23.5112728]},"properties":{"SECAO":"BRABAS","TIPO_REGISTRO":"PONTO","NOME_ESTADIO":"José Liberatti","NOME_ATUAL":"José Liberatti","NOME_ANTIGO_1":null,"NOME_ANTIGO_2":null,"ESTADIO":"José Liberatti","ESTÁDIO":"José Liberatti","NOME_ANTIGO":null,"NOMES_ALTERNATIVOS":"Estádio Prefeito José Liberatti","CIDADE":"Osasco","ESTADO":"São Paulo","PAÍS":"Brazil","PAIS_ISO3":null,"CAPACIDADE":"17430","LATITUDE":-23.5112728,"LONGITUDE":-46.7763584,"TOTAL_JOGOS":20,"VITORIAS":17,"VITÓRIAS":17,"EMPATES":2,"DERROTAS":1,"PONTOS_CAMPEONATO":53,"APROVEITAMENTO_PCT":88.3,"GOLS_MARCADOS":73,"GOLS_SOFRIDOS":9,"SALDO_GOLS":64,"GOLS_POR_PARTIDA":3.65,"ASSISTENCIAS":null,"ASSISTENCIAS_DISPONIVEIS":false,"ASSISTENCIAS_FONTE":"Não consta nos arquivos locais do Meu Timão ou Daniel Keppler.","JOGOS_COM_PLACAR":20,"JOGOS_SEM_PLACAR":0,"PARTIDAS_DANIEL_KEPPLER":0,"PARTIDAS_MEUTIMAO":20,"FONTES_JOGOS":"Meu Timão","DATA_PRIMEIRA_PARTIDA":"2016-01-27","ANO_PRIMEIRA_PARTIDA":2016,"PRIMEIRA_PARTIDA":"CORINTHIANS 2x1 RIO PRETO","ADVERSARIO":"RIO PRETO","PLACAR":"2x1","COMPETICAO_PRIMEIRA_PARTIDA":"Brasileirão 2016","MANDO_PRIMEIRA_PARTIDA":"Sim","FONTE_PRIMEIRA_PARTIDA":"https://www.meutimao.com.br/jogo/4700/brasileirao-2016/corinthians-2-x-1-rio_preto","DATA_ULTIMA_PARTIDA":"2025-11-16","ANO_ULTIMA_PARTIDA":2025,"ULTIMA_PARTIDA":"CORINTHIANS 3x0 REALIDADE JOVEM","ADVERSARIO_ULTIMA_PARTIDA":"REALIDADE JOVEM","PLACAR_ULTIMA_PARTIDA":"3x0","COMPETICAO_ULTIMA_PARTIDA":"Paulista Feminino 2025","MANDO_ULTIMA_PARTIDA":"Sim","FONTE_ULTIMA_PARTIDA":"Meu Timão","NUM_ESTADIOS_NO_PONTO":2,"NUM_ESTADIOS_COM_JOGOS_NO_PONTO":1,"ESTADIOS_AGRUPADOS":"[{\"nome\":\"Estádio Prefeito José Liberatti\",\"nome_atual\":\"Estádio Prefeito José Liberatti\",\"nome_antigo_1\":null,\"nome_antigo_2\":null,\"nomes_alternativos\":[\"Estádio Prefeito José Liberatti\"],\"cidade\":\"Osasco\",\"estado\":\"São Paulo\",\"pais\":\"Brasil\",\"capacidade\":null,\"jogos\":0,\"vitorias\":0,\"empates\":0,\"derrotas\":0,\"gols_marcados\":0,\"gols_sofridos\":0,\"data_primeira_partida\":null,\"data_ultima_partida\":null},{\"nome\":\"José Liberatti\",\"nome_atual\":\"José Liberatti\",\"nome_antigo_1\":null,\"nome_antigo_2\":null,\"nomes_alternativos\":[\"José Liberatti\"],\"cidade\":\"Osasco\",\"estado\":\"São Paulo\",\"pais\":\"Brazil\",\"capacidade\":\"17430\",\"jogos\":20,\"vitorias\":17,\"empates\":2,\"derrotas\":1,\"gols_marcados\":73,\"gols_sofridos\":9,\"data_primeira_partida\":\"2016-01-27\",\"data_ultima_partida\":\"2025-11-16\"}]","STATUS_GEOMETRIA":"PONTO_CONSOLIDADO","PRECISAO_COORDENADAS":"Estádio identificado","FONTE_COORDENADAS":"OpenStreetMap Nominatim","URL_FONTE_COORDENADAS":"https://www.openstreetmap.org/way/161555648","ATRIBUICAO_COORDENADAS":"© OpenStreetMap contributors, ODbL 1.0","FONTES_NOME_ANTIGO":null,"JOGOS_SEM_GEOMETRIA":0}},{"type":"Feature","geometry":{"type":"Point","coordinates":[-46.7755543024152,-23.51198315274678]},"properties":{"SECAO":"BRABAS","TIPO_REGISTRO":"PONTO","NOME_ESTADIO":"PREFEITO JOSÉ LIBERATTI (ROCHDALÃO)","NOME_ATUAL":"PREFEITO JOSÉ LIBERATTI (ROCHDALÃO)","NOME_ANTIGO_1":null,"NOME_ANTIGO_2":null,"ESTADIO":"PREFEITO JOSÉ LIBERATTI (ROCHDALÃO)","ESTÁDIO":"PREFEITO JOSÉ LIBERATTI (ROCHDALÃO)","NOME_ANTIGO":null,"NOMES_ALTERNATIVOS":"","CIDADE":"OSASCO ","ESTADO":"SÃO PAULO","PAÍS":"BRASIL","PAIS_ISO3":null,"CAPACIDADE":"11780","LATITUDE":-23.51198315274678,"LONGITUDE":-46.7755543024152,"TOTAL_JOGOS":0,"VITORIAS":0,"VITÓRIAS":0,"EMPATES":0,"DERROTAS":0,"PONTOS_CAMPEONATO":0,"APROVEITAMENTO_PCT":0,"GOLS_MARCADOS":0,"GOLS_SOFRIDOS":0,"SALDO_GOLS":0,"GOLS_POR_PARTIDA":0,"ASSISTENCIAS":null,"ASSISTENCIAS_DISPONIVEIS":false,"ASSISTENCIAS_FONTE":"Não consta nos arquivos locais do Meu Timão ou Daniel Keppler.","JOGOS_COM_PLACAR":0,"JOGOS_SEM_PLACAR":0,"PARTIDAS_DANIEL_KEPPLER":0,"PARTIDAS_MEUTIMAO":0,"FONTES_JOGOS":"","DATA_PRIMEIRA_PARTIDA":null,"ANO_PRIMEIRA_PARTIDA":null,"PRIMEIRA_PARTIDA":null,"ADVERSARIO":null,"PLACAR":null,"COMPETICAO_PRIMEIRA_PARTIDA":null,"MANDO_PRIMEIRA_PARTIDA":null,"FONTE_PRIMEIRA_PARTIDA":null,"DATA_ULTIMA_PARTIDA":null,"ANO_ULTIMA_PARTIDA":null,"ULTIMA_PARTIDA":"","ADVERSARIO_ULTIMA_PARTIDA":null,"PLACAR_ULTIMA_PARTIDA":null,"COMPETICAO_ULTIMA_PARTIDA":null,"MANDO_ULTIMA_PARTIDA":null,"FONTE_ULTIMA_PARTIDA":null,"NUM_ESTADIOS_NO_PONTO":1,"NUM_ESTADIOS_COM_JOGOS_NO_PONTO":0,"ESTADIOS_AGRUPADOS":"[{\"nome\":\"PREFEITO JOSÉ LIBERATTI (ROCHDALÃO)\",\"nome_atual\":\"PREFEITO JOSÉ LIBERATTI (ROCHDALÃO)\",\"nome_antigo_1\":null,\"nome_antigo_2\":null,\"nomes_alternativos\":[\"PREFEITO JOSÉ LIBERATTI (ROCHDALÃO)\"],\"cidade\":\"OSASCO \",\"estado\":\"SÃO PAULO\",\"pais\":\"BRASIL\",\"capacidade\":\"11780\",\"jogos\":0,\"vitorias\":0,\"empates\":0,\"derrotas\":0,\"gols_marcados\":0,\"gols_sofridos\":0,\"data_primeira_partida\":null,\"data_ultima_partida\":null}]","STATUS_GEOMETRIA":"PONTO_CONSOLIDADO","PRECISAO_COORDENADAS":null,"FONTE_COORDENADAS":null,"URL_FONTE_COORDENADAS":null,"ATRIBUICAO_COORDENADAS":null,"FONTES_NOME_ANTIGO":null,"JOGOS_SEM_GEOMETRIA":0}},{"type":"Feature","geometry":{"type":"Point","coordinates":[-46.7431118106844,-23.365223502581316]},"properties":{"SECAO":"BRABAS","TIPO_REGISTRO":"PONTO","NOME_ESTADIO":"CARLOS FERRACINI","NOME_ATUAL":"CARLOS FERRACINI","NOME_ANTIGO_1":null,"NOME_ANTIGO_2":null,"ESTADIO":"CARLOS FERRACINI","ESTÁDIO":"CARLOS FERRACINI","NOME_ANTIGO":null,"NOMES_ALTERNATIVOS":"","CIDADE":"CAIEIRAS","ESTADO":"SÃO PAULO","PAÍS":"BRASIL","PAIS_ISO3":null,"CAPACIDADE":"6195","LATITUDE":-23.365223502581316,"LONGITUDE":-46.7431118106844,"TOTAL_JOGOS":1,"VITORIAS":1,"VITÓRIAS":1,"EMPATES":0,"DERROTAS":0,"PONTOS_CAMPEONATO":3,"APROVEITAMENTO_PCT":100.0,"GOLS_MARCADOS":2,"GOLS_SOFRIDOS":0,"SALDO_GOLS":2,"GOLS_POR_PARTIDA":2.0,"ASSISTENCIAS":null,"ASSISTENCIAS_DISPONIVEIS":false,"ASSISTENCIAS_FONTE":"Não consta nos arquivos locais do Meu Timão ou Daniel Keppler.","JOGOS_COM_PLACAR":1,"JOGOS_SEM_PLACAR":0,"PARTIDAS_DANIEL_KEPPLER":0,"PARTIDAS_MEUTIMAO":1,"FONTES_JOGOS":"Meu Timão","DATA_PRIMEIRA_PARTIDA":"2022-09-15","ANO_PRIMEIRA_PARTIDA":2022,"PRIMEIRA_PARTIDA":"PINDA 0x2 CORINTHIANS","ADVERSARIO":"PINDA","PLACAR":"0x2","COMPETICAO_PRIMEIRA_PARTIDA":"Paulista Feminino 2022","MANDO_PRIMEIRA_PARTIDA":"Não","FONTE_PRIMEIRA_PARTIDA":"https://www.meutimao.com.br/jogo/7438/paulista-feminino-2022/pinda-0-x-2-corinthians","DATA_ULTIMA_PARTIDA":"2022-09-15","ANO_ULTIMA_PARTIDA":2022,"ULTIMA_PARTIDA":"PINDA 0x2 CORINTHIANS","ADVERSARIO_ULTIMA_PARTIDA":"PINDA","PLACAR_ULTIMA_PARTIDA":"0x2","COMPETICAO_ULTIMA_PARTIDA":"Paulista Feminino 2022","MANDO_ULTIMA_PARTIDA":"Não","FONTE_ULTIMA_PARTIDA":"Meu Timão","NUM_ESTADIOS_NO_PONTO":1,"NUM_ESTADIOS_COM_JOGOS_NO_PONTO":1,"ESTADIOS_AGRUPADOS":"[{\"nome\":\"CARLOS FERRACINI\",\"nome_atual\":\"CARLOS FERRACINI\",\"nome_antigo_1\":null,\"nome_antigo_2\":null,\"nomes_alternativos\":[\"CARLOS FERRACINI\"],\"cidade\":\"CAIEIRAS\",\"estado\":\"SÃO PAULO\",\"pais\":\"BRASIL\",\"capacidade\":\"6195\",\"jogos\":1,\"vitorias\":1,\"empates\":0,\"derrotas\":0,\"gols_marcados\":2,\"gols_sofridos\":0,\"data_primeira_partida\":\"2022-09-15\",\"data_ultima_partida\":\"2022-09-15\"}]","STATUS_GEOMETRIA":"PONTO_CONSOLIDADO","PRECISAO_COORDENADAS":null,"FONTE_COORDENADAS":null,"URL_FONTE_COORDENADAS":null,"ATRIBUICAO_COORDENADAS":null,"FONTES_NOME_ANTIGO":null,"JOGOS_SEM_GEOMETRIA":0}},{"type":"Feature","geometry":{"type":"Point","coordinates":[-46.7200902,-23.6000888]},"properties":{"SECAO":"BRABAS","TIPO_REGISTRO":"PONTO","NOME_ESTADIO":"MorumBIS","NOME_ATUAL":"MorumBIS","NOME_ANTIGO_1":"Estádio do Morumbi","NOME_ANTIGO_2":"Cícero Pompeu de Toledo","ESTADIO":"MorumBIS","ESTÁDIO":"MorumBIS","NOME_ANTIGO":"Estádio do Morumbi","NOMES_ALTERNATIVOS":"Cícero Pompeu de Toledo | Estádio Cícero Pompeu de Toledo | Estádio do Morumbi | Morumbi","CIDADE":"SÃO PAULO ","ESTADO":"SÃO PAULO","PAÍS":"BRASIL","PAIS_ISO3":null,"CAPACIDADE":"66795","LATITUDE":-23.6000888,"LONGITUDE":-46.7200902,"TOTAL_JOGOS":4,"VITORIAS":2,"VITÓRIAS":2,"EMPATES":1,"DERROTAS":1,"PONTOS_CAMPEONATO":7,"APROVEITAMENTO_PCT":58.3,"GOLS_MARCADOS":4,"GOLS_SOFRIDOS":2,"SALDO_GOLS":2,"GOLS_POR_PARTIDA":1.0,"ASSISTENCIAS":null,"ASSISTENCIAS_DISPONIVEIS":false,"ASSISTENCIAS_FONTE":"Não consta nos arquivos locais do Meu Timão ou Daniel Keppler.","JOGOS_COM_PLACAR":4,"JOGOS_SEM_PLACAR":0,"PARTIDAS_DANIEL_KEPPLER":0,"PARTIDAS_MEUTIMAO":4,"FONTES_JOGOS":"Meu Timão","DATA_PRIMEIRA_PARTIDA":"2019-11-02","ANO_PRIMEIRA_PARTIDA":2019,"PRIMEIRA_PARTIDA":"SÃO PAULO 0x1 CORINTHIANS","ADVERSARIO":"SÃO PAULO","PLACAR":"0x1","COMPETICAO_PRIMEIRA_PARTIDA":"Paulista Feminino 2019","MANDO_PRIMEIRA_PARTIDA":"Não","FONTE_PRIMEIRA_PARTIDA":"https://www.meutimao.com.br/jogo/1360/paulista-feminino-2019/final/sao_paulo-0-x-1-corinthians","DATA_ULTIMA_PARTIDA":"2025-03-15","ANO_ULTIMA_PARTIDA":2025,"ULTIMA_PARTIDA":"SÃO PAULO 0x0 CORINTHIANS","ADVERSARIO_ULTIMA_PARTIDA":"SÃO PAULO","PLACAR_ULTIMA_PARTIDA":"0x0","COMPETICAO_ULTIMA_PARTIDA":"Supercopa Feminina 2025","MANDO_ULTIMA_PARTIDA":"Não","FONTE_ULTIMA_PARTIDA":"Meu Timão","NUM_ESTADIOS_NO_PONTO":1,"NUM_ESTADIOS_COM_JOGOS_NO_PONTO":1,"ESTADIOS_AGRUPADOS":"[{\"nome\":\"MorumBIS\",\"nome_atual\":\"MorumBIS\",\"nome_antigo_1\":\"Estádio do Morumbi\",\"nome_antigo_2\":\"Cícero Pompeu de Toledo\",\"nomes_alternativos\":[\"Cícero Pompeu de Toledo\",\"Estádio Cícero Pompeu de Toledo\",\"Estádio do Morumbi\",\"MorumBIS\",\"Morumbi\"],\"cidade\":\"SÃO PAULO \",\"estado\":\"SÃO PAULO\",\"pais\":\"BRASIL\",\"capacidade\":\"66795\",\"jogos\":4,\"vitorias\":2,\"empates\":1,\"derrotas\":1,\"gols_marcados\":4,\"gols_sofridos\":2,\"data_primeira_partida\":\"2019-11-02\",\"data_ultima_partida\":\"2025-03-15\"}]","STATUS_GEOMETRIA":"PONTO_CONSOLIDADO","PRECISAO_COORDENADAS":null,"FONTE_COORDENADAS":"OpenStreetMap Nominatim (geocodificação reversa)","URL_FONTE_COORDENADAS":"https://www.openstreetmap.org/relation/298285","ATRIBUICAO_COORDENADAS":"© OpenStreetMap contributors, ODbL 1.0","FONTES_NOME_ANTIGO":"https://pt.wikipedia.org/wiki/Est%C3%A1dio_do_Morumbi | https://www.saopaulofc.net/estrutura/morumbis/","JOGOS_SEM_GEOMETRIA":0}},{"type":"Feature","geometry":{"type":"Point","coordinates":[-46.69436927173345,-23.671594321186312]},"properties":{"SECAO":"BRABAS","TIPO_REGISTRO":"PONTO","NOME_ESTADIO":"CLUBE DA COMUNIDADE MARIA FELIZARDA","NOME_ATUAL":"CLUBE DA COMUNIDADE MARIA FELIZARDA","NOME_ANTIGO_1":null,"NOME_ANTIGO_2":null,"ESTADIO":"CLUBE DA COMUNIDADE MARIA FELIZARDA","ESTÁDIO":"CLUBE DA COMUNIDADE MARIA FELIZARDA","NOME_ANTIGO":null,"NOMES_ALTERNATIVOS":"","CIDADE":"SÃO PAULO ","ESTADO":"SÃO PAULO","PAÍS":"BRASIL","PAIS_ISO3":null,"CAPACIDADE":"0.0","LATITUDE":-23.671594321186312,"LONGITUDE":-46.69436927173345,"TOTAL_JOGOS":0,"VITORIAS":0,"VITÓRIAS":0,"EMPATES":0,"DERROTAS":0,"PONTOS_CAMPEONATO":0,"APROVEITAMENTO_PCT":0,"GOLS_MARCADOS":0,"GOLS_SOFRIDOS":0,"SALDO_GOLS":0,"GOLS_POR_PARTIDA":0,"ASSISTENCIAS":null,"ASSISTENCIAS_DISPONIVEIS":false,"ASSISTENCIAS_FONTE":"Não consta nos arquivos locais do Meu Timão ou Daniel Keppler.","JOGOS_COM_PLACAR":0,"JOGOS_SEM_PLACAR":0,"PARTIDAS_DANIEL_KEPPLER":0,"PARTIDAS_MEUTIMAO":0,"FONTES_JOGOS":"","DATA_PRIMEIRA_PARTIDA":null,"ANO_PRIMEIRA_PARTIDA":null,"PRIMEIRA_PARTIDA":null,"ADVERSARIO":null,"PLACAR":null,"COMPETICAO_PRIMEIRA_PARTIDA":null,"MANDO_PRIMEIRA_PARTIDA":null,"FONTE_PRIMEIRA_PARTIDA":null,"DATA_ULTIMA_PARTIDA":null,"ANO_ULTIMA_PARTIDA":null,"ULTIMA_PARTIDA":"","ADVERSARIO_ULTIMA_PARTIDA":null,"PLACAR_ULTIMA_PARTIDA":null,"COMPETICAO_ULTIMA_PARTIDA":null,"MANDO_ULTIMA_PARTIDA":null,"FONTE_ULTIMA_PARTIDA":null,"NUM_ESTADIOS_NO_PONTO":1,"NUM_ESTADIOS_COM_JOGOS_NO_PONTO":0,"ESTADIOS_AGRUPADOS":"[{\"nome\":\"CLUBE DA COMUNIDADE MARIA FELIZARDA\",\"nome_atual\":\"CLUBE DA COMUNIDADE MARIA FELIZARDA\",\"nome_antigo_1\":null,\"nome_antigo_2\":null,\"nomes_alternativos\":[\"CLUBE DA COMUNIDADE MARIA FELIZARDA\"],\"cidade\":\"SÃO PAULO \",\"estado\":\"SÃO PAULO\",\"pais\":\"BRASIL\",\"capacidade\":\"0.0\",\"jogos\":0,\"vitorias\":0,\"empates\":0,\"derrotas\":0,\"gols_marcados\":0,\"gols_sofridos\":0,\"data_primeira_partida\":null,\"data_ultima_partida\":null}]","STATUS_GEOMETRIA":"PONTO_CONSOLIDADO","PRECISAO_COORDENADAS":null,"FONTE_COORDENADAS":null,"URL_FONTE_COORDENADAS":null,"ATRIBUICAO_COORDENADAS":null,"FONTES_NOME_ANTIGO":null,"JOGOS_SEM_GEOMETRIA":0}},{"type":"Feature","geometry":{"type":"Point","coordinates":[-46.68525286396975,-23.518152537113252]},"properties":{"SECAO":"BRABAS","TIPO_REGISTRO":"PONTO","NOME_ESTADIO":"NICOLAU ALAYON (COMENDADOR SOUZA)","NOME_ATUAL":"NICOLAU ALAYON (COMENDADOR SOUZA)","NOME_ANTIGO_1":null,"NOME_ANTIGO_2":null,"ESTADIO":"NICOLAU ALAYON (COMENDADOR SOUZA)","ESTÁDIO":"NICOLAU ALAYON (COMENDADOR SOUZA)","NOME_ANTIGO":null,"NOMES_ALTERNATIVOS":"","CIDADE":"SÃO PAULO ","ESTADO":"SÃO PAULO","PAÍS":"BRASIL","PAIS_ISO3":null,"CAPACIDADE":"10723","LATITUDE":-23.518152537113252,"LONGITUDE":-46.68525286396975,"TOTAL_JOGOS":4,"VITORIAS":3,"VITÓRIAS":3,"EMPATES":0,"DERROTAS":1,"PONTOS_CAMPEONATO":9,"APROVEITAMENTO_PCT":75.0,"GOLS_MARCADOS":15,"GOLS_SOFRIDOS":6,"SALDO_GOLS":9,"GOLS_POR_PARTIDA":3.75,"ASSISTENCIAS":null,"ASSISTENCIAS_DISPONIVEIS":false,"ASSISTENCIAS_FONTE":"Não consta nos arquivos locais do Meu Timão ou Daniel Keppler.","JOGOS_COM_PLACAR":4,"JOGOS_SEM_PLACAR":0,"PARTIDAS_DANIEL_KEPPLER":4,"PARTIDAS_MEUTIMAO":0,"FONTES_JOGOS":"Daniel Keppler","DATA_PRIMEIRA_PARTIDA":"2008-04-21","ANO_PRIMEIRA_PARTIDA":2008,"PRIMEIRA_PARTIDA":"CORINTHIANS 7x2 PAULISTA","ADVERSARIO":"PAULISTA","PLACAR":"7x2","COMPETICAO_PRIMEIRA_PARTIDA":"CAMPEONATO PAULISTA / FPF","MANDO_PRIMEIRA_PARTIDA":"Sim","FONTE_PRIMEIRA_PARTIDA":null,"DATA_ULTIMA_PARTIDA":"2009-07-04","ANO_ULTIMA_PARTIDA":2009,"ULTIMA_PARTIDA":"NACIONAL-SP 3x2 CORINTHIANS","ADVERSARIO_ULTIMA_PARTIDA":"NACIONAL-SP","PLACAR_ULTIMA_PARTIDA":"3x2","COMPETICAO_ULTIMA_PARTIDA":"CAMPEONATO PAULISTA / FPF","MANDO_ULTIMA_PARTIDA":"Não","FONTE_ULTIMA_PARTIDA":"Daniel Keppler","NUM_ESTADIOS_NO_PONTO":1,"NUM_ESTADIOS_COM_JOGOS_NO_PONTO":1,"ESTADIOS_AGRUPADOS":"[{\"nome\":\"NICOLAU ALAYON (COMENDADOR SOUZA)\",\"nome_atual\":\"NICOLAU ALAYON (COMENDADOR SOUZA)\",\"nome_antigo_1\":null,\"nome_antigo_2\":null,\"nomes_alternativos\":[\"NICOLAU ALAYON (COMENDADOR SOUZA)\"],\"cidade\":\"SÃO PAULO \",\"estado\":\"SÃO PAULO\",\"pais\":\"BRASIL\",\"capacidade\":\"10723\",\"jogos\":4,\"vitorias\":3,\"empates\":0,\"derrotas\":1,\"gols_marcados\":15,\"gols_sofridos\":6,\"data_primeira_partida\":\"2008-04-21\",\"data_ultima_partida\":\"2009-07-04\"}]","STATUS_GEOMETRIA":"PONTO_CONSOLIDADO","PRECISAO_COORDENADAS":null,"FONTE_COORDENADAS":null,"URL_FONTE_COORDENADAS":null,"ATRIBUICAO_COORDENADAS":null,"FONTES_NOME_ANTIGO":null,"JOGOS_SEM_GEOMETRIA":0}},{"type":"Feature","geometry":{"type":"Point","coordinates":[-46.6852378,-23.5180229]},"properties":{"SECAO":"BRABAS","TIPO_REGISTRO":"PONTO","NOME_ESTADIO":"Comendador Souza","NOME_ATUAL":"Comendador Souza","NOME_ANTIGO_1":null,"NOME_ANTIGO_2":null,"ESTADIO":"Comendador Souza","ESTÁDIO":"Comendador Souza","NOME_ANTIGO":null,"NOMES_ALTERNATIVOS":"Rua Comendador Souza","CIDADE":"São Paulo","ESTADO":"São Paulo","PAÍS":"Brasil","PAIS_ISO3":null,"CAPACIDADE":null,"LATITUDE":-23.5180229,"LONGITUDE":-46.6852378,"TOTAL_JOGOS":3,"VITORIAS":2,"VITÓRIAS":2,"EMPATES":0,"DERROTAS":1,"PONTOS_CAMPEONATO":6,"APROVEITAMENTO_PCT":66.7,"GOLS_MARCADOS":6,"GOLS_SOFRIDOS":4,"SALDO_GOLS":2,"GOLS_POR_PARTIDA":2.0,"ASSISTENCIAS":null,"ASSISTENCIAS_DISPONIVEIS":false,"ASSISTENCIAS_FONTE":"Não consta nos arquivos locais do Meu Timão ou Daniel Keppler.","JOGOS_COM_PLACAR":3,"JOGOS_SEM_PLACAR":0,"PARTIDAS_DANIEL_KEPPLER":0,"PARTIDAS_MEUTIMAO":3,"FONTES_JOGOS":"Meu Timão","DATA_PRIMEIRA_PARTIDA":"2016-05-25","ANO_PRIMEIRA_PARTIDA":2016,"PRIMEIRA_PARTIDA":"CORINTHIANS 0x3 RIO PRETO","ADVERSARIO":"RIO PRETO","PLACAR":"0x3","COMPETICAO_PRIMEIRA_PARTIDA":"Paulista 2016","MANDO_PRIMEIRA_PARTIDA":"Sim","FONTE_PRIMEIRA_PARTIDA":"https://www.meutimao.com.br/jogo/4715/paulista-2016/corinthians-0-x-3-rio_preto","DATA_ULTIMA_PARTIDA":"2019-07-31","ANO_ULTIMA_PARTIDA":2019,"ULTIMA_PARTIDA":"JUVENTUS 0x2 CORINTHIANS","ADVERSARIO_ULTIMA_PARTIDA":"JUVENTUS","PLACAR_ULTIMA_PARTIDA":"0x2","COMPETICAO_ULTIMA_PARTIDA":"Paulista Feminino 2019","MANDO_ULTIMA_PARTIDA":"Não","FONTE_ULTIMA_PARTIDA":"Meu Timão","NUM_ESTADIOS_NO_PONTO":2,"NUM_ESTADIOS_COM_JOGOS_NO_PONTO":1,"ESTADIOS_AGRUPADOS":"[{\"nome\":\"Comendador Souza\",\"nome_atual\":\"Comendador Souza\",\"nome_antigo_1\":null,\"nome_antigo_2\":null,\"nomes_alternativos\":[\"Comendador Souza\"],\"cidade\":\"São Paulo\",\"estado\":\"São Paulo\",\"pais\":\"Brasil\",\"capacidade\":null,\"jogos\":3,\"vitorias\":2,\"empates\":0,\"derrotas\":1,\"gols_marcados\":6,\"gols_sofridos\":4,\"data_primeira_partida\":\"2016-05-25\",\"data_ultima_partida\":\"2019-07-31\"},{\"nome\":\"Rua Comendador Souza\",\"nome_atual\":\"Rua Comendador Souza\",\"nome_antigo_1\":null,\"nome_antigo_2\":null,\"nomes_alternativos\":[\"Rua Comendador Souza\"],\"cidade\":\"São Paulo\",\"estado\":\"São Paulo\",\"pais\":\"Brazil\",\"capacidade\":null,\"jogos\":0,\"vitorias\":0,\"empates\":0,\"derrotas\":0,\"gols_marcados\":0,\"gols_sofridos\":0,\"data_primeira_partida\":null,\"data_ultima_partida\":null}]","STATUS_GEOMETRIA":"PONTO_CONSOLIDADO","PRECISAO_COORDENADAS":null,"FONTE_COORDENADAS":"OpenStreetMap Nominatim (geocodificação reversa)","URL_FONTE_COORDENADAS":"https://www.openstreetmap.org/relation/298285","ATRIBUICAO_COORDENADAS":"© OpenStreetMap contributors, ODbL 1.0","FONTES_NOME_ANTIGO":null,"JOGOS_SEM_GEOMETRIA":0}},{"type":"Feature","geometry":{"type":"Point","coordinates":[-46.6785281,-23.5274971]},"properties":{"SECAO":"BRABAS","TIPO_REGISTRO":"PONTO","NOME_ESTADIO":"Nubank Parque","NOME_ATUAL":"Nubank Parque","NOME_ANTIGO_1":"Parque Antarctica","NOME_ANTIGO_2":"Allianz Parque","ESTADIO":"Nubank Parque","ESTÁDIO":"Nubank Parque","NOME_ANTIGO":"Allianz Parque","NOMES_ALTERNATIVOS":"Allianz Parque | Arena Palestra Itália | Estádio Palestra Itália | NUBANK PARQUE (ARENA PALMEIRAS) | Palestra Itália | Parque Antarctica | Parque Antártica","CIDADE":"SÃO PAULO ","ESTADO":"SÃO PAULO","PAÍS":"BRASIL","PAIS_ISO3":null,"CAPACIDADE":"43713","LATITUDE":-23.5274971,"LONGITUDE":-46.6785281,"TOTAL_JOGOS":7,"VITORIAS":4,"VITÓRIAS":4,"EMPATES":2,"DERROTAS":1,"PONTOS_CAMPEONATO":14,"APROVEITAMENTO_PCT":66.7,"GOLS_MARCADOS":11,"GOLS_SOFRIDOS":5,"SALDO_GOLS":6,"GOLS_POR_PARTIDA":1.57,"ASSISTENCIAS":null,"ASSISTENCIAS_DISPONIVEIS":false,"ASSISTENCIAS_FONTE":"Não consta nos arquivos locais do Meu Timão ou Daniel Keppler.","JOGOS_COM_PLACAR":7,"JOGOS_SEM_PLACAR":0,"PARTIDAS_DANIEL_KEPPLER":1,"PARTIDAS_MEUTIMAO":6,"FONTES_JOGOS":"Daniel Keppler | Meu Timão","DATA_PRIMEIRA_PARTIDA":"1998-04-26","ANO_PRIMEIRA_PARTIDA":1998,"PRIMEIRA_PARTIDA":"PALMEIRAS 2x4 CORINTHIANS","ADVERSARIO":"PALMEIRAS","PLACAR":"2x4","COMPETICAO_PRIMEIRA_PARTIDA":"CAMPEONATO PAULISTA / FPF","MANDO_PRIMEIRA_PARTIDA":"Não","FONTE_PRIMEIRA_PARTIDA":null,"DATA_ULTIMA_PARTIDA":"2026-05-30","ANO_ULTIMA_PARTIDA":2026,"ULTIMA_PARTIDA":"PALMEIRAS 0x1 CORINTHIANS","ADVERSARIO_ULTIMA_PARTIDA":"PALMEIRAS","PLACAR_ULTIMA_PARTIDA":"0x1","COMPETICAO_ULTIMA_PARTIDA":"Copa do Brasil Feminina 2026","MANDO_ULTIMA_PARTIDA":"Não","FONTE_ULTIMA_PARTIDA":"Meu Timão","NUM_ESTADIOS_NO_PONTO":1,"NUM_ESTADIOS_COM_JOGOS_NO_PONTO":1,"ESTADIOS_AGRUPADOS":"[{\"nome\":\"Nubank Parque\",\"nome_atual\":\"Nubank Parque\",\"nome_antigo_1\":\"Parque Antarctica\",\"nome_antigo_2\":\"Allianz Parque\",\"nomes_alternativos\":[\"Allianz Parque\",\"Arena Palestra Itália\",\"Estádio Palestra Itália\",\"NUBANK PARQUE (ARENA PALMEIRAS)\",\"Nubank Parque\",\"Palestra Itália\",\"Parque Antarctica\",\"Parque Antártica\"],\"cidade\":\"SÃO PAULO \",\"estado\":\"SÃO PAULO\",\"pais\":\"BRASIL\",\"capacidade\":\"43713\",\"jogos\":7,\"vitorias\":4,\"empates\":2,\"derrotas\":1,\"gols_marcados\":11,\"gols_sofridos\":5,\"data_primeira_partida\":\"1998-04-26\",\"data_ultima_partida\":\"2026-05-30\"}]","STATUS_GEOMETRIA":"PONTO_CONSOLIDADO","PRECISAO_COORDENADAS":"Estádio identificado","FONTE_COORDENADAS":"OpenStreetMap Nominatim","URL_FONTE_COORDENADAS":"https://www.openstreetmap.org/way/231044849","ATRIBUICAO_COORDENADAS":"© OpenStreetMap contributors, ODbL 1.0","FONTES_NOME_ANTIGO":"https://pt.wikipedia.org/wiki/Nubank_Parque | https://www1.folha.uol.com.br/esporte/2026/05/estadio-do-palmeiras-e-rebatizado-como-nubank-parque.shtml","JOGOS_SEM_GEOMETRIA":0}},{"type":"Feature","geometry":{"type":"Point","coordinates":[-46.6653519,-23.5485641]},"properties":{"SECAO":"BRABAS","TIPO_REGISTRO":"PONTO","NOME_ESTADIO":"Mercado Livre Arena Pacaembu","NOME_ATUAL":"Mercado Livre Arena Pacaembu","NOME_ANTIGO_1":"Estádio Municipal Paulo Machado de Carvalho","NOME_ANTIGO_2":"Estádio Municipal do Pacaembu","ESTADIO":"Mercado Livre Arena Pacaembu","ESTÁDIO":"Mercado Livre Arena Pacaembu","NOME_ANTIGO":"Estádio Municipal Paulo Machado de Carvalho","NOMES_ALTERNATIVOS":"Estádio Municipal Paulo Machado de Carvalho | Estádio Municipal do Pacaembu | Estádio do Pacaembu | PAULO MACHADO DE CARVALHO (MERCADO LIVRE ARENA PACAEMBU) | Pacaembu | Paulo Machado de Carvalho","CIDADE":"SÃO PAULO ","ESTADO":"SÃO PAULO","PAÍS":"BRASIL","PAIS_ISO3":null,"CAPACIDADE":"37730","LATITUDE":-23.5485641,"LONGITUDE":-46.6653519,"TOTAL_JOGOS":10,"VITORIAS":8,"VITÓRIAS":8,"EMPATES":1,"DERROTAS":1,"PONTOS_CAMPEONATO":25,"APROVEITAMENTO_PCT":83.3,"GOLS_MARCADOS":25,"GOLS_SOFRIDOS":12,"SALDO_GOLS":13,"GOLS_POR_PARTIDA":2.5,"ASSISTENCIAS":null,"ASSISTENCIAS_DISPONIVEIS":false,"ASSISTENCIAS_FONTE":"Não consta nos arquivos locais do Meu Timão ou Daniel Keppler.","JOGOS_COM_PLACAR":10,"JOGOS_SEM_PLACAR":0,"PARTIDAS_DANIEL_KEPPLER":4,"PARTIDAS_MEUTIMAO":6,"FONTES_JOGOS":"Daniel Keppler | Meu Timão","DATA_PRIMEIRA_PARTIDA":"2008-05-17","ANO_PRIMEIRA_PARTIDA":2008,"PRIMEIRA_PARTIDA":"CORINTHIANS 3x1 NACIONAL-SP","ADVERSARIO":"NACIONAL-SP","PLACAR":"3x1","COMPETICAO_PRIMEIRA_PARTIDA":"CAMPEONATO PAULISTA / FPF","MANDO_PRIMEIRA_PARTIDA":"Sim","FONTE_PRIMEIRA_PARTIDA":null,"DATA_ULTIMA_PARTIDA":"2025-08-24","ANO_ULTIMA_PARTIDA":2025,"ULTIMA_PARTIDA":"SÃO PAULO 0x2 CORINTHIANS","ADVERSARIO_ULTIMA_PARTIDA":"SÃO PAULO","PLACAR_ULTIMA_PARTIDA":"0x2","COMPETICAO_ULTIMA_PARTIDA":"Brasileiro Feminino 2025","MANDO_ULTIMA_PARTIDA":"Não","FONTE_ULTIMA_PARTIDA":"Meu Timão","NUM_ESTADIOS_NO_PONTO":1,"NUM_ESTADIOS_COM_JOGOS_NO_PONTO":1,"ESTADIOS_AGRUPADOS":"[{\"nome\":\"Mercado Livre Arena Pacaembu\",\"nome_atual\":\"Mercado Livre Arena Pacaembu\",\"nome_antigo_1\":\"Estádio Municipal Paulo Machado de Carvalho\",\"nome_antigo_2\":\"Estádio Municipal do Pacaembu\",\"nomes_alternativos\":[\"Estádio Municipal Paulo Machado de Carvalho\",\"Estádio Municipal do Pacaembu\",\"Estádio do Pacaembu\",\"Mercado Livre Arena Pacaembu\",\"PAULO MACHADO DE CARVALHO (MERCADO LIVRE ARENA PACAEMBU)\",\"Pacaembu\",\"Paulo Machado de Carvalho\"],\"cidade\":\"SÃO PAULO \",\"estado\":\"SÃO PAULO\",\"pais\":\"BRASIL\",\"capacidade\":\"37730\",\"jogos\":10,\"vitorias\":8,\"empates\":1,\"derrotas\":1,\"gols_marcados\":25,\"gols_sofridos\":12,\"data_primeira_partida\":\"2008-05-17\",\"data_ultima_partida\":\"2025-08-24\"}]","STATUS_GEOMETRIA":"PONTO_CONSOLIDADO","PRECISAO_COORDENADAS":"Estádio identificado","FONTE_COORDENADAS":"OpenStreetMap Nominatim","URL_FONTE_COORDENADAS":"https://www.openstreetmap.org/way/666148829","ATRIBUICAO_COORDENADAS":"© OpenStreetMap contributors, ODbL 1.0","FONTES_NOME_ANTIGO":"https://pt.wikipedia.org/wiki/Est%C3%A1dio_Municipal_Paulo_Machado_de_Carvalho | https://www.pacaembuoficial.com.br/","JOGOS_SEM_GEOMETRIA":0}},{"type":"Feature","geometry":{"type":"Point","coordinates":[-46.65369778153475,-23.578112052013303]},"properties":{"SECAO":"BRABAS","TIPO_REGISTRO":"PONTO","NOME_ESTADIO":"ÍCARO DE CASTRO MELO (OLÍMPICO DO IBIRAPUERA)","NOME_ATUAL":"ÍCARO DE CASTRO MELO (OLÍMPICO DO IBIRAPUERA)","NOME_ANTIGO_1":null,"NOME_ANTIGO_2":null,"ESTADIO":"ÍCARO DE CASTRO MELO (OLÍMPICO DO IBIRAPUERA)","ESTÁDIO":"ÍCARO DE CASTRO MELO (OLÍMPICO DO IBIRAPUERA)","NOME_ANTIGO":null,"NOMES_ALTERNATIVOS":"","CIDADE":"SÃO PAULO ","ESTADO":"SÃO PAULO","PAÍS":"BRASIL","PAIS_ISO3":null,"CAPACIDADE":"13400","LATITUDE":-23.578112052013303,"LONGITUDE":-46.65369778153475,"TOTAL_JOGOS":8,"VITORIAS":3,"VITÓRIAS":3,"EMPATES":1,"DERROTAS":4,"PONTOS_CAMPEONATO":10,"APROVEITAMENTO_PCT":41.7,"GOLS_MARCADOS":17,"GOLS_SOFRIDOS":15,"SALDO_GOLS":2,"GOLS_POR_PARTIDA":2.12,"ASSISTENCIAS":null,"ASSISTENCIAS_DISPONIVEIS":false,"ASSISTENCIAS_FONTE":"Não consta nos arquivos locais do Meu Timão ou Daniel Keppler.","JOGOS_COM_PLACAR":8,"JOGOS_SEM_PLACAR":0,"PARTIDAS_DANIEL_KEPPLER":8,"PARTIDAS_MEUTIMAO":0,"FONTES_JOGOS":"Daniel Keppler","DATA_PRIMEIRA_PARTIDA":"1997-03-09","ANO_PRIMEIRA_PARTIDA":1997,"PRIMEIRA_PARTIDA":"CORINTHIANS 3x0 USP","ADVERSARIO":"USP","PLACAR":"3x0","COMPETICAO_PRIMEIRA_PARTIDA":"TORNEIO INÍCIO","MANDO_PRIMEIRA_PARTIDA":"Neutro","FONTE_PRIMEIRA_PARTIDA":null,"DATA_ULTIMA_PARTIDA":"1997-09-22","ANO_ULTIMA_PARTIDA":1997,"ULTIMA_PARTIDA":"SÃO PAULO 3x1 CORINTHIANS","ADVERSARIO_ULTIMA_PARTIDA":"SÃO PAULO","PLACAR_ULTIMA_PARTIDA":"3x1","COMPETICAO_ULTIMA_PARTIDA":"TORNEIO DA PRIMAVERA","MANDO_ULTIMA_PARTIDA":"Não","FONTE_ULTIMA_PARTIDA":"Daniel Keppler","NUM_ESTADIOS_NO_PONTO":1,"NUM_ESTADIOS_COM_JOGOS_NO_PONTO":1,"ESTADIOS_AGRUPADOS":"[{\"nome\":\"ÍCARO DE CASTRO MELO (OLÍMPICO DO IBIRAPUERA)\",\"nome_atual\":\"ÍCARO DE CASTRO MELO (OLÍMPICO DO IBIRAPUERA)\",\"nome_antigo_1\":null,\"nome_antigo_2\":null,\"nomes_alternativos\":[\"ÍCARO DE CASTRO MELO (OLÍMPICO DO IBIRAPUERA)\"],\"cidade\":\"SÃO PAULO \",\"estado\":\"SÃO PAULO\",\"pais\":\"BRASIL\",\"capacidade\":\"13400\",\"jogos\":8,\"vitorias\":3,\"empates\":1,\"derrotas\":4,\"gols_marcados\":17,\"gols_sofridos\":15,\"data_primeira_partida\":\"1997-03-09\",\"data_ultima_partida\":\"1997-09-22\"}]","STATUS_GEOMETRIA":"PONTO_CONSOLIDADO","PRECISAO_COORDENADAS":null,"FONTE_COORDENADAS":null,"URL_FONTE_COORDENADAS":null,"ATRIBUICAO_COORDENADAS":null,"FONTES_NOME_ANTIGO":null,"JOGOS_SEM_GEOMETRIA":0}},{"type":"Feature","geometry":{"type":"Point","coordinates":[-46.63905934488527,-23.641092318256526]},"properties":{"SECAO":"BRABAS","TIPO_REGISTRO":"PONTO","NOME_ESTADIO":"CENTRO ESPORTIVO RYUSO OGAWA (VILA GUARANI)","NOME_ATUAL":"CENTRO ESPORTIVO RYUSO OGAWA (VILA GUARANI)","NOME_ANTIGO_1":null,"NOME_ANTIGO_2":null,"ESTADIO":"CENTRO ESPORTIVO RYUSO OGAWA (VILA GUARANI)","ESTÁDIO":"CENTRO ESPORTIVO RYUSO OGAWA (VILA GUARANI)","NOME_ANTIGO":null,"NOMES_ALTERNATIVOS":"","CIDADE":"SÃO PAULO ","ESTADO":"SÃO PAULO","PAÍS":"BRASIL","PAIS_ISO3":null,"CAPACIDADE":"1500","LATITUDE":-23.641092318256526,"LONGITUDE":-46.63905934488527,"TOTAL_JOGOS":0,"VITORIAS":0,"VITÓRIAS":0,"EMPATES":0,"DERROTAS":0,"PONTOS_CAMPEONATO":0,"APROVEITAMENTO_PCT":0,"GOLS_MARCADOS":0,"GOLS_SOFRIDOS":0,"SALDO_GOLS":0,"GOLS_POR_PARTIDA":0,"ASSISTENCIAS":null,"ASSISTENCIAS_DISPONIVEIS":false,"ASSISTENCIAS_FONTE":"Não consta nos arquivos locais do Meu Timão ou Daniel Keppler.","JOGOS_COM_PLACAR":0,"JOGOS_SEM_PLACAR":0,"PARTIDAS_DANIEL_KEPPLER":0,"PARTIDAS_MEUTIMAO":0,"FONTES_JOGOS":"","DATA_PRIMEIRA_PARTIDA":null,"ANO_PRIMEIRA_PARTIDA":null,"PRIMEIRA_PARTIDA":null,"ADVERSARIO":null,"PLACAR":null,"COMPETICAO_PRIMEIRA_PARTIDA":null,"MANDO_PRIMEIRA_PARTIDA":null,"FONTE_PRIMEIRA_PARTIDA":null,"DATA_ULTIMA_PARTIDA":null,"ANO_ULTIMA_PARTIDA":null,"ULTIMA_PARTIDA":"","ADVERSARIO_ULTIMA_PARTIDA":null,"PLACAR_ULTIMA_PARTIDA":null,"COMPETICAO_ULTIMA_PARTIDA":null,"MANDO_ULTIMA_PARTIDA":null,"FONTE_ULTIMA_PARTIDA":null,"NUM_ESTADIOS_NO_PONTO":1,"NUM_ESTADIOS_COM_JOGOS_NO_PONTO":0,"ESTADIOS_AGRUPADOS":"[{\"nome\":\"CENTRO ESPORTIVO RYUSO OGAWA (VILA GUARANI)\",\"nome_atual\":\"CENTRO ESPORTIVO RYUSO OGAWA (VILA GUARANI)\",\"nome_antigo_1\":null,\"nome_antigo_2\":null,\"nomes_alternativos\":[\"CENTRO ESPORTIVO RYUSO OGAWA (VILA GUARANI)\"],\"cidade\":\"SÃO PAULO \",\"estado\":\"SÃO PAULO\",\"pais\":\"BRASIL\",\"capacidade\":\"1500\",\"jogos\":0,\"vitorias\":0,\"empates\":0,\"derrotas\":0,\"gols_marcados\":0,\"gols_sofridos\":0,\"data_primeira_partida\":null,\"data_ultima_partida\":null}]","STATUS_GEOMETRIA":"PONTO_CONSOLIDADO","PRECISAO_COORDENADAS":null,"FONTE_COORDENADAS":null,"URL_FONTE_COORDENADAS":null,"ATRIBUICAO_COORDENADAS":null,"FONTES_NOME_ANTIGO":null,"JOGOS_SEM_GEOMETRIA":0}},{"type":"Feature","geometry":{"type":"Point","coordinates":[-46.63596156988692,-22.478608595106202]},"properties":{"SECAO":"BRABAS","TIPO_REGISTRO":"PONTO","NOME_ESTADIO":"LEONARDO BARBIERI","NOME_ATUAL":"LEONARDO BARBIERI","NOME_ANTIGO_1":null,"NOME_ANTIGO_2":null,"ESTADIO":"LEONARDO BARBIERI","ESTÁDIO":"LEONARDO BARBIERI","NOME_ANTIGO":null,"NOMES_ALTERNATIVOS":"","CIDADE":"ÁGUAS DE LINDOIA ","ESTADO":"SÃO PAULO","PAÍS":"BRASIL","PAIS_ISO3":null,"CAPACIDADE":"7200","LATITUDE":-22.478608595106202,"LONGITUDE":-46.63596156988692,"TOTAL_JOGOS":2,"VITORIAS":1,"VITÓRIAS":1,"EMPATES":0,"DERROTAS":1,"PONTOS_CAMPEONATO":3,"APROVEITAMENTO_PCT":50.0,"GOLS_MARCADOS":2,"GOLS_SOFRIDOS":2,"SALDO_GOLS":0,"GOLS_POR_PARTIDA":1.0,"ASSISTENCIAS":null,"ASSISTENCIAS_DISPONIVEIS":false,"ASSISTENCIAS_FONTE":"Não consta nos arquivos locais do Meu Timão ou Daniel Keppler.","JOGOS_COM_PLACAR":2,"JOGOS_SEM_PLACAR":0,"PARTIDAS_DANIEL_KEPPLER":2,"PARTIDAS_MEUTIMAO":0,"FONTES_JOGOS":"Daniel Keppler","DATA_PRIMEIRA_PARTIDA":"2008-11-08","ANO_PRIMEIRA_PARTIDA":2008,"PRIMEIRA_PARTIDA":"SAAD-SP 1x2 CORINTHIANS","ADVERSARIO":"SAAD-SP","PLACAR":"1x2","COMPETICAO_PRIMEIRA_PARTIDA":"CAMPEONATO PAULISTA / FPF","MANDO_PRIMEIRA_PARTIDA":"Não","FONTE_PRIMEIRA_PARTIDA":null,"DATA_ULTIMA_PARTIDA":"2008-11-11","ANO_ULTIMA_PARTIDA":2008,"ULTIMA_PARTIDA":"SAAD-SP 1x0 CORINTHIANS","ADVERSARIO_ULTIMA_PARTIDA":"SAAD-SP","PLACAR_ULTIMA_PARTIDA":"1x0","COMPETICAO_ULTIMA_PARTIDA":"COPA DO BRASIL","MANDO_ULTIMA_PARTIDA":"Não","FONTE_ULTIMA_PARTIDA":"Daniel Keppler","NUM_ESTADIOS_NO_PONTO":1,"NUM_ESTADIOS_COM_JOGOS_NO_PONTO":1,"ESTADIOS_AGRUPADOS":"[{\"nome\":\"LEONARDO BARBIERI\",\"nome_atual\":\"LEONARDO BARBIERI\",\"nome_antigo_1\":null,\"nome_antigo_2\":null,\"nomes_alternativos\":[\"LEONARDO BARBIERI\"],\"cidade\":\"ÁGUAS DE LINDOIA \",\"estado\":\"SÃO PAULO\",\"pais\":\"BRASIL\",\"capacidade\":\"7200\",\"jogos\":2,\"vitorias\":1,\"empates\":0,\"derrotas\":1,\"gols_marcados\":2,\"gols_sofridos\":2,\"data_primeira_partida\":\"2008-11-08\",\"data_ultima_partida\":\"2008-11-11\"}]","STATUS_GEOMETRIA":"PONTO_CONSOLIDADO","PRECISAO_COORDENADAS":null,"FONTE_COORDENADAS":"OpenStreetMap Nominatim (geocodificação reversa)","URL_FONTE_COORDENADAS":"https://www.openstreetmap.org/relation/298061","ATRIBUICAO_COORDENADAS":"© OpenStreetMap contributors, ODbL 1.0","FONTES_NOME_ANTIGO":null,"JOGOS_SEM_GEOMETRIA":0}},{"type":"Feature","geometry":{"type":"Point","coordinates":[-46.6333824,-23.5506507]},"properties":{"SECAO":"BRABAS","TIPO_REGISTRO":"PONTO","NOME_ESTADIO":"Canindé","NOME_ATUAL":"Canindé","NOME_ANTIGO_1":null,"NOME_ANTIGO_2":null,"ESTADIO":"Canindé","ESTÁDIO":"Canindé","NOME_ANTIGO":null,"NOMES_ALTERNATIVOS":"CDC Maria Felizarda | CT da Portuguesa","CIDADE":"SÃO PAULO ","ESTADO":"SÃO PAULO","PAÍS":"Brasil","PAIS_ISO3":null,"CAPACIDADE":"21004","LATITUDE":-23.5506507,"LONGITUDE":-46.6333824,"TOTAL_JOGOS":26,"VITORIAS":22,"VITÓRIAS":22,"EMPATES":1,"DERROTAS":3,"PONTOS_CAMPEONATO":67,"APROVEITAMENTO_PCT":85.9,"GOLS_MARCADOS":82,"GOLS_SOFRIDOS":21,"SALDO_GOLS":61,"GOLS_POR_PARTIDA":3.15,"ASSISTENCIAS":null,"ASSISTENCIAS_DISPONIVEIS":false,"ASSISTENCIAS_FONTE":"Não consta nos arquivos locais do Meu Timão ou Daniel Keppler.","JOGOS_COM_PLACAR":26,"JOGOS_SEM_PLACAR":0,"PARTIDAS_DANIEL_KEPPLER":2,"PARTIDAS_MEUTIMAO":24,"FONTES_JOGOS":"Daniel Keppler | Meu Timão","DATA_PRIMEIRA_PARTIDA":"1998-05-15","ANO_PRIMEIRA_PARTIDA":1998,"PRIMEIRA_PARTIDA":"PORTUGUESA 5x3 CORINTHIANS","ADVERSARIO":"PORTUGUESA","PLACAR":"5x3","COMPETICAO_PRIMEIRA_PARTIDA":"CAMPEONATO PAULISTA / FPF","MANDO_PRIMEIRA_PARTIDA":"Não","FONTE_PRIMEIRA_PARTIDA":null,"DATA_ULTIMA_PARTIDA":"2026-09-07","ANO_ULTIMA_PARTIDA":2026,"ULTIMA_PARTIDA":"CORINTHIANS 3x1 CRUZEIRO","ADVERSARIO_ULTIMA_PARTIDA":"CRUZEIRO","PLACAR_ULTIMA_PARTIDA":"3x1","COMPETICAO_ULTIMA_PARTIDA":"Brasileiro Feminino 2026","MANDO_ULTIMA_PARTIDA":"Sim","FONTE_ULTIMA_PARTIDA":"Meu Timão","NUM_ESTADIOS_NO_PONTO":3,"NUM_ESTADIOS_COM_JOGOS_NO_PONTO":3,"ESTADIOS_AGRUPADOS":"[{\"nome\":\"Canindé\",\"nome_atual\":\"Canindé\",\"nome_antigo_1\":null,\"nome_antigo_2\":null,\"nomes_alternativos\":[\"Canindé\"],\"cidade\":\"SÃO PAULO \",\"estado\":\"SÃO PAULO\",\"pais\":\"Brasil\",\"capacidade\":\"21004\",\"jogos\":24,\"vitorias\":20,\"empates\":1,\"derrotas\":3,\"gols_marcados\":73,\"gols_sofridos\":18,\"data_primeira_partida\":\"1998-05-15\",\"data_ultima_partida\":\"2026-09-07\"},{\"nome\":\"CDC Maria Felizarda\",\"nome_atual\":\"CDC Maria Felizarda\",\"nome_antigo_1\":null,\"nome_antigo_2\":null,\"nomes_alternativos\":[\"CDC Maria Felizarda\"],\"cidade\":\"São Paulo\",\"estado\":\"São Paulo\",\"pais\":\"Brasil\",\"capacidade\":\"3000\",\"jogos\":1,\"vitorias\":1,\"empates\":0,\"derrotas\":0,\"gols_marcados\":6,\"gols_sofridos\":2,\"data_primeira_partida\":\"2018-03-25\",\"data_ultima_partida\":\"2018-03-25\"},{\"nome\":\"CT da Portuguesa\",\"nome_atual\":\"CT da Portuguesa\",\"nome_antigo_1\":null,\"nome_antigo_2\":null,\"nomes_alternativos\":[\"CT da Portuguesa\"],\"cidade\":\"São Paulo\",\"estado\":\"São Paulo\",\"pais\":\"Brazil\",\"capacidade\":\"1000\",\"jogos\":1,\"vitorias\":1,\"empates\":0,\"derrotas\":0,\"gols_marcados\":3,\"gols_sofridos\":1,\"data_primeira_partida\":\"2017-06-25\",\"data_ultima_partida\":\"2017-06-25\"}]","STATUS_GEOMETRIA":"PONTO_CONSOLIDADO","PRECISAO_COORDENADAS":"Município (estádio exato não identificado)","FONTE_COORDENADAS":"OpenStreetMap Nominatim (localidade aproximada)","URL_FONTE_COORDENADAS":"https://www.openstreetmap.org/relation/298285","ATRIBUICAO_COORDENADAS":"© OpenStreetMap contributors, ODbL 1.0","FONTES_NOME_ANTIGO":null,"JOGOS_SEM_GEOMETRIA":0}},{"type":"Feature","geometry":{"type":"Point","coordinates":[-46.61270155300039,-23.72265991128569]},"properties":{"SECAO":"BRABAS","TIPO_REGISTRO":"PONTO","NOME_ESTADIO":"Distrital do Inamar","NOME_ATUAL":"Distrital do Inamar","NOME_ANTIGO_1":null,"NOME_ANTIGO_2":null,"ESTADIO":"Distrital do Inamar","ESTÁDIO":"Distrital do Inamar","NOME_ANTIGO":null,"NOMES_ALTERNATIVOS":"JOSÉ BATISTA PEREIRA FERNANDES (DISTRITAL DO INAMAR)","CIDADE":"Diadema","ESTADO":"São Paulo","PAÍS":"Brasil","PAIS_ISO3":null,"CAPACIDADE":null,"LATITUDE":-23.72265991128569,"LONGITUDE":-46.61270155300039,"TOTAL_JOGOS":1,"VITORIAS":1,"VITÓRIAS":1,"EMPATES":0,"DERROTAS":0,"PONTOS_CAMPEONATO":3,"APROVEITAMENTO_PCT":100.0,"GOLS_MARCADOS":1,"GOLS_SOFRIDOS":0,"SALDO_GOLS":1,"GOLS_POR_PARTIDA":1.0,"ASSISTENCIAS":null,"ASSISTENCIAS_DISPONIVEIS":false,"ASSISTENCIAS_FONTE":"Não consta nos arquivos locais do Meu Timão ou Daniel Keppler.","JOGOS_COM_PLACAR":1,"JOGOS_SEM_PLACAR":0,"PARTIDAS_DANIEL_KEPPLER":0,"PARTIDAS_MEUTIMAO":1,"FONTES_JOGOS":"Meu Timão","DATA_PRIMEIRA_PARTIDA":"2023-02-05","ANO_PRIMEIRA_PARTIDA":2023,"PRIMEIRA_PARTIDA":"CORINTHIANS 1x0 ATLÉTICO-MG","ADVERSARIO":"ATLÉTICO-MG","PLACAR":"1x0","COMPETICAO_PRIMEIRA_PARTIDA":"Supercopa Feminina 2023","MANDO_PRIMEIRA_PARTIDA":"Sim","FONTE_PRIMEIRA_PARTIDA":"https://www.meutimao.com.br/jogo/7603/supercopa-feminina-2023/quartas_de_final/corinthians-1-x-0-atletico-mg","DATA_ULTIMA_PARTIDA":"2023-02-05","ANO_ULTIMA_PARTIDA":2023,"ULTIMA_PARTIDA":"CORINTHIANS 1x0 ATLÉTICO-MG","ADVERSARIO_ULTIMA_PARTIDA":"ATLÉTICO-MG","PLACAR_ULTIMA_PARTIDA":"1x0","COMPETICAO_ULTIMA_PARTIDA":"Supercopa Feminina 2023","MANDO_ULTIMA_PARTIDA":"Sim","FONTE_ULTIMA_PARTIDA":"Meu Timão","NUM_ESTADIOS_NO_PONTO":2,"NUM_ESTADIOS_COM_JOGOS_NO_PONTO":1,"ESTADIOS_AGRUPADOS":"[{\"nome\":\"Distrital do Inamar\",\"nome_atual\":\"Distrital do Inamar\",\"nome_antigo_1\":null,\"nome_antigo_2\":null,\"nomes_alternativos\":[\"Distrital do Inamar\"],\"cidade\":\"Diadema\",\"estado\":\"São Paulo\",\"pais\":\"Brasil\",\"capacidade\":null,\"jogos\":1,\"vitorias\":1,\"empates\":0,\"derrotas\":0,\"gols_marcados\":1,\"gols_sofridos\":0,\"data_primeira_partida\":\"2023-02-05\",\"data_ultima_partida\":\"2023-02-05\"},{\"nome\":\"JOSÉ BATISTA PEREIRA FERNANDES (DISTRITAL DO INAMAR)\",\"nome_atual\":\"JOSÉ BATISTA PEREIRA FERNANDES (DISTRITAL DO INAMAR)\",\"nome_antigo_1\":null,\"nome_antigo_2\":null,\"nomes_alternativos\":[\"JOSÉ BATISTA PEREIRA FERNANDES (DISTRITAL DO INAMAR)\"],\"cidade\":\"DIADEMA\",\"estado\":\"SÃO PAULO\",\"pais\":\"BRASIL\",\"capacidade\":\"8075\",\"jogos\":0,\"vitorias\":0,\"empates\":0,\"derrotas\":0,\"gols_marcados\":0,\"gols_sofridos\":0,\"data_primeira_partida\":null,\"data_ultima_partida\":null}]","STATUS_GEOMETRIA":"PONTO_CONSOLIDADO","PRECISAO_COORDENADAS":null,"FONTE_COORDENADAS":"OpenStreetMap Nominatim (geocodificação reversa)","URL_FONTE_COORDENADAS":"https://www.openstreetmap.org/relation/298242","ATRIBUICAO_COORDENADAS":"© OpenStreetMap contributors, ODbL 1.0","FONTES_NOME_ANTIGO":null,"JOGOS_SEM_GEOMETRIA":0}},{"type":"Feature","geometry":{"type":"Point","coordinates":[-46.6048538,-23.5532921]},"properties":{"SECAO":"BRABAS","TIPO_REGISTRO":"PONTO","NOME_ESTADIO":"Rua Javari","NOME_ATUAL":"Rua Javari","NOME_ANTIGO_1":null,"NOME_ANTIGO_2":null,"ESTADIO":"Rua Javari","ESTÁDIO":"Rua Javari","NOME_ANTIGO":null,"NOMES_ALTERNATIVOS":"","CIDADE":"São Paulo","ESTADO":"São Paulo","PAÍS":"Brazil","PAIS_ISO3":null,"CAPACIDADE":"4000","LATITUDE":-23.5532921,"LONGITUDE":-46.6048538,"TOTAL_JOGOS":0,"VITORIAS":0,"VITÓRIAS":0,"EMPATES":0,"DERROTAS":0,"PONTOS_CAMPEONATO":0,"APROVEITAMENTO_PCT":0,"GOLS_MARCADOS":0,"GOLS_SOFRIDOS":0,"SALDO_GOLS":0,"GOLS_POR_PARTIDA":0,"ASSISTENCIAS":null,"ASSISTENCIAS_DISPONIVEIS":false,"ASSISTENCIAS_FONTE":"Não consta nos arquivos locais do Meu Timão ou Daniel Keppler.","JOGOS_COM_PLACAR":0,"JOGOS_SEM_PLACAR":0,"PARTIDAS_DANIEL_KEPPLER":0,"PARTIDAS_MEUTIMAO":0,"FONTES_JOGOS":"","DATA_PRIMEIRA_PARTIDA":null,"ANO_PRIMEIRA_PARTIDA":null,"PRIMEIRA_PARTIDA":null,"ADVERSARIO":null,"PLACAR":null,"COMPETICAO_PRIMEIRA_PARTIDA":null,"MANDO_PRIMEIRA_PARTIDA":null,"FONTE_PRIMEIRA_PARTIDA":null,"DATA_ULTIMA_PARTIDA":null,"ANO_ULTIMA_PARTIDA":null,"ULTIMA_PARTIDA":"","ADVERSARIO_ULTIMA_PARTIDA":null,"PLACAR_ULTIMA_PARTIDA":null,"COMPETICAO_ULTIMA_PARTIDA":null,"MANDO_ULTIMA_PARTIDA":null,"FONTE_ULTIMA_PARTIDA":null,"NUM_ESTADIOS_NO_PONTO":1,"NUM_ESTADIOS_COM_JOGOS_NO_PONTO":0,"ESTADIOS_AGRUPADOS":"[{\"nome\":\"Rua Javari\",\"nome_atual\":\"Rua Javari\",\"nome_antigo_1\":null,\"nome_antigo_2\":null,\"nomes_alternativos\":[\"Rua Javari\"],\"cidade\":\"São Paulo\",\"estado\":\"São Paulo\",\"pais\":\"Brazil\",\"capacidade\":\"4000\",\"jogos\":0,\"vitorias\":0,\"empates\":0,\"derrotas\":0,\"gols_marcados\":0,\"gols_sofridos\":0,\"data_primeira_partida\":null,\"data_ultima_partida\":null}]","STATUS_GEOMETRIA":"PONTO_CONSOLIDADO","PRECISAO_COORDENADAS":null,"FONTE_COORDENADAS":"OpenStreetMap Nominatim (geocodificação reversa)","URL_FONTE_COORDENADAS":"https://www.openstreetmap.org/relation/298285","ATRIBUICAO_COORDENADAS":"© OpenStreetMap contributors, ODbL 1.0","FONTES_NOME_ANTIGO":null,"JOGOS_SEM_GEOMETRIA":0}},{"type":"Feature","geometry":{"type":"Point","coordinates":[-46.601420574225386,-23.552485627232432]},"properties":{"SECAO":"BRABAS","TIPO_REGISTRO":"PONTO","NOME_ESTADIO":"CONDE RODOLFO CRESPI (RUA JAVARI)","NOME_ATUAL":"CONDE RODOLFO CRESPI (RUA JAVARI)","NOME_ANTIGO_1":null,"NOME_ANTIGO_2":null,"ESTADIO":"CONDE RODOLFO CRESPI (RUA JAVARI)","ESTÁDIO":"CONDE RODOLFO CRESPI (RUA JAVARI)","NOME_ANTIGO":null,"NOMES_ALTERNATIVOS":"","CIDADE":"SÃO PAULO ","ESTADO":"SÃO PAULO","PAÍS":"BRASIL","PAIS_ISO3":null,"CAPACIDADE":"3800","LATITUDE":-23.552485627232432,"LONGITUDE":-46.601420574225386,"TOTAL_JOGOS":4,"VITORIAS":3,"VITÓRIAS":3,"EMPATES":1,"DERROTAS":0,"PONTOS_CAMPEONATO":10,"APROVEITAMENTO_PCT":83.3,"GOLS_MARCADOS":11,"GOLS_SOFRIDOS":4,"SALDO_GOLS":7,"GOLS_POR_PARTIDA":2.75,"ASSISTENCIAS":null,"ASSISTENCIAS_DISPONIVEIS":false,"ASSISTENCIAS_FONTE":"Não consta nos arquivos locais do Meu Timão ou Daniel Keppler.","JOGOS_COM_PLACAR":4,"JOGOS_SEM_PLACAR":0,"PARTIDAS_DANIEL_KEPPLER":4,"PARTIDAS_MEUTIMAO":0,"FONTES_JOGOS":"Daniel Keppler","DATA_PRIMEIRA_PARTIDA":"2008-04-26","ANO_PRIMEIRA_PARTIDA":2008,"PRIMEIRA_PARTIDA":"JUVENTUS 0x1 CORINTHIANS","ADVERSARIO":"JUVENTUS","PLACAR":"0x1","COMPETICAO_PRIMEIRA_PARTIDA":"CAMPEONATO PAULISTA / FPF","MANDO_PRIMEIRA_PARTIDA":"Não","FONTE_PRIMEIRA_PARTIDA":null,"DATA_ULTIMA_PARTIDA":"2009-06-06","ANO_ULTIMA_PARTIDA":2009,"ULTIMA_PARTIDA":"JUVENTUS 1x4 CORINTHIANS","ADVERSARIO_ULTIMA_PARTIDA":"JUVENTUS","PLACAR_ULTIMA_PARTIDA":"1x4","COMPETICAO_ULTIMA_PARTIDA":"CAMPEONATO PAULISTA / FPF","MANDO_ULTIMA_PARTIDA":"Não","FONTE_ULTIMA_PARTIDA":"Daniel Keppler","NUM_ESTADIOS_NO_PONTO":1,"NUM_ESTADIOS_COM_JOGOS_NO_PONTO":1,"ESTADIOS_AGRUPADOS":"[{\"nome\":\"CONDE RODOLFO CRESPI (RUA JAVARI)\",\"nome_atual\":\"CONDE RODOLFO CRESPI (RUA JAVARI)\",\"nome_antigo_1\":null,\"nome_antigo_2\":null,\"nomes_alternativos\":[\"CONDE RODOLFO CRESPI (RUA JAVARI)\"],\"cidade\":\"SÃO PAULO \",\"estado\":\"SÃO PAULO\",\"pais\":\"BRASIL\",\"capacidade\":\"3800\",\"jogos\":4,\"vitorias\":3,\"empates\":1,\"derrotas\":0,\"gols_marcados\":11,\"gols_sofridos\":4,\"data_primeira_partida\":\"2008-04-26\",\"data_ultima_partida\":\"2009-06-06\"}]","STATUS_GEOMETRIA":"PONTO_CONSOLIDADO","PRECISAO_COORDENADAS":null,"FONTE_COORDENADAS":null,"URL_FONTE_COORDENADAS":null,"ATRIBUICAO_COORDENADAS":null,"FONTES_NOME_ANTIGO":null,"JOGOS_SEM_GEOMETRIA":0}},{"type":"Feature","geometry":{"type":"Point","coordinates":[-46.585758962708056,-23.572754480935235]},"properties":{"SECAO":"BRABAS","TIPO_REGISTRO":"PONTO","NOME_ESTADIO":"COMENDADOR ROBERTO UGOLINI","NOME_ATUAL":"COMENDADOR ROBERTO UGOLINI","NOME_ANTIGO_1":null,"NOME_ANTIGO_2":null,"ESTADIO":"COMENDADOR ROBERTO UGOLINI","ESTÁDIO":"COMENDADOR ROBERTO UGOLINI","NOME_ANTIGO":null,"NOMES_ALTERNATIVOS":"","CIDADE":"SÃO PAULO ","ESTADO":"SÃO PAULO","PAÍS":"BRASIL","PAIS_ISO3":null,"CAPACIDADE":"≅ 500","LATITUDE":-23.572754480935235,"LONGITUDE":-46.585758962708056,"TOTAL_JOGOS":1,"VITORIAS":1,"VITÓRIAS":1,"EMPATES":0,"DERROTAS":0,"PONTOS_CAMPEONATO":3,"APROVEITAMENTO_PCT":100.0,"GOLS_MARCADOS":1,"GOLS_SOFRIDOS":0,"SALDO_GOLS":1,"GOLS_POR_PARTIDA":1.0,"ASSISTENCIAS":null,"ASSISTENCIAS_DISPONIVEIS":false,"ASSISTENCIAS_FONTE":"Não consta nos arquivos locais do Meu Timão ou Daniel Keppler.","JOGOS_COM_PLACAR":1,"JOGOS_SEM_PLACAR":0,"PARTIDAS_DANIEL_KEPPLER":1,"PARTIDAS_MEUTIMAO":0,"FONTES_JOGOS":"Daniel Keppler","DATA_PRIMEIRA_PARTIDA":"2015-10-20","ANO_PRIMEIRA_PARTIDA":2015,"PRIMEIRA_PARTIDA":"ITUPEVA 0x1 CORINTHIANS","ADVERSARIO":"ITUPEVA","PLACAR":"0x1","COMPETICAO_PRIMEIRA_PARTIDA":"CAMPEONATO PAULISTA / LINAF","MANDO_PRIMEIRA_PARTIDA":"Não","FONTE_PRIMEIRA_PARTIDA":null,"DATA_ULTIMA_PARTIDA":"2015-10-20","ANO_ULTIMA_PARTIDA":2015,"ULTIMA_PARTIDA":"ITUPEVA 0x1 CORINTHIANS","ADVERSARIO_ULTIMA_PARTIDA":"ITUPEVA","PLACAR_ULTIMA_PARTIDA":"0x1","COMPETICAO_ULTIMA_PARTIDA":"CAMPEONATO PAULISTA / LINAF","MANDO_ULTIMA_PARTIDA":"Não","FONTE_ULTIMA_PARTIDA":"Daniel Keppler","NUM_ESTADIOS_NO_PONTO":1,"NUM_ESTADIOS_COM_JOGOS_NO_PONTO":1,"ESTADIOS_AGRUPADOS":"[{\"nome\":\"COMENDADOR ROBERTO UGOLINI\",\"nome_atual\":\"COMENDADOR ROBERTO UGOLINI\",\"nome_antigo_1\":null,\"nome_antigo_2\":null,\"nomes_alternativos\":[\"COMENDADOR ROBERTO UGOLINI\"],\"cidade\":\"SÃO PAULO \",\"estado\":\"SÃO PAULO\",\"pais\":\"BRASIL\",\"capacidade\":\"≅ 500\",\"jogos\":1,\"vitorias\":1,\"empates\":0,\"derrotas\":0,\"gols_marcados\":1,\"gols_sofridos\":0,\"data_primeira_partida\":\"2015-10-20\",\"data_ultima_partida\":\"2015-10-20\"}]","STATUS_GEOMETRIA":"PONTO_CONSOLIDADO","PRECISAO_COORDENADAS":null,"FONTE_COORDENADAS":null,"URL_FONTE_COORDENADAS":null,"ATRIBUICAO_COORDENADAS":null,"FONTES_NOME_ANTIGO":null,"JOGOS_SEM_GEOMETRIA":0}},{"type":"Feature","geometry":{"type":"Point","coordinates":[-46.57096888610201,-23.604037641997845]},"properties":{"SECAO":"BRABAS","TIPO_REGISTRO":"PONTO","NOME_ESTADIO":"CLUBE ESPORTIVO RECREATIVO ARTHUR GARBELOTTO (FUNDAÇÃO)","NOME_ATUAL":"CLUBE ESPORTIVO RECREATIVO ARTHUR GARBELOTTO (FUNDAÇÃO)","NOME_ANTIGO_1":null,"NOME_ANTIGO_2":null,"ESTADIO":"CLUBE ESPORTIVO RECREATIVO ARTHUR GARBELOTTO (FUNDAÇÃO)","ESTÁDIO":"CLUBE ESPORTIVO RECREATIVO ARTHUR GARBELOTTO (FUNDAÇÃO)","NOME_ANTIGO":null,"NOMES_ALTERNATIVOS":"","CIDADE":"SÃO CAETANO DO SUL","ESTADO":"SÃO PAULO","PAÍS":"BRASIL","PAIS_ISO3":null,"CAPACIDADE":"1000","LATITUDE":-23.604037641997845,"LONGITUDE":-46.57096888610201,"TOTAL_JOGOS":2,"VITORIAS":2,"VITÓRIAS":2,"EMPATES":0,"DERROTAS":0,"PONTOS_CAMPEONATO":6,"APROVEITAMENTO_PCT":100.0,"GOLS_MARCADOS":13,"GOLS_SOFRIDOS":0,"SALDO_GOLS":13,"GOLS_POR_PARTIDA":6.5,"ASSISTENCIAS":null,"ASSISTENCIAS_DISPONIVEIS":false,"ASSISTENCIAS_FONTE":"Não consta nos arquivos locais do Meu Timão ou Daniel Keppler.","JOGOS_COM_PLACAR":2,"JOGOS_SEM_PLACAR":0,"PARTIDAS_DANIEL_KEPPLER":2,"PARTIDAS_MEUTIMAO":0,"FONTES_JOGOS":"Daniel Keppler","DATA_PRIMEIRA_PARTIDA":"2009-10-08","ANO_PRIMEIRA_PARTIDA":2009,"PRIMEIRA_PARTIDA":"JUNDIAÍ 0x9 CORINTHIANS","ADVERSARIO":"JUNDIAÍ","PLACAR":"0x9","COMPETICAO_PRIMEIRA_PARTIDA":"JOGOS ABERTOS DO INTERIOR","MANDO_PRIMEIRA_PARTIDA":"Neutro","FONTE_PRIMEIRA_PARTIDA":null,"DATA_ULTIMA_PARTIDA":"?","ANO_ULTIMA_PARTIDA":2009,"ULTIMA_PARTIDA":"CORINTHIANS 4x0 MARÍLIA","ADVERSARIO_ULTIMA_PARTIDA":"MARÍLIA","PLACAR_ULTIMA_PARTIDA":"4x0","COMPETICAO_ULTIMA_PARTIDA":"JOGOS ABERTOS DO INTERIOR","MANDO_ULTIMA_PARTIDA":"Neutro","FONTE_ULTIMA_PARTIDA":"Daniel Keppler","NUM_ESTADIOS_NO_PONTO":1,"NUM_ESTADIOS_COM_JOGOS_NO_PONTO":1,"ESTADIOS_AGRUPADOS":"[{\"nome\":\"CLUBE ESPORTIVO RECREATIVO ARTHUR GARBELOTTO (FUNDAÇÃO)\",\"nome_atual\":\"CLUBE ESPORTIVO RECREATIVO ARTHUR GARBELOTTO (FUNDAÇÃO)\",\"nome_antigo_1\":null,\"nome_antigo_2\":null,\"nomes_alternativos\":[\"CLUBE ESPORTIVO RECREATIVO ARTHUR GARBELOTTO (FUNDAÇÃO)\"],\"cidade\":\"SÃO CAETANO DO SUL\",\"estado\":\"SÃO PAULO\",\"pais\":\"BRASIL\",\"capacidade\":\"1000\",\"jogos\":2,\"vitorias\":2,\"empates\":0,\"derrotas\":0,\"gols_marcados\":13,\"gols_sofridos\":0,\"data_primeira_partida\":\"2009-10-08\",\"data_ultima_partida\":\"?\"}]","STATUS_GEOMETRIA":"PONTO_CONSOLIDADO","PRECISAO_COORDENADAS":null,"FONTE_COORDENADAS":null,"URL_FONTE_COORDENADAS":null,"ATRIBUICAO_COORDENADAS":null,"FONTES_NOME_ANTIGO":null,"JOGOS_SEM_GEOMETRIA":0}},{"type":"Feature","geometry":{"type":"Point","coordinates":[-46.56998143226346,-23.64304411809633]},"properties":{"SECAO":"BRABAS","TIPO_REGISTRO":"PONTO","NOME_ESTADIO":"JOSÉ TORTORELLO","NOME_ATUAL":"JOSÉ TORTORELLO","NOME_ANTIGO_1":null,"NOME_ANTIGO_2":null,"ESTADIO":"JOSÉ TORTORELLO","ESTÁDIO":"JOSÉ TORTORELLO","NOME_ANTIGO":null,"NOMES_ALTERNATIVOS":"","CIDADE":"SÃO CAETANO DO SUL","ESTADO":"SÃO PAULO","PAÍS":"BRASIL","PAIS_ISO3":null,"CAPACIDADE":"DESCONHECIDO","LATITUDE":-23.64304411809633,"LONGITUDE":-46.56998143226346,"TOTAL_JOGOS":1,"VITORIAS":0,"VITÓRIAS":0,"EMPATES":0,"DERROTAS":1,"PONTOS_CAMPEONATO":0,"APROVEITAMENTO_PCT":0.0,"GOLS_MARCADOS":0,"GOLS_SOFRIDOS":1,"SALDO_GOLS":-1,"GOLS_POR_PARTIDA":0.0,"ASSISTENCIAS":null,"ASSISTENCIAS_DISPONIVEIS":false,"ASSISTENCIAS_FONTE":"Não consta nos arquivos locais do Meu Timão ou Daniel Keppler.","JOGOS_COM_PLACAR":1,"JOGOS_SEM_PLACAR":0,"PARTIDAS_DANIEL_KEPPLER":1,"PARTIDAS_MEUTIMAO":0,"FONTES_JOGOS":"Daniel Keppler","DATA_PRIMEIRA_PARTIDA":"2009-10-12","ANO_PRIMEIRA_PARTIDA":2009,"PRIMEIRA_PARTIDA":"CORINTHIANS 0x1 SÃO BERNARDO DO CAMPO","ADVERSARIO":"SÃO BERNARDO DO CAMPO","PLACAR":"0x1","COMPETICAO_PRIMEIRA_PARTIDA":"JOGOS ABERTOS DO INTERIOR","MANDO_PRIMEIRA_PARTIDA":"Neutro","FONTE_PRIMEIRA_PARTIDA":null,"DATA_ULTIMA_PARTIDA":"2009-10-12","ANO_ULTIMA_PARTIDA":2009,"ULTIMA_PARTIDA":"CORINTHIANS 0x1 SÃO BERNARDO DO CAMPO","ADVERSARIO_ULTIMA_PARTIDA":"SÃO BERNARDO DO CAMPO","PLACAR_ULTIMA_PARTIDA":"0x1","COMPETICAO_ULTIMA_PARTIDA":"JOGOS ABERTOS DO INTERIOR","MANDO_ULTIMA_PARTIDA":"Neutro","FONTE_ULTIMA_PARTIDA":"Daniel Keppler","NUM_ESTADIOS_NO_PONTO":1,"NUM_ESTADIOS_COM_JOGOS_NO_PONTO":1,"ESTADIOS_AGRUPADOS":"[{\"nome\":\"JOSÉ TORTORELLO\",\"nome_atual\":\"JOSÉ TORTORELLO\",\"nome_antigo_1\":null,\"nome_antigo_2\":null,\"nomes_alternativos\":[\"JOSÉ TORTORELLO\"],\"cidade\":\"SÃO CAETANO DO SUL\",\"estado\":\"SÃO PAULO\",\"pais\":\"BRASIL\",\"capacidade\":\"DESCONHECIDO\",\"jogos\":1,\"vitorias\":0,\"empates\":0,\"derrotas\":1,\"gols_marcados\":0,\"gols_sofridos\":1,\"data_primeira_partida\":\"2009-10-12\",\"data_ultima_partida\":\"2009-10-12\"}]","STATUS_GEOMETRIA":"PONTO_CONSOLIDADO","PRECISAO_COORDENADAS":null,"FONTE_COORDENADAS":null,"URL_FONTE_COORDENADAS":null,"ATRIBUICAO_COORDENADAS":null,"FONTES_NOME_ANTIGO":null,"JOGOS_SEM_GEOMETRIA":0}},{"type":"Feature","geometry":{"type":"Point","coordinates":[-46.5694808951696,-23.526659630812546]},"properties":{"SECAO":"BRABAS","TIPO_REGISTRO":"PONTO","NOME_ESTADIO":"Estádio Alfredo Schürig (Fazendinha)","NOME_ATUAL":"Estádio Alfredo Schürig (Fazendinha)","NOME_ANTIGO_1":"Fazendinha","NOME_ANTIGO_2":null,"ESTADIO":"Estádio Alfredo Schürig (Fazendinha)","ESTÁDIO":"Estádio Alfredo Schürig (Fazendinha)","NOME_ANTIGO":null,"NOMES_ALTERNATIVOS":"Fazendinha","CIDADE":"SÃO PAULO ","ESTADO":"SÃO PAULO","PAÍS":"BRASIL","PAIS_ISO3":null,"CAPACIDADE":"9800","LATITUDE":-23.526659630812546,"LONGITUDE":-46.5694808951696,"TOTAL_JOGOS":114,"VITORIAS":95,"VITÓRIAS":95,"EMPATES":11,"DERROTAS":8,"PONTOS_CAMPEONATO":296,"APROVEITAMENTO_PCT":86.5,"GOLS_MARCADOS":372,"GOLS_SOFRIDOS":74,"SALDO_GOLS":298,"GOLS_POR_PARTIDA":3.26,"ASSISTENCIAS":null,"ASSISTENCIAS_DISPONIVEIS":false,"ASSISTENCIAS_FONTE":"Não consta nos arquivos locais do Meu Timão ou Daniel Keppler.","JOGOS_COM_PLACAR":114,"JOGOS_SEM_PLACAR":0,"PARTIDAS_DANIEL_KEPPLER":7,"PARTIDAS_MEUTIMAO":107,"FONTES_JOGOS":"Daniel Keppler | Meu Timão","DATA_PRIMEIRA_PARTIDA":"1998-05-17","ANO_PRIMEIRA_PARTIDA":1998,"PRIMEIRA_PARTIDA":"CORINTHIANS 12x1 PALMEIRAS","ADVERSARIO":"PALMEIRAS","PLACAR":"12x1","COMPETICAO_PRIMEIRA_PARTIDA":"CAMPEONATO PAULISTA / FPF","MANDO_PRIMEIRA_PARTIDA":"Sim","FONTE_PRIMEIRA_PARTIDA":null,"DATA_ULTIMA_PARTIDA":"2026-08-26","ANO_ULTIMA_PARTIDA":2026,"ULTIMA_PARTIDA":"CORINTHIANS 6x2 TAUBATÉ","ADVERSARIO_ULTIMA_PARTIDA":"TAUBATÉ","PLACAR_ULTIMA_PARTIDA":"6x2","COMPETICAO_ULTIMA_PARTIDA":"Paulista Feminino 2026","MANDO_ULTIMA_PARTIDA":"Sim","FONTE_ULTIMA_PARTIDA":"Meu Timão","NUM_ESTADIOS_NO_PONTO":1,"NUM_ESTADIOS_COM_JOGOS_NO_PONTO":1,"ESTADIOS_AGRUPADOS":"[{\"nome\":\"Estádio Alfredo Schürig (Fazendinha)\",\"nome_atual\":\"Estádio Alfredo Schürig (Fazendinha)\",\"nome_antigo_1\":\"Fazendinha\",\"nome_antigo_2\":null,\"nomes_alternativos\":[\"Estádio Alfredo Schürig (Fazendinha)\",\"Fazendinha\"],\"cidade\":\"SÃO PAULO \",\"estado\":\"SÃO PAULO\",\"pais\":\"BRASIL\",\"capacidade\":\"9800\",\"jogos\":114,\"vitorias\":95,\"empates\":11,\"derrotas\":8,\"gols_marcados\":372,\"gols_sofridos\":74,\"data_primeira_partida\":\"1998-05-17\",\"data_ultima_partida\":\"2026-08-26\"}]","STATUS_GEOMETRIA":"PONTO_CONSOLIDADO","PRECISAO_COORDENADAS":null,"FONTE_COORDENADAS":null,"URL_FONTE_COORDENADAS":null,"ATRIBUICAO_COORDENADAS":null,"FONTES_NOME_ANTIGO":null,"JOGOS_SEM_GEOMETRIA":0}},{"type":"Feature","geometry":{"type":"Point","coordinates":[-46.55493146008563,-23.699558583592914]},"properties":{"SECAO":"BRABAS","TIPO_REGISTRO":"PONTO","NOME_ESTADIO":"1º DE MAIO (PRIMEIRÃO)","NOME_ATUAL":"1º DE MAIO (PRIMEIRÃO)","NOME_ANTIGO_1":"1º de Maio","NOME_ANTIGO_2":null,"ESTADIO":"1º DE MAIO (PRIMEIRÃO)","ESTÁDIO":"1º DE MAIO (PRIMEIRÃO)","NOME_ANTIGO":null,"NOMES_ALTERNATIVOS":"1º de Maio","CIDADE":"SÃO BERNARDO DO CAMPO","ESTADO":"SÃO PAULO","PAÍS":"BRASIL","PAIS_ISO3":null,"CAPACIDADE":"15759","LATITUDE":-23.699558583592914,"LONGITUDE":-46.55493146008563,"TOTAL_JOGOS":2,"VITORIAS":2,"VITÓRIAS":2,"EMPATES":0,"DERROTAS":0,"PONTOS_CAMPEONATO":6,"APROVEITAMENTO_PCT":100.0,"GOLS_MARCADOS":2,"GOLS_SOFRIDOS":0,"SALDO_GOLS":2,"GOLS_POR_PARTIDA":1.0,"ASSISTENCIAS":null,"ASSISTENCIAS_DISPONIVEIS":false,"ASSISTENCIAS_FONTE":"Não consta nos arquivos locais do Meu Timão ou Daniel Keppler.","JOGOS_COM_PLACAR":2,"JOGOS_SEM_PLACAR":0,"PARTIDAS_DANIEL_KEPPLER":0,"PARTIDAS_MEUTIMAO":2,"FONTES_JOGOS":"Meu Timão","DATA_PRIMEIRA_PARTIDA":"2023-05-28","ANO_PRIMEIRA_PARTIDA":2023,"PRIMEIRA_PARTIDA":"CORINTHIANS 1x0 ATLÉTICO-MG","ADVERSARIO":"ATLÉTICO-MG","PLACAR":"1x0","COMPETICAO_PRIMEIRA_PARTIDA":"Brasileiro Feminino 2023","MANDO_PRIMEIRA_PARTIDA":"Sim","FONTE_PRIMEIRA_PARTIDA":"https://www.meutimao.com.br/jogo/7618/brasileiro-feminino-2023/corinthians-1-x-0-atletico-mg","DATA_ULTIMA_PARTIDA":"2025-03-12","ANO_ULTIMA_PARTIDA":2025,"ULTIMA_PARTIDA":"CORINTHIANS 1x0 CRUZEIRO","ADVERSARIO_ULTIMA_PARTIDA":"CRUZEIRO","PLACAR_ULTIMA_PARTIDA":"1x0","COMPETICAO_ULTIMA_PARTIDA":"Supercopa Feminina 2025","MANDO_ULTIMA_PARTIDA":"Sim","FONTE_ULTIMA_PARTIDA":"Meu Timão","NUM_ESTADIOS_NO_PONTO":1,"NUM_ESTADIOS_COM_JOGOS_NO_PONTO":1,"ESTADIOS_AGRUPADOS":"[{\"nome\":\"1º DE MAIO (PRIMEIRÃO)\",\"nome_atual\":\"1º DE MAIO (PRIMEIRÃO)\",\"nome_antigo_1\":\"1º de Maio\",\"nome_antigo_2\":null,\"nomes_alternativos\":[\"1º DE MAIO (PRIMEIRÃO)\",\"1º de Maio\"],\"cidade\":\"SÃO BERNARDO DO CAMPO\",\"estado\":\"SÃO PAULO\",\"pais\":\"BRASIL\",\"capacidade\":\"15759\",\"jogos\":2,\"vitorias\":2,\"empates\":0,\"derrotas\":0,\"gols_marcados\":2,\"gols_sofridos\":0,\"data_primeira_partida\":\"2023-05-28\",\"data_ultima_partida\":\"2025-03-12\"}]","STATUS_GEOMETRIA":"PONTO_CONSOLIDADO","PRECISAO_COORDENADAS":null,"FONTE_COORDENADAS":"OpenStreetMap Nominatim (geocodificação reversa)","URL_FONTE_COORDENADAS":"https://www.openstreetmap.org/relation/297968","ATRIBUICAO_COORDENADAS":"© OpenStreetMap contributors, ODbL 1.0","FONTES_NOME_ANTIGO":null,"JOGOS_SEM_GEOMETRIA":0}},{"type":"Feature","geometry":{"type":"Point","coordinates":[-46.551778361932165,-23.47036920270418]},"properties":{"SECAO":"BRABAS","TIPO_REGISTRO":"PONTO","NOME_ESTADIO":"ANTÔNIO SOARES DE OLIVEIRA","NOME_ATUAL":"ANTÔNIO SOARES DE OLIVEIRA","NOME_ANTIGO_1":null,"NOME_ANTIGO_2":null,"ESTADIO":"ANTÔNIO SOARES DE OLIVEIRA","ESTÁDIO":"ANTÔNIO SOARES DE OLIVEIRA","NOME_ANTIGO":null,"NOMES_ALTERNATIVOS":"","CIDADE":"GUARULHOS ","ESTADO":"SÃO PAULO","PAÍS":"BRASIL","PAIS_ISO3":null,"CAPACIDADE":"6235","LATITUDE":-23.47036920270418,"LONGITUDE":-46.551778361932165,"TOTAL_JOGOS":4,"VITORIAS":3,"VITÓRIAS":3,"EMPATES":1,"DERROTAS":0,"PONTOS_CAMPEONATO":10,"APROVEITAMENTO_PCT":83.3,"GOLS_MARCADOS":15,"GOLS_SOFRIDOS":3,"SALDO_GOLS":12,"GOLS_POR_PARTIDA":3.75,"ASSISTENCIAS":null,"ASSISTENCIAS_DISPONIVEIS":false,"ASSISTENCIAS_FONTE":"Não consta nos arquivos locais do Meu Timão ou Daniel Keppler.","JOGOS_COM_PLACAR":4,"JOGOS_SEM_PLACAR":0,"PARTIDAS_DANIEL_KEPPLER":4,"PARTIDAS_MEUTIMAO":0,"FONTES_JOGOS":"Daniel Keppler","DATA_PRIMEIRA_PARTIDA":"2008-05-11","ANO_PRIMEIRA_PARTIDA":2008,"PRIMEIRA_PARTIDA":"CORINTHIANS 1x1 SÃO BERNARDO","ADVERSARIO":"SÃO BERNARDO","PLACAR":"1x1","COMPETICAO_PRIMEIRA_PARTIDA":"CAMPEONATO PAULISTA / FPF","MANDO_PRIMEIRA_PARTIDA":"Sim","FONTE_PRIMEIRA_PARTIDA":null,"DATA_ULTIMA_PARTIDA":"2009-06-27","ANO_ULTIMA_PARTIDA":2009,"ULTIMA_PARTIDA":"CORINTHIANS 6x1 SÃO BENTO","ADVERSARIO_ULTIMA_PARTIDA":"SÃO BENTO","PLACAR_ULTIMA_PARTIDA":"6x1","COMPETICAO_ULTIMA_PARTIDA":"CAMPEONATO PAULISTA / FPF","MANDO_ULTIMA_PARTIDA":"Sim","FONTE_ULTIMA_PARTIDA":"Daniel Keppler","NUM_ESTADIOS_NO_PONTO":1,"NUM_ESTADIOS_COM_JOGOS_NO_PONTO":1,"ESTADIOS_AGRUPADOS":"[{\"nome\":\"ANTÔNIO SOARES DE OLIVEIRA\",\"nome_atual\":\"ANTÔNIO SOARES DE OLIVEIRA\",\"nome_antigo_1\":null,\"nome_antigo_2\":null,\"nomes_alternativos\":[\"ANTÔNIO SOARES DE OLIVEIRA\"],\"cidade\":\"GUARULHOS \",\"estado\":\"SÃO PAULO\",\"pais\":\"BRASIL\",\"capacidade\":\"6235\",\"jogos\":4,\"vitorias\":3,\"empates\":1,\"derrotas\":0,\"gols_marcados\":15,\"gols_sofridos\":3,\"data_primeira_partida\":\"2008-05-11\",\"data_ultima_partida\":\"2009-06-27\"}]","STATUS_GEOMETRIA":"PONTO_CONSOLIDADO","PRECISAO_COORDENADAS":null,"FONTE_COORDENADAS":null,"URL_FONTE_COORDENADAS":null,"ATRIBUICAO_COORDENADAS":null,"FONTES_NOME_ANTIGO":null,"JOGOS_SEM_GEOMETRIA":0}},{"type":"Feature","geometry":{"type":"Point","coordinates":[-46.5425045,-23.6996464]},"properties":{"SECAO":"BRABAS","TIPO_REGISTRO":"PONTO","NOME_ESTADIO":"Baetão","NOME_ATUAL":"Baetão","NOME_ANTIGO_1":null,"NOME_ANTIGO_2":null,"ESTADIO":"Baetão","ESTÁDIO":"Baetão","NOME_ANTIGO":null,"NOMES_ALTERNATIVOS":"","CIDADE":"São Bernardo do Campo","ESTADO":"São Paulo","PAÍS":"Brasil","PAIS_ISO3":null,"CAPACIDADE":"5200","LATITUDE":-23.6996464,"LONGITUDE":-46.5425045,"TOTAL_JOGOS":0,"VITORIAS":0,"VITÓRIAS":0,"EMPATES":0,"DERROTAS":0,"PONTOS_CAMPEONATO":0,"APROVEITAMENTO_PCT":0,"GOLS_MARCADOS":0,"GOLS_SOFRIDOS":0,"SALDO_GOLS":0,"GOLS_POR_PARTIDA":0,"ASSISTENCIAS":null,"ASSISTENCIAS_DISPONIVEIS":false,"ASSISTENCIAS_FONTE":"Não consta nos arquivos locais do Meu Timão ou Daniel Keppler.","JOGOS_COM_PLACAR":0,"JOGOS_SEM_PLACAR":0,"PARTIDAS_DANIEL_KEPPLER":0,"PARTIDAS_MEUTIMAO":0,"FONTES_JOGOS":"","DATA_PRIMEIRA_PARTIDA":null,"ANO_PRIMEIRA_PARTIDA":null,"PRIMEIRA_PARTIDA":null,"ADVERSARIO":null,"PLACAR":null,"COMPETICAO_PRIMEIRA_PARTIDA":null,"MANDO_PRIMEIRA_PARTIDA":null,"FONTE_PRIMEIRA_PARTIDA":null,"DATA_ULTIMA_PARTIDA":null,"ANO_ULTIMA_PARTIDA":null,"ULTIMA_PARTIDA":"","ADVERSARIO_ULTIMA_PARTIDA":null,"PLACAR_ULTIMA_PARTIDA":null,"COMPETICAO_ULTIMA_PARTIDA":null,"MANDO_ULTIMA_PARTIDA":null,"FONTE_ULTIMA_PARTIDA":null,"NUM_ESTADIOS_NO_PONTO":1,"NUM_ESTADIOS_COM_JOGOS_NO_PONTO":0,"ESTADIOS_AGRUPADOS":"[{\"nome\":\"Baetão\",\"nome_atual\":\"Baetão\",\"nome_antigo_1\":null,\"nome_antigo_2\":null,\"nomes_alternativos\":[\"Baetão\"],\"cidade\":\"São Bernardo do Campo\",\"estado\":\"São Paulo\",\"pais\":\"Brasil\",\"capacidade\":\"5200\",\"jogos\":0,\"vitorias\":0,\"empates\":0,\"derrotas\":0,\"gols_marcados\":0,\"gols_sofridos\":0,\"data_primeira_partida\":null,\"data_ultima_partida\":null}]","STATUS_GEOMETRIA":"PONTO_CONSOLIDADO","PRECISAO_COORDENADAS":null,"FONTE_COORDENADAS":"OpenStreetMap Nominatim (geocodificação reversa)","URL_FONTE_COORDENADAS":"https://www.openstreetmap.org/relation/297968","ATRIBUICAO_COORDENADAS":"© OpenStreetMap contributors, ODbL 1.0","FONTES_NOME_ANTIGO":null,"JOGOS_SEM_GEOMETRIA":0}},{"type":"Feature","geometry":{"type":"Point","coordinates":[-46.542356029403884,-23.698838141812]},"properties":{"SECAO":"BRABAS","TIPO_REGISTRO":"PONTO","NOME_ESTADIO":"GÍGLIO PORTUGAL PICHININ (BAETÃO)","NOME_ATUAL":"GÍGLIO PORTUGAL PICHININ (BAETÃO)","NOME_ANTIGO_1":null,"NOME_ANTIGO_2":null,"ESTADIO":"GÍGLIO PORTUGAL PICHININ (BAETÃO)","ESTÁDIO":"GÍGLIO PORTUGAL PICHININ (BAETÃO)","NOME_ANTIGO":null,"NOMES_ALTERNATIVOS":"","CIDADE":"SÃO BERNARDO DO CAMPO ","ESTADO":"SÃO PAULO","PAÍS":"BRASIL","PAIS_ISO3":null,"CAPACIDADE":"6315","LATITUDE":-23.698838141812,"LONGITUDE":-46.542356029403884,"TOTAL_JOGOS":3,"VITORIAS":2,"VITÓRIAS":2,"EMPATES":0,"DERROTAS":1,"PONTOS_CAMPEONATO":6,"APROVEITAMENTO_PCT":66.7,"GOLS_MARCADOS":8,"GOLS_SOFRIDOS":4,"SALDO_GOLS":4,"GOLS_POR_PARTIDA":2.67,"ASSISTENCIAS":null,"ASSISTENCIAS_DISPONIVEIS":false,"ASSISTENCIAS_FONTE":"Não consta nos arquivos locais do Meu Timão ou Daniel Keppler.","JOGOS_COM_PLACAR":3,"JOGOS_SEM_PLACAR":0,"PARTIDAS_DANIEL_KEPPLER":3,"PARTIDAS_MEUTIMAO":0,"FONTES_JOGOS":"Daniel Keppler","DATA_PRIMEIRA_PARTIDA":"2008-08-09","ANO_PRIMEIRA_PARTIDA":2008,"PRIMEIRA_PARTIDA":"SÃO BERNARDO 0x3 CORINTHIANS","ADVERSARIO":"SÃO BERNARDO","PLACAR":"0x3","COMPETICAO_PRIMEIRA_PARTIDA":"CAMPEONATO PAULISTA / FPF","MANDO_PRIMEIRA_PARTIDA":"Não","FONTE_PRIMEIRA_PARTIDA":null,"DATA_ULTIMA_PARTIDA":"2009-07-11","ANO_ULTIMA_PARTIDA":2009,"ULTIMA_PARTIDA":"SÃO BERNARDO 3x2 CORINTHIANS","ADVERSARIO_ULTIMA_PARTIDA":"SÃO BERNARDO","PLACAR_ULTIMA_PARTIDA":"3x2","COMPETICAO_ULTIMA_PARTIDA":"CAMPEONATO PAULISTA / FPF","MANDO_ULTIMA_PARTIDA":"Não","FONTE_ULTIMA_PARTIDA":"Daniel Keppler","NUM_ESTADIOS_NO_PONTO":1,"NUM_ESTADIOS_COM_JOGOS_NO_PONTO":1,"ESTADIOS_AGRUPADOS":"[{\"nome\":\"GÍGLIO PORTUGAL PICHININ (BAETÃO)\",\"nome_atual\":\"GÍGLIO PORTUGAL PICHININ (BAETÃO)\",\"nome_antigo_1\":null,\"nome_antigo_2\":null,\"nomes_alternativos\":[\"GÍGLIO PORTUGAL PICHININ (BAETÃO)\"],\"cidade\":\"SÃO BERNARDO DO CAMPO \",\"estado\":\"SÃO PAULO\",\"pais\":\"BRASIL\",\"capacidade\":\"6315\",\"jogos\":3,\"vitorias\":2,\"empates\":0,\"derrotas\":1,\"gols_marcados\":8,\"gols_sofridos\":4,\"data_primeira_partida\":\"2008-08-09\",\"data_ultima_partida\":\"2009-07-11\"}]","STATUS_GEOMETRIA":"PONTO_CONSOLIDADO","PRECISAO_COORDENADAS":null,"FONTE_COORDENADAS":null,"URL_FONTE_COORDENADAS":null,"ATRIBUICAO_COORDENADAS":null,"FONTES_NOME_ANTIGO":null,"JOGOS_SEM_GEOMETRIA":0}},{"type":"Feature","geometry":{"type":"Point","coordinates":[-46.5418586,-22.9520235]},"properties":{"SECAO":"BRABAS","TIPO_REGISTRO":"PONTO","NOME_ESTADIO":"Municipal de Bragança Paulista","NOME_ATUAL":"Municipal de Bragança Paulista","NOME_ANTIGO_1":null,"NOME_ANTIGO_2":null,"ESTADIO":"Municipal de Bragança Paulista","ESTÁDIO":"Municipal de Bragança Paulista","NOME_ANTIGO":null,"NOMES_ALTERNATIVOS":"","CIDADE":"Bragança Paulista","ESTADO":"São Paulo","PAÍS":"Brazil","PAIS_ISO3":null,"CAPACIDADE":"12004","LATITUDE":-22.9520235,"LONGITUDE":-46.5418586,"TOTAL_JOGOS":1,"VITORIAS":1,"VITÓRIAS":1,"EMPATES":0,"DERROTAS":0,"PONTOS_CAMPEONATO":3,"APROVEITAMENTO_PCT":100.0,"GOLS_MARCADOS":3,"GOLS_SOFRIDOS":2,"SALDO_GOLS":1,"GOLS_POR_PARTIDA":3.0,"ASSISTENCIAS":null,"ASSISTENCIAS_DISPONIVEIS":false,"ASSISTENCIAS_FONTE":"Não consta nos arquivos locais do Meu Timão ou Daniel Keppler.","JOGOS_COM_PLACAR":1,"JOGOS_SEM_PLACAR":0,"PARTIDAS_DANIEL_KEPPLER":0,"PARTIDAS_MEUTIMAO":1,"FONTES_JOGOS":"Meu Timão","DATA_PRIMEIRA_PARTIDA":"2025-09-04","ANO_PRIMEIRA_PARTIDA":2025,"PRIMEIRA_PARTIDA":"RED BULL BRAGANTINO 2x3 CORINTHIANS","ADVERSARIO":"RED BULL BRAGANTINO","PLACAR":"2x3","COMPETICAO_PRIMEIRA_PARTIDA":"Paulista Feminino 2025","MANDO_PRIMEIRA_PARTIDA":"Não","FONTE_PRIMEIRA_PARTIDA":"https://www.meutimao.com.br/jogo/8580/paulista-feminino-2025/red_bull_bragantino-2-x-3-corinthians","DATA_ULTIMA_PARTIDA":"2025-09-04","ANO_ULTIMA_PARTIDA":2025,"ULTIMA_PARTIDA":"RED BULL BRAGANTINO 2x3 CORINTHIANS","ADVERSARIO_ULTIMA_PARTIDA":"RED BULL BRAGANTINO","PLACAR_ULTIMA_PARTIDA":"2x3","COMPETICAO_ULTIMA_PARTIDA":"Paulista Feminino 2025","MANDO_ULTIMA_PARTIDA":"Não","FONTE_ULTIMA_PARTIDA":"Meu Timão","NUM_ESTADIOS_NO_PONTO":1,"NUM_ESTADIOS_COM_JOGOS_NO_PONTO":1,"ESTADIOS_AGRUPADOS":"[{\"nome\":\"Municipal de Bragança Paulista\",\"nome_atual\":\"Municipal de Bragança Paulista\",\"nome_antigo_1\":null,\"nome_antigo_2\":null,\"nomes_alternativos\":[\"Municipal de Bragança Paulista\"],\"cidade\":\"Bragança Paulista\",\"estado\":\"São Paulo\",\"pais\":\"Brazil\",\"capacidade\":\"12004\",\"jogos\":1,\"vitorias\":1,\"empates\":0,\"derrotas\":0,\"gols_marcados\":3,\"gols_sofridos\":2,\"data_primeira_partida\":\"2025-09-04\",\"data_ultima_partida\":\"2025-09-04\"}]","STATUS_GEOMETRIA":"PONTO_CONSOLIDADO","PRECISAO_COORDENADAS":"Município (estádio exato não identificado)","FONTE_COORDENADAS":"OpenStreetMap Nominatim (localidade aproximada)","URL_FONTE_COORDENADAS":"https://www.openstreetmap.org/relation/298179","ATRIBUICAO_COORDENADAS":"© OpenStreetMap contributors, ODbL 1.0","FONTES_NOME_ANTIGO":null,"JOGOS_SEM_GEOMETRIA":0}},{"type":"Feature","geometry":{"type":"Point","coordinates":[-46.53674283920519,-22.965202469589247]},"properties":{"SECAO":"BRABAS","TIPO_REGISTRO":"PONTO","NOME_ESTADIO":"Estádio Nabi Abi Chedid","NOME_ATUAL":"Estádio Nabi Abi Chedid","NOME_ANTIGO_1":"Estádio Marcelo Stéfani","NOME_ANTIGO_2":"Marcelo Stefani","ESTADIO":"Estádio Nabi Abi Chedid","ESTÁDIO":"Estádio Nabi Abi Chedid","NOME_ANTIGO":"Estádio Marcelo Stéfani","NOMES_ALTERNATIVOS":"Estádio Marcelo Stéfani | Marcelo Stefani | Marcelo Stéfani | NABI ABI CHEDID (NABIZÃO / ARENA RED BULL) | Nabi Abi | Nabizão","CIDADE":"BRAGANÇA PAULISTA","ESTADO":"SÃO PAULO","PAÍS":"BRASIL","PAIS_ISO3":null,"CAPACIDADE":"12332","LATITUDE":-22.965202469589247,"LONGITUDE":-46.53674283920519,"TOTAL_JOGOS":3,"VITORIAS":2,"VITÓRIAS":2,"EMPATES":1,"DERROTAS":0,"PONTOS_CAMPEONATO":7,"APROVEITAMENTO_PCT":77.8,"GOLS_MARCADOS":5,"GOLS_SOFRIDOS":2,"SALDO_GOLS":3,"GOLS_POR_PARTIDA":1.67,"ASSISTENCIAS":null,"ASSISTENCIAS_DISPONIVEIS":false,"ASSISTENCIAS_FONTE":"Não consta nos arquivos locais do Meu Timão ou Daniel Keppler.","JOGOS_COM_PLACAR":3,"JOGOS_SEM_PLACAR":0,"PARTIDAS_DANIEL_KEPPLER":0,"PARTIDAS_MEUTIMAO":3,"FONTES_JOGOS":"Meu Timão","DATA_PRIMEIRA_PARTIDA":"2022-11-19","ANO_PRIMEIRA_PARTIDA":2022,"PRIMEIRA_PARTIDA":"RED BULL BRAGANTINO 0x1 CORINTHIANS","ADVERSARIO":"RED BULL BRAGANTINO","PLACAR":"0x1","COMPETICAO_PRIMEIRA_PARTIDA":"Paulista Feminino 2022","MANDO_PRIMEIRA_PARTIDA":"Não","FONTE_PRIMEIRA_PARTIDA":"https://www.meutimao.com.br/jogo/7443/paulista-feminino-2022/red_bull_bragantino-0-x-1-corinthians","DATA_ULTIMA_PARTIDA":"2024-08-24","ANO_ULTIMA_PARTIDA":2024,"ULTIMA_PARTIDA":"RED BULL BRAGANTINO 1x1 CORINTHIANS","ADVERSARIO_ULTIMA_PARTIDA":"RED BULL BRAGANTINO","PLACAR_ULTIMA_PARTIDA":"1x1","COMPETICAO_ULTIMA_PARTIDA":"Brasileiro Feminino 2024","MANDO_ULTIMA_PARTIDA":"Não","FONTE_ULTIMA_PARTIDA":"Meu Timão","NUM_ESTADIOS_NO_PONTO":1,"NUM_ESTADIOS_COM_JOGOS_NO_PONTO":1,"ESTADIOS_AGRUPADOS":"[{\"nome\":\"Estádio Nabi Abi Chedid\",\"nome_atual\":\"Estádio Nabi Abi Chedid\",\"nome_antigo_1\":\"Estádio Marcelo Stéfani\",\"nome_antigo_2\":\"Marcelo Stefani\",\"nomes_alternativos\":[\"Estádio Marcelo Stéfani\",\"Estádio Nabi Abi Chedid\",\"Marcelo Stefani\",\"Marcelo Stéfani\",\"NABI ABI CHEDID (NABIZÃO / ARENA RED BULL)\",\"Nabi Abi\",\"Nabizão\"],\"cidade\":\"BRAGANÇA PAULISTA\",\"estado\":\"SÃO PAULO\",\"pais\":\"BRASIL\",\"capacidade\":\"12332\",\"jogos\":3,\"vitorias\":2,\"empates\":1,\"derrotas\":0,\"gols_marcados\":5,\"gols_sofridos\":2,\"data_primeira_partida\":\"2022-11-19\",\"data_ultima_partida\":\"2024-08-24\"}]","STATUS_GEOMETRIA":"PONTO_CONSOLIDADO","PRECISAO_COORDENADAS":"Estádio identificado","FONTE_COORDENADAS":"OpenStreetMap Nominatim","URL_FONTE_COORDENADAS":"https://www.openstreetmap.org/way/164823423","ATRIBUICAO_COORDENADAS":"© OpenStreetMap contributors, ODbL 1.0","FONTES_NOME_ANTIGO":"https://pt.wikipedia.org/wiki/Est%C3%A1dio_Nabi_Abi_Chedid | https://www.redbullbragantino.com.br/estadio/informacoes-gerais","JOGOS_SEM_GEOMETRIA":0}},{"type":"Feature","geometry":{"type":"Point","coordinates":[-46.530956611408946,-22.950756311294995]},"properties":{"SECAO":"BRABAS","TIPO_REGISTRO":"PONTO","NOME_ESTADIO":"CÍCERO DE SOUZA MARQUES","NOME_ATUAL":"CÍCERO DE SOUZA MARQUES","NOME_ANTIGO_1":null,"NOME_ANTIGO_2":null,"ESTADIO":"CÍCERO DE SOUZA MARQUES","ESTÁDIO":"CÍCERO DE SOUZA MARQUES","NOME_ANTIGO":null,"NOMES_ALTERNATIVOS":"","CIDADE":"BRAGANÇA PAULISTA","ESTADO":"SÃO PAULO","PAÍS":"BRASIL","PAIS_ISO3":null,"CAPACIDADE":"12000","LATITUDE":-22.950756311294995,"LONGITUDE":-46.530956611408946,"TOTAL_JOGOS":0,"VITORIAS":0,"VITÓRIAS":0,"EMPATES":0,"DERROTAS":0,"PONTOS_CAMPEONATO":0,"APROVEITAMENTO_PCT":0,"GOLS_MARCADOS":0,"GOLS_SOFRIDOS":0,"SALDO_GOLS":0,"GOLS_POR_PARTIDA":0,"ASSISTENCIAS":null,"ASSISTENCIAS_DISPONIVEIS":false,"ASSISTENCIAS_FONTE":"Não consta nos arquivos locais do Meu Timão ou Daniel Keppler.","JOGOS_COM_PLACAR":0,"JOGOS_SEM_PLACAR":0,"PARTIDAS_DANIEL_KEPPLER":0,"PARTIDAS_MEUTIMAO":0,"FONTES_JOGOS":"","DATA_PRIMEIRA_PARTIDA":null,"ANO_PRIMEIRA_PARTIDA":null,"PRIMEIRA_PARTIDA":null,"ADVERSARIO":null,"PLACAR":null,"COMPETICAO_PRIMEIRA_PARTIDA":null,"MANDO_PRIMEIRA_PARTIDA":null,"FONTE_PRIMEIRA_PARTIDA":null,"DATA_ULTIMA_PARTIDA":null,"ANO_ULTIMA_PARTIDA":null,"ULTIMA_PARTIDA":"","ADVERSARIO_ULTIMA_PARTIDA":null,"PLACAR_ULTIMA_PARTIDA":null,"COMPETICAO_ULTIMA_PARTIDA":null,"MANDO_ULTIMA_PARTIDA":null,"FONTE_ULTIMA_PARTIDA":null,"NUM_ESTADIOS_NO_PONTO":1,"NUM_ESTADIOS_COM_JOGOS_NO_PONTO":0,"ESTADIOS_AGRUPADOS":"[{\"nome\":\"CÍCERO DE SOUZA MARQUES\",\"nome_atual\":\"CÍCERO DE SOUZA MARQUES\",\"nome_antigo_1\":null,\"nome_antigo_2\":null,\"nomes_alternativos\":[\"CÍCERO DE SOUZA MARQUES\"],\"cidade\":\"BRAGANÇA PAULISTA\",\"estado\":\"SÃO PAULO\",\"pais\":\"BRASIL\",\"capacidade\":\"12000\",\"jogos\":0,\"vitorias\":0,\"empates\":0,\"derrotas\":0,\"gols_marcados\":0,\"gols_sofridos\":0,\"data_primeira_partida\":null,\"data_ultima_partida\":null}]","STATUS_GEOMETRIA":"PONTO_CONSOLIDADO","PRECISAO_COORDENADAS":null,"FONTE_COORDENADAS":null,"URL_FONTE_COORDENADAS":null,"ATRIBUICAO_COORDENADAS":null,"FONTES_NOME_ANTIGO":null,"JOGOS_SEM_GEOMETRIA":0}},{"type":"Feature","geometry":{"type":"Point","coordinates":[-46.5277704,-23.4675941]},"properties":{"SECAO":"BRABAS","TIPO_REGISTRO":"PONTO","NOME_ESTADIO":"Ninho do Corvo","NOME_ATUAL":"Ninho do Corvo","NOME_ANTIGO_1":null,"NOME_ANTIGO_2":null,"ESTADIO":"Ninho do Corvo","ESTÁDIO":"Ninho do Corvo","NOME_ANTIGO":null,"NOMES_ALTERNATIVOS":"","CIDADE":"Guarulhos","ESTADO":"São Paulo","PAÍS":"Brazil","PAIS_ISO3":null,"CAPACIDADE":"6235","LATITUDE":-23.4675941,"LONGITUDE":-46.5277704,"TOTAL_JOGOS":1,"VITORIAS":1,"VITÓRIAS":1,"EMPATES":0,"DERROTAS":0,"PONTOS_CAMPEONATO":3,"APROVEITAMENTO_PCT":100.0,"GOLS_MARCADOS":3,"GOLS_SOFRIDOS":0,"SALDO_GOLS":3,"GOLS_POR_PARTIDA":3.0,"ASSISTENCIAS":null,"ASSISTENCIAS_DISPONIVEIS":false,"ASSISTENCIAS_FONTE":"Não consta nos arquivos locais do Meu Timão ou Daniel Keppler.","JOGOS_COM_PLACAR":1,"JOGOS_SEM_PLACAR":0,"PARTIDAS_DANIEL_KEPPLER":0,"PARTIDAS_MEUTIMAO":1,"FONTES_JOGOS":"Meu Timão","DATA_PRIMEIRA_PARTIDA":"2019-05-26","ANO_PRIMEIRA_PARTIDA":2019,"PRIMEIRA_PARTIDA":"CORINTHIANS 3x0 PORTUGUESA","ADVERSARIO":"PORTUGUESA","PLACAR":"3x0","COMPETICAO_PRIMEIRA_PARTIDA":"Paulista Feminino 2019","MANDO_PRIMEIRA_PARTIDA":"Sim","FONTE_PRIMEIRA_PARTIDA":"https://www.meutimao.com.br/jogo/1152/paulista-feminino-2019/corinthians-3-x-0-portuguesa","DATA_ULTIMA_PARTIDA":"2019-05-26","ANO_ULTIMA_PARTIDA":2019,"ULTIMA_PARTIDA":"CORINTHIANS 3x0 PORTUGUESA","ADVERSARIO_ULTIMA_PARTIDA":"PORTUGUESA","PLACAR_ULTIMA_PARTIDA":"3x0","COMPETICAO_ULTIMA_PARTIDA":"Paulista Feminino 2019","MANDO_ULTIMA_PARTIDA":"Sim","FONTE_ULTIMA_PARTIDA":"Meu Timão","NUM_ESTADIOS_NO_PONTO":1,"NUM_ESTADIOS_COM_JOGOS_NO_PONTO":1,"ESTADIOS_AGRUPADOS":"[{\"nome\":\"Ninho do Corvo\",\"nome_atual\":\"Ninho do Corvo\",\"nome_antigo_1\":null,\"nome_antigo_2\":null,\"nomes_alternativos\":[\"Ninho do Corvo\"],\"cidade\":\"Guarulhos\",\"estado\":\"São Paulo\",\"pais\":\"Brazil\",\"capacidade\":\"6235\",\"jogos\":1,\"vitorias\":1,\"empates\":0,\"derrotas\":0,\"gols_marcados\":3,\"gols_sofridos\":0,\"data_primeira_partida\":\"2019-05-26\",\"data_ultima_partida\":\"2019-05-26\"}]","STATUS_GEOMETRIA":"PONTO_CONSOLIDADO","PRECISAO_COORDENADAS":"Município (estádio exato não identificado)","FONTE_COORDENADAS":"OpenStreetMap Nominatim (localidade aproximada)","URL_FONTE_COORDENADAS":"https://www.openstreetmap.org/relation/298165","ATRIBUICAO_COORDENADAS":"© OpenStreetMap contributors, ODbL 1.0","FONTES_NOME_ANTIGO":null,"JOGOS_SEM_GEOMETRIA":0}},{"type":"Feature","geometry":{"type":"Point","coordinates":[-46.51444597999775,-23.493357315760246]},"properties":{"SECAO":"BRABAS","TIPO_REGISTRO":"PONTO","NOME_ESTADIO":"CENTRO DE TREINAMENTO DA PORTUGUESA","NOME_ATUAL":"CENTRO DE TREINAMENTO DA PORTUGUESA","NOME_ANTIGO_1":null,"NOME_ANTIGO_2":null,"ESTADIO":"CENTRO DE TREINAMENTO DA PORTUGUESA","ESTÁDIO":"CENTRO DE TREINAMENTO DA PORTUGUESA","NOME_ANTIGO":null,"NOMES_ALTERNATIVOS":"","CIDADE":"SÃO PAULO ","ESTADO":"SÃO PAULO","PAÍS":"BRASIL","PAIS_ISO3":null,"CAPACIDADE":"1000","LATITUDE":-23.493357315760246,"LONGITUDE":-46.51444597999775,"TOTAL_JOGOS":0,"VITORIAS":0,"VITÓRIAS":0,"EMPATES":0,"DERROTAS":0,"PONTOS_CAMPEONATO":0,"APROVEITAMENTO_PCT":0,"GOLS_MARCADOS":0,"GOLS_SOFRIDOS":0,"SALDO_GOLS":0,"GOLS_POR_PARTIDA":0,"ASSISTENCIAS":null,"ASSISTENCIAS_DISPONIVEIS":false,"ASSISTENCIAS_FONTE":"Não consta nos arquivos locais do Meu Timão ou Daniel Keppler.","JOGOS_COM_PLACAR":0,"JOGOS_SEM_PLACAR":0,"PARTIDAS_DANIEL_KEPPLER":0,"PARTIDAS_MEUTIMAO":0,"FONTES_JOGOS":"","DATA_PRIMEIRA_PARTIDA":null,"ANO_PRIMEIRA_PARTIDA":null,"PRIMEIRA_PARTIDA":null,"ADVERSARIO":null,"PLACAR":null,"COMPETICAO_PRIMEIRA_PARTIDA":null,"MANDO_PRIMEIRA_PARTIDA":null,"FONTE_PRIMEIRA_PARTIDA":null,"DATA_ULTIMA_PARTIDA":null,"ANO_ULTIMA_PARTIDA":null,"ULTIMA_PARTIDA":"","ADVERSARIO_ULTIMA_PARTIDA":null,"PLACAR_ULTIMA_PARTIDA":null,"COMPETICAO_ULTIMA_PARTIDA":null,"MANDO_ULTIMA_PARTIDA":null,"FONTE_ULTIMA_PARTIDA":null,"NUM_ESTADIOS_NO_PONTO":1,"NUM_ESTADIOS_COM_JOGOS_NO_PONTO":0,"ESTADIOS_AGRUPADOS":"[{\"nome\":\"CENTRO DE TREINAMENTO DA PORTUGUESA\",\"nome_atual\":\"CENTRO DE TREINAMENTO DA PORTUGUESA\",\"nome_antigo_1\":null,\"nome_antigo_2\":null,\"nomes_alternativos\":[\"CENTRO DE TREINAMENTO DA PORTUGUESA\"],\"cidade\":\"SÃO PAULO \",\"estado\":\"SÃO PAULO\",\"pais\":\"BRASIL\",\"capacidade\":\"1000\",\"jogos\":0,\"vitorias\":0,\"empates\":0,\"derrotas\":0,\"gols_marcados\":0,\"gols_sofridos\":0,\"data_primeira_partida\":null,\"data_ultima_partida\":null}]","STATUS_GEOMETRIA":"PONTO_CONSOLIDADO","PRECISAO_COORDENADAS":null,"FONTE_COORDENADAS":null,"URL_FONTE_COORDENADAS":null,"ATRIBUICAO_COORDENADAS":null,"FONTES_NOME_ANTIGO":null,"JOGOS_SEM_GEOMETRIA":0}},{"type":"Feature","geometry":{"type":"Point","coordinates":[-46.51148814299263,-23.493701238558412]},"properties":{"SECAO":"BRABAS","TIPO_REGISTRO":"PONTO","NOME_ESTADIO":"CENTRO DE TREINAMENTO DAS CATEGORIAS DE BASE DO CORINTHIANS","NOME_ATUAL":"CENTRO DE TREINAMENTO DAS CATEGORIAS DE BASE DO CORINTHIANS","NOME_ANTIGO_1":null,"NOME_ANTIGO_2":null,"ESTADIO":"CENTRO DE TREINAMENTO DAS CATEGORIAS DE BASE DO CORINTHIANS","ESTÁDIO":"CENTRO DE TREINAMENTO DAS CATEGORIAS DE BASE DO CORINTHIANS","NOME_ANTIGO":null,"NOMES_ALTERNATIVOS":"","CIDADE":"SÃO PAULO ","ESTADO":"SÃO PAULO","PAÍS":"BRASIL","PAIS_ISO3":null,"CAPACIDADE":"CONFERIR","LATITUDE":-23.493701238558412,"LONGITUDE":-46.51148814299263,"TOTAL_JOGOS":0,"VITORIAS":0,"VITÓRIAS":0,"EMPATES":0,"DERROTAS":0,"PONTOS_CAMPEONATO":0,"APROVEITAMENTO_PCT":0,"GOLS_MARCADOS":0,"GOLS_SOFRIDOS":0,"SALDO_GOLS":0,"GOLS_POR_PARTIDA":0,"ASSISTENCIAS":null,"ASSISTENCIAS_DISPONIVEIS":false,"ASSISTENCIAS_FONTE":"Não consta nos arquivos locais do Meu Timão ou Daniel Keppler.","JOGOS_COM_PLACAR":0,"JOGOS_SEM_PLACAR":0,"PARTIDAS_DANIEL_KEPPLER":0,"PARTIDAS_MEUTIMAO":0,"FONTES_JOGOS":"","DATA_PRIMEIRA_PARTIDA":null,"ANO_PRIMEIRA_PARTIDA":null,"PRIMEIRA_PARTIDA":null,"ADVERSARIO":null,"PLACAR":null,"COMPETICAO_PRIMEIRA_PARTIDA":null,"MANDO_PRIMEIRA_PARTIDA":null,"FONTE_PRIMEIRA_PARTIDA":null,"DATA_ULTIMA_PARTIDA":null,"ANO_ULTIMA_PARTIDA":null,"ULTIMA_PARTIDA":"","ADVERSARIO_ULTIMA_PARTIDA":null,"PLACAR_ULTIMA_PARTIDA":null,"COMPETICAO_ULTIMA_PARTIDA":null,"MANDO_ULTIMA_PARTIDA":null,"FONTE_ULTIMA_PARTIDA":null,"NUM_ESTADIOS_NO_PONTO":1,"NUM_ESTADIOS_COM_JOGOS_NO_PONTO":0,"ESTADIOS_AGRUPADOS":"[{\"nome\":\"CENTRO DE TREINAMENTO DAS CATEGORIAS DE BASE DO CORINTHIANS\",\"nome_atual\":\"CENTRO DE TREINAMENTO DAS CATEGORIAS DE BASE DO CORINTHIANS\",\"nome_antigo_1\":null,\"nome_antigo_2\":null,\"nomes_alternativos\":[\"CENTRO DE TREINAMENTO DAS CATEGORIAS DE BASE DO CORINTHIANS\"],\"cidade\":\"SÃO PAULO \",\"estado\":\"SÃO PAULO\",\"pais\":\"BRASIL\",\"capacidade\":\"CONFERIR\",\"jogos\":0,\"vitorias\":0,\"empates\":0,\"derrotas\":0,\"gols_marcados\":0,\"gols_sofridos\":0,\"data_primeira_partida\":null,\"data_ultima_partida\":null}]","STATUS_GEOMETRIA":"PONTO_CONSOLIDADO","PRECISAO_COORDENADAS":null,"FONTE_COORDENADAS":null,"URL_FONTE_COORDENADAS":null,"ATRIBUICAO_COORDENADAS":null,"FONTES_NOME_ANTIGO":null,"JOGOS_SEM_GEOMETRIA":0}},{"type":"Feature","geometry":{"type":"Point","coordinates":[-46.5098586,-23.6698747]},"properties":{"SECAO":"BRABAS","TIPO_REGISTRO":"PONTO","NOME_ESTADIO":"Bruno José Daniel","NOME_ATUAL":"Bruno José Daniel","NOME_ANTIGO_1":null,"NOME_ANTIGO_2":null,"ESTADIO":"Bruno José Daniel","ESTÁDIO":"Bruno José Daniel","NOME_ANTIGO":null,"NOMES_ALTERNATIVOS":"","CIDADE":"SANTO ANDRÉ","ESTADO":"SÃO PAULO","PAÍS":"BRASIL","PAIS_ISO3":null,"CAPACIDADE":"11440","LATITUDE":-23.6698747,"LONGITUDE":-46.5098586,"TOTAL_JOGOS":0,"VITORIAS":0,"VITÓRIAS":0,"EMPATES":0,"DERROTAS":0,"PONTOS_CAMPEONATO":0,"APROVEITAMENTO_PCT":0,"GOLS_MARCADOS":0,"GOLS_SOFRIDOS":0,"SALDO_GOLS":0,"GOLS_POR_PARTIDA":0,"ASSISTENCIAS":null,"ASSISTENCIAS_DISPONIVEIS":false,"ASSISTENCIAS_FONTE":"Não consta nos arquivos locais do Meu Timão ou Daniel Keppler.","JOGOS_COM_PLACAR":0,"JOGOS_SEM_PLACAR":0,"PARTIDAS_DANIEL_KEPPLER":0,"PARTIDAS_MEUTIMAO":0,"FONTES_JOGOS":"","DATA_PRIMEIRA_PARTIDA":null,"ANO_PRIMEIRA_PARTIDA":null,"PRIMEIRA_PARTIDA":null,"ADVERSARIO":null,"PLACAR":null,"COMPETICAO_PRIMEIRA_PARTIDA":null,"MANDO_PRIMEIRA_PARTIDA":null,"FONTE_PRIMEIRA_PARTIDA":null,"DATA_ULTIMA_PARTIDA":null,"ANO_ULTIMA_PARTIDA":null,"ULTIMA_PARTIDA":"","ADVERSARIO_ULTIMA_PARTIDA":null,"PLACAR_ULTIMA_PARTIDA":null,"COMPETICAO_ULTIMA_PARTIDA":null,"MANDO_ULTIMA_PARTIDA":null,"FONTE_ULTIMA_PARTIDA":null,"NUM_ESTADIOS_NO_PONTO":1,"NUM_ESTADIOS_COM_JOGOS_NO_PONTO":0,"ESTADIOS_AGRUPADOS":"[{\"nome\":\"Bruno José Daniel\",\"nome_atual\":\"Bruno José Daniel\",\"nome_antigo_1\":null,\"nome_antigo_2\":null,\"nomes_alternativos\":[\"Bruno José Daniel\"],\"cidade\":\"SANTO ANDRÉ\",\"estado\":\"SÃO PAULO\",\"pais\":\"BRASIL\",\"capacidade\":\"11440\",\"jogos\":0,\"vitorias\":0,\"empates\":0,\"derrotas\":0,\"gols_marcados\":0,\"gols_sofridos\":0,\"data_primeira_partida\":null,\"data_ultima_partida\":null}]","STATUS_GEOMETRIA":"PONTO_CONSOLIDADO","PRECISAO_COORDENADAS":null,"FONTE_COORDENADAS":"OpenStreetMap Nominatim (geocodificação reversa)","URL_FONTE_COORDENADAS":"https://www.openstreetmap.org/relation/298086","ATRIBUICAO_COORDENADAS":"© OpenStreetMap contributors, ODbL 1.0","FONTES_NOME_ANTIGO":null,"JOGOS_SEM_GEOMETRIA":0}},{"type":"Feature","geometry":{"type":"Point","coordinates":[-46.5093186,-23.6695672]},"properties":{"SECAO":"BRABAS","TIPO_REGISTRO":"PONTO","NOME_ESTADIO":"Bruno José","NOME_ATUAL":"Bruno José","NOME_ANTIGO_1":null,"NOME_ANTIGO_2":null,"ESTADIO":"Bruno José","ESTÁDIO":"Bruno José","NOME_ANTIGO":null,"NOMES_ALTERNATIVOS":"","CIDADE":"Santo André","ESTADO":"São Paulo","PAÍS":"Brazil","PAIS_ISO3":null,"CAPACIDADE":"21000","LATITUDE":-23.6695672,"LONGITUDE":-46.5093186,"TOTAL_JOGOS":0,"VITORIAS":0,"VITÓRIAS":0,"EMPATES":0,"DERROTAS":0,"PONTOS_CAMPEONATO":0,"APROVEITAMENTO_PCT":0,"GOLS_MARCADOS":0,"GOLS_SOFRIDOS":0,"SALDO_GOLS":0,"GOLS_POR_PARTIDA":0,"ASSISTENCIAS":null,"ASSISTENCIAS_DISPONIVEIS":false,"ASSISTENCIAS_FONTE":"Não consta nos arquivos locais do Meu Timão ou Daniel Keppler.","JOGOS_COM_PLACAR":0,"JOGOS_SEM_PLACAR":0,"PARTIDAS_DANIEL_KEPPLER":0,"PARTIDAS_MEUTIMAO":0,"FONTES_JOGOS":"","DATA_PRIMEIRA_PARTIDA":null,"ANO_PRIMEIRA_PARTIDA":null,"PRIMEIRA_PARTIDA":null,"ADVERSARIO":null,"PLACAR":null,"COMPETICAO_PRIMEIRA_PARTIDA":null,"MANDO_PRIMEIRA_PARTIDA":null,"FONTE_PRIMEIRA_PARTIDA":null,"DATA_ULTIMA_PARTIDA":null,"ANO_ULTIMA_PARTIDA":null,"ULTIMA_PARTIDA":"","ADVERSARIO_ULTIMA_PARTIDA":null,"PLACAR_ULTIMA_PARTIDA":null,"COMPETICAO_ULTIMA_PARTIDA":null,"MANDO_ULTIMA_PARTIDA":null,"FONTE_ULTIMA_PARTIDA":null,"NUM_ESTADIOS_NO_PONTO":1,"NUM_ESTADIOS_COM_JOGOS_NO_PONTO":0,"ESTADIOS_AGRUPADOS":"[{\"nome\":\"Bruno José\",\"nome_atual\":\"Bruno José\",\"nome_antigo_1\":null,\"nome_antigo_2\":null,\"nomes_alternativos\":[\"Bruno José\"],\"cidade\":\"Santo André\",\"estado\":\"São Paulo\",\"pais\":\"Brazil\",\"capacidade\":\"21000\",\"jogos\":0,\"vitorias\":0,\"empates\":0,\"derrotas\":0,\"gols_marcados\":0,\"gols_sofridos\":0,\"data_primeira_partida\":null,\"data_ultima_partida\":null}]","STATUS_GEOMETRIA":"PONTO_CONSOLIDADO","PRECISAO_COORDENADAS":"Estádio identificado","FONTE_COORDENADAS":"OpenStreetMap Nominatim","URL_FONTE_COORDENADAS":"https://www.openstreetmap.org/way/350999502","ATRIBUICAO_COORDENADAS":"© OpenStreetMap contributors, ODbL 1.0","FONTES_NOME_ANTIGO":null,"JOGOS_SEM_GEOMETRIA":0}},{"type":"Feature","geometry":{"type":"Point","coordinates":[-46.50748810961753,-23.489299036314396]},"properties":{"SECAO":"BRABAS","TIPO_REGISTRO":"PONTO","NOME_ESTADIO":"CENTRO DE TREINAMENTO DOUTOR JOAQUIM GRAVA","NOME_ATUAL":"CENTRO DE TREINAMENTO DOUTOR JOAQUIM GRAVA","NOME_ANTIGO_1":null,"NOME_ANTIGO_2":null,"ESTADIO":"CENTRO DE TREINAMENTO DOUTOR JOAQUIM GRAVA","ESTÁDIO":"CENTRO DE TREINAMENTO DOUTOR JOAQUIM GRAVA","NOME_ANTIGO":null,"NOMES_ALTERNATIVOS":"","CIDADE":"SÃO PAULO ","ESTADO":"SÃO PAULO","PAÍS":"BRASIL","PAIS_ISO3":null,"CAPACIDADE":"0.0","LATITUDE":-23.489299036314396,"LONGITUDE":-46.50748810961753,"TOTAL_JOGOS":16,"VITORIAS":8,"VITÓRIAS":8,"EMPATES":3,"DERROTAS":4,"PONTOS_CAMPEONATO":27,"APROVEITAMENTO_PCT":60.0,"GOLS_MARCADOS":36,"GOLS_SOFRIDOS":19,"SALDO_GOLS":17,"GOLS_POR_PARTIDA":2.25,"ASSISTENCIAS":null,"ASSISTENCIAS_DISPONIVEIS":false,"ASSISTENCIAS_FONTE":"Não consta nos arquivos locais do Meu Timão ou Daniel Keppler.","JOGOS_COM_PLACAR":15,"JOGOS_SEM_PLACAR":1,"PARTIDAS_DANIEL_KEPPLER":16,"PARTIDAS_MEUTIMAO":0,"FONTES_JOGOS":"Daniel Keppler","DATA_PRIMEIRA_PARTIDA":"2008-08-30","ANO_PRIMEIRA_PARTIDA":2008,"PRIMEIRA_PARTIDA":"CORINTHIANS 3x1 SÃO JOSÉ","ADVERSARIO":"SÃO JOSÉ","PLACAR":"3x1","COMPETICAO_PRIMEIRA_PARTIDA":"CAMPEONATO PAULISTA / FPF","MANDO_PRIMEIRA_PARTIDA":"Sim","FONTE_PRIMEIRA_PARTIDA":null,"DATA_ULTIMA_PARTIDA":"2009-09-19","ANO_ULTIMA_PARTIDA":2009,"ULTIMA_PARTIDA":"CORINTHIANS 2x2 SANTOS","ADVERSARIO_ULTIMA_PARTIDA":"SANTOS","PLACAR_ULTIMA_PARTIDA":"2x2","COMPETICAO_ULTIMA_PARTIDA":"CAMPEONATO PAULISTA / FPF","MANDO_ULTIMA_PARTIDA":"Sim","FONTE_ULTIMA_PARTIDA":"Daniel Keppler","NUM_ESTADIOS_NO_PONTO":1,"NUM_ESTADIOS_COM_JOGOS_NO_PONTO":1,"ESTADIOS_AGRUPADOS":"[{\"nome\":\"CENTRO DE TREINAMENTO DOUTOR JOAQUIM GRAVA\",\"nome_atual\":\"CENTRO DE TREINAMENTO DOUTOR JOAQUIM GRAVA\",\"nome_antigo_1\":null,\"nome_antigo_2\":null,\"nomes_alternativos\":[\"CENTRO DE TREINAMENTO DOUTOR JOAQUIM GRAVA\"],\"cidade\":\"SÃO PAULO \",\"estado\":\"SÃO PAULO\",\"pais\":\"BRASIL\",\"capacidade\":\"0.0\",\"jogos\":16,\"vitorias\":8,\"empates\":3,\"derrotas\":4,\"gols_marcados\":36,\"gols_sofridos\":19,\"data_primeira_partida\":\"2008-08-30\",\"data_ultima_partida\":\"2009-09-19\"}]","STATUS_GEOMETRIA":"PONTO_CONSOLIDADO","PRECISAO_COORDENADAS":null,"FONTE_COORDENADAS":null,"URL_FONTE_COORDENADAS":null,"ATRIBUICAO_COORDENADAS":null,"FONTES_NOME_ANTIGO":null,"JOGOS_SEM_GEOMETRIA":0}},{"type":"Feature","geometry":{"type":"Point","coordinates":[-46.4742676,-23.5453221]},"properties":{"SECAO":"BRABAS","TIPO_REGISTRO":"PONTO","NOME_ESTADIO":"Neo Química Arena","NOME_ATUAL":"Neo Química Arena","NOME_ANTIGO_1":"Arena Corinthians","NOME_ANTIGO_2":"Arena Itaquera","ESTADIO":"Neo Química Arena","ESTÁDIO":"Neo Química Arena","NOME_ANTIGO":"Arena Corinthians","NOMES_ALTERNATIVOS":"Arena Corinthians | Arena Itaquera | Arena de São Paulo | Itaquerão","CIDADE":"SÃO PAULO ","ESTADO":"SÃO PAULO","PAÍS":"BRASIL","PAIS_ISO3":null,"CAPACIDADE":"48905","LATITUDE":-23.5453221,"LONGITUDE":-46.4742676,"TOTAL_JOGOS":33,"VITORIAS":29,"VITÓRIAS":29,"EMPATES":3,"DERROTAS":1,"PONTOS_CAMPEONATO":90,"APROVEITAMENTO_PCT":90.9,"GOLS_MARCADOS":82,"GOLS_SOFRIDOS":20,"SALDO_GOLS":62,"GOLS_POR_PARTIDA":2.48,"ASSISTENCIAS":null,"ASSISTENCIAS_DISPONIVEIS":false,"ASSISTENCIAS_FONTE":"Não consta nos arquivos locais do Meu Timão ou Daniel Keppler.","JOGOS_COM_PLACAR":33,"JOGOS_SEM_PLACAR":0,"PARTIDAS_DANIEL_KEPPLER":0,"PARTIDAS_MEUTIMAO":33,"FONTES_JOGOS":"Meu Timão","DATA_PRIMEIRA_PARTIDA":"2018-04-25","ANO_PRIMEIRA_PARTIDA":2018,"PRIMEIRA_PARTIDA":"CORINTHIANS 4x1 SÃO FRANCISCO","ADVERSARIO":"SÃO FRANCISCO","PLACAR":"4x1","COMPETICAO_PRIMEIRA_PARTIDA":"Brasileiro Feminino 2018","MANDO_PRIMEIRA_PARTIDA":"Sim","FONTE_PRIMEIRA_PARTIDA":"https://www.meutimao.com.br/jogo/906/brasileiro-feminino-2018/corinthians-4-x-1-sao_francisco","DATA_ULTIMA_PARTIDA":"2026-09-26","ANO_ULTIMA_PARTIDA":2026,"ULTIMA_PARTIDA":"CORINTHIANS 1x2 SÃO PAULO","ADVERSARIO_ULTIMA_PARTIDA":"SÃO PAULO","PLACAR_ULTIMA_PARTIDA":"1x2","COMPETICAO_ULTIMA_PARTIDA":"Brasileiro Feminino 2026","MANDO_ULTIMA_PARTIDA":"Sim","FONTE_ULTIMA_PARTIDA":"Meu Timão","NUM_ESTADIOS_NO_PONTO":1,"NUM_ESTADIOS_COM_JOGOS_NO_PONTO":1,"ESTADIOS_AGRUPADOS":"[{\"nome\":\"Neo Química Arena\",\"nome_atual\":\"Neo Química Arena\",\"nome_antigo_1\":\"Arena Corinthians\",\"nome_antigo_2\":\"Arena Itaquera\",\"nomes_alternativos\":[\"Arena Corinthians\",\"Arena Itaquera\",\"Arena de São Paulo\",\"Itaquerão\",\"Neo Química Arena\"],\"cidade\":\"SÃO PAULO \",\"estado\":\"SÃO PAULO\",\"pais\":\"BRASIL\",\"capacidade\":\"48905\",\"jogos\":33,\"vitorias\":29,\"empates\":3,\"derrotas\":1,\"gols_marcados\":82,\"gols_sofridos\":20,\"data_primeira_partida\":\"2018-04-25\",\"data_ultima_partida\":\"2026-09-26\"}]","STATUS_GEOMETRIA":"PONTO_CONSOLIDADO","PRECISAO_COORDENADAS":null,"FONTE_COORDENADAS":"OpenStreetMap Nominatim (geocodificação reversa)","URL_FONTE_COORDENADAS":"https://www.openstreetmap.org/relation/298285","ATRIBUICAO_COORDENADAS":"© OpenStreetMap contributors, ODbL 1.0","FONTES_NOME_ANTIGO":"https://pt.wikipedia.org/wiki/Neo_Qu%C3%ADmica_Arena | https://ge.globo.com/futebol/times/corinthians/noticia/corinthians-vende-naming-rights-arena-hypera-pharma-neo-quimica-oficial-anuncio.ghtml","JOGOS_SEM_GEOMETRIA":0}},{"type":"Feature","geometry":{"type":"Point","coordinates":[-46.33861992415676,-23.94239697853142]},"properties":{"SECAO":"BRABAS","TIPO_REGISTRO":"PONTO","NOME_ESTADIO":"CENTRO DE TREINAMENTO REI PELÉ","NOME_ATUAL":"CENTRO DE TREINAMENTO REI PELÉ","NOME_ANTIGO_1":null,"NOME_ANTIGO_2":null,"ESTADIO":"CENTRO DE TREINAMENTO REI PELÉ","ESTÁDIO":"CENTRO DE TREINAMENTO REI PELÉ","NOME_ANTIGO":null,"NOMES_ALTERNATIVOS":"","CIDADE":"SANTOS ","ESTADO":"SÃO PAULO","PAÍS":"BRASIL","PAIS_ISO3":null,"CAPACIDADE":"0.0","LATITUDE":-23.94239697853142,"LONGITUDE":-46.33861992415676,"TOTAL_JOGOS":0,"VITORIAS":0,"VITÓRIAS":0,"EMPATES":0,"DERROTAS":0,"PONTOS_CAMPEONATO":0,"APROVEITAMENTO_PCT":0,"GOLS_MARCADOS":0,"GOLS_SOFRIDOS":0,"SALDO_GOLS":0,"GOLS_POR_PARTIDA":0,"ASSISTENCIAS":null,"ASSISTENCIAS_DISPONIVEIS":false,"ASSISTENCIAS_FONTE":"Não consta nos arquivos locais do Meu Timão ou Daniel Keppler.","JOGOS_COM_PLACAR":0,"JOGOS_SEM_PLACAR":0,"PARTIDAS_DANIEL_KEPPLER":0,"PARTIDAS_MEUTIMAO":0,"FONTES_JOGOS":"","DATA_PRIMEIRA_PARTIDA":null,"ANO_PRIMEIRA_PARTIDA":null,"PRIMEIRA_PARTIDA":null,"ADVERSARIO":null,"PLACAR":null,"COMPETICAO_PRIMEIRA_PARTIDA":null,"MANDO_PRIMEIRA_PARTIDA":null,"FONTE_PRIMEIRA_PARTIDA":null,"DATA_ULTIMA_PARTIDA":null,"ANO_ULTIMA_PARTIDA":null,"ULTIMA_PARTIDA":"","ADVERSARIO_ULTIMA_PARTIDA":null,"PLACAR_ULTIMA_PARTIDA":null,"COMPETICAO_ULTIMA_PARTIDA":null,"MANDO_ULTIMA_PARTIDA":null,"FONTE_ULTIMA_PARTIDA":null,"NUM_ESTADIOS_NO_PONTO":1,"NUM_ESTADIOS_COM_JOGOS_NO_PONTO":0,"ESTADIOS_AGRUPADOS":"[{\"nome\":\"CENTRO DE TREINAMENTO REI PELÉ\",\"nome_atual\":\"CENTRO DE TREINAMENTO REI PELÉ\",\"nome_antigo_1\":null,\"nome_antigo_2\":null,\"nomes_alternativos\":[\"CENTRO DE TREINAMENTO REI PELÉ\"],\"cidade\":\"SANTOS \",\"estado\":\"SÃO PAULO\",\"pais\":\"BRASIL\",\"capacidade\":\"0.0\",\"jogos\":0,\"vitorias\":0,\"empates\":0,\"derrotas\":0,\"gols_marcados\":0,\"gols_sofridos\":0,\"data_primeira_partida\":null,\"data_ultima_partida\":null}]","STATUS_GEOMETRIA":"PONTO_CONSOLIDADO","PRECISAO_COORDENADAS":null,"FONTE_COORDENADAS":null,"URL_FONTE_COORDENADAS":null,"ATRIBUICAO_COORDENADAS":null,"FONTES_NOME_ANTIGO":null,"JOGOS_SEM_GEOMETRIA":0}},{"type":"Feature","geometry":{"type":"Point","coordinates":[-46.3166316,-23.9609448]},"properties":{"SECAO":"BRABAS","TIPO_REGISTRO":"PONTO","NOME_ESTADIO":"Vila Belmiro","NOME_ATUAL":"Vila Belmiro","NOME_ANTIGO_1":null,"NOME_ANTIGO_2":null,"ESTADIO":"Vila Belmiro","ESTÁDIO":"Vila Belmiro","NOME_ANTIGO":null,"NOMES_ALTERNATIVOS":"CT Rei Pelé","CIDADE":"SANTOS","ESTADO":"SÃO PAULO","PAÍS":"BRASIL","PAIS_ISO3":null,"CAPACIDADE":"20360","LATITUDE":-23.9609448,"LONGITUDE":-46.3166316,"TOTAL_JOGOS":19,"VITORIAS":7,"VITÓRIAS":7,"EMPATES":4,"DERROTAS":8,"PONTOS_CAMPEONATO":25,"APROVEITAMENTO_PCT":43.9,"GOLS_MARCADOS":30,"GOLS_SOFRIDOS":30,"SALDO_GOLS":0,"GOLS_POR_PARTIDA":1.58,"ASSISTENCIAS":null,"ASSISTENCIAS_DISPONIVEIS":false,"ASSISTENCIAS_FONTE":"Não consta nos arquivos locais do Meu Timão ou Daniel Keppler.","JOGOS_COM_PLACAR":19,"JOGOS_SEM_PLACAR":0,"PARTIDAS_DANIEL_KEPPLER":6,"PARTIDAS_MEUTIMAO":13,"FONTES_JOGOS":"Daniel Keppler | Meu Timão","DATA_PRIMEIRA_PARTIDA":"1998-05-24","ANO_PRIMEIRA_PARTIDA":1998,"PRIMEIRA_PARTIDA":"SANTOS 0x1 CORINTHIANS","ADVERSARIO":"SANTOS","PLACAR":"0x1","COMPETICAO_PRIMEIRA_PARTIDA":"CAMPEONATO PAULISTA / FPF","MANDO_PRIMEIRA_PARTIDA":"Não","FONTE_PRIMEIRA_PARTIDA":null,"DATA_ULTIMA_PARTIDA":"2024-04-12","ANO_ULTIMA_PARTIDA":2024,"ULTIMA_PARTIDA":"SANTOS 1x3 CORINTHIANS","ADVERSARIO_ULTIMA_PARTIDA":"SANTOS","PLACAR_ULTIMA_PARTIDA":"1x3","COMPETICAO_ULTIMA_PARTIDA":"Brasileiro Feminino 2024","MANDO_ULTIMA_PARTIDA":"Não","FONTE_ULTIMA_PARTIDA":"Meu Timão","NUM_ESTADIOS_NO_PONTO":2,"NUM_ESTADIOS_COM_JOGOS_NO_PONTO":2,"ESTADIOS_AGRUPADOS":"[{\"nome\":\"CT Rei Pelé\",\"nome_atual\":\"CT Rei Pelé\",\"nome_antigo_1\":null,\"nome_antigo_2\":null,\"nomes_alternativos\":[\"CT Rei Pelé\"],\"cidade\":\"Santos\",\"estado\":\"São Paulo\",\"pais\":\"Brasil\",\"capacidade\":null,\"jogos\":2,\"vitorias\":0,\"empates\":2,\"derrotas\":0,\"gols_marcados\":3,\"gols_sofridos\":3,\"data_primeira_partida\":\"2016-09-12\",\"data_ultima_partida\":\"2017-04-22\"},{\"nome\":\"Vila Belmiro\",\"nome_atual\":\"Vila Belmiro\",\"nome_antigo_1\":null,\"nome_antigo_2\":null,\"nomes_alternativos\":[\"Vila Belmiro\"],\"cidade\":\"SANTOS\",\"estado\":\"SÃO PAULO\",\"pais\":\"BRASIL\",\"capacidade\":\"20360\",\"jogos\":17,\"vitorias\":7,\"empates\":2,\"derrotas\":8,\"gols_marcados\":27,\"gols_sofridos\":27,\"data_primeira_partida\":\"1998-05-24\",\"data_ultima_partida\":\"2024-04-12\"}]","STATUS_GEOMETRIA":"PONTO_CONSOLIDADO","PRECISAO_COORDENADAS":"Município (estádio exato não identificado)","FONTE_COORDENADAS":"OpenStreetMap Nominatim (localidade aproximada)","URL_FONTE_COORDENADAS":"https://www.openstreetmap.org/relation/298442","ATRIBUICAO_COORDENADAS":"© OpenStreetMap contributors, ODbL 1.0","FONTES_NOME_ANTIGO":null,"JOGOS_SEM_GEOMETRIA":0}},{"type":"Feature","geometry":{"type":"Point","coordinates":[-46.2060118,-23.5187203]},"properties":{"SECAO":"BRABAS","TIPO_REGISTRO":"PONTO","NOME_ESTADIO":"Nogueirão","NOME_ATUAL":"Nogueirão","NOME_ANTIGO_1":null,"NOME_ANTIGO_2":null,"ESTADIO":"Nogueirão","ESTÁDIO":"Nogueirão","NOME_ANTIGO":null,"NOMES_ALTERNATIVOS":"","CIDADE":"Mogi das Cruzes","ESTADO":"São Paulo","PAÍS":"Brazil","PAIS_ISO3":null,"CAPACIDADE":"14384","LATITUDE":-23.5187203,"LONGITUDE":-46.2060118,"TOTAL_JOGOS":0,"VITORIAS":0,"VITÓRIAS":0,"EMPATES":0,"DERROTAS":0,"PONTOS_CAMPEONATO":0,"APROVEITAMENTO_PCT":0,"GOLS_MARCADOS":0,"GOLS_SOFRIDOS":0,"SALDO_GOLS":0,"GOLS_POR_PARTIDA":0,"ASSISTENCIAS":null,"ASSISTENCIAS_DISPONIVEIS":false,"ASSISTENCIAS_FONTE":"Não consta nos arquivos locais do Meu Timão ou Daniel Keppler.","JOGOS_COM_PLACAR":0,"JOGOS_SEM_PLACAR":0,"PARTIDAS_DANIEL_KEPPLER":0,"PARTIDAS_MEUTIMAO":0,"FONTES_JOGOS":"","DATA_PRIMEIRA_PARTIDA":null,"ANO_PRIMEIRA_PARTIDA":null,"PRIMEIRA_PARTIDA":null,"ADVERSARIO":null,"PLACAR":null,"COMPETICAO_PRIMEIRA_PARTIDA":null,"MANDO_PRIMEIRA_PARTIDA":null,"FONTE_PRIMEIRA_PARTIDA":null,"DATA_ULTIMA_PARTIDA":null,"ANO_ULTIMA_PARTIDA":null,"ULTIMA_PARTIDA":"","ADVERSARIO_ULTIMA_PARTIDA":null,"PLACAR_ULTIMA_PARTIDA":null,"COMPETICAO_ULTIMA_PARTIDA":null,"MANDO_ULTIMA_PARTIDA":null,"FONTE_ULTIMA_PARTIDA":null,"NUM_ESTADIOS_NO_PONTO":1,"NUM_ESTADIOS_COM_JOGOS_NO_PONTO":0,"ESTADIOS_AGRUPADOS":"[{\"nome\":\"Nogueirão\",\"nome_atual\":\"Nogueirão\",\"nome_antigo_1\":null,\"nome_antigo_2\":null,\"nomes_alternativos\":[\"Nogueirão\"],\"cidade\":\"Mogi das Cruzes\",\"estado\":\"São Paulo\",\"pais\":\"Brazil\",\"capacidade\":\"14384\",\"jogos\":0,\"vitorias\":0,\"empates\":0,\"derrotas\":0,\"gols_marcados\":0,\"gols_sofridos\":0,\"data_primeira_partida\":null,\"data_ultima_partida\":null}]","STATUS_GEOMETRIA":"PONTO_CONSOLIDADO","PRECISAO_COORDENADAS":null,"FONTE_COORDENADAS":"OpenStreetMap Nominatim (geocodificação reversa)","URL_FONTE_COORDENADAS":"https://www.openstreetmap.org/relation/298415","ATRIBUICAO_COORDENADAS":"© OpenStreetMap contributors, ODbL 1.0","FONTES_NOME_ANTIGO":null,"JOGOS_SEM_GEOMETRIA":0}},{"type":"Feature","geometry":{"type":"Point","coordinates":[-46.20563853125041,-23.517361700125463]},"properties":{"SECAO":"BRABAS","TIPO_REGISTRO":"PONTO","NOME_ESTADIO":"FRANCISCO RIBEIRO NOGUEIRA (NOGUEIRÃO)","NOME_ATUAL":"FRANCISCO RIBEIRO NOGUEIRA (NOGUEIRÃO)","NOME_ANTIGO_1":null,"NOME_ANTIGO_2":null,"ESTADIO":"FRANCISCO RIBEIRO NOGUEIRA (NOGUEIRÃO)","ESTÁDIO":"FRANCISCO RIBEIRO NOGUEIRA (NOGUEIRÃO)","NOME_ANTIGO":null,"NOMES_ALTERNATIVOS":"","CIDADE":"MOGI DAS CRUZES ","ESTADO":"SÃO PAULO","PAÍS":"BRASIL","PAIS_ISO3":null,"CAPACIDADE":"14384","LATITUDE":-23.517361700125463,"LONGITUDE":-46.20563853125041,"TOTAL_JOGOS":0,"VITORIAS":0,"VITÓRIAS":0,"EMPATES":0,"DERROTAS":0,"PONTOS_CAMPEONATO":0,"APROVEITAMENTO_PCT":0,"GOLS_MARCADOS":0,"GOLS_SOFRIDOS":0,"SALDO_GOLS":0,"GOLS_POR_PARTIDA":0,"ASSISTENCIAS":null,"ASSISTENCIAS_DISPONIVEIS":false,"ASSISTENCIAS_FONTE":"Não consta nos arquivos locais do Meu Timão ou Daniel Keppler.","JOGOS_COM_PLACAR":0,"JOGOS_SEM_PLACAR":0,"PARTIDAS_DANIEL_KEPPLER":0,"PARTIDAS_MEUTIMAO":0,"FONTES_JOGOS":"","DATA_PRIMEIRA_PARTIDA":null,"ANO_PRIMEIRA_PARTIDA":null,"PRIMEIRA_PARTIDA":null,"ADVERSARIO":null,"PLACAR":null,"COMPETICAO_PRIMEIRA_PARTIDA":null,"MANDO_PRIMEIRA_PARTIDA":null,"FONTE_PRIMEIRA_PARTIDA":null,"DATA_ULTIMA_PARTIDA":null,"ANO_ULTIMA_PARTIDA":null,"ULTIMA_PARTIDA":"","ADVERSARIO_ULTIMA_PARTIDA":null,"PLACAR_ULTIMA_PARTIDA":null,"COMPETICAO_ULTIMA_PARTIDA":null,"MANDO_ULTIMA_PARTIDA":null,"FONTE_ULTIMA_PARTIDA":null,"NUM_ESTADIOS_NO_PONTO":1,"NUM_ESTADIOS_COM_JOGOS_NO_PONTO":0,"ESTADIOS_AGRUPADOS":"[{\"nome\":\"FRANCISCO RIBEIRO NOGUEIRA (NOGUEIRÃO)\",\"nome_atual\":\"FRANCISCO RIBEIRO NOGUEIRA (NOGUEIRÃO)\",\"nome_antigo_1\":null,\"nome_antigo_2\":null,\"nomes_alternativos\":[\"FRANCISCO RIBEIRO NOGUEIRA (NOGUEIRÃO)\"],\"cidade\":\"MOGI DAS CRUZES \",\"estado\":\"SÃO PAULO\",\"pais\":\"BRASIL\",\"capacidade\":\"14384\",\"jogos\":0,\"vitorias\":0,\"empates\":0,\"derrotas\":0,\"gols_marcados\":0,\"gols_sofridos\":0,\"data_primeira_partida\":null,\"data_ultima_partida\":null}]","STATUS_GEOMETRIA":"PONTO_CONSOLIDADO","PRECISAO_COORDENADAS":null,"FONTE_COORDENADAS":null,"URL_FONTE_COORDENADAS":null,"ATRIBUICAO_COORDENADAS":null,"FONTES_NOME_ANTIGO":null,"JOGOS_SEM_GEOMETRIA":0}},{"type":"Feature","geometry":{"type":"Point","coordinates":[-46.02247563397829,-23.414227998270004]},"properties":{"SECAO":"BRABAS","TIPO_REGISTRO":"PONTO","NOME_ESTADIO":"CENTRO DE TREINAMENTO DARTANHÃ","NOME_ATUAL":"CENTRO DE TREINAMENTO DARTANHÃ","NOME_ANTIGO_1":null,"NOME_ANTIGO_2":null,"ESTADIO":"CENTRO DE TREINAMENTO DARTANHÃ","ESTÁDIO":"CENTRO DE TREINAMENTO DARTANHÃ","NOME_ANTIGO":null,"NOMES_ALTERNATIVOS":"","CIDADE":"GUARAREMA","ESTADO":"SÃO PAULO","PAÍS":"BRASIL","PAIS_ISO3":null,"CAPACIDADE":"DESCONHECIDA","LATITUDE":-23.414227998270004,"LONGITUDE":-46.02247563397829,"TOTAL_JOGOS":0,"VITORIAS":0,"VITÓRIAS":0,"EMPATES":0,"DERROTAS":0,"PONTOS_CAMPEONATO":0,"APROVEITAMENTO_PCT":0,"GOLS_MARCADOS":0,"GOLS_SOFRIDOS":0,"SALDO_GOLS":0,"GOLS_POR_PARTIDA":0,"ASSISTENCIAS":null,"ASSISTENCIAS_DISPONIVEIS":false,"ASSISTENCIAS_FONTE":"Não consta nos arquivos locais do Meu Timão ou Daniel Keppler.","JOGOS_COM_PLACAR":0,"JOGOS_SEM_PLACAR":0,"PARTIDAS_DANIEL_KEPPLER":0,"PARTIDAS_MEUTIMAO":0,"FONTES_JOGOS":"","DATA_PRIMEIRA_PARTIDA":null,"ANO_PRIMEIRA_PARTIDA":null,"PRIMEIRA_PARTIDA":null,"ADVERSARIO":null,"PLACAR":null,"COMPETICAO_PRIMEIRA_PARTIDA":null,"MANDO_PRIMEIRA_PARTIDA":null,"FONTE_PRIMEIRA_PARTIDA":null,"DATA_ULTIMA_PARTIDA":null,"ANO_ULTIMA_PARTIDA":null,"ULTIMA_PARTIDA":"","ADVERSARIO_ULTIMA_PARTIDA":null,"PLACAR_ULTIMA_PARTIDA":null,"COMPETICAO_ULTIMA_PARTIDA":null,"MANDO_ULTIMA_PARTIDA":null,"FONTE_ULTIMA_PARTIDA":null,"NUM_ESTADIOS_NO_PONTO":1,"NUM_ESTADIOS_COM_JOGOS_NO_PONTO":0,"ESTADIOS_AGRUPADOS":"[{\"nome\":\"CENTRO DE TREINAMENTO DARTANHÃ\",\"nome_atual\":\"CENTRO DE TREINAMENTO DARTANHÃ\",\"nome_antigo_1\":null,\"nome_antigo_2\":null,\"nomes_alternativos\":[\"CENTRO DE TREINAMENTO DARTANHÃ\"],\"cidade\":\"GUARAREMA\",\"estado\":\"SÃO PAULO\",\"pais\":\"BRASIL\",\"capacidade\":\"DESCONHECIDA\",\"jogos\":0,\"vitorias\":0,\"empates\":0,\"derrotas\":0,\"gols_marcados\":0,\"gols_sofridos\":0,\"data_primeira_partida\":null,\"data_ultima_partida\":null}]","STATUS_GEOMETRIA":"PONTO_CONSOLIDADO","PRECISAO_COORDENADAS":null,"FONTE_COORDENADAS":null,"URL_FONTE_COORDENADAS":null,"ATRIBUICAO_COORDENADAS":null,"FONTES_NOME_ANTIGO":null,"JOGOS_SEM_GEOMETRIA":0}},{"type":"Feature","geometry":{"type":"Point","coordinates":[-45.8703306,-23.1885167]},"properties":{"SECAO":"BRABAS","TIPO_REGISTRO":"PONTO","NOME_ESTADIO":"MARTINS PEREIRA","NOME_ATUAL":"MARTINS PEREIRA","NOME_ANTIGO_1":null,"NOME_ANTIGO_2":null,"ESTADIO":"MARTINS PEREIRA","ESTÁDIO":"MARTINS PEREIRA","NOME_ANTIGO":null,"NOMES_ALTERNATIVOS":"","CIDADE":"SÃO JOSÉ DOS CAMPOS ","ESTADO":"SÃO PAULO","PAÍS":"BRASIL","PAIS_ISO3":null,"CAPACIDADE":"16500","LATITUDE":-23.1885167,"LONGITUDE":-45.8703306,"TOTAL_JOGOS":3,"VITORIAS":2,"VITÓRIAS":2,"EMPATES":1,"DERROTAS":0,"PONTOS_CAMPEONATO":7,"APROVEITAMENTO_PCT":77.8,"GOLS_MARCADOS":6,"GOLS_SOFRIDOS":3,"SALDO_GOLS":3,"GOLS_POR_PARTIDA":2.0,"ASSISTENCIAS":null,"ASSISTENCIAS_DISPONIVEIS":false,"ASSISTENCIAS_FONTE":"Não consta nos arquivos locais do Meu Timão ou Daniel Keppler.","JOGOS_COM_PLACAR":3,"JOGOS_SEM_PLACAR":0,"PARTIDAS_DANIEL_KEPPLER":3,"PARTIDAS_MEUTIMAO":0,"FONTES_JOGOS":"Daniel Keppler","DATA_PRIMEIRA_PARTIDA":"2008-05-31","ANO_PRIMEIRA_PARTIDA":2008,"PRIMEIRA_PARTIDA":"SÃO JOSÉ 0x2 CORINTHIANS","ADVERSARIO":"SÃO JOSÉ","PLACAR":"0x2","COMPETICAO_PRIMEIRA_PARTIDA":"CAMPEONATO PAULISTA / FPF","MANDO_PRIMEIRA_PARTIDA":"Não","FONTE_PRIMEIRA_PARTIDA":null,"DATA_ULTIMA_PARTIDA":"2009-08-09","ANO_ULTIMA_PARTIDA":2009,"ULTIMA_PARTIDA":"SÃO JOSÉ 1x2 CORINTHIANS","ADVERSARIO_ULTIMA_PARTIDA":"SÃO JOSÉ","PLACAR_ULTIMA_PARTIDA":"1x2","COMPETICAO_ULTIMA_PARTIDA":"CAMPEONATO PAULISTA / FPF","MANDO_ULTIMA_PARTIDA":"Não","FONTE_ULTIMA_PARTIDA":"Daniel Keppler","NUM_ESTADIOS_NO_PONTO":1,"NUM_ESTADIOS_COM_JOGOS_NO_PONTO":1,"ESTADIOS_AGRUPADOS":"[{\"nome\":\"MARTINS PEREIRA\",\"nome_atual\":\"MARTINS PEREIRA\",\"nome_antigo_1\":null,\"nome_antigo_2\":null,\"nomes_alternativos\":[\"MARTINS PEREIRA\"],\"cidade\":\"SÃO JOSÉ DOS CAMPOS \",\"estado\":\"SÃO PAULO\",\"pais\":\"BRASIL\",\"capacidade\":\"16500\",\"jogos\":3,\"vitorias\":2,\"empates\":1,\"derrotas\":0,\"gols_marcados\":6,\"gols_sofridos\":3,\"data_primeira_partida\":\"2008-05-31\",\"data_ultima_partida\":\"2009-08-09\"}]","STATUS_GEOMETRIA":"PONTO_CONSOLIDADO","PRECISAO_COORDENADAS":"Estádio identificado","FONTE_COORDENADAS":"Wikipedia","URL_FONTE_COORDENADAS":"https://pt.wikipedia.org/wiki/Est%C3%A1dio_Municipal_Martins_Pereira","ATRIBUICAO_COORDENADAS":"Wikimedia / Wikipedia","FONTES_NOME_ANTIGO":null,"JOGOS_SEM_GEOMETRIA":0}},{"type":"Feature","geometry":{"type":"Point","coordinates":[-45.869827477202776,-23.1884912615151]},"properties":{"SECAO":"BRABAS","TIPO_REGISTRO":"PONTO","NOME_ESTADIO":"Estádio Martins Pereira","NOME_ATUAL":"Estádio Martins Pereira","NOME_ANTIGO_1":null,"NOME_ANTIGO_2":null,"ESTADIO":"Estádio Martins Pereira","ESTÁDIO":"Estádio Martins Pereira","NOME_ANTIGO":null,"NOMES_ALTERNATIVOS":"","CIDADE":"São José dos Campos","ESTADO":"São Paulo","PAÍS":"Brasil","PAIS_ISO3":null,"CAPACIDADE":null,"LATITUDE":-23.1884912615151,"LONGITUDE":-45.869827477202776,"TOTAL_JOGOS":13,"VITORIAS":10,"VITÓRIAS":10,"EMPATES":3,"DERROTAS":0,"PONTOS_CAMPEONATO":33,"APROVEITAMENTO_PCT":84.6,"GOLS_MARCADOS":48,"GOLS_SOFRIDOS":11,"SALDO_GOLS":37,"GOLS_POR_PARTIDA":3.69,"ASSISTENCIAS":null,"ASSISTENCIAS_DISPONIVEIS":false,"ASSISTENCIAS_FONTE":"Não consta nos arquivos locais do Meu Timão ou Daniel Keppler.","JOGOS_COM_PLACAR":13,"JOGOS_SEM_PLACAR":0,"PARTIDAS_DANIEL_KEPPLER":0,"PARTIDAS_MEUTIMAO":13,"FONTES_JOGOS":"Meu Timão","DATA_PRIMEIRA_PARTIDA":"2016-04-20","ANO_PRIMEIRA_PARTIDA":2016,"PRIMEIRA_PARTIDA":"SÃO JOSÉ 1x1 CORINTHIANS","ADVERSARIO":"SÃO JOSÉ","PLACAR":"1x1","COMPETICAO_PRIMEIRA_PARTIDA":"Brasileirão 2016","MANDO_PRIMEIRA_PARTIDA":"Não","FONTE_PRIMEIRA_PARTIDA":"https://www.meutimao.com.br/jogo/4708/brasileirao-2016/sao_jose-1-x-1-corinthians","DATA_ULTIMA_PARTIDA":"2022-04-25","ANO_ULTIMA_PARTIDA":2022,"ULTIMA_PARTIDA":"SÃO JOSÉ 0x5 CORINTHIANS","ADVERSARIO_ULTIMA_PARTIDA":"SÃO JOSÉ","PLACAR_ULTIMA_PARTIDA":"0x5","COMPETICAO_ULTIMA_PARTIDA":"Brasileiro Feminino 2022","MANDO_ULTIMA_PARTIDA":"Não","FONTE_ULTIMA_PARTIDA":"Meu Timão","NUM_ESTADIOS_NO_PONTO":1,"NUM_ESTADIOS_COM_JOGOS_NO_PONTO":1,"ESTADIOS_AGRUPADOS":"[{\"nome\":\"Estádio Martins Pereira\",\"nome_atual\":\"Estádio Martins Pereira\",\"nome_antigo_1\":null,\"nome_antigo_2\":null,\"nomes_alternativos\":[\"Estádio Martins Pereira\"],\"cidade\":\"São José dos Campos\",\"estado\":\"São Paulo\",\"pais\":\"Brasil\",\"capacidade\":null,\"jogos\":13,\"vitorias\":10,\"empates\":3,\"derrotas\":0,\"gols_marcados\":48,\"gols_sofridos\":11,\"data_primeira_partida\":\"2016-04-20\",\"data_ultima_partida\":\"2022-04-25\"}]","STATUS_GEOMETRIA":"PONTO_CONSOLIDADO","PRECISAO_COORDENADAS":null,"FONTE_COORDENADAS":"OpenStreetMap Nominatim (geocodificação reversa)","URL_FONTE_COORDENADAS":"https://www.openstreetmap.org/relation/298019","ATRIBUICAO_COORDENADAS":"© OpenStreetMap contributors, ODbL 1.0","FONTES_NOME_ANTIGO":null,"JOGOS_SEM_GEOMETRIA":0}},{"type":"Feature","geometry":{"type":"Point","coordinates":[-45.5706166,-23.0278057]},"properties":{"SECAO":"BRABAS","TIPO_REGISTRO":"PONTO","NOME_ESTADIO":"Estádio Joaquim de Moraes Filho (Joaquinzão)","NOME_ATUAL":"Estádio Joaquim de Moraes Filho (Joaquinzão)","NOME_ANTIGO_1":null,"NOME_ANTIGO_2":null,"ESTADIO":"Estádio Joaquim de Moraes Filho (Joaquinzão)","ESTÁDIO":"Estádio Joaquim de Moraes Filho (Joaquinzão)","NOME_ANTIGO":null,"NOMES_ALTERNATIVOS":"","CIDADE":"Taubaté","ESTADO":"São Paulo","PAÍS":"Brasil","PAIS_ISO3":null,"CAPACIDADE":null,"LATITUDE":-23.0278057,"LONGITUDE":-45.5706166,"TOTAL_JOGOS":8,"VITORIAS":8,"VITÓRIAS":8,"EMPATES":0,"DERROTAS":0,"PONTOS_CAMPEONATO":24,"APROVEITAMENTO_PCT":100.0,"GOLS_MARCADOS":23,"GOLS_SOFRIDOS":2,"SALDO_GOLS":21,"GOLS_POR_PARTIDA":2.88,"ASSISTENCIAS":null,"ASSISTENCIAS_DISPONIVEIS":false,"ASSISTENCIAS_FONTE":"Não consta nos arquivos locais do Meu Timão ou Daniel Keppler.","JOGOS_COM_PLACAR":8,"JOGOS_SEM_PLACAR":0,"PARTIDAS_DANIEL_KEPPLER":0,"PARTIDAS_MEUTIMAO":8,"FONTES_JOGOS":"Meu Timão","DATA_PRIMEIRA_PARTIDA":"2017-05-21","ANO_PRIMEIRA_PARTIDA":2017,"PRIMEIRA_PARTIDA":"TAUBATÉ 0x4 CORINTHIANS","ADVERSARIO":"TAUBATÉ","PLACAR":"0x4","COMPETICAO_PRIMEIRA_PARTIDA":"Paulista Feminino 2017","MANDO_PRIMEIRA_PARTIDA":"Não","FONTE_PRIMEIRA_PARTIDA":"https://www.meutimao.com.br/jogo/5321/paulista-feminino-2017/taubate-0-x-4-corinthians","DATA_ULTIMA_PARTIDA":"2025-09-27","ANO_ULTIMA_PARTIDA":2025,"ULTIMA_PARTIDA":"TAUBATÉ 0x3 CORINTHIANS","ADVERSARIO_ULTIMA_PARTIDA":"TAUBATÉ","PLACAR_ULTIMA_PARTIDA":"0x3","COMPETICAO_ULTIMA_PARTIDA":"Paulista Feminino 2025","MANDO_ULTIMA_PARTIDA":"Não","FONTE_ULTIMA_PARTIDA":"Meu Timão","NUM_ESTADIOS_NO_PONTO":1,"NUM_ESTADIOS_COM_JOGOS_NO_PONTO":1,"ESTADIOS_AGRUPADOS":"[{\"nome\":\"Estádio Joaquim de Moraes Filho (Joaquinzão)\",\"nome_atual\":\"Estádio Joaquim de Moraes Filho (Joaquinzão)\",\"nome_antigo_1\":null,\"nome_antigo_2\":null,\"nomes_alternativos\":[\"Estádio Joaquim de Moraes Filho (Joaquinzão)\"],\"cidade\":\"Taubaté\",\"estado\":\"São Paulo\",\"pais\":\"Brasil\",\"capacidade\":null,\"jogos\":8,\"vitorias\":8,\"empates\":0,\"derrotas\":0,\"gols_marcados\":23,\"gols_sofridos\":2,\"data_primeira_partida\":\"2017-05-21\",\"data_ultima_partida\":\"2025-09-27\"}]","STATUS_GEOMETRIA":"PONTO_CONSOLIDADO","PRECISAO_COORDENADAS":"Estádio identificado","FONTE_COORDENADAS":"OpenStreetMap Nominatim","URL_FONTE_COORDENADAS":"https://www.openstreetmap.org/way/646501864","ATRIBUICAO_COORDENADAS":"© OpenStreetMap contributors, ODbL 1.0","FONTES_NOME_ANTIGO":null,"JOGOS_SEM_GEOMETRIA":0}},{"type":"Feature","geometry":{"type":"Point","coordinates":[-45.56983161590955,-23.02780096330927]},"properties":{"SECAO":"BRABAS","TIPO_REGISTRO":"PONTO","NOME_ESTADIO":"Joaquim de Morais Filho","NOME_ATUAL":"Joaquim de Morais Filho","NOME_ANTIGO_1":"Joaquinzão","NOME_ANTIGO_2":null,"ESTADIO":"Joaquim de Morais Filho","ESTÁDIO":"Joaquim de Morais Filho","NOME_ANTIGO":null,"NOMES_ALTERNATIVOS":"Joaquinzão","CIDADE":"TAUBATÉ ","ESTADO":"SÃO PAULO","PAÍS":"BRASIL","PAIS_ISO3":null,"CAPACIDADE":"9600","LATITUDE":-23.02780096330927,"LONGITUDE":-45.56983161590955,"TOTAL_JOGOS":9,"VITORIAS":6,"VITÓRIAS":6,"EMPATES":2,"DERROTAS":1,"PONTOS_CAMPEONATO":20,"APROVEITAMENTO_PCT":74.1,"GOLS_MARCADOS":35,"GOLS_SOFRIDOS":8,"SALDO_GOLS":27,"GOLS_POR_PARTIDA":3.89,"ASSISTENCIAS":null,"ASSISTENCIAS_DISPONIVEIS":false,"ASSISTENCIAS_FONTE":"Não consta nos arquivos locais do Meu Timão ou Daniel Keppler.","JOGOS_COM_PLACAR":9,"JOGOS_SEM_PLACAR":0,"PARTIDAS_DANIEL_KEPPLER":9,"PARTIDAS_MEUTIMAO":0,"FONTES_JOGOS":"Daniel Keppler","DATA_PRIMEIRA_PARTIDA":"1997-11-08","ANO_PRIMEIRA_PARTIDA":1997,"PRIMEIRA_PARTIDA":"CORINTHIANS 10x0 NACIONAL-AM","ADVERSARIO":"NACIONAL-AM","PLACAR":"10x0","COMPETICAO_PRIMEIRA_PARTIDA":"TAÇA BRASIL","MANDO_PRIMEIRA_PARTIDA":"Sim","FONTE_PRIMEIRA_PARTIDA":null,"DATA_ULTIMA_PARTIDA":"2009-06-11","ANO_ULTIMA_PARTIDA":2009,"ULTIMA_PARTIDA":"CORINTHIANS 3x0 SÃO JOSÉ","ADVERSARIO_ULTIMA_PARTIDA":"SÃO JOSÉ","PLACAR_ULTIMA_PARTIDA":"3x0","COMPETICAO_ULTIMA_PARTIDA":"CAMPEONATO PAULISTA / FPF","MANDO_ULTIMA_PARTIDA":"Sim","FONTE_ULTIMA_PARTIDA":"Daniel Keppler","NUM_ESTADIOS_NO_PONTO":1,"NUM_ESTADIOS_COM_JOGOS_NO_PONTO":1,"ESTADIOS_AGRUPADOS":"[{\"nome\":\"Joaquim de Morais Filho\",\"nome_atual\":\"Joaquim de Morais Filho\",\"nome_antigo_1\":\"Joaquinzão\",\"nome_antigo_2\":null,\"nomes_alternativos\":[\"Joaquim de Morais Filho\",\"Joaquinzão\"],\"cidade\":\"TAUBATÉ \",\"estado\":\"SÃO PAULO\",\"pais\":\"BRASIL\",\"capacidade\":\"9600\",\"jogos\":9,\"vitorias\":6,\"empates\":2,\"derrotas\":1,\"gols_marcados\":35,\"gols_sofridos\":8,\"data_primeira_partida\":\"1997-11-08\",\"data_ultima_partida\":\"2009-06-11\"}]","STATUS_GEOMETRIA":"PONTO_CONSOLIDADO","PRECISAO_COORDENADAS":null,"FONTE_COORDENADAS":null,"URL_FONTE_COORDENADAS":null,"ATRIBUICAO_COORDENADAS":null,"FONTES_NOME_ANTIGO":null,"JOGOS_SEM_GEOMETRIA":0}},{"type":"Feature","geometry":{"type":"Point","coordinates":[-45.465904504141214,-22.92173666600527]},"properties":{"SECAO":"BRABAS","TIPO_REGISTRO":"PONTO","NOME_ESTADIO":"Dr. Antonio Pinheiro Junior","NOME_ATUAL":"Dr. Antonio Pinheiro Junior","NOME_ANTIGO_1":null,"NOME_ANTIGO_2":null,"ESTADIO":"Dr. Antonio Pinheiro Junior","ESTÁDIO":"Dr. Antonio Pinheiro Junior","NOME_ANTIGO":null,"NOMES_ALTERNATIVOS":"DOUTOR ANTÔNIO PINHEIRO JÚNIOR","CIDADE":"Pindamonhangaba","ESTADO":"São Paulo","PAÍS":"Brasil","PAIS_ISO3":null,"CAPACIDADE":null,"LATITUDE":-22.92173666600527,"LONGITUDE":-45.465904504141214,"TOTAL_JOGOS":1,"VITORIAS":1,"VITÓRIAS":1,"EMPATES":0,"DERROTAS":0,"PONTOS_CAMPEONATO":3,"APROVEITAMENTO_PCT":100.0,"GOLS_MARCADOS":5,"GOLS_SOFRIDOS":1,"SALDO_GOLS":4,"GOLS_POR_PARTIDA":5.0,"ASSISTENCIAS":null,"ASSISTENCIAS_DISPONIVEIS":false,"ASSISTENCIAS_FONTE":"Não consta nos arquivos locais do Meu Timão ou Daniel Keppler.","JOGOS_COM_PLACAR":1,"JOGOS_SEM_PLACAR":0,"PARTIDAS_DANIEL_KEPPLER":0,"PARTIDAS_MEUTIMAO":1,"FONTES_JOGOS":"Meu Timão","DATA_PRIMEIRA_PARTIDA":"2024-06-21","ANO_PRIMEIRA_PARTIDA":2024,"PRIMEIRA_PARTIDA":"PINDA 1x5 CORINTHIANS","ADVERSARIO":"PINDA","PLACAR":"1x5","COMPETICAO_PRIMEIRA_PARTIDA":"Paulista Feminino 2024","MANDO_PRIMEIRA_PARTIDA":"Não","FONTE_PRIMEIRA_PARTIDA":"https://www.meutimao.com.br/jogo/8186/paulista-feminino-2024/pinda-1-x-5-corinthians","DATA_ULTIMA_PARTIDA":"2024-06-21","ANO_ULTIMA_PARTIDA":2024,"ULTIMA_PARTIDA":"PINDA 1x5 CORINTHIANS","ADVERSARIO_ULTIMA_PARTIDA":"PINDA","PLACAR_ULTIMA_PARTIDA":"1x5","COMPETICAO_ULTIMA_PARTIDA":"Paulista Feminino 2024","MANDO_ULTIMA_PARTIDA":"Não","FONTE_ULTIMA_PARTIDA":"Meu Timão","NUM_ESTADIOS_NO_PONTO":2,"NUM_ESTADIOS_COM_JOGOS_NO_PONTO":1,"ESTADIOS_AGRUPADOS":"[{\"nome\":\"DOUTOR ANTÔNIO PINHEIRO JÚNIOR\",\"nome_atual\":\"DOUTOR ANTÔNIO PINHEIRO JÚNIOR\",\"nome_antigo_1\":null,\"nome_antigo_2\":null,\"nomes_alternativos\":[\"DOUTOR ANTÔNIO PINHEIRO JÚNIOR\"],\"cidade\":\"PINDAMONHANGABA\",\"estado\":\"SÃO PAULO\",\"pais\":\"BRASIL\",\"capacidade\":\"3000\",\"jogos\":0,\"vitorias\":0,\"empates\":0,\"derrotas\":0,\"gols_marcados\":0,\"gols_sofridos\":0,\"data_primeira_partida\":null,\"data_ultima_partida\":null},{\"nome\":\"Dr. Antonio Pinheiro Junior\",\"nome_atual\":\"Dr. Antonio Pinheiro Junior\",\"nome_antigo_1\":null,\"nome_antigo_2\":null,\"nomes_alternativos\":[\"Dr. Antonio Pinheiro Junior\"],\"cidade\":\"Pindamonhangaba\",\"estado\":\"São Paulo\",\"pais\":\"Brasil\",\"capacidade\":null,\"jogos\":1,\"vitorias\":1,\"empates\":0,\"derrotas\":0,\"gols_marcados\":5,\"gols_sofridos\":1,\"data_primeira_partida\":\"2024-06-21\",\"data_ultima_partida\":\"2024-06-21\"}]","STATUS_GEOMETRIA":"PONTO_CONSOLIDADO","PRECISAO_COORDENADAS":null,"FONTE_COORDENADAS":"OpenStreetMap Nominatim (geocodificação reversa)","URL_FONTE_COORDENADAS":"https://www.openstreetmap.org/relation/298189","ATRIBUICAO_COORDENADAS":"© OpenStreetMap contributors, ODbL 1.0","FONTES_NOME_ANTIGO":null,"JOGOS_SEM_GEOMETRIA":0}},{"type":"Feature","geometry":{"type":"Point","coordinates":[-44.223801910510474,-19.478257002276273]},"properties":{"SECAO":"BRABAS","TIPO_REGISTRO":"PONTO","NOME_ESTADIO":"JOAQUIM HENRIQUE NOGUEIRA (ARENA DO JACARÉ)","NOME_ATUAL":"JOAQUIM HENRIQUE NOGUEIRA (ARENA DO JACARÉ)","NOME_ANTIGO_1":null,"NOME_ANTIGO_2":null,"ESTADIO":"JOAQUIM HENRIQUE NOGUEIRA (ARENA DO JACARÉ)","ESTÁDIO":"JOAQUIM HENRIQUE NOGUEIRA (ARENA DO JACARÉ)","NOME_ANTIGO":null,"NOMES_ALTERNATIVOS":"","CIDADE":"SETE LAGOAS","ESTADO":"MINAS GERAIS","PAÍS":"BRASIL","PAIS_ISO3":null,"CAPACIDADE":"19998","LATITUDE":-19.478257002276273,"LONGITUDE":-44.223801910510474,"TOTAL_JOGOS":0,"VITORIAS":0,"VITÓRIAS":0,"EMPATES":0,"DERROTAS":0,"PONTOS_CAMPEONATO":0,"APROVEITAMENTO_PCT":0,"GOLS_MARCADOS":0,"GOLS_SOFRIDOS":0,"SALDO_GOLS":0,"GOLS_POR_PARTIDA":0,"ASSISTENCIAS":null,"ASSISTENCIAS_DISPONIVEIS":false,"ASSISTENCIAS_FONTE":"Não consta nos arquivos locais do Meu Timão ou Daniel Keppler.","JOGOS_COM_PLACAR":0,"JOGOS_SEM_PLACAR":0,"PARTIDAS_DANIEL_KEPPLER":0,"PARTIDAS_MEUTIMAO":0,"FONTES_JOGOS":"","DATA_PRIMEIRA_PARTIDA":null,"ANO_PRIMEIRA_PARTIDA":null,"PRIMEIRA_PARTIDA":null,"ADVERSARIO":null,"PLACAR":null,"COMPETICAO_PRIMEIRA_PARTIDA":null,"MANDO_PRIMEIRA_PARTIDA":null,"FONTE_PRIMEIRA_PARTIDA":null,"DATA_ULTIMA_PARTIDA":null,"ANO_ULTIMA_PARTIDA":null,"ULTIMA_PARTIDA":"","ADVERSARIO_ULTIMA_PARTIDA":null,"PLACAR_ULTIMA_PARTIDA":null,"COMPETICAO_ULTIMA_PARTIDA":null,"MANDO_ULTIMA_PARTIDA":null,"FONTE_ULTIMA_PARTIDA":null,"NUM_ESTADIOS_NO_PONTO":1,"NUM_ESTADIOS_COM_JOGOS_NO_PONTO":0,"ESTADIOS_AGRUPADOS":"[{\"nome\":\"JOAQUIM HENRIQUE NOGUEIRA (ARENA DO JACARÉ)\",\"nome_atual\":\"JOAQUIM HENRIQUE NOGUEIRA (ARENA DO JACARÉ)\",\"nome_antigo_1\":null,\"nome_antigo_2\":null,\"nomes_alternativos\":[\"JOAQUIM HENRIQUE NOGUEIRA (ARENA DO JACARÉ)\"],\"cidade\":\"SETE LAGOAS\",\"estado\":\"MINAS GERAIS\",\"pais\":\"BRASIL\",\"capacidade\":\"19998\",\"jogos\":0,\"vitorias\":0,\"empates\":0,\"derrotas\":0,\"gols_marcados\":0,\"gols_sofridos\":0,\"data_primeira_partida\":null,\"data_ultima_partida\":null}]","STATUS_GEOMETRIA":"PONTO_CONSOLIDADO","PRECISAO_COORDENADAS":null,"FONTE_COORDENADAS":null,"URL_FONTE_COORDENADAS":null,"ATRIBUICAO_COORDENADAS":null,"FONTES_NOME_ANTIGO":null,"JOGOS_SEM_GEOMETRIA":0}},{"type":"Feature","geometry":{"type":"Point","coordinates":[-44.2215488,-19.4776055]},"properties":{"SECAO":"BRABAS","TIPO_REGISTRO":"PONTO","NOME_ESTADIO":"Arena do Jacaré","NOME_ATUAL":"Arena do Jacaré","NOME_ANTIGO_1":null,"NOME_ANTIGO_2":null,"ESTADIO":"Arena do Jacaré","ESTÁDIO":"Arena do Jacaré","NOME_ANTIGO":null,"NOMES_ALTERNATIVOS":"","CIDADE":"Sete Lagoas","ESTADO":"Minas Gerais","PAÍS":"Brazil","PAIS_ISO3":null,"CAPACIDADE":"25000","LATITUDE":-19.4776055,"LONGITUDE":-44.2215488,"TOTAL_JOGOS":2,"VITORIAS":1,"VITÓRIAS":1,"EMPATES":0,"DERROTAS":1,"PONTOS_CAMPEONATO":3,"APROVEITAMENTO_PCT":50.0,"GOLS_MARCADOS":3,"GOLS_SOFRIDOS":3,"SALDO_GOLS":0,"GOLS_POR_PARTIDA":1.5,"ASSISTENCIAS":null,"ASSISTENCIAS_DISPONIVEIS":false,"ASSISTENCIAS_FONTE":"Não consta nos arquivos locais do Meu Timão ou Daniel Keppler.","JOGOS_COM_PLACAR":2,"JOGOS_SEM_PLACAR":0,"PARTIDAS_DANIEL_KEPPLER":0,"PARTIDAS_MEUTIMAO":2,"FONTES_JOGOS":"Meu Timão","DATA_PRIMEIRA_PARTIDA":"2025-05-21","ANO_PRIMEIRA_PARTIDA":2025,"PRIMEIRA_PARTIDA":"AMÉRICA-MG 0x1 CORINTHIANS","ADVERSARIO":"AMÉRICA-MG","PLACAR":"0x1","COMPETICAO_PRIMEIRA_PARTIDA":"Brasileiro Feminino 2025","MANDO_PRIMEIRA_PARTIDA":"Não","FONTE_PRIMEIRA_PARTIDA":"https://www.meutimao.com.br/jogo/8497/brasileiro-feminino-2025/america-mg-0-x-1-corinthians","DATA_ULTIMA_PARTIDA":"2026-05-18","ANO_ULTIMA_PARTIDA":2026,"ULTIMA_PARTIDA":"CRUZEIRO 3x2 CORINTHIANS","ADVERSARIO_ULTIMA_PARTIDA":"CRUZEIRO","PLACAR_ULTIMA_PARTIDA":"3x2","COMPETICAO_ULTIMA_PARTIDA":"Brasileiro Feminino 2026","MANDO_ULTIMA_PARTIDA":"Não","FONTE_ULTIMA_PARTIDA":"Meu Timão","NUM_ESTADIOS_NO_PONTO":1,"NUM_ESTADIOS_COM_JOGOS_NO_PONTO":1,"ESTADIOS_AGRUPADOS":"[{\"nome\":\"Arena do Jacaré\",\"nome_atual\":\"Arena do Jacaré\",\"nome_antigo_1\":null,\"nome_antigo_2\":null,\"nomes_alternativos\":[\"Arena do Jacaré\"],\"cidade\":\"Sete Lagoas\",\"estado\":\"Minas Gerais\",\"pais\":\"Brazil\",\"capacidade\":\"25000\",\"jogos\":2,\"vitorias\":1,\"empates\":0,\"derrotas\":1,\"gols_marcados\":3,\"gols_sofridos\":3,\"data_primeira_partida\":\"2025-05-21\",\"data_ultima_partida\":\"2026-05-18\"}]","STATUS_GEOMETRIA":"PONTO_CONSOLIDADO","PRECISAO_COORDENADAS":null,"FONTE_COORDENADAS":"OpenStreetMap Nominatim (geocodificação reversa)","URL_FONTE_COORDENADAS":"https://www.openstreetmap.org/relation/314658","ATRIBUICAO_COORDENADAS":"© OpenStreetMap contributors, ODbL 1.0","FONTES_NOME_ANTIGO":null,"JOGOS_SEM_GEOMETRIA":0}},{"type":"Feature","geometry":{"type":"Point","coordinates":[-44.01384728925445,-19.92990521858634]},"properties":{"SECAO":"BRABAS","TIPO_REGISTRO":"PONTO","NOME_ESTADIO":"ARENA MRV","NOME_ATUAL":"ARENA MRV","NOME_ANTIGO_1":null,"NOME_ANTIGO_2":null,"ESTADIO":"ARENA MRV","ESTÁDIO":"ARENA MRV","NOME_ANTIGO":null,"NOMES_ALTERNATIVOS":"","CIDADE":"BELO HORIZONTE","ESTADO":"MINAS GERAIS","PAÍS":"BRASIL","PAIS_ISO3":null,"CAPACIDADE":"44892","LATITUDE":-19.92990521858634,"LONGITUDE":-44.01384728925445,"TOTAL_JOGOS":1,"VITORIAS":1,"VITÓRIAS":1,"EMPATES":0,"DERROTAS":0,"PONTOS_CAMPEONATO":3,"APROVEITAMENTO_PCT":100.0,"GOLS_MARCADOS":1,"GOLS_SOFRIDOS":0,"SALDO_GOLS":1,"GOLS_POR_PARTIDA":1.0,"ASSISTENCIAS":null,"ASSISTENCIAS_DISPONIVEIS":false,"ASSISTENCIAS_FONTE":"Não consta nos arquivos locais do Meu Timão ou Daniel Keppler.","JOGOS_COM_PLACAR":1,"JOGOS_SEM_PLACAR":0,"PARTIDAS_DANIEL_KEPPLER":0,"PARTIDAS_MEUTIMAO":1,"FONTES_JOGOS":"Meu Timão","DATA_PRIMEIRA_PARTIDA":"2026-02-13","ANO_PRIMEIRA_PARTIDA":2026,"PRIMEIRA_PARTIDA":"ATLÉTICO-MG 0x1 CORINTHIANS","ADVERSARIO":"ATLÉTICO-MG","PLACAR":"0x1","COMPETICAO_PRIMEIRA_PARTIDA":"Brasileiro Feminino 2026","MANDO_PRIMEIRA_PARTIDA":"Não","FONTE_PRIMEIRA_PARTIDA":"https://www.meutimao.com.br/jogo/8901/brasileiro-feminino-2026/atletico-mg-0-x-1-corinthians","DATA_ULTIMA_PARTIDA":"2026-02-13","ANO_ULTIMA_PARTIDA":2026,"ULTIMA_PARTIDA":"ATLÉTICO-MG 0x1 CORINTHIANS","ADVERSARIO_ULTIMA_PARTIDA":"ATLÉTICO-MG","PLACAR_ULTIMA_PARTIDA":"0x1","COMPETICAO_ULTIMA_PARTIDA":"Brasileiro Feminino 2026","MANDO_ULTIMA_PARTIDA":"Não","FONTE_ULTIMA_PARTIDA":"Meu Timão","NUM_ESTADIOS_NO_PONTO":1,"NUM_ESTADIOS_COM_JOGOS_NO_PONTO":1,"ESTADIOS_AGRUPADOS":"[{\"nome\":\"ARENA MRV\",\"nome_atual\":\"ARENA MRV\",\"nome_antigo_1\":null,\"nome_antigo_2\":null,\"nomes_alternativos\":[\"ARENA MRV\"],\"cidade\":\"BELO HORIZONTE\",\"estado\":\"MINAS GERAIS\",\"pais\":\"BRASIL\",\"capacidade\":\"44892\",\"jogos\":1,\"vitorias\":1,\"empates\":0,\"derrotas\":0,\"gols_marcados\":1,\"gols_sofridos\":0,\"data_primeira_partida\":\"2026-02-13\",\"data_ultima_partida\":\"2026-02-13\"}]","STATUS_GEOMETRIA":"PONTO_CONSOLIDADO","PRECISAO_COORDENADAS":null,"FONTE_COORDENADAS":null,"URL_FONTE_COORDENADAS":null,"ATRIBUICAO_COORDENADAS":null,"FONTES_NOME_ANTIGO":null,"JOGOS_SEM_GEOMETRIA":0}},{"type":"Feature","geometry":{"type":"Point","coordinates":[-43.97873850426172,-19.79361236860667]},"properties":{"SECAO":"BRABAS","TIPO_REGISTRO":"PONTO","NOME_ESTADIO":"SESC Venda Nova","NOME_ATUAL":"SESC Venda Nova","NOME_ANTIGO_1":null,"NOME_ANTIGO_2":null,"ESTADIO":"SESC Venda Nova","ESTÁDIO":"SESC Venda Nova","NOME_ANTIGO":null,"NOMES_ALTERNATIVOS":"ALTEROSAS (SESC VENDA NOVA)","CIDADE":"Belo Horizonte","ESTADO":"Minas Gerais","PAÍS":"Brasil","PAIS_ISO3":null,"CAPACIDADE":null,"LATITUDE":-19.79361236860667,"LONGITUDE":-43.97873850426172,"TOTAL_JOGOS":1,"VITORIAS":1,"VITÓRIAS":1,"EMPATES":0,"DERROTAS":0,"PONTOS_CAMPEONATO":3,"APROVEITAMENTO_PCT":100.0,"GOLS_MARCADOS":3,"GOLS_SOFRIDOS":1,"SALDO_GOLS":2,"GOLS_POR_PARTIDA":3.0,"ASSISTENCIAS":null,"ASSISTENCIAS_DISPONIVEIS":false,"ASSISTENCIAS_FONTE":"Não consta nos arquivos locais do Meu Timão ou Daniel Keppler.","JOGOS_COM_PLACAR":1,"JOGOS_SEM_PLACAR":0,"PARTIDAS_DANIEL_KEPPLER":0,"PARTIDAS_MEUTIMAO":1,"FONTES_JOGOS":"Meu Timão","DATA_PRIMEIRA_PARTIDA":"2024-05-01","ANO_PRIMEIRA_PARTIDA":2024,"PRIMEIRA_PARTIDA":"ATLÉTICO-MG 1x3 CORINTHIANS","ADVERSARIO":"ATLÉTICO-MG","PLACAR":"1x3","COMPETICAO_PRIMEIRA_PARTIDA":"Brasileiro Feminino 2024","MANDO_PRIMEIRA_PARTIDA":"Não","FONTE_PRIMEIRA_PARTIDA":"https://www.meutimao.com.br/jogo/8034/brasileiro-feminino-2024/atletico-mg-1-x-3-corinthians","DATA_ULTIMA_PARTIDA":"2024-05-01","ANO_ULTIMA_PARTIDA":2024,"ULTIMA_PARTIDA":"ATLÉTICO-MG 1x3 CORINTHIANS","ADVERSARIO_ULTIMA_PARTIDA":"ATLÉTICO-MG","PLACAR_ULTIMA_PARTIDA":"1x3","COMPETICAO_ULTIMA_PARTIDA":"Brasileiro Feminino 2024","MANDO_ULTIMA_PARTIDA":"Não","FONTE_ULTIMA_PARTIDA":"Meu Timão","NUM_ESTADIOS_NO_PONTO":2,"NUM_ESTADIOS_COM_JOGOS_NO_PONTO":1,"ESTADIOS_AGRUPADOS":"[{\"nome\":\"ALTEROSAS (SESC VENDA NOVA)\",\"nome_atual\":\"ALTEROSAS (SESC VENDA NOVA)\",\"nome_antigo_1\":null,\"nome_antigo_2\":null,\"nomes_alternativos\":[\"ALTEROSAS (SESC VENDA NOVA)\"],\"cidade\":\"BELO HORIZONTE\",\"estado\":\"MINAS GERAIS\",\"pais\":\"BRASIL\",\"capacidade\":\"2000\",\"jogos\":0,\"vitorias\":0,\"empates\":0,\"derrotas\":0,\"gols_marcados\":0,\"gols_sofridos\":0,\"data_primeira_partida\":null,\"data_ultima_partida\":null},{\"nome\":\"SESC Venda Nova\",\"nome_atual\":\"SESC Venda Nova\",\"nome_antigo_1\":null,\"nome_antigo_2\":null,\"nomes_alternativos\":[\"SESC Venda Nova\"],\"cidade\":\"Belo Horizonte\",\"estado\":\"Minas Gerais\",\"pais\":\"Brasil\",\"capacidade\":null,\"jogos\":1,\"vitorias\":1,\"empates\":0,\"derrotas\":0,\"gols_marcados\":3,\"gols_sofridos\":1,\"data_primeira_partida\":\"2024-05-01\",\"data_ultima_partida\":\"2024-05-01\"}]","STATUS_GEOMETRIA":"PONTO_CONSOLIDADO","PRECISAO_COORDENADAS":null,"FONTE_COORDENADAS":"OpenStreetMap Nominatim (geocodificação reversa)","URL_FONTE_COORDENADAS":"https://www.openstreetmap.org/relation/368782","ATRIBUICAO_COORDENADAS":"© OpenStreetMap contributors, ODbL 1.0","FONTES_NOME_ANTIGO":null,"JOGOS_SEM_GEOMETRIA":0}},{"type":"Feature","geometry":{"type":"Point","coordinates":[-43.9180009,-19.9087708]},"properties":{"SECAO":"BRABAS","TIPO_REGISTRO":"PONTO","NOME_ESTADIO":"Arena Independência","NOME_ATUAL":"Arena Independência","NOME_ANTIGO_1":"Estádio Raimundo Sampaio","NOME_ANTIGO_2":"Independência","ESTADIO":"Arena Independência","ESTÁDIO":"Arena Independência","NOME_ANTIGO":null,"NOMES_ALTERNATIVOS":"Estádio Raimundo Sampaio | Independência","CIDADE":"Belo Horizonte","ESTADO":"Minas Gerais","PAÍS":"Brasil","PAIS_ISO3":null,"CAPACIDADE":"23950","LATITUDE":-19.9087708,"LONGITUDE":-43.9180009,"TOTAL_JOGOS":0,"VITORIAS":0,"VITÓRIAS":0,"EMPATES":0,"DERROTAS":0,"PONTOS_CAMPEONATO":0,"APROVEITAMENTO_PCT":0,"GOLS_MARCADOS":0,"GOLS_SOFRIDOS":0,"SALDO_GOLS":0,"GOLS_POR_PARTIDA":0,"ASSISTENCIAS":null,"ASSISTENCIAS_DISPONIVEIS":false,"ASSISTENCIAS_FONTE":"Não consta nos arquivos locais do Meu Timão ou Daniel Keppler.","JOGOS_COM_PLACAR":0,"JOGOS_SEM_PLACAR":0,"PARTIDAS_DANIEL_KEPPLER":0,"PARTIDAS_MEUTIMAO":0,"FONTES_JOGOS":"","DATA_PRIMEIRA_PARTIDA":null,"ANO_PRIMEIRA_PARTIDA":null,"PRIMEIRA_PARTIDA":null,"ADVERSARIO":null,"PLACAR":null,"COMPETICAO_PRIMEIRA_PARTIDA":null,"MANDO_PRIMEIRA_PARTIDA":null,"FONTE_PRIMEIRA_PARTIDA":null,"DATA_ULTIMA_PARTIDA":null,"ANO_ULTIMA_PARTIDA":null,"ULTIMA_PARTIDA":"","ADVERSARIO_ULTIMA_PARTIDA":null,"PLACAR_ULTIMA_PARTIDA":null,"COMPETICAO_ULTIMA_PARTIDA":null,"MANDO_ULTIMA_PARTIDA":null,"FONTE_ULTIMA_PARTIDA":null,"NUM_ESTADIOS_NO_PONTO":1,"NUM_ESTADIOS_COM_JOGOS_NO_PONTO":0,"ESTADIOS_AGRUPADOS":"[{\"nome\":\"Arena Independência\",\"nome_atual\":\"Arena Independência\",\"nome_antigo_1\":\"Estádio Raimundo Sampaio\",\"nome_antigo_2\":\"Independência\",\"nomes_alternativos\":[\"Arena Independência\",\"Estádio Raimundo Sampaio\",\"Independência\"],\"cidade\":\"Belo Horizonte\",\"estado\":\"Minas Gerais\",\"pais\":\"Brasil\",\"capacidade\":\"23950\",\"jogos\":0,\"vitorias\":0,\"empates\":0,\"derrotas\":0,\"gols_marcados\":0,\"gols_sofridos\":0,\"data_primeira_partida\":null,\"data_ultima_partida\":null}]","STATUS_GEOMETRIA":"PONTO_CONSOLIDADO","PRECISAO_COORDENADAS":null,"FONTE_COORDENADAS":"OpenStreetMap Nominatim (geocodificação reversa)","URL_FONTE_COORDENADAS":"https://www.openstreetmap.org/relation/368782","ATRIBUICAO_COORDENADAS":"© OpenStreetMap contributors, ODbL 1.0","FONTES_NOME_ANTIGO":null,"JOGOS_SEM_GEOMETRIA":0}},{"type":"Feature","geometry":{"type":"Point","coordinates":[-43.917778,-19.9083526]},"properties":{"SECAO":"BRABAS","TIPO_REGISTRO":"PONTO","NOME_ESTADIO":"Estádio Raimundo Sampaio (Arena Independência)","NOME_ATUAL":"Estádio Raimundo Sampaio (Arena Independência)","NOME_ANTIGO_1":null,"NOME_ANTIGO_2":null,"ESTADIO":"Estádio Raimundo Sampaio (Arena Independência)","ESTÁDIO":"Estádio Raimundo Sampaio (Arena Independência)","NOME_ANTIGO":null,"NOMES_ALTERNATIVOS":"","CIDADE":"Belo Horizonte","ESTADO":"Minas Gerais","PAÍS":"Brasil","PAIS_ISO3":null,"CAPACIDADE":null,"LATITUDE":-19.9083526,"LONGITUDE":-43.917778,"TOTAL_JOGOS":3,"VITORIAS":1,"VITÓRIAS":1,"EMPATES":2,"DERROTAS":0,"PONTOS_CAMPEONATO":5,"APROVEITAMENTO_PCT":55.6,"GOLS_MARCADOS":4,"GOLS_SOFRIDOS":3,"SALDO_GOLS":1,"GOLS_POR_PARTIDA":1.33,"ASSISTENCIAS":null,"ASSISTENCIAS_DISPONIVEIS":false,"ASSISTENCIAS_FONTE":"Não consta nos arquivos locais do Meu Timão ou Daniel Keppler.","JOGOS_COM_PLACAR":3,"JOGOS_SEM_PLACAR":0,"PARTIDAS_DANIEL_KEPPLER":0,"PARTIDAS_MEUTIMAO":3,"FONTES_JOGOS":"Meu Timão","DATA_PRIMEIRA_PARTIDA":"2022-03-14","ANO_PRIMEIRA_PARTIDA":2022,"PRIMEIRA_PARTIDA":"ATLÉTICO-MG 1x1 CORINTHIANS","ADVERSARIO":"ATLÉTICO-MG","PLACAR":"1x1","COMPETICAO_PRIMEIRA_PARTIDA":"Brasileiro Feminino 2022","MANDO_PRIMEIRA_PARTIDA":"Não","FONTE_PRIMEIRA_PARTIDA":"https://www.meutimao.com.br/jogo/7303/brasileiro-feminino-2022/atletico-mg-1-x-1-corinthians","DATA_ULTIMA_PARTIDA":"2026-08-31","ANO_ULTIMA_PARTIDA":2026,"ULTIMA_PARTIDA":"CRUZEIRO 0x1 CORINTHIANS","ADVERSARIO_ULTIMA_PARTIDA":"CRUZEIRO","PLACAR_ULTIMA_PARTIDA":"0x1","COMPETICAO_ULTIMA_PARTIDA":"Brasileiro Feminino 2026","MANDO_ULTIMA_PARTIDA":"Não","FONTE_ULTIMA_PARTIDA":"Meu Timão","NUM_ESTADIOS_NO_PONTO":1,"NUM_ESTADIOS_COM_JOGOS_NO_PONTO":1,"ESTADIOS_AGRUPADOS":"[{\"nome\":\"Estádio Raimundo Sampaio (Arena Independência)\",\"nome_atual\":\"Estádio Raimundo Sampaio (Arena Independência)\",\"nome_antigo_1\":null,\"nome_antigo_2\":null,\"nomes_alternativos\":[\"Estádio Raimundo Sampaio (Arena Independência)\"],\"cidade\":\"Belo Horizonte\",\"estado\":\"Minas Gerais\",\"pais\":\"Brasil\",\"capacidade\":null,\"jogos\":3,\"vitorias\":1,\"empates\":2,\"derrotas\":0,\"gols_marcados\":4,\"gols_sofridos\":3,\"data_primeira_partida\":\"2022-03-14\",\"data_ultima_partida\":\"2026-08-31\"}]","STATUS_GEOMETRIA":"PONTO_CONSOLIDADO","PRECISAO_COORDENADAS":"Estádio identificado","FONTE_COORDENADAS":"OpenStreetMap Nominatim","URL_FONTE_COORDENADAS":"https://www.openstreetmap.org/way/31281833","ATRIBUICAO_COORDENADAS":"© OpenStreetMap contributors, ODbL 1.0","FONTES_NOME_ANTIGO":null,"JOGOS_SEM_GEOMETRIA":0}},{"type":"Feature","geometry":{"type":"Point","coordinates":[-43.8447967,-19.9875487]},"properties":{"SECAO":"BRABAS","TIPO_REGISTRO":"PONTO","NOME_ESTADIO":"Castor Cifuentes","NOME_ATUAL":"Castor Cifuentes","NOME_ANTIGO_1":null,"NOME_ANTIGO_2":null,"ESTADIO":"Castor Cifuentes","ESTÁDIO":"Castor Cifuentes","NOME_ANTIGO":null,"NOMES_ALTERNATIVOS":"","CIDADE":"Nova Lima","ESTADO":"Minas Gerais","PAÍS":"Brazil","PAIS_ISO3":null,"CAPACIDADE":"15000","LATITUDE":-19.9875487,"LONGITUDE":-43.8447967,"TOTAL_JOGOS":2,"VITORIAS":0,"VITÓRIAS":0,"EMPATES":1,"DERROTAS":1,"PONTOS_CAMPEONATO":1,"APROVEITAMENTO_PCT":16.7,"GOLS_MARCADOS":3,"GOLS_SOFRIDOS":8,"SALDO_GOLS":-5,"GOLS_POR_PARTIDA":1.5,"ASSISTENCIAS":null,"ASSISTENCIAS_DISPONIVEIS":false,"ASSISTENCIAS_FONTE":"Não consta nos arquivos locais do Meu Timão ou Daniel Keppler.","JOGOS_COM_PLACAR":2,"JOGOS_SEM_PLACAR":0,"PARTIDAS_DANIEL_KEPPLER":0,"PARTIDAS_MEUTIMAO":2,"FONTES_JOGOS":"Meu Timão","DATA_PRIMEIRA_PARTIDA":"2024-08-17","ANO_PRIMEIRA_PARTIDA":2024,"PRIMEIRA_PARTIDA":"CRUZEIRO 7x2 CORINTHIANS","ADVERSARIO":"CRUZEIRO","PLACAR":"7x2","COMPETICAO_PRIMEIRA_PARTIDA":"Brasileiro Feminino 2024","MANDO_PRIMEIRA_PARTIDA":"Não","FONTE_PRIMEIRA_PARTIDA":"https://www.meutimao.com.br/jogo/8040/brasileiro-feminino-2024/cruzeiro-7-x-2-corinthians","DATA_ULTIMA_PARTIDA":"2025-08-06","ANO_ULTIMA_PARTIDA":2025,"ULTIMA_PARTIDA":"CRUZEIRO 1x1 CORINTHIANS","ADVERSARIO_ULTIMA_PARTIDA":"CRUZEIRO","PLACAR_ULTIMA_PARTIDA":"1x1","COMPETICAO_ULTIMA_PARTIDA":"Copa do Brasil Feminina 2025","MANDO_ULTIMA_PARTIDA":"Não","FONTE_ULTIMA_PARTIDA":"Meu Timão","NUM_ESTADIOS_NO_PONTO":1,"NUM_ESTADIOS_COM_JOGOS_NO_PONTO":1,"ESTADIOS_AGRUPADOS":"[{\"nome\":\"Castor Cifuentes\",\"nome_atual\":\"Castor Cifuentes\",\"nome_antigo_1\":null,\"nome_antigo_2\":null,\"nomes_alternativos\":[\"Castor Cifuentes\"],\"cidade\":\"Nova Lima\",\"estado\":\"Minas Gerais\",\"pais\":\"Brazil\",\"capacidade\":\"15000\",\"jogos\":2,\"vitorias\":0,\"empates\":1,\"derrotas\":1,\"gols_marcados\":3,\"gols_sofridos\":8,\"data_primeira_partida\":\"2024-08-17\",\"data_ultima_partida\":\"2025-08-06\"}]","STATUS_GEOMETRIA":"PONTO_CONSOLIDADO","PRECISAO_COORDENADAS":"Estádio identificado","FONTE_COORDENADAS":"OpenStreetMap Nominatim","URL_FONTE_COORDENADAS":"https://www.openstreetmap.org/relation/5709288","ATRIBUICAO_COORDENADAS":"© OpenStreetMap contributors, ODbL 1.0","FONTES_NOME_ANTIGO":null,"JOGOS_SEM_GEOMETRIA":0}},{"type":"Feature","geometry":{"type":"Point","coordinates":[-43.84388637827531,-19.988071977780734]},"properties":{"SECAO":"BRABAS","TIPO_REGISTRO":"PONTO","NOME_ESTADIO":"CASTOR CIFUENTES (PENIDÃO)","NOME_ATUAL":"CASTOR CIFUENTES (PENIDÃO)","NOME_ANTIGO_1":null,"NOME_ANTIGO_2":null,"ESTADIO":"CASTOR CIFUENTES (PENIDÃO)","ESTÁDIO":"CASTOR CIFUENTES (PENIDÃO)","NOME_ANTIGO":null,"NOMES_ALTERNATIVOS":"","CIDADE":"NOVA LIMA","ESTADO":"MINAS GERAIS","PAÍS":"BRASIL","PAIS_ISO3":null,"CAPACIDADE":"5160","LATITUDE":-19.988071977780734,"LONGITUDE":-43.84388637827531,"TOTAL_JOGOS":0,"VITORIAS":0,"VITÓRIAS":0,"EMPATES":0,"DERROTAS":0,"PONTOS_CAMPEONATO":0,"APROVEITAMENTO_PCT":0,"GOLS_MARCADOS":0,"GOLS_SOFRIDOS":0,"SALDO_GOLS":0,"GOLS_POR_PARTIDA":0,"ASSISTENCIAS":null,"ASSISTENCIAS_DISPONIVEIS":false,"ASSISTENCIAS_FONTE":"Não consta nos arquivos locais do Meu Timão ou Daniel Keppler.","JOGOS_COM_PLACAR":0,"JOGOS_SEM_PLACAR":0,"PARTIDAS_DANIEL_KEPPLER":0,"PARTIDAS_MEUTIMAO":0,"FONTES_JOGOS":"","DATA_PRIMEIRA_PARTIDA":null,"ANO_PRIMEIRA_PARTIDA":null,"PRIMEIRA_PARTIDA":null,"ADVERSARIO":null,"PLACAR":null,"COMPETICAO_PRIMEIRA_PARTIDA":null,"MANDO_PRIMEIRA_PARTIDA":null,"FONTE_PRIMEIRA_PARTIDA":null,"DATA_ULTIMA_PARTIDA":null,"ANO_ULTIMA_PARTIDA":null,"ULTIMA_PARTIDA":"","ADVERSARIO_ULTIMA_PARTIDA":null,"PLACAR_ULTIMA_PARTIDA":null,"COMPETICAO_ULTIMA_PARTIDA":null,"MANDO_ULTIMA_PARTIDA":null,"FONTE_ULTIMA_PARTIDA":null,"NUM_ESTADIOS_NO_PONTO":1,"NUM_ESTADIOS_COM_JOGOS_NO_PONTO":0,"ESTADIOS_AGRUPADOS":"[{\"nome\":\"CASTOR CIFUENTES (PENIDÃO)\",\"nome_atual\":\"CASTOR CIFUENTES (PENIDÃO)\",\"nome_antigo_1\":null,\"nome_antigo_2\":null,\"nomes_alternativos\":[\"CASTOR CIFUENTES (PENIDÃO)\"],\"cidade\":\"NOVA LIMA\",\"estado\":\"MINAS GERAIS\",\"pais\":\"BRASIL\",\"capacidade\":\"5160\",\"jogos\":0,\"vitorias\":0,\"empates\":0,\"derrotas\":0,\"gols_marcados\":0,\"gols_sofridos\":0,\"data_primeira_partida\":null,\"data_ultima_partida\":null}]","STATUS_GEOMETRIA":"PONTO_CONSOLIDADO","PRECISAO_COORDENADAS":null,"FONTE_COORDENADAS":null,"URL_FONTE_COORDENADAS":null,"ATRIBUICAO_COORDENADAS":null,"FONTES_NOME_ANTIGO":null,"JOGOS_SEM_GEOMETRIA":0}},{"type":"Feature","geometry":{"type":"Point","coordinates":[-43.52384895823911,-22.73894786903771]},"properties":{"SECAO":"BRABAS","TIPO_REGISTRO":"PONTO","NOME_ESTADIO":"Estádio Nivaldo Pereira","NOME_ATUAL":"Estádio Nivaldo Pereira","NOME_ANTIGO_1":null,"NOME_ANTIGO_2":null,"ESTADIO":"Estádio Nivaldo Pereira","ESTÁDIO":"Estádio Nivaldo Pereira","NOME_ANTIGO":null,"NOMES_ALTERNATIVOS":"NIVALDO PEREIRA","CIDADE":"Nova Iguaçu","ESTADO":"Rio de Janeiro","PAÍS":"Brasil","PAIS_ISO3":null,"CAPACIDADE":null,"LATITUDE":-22.73894786903771,"LONGITUDE":-43.52384895823911,"TOTAL_JOGOS":1,"VITORIAS":1,"VITÓRIAS":1,"EMPATES":0,"DERROTAS":0,"PONTOS_CAMPEONATO":3,"APROVEITAMENTO_PCT":100.0,"GOLS_MARCADOS":6,"GOLS_SOFRIDOS":0,"SALDO_GOLS":6,"GOLS_POR_PARTIDA":6.0,"ASSISTENCIAS":null,"ASSISTENCIAS_DISPONIVEIS":false,"ASSISTENCIAS_FONTE":"Não consta nos arquivos locais do Meu Timão ou Daniel Keppler.","JOGOS_COM_PLACAR":1,"JOGOS_SEM_PLACAR":0,"PARTIDAS_DANIEL_KEPPLER":0,"PARTIDAS_MEUTIMAO":1,"FONTES_JOGOS":"Meu Timão","DATA_PRIMEIRA_PARTIDA":"2016-02-17","ANO_PRIMEIRA_PARTIDA":2016,"PRIMEIRA_PARTIDA":"VASCO DA GAMA 0x6 CORINTHIANS","ADVERSARIO":"VASCO DA GAMA","PLACAR":"0x6","COMPETICAO_PRIMEIRA_PARTIDA":"Brasileirão 2016","MANDO_PRIMEIRA_PARTIDA":"Não","FONTE_PRIMEIRA_PARTIDA":"https://www.meutimao.com.br/jogo/4703/brasileirao-2016/vasco_da_gama-0-x-6-corinthians","DATA_ULTIMA_PARTIDA":"2016-02-17","ANO_ULTIMA_PARTIDA":2016,"ULTIMA_PARTIDA":"VASCO DA GAMA 0x6 CORINTHIANS","ADVERSARIO_ULTIMA_PARTIDA":"VASCO DA GAMA","PLACAR_ULTIMA_PARTIDA":"0x6","COMPETICAO_ULTIMA_PARTIDA":"Brasileirão 2016","MANDO_ULTIMA_PARTIDA":"Não","FONTE_ULTIMA_PARTIDA":"Meu Timão","NUM_ESTADIOS_NO_PONTO":2,"NUM_ESTADIOS_COM_JOGOS_NO_PONTO":1,"ESTADIOS_AGRUPADOS":"[{\"nome\":\"Estádio Nivaldo Pereira\",\"nome_atual\":\"Estádio Nivaldo Pereira\",\"nome_antigo_1\":null,\"nome_antigo_2\":null,\"nomes_alternativos\":[\"Estádio Nivaldo Pereira\"],\"cidade\":\"Nova Iguaçu\",\"estado\":\"Rio de Janeiro\",\"pais\":\"Brasil\",\"capacidade\":null,\"jogos\":1,\"vitorias\":1,\"empates\":0,\"derrotas\":0,\"gols_marcados\":6,\"gols_sofridos\":0,\"data_primeira_partida\":\"2016-02-17\",\"data_ultima_partida\":\"2016-02-17\"},{\"nome\":\"NIVALDO PEREIRA\",\"nome_atual\":\"NIVALDO PEREIRA\",\"nome_antigo_1\":null,\"nome_antigo_2\":null,\"nomes_alternativos\":[\"NIVALDO PEREIRA\"],\"cidade\":\"NOVA IGUAÇU \",\"estado\":\"RIO DE JANEIRO\",\"pais\":\"BRASIL\",\"capacidade\":\"3600\",\"jogos\":0,\"vitorias\":0,\"empates\":0,\"derrotas\":0,\"gols_marcados\":0,\"gols_sofridos\":0,\"data_primeira_partida\":null,\"data_ultima_partida\":null}]","STATUS_GEOMETRIA":"PONTO_CONSOLIDADO","PRECISAO_COORDENADAS":null,"FONTE_COORDENADAS":"OpenStreetMap Nominatim (geocodificação reversa)","URL_FONTE_COORDENADAS":"https://www.openstreetmap.org/relation/2709115","ATRIBUICAO_COORDENADAS":"© OpenStreetMap contributors, ODbL 1.0","FONTES_NOME_ANTIGO":null,"JOGOS_SEM_GEOMETRIA":0}},{"type":"Feature","geometry":{"type":"Point","coordinates":[-43.460259,-22.802535]},"properties":{"SECAO":"BRABAS","TIPO_REGISTRO":"PONTO","NOME_ESTADIO":"Giulite Coutinho","NOME_ATUAL":"Giulite Coutinho","NOME_ANTIGO_1":"Édson Passos","NOME_ANTIGO_2":null,"ESTADIO":"Giulite Coutinho","ESTÁDIO":"Giulite Coutinho","NOME_ANTIGO":null,"NOMES_ALTERNATIVOS":"Édson Passos","CIDADE":"Mesquita","ESTADO":"Rio de Janeiro","PAÍS":"Brasil","PAIS_ISO3":null,"CAPACIDADE":null,"LATITUDE":-22.802535,"LONGITUDE":-43.460259,"TOTAL_JOGOS":1,"VITORIAS":1,"VITÓRIAS":1,"EMPATES":0,"DERROTAS":0,"PONTOS_CAMPEONATO":3,"APROVEITAMENTO_PCT":100.0,"GOLS_MARCADOS":3,"GOLS_SOFRIDOS":1,"SALDO_GOLS":2,"GOLS_POR_PARTIDA":3.0,"ASSISTENCIAS":null,"ASSISTENCIAS_DISPONIVEIS":false,"ASSISTENCIAS_FONTE":"Não consta nos arquivos locais do Meu Timão ou Daniel Keppler.","JOGOS_COM_PLACAR":1,"JOGOS_SEM_PLACAR":0,"PARTIDAS_DANIEL_KEPPLER":0,"PARTIDAS_MEUTIMAO":1,"FONTES_JOGOS":"Meu Timão","DATA_PRIMEIRA_PARTIDA":"2020-08-31","ANO_PRIMEIRA_PARTIDA":2020,"PRIMEIRA_PARTIDA":"FLAMENGO 1x3 CORINTHIANS","ADVERSARIO":"FLAMENGO","PLACAR":"1x3","COMPETICAO_PRIMEIRA_PARTIDA":"Brasileiro Feminino 2020","MANDO_PRIMEIRA_PARTIDA":"Não","FONTE_PRIMEIRA_PARTIDA":"https://www.meutimao.com.br/jogo/1439/brasileiro-feminino-2020/flamengo-1-x-3-corinthians","DATA_ULTIMA_PARTIDA":"2020-08-31","ANO_ULTIMA_PARTIDA":2020,"ULTIMA_PARTIDA":"FLAMENGO 1x3 CORINTHIANS","ADVERSARIO_ULTIMA_PARTIDA":"FLAMENGO","PLACAR_ULTIMA_PARTIDA":"1x3","COMPETICAO_ULTIMA_PARTIDA":"Brasileiro Feminino 2020","MANDO_ULTIMA_PARTIDA":"Não","FONTE_ULTIMA_PARTIDA":"Meu Timão","NUM_ESTADIOS_NO_PONTO":1,"NUM_ESTADIOS_COM_JOGOS_NO_PONTO":1,"ESTADIOS_AGRUPADOS":"[{\"nome\":\"Giulite Coutinho\",\"nome_atual\":\"Giulite Coutinho\",\"nome_antigo_1\":\"Édson Passos\",\"nome_antigo_2\":null,\"nomes_alternativos\":[\"Giulite Coutinho\",\"Édson Passos\"],\"cidade\":\"Mesquita\",\"estado\":\"Rio de Janeiro\",\"pais\":\"Brasil\",\"capacidade\":null,\"jogos\":1,\"vitorias\":1,\"empates\":0,\"derrotas\":0,\"gols_marcados\":3,\"gols_sofridos\":1,\"data_primeira_partida\":\"2020-08-31\",\"data_ultima_partida\":\"2020-08-31\"}]","STATUS_GEOMETRIA":"PONTO_CONSOLIDADO","PRECISAO_COORDENADAS":"Município (estádio exato não identificado)","FONTE_COORDENADAS":"OpenStreetMap Nominatim (localidade aproximada)","URL_FONTE_COORDENADAS":"https://www.openstreetmap.org/relation/2709108","ATRIBUICAO_COORDENADAS":"© OpenStreetMap contributors, ODbL 1.0","FONTES_NOME_ANTIGO":null,"JOGOS_SEM_GEOMETRIA":0}},{"type":"Feature","geometry":{"type":"Point","coordinates":[-43.457608681675254,-22.87228746696625]},"properties":{"SECAO":"BRABAS","TIPO_REGISTRO":"PONTO","NOME_ESTADIO":"PROLETÁRIO GUILHERME DA SILVEIRA FILHO (MOÇA BONITA)","NOME_ATUAL":"PROLETÁRIO GUILHERME DA SILVEIRA FILHO (MOÇA BONITA)","NOME_ANTIGO_1":null,"NOME_ANTIGO_2":null,"ESTADIO":"PROLETÁRIO GUILHERME DA SILVEIRA FILHO (MOÇA BONITA)","ESTÁDIO":"PROLETÁRIO GUILHERME DA SILVEIRA FILHO (MOÇA BONITA)","NOME_ANTIGO":null,"NOMES_ALTERNATIVOS":"","CIDADE":"BANGU","ESTADO":"RIO DE JANEIRO","PAÍS":"BRASIL","PAIS_ISO3":null,"CAPACIDADE":"9024","LATITUDE":-22.87228746696625,"LONGITUDE":-43.457608681675254,"TOTAL_JOGOS":0,"VITORIAS":0,"VITÓRIAS":0,"EMPATES":0,"DERROTAS":0,"PONTOS_CAMPEONATO":0,"APROVEITAMENTO_PCT":0,"GOLS_MARCADOS":0,"GOLS_SOFRIDOS":0,"SALDO_GOLS":0,"GOLS_POR_PARTIDA":0,"ASSISTENCIAS":null,"ASSISTENCIAS_DISPONIVEIS":false,"ASSISTENCIAS_FONTE":"Não consta nos arquivos locais do Meu Timão ou Daniel Keppler.","JOGOS_COM_PLACAR":0,"JOGOS_SEM_PLACAR":0,"PARTIDAS_DANIEL_KEPPLER":0,"PARTIDAS_MEUTIMAO":0,"FONTES_JOGOS":"","DATA_PRIMEIRA_PARTIDA":null,"ANO_PRIMEIRA_PARTIDA":null,"PRIMEIRA_PARTIDA":null,"ADVERSARIO":null,"PLACAR":null,"COMPETICAO_PRIMEIRA_PARTIDA":null,"MANDO_PRIMEIRA_PARTIDA":null,"FONTE_PRIMEIRA_PARTIDA":null,"DATA_ULTIMA_PARTIDA":null,"ANO_ULTIMA_PARTIDA":null,"ULTIMA_PARTIDA":"","ADVERSARIO_ULTIMA_PARTIDA":null,"PLACAR_ULTIMA_PARTIDA":null,"COMPETICAO_ULTIMA_PARTIDA":null,"MANDO_ULTIMA_PARTIDA":null,"FONTE_ULTIMA_PARTIDA":null,"NUM_ESTADIOS_NO_PONTO":1,"NUM_ESTADIOS_COM_JOGOS_NO_PONTO":0,"ESTADIOS_AGRUPADOS":"[{\"nome\":\"PROLETÁRIO GUILHERME DA SILVEIRA FILHO (MOÇA BONITA)\",\"nome_atual\":\"PROLETÁRIO GUILHERME DA SILVEIRA FILHO (MOÇA BONITA)\",\"nome_antigo_1\":null,\"nome_antigo_2\":null,\"nomes_alternativos\":[\"PROLETÁRIO GUILHERME DA SILVEIRA FILHO (MOÇA BONITA)\"],\"cidade\":\"BANGU\",\"estado\":\"RIO DE JANEIRO\",\"pais\":\"BRASIL\",\"capacidade\":\"9024\",\"jogos\":0,\"vitorias\":0,\"empates\":0,\"derrotas\":0,\"gols_marcados\":0,\"gols_sofridos\":0,\"data_primeira_partida\":null,\"data_ultima_partida\":null}]","STATUS_GEOMETRIA":"PONTO_CONSOLIDADO","PRECISAO_COORDENADAS":null,"FONTE_COORDENADAS":null,"URL_FONTE_COORDENADAS":null,"ATRIBUICAO_COORDENADAS":null,"FONTES_NOME_ANTIGO":null,"JOGOS_SEM_GEOMETRIA":0}},{"type":"Feature","geometry":{"type":"Point","coordinates":[-43.4566109,-22.8725]},"properties":{"SECAO":"BRABAS","TIPO_REGISTRO":"PONTO","NOME_ESTADIO":"Estádio de Moça Bonita","NOME_ATUAL":"Estádio de Moça Bonita","NOME_ANTIGO_1":null,"NOME_ANTIGO_2":null,"ESTADIO":"Estádio de Moça Bonita","ESTÁDIO":"Estádio de Moça Bonita","NOME_ANTIGO":null,"NOMES_ALTERNATIVOS":"Moça Bonita","CIDADE":"Rio de Janeiro","ESTADO":"Rio de Janeiro","PAÍS":"Brasil","PAIS_ISO3":null,"CAPACIDADE":null,"LATITUDE":-22.8725,"LONGITUDE":-43.4566109,"TOTAL_JOGOS":1,"VITORIAS":0,"VITÓRIAS":0,"EMPATES":1,"DERROTAS":0,"PONTOS_CAMPEONATO":1,"APROVEITAMENTO_PCT":33.3,"GOLS_MARCADOS":1,"GOLS_SOFRIDOS":1,"SALDO_GOLS":0,"GOLS_POR_PARTIDA":1.0,"ASSISTENCIAS":null,"ASSISTENCIAS_DISPONIVEIS":false,"ASSISTENCIAS_FONTE":"Não consta nos arquivos locais do Meu Timão ou Daniel Keppler.","JOGOS_COM_PLACAR":1,"JOGOS_SEM_PLACAR":0,"PARTIDAS_DANIEL_KEPPLER":0,"PARTIDAS_MEUTIMAO":1,"FONTES_JOGOS":"Meu Timão","DATA_PRIMEIRA_PARTIDA":"2025-04-15","ANO_PRIMEIRA_PARTIDA":2025,"PRIMEIRA_PARTIDA":"FLUMINENSE 1x1 CORINTHIANS","ADVERSARIO":"FLUMINENSE","PLACAR":"1x1","COMPETICAO_PRIMEIRA_PARTIDA":"Brasileiro Feminino 2025","MANDO_PRIMEIRA_PARTIDA":"Não","FONTE_PRIMEIRA_PARTIDA":"https://www.meutimao.com.br/jogo/8491/brasileiro-feminino-2025/fluminense-1-x-1-corinthians","DATA_ULTIMA_PARTIDA":"2025-04-15","ANO_ULTIMA_PARTIDA":2025,"ULTIMA_PARTIDA":"FLUMINENSE 1x1 CORINTHIANS","ADVERSARIO_ULTIMA_PARTIDA":"FLUMINENSE","PLACAR_ULTIMA_PARTIDA":"1x1","COMPETICAO_ULTIMA_PARTIDA":"Brasileiro Feminino 2025","MANDO_ULTIMA_PARTIDA":"Não","FONTE_ULTIMA_PARTIDA":"Meu Timão","NUM_ESTADIOS_NO_PONTO":2,"NUM_ESTADIOS_COM_JOGOS_NO_PONTO":1,"ESTADIOS_AGRUPADOS":"[{\"nome\":\"Estádio de Moça Bonita\",\"nome_atual\":\"Estádio de Moça Bonita\",\"nome_antigo_1\":null,\"nome_antigo_2\":null,\"nomes_alternativos\":[\"Estádio de Moça Bonita\"],\"cidade\":\"Rio de Janeiro\",\"estado\":\"Rio de Janeiro\",\"pais\":\"Brasil\",\"capacidade\":null,\"jogos\":1,\"vitorias\":0,\"empates\":1,\"derrotas\":0,\"gols_marcados\":1,\"gols_sofridos\":1,\"data_primeira_partida\":\"2025-04-15\",\"data_ultima_partida\":\"2025-04-15\"},{\"nome\":\"Moça Bonita\",\"nome_atual\":\"Moça Bonita\",\"nome_antigo_1\":null,\"nome_antigo_2\":null,\"nomes_alternativos\":[\"Moça Bonita\"],\"cidade\":\"Rio de Janeiro\",\"estado\":\"Rio de Janeiro\",\"pais\":\"Brazil\",\"capacidade\":null,\"jogos\":0,\"vitorias\":0,\"empates\":0,\"derrotas\":0,\"gols_marcados\":0,\"gols_sofridos\":0,\"data_primeira_partida\":null,\"data_ultima_partida\":null}]","STATUS_GEOMETRIA":"PONTO_CONSOLIDADO","PRECISAO_COORDENADAS":null,"FONTE_COORDENADAS":"OpenStreetMap Nominatim (geocodificação reversa)","URL_FONTE_COORDENADAS":"https://www.openstreetmap.org/relation/2697338","ATRIBUICAO_COORDENADAS":"© OpenStreetMap contributors, ODbL 1.0","FONTES_NOME_ANTIGO":null,"JOGOS_SEM_GEOMETRIA":0}},{"type":"Feature","geometry":{"type":"Point","coordinates":[-43.4197703,-22.7954789]},"properties":{"SECAO":"BRABAS","TIPO_REGISTRO":"PONTO","NOME_ESTADIO":"Giulite Coutinho","NOME_ATUAL":"Giulite Coutinho","NOME_ANTIGO_1":"Giulite Coutinho (Édson Passos)","NOME_ANTIGO_2":"Édson Passos","ESTADIO":"Giulite Coutinho","ESTÁDIO":"Giulite Coutinho","NOME_ANTIGO":null,"NOMES_ALTERNATIVOS":"Giulite Coutinho (Édson Passos) | Édson Passos","CIDADE":"Mesquita","ESTADO":"Rio de Janeiro","PAÍS":"Brasil","PAIS_ISO3":null,"CAPACIDADE":null,"LATITUDE":-22.7954789,"LONGITUDE":-43.4197703,"TOTAL_JOGOS":0,"VITORIAS":0,"VITÓRIAS":0,"EMPATES":0,"DERROTAS":0,"PONTOS_CAMPEONATO":0,"APROVEITAMENTO_PCT":0,"GOLS_MARCADOS":0,"GOLS_SOFRIDOS":0,"SALDO_GOLS":0,"GOLS_POR_PARTIDA":0,"ASSISTENCIAS":null,"ASSISTENCIAS_DISPONIVEIS":false,"ASSISTENCIAS_FONTE":"Não consta nos arquivos locais do Meu Timão ou Daniel Keppler.","JOGOS_COM_PLACAR":0,"JOGOS_SEM_PLACAR":0,"PARTIDAS_DANIEL_KEPPLER":0,"PARTIDAS_MEUTIMAO":0,"FONTES_JOGOS":"","DATA_PRIMEIRA_PARTIDA":null,"ANO_PRIMEIRA_PARTIDA":null,"PRIMEIRA_PARTIDA":null,"ADVERSARIO":null,"PLACAR":null,"COMPETICAO_PRIMEIRA_PARTIDA":null,"MANDO_PRIMEIRA_PARTIDA":null,"FONTE_PRIMEIRA_PARTIDA":null,"DATA_ULTIMA_PARTIDA":null,"ANO_ULTIMA_PARTIDA":null,"ULTIMA_PARTIDA":"","ADVERSARIO_ULTIMA_PARTIDA":null,"PLACAR_ULTIMA_PARTIDA":null,"COMPETICAO_ULTIMA_PARTIDA":null,"MANDO_ULTIMA_PARTIDA":null,"FONTE_ULTIMA_PARTIDA":null,"NUM_ESTADIOS_NO_PONTO":1,"NUM_ESTADIOS_COM_JOGOS_NO_PONTO":0,"ESTADIOS_AGRUPADOS":"[{\"nome\":\"Giulite Coutinho\",\"nome_atual\":\"Giulite Coutinho\",\"nome_antigo_1\":\"Giulite Coutinho (Édson Passos)\",\"nome_antigo_2\":\"Édson Passos\",\"nomes_alternativos\":[\"Giulite Coutinho\",\"Giulite Coutinho (Édson Passos)\",\"Édson Passos\"],\"cidade\":\"Mesquita\",\"estado\":\"Rio de Janeiro\",\"pais\":\"Brasil\",\"capacidade\":null,\"jogos\":0,\"vitorias\":0,\"empates\":0,\"derrotas\":0,\"gols_marcados\":0,\"gols_sofridos\":0,\"data_primeira_partida\":null,\"data_ultima_partida\":null}]","STATUS_GEOMETRIA":"PONTO_CONSOLIDADO","PRECISAO_COORDENADAS":null,"FONTE_COORDENADAS":"OpenStreetMap Nominatim (geocodificação reversa)","URL_FONTE_COORDENADAS":"https://www.openstreetmap.org/relation/2709108","ATRIBUICAO_COORDENADAS":"© OpenStreetMap contributors, ODbL 1.0","FONTES_NOME_ANTIGO":null,"JOGOS_SEM_GEOMETRIA":0}},{"type":"Feature","geometry":{"type":"Point","coordinates":[-43.419062196875615,-22.795256355772853]},"properties":{"SECAO":"BRABAS","TIPO_REGISTRO":"PONTO","NOME_ESTADIO":"GIULITE COUTINHO (ARENA DO AMERICA / VERMELHÃO)","NOME_ATUAL":"GIULITE COUTINHO (ARENA DO AMERICA / VERMELHÃO)","NOME_ANTIGO_1":null,"NOME_ANTIGO_2":null,"ESTADIO":"GIULITE COUTINHO (ARENA DO AMERICA / VERMELHÃO)","ESTÁDIO":"GIULITE COUTINHO (ARENA DO AMERICA / VERMELHÃO)","NOME_ANTIGO":null,"NOMES_ALTERNATIVOS":"","CIDADE":"RIO DE JANEIRO ","ESTADO":"RIO DE JANEIRO","PAÍS":"BRASIL","PAIS_ISO3":null,"CAPACIDADE":"12150","LATITUDE":-22.795256355772853,"LONGITUDE":-43.419062196875615,"TOTAL_JOGOS":0,"VITORIAS":0,"VITÓRIAS":0,"EMPATES":0,"DERROTAS":0,"PONTOS_CAMPEONATO":0,"APROVEITAMENTO_PCT":0,"GOLS_MARCADOS":0,"GOLS_SOFRIDOS":0,"SALDO_GOLS":0,"GOLS_POR_PARTIDA":0,"ASSISTENCIAS":null,"ASSISTENCIAS_DISPONIVEIS":false,"ASSISTENCIAS_FONTE":"Não consta nos arquivos locais do Meu Timão ou Daniel Keppler.","JOGOS_COM_PLACAR":0,"JOGOS_SEM_PLACAR":0,"PARTIDAS_DANIEL_KEPPLER":0,"PARTIDAS_MEUTIMAO":0,"FONTES_JOGOS":"","DATA_PRIMEIRA_PARTIDA":null,"ANO_PRIMEIRA_PARTIDA":null,"PRIMEIRA_PARTIDA":null,"ADVERSARIO":null,"PLACAR":null,"COMPETICAO_PRIMEIRA_PARTIDA":null,"MANDO_PRIMEIRA_PARTIDA":null,"FONTE_PRIMEIRA_PARTIDA":null,"DATA_ULTIMA_PARTIDA":null,"ANO_ULTIMA_PARTIDA":null,"ULTIMA_PARTIDA":"","ADVERSARIO_ULTIMA_PARTIDA":null,"PLACAR_ULTIMA_PARTIDA":null,"COMPETICAO_ULTIMA_PARTIDA":null,"MANDO_ULTIMA_PARTIDA":null,"FONTE_ULTIMA_PARTIDA":null,"NUM_ESTADIOS_NO_PONTO":1,"NUM_ESTADIOS_COM_JOGOS_NO_PONTO":0,"ESTADIOS_AGRUPADOS":"[{\"nome\":\"GIULITE COUTINHO (ARENA DO AMERICA / VERMELHÃO)\",\"nome_atual\":\"GIULITE COUTINHO (ARENA DO AMERICA / VERMELHÃO)\",\"nome_antigo_1\":null,\"nome_antigo_2\":null,\"nomes_alternativos\":[\"GIULITE COUTINHO (ARENA DO AMERICA / VERMELHÃO)\"],\"cidade\":\"RIO DE JANEIRO \",\"estado\":\"RIO DE JANEIRO\",\"pais\":\"BRASIL\",\"capacidade\":\"12150\",\"jogos\":0,\"vitorias\":0,\"empates\":0,\"derrotas\":0,\"gols_marcados\":0,\"gols_sofridos\":0,\"data_primeira_partida\":null,\"data_ultima_partida\":null}]","STATUS_GEOMETRIA":"PONTO_CONSOLIDADO","PRECISAO_COORDENADAS":null,"FONTE_COORDENADAS":null,"URL_FONTE_COORDENADAS":null,"ATRIBUICAO_COORDENADAS":null,"FONTES_NOME_ANTIGO":null,"JOGOS_SEM_GEOMETRIA":0}},{"type":"Feature","geometry":{"type":"Point","coordinates":[-43.2935691,-22.893194]},"properties":{"SECAO":"BRABAS","TIPO_REGISTRO":"PONTO","NOME_ESTADIO":"Estádio Olímpico Nilton Santos","NOME_ATUAL":"Estádio Olímpico Nilton Santos","NOME_ANTIGO_1":"Estádio Olímpico João Havelange","NOME_ANTIGO_2":"Engenhão","ESTADIO":"Estádio Olímpico Nilton Santos","ESTÁDIO":"Estádio Olímpico Nilton Santos","NOME_ANTIGO":"Estádio Olímpico João Havelange","NOMES_ALTERNATIVOS":"Engenhão | Estádio Nilton Santos | Estádio Olímpico João Havelange | João Havelange | Nilton Santos | OLÍMPICO NILTON SANTOS (ENGENHÃO) | Stadium Rio","CIDADE":"RIO DE JANEIRO ","ESTADO":"RIO DE JANEIRO","PAÍS":"Brazil","PAIS_ISO3":null,"CAPACIDADE":"46931","LATITUDE":-22.893194,"LONGITUDE":-43.2935691,"TOTAL_JOGOS":2,"VITORIAS":2,"VITÓRIAS":2,"EMPATES":0,"DERROTAS":0,"PONTOS_CAMPEONATO":6,"APROVEITAMENTO_PCT":100.0,"GOLS_MARCADOS":5,"GOLS_SOFRIDOS":1,"SALDO_GOLS":4,"GOLS_POR_PARTIDA":2.5,"ASSISTENCIAS":null,"ASSISTENCIAS_DISPONIVEIS":false,"ASSISTENCIAS_FONTE":"Não consta nos arquivos locais do Meu Timão ou Daniel Keppler.","JOGOS_COM_PLACAR":2,"JOGOS_SEM_PLACAR":0,"PARTIDAS_DANIEL_KEPPLER":0,"PARTIDAS_MEUTIMAO":2,"FONTES_JOGOS":"Meu Timão","DATA_PRIMEIRA_PARTIDA":"2024-05-06","ANO_PRIMEIRA_PARTIDA":2024,"PRIMEIRA_PARTIDA":"BOTAFOGO 0x2 CORINTHIANS","ADVERSARIO":"BOTAFOGO","PLACAR":"0x2","COMPETICAO_PRIMEIRA_PARTIDA":"Brasileiro Feminino 2024","MANDO_PRIMEIRA_PARTIDA":"Não","FONTE_PRIMEIRA_PARTIDA":"https://www.meutimao.com.br/jogo/8035/brasileiro-feminino-2024/botafogo-0-x-2-corinthians","DATA_ULTIMA_PARTIDA":"2026-03-27","ANO_ULTIMA_PARTIDA":2026,"ULTIMA_PARTIDA":"BOTAFOGO 1x3 CORINTHIANS","ADVERSARIO_ULTIMA_PARTIDA":"BOTAFOGO","PLACAR_ULTIMA_PARTIDA":"1x3","COMPETICAO_ULTIMA_PARTIDA":"Brasileiro Feminino 2026","MANDO_ULTIMA_PARTIDA":"Não","FONTE_ULTIMA_PARTIDA":"Meu Timão","NUM_ESTADIOS_NO_PONTO":1,"NUM_ESTADIOS_COM_JOGOS_NO_PONTO":1,"ESTADIOS_AGRUPADOS":"[{\"nome\":\"Estádio Olímpico Nilton Santos\",\"nome_atual\":\"Estádio Olímpico Nilton Santos\",\"nome_antigo_1\":\"Estádio Olímpico João Havelange\",\"nome_antigo_2\":\"Engenhão\",\"nomes_alternativos\":[\"Engenhão\",\"Estádio Nilton Santos\",\"Estádio Olímpico João Havelange\",\"Estádio Olímpico Nilton Santos\",\"João Havelange\",\"Nilton Santos\",\"OLÍMPICO NILTON SANTOS (ENGENHÃO)\",\"Stadium Rio\"],\"cidade\":\"RIO DE JANEIRO \",\"estado\":\"RIO DE JANEIRO\",\"pais\":\"Brazil\",\"capacidade\":\"46931\",\"jogos\":2,\"vitorias\":2,\"empates\":0,\"derrotas\":0,\"gols_marcados\":5,\"gols_sofridos\":1,\"data_primeira_partida\":\"2024-05-06\",\"data_ultima_partida\":\"2026-03-27\"}]","STATUS_GEOMETRIA":"PONTO_CONSOLIDADO","PRECISAO_COORDENADAS":"Estádio identificado","FONTE_COORDENADAS":"OpenStreetMap Nominatim","URL_FONTE_COORDENADAS":"https://www.openstreetmap.org/relation/2339171","ATRIBUICAO_COORDENADAS":"© OpenStreetMap contributors, ODbL 1.0","FONTES_NOME_ANTIGO":"https://pt.wikipedia.org/wiki/Est%C3%A1dio_Ol%C3%ADmpico_Nilton_Santos | https://www.botafogo.com.br/nilton-santos-informacoes-tecnicas","JOGOS_SEM_GEOMETRIA":0}},{"type":"Feature","geometry":{"type":"Point","coordinates":[-43.26354127817607,-22.832520685914712]},"properties":{"SECAO":"BRABAS","TIPO_REGISTRO":"PONTO","NOME_ESTADIO":"CENTRO DE EDUCAÇÃO FÍSICA ALMIRANTE ADALBERTO NUNES - CEFAN","NOME_ATUAL":"CENTRO DE EDUCAÇÃO FÍSICA ALMIRANTE ADALBERTO NUNES - CEFAN","NOME_ANTIGO_1":null,"NOME_ANTIGO_2":null,"ESTADIO":"CENTRO DE EDUCAÇÃO FÍSICA ALMIRANTE ADALBERTO NUNES - CEFAN","ESTÁDIO":"CENTRO DE EDUCAÇÃO FÍSICA ALMIRANTE ADALBERTO NUNES - CEFAN","NOME_ANTIGO":null,"NOMES_ALTERNATIVOS":"","CIDADE":"RIO DE JANEIRO ","ESTADO":"RIO DE JANEIRO","PAÍS":"BRASIL","PAIS_ISO3":null,"CAPACIDADE":"1000","LATITUDE":-22.832520685914712,"LONGITUDE":-43.26354127817607,"TOTAL_JOGOS":0,"VITORIAS":0,"VITÓRIAS":0,"EMPATES":0,"DERROTAS":0,"PONTOS_CAMPEONATO":0,"APROVEITAMENTO_PCT":0,"GOLS_MARCADOS":0,"GOLS_SOFRIDOS":0,"SALDO_GOLS":0,"GOLS_POR_PARTIDA":0,"ASSISTENCIAS":null,"ASSISTENCIAS_DISPONIVEIS":false,"ASSISTENCIAS_FONTE":"Não consta nos arquivos locais do Meu Timão ou Daniel Keppler.","JOGOS_COM_PLACAR":0,"JOGOS_SEM_PLACAR":0,"PARTIDAS_DANIEL_KEPPLER":0,"PARTIDAS_MEUTIMAO":0,"FONTES_JOGOS":"","DATA_PRIMEIRA_PARTIDA":null,"ANO_PRIMEIRA_PARTIDA":null,"PRIMEIRA_PARTIDA":null,"ADVERSARIO":null,"PLACAR":null,"COMPETICAO_PRIMEIRA_PARTIDA":null,"MANDO_PRIMEIRA_PARTIDA":null,"FONTE_PRIMEIRA_PARTIDA":null,"DATA_ULTIMA_PARTIDA":null,"ANO_ULTIMA_PARTIDA":null,"ULTIMA_PARTIDA":"","ADVERSARIO_ULTIMA_PARTIDA":null,"PLACAR_ULTIMA_PARTIDA":null,"COMPETICAO_ULTIMA_PARTIDA":null,"MANDO_ULTIMA_PARTIDA":null,"FONTE_ULTIMA_PARTIDA":null,"NUM_ESTADIOS_NO_PONTO":1,"NUM_ESTADIOS_COM_JOGOS_NO_PONTO":0,"ESTADIOS_AGRUPADOS":"[{\"nome\":\"CENTRO DE EDUCAÇÃO FÍSICA ALMIRANTE ADALBERTO NUNES - CEFAN\",\"nome_atual\":\"CENTRO DE EDUCAÇÃO FÍSICA ALMIRANTE ADALBERTO NUNES - CEFAN\",\"nome_antigo_1\":null,\"nome_antigo_2\":null,\"nomes_alternativos\":[\"CENTRO DE EDUCAÇÃO FÍSICA ALMIRANTE ADALBERTO NUNES - CEFAN\"],\"cidade\":\"RIO DE JANEIRO \",\"estado\":\"RIO DE JANEIRO\",\"pais\":\"BRASIL\",\"capacidade\":\"1000\",\"jogos\":0,\"vitorias\":0,\"empates\":0,\"derrotas\":0,\"gols_marcados\":0,\"gols_sofridos\":0,\"data_primeira_partida\":null,\"data_ultima_partida\":null}]","STATUS_GEOMETRIA":"PONTO_CONSOLIDADO","PRECISAO_COORDENADAS":null,"FONTE_COORDENADAS":null,"URL_FONTE_COORDENADAS":null,"ATRIBUICAO_COORDENADAS":null,"FONTES_NOME_ANTIGO":null,"JOGOS_SEM_GEOMETRIA":0}},{"type":"Feature","geometry":{"type":"Point","coordinates":[-43.221570067471745,-22.978323663490634]},"properties":{"SECAO":"BRABAS","TIPO_REGISTRO":"PONTO","NOME_ESTADIO":"JOSÉ BASTOS PADILHA (GÁVEA)","NOME_ATUAL":"JOSÉ BASTOS PADILHA (GÁVEA)","NOME_ANTIGO_1":null,"NOME_ANTIGO_2":null,"ESTADIO":"JOSÉ BASTOS PADILHA (GÁVEA)","ESTÁDIO":"JOSÉ BASTOS PADILHA (GÁVEA)","NOME_ANTIGO":null,"NOMES_ALTERNATIVOS":"","CIDADE":"RIO DE JANEIRO ","ESTADO":"RIO DE JANEIRO","PAÍS":"BRASIL","PAIS_ISO3":null,"CAPACIDADE":"6000","LATITUDE":-22.978323663490634,"LONGITUDE":-43.221570067471745,"TOTAL_JOGOS":0,"VITORIAS":0,"VITÓRIAS":0,"EMPATES":0,"DERROTAS":0,"PONTOS_CAMPEONATO":0,"APROVEITAMENTO_PCT":0,"GOLS_MARCADOS":0,"GOLS_SOFRIDOS":0,"SALDO_GOLS":0,"GOLS_POR_PARTIDA":0,"ASSISTENCIAS":null,"ASSISTENCIAS_DISPONIVEIS":false,"ASSISTENCIAS_FONTE":"Não consta nos arquivos locais do Meu Timão ou Daniel Keppler.","JOGOS_COM_PLACAR":0,"JOGOS_SEM_PLACAR":0,"PARTIDAS_DANIEL_KEPPLER":0,"PARTIDAS_MEUTIMAO":0,"FONTES_JOGOS":"","DATA_PRIMEIRA_PARTIDA":null,"ANO_PRIMEIRA_PARTIDA":null,"PRIMEIRA_PARTIDA":null,"ADVERSARIO":null,"PLACAR":null,"COMPETICAO_PRIMEIRA_PARTIDA":null,"MANDO_PRIMEIRA_PARTIDA":null,"FONTE_PRIMEIRA_PARTIDA":null,"DATA_ULTIMA_PARTIDA":null,"ANO_ULTIMA_PARTIDA":null,"ULTIMA_PARTIDA":"","ADVERSARIO_ULTIMA_PARTIDA":null,"PLACAR_ULTIMA_PARTIDA":null,"COMPETICAO_ULTIMA_PARTIDA":null,"MANDO_ULTIMA_PARTIDA":null,"FONTE_ULTIMA_PARTIDA":null,"NUM_ESTADIOS_NO_PONTO":1,"NUM_ESTADIOS_COM_JOGOS_NO_PONTO":0,"ESTADIOS_AGRUPADOS":"[{\"nome\":\"JOSÉ BASTOS PADILHA (GÁVEA)\",\"nome_atual\":\"JOSÉ BASTOS PADILHA (GÁVEA)\",\"nome_antigo_1\":null,\"nome_antigo_2\":null,\"nomes_alternativos\":[\"JOSÉ BASTOS PADILHA (GÁVEA)\"],\"cidade\":\"RIO DE JANEIRO \",\"estado\":\"RIO DE JANEIRO\",\"pais\":\"BRASIL\",\"capacidade\":\"6000\",\"jogos\":0,\"vitorias\":0,\"empates\":0,\"derrotas\":0,\"gols_marcados\":0,\"gols_sofridos\":0,\"data_primeira_partida\":null,\"data_ultima_partida\":null}]","STATUS_GEOMETRIA":"PONTO_CONSOLIDADO","PRECISAO_COORDENADAS":null,"FONTE_COORDENADAS":null,"URL_FONTE_COORDENADAS":null,"ATRIBUICAO_COORDENADAS":null,"FONTES_NOME_ANTIGO":null,"JOGOS_SEM_GEOMETRIA":0}},{"type":"Feature","geometry":{"type":"Point","coordinates":[-43.2093727,-22.9110137]},"properties":{"SECAO":"BRABAS","TIPO_REGISTRO":"PONTO","NOME_ESTADIO":"Estádio da Gávea","NOME_ATUAL":"Estádio da Gávea","NOME_ANTIGO_1":null,"NOME_ANTIGO_2":null,"ESTADIO":"Estádio da Gávea","ESTÁDIO":"Estádio da Gávea","NOME_ANTIGO":null,"NOMES_ALTERNATIVOS":"CEFAN","CIDADE":"Rio de Janeiro","ESTADO":"Rio de Janeiro","PAÍS":"Brazil","PAIS_ISO3":null,"CAPACIDADE":"4000","LATITUDE":-22.9110137,"LONGITUDE":-43.2093727,"TOTAL_JOGOS":6,"VITORIAS":3,"VITÓRIAS":3,"EMPATES":1,"DERROTAS":2,"PONTOS_CAMPEONATO":10,"APROVEITAMENTO_PCT":55.6,"GOLS_MARCADOS":10,"GOLS_SOFRIDOS":7,"SALDO_GOLS":3,"GOLS_POR_PARTIDA":1.67,"ASSISTENCIAS":null,"ASSISTENCIAS_DISPONIVEIS":false,"ASSISTENCIAS_FONTE":"Não consta nos arquivos locais do Meu Timão ou Daniel Keppler.","JOGOS_COM_PLACAR":6,"JOGOS_SEM_PLACAR":0,"PARTIDAS_DANIEL_KEPPLER":0,"PARTIDAS_MEUTIMAO":6,"FONTES_JOGOS":"Meu Timão","DATA_PRIMEIRA_PARTIDA":"2016-04-12","ANO_PRIMEIRA_PARTIDA":2016,"PRIMEIRA_PARTIDA":"FLAMENGO 3x2 CORINTHIANS","ADVERSARIO":"FLAMENGO","PLACAR":"3x2","COMPETICAO_PRIMEIRA_PARTIDA":"Brasileirão 2016","MANDO_PRIMEIRA_PARTIDA":"Não","FONTE_PRIMEIRA_PARTIDA":"https://www.meutimao.com.br/jogo/4707/brasileirao-2016/flamengo-3-x-2-corinthians","DATA_ULTIMA_PARTIDA":"2022-06-11","ANO_ULTIMA_PARTIDA":2022,"ULTIMA_PARTIDA":"FLAMENGO 1x2 CORINTHIANS","ADVERSARIO_ULTIMA_PARTIDA":"FLAMENGO","PLACAR_ULTIMA_PARTIDA":"1x2","COMPETICAO_ULTIMA_PARTIDA":"Brasileiro Feminino 2022","MANDO_ULTIMA_PARTIDA":"Não","FONTE_ULTIMA_PARTIDA":"Meu Timão","NUM_ESTADIOS_NO_PONTO":2,"NUM_ESTADIOS_COM_JOGOS_NO_PONTO":2,"ESTADIOS_AGRUPADOS":"[{\"nome\":\"CEFAN\",\"nome_atual\":\"CEFAN\",\"nome_antigo_1\":null,\"nome_antigo_2\":null,\"nomes_alternativos\":[\"CEFAN\"],\"cidade\":\"Rio de Janeiro\",\"estado\":\"Rio de Janeiro\",\"pais\":\"Brazil\",\"capacidade\":\"1000\",\"jogos\":2,\"vitorias\":1,\"empates\":1,\"derrotas\":0,\"gols_marcados\":2,\"gols_sofridos\":1,\"data_primeira_partida\":\"2016-09-22\",\"data_ultima_partida\":\"2016-09-28\"},{\"nome\":\"Estádio da Gávea\",\"nome_atual\":\"Estádio da Gávea\",\"nome_antigo_1\":null,\"nome_antigo_2\":null,\"nomes_alternativos\":[\"Estádio da Gávea\"],\"cidade\":\"Rio de Janeiro\",\"estado\":\"Rio de Janeiro\",\"pais\":\"Brazil\",\"capacidade\":\"4000\",\"jogos\":4,\"vitorias\":2,\"empates\":0,\"derrotas\":2,\"gols_marcados\":8,\"gols_sofridos\":6,\"data_primeira_partida\":\"2016-04-12\",\"data_ultima_partida\":\"2022-06-11\"}]","STATUS_GEOMETRIA":"PONTO_CONSOLIDADO","PRECISAO_COORDENADAS":"Município (estádio exato não identificado)","FONTE_COORDENADAS":"OpenStreetMap Nominatim (localidade aproximada)","URL_FONTE_COORDENADAS":"https://www.openstreetmap.org/relation/2697338","ATRIBUICAO_COORDENADAS":"© OpenStreetMap contributors, ODbL 1.0","FONTES_NOME_ANTIGO":null,"JOGOS_SEM_GEOMETRIA":0}},{"type":"Feature","geometry":{"type":"Point","coordinates":[-43.2081599,-22.8017154]},"properties":{"SECAO":"BRABAS","TIPO_REGISTRO":"PONTO","NOME_ESTADIO":"Luso Brasileiro","NOME_ATUAL":"Luso Brasileiro","NOME_ANTIGO_1":null,"NOME_ANTIGO_2":null,"ESTADIO":"Luso Brasileiro","ESTÁDIO":"Luso Brasileiro","NOME_ANTIGO":null,"NOMES_ALTERNATIVOS":"","CIDADE":"Rio de Janeiro","ESTADO":"Rio de Janeiro","PAÍS":"Brazil","PAIS_ISO3":null,"CAPACIDADE":"18000","LATITUDE":-22.8017154,"LONGITUDE":-43.2081599,"TOTAL_JOGOS":2,"VITORIAS":2,"VITÓRIAS":2,"EMPATES":0,"DERROTAS":0,"PONTOS_CAMPEONATO":6,"APROVEITAMENTO_PCT":100.0,"GOLS_MARCADOS":4,"GOLS_SOFRIDOS":2,"SALDO_GOLS":2,"GOLS_POR_PARTIDA":2.0,"ASSISTENCIAS":null,"ASSISTENCIAS_DISPONIVEIS":false,"ASSISTENCIAS_FONTE":"Não consta nos arquivos locais do Meu Timão ou Daniel Keppler.","JOGOS_COM_PLACAR":2,"JOGOS_SEM_PLACAR":0,"PARTIDAS_DANIEL_KEPPLER":0,"PARTIDAS_MEUTIMAO":2,"FONTES_JOGOS":"Meu Timão","DATA_PRIMEIRA_PARTIDA":"2024-03-25","ANO_PRIMEIRA_PARTIDA":2024,"PRIMEIRA_PARTIDA":"FLAMENGO 2x3 CORINTHIANS","ADVERSARIO":"FLAMENGO","PLACAR":"2x3","COMPETICAO_PRIMEIRA_PARTIDA":"Brasileiro Feminino 2024","MANDO_PRIMEIRA_PARTIDA":"Não","FONTE_PRIMEIRA_PARTIDA":"https://www.meutimao.com.br/jogo/8029/brasileiro-feminino-2024/flamengo-2-x-3-corinthians","DATA_ULTIMA_PARTIDA":"2026-08-03","ANO_ULTIMA_PARTIDA":2026,"ULTIMA_PARTIDA":"FLAMENGO 0x1 CORINTHIANS","ADVERSARIO_ULTIMA_PARTIDA":"FLAMENGO","PLACAR_ULTIMA_PARTIDA":"0x1","COMPETICAO_ULTIMA_PARTIDA":"Brasileiro Feminino 2026","MANDO_ULTIMA_PARTIDA":"Não","FONTE_ULTIMA_PARTIDA":"Meu Timão","NUM_ESTADIOS_NO_PONTO":1,"NUM_ESTADIOS_COM_JOGOS_NO_PONTO":1,"ESTADIOS_AGRUPADOS":"[{\"nome\":\"Luso Brasileiro\",\"nome_atual\":\"Luso Brasileiro\",\"nome_antigo_1\":null,\"nome_antigo_2\":null,\"nomes_alternativos\":[\"Luso Brasileiro\"],\"cidade\":\"Rio de Janeiro\",\"estado\":\"Rio de Janeiro\",\"pais\":\"Brazil\",\"capacidade\":\"18000\",\"jogos\":2,\"vitorias\":2,\"empates\":0,\"derrotas\":0,\"gols_marcados\":4,\"gols_sofridos\":2,\"data_primeira_partida\":\"2024-03-25\",\"data_ultima_partida\":\"2026-08-03\"}]","STATUS_GEOMETRIA":"PONTO_CONSOLIDADO","PRECISAO_COORDENADAS":"Estádio identificado","FONTE_COORDENADAS":"OpenStreetMap Nominatim","URL_FONTE_COORDENADAS":"https://www.openstreetmap.org/way/499897352","ATRIBUICAO_COORDENADAS":"© OpenStreetMap contributors, ODbL 1.0","FONTES_NOME_ANTIGO":null,"JOGOS_SEM_GEOMETRIA":0}},{"type":"Feature","geometry":{"type":"Point","coordinates":[-43.20747234843782,-22.801433427456193]},"properties":{"SECAO":"BRABAS","TIPO_REGISTRO":"PONTO","NOME_ESTADIO":"LUSO-BRASILEIRO (ESTÁDIO DOS VENTOS UIVANTES)","NOME_ATUAL":"LUSO-BRASILEIRO (ESTÁDIO DOS VENTOS UIVANTES)","NOME_ANTIGO_1":null,"NOME_ANTIGO_2":null,"ESTADIO":"LUSO-BRASILEIRO (ESTÁDIO DOS VENTOS UIVANTES)","ESTÁDIO":"LUSO-BRASILEIRO (ESTÁDIO DOS VENTOS UIVANTES)","NOME_ANTIGO":null,"NOMES_ALTERNATIVOS":"","CIDADE":"RIO DE JANEIRO ","ESTADO":"RIO DE JANEIRO","PAÍS":"BRASIL","PAIS_ISO3":null,"CAPACIDADE":"5044","LATITUDE":-22.801433427456193,"LONGITUDE":-43.20747234843782,"TOTAL_JOGOS":0,"VITORIAS":0,"VITÓRIAS":0,"EMPATES":0,"DERROTAS":0,"PONTOS_CAMPEONATO":0,"APROVEITAMENTO_PCT":0,"GOLS_MARCADOS":0,"GOLS_SOFRIDOS":0,"SALDO_GOLS":0,"GOLS_POR_PARTIDA":0,"ASSISTENCIAS":null,"ASSISTENCIAS_DISPONIVEIS":false,"ASSISTENCIAS_FONTE":"Não consta nos arquivos locais do Meu Timão ou Daniel Keppler.","JOGOS_COM_PLACAR":0,"JOGOS_SEM_PLACAR":0,"PARTIDAS_DANIEL_KEPPLER":0,"PARTIDAS_MEUTIMAO":0,"FONTES_JOGOS":"","DATA_PRIMEIRA_PARTIDA":null,"ANO_PRIMEIRA_PARTIDA":null,"PRIMEIRA_PARTIDA":null,"ADVERSARIO":null,"PLACAR":null,"COMPETICAO_PRIMEIRA_PARTIDA":null,"MANDO_PRIMEIRA_PARTIDA":null,"FONTE_PRIMEIRA_PARTIDA":null,"DATA_ULTIMA_PARTIDA":null,"ANO_ULTIMA_PARTIDA":null,"ULTIMA_PARTIDA":"","ADVERSARIO_ULTIMA_PARTIDA":null,"PLACAR_ULTIMA_PARTIDA":null,"COMPETICAO_ULTIMA_PARTIDA":null,"MANDO_ULTIMA_PARTIDA":null,"FONTE_ULTIMA_PARTIDA":null,"NUM_ESTADIOS_NO_PONTO":1,"NUM_ESTADIOS_COM_JOGOS_NO_PONTO":0,"ESTADIOS_AGRUPADOS":"[{\"nome\":\"LUSO-BRASILEIRO (ESTÁDIO DOS VENTOS UIVANTES)\",\"nome_atual\":\"LUSO-BRASILEIRO (ESTÁDIO DOS VENTOS UIVANTES)\",\"nome_antigo_1\":null,\"nome_antigo_2\":null,\"nomes_alternativos\":[\"LUSO-BRASILEIRO (ESTÁDIO DOS VENTOS UIVANTES)\"],\"cidade\":\"RIO DE JANEIRO \",\"estado\":\"RIO DE JANEIRO\",\"pais\":\"BRASIL\",\"capacidade\":\"5044\",\"jogos\":0,\"vitorias\":0,\"empates\":0,\"derrotas\":0,\"gols_marcados\":0,\"gols_sofridos\":0,\"data_primeira_partida\":null,\"data_ultima_partida\":null}]","STATUS_GEOMETRIA":"PONTO_CONSOLIDADO","PRECISAO_COORDENADAS":null,"FONTE_COORDENADAS":null,"URL_FONTE_COORDENADAS":null,"ATRIBUICAO_COORDENADAS":null,"FONTES_NOME_ANTIGO":null,"JOGOS_SEM_GEOMETRIA":0}},{"type":"Feature","geometry":{"type":"Point","coordinates":[-42.5411241582391,-19.471272168163804]},"properties":{"SECAO":"BRABAS","TIPO_REGISTRO":"PONTO","NOME_ESTADIO":"JOÃO LAMEGO NETTO (IPATINGÃO)","NOME_ATUAL":"JOÃO LAMEGO NETTO (IPATINGÃO)","NOME_ANTIGO_1":null,"NOME_ANTIGO_2":null,"ESTADIO":"JOÃO LAMEGO NETTO (IPATINGÃO)","ESTÁDIO":"JOÃO LAMEGO NETTO (IPATINGÃO)","NOME_ANTIGO":null,"NOMES_ALTERNATIVOS":"","CIDADE":"IPATINGA ","ESTADO":"MINAS GERAIS","PAÍS":"BRASIL","PAIS_ISO3":null,"CAPACIDADE":"22500","LATITUDE":-19.471272168163804,"LONGITUDE":-42.5411241582391,"TOTAL_JOGOS":1,"VITORIAS":1,"VITÓRIAS":1,"EMPATES":0,"DERROTAS":0,"PONTOS_CAMPEONATO":3,"APROVEITAMENTO_PCT":100.0,"GOLS_MARCADOS":5,"GOLS_SOFRIDOS":1,"SALDO_GOLS":4,"GOLS_POR_PARTIDA":5.0,"ASSISTENCIAS":null,"ASSISTENCIAS_DISPONIVEIS":false,"ASSISTENCIAS_FONTE":"Não consta nos arquivos locais do Meu Timão ou Daniel Keppler.","JOGOS_COM_PLACAR":1,"JOGOS_SEM_PLACAR":0,"PARTIDAS_DANIEL_KEPPLER":1,"PARTIDAS_MEUTIMAO":0,"FONTES_JOGOS":"Daniel Keppler","DATA_PRIMEIRA_PARTIDA":"2008-11-02","ANO_PRIMEIRA_PARTIDA":2008,"PRIMEIRA_PARTIDA":"IGUAÇU-MG 1x5 CORINTHIANS","ADVERSARIO":"IGUAÇU-MG","PLACAR":"1x5","COMPETICAO_PRIMEIRA_PARTIDA":"COPA DO BRASIL","MANDO_PRIMEIRA_PARTIDA":"Não","FONTE_PRIMEIRA_PARTIDA":null,"DATA_ULTIMA_PARTIDA":"2008-11-02","ANO_ULTIMA_PARTIDA":2008,"ULTIMA_PARTIDA":"IGUAÇU-MG 1x5 CORINTHIANS","ADVERSARIO_ULTIMA_PARTIDA":"IGUAÇU-MG","PLACAR_ULTIMA_PARTIDA":"1x5","COMPETICAO_ULTIMA_PARTIDA":"COPA DO BRASIL","MANDO_ULTIMA_PARTIDA":"Não","FONTE_ULTIMA_PARTIDA":"Daniel Keppler","NUM_ESTADIOS_NO_PONTO":1,"NUM_ESTADIOS_COM_JOGOS_NO_PONTO":1,"ESTADIOS_AGRUPADOS":"[{\"nome\":\"JOÃO LAMEGO NETTO (IPATINGÃO)\",\"nome_atual\":\"JOÃO LAMEGO NETTO (IPATINGÃO)\",\"nome_antigo_1\":null,\"nome_antigo_2\":null,\"nomes_alternativos\":[\"JOÃO LAMEGO NETTO (IPATINGÃO)\"],\"cidade\":\"IPATINGA \",\"estado\":\"MINAS GERAIS\",\"pais\":\"BRASIL\",\"capacidade\":\"22500\",\"jogos\":1,\"vitorias\":1,\"empates\":0,\"derrotas\":0,\"gols_marcados\":5,\"gols_sofridos\":1,\"data_primeira_partida\":\"2008-11-02\",\"data_ultima_partida\":\"2008-11-02\"}]","STATUS_GEOMETRIA":"PONTO_CONSOLIDADO","PRECISAO_COORDENADAS":null,"FONTE_COORDENADAS":null,"URL_FONTE_COORDENADAS":null,"ATRIBUICAO_COORDENADAS":null,"FONTES_NOME_ANTIGO":null,"JOGOS_SEM_GEOMETRIA":0}},{"type":"Feature","geometry":{"type":"Point","coordinates":[-42.3378537,-21.1273544]},"properties":{"SECAO":"BRABAS","TIPO_REGISTRO":"PONTO","NOME_ESTADIO":"Estádio Soares de Azevedo","NOME_ATUAL":"Estádio Soares de Azevedo","NOME_ANTIGO_1":null,"NOME_ANTIGO_2":null,"ESTADIO":"Estádio Soares de Azevedo","ESTÁDIO":"Estádio Soares de Azevedo","NOME_ANTIGO":null,"NOMES_ALTERNATIVOS":"","CIDADE":"Muriaé","ESTADO":"Minas Gerais","PAÍS":"Brazil","PAIS_ISO3":null,"CAPACIDADE":"13971","LATITUDE":-21.1273544,"LONGITUDE":-42.3378537,"TOTAL_JOGOS":1,"VITORIAS":1,"VITÓRIAS":1,"EMPATES":0,"DERROTAS":0,"PONTOS_CAMPEONATO":3,"APROVEITAMENTO_PCT":100.0,"GOLS_MARCADOS":2,"GOLS_SOFRIDOS":1,"SALDO_GOLS":1,"GOLS_POR_PARTIDA":2.0,"ASSISTENCIAS":null,"ASSISTENCIAS_DISPONIVEIS":false,"ASSISTENCIAS_FONTE":"Não consta nos arquivos locais do Meu Timão ou Daniel Keppler.","JOGOS_COM_PLACAR":1,"JOGOS_SEM_PLACAR":0,"PARTIDAS_DANIEL_KEPPLER":0,"PARTIDAS_MEUTIMAO":1,"FONTES_JOGOS":"Meu Timão","DATA_PRIMEIRA_PARTIDA":"2023-06-19","ANO_PRIMEIRA_PARTIDA":2023,"PRIMEIRA_PARTIDA":"CRUZEIRO 1x2 CORINTHIANS","ADVERSARIO":"CRUZEIRO","PLACAR":"1x2","COMPETICAO_PRIMEIRA_PARTIDA":"Brasileiro Feminino 2023","MANDO_PRIMEIRA_PARTIDA":"Não","FONTE_PRIMEIRA_PARTIDA":"https://www.meutimao.com.br/jogo/7785/brasileiro-feminino-2023/quartas_de_final/cruzeiro-1-x-2-corinthians","DATA_ULTIMA_PARTIDA":"2023-06-19","ANO_ULTIMA_PARTIDA":2023,"ULTIMA_PARTIDA":"CRUZEIRO 1x2 CORINTHIANS","ADVERSARIO_ULTIMA_PARTIDA":"CRUZEIRO","PLACAR_ULTIMA_PARTIDA":"1x2","COMPETICAO_ULTIMA_PARTIDA":"Brasileiro Feminino 2023","MANDO_ULTIMA_PARTIDA":"Não","FONTE_ULTIMA_PARTIDA":"Meu Timão","NUM_ESTADIOS_NO_PONTO":1,"NUM_ESTADIOS_COM_JOGOS_NO_PONTO":1,"ESTADIOS_AGRUPADOS":"[{\"nome\":\"Estádio Soares de Azevedo\",\"nome_atual\":\"Estádio Soares de Azevedo\",\"nome_antigo_1\":null,\"nome_antigo_2\":null,\"nomes_alternativos\":[\"Estádio Soares de Azevedo\"],\"cidade\":\"Muriaé\",\"estado\":\"Minas Gerais\",\"pais\":\"Brazil\",\"capacidade\":\"13971\",\"jogos\":1,\"vitorias\":1,\"empates\":0,\"derrotas\":0,\"gols_marcados\":2,\"gols_sofridos\":1,\"data_primeira_partida\":\"2023-06-19\",\"data_ultima_partida\":\"2023-06-19\"}]","STATUS_GEOMETRIA":"PONTO_CONSOLIDADO","PRECISAO_COORDENADAS":"Estádio identificado","FONTE_COORDENADAS":"OpenStreetMap Nominatim","URL_FONTE_COORDENADAS":"https://www.openstreetmap.org/way/314213967","ATRIBUICAO_COORDENADAS":"© OpenStreetMap contributors, ODbL 1.0","FONTES_NOME_ANTIGO":null,"JOGOS_SEM_GEOMETRIA":0}},{"type":"Feature","geometry":{"type":"Point","coordinates":[-42.33714706619389,-21.126403210954635]},"properties":{"SECAO":"BRABAS","TIPO_REGISTRO":"PONTO","NOME_ESTADIO":"SOARES DE AZEVEDO (GIGANTE DA 356)","NOME_ATUAL":"SOARES DE AZEVEDO (GIGANTE DA 356)","NOME_ANTIGO_1":null,"NOME_ANTIGO_2":null,"ESTADIO":"SOARES DE AZEVEDO (GIGANTE DA 356)","ESTÁDIO":"SOARES DE AZEVEDO (GIGANTE DA 356)","NOME_ANTIGO":null,"NOMES_ALTERNATIVOS":"","CIDADE":"MURIAÉ","ESTADO":"MINAS GERAIS","PAÍS":"BRASIL","PAIS_ISO3":null,"CAPACIDADE":"13971","LATITUDE":-21.126403210954635,"LONGITUDE":-42.33714706619389,"TOTAL_JOGOS":0,"VITORIAS":0,"VITÓRIAS":0,"EMPATES":0,"DERROTAS":0,"PONTOS_CAMPEONATO":0,"APROVEITAMENTO_PCT":0,"GOLS_MARCADOS":0,"GOLS_SOFRIDOS":0,"SALDO_GOLS":0,"GOLS_POR_PARTIDA":0,"ASSISTENCIAS":null,"ASSISTENCIAS_DISPONIVEIS":false,"ASSISTENCIAS_FONTE":"Não consta nos arquivos locais do Meu Timão ou Daniel Keppler.","JOGOS_COM_PLACAR":0,"JOGOS_SEM_PLACAR":0,"PARTIDAS_DANIEL_KEPPLER":0,"PARTIDAS_MEUTIMAO":0,"FONTES_JOGOS":"","DATA_PRIMEIRA_PARTIDA":null,"ANO_PRIMEIRA_PARTIDA":null,"PRIMEIRA_PARTIDA":null,"ADVERSARIO":null,"PLACAR":null,"COMPETICAO_PRIMEIRA_PARTIDA":null,"MANDO_PRIMEIRA_PARTIDA":null,"FONTE_PRIMEIRA_PARTIDA":null,"DATA_ULTIMA_PARTIDA":null,"ANO_ULTIMA_PARTIDA":null,"ULTIMA_PARTIDA":"","ADVERSARIO_ULTIMA_PARTIDA":null,"PLACAR_ULTIMA_PARTIDA":null,"COMPETICAO_ULTIMA_PARTIDA":null,"MANDO_ULTIMA_PARTIDA":null,"FONTE_ULTIMA_PARTIDA":null,"NUM_ESTADIOS_NO_PONTO":1,"NUM_ESTADIOS_COM_JOGOS_NO_PONTO":0,"ESTADIOS_AGRUPADOS":"[{\"nome\":\"SOARES DE AZEVEDO (GIGANTE DA 356)\",\"nome_atual\":\"SOARES DE AZEVEDO (GIGANTE DA 356)\",\"nome_antigo_1\":null,\"nome_antigo_2\":null,\"nomes_alternativos\":[\"SOARES DE AZEVEDO (GIGANTE DA 356)\"],\"cidade\":\"MURIAÉ\",\"estado\":\"MINAS GERAIS\",\"pais\":\"BRASIL\",\"capacidade\":\"13971\",\"jogos\":0,\"vitorias\":0,\"empates\":0,\"derrotas\":0,\"gols_marcados\":0,\"gols_sofridos\":0,\"data_primeira_partida\":null,\"data_ultima_partida\":null}]","STATUS_GEOMETRIA":"PONTO_CONSOLIDADO","PRECISAO_COORDENADAS":null,"FONTE_COORDENADAS":null,"URL_FONTE_COORDENADAS":null,"ATRIBUICAO_COORDENADAS":null,"FONTES_NOME_ANTIGO":null,"JOGOS_SEM_GEOMETRIA":0}},{"type":"Feature","geometry":{"type":"Point","coordinates":[-40.38458511406303,-20.332542717054267]},"properties":{"SECAO":"BRABAS","TIPO_REGISTRO":"PONTO","NOME_ESTADIO":"KLEBER ANDRADE","NOME_ATUAL":"KLEBER ANDRADE","NOME_ANTIGO_1":null,"NOME_ANTIGO_2":null,"ESTADIO":"KLEBER ANDRADE","ESTÁDIO":"KLEBER ANDRADE","NOME_ANTIGO":null,"NOMES_ALTERNATIVOS":"","CIDADE":"CARIACICA","ESTADO":"ESPÍRITO SANTO","PAÍS":"BRASIL","PAIS_ISO3":null,"CAPACIDADE":"21000","LATITUDE":-20.332542717054267,"LONGITUDE":-40.38458511406303,"TOTAL_JOGOS":1,"VITORIAS":1,"VITÓRIAS":1,"EMPATES":0,"DERROTAS":0,"PONTOS_CAMPEONATO":3,"APROVEITAMENTO_PCT":100.0,"GOLS_MARCADOS":2,"GOLS_SOFRIDOS":1,"SALDO_GOLS":1,"GOLS_POR_PARTIDA":2.0,"ASSISTENCIAS":null,"ASSISTENCIAS_DISPONIVEIS":false,"ASSISTENCIAS_FONTE":"Não consta nos arquivos locais do Meu Timão ou Daniel Keppler.","JOGOS_COM_PLACAR":1,"JOGOS_SEM_PLACAR":0,"PARTIDAS_DANIEL_KEPPLER":0,"PARTIDAS_MEUTIMAO":1,"FONTES_JOGOS":"Meu Timão","DATA_PRIMEIRA_PARTIDA":"2019-09-08","ANO_PRIMEIRA_PARTIDA":2019,"PRIMEIRA_PARTIDA":"FLAMENGO 1x2 CORINTHIANS","ADVERSARIO":"FLAMENGO","PLACAR":"1x2","COMPETICAO_PRIMEIRA_PARTIDA":"Brasileiro Feminino 2019","MANDO_PRIMEIRA_PARTIDA":"Não","FONTE_PRIMEIRA_PARTIDA":"https://www.meutimao.com.br/jogo/1336/brasileiro-feminino-2019/flamengo-1-x-2-corinthians","DATA_ULTIMA_PARTIDA":"2019-09-08","ANO_ULTIMA_PARTIDA":2019,"ULTIMA_PARTIDA":"FLAMENGO 1x2 CORINTHIANS","ADVERSARIO_ULTIMA_PARTIDA":"FLAMENGO","PLACAR_ULTIMA_PARTIDA":"1x2","COMPETICAO_ULTIMA_PARTIDA":"Brasileiro Feminino 2019","MANDO_ULTIMA_PARTIDA":"Não","FONTE_ULTIMA_PARTIDA":"Meu Timão","NUM_ESTADIOS_NO_PONTO":1,"NUM_ESTADIOS_COM_JOGOS_NO_PONTO":1,"ESTADIOS_AGRUPADOS":"[{\"nome\":\"KLEBER ANDRADE\",\"nome_atual\":\"KLEBER ANDRADE\",\"nome_antigo_1\":null,\"nome_antigo_2\":null,\"nomes_alternativos\":[\"KLEBER ANDRADE\"],\"cidade\":\"CARIACICA\",\"estado\":\"ESPÍRITO SANTO\",\"pais\":\"BRASIL\",\"capacidade\":\"21000\",\"jogos\":1,\"vitorias\":1,\"empates\":0,\"derrotas\":0,\"gols_marcados\":2,\"gols_sofridos\":1,\"data_primeira_partida\":\"2019-09-08\",\"data_ultima_partida\":\"2019-09-08\"}]","STATUS_GEOMETRIA":"PONTO_CONSOLIDADO","PRECISAO_COORDENADAS":null,"FONTE_COORDENADAS":"OpenStreetMap Nominatim (geocodificação reversa)","URL_FONTE_COORDENADAS":"https://www.openstreetmap.org/relation/1825819","ATRIBUICAO_COORDENADAS":"© OpenStreetMap contributors, ODbL 1.0","FONTES_NOME_ANTIGO":null,"JOGOS_SEM_GEOMETRIA":0}},{"type":"Feature","geometry":{"type":"Point","coordinates":[-38.684901560085635,-12.623608328259063]},"properties":{"SECAO":"BRABAS","TIPO_REGISTRO":"PONTO","NOME_ESTADIO":"JUNQUEIRA AYRES","NOME_ATUAL":"JUNQUEIRA AYRES","NOME_ANTIGO_1":null,"NOME_ANTIGO_2":null,"ESTADIO":"JUNQUEIRA AYRES","ESTÁDIO":"JUNQUEIRA AYRES","NOME_ANTIGO":null,"NOMES_ALTERNATIVOS":"","CIDADE":"SÃO FRANCISCO DO CONDE ","ESTADO":"BAHIA","PAÍS":"BRASIL","PAIS_ISO3":null,"CAPACIDADE":"3000","LATITUDE":-12.623608328259063,"LONGITUDE":-38.684901560085635,"TOTAL_JOGOS":2,"VITORIAS":1,"VITÓRIAS":1,"EMPATES":1,"DERROTAS":0,"PONTOS_CAMPEONATO":4,"APROVEITAMENTO_PCT":66.7,"GOLS_MARCADOS":4,"GOLS_SOFRIDOS":0,"SALDO_GOLS":4,"GOLS_POR_PARTIDA":2.0,"ASSISTENCIAS":null,"ASSISTENCIAS_DISPONIVEIS":false,"ASSISTENCIAS_FONTE":"Não consta nos arquivos locais do Meu Timão ou Daniel Keppler.","JOGOS_COM_PLACAR":2,"JOGOS_SEM_PLACAR":0,"PARTIDAS_DANIEL_KEPPLER":0,"PARTIDAS_MEUTIMAO":2,"FONTES_JOGOS":"Meu Timão","DATA_PRIMEIRA_PARTIDA":"2017-03-12","ANO_PRIMEIRA_PARTIDA":2017,"PRIMEIRA_PARTIDA":"SÃO FRANCISCO 0x4 CORINTHIANS","ADVERSARIO":"SÃO FRANCISCO","PLACAR":"0x4","COMPETICAO_PRIMEIRA_PARTIDA":"Brasileirão Feminino 2017","MANDO_PRIMEIRA_PARTIDA":"Não","FONTE_PRIMEIRA_PARTIDA":"https://www.meutimao.com.br/jogo/5152/brasileirao-feminino-2017/sao_francisco-0-x-4-corinthians","DATA_ULTIMA_PARTIDA":"2018-08-22","ANO_ULTIMA_PARTIDA":2018,"ULTIMA_PARTIDA":"SÃO FRANCISCO 0x0 CORINTHIANS","ADVERSARIO_ULTIMA_PARTIDA":"SÃO FRANCISCO","PLACAR_ULTIMA_PARTIDA":"0x0","COMPETICAO_ULTIMA_PARTIDA":"Brasileiro Feminino 2018","MANDO_ULTIMA_PARTIDA":"Não","FONTE_ULTIMA_PARTIDA":"Meu Timão","NUM_ESTADIOS_NO_PONTO":1,"NUM_ESTADIOS_COM_JOGOS_NO_PONTO":1,"ESTADIOS_AGRUPADOS":"[{\"nome\":\"JUNQUEIRA AYRES\",\"nome_atual\":\"JUNQUEIRA AYRES\",\"nome_antigo_1\":null,\"nome_antigo_2\":null,\"nomes_alternativos\":[\"JUNQUEIRA AYRES\"],\"cidade\":\"SÃO FRANCISCO DO CONDE \",\"estado\":\"BAHIA\",\"pais\":\"BRASIL\",\"capacidade\":\"3000\",\"jogos\":2,\"vitorias\":1,\"empates\":1,\"derrotas\":0,\"gols_marcados\":4,\"gols_sofridos\":0,\"data_primeira_partida\":\"2017-03-12\",\"data_ultima_partida\":\"2018-08-22\"}]","STATUS_GEOMETRIA":"PONTO_CONSOLIDADO","PRECISAO_COORDENADAS":null,"FONTE_COORDENADAS":null,"URL_FONTE_COORDENADAS":null,"ATRIBUICAO_COORDENADAS":null,"FONTES_NOME_ANTIGO":null,"JOGOS_SEM_GEOMETRIA":0}},{"type":"Feature","geometry":{"type":"Point","coordinates":[-38.5043711,-12.97883]},"properties":{"SECAO":"BRABAS","TIPO_REGISTRO":"PONTO","NOME_ESTADIO":"Arena Fonte Nova","NOME_ATUAL":"Arena Fonte Nova","NOME_ANTIGO_1":"Fonte Nova","NOME_ANTIGO_2":null,"ESTADIO":"Arena Fonte Nova","ESTÁDIO":"Arena Fonte Nova","NOME_ANTIGO":null,"NOMES_ALTERNATIVOS":"Fonte Nova","CIDADE":"SALVADOR","ESTADO":"BAHIA","PAÍS":"BRASIL","PAIS_ISO3":null,"CAPACIDADE":"48661","LATITUDE":-12.97883,"LONGITUDE":-38.5043711,"TOTAL_JOGOS":0,"VITORIAS":0,"VITÓRIAS":0,"EMPATES":0,"DERROTAS":0,"PONTOS_CAMPEONATO":0,"APROVEITAMENTO_PCT":0,"GOLS_MARCADOS":0,"GOLS_SOFRIDOS":0,"SALDO_GOLS":0,"GOLS_POR_PARTIDA":0,"ASSISTENCIAS":null,"ASSISTENCIAS_DISPONIVEIS":false,"ASSISTENCIAS_FONTE":"Não consta nos arquivos locais do Meu Timão ou Daniel Keppler.","JOGOS_COM_PLACAR":0,"JOGOS_SEM_PLACAR":0,"PARTIDAS_DANIEL_KEPPLER":0,"PARTIDAS_MEUTIMAO":0,"FONTES_JOGOS":"","DATA_PRIMEIRA_PARTIDA":null,"ANO_PRIMEIRA_PARTIDA":null,"PRIMEIRA_PARTIDA":null,"ADVERSARIO":null,"PLACAR":null,"COMPETICAO_PRIMEIRA_PARTIDA":null,"MANDO_PRIMEIRA_PARTIDA":null,"FONTE_PRIMEIRA_PARTIDA":null,"DATA_ULTIMA_PARTIDA":null,"ANO_ULTIMA_PARTIDA":null,"ULTIMA_PARTIDA":"","ADVERSARIO_ULTIMA_PARTIDA":null,"PLACAR_ULTIMA_PARTIDA":null,"COMPETICAO_ULTIMA_PARTIDA":null,"MANDO_ULTIMA_PARTIDA":null,"FONTE_ULTIMA_PARTIDA":null,"NUM_ESTADIOS_NO_PONTO":1,"NUM_ESTADIOS_COM_JOGOS_NO_PONTO":0,"ESTADIOS_AGRUPADOS":"[{\"nome\":\"Arena Fonte Nova\",\"nome_atual\":\"Arena Fonte Nova\",\"nome_antigo_1\":\"Fonte Nova\",\"nome_antigo_2\":null,\"nomes_alternativos\":[\"Arena Fonte Nova\",\"Fonte Nova\"],\"cidade\":\"SALVADOR\",\"estado\":\"BAHIA\",\"pais\":\"BRASIL\",\"capacidade\":\"48661\",\"jogos\":0,\"vitorias\":0,\"empates\":0,\"derrotas\":0,\"gols_marcados\":0,\"gols_sofridos\":0,\"data_primeira_partida\":null,\"data_ultima_partida\":null}]","STATUS_GEOMETRIA":"PONTO_CONSOLIDADO","PRECISAO_COORDENADAS":null,"FONTE_COORDENADAS":"OpenStreetMap Nominatim (geocodificação reversa)","URL_FONTE_COORDENADAS":"https://www.openstreetmap.org/relation/362362","ATRIBUICAO_COORDENADAS":"© OpenStreetMap contributors, ODbL 1.0","FONTES_NOME_ANTIGO":null,"JOGOS_SEM_GEOMETRIA":0}},{"type":"Feature","geometry":{"type":"Point","coordinates":[-38.4187011,-12.9466152]},"properties":{"SECAO":"BRABAS","TIPO_REGISTRO":"PONTO","NOME_ESTADIO":"Pituaçu","NOME_ATUAL":"Pituaçu","NOME_ANTIGO_1":null,"NOME_ANTIGO_2":null,"ESTADIO":"Pituaçu","ESTÁDIO":"Pituaçu","NOME_ANTIGO":null,"NOMES_ALTERNATIVOS":"","CIDADE":"Salvador","ESTADO":"Bahia","PAÍS":"Brazil","PAIS_ISO3":null,"CAPACIDADE":"32157","LATITUDE":-12.9466152,"LONGITUDE":-38.4187011,"TOTAL_JOGOS":0,"VITORIAS":0,"VITÓRIAS":0,"EMPATES":0,"DERROTAS":0,"PONTOS_CAMPEONATO":0,"APROVEITAMENTO_PCT":0,"GOLS_MARCADOS":0,"GOLS_SOFRIDOS":0,"SALDO_GOLS":0,"GOLS_POR_PARTIDA":0,"ASSISTENCIAS":null,"ASSISTENCIAS_DISPONIVEIS":false,"ASSISTENCIAS_FONTE":"Não consta nos arquivos locais do Meu Timão ou Daniel Keppler.","JOGOS_COM_PLACAR":0,"JOGOS_SEM_PLACAR":0,"PARTIDAS_DANIEL_KEPPLER":0,"PARTIDAS_MEUTIMAO":0,"FONTES_JOGOS":"","DATA_PRIMEIRA_PARTIDA":null,"ANO_PRIMEIRA_PARTIDA":null,"PRIMEIRA_PARTIDA":null,"ADVERSARIO":null,"PLACAR":null,"COMPETICAO_PRIMEIRA_PARTIDA":null,"MANDO_PRIMEIRA_PARTIDA":null,"FONTE_PRIMEIRA_PARTIDA":null,"DATA_ULTIMA_PARTIDA":null,"ANO_ULTIMA_PARTIDA":null,"ULTIMA_PARTIDA":"","ADVERSARIO_ULTIMA_PARTIDA":null,"PLACAR_ULTIMA_PARTIDA":null,"COMPETICAO_ULTIMA_PARTIDA":null,"MANDO_ULTIMA_PARTIDA":null,"FONTE_ULTIMA_PARTIDA":null,"NUM_ESTADIOS_NO_PONTO":1,"NUM_ESTADIOS_COM_JOGOS_NO_PONTO":0,"ESTADIOS_AGRUPADOS":"[{\"nome\":\"Pituaçu\",\"nome_atual\":\"Pituaçu\",\"nome_antigo_1\":null,\"nome_antigo_2\":null,\"nomes_alternativos\":[\"Pituaçu\"],\"cidade\":\"Salvador\",\"estado\":\"Bahia\",\"pais\":\"Brazil\",\"capacidade\":\"32157\",\"jogos\":0,\"vitorias\":0,\"empates\":0,\"derrotas\":0,\"gols_marcados\":0,\"gols_sofridos\":0,\"data_primeira_partida\":null,\"data_ultima_partida\":null}]","STATUS_GEOMETRIA":"PONTO_CONSOLIDADO","PRECISAO_COORDENADAS":null,"FONTE_COORDENADAS":"OpenStreetMap Nominatim (geocodificação reversa)","URL_FONTE_COORDENADAS":"https://www.openstreetmap.org/relation/362362","ATRIBUICAO_COORDENADAS":"© OpenStreetMap contributors, ODbL 1.0","FONTES_NOME_ANTIGO":null,"JOGOS_SEM_GEOMETRIA":0}},{"type":"Feature","geometry":{"type":"Point","coordinates":[-38.417250187074316,-12.945935124966327]},"properties":{"SECAO":"BRABAS","TIPO_REGISTRO":"PONTO","NOME_ESTADIO":"GOVERNADOR ROBERTO SANTOS (PITUAÇU)","NOME_ATUAL":"GOVERNADOR ROBERTO SANTOS (PITUAÇU)","NOME_ANTIGO_1":null,"NOME_ANTIGO_2":null,"ESTADIO":"GOVERNADOR ROBERTO SANTOS (PITUAÇU)","ESTÁDIO":"GOVERNADOR ROBERTO SANTOS (PITUAÇU)","NOME_ANTIGO":null,"NOMES_ALTERNATIVOS":"","CIDADE":"SALVADOR","ESTADO":"BAHIA","PAÍS":"BRASIL","PAIS_ISO3":null,"CAPACIDADE":"32157","LATITUDE":-12.945935124966327,"LONGITUDE":-38.417250187074316,"TOTAL_JOGOS":0,"VITORIAS":0,"VITÓRIAS":0,"EMPATES":0,"DERROTAS":0,"PONTOS_CAMPEONATO":0,"APROVEITAMENTO_PCT":0,"GOLS_MARCADOS":0,"GOLS_SOFRIDOS":0,"SALDO_GOLS":0,"GOLS_POR_PARTIDA":0,"ASSISTENCIAS":null,"ASSISTENCIAS_DISPONIVEIS":false,"ASSISTENCIAS_FONTE":"Não consta nos arquivos locais do Meu Timão ou Daniel Keppler.","JOGOS_COM_PLACAR":0,"JOGOS_SEM_PLACAR":0,"PARTIDAS_DANIEL_KEPPLER":0,"PARTIDAS_MEUTIMAO":0,"FONTES_JOGOS":"","DATA_PRIMEIRA_PARTIDA":null,"ANO_PRIMEIRA_PARTIDA":null,"PRIMEIRA_PARTIDA":null,"ADVERSARIO":null,"PLACAR":null,"COMPETICAO_PRIMEIRA_PARTIDA":null,"MANDO_PRIMEIRA_PARTIDA":null,"FONTE_PRIMEIRA_PARTIDA":null,"DATA_ULTIMA_PARTIDA":null,"ANO_ULTIMA_PARTIDA":null,"ULTIMA_PARTIDA":"","ADVERSARIO_ULTIMA_PARTIDA":null,"PLACAR_ULTIMA_PARTIDA":null,"COMPETICAO_ULTIMA_PARTIDA":null,"MANDO_ULTIMA_PARTIDA":null,"FONTE_ULTIMA_PARTIDA":null,"NUM_ESTADIOS_NO_PONTO":1,"NUM_ESTADIOS_COM_JOGOS_NO_PONTO":0,"ESTADIOS_AGRUPADOS":"[{\"nome\":\"GOVERNADOR ROBERTO SANTOS (PITUAÇU)\",\"nome_atual\":\"GOVERNADOR ROBERTO SANTOS (PITUAÇU)\",\"nome_antigo_1\":null,\"nome_antigo_2\":null,\"nomes_alternativos\":[\"GOVERNADOR ROBERTO SANTOS (PITUAÇU)\"],\"cidade\":\"SALVADOR\",\"estado\":\"BAHIA\",\"pais\":\"BRASIL\",\"capacidade\":\"32157\",\"jogos\":0,\"vitorias\":0,\"empates\":0,\"derrotas\":0,\"gols_marcados\":0,\"gols_sofridos\":0,\"data_primeira_partida\":null,\"data_ultima_partida\":null}]","STATUS_GEOMETRIA":"PONTO_CONSOLIDADO","PRECISAO_COORDENADAS":null,"FONTE_COORDENADAS":null,"URL_FONTE_COORDENADAS":null,"ATRIBUICAO_COORDENADAS":null,"FONTES_NOME_ANTIGO":null,"JOGOS_SEM_GEOMETRIA":0}},{"type":"Feature","geometry":{"type":"Point","coordinates":[-37.0490497,-10.9274814]},"properties":{"SECAO":"BRABAS","TIPO_REGISTRO":"PONTO","NOME_ESTADIO":"Batistão","NOME_ATUAL":"Batistão","NOME_ANTIGO_1":null,"NOME_ANTIGO_2":null,"ESTADIO":"Batistão","ESTÁDIO":"Batistão","NOME_ANTIGO":null,"NOMES_ALTERNATIVOS":"","CIDADE":"ARACAJU","ESTADO":"SERGIPE","PAÍS":"BRASIL","PAIS_ISO3":null,"CAPACIDADE":"15586","LATITUDE":-10.9274814,"LONGITUDE":-37.0490497,"TOTAL_JOGOS":1,"VITORIAS":1,"VITÓRIAS":1,"EMPATES":0,"DERROTAS":0,"PONTOS_CAMPEONATO":3,"APROVEITAMENTO_PCT":100.0,"GOLS_MARCADOS":2,"GOLS_SOFRIDOS":1,"SALDO_GOLS":1,"GOLS_POR_PARTIDA":2.0,"ASSISTENCIAS":null,"ASSISTENCIAS_DISPONIVEIS":false,"ASSISTENCIAS_FONTE":"Não consta nos arquivos locais do Meu Timão ou Daniel Keppler.","JOGOS_COM_PLACAR":1,"JOGOS_SEM_PLACAR":0,"PARTIDAS_DANIEL_KEPPLER":0,"PARTIDAS_MEUTIMAO":1,"FONTES_JOGOS":"Meu Timão","DATA_PRIMEIRA_PARTIDA":"2025-08-09","ANO_PRIMEIRA_PARTIDA":2025,"PRIMEIRA_PARTIDA":"BAHIA 1x2 CORINTHIANS","ADVERSARIO":"BAHIA","PLACAR":"1x2","COMPETICAO_PRIMEIRA_PARTIDA":"Brasileiro Feminino 2025","MANDO_PRIMEIRA_PARTIDA":"Não","FONTE_PRIMEIRA_PARTIDA":"https://www.meutimao.com.br/jogo/8666/brasileiro-feminino-2025/quartas_de_final/bahia-1-x-2-corinthians","DATA_ULTIMA_PARTIDA":"2025-08-09","ANO_ULTIMA_PARTIDA":2025,"ULTIMA_PARTIDA":"BAHIA 1x2 CORINTHIANS","ADVERSARIO_ULTIMA_PARTIDA":"BAHIA","PLACAR_ULTIMA_PARTIDA":"1x2","COMPETICAO_ULTIMA_PARTIDA":"Brasileiro Feminino 2025","MANDO_ULTIMA_PARTIDA":"Não","FONTE_ULTIMA_PARTIDA":"Meu Timão","NUM_ESTADIOS_NO_PONTO":1,"NUM_ESTADIOS_COM_JOGOS_NO_PONTO":1,"ESTADIOS_AGRUPADOS":"[{\"nome\":\"Batistão\",\"nome_atual\":\"Batistão\",\"nome_antigo_1\":null,\"nome_antigo_2\":null,\"nomes_alternativos\":[\"Batistão\"],\"cidade\":\"ARACAJU\",\"estado\":\"SERGIPE\",\"pais\":\"BRASIL\",\"capacidade\":\"15586\",\"jogos\":1,\"vitorias\":1,\"empates\":0,\"derrotas\":0,\"gols_marcados\":2,\"gols_sofridos\":1,\"data_primeira_partida\":\"2025-08-09\",\"data_ultima_partida\":\"2025-08-09\"}]","STATUS_GEOMETRIA":"PONTO_CONSOLIDADO","PRECISAO_COORDENADAS":null,"FONTE_COORDENADAS":"OpenStreetMap Nominatim (geocodificação reversa)","URL_FONTE_COORDENADAS":"https://www.openstreetmap.org/relation/303928","ATRIBUICAO_COORDENADAS":"© OpenStreetMap contributors, ODbL 1.0","FONTES_NOME_ANTIGO":null,"JOGOS_SEM_GEOMETRIA":0}},{"type":"Feature","geometry":{"type":"Point","coordinates":[-35.759448,-9.6708828]},"properties":{"SECAO":"BRABAS","TIPO_REGISTRO":"PONTO","NOME_ESTADIO":"Rei Pelé","NOME_ATUAL":"Rei Pelé","NOME_ANTIGO_1":null,"NOME_ANTIGO_2":null,"ESTADIO":"Rei Pelé","ESTÁDIO":"Rei Pelé","NOME_ANTIGO":null,"NOMES_ALTERNATIVOS":"","CIDADE":"Maceió","ESTADO":"Alagoas","PAÍS":"Brazil","PAIS_ISO3":null,"CAPACIDADE":null,"LATITUDE":-9.6708828,"LONGITUDE":-35.759448,"TOTAL_JOGOS":0,"VITORIAS":0,"VITÓRIAS":0,"EMPATES":0,"DERROTAS":0,"PONTOS_CAMPEONATO":0,"APROVEITAMENTO_PCT":0,"GOLS_MARCADOS":0,"GOLS_SOFRIDOS":0,"SALDO_GOLS":0,"GOLS_POR_PARTIDA":0,"ASSISTENCIAS":null,"ASSISTENCIAS_DISPONIVEIS":false,"ASSISTENCIAS_FONTE":"Não consta nos arquivos locais do Meu Timão ou Daniel Keppler.","JOGOS_COM_PLACAR":0,"JOGOS_SEM_PLACAR":0,"PARTIDAS_DANIEL_KEPPLER":0,"PARTIDAS_MEUTIMAO":0,"FONTES_JOGOS":"","DATA_PRIMEIRA_PARTIDA":null,"ANO_PRIMEIRA_PARTIDA":null,"PRIMEIRA_PARTIDA":null,"ADVERSARIO":null,"PLACAR":null,"COMPETICAO_PRIMEIRA_PARTIDA":null,"MANDO_PRIMEIRA_PARTIDA":null,"FONTE_PRIMEIRA_PARTIDA":null,"DATA_ULTIMA_PARTIDA":null,"ANO_ULTIMA_PARTIDA":null,"ULTIMA_PARTIDA":"","ADVERSARIO_ULTIMA_PARTIDA":null,"PLACAR_ULTIMA_PARTIDA":null,"COMPETICAO_ULTIMA_PARTIDA":null,"MANDO_ULTIMA_PARTIDA":null,"FONTE_ULTIMA_PARTIDA":null,"NUM_ESTADIOS_NO_PONTO":1,"NUM_ESTADIOS_COM_JOGOS_NO_PONTO":0,"ESTADIOS_AGRUPADOS":"[{\"nome\":\"Rei Pelé\",\"nome_atual\":\"Rei Pelé\",\"nome_antigo_1\":null,\"nome_antigo_2\":null,\"nomes_alternativos\":[\"Rei Pelé\"],\"cidade\":\"Maceió\",\"estado\":\"Alagoas\",\"pais\":\"Brazil\",\"capacidade\":null,\"jogos\":0,\"vitorias\":0,\"empates\":0,\"derrotas\":0,\"gols_marcados\":0,\"gols_sofridos\":0,\"data_primeira_partida\":null,\"data_ultima_partida\":null}]","STATUS_GEOMETRIA":"PONTO_CONSOLIDADO","PRECISAO_COORDENADAS":null,"FONTE_COORDENADAS":"OpenStreetMap Nominatim (geocodificação reversa)","URL_FONTE_COORDENADAS":"https://www.openstreetmap.org/relation/303815","ATRIBUICAO_COORDENADAS":"© OpenStreetMap contributors, ODbL 1.0","FONTES_NOME_ANTIGO":null,"JOGOS_SEM_GEOMETRIA":0}},{"type":"Feature","geometry":{"type":"Point","coordinates":[-35.457148,-8.238271]},"properties":{"SECAO":"BRABAS","TIPO_REGISTRO":"PONTO","NOME_ESTADIO":"Barbosão","NOME_ATUAL":"Barbosão","NOME_ANTIGO_1":null,"NOME_ANTIGO_2":null,"ESTADIO":"Barbosão","ESTÁDIO":"Barbosão","NOME_ANTIGO":null,"NOMES_ALTERNATIVOS":"","CIDADE":"Chã Grande","ESTADO":"Pernambuco","PAÍS":"Brasil","PAIS_ISO3":null,"CAPACIDADE":"3400","LATITUDE":-8.238271,"LONGITUDE":-35.457148,"TOTAL_JOGOS":1,"VITORIAS":1,"VITÓRIAS":1,"EMPATES":0,"DERROTAS":0,"PONTOS_CAMPEONATO":3,"APROVEITAMENTO_PCT":100.0,"GOLS_MARCADOS":3,"GOLS_SOFRIDOS":0,"SALDO_GOLS":3,"GOLS_POR_PARTIDA":3.0,"ASSISTENCIAS":null,"ASSISTENCIAS_DISPONIVEIS":false,"ASSISTENCIAS_FONTE":"Não consta nos arquivos locais do Meu Timão ou Daniel Keppler.","JOGOS_COM_PLACAR":1,"JOGOS_SEM_PLACAR":0,"PARTIDAS_DANIEL_KEPPLER":0,"PARTIDAS_MEUTIMAO":1,"FONTES_JOGOS":"Meu Timão","DATA_PRIMEIRA_PARTIDA":"2017-04-05","ANO_PRIMEIRA_PARTIDA":2017,"PRIMEIRA_PARTIDA":"VITÓRIA-PE 0x3 CORINTHIANS","ADVERSARIO":"VITÓRIA-PE","PLACAR":"0x3","COMPETICAO_PRIMEIRA_PARTIDA":"Brasileirão Feminino 2017","MANDO_PRIMEIRA_PARTIDA":"Não","FONTE_PRIMEIRA_PARTIDA":"https://www.meutimao.com.br/jogo/5157/brasileirao-feminino-2017/vitoria-pe-0-x-3-corinthians","DATA_ULTIMA_PARTIDA":"2017-04-05","ANO_ULTIMA_PARTIDA":2017,"ULTIMA_PARTIDA":"VITÓRIA-PE 0x3 CORINTHIANS","ADVERSARIO_ULTIMA_PARTIDA":"VITÓRIA-PE","PLACAR_ULTIMA_PARTIDA":"0x3","COMPETICAO_ULTIMA_PARTIDA":"Brasileirão Feminino 2017","MANDO_ULTIMA_PARTIDA":"Não","FONTE_ULTIMA_PARTIDA":"Meu Timão","NUM_ESTADIOS_NO_PONTO":1,"NUM_ESTADIOS_COM_JOGOS_NO_PONTO":1,"ESTADIOS_AGRUPADOS":"[{\"nome\":\"Barbosão\",\"nome_atual\":\"Barbosão\",\"nome_antigo_1\":null,\"nome_antigo_2\":null,\"nomes_alternativos\":[\"Barbosão\"],\"cidade\":\"Chã Grande\",\"estado\":\"Pernambuco\",\"pais\":\"Brasil\",\"capacidade\":\"3400\",\"jogos\":1,\"vitorias\":1,\"empates\":0,\"derrotas\":0,\"gols_marcados\":3,\"gols_sofridos\":0,\"data_primeira_partida\":\"2017-04-05\",\"data_ultima_partida\":\"2017-04-05\"}]","STATUS_GEOMETRIA":"PONTO_CONSOLIDADO","PRECISAO_COORDENADAS":"Município (estádio exato não identificado)","FONTE_COORDENADAS":"OpenStreetMap Nominatim (localidade aproximada)","URL_FONTE_COORDENADAS":"https://www.openstreetmap.org/relation/303662","ATRIBUICAO_COORDENADAS":"© OpenStreetMap contributors, ODbL 1.0","FONTES_NOME_ANTIGO":null,"JOGOS_SEM_GEOMETRIA":0}},{"type":"Feature","geometry":{"type":"Point","coordinates":[-35.45464054289824,-8.235315735954625]},"properties":{"SECAO":"BRABAS","TIPO_REGISTRO":"PONTO","NOME_ESTADIO":"EWERSON SIMÕES BARBOSA","NOME_ATUAL":"EWERSON SIMÕES BARBOSA","NOME_ANTIGO_1":null,"NOME_ANTIGO_2":null,"ESTADIO":"EWERSON SIMÕES BARBOSA","ESTÁDIO":"EWERSON SIMÕES BARBOSA","NOME_ANTIGO":null,"NOMES_ALTERNATIVOS":"","CIDADE":"CHÃ GRANDE ","ESTADO":"PERNAMBUCO","PAÍS":"BRASIL","PAIS_ISO3":null,"CAPACIDADE":"3400","LATITUDE":-8.235315735954625,"LONGITUDE":-35.45464054289824,"TOTAL_JOGOS":0,"VITORIAS":0,"VITÓRIAS":0,"EMPATES":0,"DERROTAS":0,"PONTOS_CAMPEONATO":0,"APROVEITAMENTO_PCT":0,"GOLS_MARCADOS":0,"GOLS_SOFRIDOS":0,"SALDO_GOLS":0,"GOLS_POR_PARTIDA":0,"ASSISTENCIAS":null,"ASSISTENCIAS_DISPONIVEIS":false,"ASSISTENCIAS_FONTE":"Não consta nos arquivos locais do Meu Timão ou Daniel Keppler.","JOGOS_COM_PLACAR":0,"JOGOS_SEM_PLACAR":0,"PARTIDAS_DANIEL_KEPPLER":0,"PARTIDAS_MEUTIMAO":0,"FONTES_JOGOS":"","DATA_PRIMEIRA_PARTIDA":null,"ANO_PRIMEIRA_PARTIDA":null,"PRIMEIRA_PARTIDA":null,"ADVERSARIO":null,"PLACAR":null,"COMPETICAO_PRIMEIRA_PARTIDA":null,"MANDO_PRIMEIRA_PARTIDA":null,"FONTE_PRIMEIRA_PARTIDA":null,"DATA_ULTIMA_PARTIDA":null,"ANO_ULTIMA_PARTIDA":null,"ULTIMA_PARTIDA":"","ADVERSARIO_ULTIMA_PARTIDA":null,"PLACAR_ULTIMA_PARTIDA":null,"COMPETICAO_ULTIMA_PARTIDA":null,"MANDO_ULTIMA_PARTIDA":null,"FONTE_ULTIMA_PARTIDA":null,"NUM_ESTADIOS_NO_PONTO":1,"NUM_ESTADIOS_COM_JOGOS_NO_PONTO":0,"ESTADIOS_AGRUPADOS":"[{\"nome\":\"EWERSON SIMÕES BARBOSA\",\"nome_atual\":\"EWERSON SIMÕES BARBOSA\",\"nome_antigo_1\":null,\"nome_antigo_2\":null,\"nomes_alternativos\":[\"EWERSON SIMÕES BARBOSA\"],\"cidade\":\"CHÃ GRANDE \",\"estado\":\"PERNAMBUCO\",\"pais\":\"BRASIL\",\"capacidade\":\"3400\",\"jogos\":0,\"vitorias\":0,\"empates\":0,\"derrotas\":0,\"gols_marcados\":0,\"gols_sofridos\":0,\"data_primeira_partida\":null,\"data_ultima_partida\":null}]","STATUS_GEOMETRIA":"PONTO_CONSOLIDADO","PRECISAO_COORDENADAS":null,"FONTE_COORDENADAS":null,"URL_FONTE_COORDENADAS":null,"ATRIBUICAO_COORDENADAS":null,"FONTES_NOME_ANTIGO":null,"JOGOS_SEM_GEOMETRIA":0}},{"type":"Feature","geometry":{"type":"Point","coordinates":[-34.9029094,-8.0629168]},"properties":{"SECAO":"BRABAS","TIPO_REGISTRO":"PONTO","NOME_ESTADIO":"Ilha do Retiro","NOME_ATUAL":"Ilha do Retiro","NOME_ANTIGO_1":null,"NOME_ANTIGO_2":null,"ESTADIO":"Ilha do Retiro","ESTÁDIO":"Ilha do Retiro","NOME_ANTIGO":null,"NOMES_ALTERNATIVOS":"","CIDADE":"RECIFE ","ESTADO":"PERNAMBUCO","PAÍS":"BRASIL","PAIS_ISO3":null,"CAPACIDADE":"32500","LATITUDE":-8.0629168,"LONGITUDE":-34.9029094,"TOTAL_JOGOS":3,"VITORIAS":2,"VITÓRIAS":2,"EMPATES":1,"DERROTAS":0,"PONTOS_CAMPEONATO":7,"APROVEITAMENTO_PCT":77.8,"GOLS_MARCADOS":8,"GOLS_SOFRIDOS":0,"SALDO_GOLS":8,"GOLS_POR_PARTIDA":2.67,"ASSISTENCIAS":null,"ASSISTENCIAS_DISPONIVEIS":false,"ASSISTENCIAS_FONTE":"Não consta nos arquivos locais do Meu Timão ou Daniel Keppler.","JOGOS_COM_PLACAR":3,"JOGOS_SEM_PLACAR":0,"PARTIDAS_DANIEL_KEPPLER":0,"PARTIDAS_MEUTIMAO":3,"FONTES_JOGOS":"Meu Timão","DATA_PRIMEIRA_PARTIDA":"2017-05-03","ANO_PRIMEIRA_PARTIDA":2017,"PRIMEIRA_PARTIDA":"SPORT 0x0 CORINTHIANS","ADVERSARIO":"SPORT","PLACAR":"0x0","COMPETICAO_PRIMEIRA_PARTIDA":"Brasileirão Feminino 2017","MANDO_PRIMEIRA_PARTIDA":"Não","FONTE_PRIMEIRA_PARTIDA":"https://www.meutimao.com.br/jogo/5161/brasileirao-feminino-2017/sport-0-x-0-corinthians","DATA_ULTIMA_PARTIDA":"2019-04-11","ANO_ULTIMA_PARTIDA":2019,"ULTIMA_PARTIDA":"SPORT 0x7 CORINTHIANS","ADVERSARIO_ULTIMA_PARTIDA":"SPORT","PLACAR_ULTIMA_PARTIDA":"0x7","COMPETICAO_ULTIMA_PARTIDA":"Brasileiro Feminino 2019","MANDO_ULTIMA_PARTIDA":"Não","FONTE_ULTIMA_PARTIDA":"Meu Timão","NUM_ESTADIOS_NO_PONTO":1,"NUM_ESTADIOS_COM_JOGOS_NO_PONTO":1,"ESTADIOS_AGRUPADOS":"[{\"nome\":\"Ilha do Retiro\",\"nome_atual\":\"Ilha do Retiro\",\"nome_antigo_1\":null,\"nome_antigo_2\":null,\"nomes_alternativos\":[\"Ilha do Retiro\"],\"cidade\":\"RECIFE \",\"estado\":\"PERNAMBUCO\",\"pais\":\"BRASIL\",\"capacidade\":\"32500\",\"jogos\":3,\"vitorias\":2,\"empates\":1,\"derrotas\":0,\"gols_marcados\":8,\"gols_sofridos\":0,\"data_primeira_partida\":\"2017-05-03\",\"data_ultima_partida\":\"2019-04-11\"}]","STATUS_GEOMETRIA":"PONTO_CONSOLIDADO","PRECISAO_COORDENADAS":null,"FONTE_COORDENADAS":"OpenStreetMap Nominatim (geocodificação reversa)","URL_FONTE_COORDENADAS":"https://www.openstreetmap.org/relation/303585","ATRIBUICAO_COORDENADAS":"© OpenStreetMap contributors, ODbL 1.0","FONTES_NOME_ANTIGO":null,"JOGOS_SEM_GEOMETRIA":0}},{"type":"Feature","geometry":{"type":"Point","coordinates":[-34.88802032144912,-7.945242906164893]},"properties":{"SECAO":"BRABAS","TIPO_REGISTRO":"PONTO","NOME_ESTADIO":"ADEMIR CUNHA","NOME_ATUAL":"ADEMIR CUNHA","NOME_ANTIGO_1":null,"NOME_ANTIGO_2":null,"ESTADIO":"ADEMIR CUNHA","ESTÁDIO":"ADEMIR CUNHA","NOME_ANTIGO":null,"NOMES_ALTERNATIVOS":"","CIDADE":"PAULISTA ","ESTADO":"PERNAMBUCO","PAÍS":"BRASIL","PAIS_ISO3":null,"CAPACIDADE":"12000","LATITUDE":-7.945242906164893,"LONGITUDE":-34.88802032144912,"TOTAL_JOGOS":0,"VITORIAS":0,"VITÓRIAS":0,"EMPATES":0,"DERROTAS":0,"PONTOS_CAMPEONATO":0,"APROVEITAMENTO_PCT":0,"GOLS_MARCADOS":0,"GOLS_SOFRIDOS":0,"SALDO_GOLS":0,"GOLS_POR_PARTIDA":0,"ASSISTENCIAS":null,"ASSISTENCIAS_DISPONIVEIS":false,"ASSISTENCIAS_FONTE":"Não consta nos arquivos locais do Meu Timão ou Daniel Keppler.","JOGOS_COM_PLACAR":0,"JOGOS_SEM_PLACAR":0,"PARTIDAS_DANIEL_KEPPLER":0,"PARTIDAS_MEUTIMAO":0,"FONTES_JOGOS":"","DATA_PRIMEIRA_PARTIDA":null,"ANO_PRIMEIRA_PARTIDA":null,"PRIMEIRA_PARTIDA":null,"ADVERSARIO":null,"PLACAR":null,"COMPETICAO_PRIMEIRA_PARTIDA":null,"MANDO_PRIMEIRA_PARTIDA":null,"FONTE_PRIMEIRA_PARTIDA":null,"DATA_ULTIMA_PARTIDA":null,"ANO_ULTIMA_PARTIDA":null,"ULTIMA_PARTIDA":"","ADVERSARIO_ULTIMA_PARTIDA":null,"PLACAR_ULTIMA_PARTIDA":null,"COMPETICAO_ULTIMA_PARTIDA":null,"MANDO_ULTIMA_PARTIDA":null,"FONTE_ULTIMA_PARTIDA":null,"NUM_ESTADIOS_NO_PONTO":1,"NUM_ESTADIOS_COM_JOGOS_NO_PONTO":0,"ESTADIOS_AGRUPADOS":"[{\"nome\":\"ADEMIR CUNHA\",\"nome_atual\":\"ADEMIR CUNHA\",\"nome_antigo_1\":null,\"nome_antigo_2\":null,\"nomes_alternativos\":[\"ADEMIR CUNHA\"],\"cidade\":\"PAULISTA \",\"estado\":\"PERNAMBUCO\",\"pais\":\"BRASIL\",\"capacidade\":\"12000\",\"jogos\":0,\"vitorias\":0,\"empates\":0,\"derrotas\":0,\"gols_marcados\":0,\"gols_sofridos\":0,\"data_primeira_partida\":null,\"data_ultima_partida\":null}]","STATUS_GEOMETRIA":"PONTO_CONSOLIDADO","PRECISAO_COORDENADAS":null,"FONTE_COORDENADAS":null,"URL_FONTE_COORDENADAS":null,"ATRIBUICAO_COORDENADAS":null,"FONTES_NOME_ANTIGO":null,"JOGOS_SEM_GEOMETRIA":0}},{"type":"Feature","geometry":{"type":"Point","coordinates":[-0.288801813492398,51.49091800344337]},"properties":{"SECAO":"BRABAS","TIPO_REGISTRO":"PONTO","NOME_ESTADIO":"GTECH COMMUNITY STADIUM","NOME_ATUAL":"GTECH COMMUNITY STADIUM","NOME_ANTIGO_1":null,"NOME_ANTIGO_2":null,"ESTADIO":"GTECH COMMUNITY STADIUM","ESTÁDIO":"GTECH COMMUNITY STADIUM","NOME_ANTIGO":null,"NOMES_ALTERNATIVOS":"","CIDADE":"LONDRES","ESTADO":"BRENTFORD","PAÍS":"INGLATERRA","PAIS_ISO3":null,"CAPACIDADE":"17250","LATITUDE":51.49091800344337,"LONGITUDE":-0.288801813492398,"TOTAL_JOGOS":1,"VITORIAS":1,"VITÓRIAS":1,"EMPATES":0,"DERROTAS":0,"PONTOS_CAMPEONATO":3,"APROVEITAMENTO_PCT":100.0,"GOLS_MARCADOS":1,"GOLS_SOFRIDOS":0,"SALDO_GOLS":1,"GOLS_POR_PARTIDA":1.0,"ASSISTENCIAS":null,"ASSISTENCIAS_DISPONIVEIS":false,"ASSISTENCIAS_FONTE":"Não consta nos arquivos locais do Meu Timão ou Daniel Keppler.","JOGOS_COM_PLACAR":1,"JOGOS_SEM_PLACAR":0,"PARTIDAS_DANIEL_KEPPLER":0,"PARTIDAS_MEUTIMAO":1,"FONTES_JOGOS":"Meu Timão","DATA_PRIMEIRA_PARTIDA":"2026-01-28","ANO_PRIMEIRA_PARTIDA":2026,"PRIMEIRA_PARTIDA":"CORINTHIANS 1x0 GOTHAM FC","ADVERSARIO":"GOTHAM FC","PLACAR":"1x0","COMPETICAO_PRIMEIRA_PARTIDA":"Copa das Campeãs 2026","MANDO_PRIMEIRA_PARTIDA":"Sim","FONTE_PRIMEIRA_PARTIDA":"https://www.meutimao.com.br/jogo/8821/copa-das-campeas-2026/corinthians-1-x-0-gotham_fc","DATA_ULTIMA_PARTIDA":"2026-01-28","ANO_ULTIMA_PARTIDA":2026,"ULTIMA_PARTIDA":"CORINTHIANS 1x0 GOTHAM FC","ADVERSARIO_ULTIMA_PARTIDA":"GOTHAM FC","PLACAR_ULTIMA_PARTIDA":"1x0","COMPETICAO_ULTIMA_PARTIDA":"Copa das Campeãs 2026","MANDO_ULTIMA_PARTIDA":"Sim","FONTE_ULTIMA_PARTIDA":"Meu Timão","NUM_ESTADIOS_NO_PONTO":1,"NUM_ESTADIOS_COM_JOGOS_NO_PONTO":1,"ESTADIOS_AGRUPADOS":"[{\"nome\":\"GTECH COMMUNITY STADIUM\",\"nome_atual\":\"GTECH COMMUNITY STADIUM\",\"nome_antigo_1\":null,\"nome_antigo_2\":null,\"nomes_alternativos\":[\"GTECH COMMUNITY STADIUM\"],\"cidade\":\"LONDRES\",\"estado\":\"BRENTFORD\",\"pais\":\"INGLATERRA\",\"capacidade\":\"17250\",\"jogos\":1,\"vitorias\":1,\"empates\":0,\"derrotas\":0,\"gols_marcados\":1,\"gols_sofridos\":0,\"data_primeira_partida\":\"2026-01-28\",\"data_ultima_partida\":\"2026-01-28\"}]","STATUS_GEOMETRIA":"PONTO_CONSOLIDADO","PRECISAO_COORDENADAS":null,"FONTE_COORDENADAS":null,"URL_FONTE_COORDENADAS":null,"ATRIBUICAO_COORDENADAS":null,"FONTES_NOME_ANTIGO":null,"JOGOS_SEM_GEOMETRIA":0}},{"type":"Feature","geometry":{"type":"Point","coordinates":[-0.108045751715059,51.555162121144335]},"properties":{"SECAO":"BRABAS","TIPO_REGISTRO":"PONTO","NOME_ESTADIO":"Emirates Stadium","NOME_ATUAL":"Emirates Stadium","NOME_ANTIGO_1":null,"NOME_ANTIGO_2":null,"ESTADIO":"Emirates Stadium","ESTÁDIO":"Emirates Stadium","NOME_ANTIGO":null,"NOMES_ALTERNATIVOS":"EMIRATES STADIUM (ARSENAL STADIUM)","CIDADE":"Grande Londres","ESTADO":"Inglaterra","PAÍS":"Reino Unido","PAIS_ISO3":null,"CAPACIDADE":null,"LATITUDE":51.555162121144335,"LONGITUDE":-0.108045751715059,"TOTAL_JOGOS":1,"VITORIAS":0,"VITÓRIAS":0,"EMPATES":0,"DERROTAS":1,"PONTOS_CAMPEONATO":0,"APROVEITAMENTO_PCT":0.0,"GOLS_MARCADOS":2,"GOLS_SOFRIDOS":3,"SALDO_GOLS":-1,"GOLS_POR_PARTIDA":2.0,"ASSISTENCIAS":null,"ASSISTENCIAS_DISPONIVEIS":false,"ASSISTENCIAS_FONTE":"Não consta nos arquivos locais do Meu Timão ou Daniel Keppler.","JOGOS_COM_PLACAR":1,"JOGOS_SEM_PLACAR":0,"PARTIDAS_DANIEL_KEPPLER":0,"PARTIDAS_MEUTIMAO":1,"FONTES_JOGOS":"Meu Timão","DATA_PRIMEIRA_PARTIDA":"2026-02-01","ANO_PRIMEIRA_PARTIDA":2026,"PRIMEIRA_PARTIDA":"CORINTHIANS 2x3 ARSENAL","ADVERSARIO":"ARSENAL","PLACAR":"2x3","COMPETICAO_PRIMEIRA_PARTIDA":"Copa das Campeãs 2026","MANDO_PRIMEIRA_PARTIDA":"Sim","FONTE_PRIMEIRA_PARTIDA":"https://www.meutimao.com.br/jogo/8919/copa-das-campeas-2026/final/corinthians-2-x-3-arsenal","DATA_ULTIMA_PARTIDA":"2026-02-01","ANO_ULTIMA_PARTIDA":2026,"ULTIMA_PARTIDA":"CORINTHIANS 2x3 ARSENAL","ADVERSARIO_ULTIMA_PARTIDA":"ARSENAL","PLACAR_ULTIMA_PARTIDA":"2x3","COMPETICAO_ULTIMA_PARTIDA":"Copa das Campeãs 2026","MANDO_ULTIMA_PARTIDA":"Sim","FONTE_ULTIMA_PARTIDA":"Meu Timão","NUM_ESTADIOS_NO_PONTO":2,"NUM_ESTADIOS_COM_JOGOS_NO_PONTO":1,"ESTADIOS_AGRUPADOS":"[{\"nome\":\"Emirates Stadium\",\"nome_atual\":\"Emirates Stadium\",\"nome_antigo_1\":null,\"nome_antigo_2\":null,\"nomes_alternativos\":[\"Emirates Stadium\"],\"cidade\":\"Grande Londres\",\"estado\":\"Inglaterra\",\"pais\":\"Reino Unido\",\"capacidade\":null,\"jogos\":1,\"vitorias\":0,\"empates\":0,\"derrotas\":1,\"gols_marcados\":2,\"gols_sofridos\":3,\"data_primeira_partida\":\"2026-02-01\",\"data_ultima_partida\":\"2026-02-01\"},{\"nome\":\"EMIRATES STADIUM (ARSENAL STADIUM)\",\"nome_atual\":\"EMIRATES STADIUM (ARSENAL STADIUM)\",\"nome_antigo_1\":null,\"nome_antigo_2\":null,\"nomes_alternativos\":[\"EMIRATES STADIUM (ARSENAL STADIUM)\"],\"cidade\":\"LONDRES\",\"estado\":\"HOLLOWAY\",\"pais\":\"Reino Unido\",\"capacidade\":\"60704\",\"jogos\":0,\"vitorias\":0,\"empates\":0,\"derrotas\":0,\"gols_marcados\":0,\"gols_sofridos\":0,\"data_primeira_partida\":null,\"data_ultima_partida\":null}]","STATUS_GEOMETRIA":"PONTO_CONSOLIDADO","PRECISAO_COORDENADAS":null,"FONTE_COORDENADAS":"OpenStreetMap Nominatim (geocodificação reversa)","URL_FONTE_COORDENADAS":"https://www.openstreetmap.org/relation/51821","ATRIBUICAO_COORDENADAS":"© OpenStreetMap contributors, ODbL 1.0","FONTES_NOME_ANTIGO":null,"JOGOS_SEM_GEOMETRIA":0}},{"type":"Feature","geometry":null,"properties":{"SECAO":"BRABAS","TIPO_REGISTRO":"SEM_GEOMETRIA","NOME_ESTADIO":"Baetão","NOME_ATUAL":"Baetão","NOME_ANTIGO_1":null,"NOME_ANTIGO_2":null,"ESTADIO":"Baetão","ESTÁDIO":"Baetão","NOME_ANTIGO":null,"NOMES_ALTERNATIVOS":null,"CIDADE":"São Bernardo do Campo","ESTADO":"SP","PAÍS":"Brasil","PAIS_ISO3":null,"CAPACIDADE":null,"LATITUDE":null,"LONGITUDE":null,"TOTAL_JOGOS":1,"VITORIAS":0,"VITÓRIAS":0,"EMPATES":1,"DERROTAS":0,"PONTOS_CAMPEONATO":1,"APROVEITAMENTO_PCT":33.3,"GOLS_MARCADOS":0,"GOLS_SOFRIDOS":0,"SALDO_GOLS":0,"GOLS_POR_PARTIDA":0.0,"ASSISTENCIAS":null,"ASSISTENCIAS_DISPONIVEIS":false,"ASSISTENCIAS_FONTE":"Não consta nos arquivos locais do Meu Timão ou Daniel Keppler.","JOGOS_COM_PLACAR":1,"JOGOS_SEM_PLACAR":0,"PARTIDAS_DANIEL_KEPPLER":0,"PARTIDAS_MEUTIMAO":1,"FONTES_JOGOS":"Meu Timão","DATA_PRIMEIRA_PARTIDA":"2016-02-02","ANO_PRIMEIRA_PARTIDA":null,"PRIMEIRA_PARTIDA":"AD CENTRO OLÍMPICO 0x0 CORINTHIANS","ADVERSARIO":"AD CENTRO OLÍMPICO","PLACAR":"0x0","COMPETICAO_PRIMEIRA_PARTIDA":"Brasileirão 2016","MANDO_PRIMEIRA_PARTIDA":"Não","FONTE_PRIMEIRA_PARTIDA":"https://www.meutimao.com.br/jogo/4701/brasileirao-2016/ad_centro_olimpico-0-x-0-corinthians","DATA_ULTIMA_PARTIDA":"2016-02-02","ANO_ULTIMA_PARTIDA":null,"ULTIMA_PARTIDA":"AD CENTRO OLÍMPICO 0x0 CORINTHIANS","ADVERSARIO_ULTIMA_PARTIDA":"AD CENTRO OLÍMPICO","PLACAR_ULTIMA_PARTIDA":"0x0","COMPETICAO_ULTIMA_PARTIDA":"Brasileirão 2016","MANDO_ULTIMA_PARTIDA":"Não","FONTE_ULTIMA_PARTIDA":"https://www.meutimao.com.br/jogo/4701/brasileirao-2016/ad_centro_olimpico-0-x-0-corinthians","NUM_ESTADIOS_NO_PONTO":0,"NUM_ESTADIOS_COM_JOGOS_NO_PONTO":0,"ESTADIOS_AGRUPADOS":"[]","STATUS_GEOMETRIA":"ESTADIO_NAO_IDENTIFICADO","PRECISAO_COORDENADAS":null,"FONTE_COORDENADAS":null,"URL_FONTE_COORDENADAS":null,"ATRIBUICAO_COORDENADAS":null,"FONTES_NOME_ANTIGO":null,"JOGOS_SEM_GEOMETRIA":1}},{"type":"Feature","geometry":null,"properties":{"SECAO":"BRABAS","TIPO_REGISTRO":"SEM_GEOMETRIA","NOME_ESTADIO":"Campos Maia","NOME_ATUAL":"Campos Maia","NOME_ANTIGO_1":null,"NOME_ANTIGO_2":null,"ESTADIO":"Campos Maia","ESTÁDIO":"Campos Maia","NOME_ANTIGO":null,"NOMES_ALTERNATIVOS":null,"CIDADE":"Mirassol","ESTADO":"SP","PAÍS":"Brasil","PAIS_ISO3":null,"CAPACIDADE":null,"LATITUDE":null,"LONGITUDE":null,"TOTAL_JOGOS":1,"VITORIAS":0,"VITÓRIAS":0,"EMPATES":0,"DERROTAS":1,"PONTOS_CAMPEONATO":0,"APROVEITAMENTO_PCT":0.0,"GOLS_MARCADOS":0,"GOLS_SOFRIDOS":2,"SALDO_GOLS":-2,"GOLS_POR_PARTIDA":0.0,"ASSISTENCIAS":null,"ASSISTENCIAS_DISPONIVEIS":false,"ASSISTENCIAS_FONTE":"Não consta nos arquivos locais do Meu Timão ou Daniel Keppler.","JOGOS_COM_PLACAR":1,"JOGOS_SEM_PLACAR":0,"PARTIDAS_DANIEL_KEPPLER":0,"PARTIDAS_MEUTIMAO":1,"FONTES_JOGOS":"Meu Timão","DATA_PRIMEIRA_PARTIDA":"2017-09-16","ANO_PRIMEIRA_PARTIDA":null,"PRIMEIRA_PARTIDA":"RIO PRETO 2x0 CORINTHIANS","ADVERSARIO":"RIO PRETO","PLACAR":"2x0","COMPETICAO_PRIMEIRA_PARTIDA":"Paulista Feminino 2017","MANDO_PRIMEIRA_PARTIDA":"Não","FONTE_PRIMEIRA_PARTIDA":"https://www.meutimao.com.br/jogo/5335/paulista-feminino-2017/rio_preto-2-x-0-corinthians","DATA_ULTIMA_PARTIDA":"2017-09-16","ANO_ULTIMA_PARTIDA":null,"ULTIMA_PARTIDA":"RIO PRETO 2x0 CORINTHIANS","ADVERSARIO_ULTIMA_PARTIDA":"RIO PRETO","PLACAR_ULTIMA_PARTIDA":"2x0","COMPETICAO_ULTIMA_PARTIDA":"Paulista Feminino 2017","MANDO_ULTIMA_PARTIDA":"Não","FONTE_ULTIMA_PARTIDA":"https://www.meutimao.com.br/jogo/5335/paulista-feminino-2017/rio_preto-2-x-0-corinthians","NUM_ESTADIOS_NO_PONTO":0,"NUM_ESTADIOS_COM_JOGOS_NO_PONTO":0,"ESTADIOS_AGRUPADOS":"[]","STATUS_GEOMETRIA":"ESTADIO_NAO_IDENTIFICADO","PRECISAO_COORDENADAS":null,"FONTE_COORDENADAS":null,"URL_FONTE_COORDENADAS":null,"ATRIBUICAO_COORDENADAS":null,"FONTES_NOME_ANTIGO":null,"JOGOS_SEM_GEOMETRIA":1}},{"type":"Feature","geometry":null,"properties":{"SECAO":"BRABAS","TIPO_REGISTRO":"SEM_GEOMETRIA","NOME_ESTADIO":"Rua Javari","NOME_ATUAL":"Rua Javari","NOME_ANTIGO_1":null,"NOME_ANTIGO_2":null,"ESTADIO":"Rua Javari","ESTÁDIO":"Rua Javari","NOME_ANTIGO":null,"NOMES_ALTERNATIVOS":null,"CIDADE":"São Paulo","ESTADO":"SP","PAÍS":"Brasil","PAIS_ISO3":null,"CAPACIDADE":null,"LATITUDE":null,"LONGITUDE":null,"TOTAL_JOGOS":4,"VITORIAS":4,"VITÓRIAS":4,"EMPATES":0,"DERROTAS":0,"PONTOS_CAMPEONATO":12,"APROVEITAMENTO_PCT":100.0,"GOLS_MARCADOS":18,"GOLS_SOFRIDOS":0,"SALDO_GOLS":18,"GOLS_POR_PARTIDA":4.5,"ASSISTENCIAS":null,"ASSISTENCIAS_DISPONIVEIS":false,"ASSISTENCIAS_FONTE":"Não consta nos arquivos locais do Meu Timão ou Daniel Keppler.","JOGOS_COM_PLACAR":4,"JOGOS_SEM_PLACAR":0,"PARTIDAS_DANIEL_KEPPLER":0,"PARTIDAS_MEUTIMAO":4,"FONTES_JOGOS":"Meu Timão","DATA_PRIMEIRA_PARTIDA":"2017-05-07","ANO_PRIMEIRA_PARTIDA":null,"PRIMEIRA_PARTIDA":"JUVENTUS 0x8 CORINTHIANS","ADVERSARIO":"JUVENTUS","PLACAR":"0x8","COMPETICAO_PRIMEIRA_PARTIDA":"Paulista Feminino 2017","MANDO_PRIMEIRA_PARTIDA":"Não","FONTE_PRIMEIRA_PARTIDA":"https://www.meutimao.com.br/jogo/5319/paulista-feminino-2017/juventus-0-x-8-corinthians","DATA_ULTIMA_PARTIDA":"2020-11-05","ANO_ULTIMA_PARTIDA":null,"ULTIMA_PARTIDA":"JUVENTUS 0x3 CORINTHIANS","ADVERSARIO_ULTIMA_PARTIDA":"JUVENTUS","PLACAR_ULTIMA_PARTIDA":"0x3","COMPETICAO_ULTIMA_PARTIDA":"Paulista Feminino 2020","MANDO_ULTIMA_PARTIDA":"Não","FONTE_ULTIMA_PARTIDA":"https://www.meutimao.com.br/jogo/4245/paulista-feminino-2020/juventus-0-x-3-corinthians","NUM_ESTADIOS_NO_PONTO":0,"NUM_ESTADIOS_COM_JOGOS_NO_PONTO":0,"ESTADIOS_AGRUPADOS":"[]","STATUS_GEOMETRIA":"ESTADIO_NAO_IDENTIFICADO","PRECISAO_COORDENADAS":null,"FONTE_COORDENADAS":null,"URL_FONTE_COORDENADAS":null,"ATRIBUICAO_COORDENADAS":null,"FONTES_NOME_ANTIGO":null,"JOGOS_SEM_GEOMETRIA":4}},{"type":"Feature","geometry":null,"properties":{"SECAO":"BRABAS","TIPO_REGISTRO":"SEM_GEOMETRIA","NOME_ESTADIO":"Indefinido","NOME_ATUAL":"Indefinido","NOME_ANTIGO_1":null,"NOME_ANTIGO_2":null,"ESTADIO":"Indefinido","ESTÁDIO":"Indefinido","NOME_ANTIGO":null,"NOMES_ALTERNATIVOS":null,"CIDADE":null,"ESTADO":null,"PAÍS":null,"PAIS_ISO3":null,"CAPACIDADE":null,"LATITUDE":null,"LONGITUDE":null,"TOTAL_JOGOS":3,"VITORIAS":3,"VITÓRIAS":3,"EMPATES":0,"DERROTAS":0,"PONTOS_CAMPEONATO":9,"APROVEITAMENTO_PCT":100.0,"GOLS_MARCADOS":12,"GOLS_SOFRIDOS":0,"SALDO_GOLS":12,"GOLS_POR_PARTIDA":4.0,"ASSISTENCIAS":null,"ASSISTENCIAS_DISPONIVEIS":false,"ASSISTENCIAS_FONTE":"Não consta nos arquivos locais do Meu Timão ou Daniel Keppler.","JOGOS_COM_PLACAR":3,"JOGOS_SEM_PLACAR":0,"PARTIDAS_DANIEL_KEPPLER":0,"PARTIDAS_MEUTIMAO":3,"FONTES_JOGOS":"Meu Timão","DATA_PRIMEIRA_PARTIDA":"2017-04-09","ANO_PRIMEIRA_PARTIDA":null,"PRIMEIRA_PARTIDA":"AD CENTRO OLÍMPICO 0x4 CORINTHIANS","ADVERSARIO":"AD CENTRO OLÍMPICO","PLACAR":"0x4","COMPETICAO_PRIMEIRA_PARTIDA":"Paulista Feminino 2017","MANDO_PRIMEIRA_PARTIDA":"Não","FONTE_PRIMEIRA_PARTIDA":"https://www.meutimao.com.br/jogo/5315/paulista-feminino-2017/ad_centro_olimpico-0-x-4-corinthians","DATA_ULTIMA_PARTIDA":"2022-11-30","ANO_ULTIMA_PARTIDA":null,"ULTIMA_PARTIDA":"EC SÃO BERNARDO 0x4 CORINTHIANS","ADVERSARIO_ULTIMA_PARTIDA":"EC SÃO BERNARDO","PLACAR_ULTIMA_PARTIDA":"0x4","COMPETICAO_ULTIMA_PARTIDA":"Copa Paulista 2022","MANDO_ULTIMA_PARTIDA":"Não","FONTE_ULTIMA_PARTIDA":"https://www.meutimao.com.br/jogo/7575/copa-paulista-2022/ec_sao_bernardo-0-x-4-corinthians","NUM_ESTADIOS_NO_PONTO":0,"NUM_ESTADIOS_COM_JOGOS_NO_PONTO":0,"ESTADIOS_AGRUPADOS":"[]","STATUS_GEOMETRIA":"ESTADIO_NAO_IDENTIFICADO","PRECISAO_COORDENADAS":null,"FONTE_COORDENADAS":null,"URL_FONTE_COORDENADAS":null,"ATRIBUICAO_COORDENADAS":null,"FONTES_NOME_ANTIGO":null,"JOGOS_SEM_GEOMETRIA":3}},{"type":"Feature","geometry":null,"properties":{"SECAO":"BRABAS","TIPO_REGISTRO":"SEM_GEOMETRIA","NOME_ESTADIO":"Nogueirão","NOME_ATUAL":"Nogueirão","NOME_ANTIGO_1":null,"NOME_ANTIGO_2":null,"ESTADIO":"Nogueirão","ESTÁDIO":"Nogueirão","NOME_ANTIGO":null,"NOMES_ALTERNATIVOS":null,"CIDADE":"Mogi das Cruzes","ESTADO":"SP","PAÍS":"Brasil","PAIS_ISO3":null,"CAPACIDADE":null,"LATITUDE":null,"LONGITUDE":null,"TOTAL_JOGOS":5,"VITORIAS":3,"VITÓRIAS":3,"EMPATES":0,"DERROTAS":2,"PONTOS_CAMPEONATO":9,"APROVEITAMENTO_PCT":60.0,"GOLS_MARCADOS":19,"GOLS_SOFRIDOS":6,"SALDO_GOLS":13,"GOLS_POR_PARTIDA":3.8,"ASSISTENCIAS":null,"ASSISTENCIAS_DISPONIVEIS":false,"ASSISTENCIAS_FONTE":"Não consta nos arquivos locais do Meu Timão ou Daniel Keppler.","JOGOS_COM_PLACAR":5,"JOGOS_SEM_PLACAR":0,"PARTIDAS_DANIEL_KEPPLER":0,"PARTIDAS_MEUTIMAO":5,"FONTES_JOGOS":"Meu Timão","DATA_PRIMEIRA_PARTIDA":"2018-05-27","ANO_PRIMEIRA_PARTIDA":null,"PRIMEIRA_PARTIDA":"CORINTHIANS 3x2 SANTOS","ADVERSARIO":"SANTOS","PLACAR":"3x2","COMPETICAO_PRIMEIRA_PARTIDA":"Paulista Feminino 2018","MANDO_PRIMEIRA_PARTIDA":"Sim","FONTE_PRIMEIRA_PARTIDA":"https://www.meutimao.com.br/jogo/930/paulista-feminino-2018/corinthians-3-x-2-santos","DATA_ULTIMA_PARTIDA":"2023-03-26","ANO_ULTIMA_PARTIDA":null,"ULTIMA_PARTIDA":"CORINTHIANS 1x0 ATHLETICO-PR","ADVERSARIO_ULTIMA_PARTIDA":"ATHLETICO-PR","PLACAR_ULTIMA_PARTIDA":"1x0","COMPETICAO_ULTIMA_PARTIDA":"Brasileiro Feminino 2023","MANDO_ULTIMA_PARTIDA":"Sim","FONTE_ULTIMA_PARTIDA":"https://www.meutimao.com.br/jogo/7610/brasileiro-feminino-2023/corinthians-1-x-0-athletico-pr","NUM_ESTADIOS_NO_PONTO":0,"NUM_ESTADIOS_COM_JOGOS_NO_PONTO":0,"ESTADIOS_AGRUPADOS":"[]","STATUS_GEOMETRIA":"ESTADIO_NAO_IDENTIFICADO","PRECISAO_COORDENADAS":null,"FONTE_COORDENADAS":null,"URL_FONTE_COORDENADAS":null,"ATRIBUICAO_COORDENADAS":null,"FONTES_NOME_ANTIGO":null,"JOGOS_SEM_GEOMETRIA":5}},{"type":"Feature","geometry":null,"properties":{"SECAO":"BRABAS","TIPO_REGISTRO":"SEM_GEOMETRIA","NOME_ESTADIO":"Mané Garrincha","NOME_ATUAL":"Mané Garrincha","NOME_ANTIGO_1":null,"NOME_ANTIGO_2":null,"ESTADIO":"Mané Garrincha","ESTÁDIO":"Mané Garrincha","NOME_ANTIGO":null,"NOMES_ALTERNATIVOS":null,"CIDADE":"Brasília","ESTADO":"DF","PAÍS":"Brasil","PAIS_ISO3":null,"CAPACIDADE":null,"LATITUDE":null,"LONGITUDE":null,"TOTAL_JOGOS":1,"VITORIAS":1,"VITÓRIAS":1,"EMPATES":0,"DERROTAS":0,"PONTOS_CAMPEONATO":3,"APROVEITAMENTO_PCT":100.0,"GOLS_MARCADOS":2,"GOLS_SOFRIDOS":0,"SALDO_GOLS":2,"GOLS_POR_PARTIDA":2.0,"ASSISTENCIAS":null,"ASSISTENCIAS_DISPONIVEIS":false,"ASSISTENCIAS_FONTE":"Não consta nos arquivos locais do Meu Timão ou Daniel Keppler.","JOGOS_COM_PLACAR":1,"JOGOS_SEM_PLACAR":0,"PARTIDAS_DANIEL_KEPPLER":0,"PARTIDAS_MEUTIMAO":1,"FONTES_JOGOS":"Meu Timão","DATA_PRIMEIRA_PARTIDA":"2022-08-14","ANO_PRIMEIRA_PARTIDA":null,"PRIMEIRA_PARTIDA":"REAL BRASÍLIA 0x2 CORINTHIANS","ADVERSARIO":"REAL BRASÍLIA","PLACAR":"0x2","COMPETICAO_PRIMEIRA_PARTIDA":"Brasileiro Feminino 2022","MANDO_PRIMEIRA_PARTIDA":"Não","FONTE_PRIMEIRA_PARTIDA":"https://www.meutimao.com.br/jogo/7465/brasileiro-feminino-2022/quartas_de_final/real_brasilia-0-x-2-corinthians","DATA_ULTIMA_PARTIDA":"2022-08-14","ANO_ULTIMA_PARTIDA":null,"ULTIMA_PARTIDA":"REAL BRASÍLIA 0x2 CORINTHIANS","ADVERSARIO_ULTIMA_PARTIDA":"REAL BRASÍLIA","PLACAR_ULTIMA_PARTIDA":"0x2","COMPETICAO_ULTIMA_PARTIDA":"Brasileiro Feminino 2022","MANDO_ULTIMA_PARTIDA":"Não","FONTE_ULTIMA_PARTIDA":"https://www.meutimao.com.br/jogo/7465/brasileiro-feminino-2022/quartas_de_final/real_brasilia-0-x-2-corinthians","NUM_ESTADIOS_NO_PONTO":0,"NUM_ESTADIOS_COM_JOGOS_NO_PONTO":0,"ESTADIOS_AGRUPADOS":"[]","STATUS_GEOMETRIA":"ESTADIO_NAO_IDENTIFICADO","PRECISAO_COORDENADAS":null,"FONTE_COORDENADAS":null,"URL_FONTE_COORDENADAS":null,"ATRIBUICAO_COORDENADAS":null,"FONTES_NOME_ANTIGO":null,"JOGOS_SEM_GEOMETRIA":1}},{"type":"Feature","geometry":null,"properties":{"SECAO":"BRABAS","TIPO_REGISTRO":"SEM_GEOMETRIA","NOME_ESTADIO":"Bruno José","NOME_ATUAL":"Bruno José","NOME_ANTIGO_1":null,"NOME_ANTIGO_2":null,"ESTADIO":"Bruno José","ESTÁDIO":"Bruno José","NOME_ANTIGO":null,"NOMES_ALTERNATIVOS":null,"CIDADE":"Santo André","ESTADO":"SP","PAÍS":"Brasil","PAIS_ISO3":null,"CAPACIDADE":null,"LATITUDE":null,"LONGITUDE":null,"TOTAL_JOGOS":2,"VITORIAS":2,"VITÓRIAS":2,"EMPATES":0,"DERROTAS":0,"PONTOS_CAMPEONATO":6,"APROVEITAMENTO_PCT":100.0,"GOLS_MARCADOS":9,"GOLS_SOFRIDOS":1,"SALDO_GOLS":8,"GOLS_POR_PARTIDA":4.5,"ASSISTENCIAS":null,"ASSISTENCIAS_DISPONIVEIS":false,"ASSISTENCIAS_FONTE":"Não consta nos arquivos locais do Meu Timão ou Daniel Keppler.","JOGOS_COM_PLACAR":2,"JOGOS_SEM_PLACAR":0,"PARTIDAS_DANIEL_KEPPLER":0,"PARTIDAS_MEUTIMAO":2,"FONTES_JOGOS":"Meu Timão","DATA_PRIMEIRA_PARTIDA":"2022-08-10","ANO_PRIMEIRA_PARTIDA":null,"PRIMEIRA_PARTIDA":"EC SÃO BERNARDO 1x6 CORINTHIANS","ADVERSARIO":"EC SÃO BERNARDO","PLACAR":"1x6","COMPETICAO_PRIMEIRA_PARTIDA":"Paulista Feminino 2022","MANDO_PRIMEIRA_PARTIDA":"Não","FONTE_PRIMEIRA_PARTIDA":"https://www.meutimao.com.br/jogo/7434/paulista-feminino-2022/ec_sao_bernardo-1-x-6-corinthians","DATA_ULTIMA_PARTIDA":"2025-05-14","ANO_ULTIMA_PARTIDA":null,"ULTIMA_PARTIDA":"SANTOS 0x3 CORINTHIANS","ADVERSARIO_ULTIMA_PARTIDA":"SANTOS","PLACAR_ULTIMA_PARTIDA":"0x3","COMPETICAO_ULTIMA_PARTIDA":"Paulista Feminino 2025","MANDO_ULTIMA_PARTIDA":"Não","FONTE_ULTIMA_PARTIDA":"https://www.meutimao.com.br/jogo/8574/paulista-feminino-2025/santos-0-x-3-corinthians","NUM_ESTADIOS_NO_PONTO":0,"NUM_ESTADIOS_COM_JOGOS_NO_PONTO":0,"ESTADIOS_AGRUPADOS":"[]","STATUS_GEOMETRIA":"ESTADIO_NAO_IDENTIFICADO","PRECISAO_COORDENADAS":null,"FONTE_COORDENADAS":null,"URL_FONTE_COORDENADAS":null,"ATRIBUICAO_COORDENADAS":null,"FONTES_NOME_ANTIGO":null,"JOGOS_SEM_GEOMETRIA":2}},{"type":"Feature","geometry":null,"properties":{"SECAO":"BRABAS","TIPO_REGISTRO":"SEM_GEOMETRIA","NOME_ESTADIO":"Pituaçu","NOME_ATUAL":"Pituaçu","NOME_ANTIGO_1":null,"NOME_ANTIGO_2":null,"ESTADIO":"Pituaçu","ESTÁDIO":"Pituaçu","NOME_ANTIGO":null,"NOMES_ALTERNATIVOS":null,"CIDADE":"Salvador","ESTADO":"BA","PAÍS":"Brasil","PAIS_ISO3":null,"CAPACIDADE":null,"LATITUDE":null,"LONGITUDE":null,"TOTAL_JOGOS":1,"VITORIAS":1,"VITÓRIAS":1,"EMPATES":0,"DERROTAS":0,"PONTOS_CAMPEONATO":3,"APROVEITAMENTO_PCT":100.0,"GOLS_MARCADOS":5,"GOLS_SOFRIDOS":1,"SALDO_GOLS":4,"GOLS_POR_PARTIDA":5.0,"ASSISTENCIAS":null,"ASSISTENCIAS_DISPONIVEIS":false,"ASSISTENCIAS_FONTE":"Não consta nos arquivos locais do Meu Timão ou Daniel Keppler.","JOGOS_COM_PLACAR":1,"JOGOS_SEM_PLACAR":0,"PARTIDAS_DANIEL_KEPPLER":0,"PARTIDAS_MEUTIMAO":1,"FONTES_JOGOS":"Meu Timão","DATA_PRIMEIRA_PARTIDA":"2023-06-12","ANO_PRIMEIRA_PARTIDA":null,"PRIMEIRA_PARTIDA":"BAHIA 1x5 CORINTHIANS","ADVERSARIO":"BAHIA","PLACAR":"1x5","COMPETICAO_PRIMEIRA_PARTIDA":"Brasileiro Feminino 2023","MANDO_PRIMEIRA_PARTIDA":"Não","FONTE_PRIMEIRA_PARTIDA":"https://www.meutimao.com.br/jogo/7732/brasileiro-feminino-2023/bahia-1-x-5-corinthians","DATA_ULTIMA_PARTIDA":"2023-06-12","ANO_ULTIMA_PARTIDA":null,"ULTIMA_PARTIDA":"BAHIA 1x5 CORINTHIANS","ADVERSARIO_ULTIMA_PARTIDA":"BAHIA","PLACAR_ULTIMA_PARTIDA":"1x5","COMPETICAO_ULTIMA_PARTIDA":"Brasileiro Feminino 2023","MANDO_ULTIMA_PARTIDA":"Não","FONTE_ULTIMA_PARTIDA":"https://www.meutimao.com.br/jogo/7732/brasileiro-feminino-2023/bahia-1-x-5-corinthians","NUM_ESTADIOS_NO_PONTO":0,"NUM_ESTADIOS_COM_JOGOS_NO_PONTO":0,"ESTADIOS_AGRUPADOS":"[]","STATUS_GEOMETRIA":"ESTADIO_NAO_IDENTIFICADO","PRECISAO_COORDENADAS":null,"FONTE_COORDENADAS":null,"URL_FONTE_COORDENADAS":null,"ATRIBUICAO_COORDENADAS":null,"FONTES_NOME_ANTIGO":null,"JOGOS_SEM_GEOMETRIA":1}},{"type":"Feature","geometry":null,"properties":{"SECAO":"BRABAS","TIPO_REGISTRO":"SEM_GEOMETRIA","NOME_ESTADIO":"Abreuzão","NOME_ATUAL":"Abreuzão","NOME_ANTIGO_1":null,"NOME_ANTIGO_2":null,"ESTADIO":"Abreuzão","ESTÁDIO":"Abreuzão","NOME_ANTIGO":null,"NOMES_ALTERNATIVOS":null,"CIDADE":"Marília","ESTADO":"SP","PAÍS":"Brasil","PAIS_ISO3":null,"CAPACIDADE":null,"LATITUDE":null,"LONGITUDE":null,"TOTAL_JOGOS":1,"VITORIAS":1,"VITÓRIAS":1,"EMPATES":0,"DERROTAS":0,"PONTOS_CAMPEONATO":3,"APROVEITAMENTO_PCT":100.0,"GOLS_MARCADOS":5,"GOLS_SOFRIDOS":0,"SALDO_GOLS":5,"GOLS_POR_PARTIDA":5.0,"ASSISTENCIAS":null,"ASSISTENCIAS_DISPONIVEIS":false,"ASSISTENCIAS_FONTE":"Não consta nos arquivos locais do Meu Timão ou Daniel Keppler.","JOGOS_COM_PLACAR":1,"JOGOS_SEM_PLACAR":0,"PARTIDAS_DANIEL_KEPPLER":0,"PARTIDAS_MEUTIMAO":1,"FONTES_JOGOS":"Meu Timão","DATA_PRIMEIRA_PARTIDA":"2024-09-25","ANO_PRIMEIRA_PARTIDA":null,"PRIMEIRA_PARTIDA":"MARÍLIA 0x5 CORINTHIANS","ADVERSARIO":"MARÍLIA","PLACAR":"0x5","COMPETICAO_PRIMEIRA_PARTIDA":"Paulista Feminino 2024","MANDO_PRIMEIRA_PARTIDA":"Não","FONTE_PRIMEIRA_PARTIDA":"https://www.meutimao.com.br/jogo/8191/paulista-feminino-2024/marilia-0-x-5-corinthians","DATA_ULTIMA_PARTIDA":"2024-09-25","ANO_ULTIMA_PARTIDA":null,"ULTIMA_PARTIDA":"MARÍLIA 0x5 CORINTHIANS","ADVERSARIO_ULTIMA_PARTIDA":"MARÍLIA","PLACAR_ULTIMA_PARTIDA":"0x5","COMPETICAO_ULTIMA_PARTIDA":"Paulista Feminino 2024","MANDO_ULTIMA_PARTIDA":"Não","FONTE_ULTIMA_PARTIDA":"https://www.meutimao.com.br/jogo/8191/paulista-feminino-2024/marilia-0-x-5-corinthians","NUM_ESTADIOS_NO_PONTO":0,"NUM_ESTADIOS_COM_JOGOS_NO_PONTO":0,"ESTADIOS_AGRUPADOS":"[]","STATUS_GEOMETRIA":"ESTADIO_NAO_IDENTIFICADO","PRECISAO_COORDENADAS":null,"FONTE_COORDENADAS":null,"URL_FONTE_COORDENADAS":null,"ATRIBUICAO_COORDENADAS":null,"FONTES_NOME_ANTIGO":null,"JOGOS_SEM_GEOMETRIA":1}},{"type":"Feature","geometry":null,"properties":{"SECAO":"BRABAS","TIPO_REGISTRO":"SEM_GEOMETRIA","NOME_ESTADIO":"Fonte Nova","NOME_ATUAL":"Fonte Nova","NOME_ANTIGO_1":null,"NOME_ANTIGO_2":null,"ESTADIO":"Fonte Nova","ESTÁDIO":"Fonte Nova","NOME_ANTIGO":null,"NOMES_ALTERNATIVOS":null,"CIDADE":"Salvador","ESTADO":"BA","PAÍS":"Brasil","PAIS_ISO3":null,"CAPACIDADE":null,"LATITUDE":null,"LONGITUDE":null,"TOTAL_JOGOS":2,"VITORIAS":1,"VITÓRIAS":1,"EMPATES":1,"DERROTAS":0,"PONTOS_CAMPEONATO":4,"APROVEITAMENTO_PCT":66.7,"GOLS_MARCADOS":2,"GOLS_SOFRIDOS":1,"SALDO_GOLS":1,"GOLS_POR_PARTIDA":1.0,"ASSISTENCIAS":null,"ASSISTENCIAS_DISPONIVEIS":false,"ASSISTENCIAS_FONTE":"Não consta nos arquivos locais do Meu Timão ou Daniel Keppler.","JOGOS_COM_PLACAR":2,"JOGOS_SEM_PLACAR":0,"PARTIDAS_DANIEL_KEPPLER":0,"PARTIDAS_MEUTIMAO":2,"FONTES_JOGOS":"Meu Timão","DATA_PRIMEIRA_PARTIDA":"2026-08-15","ANO_PRIMEIRA_PARTIDA":null,"PRIMEIRA_PARTIDA":"BAHIA 1x1 CORINTHIANS","ADVERSARIO":"BAHIA","PLACAR":"1x1","COMPETICAO_PRIMEIRA_PARTIDA":"Brasileiro Feminino 2026","MANDO_PRIMEIRA_PARTIDA":"Não","FONTE_PRIMEIRA_PARTIDA":"https://www.meutimao.com.br/jogo/8917/brasileiro-feminino-2026/bahia-1-x-1-corinthians","DATA_ULTIMA_PARTIDA":"2026-09-15","ANO_ULTIMA_PARTIDA":null,"ULTIMA_PARTIDA":"BAHIA 0x1 CORINTHIANS","ADVERSARIO_ULTIMA_PARTIDA":"BAHIA","PLACAR_ULTIMA_PARTIDA":"0x1","COMPETICAO_ULTIMA_PARTIDA":"Brasileiro Feminino 2026","MANDO_ULTIMA_PARTIDA":"Não","FONTE_ULTIMA_PARTIDA":"https://www.meutimao.com.br/jogo/9139/brasileiro-feminino-2026/bahia-0-x-1-corinthians","NUM_ESTADIOS_NO_PONTO":0,"NUM_ESTADIOS_COM_JOGOS_NO_PONTO":0,"ESTADIOS_AGRUPADOS":"[]","STATUS_GEOMETRIA":"ESTADIO_NAO_IDENTIFICADO","PRECISAO_COORDENADAS":null,"FONTE_COORDENADAS":null,"URL_FONTE_COORDENADAS":null,"ATRIBUICAO_COORDENADAS":null,"FONTES_NOME_ANTIGO":null,"JOGOS_SEM_GEOMETRIA":2}}]}