{
"type": "FeatureCollection",
"name": "as_brabas_jogos",
"crs": { "type": "name", "properties": { "name": "urn:ogc:def:crs:OGC:1.3:CRS84" } },
"features": [
{ "type": "Feature", "properties": { "DATA": "1997-03-09", "DIA DA SEMANA": "domingo", "DIA DO JOGO": "1997-03-09 00:00:00", "MÊS DO JOGO": "1997-03-09 00:00:00", "ANO JOGO": 1997.0, "ANO COMPETIÇÃO": 1997.0, "MANDANTE / VISITANTE (SCCP)": "Neutro", "TIME MANDANTE": "CORINTHIANS", "GOLS MANDANTE": "3.0", "x": "x", "GOLS VISITANTE": "0.0", "TIME VISITANTE": "USP", "PLACAR": "3x0", "RESULTADO": "VITÓRIA", "ADVERSÁRIO": "USP", "ESTADO ADVERSÁRIO": "SÃO PAULO", "PAÍS ADVERSÁRIO": "BRASIL", "GOLS SCCP": "3", "GOLS ADVERSÁRIO": "0", "SALDO DE GOLS": "3", "TREINADOR": "DESCONHECIDO", "JOGO OFICIAL?": "SIM", "COMPETIÇÃO": "TORNEIO INÍCIO", "FASE": "QUARTAS DE FINAL", "ESTÁDIO": "ÍCARO DE CASTRO MELO (OLÍMPICO DO IBIRAPUERA)", "CAPACIDADE": "13400", "CIDADE": "SÃO PAULO ", "ESTADO/PROVÍNCIA": "SÃO PAULO", "PAÍS": "BRASIL", "LATITUDE": -23.578112052013303, "LONGITUDE": -46.653697781534753, "PÚBLICO PAGANTE": "ND", "PÚBLICO TOTAL": "ND", "RENDA BRUTA (R$)": "ND", "RENDA LÍQUIDA (R$)": "ND", "TICKET MÉDIO (R$)": "ND", "AUTORAS": null, "TÍTULO?": "N/A", "OBSERVAÇÕES": null, "ERA": "Até 2016" }, "geometry": { "type": "Point", "coordinates": [ -46.653697781534753, -23.578112052013303 ] } },
{ "type": "Feature", "properties": { "DATA": "1997-03-09", "DIA DA SEMANA": "domingo", "DIA DO JOGO": "1997-03-09 00:00:00", "MÊS DO JOGO": "1997-03-09 00:00:00", "ANO JOGO": 1997.0, "ANO COMPETIÇÃO": 1997.0, "MANDANTE / VISITANTE (SCCP)": "Neutro", "TIME MANDANTE": "CORINTHIANS", "GOLS MANDANTE": "0.0", "x": "x", "GOLS VISITANTE": "0.0", "TIME VISITANTE": "PORTUGUESA", "PLACAR": "0x0", "RESULTADO": "EMPATE", "ADVERSÁRIO": "PORTUGUESA", "ESTADO ADVERSÁRIO": "SÃO PAULO", "PAÍS ADVERSÁRIO": "BRASIL", "GOLS SCCP": "0", "GOLS ADVERSÁRIO": "0", "SALDO DE GOLS": "0", "TREINADOR": "DESCONHECIDO", "JOGO OFICIAL?": "SIM", "COMPETIÇÃO": "TORNEIO INÍCIO", "FASE": "SEMIFINAL", "ESTÁDIO": "ÍCARO DE CASTRO MELO (OLÍMPICO DO IBIRAPUERA)", "CAPACIDADE": "13400", "CIDADE": "SÃO PAULO ", "ESTADO/PROVÍNCIA": "SÃO PAULO", "PAÍS": "BRASIL", "LATITUDE": -23.578112052013303, "LONGITUDE": -46.653697781534753, "PÚBLICO PAGANTE": "ND", "PÚBLICO TOTAL": "ND", "RENDA BRUTA (R$)": "ND", "RENDA LÍQUIDA (R$)": "ND", "TICKET MÉDIO (R$)": "ND", "AUTORAS": null, "TÍTULO?": "N/A", "OBSERVAÇÕES": "Derrota por 1x0 nos escanteios / Corinthians 3º colocado do Torneio Início do Campeonato Paulista 1997", "ERA": "Até 2016" }, "geometry": { "type": "Point", "coordinates": [ -46.653697781534753, -23.578112052013303 ] } },
{ "type": "Feature", "properties": { "DATA": "1997-03-19", "DIA DA SEMANA": "quarta-feira", "DIA DO JOGO": "1997-03-19 00:00:00", "MÊS DO JOGO": "1997-03-19 00:00:00", "ANO JOGO": 1997.0, "ANO COMPETIÇÃO": 1997.0, "MANDANTE / VISITANTE (SCCP)": "Sim", "TIME MANDANTE": "CORINTHIANS", "GOLS MANDANTE": "3.0", "x": "x", "GOLS VISITANTE": "2.0", "TIME VISITANTE": "USP", "PLACAR": "3x2", "RESULTADO": "VITÓRIA", "ADVERSÁRIO": "USP", "ESTADO ADVERSÁRIO": "SÃO PAULO", "PAÍS ADVERSÁRIO": "BRASIL", "GOLS SCCP": "3", "GOLS ADVERSÁRIO": "2", "SALDO DE GOLS": "1", "TREINADOR": "DESCONHECIDO", "JOGO OFICIAL?": "SIM", "COMPETIÇÃO": "CAMPEONATO PAULISTA / FPF", "FASE": "1ª FASE", "ESTÁDIO": "ÍCARO DE CASTRO MELO (OLÍMPICO DO IBIRAPUERA)", "CAPACIDADE": "13400", "CIDADE": "SÃO PAULO ", "ESTADO/PROVÍNCIA": "SÃO PAULO", "PAÍS": "BRASIL", "LATITUDE": -23.578112052013303, "LONGITUDE": -46.653697781534753, "PÚBLICO PAGANTE": "ND", "PÚBLICO TOTAL": "ND", "RENDA BRUTA (R$)": "ND", "RENDA LÍQUIDA (R$)": "ND", "TICKET MÉDIO (R$)": "ND", "AUTORAS": null, "TÍTULO?": "N/A", "OBSERVAÇÕES": "1ª rodada do Paulistana 97", "ERA": "Até 2016" }, "geometry": { "type": "Point", "coordinates": [ -46.653697781534753, -23.578112052013303 ] } },
{ "type": "Feature", "properties": { "DATA": "1997-04-20", "DIA DA SEMANA": "domingo", "DIA DO JOGO": "1997-04-20 00:00:00", "MÊS DO JOGO": "1997-04-20 00:00:00", "ANO JOGO": 1997.0, "ANO COMPETIÇÃO": 1997.0, "MANDANTE / VISITANTE (SCCP)": "Não", "TIME MANDANTE": "SÃO PAULO", "GOLS MANDANTE": "2.0", "x": "x", "GOLS VISITANTE": "1.0", "TIME VISITANTE": "CORINTHIANS", "PLACAR": "2x1", "RESULTADO": "DERROTA", "ADVERSÁRIO": "SÃO PAULO", "ESTADO ADVERSÁRIO": "SÃO PAULO", "PAÍS ADVERSÁRIO": "BRASIL", "GOLS SCCP": "1", "GOLS ADVERSÁRIO": "2", "SALDO DE GOLS": "-1", "TREINADOR": "DESCONHECIDO", "JOGO OFICIAL?": "SIM", "COMPETIÇÃO": "CAMPEONATO PAULISTA / FPF", "FASE": "1ª FASE", "ESTÁDIO": "ÍCARO DE CASTRO MELO (OLÍMPICO DO IBIRAPUERA)", "CAPACIDADE": "13400", "CIDADE": "SÃO PAULO ", "ESTADO/PROVÍNCIA": "SÃO PAULO", "PAÍS": "BRASIL", "LATITUDE": -23.578112052013303, "LONGITUDE": -46.653697781534753, "PÚBLICO PAGANTE": "ND", "PÚBLICO TOTAL": "ND", "RENDA BRUTA (R$)": "ND", "RENDA LÍQUIDA (R$)": "ND", "TICKET MÉDIO (R$)": "ND", "AUTORAS": null, "TÍTULO?": "N/A", "OBSERVAÇÕES": "6ª rodada do Paulistana 97 / Mando de campo presumido", "ERA": "Até 2016" }, "geometry": { "type": "Point", "coordinates": [ -46.653697781534753, -23.578112052013303 ] } },
{ "type": "Feature", "properties": { "DATA": "1997-04-27", "DIA DA SEMANA": "domingo", "DIA DO JOGO": "1997-04-27 00:00:00", "MÊS DO JOGO": "1997-04-27 00:00:00", "ANO JOGO": 1997.0, "ANO COMPETIÇÃO": 1997.0, "MANDANTE / VISITANTE (SCCP)": "Sim", "TIME MANDANTE": "CORINTHIANS", "GOLS MANDANTE": "1.0", "x": "x", "GOLS VISITANTE": "2.0", "TIME VISITANTE": "SANTOS", "PLACAR": "1x2", "RESULTADO": "DERROTA", "ADVERSÁRIO": "SANTOS", "ESTADO ADVERSÁRIO": "SÃO PAULO", "PAÍS ADVERSÁRIO": "BRASIL", "GOLS SCCP": "1", "GOLS ADVERSÁRIO": "2", "SALDO DE GOLS": "-1", "TREINADOR": "DESCONHECIDO", "JOGO OFICIAL?": "SIM", "COMPETIÇÃO": "CAMPEONATO PAULISTA / FPF", "FASE": "1ª FASE", "ESTÁDIO": "ÍCARO DE CASTRO MELO (OLÍMPICO DO IBIRAPUERA)", "CAPACIDADE": "13400", "CIDADE": "SÃO PAULO ", "ESTADO/PROVÍNCIA": "SÃO PAULO", "PAÍS": "BRASIL", "LATITUDE": -23.578112052013303, "LONGITUDE": -46.653697781534753, "PÚBLICO PAGANTE": "ND", "PÚBLICO TOTAL": "ND", "RENDA BRUTA (R$)": "ND", "RENDA LÍQUIDA (R$)": "ND", "TICKET MÉDIO (R$)": "ND", "AUTORAS": null, "TÍTULO?": "N/A", "OBSERVAÇÕES": "7ª rodada do Paulistana 97", "ERA": "Até 2016" }, "geometry": { "type": "Point", "coordinates": [ -46.653697781534753, -23.578112052013303 ] } },
{ "type": "Feature", "properties": { "DATA": "1997-06-14", "DIA DA SEMANA": "sábado", "DIA DO JOGO": "1997-06-14 00:00:00", "MÊS DO JOGO": "1997-06-14 00:00:00", "ANO JOGO": 1997.0, "ANO COMPETIÇÃO": 1997.0, "MANDANTE / VISITANTE (SCCP)": "Sim", "TIME MANDANTE": "CORINTHIANS", "GOLS MANDANTE": "3.0", "x": "x", "GOLS VISITANTE": "5.0", "TIME VISITANTE": "SÃO PAULO", "PLACAR": "3x5", "RESULTADO": "DERROTA", "ADVERSÁRIO": "SÃO PAULO", "ESTADO ADVERSÁRIO": "SÃO PAULO", "PAÍS ADVERSÁRIO": "BRASIL", "GOLS SCCP": "3", "GOLS ADVERSÁRIO": "5", "SALDO DE GOLS": "-2", "TREINADOR": "DESCONHECIDO", "JOGO OFICIAL?": "SIM", "COMPETIÇÃO": "CAMPEONATO PAULISTA / FPF", "FASE": "1ª FASE", "ESTÁDIO": "ÍCARO DE CASTRO MELO (OLÍMPICO DO IBIRAPUERA)", "CAPACIDADE": "13400", "CIDADE": "SÃO PAULO ", "ESTADO/PROVÍNCIA": "SÃO PAULO", "PAÍS": "BRASIL", "LATITUDE": -23.578112052013303, "LONGITUDE": -46.653697781534753, "PÚBLICO PAGANTE": "ND", "PÚBLICO TOTAL": "ND", "RENDA BRUTA (R$)": "ND", "RENDA LÍQUIDA (R$)": "ND", "TICKET MÉDIO (R$)": "ND", "AUTORAS": null, "TÍTULO?": "N/A", "OBSERVAÇÕES": "13ª rodada do Paulistana 97 / Mando de campo presumido", "ERA": "Até 2016" }, "geometry": { "type": "Point", "coordinates": [ -46.653697781534753, -23.578112052013303 ] } },
{ "type": "Feature", "properties": { "DATA": "1997-06-20", "DIA DA SEMANA": "sexta-feira", "DIA DO JOGO": "1997-06-20 00:00:00", "MÊS DO JOGO": "1997-06-20 00:00:00", "ANO JOGO": 1997.0, "ANO COMPETIÇÃO": 1997.0, "MANDANTE / VISITANTE (SCCP)": "Não", "TIME MANDANTE": "SANTOS", "GOLS MANDANTE": "1.0", "x": "x", "GOLS VISITANTE": "5.0", "TIME VISITANTE": "CORINTHIANS", "PLACAR": "1x5", "RESULTADO": "VITÓRIA", "ADVERSÁRIO": "SANTOS", "ESTADO ADVERSÁRIO": "SÃO PAULO", "PAÍS ADVERSÁRIO": "BRASIL", "GOLS SCCP": "5", "GOLS ADVERSÁRIO": "1", "SALDO DE GOLS": "4", "TREINADOR": "DESCONHECIDO", "JOGO OFICIAL?": "SIM", "COMPETIÇÃO": "CAMPEONATO PAULISTA / FPF", "FASE": "1ª FASE", "ESTÁDIO": "ÍCARO DE CASTRO MELO (OLÍMPICO DO IBIRAPUERA)", "CAPACIDADE": "13400", "CIDADE": "SÃO PAULO ", "ESTADO/PROVÍNCIA": "SÃO PAULO", "PAÍS": "BRASIL", "LATITUDE": -23.578112052013303, "LONGITUDE": -46.653697781534753, "PÚBLICO PAGANTE": "ND", "PÚBLICO TOTAL": "ND", "RENDA BRUTA (R$)": "ND", "RENDA LÍQUIDA (R$)": "ND", "TICKET MÉDIO (R$)": "ND", "AUTORAS": null, "TÍTULO?": "N/A", "OBSERVAÇÕES": "14ª rodada do Paulistana 97 / Posição final no torneio desconhecida", "ERA": "Até 2016" }, "geometry": { "type": "Point", "coordinates": [ -46.653697781534753, -23.578112052013303 ] } },
{ "type": "Feature", "properties": { "DATA": "1997-09-22", "DIA DA SEMANA": "segunda-feira", "DIA DO JOGO": "1997-09-22 00:00:00", "MÊS DO JOGO": "1997-09-22 00:00:00", "ANO JOGO": 1997.0, "ANO COMPETIÇÃO": 1997.0, "MANDANTE / VISITANTE (SCCP)": "Não", "TIME MANDANTE": "SÃO PAULO", "GOLS MANDANTE": "3.0", "x": "x", "GOLS VISITANTE": "1.0", "TIME VISITANTE": "CORINTHIANS", "PLACAR": "3x1", "RESULTADO": "DERROTA", "ADVERSÁRIO": "SÃO PAULO", "ESTADO ADVERSÁRIO": "SÃO PAULO", "PAÍS ADVERSÁRIO": "BRASIL", "GOLS SCCP": "1", "GOLS ADVERSÁRIO": "3", "SALDO DE GOLS": "-2", "TREINADOR": "DESCONHECIDO", "JOGO OFICIAL?": "SIM", "COMPETIÇÃO": "TORNEIO DA PRIMAVERA", "FASE": "DESCONHECIDO", "ESTÁDIO": "ÍCARO DE CASTRO MELO (OLÍMPICO DO IBIRAPUERA)", "CAPACIDADE": "13400", "CIDADE": "SÃO PAULO ", "ESTADO/PROVÍNCIA": "SÃO PAULO", "PAÍS": "BRASIL", "LATITUDE": -23.578112052013303, "LONGITUDE": -46.653697781534753, "PÚBLICO PAGANTE": "ND", "PÚBLICO TOTAL": "ND", "RENDA BRUTA (R$)": "ND", "RENDA LÍQUIDA (R$)": "ND", "TICKET MÉDIO (R$)": "ND", "AUTORAS": null, "TÍTULO?": "N/A", "OBSERVAÇÕES": "Posição final no torneio desconhecida", "ERA": "Até 2016" }, "geometry": { "type": "Point", "coordinates": [ -46.653697781534753, -23.578112052013303 ] } },
{ "type": "Feature", "properties": { "DATA": "1997-11-08", "DIA DA SEMANA": "sábado", "DIA DO JOGO": "1997-11-08 00:00:00", "MÊS DO JOGO": "1997-11-08 00:00:00", "ANO JOGO": 1997.0, "ANO COMPETIÇÃO": 1997.0, "MANDANTE / VISITANTE (SCCP)": "Sim", "TIME MANDANTE": "CORINTHIANS", "GOLS MANDANTE": "10.0", "x": "x", "GOLS VISITANTE": "0.0", "TIME VISITANTE": "NACIONAL-AM", "PLACAR": "10x0", "RESULTADO": "VITÓRIA", "ADVERSÁRIO": "NACIONAL-AM", "ESTADO ADVERSÁRIO": "AMAZONAS", "PAÍS ADVERSÁRIO": "BRASIL", "GOLS SCCP": "10", "GOLS ADVERSÁRIO": "0", "SALDO DE GOLS": "10", "TREINADOR": "DESCONHECIDO", "JOGO OFICIAL?": "SIM", "COMPETIÇÃO": "TAÇA BRASIL", "FASE": "1ª FASE", "ESTÁDIO": "JOAQUIM DE MORAIS FILHO (JOAQUINZÃO)", "CAPACIDADE": "9600", "CIDADE": "TAUBATÉ ", "ESTADO/PROVÍNCIA": "SÃO PAULO", "PAÍS": "BRASIL", "LATITUDE": -23.027800963309272, "LONGITUDE": -45.56983161590955, "PÚBLICO PAGANTE": "ND", "PÚBLICO TOTAL": "ND", "RENDA BRUTA (R$)": "ND", "RENDA LÍQUIDA (R$)": "ND", "TICKET MÉDIO (R$)": "ND", "AUTORAS": null, "TÍTULO?": "N/A", "OBSERVAÇÕES": null, "ERA": "Até 2016" }, "geometry": { "type": "Point", "coordinates": [ -45.56983161590955, -23.027800963309272 ] } },
{ "type": "Feature", "properties": { "DATA": "1997-11-10", "DIA DA SEMANA": "segunda-feira", "DIA DO JOGO": "1997-11-10 00:00:00", "MÊS DO JOGO": "1997-11-10 00:00:00", "ANO JOGO": 1997.0, "ANO COMPETIÇÃO": 1997.0, "MANDANTE / VISITANTE (SCCP)": "Sim", "TIME MANDANTE": "CORINTHIANS", "GOLS MANDANTE": "7.0", "x": "x", "GOLS VISITANTE": "0.0", "TIME VISITANTE": "GOIÂNIA", "PLACAR": "7x0", "RESULTADO": "VITÓRIA", "ADVERSÁRIO": "GOIÂNIA", "ESTADO ADVERSÁRIO": "GOIÁS", "PAÍS ADVERSÁRIO": "BRASIL", "GOLS SCCP": "7", "GOLS ADVERSÁRIO": "0", "SALDO DE GOLS": "7", "TREINADOR": "DESCONHECIDO", "JOGO OFICIAL?": "SIM", "COMPETIÇÃO": "TAÇA BRASIL", "FASE": "1ª FASE", "ESTÁDIO": "JOAQUIM DE MORAIS FILHO (JOAQUINZÃO)", "CAPACIDADE": "9600", "CIDADE": "TAUBATÉ ", "ESTADO/PROVÍNCIA": "SÃO PAULO", "PAÍS": "BRASIL", "LATITUDE": -23.027800963309272, "LONGITUDE": -45.56983161590955, "PÚBLICO PAGANTE": "ND", "PÚBLICO TOTAL": "ND", "RENDA BRUTA (R$)": "ND", "RENDA LÍQUIDA (R$)": "ND", "TICKET MÉDIO (R$)": "ND", "AUTORAS": null, "TÍTULO?": "N/A", "OBSERVAÇÕES": null, "ERA": "Até 2016" }, "geometry": { "type": "Point", "coordinates": [ -45.56983161590955, -23.027800963309272 ] } },
{ "type": "Feature", "properties": { "DATA": "1997-11-12", "DIA DA SEMANA": "quarta-feira", "DIA DO JOGO": "1997-11-12 00:00:00", "MÊS DO JOGO": "1997-11-12 00:00:00", "ANO JOGO": 1997.0, "ANO COMPETIÇÃO": 1997.0, "MANDANTE / VISITANTE (SCCP)": "Sim", "TIME MANDANTE": "CORINTHIANS", "GOLS MANDANTE": "4.0", "x": "x", "GOLS VISITANTE": "0.0", "TIME VISITANTE": "RAIZ DA GÁVEA-RJ", "PLACAR": "4x0", "RESULTADO": "VITÓRIA", "ADVERSÁRIO": "RAIZ DA GÁVEA-RJ", "ESTADO ADVERSÁRIO": "RIO DE JANEIRO", "PAÍS ADVERSÁRIO": "BRASIL", "GOLS SCCP": "4", "GOLS ADVERSÁRIO": "0", "SALDO DE GOLS": "4", "TREINADOR": "DESCONHECIDO", "JOGO OFICIAL?": "SIM", "COMPETIÇÃO": "TAÇA BRASIL", "FASE": "1ª FASE", "ESTÁDIO": "JOAQUIM DE MORAIS FILHO (JOAQUINZÃO)", "CAPACIDADE": "9600", "CIDADE": "TAUBATÉ ", "ESTADO/PROVÍNCIA": "SÃO PAULO", "PAÍS": "BRASIL", "LATITUDE": -23.027800963309272, "LONGITUDE": -45.56983161590955, "PÚBLICO PAGANTE": "ND", "PÚBLICO TOTAL": "ND", "RENDA BRUTA (R$)": "ND", "RENDA LÍQUIDA (R$)": "ND", "TICKET MÉDIO (R$)": "ND", "AUTORAS": null, "TÍTULO?": "N/A", "OBSERVAÇÕES": null, "ERA": "Até 2016" }, "geometry": { "type": "Point", "coordinates": [ -45.56983161590955, -23.027800963309272 ] } },
{ "type": "Feature", "properties": { "DATA": "1997-11-16", "DIA DA SEMANA": "domingo", "DIA DO JOGO": "1997-11-16 00:00:00", "MÊS DO JOGO": "1997-11-16 00:00:00", "ANO JOGO": 1997.0, "ANO COMPETIÇÃO": 1997.0, "MANDANTE / VISITANTE (SCCP)": "Sim", "TIME MANDANTE": "CORINTHIANS", "GOLS MANDANTE": "3.0", "x": "x", "GOLS VISITANTE": "1.0", "TIME VISITANTE": "INTERNACIONAL", "PLACAR": "3x1", "RESULTADO": "VITÓRIA", "ADVERSÁRIO": "INTERNACIONAL", "ESTADO ADVERSÁRIO": "RIO GRANDE DO SUL", "PAÍS ADVERSÁRIO": "BRASIL", "GOLS SCCP": "3", "GOLS ADVERSÁRIO": "1", "SALDO DE GOLS": "2", "TREINADOR": "DESCONHECIDO", "JOGO OFICIAL?": "SIM", "COMPETIÇÃO": "TAÇA BRASIL", "FASE": "2ª FASE", "ESTÁDIO": "JOAQUIM DE MORAIS FILHO (JOAQUINZÃO)", "CAPACIDADE": "9600", "CIDADE": "TAUBATÉ ", "ESTADO/PROVÍNCIA": "SÃO PAULO", "PAÍS": "BRASIL", "LATITUDE": -23.027800963309272, "LONGITUDE": -45.56983161590955, "PÚBLICO PAGANTE": "ND", "PÚBLICO TOTAL": "ND", "RENDA BRUTA (R$)": "ND", "RENDA LÍQUIDA (R$)": "ND", "TICKET MÉDIO (R$)": "ND", "AUTORAS": null, "TÍTULO?": "N/A", "OBSERVAÇÕES": null, "ERA": "Até 2016" }, "geometry": { "type": "Point", "coordinates": [ -45.56983161590955, -23.027800963309272 ] } },
{ "type": "Feature", "properties": { "DATA": "1997-11-21", "DIA DA SEMANA": "sexta-feira", "DIA DO JOGO": "1997-11-21 00:00:00", "MÊS DO JOGO": "1997-11-21 00:00:00", "ANO JOGO": 1997.0, "ANO COMPETIÇÃO": 1997.0, "MANDANTE / VISITANTE (SCCP)": "Sim", "TIME MANDANTE": "CORINTHIANS", "GOLS MANDANTE": "5.0", "x": "x", "GOLS VISITANTE": "2.0", "TIME VISITANTE": "RIO NEGRO-AM", "PLACAR": "5x2", "RESULTADO": "VITÓRIA", "ADVERSÁRIO": "RIO NEGRO-AM", "ESTADO ADVERSÁRIO": "AMAZONAS", "PAÍS ADVERSÁRIO": "BRASIL", "GOLS SCCP": "5", "GOLS ADVERSÁRIO": "2", "SALDO DE GOLS": "3", "TREINADOR": "DESCONHECIDO", "JOGO OFICIAL?": "SIM", "COMPETIÇÃO": "TAÇA BRASIL", "FASE": "2ª FASE", "ESTÁDIO": "JOAQUIM DE MORAIS FILHO (JOAQUINZÃO)", "CAPACIDADE": "9600", "CIDADE": "TAUBATÉ ", "ESTADO/PROVÍNCIA": "SÃO PAULO", "PAÍS": "BRASIL", "LATITUDE": -23.027800963309272, "LONGITUDE": -45.56983161590955, "PÚBLICO PAGANTE": "ND", "PÚBLICO TOTAL": "ND", "RENDA BRUTA (R$)": "ND", "RENDA LÍQUIDA (R$)": "ND", "TICKET MÉDIO (R$)": "ND", "AUTORAS": null, "TÍTULO?": "N/A", "OBSERVAÇÕES": null, "ERA": "Até 2016" }, "geometry": { "type": "Point", "coordinates": [ -45.56983161590955, -23.027800963309272 ] } },
{ "type": "Feature", "properties": { "DATA": "1997-11-23", "DIA DA SEMANA": "domingo", "DIA DO JOGO": "1997-11-23 00:00:00", "MÊS DO JOGO": "1997-11-23 00:00:00", "ANO JOGO": 1997.0, "ANO COMPETIÇÃO": 1997.0, "MANDANTE / VISITANTE (SCCP)": "Sim", "TIME MANDANTE": "CORINTHIANS", "GOLS MANDANTE": "1.0", "x": "x", "GOLS VISITANTE": "1.0", "TIME VISITANTE": "VASCO", "PLACAR": "1x1", "RESULTADO": "EMPATE", "ADVERSÁRIO": "VASCO", "ESTADO ADVERSÁRIO": "RIO DE JANEIRO", "PAÍS ADVERSÁRIO": "BRASIL", "GOLS SCCP": "1", "GOLS ADVERSÁRIO": "1", "SALDO DE GOLS": "0", "TREINADOR": "DESCONHECIDO", "JOGO OFICIAL?": "SIM", "COMPETIÇÃO": "TAÇA BRASIL", "FASE": "2ª FASE", "ESTÁDIO": "JOAQUIM DE MORAIS FILHO (JOAQUINZÃO)", "CAPACIDADE": "9600", "CIDADE": "TAUBATÉ ", "ESTADO/PROVÍNCIA": "SÃO PAULO", "PAÍS": "BRASIL", "LATITUDE": -23.027800963309272, "LONGITUDE": -45.56983161590955, "PÚBLICO PAGANTE": "ND", "PÚBLICO TOTAL": "ND", "RENDA BRUTA (R$)": "ND", "RENDA LÍQUIDA (R$)": "ND", "TICKET MÉDIO (R$)": "ND", "AUTORAS": null, "TÍTULO?": "N/A", "OBSERVAÇÕES": null, "ERA": "Até 2016" }, "geometry": { "type": "Point", "coordinates": [ -45.56983161590955, -23.027800963309272 ] } },
{ "type": "Feature", "properties": { "DATA": "1997-11-25", "DIA DA SEMANA": "terça-feira", "DIA DO JOGO": "1997-11-25 00:00:00", "MÊS DO JOGO": "1997-11-25 00:00:00", "ANO JOGO": 1997.0, "ANO COMPETIÇÃO": 1997.0, "MANDANTE / VISITANTE (SCCP)": "Sim", "TIME MANDANTE": "CORINTHIANS", "GOLS MANDANTE": "1.0", "x": "x", "GOLS VISITANTE": "1.0", "TIME VISITANTE": "PORTUGUESA", "PLACAR": "1x1", "RESULTADO": "EMPATE", "ADVERSÁRIO": "PORTUGUESA", "ESTADO ADVERSÁRIO": "SÃO PAULO", "PAÍS ADVERSÁRIO": "BRASIL", "GOLS SCCP": "1", "GOLS ADVERSÁRIO": "1", "SALDO DE GOLS": "0", "TREINADOR": "DESCONHECIDO", "JOGO OFICIAL?": "SIM", "COMPETIÇÃO": "TAÇA BRASIL", "FASE": "SEMIFINAL", "ESTÁDIO": "JOAQUIM DE MORAIS FILHO (JOAQUINZÃO)", "CAPACIDADE": "9600", "CIDADE": "TAUBATÉ ", "ESTADO/PROVÍNCIA": "SÃO PAULO", "PAÍS": "BRASIL", "LATITUDE": -23.027800963309272, "LONGITUDE": -45.56983161590955, "PÚBLICO PAGANTE": "ND", "PÚBLICO TOTAL": "ND", "RENDA BRUTA (R$)": "ND", "RENDA LÍQUIDA (R$)": "ND", "TICKET MÉDIO (R$)": "ND", "AUTORAS": null, "TÍTULO?": "N/A", "OBSERVAÇÕES": "Derrota nos pênaltis (placar desconhecido) / Nessa época a Portuguesa era chamada de Lusa Sant'Anna por questões de patrocínio do time feminino", "ERA": "Até 2016" }, "geometry": { "type": "Point", "coordinates": [ -45.56983161590955, -23.027800963309272 ] } },
{ "type": "Feature", "properties": { "DATA": "1997-11-27", "DIA DA SEMANA": "quinta-feira", "DIA DO JOGO": "1997-11-27 00:00:00", "MÊS DO JOGO": "1997-11-27 00:00:00", "ANO JOGO": 1997.0, "ANO COMPETIÇÃO": 1997.0, "MANDANTE / VISITANTE (SCCP)": "Sim", "TIME MANDANTE": "CORINTHIANS", "GOLS MANDANTE": "1.0", "x": "x", "GOLS VISITANTE": "3.0", "TIME VISITANTE": "VASCO", "PLACAR": "1x3", "RESULTADO": "DERROTA", "ADVERSÁRIO": "VASCO", "ESTADO ADVERSÁRIO": "RIO DE JANEIRO", "PAÍS ADVERSÁRIO": "BRASIL", "GOLS SCCP": "1", "GOLS ADVERSÁRIO": "3", "SALDO DE GOLS": "-2", "TREINADOR": "DESCONHECIDO", "JOGO OFICIAL?": "SIM", "COMPETIÇÃO": "TAÇA BRASIL", "FASE": "DISPUTA DE 3º LUGAR", "ESTÁDIO": "JOAQUIM DE MORAIS FILHO (JOAQUINZÃO)", "CAPACIDADE": "9600", "CIDADE": "TAUBATÉ ", "ESTADO/PROVÍNCIA": "SÃO PAULO", "PAÍS": "BRASIL", "LATITUDE": -23.027800963309272, "LONGITUDE": -45.56983161590955, "PÚBLICO PAGANTE": "ND", "PÚBLICO TOTAL": "ND", "RENDA BRUTA (R$)": "ND", "RENDA LÍQUIDA (R$)": "ND", "TICKET MÉDIO (R$)": "ND", "AUTORAS": null, "TÍTULO?": "N/A", "OBSERVAÇÕES": "Corinthians 4º colocado da Taça Brasil 1997", "ERA": "Até 2016" }, "geometry": { "type": "Point", "coordinates": [ -45.56983161590955, -23.027800963309272 ] } },
{ "type": "Feature", "properties": { "DATA": "1998-04-26", "DIA DA SEMANA": "domingo", "DIA DO JOGO": "1998-04-26 00:00:00", "MÊS DO JOGO": "1998-04-26 00:00:00", "ANO JOGO": 1998.0, "ANO COMPETIÇÃO": 1998.0, "MANDANTE / VISITANTE (SCCP)": "Não", "TIME MANDANTE": "PALMEIRAS", "GOLS MANDANTE": "2.0", "x": "x", "GOLS VISITANTE": "4.0", "TIME VISITANTE": "CORINTHIANS", "PLACAR": "2x4", "RESULTADO": "VITÓRIA", "ADVERSÁRIO": "PALMEIRAS", "ESTADO ADVERSÁRIO": "SÃO PAULO", "PAÍS ADVERSÁRIO": "BRASIL", "GOLS SCCP": "4", "GOLS ADVERSÁRIO": "2", "SALDO DE GOLS": "2", "TREINADOR": "DESCONHECIDO", "JOGO OFICIAL?": "SIM", "COMPETIÇÃO": "CAMPEONATO PAULISTA / FPF", "FASE": "1ª FASE", "ESTÁDIO": "NUBANK PARQUE (ARENA PALMEIRAS)", "CAPACIDADE": "43713", "CIDADE": "SÃO PAULO ", "ESTADO/PROVÍNCIA": "SÃO PAULO", "PAÍS": "BRASIL", "LATITUDE": -23.527428879851925, "LONGITUDE": -46.678112148437812, "PÚBLICO PAGANTE": "ND", "PÚBLICO TOTAL": "ND", "RENDA BRUTA (R$)": "ND", "RENDA LÍQUIDA (R$)": "ND", "TICKET MÉDIO (R$)": "ND", "AUTORAS": null, "TÍTULO?": "N/A", "OBSERVAÇÕES": "4ª rodada do Paulistana 98 / Na época, o estádio se chamava Palestra Itália ", "ERA": "Até 2016" }, "geometry": { "type": "Point", "coordinates": [ -46.678112148437812, -23.527428879851925 ] } },
{ "type": "Feature", "properties": { "DATA": "1998-05-15", "DIA DA SEMANA": "sexta-feira", "DIA DO JOGO": "1998-05-15 00:00:00", "MÊS DO JOGO": "1998-05-15 00:00:00", "ANO JOGO": 1998.0, "ANO COMPETIÇÃO": 1998.0, "MANDANTE / VISITANTE (SCCP)": "Não", "TIME MANDANTE": "PORTUGUESA", "GOLS MANDANTE": "5.0", "x": "x", "GOLS VISITANTE": "3.0", "TIME VISITANTE": "CORINTHIANS", "PLACAR": "5x3", "RESULTADO": "DERROTA", "ADVERSÁRIO": "PORTUGUESA", "ESTADO ADVERSÁRIO": "SÃO PAULO", "PAÍS ADVERSÁRIO": "BRASIL", "GOLS SCCP": "3", "GOLS ADVERSÁRIO": "5", "SALDO DE GOLS": "-2", "TREINADOR": "DESCONHECIDO", "JOGO OFICIAL?": "SIM", "COMPETIÇÃO": "CAMPEONATO PAULISTA / FPF", "FASE": "1ª FASE", "ESTÁDIO": "OSWALDO TEIXEIRA DUARTE (CANINDÉ)", "CAPACIDADE": "21004", "CIDADE": "SÃO PAULO ", "ESTADO/PROVÍNCIA": "SÃO PAULO", "PAÍS": "BRASIL", "LATITUDE": -23.520132719349128, "LONGITUDE": -46.618264502415194, "PÚBLICO PAGANTE": "ND", "PÚBLICO TOTAL": "ND", "RENDA BRUTA (R$)": "ND", "RENDA LÍQUIDA (R$)": "ND", "TICKET MÉDIO (R$)": "ND", "AUTORAS": null, "TÍTULO?": "N/A", "OBSERVAÇÕES": "8ª rodada do Paulistana 98 / O Corinthians folgou na 7ª rodada", "ERA": "Até 2016" }, "geometry": { "type": "Point", "coordinates": [ -46.618264502415194, -23.520132719349128 ] } },
{ "type": "Feature", "properties": { "DATA": "1998-05-17", "DIA DA SEMANA": "domingo", "DIA DO JOGO": "1998-05-17 00:00:00", "MÊS DO JOGO": "1998-05-17 00:00:00", "ANO JOGO": 1998.0, "ANO COMPETIÇÃO": 1998.0, "MANDANTE / VISITANTE (SCCP)": "Sim", "TIME MANDANTE": "CORINTHIANS", "GOLS MANDANTE": "12.0", "x": "x", "GOLS VISITANTE": "1.0", "TIME VISITANTE": "PALMEIRAS", "PLACAR": "12x1", "RESULTADO": "VITÓRIA", "ADVERSÁRIO": "PALMEIRAS", "ESTADO ADVERSÁRIO": "SÃO PAULO", "PAÍS ADVERSÁRIO": "BRASIL", "GOLS SCCP": "12", "GOLS ADVERSÁRIO": "1", "SALDO DE GOLS": "11", "TREINADOR": "DESCONHECIDO", "JOGO OFICIAL?": "SIM", "COMPETIÇÃO": "CAMPEONATO PAULISTA / FPF", "FASE": "1ª FASE", "ESTÁDIO": "ALFREDO SCHÜRIG (PARQUE SÃO JORGE / FAZENDINHA)", "CAPACIDADE": "9800", "CIDADE": "SÃO PAULO ", "ESTADO/PROVÍNCIA": "SÃO PAULO", "PAÍS": "BRASIL", "LATITUDE": -23.526659630812546, "LONGITUDE": -46.569480895169598, "PÚBLICO PAGANTE": "ND", "PÚBLICO TOTAL": "ND", "RENDA BRUTA (R$)": "ND", "RENDA LÍQUIDA (R$)": "ND", "TICKET MÉDIO (R$)": "ND", "AUTORAS": null, "TÍTULO?": "N/A", "OBSERVAÇÕES": "9ª rodada do Paulistana 98", "ERA": "Até 2016" }, "geometry": { "type": "Point", "coordinates": [ -46.569480895169598, -23.526659630812546 ] } },
{ "type": "Feature", "properties": { "DATA": "1998-05-24", "DIA DA SEMANA": "domingo", "DIA DO JOGO": "1998-05-24 00:00:00", "MÊS DO JOGO": "1998-05-24 00:00:00", "ANO JOGO": 1998.0, "ANO COMPETIÇÃO": 1998.0, "MANDANTE / VISITANTE (SCCP)": "Não", "TIME MANDANTE": "SANTOS", "GOLS MANDANTE": "0.0", "x": "x", "GOLS VISITANTE": "1.0", "TIME VISITANTE": "CORINTHIANS", "PLACAR": "0x1", "RESULTADO": "VITÓRIA", "ADVERSÁRIO": "SANTOS", "ESTADO ADVERSÁRIO": "SÃO PAULO", "PAÍS ADVERSÁRIO": "BRASIL", "GOLS SCCP": "1", "GOLS ADVERSÁRIO": "0", "SALDO DE GOLS": "1", "TREINADOR": "DESCONHECIDO", "JOGO OFICIAL?": "SIM", "COMPETIÇÃO": "CAMPEONATO PAULISTA / FPF", "FASE": "SEMIFINAL", "ESTÁDIO": "URBANO CALDEIRA (VILA BELMIRO)", "CAPACIDADE": "20360", "CIDADE": "SANTOS", "ESTADO/PROVÍNCIA": "SÃO PAULO", "PAÍS": "BRASIL", "LATITUDE": -23.950833202245221, "LONGITUDE": -46.338367960085641, "PÚBLICO PAGANTE": "ND", "PÚBLICO TOTAL": "ND", "RENDA BRUTA (R$)": "ND", "RENDA LÍQUIDA (R$)": "ND", "TICKET MÉDIO (R$)": "ND", "AUTORAS": null, "TÍTULO?": "N/A", "OBSERVAÇÕES": "Semifinal do Paulistana 98", "ERA": "Até 2016" }, "geometry": { "type": "Point", "coordinates": [ -46.338367960085641, -23.950833202245221 ] } },
{ "type": "Feature", "properties": { "DATA": "1998-05-29", "DIA DA SEMANA": "sexta-feira", "DIA DO JOGO": "1998-05-29 00:00:00", "MÊS DO JOGO": "1998-05-29 00:00:00", "ANO JOGO": 1998.0, "ANO COMPETIÇÃO": 1998.0, "MANDANTE / VISITANTE (SCCP)": "Sim", "TIME MANDANTE": "CORINTHIANS", "GOLS MANDANTE": "3.0", "x": "x", "GOLS VISITANTE": "2.0", "TIME VISITANTE": "SANTOS", "PLACAR": "3x2", "RESULTADO": "VITÓRIA", "ADVERSÁRIO": "SANTOS", "ESTADO ADVERSÁRIO": "SÃO PAULO", "PAÍS ADVERSÁRIO": "BRASIL", "GOLS SCCP": "3", "GOLS ADVERSÁRIO": "2", "SALDO DE GOLS": "1", "TREINADOR": "DESCONHECIDO", "JOGO OFICIAL?": "SIM", "COMPETIÇÃO": "CAMPEONATO PAULISTA / FPF", "FASE": "SEMIFINAL", "ESTÁDIO": "ALFREDO SCHÜRIG (PARQUE SÃO JORGE / FAZENDINHA)", "CAPACIDADE": "9800", "CIDADE": "SÃO PAULO ", "ESTADO/PROVÍNCIA": "SÃO PAULO", "PAÍS": "BRASIL", "LATITUDE": -23.526659630812546, "LONGITUDE": -46.569480895169598, "PÚBLICO PAGANTE": "ND", "PÚBLICO TOTAL": "ND", "RENDA BRUTA (R$)": "ND", "RENDA LÍQUIDA (R$)": "ND", "TICKET MÉDIO (R$)": "ND", "AUTORAS": null, "TÍTULO?": "N/A", "OBSERVAÇÕES": "Semifinal do Paulistana 98", "ERA": "Até 2016" }, "geometry": { "type": "Point", "coordinates": [ -46.569480895169598, -23.526659630812546 ] } },
{ "type": "Feature", "properties": { "DATA": "1998-05-31", "DIA DA SEMANA": "domingo", "DIA DO JOGO": "1998-05-31 00:00:00", "MÊS DO JOGO": "1998-05-31 00:00:00", "ANO JOGO": 1998.0, "ANO COMPETIÇÃO": 1998.0, "MANDANTE / VISITANTE (SCCP)": "Sim", "TIME MANDANTE": "CORINTHIANS", "GOLS MANDANTE": "1.0", "x": "x", "GOLS VISITANTE": "2.0", "TIME VISITANTE": "PORTUGUESA", "PLACAR": "1x2", "RESULTADO": "DERROTA", "ADVERSÁRIO": "PORTUGUESA", "ESTADO ADVERSÁRIO": "SÃO PAULO", "PAÍS ADVERSÁRIO": "BRASIL", "GOLS SCCP": "1", "GOLS ADVERSÁRIO": "2", "SALDO DE GOLS": "-1", "TREINADOR": "DESCONHECIDO", "JOGO OFICIAL?": "SIM", "COMPETIÇÃO": "CAMPEONATO PAULISTA / FPF", "FASE": "FINAL", "ESTÁDIO": "ALFREDO SCHÜRIG (PARQUE SÃO JORGE / FAZENDINHA)", "CAPACIDADE": "9800", "CIDADE": "SÃO PAULO ", "ESTADO/PROVÍNCIA": "SÃO PAULO", "PAÍS": "BRASIL", "LATITUDE": -23.526659630812546, "LONGITUDE": -46.569480895169598, "PÚBLICO PAGANTE": "ND", "PÚBLICO TOTAL": "ND", "RENDA BRUTA (R$)": "ND", "RENDA LÍQUIDA (R$)": "ND", "TICKET MÉDIO (R$)": "ND", "AUTORAS": null, "TÍTULO?": "N/A", "OBSERVAÇÕES": "Final do Paulistana 98", "ERA": "Até 2016" }, "geometry": { "type": "Point", "coordinates": [ -46.569480895169598, -23.526659630812546 ] } },
{ "type": "Feature", "properties": { "DATA": "1998-06-06", "DIA DA SEMANA": "sábado", "DIA DO JOGO": "1998-06-06 00:00:00", "MÊS DO JOGO": "1998-06-06 00:00:00", "ANO JOGO": 1998.0, "ANO COMPETIÇÃO": 1998.0, "MANDANTE / VISITANTE (SCCP)": "Não", "TIME MANDANTE": "PORTUGUESA", "GOLS MANDANTE": "4.0", "x": "x", "GOLS VISITANTE": "1.0", "TIME VISITANTE": "CORINTHIANS", "PLACAR": "4x1", "RESULTADO": "DERROTA", "ADVERSÁRIO": "PORTUGUESA", "ESTADO ADVERSÁRIO": "SÃO PAULO", "PAÍS ADVERSÁRIO": "BRASIL", "GOLS SCCP": "1", "GOLS ADVERSÁRIO": "4", "SALDO DE GOLS": "-3", "TREINADOR": "DESCONHECIDO", "JOGO OFICIAL?": "SIM", "COMPETIÇÃO": "CAMPEONATO PAULISTA / FPF", "FASE": "FINAL", "ESTÁDIO": "OSWALDO TEIXEIRA DUARTE (CANINDÉ)", "CAPACIDADE": "21004", "CIDADE": "SÃO PAULO ", "ESTADO/PROVÍNCIA": "SÃO PAULO", "PAÍS": "BRASIL", "LATITUDE": -23.520132719349128, "LONGITUDE": -46.618264502415194, "PÚBLICO PAGANTE": "ND", "PÚBLICO TOTAL": "ND", "RENDA BRUTA (R$)": "ND", "RENDA LÍQUIDA (R$)": "ND", "TICKET MÉDIO (R$)": "ND", "AUTORAS": null, "TÍTULO?": "N/A", "OBSERVAÇÕES": "Final do Paulistana 98 / Corinthians vice-campeão do Paulistana 1998", "ERA": "Até 2016" }, "geometry": { "type": "Point", "coordinates": [ -46.618264502415194, -23.520132719349128 ] } },
{ "type": "Feature", "properties": { "DATA": "2008-04-12", "DIA DA SEMANA": "sábado", "DIA DO JOGO": "2008-04-12 00:00:00", "MÊS DO JOGO": "2008-04-12 00:00:00", "ANO JOGO": 2008.0, "ANO COMPETIÇÃO": 2008.0, "MANDANTE / VISITANTE (SCCP)": "Não", "TIME MANDANTE": "KURDANA", "GOLS MANDANTE": "0.0", "x": "x", "GOLS VISITANTE": "5.0", "TIME VISITANTE": "CORINTHIANS", "PLACAR": "0x5", "RESULTADO": "VITÓRIA", "ADVERSÁRIO": "KURDANA", "ESTADO ADVERSÁRIO": "SÃO PAULO", "PAÍS ADVERSÁRIO": "BRASIL", "GOLS SCCP": "5", "GOLS ADVERSÁRIO": "0", "SALDO DE GOLS": "5", "TREINADOR": "DESCONHECIDO", "JOGO OFICIAL?": "SIM", "COMPETIÇÃO": "CAMPEONATO PAULISTA / FPF", "FASE": "1ª FASE", "ESTÁDIO": "EUCLIDES DE ALMEIDA", "CAPACIDADE": "10000", "CIDADE": "COTIA ", "ESTADO/PROVÍNCIA": "SÃO PAULO", "PAÍS": "BRASIL", "LATITUDE": -23.600933849995343, "LONGITUDE": -46.928684344745591, "PÚBLICO PAGANTE": "ND", "PÚBLICO TOTAL": "ND", "RENDA BRUTA (R$)": "ND", "RENDA LÍQUIDA (R$)": "ND", "TICKET MÉDIO (R$)": "ND", "AUTORAS": null, "TÍTULO?": "N/A", "OBSERVAÇÕES": null, "ERA": "Até 2016" }, "geometry": { "type": "Point", "coordinates": [ -46.928684344745591, -23.600933849995343 ] } },
{ "type": "Feature", "properties": { "DATA": "2008-04-21", "DIA DA SEMANA": "segunda-feira", "DIA DO JOGO": "2008-04-21 00:00:00", "MÊS DO JOGO": "2008-04-21 00:00:00", "ANO JOGO": 2008.0, "ANO COMPETIÇÃO": 2008.0, "MANDANTE / VISITANTE (SCCP)": "Sim", "TIME MANDANTE": "CORINTHIANS", "GOLS MANDANTE": "7.0", "x": "x", "GOLS VISITANTE": "2.0", "TIME VISITANTE": "PAULISTA", "PLACAR": "7x2", "RESULTADO": "VITÓRIA", "ADVERSÁRIO": "PAULISTA", "ESTADO ADVERSÁRIO": "SÃO PAULO", "PAÍS ADVERSÁRIO": "BRASIL", "GOLS SCCP": "7", "GOLS ADVERSÁRIO": "2", "SALDO DE GOLS": "5", "TREINADOR": "DESCONHECIDO", "JOGO OFICIAL?": "SIM", "COMPETIÇÃO": "CAMPEONATO PAULISTA / FPF", "FASE": "1ª FASE", "ESTÁDIO": "NICOLAU ALAYON (COMENDADOR SOUZA)", "CAPACIDADE": "10723", "CIDADE": "SÃO PAULO ", "ESTADO/PROVÍNCIA": "SÃO PAULO", "PAÍS": "BRASIL", "LATITUDE": -23.518152537113252, "LONGITUDE": -46.685252863969751, "PÚBLICO PAGANTE": "ND", "PÚBLICO TOTAL": "ND", "RENDA BRUTA (R$)": "ND", "RENDA LÍQUIDA (R$)": "ND", "TICKET MÉDIO (R$)": "ND", "AUTORAS": null, "TÍTULO?": "N/A", "OBSERVAÇÕES": null, "ERA": "Até 2016" }, "geometry": { "type": "Point", "coordinates": [ -46.685252863969751, -23.518152537113252 ] } },
{ "type": "Feature", "properties": { "DATA": "2008-04-26", "DIA DA SEMANA": "sábado", "DIA DO JOGO": "2008-04-26 00:00:00", "MÊS DO JOGO": "2008-04-26 00:00:00", "ANO JOGO": 2008.0, "ANO COMPETIÇÃO": 2008.0, "MANDANTE / VISITANTE (SCCP)": "Não", "TIME MANDANTE": "JUVENTUS", "GOLS MANDANTE": "0.0", "x": "x", "GOLS VISITANTE": "1.0", "TIME VISITANTE": "CORINTHIANS", "PLACAR": "0x1", "RESULTADO": "VITÓRIA", "ADVERSÁRIO": "JUVENTUS", "ESTADO ADVERSÁRIO": "SÃO PAULO", "PAÍS ADVERSÁRIO": "BRASIL", "GOLS SCCP": "1", "GOLS ADVERSÁRIO": "0", "SALDO DE GOLS": "1", "TREINADOR": "DESCONHECIDO", "JOGO OFICIAL?": "SIM", "COMPETIÇÃO": "CAMPEONATO PAULISTA / FPF", "FASE": "1ª FASE", "ESTÁDIO": "CONDE RODOLFO CRESPI (RUA JAVARI)", "CAPACIDADE": "3800", "CIDADE": "SÃO PAULO ", "ESTADO/PROVÍNCIA": "SÃO PAULO", "PAÍS": "BRASIL", "LATITUDE": -23.552485627232432, "LONGITUDE": -46.601420574225386, "PÚBLICO PAGANTE": "ND", "PÚBLICO TOTAL": "ND", "RENDA BRUTA (R$)": "ND", "RENDA LÍQUIDA (R$)": "ND", "TICKET MÉDIO (R$)": "ND", "AUTORAS": null, "TÍTULO?": "N/A", "OBSERVAÇÕES": null, "ERA": "Até 2016" }, "geometry": { "type": "Point", "coordinates": [ -46.601420574225386, -23.552485627232432 ] } },
{ "type": "Feature", "properties": { "DATA": "2008-05-01", "DIA DA SEMANA": "quinta-feira", "DIA DO JOGO": "2008-05-01 00:00:00", "MÊS DO JOGO": "2008-05-01 00:00:00", "ANO JOGO": 2008.0, "ANO COMPETIÇÃO": 2008.0, "MANDANTE / VISITANTE (SCCP)": "Não", "TIME MANDANTE": "SANTOS", "GOLS MANDANTE": "2.0", "x": "x", "GOLS VISITANTE": "1.0", "TIME VISITANTE": "CORINTHIANS", "PLACAR": "2x1", "RESULTADO": "DERROTA", "ADVERSÁRIO": "SANTOS", "ESTADO ADVERSÁRIO": "SÃO PAULO", "PAÍS ADVERSÁRIO": "BRASIL", "GOLS SCCP": "1", "GOLS ADVERSÁRIO": "2", "SALDO DE GOLS": "-1", "TREINADOR": "DESCONHECIDO", "JOGO OFICIAL?": "SIM", "COMPETIÇÃO": "CAMPEONATO PAULISTA / FPF", "FASE": "1ª FASE", "ESTÁDIO": "URBANO CALDEIRA (VILA BELMIRO)", "CAPACIDADE": "20360", "CIDADE": "SANTOS", "ESTADO/PROVÍNCIA": "SÃO PAULO", "PAÍS": "BRASIL", "LATITUDE": -23.950833202245221, "LONGITUDE": -46.338367960085641, "PÚBLICO PAGANTE": "ND", "PÚBLICO TOTAL": "ND", "RENDA BRUTA (R$)": "ND", "RENDA LÍQUIDA (R$)": "ND", "TICKET MÉDIO (R$)": "ND", "AUTORAS": null, "TÍTULO?": "N/A", "OBSERVAÇÕES": null, "ERA": "Até 2016" }, "geometry": { "type": "Point", "coordinates": [ -46.338367960085641, -23.950833202245221 ] } },
{ "type": "Feature", "properties": { "DATA": "2008-05-11", "DIA DA SEMANA": "domingo", "DIA DO JOGO": "2008-05-11 00:00:00", "MÊS DO JOGO": "2008-05-11 00:00:00", "ANO JOGO": 2008.0, "ANO COMPETIÇÃO": 2008.0, "MANDANTE / VISITANTE (SCCP)": "Sim", "TIME MANDANTE": "CORINTHIANS", "GOLS MANDANTE": "1.0", "x": "x", "GOLS VISITANTE": "1.0", "TIME VISITANTE": "SÃO BERNARDO", "PLACAR": "1x1", "RESULTADO": "EMPATE", "ADVERSÁRIO": "SÃO BERNARDO", "ESTADO ADVERSÁRIO": "SÃO PAULO", "PAÍS ADVERSÁRIO": "BRASIL", "GOLS SCCP": "1", "GOLS ADVERSÁRIO": "1", "SALDO DE GOLS": "0", "TREINADOR": "DESCONHECIDO", "JOGO OFICIAL?": "SIM", "COMPETIÇÃO": "CAMPEONATO PAULISTA / FPF", "FASE": "1ª FASE", "ESTÁDIO": "ANTÔNIO SOARES DE OLIVEIRA", "CAPACIDADE": "6235", "CIDADE": "GUARULHOS ", "ESTADO/PROVÍNCIA": "SÃO PAULO", "PAÍS": "BRASIL", "LATITUDE": -23.47036920270418, "LONGITUDE": -46.551778361932165, "PÚBLICO PAGANTE": "ND", "PÚBLICO TOTAL": "ND", "RENDA BRUTA (R$)": "ND", "RENDA LÍQUIDA (R$)": "ND", "TICKET MÉDIO (R$)": "ND", "AUTORAS": null, "TÍTULO?": "N/A", "OBSERVAÇÕES": null, "ERA": "Até 2016" }, "geometry": { "type": "Point", "coordinates": [ -46.551778361932165, -23.47036920270418 ] } },
{ "type": "Feature", "properties": { "DATA": "2008-05-17", "DIA DA SEMANA": "sábado", "DIA DO JOGO": "2008-05-17 00:00:00", "MÊS DO JOGO": "2008-05-17 00:00:00", "ANO JOGO": 2008.0, "ANO COMPETIÇÃO": 2008.0, "MANDANTE / VISITANTE (SCCP)": "Sim", "TIME MANDANTE": "CORINTHIANS", "GOLS MANDANTE": "3.0", "x": "x", "GOLS VISITANTE": "1.0", "TIME VISITANTE": "NACIONAL-SP", "PLACAR": "3x1", "RESULTADO": "VITÓRIA", "ADVERSÁRIO": "NACIONAL-SP", "ESTADO ADVERSÁRIO": "SÃO PAULO", "PAÍS ADVERSÁRIO": "BRASIL", "GOLS SCCP": "3", "GOLS ADVERSÁRIO": "1", "SALDO DE GOLS": "2", "TREINADOR": "DESCONHECIDO", "JOGO OFICIAL?": "SIM", "COMPETIÇÃO": "CAMPEONATO PAULISTA / FPF", "FASE": "1ª FASE", "ESTÁDIO": "PAULO MACHADO DE CARVALHO (MERCADO LIVRE ARENA PACAEMBU)", "CAPACIDADE": "37730", "CIDADE": "SÃO PAULO ", "ESTADO/PROVÍNCIA": "SÃO PAULO", "PAÍS": "BRASIL", "LATITUDE": -23.548265580968636, "LONGITUDE": -46.665377888920851, "PÚBLICO PAGANTE": "ND", "PÚBLICO TOTAL": "ND", "RENDA BRUTA (R$)": "ND", "RENDA LÍQUIDA (R$)": "ND", "TICKET MÉDIO (R$)": "ND", "AUTORAS": null, "TÍTULO?": "N/A", "OBSERVAÇÕES": null, "ERA": "Até 2016" }, "geometry": { "type": "Point", "coordinates": [ -46.665377888920851, -23.548265580968636 ] } },
{ "type": "Feature", "properties": { "DATA": "2008-05-31", "DIA DA SEMANA": "sábado", "DIA DO JOGO": "2008-05-31 00:00:00", "MÊS DO JOGO": "2008-05-31 00:00:00", "ANO JOGO": 2008.0, "ANO COMPETIÇÃO": 2008.0, "MANDANTE / VISITANTE (SCCP)": "Não", "TIME MANDANTE": "SÃO JOSÉ", "GOLS MANDANTE": "0.0", "x": "x", "GOLS VISITANTE": "2.0", "TIME VISITANTE": "CORINTHIANS", "PLACAR": "0x2", "RESULTADO": "VITÓRIA", "ADVERSÁRIO": "SÃO JOSÉ", "ESTADO ADVERSÁRIO": "SÃO PAULO", "PAÍS ADVERSÁRIO": "BRASIL", "GOLS SCCP": "2", "GOLS ADVERSÁRIO": "0", "SALDO DE GOLS": "2", "TREINADOR": "DESCONHECIDO", "JOGO OFICIAL?": "SIM", "COMPETIÇÃO": "CAMPEONATO PAULISTA / FPF", "FASE": "1ª FASE", "ESTÁDIO": "MARTINS PEREIRA", "CAPACIDADE": "16500", "CIDADE": "SÃO JOSÉ DOS CAMPOS ", "ESTADO/PROVÍNCIA": "SÃO PAULO", "PAÍS": "BRASIL", "LATITUDE": -23.1884912615151, "LONGITUDE": -45.869827477202776, "PÚBLICO PAGANTE": "ND", "PÚBLICO TOTAL": "ND", "RENDA BRUTA (R$)": "ND", "RENDA LÍQUIDA (R$)": "ND", "TICKET MÉDIO (R$)": "ND", "AUTORAS": null, "TÍTULO?": "N/A", "OBSERVAÇÕES": null, "ERA": "Até 2016" }, "geometry": { "type": "Point", "coordinates": [ -45.869827477202776, -23.1884912615151 ] } },
{ "type": "Feature", "properties": { "DATA": "2008-06-07", "DIA DA SEMANA": "sábado", "DIA DO JOGO": "2008-06-07 00:00:00", "MÊS DO JOGO": "2008-06-07 00:00:00", "ANO JOGO": 2008.0, "ANO COMPETIÇÃO": 2008.0, "MANDANTE / VISITANTE (SCCP)": "Sim", "TIME MANDANTE": "CORINTHIANS", "GOLS MANDANTE": "4.0", "x": "x", "GOLS VISITANTE": "0.0", "TIME VISITANTE": "SOROCABANA", "PLACAR": "4x0", "RESULTADO": "VITÓRIA", "ADVERSÁRIO": "SOROCABANA", "ESTADO ADVERSÁRIO": "SÃO PAULO", "PAÍS ADVERSÁRIO": "BRASIL", "GOLS SCCP": "4", "GOLS ADVERSÁRIO": "0", "SALDO DE GOLS": "4", "TREINADOR": "DESCONHECIDO", "JOGO OFICIAL?": "SIM", "COMPETIÇÃO": "CAMPEONATO PAULISTA / FPF", "FASE": "1ª FASE", "ESTÁDIO": "ANTÔNIO SOARES DE OLIVEIRA", "CAPACIDADE": "6235", "CIDADE": "GUARULHOS ", "ESTADO/PROVÍNCIA": "SÃO PAULO", "PAÍS": "BRASIL", "LATITUDE": -23.47036920270418, "LONGITUDE": -46.551778361932165, "PÚBLICO PAGANTE": "ND", "PÚBLICO TOTAL": "ND", "RENDA BRUTA (R$)": "ND", "RENDA LÍQUIDA (R$)": "ND", "TICKET MÉDIO (R$)": "ND", "AUTORAS": null, "TÍTULO?": "N/A", "OBSERVAÇÕES": null, "ERA": "Até 2016" }, "geometry": { "type": "Point", "coordinates": [ -46.551778361932165, -23.47036920270418 ] } },
{ "type": "Feature", "properties": { "DATA": "2008-06-14", "DIA DA SEMANA": "sábado", "DIA DO JOGO": "2008-06-14 00:00:00", "MÊS DO JOGO": "2008-06-14 00:00:00", "ANO JOGO": 2008.0, "ANO COMPETIÇÃO": 2008.0, "MANDANTE / VISITANTE (SCCP)": "Sim", "TIME MANDANTE": "CORINTHIANS", "GOLS MANDANTE": "6.0", "x": "x", "GOLS VISITANTE": "2.0", "TIME VISITANTE": "KURDANA", "PLACAR": "6x2", "RESULTADO": "VITÓRIA", "ADVERSÁRIO": "KURDANA", "ESTADO ADVERSÁRIO": "SÃO PAULO", "PAÍS ADVERSÁRIO": "BRASIL", "GOLS SCCP": "6", "GOLS ADVERSÁRIO": "2", "SALDO DE GOLS": "4", "TREINADOR": "DESCONHECIDO", "JOGO OFICIAL?": "SIM", "COMPETIÇÃO": "CAMPEONATO PAULISTA / FPF", "FASE": "1ª FASE", "ESTÁDIO": "PAULO MACHADO DE CARVALHO (MERCADO LIVRE ARENA PACAEMBU)", "CAPACIDADE": "37730", "CIDADE": "SÃO PAULO ", "ESTADO/PROVÍNCIA": "SÃO PAULO", "PAÍS": "BRASIL", "LATITUDE": -23.548265580968636, "LONGITUDE": -46.665377888920851, "PÚBLICO PAGANTE": "ND", "PÚBLICO TOTAL": "ND", "RENDA BRUTA (R$)": "ND", "RENDA LÍQUIDA (R$)": "ND", "TICKET MÉDIO (R$)": "ND", "AUTORAS": null, "TÍTULO?": "N/A", "OBSERVAÇÕES": null, "ERA": "Até 2016" }, "geometry": { "type": "Point", "coordinates": [ -46.665377888920851, -23.548265580968636 ] } },
{ "type": "Feature", "properties": { "DATA": "2008-06-21", "DIA DA SEMANA": "sábado", "DIA DO JOGO": "2008-06-21 00:00:00", "MÊS DO JOGO": "2008-06-21 00:00:00", "ANO JOGO": 2008.0, "ANO COMPETIÇÃO": 2008.0, "MANDANTE / VISITANTE (SCCP)": "Não", "TIME MANDANTE": "PAULISTA", "GOLS MANDANTE": "2.0", "x": "x", "GOLS VISITANTE": "7.0", "TIME VISITANTE": "CORINTHIANS", "PLACAR": "2x7", "RESULTADO": "VITÓRIA", "ADVERSÁRIO": "PAULISTA", "ESTADO ADVERSÁRIO": "SÃO PAULO", "PAÍS ADVERSÁRIO": "BRASIL", "GOLS SCCP": "7", "GOLS ADVERSÁRIO": "2", "SALDO DE GOLS": "5", "TREINADOR": "DESCONHECIDO", "JOGO OFICIAL?": "SIM", "COMPETIÇÃO": "CAMPEONATO PAULISTA / FPF", "FASE": "1ª FASE", "ESTÁDIO": "CENTRO ESPORTIVO DOUTOR ROMÃO DE SOUZA", "CAPACIDADE": "100", "CIDADE": "JUNDIAÍ ", "ESTADO/PROVÍNCIA": "SÃO PAULO", "PAÍS": "BRASIL", "LATITUDE": -23.183980030526858, "LONGITUDE": -46.855166245775131, "PÚBLICO PAGANTE": "ND", "PÚBLICO TOTAL": "ND", "RENDA BRUTA (R$)": "ND", "RENDA LÍQUIDA (R$)": "ND", "TICKET MÉDIO (R$)": "ND", "AUTORAS": null, "TÍTULO?": "N/A", "OBSERVAÇÕES": null, "ERA": "Até 2016" }, "geometry": { "type": "Point", "coordinates": [ -46.855166245775131, -23.183980030526858 ] } },
{ "type": "Feature", "properties": { "DATA": "2008-06-28", "DIA DA SEMANA": "sábado", "DIA DO JOGO": "2008-06-28 00:00:00", "MÊS DO JOGO": "2008-06-28 00:00:00", "ANO JOGO": 2008.0, "ANO COMPETIÇÃO": 2008.0, "MANDANTE / VISITANTE (SCCP)": "Sim", "TIME MANDANTE": "CORINTHIANS", "GOLS MANDANTE": "4.0", "x": "x", "GOLS VISITANTE": "1.0", "TIME VISITANTE": "JUVENTUS", "PLACAR": "4x1", "RESULTADO": "VITÓRIA", "ADVERSÁRIO": "JUVENTUS", "ESTADO ADVERSÁRIO": "SÃO PAULO", "PAÍS ADVERSÁRIO": "BRASIL", "GOLS SCCP": "4", "GOLS ADVERSÁRIO": "1", "SALDO DE GOLS": "3", "TREINADOR": "DESCONHECIDO", "JOGO OFICIAL?": "SIM", "COMPETIÇÃO": "CAMPEONATO PAULISTA / FPF", "FASE": "1ª FASE", "ESTÁDIO": "ANTÔNIO SOARES DE OLIVEIRA", "CAPACIDADE": "6235", "CIDADE": "GUARULHOS ", "ESTADO/PROVÍNCIA": "SÃO PAULO", "PAÍS": "BRASIL", "LATITUDE": -23.47036920270418, "LONGITUDE": -46.551778361932165, "PÚBLICO PAGANTE": "ND", "PÚBLICO TOTAL": "ND", "RENDA BRUTA (R$)": "ND", "RENDA LÍQUIDA (R$)": "ND", "TICKET MÉDIO (R$)": "ND", "AUTORAS": null, "TÍTULO?": "N/A", "OBSERVAÇÕES": null, "ERA": "Até 2016" }, "geometry": { "type": "Point", "coordinates": [ -46.551778361932165, -23.47036920270418 ] } },
{ "type": "Feature", "properties": { "DATA": "2008-08-02", "DIA DA SEMANA": "sábado", "DIA DO JOGO": "2008-08-02 00:00:00", "MÊS DO JOGO": "2008-08-02 00:00:00", "ANO JOGO": 2008.0, "ANO COMPETIÇÃO": 2008.0, "MANDANTE / VISITANTE (SCCP)": "Sim", "TIME MANDANTE": "CORINTHIANS", "GOLS MANDANTE": "0.0", "x": "x", "GOLS VISITANTE": "0.0", "TIME VISITANTE": "SANTOS", "PLACAR": "0x0", "RESULTADO": "EMPATE", "ADVERSÁRIO": "SANTOS", "ESTADO ADVERSÁRIO": "SÃO PAULO", "PAÍS ADVERSÁRIO": "BRASIL", "GOLS SCCP": "0", "GOLS ADVERSÁRIO": "0", "SALDO DE GOLS": "0", "TREINADOR": "DESCONHECIDO", "JOGO OFICIAL?": "SIM", "COMPETIÇÃO": "CAMPEONATO PAULISTA / FPF", "FASE": "1ª FASE", "ESTÁDIO": "PAULO MACHADO DE CARVALHO (MERCADO LIVRE ARENA PACAEMBU)", "CAPACIDADE": "37730", "CIDADE": "SÃO PAULO ", "ESTADO/PROVÍNCIA": "SÃO PAULO", "PAÍS": "BRASIL", "LATITUDE": -23.548265580968636, "LONGITUDE": -46.665377888920851, "PÚBLICO PAGANTE": "ND", "PÚBLICO TOTAL": "ND", "RENDA BRUTA (R$)": "ND", "RENDA LÍQUIDA (R$)": "ND", "TICKET MÉDIO (R$)": "ND", "AUTORAS": null, "TÍTULO?": "N/A", "OBSERVAÇÕES": null, "ERA": "Até 2016" }, "geometry": { "type": "Point", "coordinates": [ -46.665377888920851, -23.548265580968636 ] } },
{ "type": "Feature", "properties": { "DATA": "2008-08-09", "DIA DA SEMANA": "sábado", "DIA DO JOGO": "2008-08-09 00:00:00", "MÊS DO JOGO": "2008-08-09 00:00:00", "ANO JOGO": 2008.0, "ANO COMPETIÇÃO": 2008.0, "MANDANTE / VISITANTE (SCCP)": "Não", "TIME MANDANTE": "SÃO BERNARDO", "GOLS MANDANTE": "0.0", "x": "x", "GOLS VISITANTE": "3.0", "TIME VISITANTE": "CORINTHIANS", "PLACAR": "0x3", "RESULTADO": "VITÓRIA", "ADVERSÁRIO": "SÃO BERNARDO", "ESTADO ADVERSÁRIO": "SÃO PAULO", "PAÍS ADVERSÁRIO": "BRASIL", "GOLS SCCP": "3", "GOLS ADVERSÁRIO": "0", "SALDO DE GOLS": "3", "TREINADOR": "DESCONHECIDO", "JOGO OFICIAL?": "SIM", "COMPETIÇÃO": "CAMPEONATO PAULISTA / FPF", "FASE": "1ª FASE", "ESTÁDIO": "GÍGLIO PORTUGAL PICHININ (BAETÃO)", "CAPACIDADE": "6315", "CIDADE": "SÃO BERNARDO DO CAMPO ", "ESTADO/PROVÍNCIA": "SÃO PAULO", "PAÍS": "BRASIL", "LATITUDE": -23.698838141812001, "LONGITUDE": -46.542356029403884, "PÚBLICO PAGANTE": "ND", "PÚBLICO TOTAL": "ND", "RENDA BRUTA (R$)": "ND", "RENDA LÍQUIDA (R$)": "ND", "TICKET MÉDIO (R$)": "ND", "AUTORAS": null, "TÍTULO?": "N/A", "OBSERVAÇÕES": null, "ERA": "Até 2016" }, "geometry": { "type": "Point", "coordinates": [ -46.542356029403884, -23.698838141812001 ] } },
{ "type": "Feature", "properties": { "DATA": "2008-08-17", "DIA DA SEMANA": "domingo", "DIA DO JOGO": "2008-08-17 00:00:00", "MÊS DO JOGO": "2008-08-17 00:00:00", "ANO JOGO": 2008.0, "ANO COMPETIÇÃO": 2008.0, "MANDANTE / VISITANTE (SCCP)": "Não", "TIME MANDANTE": "NACIONAL-SP", "GOLS MANDANTE": "1.0", "x": "x", "GOLS VISITANTE": "4.0", "TIME VISITANTE": "CORINTHIANS", "PLACAR": "1x4", "RESULTADO": "VITÓRIA", "ADVERSÁRIO": "NACIONAL-SP", "ESTADO ADVERSÁRIO": "SÃO PAULO", "PAÍS ADVERSÁRIO": "BRASIL", "GOLS SCCP": "4", "GOLS ADVERSÁRIO": "1", "SALDO DE GOLS": "3", "TREINADOR": "DESCONHECIDO", "JOGO OFICIAL?": "SIM", "COMPETIÇÃO": "CAMPEONATO PAULISTA / FPF", "FASE": "1ª FASE", "ESTÁDIO": "NICOLAU ALAYON (COMENDADOR SOUZA)", "CAPACIDADE": "10723", "CIDADE": "SÃO PAULO ", "ESTADO/PROVÍNCIA": "SÃO PAULO", "PAÍS": "BRASIL", "LATITUDE": -23.518152537113252, "LONGITUDE": -46.685252863969751, "PÚBLICO PAGANTE": "ND", "PÚBLICO TOTAL": "ND", "RENDA BRUTA (R$)": "ND", "RENDA LÍQUIDA (R$)": "ND", "TICKET MÉDIO (R$)": "ND", "AUTORAS": null, "TÍTULO?": "N/A", "OBSERVAÇÕES": null, "ERA": "Até 2016" }, "geometry": { "type": "Point", "coordinates": [ -46.685252863969751, -23.518152537113252 ] } },
{ "type": "Feature", "properties": { "DATA": "2008-08-30", "DIA DA SEMANA": "sábado", "DIA DO JOGO": "2008-08-30 00:00:00", "MÊS DO JOGO": "2008-08-30 00:00:00", "ANO JOGO": 2008.0, "ANO COMPETIÇÃO": 2008.0, "MANDANTE / VISITANTE (SCCP)": "Sim", "TIME MANDANTE": "CORINTHIANS", "GOLS MANDANTE": "3.0", "x": "x", "GOLS VISITANTE": "1.0", "TIME VISITANTE": "SÃO JOSÉ", "PLACAR": "3x1", "RESULTADO": "VITÓRIA", "ADVERSÁRIO": "SÃO JOSÉ", "ESTADO ADVERSÁRIO": "SÃO PAULO", "PAÍS ADVERSÁRIO": "BRASIL", "GOLS SCCP": "3", "GOLS ADVERSÁRIO": "1", "SALDO DE GOLS": "2", "TREINADOR": "DESCONHECIDO", "JOGO OFICIAL?": "SIM", "COMPETIÇÃO": "CAMPEONATO PAULISTA / FPF", "FASE": "1ª FASE", "ESTÁDIO": "CENTRO DE TREINAMENTO DOUTOR JOAQUIM GRAVA", "CAPACIDADE": "0.0", "CIDADE": "SÃO PAULO ", "ESTADO/PROVÍNCIA": "SÃO PAULO", "PAÍS": "BRASIL", "LATITUDE": -23.489299036314396, "LONGITUDE": -46.507488109617533, "PÚBLICO PAGANTE": "ND", "PÚBLICO TOTAL": "ND", "RENDA BRUTA (R$)": "ND", "RENDA LÍQUIDA (R$)": "ND", "TICKET MÉDIO (R$)": "ND", "AUTORAS": null, "TÍTULO?": "N/A", "OBSERVAÇÕES": "Na época o  CT era chamado de Parque Ecológico / Link da notícia sobre o jogo", "ERA": "Até 2016" }, "geometry": { "type": "Point", "coordinates": [ -46.507488109617533, -23.489299036314396 ] } },
{ "type": "Feature", "properties": { "DATA": "2008-09-06", "DIA DA SEMANA": "sábado", "DIA DO JOGO": "2008-09-06 00:00:00", "MÊS DO JOGO": "2008-09-06 00:00:00", "ANO JOGO": 2008.0, "ANO COMPETIÇÃO": 2008.0, "MANDANTE / VISITANTE (SCCP)": "Não", "TIME MANDANTE": "SOROCABANA", "GOLS MANDANTE": "1.0", "x": "x", "GOLS VISITANTE": "7.0", "TIME VISITANTE": "CORINTHIANS", "PLACAR": "1x7", "RESULTADO": "VITÓRIA", "ADVERSÁRIO": "SOROCABANA", "ESTADO ADVERSÁRIO": "SÃO PAULO", "PAÍS ADVERSÁRIO": "BRASIL", "GOLS SCCP": "7", "GOLS ADVERSÁRIO": "1", "SALDO DE GOLS": "6", "TREINADOR": "DESCONHECIDO", "JOGO OFICIAL?": "SIM", "COMPETIÇÃO": "CAMPEONATO PAULISTA / FPF", "FASE": "1ª FASE", "ESTÁDIO": "CENTRO DE INTEGRAÇÃO COMUNITÁRIO WALTER RIBEIRO", "CAPACIDADE": "13772", "CIDADE": "SOROCABA ", "ESTADO/PROVÍNCIA": "SÃO PAULO", "PAÍS": "BRASIL", "LATITUDE": -23.490105968118197, "LONGITUDE": -47.448043771733438, "PÚBLICO PAGANTE": "ND", "PÚBLICO TOTAL": "ND", "RENDA BRUTA (R$)": "ND", "RENDA LÍQUIDA (R$)": "ND", "TICKET MÉDIO (R$)": "ND", "AUTORAS": null, "TÍTULO?": "N/A", "OBSERVAÇÕES": null, "ERA": "Até 2016" }, "geometry": { "type": "Point", "coordinates": [ -47.448043771733438, -23.490105968118197 ] } },
{ "type": "Feature", "properties": { "DATA": "2008-09-14", "DIA DA SEMANA": "domingo", "DIA DO JOGO": "2008-09-14 00:00:00", "MÊS DO JOGO": "2008-09-14 00:00:00", "ANO JOGO": 2008.0, "ANO COMPETIÇÃO": 2008.0, "MANDANTE / VISITANTE (SCCP)": "Não", "TIME MANDANTE": "SÃO BERNARDO", "GOLS MANDANTE": "1.0", "x": "x", "GOLS VISITANTE": "3.0", "TIME VISITANTE": "CORINTHIANS", "PLACAR": "1x3", "RESULTADO": "VITÓRIA", "ADVERSÁRIO": "SÃO BERNARDO", "ESTADO ADVERSÁRIO": "SÃO PAULO", "PAÍS ADVERSÁRIO": "BRASIL", "GOLS SCCP": "3", "GOLS ADVERSÁRIO": "1", "SALDO DE GOLS": "2", "TREINADOR": "DESCONHECIDO", "JOGO OFICIAL?": "SIM", "COMPETIÇÃO": "CAMPEONATO PAULISTA / FPF", "FASE": "2ª FASE", "ESTÁDIO": "GÍGLIO PORTUGAL PICHININ (BAETÃO)", "CAPACIDADE": "6315", "CIDADE": "SÃO BERNARDO DO CAMPO ", "ESTADO/PROVÍNCIA": "SÃO PAULO", "PAÍS": "BRASIL", "LATITUDE": -23.698838141812001, "LONGITUDE": -46.542356029403884, "PÚBLICO PAGANTE": "ND", "PÚBLICO TOTAL": "ND", "RENDA BRUTA (R$)": "ND", "RENDA LÍQUIDA (R$)": "ND", "TICKET MÉDIO (R$)": "ND", "AUTORAS": null, "TÍTULO?": "N/A", "OBSERVAÇÕES": null, "ERA": "Até 2016" }, "geometry": { "type": "Point", "coordinates": [ -46.542356029403884, -23.698838141812001 ] } },
{ "type": "Feature", "properties": { "DATA": "2008-09-20", "DIA DA SEMANA": "sábado", "DIA DO JOGO": "2008-09-20 00:00:00", "MÊS DO JOGO": "2008-09-20 00:00:00", "ANO JOGO": 2008.0, "ANO COMPETIÇÃO": 2008.0, "MANDANTE / VISITANTE (SCCP)": "Sim", "TIME MANDANTE": "CORINTHIANS", "GOLS MANDANTE": "2.0", "x": "x", "GOLS VISITANTE": "0.0", "TIME VISITANTE": "FRANCA", "PLACAR": "2x0", "RESULTADO": "VITÓRIA", "ADVERSÁRIO": "FRANCA", "ESTADO ADVERSÁRIO": "SÃO PAULO", "PAÍS ADVERSÁRIO": "BRASIL", "GOLS SCCP": "2", "GOLS ADVERSÁRIO": "0", "SALDO DE GOLS": "2", "TREINADOR": "DESCONHECIDO", "JOGO OFICIAL?": "SIM", "COMPETIÇÃO": "CAMPEONATO PAULISTA / FPF", "FASE": "2ª FASE", "ESTÁDIO": "CENTRO DE TREINAMENTO DOUTOR JOAQUIM GRAVA", "CAPACIDADE": "0.0", "CIDADE": "SÃO PAULO ", "ESTADO/PROVÍNCIA": "SÃO PAULO", "PAÍS": "BRASIL", "LATITUDE": -23.489299036314396, "LONGITUDE": -46.507488109617533, "PÚBLICO PAGANTE": "ND", "PÚBLICO TOTAL": "ND", "RENDA BRUTA (R$)": "ND", "RENDA LÍQUIDA (R$)": "ND", "TICKET MÉDIO (R$)": "ND", "AUTORAS": null, "TÍTULO?": "N/A", "OBSERVAÇÕES": null, "ERA": "Até 2016" }, "geometry": { "type": "Point", "coordinates": [ -46.507488109617533, -23.489299036314396 ] } },
{ "type": "Feature", "properties": { "DATA": "2008-09-27", "DIA DA SEMANA": "sábado", "DIA DO JOGO": "2008-09-27 00:00:00", "MÊS DO JOGO": "2008-09-27 00:00:00", "ANO JOGO": 2008.0, "ANO COMPETIÇÃO": 2008.0, "MANDANTE / VISITANTE (SCCP)": "Sim", "TIME MANDANTE": "CORINTHIANS", "GOLS MANDANTE": "1.0", "x": "x", "GOLS VISITANTE": "1.0", "TIME VISITANTE": "BOTUCATU", "PLACAR": "1x1", "RESULTADO": "EMPATE", "ADVERSÁRIO": "BOTUCATU", "ESTADO ADVERSÁRIO": "SÃO PAULO", "PAÍS ADVERSÁRIO": "BRASIL", "GOLS SCCP": "1", "GOLS ADVERSÁRIO": "1", "SALDO DE GOLS": "0", "TREINADOR": "DESCONHECIDO", "JOGO OFICIAL?": "SIM", "COMPETIÇÃO": "CAMPEONATO PAULISTA / FPF", "FASE": "2ª FASE", "ESTÁDIO": "CENTRO DE TREINAMENTO DOUTOR JOAQUIM GRAVA", "CAPACIDADE": "0.0", "CIDADE": "SÃO PAULO ", "ESTADO/PROVÍNCIA": "SÃO PAULO", "PAÍS": "BRASIL", "LATITUDE": -23.489299036314396, "LONGITUDE": -46.507488109617533, "PÚBLICO PAGANTE": "ND", "PÚBLICO TOTAL": "ND", "RENDA BRUTA (R$)": "ND", "RENDA LÍQUIDA (R$)": "ND", "TICKET MÉDIO (R$)": "ND", "AUTORAS": null, "TÍTULO?": "N/A", "OBSERVAÇÕES": null, "ERA": "Até 2016" }, "geometry": { "type": "Point", "coordinates": [ -46.507488109617533, -23.489299036314396 ] } },
{ "type": "Feature", "properties": { "DATA": "2008-10-12", "DIA DA SEMANA": "domingo", "DIA DO JOGO": "2008-10-12 00:00:00", "MÊS DO JOGO": "2008-10-12 00:00:00", "ANO JOGO": 2008.0, "ANO COMPETIÇÃO": 2008.0, "MANDANTE / VISITANTE (SCCP)": "Não", "TIME MANDANTE": "BOTUCATU", "GOLS MANDANTE": "1.0", "x": "x", "GOLS VISITANTE": "1.0", "TIME VISITANTE": "CORINTHIANS", "PLACAR": "1x1", "RESULTADO": "EMPATE", "ADVERSÁRIO": "BOTUCATU", "ESTADO ADVERSÁRIO": "SÃO PAULO", "PAÍS ADVERSÁRIO": "BRASIL", "GOLS SCCP": "1", "GOLS ADVERSÁRIO": "1", "SALDO DE GOLS": "0", "TREINADOR": "DESCONHECIDO", "JOGO OFICIAL?": "SIM", "COMPETIÇÃO": "CAMPEONATO PAULISTA / FPF", "FASE": "2ª FASE", "ESTÁDIO": "DOUTOR ACRÍSIO PAES CRUZ", "CAPACIDADE": "5000", "CIDADE": "BOTUCATU ", "ESTADO/PROVÍNCIA": "SÃO PAULO", "PAÍS": "BRASIL", "LATITUDE": -22.876422785498754, "LONGITUDE": -48.447502081867377, "PÚBLICO PAGANTE": "ND", "PÚBLICO TOTAL": "ND", "RENDA BRUTA (R$)": "ND", "RENDA LÍQUIDA (R$)": "ND", "TICKET MÉDIO (R$)": "ND", "AUTORAS": null, "TÍTULO?": "N/A", "OBSERVAÇÕES": null, "ERA": "Até 2016" }, "geometry": { "type": "Point", "coordinates": [ -48.447502081867377, -22.876422785498754 ] } },
{ "type": "Feature", "properties": { "DATA": "2008-10-18", "DIA DA SEMANA": "sábado", "DIA DO JOGO": "2008-10-18 00:00:00", "MÊS DO JOGO": "2008-10-18 00:00:00", "ANO JOGO": 2008.0, "ANO COMPETIÇÃO": 2008.0, "MANDANTE / VISITANTE (SCCP)": "Não", "TIME MANDANTE": "FRANCA", "GOLS MANDANTE": "0.0", "x": "x", "GOLS VISITANTE": "3.0", "TIME VISITANTE": "CORINTHIANS", "PLACAR": "0x3", "RESULTADO": "VITÓRIA", "ADVERSÁRIO": "FRANCA", "ESTADO ADVERSÁRIO": "SÃO PAULO", "PAÍS ADVERSÁRIO": "BRASIL", "GOLS SCCP": "3", "GOLS ADVERSÁRIO": "0", "SALDO DE GOLS": "3", "TREINADOR": "DESCONHECIDO", "JOGO OFICIAL?": "SIM", "COMPETIÇÃO": "CAMPEONATO PAULISTA / FPF", "FASE": "2ª FASE", "ESTÁDIO": "DOUTOR JOSÉ LANCHA FILHO (LANCHÃO)", "CAPACIDADE": "14686", "CIDADE": "FRANCA ", "ESTADO/PROVÍNCIA": "SÃO PAULO", "PAÍS": "BRASIL", "LATITUDE": -20.535239959127608, "LONGITUDE": -47.385821748284535, "PÚBLICO PAGANTE": "ND", "PÚBLICO TOTAL": "ND", "RENDA BRUTA (R$)": "ND", "RENDA LÍQUIDA (R$)": "ND", "TICKET MÉDIO (R$)": "ND", "AUTORAS": null, "TÍTULO?": "N/A", "OBSERVAÇÕES": null, "ERA": "Até 2016" }, "geometry": { "type": "Point", "coordinates": [ -47.385821748284535, -20.535239959127608 ] } },
{ "type": "Feature", "properties": { "DATA": "2008-10-25", "DIA DA SEMANA": "sábado", "DIA DO JOGO": "2008-10-25 00:00:00", "MÊS DO JOGO": "2008-10-25 00:00:00", "ANO JOGO": 2008.0, "ANO COMPETIÇÃO": 2008.0, "MANDANTE / VISITANTE (SCCP)": "Sim", "TIME MANDANTE": "CORINTHIANS", "GOLS MANDANTE": "5.0", "x": "x", "GOLS VISITANTE": "2.0", "TIME VISITANTE": "SÃO BERNARDO", "PLACAR": "5x2", "RESULTADO": "VITÓRIA", "ADVERSÁRIO": "SÃO BERNARDO", "ESTADO ADVERSÁRIO": "SÃO PAULO", "PAÍS ADVERSÁRIO": "BRASIL", "GOLS SCCP": "5", "GOLS ADVERSÁRIO": "2", "SALDO DE GOLS": "3", "TREINADOR": "DESCONHECIDO", "JOGO OFICIAL?": "SIM", "COMPETIÇÃO": "CAMPEONATO PAULISTA / FPF", "FASE": "2ª FASE", "ESTÁDIO": "CENTRO DE TREINAMENTO DOUTOR JOAQUIM GRAVA", "CAPACIDADE": "0.0", "CIDADE": "SÃO PAULO ", "ESTADO/PROVÍNCIA": "SÃO PAULO", "PAÍS": "BRASIL", "LATITUDE": -23.489299036314396, "LONGITUDE": -46.507488109617533, "PÚBLICO PAGANTE": "ND", "PÚBLICO TOTAL": "ND", "RENDA BRUTA (R$)": "ND", "RENDA LÍQUIDA (R$)": "ND", "TICKET MÉDIO (R$)": "ND", "AUTORAS": null, "TÍTULO?": "N/A", "OBSERVAÇÕES": null, "ERA": "Até 2016" }, "geometry": { "type": "Point", "coordinates": [ -46.507488109617533, -23.489299036314396 ] } },
{ "type": "Feature", "properties": { "DATA": "2008-11-02", "DIA DA SEMANA": "domingo", "DIA DO JOGO": "2008-11-02 00:00:00", "MÊS DO JOGO": "2008-11-02 00:00:00", "ANO JOGO": 2008.0, "ANO COMPETIÇÃO": 2008.0, "MANDANTE / VISITANTE (SCCP)": "Não", "TIME MANDANTE": "IGUAÇU-MG", "GOLS MANDANTE": "1.0", "x": "x", "GOLS VISITANTE": "5.0", "TIME VISITANTE": "CORINTHIANS", "PLACAR": "1x5", "RESULTADO": "VITÓRIA", "ADVERSÁRIO": "IGUAÇU-MG", "ESTADO ADVERSÁRIO": "MINAS GERAIS", "PAÍS ADVERSÁRIO": "BRASIL", "GOLS SCCP": "5", "GOLS ADVERSÁRIO": "1", "SALDO DE GOLS": "4", "TREINADOR": "DESCONHECIDO", "JOGO OFICIAL?": "SIM", "COMPETIÇÃO": "COPA DO BRASIL", "FASE": "1ª FASE", "ESTÁDIO": "JOÃO LAMEGO NETTO (IPATINGÃO)", "CAPACIDADE": "22500", "CIDADE": "IPATINGA ", "ESTADO/PROVÍNCIA": "MINAS GERAIS", "PAÍS": "BRASIL", "LATITUDE": -19.471272168163804, "LONGITUDE": -42.5411241582391, "PÚBLICO PAGANTE": "ND", "PÚBLICO TOTAL": "ND", "RENDA BRUTA (R$)": "ND", "RENDA LÍQUIDA (R$)": "ND", "TICKET MÉDIO (R$)": "ND", "AUTORAS": null, "TÍTULO?": "N/A", "OBSERVAÇÕES": null, "ERA": "Até 2016" }, "geometry": { "type": "Point", "coordinates": [ -42.5411241582391, -19.471272168163804 ] } },
{ "type": "Feature", "properties": { "DATA": "2008-11-08", "DIA DA SEMANA": "sábado", "DIA DO JOGO": "2008-11-08 00:00:00", "MÊS DO JOGO": "2008-11-08 00:00:00", "ANO JOGO": 2008.0, "ANO COMPETIÇÃO": 2008.0, "MANDANTE / VISITANTE (SCCP)": "Não", "TIME MANDANTE": "SAAD-SP", "GOLS MANDANTE": "1.0", "x": "x", "GOLS VISITANTE": "2.0", "TIME VISITANTE": "CORINTHIANS", "PLACAR": "1x2", "RESULTADO": "VITÓRIA", "ADVERSÁRIO": "SAAD-SP", "ESTADO ADVERSÁRIO": "SÃO PAULO", "PAÍS ADVERSÁRIO": "BRASIL", "GOLS SCCP": "2", "GOLS ADVERSÁRIO": "1", "SALDO DE GOLS": "1", "TREINADOR": "DESCONHECIDO", "JOGO OFICIAL?": "SIM", "COMPETIÇÃO": "CAMPEONATO PAULISTA / FPF", "FASE": "SEMIFINAL", "ESTÁDIO": "LEONARDO BARBIERI", "CAPACIDADE": "7200", "CIDADE": "ÁGUAS DE LINDOIA ", "ESTADO/PROVÍNCIA": "SÃO PAULO", "PAÍS": "BRASIL", "LATITUDE": -22.478608595106202, "LONGITUDE": -46.635961569886923, "PÚBLICO PAGANTE": "ND", "PÚBLICO TOTAL": "ND", "RENDA BRUTA (R$)": "ND", "RENDA LÍQUIDA (R$)": "ND", "TICKET MÉDIO (R$)": "ND", "AUTORAS": null, "TÍTULO?": "N/A", "OBSERVAÇÕES": null, "ERA": "Até 2016" }, "geometry": { "type": "Point", "coordinates": [ -46.635961569886923, -22.478608595106202 ] } },
{ "type": "Feature", "properties": { "DATA": "2008-11-11", "DIA DA SEMANA": "terça-feira", "DIA DO JOGO": "2008-11-11 00:00:00", "MÊS DO JOGO": "2008-11-11 00:00:00", "ANO JOGO": 2008.0, "ANO COMPETIÇÃO": 2008.0, "MANDANTE / VISITANTE (SCCP)": "Não", "TIME MANDANTE": "SAAD-SP", "GOLS MANDANTE": "1.0", "x": "x", "GOLS VISITANTE": "0.0", "TIME VISITANTE": "CORINTHIANS", "PLACAR": "1x0", "RESULTADO": "DERROTA", "ADVERSÁRIO": "SAAD-SP", "ESTADO ADVERSÁRIO": "SÃO PAULO", "PAÍS ADVERSÁRIO": "BRASIL", "GOLS SCCP": "0", "GOLS ADVERSÁRIO": "1", "SALDO DE GOLS": "-1", "TREINADOR": "DESCONHECIDO", "JOGO OFICIAL?": "SIM", "COMPETIÇÃO": "COPA DO BRASIL", "FASE": "OITAVAS DE FINAL", "ESTÁDIO": "LEONARDO BARBIERI", "CAPACIDADE": "7200", "CIDADE": "ÁGUAS DE LINDOIA ", "ESTADO/PROVÍNCIA": "SÃO PAULO", "PAÍS": "BRASIL", "LATITUDE": -22.478608595106202, "LONGITUDE": -46.635961569886923, "PÚBLICO PAGANTE": "ND", "PÚBLICO TOTAL": "ND", "RENDA BRUTA (R$)": "ND", "RENDA LÍQUIDA (R$)": "ND", "TICKET MÉDIO (R$)": "ND", "AUTORAS": null, "TÍTULO?": "N/A", "OBSERVAÇÕES": null, "ERA": "Até 2016" }, "geometry": { "type": "Point", "coordinates": [ -46.635961569886923, -22.478608595106202 ] } },
{ "type": "Feature", "properties": { "DATA": "2008-11-15", "DIA DA SEMANA": "sábado", "DIA DO JOGO": "2008-11-15 00:00:00", "MÊS DO JOGO": "2008-11-15 00:00:00", "ANO JOGO": 2008.0, "ANO COMPETIÇÃO": 2008.0, "MANDANTE / VISITANTE (SCCP)": "Sim", "TIME MANDANTE": "CORINTHIANS", "GOLS MANDANTE": "2.0", "x": "x", "GOLS VISITANTE": "0.0", "TIME VISITANTE": "SAAD-SP", "PLACAR": "2x0", "RESULTADO": "VITÓRIA", "ADVERSÁRIO": "SAAD-SP", "ESTADO ADVERSÁRIO": "SÃO PAULO", "PAÍS ADVERSÁRIO": "BRASIL", "GOLS SCCP": "2", "GOLS ADVERSÁRIO": "0", "SALDO DE GOLS": "2", "TREINADOR": "DESCONHECIDO", "JOGO OFICIAL?": "SIM", "COMPETIÇÃO": "COPA DO BRASIL", "FASE": "OITAVAS DE FINAL", "ESTÁDIO": "NICOLAU ALAYON (COMENDADOR SOUZA)", "CAPACIDADE": "10723", "CIDADE": "SÃO PAULO ", "ESTADO/PROVÍNCIA": "SÃO PAULO", "PAÍS": "BRASIL", "LATITUDE": -23.518152537113252, "LONGITUDE": -46.685252863969751, "PÚBLICO PAGANTE": "ND", "PÚBLICO TOTAL": "ND", "RENDA BRUTA (R$)": "ND", "RENDA LÍQUIDA (R$)": "ND", "TICKET MÉDIO (R$)": "ND", "AUTORAS": null, "TÍTULO?": "N/A", "OBSERVAÇÕES": "O STJD eliminou o Corinthians da Copa do Brasil 2008 por irregularidades na escalação de Nildinha no jogo de ida contra o SAAD - SP ", "ERA": "Até 2016" }, "geometry": { "type": "Point", "coordinates": [ -46.685252863969751, -23.518152537113252 ] } },
{ "type": "Feature", "properties": { "DATA": "2008-11-22", "DIA DA SEMANA": "sábado", "DIA DO JOGO": "2008-11-22 00:00:00", "MÊS DO JOGO": "2008-11-22 00:00:00", "ANO JOGO": 2008.0, "ANO COMPETIÇÃO": 2008.0, "MANDANTE / VISITANTE (SCCP)": "Sim", "TIME MANDANTE": "CORINTHIANS", "GOLS MANDANTE": "0.0", "x": "x", "GOLS VISITANTE": "3.0", "TIME VISITANTE": "SAAD-SP", "PLACAR": "0x3", "RESULTADO": "DERROTA", "ADVERSÁRIO": "SAAD-SP", "ESTADO ADVERSÁRIO": "SÃO PAULO", "PAÍS ADVERSÁRIO": "BRASIL", "GOLS SCCP": "0", "GOLS ADVERSÁRIO": "3", "SALDO DE GOLS": "-3", "TREINADOR": "DESCONHECIDO", "JOGO OFICIAL?": "SIM", "COMPETIÇÃO": "CAMPEONATO PAULISTA / FPF", "FASE": "SEMIFINAL", "ESTÁDIO": "CENTRO DE TREINAMENTO DOUTOR JOAQUIM GRAVA", "CAPACIDADE": "0.0", "CIDADE": "SÃO PAULO ", "ESTADO/PROVÍNCIA": "SÃO PAULO", "PAÍS": "BRASIL", "LATITUDE": -23.489299036314396, "LONGITUDE": -46.507488109617533, "PÚBLICO PAGANTE": "ND", "PÚBLICO TOTAL": "ND", "RENDA BRUTA (R$)": "ND", "RENDA LÍQUIDA (R$)": "ND", "TICKET MÉDIO (R$)": "ND", "AUTORAS": null, "TÍTULO?": "N/A", "OBSERVAÇÕES": null, "ERA": "Até 2016" }, "geometry": { "type": "Point", "coordinates": [ -46.507488109617533, -23.489299036314396 ] } },
{ "type": "Feature", "properties": { "DATA": "2008-12-19", "DIA DA SEMANA": "sexta-feira", "DIA DO JOGO": "2008-12-19 00:00:00", "MÊS DO JOGO": "2008-12-19 00:00:00", "ANO JOGO": 2008.0, "ANO COMPETIÇÃO": 2008.0, "MANDANTE / VISITANTE (SCCP)": "Sim", "TIME MANDANTE": "CORINTHIANS", "GOLS MANDANTE": "2.0", "x": "x", "GOLS VISITANTE": "2.0", "TIME VISITANTE": "SANTOS", "PLACAR": "2x2", "RESULTADO": "EMPATE", "ADVERSÁRIO": "SANTOS", "ESTADO ADVERSÁRIO": "SÃO PAULO", "PAÍS ADVERSÁRIO": "BRASIL", "GOLS SCCP": "2", "GOLS ADVERSÁRIO": "2", "SALDO DE GOLS": "0", "TREINADOR": "DESCONHECIDO", "JOGO OFICIAL?": "SIM", "COMPETIÇÃO": "CAMPEONATO PAULISTA / FPF", "FASE": "DISPUTA DE 3º LUGAR", "ESTÁDIO": "CONDE RODOLFO CRESPI (RUA JAVARI)", "CAPACIDADE": "3800", "CIDADE": "SÃO PAULO ", "ESTADO/PROVÍNCIA": "SÃO PAULO", "PAÍS": "BRASIL", "LATITUDE": -23.552485627232432, "LONGITUDE": -46.601420574225386, "PÚBLICO PAGANTE": "ND", "PÚBLICO TOTAL": "ND", "RENDA BRUTA (R$)": "ND", "RENDA LÍQUIDA (R$)": "ND", "TICKET MÉDIO (R$)": "ND", "AUTORAS": null, "TÍTULO?": "N/A", "OBSERVAÇÕES": null, "ERA": "Até 2016" }, "geometry": { "type": "Point", "coordinates": [ -46.601420574225386, -23.552485627232432 ] } },
{ "type": "Feature", "properties": { "DATA": "2008-12-21", "DIA DA SEMANA": "domingo", "DIA DO JOGO": "2008-12-21 00:00:00", "MÊS DO JOGO": "2008-12-21 00:00:00", "ANO JOGO": 2008.0, "ANO COMPETIÇÃO": 2008.0, "MANDANTE / VISITANTE (SCCP)": "Não", "TIME MANDANTE": "SANTOS", "GOLS MANDANTE": "3.0", "x": "x", "GOLS VISITANTE": "1.0", "TIME VISITANTE": "CORINTHIANS", "PLACAR": "3x1", "RESULTADO": "DERROTA", "ADVERSÁRIO": "SANTOS", "ESTADO ADVERSÁRIO": "SÃO PAULO", "PAÍS ADVERSÁRIO": "BRASIL", "GOLS SCCP": "1", "GOLS ADVERSÁRIO": "3", "SALDO DE GOLS": "-2", "TREINADOR": "DESCONHECIDO", "JOGO OFICIAL?": "SIM", "COMPETIÇÃO": "CAMPEONATO PAULISTA / FPF", "FASE": "DISPUTA DE 3º LUGAR", "ESTÁDIO": "URBANO CALDEIRA (VILA BELMIRO)", "CAPACIDADE": "20360", "CIDADE": "SANTOS", "ESTADO/PROVÍNCIA": "SÃO PAULO", "PAÍS": "BRASIL", "LATITUDE": -23.950833202245221, "LONGITUDE": -46.338367960085641, "PÚBLICO PAGANTE": "ND", "PÚBLICO TOTAL": "ND", "RENDA BRUTA (R$)": "ND", "RENDA LÍQUIDA (R$)": "ND", "TICKET MÉDIO (R$)": "ND", "AUTORAS": null, "TÍTULO?": "N/A", "OBSERVAÇÕES": "Corinthians 4º colocado do Campeonato Paulista 2008", "ERA": "Até 2016" }, "geometry": { "type": "Point", "coordinates": [ -46.338367960085641, -23.950833202245221 ] } },
{ "type": "Feature", "properties": { "DATA": "2009-03-29", "DIA DA SEMANA": "domingo", "DIA DO JOGO": "29.0", "MÊS DO JOGO": "março", "ANO JOGO": 2009.0, "ANO COMPETIÇÃO": 2009.0, "MANDANTE / VISITANTE (SCCP)": "Não", "TIME MANDANTE": "JUVENTUS", "GOLS MANDANTE": "1.0", "x": "x", "GOLS VISITANTE": "4.0", "TIME VISITANTE": "CORINTHIANS", "PLACAR": "1x4", "RESULTADO": "VITÓRIA", "ADVERSÁRIO": "JUVENTUS", "ESTADO ADVERSÁRIO": "SÃO PAULO", "PAÍS ADVERSÁRIO": "BRASIL", "GOLS SCCP": "4", "GOLS ADVERSÁRIO": "1", "SALDO DE GOLS": "3", "TREINADOR": "MAURICIO SALGADO", "JOGO OFICIAL?": "SIM", "COMPETIÇÃO": "CAMPEONATO PAULISTA / LINAF", "FASE": "1ª FASE", "ESTÁDIO": "CONDE RODOLFO CRESPI (RUA JAVARI)", "CAPACIDADE": "3800", "CIDADE": "SÃO PAULO ", "ESTADO/PROVÍNCIA": "SÃO PAULO", "PAÍS": "BRASIL", "LATITUDE": -23.552485627232432, "LONGITUDE": -46.601420574225386, "PÚBLICO PAGANTE": "ND", "PÚBLICO TOTAL": "ND", "RENDA BRUTA (R$)": "ND", "RENDA LÍQUIDA (R$)": "ND", "TICKET MÉDIO (R$)": "ND", "AUTORAS": null, "TÍTULO?": "N/A", "OBSERVAÇÕES": "Jogo pela 3ª rodada do Grupo 3 / Link com referência do jogo", "ERA": "Até 2016" }, "geometry": { "type": "Point", "coordinates": [ -46.601420574225386, -23.552485627232432 ] } },
{ "type": "Feature", "properties": { "DATA": "2009-04-05", "DIA DA SEMANA": "domingo", "DIA DO JOGO": "5.0", "MÊS DO JOGO": "abril", "ANO JOGO": 2009.0, "ANO COMPETIÇÃO": 2009.0, "MANDANTE / VISITANTE (SCCP)": "Sim", "TIME MANDANTE": "CORINTHIANS", "GOLS MANDANTE": "7.0", "x": "x", "GOLS VISITANTE": "0.0", "TIME VISITANTE": "CAMPO GRANDE-SP", "PLACAR": "7x0", "RESULTADO": "VITÓRIA", "ADVERSÁRIO": "CAMPO GRANDE-SP", "ESTADO ADVERSÁRIO": "SÃO PAULO", "PAÍS ADVERSÁRIO": "BRASIL", "GOLS SCCP": "7", "GOLS ADVERSÁRIO": "0", "SALDO DE GOLS": "7", "TREINADOR": "MAURICIO SALGADO", "JOGO OFICIAL?": "SIM", "COMPETIÇÃO": "CAMPEONATO PAULISTA / LINAF", "FASE": "1ª FASE", "ESTÁDIO": "CENTRO DE TREINAMENTO DOUTOR JOAQUIM GRAVA", "CAPACIDADE": "0.0", "CIDADE": "SÃO PAULO ", "ESTADO/PROVÍNCIA": "SÃO PAULO", "PAÍS": "BRASIL", "LATITUDE": -23.489299036314396, "LONGITUDE": -46.507488109617533, "PÚBLICO PAGANTE": "ND", "PÚBLICO TOTAL": "ND", "RENDA BRUTA (R$)": "ND", "RENDA LÍQUIDA (R$)": "ND", "TICKET MÉDIO (R$)": "ND", "AUTORAS": null, "TÍTULO?": "N/A", "OBSERVAÇÕES": "Jogo pela 4ª rodada do Grupo 3 / Antigamente conhecido como CT Parque Ecológico / Link com referência do jogo", "ERA": "Até 2016" }, "geometry": { "type": "Point", "coordinates": [ -46.507488109617533, -23.489299036314396 ] } },
{ "type": "Feature", "properties": { "DATA": "2009-04-19", "DIA DA SEMANA": "domingo", "DIA DO JOGO": "19.0", "MÊS DO JOGO": "abril", "ANO JOGO": 2009.0, "ANO COMPETIÇÃO": 2009.0, "MANDANTE / VISITANTE (SCCP)": "Sim", "TIME MANDANTE": "CORINTHIANS", "GOLS MANDANTE": "?", "x": "x", "GOLS VISITANTE": "?", "TIME VISITANTE": "CENTRO OLÍMPICO", "PLACAR": "?x?", "RESULTADO": "?", "ADVERSÁRIO": "CENTRO OLÍMPICO", "ESTADO ADVERSÁRIO": "SÃO PAULO", "PAÍS ADVERSÁRIO": "BRASIL", "GOLS SCCP": "?", "GOLS ADVERSÁRIO": "?", "SALDO DE GOLS": "?", "TREINADOR": "MAURICIO SALGADO", "JOGO OFICIAL?": "SIM", "COMPETIÇÃO": "CAMPEONATO PAULISTA / LINAF", "FASE": "1ª FASE", "ESTÁDIO": "CENTRO DE TREINAMENTO DOUTOR JOAQUIM GRAVA", "CAPACIDADE": "0.0", "CIDADE": "SÃO PAULO ", "ESTADO/PROVÍNCIA": "SÃO PAULO", "PAÍS": "BRASIL", "LATITUDE": -23.489299036314396, "LONGITUDE": -46.507488109617533, "PÚBLICO PAGANTE": "ND", "PÚBLICO TOTAL": "ND", "RENDA BRUTA (R$)": "ND", "RENDA LÍQUIDA (R$)": "ND", "TICKET MÉDIO (R$)": "ND", "AUTORAS": null, "TÍTULO?": "N/A", "OBSERVAÇÕES": "Placar desconhecido / Jogo pela 5ª rodada do Grupo 3 / Antigamente conhecido como CT Parque Ecológico / Link com referência do jogo", "ERA": "Até 2016" }, "geometry": { "type": "Point", "coordinates": [ -46.507488109617533, -23.489299036314396 ] } },
{ "type": "Feature", "properties": { "DATA": "2009-04-26", "DIA DA SEMANA": "domingo", "DIA DO JOGO": "2009-04-26 00:00:00", "MÊS DO JOGO": "2009-04-26 00:00:00", "ANO JOGO": 2009.0, "ANO COMPETIÇÃO": 2009.0, "MANDANTE / VISITANTE (SCCP)": "Não", "TIME MANDANTE": "SÃO JOSÉ", "GOLS MANDANTE": "2.0", "x": "x", "GOLS VISITANTE": "2.0", "TIME VISITANTE": "CORINTHIANS", "PLACAR": "2x2", "RESULTADO": "EMPATE", "ADVERSÁRIO": "SÃO JOSÉ", "ESTADO ADVERSÁRIO": "SÃO PAULO", "PAÍS ADVERSÁRIO": "BRASIL", "GOLS SCCP": "2", "GOLS ADVERSÁRIO": "2", "SALDO DE GOLS": "0", "TREINADOR": "MAURICIO SALGADO", "JOGO OFICIAL?": "SIM", "COMPETIÇÃO": "CAMPEONATO PAULISTA / FPF", "FASE": "1ª FASE", "ESTÁDIO": "MARTINS PEREIRA", "CAPACIDADE": "16500", "CIDADE": "SÃO JOSÉ DOS CAMPOS ", "ESTADO/PROVÍNCIA": "SÃO PAULO", "PAÍS": "BRASIL", "LATITUDE": -23.1884912615151, "LONGITUDE": -45.869827477202776, "PÚBLICO PAGANTE": "ND", "PÚBLICO TOTAL": "ND", "RENDA BRUTA (R$)": "ND", "RENDA LÍQUIDA (R$)": "ND", "TICKET MÉDIO (R$)": "ND", "AUTORAS": null, "TÍTULO?": "N/A", "OBSERVAÇÕES": null, "ERA": "Até 2016" }, "geometry": { "type": "Point", "coordinates": [ -45.869827477202776, -23.1884912615151 ] } },
{ "type": "Feature", "properties": { "DATA": "2009-05-03", "DIA DA SEMANA": "domingo", "DIA DO JOGO": "2009-05-03 00:00:00", "MÊS DO JOGO": "2009-05-03 00:00:00", "ANO JOGO": 2009.0, "ANO COMPETIÇÃO": 2009.0, "MANDANTE / VISITANTE (SCCP)": "Sim", "TIME MANDANTE": "CORINTHIANS", "GOLS MANDANTE": "2.0", "x": "x", "GOLS VISITANTE": "5.0", "TIME VISITANTE": "SANTOS", "PLACAR": "2x5", "RESULTADO": "DERROTA", "ADVERSÁRIO": "SANTOS", "ESTADO ADVERSÁRIO": "SÃO PAULO", "PAÍS ADVERSÁRIO": "BRASIL", "GOLS SCCP": "2", "GOLS ADVERSÁRIO": "5", "SALDO DE GOLS": "-3", "TREINADOR": "MAURICIO SALGADO", "JOGO OFICIAL?": "SIM", "COMPETIÇÃO": "CAMPEONATO PAULISTA / FPF", "FASE": "1ª FASE", "ESTÁDIO": "PAULO MACHADO DE CARVALHO (MERCADO LIVRE ARENA PACAEMBU)", "CAPACIDADE": "37730", "CIDADE": "SÃO PAULO ", "ESTADO/PROVÍNCIA": "SÃO PAULO", "PAÍS": "BRASIL", "LATITUDE": -23.548265580968636, "LONGITUDE": -46.665377888920851, "PÚBLICO PAGANTE": "ND", "PÚBLICO TOTAL": "ND", "RENDA BRUTA (R$)": "ND", "RENDA LÍQUIDA (R$)": "ND", "TICKET MÉDIO (R$)": "ND", "AUTORAS": null, "TÍTULO?": "N/A", "OBSERVAÇÕES": null, "ERA": "Até 2016" }, "geometry": { "type": "Point", "coordinates": [ -46.665377888920851, -23.548265580968636 ] } },
{ "type": "Feature", "properties": { "DATA": "2009-05-06", "DIA DA SEMANA": "quarta-feira", "DIA DO JOGO": "6.0", "MÊS DO JOGO": "maio", "ANO JOGO": 2009.0, "ANO COMPETIÇÃO": 2009.0, "MANDANTE / VISITANTE (SCCP)": "Sim", "TIME MANDANTE": "CORINTHIANS", "GOLS MANDANTE": "2.0", "x": "x", "GOLS VISITANTE": "1.0", "TIME VISITANTE": "JUVENTUS", "PLACAR": "2x1", "RESULTADO": "VITÓRIA", "ADVERSÁRIO": "JUVENTUS", "ESTADO ADVERSÁRIO": "SÃO PAULO", "PAÍS ADVERSÁRIO": "BRASIL", "GOLS SCCP": "2", "GOLS ADVERSÁRIO": "1", "SALDO DE GOLS": "1", "TREINADOR": "MAURICIO SALGADO", "JOGO OFICIAL?": "SIM", "COMPETIÇÃO": "CAMPEONATO PAULISTA / LINAF", "FASE": "1ª FASE", "ESTÁDIO": "CENTRO DE TREINAMENTO DOUTOR JOAQUIM GRAVA", "CAPACIDADE": "0.0", "CIDADE": "SÃO PAULO ", "ESTADO/PROVÍNCIA": "SÃO PAULO", "PAÍS": "BRASIL", "LATITUDE": -23.489299036314396, "LONGITUDE": -46.507488109617533, "PÚBLICO PAGANTE": "ND", "PÚBLICO TOTAL": "ND", "RENDA BRUTA (R$)": "ND", "RENDA LÍQUIDA (R$)": "ND", "TICKET MÉDIO (R$)": "ND", "AUTORAS": null, "TÍTULO?": "N/A", "OBSERVAÇÕES": "Jogo pela 8ª rodada do Grupo 3 / Antigamente conhecido como CT Parque Ecológico / Link com referência do jogo", "ERA": "Até 2016" }, "geometry": { "type": "Point", "coordinates": [ -46.507488109617533, -23.489299036314396 ] } },
{ "type": "Feature", "properties": { "DATA": "2009-05-16", "DIA DA SEMANA": "sábado", "DIA DO JOGO": "2009-05-16 00:00:00", "MÊS DO JOGO": "2009-05-16 00:00:00", "ANO JOGO": 2009.0, "ANO COMPETIÇÃO": 2009.0, "MANDANTE / VISITANTE (SCCP)": "Não", "TIME MANDANTE": "SÃO BENTO", "GOLS MANDANTE": "0.0", "x": "x", "GOLS VISITANTE": "3.0", "TIME VISITANTE": "CORINTHIANS", "PLACAR": "0x3", "RESULTADO": "VITÓRIA", "ADVERSÁRIO": "SÃO BENTO", "ESTADO ADVERSÁRIO": "SÃO PAULO", "PAÍS ADVERSÁRIO": "BRASIL", "GOLS SCCP": "3", "GOLS ADVERSÁRIO": "0", "SALDO DE GOLS": "3", "TREINADOR": "MAURICIO SALGADO", "JOGO OFICIAL?": "SIM", "COMPETIÇÃO": "CAMPEONATO PAULISTA / FPF", "FASE": "1ª FASE", "ESTÁDIO": "CENTRO DE INTEGRAÇÃO COMUNITÁRIO WALTER RIBEIRO", "CAPACIDADE": "13772", "CIDADE": "SOROCABA ", "ESTADO/PROVÍNCIA": "SÃO PAULO", "PAÍS": "BRASIL", "LATITUDE": -23.490105968118197, "LONGITUDE": -47.448043771733438, "PÚBLICO PAGANTE": "ND", "PÚBLICO TOTAL": "ND", "RENDA BRUTA (R$)": "ND", "RENDA LÍQUIDA (R$)": "ND", "TICKET MÉDIO (R$)": "ND", "AUTORAS": null, "TÍTULO?": "N/A", "OBSERVAÇÕES": null, "ERA": "Até 2016" }, "geometry": { "type": "Point", "coordinates": [ -47.448043771733438, -23.490105968118197 ] } },
{ "type": "Feature", "properties": { "DATA": "2009-05-22", "DIA DA SEMANA": "sexta-feira", "DIA DO JOGO": "2009-05-22 00:00:00", "MÊS DO JOGO": "2009-05-22 00:00:00", "ANO JOGO": 2009.0, "ANO COMPETIÇÃO": 2009.0, "MANDANTE / VISITANTE (SCCP)": "Sim", "TIME MANDANTE": "CORINTHIANS", "GOLS MANDANTE": "0.0", "x": "x", "GOLS VISITANTE": "0.0", "TIME VISITANTE": "PENN STATE (EUA)", "PLACAR": "0x0", "RESULTADO": "EMPATE", "ADVERSÁRIO": "PENN STATE (EUA)", "ESTADO ADVERSÁRIO": "N/A (ESTRANGEIRO)", "PAÍS ADVERSÁRIO": "EUA", "GOLS SCCP": "0", "GOLS ADVERSÁRIO": "0", "SALDO DE GOLS": "0", "TREINADOR": "MAURICIO SALGADO", "JOGO OFICIAL?": "NÃO", "COMPETIÇÃO": "AMISTOSO", "FASE": "N/A", "ESTÁDIO": "CENTRO DE TREINAMENTO DOUTOR JOAQUIM GRAVA", "CAPACIDADE": "0.0", "CIDADE": "SÃO PAULO ", "ESTADO/PROVÍNCIA": "SÃO PAULO", "PAÍS": "BRASIL", "LATITUDE": -23.489299036314396, "LONGITUDE": -46.507488109617533, "PÚBLICO PAGANTE": "PF", "PÚBLICO TOTAL": "PF", "RENDA BRUTA (R$)": "PF", "RENDA LÍQUIDA (R$)": "PF", "TICKET MÉDIO (R$)": "PF", "AUTORAS": null, "TÍTULO?": "N/A", "OBSERVAÇÕES": "Na época o  CT era chamado de Parque Ecológico / Link da notícia sobre o jogo", "ERA": "Até 2016" }, "geometry": { "type": "Point", "coordinates": [ -46.507488109617533, -23.489299036314396 ] } },
{ "type": "Feature", "properties": { "DATA": "2009-05-23", "DIA DA SEMANA": "sábado", "DIA DO JOGO": "2009-05-23 00:00:00", "MÊS DO JOGO": "2009-05-23 00:00:00", "ANO JOGO": 2009.0, "ANO COMPETIÇÃO": 2009.0, "MANDANTE / VISITANTE (SCCP)": "Sim", "TIME MANDANTE": "CORINTHIANS", "GOLS MANDANTE": "4.0", "x": "x", "GOLS VISITANTE": "1.0", "TIME VISITANTE": "NACIONAL-SP", "PLACAR": "4x1", "RESULTADO": "VITÓRIA", "ADVERSÁRIO": "NACIONAL-SP", "ESTADO ADVERSÁRIO": "SÃO PAULO", "PAÍS ADVERSÁRIO": "BRASIL", "GOLS SCCP": "4", "GOLS ADVERSÁRIO": "1", "SALDO DE GOLS": "3", "TREINADOR": "MAURICIO SALGADO", "JOGO OFICIAL?": "SIM", "COMPETIÇÃO": "CAMPEONATO PAULISTA / FPF", "FASE": "1ª FASE", "ESTÁDIO": "CENTRO DE TREINAMENTO DOUTOR JOAQUIM GRAVA", "CAPACIDADE": "0.0", "CIDADE": "SÃO PAULO ", "ESTADO/PROVÍNCIA": "SÃO PAULO", "PAÍS": "BRASIL", "LATITUDE": -23.489299036314396, "LONGITUDE": -46.507488109617533, "PÚBLICO PAGANTE": "ND", "PÚBLICO TOTAL": "ND", "RENDA BRUTA (R$)": "ND", "RENDA LÍQUIDA (R$)": "ND", "TICKET MÉDIO (R$)": "ND", "AUTORAS": null, "TÍTULO?": "N/A", "OBSERVAÇÕES": "Na época o  CT era chamado de Parque Ecológico / Link da notícia sobre o jogo", "ERA": "Até 2016" }, "geometry": { "type": "Point", "coordinates": [ -46.507488109617533, -23.489299036314396 ] } },
{ "type": "Feature", "properties": { "DATA": "2009-05-30", "DIA DA SEMANA": "sábado", "DIA DO JOGO": "2009-05-30 00:00:00", "MÊS DO JOGO": "2009-05-30 00:00:00", "ANO JOGO": 2009.0, "ANO COMPETIÇÃO": 2009.0, "MANDANTE / VISITANTE (SCCP)": "Sim", "TIME MANDANTE": "CORINTHIANS", "GOLS MANDANTE": "3.0", "x": "x", "GOLS VISITANTE": "1.0", "TIME VISITANTE": "SÃO BERNARDO", "PLACAR": "3x1", "RESULTADO": "VITÓRIA", "ADVERSÁRIO": "SÃO BERNARDO", "ESTADO ADVERSÁRIO": "SÃO PAULO", "PAÍS ADVERSÁRIO": "BRASIL", "GOLS SCCP": "3", "GOLS ADVERSÁRIO": "1", "SALDO DE GOLS": "2", "TREINADOR": "MAURICIO SALGADO", "JOGO OFICIAL?": "SIM", "COMPETIÇÃO": "CAMPEONATO PAULISTA / FPF", "FASE": "1ª FASE", "ESTÁDIO": "CENTRO DE TREINAMENTO DOUTOR JOAQUIM GRAVA", "CAPACIDADE": "0.0", "CIDADE": "SÃO PAULO ", "ESTADO/PROVÍNCIA": "SÃO PAULO", "PAÍS": "BRASIL", "LATITUDE": -23.489299036314396, "LONGITUDE": -46.507488109617533, "PÚBLICO PAGANTE": "ND", "PÚBLICO TOTAL": "ND", "RENDA BRUTA (R$)": "ND", "RENDA LÍQUIDA (R$)": "ND", "TICKET MÉDIO (R$)": "ND", "AUTORAS": null, "TÍTULO?": "N/A", "OBSERVAÇÕES": "Na época o  CT era chamado de Parque Ecológico / Link da notícia sobre o jogo", "ERA": "Até 2016" }, "geometry": { "type": "Point", "coordinates": [ -46.507488109617533, -23.489299036314396 ] } },
{ "type": "Feature", "properties": { "DATA": "2009-06-06", "DIA DA SEMANA": "sábado", "DIA DO JOGO": "2009-06-06 00:00:00", "MÊS DO JOGO": "2009-06-06 00:00:00", "ANO JOGO": 2009.0, "ANO COMPETIÇÃO": 2009.0, "MANDANTE / VISITANTE (SCCP)": "Não", "TIME MANDANTE": "JUVENTUS", "GOLS MANDANTE": "1.0", "x": "x", "GOLS VISITANTE": "4.0", "TIME VISITANTE": "CORINTHIANS", "PLACAR": "1x4", "RESULTADO": "VITÓRIA", "ADVERSÁRIO": "JUVENTUS", "ESTADO ADVERSÁRIO": "SÃO PAULO", "PAÍS ADVERSÁRIO": "BRASIL", "GOLS SCCP": "4", "GOLS ADVERSÁRIO": "1", "SALDO DE GOLS": "3", "TREINADOR": "MAURICIO SALGADO", "JOGO OFICIAL?": "SIM", "COMPETIÇÃO": "CAMPEONATO PAULISTA / FPF", "FASE": "1ª FASE", "ESTÁDIO": "CONDE RODOLFO CRESPI (RUA JAVARI)", "CAPACIDADE": "3800", "CIDADE": "SÃO PAULO ", "ESTADO/PROVÍNCIA": "SÃO PAULO", "PAÍS": "BRASIL", "LATITUDE": -23.552485627232432, "LONGITUDE": -46.601420574225386, "PÚBLICO PAGANTE": "ND", "PÚBLICO TOTAL": "ND", "RENDA BRUTA (R$)": "ND", "RENDA LÍQUIDA (R$)": "ND", "TICKET MÉDIO (R$)": "ND", "AUTORAS": null, "TÍTULO?": "N/A", "OBSERVAÇÕES": null, "ERA": "Até 2016" }, "geometry": { "type": "Point", "coordinates": [ -46.601420574225386, -23.552485627232432 ] } },
{ "type": "Feature", "properties": { "DATA": "2009-06-07", "DIA DA SEMANA": "domingo", "DIA DO JOGO": "7.0", "MÊS DO JOGO": "junho", "ANO JOGO": 2009.0, "ANO COMPETIÇÃO": 2009.0, "MANDANTE / VISITANTE (SCCP)": "Sim", "TIME MANDANTE": "CORINTHIANS", "GOLS MANDANTE": "0.0", "x": "x", "GOLS VISITANTE": "2.0", "TIME VISITANTE": "BOTUCATU", "PLACAR": "0x2", "RESULTADO": "DERROTA", "ADVERSÁRIO": "BOTUCATU", "ESTADO ADVERSÁRIO": "SÃO PAULO", "PAÍS ADVERSÁRIO": "BRASIL", "GOLS SCCP": "0", "GOLS ADVERSÁRIO": "2", "SALDO DE GOLS": "-2", "TREINADOR": "MAURICIO SALGADO", "JOGO OFICIAL?": "SIM", "COMPETIÇÃO": "CAMPEONATO PAULISTA / LINAF", "FASE": "DESCONHECIDO", "ESTÁDIO": "CENTRO DE TREINAMENTO DOUTOR JOAQUIM GRAVA", "CAPACIDADE": "0.0", "CIDADE": "SÃO PAULO ", "ESTADO/PROVÍNCIA": "SÃO PAULO", "PAÍS": "BRASIL", "LATITUDE": -23.489299036314396, "LONGITUDE": -46.507488109617533, "PÚBLICO PAGANTE": "ND", "PÚBLICO TOTAL": "ND", "RENDA BRUTA (R$)": "ND", "RENDA LÍQUIDA (R$)": "ND", "TICKET MÉDIO (R$)": "ND", "AUTORAS": null, "TÍTULO?": "N/A", "OBSERVAÇÕES": "Jogo pelo Grupo 1 / Antigamente conhecido como CT Parque Ecológico / Link com referência do jogo", "ERA": "Até 2016" }, "geometry": { "type": "Point", "coordinates": [ -46.507488109617533, -23.489299036314396 ] } },
{ "type": "Feature", "properties": { "DATA": "2009-06-11", "DIA DA SEMANA": "quinta-feira", "DIA DO JOGO": "2009-06-11 00:00:00", "MÊS DO JOGO": "2009-06-11 00:00:00", "ANO JOGO": 2009.0, "ANO COMPETIÇÃO": 2009.0, "MANDANTE / VISITANTE (SCCP)": "Sim", "TIME MANDANTE": "CORINTHIANS", "GOLS MANDANTE": "3.0", "x": "x", "GOLS VISITANTE": "0.0", "TIME VISITANTE": "SÃO JOSÉ", "PLACAR": "3x0", "RESULTADO": "VITÓRIA", "ADVERSÁRIO": "SÃO JOSÉ", "ESTADO ADVERSÁRIO": "SÃO PAULO", "PAÍS ADVERSÁRIO": "BRASIL", "GOLS SCCP": "3", "GOLS ADVERSÁRIO": "0", "SALDO DE GOLS": "3", "TREINADOR": "MAURICIO SALGADO", "JOGO OFICIAL?": "SIM", "COMPETIÇÃO": "CAMPEONATO PAULISTA / FPF", "FASE": "1ª FASE", "ESTÁDIO": "JOAQUIM DE MORAIS FILHO (JOAQUINZÃO)", "CAPACIDADE": "9600", "CIDADE": "TAUBATÉ ", "ESTADO/PROVÍNCIA": "SÃO PAULO", "PAÍS": "BRASIL", "LATITUDE": -23.027800963309272, "LONGITUDE": -45.56983161590955, "PÚBLICO PAGANTE": "ND", "PÚBLICO TOTAL": "ND", "RENDA BRUTA (R$)": "ND", "RENDA LÍQUIDA (R$)": "ND", "TICKET MÉDIO (R$)": "ND", "AUTORAS": null, "TÍTULO?": "N/A", "OBSERVAÇÕES": null, "ERA": "Até 2016" }, "geometry": { "type": "Point", "coordinates": [ -45.56983161590955, -23.027800963309272 ] } },
{ "type": "Feature", "properties": { "DATA": "2009-06-16", "DIA DA SEMANA": "terça-feira", "DIA DO JOGO": "2009-06-16 00:00:00", "MÊS DO JOGO": "2009-06-16 00:00:00", "ANO JOGO": 2009.0, "ANO COMPETIÇÃO": 2009.0, "MANDANTE / VISITANTE (SCCP)": "Não", "TIME MANDANTE": "SANTOS", "GOLS MANDANTE": "0.0", "x": "x", "GOLS VISITANTE": "0.0", "TIME VISITANTE": "CORINTHIANS", "PLACAR": "0x0", "RESULTADO": "EMPATE", "ADVERSÁRIO": "SANTOS", "ESTADO ADVERSÁRIO": "SÃO PAULO", "PAÍS ADVERSÁRIO": "BRASIL", "GOLS SCCP": "0", "GOLS ADVERSÁRIO": "0", "SALDO DE GOLS": "0", "TREINADOR": "MAURICIO SALGADO", "JOGO OFICIAL?": "SIM", "COMPETIÇÃO": "CAMPEONATO PAULISTA / FPF", "FASE": "1ª FASE", "ESTÁDIO": "URBANO CALDEIRA (VILA BELMIRO)", "CAPACIDADE": "20360", "CIDADE": "SANTOS", "ESTADO/PROVÍNCIA": "SÃO PAULO", "PAÍS": "BRASIL", "LATITUDE": -23.950833202245221, "LONGITUDE": -46.338367960085641, "PÚBLICO PAGANTE": "ND", "PÚBLICO TOTAL": "ND", "RENDA BRUTA (R$)": "ND", "RENDA LÍQUIDA (R$)": "ND", "TICKET MÉDIO (R$)": "ND", "AUTORAS": null, "TÍTULO?": "N/A", "OBSERVAÇÕES": null, "ERA": "Até 2016" }, "geometry": { "type": "Point", "coordinates": [ -46.338367960085641, -23.950833202245221 ] } },
{ "type": "Feature", "properties": { "DATA": "2009-06-18", "DIA DA SEMANA": "quinta-feira", "DIA DO JOGO": "18.0", "MÊS DO JOGO": "junho", "ANO JOGO": 2009.0, "ANO COMPETIÇÃO": 2009.0, "MANDANTE / VISITANTE (SCCP)": "Não", "TIME MANDANTE": "BOTUCATU", "GOLS MANDANTE": "1.0", "x": "x", "GOLS VISITANTE": "1.0", "TIME VISITANTE": "CORINTHIANS", "PLACAR": "1x1", "RESULTADO": "EMPATE", "ADVERSÁRIO": "BOTUCATU", "ESTADO ADVERSÁRIO": "SÃO PAULO", "PAÍS ADVERSÁRIO": "BRASIL", "GOLS SCCP": "1", "GOLS ADVERSÁRIO": "1", "SALDO DE GOLS": "0", "TREINADOR": "MAURICIO SALGADO", "JOGO OFICIAL?": "SIM", "COMPETIÇÃO": "CAMPEONATO PAULISTA / LINAF", "FASE": "DESCONHECIDO", "ESTÁDIO": "DOUTOR ACRÍSIO PAES CRUZ", "CAPACIDADE": "5000", "CIDADE": "BOTUCATU ", "ESTADO/PROVÍNCIA": "SÃO PAULO", "PAÍS": "BRASIL", "LATITUDE": -22.876422785498754, "LONGITUDE": -48.447502081867377, "PÚBLICO PAGANTE": "ND", "PÚBLICO TOTAL": "ND", "RENDA BRUTA (R$)": "ND", "RENDA LÍQUIDA (R$)": "ND", "TICKET MÉDIO (R$)": "ND", "AUTORAS": null, "TÍTULO?": "N/A", "OBSERVAÇÕES": "Jogo pelo Grupo 1 / Link com referência do jogo", "ERA": "Até 2016" }, "geometry": { "type": "Point", "coordinates": [ -48.447502081867377, -22.876422785498754 ] } },
{ "type": "Feature", "properties": { "DATA": "2009-06-27", "DIA DA SEMANA": "sábado", "DIA DO JOGO": "2009-06-27 00:00:00", "MÊS DO JOGO": "2009-06-27 00:00:00", "ANO JOGO": 2009.0, "ANO COMPETIÇÃO": 2009.0, "MANDANTE / VISITANTE (SCCP)": "Sim", "TIME MANDANTE": "CORINTHIANS", "GOLS MANDANTE": "6.0", "x": "x", "GOLS VISITANTE": "1.0", "TIME VISITANTE": "SÃO BENTO", "PLACAR": "6x1", "RESULTADO": "VITÓRIA", "ADVERSÁRIO": "SÃO BENTO", "ESTADO ADVERSÁRIO": "SÃO PAULO", "PAÍS ADVERSÁRIO": "BRASIL", "GOLS SCCP": "6", "GOLS ADVERSÁRIO": "1", "SALDO DE GOLS": "5", "TREINADOR": "MAURICIO SALGADO", "JOGO OFICIAL?": "SIM", "COMPETIÇÃO": "CAMPEONATO PAULISTA / FPF", "FASE": "1ª FASE", "ESTÁDIO": "ANTÔNIO SOARES DE OLIVEIRA", "CAPACIDADE": "6235", "CIDADE": "GUARULHOS ", "ESTADO/PROVÍNCIA": "SÃO PAULO", "PAÍS": "BRASIL", "LATITUDE": -23.47036920270418, "LONGITUDE": -46.551778361932165, "PÚBLICO PAGANTE": "ND", "PÚBLICO TOTAL": "ND", "RENDA BRUTA (R$)": "ND", "RENDA LÍQUIDA (R$)": "ND", "TICKET MÉDIO (R$)": "ND", "AUTORAS": null, "TÍTULO?": "N/A", "OBSERVAÇÕES": null, "ERA": "Até 2016" }, "geometry": { "type": "Point", "coordinates": [ -46.551778361932165, -23.47036920270418 ] } },
{ "type": "Feature", "properties": { "DATA": "2009-07-04", "DIA DA SEMANA": "sábado", "DIA DO JOGO": "2009-07-04 00:00:00", "MÊS DO JOGO": "2009-07-04 00:00:00", "ANO JOGO": 2009.0, "ANO COMPETIÇÃO": 2009.0, "MANDANTE / VISITANTE (SCCP)": "Não", "TIME MANDANTE": "NACIONAL-SP", "GOLS MANDANTE": "3.0", "x": "x", "GOLS VISITANTE": "2.0", "TIME VISITANTE": "CORINTHIANS", "PLACAR": "3x2", "RESULTADO": "DERROTA", "ADVERSÁRIO": "NACIONAL-SP", "ESTADO ADVERSÁRIO": "SÃO PAULO", "PAÍS ADVERSÁRIO": "BRASIL", "GOLS SCCP": "2", "GOLS ADVERSÁRIO": "3", "SALDO DE GOLS": "-1", "TREINADOR": "MAURICIO SALGADO", "JOGO OFICIAL?": "SIM", "COMPETIÇÃO": "CAMPEONATO PAULISTA / FPF", "FASE": "1ª FASE", "ESTÁDIO": "NICOLAU ALAYON (COMENDADOR SOUZA)", "CAPACIDADE": "10723", "CIDADE": "SÃO PAULO ", "ESTADO/PROVÍNCIA": "SÃO PAULO", "PAÍS": "BRASIL", "LATITUDE": -23.518152537113252, "LONGITUDE": -46.685252863969751, "PÚBLICO PAGANTE": "ND", "PÚBLICO TOTAL": "ND", "RENDA BRUTA (R$)": "ND", "RENDA LÍQUIDA (R$)": "ND", "TICKET MÉDIO (R$)": "ND", "AUTORAS": null, "TÍTULO?": "N/A", "OBSERVAÇÕES": null, "ERA": "Até 2016" }, "geometry": { "type": "Point", "coordinates": [ -46.685252863969751, -23.518152537113252 ] } },
{ "type": "Feature", "properties": { "DATA": "2009-07-11", "DIA DA SEMANA": "sábado", "DIA DO JOGO": "2009-07-11 00:00:00", "MÊS DO JOGO": "2009-07-11 00:00:00", "ANO JOGO": 2009.0, "ANO COMPETIÇÃO": 2009.0, "MANDANTE / VISITANTE (SCCP)": "Não", "TIME MANDANTE": "SÃO BERNARDO", "GOLS MANDANTE": "3.0", "x": "x", "GOLS VISITANTE": "2.0", "TIME VISITANTE": "CORINTHIANS", "PLACAR": "3x2", "RESULTADO": "DERROTA", "ADVERSÁRIO": "SÃO BERNARDO", "ESTADO ADVERSÁRIO": "SÃO PAULO", "PAÍS ADVERSÁRIO": "BRASIL", "GOLS SCCP": "2", "GOLS ADVERSÁRIO": "3", "SALDO DE GOLS": "-1", "TREINADOR": "MAURICIO SALGADO", "JOGO OFICIAL?": "SIM", "COMPETIÇÃO": "CAMPEONATO PAULISTA / FPF", "FASE": "1ª FASE", "ESTÁDIO": "GÍGLIO PORTUGAL PICHININ (BAETÃO)", "CAPACIDADE": "6315", "CIDADE": "SÃO BERNARDO DO CAMPO ", "ESTADO/PROVÍNCIA": "SÃO PAULO", "PAÍS": "BRASIL", "LATITUDE": -23.698838141812001, "LONGITUDE": -46.542356029403884, "PÚBLICO PAGANTE": "ND", "PÚBLICO TOTAL": "ND", "RENDA BRUTA (R$)": "ND", "RENDA LÍQUIDA (R$)": "ND", "TICKET MÉDIO (R$)": "ND", "AUTORAS": null, "TÍTULO?": "N/A", "OBSERVAÇÕES": null, "ERA": "Até 2016" }, "geometry": { "type": "Point", "coordinates": [ -46.542356029403884, -23.698838141812001 ] } },
{ "type": "Feature", "properties": { "DATA": "2009-08-01", "DIA DA SEMANA": "sábado", "DIA DO JOGO": "2009-08-01 00:00:00", "MÊS DO JOGO": "2009-08-01 00:00:00", "ANO JOGO": 2009.0, "ANO COMPETIÇÃO": 2009.0, "MANDANTE / VISITANTE (SCCP)": "Sim", "TIME MANDANTE": "CORINTHIANS", "GOLS MANDANTE": "5.0", "x": "x", "GOLS VISITANTE": "0.0", "TIME VISITANTE": "JUVENTUS", "PLACAR": "5x0", "RESULTADO": "VITÓRIA", "ADVERSÁRIO": "JUVENTUS", "ESTADO ADVERSÁRIO": "SÃO PAULO", "PAÍS ADVERSÁRIO": "BRASIL", "GOLS SCCP": "5", "GOLS ADVERSÁRIO": "0", "SALDO DE GOLS": "5", "TREINADOR": "MAURICIO SALGADO", "JOGO OFICIAL?": "SIM", "COMPETIÇÃO": "CAMPEONATO PAULISTA / FPF", "FASE": "1ª FASE", "ESTÁDIO": "CENTRO DE TREINAMENTO DOUTOR JOAQUIM GRAVA", "CAPACIDADE": "0.0", "CIDADE": "SÃO PAULO ", "ESTADO/PROVÍNCIA": "SÃO PAULO", "PAÍS": "BRASIL", "LATITUDE": -23.489299036314396, "LONGITUDE": -46.507488109617533, "PÚBLICO PAGANTE": "ND", "PÚBLICO TOTAL": "ND", "RENDA BRUTA (R$)": "ND", "RENDA LÍQUIDA (R$)": "ND", "TICKET MÉDIO (R$)": "ND", "AUTORAS": null, "TÍTULO?": "N/A", "OBSERVAÇÕES": "Na época o  CT era chamado de Parque Ecológico / Link da notícia sobre o jogo", "ERA": "Até 2016" }, "geometry": { "type": "Point", "coordinates": [ -46.507488109617533, -23.489299036314396 ] } },
{ "type": "Feature", "properties": { "DATA": "2009-08-06", "DIA DA SEMANA": "quinta-feira", "DIA DO JOGO": "6.0", "MÊS DO JOGO": "agosto", "ANO JOGO": 2009.0, "ANO COMPETIÇÃO": 2009.0, "MANDANTE / VISITANTE (SCCP)": "Não", "TIME MANDANTE": "BOTUCATU", "GOLS MANDANTE": "3.0", "x": "x", "GOLS VISITANTE": "1.0", "TIME VISITANTE": "CORINTHIANS", "PLACAR": "3x1", "RESULTADO": "DERROTA", "ADVERSÁRIO": "BOTUCATU", "ESTADO ADVERSÁRIO": "SÃO PAULO", "PAÍS ADVERSÁRIO": "BRASIL", "GOLS SCCP": "1", "GOLS ADVERSÁRIO": "3", "SALDO DE GOLS": "-2", "TREINADOR": "MAURICIO SALGADO", "JOGO OFICIAL?": "SIM", "COMPETIÇÃO": "CAMPEONATO PAULISTA / LINAF", "FASE": "DESCONHECIDO", "ESTÁDIO": "DOUTOR ACRÍSIO PAES CRUZ", "CAPACIDADE": "5000", "CIDADE": "BOTUCATU ", "ESTADO/PROVÍNCIA": "SÃO PAULO", "PAÍS": "BRASIL", "LATITUDE": -22.876422785498754, "LONGITUDE": -48.447502081867377, "PÚBLICO PAGANTE": "ND", "PÚBLICO TOTAL": "ND", "RENDA BRUTA (R$)": "ND", "RENDA LÍQUIDA (R$)": "ND", "TICKET MÉDIO (R$)": "ND", "AUTORAS": null, "TÍTULO?": "N/A", "OBSERVAÇÕES": "Fase desconhecida / Link com referência do jogo", "ERA": "Até 2016" }, "geometry": { "type": "Point", "coordinates": [ -48.447502081867377, -22.876422785498754 ] } },
{ "type": "Feature", "properties": { "DATA": "2009-08-09", "DIA DA SEMANA": "domingo", "DIA DO JOGO": "9.0", "MÊS DO JOGO": "2009-08-08 00:00:00", "ANO JOGO": 2009.0, "ANO COMPETIÇÃO": 2009.0, "MANDANTE / VISITANTE (SCCP)": "Não", "TIME MANDANTE": "SÃO JOSÉ", "GOLS MANDANTE": "1.0", "x": "x", "GOLS VISITANTE": "2.0", "TIME VISITANTE": "CORINTHIANS", "PLACAR": "1x2", "RESULTADO": "VITÓRIA", "ADVERSÁRIO": "SÃO JOSÉ", "ESTADO ADVERSÁRIO": "SÃO PAULO", "PAÍS ADVERSÁRIO": "BRASIL", "GOLS SCCP": "2", "GOLS ADVERSÁRIO": "1", "SALDO DE GOLS": "1", "TREINADOR": "MAURICIO SALGADO", "JOGO OFICIAL?": "SIM", "COMPETIÇÃO": "CAMPEONATO PAULISTA / FPF", "FASE": "2ª FASE", "ESTÁDIO": "MARTINS PEREIRA", "CAPACIDADE": "16500", "CIDADE": "SÃO JOSÉ DOS CAMPOS ", "ESTADO/PROVÍNCIA": "SÃO PAULO", "PAÍS": "BRASIL", "LATITUDE": -23.1884912615151, "LONGITUDE": -45.869827477202776, "PÚBLICO PAGANTE": "ND", "PÚBLICO TOTAL": "ND", "RENDA BRUTA (R$)": "ND", "RENDA LÍQUIDA (R$)": "ND", "TICKET MÉDIO (R$)": "ND", "AUTORAS": null, "TÍTULO?": "N/A", "OBSERVAÇÕES": null, "ERA": "Até 2016" }, "geometry": { "type": "Point", "coordinates": [ -45.869827477202776, -23.1884912615151 ] } },
{ "type": "Feature", "properties": { "DATA": "2009-08-15", "DIA DA SEMANA": "sábado", "DIA DO JOGO": "2009-08-15 00:00:00", "MÊS DO JOGO": "2009-08-15 00:00:00", "ANO JOGO": 2009.0, "ANO COMPETIÇÃO": 2009.0, "MANDANTE / VISITANTE (SCCP)": "Sim", "TIME MANDANTE": "CORINTHIANS", "GOLS MANDANTE": "4.0", "x": "x", "GOLS VISITANTE": "2.0", "TIME VISITANTE": "JAGUARIÚNA", "PLACAR": "4x2", "RESULTADO": "VITÓRIA", "ADVERSÁRIO": "JAGUARIÚNA", "ESTADO ADVERSÁRIO": "SÃO PAULO", "PAÍS ADVERSÁRIO": "BRASIL", "GOLS SCCP": "4", "GOLS ADVERSÁRIO": "2", "SALDO DE GOLS": "2", "TREINADOR": "MAURICIO SALGADO", "JOGO OFICIAL?": "SIM", "COMPETIÇÃO": "CAMPEONATO PAULISTA / FPF", "FASE": "2ª FASE", "ESTÁDIO": "MARCOS EDUARDO CAMARGO TRUVILHO (SERRA DA COLINA)", "CAPACIDADE": "3720", "CIDADE": "IBIÚNA ", "ESTADO/PROVÍNCIA": "SÃO PAULO", "PAÍS": "BRASIL", "LATITUDE": -23.650985481738065, "LONGITUDE": -47.192943931250412, "PÚBLICO PAGANTE": "ND", "PÚBLICO TOTAL": "ND", "RENDA BRUTA (R$)": "ND", "RENDA LÍQUIDA (R$)": "ND", "TICKET MÉDIO (R$)": "ND", "AUTORAS": null, "TÍTULO?": "N/A", "OBSERVAÇÕES": null, "ERA": "Até 2016" }, "geometry": { "type": "Point", "coordinates": [ -47.192943931250412, -23.650985481738065 ] } },
{ "type": "Feature", "properties": { "DATA": "2009-08-19", "DIA DA SEMANA": "quarta-feira", "DIA DO JOGO": "19.0", "MÊS DO JOGO": "2009-08-22 00:00:00", "ANO JOGO": 2009.0, "ANO COMPETIÇÃO": 2009.0, "MANDANTE / VISITANTE (SCCP)": "Sim", "TIME MANDANTE": "CORINTHIANS", "GOLS MANDANTE": "2.0", "x": "x", "GOLS VISITANTE": "3.0", "TIME VISITANTE": "BOTUCATU", "PLACAR": "2x3", "RESULTADO": "DERROTA", "ADVERSÁRIO": "BOTUCATU", "ESTADO ADVERSÁRIO": "SÃO PAULO", "PAÍS ADVERSÁRIO": "BRASIL", "GOLS SCCP": "2", "GOLS ADVERSÁRIO": "3", "SALDO DE GOLS": "-1", "TREINADOR": "MAURICIO SALGADO", "JOGO OFICIAL?": "SIM", "COMPETIÇÃO": "CAMPEONATO PAULISTA / FPF", "FASE": "2ª FASE", "ESTÁDIO": "MARCOS EDUARDO CAMARGO TRUVILHO (SERRA DA COLINA)", "CAPACIDADE": "3720", "CIDADE": "IBIÚNA ", "ESTADO/PROVÍNCIA": "SÃO PAULO", "PAÍS": "BRASIL", "LATITUDE": -23.650985481738065, "LONGITUDE": -47.192943931250412, "PÚBLICO PAGANTE": "ND", "PÚBLICO TOTAL": "ND", "RENDA BRUTA (R$)": "ND", "RENDA LÍQUIDA (R$)": "ND", "TICKET MÉDIO (R$)": "ND", "AUTORAS": null, "TÍTULO?": "N/A", "OBSERVAÇÕES": null, "ERA": "Até 2016" }, "geometry": { "type": "Point", "coordinates": [ -47.192943931250412, -23.650985481738065 ] } },
{ "type": "Feature", "properties": { "DATA": "2009-08-26", "DIA DA SEMANA": "quarta-feira", "DIA DO JOGO": "26.0", "MÊS DO JOGO": "agosto", "ANO JOGO": 2009.0, "ANO COMPETIÇÃO": 2009.0, "MANDANTE / VISITANTE (SCCP)": "Não", "TIME MANDANTE": "BOTUCATU", "GOLS MANDANTE": "2.0", "x": "x", "GOLS VISITANTE": "3.0", "TIME VISITANTE": "CORINTHIANS", "PLACAR": "2x3", "RESULTADO": "VITÓRIA", "ADVERSÁRIO": "BOTUCATU", "ESTADO ADVERSÁRIO": "SÃO PAULO", "PAÍS ADVERSÁRIO": "BRASIL", "GOLS SCCP": "3", "GOLS ADVERSÁRIO": "2", "SALDO DE GOLS": "1", "TREINADOR": "MAURICIO SALGADO", "JOGO OFICIAL?": "SIM", "COMPETIÇÃO": "CAMPEONATO PAULISTA / LINAF", "FASE": "SEMIFINAL", "ESTÁDIO": "DOUTOR ACRÍSIO PAES CRUZ", "CAPACIDADE": "5000", "CIDADE": "BOTUCATU ", "ESTADO/PROVÍNCIA": "SÃO PAULO", "PAÍS": "BRASIL", "LATITUDE": -22.876422785498754, "LONGITUDE": -48.447502081867377, "PÚBLICO PAGANTE": "ND", "PÚBLICO TOTAL": "ND", "RENDA BRUTA (R$)": "ND", "RENDA LÍQUIDA (R$)": "ND", "TICKET MÉDIO (R$)": "ND", "AUTORAS": null, "TÍTULO?": "N/A", "OBSERVAÇÕES": "Vitória nos pênaltis por 6x5 / Link com referência do jogo", "ERA": "Até 2016" }, "geometry": { "type": "Point", "coordinates": [ -48.447502081867377, -22.876422785498754 ] } },
{ "type": "Feature", "properties": { "DATA": "2009-08-29", "DIA DA SEMANA": "sábado", "DIA DO JOGO": "2009-08-29 00:00:00", "MÊS DO JOGO": "2009-08-29 00:00:00", "ANO JOGO": 2009.0, "ANO COMPETIÇÃO": 2009.0, "MANDANTE / VISITANTE (SCCP)": "Não", "TIME MANDANTE": "BOTUCATU", "GOLS MANDANTE": "2.0", "x": "x", "GOLS VISITANTE": "1.0", "TIME VISITANTE": "CORINTHIANS", "PLACAR": "2x1", "RESULTADO": "DERROTA", "ADVERSÁRIO": "BOTUCATU", "ESTADO ADVERSÁRIO": "SÃO PAULO", "PAÍS ADVERSÁRIO": "BRASIL", "GOLS SCCP": "1", "GOLS ADVERSÁRIO": "2", "SALDO DE GOLS": "-1", "TREINADOR": "MAURICIO SALGADO", "JOGO OFICIAL?": "SIM", "COMPETIÇÃO": "CAMPEONATO PAULISTA / FPF", "FASE": "2ª FASE", "ESTÁDIO": "DOUTOR ACRÍSIO PAES CRUZ", "CAPACIDADE": "5000", "CIDADE": "BOTUCATU ", "ESTADO/PROVÍNCIA": "SÃO PAULO", "PAÍS": "BRASIL", "LATITUDE": -22.876422785498754, "LONGITUDE": -48.447502081867377, "PÚBLICO PAGANTE": "ND", "PÚBLICO TOTAL": "ND", "RENDA BRUTA (R$)": "ND", "RENDA LÍQUIDA (R$)": "ND", "TICKET MÉDIO (R$)": "ND", "AUTORAS": null, "TÍTULO?": "N/A", "OBSERVAÇÕES": null, "ERA": "Até 2016" }, "geometry": { "type": "Point", "coordinates": [ -48.447502081867377, -22.876422785498754 ] } },
{ "type": "Feature", "properties": { "DATA": "2009-09-02", "DIA DA SEMANA": "quarta-feira", "DIA DO JOGO": "2.0", "MÊS DO JOGO": "setembro", "ANO JOGO": 2009.0, "ANO COMPETIÇÃO": 2009.0, "MANDANTE / VISITANTE (SCCP)": "Sim", "TIME MANDANTE": "CORINTHIANS", "GOLS MANDANTE": "2.0", "x": "x", "GOLS VISITANTE": "4.0", "TIME VISITANTE": "SANTOS", "PLACAR": "2x4", "RESULTADO": "DERROTA", "ADVERSÁRIO": "SANTOS", "ESTADO ADVERSÁRIO": "SÃO PAULO", "PAÍS ADVERSÁRIO": "BRASIL", "GOLS SCCP": "2", "GOLS ADVERSÁRIO": "4", "SALDO DE GOLS": "-2", "TREINADOR": "MAURICIO SALGADO", "JOGO OFICIAL?": "SIM", "COMPETIÇÃO": "CAMPEONATO PAULISTA / LINAF", "FASE": "FINAL", "ESTÁDIO": "CENTRO DE TREINAMENTO DOUTOR JOAQUIM GRAVA", "CAPACIDADE": "0.0", "CIDADE": "SÃO PAULO ", "ESTADO/PROVÍNCIA": "SÃO PAULO", "PAÍS": "BRASIL", "LATITUDE": -23.489299036314396, "LONGITUDE": -46.507488109617533, "PÚBLICO PAGANTE": "ND", "PÚBLICO TOTAL": "ND", "RENDA BRUTA (R$)": "ND", "RENDA LÍQUIDA (R$)": "ND", "TICKET MÉDIO (R$)": "ND", "AUTORAS": null, "TÍTULO?": "N/A", "OBSERVAÇÕES": "Antigamente conhecido como CT Parque Ecológico / Link com a matéria sobre o jogo", "ERA": "Até 2016" }, "geometry": { "type": "Point", "coordinates": [ -46.507488109617533, -23.489299036314396 ] } },
{ "type": "Feature", "properties": { "DATA": "2009-09-05", "DIA DA SEMANA": "sábado", "DIA DO JOGO": "2009-09-05 00:00:00", "MÊS DO JOGO": "2009-09-05 00:00:00", "ANO JOGO": 2009.0, "ANO COMPETIÇÃO": 2009.0, "MANDANTE / VISITANTE (SCCP)": "Não", "TIME MANDANTE": "JAGUARIÚNA", "GOLS MANDANTE": "1.0", "x": "x", "GOLS VISITANTE": "4.0", "TIME VISITANTE": "CORINTHIANS", "PLACAR": "1x4", "RESULTADO": "VITÓRIA", "ADVERSÁRIO": "JAGUARIÚNA", "ESTADO ADVERSÁRIO": "SÃO PAULO", "PAÍS ADVERSÁRIO": "BRASIL", "GOLS SCCP": "4", "GOLS ADVERSÁRIO": "1", "SALDO DE GOLS": "3", "TREINADOR": "MAURICIO SALGADO", "JOGO OFICIAL?": "SIM", "COMPETIÇÃO": "CAMPEONATO PAULISTA / FPF", "FASE": "2ª FASE", "ESTÁDIO": "TANCREDO NEVES (AZULÃO)", "CAPACIDADE": "DESCONHECIDO", "CIDADE": "JAGUARIÚNA", "ESTADO/PROVÍNCIA": "SÃO PAULO", "PAÍS": "BRASIL", "LATITUDE": -22.694520826041753, "LONGITUDE": -46.990320700283462, "PÚBLICO PAGANTE": "ND", "PÚBLICO TOTAL": "ND", "RENDA BRUTA (R$)": "ND", "RENDA LÍQUIDA (R$)": "ND", "TICKET MÉDIO (R$)": "ND", "AUTORAS": null, "TÍTULO?": "N/A", "OBSERVAÇÕES": null, "ERA": "Até 2016" }, "geometry": { "type": "Point", "coordinates": [ -46.990320700283462, -22.694520826041753 ] } },
{ "type": "Feature", "properties": { "DATA": "2009-09-12", "DIA DA SEMANA": "sábado", "DIA DO JOGO": "2009-09-12 00:00:00", "MÊS DO JOGO": "2009-09-12 00:00:00", "ANO JOGO": 2009.0, "ANO COMPETIÇÃO": 2009.0, "MANDANTE / VISITANTE (SCCP)": "Sim", "TIME MANDANTE": "CORINTHIANS", "GOLS MANDANTE": "0.0", "x": "x", "GOLS VISITANTE": "1.0", "TIME VISITANTE": "SÃO JOSÉ", "PLACAR": "0x1", "RESULTADO": "DERROTA", "ADVERSÁRIO": "SÃO JOSÉ", "ESTADO ADVERSÁRIO": "SÃO PAULO", "PAÍS ADVERSÁRIO": "BRASIL", "GOLS SCCP": "0", "GOLS ADVERSÁRIO": "1", "SALDO DE GOLS": "-1", "TREINADOR": "MAURICIO SALGADO", "JOGO OFICIAL?": "SIM", "COMPETIÇÃO": "CAMPEONATO PAULISTA / FPF", "FASE": "2ª FASE", "ESTÁDIO": "CENTRO DE TREINAMENTO DOUTOR JOAQUIM GRAVA", "CAPACIDADE": "0.0", "CIDADE": "SÃO PAULO ", "ESTADO/PROVÍNCIA": "SÃO PAULO", "PAÍS": "BRASIL", "LATITUDE": -23.489299036314396, "LONGITUDE": -46.507488109617533, "PÚBLICO PAGANTE": "ND", "PÚBLICO TOTAL": "ND", "RENDA BRUTA (R$)": "ND", "RENDA LÍQUIDA (R$)": "ND", "TICKET MÉDIO (R$)": "ND", "AUTORAS": null, "TÍTULO?": "N/A", "OBSERVAÇÕES": null, "ERA": "Até 2016" }, "geometry": { "type": "Point", "coordinates": [ -46.507488109617533, -23.489299036314396 ] } },
{ "type": "Feature", "properties": { "DATA": "2009-09-15", "DIA DA SEMANA": "terça-feira", "DIA DO JOGO": "15.0", "MÊS DO JOGO": "setembro", "ANO JOGO": 2009.0, "ANO COMPETIÇÃO": 2009.0, "MANDANTE / VISITANTE (SCCP)": "Não", "TIME MANDANTE": "SANTOS", "GOLS MANDANTE": "2.0", "x": "x", "GOLS VISITANTE": "1.0", "TIME VISITANTE": "CORINTHIANS", "PLACAR": "2x1", "RESULTADO": "DERROTA", "ADVERSÁRIO": "SANTOS", "ESTADO ADVERSÁRIO": "SÃO PAULO", "PAÍS ADVERSÁRIO": "BRASIL", "GOLS SCCP": "1", "GOLS ADVERSÁRIO": "2", "SALDO DE GOLS": "-1", "TREINADOR": "MAURICIO SALGADO", "JOGO OFICIAL?": "SIM", "COMPETIÇÃO": "CAMPEONATO PAULISTA / LINAF", "FASE": "FINAL", "ESTÁDIO": "URBANO CALDEIRA (VILA BELMIRO)", "CAPACIDADE": "20360", "CIDADE": "SANTOS", "ESTADO/PROVÍNCIA": "SÃO PAULO", "PAÍS": "BRASIL", "LATITUDE": -23.950833202245221, "LONGITUDE": -46.338367960085641, "PÚBLICO PAGANTE": "ND", "PÚBLICO TOTAL": "ND", "RENDA BRUTA (R$)": "ND", "RENDA LÍQUIDA (R$)": "ND", "TICKET MÉDIO (R$)": "ND", "AUTORAS": null, "TÍTULO?": "N/A", "OBSERVAÇÕES": "Corinthians vice-campeão do Campeonato Paulista / LINAF 2009", "ERA": "Até 2016" }, "geometry": { "type": "Point", "coordinates": [ -46.338367960085641, -23.950833202245221 ] } },
{ "type": "Feature", "properties": { "DATA": "2009-09-19", "DIA DA SEMANA": "sábado", "DIA DO JOGO": "2009-09-19 00:00:00", "MÊS DO JOGO": "2009-09-19 00:00:00", "ANO JOGO": 2009.0, "ANO COMPETIÇÃO": 2009.0, "MANDANTE / VISITANTE (SCCP)": "Sim", "TIME MANDANTE": "CORINTHIANS", "GOLS MANDANTE": "2.0", "x": "x", "GOLS VISITANTE": "2.0", "TIME VISITANTE": "SANTOS", "PLACAR": "2x2", "RESULTADO": "EMPATE", "ADVERSÁRIO": "SANTOS", "ESTADO ADVERSÁRIO": "SÃO PAULO", "PAÍS ADVERSÁRIO": "BRASIL", "GOLS SCCP": "2", "GOLS ADVERSÁRIO": "2", "SALDO DE GOLS": "0", "TREINADOR": "MAURICIO SALGADO", "JOGO OFICIAL?": "SIM", "COMPETIÇÃO": "CAMPEONATO PAULISTA / FPF", "FASE": "SEMIFINAL", "ESTÁDIO": "CENTRO DE TREINAMENTO DOUTOR JOAQUIM GRAVA", "CAPACIDADE": "0.0", "CIDADE": "SÃO PAULO ", "ESTADO/PROVÍNCIA": "SÃO PAULO", "PAÍS": "BRASIL", "LATITUDE": -23.489299036314396, "LONGITUDE": -46.507488109617533, "PÚBLICO PAGANTE": "ND", "PÚBLICO TOTAL": "ND", "RENDA BRUTA (R$)": "ND", "RENDA LÍQUIDA (R$)": "ND", "TICKET MÉDIO (R$)": "ND", "AUTORAS": null, "TÍTULO?": "N/A", "OBSERVAÇÕES": null, "ERA": "Até 2016" }, "geometry": { "type": "Point", "coordinates": [ -46.507488109617533, -23.489299036314396 ] } },
{ "type": "Feature", "properties": { "DATA": "2009-09-26", "DIA DA SEMANA": "sábado", "DIA DO JOGO": "2009-09-26 00:00:00", "MÊS DO JOGO": "2009-09-26 00:00:00", "ANO JOGO": 2009.0, "ANO COMPETIÇÃO": 2009.0, "MANDANTE / VISITANTE (SCCP)": "Não", "TIME MANDANTE": "SANTOS", "GOLS MANDANTE": "4.0", "x": "x", "GOLS VISITANTE": "1.0", "TIME VISITANTE": "CORINTHIANS", "PLACAR": "4x1", "RESULTADO": "DERROTA", "ADVERSÁRIO": "SANTOS", "ESTADO ADVERSÁRIO": "SÃO PAULO", "PAÍS ADVERSÁRIO": "BRASIL", "GOLS SCCP": "1", "GOLS ADVERSÁRIO": "4", "SALDO DE GOLS": "-3", "TREINADOR": "MAURICIO SALGADO", "JOGO OFICIAL?": "SIM", "COMPETIÇÃO": "CAMPEONATO PAULISTA / FPF", "FASE": "SEMIFINAL", "ESTÁDIO": "URBANO CALDEIRA (VILA BELMIRO)", "CAPACIDADE": "20360", "CIDADE": "SANTOS", "ESTADO/PROVÍNCIA": "SÃO PAULO", "PAÍS": "BRASIL", "LATITUDE": -23.950833202245221, "LONGITUDE": -46.338367960085641, "PÚBLICO PAGANTE": "ND", "PÚBLICO TOTAL": "ND", "RENDA BRUTA (R$)": "ND", "RENDA LÍQUIDA (R$)": "ND", "TICKET MÉDIO (R$)": "ND", "AUTORAS": null, "TÍTULO?": "N/A", "OBSERVAÇÕES": "Corinthians 4º colocado do Campeonato Paulista 2009", "ERA": "Até 2016" }, "geometry": { "type": "Point", "coordinates": [ -46.338367960085641, -23.950833202245221 ] } },
{ "type": "Feature", "properties": { "DATA": "2009-10-08", "DIA DA SEMANA": "quinta-feira", "DIA DO JOGO": "8.0", "MÊS DO JOGO": "outubro", "ANO JOGO": 2009.0, "ANO COMPETIÇÃO": 2009.0, "MANDANTE / VISITANTE (SCCP)": "Neutro", "TIME MANDANTE": "JUNDIAÍ", "GOLS MANDANTE": "0.0", "x": "x", "GOLS VISITANTE": "9.0", "TIME VISITANTE": "CORINTHIANS", "PLACAR": "0x9", "RESULTADO": "VITÓRIA", "ADVERSÁRIO": "JUNDIAÍ", "ESTADO ADVERSÁRIO": "SÃO PAULO", "PAÍS ADVERSÁRIO": "BRASIL", "GOLS SCCP": "9", "GOLS ADVERSÁRIO": "0", "SALDO DE GOLS": "9", "TREINADOR": "MAURICIO SALGADO", "JOGO OFICIAL?": "SIM", "COMPETIÇÃO": "JOGOS ABERTOS DO INTERIOR", "FASE": "1ª FASE", "ESTÁDIO": "CLUBE ESPORTIVO RECREATIVO ARTHUR GARBELOTTO (FUNDAÇÃO)", "CAPACIDADE": "1000", "CIDADE": "SÃO CAETANO DO SUL", "ESTADO/PROVÍNCIA": "SÃO PAULO", "PAÍS": "BRASIL", "LATITUDE": -23.604037641997845, "LONGITUDE": -46.570968886102008, "PÚBLICO PAGANTE": "ND", "PÚBLICO TOTAL": "ND", "RENDA BRUTA (R$)": "ND", "RENDA LÍQUIDA (R$)": "ND", "TICKET MÉDIO (R$)": "ND", "AUTORAS": null, "TÍTULO?": "N/A", "OBSERVAÇÕES": "Estreia nos Jogos Abertos 2009 / Representando São Caetano do Sul / Link com referência do jogo / Link do resultado", "ERA": "Até 2016" }, "geometry": { "type": "Point", "coordinates": [ -46.570968886102008, -23.604037641997845 ] } },
{ "type": "Feature", "properties": { "DATA": "2009-10-12", "DIA DA SEMANA": "segunda-feira", "DIA DO JOGO": "12.0", "MÊS DO JOGO": "outubro", "ANO JOGO": 2009.0, "ANO COMPETIÇÃO": 2009.0, "MANDANTE / VISITANTE (SCCP)": "Neutro", "TIME MANDANTE": "CORINTHIANS", "GOLS MANDANTE": "0.0", "x": "x", "GOLS VISITANTE": "1.0", "TIME VISITANTE": "SÃO BERNARDO DO CAMPO", "PLACAR": "0x1", "RESULTADO": "DERROTA", "ADVERSÁRIO": "SÃO BERNARDO DO CAMPO", "ESTADO ADVERSÁRIO": "SÃO PAULO", "PAÍS ADVERSÁRIO": "BRASIL", "GOLS SCCP": "0", "GOLS ADVERSÁRIO": "1", "SALDO DE GOLS": "-1", "TREINADOR": "MAURICIO SALGADO", "JOGO OFICIAL?": "SIM", "COMPETIÇÃO": "JOGOS ABERTOS DO INTERIOR", "FASE": "FINAL", "ESTÁDIO": "JOSÉ TORTORELLO", "CAPACIDADE": "DESCONHECIDO", "CIDADE": "SÃO CAETANO DO SUL", "ESTADO/PROVÍNCIA": "SÃO PAULO", "PAÍS": "BRASIL", "LATITUDE": -23.643044118096331, "LONGITUDE": -46.569981432263461, "PÚBLICO PAGANTE": "ND", "PÚBLICO TOTAL": "ND", "RENDA BRUTA (R$)": "ND", "RENDA LÍQUIDA (R$)": "ND", "TICKET MÉDIO (R$)": "ND", "AUTORAS": null, "TÍTULO?": "N/A", "OBSERVAÇÕES": "Representando São Caetano do Sul / Corinthians vice-campeão dos Jogos Abertos 2009 / Link com referência do jogo", "ERA": "Até 2016" }, "geometry": { "type": "Point", "coordinates": [ -46.569981432263461, -23.643044118096331 ] } },
{ "type": "Feature", "properties": { "DATA": "2015-09-26", "DIA DA SEMANA": "sábado", "DIA DO JOGO": "26.0", "MÊS DO JOGO": "setembro", "ANO JOGO": 2015.0, "ANO COMPETIÇÃO": 2015.0, "MANDANTE / VISITANTE (SCCP)": "Não", "TIME MANDANTE": "SOROCABA / CLUBE CEFAS", "GOLS MANDANTE": "0.0", "x": "x", "GOLS VISITANTE": "1.0", "TIME VISITANTE": "CORINTHIANS", "PLACAR": "0x1", "RESULTADO": "VITÓRIA", "ADVERSÁRIO": "SOROCABA / CLUBE CEFAS", "ESTADO ADVERSÁRIO": "SÃO PAULO", "PAÍS ADVERSÁRIO": "BRASIL", "GOLS SCCP": "1", "GOLS ADVERSÁRIO": "0", "SALDO DE GOLS": "1", "TREINADOR": "DESCONHECIDO", "JOGO OFICIAL?": "SIM", "COMPETIÇÃO": "CAMPEONATO PAULISTA / LINAF", "FASE": "1ª FASE", "ESTÁDIO": "RUI COSTA RODRIGUES (CAMPO DO ESTRADA DE FERRO SOROCABANA)", "CAPACIDADE": "6000", "CIDADE": "SOROCABA ", "ESTADO/PROVÍNCIA": "SÃO PAULO", "PAÍS": "BRASIL", "LATITUDE": -23.491868363150374, "LONGITUDE": -47.454327464305422, "PÚBLICO PAGANTE": "ND", "PÚBLICO TOTAL": "ND", "RENDA BRUTA (R$)": "ND", "RENDA LÍQUIDA (R$)": "ND", "TICKET MÉDIO (R$)": "ND", "AUTORAS": null, "TÍTULO?": "N/A", "OBSERVAÇÕES": "Referência: Link 1", "ERA": "Até 2016" }, "geometry": { "type": "Point", "coordinates": [ -47.454327464305422, -23.491868363150374 ] } },
{ "type": "Feature", "properties": { "DATA": "2015-10-07", "DIA DA SEMANA": "quarta-feira", "DIA DO JOGO": "7.0", "MÊS DO JOGO": "outubro", "ANO JOGO": 2015.0, "ANO COMPETIÇÃO": 2015.0, "MANDANTE / VISITANTE (SCCP)": "Sim", "TIME MANDANTE": "CORINTHIANS", "GOLS MANDANTE": "0.0", "x": "x", "GOLS VISITANTE": "2.0", "TIME VISITANTE": "ITUPEVA", "PLACAR": "0x2", "RESULTADO": "DERROTA", "ADVERSÁRIO": "ITUPEVA", "ESTADO ADVERSÁRIO": "SÃO PAULO", "PAÍS ADVERSÁRIO": "BRASIL", "GOLS SCCP": "0", "GOLS ADVERSÁRIO": "2", "SALDO DE GOLS": "-2", "TREINADOR": "DESCONHECIDO", "JOGO OFICIAL?": "SIM", "COMPETIÇÃO": "CAMPEONATO PAULISTA / LINAF", "FASE": "1ª FASE", "ESTÁDIO": "ALFREDO SCHÜRIG (PARQUE SÃO JORGE / FAZENDINHA)", "CAPACIDADE": "9800", "CIDADE": "SÃO PAULO ", "ESTADO/PROVÍNCIA": "SÃO PAULO", "PAÍS": "BRASIL", "LATITUDE": -23.526659630812546, "LONGITUDE": -46.569480895169598, "PÚBLICO PAGANTE": "ND", "PÚBLICO TOTAL": "ND", "RENDA BRUTA (R$)": "ND", "RENDA LÍQUIDA (R$)": "ND", "TICKET MÉDIO (R$)": "ND", "AUTORAS": null, "TÍTULO?": "N/A", "OBSERVAÇÕES": "Referência: Link 1", "ERA": "Até 2016" }, "geometry": { "type": "Point", "coordinates": [ -46.569480895169598, -23.526659630812546 ] } },
{ "type": "Feature", "properties": { "DATA": "2015-10-10", "DIA DA SEMANA": "sábado", "DIA DO JOGO": "10.0", "MÊS DO JOGO": "outubro", "ANO JOGO": 2015.0, "ANO COMPETIÇÃO": 2015.0, "MANDANTE / VISITANTE (SCCP)": "Sim", "TIME MANDANTE": "CORINTHIANS", "GOLS MANDANTE": "1.0", "x": "x", "GOLS VISITANTE": "0.0", "TIME VISITANTE": "VOTORANTIM", "PLACAR": "1x0", "RESULTADO": "VITÓRIA", "ADVERSÁRIO": "VOTORANTIM", "ESTADO ADVERSÁRIO": "SÃO PAULO", "PAÍS ADVERSÁRIO": "BRASIL", "GOLS SCCP": "1", "GOLS ADVERSÁRIO": "0", "SALDO DE GOLS": "1", "TREINADOR": "DESCONHECIDO", "JOGO OFICIAL?": "SIM", "COMPETIÇÃO": "CAMPEONATO PAULISTA / LINAF", "FASE": "1ª FASE", "ESTÁDIO": "ALFREDO SCHÜRIG (PARQUE SÃO JORGE / FAZENDINHA)", "CAPACIDADE": "9800", "CIDADE": "SÃO PAULO ", "ESTADO/PROVÍNCIA": "SÃO PAULO", "PAÍS": "BRASIL", "LATITUDE": -23.526659630812546, "LONGITUDE": -46.569480895169598, "PÚBLICO PAGANTE": "ND", "PÚBLICO TOTAL": "ND", "RENDA BRUTA (R$)": "ND", "RENDA LÍQUIDA (R$)": "ND", "TICKET MÉDIO (R$)": "ND", "AUTORAS": null, "TÍTULO?": "N/A", "OBSERVAÇÕES": "Referência: Link 1", "ERA": "Até 2016" }, "geometry": { "type": "Point", "coordinates": [ -46.569480895169598, -23.526659630812546 ] } },
{ "type": "Feature", "properties": { "DATA": "2015-10-17", "DIA DA SEMANA": "sábado", "DIA DO JOGO": "17.0", "MÊS DO JOGO": "outubro", "ANO JOGO": 2015.0, "ANO COMPETIÇÃO": 2015.0, "MANDANTE / VISITANTE (SCCP)": "Sim", "TIME MANDANTE": "CORINTHIANS", "GOLS MANDANTE": "1.0", "x": "x", "GOLS VISITANTE": "0.0", "TIME VISITANTE": "SOROCABA / CLUBE CEFAS", "PLACAR": "1x0", "RESULTADO": "VITÓRIA", "ADVERSÁRIO": "SOROCABA / CLUBE CEFAS", "ESTADO ADVERSÁRIO": "SÃO PAULO", "PAÍS ADVERSÁRIO": "BRASIL", "GOLS SCCP": "1", "GOLS ADVERSÁRIO": "0", "SALDO DE GOLS": "1", "TREINADOR": "DESCONHECIDO", "JOGO OFICIAL?": "SIM", "COMPETIÇÃO": "CAMPEONATO PAULISTA / LINAF", "FASE": "1ª FASE", "ESTÁDIO": "ALFREDO SCHÜRIG (PARQUE SÃO JORGE / FAZENDINHA)", "CAPACIDADE": "9800", "CIDADE": "SÃO PAULO ", "ESTADO/PROVÍNCIA": "SÃO PAULO", "PAÍS": "BRASIL", "LATITUDE": -23.526659630812546, "LONGITUDE": -46.569480895169598, "PÚBLICO PAGANTE": "ND", "PÚBLICO TOTAL": "ND", "RENDA BRUTA (R$)": "ND", "RENDA LÍQUIDA (R$)": "ND", "TICKET MÉDIO (R$)": "ND", "AUTORAS": null, "TÍTULO?": "N/A", "OBSERVAÇÕES": "Referência: Link 1", "ERA": "Até 2016" }, "geometry": { "type": "Point", "coordinates": [ -46.569480895169598, -23.526659630812546 ] } },
{ "type": "Feature", "properties": { "DATA": "2015-10-20", "DIA DA SEMANA": "terça-feira", "DIA DO JOGO": "20.0", "MÊS DO JOGO": "outubro", "ANO JOGO": 2015.0, "ANO COMPETIÇÃO": 2015.0, "MANDANTE / VISITANTE (SCCP)": "Não", "TIME MANDANTE": "ITUPEVA", "GOLS MANDANTE": "0.0", "x": "x", "GOLS VISITANTE": "1.0", "TIME VISITANTE": "CORINTHIANS", "PLACAR": "0x1", "RESULTADO": "VITÓRIA", "ADVERSÁRIO": "ITUPEVA", "ESTADO ADVERSÁRIO": "SÃO PAULO", "PAÍS ADVERSÁRIO": "BRASIL", "GOLS SCCP": "1", "GOLS ADVERSÁRIO": "0", "SALDO DE GOLS": "1", "TREINADOR": "DESCONHECIDO", "JOGO OFICIAL?": "SIM", "COMPETIÇÃO": "CAMPEONATO PAULISTA / LINAF", "FASE": "1ª FASE", "ESTÁDIO": "COMENDADOR ROBERTO UGOLINI", "CAPACIDADE": "≅ 500", "CIDADE": "SÃO PAULO ", "ESTADO/PROVÍNCIA": "SÃO PAULO", "PAÍS": "BRASIL", "LATITUDE": -23.572754480935235, "LONGITUDE": -46.585758962708056, "PÚBLICO PAGANTE": "ND", "PÚBLICO TOTAL": "ND", "RENDA BRUTA (R$)": "ND", "RENDA LÍQUIDA (R$)": "ND", "TICKET MÉDIO (R$)": "ND", "AUTORAS": null, "TÍTULO?": "N/A", "OBSERVAÇÕES": "Referência: Link 1", "ERA": "Até 2016" }, "geometry": { "type": "Point", "coordinates": [ -46.585758962708056, -23.572754480935235 ] } },
{ "type": "Feature", "properties": { "DATA": "2015-10-31", "DIA DA SEMANA": "sábado", "DIA DO JOGO": "31.0", "MÊS DO JOGO": "outubro", "ANO JOGO": 2015.0, "ANO COMPETIÇÃO": 2015.0, "MANDANTE / VISITANTE (SCCP)": "Não", "TIME MANDANTE": "VOTORANTIM", "GOLS MANDANTE": "2.0", "x": "x", "GOLS VISITANTE": "2.0", "TIME VISITANTE": "CORINTHIANS", "PLACAR": "2x2", "RESULTADO": "EMPATE", "ADVERSÁRIO": "VOTORANTIM", "ESTADO ADVERSÁRIO": "SÃO PAULO", "PAÍS ADVERSÁRIO": "BRASIL", "GOLS SCCP": "2", "GOLS ADVERSÁRIO": "2", "SALDO DE GOLS": "0", "TREINADOR": "DESCONHECIDO", "JOGO OFICIAL?": "SIM", "COMPETIÇÃO": "CAMPEONATO PAULISTA / LINAF", "FASE": "1ª FASE", "ESTÁDIO": "CAMPO DO CANTO DO RIO", "CAPACIDADE": "DESCONHECIDA", "CIDADE": "SOROCABA ", "ESTADO/PROVÍNCIA": "SÃO PAULO", "PAÍS": "BRASIL", "LATITUDE": -23.515794188300706, "LONGITUDE": -47.438537463694061, "PÚBLICO PAGANTE": "ND", "PÚBLICO TOTAL": "ND", "RENDA BRUTA (R$)": "ND", "RENDA LÍQUIDA (R$)": "ND", "TICKET MÉDIO (R$)": "ND", "AUTORAS": null, "TÍTULO?": "N/A", "OBSERVAÇÕES": "Referência: Link 1", "ERA": "Até 2016" }, "geometry": { "type": "Point", "coordinates": [ -47.438537463694061, -23.515794188300706 ] } },
{ "type": "Feature", "properties": { "DATA": "2015-11-07", "DIA DA SEMANA": "sábado", "DIA DO JOGO": "7.0", "MÊS DO JOGO": "novembro", "ANO JOGO": 2015.0, "ANO COMPETIÇÃO": 2015.0, "MANDANTE / VISITANTE (SCCP)": "Sim", "TIME MANDANTE": "CORINTHIANS", "GOLS MANDANTE": "1.0", "x": "x", "GOLS VISITANTE": "1.0", "TIME VISITANTE": "OURINHOS DENTAL / SEMESPOR", "PLACAR": "1x1", "RESULTADO": "EMPATE", "ADVERSÁRIO": "OURINHOS DENTAL / SEMESPOR", "ESTADO ADVERSÁRIO": "SÃO PAULO", "PAÍS ADVERSÁRIO": "BRASIL", "GOLS SCCP": "1", "GOLS ADVERSÁRIO": "1", "SALDO DE GOLS": "0", "TREINADOR": "DESCONHECIDO", "JOGO OFICIAL?": "SIM", "COMPETIÇÃO": "CAMPEONATO PAULISTA / LINAF", "FASE": "3ª FASE", "ESTÁDIO": "ALFREDO SCHÜRIG (PARQUE SÃO JORGE / FAZENDINHA)", "CAPACIDADE": "9800", "CIDADE": "SÃO PAULO ", "ESTADO/PROVÍNCIA": "SÃO PAULO", "PAÍS": "BRASIL", "LATITUDE": -23.526659630812546, "LONGITUDE": -46.569480895169598, "PÚBLICO PAGANTE": "ND", "PÚBLICO TOTAL": "ND", "RENDA BRUTA (R$)": "ND", "RENDA LÍQUIDA (R$)": "ND", "TICKET MÉDIO (R$)": "ND", "AUTORAS": null, "TÍTULO?": "N/A", "OBSERVAÇÕES": "Referência: Link 1", "ERA": "Até 2016" }, "geometry": { "type": "Point", "coordinates": [ -46.569480895169598, -23.526659630812546 ] } },
{ "type": "Feature", "properties": { "DATA": "2015-11-14", "DIA DA SEMANA": "sábado", "DIA DO JOGO": "14.0", "MÊS DO JOGO": "novembro", "ANO JOGO": 2015.0, "ANO COMPETIÇÃO": 2015.0, "MANDANTE / VISITANTE (SCCP)": "Não", "TIME MANDANTE": "OURINHOS DENTAL / SEMESPOR", "GOLS MANDANTE": "2.0", "x": "x", "GOLS VISITANTE": "1.0", "TIME VISITANTE": "CORINTHIANS", "PLACAR": "2x1", "RESULTADO": "DERROTA", "ADVERSÁRIO": "OURINHOS DENTAL / SEMESPOR", "ESTADO ADVERSÁRIO": "SÃO PAULO", "PAÍS ADVERSÁRIO": "BRASIL", "GOLS SCCP": "1", "GOLS ADVERSÁRIO": "2", "SALDO DE GOLS": "-1", "TREINADOR": "DESCONHECIDO", "JOGO OFICIAL?": "SIM", "COMPETIÇÃO": "CAMPEONATO PAULISTA / LINAF", "FASE": "3ª FASE", "ESTÁDIO": "DJALMA BAÍA (MONSTRINHO)", "CAPACIDADE": "1800", "CIDADE": "OURINHOS", "ESTADO/PROVÍNCIA": "SÃO PAULO", "PAÍS": "BRASIL", "LATITUDE": -22.988937080606494, "LONGITUDE": -49.863966096432378, "PÚBLICO PAGANTE": "ND", "PÚBLICO TOTAL": "ND", "RENDA BRUTA (R$)": "ND", "RENDA LÍQUIDA (R$)": "ND", "TICKET MÉDIO (R$)": "ND", "AUTORAS": null, "TÍTULO?": "N/A", "OBSERVAÇÕES": "Referência: Link 1 / Corinthians 9º colocado do Campeonato Paulista / LINAF  2015", "ERA": "Até 2016" }, "geometry": { "type": "Point", "coordinates": [ -49.863966096432378, -22.988937080606494 ] } },
{ "type": "Feature", "properties": { "DATA": "?", "DIA DA SEMANA": "?", "DIA DO JOGO": "?", "MÊS DO JOGO": "outubro", "ANO JOGO": 2009.0, "ANO COMPETIÇÃO": 2009.0, "MANDANTE / VISITANTE (SCCP)": "Neutro", "TIME MANDANTE": "CORINTHIANS", "GOLS MANDANTE": "4.0", "x": "x", "GOLS VISITANTE": "0.0", "TIME VISITANTE": "MARÍLIA", "PLACAR": "4x0", "RESULTADO": "VITÓRIA", "ADVERSÁRIO": "MARÍLIA", "ESTADO ADVERSÁRIO": "SÃO PAULO", "PAÍS ADVERSÁRIO": "BRASIL", "GOLS SCCP": "4", "GOLS ADVERSÁRIO": "0", "SALDO DE GOLS": "4", "TREINADOR": "MAURICIO SALGADO", "JOGO OFICIAL?": "SIM", "COMPETIÇÃO": "JOGOS ABERTOS DO INTERIOR", "FASE": "SEMIFINAL", "ESTÁDIO": "CLUBE ESPORTIVO RECREATIVO ARTHUR GARBELOTTO (FUNDAÇÃO)", "CAPACIDADE": "1000", "CIDADE": "SÃO CAETANO DO SUL", "ESTADO/PROVÍNCIA": "SÃO PAULO", "PAÍS": "BRASIL", "LATITUDE": -23.604037641997845, "LONGITUDE": -46.570968886102008, "PÚBLICO PAGANTE": "ND", "PÚBLICO TOTAL": "ND", "RENDA BRUTA (R$)": "ND", "RENDA LÍQUIDA (R$)": "ND", "TICKET MÉDIO (R$)": "ND", "AUTORAS": null, "TÍTULO?": "N/A", "OBSERVAÇÕES": "Representando São Caetano do Sul / Link com referência do jogo", "ERA": "Até 2016" }, "geometry": { "type": "Point", "coordinates": [ -46.570968886102008, -23.604037641997845 ] } },
{ "type": "Feature", "properties": { "DATA": "2016-01-27", "DIA DA SEMANA": "quarta-feira", "DIA DO JOGO": "2016-01-27 00:00:00", "MÊS DO JOGO": "2016-01-27 00:00:00", "ANO JOGO": 2016.0, "ANO COMPETIÇÃO": 2016.0, "MANDANTE / VISITANTE (SCCP)": "Sim", "TIME MANDANTE": "CORINTHIANS", "GOLS MANDANTE": "2.0", "x": "x", "GOLS VISITANTE": "1.0", "TIME VISITANTE": "RIO PRETO", "PLACAR": "2x1", "RESULTADO": "VITÓRIA", "ADVERSÁRIO": "RIO PRETO", "ESTADO ADVERSÁRIO": "SÃO PAULO", "PAÍS ADVERSÁRIO": "BRASIL", "GOLS SCCP": "2.0", "GOLS ADVERSÁRIO": "1.0", "SALDO DE GOLS": "1", "TREINADOR": "ARTHUR ELIAS", "JOGO OFICIAL?": "SIM", "COMPETIÇÃO": "CAMPEONATO BRASILEIRO", "FASE": "1ª FASE", "ESTÁDIO": "PREFEITO JOSÉ LIBERATTI (ROCHDALÃO)", "CAPACIDADE": "11780", "CIDADE": "OSASCO ", "ESTADO/PROVÍNCIA": "SÃO PAULO", "PAÍS": "BRASIL", "LATITUDE": -23.51198315274678, "LONGITUDE": -46.775554302415202, "PÚBLICO PAGANTE": "ND", "PÚBLICO TOTAL": "ND", "RENDA BRUTA (R$)": "ND", "RENDA LÍQUIDA (R$)": "ND", "TICKET MÉDIO (R$)": "ND", "AUTORAS": null, "TÍTULO?": "N/A", "OBSERVAÇÕES": null, "ERA": "Depois da reativação" }, "geometry": { "type": "Point", "coordinates": [ -46.775554302415202, -23.51198315274678 ] } },
{ "type": "Feature", "properties": { "DATA": "2016-02-02", "DIA DA SEMANA": "terça-feira", "DIA DO JOGO": "2016-02-02 00:00:00", "MÊS DO JOGO": "2016-02-02 00:00:00", "ANO JOGO": 2016.0, "ANO COMPETIÇÃO": 2016.0, "MANDANTE / VISITANTE (SCCP)": "Não", "TIME MANDANTE": "CENTRO OLÍMPICO", "GOLS MANDANTE": "0.0", "x": "x", "GOLS VISITANTE": "0.0", "TIME VISITANTE": "CORINTHIANS", "PLACAR": "0x0", "RESULTADO": "EMPATE", "ADVERSÁRIO": "CENTRO OLÍMPICO", "ESTADO ADVERSÁRIO": "SÃO PAULO", "PAÍS ADVERSÁRIO": "BRASIL", "GOLS SCCP": "0.0", "GOLS ADVERSÁRIO": "0.0", "SALDO DE GOLS": "0", "TREINADOR": "ARTHUR ELIAS", "JOGO OFICIAL?": "SIM", "COMPETIÇÃO": "CAMPEONATO BRASILEIRO", "FASE": "1ª FASE", "ESTÁDIO": "GÍGLIO PORTUGAL PICHININ (BAETÃO)", "CAPACIDADE": "6315", "CIDADE": "SÃO BERNARDO DO CAMPO ", "ESTADO/PROVÍNCIA": "SÃO PAULO", "PAÍS": "BRASIL", "LATITUDE": -23.698838141812001, "LONGITUDE": -46.542356029403884, "PÚBLICO PAGANTE": "ND", "PÚBLICO TOTAL": "ND", "RENDA BRUTA (R$)": "ND", "RENDA LÍQUIDA (R$)": "ND", "TICKET MÉDIO (R$)": "ND", "AUTORAS": null, "TÍTULO?": "N/A", "OBSERVAÇÕES": null, "ERA": "Depois da reativação" }, "geometry": { "type": "Point", "coordinates": [ -46.542356029403884, -23.698838141812001 ] } },
{ "type": "Feature", "properties": { "DATA": "2016-02-11", "DIA DA SEMANA": "quinta-feira", "DIA DO JOGO": "2016-02-11 00:00:00", "MÊS DO JOGO": "2016-02-11 00:00:00", "ANO JOGO": 2016.0, "ANO COMPETIÇÃO": 2016.0, "MANDANTE / VISITANTE (SCCP)": "Sim", "TIME MANDANTE": "CORINTHIANS", "GOLS MANDANTE": "3.0", "x": "x", "GOLS VISITANTE": "0.0", "TIME VISITANTE": "AMÉRICA-MG", "PLACAR": "3x0", "RESULTADO": "VITÓRIA", "ADVERSÁRIO": "AMÉRICA-MG", "ESTADO ADVERSÁRIO": "MINAS GERAIS", "PAÍS ADVERSÁRIO": "BRASIL", "GOLS SCCP": "3.0", "GOLS ADVERSÁRIO": "0.0", "SALDO DE GOLS": "3", "TREINADOR": "ARTHUR ELIAS", "JOGO OFICIAL?": "SIM", "COMPETIÇÃO": "CAMPEONATO BRASILEIRO", "FASE": "1ª FASE", "ESTÁDIO": "PREFEITO JOSÉ LIBERATTI (ROCHDALÃO)", "CAPACIDADE": "11780", "CIDADE": "OSASCO ", "ESTADO/PROVÍNCIA": "SÃO PAULO", "PAÍS": "BRASIL", "LATITUDE": -23.51198315274678, "LONGITUDE": -46.775554302415202, "PÚBLICO PAGANTE": "ND", "PÚBLICO TOTAL": "ND", "RENDA BRUTA (R$)": "ND", "RENDA LÍQUIDA (R$)": "ND", "TICKET MÉDIO (R$)": "ND", "AUTORAS": null, "TÍTULO?": "N/A", "OBSERVAÇÕES": null, "ERA": "Depois da reativação" }, "geometry": { "type": "Point", "coordinates": [ -46.775554302415202, -23.51198315274678 ] } },
{ "type": "Feature", "properties": { "DATA": "2016-02-17", "DIA DA SEMANA": "quarta-feira", "DIA DO JOGO": "2016-02-17 00:00:00", "MÊS DO JOGO": "2016-02-17 00:00:00", "ANO JOGO": 2016.0, "ANO COMPETIÇÃO": 2016.0, "MANDANTE / VISITANTE (SCCP)": "Não", "TIME MANDANTE": "VASCO", "GOLS MANDANTE": "0.0", "x": "x", "GOLS VISITANTE": "6.0", "TIME VISITANTE": "CORINTHIANS", "PLACAR": "0x6", "RESULTADO": "VITÓRIA", "ADVERSÁRIO": "VASCO", "ESTADO ADVERSÁRIO": "RIO DE JANEIRO", "PAÍS ADVERSÁRIO": "BRASIL", "GOLS SCCP": "6.0", "GOLS ADVERSÁRIO": "0.0", "SALDO DE GOLS": "6", "TREINADOR": "ARTHUR ELIAS", "JOGO OFICIAL?": "SIM", "COMPETIÇÃO": "CAMPEONATO BRASILEIRO", "FASE": "1ª FASE", "ESTÁDIO": "NIVALDO PEREIRA", "CAPACIDADE": "3600", "CIDADE": "NOVA IGUAÇU ", "ESTADO/PROVÍNCIA": "RIO DE JANEIRO", "PAÍS": "BRASIL", "LATITUDE": -22.738947869037709, "LONGITUDE": -43.523848958239107, "PÚBLICO PAGANTE": "ND", "PÚBLICO TOTAL": "ND", "RENDA BRUTA (R$)": "ND", "RENDA LÍQUIDA (R$)": "ND", "TICKET MÉDIO (R$)": "ND", "AUTORAS": null, "TÍTULO?": "N/A", "OBSERVAÇÕES": null, "ERA": "Depois da reativação" }, "geometry": { "type": "Point", "coordinates": [ -43.523848958239107, -22.738947869037709 ] } },
{ "type": "Feature", "properties": { "DATA": "2016-03-23", "DIA DA SEMANA": "quarta-feira", "DIA DO JOGO": "2016-03-23 00:00:00", "MÊS DO JOGO": "2016-03-23 00:00:00", "ANO JOGO": 2016.0, "ANO COMPETIÇÃO": 2016.0, "MANDANTE / VISITANTE (SCCP)": "Não", "TIME MANDANTE": "IRANDUBA", "GOLS MANDANTE": "2.0", "x": "x", "GOLS VISITANTE": "2.0", "TIME VISITANTE": "CORINTHIANS", "PLACAR": "2x2", "RESULTADO": "EMPATE", "ADVERSÁRIO": "IRANDUBA", "ESTADO ADVERSÁRIO": "AMAZONAS", "PAÍS ADVERSÁRIO": "BRASIL", "GOLS SCCP": "2.0", "GOLS ADVERSÁRIO": "2.0", "SALDO DE GOLS": "0", "TREINADOR": "ARTHUR ELIAS", "JOGO OFICIAL?": "SIM", "COMPETIÇÃO": "CAMPEONATO BRASILEIRO", "FASE": "2ª FASE", "ESTÁDIO": "ARENA DA AMAZÔNIA - VIVALDO LIMA", "CAPACIDADE": "44300", "CIDADE": "MANAUS ", "ESTADO/PROVÍNCIA": "AMAZONAS", "PAÍS": "BRASIL", "LATITUDE": -3.0830207174485653, "LONGITUDE": -60.027613492125674, "PÚBLICO PAGANTE": "ND", "PÚBLICO TOTAL": "ND", "RENDA BRUTA (R$)": "ND", "RENDA LÍQUIDA (R$)": "ND", "TICKET MÉDIO (R$)": "ND", "AUTORAS": null, "TÍTULO?": "N/A", "OBSERVAÇÕES": null, "ERA": "Depois da reativação" }, "geometry": { "type": "Point", "coordinates": [ -60.027613492125674, -3.083020717448565 ] } },
{ "type": "Feature", "properties": { "DATA": "2016-03-30", "DIA DA SEMANA": "quarta-feira", "DIA DO JOGO": "2016-03-30 00:00:00", "MÊS DO JOGO": "2016-03-30 00:00:00", "ANO JOGO": 2016.0, "ANO COMPETIÇÃO": 2016.0, "MANDANTE / VISITANTE (SCCP)": "Sim", "TIME MANDANTE": "CORINTHIANS", "GOLS MANDANTE": "0.0", "x": "x", "GOLS VISITANTE": "2.0", "TIME VISITANTE": "SÃO JOSÉ", "PLACAR": "0x2", "RESULTADO": "DERROTA", "ADVERSÁRIO": "SÃO JOSÉ", "ESTADO ADVERSÁRIO": "SÃO PAULO", "PAÍS ADVERSÁRIO": "BRASIL", "GOLS SCCP": "0.0", "GOLS ADVERSÁRIO": "2.0", "SALDO DE GOLS": "-2", "TREINADOR": "ARTHUR ELIAS", "JOGO OFICIAL?": "SIM", "COMPETIÇÃO": "CAMPEONATO BRASILEIRO", "FASE": "2ª FASE", "ESTÁDIO": "PREFEITO JOSÉ LIBERATTI (ROCHDALÃO)", "CAPACIDADE": "11780", "CIDADE": "OSASCO ", "ESTADO/PROVÍNCIA": "SÃO PAULO", "PAÍS": "BRASIL", "LATITUDE": -23.51198315274678, "LONGITUDE": -46.775554302415202, "PÚBLICO PAGANTE": "ND", "PÚBLICO TOTAL": "ND", "RENDA BRUTA (R$)": "ND", "RENDA LÍQUIDA (R$)": "ND", "TICKET MÉDIO (R$)": "ND", "AUTORAS": null, "TÍTULO?": "N/A", "OBSERVAÇÕES": null, "ERA": "Depois da reativação" }, "geometry": { "type": "Point", "coordinates": [ -46.775554302415202, -23.51198315274678 ] } },
{ "type": "Feature", "properties": { "DATA": "2016-04-06", "DIA DA SEMANA": "quarta-feira", "DIA DO JOGO": "2016-04-06 00:00:00", "MÊS DO JOGO": "2016-04-06 00:00:00", "ANO JOGO": 2016.0, "ANO COMPETIÇÃO": 2016.0, "MANDANTE / VISITANTE (SCCP)": "Sim", "TIME MANDANTE": "CORINTHIANS", "GOLS MANDANTE": "2.0", "x": "x", "GOLS VISITANTE": "0.0", "TIME VISITANTE": "FLAMENGO", "PLACAR": "2x0", "RESULTADO": "VITÓRIA", "ADVERSÁRIO": "FLAMENGO", "ESTADO ADVERSÁRIO": "RIO DE JANEIRO", "PAÍS ADVERSÁRIO": "BRASIL", "GOLS SCCP": "2.0", "GOLS ADVERSÁRIO": "0.0", "SALDO DE GOLS": "2", "TREINADOR": "ARTHUR ELIAS", "JOGO OFICIAL?": "SIM", "COMPETIÇÃO": "CAMPEONATO BRASILEIRO", "FASE": "2ª FASE", "ESTÁDIO": "PREFEITO JOSÉ LIBERATTI (ROCHDALÃO)", "CAPACIDADE": "11780", "CIDADE": "OSASCO ", "ESTADO/PROVÍNCIA": "SÃO PAULO", "PAÍS": "BRASIL", "LATITUDE": -23.51198315274678, "LONGITUDE": -46.775554302415202, "PÚBLICO PAGANTE": "ND", "PÚBLICO TOTAL": "ND", "RENDA BRUTA (R$)": "ND", "RENDA LÍQUIDA (R$)": "ND", "TICKET MÉDIO (R$)": "ND", "AUTORAS": null, "TÍTULO?": "N/A", "OBSERVAÇÕES": null, "ERA": "Depois da reativação" }, "geometry": { "type": "Point", "coordinates": [ -46.775554302415202, -23.51198315274678 ] } },
{ "type": "Feature", "properties": { "DATA": "2016-04-09", "DIA DA SEMANA": "sábado", "DIA DO JOGO": "2016-04-09 00:00:00", "MÊS DO JOGO": "2016-04-09 00:00:00", "ANO JOGO": 2016.0, "ANO COMPETIÇÃO": 2016.0, "MANDANTE / VISITANTE (SCCP)": "Sim", "TIME MANDANTE": "CORINTHIANS", "GOLS MANDANTE": "2.0", "x": "x", "GOLS VISITANTE": "0.0", "TIME VISITANTE": "GUARANI", "PLACAR": "2x0", "RESULTADO": "VITÓRIA", "ADVERSÁRIO": "GUARANI", "ESTADO ADVERSÁRIO": "SÃO PAULO", "PAÍS ADVERSÁRIO": "BRASIL", "GOLS SCCP": "2.0", "GOLS ADVERSÁRIO": "0.0", "SALDO DE GOLS": "2", "TREINADOR": "ARTHUR ELIAS", "JOGO OFICIAL?": "SIM", "COMPETIÇÃO": "CAMPEONATO PAULISTA / FPF", "FASE": "1ª FASE", "ESTÁDIO": "PREFEITO JOSÉ LIBERATTI (ROCHDALÃO)", "CAPACIDADE": "11780", "CIDADE": "OSASCO ", "ESTADO/PROVÍNCIA": "SÃO PAULO", "PAÍS": "BRASIL", "LATITUDE": -23.51198315274678, "LONGITUDE": -46.775554302415202, "PÚBLICO PAGANTE": "ND", "PÚBLICO TOTAL": "ND", "RENDA BRUTA (R$)": "ND", "RENDA LÍQUIDA (R$)": "ND", "TICKET MÉDIO (R$)": "ND", "AUTORAS": null, "TÍTULO?": "N/A", "OBSERVAÇÕES": null, "ERA": "Depois da reativação" }, "geometry": { "type": "Point", "coordinates": [ -46.775554302415202, -23.51198315274678 ] } },
{ "type": "Feature", "properties": { "DATA": "2016-04-12", "DIA DA SEMANA": "terça-feira", "DIA DO JOGO": "2016-04-12 00:00:00", "MÊS DO JOGO": "2016-04-12 00:00:00", "ANO JOGO": 2016.0, "ANO COMPETIÇÃO": 2016.0, "MANDANTE / VISITANTE (SCCP)": "Não", "TIME MANDANTE": "FLAMENGO", "GOLS MANDANTE": "3.0", "x": "x", "GOLS VISITANTE": "2.0", "TIME VISITANTE": "CORINTHIANS", "PLACAR": "3x2", "RESULTADO": "DERROTA", "ADVERSÁRIO": "FLAMENGO", "ESTADO ADVERSÁRIO": "RIO DE JANEIRO", "PAÍS ADVERSÁRIO": "BRASIL", "GOLS SCCP": "2.0", "GOLS ADVERSÁRIO": "3.0", "SALDO DE GOLS": "-1", "TREINADOR": "ARTHUR ELIAS", "JOGO OFICIAL?": "SIM", "COMPETIÇÃO": "CAMPEONATO BRASILEIRO", "FASE": "2ª FASE", "ESTÁDIO": "JOSÉ BASTOS PADILHA (GÁVEA)", "CAPACIDADE": "6000", "CIDADE": "RIO DE JANEIRO ", "ESTADO/PROVÍNCIA": "RIO DE JANEIRO", "PAÍS": "BRASIL", "LATITUDE": -22.978323663490634, "LONGITUDE": -43.221570067471745, "PÚBLICO PAGANTE": "ND", "PÚBLICO TOTAL": "ND", "RENDA BRUTA (R$)": "ND", "RENDA LÍQUIDA (R$)": "ND", "TICKET MÉDIO (R$)": "ND", "AUTORAS": null, "TÍTULO?": "N/A", "OBSERVAÇÕES": null, "ERA": "Depois da reativação" }, "geometry": { "type": "Point", "coordinates": [ -43.221570067471745, -22.978323663490634 ] } },
{ "type": "Feature", "properties": { "DATA": "2016-04-20", "DIA DA SEMANA": "quarta-feira", "DIA DO JOGO": "2016-04-20 00:00:00", "MÊS DO JOGO": "2016-04-20 00:00:00", "ANO JOGO": 2016.0, "ANO COMPETIÇÃO": 2016.0, "MANDANTE / VISITANTE (SCCP)": "Não", "TIME MANDANTE": "SÃO JOSÉ", "GOLS MANDANTE": "1.0", "x": "x", "GOLS VISITANTE": "1.0", "TIME VISITANTE": "CORINTHIANS", "PLACAR": "1x1", "RESULTADO": "EMPATE", "ADVERSÁRIO": "SÃO JOSÉ", "ESTADO ADVERSÁRIO": "SÃO PAULO", "PAÍS ADVERSÁRIO": "BRASIL", "GOLS SCCP": "1.0", "GOLS ADVERSÁRIO": "1.0", "SALDO DE GOLS": "0", "TREINADOR": "ARTHUR ELIAS", "JOGO OFICIAL?": "SIM", "COMPETIÇÃO": "CAMPEONATO BRASILEIRO", "FASE": "2ª FASE", "ESTÁDIO": "MARTINS PEREIRA", "CAPACIDADE": "16500", "CIDADE": "SÃO JOSÉ DOS CAMPOS ", "ESTADO/PROVÍNCIA": "SÃO PAULO", "PAÍS": "BRASIL", "LATITUDE": -23.1884912615151, "LONGITUDE": -45.869827477202776, "PÚBLICO PAGANTE": "ND", "PÚBLICO TOTAL": "ND", "RENDA BRUTA (R$)": "ND", "RENDA LÍQUIDA (R$)": "ND", "TICKET MÉDIO (R$)": "ND", "AUTORAS": null, "TÍTULO?": "N/A", "OBSERVAÇÕES": null, "ERA": "Depois da reativação" }, "geometry": { "type": "Point", "coordinates": [ -45.869827477202776, -23.1884912615151 ] } },
{ "type": "Feature", "properties": { "DATA": "2016-04-23", "DIA DA SEMANA": "sábado", "DIA DO JOGO": "2016-04-23 00:00:00", "MÊS DO JOGO": "2016-04-23 00:00:00", "ANO JOGO": 2016.0, "ANO COMPETIÇÃO": 2016.0, "MANDANTE / VISITANTE (SCCP)": "Não", "TIME MANDANTE": "FRANCANA", "GOLS MANDANTE": "0.0", "x": "x", "GOLS VISITANTE": "2.0", "TIME VISITANTE": "CORINTHIANS", "PLACAR": "0x2", "RESULTADO": "VITÓRIA", "ADVERSÁRIO": "FRANCANA", "ESTADO ADVERSÁRIO": "SÃO PAULO", "PAÍS ADVERSÁRIO": "BRASIL", "GOLS SCCP": "2.0", "GOLS ADVERSÁRIO": "0.0", "SALDO DE GOLS": "2", "TREINADOR": "ARTHUR ELIAS", "JOGO OFICIAL?": "SIM", "COMPETIÇÃO": "CAMPEONATO PAULISTA / FPF", "FASE": "1ª FASE", "ESTÁDIO": "DOUTOR JOSÉ LANCHA FILHO (LANCHÃO)", "CAPACIDADE": "14686", "CIDADE": "FRANCA ", "ESTADO/PROVÍNCIA": "SÃO PAULO", "PAÍS": "BRASIL", "LATITUDE": -20.535239959127608, "LONGITUDE": -47.385821748284535, "PÚBLICO PAGANTE": "ND", "PÚBLICO TOTAL": "ND", "RENDA BRUTA (R$)": "ND", "RENDA LÍQUIDA (R$)": "ND", "TICKET MÉDIO (R$)": "ND", "AUTORAS": null, "TÍTULO?": "N/A", "OBSERVAÇÕES": null, "ERA": "Depois da reativação" }, "geometry": { "type": "Point", "coordinates": [ -47.385821748284535, -20.535239959127608 ] } },
{ "type": "Feature", "properties": { "DATA": "2016-04-27", "DIA DA SEMANA": "quarta-feira", "DIA DO JOGO": "2016-04-27 00:00:00", "MÊS DO JOGO": "2016-04-27 00:00:00", "ANO JOGO": 2016.0, "ANO COMPETIÇÃO": 2016.0, "MANDANTE / VISITANTE (SCCP)": "Sim", "TIME MANDANTE": "CORINTHIANS", "GOLS MANDANTE": "5.0", "x": "x", "GOLS VISITANTE": "0.0", "TIME VISITANTE": "IRANDUBA", "PLACAR": "5x0", "RESULTADO": "VITÓRIA", "ADVERSÁRIO": "IRANDUBA", "ESTADO ADVERSÁRIO": "AMAZONAS", "PAÍS ADVERSÁRIO": "BRASIL", "GOLS SCCP": "5.0", "GOLS ADVERSÁRIO": "0.0", "SALDO DE GOLS": "5", "TREINADOR": "ARTHUR ELIAS", "JOGO OFICIAL?": "SIM", "COMPETIÇÃO": "CAMPEONATO BRASILEIRO", "FASE": "2ª FASE", "ESTÁDIO": "PREFEITO JOSÉ LIBERATTI (ROCHDALÃO)", "CAPACIDADE": "11780", "CIDADE": "OSASCO ", "ESTADO/PROVÍNCIA": "SÃO PAULO", "PAÍS": "BRASIL", "LATITUDE": -23.51198315274678, "LONGITUDE": -46.775554302415202, "PÚBLICO PAGANTE": "ND", "PÚBLICO TOTAL": "ND", "RENDA BRUTA (R$)": "ND", "RENDA LÍQUIDA (R$)": "ND", "TICKET MÉDIO (R$)": "ND", "AUTORAS": null, "TÍTULO?": "N/A", "OBSERVAÇÕES": "Corinthians 5º colocado do Campeonato Brasileiro 2016", "ERA": "Depois da reativação" }, "geometry": { "type": "Point", "coordinates": [ -46.775554302415202, -23.51198315274678 ] } },
{ "type": "Feature", "properties": { "DATA": "2016-05-01", "DIA DA SEMANA": "domingo", "DIA DO JOGO": "2016-05-01 00:00:00", "MÊS DO JOGO": "2016-05-01 00:00:00", "ANO JOGO": 2016.0, "ANO COMPETIÇÃO": 2016.0, "MANDANTE / VISITANTE (SCCP)": "Não", "TIME MANDANTE": "FERROVIÁRIA", "GOLS MANDANTE": "0.0", "x": "x", "GOLS VISITANTE": "1.0", "TIME VISITANTE": "CORINTHIANS", "PLACAR": "0x1", "RESULTADO": "VITÓRIA", "ADVERSÁRIO": "FERROVIÁRIA", "ESTADO ADVERSÁRIO": "SÃO PAULO", "PAÍS ADVERSÁRIO": "BRASIL", "GOLS SCCP": "1.0", "GOLS ADVERSÁRIO": "0.0", "SALDO DE GOLS": "1", "TREINADOR": "ARTHUR ELIAS", "JOGO OFICIAL?": "SIM", "COMPETIÇÃO": "CAMPEONATO PAULISTA / FPF", "FASE": "1ª FASE", "ESTÁDIO": "OLIVÉRIO BAZZANI FILHO (ARENA DA FONTE LUMINOSA)", "CAPACIDADE": "20205", "CIDADE": "ARARAQUARA ", "ESTADO/PROVÍNCIA": "SÃO PAULO", "PAÍS": "BRASIL", "LATITUDE": -21.775035435893585, "LONGITUDE": -48.169600583381282, "PÚBLICO PAGANTE": "ND", "PÚBLICO TOTAL": "ND", "RENDA BRUTA (R$)": "ND", "RENDA LÍQUIDA (R$)": "ND", "TICKET MÉDIO (R$)": "ND", "AUTORAS": null, "TÍTULO?": "N/A", "OBSERVAÇÕES": null, "ERA": "Depois da reativação" }, "geometry": { "type": "Point", "coordinates": [ -48.169600583381282, -21.775035435893585 ] } },
{ "type": "Feature", "properties": { "DATA": "2016-05-07", "DIA DA SEMANA": "sábado", "DIA DO JOGO": "2016-05-07 00:00:00", "MÊS DO JOGO": "2016-05-07 00:00:00", "ANO JOGO": 2016.0, "ANO COMPETIÇÃO": 2016.0, "MANDANTE / VISITANTE (SCCP)": "Sim", "TIME MANDANTE": "CORINTHIANS", "GOLS MANDANTE": "12.0", "x": "x", "GOLS VISITANTE": "0.0", "TIME VISITANTE": "INDEPENDENTE DE LIMEIRA", "PLACAR": "12x0", "RESULTADO": "VITÓRIA", "ADVERSÁRIO": "INDEPENDENTE DE LIMEIRA", "ESTADO ADVERSÁRIO": "SÃO PAULO", "PAÍS ADVERSÁRIO": "BRASIL", "GOLS SCCP": "12.0", "GOLS ADVERSÁRIO": "0.0", "SALDO DE GOLS": "12", "TREINADOR": "ARTHUR ELIAS", "JOGO OFICIAL?": "SIM", "COMPETIÇÃO": "CAMPEONATO PAULISTA / FPF", "FASE": "1ª FASE", "ESTÁDIO": "PREFEITO JOSÉ LIBERATTI (ROCHDALÃO)", "CAPACIDADE": "11780", "CIDADE": "OSASCO ", "ESTADO/PROVÍNCIA": "SÃO PAULO", "PAÍS": "BRASIL", "LATITUDE": -23.51198315274678, "LONGITUDE": -46.775554302415202, "PÚBLICO PAGANTE": "ND", "PÚBLICO TOTAL": "ND", "RENDA BRUTA (R$)": "ND", "RENDA LÍQUIDA (R$)": "ND", "TICKET MÉDIO (R$)": "ND", "AUTORAS": null, "TÍTULO?": "N/A", "OBSERVAÇÕES": null, "ERA": "Depois da reativação" }, "geometry": { "type": "Point", "coordinates": [ -46.775554302415202, -23.51198315274678 ] } },
{ "type": "Feature", "properties": { "DATA": "2016-05-15", "DIA DA SEMANA": "domingo", "DIA DO JOGO": "2016-05-15 00:00:00", "MÊS DO JOGO": "2016-05-15 00:00:00", "ANO JOGO": 2016.0, "ANO COMPETIÇÃO": 2016.0, "MANDANTE / VISITANTE (SCCP)": "Não", "TIME MANDANTE": "XV DE PIRACICABA", "GOLS MANDANTE": "0.0", "x": "x", "GOLS VISITANTE": "0.0", "TIME VISITANTE": "CORINTHIANS", "PLACAR": "0x0", "RESULTADO": "EMPATE", "ADVERSÁRIO": "XV DE PIRACICABA", "ESTADO ADVERSÁRIO": "SÃO PAULO", "PAÍS ADVERSÁRIO": "BRASIL", "GOLS SCCP": "0.0", "GOLS ADVERSÁRIO": "0.0", "SALDO DE GOLS": "0", "TREINADOR": "ARTHUR ELIAS", "JOGO OFICIAL?": "SIM", "COMPETIÇÃO": "CAMPEONATO PAULISTA / FPF", "FASE": "1ª FASE", "ESTÁDIO": "BARÃO DA SERRA NEGRA", "CAPACIDADE": "18000", "CIDADE": "PIRACICABA ", "ESTADO/PROVÍNCIA": "SÃO PAULO", "PAÍS": "BRASIL", "LATITUDE": -22.729396701895876, "LONGITUDE": -47.636643578179694, "PÚBLICO PAGANTE": "ND", "PÚBLICO TOTAL": "ND", "RENDA BRUTA (R$)": "ND", "RENDA LÍQUIDA (R$)": "ND", "TICKET MÉDIO (R$)": "ND", "AUTORAS": null, "TÍTULO?": "N/A", "OBSERVAÇÕES": null, "ERA": "Depois da reativação" }, "geometry": { "type": "Point", "coordinates": [ -47.636643578179694, -22.729396701895876 ] } },
{ "type": "Feature", "properties": { "DATA": "2016-05-25", "DIA DA SEMANA": "quarta-feira", "DIA DO JOGO": "2016-05-25 00:00:00", "MÊS DO JOGO": "2016-05-25 00:00:00", "ANO JOGO": 2016.0, "ANO COMPETIÇÃO": 2016.0, "MANDANTE / VISITANTE (SCCP)": "Sim", "TIME MANDANTE": "CORINTHIANS", "GOLS MANDANTE": "0.0", "x": "x", "GOLS VISITANTE": "3.0", "TIME VISITANTE": "RIO PRETO", "PLACAR": "0x3", "RESULTADO": "DERROTA", "ADVERSÁRIO": "RIO PRETO", "ESTADO ADVERSÁRIO": "SÃO PAULO", "PAÍS ADVERSÁRIO": "BRASIL", "GOLS SCCP": "0.0", "GOLS ADVERSÁRIO": "3.0", "SALDO DE GOLS": "-3", "TREINADOR": "ARTHUR ELIAS", "JOGO OFICIAL?": "SIM", "COMPETIÇÃO": "CAMPEONATO PAULISTA / FPF", "FASE": "1ª FASE", "ESTÁDIO": "NICOLAU ALAYON (COMENDADOR SOUZA)", "CAPACIDADE": "10723", "CIDADE": "SÃO PAULO ", "ESTADO/PROVÍNCIA": "SÃO PAULO", "PAÍS": "BRASIL", "LATITUDE": -23.518152537113252, "LONGITUDE": -46.685252863969751, "PÚBLICO PAGANTE": "ND", "PÚBLICO TOTAL": "ND", "RENDA BRUTA (R$)": "ND", "RENDA LÍQUIDA (R$)": "ND", "TICKET MÉDIO (R$)": "ND", "AUTORAS": null, "TÍTULO?": "N/A", "OBSERVAÇÕES": null, "ERA": "Depois da reativação" }, "geometry": { "type": "Point", "coordinates": [ -46.685252863969751, -23.518152537113252 ] } },
{ "type": "Feature", "properties": { "DATA": "2016-05-29", "DIA DA SEMANA": "domingo", "DIA DO JOGO": "2016-05-29 00:00:00", "MÊS DO JOGO": "2016-05-29 00:00:00", "ANO JOGO": 2016.0, "ANO COMPETIÇÃO": 2016.0, "MANDANTE / VISITANTE (SCCP)": "Não", "TIME MANDANTE": "GUARANI", "GOLS MANDANTE": "2.0", "x": "x", "GOLS VISITANTE": "3.0", "TIME VISITANTE": "CORINTHIANS", "PLACAR": "2x3", "RESULTADO": "VITÓRIA", "ADVERSÁRIO": "GUARANI", "ESTADO ADVERSÁRIO": "SÃO PAULO", "PAÍS ADVERSÁRIO": "BRASIL", "GOLS SCCP": "3.0", "GOLS ADVERSÁRIO": "2.0", "SALDO DE GOLS": "1", "TREINADOR": "ARTHUR ELIAS", "JOGO OFICIAL?": "SIM", "COMPETIÇÃO": "CAMPEONATO PAULISTA / FPF", "FASE": "1ª FASE", "ESTÁDIO": "EUGÊNIO FRANCISCHINI", "CAPACIDADE": "2000", "CIDADE": "VALINHOS ", "ESTADO/PROVÍNCIA": "SÃO PAULO", "PAÍS": "BRASIL", "LATITUDE": -22.980539696937189, "LONGITUDE": -46.986273088589655, "PÚBLICO PAGANTE": "ND", "PÚBLICO TOTAL": "ND", "RENDA BRUTA (R$)": "ND", "RENDA LÍQUIDA (R$)": "ND", "TICKET MÉDIO (R$)": "ND", "AUTORAS": null, "TÍTULO?": "N/A", "OBSERVAÇÕES": null, "ERA": "Depois da reativação" }, "geometry": { "type": "Point", "coordinates": [ -46.986273088589655, -22.980539696937189 ] } },
{ "type": "Feature", "properties": { "DATA": "2016-06-11", "DIA DA SEMANA": "sábado", "DIA DO JOGO": "2016-06-11 00:00:00", "MÊS DO JOGO": "2016-06-11 00:00:00", "ANO JOGO": 2016.0, "ANO COMPETIÇÃO": 2016.0, "MANDANTE / VISITANTE (SCCP)": "Sim", "TIME MANDANTE": "CORINTHIANS", "GOLS MANDANTE": "2.0", "x": "x", "GOLS VISITANTE": "1.0", "TIME VISITANTE": "FRANCANA", "PLACAR": "2x1", "RESULTADO": "VITÓRIA", "ADVERSÁRIO": "FRANCANA", "ESTADO ADVERSÁRIO": "SÃO PAULO", "PAÍS ADVERSÁRIO": "BRASIL", "GOLS SCCP": "2.0", "GOLS ADVERSÁRIO": "1.0", "SALDO DE GOLS": "1", "TREINADOR": "ARTHUR ELIAS", "JOGO OFICIAL?": "SIM", "COMPETIÇÃO": "CAMPEONATO PAULISTA / FPF", "FASE": "1ª FASE", "ESTÁDIO": "ORLANDO BATISTA NOVELI (ARENA BARUERI / CREFISA)", "CAPACIDADE": "31452", "CIDADE": "BARUERI ", "ESTADO/PROVÍNCIA": "SÃO PAULO", "PAÍS": "BRASIL", "LATITUDE": -23.511935566878485, "LONGITUDE": -46.899810331250407, "PÚBLICO PAGANTE": "ND", "PÚBLICO TOTAL": "ND", "RENDA BRUTA (R$)": "ND", "RENDA LÍQUIDA (R$)": "ND", "TICKET MÉDIO (R$)": "ND", "AUTORAS": null, "TÍTULO?": "N/A", "OBSERVAÇÕES": null, "ERA": "Depois da reativação" }, "geometry": { "type": "Point", "coordinates": [ -46.899810331250407, -23.511935566878485 ] } },
{ "type": "Feature", "properties": { "DATA": "2016-06-15", "DIA DA SEMANA": "quarta-feira", "DIA DO JOGO": "2016-06-15 00:00:00", "MÊS DO JOGO": "2016-06-15 00:00:00", "ANO JOGO": 2016.0, "ANO COMPETIÇÃO": 2016.0, "MANDANTE / VISITANTE (SCCP)": "Sim", "TIME MANDANTE": "CORINTHIANS", "GOLS MANDANTE": "4.0", "x": "x", "GOLS VISITANTE": "1.0", "TIME VISITANTE": "FERROVIÁRIA", "PLACAR": "4x1", "RESULTADO": "VITÓRIA", "ADVERSÁRIO": "FERROVIÁRIA", "ESTADO ADVERSÁRIO": "SÃO PAULO", "PAÍS ADVERSÁRIO": "BRASIL", "GOLS SCCP": "4.0", "GOLS ADVERSÁRIO": "1.0", "SALDO DE GOLS": "3", "TREINADOR": "ARTHUR ELIAS", "JOGO OFICIAL?": "SIM", "COMPETIÇÃO": "CAMPEONATO PAULISTA / FPF", "FASE": "1ª FASE", "ESTÁDIO": "NICOLAU ALAYON (COMENDADOR SOUZA)", "CAPACIDADE": "10723", "CIDADE": "SÃO PAULO ", "ESTADO/PROVÍNCIA": "SÃO PAULO", "PAÍS": "BRASIL", "LATITUDE": -23.518152537113252, "LONGITUDE": -46.685252863969751, "PÚBLICO PAGANTE": "ND", "PÚBLICO TOTAL": "ND", "RENDA BRUTA (R$)": "ND", "RENDA LÍQUIDA (R$)": "ND", "TICKET MÉDIO (R$)": "ND", "AUTORAS": null, "TÍTULO?": "N/A", "OBSERVAÇÕES": null, "ERA": "Depois da reativação" }, "geometry": { "type": "Point", "coordinates": [ -46.685252863969751, -23.518152537113252 ] } },
{ "type": "Feature", "properties": { "DATA": "2016-06-19", "DIA DA SEMANA": "domingo", "DIA DO JOGO": "2016-06-19 00:00:00", "MÊS DO JOGO": "2016-06-19 00:00:00", "ANO JOGO": 2016.0, "ANO COMPETIÇÃO": 2016.0, "MANDANTE / VISITANTE (SCCP)": "Não", "TIME MANDANTE": "INDEPENDENTE DE LIMEIRA", "GOLS MANDANTE": "0.0", "x": "x", "GOLS VISITANTE": "13.0", "TIME VISITANTE": "CORINTHIANS", "PLACAR": "0x13", "RESULTADO": "VITÓRIA", "ADVERSÁRIO": "INDEPENDENTE DE LIMEIRA", "ESTADO ADVERSÁRIO": "SÃO PAULO", "PAÍS ADVERSÁRIO": "BRASIL", "GOLS SCCP": "13.0", "GOLS ADVERSÁRIO": "0.0", "SALDO DE GOLS": "13", "TREINADOR": "ARTHUR ELIAS", "JOGO OFICIAL?": "SIM", "COMPETIÇÃO": "CAMPEONATO PAULISTA / FPF", "FASE": "1ª FASE", "ESTÁDIO": "COMENDADOR AGOSTINHO PRADA (PRADÃO)", "CAPACIDADE": "9483", "CIDADE": "LIMEIRA ", "ESTADO/PROVÍNCIA": "SÃO PAULO", "PAÍS": "BRASIL", "LATITUDE": -22.574173643057147, "LONGITUDE": -47.41149330943577, "PÚBLICO PAGANTE": "ND", "PÚBLICO TOTAL": "ND", "RENDA BRUTA (R$)": "ND", "RENDA LÍQUIDA (R$)": "ND", "TICKET MÉDIO (R$)": "ND", "AUTORAS": null, "TÍTULO?": "N/A", "OBSERVAÇÕES": null, "ERA": "Depois da reativação" }, "geometry": { "type": "Point", "coordinates": [ -47.41149330943577, -22.574173643057147 ] } },
{ "type": "Feature", "properties": { "DATA": "2016-06-26", "DIA DA SEMANA": "domingo", "DIA DO JOGO": "2016-06-26 00:00:00", "MÊS DO JOGO": "2016-06-26 00:00:00", "ANO JOGO": 2016.0, "ANO COMPETIÇÃO": 2016.0, "MANDANTE / VISITANTE (SCCP)": "Sim", "TIME MANDANTE": "CORINTHIANS", "GOLS MANDANTE": "0.0", "x": "x", "GOLS VISITANTE": "0.0", "TIME VISITANTE": "XV DE PIRACICABA", "PLACAR": "0x0", "RESULTADO": "EMPATE", "ADVERSÁRIO": "XV DE PIRACICABA", "ESTADO ADVERSÁRIO": "SÃO PAULO", "PAÍS ADVERSÁRIO": "BRASIL", "GOLS SCCP": "0.0", "GOLS ADVERSÁRIO": "0.0", "SALDO DE GOLS": "0", "TREINADOR": "ARTHUR ELIAS", "JOGO OFICIAL?": "SIM", "COMPETIÇÃO": "CAMPEONATO PAULISTA / FPF", "FASE": "1ª FASE", "ESTÁDIO": "PREFEITO JOSÉ LIBERATTI (ROCHDALÃO)", "CAPACIDADE": "11780", "CIDADE": "OSASCO ", "ESTADO/PROVÍNCIA": "SÃO PAULO", "PAÍS": "BRASIL", "LATITUDE": -23.51198315274678, "LONGITUDE": -46.775554302415202, "PÚBLICO PAGANTE": "ND", "PÚBLICO TOTAL": "ND", "RENDA BRUTA (R$)": "ND", "RENDA LÍQUIDA (R$)": "ND", "TICKET MÉDIO (R$)": "ND", "AUTORAS": null, "TÍTULO?": "N/A", "OBSERVAÇÕES": null, "ERA": "Depois da reativação" }, "geometry": { "type": "Point", "coordinates": [ -46.775554302415202, -23.51198315274678 ] } },
{ "type": "Feature", "properties": { "DATA": "2016-07-03", "DIA DA SEMANA": "domingo", "DIA DO JOGO": "2016-07-03 00:00:00", "MÊS DO JOGO": "2016-07-03 00:00:00", "ANO JOGO": 2016.0, "ANO COMPETIÇÃO": 2016.0, "MANDANTE / VISITANTE (SCCP)": "Não", "TIME MANDANTE": "RIO PRETO", "GOLS MANDANTE": "3.0", "x": "x", "GOLS VISITANTE": "2.0", "TIME VISITANTE": "CORINTHIANS", "PLACAR": "3x2", "RESULTADO": "DERROTA", "ADVERSÁRIO": "RIO PRETO", "ESTADO ADVERSÁRIO": "SÃO PAULO", "PAÍS ADVERSÁRIO": "BRASIL", "GOLS SCCP": "2.0", "GOLS ADVERSÁRIO": "3.0", "SALDO DE GOLS": "-1", "TREINADOR": "ARTHUR ELIAS", "JOGO OFICIAL?": "SIM", "COMPETIÇÃO": "CAMPEONATO PAULISTA / FPF", "FASE": "1ª FASE", "ESTÁDIO": "ANÍSIO HADDAD (RIO PRETÃO)", "CAPACIDADE": "14014", "CIDADE": "SÃO JOSÉ DO RIO PRETO ", "ESTADO/PROVÍNCIA": "SÃO PAULO", "PAÍS": "BRASIL", "LATITUDE": -20.834486949703546, "LONGITUDE": -49.400762361932159, "PÚBLICO PAGANTE": "ND", "PÚBLICO TOTAL": "ND", "RENDA BRUTA (R$)": "ND", "RENDA LÍQUIDA (R$)": "ND", "TICKET MÉDIO (R$)": "ND", "AUTORAS": null, "TÍTULO?": "N/A", "OBSERVAÇÕES": null, "ERA": "Depois da reativação" }, "geometry": { "type": "Point", "coordinates": [ -49.400762361932159, -20.834486949703546 ] } },
{ "type": "Feature", "properties": { "DATA": "2016-07-30", "DIA DA SEMANA": "sábado", "DIA DO JOGO": "2016-07-30 00:00:00", "MÊS DO JOGO": "2016-07-30 00:00:00", "ANO JOGO": 2016.0, "ANO COMPETIÇÃO": 2016.0, "MANDANTE / VISITANTE (SCCP)": "Não", "TIME MANDANTE": "SÃO JOSÉ", "GOLS MANDANTE": "2.0", "x": "x", "GOLS VISITANTE": "3.0", "TIME VISITANTE": "CORINTHIANS", "PLACAR": "2x3", "RESULTADO": "VITÓRIA", "ADVERSÁRIO": "SÃO JOSÉ", "ESTADO ADVERSÁRIO": "SÃO PAULO", "PAÍS ADVERSÁRIO": "BRASIL", "GOLS SCCP": "3.0", "GOLS ADVERSÁRIO": "2.0", "SALDO DE GOLS": "1", "TREINADOR": "ARTHUR ELIAS", "JOGO OFICIAL?": "SIM", "COMPETIÇÃO": "CAMPEONATO PAULISTA / FPF", "FASE": "QUARTAS DE FINAL", "ESTÁDIO": "MARTINS PEREIRA", "CAPACIDADE": "16500", "CIDADE": "SÃO JOSÉ DOS CAMPOS ", "ESTADO/PROVÍNCIA": "SÃO PAULO", "PAÍS": "BRASIL", "LATITUDE": -23.1884912615151, "LONGITUDE": -45.869827477202776, "PÚBLICO PAGANTE": "ND", "PÚBLICO TOTAL": "ND", "RENDA BRUTA (R$)": "ND", "RENDA LÍQUIDA (R$)": "ND", "TICKET MÉDIO (R$)": "ND", "AUTORAS": null, "TÍTULO?": "N/A", "OBSERVAÇÕES": null, "ERA": "Depois da reativação" }, "geometry": { "type": "Point", "coordinates": [ -45.869827477202776, -23.1884912615151 ] } },
{ "type": "Feature", "properties": { "DATA": "2016-08-06", "DIA DA SEMANA": "sábado", "DIA DO JOGO": "2016-08-06 00:00:00", "MÊS DO JOGO": "2016-08-06 00:00:00", "ANO JOGO": 2016.0, "ANO COMPETIÇÃO": 2016.0, "MANDANTE / VISITANTE (SCCP)": "Sim", "TIME MANDANTE": "CORINTHIANS", "GOLS MANDANTE": "3.0", "x": "x", "GOLS VISITANTE": "1.0", "TIME VISITANTE": "SÃO JOSÉ", "PLACAR": "3x1", "RESULTADO": "VITÓRIA", "ADVERSÁRIO": "SÃO JOSÉ", "ESTADO ADVERSÁRIO": "SÃO PAULO", "PAÍS ADVERSÁRIO": "BRASIL", "GOLS SCCP": "3.0", "GOLS ADVERSÁRIO": "1.0", "SALDO DE GOLS": "2", "TREINADOR": "ARTHUR ELIAS", "JOGO OFICIAL?": "SIM", "COMPETIÇÃO": "CAMPEONATO PAULISTA / FPF", "FASE": "QUARTAS DE FINAL", "ESTÁDIO": "PREFEITO JOSÉ LIBERATTI (ROCHDALÃO)", "CAPACIDADE": "11780", "CIDADE": "OSASCO ", "ESTADO/PROVÍNCIA": "SÃO PAULO", "PAÍS": "BRASIL", "LATITUDE": -23.51198315274678, "LONGITUDE": -46.775554302415202, "PÚBLICO PAGANTE": "ND", "PÚBLICO TOTAL": "ND", "RENDA BRUTA (R$)": "ND", "RENDA LÍQUIDA (R$)": "ND", "TICKET MÉDIO (R$)": "ND", "AUTORAS": null, "TÍTULO?": "N/A", "OBSERVAÇÕES": null, "ERA": "Depois da reativação" }, "geometry": { "type": "Point", "coordinates": [ -46.775554302415202, -23.51198315274678 ] } },
{ "type": "Feature", "properties": { "DATA": "2016-08-13", "DIA DA SEMANA": "sábado", "DIA DO JOGO": "2016-08-13 00:00:00", "MÊS DO JOGO": "2016-08-13 00:00:00", "ANO JOGO": 2016.0, "ANO COMPETIÇÃO": 2016.0, "MANDANTE / VISITANTE (SCCP)": "Sim", "TIME MANDANTE": "CORINTHIANS", "GOLS MANDANTE": "1.0", "x": "x", "GOLS VISITANTE": "1.0", "TIME VISITANTE": "SANTOS", "PLACAR": "1x1", "RESULTADO": "EMPATE", "ADVERSÁRIO": "SANTOS", "ESTADO ADVERSÁRIO": "SÃO PAULO", "PAÍS ADVERSÁRIO": "BRASIL", "GOLS SCCP": "1.0", "GOLS ADVERSÁRIO": "1.0", "SALDO DE GOLS": "0", "TREINADOR": "ARTHUR ELIAS", "JOGO OFICIAL?": "SIM", "COMPETIÇÃO": "CAMPEONATO PAULISTA / FPF", "FASE": "SEMIFINAL", "ESTÁDIO": "PREFEITO JOSÉ LIBERATTI (ROCHDALÃO)", "CAPACIDADE": "11780", "CIDADE": "OSASCO ", "ESTADO/PROVÍNCIA": "SÃO PAULO", "PAÍS": "BRASIL", "LATITUDE": -23.51198315274678, "LONGITUDE": -46.775554302415202, "PÚBLICO PAGANTE": "ND", "PÚBLICO TOTAL": "ND", "RENDA BRUTA (R$)": "ND", "RENDA LÍQUIDA (R$)": "ND", "TICKET MÉDIO (R$)": "ND", "AUTORAS": null, "TÍTULO?": "N/A", "OBSERVAÇÕES": null, "ERA": "Depois da reativação" }, "geometry": { "type": "Point", "coordinates": [ -46.775554302415202, -23.51198315274678 ] } },
{ "type": "Feature", "properties": { "DATA": "2016-08-21", "DIA DA SEMANA": "domingo", "DIA DO JOGO": "2016-08-21 00:00:00", "MÊS DO JOGO": "2016-08-21 00:00:00", "ANO JOGO": 2016.0, "ANO COMPETIÇÃO": 2016.0, "MANDANTE / VISITANTE (SCCP)": "Não", "TIME MANDANTE": "SANTOS", "GOLS MANDANTE": "2.0", "x": "x", "GOLS VISITANTE": "2.0", "TIME VISITANTE": "CORINTHIANS", "PLACAR": "2x2", "RESULTADO": "EMPATE", "ADVERSÁRIO": "SANTOS", "ESTADO ADVERSÁRIO": "SÃO PAULO", "PAÍS ADVERSÁRIO": "BRASIL", "GOLS SCCP": "2.0", "GOLS ADVERSÁRIO": "2.0", "SALDO DE GOLS": "0", "TREINADOR": "ARTHUR ELIAS", "JOGO OFICIAL?": "SIM", "COMPETIÇÃO": "CAMPEONATO PAULISTA / FPF", "FASE": "SEMIFINAL", "ESTÁDIO": "URBANO CALDEIRA (VILA BELMIRO)", "CAPACIDADE": "20360", "CIDADE": "SANTOS", "ESTADO/PROVÍNCIA": "SÃO PAULO", "PAÍS": "BRASIL", "LATITUDE": -23.950833202245221, "LONGITUDE": -46.338367960085641, "PÚBLICO PAGANTE": "ND", "PÚBLICO TOTAL": "ND", "RENDA BRUTA (R$)": "ND", "RENDA LÍQUIDA (R$)": "ND", "TICKET MÉDIO (R$)": "ND", "AUTORAS": null, "TÍTULO?": "N/A", "OBSERVAÇÕES": "Corinthians 3º colocado do Campeonato Paulista 2016", "ERA": "Depois da reativação" }, "geometry": { "type": "Point", "coordinates": [ -46.338367960085641, -23.950833202245221 ] } },
{ "type": "Feature", "properties": { "DATA": "2016-08-31", "DIA DA SEMANA": "quarta-feira", "DIA DO JOGO": "2016-08-31 00:00:00", "MÊS DO JOGO": "2016-08-31 00:00:00", "ANO JOGO": 2016.0, "ANO COMPETIÇÃO": 2016.0, "MANDANTE / VISITANTE (SCCP)": "Sim", "TIME MANDANTE": "CORINTHIANS", "GOLS MANDANTE": "9.0", "x": "x", "GOLS VISITANTE": "0.0", "TIME VISITANTE": "PINHEIRENSE-PA", "PLACAR": "9x0", "RESULTADO": "VITÓRIA", "ADVERSÁRIO": "PINHEIRENSE-PA", "ESTADO ADVERSÁRIO": "PARÁ", "PAÍS ADVERSÁRIO": "BRASIL", "GOLS SCCP": "9.0", "GOLS ADVERSÁRIO": "0.0", "SALDO DE GOLS": "9", "TREINADOR": "ARTHUR ELIAS", "JOGO OFICIAL?": "SIM", "COMPETIÇÃO": "COPA DO BRASIL", "FASE": "1ª FASE", "ESTÁDIO": "PREFEITO JOSÉ LIBERATTI (ROCHDALÃO)", "CAPACIDADE": "11780", "CIDADE": "OSASCO ", "ESTADO/PROVÍNCIA": "SÃO PAULO", "PAÍS": "BRASIL", "LATITUDE": -23.51198315274678, "LONGITUDE": -46.775554302415202, "PÚBLICO PAGANTE": "ND", "PÚBLICO TOTAL": "ND", "RENDA BRUTA (R$)": "ND", "RENDA LÍQUIDA (R$)": "ND", "TICKET MÉDIO (R$)": "ND", "AUTORAS": null, "TÍTULO?": "N/A", "OBSERVAÇÕES": null, "ERA": "Depois da reativação" }, "geometry": { "type": "Point", "coordinates": [ -46.775554302415202, -23.51198315274678 ] } },
{ "type": "Feature", "properties": { "DATA": "2016-09-04", "DIA DA SEMANA": "domingo", "DIA DO JOGO": "2016-09-04 00:00:00", "MÊS DO JOGO": "2016-09-04 00:00:00", "ANO JOGO": 2016.0, "ANO COMPETIÇÃO": 2016.0, "MANDANTE / VISITANTE (SCCP)": "Não", "TIME MANDANTE": "PINHEIRENSE-PA", "GOLS MANDANTE": "0.0", "x": "x", "GOLS VISITANTE": "2.0", "TIME VISITANTE": "CORINTHIANS", "PLACAR": "0x2", "RESULTADO": "VITÓRIA", "ADVERSÁRIO": "PINHEIRENSE-PA", "ESTADO ADVERSÁRIO": "PARÁ", "PAÍS ADVERSÁRIO": "BRASIL", "GOLS SCCP": "2.0", "GOLS ADVERSÁRIO": "0.0", "SALDO DE GOLS": "2", "TREINADOR": "ARTHUR ELIAS", "JOGO OFICIAL?": "SIM", "COMPETIÇÃO": "COPA DO BRASIL", "FASE": "1ª FASE", "ESTÁDIO": "FRANCISCO VASQUES", "CAPACIDADE": "6000", "CIDADE": "BELÉM ", "ESTADO/PROVÍNCIA": "PARÁ", "PAÍS": "BRASIL", "LATITUDE": -1.4183755686041342, "LONGITUDE": -48.444865285227806, "PÚBLICO PAGANTE": "ND", "PÚBLICO TOTAL": "ND", "RENDA BRUTA (R$)": "ND", "RENDA LÍQUIDA (R$)": "ND", "TICKET MÉDIO (R$)": "ND", "AUTORAS": null, "TÍTULO?": "N/A", "OBSERVAÇÕES": null, "ERA": "Depois da reativação" }, "geometry": { "type": "Point", "coordinates": [ -48.444865285227806, -1.418375568604134 ] } },
{ "type": "Feature", "properties": { "DATA": "2016-09-07", "DIA DA SEMANA": "quarta-feira", "DIA DO JOGO": "2016-09-07 00:00:00", "MÊS DO JOGO": "2016-09-07 00:00:00", "ANO JOGO": 2016.0, "ANO COMPETIÇÃO": 2016.0, "MANDANTE / VISITANTE (SCCP)": "Sim", "TIME MANDANTE": "CORINTHIANS", "GOLS MANDANTE": "3.0", "x": "x", "GOLS VISITANTE": "0.0", "TIME VISITANTE": "SANTOS", "PLACAR": "3x0", "RESULTADO": "VITÓRIA", "ADVERSÁRIO": "SANTOS", "ESTADO ADVERSÁRIO": "SÃO PAULO", "PAÍS ADVERSÁRIO": "BRASIL", "GOLS SCCP": "3.0", "GOLS ADVERSÁRIO": "0.0", "SALDO DE GOLS": "3", "TREINADOR": "ARTHUR ELIAS", "JOGO OFICIAL?": "SIM", "COMPETIÇÃO": "COPA DO BRASIL", "FASE": "OITAVAS DE FINAL", "ESTÁDIO": "PREFEITO JOSÉ LIBERATTI (ROCHDALÃO)", "CAPACIDADE": "11780", "CIDADE": "OSASCO ", "ESTADO/PROVÍNCIA": "SÃO PAULO", "PAÍS": "BRASIL", "LATITUDE": -23.51198315274678, "LONGITUDE": -46.775554302415202, "PÚBLICO PAGANTE": "ND", "PÚBLICO TOTAL": "ND", "RENDA BRUTA (R$)": "ND", "RENDA LÍQUIDA (R$)": "ND", "TICKET MÉDIO (R$)": "ND", "AUTORAS": null, "TÍTULO?": "N/A", "OBSERVAÇÕES": null, "ERA": "Depois da reativação" }, "geometry": { "type": "Point", "coordinates": [ -46.775554302415202, -23.51198315274678 ] } },
{ "type": "Feature", "properties": { "DATA": "2016-09-12", "DIA DA SEMANA": "segunda-feira", "DIA DO JOGO": "2016-09-12 00:00:00", "MÊS DO JOGO": "2016-09-12 00:00:00", "ANO JOGO": 2016.0, "ANO COMPETIÇÃO": 2016.0, "MANDANTE / VISITANTE (SCCP)": "Não", "TIME MANDANTE": "SANTOS", "GOLS MANDANTE": "2.0", "x": "x", "GOLS VISITANTE": "2.0", "TIME VISITANTE": "CORINTHIANS", "PLACAR": "2x2", "RESULTADO": "EMPATE", "ADVERSÁRIO": "SANTOS", "ESTADO ADVERSÁRIO": "SÃO PAULO", "PAÍS ADVERSÁRIO": "BRASIL", "GOLS SCCP": "2.0", "GOLS ADVERSÁRIO": "2.0", "SALDO DE GOLS": "0", "TREINADOR": "ARTHUR ELIAS", "JOGO OFICIAL?": "SIM", "COMPETIÇÃO": "COPA DO BRASIL", "FASE": "OITAVAS DE FINAL", "ESTÁDIO": "CENTRO DE TREINAMENTO REI PELÉ", "CAPACIDADE": "0.0", "CIDADE": "SANTOS ", "ESTADO/PROVÍNCIA": "SÃO PAULO", "PAÍS": "BRASIL", "LATITUDE": -23.94239697853142, "LONGITUDE": -46.33861992415676, "PÚBLICO PAGANTE": "ND", "PÚBLICO TOTAL": "ND", "RENDA BRUTA (R$)": "ND", "RENDA LÍQUIDA (R$)": "ND", "TICKET MÉDIO (R$)": "ND", "AUTORAS": null, "TÍTULO?": "N/A", "OBSERVAÇÕES": null, "ERA": "Depois da reativação" }, "geometry": { "type": "Point", "coordinates": [ -46.33861992415676, -23.94239697853142 ] } },
{ "type": "Feature", "properties": { "DATA": "2016-09-22", "DIA DA SEMANA": "quinta-feira", "DIA DO JOGO": "2016-09-22 00:00:00", "MÊS DO JOGO": "2016-09-22 00:00:00", "ANO JOGO": 2016.0, "ANO COMPETIÇÃO": 2016.0, "MANDANTE / VISITANTE (SCCP)": "Não", "TIME MANDANTE": "FLAMENGO", "GOLS MANDANTE": "1.0", "x": "x", "GOLS VISITANTE": "1.0", "TIME VISITANTE": "CORINTHIANS", "PLACAR": "1x1", "RESULTADO": "EMPATE", "ADVERSÁRIO": "FLAMENGO", "ESTADO ADVERSÁRIO": "RIO DE JANEIRO", "PAÍS ADVERSÁRIO": "BRASIL", "GOLS SCCP": "1.0", "GOLS ADVERSÁRIO": "1.0", "SALDO DE GOLS": "0", "TREINADOR": "ARTHUR ELIAS", "JOGO OFICIAL?": "SIM", "COMPETIÇÃO": "COPA DO BRASIL", "FASE": "QUARTAS DE FINAL", "ESTÁDIO": "CENTRO DE EDUCAÇÃO FÍSICA ALMIRANTE ADALBERTO NUNES - CEFAN", "CAPACIDADE": "1000", "CIDADE": "RIO DE JANEIRO ", "ESTADO/PROVÍNCIA": "RIO DE JANEIRO", "PAÍS": "BRASIL", "LATITUDE": -22.832520685914712, "LONGITUDE": -43.263541278176071, "PÚBLICO PAGANTE": "ND", "PÚBLICO TOTAL": "ND", "RENDA BRUTA (R$)": "ND", "RENDA LÍQUIDA (R$)": "ND", "TICKET MÉDIO (R$)": "ND", "AUTORAS": null, "TÍTULO?": "N/A", "OBSERVAÇÕES": null, "ERA": "Depois da reativação" }, "geometry": { "type": "Point", "coordinates": [ -43.263541278176071, -22.832520685914712 ] } },
{ "type": "Feature", "properties": { "DATA": "2016-09-28", "DIA DA SEMANA": "quarta-feira", "DIA DO JOGO": "2016-09-28 00:00:00", "MÊS DO JOGO": "2016-09-28 00:00:00", "ANO JOGO": 2016.0, "ANO COMPETIÇÃO": 2016.0, "MANDANTE / VISITANTE (SCCP)": "Sim", "TIME MANDANTE": "CORINTHIANS", "GOLS MANDANTE": "1.0", "x": "x", "GOLS VISITANTE": "0.0", "TIME VISITANTE": "FLAMENGO", "PLACAR": "1x0", "RESULTADO": "VITÓRIA", "ADVERSÁRIO": "FLAMENGO", "ESTADO ADVERSÁRIO": "RIO DE JANEIRO", "PAÍS ADVERSÁRIO": "BRASIL", "GOLS SCCP": "1.0", "GOLS ADVERSÁRIO": "0.0", "SALDO DE GOLS": "1", "TREINADOR": "ARTHUR ELIAS", "JOGO OFICIAL?": "SIM", "COMPETIÇÃO": "COPA DO BRASIL", "FASE": "QUARTAS DE FINAL", "ESTÁDIO": "PREFEITO JOSÉ LIBERATTI (ROCHDALÃO)", "CAPACIDADE": "11780", "CIDADE": "OSASCO ", "ESTADO/PROVÍNCIA": "SÃO PAULO", "PAÍS": "BRASIL", "LATITUDE": -23.51198315274678, "LONGITUDE": -46.775554302415202, "PÚBLICO PAGANTE": "ND", "PÚBLICO TOTAL": "ND", "RENDA BRUTA (R$)": "ND", "RENDA LÍQUIDA (R$)": "ND", "TICKET MÉDIO (R$)": "ND", "AUTORAS": null, "TÍTULO?": "N/A", "OBSERVAÇÕES": null, "ERA": "Depois da reativação" }, "geometry": { "type": "Point", "coordinates": [ -46.775554302415202, -23.51198315274678 ] } },
{ "type": "Feature", "properties": { "DATA": "2016-10-06", "DIA DA SEMANA": "quinta-feira", "DIA DO JOGO": "2016-10-06 00:00:00", "MÊS DO JOGO": "2016-10-06 00:00:00", "ANO JOGO": 2016.0, "ANO COMPETIÇÃO": 2016.0, "MANDANTE / VISITANTE (SCCP)": "Sim", "TIME MANDANTE": "CORINTHIANS", "GOLS MANDANTE": "2.0", "x": "x", "GOLS VISITANTE": "0.0", "TIME VISITANTE": "CRESSPOM-DF", "PLACAR": "2x0", "RESULTADO": "VITÓRIA", "ADVERSÁRIO": "CRESSPOM-DF", "ESTADO ADVERSÁRIO": "DISTRITO FEDERAL", "PAÍS ADVERSÁRIO": "BRASIL", "GOLS SCCP": "2.0", "GOLS ADVERSÁRIO": "0.0", "SALDO DE GOLS": "2", "TREINADOR": "ARTHUR ELIAS", "JOGO OFICIAL?": "SIM", "COMPETIÇÃO": "COPA DO BRASIL", "FASE": "SEMIFINAL", "ESTÁDIO": "PREFEITO JOSÉ LIBERATTI (ROCHDALÃO)", "CAPACIDADE": "11780", "CIDADE": "OSASCO ", "ESTADO/PROVÍNCIA": "SÃO PAULO", "PAÍS": "BRASIL", "LATITUDE": -23.51198315274678, "LONGITUDE": -46.775554302415202, "PÚBLICO PAGANTE": "ND", "PÚBLICO TOTAL": "ND", "RENDA BRUTA (R$)": "ND", "RENDA LÍQUIDA (R$)": "ND", "TICKET MÉDIO (R$)": "ND", "AUTORAS": null, "TÍTULO?": "N/A", "OBSERVAÇÕES": null, "ERA": "Depois da reativação" }, "geometry": { "type": "Point", "coordinates": [ -46.775554302415202, -23.51198315274678 ] } },
{ "type": "Feature", "properties": { "DATA": "2016-10-13", "DIA DA SEMANA": "quinta-feira", "DIA DO JOGO": "2016-10-13 00:00:00", "MÊS DO JOGO": "2016-10-13 00:00:00", "ANO JOGO": 2016.0, "ANO COMPETIÇÃO": 2016.0, "MANDANTE / VISITANTE (SCCP)": "Não", "TIME MANDANTE": "CRESSPOM-DF", "GOLS MANDANTE": "2.0", "x": "x", "GOLS VISITANTE": "1.0", "TIME VISITANTE": "CORINTHIANS", "PLACAR": "2x1", "RESULTADO": "DERROTA", "ADVERSÁRIO": "CRESSPOM-DF", "ESTADO ADVERSÁRIO": "DISTRITO FEDERAL", "PAÍS ADVERSÁRIO": "BRASIL", "GOLS SCCP": "1.0", "GOLS ADVERSÁRIO": "2.0", "SALDO DE GOLS": "-1", "TREINADOR": "ARTHUR ELIAS", "JOGO OFICIAL?": "SIM", "COMPETIÇÃO": "COPA DO BRASIL", "FASE": "SEMIFINAL", "ESTÁDIO": "VALMIR CAMPELO BEZERRA (BEZERRÃO)", "CAPACIDADE": "20310", "CIDADE": "GAMA ", "ESTADO/PROVÍNCIA": "DISTRITO FEDERAL", "PAÍS": "BRASIL", "LATITUDE": -16.010988388571377, "LONGITUDE": -48.061410548437806, "PÚBLICO PAGANTE": "ND", "PÚBLICO TOTAL": "ND", "RENDA BRUTA (R$)": "ND", "RENDA LÍQUIDA (R$)": "ND", "TICKET MÉDIO (R$)": "ND", "AUTORAS": null, "TÍTULO?": "N/A", "OBSERVAÇÕES": null, "ERA": "Depois da reativação" }, "geometry": { "type": "Point", "coordinates": [ -48.061410548437806, -16.010988388571377 ] } },
{ "type": "Feature", "properties": { "DATA": "2016-10-19", "DIA DA SEMANA": "quarta-feira", "DIA DO JOGO": "2016-10-19 00:00:00", "MÊS DO JOGO": "2016-10-19 00:00:00", "ANO JOGO": 2016.0, "ANO COMPETIÇÃO": 2016.0, "MANDANTE / VISITANTE (SCCP)": "Não", "TIME MANDANTE": "SÃO JOSÉ", "GOLS MANDANTE": "2.0", "x": "x", "GOLS VISITANTE": "2.0", "TIME VISITANTE": "CORINTHIANS", "PLACAR": "2x2", "RESULTADO": "EMPATE", "ADVERSÁRIO": "SÃO JOSÉ", "ESTADO ADVERSÁRIO": "SÃO PAULO", "PAÍS ADVERSÁRIO": "BRASIL", "GOLS SCCP": "2.0", "GOLS ADVERSÁRIO": "2.0", "SALDO DE GOLS": "0", "TREINADOR": "ARTHUR ELIAS", "JOGO OFICIAL?": "SIM", "COMPETIÇÃO": "COPA DO BRASIL", "FASE": "FINAL", "ESTÁDIO": "MARTINS PEREIRA", "CAPACIDADE": "16500", "CIDADE": "SÃO JOSÉ DOS CAMPOS ", "ESTADO/PROVÍNCIA": "SÃO PAULO", "PAÍS": "BRASIL", "LATITUDE": -23.1884912615151, "LONGITUDE": -45.869827477202776, "PÚBLICO PAGANTE": "ND", "PÚBLICO TOTAL": "ND", "RENDA BRUTA (R$)": "ND", "RENDA LÍQUIDA (R$)": "ND", "TICKET MÉDIO (R$)": "ND", "AUTORAS": null, "TÍTULO?": "N/A", "OBSERVAÇÕES": null, "ERA": "Depois da reativação" }, "geometry": { "type": "Point", "coordinates": [ -45.869827477202776, -23.1884912615151 ] } },
{ "type": "Feature", "properties": { "DATA": "2016-10-27", "DIA DA SEMANA": "quinta-feira", "DIA DO JOGO": "2016-10-27 00:00:00", "MÊS DO JOGO": "2016-10-27 00:00:00", "ANO JOGO": 2016.0, "ANO COMPETIÇÃO": 2016.0, "MANDANTE / VISITANTE (SCCP)": "Sim", "TIME MANDANTE": "CORINTHIANS", "GOLS MANDANTE": "3.0", "x": "x", "GOLS VISITANTE": "1.0", "TIME VISITANTE": "SÃO JOSÉ", "PLACAR": "3x1", "RESULTADO": "VITÓRIA", "ADVERSÁRIO": "SÃO JOSÉ", "ESTADO ADVERSÁRIO": "SÃO PAULO", "PAÍS ADVERSÁRIO": "BRASIL", "GOLS SCCP": "3.0", "GOLS ADVERSÁRIO": "1.0", "SALDO DE GOLS": "2", "TREINADOR": "ARTHUR ELIAS", "JOGO OFICIAL?": "SIM", "COMPETIÇÃO": "COPA DO BRASIL", "FASE": "FINAL", "ESTÁDIO": "PREFEITO JOSÉ LIBERATTI (ROCHDALÃO)", "CAPACIDADE": "11780", "CIDADE": "OSASCO ", "ESTADO/PROVÍNCIA": "SÃO PAULO", "PAÍS": "BRASIL", "LATITUDE": -23.51198315274678, "LONGITUDE": -46.775554302415202, "PÚBLICO PAGANTE": "ND", "PÚBLICO TOTAL": "ND", "RENDA BRUTA (R$)": "ND", "RENDA LÍQUIDA (R$)": "ND", "TICKET MÉDIO (R$)": "ND", "AUTORAS": null, "TÍTULO?": "COPA DO BRASIL", "OBSERVAÇÕES": "Corinthians/Audax campeão da Copa do Brasil 2016", "ERA": "Depois da reativação" }, "geometry": { "type": "Point", "coordinates": [ -46.775554302415202, -23.51198315274678 ] } },
{ "type": "Feature", "properties": { "DATA": "2017-01-28", "DIA DA SEMANA": "sábado", "DIA DO JOGO": "2017-01-28 00:00:00", "MÊS DO JOGO": "2017-01-28 00:00:00", "ANO JOGO": 2017.0, "ANO COMPETIÇÃO": 2017.0, "MANDANTE / VISITANTE (SCCP)": "Não", "TIME MANDANTE": "VINHEDO", "GOLS MANDANTE": "0.0", "x": "x", "GOLS VISITANTE": "0.0", "TIME VISITANTE": "CORINTHIANS", "PLACAR": "0x0", "RESULTADO": "EMPATE", "ADVERSÁRIO": "VINHEDO", "ESTADO ADVERSÁRIO": "SÃO PAULO", "PAÍS ADVERSÁRIO": "BRASIL", "GOLS SCCP": "0.0", "GOLS ADVERSÁRIO": "0.0", "SALDO DE GOLS": "0", "TREINADOR": "ARTHUR ELIAS", "JOGO OFICIAL?": "NÃO", "COMPETIÇÃO": "AMISTOSO", "FASE": "N/A", "ESTÁDIO": "CENTRO ESPORTIVO E RECREATIVO JOSÉ HUMBERTO DIAS (CAMPO CANUDOS)", "CAPACIDADE": "DESCONHECIDO", "CIDADE": "VINHEDO ", "ESTADO/PROVÍNCIA": "SÃO PAULO", "PAÍS": "BRASIL", "LATITUDE": -23.024735987454054, "LONGITUDE": -46.977863273579977, "PÚBLICO PAGANTE": "PF", "PÚBLICO TOTAL": "PF", "RENDA BRUTA (R$)": "PF", "RENDA LÍQUIDA (R$)": "PF", "TICKET MÉDIO (R$)": "PF", "AUTORAS": null, "TÍTULO?": "N/A", "OBSERVAÇÕES": "Amistoso com portões abertos", "ERA": "Depois da reativação" }, "geometry": { "type": "Point", "coordinates": [ -46.977863273579977, -23.024735987454054 ] } },
{ "type": "Feature", "properties": { "DATA": "2017-03-04", "DIA DA SEMANA": "sábado", "DIA DO JOGO": "2017-03-04 00:00:00", "MÊS DO JOGO": "2017-03-04 00:00:00", "ANO JOGO": 2017.0, "ANO COMPETIÇÃO": 2017.0, "MANDANTE / VISITANTE (SCCP)": "Não", "TIME MANDANTE": "SÃO JOSÉ", "GOLS MANDANTE": "0.0", "x": "x", "GOLS VISITANTE": "1.0", "TIME VISITANTE": "CORINTHIANS", "PLACAR": "0x1", "RESULTADO": "VITÓRIA", "ADVERSÁRIO": "SÃO JOSÉ", "ESTADO ADVERSÁRIO": "SÃO PAULO", "PAÍS ADVERSÁRIO": "BRASIL", "GOLS SCCP": "1.0", "GOLS ADVERSÁRIO": "0.0", "SALDO DE GOLS": "1", "TREINADOR": "ARTHUR ELIAS", "JOGO OFICIAL?": "NÃO", "COMPETIÇÃO": "AMISTOSO", "FASE": "N/A", "ESTÁDIO": "MARTINS PEREIRA", "CAPACIDADE": "16500", "CIDADE": "SÃO JOSÉ DOS CAMPOS ", "ESTADO/PROVÍNCIA": "SÃO PAULO", "PAÍS": "BRASIL", "LATITUDE": -23.1884912615151, "LONGITUDE": -45.869827477202776, "PÚBLICO PAGANTE": "PF", "PÚBLICO TOTAL": "PF", "RENDA BRUTA (R$)": "PF", "RENDA LÍQUIDA (R$)": "PF", "TICKET MÉDIO (R$)": "PF", "AUTORAS": null, "TÍTULO?": "N/A", "OBSERVAÇÕES": "Amistoso com portões abertos", "ERA": "Depois da reativação" }, "geometry": { "type": "Point", "coordinates": [ -45.869827477202776, -23.1884912615151 ] } },
{ "type": "Feature", "properties": { "DATA": "2017-03-12", "DIA DA SEMANA": "domingo", "DIA DO JOGO": "2017-03-12 00:00:00", "MÊS DO JOGO": "2017-03-12 00:00:00", "ANO JOGO": 2017.0, "ANO COMPETIÇÃO": 2017.0, "MANDANTE / VISITANTE (SCCP)": "Não", "TIME MANDANTE": "SÃO FRANCISCO-BA", "GOLS MANDANTE": "0.0", "x": "x", "GOLS VISITANTE": "4.0", "TIME VISITANTE": "CORINTHIANS", "PLACAR": "0x4", "RESULTADO": "VITÓRIA", "ADVERSÁRIO": "SÃO FRANCISCO-BA", "ESTADO ADVERSÁRIO": "BAHIA", "PAÍS ADVERSÁRIO": "BRASIL", "GOLS SCCP": "4.0", "GOLS ADVERSÁRIO": "0.0", "SALDO DE GOLS": "4", "TREINADOR": "ARTHUR ELIAS", "JOGO OFICIAL?": "SIM", "COMPETIÇÃO": "CAMPEONATO BRASILEIRO", "FASE": "1ª FASE", "ESTÁDIO": "JUNQUEIRA AYRES", "CAPACIDADE": "3000", "CIDADE": "SÃO FRANCISCO DO CONDE ", "ESTADO/PROVÍNCIA": "BAHIA", "PAÍS": "BRASIL", "LATITUDE": -12.623608328259063, "LONGITUDE": -38.684901560085635, "PÚBLICO PAGANTE": "ND", "PÚBLICO TOTAL": "ND", "RENDA BRUTA (R$)": "ND", "RENDA LÍQUIDA (R$)": "ND", "TICKET MÉDIO (R$)": "ND", "AUTORAS": null, "TÍTULO?": "N/A", "OBSERVAÇÕES": null, "ERA": "Depois da reativação" }, "geometry": { "type": "Point", "coordinates": [ -38.684901560085635, -12.623608328259063 ] } },
{ "type": "Feature", "properties": { "DATA": "2017-03-20", "DIA DA SEMANA": "segunda-feira", "DIA DO JOGO": "2017-03-20 00:00:00", "MÊS DO JOGO": "2017-03-20 00:00:00", "ANO JOGO": 2017.0, "ANO COMPETIÇÃO": 2017.0, "MANDANTE / VISITANTE (SCCP)": "Sim", "TIME MANDANTE": "CORINTHIANS", "GOLS MANDANTE": "3.0", "x": "x", "GOLS VISITANTE": "2.0", "TIME VISITANTE": "KINDERMANN", "PLACAR": "3x2", "RESULTADO": "VITÓRIA", "ADVERSÁRIO": "KINDERMANN", "ESTADO ADVERSÁRIO": "SANTA CATARINA", "PAÍS ADVERSÁRIO": "BRASIL", "GOLS SCCP": "3.0", "GOLS ADVERSÁRIO": "2.0", "SALDO DE GOLS": "1", "TREINADOR": "ARTHUR ELIAS", "JOGO OFICIAL?": "SIM", "COMPETIÇÃO": "CAMPEONATO BRASILEIRO", "FASE": "1ª FASE", "ESTÁDIO": "ORLANDO BATISTA NOVELI (ARENA BARUERI / CREFISA)", "CAPACIDADE": "31452", "CIDADE": "BARUERI ", "ESTADO/PROVÍNCIA": "SÃO PAULO", "PAÍS": "BRASIL", "LATITUDE": -23.511935566878485, "LONGITUDE": -46.899810331250407, "PÚBLICO PAGANTE": "ND", "PÚBLICO TOTAL": "ND", "RENDA BRUTA (R$)": "ND", "RENDA LÍQUIDA (R$)": "ND", "TICKET MÉDIO (R$)": "ND", "AUTORAS": null, "TÍTULO?": "N/A", "OBSERVAÇÕES": null, "ERA": "Depois da reativação" }, "geometry": { "type": "Point", "coordinates": [ -46.899810331250407, -23.511935566878485 ] } },
{ "type": "Feature", "properties": { "DATA": "2017-03-26", "DIA DA SEMANA": "domingo", "DIA DO JOGO": "2017-03-26 00:00:00", "MÊS DO JOGO": "2017-03-26 00:00:00", "ANO JOGO": 2017.0, "ANO COMPETIÇÃO": 2017.0, "MANDANTE / VISITANTE (SCCP)": "Não", "TIME MANDANTE": "GRÊMIO", "GOLS MANDANTE": "0.0", "x": "x", "GOLS VISITANTE": "5.0", "TIME VISITANTE": "CORINTHIANS", "PLACAR": "0x5", "RESULTADO": "VITÓRIA", "ADVERSÁRIO": "GRÊMIO", "ESTADO ADVERSÁRIO": "RIO GRANDE DO SUL", "PAÍS ADVERSÁRIO": "BRASIL", "GOLS SCCP": "5.0", "GOLS ADVERSÁRIO": "0.0", "SALDO DE GOLS": "5", "TREINADOR": "ARTHUR ELIAS", "JOGO OFICIAL?": "SIM", "COMPETIÇÃO": "CAMPEONATO BRASILEIRO", "FASE": "1ª FASE", "ESTÁDIO": "AIRTON FERREIRA DA SILVA (CT HÉLIO DOURADO)", "CAPACIDADE": "2000", "CIDADE": "ELDORADO DO SUL ", "ESTADO/PROVÍNCIA": "RIO GRANDE DO SUL", "PAÍS": "BRASIL", "LATITUDE": -30.019920501199675, "LONGITUDE": -51.307765361932162, "PÚBLICO PAGANTE": "ND", "PÚBLICO TOTAL": "ND", "RENDA BRUTA (R$)": "ND", "RENDA LÍQUIDA (R$)": "ND", "TICKET MÉDIO (R$)": "ND", "AUTORAS": null, "TÍTULO?": "N/A", "OBSERVAÇÕES": null, "ERA": "Depois da reativação" }, "geometry": { "type": "Point", "coordinates": [ -51.307765361932162, -30.019920501199675 ] } },
{ "type": "Feature", "properties": { "DATA": "2017-03-30", "DIA DA SEMANA": "quinta-feira", "DIA DO JOGO": "2017-03-30 00:00:00", "MÊS DO JOGO": "2017-03-30 00:00:00", "ANO JOGO": 2017.0, "ANO COMPETIÇÃO": 2017.0, "MANDANTE / VISITANTE (SCCP)": "Sim", "TIME MANDANTE": "CORINTHIANS", "GOLS MANDANTE": "1.0", "x": "x", "GOLS VISITANTE": "0.0", "TIME VISITANTE": "AUDAX", "PLACAR": "1x0", "RESULTADO": "VITÓRIA", "ADVERSÁRIO": "AUDAX", "ESTADO ADVERSÁRIO": "SÃO PAULO", "PAÍS ADVERSÁRIO": "BRASIL", "GOLS SCCP": "1.0", "GOLS ADVERSÁRIO": "0.0", "SALDO DE GOLS": "1", "TREINADOR": "ARTHUR ELIAS", "JOGO OFICIAL?": "SIM", "COMPETIÇÃO": "CAMPEONATO BRASILEIRO", "FASE": "1ª FASE", "ESTÁDIO": "ORLANDO BATISTA NOVELI (ARENA BARUERI / CREFISA)", "CAPACIDADE": "31452", "CIDADE": "BARUERI ", "ESTADO/PROVÍNCIA": "SÃO PAULO", "PAÍS": "BRASIL", "LATITUDE": -23.511935566878485, "LONGITUDE": -46.899810331250407, "PÚBLICO PAGANTE": "ND", "PÚBLICO TOTAL": "ND", "RENDA BRUTA (R$)": "ND", "RENDA LÍQUIDA (R$)": "ND", "TICKET MÉDIO (R$)": "ND", "AUTORAS": null, "TÍTULO?": "N/A", "OBSERVAÇÕES": null, "ERA": "Depois da reativação" }, "geometry": { "type": "Point", "coordinates": [ -46.899810331250407, -23.511935566878485 ] } },
{ "type": "Feature", "properties": { "DATA": "2017-04-02", "DIA DA SEMANA": "domingo", "DIA DO JOGO": "2017-04-02 00:00:00", "MÊS DO JOGO": "2017-04-02 00:00:00", "ANO JOGO": 2017.0, "ANO COMPETIÇÃO": 2017.0, "MANDANTE / VISITANTE (SCCP)": "Sim", "TIME MANDANTE": "CORINTHIANS", "GOLS MANDANTE": "1.0", "x": "x", "GOLS VISITANTE": "0.0", "TIME VISITANTE": "SPORT", "PLACAR": "1x0", "RESULTADO": "VITÓRIA", "ADVERSÁRIO": "SPORT", "ESTADO ADVERSÁRIO": "PERNAMBUCO", "PAÍS ADVERSÁRIO": "BRASIL", "GOLS SCCP": "1.0", "GOLS ADVERSÁRIO": "0.0", "SALDO DE GOLS": "1", "TREINADOR": "ARTHUR ELIAS", "JOGO OFICIAL?": "SIM", "COMPETIÇÃO": "CAMPEONATO BRASILEIRO", "FASE": "1ª FASE", "ESTÁDIO": "ORLANDO BATISTA NOVELI (ARENA BARUERI / CREFISA)", "CAPACIDADE": "31452", "CIDADE": "BARUERI ", "ESTADO/PROVÍNCIA": "SÃO PAULO", "PAÍS": "BRASIL", "LATITUDE": -23.511935566878485, "LONGITUDE": -46.899810331250407, "PÚBLICO PAGANTE": "ND", "PÚBLICO TOTAL": "ND", "RENDA BRUTA (R$)": "ND", "RENDA LÍQUIDA (R$)": "ND", "TICKET MÉDIO (R$)": "ND", "AUTORAS": null, "TÍTULO?": "N/A", "OBSERVAÇÕES": null, "ERA": "Depois da reativação" }, "geometry": { "type": "Point", "coordinates": [ -46.899810331250407, -23.511935566878485 ] } },
{ "type": "Feature", "properties": { "DATA": "2017-04-05", "DIA DA SEMANA": "quarta-feira", "DIA DO JOGO": "2017-04-05 00:00:00", "MÊS DO JOGO": "2017-04-05 00:00:00", "ANO JOGO": 2017.0, "ANO COMPETIÇÃO": 2017.0, "MANDANTE / VISITANTE (SCCP)": "Não", "TIME MANDANTE": "VITÓRIA DAS TABOCAS-PE", "GOLS MANDANTE": "0.0", "x": "x", "GOLS VISITANTE": "3.0", "TIME VISITANTE": "CORINTHIANS", "PLACAR": "0x3", "RESULTADO": "VITÓRIA", "ADVERSÁRIO": "VITÓRIA DAS TABOCAS-PE", "ESTADO ADVERSÁRIO": "PERNAMBUCO", "PAÍS ADVERSÁRIO": "BRASIL", "GOLS SCCP": "3.0", "GOLS ADVERSÁRIO": "0.0", "SALDO DE GOLS": "3", "TREINADOR": "ARTHUR ELIAS", "JOGO OFICIAL?": "SIM", "COMPETIÇÃO": "CAMPEONATO BRASILEIRO", "FASE": "1ª FASE", "ESTÁDIO": "EWERSON SIMÕES BARBOSA", "CAPACIDADE": "3400", "CIDADE": "CHÃ GRANDE ", "ESTADO/PROVÍNCIA": "PERNAMBUCO", "PAÍS": "BRASIL", "LATITUDE": -8.2353157359546252, "LONGITUDE": -35.45464054289824, "PÚBLICO PAGANTE": "ND", "PÚBLICO TOTAL": "ND", "RENDA BRUTA (R$)": "ND", "RENDA LÍQUIDA (R$)": "ND", "TICKET MÉDIO (R$)": "ND", "AUTORAS": null, "TÍTULO?": "N/A", "OBSERVAÇÕES": null, "ERA": "Depois da reativação" }, "geometry": { "type": "Point", "coordinates": [ -35.45464054289824, -8.235315735954625 ] } },
{ "type": "Feature", "properties": { "DATA": "2017-04-09", "DIA DA SEMANA": "domingo", "DIA DO JOGO": "2017-04-09 00:00:00", "MÊS DO JOGO": "2017-04-09 00:00:00", "ANO JOGO": 2017.0, "ANO COMPETIÇÃO": 2017.0, "MANDANTE / VISITANTE (SCCP)": "Não", "TIME MANDANTE": "CENTRO OLÍMPICO", "GOLS MANDANTE": "0.0", "x": "x", "GOLS VISITANTE": "4.0", "TIME VISITANTE": "CORINTHIANS", "PLACAR": "0x4", "RESULTADO": "VITÓRIA", "ADVERSÁRIO": "CENTRO OLÍMPICO", "ESTADO ADVERSÁRIO": "SÃO PAULO", "PAÍS ADVERSÁRIO": "BRASIL", "GOLS SCCP": "4.0", "GOLS ADVERSÁRIO": "0.0", "SALDO DE GOLS": "4", "TREINADOR": "ARTHUR ELIAS", "JOGO OFICIAL?": "SIM", "COMPETIÇÃO": "CAMPEONATO PAULISTA / FPF", "FASE": "1ª FASE", "ESTÁDIO": "CENTRO ESPORTIVO RYUSO OGAWA (VILA GUARANI)", "CAPACIDADE": "1500", "CIDADE": "SÃO PAULO ", "ESTADO/PROVÍNCIA": "SÃO PAULO", "PAÍS": "BRASIL", "LATITUDE": -23.641092318256526, "LONGITUDE": -46.639059344885268, "PÚBLICO PAGANTE": "ND", "PÚBLICO TOTAL": "ND", "RENDA BRUTA (R$)": "ND", "RENDA LÍQUIDA (R$)": "ND", "TICKET MÉDIO (R$)": "ND", "AUTORAS": null, "TÍTULO?": "N/A", "OBSERVAÇÕES": null, "ERA": "Depois da reativação" }, "geometry": { "type": "Point", "coordinates": [ -46.639059344885268, -23.641092318256526 ] } },
{ "type": "Feature", "properties": { "DATA": "2017-04-12", "DIA DA SEMANA": "quarta-feira", "DIA DO JOGO": "2017-04-12 00:00:00", "MÊS DO JOGO": "2017-04-12 00:00:00", "ANO JOGO": 2017.0, "ANO COMPETIÇÃO": 2017.0, "MANDANTE / VISITANTE (SCCP)": "Não", "TIME MANDANTE": "IRANDUBA", "GOLS MANDANTE": "1.0", "x": "x", "GOLS VISITANTE": "0.0", "TIME VISITANTE": "CORINTHIANS", "PLACAR": "1x0", "RESULTADO": "DERROTA", "ADVERSÁRIO": "IRANDUBA", "ESTADO ADVERSÁRIO": "AMAZONAS", "PAÍS ADVERSÁRIO": "BRASIL", "GOLS SCCP": "0.0", "GOLS ADVERSÁRIO": "1.0", "SALDO DE GOLS": "-1", "TREINADOR": "ARTHUR ELIAS", "JOGO OFICIAL?": "SIM", "COMPETIÇÃO": "CAMPEONATO BRASILEIRO", "FASE": "1ª FASE", "ESTÁDIO": "ARENA DA AMAZÔNIA - VIVALDO LIMA", "CAPACIDADE": "44300", "CIDADE": "MANAUS ", "ESTADO/PROVÍNCIA": "AMAZONAS", "PAÍS": "BRASIL", "LATITUDE": -3.0830207174485653, "LONGITUDE": -60.027613492125674, "PÚBLICO PAGANTE": "ND", "PÚBLICO TOTAL": "ND", "RENDA BRUTA (R$)": "ND", "RENDA LÍQUIDA (R$)": "ND", "TICKET MÉDIO (R$)": "ND", "AUTORAS": null, "TÍTULO?": "N/A", "OBSERVAÇÕES": null, "ERA": "Depois da reativação" }, "geometry": { "type": "Point", "coordinates": [ -60.027613492125674, -3.083020717448565 ] } },
{ "type": "Feature", "properties": { "DATA": "2017-04-15", "DIA DA SEMANA": "sábado", "DIA DO JOGO": "2017-04-15 00:00:00", "MÊS DO JOGO": "2017-04-15 00:00:00", "ANO JOGO": 2017.0, "ANO COMPETIÇÃO": 2017.0, "MANDANTE / VISITANTE (SCCP)": "Sim", "TIME MANDANTE": "CORINTHIANS", "GOLS MANDANTE": "3.0", "x": "x", "GOLS VISITANTE": "1.0", "TIME VISITANTE": "SÃO JOSÉ", "PLACAR": "3x1", "RESULTADO": "VITÓRIA", "ADVERSÁRIO": "SÃO JOSÉ", "ESTADO ADVERSÁRIO": "SÃO PAULO", "PAÍS ADVERSÁRIO": "BRASIL", "GOLS SCCP": "3.0", "GOLS ADVERSÁRIO": "1.0", "SALDO DE GOLS": "2", "TREINADOR": "ARTHUR ELIAS", "JOGO OFICIAL?": "SIM", "COMPETIÇÃO": "CAMPEONATO PAULISTA / FPF", "FASE": "1ª FASE", "ESTÁDIO": "ORLANDO BATISTA NOVELI (ARENA BARUERI / CREFISA)", "CAPACIDADE": "31452", "CIDADE": "BARUERI ", "ESTADO/PROVÍNCIA": "SÃO PAULO", "PAÍS": "BRASIL", "LATITUDE": -23.511935566878485, "LONGITUDE": -46.899810331250407, "PÚBLICO PAGANTE": "ND", "PÚBLICO TOTAL": "ND", "RENDA BRUTA (R$)": "ND", "RENDA LÍQUIDA (R$)": "ND", "TICKET MÉDIO (R$)": "ND", "AUTORAS": null, "TÍTULO?": "N/A", "OBSERVAÇÕES": null, "ERA": "Depois da reativação" }, "geometry": { "type": "Point", "coordinates": [ -46.899810331250407, -23.511935566878485 ] } },
{ "type": "Feature", "properties": { "DATA": "2017-04-18", "DIA DA SEMANA": "terça-feira", "DIA DO JOGO": "2017-04-18 00:00:00", "MÊS DO JOGO": "2017-04-18 00:00:00", "ANO JOGO": 2017.0, "ANO COMPETIÇÃO": 2017.0, "MANDANTE / VISITANTE (SCCP)": "Sim", "TIME MANDANTE": "CORINTHIANS", "GOLS MANDANTE": "1.0", "x": "x", "GOLS VISITANTE": "0.0", "TIME VISITANTE": "IRANDUBA", "PLACAR": "1x0", "RESULTADO": "VITÓRIA", "ADVERSÁRIO": "IRANDUBA", "ESTADO ADVERSÁRIO": "AMAZONAS", "PAÍS ADVERSÁRIO": "BRASIL", "GOLS SCCP": "1.0", "GOLS ADVERSÁRIO": "0.0", "SALDO DE GOLS": "1", "TREINADOR": "ARTHUR ELIAS", "JOGO OFICIAL?": "SIM", "COMPETIÇÃO": "CAMPEONATO BRASILEIRO", "FASE": "1ª FASE", "ESTÁDIO": "ORLANDO BATISTA NOVELI (ARENA BARUERI / CREFISA)", "CAPACIDADE": "31452", "CIDADE": "BARUERI ", "ESTADO/PROVÍNCIA": "SÃO PAULO", "PAÍS": "BRASIL", "LATITUDE": -23.511935566878485, "LONGITUDE": -46.899810331250407, "PÚBLICO PAGANTE": "ND", "PÚBLICO TOTAL": "ND", "RENDA BRUTA (R$)": "ND", "RENDA LÍQUIDA (R$)": "ND", "TICKET MÉDIO (R$)": "ND", "AUTORAS": null, "TÍTULO?": "N/A", "OBSERVAÇÕES": null, "ERA": "Depois da reativação" }, "geometry": { "type": "Point", "coordinates": [ -46.899810331250407, -23.511935566878485 ] } },
{ "type": "Feature", "properties": { "DATA": "2017-04-22", "DIA DA SEMANA": "sábado", "DIA DO JOGO": "2017-04-22 00:00:00", "MÊS DO JOGO": "2017-04-22 00:00:00", "ANO JOGO": 2017.0, "ANO COMPETIÇÃO": 2017.0, "MANDANTE / VISITANTE (SCCP)": "Não", "TIME MANDANTE": "SANTOS", "GOLS MANDANTE": "1.0", "x": "x", "GOLS VISITANTE": "1.0", "TIME VISITANTE": "CORINTHIANS", "PLACAR": "1x1", "RESULTADO": "EMPATE", "ADVERSÁRIO": "SANTOS", "ESTADO ADVERSÁRIO": "SÃO PAULO", "PAÍS ADVERSÁRIO": "BRASIL", "GOLS SCCP": "1.0", "GOLS ADVERSÁRIO": "1.0", "SALDO DE GOLS": "0", "TREINADOR": "ARTHUR ELIAS", "JOGO OFICIAL?": "SIM", "COMPETIÇÃO": "CAMPEONATO PAULISTA / FPF", "FASE": "1ª FASE", "ESTÁDIO": "CENTRO DE TREINAMENTO REI PELÉ", "CAPACIDADE": "0.0", "CIDADE": "SANTOS ", "ESTADO/PROVÍNCIA": "SÃO PAULO", "PAÍS": "BRASIL", "LATITUDE": -23.94239697853142, "LONGITUDE": -46.33861992415676, "PÚBLICO PAGANTE": "ND", "PÚBLICO TOTAL": "ND", "RENDA BRUTA (R$)": "ND", "RENDA LÍQUIDA (R$)": "ND", "TICKET MÉDIO (R$)": "ND", "AUTORAS": null, "TÍTULO?": "N/A", "OBSERVAÇÕES": null, "ERA": "Depois da reativação" }, "geometry": { "type": "Point", "coordinates": [ -46.33861992415676, -23.94239697853142 ] } },
{ "type": "Feature", "properties": { "DATA": "2017-04-26", "DIA DA SEMANA": "quarta-feira", "DIA DO JOGO": "2017-04-26 00:00:00", "MÊS DO JOGO": "2017-04-26 00:00:00", "ANO JOGO": 2017.0, "ANO COMPETIÇÃO": 2017.0, "MANDANTE / VISITANTE (SCCP)": "Sim", "TIME MANDANTE": "CORINTHIANS", "GOLS MANDANTE": "7.0", "x": "x", "GOLS VISITANTE": "1.0", "TIME VISITANTE": "VITÓRIA DAS TABOCAS-PE", "PLACAR": "7x1", "RESULTADO": "VITÓRIA", "ADVERSÁRIO": "VITÓRIA DAS TABOCAS-PE", "ESTADO ADVERSÁRIO": "PERNAMBUCO", "PAÍS ADVERSÁRIO": "BRASIL", "GOLS SCCP": "7.0", "GOLS ADVERSÁRIO": "1.0", "SALDO DE GOLS": "6", "TREINADOR": "ARTHUR ELIAS", "JOGO OFICIAL?": "SIM", "COMPETIÇÃO": "CAMPEONATO BRASILEIRO", "FASE": "1ª FASE", "ESTÁDIO": "ORLANDO BATISTA NOVELI (ARENA BARUERI / CREFISA)", "CAPACIDADE": "31452", "CIDADE": "BARUERI ", "ESTADO/PROVÍNCIA": "SÃO PAULO", "PAÍS": "BRASIL", "LATITUDE": -23.511935566878485, "LONGITUDE": -46.899810331250407, "PÚBLICO PAGANTE": "ND", "PÚBLICO TOTAL": "ND", "RENDA BRUTA (R$)": "ND", "RENDA LÍQUIDA (R$)": "ND", "TICKET MÉDIO (R$)": "ND", "AUTORAS": null, "TÍTULO?": "N/A", "OBSERVAÇÕES": null, "ERA": "Depois da reativação" }, "geometry": { "type": "Point", "coordinates": [ -46.899810331250407, -23.511935566878485 ] } },
{ "type": "Feature", "properties": { "DATA": "2017-04-29", "DIA DA SEMANA": "sábado", "DIA DO JOGO": "2017-04-29 00:00:00", "MÊS DO JOGO": "2017-04-29 00:00:00", "ANO JOGO": 2017.0, "ANO COMPETIÇÃO": 2017.0, "MANDANTE / VISITANTE (SCCP)": "Sim", "TIME MANDANTE": "CORINTHIANS", "GOLS MANDANTE": "3.0", "x": "x", "GOLS VISITANTE": "0.0", "TIME VISITANTE": "EMBU DAS ARTES", "PLACAR": "3x0", "RESULTADO": "VITÓRIA", "ADVERSÁRIO": "EMBU DAS ARTES", "ESTADO ADVERSÁRIO": "SÃO PAULO", "PAÍS ADVERSÁRIO": "BRASIL", "GOLS SCCP": "3.0", "GOLS ADVERSÁRIO": "0.0", "SALDO DE GOLS": "3", "TREINADOR": "ARTHUR ELIAS", "JOGO OFICIAL?": "SIM", "COMPETIÇÃO": "CAMPEONATO PAULISTA / FPF", "FASE": "1ª FASE", "ESTÁDIO": "ORLANDO BATISTA NOVELI (ARENA BARUERI / CREFISA)", "CAPACIDADE": "31452", "CIDADE": "BARUERI ", "ESTADO/PROVÍNCIA": "SÃO PAULO", "PAÍS": "BRASIL", "LATITUDE": -23.511935566878485, "LONGITUDE": -46.899810331250407, "PÚBLICO PAGANTE": "ND", "PÚBLICO TOTAL": "ND", "RENDA BRUTA (R$)": "ND", "RENDA LÍQUIDA (R$)": "ND", "TICKET MÉDIO (R$)": "ND", "AUTORAS": null, "TÍTULO?": "N/A", "OBSERVAÇÕES": null, "ERA": "Depois da reativação" }, "geometry": { "type": "Point", "coordinates": [ -46.899810331250407, -23.511935566878485 ] } },
{ "type": "Feature", "properties": { "DATA": "2017-05-03", "DIA DA SEMANA": "quarta-feira", "DIA DO JOGO": "2017-05-03 00:00:00", "MÊS DO JOGO": "2017-05-03 00:00:00", "ANO JOGO": 2017.0, "ANO COMPETIÇÃO": 2017.0, "MANDANTE / VISITANTE (SCCP)": "Não", "TIME MANDANTE": "SPORT", "GOLS MANDANTE": "0.0", "x": "x", "GOLS VISITANTE": "0.0", "TIME VISITANTE": "CORINTHIANS", "PLACAR": "0x0", "RESULTADO": "EMPATE", "ADVERSÁRIO": "SPORT", "ESTADO ADVERSÁRIO": "PERNAMBUCO", "PAÍS ADVERSÁRIO": "BRASIL", "GOLS SCCP": "0.0", "GOLS ADVERSÁRIO": "0.0", "SALDO DE GOLS": "0", "TREINADOR": "ARTHUR ELIAS", "JOGO OFICIAL?": "SIM", "COMPETIÇÃO": "CAMPEONATO BRASILEIRO", "FASE": "1ª FASE", "ESTÁDIO": "ADELMAR DA COSTA CARVALHO (ILHA DO RETIRO)", "CAPACIDADE": "32500", "CIDADE": "RECIFE ", "ESTADO/PROVÍNCIA": "PERNAMBUCO", "PAÍS": "BRASIL", "LATITUDE": -8.0631018242894132, "LONGITUDE": -34.903760584090449, "PÚBLICO PAGANTE": "ND", "PÚBLICO TOTAL": "ND", "RENDA BRUTA (R$)": "ND", "RENDA LÍQUIDA (R$)": "ND", "TICKET MÉDIO (R$)": "ND", "AUTORAS": null, "TÍTULO?": "N/A", "OBSERVAÇÕES": null, "ERA": "Depois da reativação" }, "geometry": { "type": "Point", "coordinates": [ -34.903760584090449, -8.063101824289413 ] } },
{ "type": "Feature", "properties": { "DATA": "2017-05-07", "DIA DA SEMANA": "domingo", "DIA DO JOGO": "2017-05-07 00:00:00", "MÊS DO JOGO": "2017-05-07 00:00:00", "ANO JOGO": 2017.0, "ANO COMPETIÇÃO": 2017.0, "MANDANTE / VISITANTE (SCCP)": "Não", "TIME MANDANTE": "JUVENTUS", "GOLS MANDANTE": "0.0", "x": "x", "GOLS VISITANTE": "8.0", "TIME VISITANTE": "CORINTHIANS", "PLACAR": "0x8", "RESULTADO": "VITÓRIA", "ADVERSÁRIO": "JUVENTUS", "ESTADO ADVERSÁRIO": "SÃO PAULO", "PAÍS ADVERSÁRIO": "BRASIL", "GOLS SCCP": "8.0", "GOLS ADVERSÁRIO": "0.0", "SALDO DE GOLS": "8", "TREINADOR": "ARTHUR ELIAS", "JOGO OFICIAL?": "SIM", "COMPETIÇÃO": "CAMPEONATO PAULISTA / FPF", "FASE": "1ª FASE", "ESTÁDIO": "CONDE RODOLFO CRESPI (RUA JAVARI)", "CAPACIDADE": "3800", "CIDADE": "SÃO PAULO ", "ESTADO/PROVÍNCIA": "SÃO PAULO", "PAÍS": "BRASIL", "LATITUDE": -23.552485627232432, "LONGITUDE": -46.601420574225386, "PÚBLICO PAGANTE": "ND", "PÚBLICO TOTAL": "ND", "RENDA BRUTA (R$)": "ND", "RENDA LÍQUIDA (R$)": "ND", "TICKET MÉDIO (R$)": "ND", "AUTORAS": null, "TÍTULO?": "N/A", "OBSERVAÇÕES": null, "ERA": "Depois da reativação" }, "geometry": { "type": "Point", "coordinates": [ -46.601420574225386, -23.552485627232432 ] } },
{ "type": "Feature", "properties": { "DATA": "2017-05-11", "DIA DA SEMANA": "quinta-feira", "DIA DO JOGO": "2017-05-11 00:00:00", "MÊS DO JOGO": "2017-05-11 00:00:00", "ANO JOGO": 2017.0, "ANO COMPETIÇÃO": 2017.0, "MANDANTE / VISITANTE (SCCP)": "Não", "TIME MANDANTE": "AUDAX", "GOLS MANDANTE": "1.0", "x": "x", "GOLS VISITANTE": "5.0", "TIME VISITANTE": "CORINTHIANS", "PLACAR": "1x5", "RESULTADO": "VITÓRIA", "ADVERSÁRIO": "AUDAX", "ESTADO ADVERSÁRIO": "SÃO PAULO", "PAÍS ADVERSÁRIO": "BRASIL", "GOLS SCCP": "5.0", "GOLS ADVERSÁRIO": "1.0", "SALDO DE GOLS": "4", "TREINADOR": "ARTHUR ELIAS", "JOGO OFICIAL?": "SIM", "COMPETIÇÃO": "CAMPEONATO BRASILEIRO", "FASE": "1ª FASE", "ESTÁDIO": "PREFEITO JOSÉ LIBERATTI (ROCHDALÃO)", "CAPACIDADE": "11780", "CIDADE": "OSASCO ", "ESTADO/PROVÍNCIA": "SÃO PAULO", "PAÍS": "BRASIL", "LATITUDE": -23.51198315274678, "LONGITUDE": -46.775554302415202, "PÚBLICO PAGANTE": "ND", "PÚBLICO TOTAL": "ND", "RENDA BRUTA (R$)": "ND", "RENDA LÍQUIDA (R$)": "ND", "TICKET MÉDIO (R$)": "ND", "AUTORAS": null, "TÍTULO?": "N/A", "OBSERVAÇÕES": null, "ERA": "Depois da reativação" }, "geometry": { "type": "Point", "coordinates": [ -46.775554302415202, -23.51198315274678 ] } },
{ "type": "Feature", "properties": { "DATA": "2017-05-14", "DIA DA SEMANA": "domingo", "DIA DO JOGO": "2017-05-14 00:00:00", "MÊS DO JOGO": "2017-05-14 00:00:00", "ANO JOGO": 2017.0, "ANO COMPETIÇÃO": 2017.0, "MANDANTE / VISITANTE (SCCP)": "Sim", "TIME MANDANTE": "CORINTHIANS", "GOLS MANDANTE": "3.0", "x": "x", "GOLS VISITANTE": "0.0", "TIME VISITANTE": "PORTUGUESA", "PLACAR": "3x0", "RESULTADO": "VITÓRIA", "ADVERSÁRIO": "PORTUGUESA", "ESTADO ADVERSÁRIO": "SÃO PAULO", "PAÍS ADVERSÁRIO": "BRASIL", "GOLS SCCP": "3.0", "GOLS ADVERSÁRIO": "0.0", "SALDO DE GOLS": "3", "TREINADOR": "ARTHUR ELIAS", "JOGO OFICIAL?": "SIM", "COMPETIÇÃO": "CAMPEONATO PAULISTA / FPF", "FASE": "1ª FASE", "ESTÁDIO": "COMPLEXO ESPORTIVO VILA PORTO", "CAPACIDADE": "0.0", "CIDADE": "BARUERI ", "ESTADO/PROVÍNCIA": "SÃO PAULO", "PAÍS": "BRASIL", "LATITUDE": -23.49828194687862, "LONGITUDE": -46.871853305087527, "PÚBLICO PAGANTE": "ND", "PÚBLICO TOTAL": "ND", "RENDA BRUTA (R$)": "ND", "RENDA LÍQUIDA (R$)": "ND", "TICKET MÉDIO (R$)": "ND", "AUTORAS": null, "TÍTULO?": "N/A", "OBSERVAÇÕES": null, "ERA": "Depois da reativação" }, "geometry": { "type": "Point", "coordinates": [ -46.871853305087527, -23.49828194687862 ] } },
{ "type": "Feature", "properties": { "DATA": "2017-05-17", "DIA DA SEMANA": "quarta-feira", "DIA DO JOGO": "2017-05-17 00:00:00", "MÊS DO JOGO": "2017-05-17 00:00:00", "ANO JOGO": 2017.0, "ANO COMPETIÇÃO": 2017.0, "MANDANTE / VISITANTE (SCCP)": "Sim", "TIME MANDANTE": "CORINTHIANS", "GOLS MANDANTE": "4.0", "x": "x", "GOLS VISITANTE": "1.0", "TIME VISITANTE": "GRÊMIO", "PLACAR": "4x1", "RESULTADO": "VITÓRIA", "ADVERSÁRIO": "GRÊMIO", "ESTADO ADVERSÁRIO": "RIO GRANDE DO SUL", "PAÍS ADVERSÁRIO": "BRASIL", "GOLS SCCP": "4.0", "GOLS ADVERSÁRIO": "1.0", "SALDO DE GOLS": "3", "TREINADOR": "ARTHUR ELIAS", "JOGO OFICIAL?": "SIM", "COMPETIÇÃO": "CAMPEONATO BRASILEIRO", "FASE": "1ª FASE", "ESTÁDIO": "ORLANDO BATISTA NOVELI (ARENA BARUERI / CREFISA)", "CAPACIDADE": "31452", "CIDADE": "BARUERI ", "ESTADO/PROVÍNCIA": "SÃO PAULO", "PAÍS": "BRASIL", "LATITUDE": -23.511935566878485, "LONGITUDE": -46.899810331250407, "PÚBLICO PAGANTE": "ND", "PÚBLICO TOTAL": "ND", "RENDA BRUTA (R$)": "ND", "RENDA LÍQUIDA (R$)": "ND", "TICKET MÉDIO (R$)": "ND", "AUTORAS": null, "TÍTULO?": "N/A", "OBSERVAÇÕES": null, "ERA": "Depois da reativação" }, "geometry": { "type": "Point", "coordinates": [ -46.899810331250407, -23.511935566878485 ] } },
{ "type": "Feature", "properties": { "DATA": "2017-05-21", "DIA DA SEMANA": "domingo", "DIA DO JOGO": "2017-05-21 00:00:00", "MÊS DO JOGO": "2017-05-21 00:00:00", "ANO JOGO": 2017.0, "ANO COMPETIÇÃO": 2017.0, "MANDANTE / VISITANTE (SCCP)": "Não", "TIME MANDANTE": "TAUBATÉ", "GOLS MANDANTE": "0.0", "x": "x", "GOLS VISITANTE": "4.0", "TIME VISITANTE": "CORINTHIANS", "PLACAR": "0x4", "RESULTADO": "VITÓRIA", "ADVERSÁRIO": "TAUBATÉ", "ESTADO ADVERSÁRIO": "SÃO PAULO", "PAÍS ADVERSÁRIO": "BRASIL", "GOLS SCCP": "4.0", "GOLS ADVERSÁRIO": "0.0", "SALDO DE GOLS": "4", "TREINADOR": "ARTHUR ELIAS", "JOGO OFICIAL?": "SIM", "COMPETIÇÃO": "CAMPEONATO PAULISTA / FPF", "FASE": "1ª FASE", "ESTÁDIO": "JOAQUIM DE MORAIS FILHO (JOAQUINZÃO)", "CAPACIDADE": "9600", "CIDADE": "TAUBATÉ ", "ESTADO/PROVÍNCIA": "SÃO PAULO", "PAÍS": "BRASIL", "LATITUDE": -23.027800963309272, "LONGITUDE": -45.56983161590955, "PÚBLICO PAGANTE": "ND", "PÚBLICO TOTAL": "ND", "RENDA BRUTA (R$)": "ND", "RENDA LÍQUIDA (R$)": "ND", "TICKET MÉDIO (R$)": "ND", "AUTORAS": null, "TÍTULO?": "N/A", "OBSERVAÇÕES": null, "ERA": "Depois da reativação" }, "geometry": { "type": "Point", "coordinates": [ -45.56983161590955, -23.027800963309272 ] } },
{ "type": "Feature", "properties": { "DATA": "2017-05-24", "DIA DA SEMANA": "quarta-feira", "DIA DO JOGO": "2017-05-24 00:00:00", "MÊS DO JOGO": "2017-05-24 00:00:00", "ANO JOGO": 2017.0, "ANO COMPETIÇÃO": 2017.0, "MANDANTE / VISITANTE (SCCP)": "Não", "TIME MANDANTE": "KINDERMANN", "GOLS MANDANTE": "1.0", "x": "x", "GOLS VISITANTE": "2.0", "TIME VISITANTE": "CORINTHIANS", "PLACAR": "1x2", "RESULTADO": "VITÓRIA", "ADVERSÁRIO": "KINDERMANN", "ESTADO ADVERSÁRIO": "SANTA CATARINA", "PAÍS ADVERSÁRIO": "BRASIL", "GOLS SCCP": "2.0", "GOLS ADVERSÁRIO": "1.0", "SALDO DE GOLS": "1", "TREINADOR": "ARTHUR ELIAS", "JOGO OFICIAL?": "SIM", "COMPETIÇÃO": "CAMPEONATO BRASILEIRO", "FASE": "1ª FASE", "ESTÁDIO": "CARLOS ALBERTO COSTA NEVES", "CAPACIDADE": "6500", "CIDADE": "CAÇADOR ", "ESTADO/PROVÍNCIA": "SANTA CATARINA", "PAÍS": "BRASIL", "LATITUDE": -26.771027999853985, "LONGITUDE": -51.007584674327376, "PÚBLICO PAGANTE": "ND", "PÚBLICO TOTAL": "ND", "RENDA BRUTA (R$)": "ND", "RENDA LÍQUIDA (R$)": "ND", "TICKET MÉDIO (R$)": "ND", "AUTORAS": null, "TÍTULO?": "N/A", "OBSERVAÇÕES": null, "ERA": "Depois da reativação" }, "geometry": { "type": "Point", "coordinates": [ -51.007584674327376, -26.771027999853985 ] } },
{ "type": "Feature", "properties": { "DATA": "2017-05-28", "DIA DA SEMANA": "domingo", "DIA DO JOGO": "2017-05-28 00:00:00", "MÊS DO JOGO": "2017-05-28 00:00:00", "ANO JOGO": 2017.0, "ANO COMPETIÇÃO": 2017.0, "MANDANTE / VISITANTE (SCCP)": "Sim", "TIME MANDANTE": "CORINTHIANS", "GOLS MANDANTE": "22.0", "x": "x", "GOLS VISITANTE": "0.0", "TIME VISITANTE": "CENTRO OLÍMPICO", "PLACAR": "22x0", "RESULTADO": "VITÓRIA", "ADVERSÁRIO": "CENTRO OLÍMPICO", "ESTADO ADVERSÁRIO": "SÃO PAULO", "PAÍS ADVERSÁRIO": "BRASIL", "GOLS SCCP": "22.0", "GOLS ADVERSÁRIO": "0.0", "SALDO DE GOLS": "22", "TREINADOR": "ARTHUR ELIAS", "JOGO OFICIAL?": "SIM", "COMPETIÇÃO": "CAMPEONATO PAULISTA / FPF", "FASE": "1ª FASE", "ESTÁDIO": "ORLANDO BATISTA NOVELI (ARENA BARUERI / CREFISA)", "CAPACIDADE": "31452", "CIDADE": "BARUERI ", "ESTADO/PROVÍNCIA": "SÃO PAULO", "PAÍS": "BRASIL", "LATITUDE": -23.511935566878485, "LONGITUDE": -46.899810331250407, "PÚBLICO PAGANTE": "ND", "PÚBLICO TOTAL": "ND", "RENDA BRUTA (R$)": "ND", "RENDA LÍQUIDA (R$)": "ND", "TICKET MÉDIO (R$)": "ND", "AUTORAS": null, "TÍTULO?": "N/A", "OBSERVAÇÕES": null, "ERA": "Depois da reativação" }, "geometry": { "type": "Point", "coordinates": [ -46.899810331250407, -23.511935566878485 ] } },
{ "type": "Feature", "properties": { "DATA": "2017-05-31", "DIA DA SEMANA": "quarta-feira", "DIA DO JOGO": "2017-05-31 00:00:00", "MÊS DO JOGO": "2017-05-31 00:00:00", "ANO JOGO": 2017.0, "ANO COMPETIÇÃO": 2017.0, "MANDANTE / VISITANTE (SCCP)": "Sim", "TIME MANDANTE": "CORINTHIANS", "GOLS MANDANTE": "10.0", "x": "x", "GOLS VISITANTE": "0.0", "TIME VISITANTE": "SÃO FRANCISCO-BA", "PLACAR": "10x0", "RESULTADO": "VITÓRIA", "ADVERSÁRIO": "SÃO FRANCISCO-BA", "ESTADO ADVERSÁRIO": "BAHIA", "PAÍS ADVERSÁRIO": "BRASIL", "GOLS SCCP": "10.0", "GOLS ADVERSÁRIO": "0.0", "SALDO DE GOLS": "10", "TREINADOR": "ARTHUR ELIAS", "JOGO OFICIAL?": "SIM", "COMPETIÇÃO": "CAMPEONATO BRASILEIRO", "FASE": "1ª FASE", "ESTÁDIO": "ORLANDO BATISTA NOVELI (ARENA BARUERI / CREFISA)", "CAPACIDADE": "31452", "CIDADE": "BARUERI ", "ESTADO/PROVÍNCIA": "SÃO PAULO", "PAÍS": "BRASIL", "LATITUDE": -23.511935566878485, "LONGITUDE": -46.899810331250407, "PÚBLICO PAGANTE": "ND", "PÚBLICO TOTAL": "ND", "RENDA BRUTA (R$)": "ND", "RENDA LÍQUIDA (R$)": "ND", "TICKET MÉDIO (R$)": "ND", "AUTORAS": null, "TÍTULO?": "N/A", "OBSERVAÇÕES": null, "ERA": "Depois da reativação" }, "geometry": { "type": "Point", "coordinates": [ -46.899810331250407, -23.511935566878485 ] } },
{ "type": "Feature", "properties": { "DATA": "2017-06-04", "DIA DA SEMANA": "domingo", "DIA DO JOGO": "2017-06-04 00:00:00", "MÊS DO JOGO": "2017-06-04 00:00:00", "ANO JOGO": 2017.0, "ANO COMPETIÇÃO": 2017.0, "MANDANTE / VISITANTE (SCCP)": "Não", "TIME MANDANTE": "SÃO JOSÉ", "GOLS MANDANTE": "0.0", "x": "x", "GOLS VISITANTE": "1.0", "TIME VISITANTE": "CORINTHIANS", "PLACAR": "0x1", "RESULTADO": "VITÓRIA", "ADVERSÁRIO": "SÃO JOSÉ", "ESTADO ADVERSÁRIO": "SÃO PAULO", "PAÍS ADVERSÁRIO": "BRASIL", "GOLS SCCP": "1.0", "GOLS ADVERSÁRIO": "0.0", "SALDO DE GOLS": "1", "TREINADOR": "ARTHUR ELIAS", "JOGO OFICIAL?": "SIM", "COMPETIÇÃO": "CAMPEONATO PAULISTA / FPF", "FASE": "1ª FASE", "ESTÁDIO": "MARTINS PEREIRA", "CAPACIDADE": "16500", "CIDADE": "SÃO JOSÉ DOS CAMPOS ", "ESTADO/PROVÍNCIA": "SÃO PAULO", "PAÍS": "BRASIL", "LATITUDE": -23.1884912615151, "LONGITUDE": -45.869827477202776, "PÚBLICO PAGANTE": "ND", "PÚBLICO TOTAL": "ND", "RENDA BRUTA (R$)": "ND", "RENDA LÍQUIDA (R$)": "ND", "TICKET MÉDIO (R$)": "ND", "AUTORAS": null, "TÍTULO?": "N/A", "OBSERVAÇÕES": null, "ERA": "Depois da reativação" }, "geometry": { "type": "Point", "coordinates": [ -45.869827477202776, -23.1884912615151 ] } },
{ "type": "Feature", "properties": { "DATA": "2017-06-08", "DIA DA SEMANA": "quinta-feira", "DIA DO JOGO": "2017-06-08 00:00:00", "MÊS DO JOGO": "2017-06-08 00:00:00", "ANO JOGO": 2017.0, "ANO COMPETIÇÃO": 2017.0, "MANDANTE / VISITANTE (SCCP)": "Sim", "TIME MANDANTE": "CORINTHIANS", "GOLS MANDANTE": "0.0", "x": "x", "GOLS VISITANTE": "0.0", "TIME VISITANTE": "SANTOS", "PLACAR": "0x0", "RESULTADO": "EMPATE", "ADVERSÁRIO": "SANTOS", "ESTADO ADVERSÁRIO": "SÃO PAULO", "PAÍS ADVERSÁRIO": "BRASIL", "GOLS SCCP": "0.0", "GOLS ADVERSÁRIO": "0.0", "SALDO DE GOLS": "0", "TREINADOR": "ARTHUR ELIAS", "JOGO OFICIAL?": "SIM", "COMPETIÇÃO": "CAMPEONATO PAULISTA / FPF", "FASE": "1ª FASE", "ESTÁDIO": "ORLANDO BATISTA NOVELI (ARENA BARUERI / CREFISA)", "CAPACIDADE": "31452", "CIDADE": "BARUERI ", "ESTADO/PROVÍNCIA": "SÃO PAULO", "PAÍS": "BRASIL", "LATITUDE": -23.511935566878485, "LONGITUDE": -46.899810331250407, "PÚBLICO PAGANTE": "ND", "PÚBLICO TOTAL": "ND", "RENDA BRUTA (R$)": "ND", "RENDA LÍQUIDA (R$)": "ND", "TICKET MÉDIO (R$)": "ND", "AUTORAS": null, "TÍTULO?": "N/A", "OBSERVAÇÕES": null, "ERA": "Depois da reativação" }, "geometry": { "type": "Point", "coordinates": [ -46.899810331250407, -23.511935566878485 ] } },
{ "type": "Feature", "properties": { "DATA": "2017-06-11", "DIA DA SEMANA": "domingo", "DIA DO JOGO": "2017-06-11 00:00:00", "MÊS DO JOGO": "2017-06-11 00:00:00", "ANO JOGO": 2017.0, "ANO COMPETIÇÃO": 2017.0, "MANDANTE / VISITANTE (SCCP)": "Não", "TIME MANDANTE": "EMBU DAS ARTES", "GOLS MANDANTE": "2.0", "x": "x", "GOLS VISITANTE": "5.0", "TIME VISITANTE": "CORINTHIANS", "PLACAR": "2x5", "RESULTADO": "VITÓRIA", "ADVERSÁRIO": "EMBU DAS ARTES", "ESTADO ADVERSÁRIO": "SÃO PAULO", "PAÍS ADVERSÁRIO": "BRASIL", "GOLS SCCP": "5.0", "GOLS ADVERSÁRIO": "2.0", "SALDO DE GOLS": "3", "TREINADOR": "ARTHUR ELIAS", "JOGO OFICIAL?": "SIM", "COMPETIÇÃO": "CAMPEONATO PAULISTA / FPF", "FASE": "1ª FASE", "ESTÁDIO": "HERMÍNIO ESPOSITO", "CAPACIDADE": "5048", "CIDADE": "EMBU DAS ARTES ", "ESTADO/PROVÍNCIA": "SÃO PAULO", "PAÍS": "BRASIL", "LATITUDE": -23.653190356138168, "LONGITUDE": -46.856368817756056, "PÚBLICO PAGANTE": "ND", "PÚBLICO TOTAL": "ND", "RENDA BRUTA (R$)": "ND", "RENDA LÍQUIDA (R$)": "ND", "TICKET MÉDIO (R$)": "ND", "AUTORAS": null, "TÍTULO?": "N/A", "OBSERVAÇÕES": null, "ERA": "Depois da reativação" }, "geometry": { "type": "Point", "coordinates": [ -46.856368817756056, -23.653190356138168 ] } },
{ "type": "Feature", "properties": { "DATA": "2017-06-15", "DIA DA SEMANA": "quinta-feira", "DIA DO JOGO": "2017-06-15 00:00:00", "MÊS DO JOGO": "2017-06-15 00:00:00", "ANO JOGO": 2017.0, "ANO COMPETIÇÃO": 2017.0, "MANDANTE / VISITANTE (SCCP)": "Não", "TIME MANDANTE": "FERROVIÁRIA", "GOLS MANDANTE": "1.0", "x": "x", "GOLS VISITANTE": "2.0", "TIME VISITANTE": "CORINTHIANS", "PLACAR": "1x2", "RESULTADO": "VITÓRIA", "ADVERSÁRIO": "FERROVIÁRIA", "ESTADO ADVERSÁRIO": "SÃO PAULO", "PAÍS ADVERSÁRIO": "BRASIL", "GOLS SCCP": "2.0", "GOLS ADVERSÁRIO": "1.0", "SALDO DE GOLS": "1", "TREINADOR": "ARTHUR ELIAS", "JOGO OFICIAL?": "SIM", "COMPETIÇÃO": "CAMPEONATO BRASILEIRO", "FASE": "QUARTAS DE FINAL", "ESTÁDIO": "OLIVÉRIO BAZZANI FILHO (ARENA DA FONTE LUMINOSA)", "CAPACIDADE": "20205", "CIDADE": "ARARAQUARA ", "ESTADO/PROVÍNCIA": "SÃO PAULO", "PAÍS": "BRASIL", "LATITUDE": -21.775035435893585, "LONGITUDE": -48.169600583381282, "PÚBLICO PAGANTE": "ND", "PÚBLICO TOTAL": "ND", "RENDA BRUTA (R$)": "ND", "RENDA LÍQUIDA (R$)": "ND", "TICKET MÉDIO (R$)": "ND", "AUTORAS": null, "TÍTULO?": "N/A", "OBSERVAÇÕES": null, "ERA": "Depois da reativação" }, "geometry": { "type": "Point", "coordinates": [ -48.169600583381282, -21.775035435893585 ] } },
{ "type": "Feature", "properties": { "DATA": "2017-06-18", "DIA DA SEMANA": "domingo", "DIA DO JOGO": "2017-06-18 00:00:00", "MÊS DO JOGO": "2017-06-18 00:00:00", "ANO JOGO": 2017.0, "ANO COMPETIÇÃO": 2017.0, "MANDANTE / VISITANTE (SCCP)": "Sim", "TIME MANDANTE": "CORINTHIANS", "GOLS MANDANTE": "6.0", "x": "x", "GOLS VISITANTE": "0.0", "TIME VISITANTE": "JUVENTUS", "PLACAR": "6x0", "RESULTADO": "VITÓRIA", "ADVERSÁRIO": "JUVENTUS", "ESTADO ADVERSÁRIO": "SÃO PAULO", "PAÍS ADVERSÁRIO": "BRASIL", "GOLS SCCP": "6.0", "GOLS ADVERSÁRIO": "0.0", "SALDO DE GOLS": "6", "TREINADOR": "ARTHUR ELIAS", "JOGO OFICIAL?": "SIM", "COMPETIÇÃO": "CAMPEONATO PAULISTA / FPF", "FASE": "1ª FASE", "ESTÁDIO": "ORLANDO BATISTA NOVELI (ARENA BARUERI / CREFISA)", "CAPACIDADE": "31452", "CIDADE": "BARUERI ", "ESTADO/PROVÍNCIA": "SÃO PAULO", "PAÍS": "BRASIL", "LATITUDE": -23.511935566878485, "LONGITUDE": -46.899810331250407, "PÚBLICO PAGANTE": "ND", "PÚBLICO TOTAL": "ND", "RENDA BRUTA (R$)": "ND", "RENDA LÍQUIDA (R$)": "ND", "TICKET MÉDIO (R$)": "ND", "AUTORAS": null, "TÍTULO?": "N/A", "OBSERVAÇÕES": null, "ERA": "Depois da reativação" }, "geometry": { "type": "Point", "coordinates": [ -46.899810331250407, -23.511935566878485 ] } },
{ "type": "Feature", "properties": { "DATA": "2017-06-22", "DIA DA SEMANA": "quinta-feira", "DIA DO JOGO": "2017-06-22 00:00:00", "MÊS DO JOGO": "2017-06-22 00:00:00", "ANO JOGO": 2017.0, "ANO COMPETIÇÃO": 2017.0, "MANDANTE / VISITANTE (SCCP)": "Sim", "TIME MANDANTE": "CORINTHIANS", "GOLS MANDANTE": "4.0", "x": "x", "GOLS VISITANTE": "0.0", "TIME VISITANTE": "FERROVIÁRIA", "PLACAR": "4x0", "RESULTADO": "VITÓRIA", "ADVERSÁRIO": "FERROVIÁRIA", "ESTADO ADVERSÁRIO": "SÃO PAULO", "PAÍS ADVERSÁRIO": "BRASIL", "GOLS SCCP": "4.0", "GOLS ADVERSÁRIO": "0.0", "SALDO DE GOLS": "4", "TREINADOR": "ARTHUR ELIAS", "JOGO OFICIAL?": "SIM", "COMPETIÇÃO": "CAMPEONATO BRASILEIRO", "FASE": "QUARTAS DE FINAL", "ESTÁDIO": "ORLANDO BATISTA NOVELI (ARENA BARUERI / CREFISA)", "CAPACIDADE": "31452", "CIDADE": "BARUERI ", "ESTADO/PROVÍNCIA": "SÃO PAULO", "PAÍS": "BRASIL", "LATITUDE": -23.511935566878485, "LONGITUDE": -46.899810331250407, "PÚBLICO PAGANTE": "ND", "PÚBLICO TOTAL": "ND", "RENDA BRUTA (R$)": "ND", "RENDA LÍQUIDA (R$)": "ND", "TICKET MÉDIO (R$)": "ND", "AUTORAS": null, "TÍTULO?": "N/A", "OBSERVAÇÕES": null, "ERA": "Depois da reativação" }, "geometry": { "type": "Point", "coordinates": [ -46.899810331250407, -23.511935566878485 ] } },
{ "type": "Feature", "properties": { "DATA": "2017-06-25", "DIA DA SEMANA": "domingo", "DIA DO JOGO": "2017-06-25 00:00:00", "MÊS DO JOGO": "2017-06-25 00:00:00", "ANO JOGO": 2017.0, "ANO COMPETIÇÃO": 2017.0, "MANDANTE / VISITANTE (SCCP)": "Não", "TIME MANDANTE": "PORTUGUESA", "GOLS MANDANTE": "1.0", "x": "x", "GOLS VISITANTE": "3.0", "TIME VISITANTE": "CORINTHIANS", "PLACAR": "1x3", "RESULTADO": "VITÓRIA", "ADVERSÁRIO": "PORTUGUESA", "ESTADO ADVERSÁRIO": "SÃO PAULO", "PAÍS ADVERSÁRIO": "BRASIL", "GOLS SCCP": "3.0", "GOLS ADVERSÁRIO": "1.0", "SALDO DE GOLS": "2", "TREINADOR": "ARTHUR ELIAS", "JOGO OFICIAL?": "SIM", "COMPETIÇÃO": "CAMPEONATO PAULISTA / FPF", "FASE": "1ª FASE", "ESTÁDIO": "CENTRO DE TREINAMENTO DA PORTUGUESA", "CAPACIDADE": "1000", "CIDADE": "SÃO PAULO ", "ESTADO/PROVÍNCIA": "SÃO PAULO", "PAÍS": "BRASIL", "LATITUDE": -23.493357315760246, "LONGITUDE": -46.514445979997753, "PÚBLICO PAGANTE": "ND", "PÚBLICO TOTAL": "ND", "RENDA BRUTA (R$)": "ND", "RENDA LÍQUIDA (R$)": "ND", "TICKET MÉDIO (R$)": "ND", "AUTORAS": null, "TÍTULO?": "N/A", "OBSERVAÇÕES": null, "ERA": "Depois da reativação" }, "geometry": { "type": "Point", "coordinates": [ -46.514445979997753, -23.493357315760246 ] } },
{ "type": "Feature", "properties": { "DATA": "2017-06-29", "DIA DA SEMANA": "quinta-feira", "DIA DO JOGO": "2017-06-29 00:00:00", "MÊS DO JOGO": "2017-06-29 00:00:00", "ANO JOGO": 2017.0, "ANO COMPETIÇÃO": 2017.0, "MANDANTE / VISITANTE (SCCP)": "Não", "TIME MANDANTE": "RIO PRETO", "GOLS MANDANTE": "2.0", "x": "x", "GOLS VISITANTE": "1.0", "TIME VISITANTE": "CORINTHIANS", "PLACAR": "2x1", "RESULTADO": "DERROTA", "ADVERSÁRIO": "RIO PRETO", "ESTADO ADVERSÁRIO": "SÃO PAULO", "PAÍS ADVERSÁRIO": "BRASIL", "GOLS SCCP": "1.0", "GOLS ADVERSÁRIO": "2.0", "SALDO DE GOLS": "-1", "TREINADOR": "ARTHUR ELIAS", "JOGO OFICIAL?": "SIM", "COMPETIÇÃO": "CAMPEONATO BRASILEIRO", "FASE": "SEMIFINAL", "ESTÁDIO": "ANÍSIO HADDAD (RIO PRETÃO)", "CAPACIDADE": "14014", "CIDADE": "SÃO JOSÉ DO RIO PRETO ", "ESTADO/PROVÍNCIA": "SÃO PAULO", "PAÍS": "BRASIL", "LATITUDE": -20.834486949703546, "LONGITUDE": -49.400762361932159, "PÚBLICO PAGANTE": "ND", "PÚBLICO TOTAL": "ND", "RENDA BRUTA (R$)": "ND", "RENDA LÍQUIDA (R$)": "ND", "TICKET MÉDIO (R$)": "ND", "AUTORAS": null, "TÍTULO?": "N/A", "OBSERVAÇÕES": null, "ERA": "Depois da reativação" }, "geometry": { "type": "Point", "coordinates": [ -49.400762361932159, -20.834486949703546 ] } },
{ "type": "Feature", "properties": { "DATA": "2017-07-02", "DIA DA SEMANA": "domingo", "DIA DO JOGO": "2017-07-02 00:00:00", "MÊS DO JOGO": "2017-07-02 00:00:00", "ANO JOGO": 2017.0, "ANO COMPETIÇÃO": 2017.0, "MANDANTE / VISITANTE (SCCP)": "Sim", "TIME MANDANTE": "CORINTHIANS", "GOLS MANDANTE": "7.0", "x": "x", "GOLS VISITANTE": "1.0", "TIME VISITANTE": "TAUBATÉ", "PLACAR": "7x1", "RESULTADO": "VITÓRIA", "ADVERSÁRIO": "TAUBATÉ", "ESTADO ADVERSÁRIO": "SÃO PAULO", "PAÍS ADVERSÁRIO": "BRASIL", "GOLS SCCP": "7.0", "GOLS ADVERSÁRIO": "1.0", "SALDO DE GOLS": "6", "TREINADOR": "ARTHUR ELIAS", "JOGO OFICIAL?": "SIM", "COMPETIÇÃO": "CAMPEONATO PAULISTA / FPF", "FASE": "1ª FASE", "ESTÁDIO": "ORLANDO BATISTA NOVELI (ARENA BARUERI / CREFISA)", "CAPACIDADE": "31452", "CIDADE": "BARUERI ", "ESTADO/PROVÍNCIA": "SÃO PAULO", "PAÍS": "BRASIL", "LATITUDE": -23.511935566878485, "LONGITUDE": -46.899810331250407, "PÚBLICO PAGANTE": "ND", "PÚBLICO TOTAL": "ND", "RENDA BRUTA (R$)": "ND", "RENDA LÍQUIDA (R$)": "ND", "TICKET MÉDIO (R$)": "ND", "AUTORAS": null, "TÍTULO?": "N/A", "OBSERVAÇÕES": null, "ERA": "Depois da reativação" }, "geometry": { "type": "Point", "coordinates": [ -46.899810331250407, -23.511935566878485 ] } },
{ "type": "Feature", "properties": { "DATA": "2017-07-09", "DIA DA SEMANA": "domingo", "DIA DO JOGO": "2017-07-09 00:00:00", "MÊS DO JOGO": "2017-07-09 00:00:00", "ANO JOGO": 2017.0, "ANO COMPETIÇÃO": 2017.0, "MANDANTE / VISITANTE (SCCP)": "Sim", "TIME MANDANTE": "CORINTHIANS", "GOLS MANDANTE": "1.0", "x": "x", "GOLS VISITANTE": "0.0", "TIME VISITANTE": "RIO PRETO", "PLACAR": "1x0", "RESULTADO": "VITÓRIA", "ADVERSÁRIO": "RIO PRETO", "ESTADO ADVERSÁRIO": "SÃO PAULO", "PAÍS ADVERSÁRIO": "BRASIL", "GOLS SCCP": "1.0", "GOLS ADVERSÁRIO": "0.0", "SALDO DE GOLS": "1", "TREINADOR": "ARTHUR ELIAS", "JOGO OFICIAL?": "SIM", "COMPETIÇÃO": "CAMPEONATO BRASILEIRO", "FASE": "SEMIFINAL", "ESTÁDIO": "ORLANDO BATISTA NOVELI (ARENA BARUERI / CREFISA)", "CAPACIDADE": "31452", "CIDADE": "BARUERI ", "ESTADO/PROVÍNCIA": "SÃO PAULO", "PAÍS": "BRASIL", "LATITUDE": -23.511935566878485, "LONGITUDE": -46.899810331250407, "PÚBLICO PAGANTE": "ND", "PÚBLICO TOTAL": "ND", "RENDA BRUTA (R$)": "ND", "RENDA LÍQUIDA (R$)": "ND", "TICKET MÉDIO (R$)": "ND", "AUTORAS": null, "TÍTULO?": "N/A", "OBSERVAÇÕES": null, "ERA": "Depois da reativação" }, "geometry": { "type": "Point", "coordinates": [ -46.899810331250407, -23.511935566878485 ] } },
{ "type": "Feature", "properties": { "DATA": "2017-07-13", "DIA DA SEMANA": "quinta-feira", "DIA DO JOGO": "2017-07-13 00:00:00", "MÊS DO JOGO": "2017-07-13 00:00:00", "ANO JOGO": 2017.0, "ANO COMPETIÇÃO": 2017.0, "MANDANTE / VISITANTE (SCCP)": "Não", "TIME MANDANTE": "SANTOS", "GOLS MANDANTE": "2.0", "x": "x", "GOLS VISITANTE": "0.0", "TIME VISITANTE": "CORINTHIANS", "PLACAR": "2x0", "RESULTADO": "DERROTA", "ADVERSÁRIO": "SANTOS", "ESTADO ADVERSÁRIO": "SÃO PAULO", "PAÍS ADVERSÁRIO": "BRASIL", "GOLS SCCP": "0.0", "GOLS ADVERSÁRIO": "2.0", "SALDO DE GOLS": "-2", "TREINADOR": "ARTHUR ELIAS", "JOGO OFICIAL?": "SIM", "COMPETIÇÃO": "CAMPEONATO BRASILEIRO", "FASE": "FINAL", "ESTÁDIO": "URBANO CALDEIRA (VILA BELMIRO)", "CAPACIDADE": "20360", "CIDADE": "SANTOS", "ESTADO/PROVÍNCIA": "SÃO PAULO", "PAÍS": "BRASIL", "LATITUDE": -23.950833202245221, "LONGITUDE": -46.338367960085641, "PÚBLICO PAGANTE": "ND", "PÚBLICO TOTAL": "ND", "RENDA BRUTA (R$)": "ND", "RENDA LÍQUIDA (R$)": "ND", "TICKET MÉDIO (R$)": "ND", "AUTORAS": null, "TÍTULO?": "N/A", "OBSERVAÇÕES": null, "ERA": "Depois da reativação" }, "geometry": { "type": "Point", "coordinates": [ -46.338367960085641, -23.950833202245221 ] } },
{ "type": "Feature", "properties": { "DATA": "2017-07-20", "DIA DA SEMANA": "quinta-feira", "DIA DO JOGO": "2017-07-20 00:00:00", "MÊS DO JOGO": "2017-07-20 00:00:00", "ANO JOGO": 2017.0, "ANO COMPETIÇÃO": 2017.0, "MANDANTE / VISITANTE (SCCP)": "Sim", "TIME MANDANTE": "CORINTHIANS", "GOLS MANDANTE": "0.0", "x": "x", "GOLS VISITANTE": "1.0", "TIME VISITANTE": "SANTOS", "PLACAR": "0x1", "RESULTADO": "DERROTA", "ADVERSÁRIO": "SANTOS", "ESTADO ADVERSÁRIO": "SÃO PAULO", "PAÍS ADVERSÁRIO": "BRASIL", "GOLS SCCP": "0.0", "GOLS ADVERSÁRIO": "1.0", "SALDO DE GOLS": "-1", "TREINADOR": "ARTHUR ELIAS", "JOGO OFICIAL?": "SIM", "COMPETIÇÃO": "CAMPEONATO BRASILEIRO", "FASE": "FINAL", "ESTÁDIO": "ORLANDO BATISTA NOVELI (ARENA BARUERI / CREFISA)", "CAPACIDADE": "31452", "CIDADE": "BARUERI ", "ESTADO/PROVÍNCIA": "SÃO PAULO", "PAÍS": "BRASIL", "LATITUDE": -23.511935566878485, "LONGITUDE": -46.899810331250407, "PÚBLICO PAGANTE": "ND", "PÚBLICO TOTAL": "ND", "RENDA BRUTA (R$)": "ND", "RENDA LÍQUIDA (R$)": "ND", "TICKET MÉDIO (R$)": "ND", "AUTORAS": null, "TÍTULO?": "N/A", "OBSERVAÇÕES": "Corinthians vice-campeão do Campeonato Brasileiro 2017", "ERA": "Depois da reativação" }, "geometry": { "type": "Point", "coordinates": [ -46.899810331250407, -23.511935566878485 ] } },
{ "type": "Feature", "properties": { "DATA": "2017-08-08", "DIA DA SEMANA": "terça-feira", "DIA DO JOGO": "2017-08-08 00:00:00", "MÊS DO JOGO": "2017-08-08 00:00:00", "ANO JOGO": 2017.0, "ANO COMPETIÇÃO": 2017.0, "MANDANTE / VISITANTE (SCCP)": "Não", "TIME MANDANTE": "PORTUGUESA", "GOLS MANDANTE": "0.0", "x": "x", "GOLS VISITANTE": "6.0", "TIME VISITANTE": "CORINTHIANS", "PLACAR": "0x6", "RESULTADO": "VITÓRIA", "ADVERSÁRIO": "PORTUGUESA", "ESTADO ADVERSÁRIO": "SÃO PAULO", "PAÍS ADVERSÁRIO": "BRASIL", "GOLS SCCP": "6.0", "GOLS ADVERSÁRIO": "0.0", "SALDO DE GOLS": "6", "TREINADOR": "ARTHUR ELIAS", "JOGO OFICIAL?": "SIM", "COMPETIÇÃO": "CAMPEONATO PAULISTA / FPF", "FASE": "2ª FASE", "ESTÁDIO": "OSWALDO TEIXEIRA DUARTE (CANINDÉ)", "CAPACIDADE": "21004", "CIDADE": "SÃO PAULO ", "ESTADO/PROVÍNCIA": "SÃO PAULO", "PAÍS": "BRASIL", "LATITUDE": -23.520132719349128, "LONGITUDE": -46.618264502415194, "PÚBLICO PAGANTE": "ND", "PÚBLICO TOTAL": "ND", "RENDA BRUTA (R$)": "ND", "RENDA LÍQUIDA (R$)": "ND", "TICKET MÉDIO (R$)": "ND", "AUTORAS": null, "TÍTULO?": "N/A", "OBSERVAÇÕES": null, "ERA": "Depois da reativação" }, "geometry": { "type": "Point", "coordinates": [ -46.618264502415194, -23.520132719349128 ] } },
{ "type": "Feature", "properties": { "DATA": "2017-08-14", "DIA DA SEMANA": "segunda-feira", "DIA DO JOGO": "2017-08-14 00:00:00", "MÊS DO JOGO": "2017-08-14 00:00:00", "ANO JOGO": 2017.0, "ANO COMPETIÇÃO": 2017.0, "MANDANTE / VISITANTE (SCCP)": "Sim", "TIME MANDANTE": "CORINTHIANS", "GOLS MANDANTE": "0.0", "x": "x", "GOLS VISITANTE": "0.0", "TIME VISITANTE": "FERROVIÁRIA", "PLACAR": "0x0", "RESULTADO": "EMPATE", "ADVERSÁRIO": "FERROVIÁRIA", "ESTADO ADVERSÁRIO": "SÃO PAULO", "PAÍS ADVERSÁRIO": "BRASIL", "GOLS SCCP": "0.0", "GOLS ADVERSÁRIO": "0.0", "SALDO DE GOLS": "0", "TREINADOR": "ARTHUR ELIAS", "JOGO OFICIAL?": "SIM", "COMPETIÇÃO": "CAMPEONATO PAULISTA / FPF", "FASE": "2ª FASE", "ESTÁDIO": "ORLANDO BATISTA NOVELI (ARENA BARUERI / CREFISA)", "CAPACIDADE": "31452", "CIDADE": "BARUERI ", "ESTADO/PROVÍNCIA": "SÃO PAULO", "PAÍS": "BRASIL", "LATITUDE": -23.511935566878485, "LONGITUDE": -46.899810331250407, "PÚBLICO PAGANTE": "ND", "PÚBLICO TOTAL": "ND", "RENDA BRUTA (R$)": "ND", "RENDA LÍQUIDA (R$)": "ND", "TICKET MÉDIO (R$)": "ND", "AUTORAS": null, "TÍTULO?": "N/A", "OBSERVAÇÕES": null, "ERA": "Depois da reativação" }, "geometry": { "type": "Point", "coordinates": [ -46.899810331250407, -23.511935566878485 ] } },
{ "type": "Feature", "properties": { "DATA": "2017-08-21", "DIA DA SEMANA": "segunda-feira", "DIA DO JOGO": "2017-08-21 00:00:00", "MÊS DO JOGO": "2017-08-21 00:00:00", "ANO JOGO": 2017.0, "ANO COMPETIÇÃO": 2017.0, "MANDANTE / VISITANTE (SCCP)": "Não", "TIME MANDANTE": "PONTE PRETA", "GOLS MANDANTE": "0.0", "x": "x", "GOLS VISITANTE": "1.0", "TIME VISITANTE": "CORINTHIANS", "PLACAR": "0x1", "RESULTADO": "VITÓRIA", "ADVERSÁRIO": "PONTE PRETA", "ESTADO ADVERSÁRIO": "SÃO PAULO", "PAÍS ADVERSÁRIO": "BRASIL", "GOLS SCCP": "1.0", "GOLS ADVERSÁRIO": "0.0", "SALDO DE GOLS": "1", "TREINADOR": "ARTHUR ELIAS", "JOGO OFICIAL?": "SIM", "COMPETIÇÃO": "CAMPEONATO PAULISTA / FPF", "FASE": "2ª FASE", "ESTÁDIO": "MOISÉS LUCARELLI (MAJESTOSO)", "CAPACIDADE": "15728", "CIDADE": "CAMPINAS ", "ESTADO/PROVÍNCIA": "SÃO PAULO", "PAÍS": "BRASIL", "LATITUDE": -22.912600582555537, "LONGITUDE": -47.05115367918981, "PÚBLICO PAGANTE": "ND", "PÚBLICO TOTAL": "ND", "RENDA BRUTA (R$)": "ND", "RENDA LÍQUIDA (R$)": "ND", "TICKET MÉDIO (R$)": "ND", "AUTORAS": null, "TÍTULO?": "N/A", "OBSERVAÇÕES": null, "ERA": "Depois da reativação" }, "geometry": { "type": "Point", "coordinates": [ -47.05115367918981, -22.912600582555537 ] } },
{ "type": "Feature", "properties": { "DATA": "2017-08-27", "DIA DA SEMANA": "domingo", "DIA DO JOGO": "2017-08-27 00:00:00", "MÊS DO JOGO": "2017-08-27 00:00:00", "ANO JOGO": 2017.0, "ANO COMPETIÇÃO": 2017.0, "MANDANTE / VISITANTE (SCCP)": "Sim", "TIME MANDANTE": "CORINTHIANS", "GOLS MANDANTE": "2.0", "x": "x", "GOLS VISITANTE": "0.0", "TIME VISITANTE": "PONTE PRETA", "PLACAR": "2x0", "RESULTADO": "VITÓRIA", "ADVERSÁRIO": "PONTE PRETA", "ESTADO ADVERSÁRIO": "SÃO PAULO", "PAÍS ADVERSÁRIO": "BRASIL", "GOLS SCCP": "2.0", "GOLS ADVERSÁRIO": "0.0", "SALDO DE GOLS": "2", "TREINADOR": "ARTHUR ELIAS", "JOGO OFICIAL?": "SIM", "COMPETIÇÃO": "CAMPEONATO PAULISTA / FPF", "FASE": "2ª FASE", "ESTÁDIO": "ORLANDO BATISTA NOVELI (ARENA BARUERI / CREFISA)", "CAPACIDADE": "31452", "CIDADE": "BARUERI ", "ESTADO/PROVÍNCIA": "SÃO PAULO", "PAÍS": "BRASIL", "LATITUDE": -23.511935566878485, "LONGITUDE": -46.899810331250407, "PÚBLICO PAGANTE": "ND", "PÚBLICO TOTAL": "ND", "RENDA BRUTA (R$)": "ND", "RENDA LÍQUIDA (R$)": "ND", "TICKET MÉDIO (R$)": "ND", "AUTORAS": null, "TÍTULO?": "N/A", "OBSERVAÇÕES": null, "ERA": "Depois da reativação" }, "geometry": { "type": "Point", "coordinates": [ -46.899810331250407, -23.511935566878485 ] } },
{ "type": "Feature", "properties": { "DATA": "2017-09-02", "DIA DA SEMANA": "sábado", "DIA DO JOGO": "2017-09-02 00:00:00", "MÊS DO JOGO": "2017-09-02 00:00:00", "ANO JOGO": 2017.0, "ANO COMPETIÇÃO": 2017.0, "MANDANTE / VISITANTE (SCCP)": "Não", "TIME MANDANTE": "FERROVIÁRIA", "GOLS MANDANTE": "0.0", "x": "x", "GOLS VISITANTE": "0.0", "TIME VISITANTE": "CORINTHIANS", "PLACAR": "0x0", "RESULTADO": "EMPATE", "ADVERSÁRIO": "FERROVIÁRIA", "ESTADO ADVERSÁRIO": "SÃO PAULO", "PAÍS ADVERSÁRIO": "BRASIL", "GOLS SCCP": "0.0", "GOLS ADVERSÁRIO": "0.0", "SALDO DE GOLS": "0", "TREINADOR": "ARTHUR ELIAS", "JOGO OFICIAL?": "SIM", "COMPETIÇÃO": "CAMPEONATO PAULISTA / FPF", "FASE": "2ª FASE", "ESTÁDIO": "OLIVÉRIO BAZZANI FILHO (ARENA DA FONTE LUMINOSA)", "CAPACIDADE": "20205", "CIDADE": "ARARAQUARA ", "ESTADO/PROVÍNCIA": "SÃO PAULO", "PAÍS": "BRASIL", "LATITUDE": -21.775035435893585, "LONGITUDE": -48.169600583381282, "PÚBLICO PAGANTE": "ND", "PÚBLICO TOTAL": "ND", "RENDA BRUTA (R$)": "ND", "RENDA LÍQUIDA (R$)": "ND", "TICKET MÉDIO (R$)": "ND", "AUTORAS": null, "TÍTULO?": "N/A", "OBSERVAÇÕES": null, "ERA": "Depois da reativação" }, "geometry": { "type": "Point", "coordinates": [ -48.169600583381282, -21.775035435893585 ] } },
{ "type": "Feature", "properties": { "DATA": "2017-09-10", "DIA DA SEMANA": "domingo", "DIA DO JOGO": "2017-09-10 00:00:00", "MÊS DO JOGO": "2017-09-10 00:00:00", "ANO JOGO": 2017.0, "ANO COMPETIÇÃO": 2017.0, "MANDANTE / VISITANTE (SCCP)": "Sim", "TIME MANDANTE": "CORINTHIANS", "GOLS MANDANTE": "3.0", "x": "x", "GOLS VISITANTE": "0.0", "TIME VISITANTE": "PORTUGUESA", "PLACAR": "3x0", "RESULTADO": "VITÓRIA", "ADVERSÁRIO": "PORTUGUESA", "ESTADO ADVERSÁRIO": "SÃO PAULO", "PAÍS ADVERSÁRIO": "BRASIL", "GOLS SCCP": "3.0", "GOLS ADVERSÁRIO": "0.0", "SALDO DE GOLS": "3", "TREINADOR": "ARTHUR ELIAS", "JOGO OFICIAL?": "SIM", "COMPETIÇÃO": "CAMPEONATO PAULISTA / FPF", "FASE": "2ª FASE", "ESTÁDIO": "ORLANDO BATISTA NOVELI (ARENA BARUERI / CREFISA)", "CAPACIDADE": "31452", "CIDADE": "BARUERI ", "ESTADO/PROVÍNCIA": "SÃO PAULO", "PAÍS": "BRASIL", "LATITUDE": -23.511935566878485, "LONGITUDE": -46.899810331250407, "PÚBLICO PAGANTE": "ND", "PÚBLICO TOTAL": "ND", "RENDA BRUTA (R$)": "ND", "RENDA LÍQUIDA (R$)": "ND", "TICKET MÉDIO (R$)": "ND", "AUTORAS": null, "TÍTULO?": "N/A", "OBSERVAÇÕES": null, "ERA": "Depois da reativação" }, "geometry": { "type": "Point", "coordinates": [ -46.899810331250407, -23.511935566878485 ] } },
{ "type": "Feature", "properties": { "DATA": "2017-09-16", "DIA DA SEMANA": "sábado", "DIA DO JOGO": "2017-09-16 00:00:00", "MÊS DO JOGO": "2017-09-16 00:00:00", "ANO JOGO": 2017.0, "ANO COMPETIÇÃO": 2017.0, "MANDANTE / VISITANTE (SCCP)": "Não", "TIME MANDANTE": "RIO PRETO", "GOLS MANDANTE": "2.0", "x": "x", "GOLS VISITANTE": "0.0", "TIME VISITANTE": "CORINTHIANS", "PLACAR": "2x0", "RESULTADO": "DERROTA", "ADVERSÁRIO": "RIO PRETO", "ESTADO ADVERSÁRIO": "SÃO PAULO", "PAÍS ADVERSÁRIO": "BRASIL", "GOLS SCCP": "0.0", "GOLS ADVERSÁRIO": "2.0", "SALDO DE GOLS": "-2", "TREINADOR": "ARTHUR ELIAS", "JOGO OFICIAL?": "SIM", "COMPETIÇÃO": "CAMPEONATO PAULISTA / FPF", "FASE": "SEMIFINAL", "ESTÁDIO": "JOSÉ MARIA DE CAMPOS MAIA (MAIÃO)", "CAPACIDADE": "15000", "CIDADE": "MIRASSOL ", "ESTADO/PROVÍNCIA": "SÃO PAULO", "PAÍS": "BRASIL", "LATITUDE": -20.822221120536899, "LONGITUDE": -49.50558410852345, "PÚBLICO PAGANTE": "ND", "PÚBLICO TOTAL": "ND", "RENDA BRUTA (R$)": "ND", "RENDA LÍQUIDA (R$)": "ND", "TICKET MÉDIO (R$)": "ND", "AUTORAS": null, "TÍTULO?": "N/A", "OBSERVAÇÕES": null, "ERA": "Depois da reativação" }, "geometry": { "type": "Point", "coordinates": [ -49.50558410852345, -20.822221120536899 ] } },
{ "type": "Feature", "properties": { "DATA": "2017-09-23", "DIA DA SEMANA": "sábado", "DIA DO JOGO": "2017-09-23 00:00:00", "MÊS DO JOGO": "2017-09-23 00:00:00", "ANO JOGO": 2017.0, "ANO COMPETIÇÃO": 2017.0, "MANDANTE / VISITANTE (SCCP)": "Sim", "TIME MANDANTE": "CORINTHIANS", "GOLS MANDANTE": "0.0", "x": "x", "GOLS VISITANTE": "0.0", "TIME VISITANTE": "RIO PRETO", "PLACAR": "0x0", "RESULTADO": "EMPATE", "ADVERSÁRIO": "RIO PRETO", "ESTADO ADVERSÁRIO": "SÃO PAULO", "PAÍS ADVERSÁRIO": "BRASIL", "GOLS SCCP": "0.0", "GOLS ADVERSÁRIO": "0.0", "SALDO DE GOLS": "0", "TREINADOR": "ARTHUR ELIAS", "JOGO OFICIAL?": "SIM", "COMPETIÇÃO": "CAMPEONATO PAULISTA / FPF", "FASE": "SEMIFINAL", "ESTÁDIO": "ORLANDO BATISTA NOVELI (ARENA BARUERI / CREFISA)", "CAPACIDADE": "31452", "CIDADE": "BARUERI ", "ESTADO/PROVÍNCIA": "SÃO PAULO", "PAÍS": "BRASIL", "LATITUDE": -23.511935566878485, "LONGITUDE": -46.899810331250407, "PÚBLICO PAGANTE": "ND", "PÚBLICO TOTAL": "ND", "RENDA BRUTA (R$)": "ND", "RENDA LÍQUIDA (R$)": "ND", "TICKET MÉDIO (R$)": "ND", "AUTORAS": null, "TÍTULO?": "N/A", "OBSERVAÇÕES": "Corinthians 3º colocado do Campeonato Paulista 2017", "ERA": "Depois da reativação" }, "geometry": { "type": "Point", "coordinates": [ -46.899810331250407, -23.511935566878485 ] } },
{ "type": "Feature", "properties": { "DATA": "2017-10-12", "DIA DA SEMANA": "quinta-feira", "DIA DO JOGO": "2017-10-12 00:00:00", "MÊS DO JOGO": "2017-10-12 00:00:00", "ANO JOGO": 2017.0, "ANO COMPETIÇÃO": 2017.0, "MANDANTE / VISITANTE (SCCP)": "Neutro", "TIME MANDANTE": "SPORTIVO LIMPEÑO (PAR)", "GOLS MANDANTE": "0.0", "x": "x", "GOLS VISITANTE": "2.0", "TIME VISITANTE": "CORINTHIANS", "PLACAR": "0x2", "RESULTADO": "VITÓRIA", "ADVERSÁRIO": "SPORTIVO LIMPEÑO (PAR)", "ESTADO ADVERSÁRIO": "N/A (ESTRANGEIRO)", "PAÍS ADVERSÁRIO": "PARAGUAI", "GOLS SCCP": "2.0", "GOLS ADVERSÁRIO": "0.0", "SALDO DE GOLS": "2", "TREINADOR": "ARTHUR ELIAS", "JOGO OFICIAL?": "SIM", "COMPETIÇÃO": "COPA LIBERTADORES", "FASE": "FASE DE GRUPOS", "ESTÁDIO": "LA ARBOLEDA", "CAPACIDADE": "8000", "CIDADE": "ASSUNÇÃO", "ESTADO/PROVÍNCIA": "DEPARTAMENTO CENTRAL", "PAÍS": "PARAGUAI", "LATITUDE": -25.257324985267747, "LONGITUDE": -57.574516698722142, "PÚBLICO PAGANTE": "ND", "PÚBLICO TOTAL": "ND", "RENDA BRUTA (R$)": "ND", "RENDA LÍQUIDA (R$)": "ND", "TICKET MÉDIO (R$)": "ND", "AUTORAS": null, "TÍTULO?": "N/A", "OBSERVAÇÕES": null, "ERA": "Depois da reativação" }, "geometry": { "type": "Point", "coordinates": [ -57.574516698722142, -25.257324985267747 ] } },
{ "type": "Feature", "properties": { "DATA": "2017-10-14", "DIA DA SEMANA": "sábado", "DIA DO JOGO": "2017-10-14 00:00:00", "MÊS DO JOGO": "2017-10-14 00:00:00", "ANO JOGO": 2017.0, "ANO COMPETIÇÃO": 2017.0, "MANDANTE / VISITANTE (SCCP)": "Neutro", "TIME MANDANTE": "CORINTHIANS", "GOLS MANDANTE": "6.0", "x": "x", "GOLS VISITANTE": "1.0", "TIME VISITANTE": "DEPORTIVO ITA (BOL)", "PLACAR": "6x1", "RESULTADO": "VITÓRIA", "ADVERSÁRIO": "DEPORTIVO ITA (BOL)", "ESTADO ADVERSÁRIO": "N/A (ESTRANGEIRO)", "PAÍS ADVERSÁRIO": "BOLÍVIA", "GOLS SCCP": "6.0", "GOLS ADVERSÁRIO": "1.0", "SALDO DE GOLS": "5", "TREINADOR": "ARTHUR ELIAS", "JOGO OFICIAL?": "SIM", "COMPETIÇÃO": "COPA LIBERTADORES", "FASE": "FASE DE GRUPOS", "ESTÁDIO": "LA ARBOLEDA", "CAPACIDADE": "8000", "CIDADE": "ASSUNÇÃO", "ESTADO/PROVÍNCIA": "DEPARTAMENTO CENTRAL", "PAÍS": "PARAGUAI", "LATITUDE": -25.257324985267747, "LONGITUDE": -57.574516698722142, "PÚBLICO PAGANTE": "ND", "PÚBLICO TOTAL": "ND", "RENDA BRUTA (R$)": "ND", "RENDA LÍQUIDA (R$)": "ND", "TICKET MÉDIO (R$)": "ND", "AUTORAS": null, "TÍTULO?": "N/A", "OBSERVAÇÕES": null, "ERA": "Depois da reativação" }, "geometry": { "type": "Point", "coordinates": [ -57.574516698722142, -25.257324985267747 ] } },
{ "type": "Feature", "properties": { "DATA": "2017-10-17", "DIA DA SEMANA": "terça-feira", "DIA DO JOGO": "2017-10-17 00:00:00", "MÊS DO JOGO": "2017-10-17 00:00:00", "ANO JOGO": 2017.0, "ANO COMPETIÇÃO": 2017.0, "MANDANTE / VISITANTE (SCCP)": "Neutro", "TIME MANDANTE": "CORINTHIANS", "GOLS MANDANTE": "2.0", "x": "x", "GOLS VISITANTE": "1.0", "TIME VISITANTE": "INDEPENDIENTE SANTA FE (COL)", "PLACAR": "2x1", "RESULTADO": "VITÓRIA", "ADVERSÁRIO": "INDEPENDIENTE SANTA FE (COL)", "ESTADO ADVERSÁRIO": "N/A (ESTRANGEIRO)", "PAÍS ADVERSÁRIO": "COLÔMBIA", "GOLS SCCP": "2.0", "GOLS ADVERSÁRIO": "1.0", "SALDO DE GOLS": "1", "TREINADOR": "ARTHUR ELIAS", "JOGO OFICIAL?": "SIM", "COMPETIÇÃO": "COPA LIBERTADORES", "FASE": "FASE DE GRUPOS", "ESTÁDIO": "LA ARBOLEDA", "CAPACIDADE": "8000", "CIDADE": "ASSUNÇÃO", "ESTADO/PROVÍNCIA": "DEPARTAMENTO CENTRAL", "PAÍS": "PARAGUAI", "LATITUDE": -25.257324985267747, "LONGITUDE": -57.574516698722142, "PÚBLICO PAGANTE": "ND", "PÚBLICO TOTAL": "ND", "RENDA BRUTA (R$)": "ND", "RENDA LÍQUIDA (R$)": "ND", "TICKET MÉDIO (R$)": "ND", "AUTORAS": null, "TÍTULO?": "N/A", "OBSERVAÇÕES": null, "ERA": "Depois da reativação" }, "geometry": { "type": "Point", "coordinates": [ -57.574516698722142, -25.257324985267747 ] } },
{ "type": "Feature", "properties": { "DATA": "2017-10-19", "DIA DA SEMANA": "quinta-feira", "DIA DO JOGO": "2017-10-19 00:00:00", "MÊS DO JOGO": "2017-10-19 00:00:00", "ANO JOGO": 2017.0, "ANO COMPETIÇÃO": 2017.0, "MANDANTE / VISITANTE (SCCP)": "Neutro", "TIME MANDANTE": "CORINTHIANS", "GOLS MANDANTE": "3.0", "x": "x", "GOLS VISITANTE": "0.0", "TIME VISITANTE": "CERRO PORTEÑO (PAR)", "PLACAR": "3x0", "RESULTADO": "VITÓRIA", "ADVERSÁRIO": "CERRO PORTEÑO (PAR)", "ESTADO ADVERSÁRIO": "N/A (ESTRANGEIRO)", "PAÍS ADVERSÁRIO": "PARAGUAI", "GOLS SCCP": "3.0", "GOLS ADVERSÁRIO": "0.0", "SALDO DE GOLS": "3", "TREINADOR": "ARTHUR ELIAS", "JOGO OFICIAL?": "SIM", "COMPETIÇÃO": "COPA LIBERTADORES", "FASE": "SEMIFINAL", "ESTÁDIO": "LUIS ALFONSO GIAGNI", "CAPACIDADE": "11000", "CIDADE": "VILLA ELISA", "ESTADO/PROVÍNCIA": "DEPARTAMENTO CENTRAL", "PAÍS": "PARAGUAI", "LATITUDE": -25.367200222108679, "LONGITUDE": -57.584279302415212, "PÚBLICO PAGANTE": "ND", "PÚBLICO TOTAL": "ND", "RENDA BRUTA (R$)": "ND", "RENDA LÍQUIDA (R$)": "ND", "TICKET MÉDIO (R$)": "ND", "AUTORAS": null, "TÍTULO?": "N/A", "OBSERVAÇÕES": null, "ERA": "Depois da reativação" }, "geometry": { "type": "Point", "coordinates": [ -57.584279302415212, -25.367200222108679 ] } },
{ "type": "Feature", "properties": { "DATA": "2017-10-21", "DIA DA SEMANA": "sábado", "DIA DO JOGO": "2017-10-21 00:00:00", "MÊS DO JOGO": "2017-10-21 00:00:00", "ANO JOGO": 2017.0, "ANO COMPETIÇÃO": 2017.0, "MANDANTE / VISITANTE (SCCP)": "Neutro", "TIME MANDANTE": "COLO COLO (CHI)", "GOLS MANDANTE": "0.0", "x": "x", "GOLS VISITANTE": "0.0", "TIME VISITANTE": "CORINTHIANS", "PLACAR": "0x0", "RESULTADO": "EMPATE", "ADVERSÁRIO": "COLO COLO (CHI)", "ESTADO ADVERSÁRIO": "N/A (ESTRANGEIRO)", "PAÍS ADVERSÁRIO": "CHILE", "GOLS SCCP": "0.0", "GOLS ADVERSÁRIO": "0.0", "SALDO DE GOLS": "0", "TREINADOR": "ARTHUR ELIAS", "JOGO OFICIAL?": "SIM", "COMPETIÇÃO": "COPA LIBERTADORES", "FASE": "FINAL", "ESTÁDIO": "ARSENIO ERICO", "CAPACIDADE": "7500", "CIDADE": "ASSUNÇÃO", "ESTADO/PROVÍNCIA": "DEPARTAMENTO CENTRAL", "PAÍS": "PARAGUAI", "LATITUDE": -25.298264179462183, "LONGITUDE": -57.641082774528385, "PÚBLICO PAGANTE": "ND", "PÚBLICO TOTAL": "ND", "RENDA BRUTA (R$)": "ND", "RENDA LÍQUIDA (R$)": "ND", "TICKET MÉDIO (R$)": "ND", "AUTORAS": null, "TÍTULO?": "COPA LIBERTADORES", "OBSERVAÇÕES": "Vitória por 5x4 nos pênaltis / Corinthians campeão da Copa Libertadores 2017", "ERA": "Depois da reativação" }, "geometry": { "type": "Point", "coordinates": [ -57.641082774528385, -25.298264179462183 ] } },
{ "type": "Feature", "properties": { "DATA": "2018-03-25", "DIA DA SEMANA": "domingo", "DIA DO JOGO": "2018-03-25 00:00:00", "MÊS DO JOGO": "2018-03-25 00:00:00", "ANO JOGO": 2018.0, "ANO COMPETIÇÃO": 2018.0, "MANDANTE / VISITANTE (SCCP)": "Não", "TIME MANDANTE": "CENTRO OLÍMPICO", "GOLS MANDANTE": "2.0", "x": "x", "GOLS VISITANTE": "6.0", "TIME VISITANTE": "CORINTHIANS", "PLACAR": "2x6", "RESULTADO": "VITÓRIA", "ADVERSÁRIO": "CENTRO OLÍMPICO", "ESTADO ADVERSÁRIO": "SÃO PAULO", "PAÍS ADVERSÁRIO": "BRASIL", "GOLS SCCP": "6.0", "GOLS ADVERSÁRIO": "2.0", "SALDO DE GOLS": "4", "TREINADOR": "ARTHUR ELIAS", "JOGO OFICIAL?": "SIM", "COMPETIÇÃO": "CAMPEONATO PAULISTA / FPF", "FASE": "1ª FASE", "ESTÁDIO": "CLUBE DA COMUNIDADE MARIA FELIZARDA", "CAPACIDADE": "0.0", "CIDADE": "SÃO PAULO ", "ESTADO/PROVÍNCIA": "SÃO PAULO", "PAÍS": "BRASIL", "LATITUDE": -23.671594321186312, "LONGITUDE": -46.69436927173345, "PÚBLICO PAGANTE": "ND", "PÚBLICO TOTAL": "ND", "RENDA BRUTA (R$)": "ND", "RENDA LÍQUIDA (R$)": "ND", "TICKET MÉDIO (R$)": "ND", "AUTORAS": null, "TÍTULO?": "N/A", "OBSERVAÇÕES": null, "ERA": "Depois da reativação" }, "geometry": { "type": "Point", "coordinates": [ -46.69436927173345, -23.671594321186312 ] } },
{ "type": "Feature", "properties": { "DATA": "2018-04-01", "DIA DA SEMANA": "domingo", "DIA DO JOGO": "2018-04-01 00:00:00", "MÊS DO JOGO": "2018-04-01 00:00:00", "ANO JOGO": 2018.0, "ANO COMPETIÇÃO": 2018.0, "MANDANTE / VISITANTE (SCCP)": "Sim", "TIME MANDANTE": "CORINTHIANS", "GOLS MANDANTE": "2.0", "x": "x", "GOLS VISITANTE": "0.0", "TIME VISITANTE": "SÃO JOSÉ", "PLACAR": "2x0", "RESULTADO": "VITÓRIA", "ADVERSÁRIO": "SÃO JOSÉ", "ESTADO ADVERSÁRIO": "SÃO PAULO", "PAÍS ADVERSÁRIO": "BRASIL", "GOLS SCCP": "2.0", "GOLS ADVERSÁRIO": "0.0", "SALDO DE GOLS": "2", "TREINADOR": "ARTHUR ELIAS", "JOGO OFICIAL?": "SIM", "COMPETIÇÃO": "CAMPEONATO PAULISTA / FPF", "FASE": "1ª FASE", "ESTÁDIO": "OSWALDO TEIXEIRA DUARTE (CANINDÉ)", "CAPACIDADE": "21004", "CIDADE": "SÃO PAULO ", "ESTADO/PROVÍNCIA": "SÃO PAULO", "PAÍS": "BRASIL", "LATITUDE": -23.520132719349128, "LONGITUDE": -46.618264502415194, "PÚBLICO PAGANTE": "ND", "PÚBLICO TOTAL": "ND", "RENDA BRUTA (R$)": "ND", "RENDA LÍQUIDA (R$)": "ND", "TICKET MÉDIO (R$)": "ND", "AUTORAS": null, "TÍTULO?": "N/A", "OBSERVAÇÕES": null, "ERA": "Depois da reativação" }, "geometry": { "type": "Point", "coordinates": [ -46.618264502415194, -23.520132719349128 ] } },
{ "type": "Feature", "properties": { "DATA": "2018-04-07", "DIA DA SEMANA": "sábado", "DIA DO JOGO": "2018-04-07 00:00:00", "MÊS DO JOGO": "2018-04-07 00:00:00", "ANO JOGO": 2018.0, "ANO COMPETIÇÃO": 2018.0, "MANDANTE / VISITANTE (SCCP)": "Não", "TIME MANDANTE": "SANTOS", "GOLS MANDANTE": "3.0", "x": "x", "GOLS VISITANTE": "4.0", "TIME VISITANTE": "CORINTHIANS", "PLACAR": "3x4", "RESULTADO": "VITÓRIA", "ADVERSÁRIO": "SANTOS", "ESTADO ADVERSÁRIO": "SÃO PAULO", "PAÍS ADVERSÁRIO": "BRASIL", "GOLS SCCP": "4.0", "GOLS ADVERSÁRIO": "3.0", "SALDO DE GOLS": "1", "TREINADOR": "ARTHUR ELIAS", "JOGO OFICIAL?": "SIM", "COMPETIÇÃO": "CAMPEONATO PAULISTA / FPF", "FASE": "1ª FASE", "ESTÁDIO": "URBANO CALDEIRA (VILA BELMIRO)", "CAPACIDADE": "20360", "CIDADE": "SANTOS", "ESTADO/PROVÍNCIA": "SÃO PAULO", "PAÍS": "BRASIL", "LATITUDE": -23.950833202245221, "LONGITUDE": -46.338367960085641, "PÚBLICO PAGANTE": "ND", "PÚBLICO TOTAL": "ND", "RENDA BRUTA (R$)": "ND", "RENDA LÍQUIDA (R$)": "ND", "TICKET MÉDIO (R$)": "ND", "AUTORAS": null, "TÍTULO?": "N/A", "OBSERVAÇÕES": null, "ERA": "Depois da reativação" }, "geometry": { "type": "Point", "coordinates": [ -46.338367960085641, -23.950833202245221 ] } },
{ "type": "Feature", "properties": { "DATA": "2018-04-22", "DIA DA SEMANA": "domingo", "DIA DO JOGO": "2018-04-22 00:00:00", "MÊS DO JOGO": "2018-04-22 00:00:00", "ANO JOGO": 2018.0, "ANO COMPETIÇÃO": 2018.0, "MANDANTE / VISITANTE (SCCP)": "Sim", "TIME MANDANTE": "CORINTHIANS", "GOLS MANDANTE": "8.0", "x": "x", "GOLS VISITANTE": "0.0", "TIME VISITANTE": "JUVENTUS", "PLACAR": "8x0", "RESULTADO": "VITÓRIA", "ADVERSÁRIO": "JUVENTUS", "ESTADO ADVERSÁRIO": "SÃO PAULO", "PAÍS ADVERSÁRIO": "BRASIL", "GOLS SCCP": "8.0", "GOLS ADVERSÁRIO": "0.0", "SALDO DE GOLS": "8", "TREINADOR": "ARTHUR ELIAS", "JOGO OFICIAL?": "SIM", "COMPETIÇÃO": "CAMPEONATO PAULISTA / FPF", "FASE": "1ª FASE", "ESTÁDIO": "OSWALDO TEIXEIRA DUARTE (CANINDÉ)", "CAPACIDADE": "21004", "CIDADE": "SÃO PAULO ", "ESTADO/PROVÍNCIA": "SÃO PAULO", "PAÍS": "BRASIL", "LATITUDE": -23.520132719349128, "LONGITUDE": -46.618264502415194, "PÚBLICO PAGANTE": "ND", "PÚBLICO TOTAL": "ND", "RENDA BRUTA (R$)": "ND", "RENDA LÍQUIDA (R$)": "ND", "TICKET MÉDIO (R$)": "ND", "AUTORAS": null, "TÍTULO?": "N/A", "OBSERVAÇÕES": null, "ERA": "Depois da reativação" }, "geometry": { "type": "Point", "coordinates": [ -46.618264502415194, -23.520132719349128 ] } },
{ "type": "Feature", "properties": { "DATA": "2018-04-25", "DIA DA SEMANA": "quarta-feira", "DIA DO JOGO": "2018-04-25 00:00:00", "MÊS DO JOGO": "2018-04-25 00:00:00", "ANO JOGO": 2018.0, "ANO COMPETIÇÃO": 2018.0, "MANDANTE / VISITANTE (SCCP)": "Sim", "TIME MANDANTE": "CORINTHIANS", "GOLS MANDANTE": "4.0", "x": "x", "GOLS VISITANTE": "1.0", "TIME VISITANTE": "SÃO FRANCISCO-BA", "PLACAR": "4x1", "RESULTADO": "VITÓRIA", "ADVERSÁRIO": "SÃO FRANCISCO-BA", "ESTADO ADVERSÁRIO": "BAHIA", "PAÍS ADVERSÁRIO": "BRASIL", "GOLS SCCP": "4.0", "GOLS ADVERSÁRIO": "1.0", "SALDO DE GOLS": "3", "TREINADOR": "ARTHUR ELIAS", "JOGO OFICIAL?": "SIM", "COMPETIÇÃO": "CAMPEONATO BRASILEIRO", "FASE": "1ª FASE", "ESTÁDIO": "NEO QUÍMICA ARENA (ARENA CORINTHIANS)", "CAPACIDADE": "48905", "CIDADE": "SÃO PAULO ", "ESTADO/PROVÍNCIA": "SÃO PAULO", "PAÍS": "BRASIL", "LATITUDE": -23.545141276878514, "LONGITUDE": -46.473682029403896, "PÚBLICO PAGANTE": "3895.0", "PÚBLICO TOTAL": "ND", "RENDA BRUTA (R$)": "0.0", "RENDA LÍQUIDA (R$)": "ND", "TICKET MÉDIO (R$)": "0", "AUTORAS": null, "TÍTULO?": "N/A", "OBSERVAÇÕES": null, "ERA": "Depois da reativação" }, "geometry": { "type": "Point", "coordinates": [ -46.473682029403896, -23.545141276878514 ] } },
{ "type": "Feature", "properties": { "DATA": "2018-04-28", "DIA DA SEMANA": "sábado", "DIA DO JOGO": "2018-04-28 00:00:00", "MÊS DO JOGO": "2018-04-28 00:00:00", "ANO JOGO": 2018.0, "ANO COMPETIÇÃO": 2018.0, "MANDANTE / VISITANTE (SCCP)": "Sim", "TIME MANDANTE": "CORINTHIANS", "GOLS MANDANTE": "2.0", "x": "x", "GOLS VISITANTE": "0.0", "TIME VISITANTE": "TAUBATÉ", "PLACAR": "2x0", "RESULTADO": "VITÓRIA", "ADVERSÁRIO": "TAUBATÉ", "ESTADO ADVERSÁRIO": "SÃO PAULO", "PAÍS ADVERSÁRIO": "BRASIL", "GOLS SCCP": "2.0", "GOLS ADVERSÁRIO": "0.0", "SALDO DE GOLS": "2", "TREINADOR": "ARTHUR ELIAS", "JOGO OFICIAL?": "SIM", "COMPETIÇÃO": "CAMPEONATO PAULISTA / FPF", "FASE": "1ª FASE", "ESTÁDIO": "OSWALDO TEIXEIRA DUARTE (CANINDÉ)", "CAPACIDADE": "21004", "CIDADE": "SÃO PAULO ", "ESTADO/PROVÍNCIA": "SÃO PAULO", "PAÍS": "BRASIL", "LATITUDE": -23.520132719349128, "LONGITUDE": -46.618264502415194, "PÚBLICO PAGANTE": "ND", "PÚBLICO TOTAL": "ND", "RENDA BRUTA (R$)": "ND", "RENDA LÍQUIDA (R$)": "ND", "TICKET MÉDIO (R$)": "ND", "AUTORAS": null, "TÍTULO?": "N/A", "OBSERVAÇÕES": null, "ERA": "Depois da reativação" }, "geometry": { "type": "Point", "coordinates": [ -46.618264502415194, -23.520132719349128 ] } },
{ "type": "Feature", "properties": { "DATA": "2018-05-02", "DIA DA SEMANA": "quarta-feira", "DIA DO JOGO": "2018-05-02 00:00:00", "MÊS DO JOGO": "2018-05-02 00:00:00", "ANO JOGO": 2018.0, "ANO COMPETIÇÃO": 2018.0, "MANDANTE / VISITANTE (SCCP)": "Não", "TIME MANDANTE": "SÃO JOSÉ", "GOLS MANDANTE": "0.0", "x": "x", "GOLS VISITANTE": "2.0", "TIME VISITANTE": "CORINTHIANS", "PLACAR": "0x2", "RESULTADO": "VITÓRIA", "ADVERSÁRIO": "SÃO JOSÉ", "ESTADO ADVERSÁRIO": "SÃO PAULO", "PAÍS ADVERSÁRIO": "BRASIL", "GOLS SCCP": "2.0", "GOLS ADVERSÁRIO": "0.0", "SALDO DE GOLS": "2", "TREINADOR": "ARTHUR ELIAS", "JOGO OFICIAL?": "SIM", "COMPETIÇÃO": "CAMPEONATO BRASILEIRO", "FASE": "1ª FASE", "ESTÁDIO": "MARTINS PEREIRA", "CAPACIDADE": "16500", "CIDADE": "SÃO JOSÉ DOS CAMPOS ", "ESTADO/PROVÍNCIA": "SÃO PAULO", "PAÍS": "BRASIL", "LATITUDE": -23.1884912615151, "LONGITUDE": -45.869827477202776, "PÚBLICO PAGANTE": "ND", "PÚBLICO TOTAL": "ND", "RENDA BRUTA (R$)": "ND", "RENDA LÍQUIDA (R$)": "ND", "TICKET MÉDIO (R$)": "ND", "AUTORAS": null, "TÍTULO?": "N/A", "OBSERVAÇÕES": null, "ERA": "Depois da reativação" }, "geometry": { "type": "Point", "coordinates": [ -45.869827477202776, -23.1884912615151 ] } },
{ "type": "Feature", "properties": { "DATA": "2018-05-06", "DIA DA SEMANA": "domingo", "DIA DO JOGO": "2018-05-06 00:00:00", "MÊS DO JOGO": "2018-05-06 00:00:00", "ANO JOGO": 2018.0, "ANO COMPETIÇÃO": 2018.0, "MANDANTE / VISITANTE (SCCP)": "Não", "TIME MANDANTE": "PORTUGUESA", "GOLS MANDANTE": "0.0", "x": "x", "GOLS VISITANTE": "6.0", "TIME VISITANTE": "CORINTHIANS", "PLACAR": "0x6", "RESULTADO": "VITÓRIA", "ADVERSÁRIO": "PORTUGUESA", "ESTADO ADVERSÁRIO": "SÃO PAULO", "PAÍS ADVERSÁRIO": "BRASIL", "GOLS SCCP": "6.0", "GOLS ADVERSÁRIO": "0.0", "SALDO DE GOLS": "6", "TREINADOR": "ARTHUR ELIAS", "JOGO OFICIAL?": "SIM", "COMPETIÇÃO": "CAMPEONATO PAULISTA / FPF", "FASE": "1ª FASE", "ESTÁDIO": "OSWALDO TEIXEIRA DUARTE (CANINDÉ)", "CAPACIDADE": "21004", "CIDADE": "SÃO PAULO ", "ESTADO/PROVÍNCIA": "SÃO PAULO", "PAÍS": "BRASIL", "LATITUDE": -23.520132719349128, "LONGITUDE": -46.618264502415194, "PÚBLICO PAGANTE": "ND", "PÚBLICO TOTAL": "ND", "RENDA BRUTA (R$)": "ND", "RENDA LÍQUIDA (R$)": "ND", "TICKET MÉDIO (R$)": "ND", "AUTORAS": null, "TÍTULO?": "N/A", "OBSERVAÇÕES": null, "ERA": "Depois da reativação" }, "geometry": { "type": "Point", "coordinates": [ -46.618264502415194, -23.520132719349128 ] } },
{ "type": "Feature", "properties": { "DATA": "2018-05-09", "DIA DA SEMANA": "quarta-feira", "DIA DO JOGO": "2018-05-09 00:00:00", "MÊS DO JOGO": "2018-05-09 00:00:00", "ANO JOGO": 2018.0, "ANO COMPETIÇÃO": 2018.0, "MANDANTE / VISITANTE (SCCP)": "Não", "TIME MANDANTE": "SPORT", "GOLS MANDANTE": "0.0", "x": "x", "GOLS VISITANTE": "1.0", "TIME VISITANTE": "CORINTHIANS", "PLACAR": "0x1", "RESULTADO": "VITÓRIA", "ADVERSÁRIO": "SPORT", "ESTADO ADVERSÁRIO": "PERNAMBUCO", "PAÍS ADVERSÁRIO": "BRASIL", "GOLS SCCP": "1.0", "GOLS ADVERSÁRIO": "0.0", "SALDO DE GOLS": "1", "TREINADOR": "ARTHUR ELIAS", "JOGO OFICIAL?": "SIM", "COMPETIÇÃO": "CAMPEONATO BRASILEIRO", "FASE": "1ª FASE", "ESTÁDIO": "ADELMAR DA COSTA CARVALHO (ILHA DO RETIRO)", "CAPACIDADE": "32500", "CIDADE": "RECIFE ", "ESTADO/PROVÍNCIA": "PERNAMBUCO", "PAÍS": "BRASIL", "LATITUDE": -8.0631018242894132, "LONGITUDE": -34.903760584090449, "PÚBLICO PAGANTE": "ND", "PÚBLICO TOTAL": "ND", "RENDA BRUTA (R$)": "ND", "RENDA LÍQUIDA (R$)": "ND", "TICKET MÉDIO (R$)": "ND", "AUTORAS": null, "TÍTULO?": "N/A", "OBSERVAÇÕES": null, "ERA": "Depois da reativação" }, "geometry": { "type": "Point", "coordinates": [ -34.903760584090449, -8.063101824289413 ] } },
{ "type": "Feature", "properties": { "DATA": "2018-05-12", "DIA DA SEMANA": "sábado", "DIA DO JOGO": "2018-05-12 00:00:00", "MÊS DO JOGO": "2018-05-12 00:00:00", "ANO JOGO": 2018.0, "ANO COMPETIÇÃO": 2018.0, "MANDANTE / VISITANTE (SCCP)": "Sim", "TIME MANDANTE": "CORINTHIANS", "GOLS MANDANTE": "5.0", "x": "x", "GOLS VISITANTE": "0.0", "TIME VISITANTE": "CENTRO OLÍMPICO", "PLACAR": "5x0", "RESULTADO": "VITÓRIA", "ADVERSÁRIO": "CENTRO OLÍMPICO", "ESTADO ADVERSÁRIO": "SÃO PAULO", "PAÍS ADVERSÁRIO": "BRASIL", "GOLS SCCP": "5.0", "GOLS ADVERSÁRIO": "0.0", "SALDO DE GOLS": "5", "TREINADOR": "ARTHUR ELIAS", "JOGO OFICIAL?": "SIM", "COMPETIÇÃO": "CAMPEONATO PAULISTA / FPF", "FASE": "1ª FASE", "ESTÁDIO": "OSWALDO TEIXEIRA DUARTE (CANINDÉ)", "CAPACIDADE": "21004", "CIDADE": "SÃO PAULO ", "ESTADO/PROVÍNCIA": "SÃO PAULO", "PAÍS": "BRASIL", "LATITUDE": -23.520132719349128, "LONGITUDE": -46.618264502415194, "PÚBLICO PAGANTE": "ND", "PÚBLICO TOTAL": "ND", "RENDA BRUTA (R$)": "ND", "RENDA LÍQUIDA (R$)": "ND", "TICKET MÉDIO (R$)": "ND", "AUTORAS": null, "TÍTULO?": "N/A", "OBSERVAÇÕES": null, "ERA": "Depois da reativação" }, "geometry": { "type": "Point", "coordinates": [ -46.618264502415194, -23.520132719349128 ] } },
{ "type": "Feature", "properties": { "DATA": "2018-05-16", "DIA DA SEMANA": "quarta-feira", "DIA DO JOGO": "2018-05-16 00:00:00", "MÊS DO JOGO": "2018-05-16 00:00:00", "ANO JOGO": 2018.0, "ANO COMPETIÇÃO": 2018.0, "MANDANTE / VISITANTE (SCCP)": "Sim", "TIME MANDANTE": "CORINTHIANS", "GOLS MANDANTE": "8.0", "x": "x", "GOLS VISITANTE": "0.0", "TIME VISITANTE": "PINHEIRENSE-PA", "PLACAR": "8x0", "RESULTADO": "VITÓRIA", "ADVERSÁRIO": "PINHEIRENSE-PA", "ESTADO ADVERSÁRIO": "PARÁ", "PAÍS ADVERSÁRIO": "BRASIL", "GOLS SCCP": "8.0", "GOLS ADVERSÁRIO": "0.0", "SALDO DE GOLS": "8", "TREINADOR": "ARTHUR ELIAS", "JOGO OFICIAL?": "SIM", "COMPETIÇÃO": "CAMPEONATO BRASILEIRO", "FASE": "1ª FASE", "ESTÁDIO": "MARTINS PEREIRA", "CAPACIDADE": "16500", "CIDADE": "SÃO JOSÉ DOS CAMPOS ", "ESTADO/PROVÍNCIA": "SÃO PAULO", "PAÍS": "BRASIL", "LATITUDE": -23.1884912615151, "LONGITUDE": -45.869827477202776, "PÚBLICO PAGANTE": "ND", "PÚBLICO TOTAL": "ND", "RENDA BRUTA (R$)": "ND", "RENDA LÍQUIDA (R$)": "ND", "TICKET MÉDIO (R$)": "ND", "AUTORAS": null, "TÍTULO?": "N/A", "OBSERVAÇÕES": null, "ERA": "Depois da reativação" }, "geometry": { "type": "Point", "coordinates": [ -45.869827477202776, -23.1884912615151 ] } },
{ "type": "Feature", "properties": { "DATA": "2018-05-19", "DIA DA SEMANA": "sábado", "DIA DO JOGO": "2018-05-19 00:00:00", "MÊS DO JOGO": "2018-05-19 00:00:00", "ANO JOGO": 2018.0, "ANO COMPETIÇÃO": 2018.0, "MANDANTE / VISITANTE (SCCP)": "Não", "TIME MANDANTE": "SÃO JOSÉ", "GOLS MANDANTE": "3.0", "x": "x", "GOLS VISITANTE": "3.0", "TIME VISITANTE": "CORINTHIANS", "PLACAR": "3x3", "RESULTADO": "EMPATE", "ADVERSÁRIO": "SÃO JOSÉ", "ESTADO ADVERSÁRIO": "SÃO PAULO", "PAÍS ADVERSÁRIO": "BRASIL", "GOLS SCCP": "3.0", "GOLS ADVERSÁRIO": "3.0", "SALDO DE GOLS": "0", "TREINADOR": "ARTHUR ELIAS", "JOGO OFICIAL?": "SIM", "COMPETIÇÃO": "CAMPEONATO PAULISTA / FPF", "FASE": "1ª FASE", "ESTÁDIO": "MARTINS PEREIRA", "CAPACIDADE": "16500", "CIDADE": "SÃO JOSÉ DOS CAMPOS ", "ESTADO/PROVÍNCIA": "SÃO PAULO", "PAÍS": "BRASIL", "LATITUDE": -23.1884912615151, "LONGITUDE": -45.869827477202776, "PÚBLICO PAGANTE": "ND", "PÚBLICO TOTAL": "ND", "RENDA BRUTA (R$)": "ND", "RENDA LÍQUIDA (R$)": "ND", "TICKET MÉDIO (R$)": "ND", "AUTORAS": null, "TÍTULO?": "N/A", "OBSERVAÇÕES": null, "ERA": "Depois da reativação" }, "geometry": { "type": "Point", "coordinates": [ -45.869827477202776, -23.1884912615151 ] } },
{ "type": "Feature", "properties": { "DATA": "2018-05-23", "DIA DA SEMANA": "quarta-feira", "DIA DO JOGO": "2018-05-23 00:00:00", "MÊS DO JOGO": "2018-05-23 00:00:00", "ANO JOGO": 2018.0, "ANO COMPETIÇÃO": 2018.0, "MANDANTE / VISITANTE (SCCP)": "Não", "TIME MANDANTE": "KINDERMANN", "GOLS MANDANTE": "0.0", "x": "x", "GOLS VISITANTE": "0.0", "TIME VISITANTE": "CORINTHIANS", "PLACAR": "0x0", "RESULTADO": "EMPATE", "ADVERSÁRIO": "KINDERMANN", "ESTADO ADVERSÁRIO": "SANTA CATARINA", "PAÍS ADVERSÁRIO": "BRASIL", "GOLS SCCP": "0.0", "GOLS ADVERSÁRIO": "0.0", "SALDO DE GOLS": "0", "TREINADOR": "ARTHUR ELIAS", "JOGO OFICIAL?": "SIM", "COMPETIÇÃO": "CAMPEONATO BRASILEIRO", "FASE": "1ª FASE", "ESTÁDIO": "CARLOS ALBERTO COSTA NEVES", "CAPACIDADE": "6500", "CIDADE": "CAÇADOR ", "ESTADO/PROVÍNCIA": "SANTA CATARINA", "PAÍS": "BRASIL", "LATITUDE": -26.771027999853985, "LONGITUDE": -51.007584674327376, "PÚBLICO PAGANTE": "ND", "PÚBLICO TOTAL": "ND", "RENDA BRUTA (R$)": "ND", "RENDA LÍQUIDA (R$)": "ND", "TICKET MÉDIO (R$)": "ND", "AUTORAS": null, "TÍTULO?": "N/A", "OBSERVAÇÕES": null, "ERA": "Depois da reativação" }, "geometry": { "type": "Point", "coordinates": [ -51.007584674327376, -26.771027999853985 ] } },
{ "type": "Feature", "properties": { "DATA": "2018-05-27", "DIA DA SEMANA": "domingo", "DIA DO JOGO": "2018-05-27 00:00:00", "MÊS DO JOGO": "2018-05-27 00:00:00", "ANO JOGO": 2018.0, "ANO COMPETIÇÃO": 2018.0, "MANDANTE / VISITANTE (SCCP)": "Sim", "TIME MANDANTE": "CORINTHIANS", "GOLS MANDANTE": "3.0", "x": "x", "GOLS VISITANTE": "2.0", "TIME VISITANTE": "SANTOS", "PLACAR": "3x2", "RESULTADO": "VITÓRIA", "ADVERSÁRIO": "SANTOS", "ESTADO ADVERSÁRIO": "SÃO PAULO", "PAÍS ADVERSÁRIO": "BRASIL", "GOLS SCCP": "3.0", "GOLS ADVERSÁRIO": "2.0", "SALDO DE GOLS": "1", "TREINADOR": "ARTHUR ELIAS", "JOGO OFICIAL?": "SIM", "COMPETIÇÃO": "CAMPEONATO PAULISTA / FPF", "FASE": "1ª FASE", "ESTÁDIO": "FRANCISCO RIBEIRO NOGUEIRA (NOGUEIRÃO)", "CAPACIDADE": "14384", "CIDADE": "MOGI DAS CRUZES ", "ESTADO/PROVÍNCIA": "SÃO PAULO", "PAÍS": "BRASIL", "LATITUDE": -23.517361700125463, "LONGITUDE": -46.205638531250408, "PÚBLICO PAGANTE": "ND", "PÚBLICO TOTAL": "ND", "RENDA BRUTA (R$)": "ND", "RENDA LÍQUIDA (R$)": "ND", "TICKET MÉDIO (R$)": "ND", "AUTORAS": null, "TÍTULO?": "N/A", "OBSERVAÇÕES": null, "ERA": "Depois da reativação" }, "geometry": { "type": "Point", "coordinates": [ -46.205638531250408, -23.517361700125463 ] } },
{ "type": "Feature", "properties": { "DATA": "2018-06-01", "DIA DA SEMANA": "sexta-feira", "DIA DO JOGO": "2018-06-01 00:00:00", "MÊS DO JOGO": "2018-06-01 00:00:00", "ANO JOGO": 2018.0, "ANO COMPETIÇÃO": 2018.0, "MANDANTE / VISITANTE (SCCP)": "Sim", "TIME MANDANTE": "CORINTHIANS", "GOLS MANDANTE": "2.0", "x": "x", "GOLS VISITANTE": "1.0", "TIME VISITANTE": "IRANDUBA", "PLACAR": "2x1", "RESULTADO": "VITÓRIA", "ADVERSÁRIO": "IRANDUBA", "ESTADO ADVERSÁRIO": "AMAZONAS", "PAÍS ADVERSÁRIO": "BRASIL", "GOLS SCCP": "2.0", "GOLS ADVERSÁRIO": "1.0", "SALDO DE GOLS": "1", "TREINADOR": "ARTHUR ELIAS", "JOGO OFICIAL?": "SIM", "COMPETIÇÃO": "CAMPEONATO BRASILEIRO", "FASE": "1ª FASE", "ESTÁDIO": "PAULO MACHADO DE CARVALHO (MERCADO LIVRE ARENA PACAEMBU)", "CAPACIDADE": "37730", "CIDADE": "SÃO PAULO ", "ESTADO/PROVÍNCIA": "SÃO PAULO", "PAÍS": "BRASIL", "LATITUDE": -23.548265580968636, "LONGITUDE": -46.665377888920851, "PÚBLICO PAGANTE": "ND", "PÚBLICO TOTAL": "ND", "RENDA BRUTA (R$)": "ND", "RENDA LÍQUIDA (R$)": "ND", "TICKET MÉDIO (R$)": "ND", "AUTORAS": null, "TÍTULO?": "N/A", "OBSERVAÇÕES": null, "ERA": "Depois da reativação" }, "geometry": { "type": "Point", "coordinates": [ -46.665377888920851, -23.548265580968636 ] } },
{ "type": "Feature", "properties": { "DATA": "2018-06-10", "DIA DA SEMANA": "domingo", "DIA DO JOGO": "2018-06-10 00:00:00", "MÊS DO JOGO": "2018-06-10 00:00:00", "ANO JOGO": 2018.0, "ANO COMPETIÇÃO": 2018.0, "MANDANTE / VISITANTE (SCCP)": "Não", "TIME MANDANTE": "JUVENTUS", "GOLS MANDANTE": "0.0", "x": "x", "GOLS VISITANTE": "3.0", "TIME VISITANTE": "CORINTHIANS", "PLACAR": "0x3", "RESULTADO": "VITÓRIA", "ADVERSÁRIO": "JUVENTUS", "ESTADO ADVERSÁRIO": "SÃO PAULO", "PAÍS ADVERSÁRIO": "BRASIL", "GOLS SCCP": "3.0", "GOLS ADVERSÁRIO": "0.0", "SALDO DE GOLS": "3", "TREINADOR": "ARTHUR ELIAS", "JOGO OFICIAL?": "SIM", "COMPETIÇÃO": "CAMPEONATO PAULISTA / FPF", "FASE": "1ª FASE", "ESTÁDIO": "COMENDADOR ROBERTO UGOLINI", "CAPACIDADE": "≅ 500", "CIDADE": "SÃO PAULO ", "ESTADO/PROVÍNCIA": "SÃO PAULO", "PAÍS": "BRASIL", "LATITUDE": -23.572754480935235, "LONGITUDE": -46.585758962708056, "PÚBLICO PAGANTE": "ND", "PÚBLICO TOTAL": "ND", "RENDA BRUTA (R$)": "ND", "RENDA LÍQUIDA (R$)": "ND", "TICKET MÉDIO (R$)": "ND", "AUTORAS": null, "TÍTULO?": "N/A", "OBSERVAÇÕES": null, "ERA": "Depois da reativação" }, "geometry": { "type": "Point", "coordinates": [ -46.585758962708056, -23.572754480935235 ] } },
{ "type": "Feature", "properties": { "DATA": "2018-06-16", "DIA DA SEMANA": "sábado", "DIA DO JOGO": "2018-06-16 00:00:00", "MÊS DO JOGO": "2018-06-16 00:00:00", "ANO JOGO": 2018.0, "ANO COMPETIÇÃO": 2018.0, "MANDANTE / VISITANTE (SCCP)": "Não", "TIME MANDANTE": "TAUBATÉ", "GOLS MANDANTE": "0.0", "x": "x", "GOLS VISITANTE": "1.0", "TIME VISITANTE": "CORINTHIANS", "PLACAR": "0x1", "RESULTADO": "VITÓRIA", "ADVERSÁRIO": "TAUBATÉ", "ESTADO ADVERSÁRIO": "SÃO PAULO", "PAÍS ADVERSÁRIO": "BRASIL", "GOLS SCCP": "1.0", "GOLS ADVERSÁRIO": "0.0", "SALDO DE GOLS": "1", "TREINADOR": "ARTHUR ELIAS", "JOGO OFICIAL?": "SIM", "COMPETIÇÃO": "CAMPEONATO PAULISTA / FPF", "FASE": "1ª FASE", "ESTÁDIO": "JOAQUIM DE MORAIS FILHO (JOAQUINZÃO)", "CAPACIDADE": "9600", "CIDADE": "TAUBATÉ ", "ESTADO/PROVÍNCIA": "SÃO PAULO", "PAÍS": "BRASIL", "LATITUDE": -23.027800963309272, "LONGITUDE": -45.56983161590955, "PÚBLICO PAGANTE": "ND", "PÚBLICO TOTAL": "ND", "RENDA BRUTA (R$)": "ND", "RENDA LÍQUIDA (R$)": "ND", "TICKET MÉDIO (R$)": "ND", "AUTORAS": null, "TÍTULO?": "N/A", "OBSERVAÇÕES": null, "ERA": "Depois da reativação" }, "geometry": { "type": "Point", "coordinates": [ -45.56983161590955, -23.027800963309272 ] } },
{ "type": "Feature", "properties": { "DATA": "2018-06-19", "DIA DA SEMANA": "terça-feira", "DIA DO JOGO": "2018-06-19 00:00:00", "MÊS DO JOGO": "2018-06-19 00:00:00", "ANO JOGO": 2018.0, "ANO COMPETIÇÃO": 2018.0, "MANDANTE / VISITANTE (SCCP)": "Não", "TIME MANDANTE": "FERROVIÁRIA", "GOLS MANDANTE": "3.0", "x": "x", "GOLS VISITANTE": "5.0", "TIME VISITANTE": "CORINTHIANS", "PLACAR": "3x5", "RESULTADO": "VITÓRIA", "ADVERSÁRIO": "FERROVIÁRIA", "ESTADO ADVERSÁRIO": "SÃO PAULO", "PAÍS ADVERSÁRIO": "BRASIL", "GOLS SCCP": "5.0", "GOLS ADVERSÁRIO": "3.0", "SALDO DE GOLS": "2", "TREINADOR": "ARTHUR ELIAS", "JOGO OFICIAL?": "SIM", "COMPETIÇÃO": "CAMPEONATO BRASILEIRO", "FASE": "1ª FASE", "ESTÁDIO": "OLIVÉRIO BAZZANI FILHO (ARENA DA FONTE LUMINOSA)", "CAPACIDADE": "20205", "CIDADE": "ARARAQUARA ", "ESTADO/PROVÍNCIA": "SÃO PAULO", "PAÍS": "BRASIL", "LATITUDE": -21.775035435893585, "LONGITUDE": -48.169600583381282, "PÚBLICO PAGANTE": "ND", "PÚBLICO TOTAL": "ND", "RENDA BRUTA (R$)": "ND", "RENDA LÍQUIDA (R$)": "ND", "TICKET MÉDIO (R$)": "ND", "AUTORAS": null, "TÍTULO?": "N/A", "OBSERVAÇÕES": null, "ERA": "Depois da reativação" }, "geometry": { "type": "Point", "coordinates": [ -48.169600583381282, -21.775035435893585 ] } },
{ "type": "Feature", "properties": { "DATA": "2018-06-23", "DIA DA SEMANA": "sábado", "DIA DO JOGO": "2018-06-23 00:00:00", "MÊS DO JOGO": "2018-06-23 00:00:00", "ANO JOGO": 2018.0, "ANO COMPETIÇÃO": 2018.0, "MANDANTE / VISITANTE (SCCP)": "Sim", "TIME MANDANTE": "CORINTHIANS", "GOLS MANDANTE": "3.0", "x": "x", "GOLS VISITANTE": "0.0", "TIME VISITANTE": "PORTUGUESA", "PLACAR": "3x0", "RESULTADO": "VITÓRIA", "ADVERSÁRIO": "PORTUGUESA", "ESTADO ADVERSÁRIO": "SÃO PAULO", "PAÍS ADVERSÁRIO": "BRASIL", "GOLS SCCP": "3.0", "GOLS ADVERSÁRIO": "0.0", "SALDO DE GOLS": "3", "TREINADOR": "ARTHUR ELIAS", "JOGO OFICIAL?": "SIM", "COMPETIÇÃO": "CAMPEONATO PAULISTA / FPF", "FASE": "1ª FASE", "ESTÁDIO": "ALFREDO SCHÜRIG (PARQUE SÃO JORGE / FAZENDINHA)", "CAPACIDADE": "9800", "CIDADE": "SÃO PAULO ", "ESTADO/PROVÍNCIA": "SÃO PAULO", "PAÍS": "BRASIL", "LATITUDE": -23.526659630812546, "LONGITUDE": -46.569480895169598, "PÚBLICO PAGANTE": "ND", "PÚBLICO TOTAL": "ND", "RENDA BRUTA (R$)": "ND", "RENDA LÍQUIDA (R$)": "ND", "TICKET MÉDIO (R$)": "ND", "AUTORAS": null, "TÍTULO?": "N/A", "OBSERVAÇÕES": null, "ERA": "Depois da reativação" }, "geometry": { "type": "Point", "coordinates": [ -46.569480895169598, -23.526659630812546 ] } },
{ "type": "Feature", "properties": { "DATA": "2018-06-29", "DIA DA SEMANA": "sexta-feira", "DIA DO JOGO": "2018-06-29 00:00:00", "MÊS DO JOGO": "2018-06-29 00:00:00", "ANO JOGO": 2018.0, "ANO COMPETIÇÃO": 2018.0, "MANDANTE / VISITANTE (SCCP)": "Sim", "TIME MANDANTE": "CORINTHIANS", "GOLS MANDANTE": "1.0", "x": "x", "GOLS VISITANTE": "0.0", "TIME VISITANTE": "FERROVIÁRIA", "PLACAR": "1x0", "RESULTADO": "VITÓRIA", "ADVERSÁRIO": "FERROVIÁRIA", "ESTADO ADVERSÁRIO": "SÃO PAULO", "PAÍS ADVERSÁRIO": "BRASIL", "GOLS SCCP": "1.0", "GOLS ADVERSÁRIO": "0.0", "SALDO DE GOLS": "1", "TREINADOR": "ARTHUR ELIAS", "JOGO OFICIAL?": "SIM", "COMPETIÇÃO": "CAMPEONATO BRASILEIRO", "FASE": "1ª FASE", "ESTÁDIO": "ALFREDO SCHÜRIG (PARQUE SÃO JORGE / FAZENDINHA)", "CAPACIDADE": "9800", "CIDADE": "SÃO PAULO ", "ESTADO/PROVÍNCIA": "SÃO PAULO", "PAÍS": "BRASIL", "LATITUDE": -23.526659630812546, "LONGITUDE": -46.569480895169598, "PÚBLICO PAGANTE": "ND", "PÚBLICO TOTAL": "ND", "RENDA BRUTA (R$)": "ND", "RENDA LÍQUIDA (R$)": "ND", "TICKET MÉDIO (R$)": "ND", "AUTORAS": null, "TÍTULO?": "N/A", "OBSERVAÇÕES": null, "ERA": "Depois da reativação" }, "geometry": { "type": "Point", "coordinates": [ -46.569480895169598, -23.526659630812546 ] } },
{ "type": "Feature", "properties": { "DATA": "2018-07-05", "DIA DA SEMANA": "quinta-feira", "DIA DO JOGO": "2018-07-05 00:00:00", "MÊS DO JOGO": "2018-07-05 00:00:00", "ANO JOGO": 2018.0, "ANO COMPETIÇÃO": 2018.0, "MANDANTE / VISITANTE (SCCP)": "Não", "TIME MANDANTE": "IRANDUBA", "GOLS MANDANTE": "1.0", "x": "x", "GOLS VISITANTE": "1.0", "TIME VISITANTE": "CORINTHIANS", "PLACAR": "1x1", "RESULTADO": "EMPATE", "ADVERSÁRIO": "IRANDUBA", "ESTADO ADVERSÁRIO": "AMAZONAS", "PAÍS ADVERSÁRIO": "BRASIL", "GOLS SCCP": "1.0", "GOLS ADVERSÁRIO": "1.0", "SALDO DE GOLS": "0", "TREINADOR": "ARTHUR ELIAS", "JOGO OFICIAL?": "SIM", "COMPETIÇÃO": "CAMPEONATO BRASILEIRO", "FASE": "1ª FASE", "ESTÁDIO": "ARENA DA AMAZÔNIA - VIVALDO LIMA", "CAPACIDADE": "44300", "CIDADE": "MANAUS ", "ESTADO/PROVÍNCIA": "AMAZONAS", "PAÍS": "BRASIL", "LATITUDE": -3.0830207174485653, "LONGITUDE": -60.027613492125674, "PÚBLICO PAGANTE": "ND", "PÚBLICO TOTAL": "ND", "RENDA BRUTA (R$)": "ND", "RENDA LÍQUIDA (R$)": "ND", "TICKET MÉDIO (R$)": "ND", "AUTORAS": null, "TÍTULO?": "N/A", "OBSERVAÇÕES": null, "ERA": "Depois da reativação" }, "geometry": { "type": "Point", "coordinates": [ -60.027613492125674, -3.083020717448565 ] } },
{ "type": "Feature", "properties": { "DATA": "2018-07-13", "DIA DA SEMANA": "sexta-feira", "DIA DO JOGO": "2018-07-13 00:00:00", "MÊS DO JOGO": "2018-07-13 00:00:00", "ANO JOGO": 2018.0, "ANO COMPETIÇÃO": 2018.0, "MANDANTE / VISITANTE (SCCP)": "Sim", "TIME MANDANTE": "CORINTHIANS", "GOLS MANDANTE": "1.0", "x": "x", "GOLS VISITANTE": "0.0", "TIME VISITANTE": "KINDERMANN", "PLACAR": "1x0", "RESULTADO": "VITÓRIA", "ADVERSÁRIO": "KINDERMANN", "ESTADO ADVERSÁRIO": "SANTA CATARINA", "PAÍS ADVERSÁRIO": "BRASIL", "GOLS SCCP": "1.0", "GOLS ADVERSÁRIO": "0.0", "SALDO DE GOLS": "1", "TREINADOR": "ARTHUR ELIAS", "JOGO OFICIAL?": "SIM", "COMPETIÇÃO": "CAMPEONATO BRASILEIRO", "FASE": "1ª FASE", "ESTÁDIO": "ALFREDO SCHÜRIG (PARQUE SÃO JORGE / FAZENDINHA)", "CAPACIDADE": "9800", "CIDADE": "SÃO PAULO ", "ESTADO/PROVÍNCIA": "SÃO PAULO", "PAÍS": "BRASIL", "LATITUDE": -23.526659630812546, "LONGITUDE": -46.569480895169598, "PÚBLICO PAGANTE": "ND", "PÚBLICO TOTAL": "ND", "RENDA BRUTA (R$)": "ND", "RENDA LÍQUIDA (R$)": "ND", "TICKET MÉDIO (R$)": "ND", "AUTORAS": null, "TÍTULO?": "N/A", "OBSERVAÇÕES": null, "ERA": "Depois da reativação" }, "geometry": { "type": "Point", "coordinates": [ -46.569480895169598, -23.526659630812546 ] } },
{ "type": "Feature", "properties": { "DATA": "2018-07-18", "DIA DA SEMANA": "quarta-feira", "DIA DO JOGO": "2018-07-18 00:00:00", "MÊS DO JOGO": "2018-07-18 00:00:00", "ANO JOGO": 2018.0, "ANO COMPETIÇÃO": 2018.0, "MANDANTE / VISITANTE (SCCP)": "Não", "TIME MANDANTE": "PINHEIRENSE-PA", "GOLS MANDANTE": "1.0", "x": "x", "GOLS VISITANTE": "6.0", "TIME VISITANTE": "CORINTHIANS", "PLACAR": "1x6", "RESULTADO": "VITÓRIA", "ADVERSÁRIO": "PINHEIRENSE-PA", "ESTADO ADVERSÁRIO": "PARÁ", "PAÍS ADVERSÁRIO": "BRASIL", "GOLS SCCP": "6.0", "GOLS ADVERSÁRIO": "1.0", "SALDO DE GOLS": "5", "TREINADOR": "ARTHUR ELIAS", "JOGO OFICIAL?": "SIM", "COMPETIÇÃO": "CAMPEONATO BRASILEIRO", "FASE": "1ª FASE", "ESTÁDIO": "JORNALISTA EDGAR PROENÇA (OLÍMPICO DO PARÁ / MANGHEIRÃO)", "CAPACIDADE": "53645", "CIDADE": "BELÉM ", "ESTADO/PROVÍNCIA": "PARÁ", "PAÍS": "BRASIL", "LATITUDE": -1.3809789256329514, "LONGITUDE": -48.44300959133605, "PÚBLICO PAGANTE": "ND", "PÚBLICO TOTAL": "ND", "RENDA BRUTA (R$)": "ND", "RENDA LÍQUIDA (R$)": "ND", "TICKET MÉDIO (R$)": "ND", "AUTORAS": null, "TÍTULO?": "N/A", "OBSERVAÇÕES": null, "ERA": "Depois da reativação" }, "geometry": { "type": "Point", "coordinates": [ -48.44300959133605, -1.380978925632951 ] } },
{ "type": "Feature", "properties": { "DATA": "2018-08-04", "DIA DA SEMANA": "sábado", "DIA DO JOGO": "2018-08-04 00:00:00", "MÊS DO JOGO": "2018-08-04 00:00:00", "ANO JOGO": 2018.0, "ANO COMPETIÇÃO": 2018.0, "MANDANTE / VISITANTE (SCCP)": "Não", "TIME MANDANTE": "TAUBATÉ", "GOLS MANDANTE": "2.0", "x": "x", "GOLS VISITANTE": "5.0", "TIME VISITANTE": "CORINTHIANS", "PLACAR": "2x5", "RESULTADO": "VITÓRIA", "ADVERSÁRIO": "TAUBATÉ", "ESTADO ADVERSÁRIO": "SÃO PAULO", "PAÍS ADVERSÁRIO": "BRASIL", "GOLS SCCP": "5.0", "GOLS ADVERSÁRIO": "2.0", "SALDO DE GOLS": "3", "TREINADOR": "ARTHUR ELIAS", "JOGO OFICIAL?": "SIM", "COMPETIÇÃO": "CAMPEONATO PAULISTA / FPF", "FASE": "2ª FASE", "ESTÁDIO": "JOAQUIM DE MORAIS FILHO (JOAQUINZÃO)", "CAPACIDADE": "9600", "CIDADE": "TAUBATÉ ", "ESTADO/PROVÍNCIA": "SÃO PAULO", "PAÍS": "BRASIL", "LATITUDE": -23.027800963309272, "LONGITUDE": -45.56983161590955, "PÚBLICO PAGANTE": "ND", "PÚBLICO TOTAL": "ND", "RENDA BRUTA (R$)": "ND", "RENDA LÍQUIDA (R$)": "ND", "TICKET MÉDIO (R$)": "ND", "AUTORAS": null, "TÍTULO?": "N/A", "OBSERVAÇÕES": null, "ERA": "Depois da reativação" }, "geometry": { "type": "Point", "coordinates": [ -45.56983161590955, -23.027800963309272 ] } },
{ "type": "Feature", "properties": { "DATA": "2018-08-08", "DIA DA SEMANA": "quarta-feira", "DIA DO JOGO": "2018-08-08 00:00:00", "MÊS DO JOGO": "2018-08-08 00:00:00", "ANO JOGO": 2018.0, "ANO COMPETIÇÃO": 2018.0, "MANDANTE / VISITANTE (SCCP)": "Sim", "TIME MANDANTE": "CORINTHIANS", "GOLS MANDANTE": "3.0", "x": "x", "GOLS VISITANTE": "1.0", "TIME VISITANTE": "SPORT", "PLACAR": "3x1", "RESULTADO": "VITÓRIA", "ADVERSÁRIO": "SPORT", "ESTADO ADVERSÁRIO": "PERNAMBUCO", "PAÍS ADVERSÁRIO": "BRASIL", "GOLS SCCP": "3.0", "GOLS ADVERSÁRIO": "1.0", "SALDO DE GOLS": "2", "TREINADOR": "ARTHUR ELIAS", "JOGO OFICIAL?": "SIM", "COMPETIÇÃO": "CAMPEONATO BRASILEIRO", "FASE": "1ª FASE", "ESTÁDIO": "ALFREDO SCHÜRIG (PARQUE SÃO JORGE / FAZENDINHA)", "CAPACIDADE": "9800", "CIDADE": "SÃO PAULO ", "ESTADO/PROVÍNCIA": "SÃO PAULO", "PAÍS": "BRASIL", "LATITUDE": -23.526659630812546, "LONGITUDE": -46.569480895169598, "PÚBLICO PAGANTE": "ND", "PÚBLICO TOTAL": "ND", "RENDA BRUTA (R$)": "ND", "RENDA LÍQUIDA (R$)": "ND", "TICKET MÉDIO (R$)": "ND", "AUTORAS": null, "TÍTULO?": "N/A", "OBSERVAÇÕES": null, "ERA": "Depois da reativação" }, "geometry": { "type": "Point", "coordinates": [ -46.569480895169598, -23.526659630812546 ] } },
{ "type": "Feature", "properties": { "DATA": "2018-08-11", "DIA DA SEMANA": "sábado", "DIA DO JOGO": "2018-08-11 00:00:00", "MÊS DO JOGO": "2018-08-11 00:00:00", "ANO JOGO": 2018.0, "ANO COMPETIÇÃO": 2018.0, "MANDANTE / VISITANTE (SCCP)": "Sim", "TIME MANDANTE": "CORINTHIANS", "GOLS MANDANTE": "2.0", "x": "x", "GOLS VISITANTE": "0.0", "TIME VISITANTE": "PONTE PRETA", "PLACAR": "2x0", "RESULTADO": "VITÓRIA", "ADVERSÁRIO": "PONTE PRETA", "ESTADO ADVERSÁRIO": "SÃO PAULO", "PAÍS ADVERSÁRIO": "BRASIL", "GOLS SCCP": "2.0", "GOLS ADVERSÁRIO": "0.0", "SALDO DE GOLS": "2", "TREINADOR": "ARTHUR ELIAS", "JOGO OFICIAL?": "SIM", "COMPETIÇÃO": "CAMPEONATO PAULISTA / FPF", "FASE": "2ª FASE", "ESTÁDIO": "ALFREDO SCHÜRIG (PARQUE SÃO JORGE / FAZENDINHA)", "CAPACIDADE": "9800", "CIDADE": "SÃO PAULO ", "ESTADO/PROVÍNCIA": "SÃO PAULO", "PAÍS": "BRASIL", "LATITUDE": -23.526659630812546, "LONGITUDE": -46.569480895169598, "PÚBLICO PAGANTE": "ND", "PÚBLICO TOTAL": "ND", "RENDA BRUTA (R$)": "ND", "RENDA LÍQUIDA (R$)": "ND", "TICKET MÉDIO (R$)": "ND", "AUTORAS": null, "TÍTULO?": "N/A", "OBSERVAÇÕES": null, "ERA": "Depois da reativação" }, "geometry": { "type": "Point", "coordinates": [ -46.569480895169598, -23.526659630812546 ] } },
{ "type": "Feature", "properties": { "DATA": "2018-08-15", "DIA DA SEMANA": "quarta-feira", "DIA DO JOGO": "2018-08-15 00:00:00", "MÊS DO JOGO": "2018-08-15 00:00:00", "ANO JOGO": 2018.0, "ANO COMPETIÇÃO": 2018.0, "MANDANTE / VISITANTE (SCCP)": "Sim", "TIME MANDANTE": "CORINTHIANS", "GOLS MANDANTE": "0.0", "x": "x", "GOLS VISITANTE": "0.0", "TIME VISITANTE": "SÃO JOSÉ", "PLACAR": "0x0", "RESULTADO": "EMPATE", "ADVERSÁRIO": "SÃO JOSÉ", "ESTADO ADVERSÁRIO": "SÃO PAULO", "PAÍS ADVERSÁRIO": "BRASIL", "GOLS SCCP": "0.0", "GOLS ADVERSÁRIO": "0.0", "SALDO DE GOLS": "0", "TREINADOR": "ARTHUR ELIAS", "JOGO OFICIAL?": "SIM", "COMPETIÇÃO": "CAMPEONATO BRASILEIRO", "FASE": "1ª FASE", "ESTÁDIO": "ALFREDO SCHÜRIG (PARQUE SÃO JORGE / FAZENDINHA)", "CAPACIDADE": "9800", "CIDADE": "SÃO PAULO ", "ESTADO/PROVÍNCIA": "SÃO PAULO", "PAÍS": "BRASIL", "LATITUDE": -23.526659630812546, "LONGITUDE": -46.569480895169598, "PÚBLICO PAGANTE": "ND", "PÚBLICO TOTAL": "ND", "RENDA BRUTA (R$)": "ND", "RENDA LÍQUIDA (R$)": "ND", "TICKET MÉDIO (R$)": "ND", "AUTORAS": null, "TÍTULO?": "N/A", "OBSERVAÇÕES": null, "ERA": "Depois da reativação" }, "geometry": { "type": "Point", "coordinates": [ -46.569480895169598, -23.526659630812546 ] } },
{ "type": "Feature", "properties": { "DATA": "2018-08-19", "DIA DA SEMANA": "domingo", "DIA DO JOGO": "2018-08-19 00:00:00", "MÊS DO JOGO": "2018-08-19 00:00:00", "ANO JOGO": 2018.0, "ANO COMPETIÇÃO": 2018.0, "MANDANTE / VISITANTE (SCCP)": "Não", "TIME MANDANTE": "FERROVIÁRIA", "GOLS MANDANTE": "0.0", "x": "x", "GOLS VISITANTE": "1.0", "TIME VISITANTE": "CORINTHIANS", "PLACAR": "0x1", "RESULTADO": "VITÓRIA", "ADVERSÁRIO": "FERROVIÁRIA", "ESTADO ADVERSÁRIO": "SÃO PAULO", "PAÍS ADVERSÁRIO": "BRASIL", "GOLS SCCP": "1.0", "GOLS ADVERSÁRIO": "0.0", "SALDO DE GOLS": "1", "TREINADOR": "ARTHUR ELIAS", "JOGO OFICIAL?": "SIM", "COMPETIÇÃO": "CAMPEONATO PAULISTA / FPF", "FASE": "2ª FASE", "ESTÁDIO": "OLIVÉRIO BAZZANI FILHO (ARENA DA FONTE LUMINOSA)", "CAPACIDADE": "20205", "CIDADE": "ARARAQUARA ", "ESTADO/PROVÍNCIA": "SÃO PAULO", "PAÍS": "BRASIL", "LATITUDE": -21.775035435893585, "LONGITUDE": -48.169600583381282, "PÚBLICO PAGANTE": "ND", "PÚBLICO TOTAL": "ND", "RENDA BRUTA (R$)": "ND", "RENDA LÍQUIDA (R$)": "ND", "TICKET MÉDIO (R$)": "ND", "AUTORAS": null, "TÍTULO?": "N/A", "OBSERVAÇÕES": null, "ERA": "Depois da reativação" }, "geometry": { "type": "Point", "coordinates": [ -48.169600583381282, -21.775035435893585 ] } },
{ "type": "Feature", "properties": { "DATA": "2018-08-22", "DIA DA SEMANA": "quarta-feira", "DIA DO JOGO": "2018-08-22 00:00:00", "MÊS DO JOGO": "2018-08-22 00:00:00", "ANO JOGO": 2018.0, "ANO COMPETIÇÃO": 2018.0, "MANDANTE / VISITANTE (SCCP)": "Não", "TIME MANDANTE": "SÃO FRANCISCO-BA", "GOLS MANDANTE": "0.0", "x": "x", "GOLS VISITANTE": "0.0", "TIME VISITANTE": "CORINTHIANS", "PLACAR": "0x0", "RESULTADO": "EMPATE", "ADVERSÁRIO": "SÃO FRANCISCO-BA", "ESTADO ADVERSÁRIO": "BAHIA", "PAÍS ADVERSÁRIO": "BRASIL", "GOLS SCCP": "0.0", "GOLS ADVERSÁRIO": "0.0", "SALDO DE GOLS": "0", "TREINADOR": "ARTHUR ELIAS", "JOGO OFICIAL?": "SIM", "COMPETIÇÃO": "CAMPEONATO BRASILEIRO", "FASE": "1ª FASE", "ESTÁDIO": "JUNQUEIRA AYRES", "CAPACIDADE": "3000", "CIDADE": "SÃO FRANCISCO DO CONDE ", "ESTADO/PROVÍNCIA": "BAHIA", "PAÍS": "BRASIL", "LATITUDE": -12.623608328259063, "LONGITUDE": -38.684901560085635, "PÚBLICO PAGANTE": "ND", "PÚBLICO TOTAL": "ND", "RENDA BRUTA (R$)": "ND", "RENDA LÍQUIDA (R$)": "ND", "TICKET MÉDIO (R$)": "ND", "AUTORAS": null, "TÍTULO?": "N/A", "OBSERVAÇÕES": null, "ERA": "Depois da reativação" }, "geometry": { "type": "Point", "coordinates": [ -38.684901560085635, -12.623608328259063 ] } },
{ "type": "Feature", "properties": { "DATA": "2018-08-26", "DIA DA SEMANA": "domingo", "DIA DO JOGO": "2018-08-26 00:00:00", "MÊS DO JOGO": "2018-08-26 00:00:00", "ANO JOGO": 2018.0, "ANO COMPETIÇÃO": 2018.0, "MANDANTE / VISITANTE (SCCP)": "Sim", "TIME MANDANTE": "CORINTHIANS", "GOLS MANDANTE": "3.0", "x": "x", "GOLS VISITANTE": "0.0", "TIME VISITANTE": "FERROVIÁRIA", "PLACAR": "3x0", "RESULTADO": "VITÓRIA", "ADVERSÁRIO": "FERROVIÁRIA", "ESTADO ADVERSÁRIO": "SÃO PAULO", "PAÍS ADVERSÁRIO": "BRASIL", "GOLS SCCP": "3.0", "GOLS ADVERSÁRIO": "0.0", "SALDO DE GOLS": "3", "TREINADOR": "ARTHUR ELIAS", "JOGO OFICIAL?": "SIM", "COMPETIÇÃO": "CAMPEONATO PAULISTA / FPF", "FASE": "2ª FASE", "ESTÁDIO": "ALFREDO SCHÜRIG (PARQUE SÃO JORGE / FAZENDINHA)", "CAPACIDADE": "9800", "CIDADE": "SÃO PAULO ", "ESTADO/PROVÍNCIA": "SÃO PAULO", "PAÍS": "BRASIL", "LATITUDE": -23.526659630812546, "LONGITUDE": -46.569480895169598, "PÚBLICO PAGANTE": "ND", "PÚBLICO TOTAL": "ND", "RENDA BRUTA (R$)": "ND", "RENDA LÍQUIDA (R$)": "ND", "TICKET MÉDIO (R$)": "ND", "AUTORAS": null, "TÍTULO?": "N/A", "OBSERVAÇÕES": null, "ERA": "Depois da reativação" }, "geometry": { "type": "Point", "coordinates": [ -46.569480895169598, -23.526659630812546 ] } },
{ "type": "Feature", "properties": { "DATA": "2018-09-02", "DIA DA SEMANA": "domingo", "DIA DO JOGO": "2018-09-02 00:00:00", "MÊS DO JOGO": "2018-09-02 00:00:00", "ANO JOGO": 2018.0, "ANO COMPETIÇÃO": 2018.0, "MANDANTE / VISITANTE (SCCP)": "Não", "TIME MANDANTE": "PONTE PRETA", "GOLS MANDANTE": "0.0", "x": "x", "GOLS VISITANTE": "3.0", "TIME VISITANTE": "CORINTHIANS", "PLACAR": "0x3", "RESULTADO": "VITÓRIA", "ADVERSÁRIO": "PONTE PRETA", "ESTADO ADVERSÁRIO": "SÃO PAULO", "PAÍS ADVERSÁRIO": "BRASIL", "GOLS SCCP": "3.0", "GOLS ADVERSÁRIO": "0.0", "SALDO DE GOLS": "3", "TREINADOR": "ARTHUR ELIAS", "JOGO OFICIAL?": "SIM", "COMPETIÇÃO": "CAMPEONATO PAULISTA / FPF", "FASE": "2ª FASE", "ESTÁDIO": "NELO BRACALENTE (CAMPO DO AQUÁRIO)", "CAPACIDADE": "4200", "CIDADE": "VINHEDO ", "ESTADO/PROVÍNCIA": "SÃO PAULO", "PAÍS": "BRASIL", "LATITUDE": -23.026066256410274, "LONGITUDE": -46.987202025851325, "PÚBLICO PAGANTE": "ND", "PÚBLICO TOTAL": "ND", "RENDA BRUTA (R$)": "ND", "RENDA LÍQUIDA (R$)": "ND", "TICKET MÉDIO (R$)": "ND", "AUTORAS": null, "TÍTULO?": "N/A", "OBSERVAÇÕES": null, "ERA": "Depois da reativação" }, "geometry": { "type": "Point", "coordinates": [ -46.987202025851325, -23.026066256410274 ] } },
{ "type": "Feature", "properties": { "DATA": "2018-09-08", "DIA DA SEMANA": "sábado", "DIA DO JOGO": "2018-09-08 00:00:00", "MÊS DO JOGO": "2018-09-08 00:00:00", "ANO JOGO": 2018.0, "ANO COMPETIÇÃO": 2018.0, "MANDANTE / VISITANTE (SCCP)": "Sim", "TIME MANDANTE": "CORINTHIANS", "GOLS MANDANTE": "2.0", "x": "x", "GOLS VISITANTE": "1.0", "TIME VISITANTE": "TAUBATÉ", "PLACAR": "2x1", "RESULTADO": "VITÓRIA", "ADVERSÁRIO": "TAUBATÉ", "ESTADO ADVERSÁRIO": "SÃO PAULO", "PAÍS ADVERSÁRIO": "BRASIL", "GOLS SCCP": "2.0", "GOLS ADVERSÁRIO": "1.0", "SALDO DE GOLS": "1", "TREINADOR": "ARTHUR ELIAS", "JOGO OFICIAL?": "SIM", "COMPETIÇÃO": "CAMPEONATO PAULISTA / FPF", "FASE": "2ª FASE", "ESTÁDIO": "ALFREDO SCHÜRIG (PARQUE SÃO JORGE / FAZENDINHA)", "CAPACIDADE": "9800", "CIDADE": "SÃO PAULO ", "ESTADO/PROVÍNCIA": "SÃO PAULO", "PAÍS": "BRASIL", "LATITUDE": -23.526659630812546, "LONGITUDE": -46.569480895169598, "PÚBLICO PAGANTE": "ND", "PÚBLICO TOTAL": "ND", "RENDA BRUTA (R$)": "ND", "RENDA LÍQUIDA (R$)": "ND", "TICKET MÉDIO (R$)": "ND", "AUTORAS": null, "TÍTULO?": "N/A", "OBSERVAÇÕES": null, "ERA": "Depois da reativação" }, "geometry": { "type": "Point", "coordinates": [ -46.569480895169598, -23.526659630812546 ] } },
{ "type": "Feature", "properties": { "DATA": "2018-09-11", "DIA DA SEMANA": "terça-feira", "DIA DO JOGO": "2018-09-11 00:00:00", "MÊS DO JOGO": "2018-09-11 00:00:00", "ANO JOGO": 2018.0, "ANO COMPETIÇÃO": 2018.0, "MANDANTE / VISITANTE (SCCP)": "Não", "TIME MANDANTE": "PONTE PRETA", "GOLS MANDANTE": "0.0", "x": "x", "GOLS VISITANTE": "1.0", "TIME VISITANTE": "CORINTHIANS", "PLACAR": "0x1", "RESULTADO": "VITÓRIA", "ADVERSÁRIO": "PONTE PRETA", "ESTADO ADVERSÁRIO": "SÃO PAULO", "PAÍS ADVERSÁRIO": "BRASIL", "GOLS SCCP": "1.0", "GOLS ADVERSÁRIO": "0.0", "SALDO DE GOLS": "1", "TREINADOR": "ARTHUR ELIAS", "JOGO OFICIAL?": "SIM", "COMPETIÇÃO": "CAMPEONATO BRASILEIRO", "FASE": "QUARTAS DE FINAL", "ESTÁDIO": "MOISÉS LUCARELLI (MAJESTOSO)", "CAPACIDADE": "15728", "CIDADE": "CAMPINAS ", "ESTADO/PROVÍNCIA": "SÃO PAULO", "PAÍS": "BRASIL", "LATITUDE": -22.912600582555537, "LONGITUDE": -47.05115367918981, "PÚBLICO PAGANTE": "ND", "PÚBLICO TOTAL": "ND", "RENDA BRUTA (R$)": "ND", "RENDA LÍQUIDA (R$)": "ND", "TICKET MÉDIO (R$)": "ND", "AUTORAS": null, "TÍTULO?": "N/A", "OBSERVAÇÕES": null, "ERA": "Depois da reativação" }, "geometry": { "type": "Point", "coordinates": [ -47.05115367918981, -22.912600582555537 ] } },
{ "type": "Feature", "properties": { "DATA": "2018-09-16", "DIA DA SEMANA": "domingo", "DIA DO JOGO": "2018-09-16 00:00:00", "MÊS DO JOGO": "2018-09-16 00:00:00", "ANO JOGO": 2018.0, "ANO COMPETIÇÃO": 2018.0, "MANDANTE / VISITANTE (SCCP)": "Não", "TIME MANDANTE": "TAUBATÉ", "GOLS MANDANTE": "0.0", "x": "x", "GOLS VISITANTE": "3.0", "TIME VISITANTE": "CORINTHIANS", "PLACAR": "0x3", "RESULTADO": "VITÓRIA", "ADVERSÁRIO": "TAUBATÉ", "ESTADO ADVERSÁRIO": "SÃO PAULO", "PAÍS ADVERSÁRIO": "BRASIL", "GOLS SCCP": "3.0", "GOLS ADVERSÁRIO": "0.0", "SALDO DE GOLS": "3", "TREINADOR": "ARTHUR ELIAS", "JOGO OFICIAL?": "SIM", "COMPETIÇÃO": "CAMPEONATO PAULISTA / FPF", "FASE": "SEMIFINAL", "ESTÁDIO": "JOAQUIM DE MORAIS FILHO (JOAQUINZÃO)", "CAPACIDADE": "9600", "CIDADE": "TAUBATÉ ", "ESTADO/PROVÍNCIA": "SÃO PAULO", "PAÍS": "BRASIL", "LATITUDE": -23.027800963309272, "LONGITUDE": -45.56983161590955, "PÚBLICO PAGANTE": "ND", "PÚBLICO TOTAL": "ND", "RENDA BRUTA (R$)": "ND", "RENDA LÍQUIDA (R$)": "ND", "TICKET MÉDIO (R$)": "ND", "AUTORAS": null, "TÍTULO?": "N/A", "OBSERVAÇÕES": null, "ERA": "Depois da reativação" }, "geometry": { "type": "Point", "coordinates": [ -45.56983161590955, -23.027800963309272 ] } },
{ "type": "Feature", "properties": { "DATA": "2018-09-19", "DIA DA SEMANA": "quarta-feira", "DIA DO JOGO": "2018-09-19 00:00:00", "MÊS DO JOGO": "2018-09-19 00:00:00", "ANO JOGO": 2018.0, "ANO COMPETIÇÃO": 2018.0, "MANDANTE / VISITANTE (SCCP)": "Sim", "TIME MANDANTE": "CORINTHIANS", "GOLS MANDANTE": "2.0", "x": "x", "GOLS VISITANTE": "0.0", "TIME VISITANTE": "PONTE PRETA", "PLACAR": "2x0", "RESULTADO": "VITÓRIA", "ADVERSÁRIO": "PONTE PRETA", "ESTADO ADVERSÁRIO": "SÃO PAULO", "PAÍS ADVERSÁRIO": "BRASIL", "GOLS SCCP": "2.0", "GOLS ADVERSÁRIO": "0.0", "SALDO DE GOLS": "2", "TREINADOR": "ARTHUR ELIAS", "JOGO OFICIAL?": "SIM", "COMPETIÇÃO": "CAMPEONATO BRASILEIRO", "FASE": "QUARTAS DE FINAL", "ESTÁDIO": "ALFREDO SCHÜRIG (PARQUE SÃO JORGE / FAZENDINHA)", "CAPACIDADE": "9800", "CIDADE": "SÃO PAULO ", "ESTADO/PROVÍNCIA": "SÃO PAULO", "PAÍS": "BRASIL", "LATITUDE": -23.526659630812546, "LONGITUDE": -46.569480895169598, "PÚBLICO PAGANTE": "ND", "PÚBLICO TOTAL": "ND", "RENDA BRUTA (R$)": "ND", "RENDA LÍQUIDA (R$)": "ND", "TICKET MÉDIO (R$)": "ND", "AUTORAS": null, "TÍTULO?": "N/A", "OBSERVAÇÕES": null, "ERA": "Depois da reativação" }, "geometry": { "type": "Point", "coordinates": [ -46.569480895169598, -23.526659630812546 ] } },
{ "type": "Feature", "properties": { "DATA": "2018-09-22", "DIA DA SEMANA": "sábado", "DIA DO JOGO": "2018-09-22 00:00:00", "MÊS DO JOGO": "2018-09-22 00:00:00", "ANO JOGO": 2018.0, "ANO COMPETIÇÃO": 2018.0, "MANDANTE / VISITANTE (SCCP)": "Sim", "TIME MANDANTE": "CORINTHIANS", "GOLS MANDANTE": "0.0", "x": "x", "GOLS VISITANTE": "0.0", "TIME VISITANTE": "TAUBATÉ", "PLACAR": "0x0", "RESULTADO": "EMPATE", "ADVERSÁRIO": "TAUBATÉ", "ESTADO ADVERSÁRIO": "SÃO PAULO", "PAÍS ADVERSÁRIO": "BRASIL", "GOLS SCCP": "0.0", "GOLS ADVERSÁRIO": "0.0", "SALDO DE GOLS": "0", "TREINADOR": "ARTHUR ELIAS", "JOGO OFICIAL?": "SIM", "COMPETIÇÃO": "CAMPEONATO PAULISTA / FPF", "FASE": "SEMIFINAL", "ESTÁDIO": "ALFREDO SCHÜRIG (PARQUE SÃO JORGE / FAZENDINHA)", "CAPACIDADE": "9800", "CIDADE": "SÃO PAULO ", "ESTADO/PROVÍNCIA": "SÃO PAULO", "PAÍS": "BRASIL", "LATITUDE": -23.526659630812546, "LONGITUDE": -46.569480895169598, "PÚBLICO PAGANTE": "ND", "PÚBLICO TOTAL": "ND", "RENDA BRUTA (R$)": "ND", "RENDA LÍQUIDA (R$)": "ND", "TICKET MÉDIO (R$)": "ND", "AUTORAS": null, "TÍTULO?": "N/A", "OBSERVAÇÕES": null, "ERA": "Depois da reativação" }, "geometry": { "type": "Point", "coordinates": [ -46.569480895169598, -23.526659630812546 ] } },
{ "type": "Feature", "properties": { "DATA": "2018-09-26", "DIA DA SEMANA": "quarta-feira", "DIA DO JOGO": "2018-09-26 00:00:00", "MÊS DO JOGO": "2018-09-26 00:00:00", "ANO JOGO": 2018.0, "ANO COMPETIÇÃO": 2018.0, "MANDANTE / VISITANTE (SCCP)": "Não", "TIME MANDANTE": "FLAMENGO", "GOLS MANDANTE": "2.0", "x": "x", "GOLS VISITANTE": "1.0", "TIME VISITANTE": "CORINTHIANS", "PLACAR": "2x1", "RESULTADO": "DERROTA", "ADVERSÁRIO": "FLAMENGO", "ESTADO ADVERSÁRIO": "RIO DE JANEIRO", "PAÍS ADVERSÁRIO": "BRASIL", "GOLS SCCP": "1.0", "GOLS ADVERSÁRIO": "2.0", "SALDO DE GOLS": "-1", "TREINADOR": "ARTHUR ELIAS", "JOGO OFICIAL?": "SIM", "COMPETIÇÃO": "CAMPEONATO BRASILEIRO", "FASE": "SEMIFINAL", "ESTÁDIO": "JOSÉ BASTOS PADILHA (GÁVEA)", "CAPACIDADE": "6000", "CIDADE": "RIO DE JANEIRO ", "ESTADO/PROVÍNCIA": "RIO DE JANEIRO", "PAÍS": "BRASIL", "LATITUDE": -22.978323663490634, "LONGITUDE": -43.221570067471745, "PÚBLICO PAGANTE": "ND", "PÚBLICO TOTAL": "ND", "RENDA BRUTA (R$)": "ND", "RENDA LÍQUIDA (R$)": "ND", "TICKET MÉDIO (R$)": "ND", "AUTORAS": null, "TÍTULO?": "N/A", "OBSERVAÇÕES": null, "ERA": "Depois da reativação" }, "geometry": { "type": "Point", "coordinates": [ -43.221570067471745, -22.978323663490634 ] } },
{ "type": "Feature", "properties": { "DATA": "2018-10-02", "DIA DA SEMANA": "terça-feira", "DIA DO JOGO": "2018-10-02 00:00:00", "MÊS DO JOGO": "2018-10-02 00:00:00", "ANO JOGO": 2018.0, "ANO COMPETIÇÃO": 2018.0, "MANDANTE / VISITANTE (SCCP)": "Não", "TIME MANDANTE": "SANTOS", "GOLS MANDANTE": "1.0", "x": "x", "GOLS VISITANTE": "0.0", "TIME VISITANTE": "CORINTHIANS", "PLACAR": "1x0", "RESULTADO": "DERROTA", "ADVERSÁRIO": "SANTOS", "ESTADO ADVERSÁRIO": "SÃO PAULO", "PAÍS ADVERSÁRIO": "BRASIL", "GOLS SCCP": "0.0", "GOLS ADVERSÁRIO": "1.0", "SALDO DE GOLS": "-1", "TREINADOR": "ARTHUR ELIAS", "JOGO OFICIAL?": "SIM", "COMPETIÇÃO": "CAMPEONATO PAULISTA / FPF", "FASE": "FINAL", "ESTÁDIO": "URBANO CALDEIRA (VILA BELMIRO)", "CAPACIDADE": "20360", "CIDADE": "SANTOS", "ESTADO/PROVÍNCIA": "SÃO PAULO", "PAÍS": "BRASIL", "LATITUDE": -23.950833202245221, "LONGITUDE": -46.338367960085641, "PÚBLICO PAGANTE": "ND", "PÚBLICO TOTAL": "ND", "RENDA BRUTA (R$)": "ND", "RENDA LÍQUIDA (R$)": "ND", "TICKET MÉDIO (R$)": "ND", "AUTORAS": null, "TÍTULO?": "N/A", "OBSERVAÇÕES": null, "ERA": "Depois da reativação" }, "geometry": { "type": "Point", "coordinates": [ -46.338367960085641, -23.950833202245221 ] } },
{ "type": "Feature", "properties": { "DATA": "2018-10-06", "DIA DA SEMANA": "sábado", "DIA DO JOGO": "2018-10-06 00:00:00", "MÊS DO JOGO": "2018-10-06 00:00:00", "ANO JOGO": 2018.0, "ANO COMPETIÇÃO": 2018.0, "MANDANTE / VISITANTE (SCCP)": "Sim", "TIME MANDANTE": "CORINTHIANS", "GOLS MANDANTE": "2.0", "x": "x", "GOLS VISITANTE": "2.0", "TIME VISITANTE": "SANTOS", "PLACAR": "2x2", "RESULTADO": "EMPATE", "ADVERSÁRIO": "SANTOS", "ESTADO ADVERSÁRIO": "SÃO PAULO", "PAÍS ADVERSÁRIO": "BRASIL", "GOLS SCCP": "2.0", "GOLS ADVERSÁRIO": "2.0", "SALDO DE GOLS": "0", "TREINADOR": "ARTHUR ELIAS", "JOGO OFICIAL?": "SIM", "COMPETIÇÃO": "CAMPEONATO PAULISTA / FPF", "FASE": "FINAL", "ESTÁDIO": "ALFREDO SCHÜRIG (PARQUE SÃO JORGE / FAZENDINHA)", "CAPACIDADE": "9800", "CIDADE": "SÃO PAULO ", "ESTADO/PROVÍNCIA": "SÃO PAULO", "PAÍS": "BRASIL", "LATITUDE": -23.526659630812546, "LONGITUDE": -46.569480895169598, "PÚBLICO PAGANTE": "ND", "PÚBLICO TOTAL": "ND", "RENDA BRUTA (R$)": "ND", "RENDA LÍQUIDA (R$)": "ND", "TICKET MÉDIO (R$)": "ND", "AUTORAS": null, "TÍTULO?": "N/A", "OBSERVAÇÕES": "Corinthians vice-campeão do Campeonato Paulista 2018", "ERA": "Depois da reativação" }, "geometry": { "type": "Point", "coordinates": [ -46.569480895169598, -23.526659630812546 ] } },
{ "type": "Feature", "properties": { "DATA": "2018-10-11", "DIA DA SEMANA": "quinta-feira", "DIA DO JOGO": "2018-10-11 00:00:00", "MÊS DO JOGO": "2018-10-11 00:00:00", "ANO JOGO": 2018.0, "ANO COMPETIÇÃO": 2018.0, "MANDANTE / VISITANTE (SCCP)": "Sim", "TIME MANDANTE": "CORINTHIANS", "GOLS MANDANTE": "4.0", "x": "x", "GOLS VISITANTE": "2.0", "TIME VISITANTE": "FLAMENGO", "PLACAR": "4x2", "RESULTADO": "VITÓRIA", "ADVERSÁRIO": "FLAMENGO", "ESTADO ADVERSÁRIO": "RIO DE JANEIRO", "PAÍS ADVERSÁRIO": "BRASIL", "GOLS SCCP": "4.0", "GOLS ADVERSÁRIO": "2.0", "SALDO DE GOLS": "2", "TREINADOR": "ARTHUR ELIAS", "JOGO OFICIAL?": "SIM", "COMPETIÇÃO": "CAMPEONATO BRASILEIRO", "FASE": "SEMIFINAL", "ESTÁDIO": "ALFREDO SCHÜRIG (PARQUE SÃO JORGE / FAZENDINHA)", "CAPACIDADE": "9800", "CIDADE": "SÃO PAULO ", "ESTADO/PROVÍNCIA": "SÃO PAULO", "PAÍS": "BRASIL", "LATITUDE": -23.526659630812546, "LONGITUDE": -46.569480895169598, "PÚBLICO PAGANTE": "ND", "PÚBLICO TOTAL": "ND", "RENDA BRUTA (R$)": "ND", "RENDA LÍQUIDA (R$)": "ND", "TICKET MÉDIO (R$)": "ND", "AUTORAS": null, "TÍTULO?": "N/A", "OBSERVAÇÕES": null, "ERA": "Depois da reativação" }, "geometry": { "type": "Point", "coordinates": [ -46.569480895169598, -23.526659630812546 ] } },
{ "type": "Feature", "properties": { "DATA": "2018-10-20", "DIA DA SEMANA": "sábado", "DIA DO JOGO": "2018-10-20 00:00:00", "MÊS DO JOGO": "2018-10-20 00:00:00", "ANO JOGO": 2018.0, "ANO COMPETIÇÃO": 2018.0, "MANDANTE / VISITANTE (SCCP)": "Não", "TIME MANDANTE": "RIO PRETO", "GOLS MANDANTE": "0.0", "x": "x", "GOLS VISITANTE": "1.0", "TIME VISITANTE": "CORINTHIANS", "PLACAR": "0x1", "RESULTADO": "VITÓRIA", "ADVERSÁRIO": "RIO PRETO", "ESTADO ADVERSÁRIO": "SÃO PAULO", "PAÍS ADVERSÁRIO": "BRASIL", "GOLS SCCP": "1.0", "GOLS ADVERSÁRIO": "0.0", "SALDO DE GOLS": "1", "TREINADOR": "RODRIGO IGLESIAS", "JOGO OFICIAL?": "SIM", "COMPETIÇÃO": "CAMPEONATO BRASILEIRO", "FASE": "FINAL", "ESTÁDIO": "ANÍSIO HADDAD (RIO PRETÃO)", "CAPACIDADE": "14014", "CIDADE": "SÃO JOSÉ DO RIO PRETO ", "ESTADO/PROVÍNCIA": "SÃO PAULO", "PAÍS": "BRASIL", "LATITUDE": -20.834486949703546, "LONGITUDE": -49.400762361932159, "PÚBLICO PAGANTE": "ND", "PÚBLICO TOTAL": "ND", "RENDA BRUTA (R$)": "ND", "RENDA LÍQUIDA (R$)": "ND", "TICKET MÉDIO (R$)": "ND", "AUTORAS": null, "TÍTULO?": "N/A", "OBSERVAÇÕES": null, "ERA": "Depois da reativação" }, "geometry": { "type": "Point", "coordinates": [ -49.400762361932159, -20.834486949703546 ] } },
{ "type": "Feature", "properties": { "DATA": "2018-10-26", "DIA DA SEMANA": "sexta-feira", "DIA DO JOGO": "2018-10-26 00:00:00", "MÊS DO JOGO": "2018-10-26 00:00:00", "ANO JOGO": 2018.0, "ANO COMPETIÇÃO": 2018.0, "MANDANTE / VISITANTE (SCCP)": "Sim", "TIME MANDANTE": "CORINTHIANS", "GOLS MANDANTE": "4.0", "x": "x", "GOLS VISITANTE": "0.0", "TIME VISITANTE": "RIO PRETO", "PLACAR": "4x0", "RESULTADO": "VITÓRIA", "ADVERSÁRIO": "RIO PRETO", "ESTADO ADVERSÁRIO": "SÃO PAULO", "PAÍS ADVERSÁRIO": "BRASIL", "GOLS SCCP": "4.0", "GOLS ADVERSÁRIO": "0.0", "SALDO DE GOLS": "4", "TREINADOR": "ARTHUR ELIAS", "JOGO OFICIAL?": "SIM", "COMPETIÇÃO": "CAMPEONATO BRASILEIRO", "FASE": "FINAL", "ESTÁDIO": "ALFREDO SCHÜRIG (PARQUE SÃO JORGE / FAZENDINHA)", "CAPACIDADE": "9800", "CIDADE": "SÃO PAULO ", "ESTADO/PROVÍNCIA": "SÃO PAULO", "PAÍS": "BRASIL", "LATITUDE": -23.526659630812546, "LONGITUDE": -46.569480895169598, "PÚBLICO PAGANTE": "ND", "PÚBLICO TOTAL": "ND", "RENDA BRUTA (R$)": "ND", "RENDA LÍQUIDA (R$)": "ND", "TICKET MÉDIO (R$)": "ND", "AUTORAS": null, "TÍTULO?": "CAMPEONATO BRASILEIRO", "OBSERVAÇÕES": "Corinthians campeão do Campeonato Brasileiro 2018", "ERA": "Depois da reativação" }, "geometry": { "type": "Point", "coordinates": [ -46.569480895169598, -23.526659630812546 ] } },
{ "type": "Feature", "properties": { "DATA": "2018-11-02", "DIA DA SEMANA": "sexta-feira", "DIA DO JOGO": "2018-11-02 00:00:00", "MÊS DO JOGO": "2018-11-02 00:00:00", "ANO JOGO": 2018.0, "ANO COMPETIÇÃO": 2018.0, "MANDANTE / VISITANTE (SCCP)": "Sim", "TIME MANDANTE": "CORINTHIANS", "GOLS MANDANTE": "5.0", "x": "x", "GOLS VISITANTE": "1.0", "TIME VISITANTE": "SELEÇÃO DE CAMARÕES SUB-17", "PLACAR": "5x1", "RESULTADO": "VITÓRIA", "ADVERSÁRIO": "SELEÇÃO DE CAMARÕES SUB-17", "ESTADO ADVERSÁRIO": "N/A (SELEÇÃO NACIONAL)", "PAÍS ADVERSÁRIO": "CAMARÕES", "GOLS SCCP": "5.0", "GOLS ADVERSÁRIO": "1.0", "SALDO DE GOLS": "4", "TREINADOR": "ARTHUR ELIAS", "JOGO OFICIAL?": "NÃO", "COMPETIÇÃO": "JOGO-TREINO", "FASE": "N/A", "ESTÁDIO": "ALFREDO SCHÜRIG (PARQUE SÃO JORGE / FAZENDINHA)", "CAPACIDADE": "9800", "CIDADE": "SÃO PAULO ", "ESTADO/PROVÍNCIA": "SÃO PAULO", "PAÍS": "BRASIL", "LATITUDE": -23.526659630812546, "LONGITUDE": -46.569480895169598, "PÚBLICO PAGANTE": "PF", "PÚBLICO TOTAL": "PF", "RENDA BRUTA (R$)": "PF", "RENDA LÍQUIDA (R$)": "PF", "TICKET MÉDIO (R$)": "PF", "AUTORAS": null, "TÍTULO?": "N/A", "OBSERVAÇÕES": "Jogo-treino com portões fechados", "ERA": "Depois da reativação" }, "geometry": { "type": "Point", "coordinates": [ -46.569480895169598, -23.526659630812546 ] } },
{ "type": "Feature", "properties": { "DATA": "2018-11-26", "DIA DA SEMANA": "segunda-feira", "DIA DO JOGO": "2018-11-26 00:00:00", "MÊS DO JOGO": "2018-11-26 00:00:00", "ANO JOGO": 2018.0, "ANO COMPETIÇÃO": 2018.0, "MANDANTE / VISITANTE (SCCP)": "Neutro", "TIME MANDANTE": "CORINTHIANS", "GOLS MANDANTE": "15.0", "x": "x", "GOLS VISITANTE": "0.0", "TIME VISITANTE": "PINO HISTÓRICO (ARG)", "PLACAR": "15x0", "RESULTADO": "VITÓRIA", "ADVERSÁRIO": "PINO HISTÓRICO (ARG)", "ESTADO ADVERSÁRIO": "N/A (ESTRANGEIRO)", "PAÍS ADVERSÁRIO": "ARGENTINA", "GOLS SCCP": "15.0", "GOLS ADVERSÁRIO": "0.0", "SALDO DE GOLS": "15", "TREINADOR": "ARTHUR ELIAS", "JOGO OFICIAL?": "NÃO", "COMPETIÇÃO": "ROSARIO CUP", "FASE": "1ª FASE", "ESTÁDIO": "CLUB ATLÉTICO ACADEMIA DEPORTIVA", "CAPACIDADE": "DESCONHECIDA", "CIDADE": "ROSÁRIO", "ESTADO/PROVÍNCIA": "SANTA FE", "PAÍS": "ARGENTINA", "LATITUDE": -32.850463678761685, "LONGITUDE": -60.714608783296171, "PÚBLICO PAGANTE": "PA", "PÚBLICO TOTAL": "PA", "RENDA BRUTA (R$)": "0.0", "RENDA LÍQUIDA (R$)": "ND", "TICKET MÉDIO (R$)": "ND", "AUTORAS": null, "TÍTULO?": "N/A", "OBSERVAÇÕES": "Portões abertos", "ERA": "Depois da reativação" }, "geometry": { "type": "Point", "coordinates": [ -60.714608783296171, -32.850463678761685 ] } },
{ "type": "Feature", "properties": { "DATA": "2018-11-28", "DIA DA SEMANA": "quarta-feira", "DIA DO JOGO": "2018-11-28 00:00:00", "MÊS DO JOGO": "2018-11-28 00:00:00", "ANO JOGO": 2018.0, "ANO COMPETIÇÃO": 2018.0, "MANDANTE / VISITANTE (SCCP)": "Neutro", "TIME MANDANTE": "CORINTHIANS", "GOLS MANDANTE": "7.0", "x": "x", "GOLS VISITANTE": "0.0", "TIME VISITANTE": "CLUB SOCIAL LUX A (ARG)", "PLACAR": "7x0", "RESULTADO": "VITÓRIA", "ADVERSÁRIO": "CLUB SOCIAL LUX A (ARG)", "ESTADO ADVERSÁRIO": "N/A (ESTRANGEIRO)", "PAÍS ADVERSÁRIO": "ARGENTINA", "GOLS SCCP": "7.0", "GOLS ADVERSÁRIO": "0.0", "SALDO DE GOLS": "7", "TREINADOR": "ARTHUR ELIAS", "JOGO OFICIAL?": "NÃO", "COMPETIÇÃO": "ROSARIO CUP", "FASE": "1ª FASE", "ESTÁDIO": "CLUB ATLÉTICO ACADEMIA DEPORTIVA", "CAPACIDADE": "DESCONHECIDA", "CIDADE": "ROSÁRIO", "ESTADO/PROVÍNCIA": "SANTA FE", "PAÍS": "ARGENTINA", "LATITUDE": -32.850463678761685, "LONGITUDE": -60.714608783296171, "PÚBLICO PAGANTE": "PA", "PÚBLICO TOTAL": "PA", "RENDA BRUTA (R$)": "0.0", "RENDA LÍQUIDA (R$)": "ND", "TICKET MÉDIO (R$)": "ND", "AUTORAS": null, "TÍTULO?": "N/A", "OBSERVAÇÕES": "Portões abertos", "ERA": "Depois da reativação" }, "geometry": { "type": "Point", "coordinates": [ -60.714608783296171, -32.850463678761685 ] } },
{ "type": "Feature", "properties": { "DATA": "2018-11-29", "DIA DA SEMANA": "quinta-feira", "DIA DO JOGO": "2018-11-29 00:00:00", "MÊS DO JOGO": "2018-11-29 00:00:00", "ANO JOGO": 2018.0, "ANO COMPETIÇÃO": 2018.0, "MANDANTE / VISITANTE (SCCP)": "Neutro", "TIME MANDANTE": "CORINTHIANS", "GOLS MANDANTE": "2.0", "x": "x", "GOLS VISITANTE": "0.0", "TIME VISITANTE": "ATLÉTICO BELGRANO (ARG)", "PLACAR": "2x0", "RESULTADO": "VITÓRIA", "ADVERSÁRIO": "ATLÉTICO BELGRANO (ARG)", "ESTADO ADVERSÁRIO": "N/A (ESTRANGEIRO)", "PAÍS ADVERSÁRIO": "ARGENTINA", "GOLS SCCP": "2.0", "GOLS ADVERSÁRIO": "0.0", "SALDO DE GOLS": "2", "TREINADOR": "ARTHUR ELIAS", "JOGO OFICIAL?": "NÃO", "COMPETIÇÃO": "ROSARIO CUP", "FASE": "SEMIFINAL", "ESTÁDIO": "CLUB ATLÉTICO ACADEMIA DEPORTIVA", "CAPACIDADE": "DESCONHECIDA", "CIDADE": "ROSÁRIO", "ESTADO/PROVÍNCIA": "SANTA FE", "PAÍS": "ARGENTINA", "LATITUDE": -32.850463678761685, "LONGITUDE": -60.714608783296171, "PÚBLICO PAGANTE": "PA", "PÚBLICO TOTAL": "PA", "RENDA BRUTA (R$)": "0.0", "RENDA LÍQUIDA (R$)": "ND", "TICKET MÉDIO (R$)": "ND", "AUTORAS": null, "TÍTULO?": "N/A", "OBSERVAÇÕES": "Portões abertos", "ERA": "Depois da reativação" }, "geometry": { "type": "Point", "coordinates": [ -60.714608783296171, -32.850463678761685 ] } },
{ "type": "Feature", "properties": { "DATA": "2018-11-30", "DIA DA SEMANA": "sexta-feira", "DIA DO JOGO": "2018-11-30 00:00:00", "MÊS DO JOGO": "2018-11-30 00:00:00", "ANO JOGO": 2018.0, "ANO COMPETIÇÃO": 2018.0, "MANDANTE / VISITANTE (SCCP)": "Neutro", "TIME MANDANTE": "CORINTHIANS", "GOLS MANDANTE": "11.0", "x": "x", "GOLS VISITANTE": "0.0", "TIME VISITANTE": "UNIÓN DE SANTA FÉ (ARG)", "PLACAR": "11x0", "RESULTADO": "VITÓRIA", "ADVERSÁRIO": "UNIÓN DE SANTA FÉ (ARG)", "ESTADO ADVERSÁRIO": "N/A (ESTRANGEIRO)", "PAÍS ADVERSÁRIO": "ARGENTINA", "GOLS SCCP": "11.0", "GOLS ADVERSÁRIO": "0.0", "SALDO DE GOLS": "11", "TREINADOR": "ARTHUR ELIAS", "JOGO OFICIAL?": "NÃO", "COMPETIÇÃO": "ROSARIO CUP", "FASE": "FINAL", "ESTÁDIO": "CLUB ATLÉTICO ACADEMIA DEPORTIVA", "CAPACIDADE": "DESCONHECIDA", "CIDADE": "ROSÁRIO", "ESTADO/PROVÍNCIA": "SANTA FE", "PAÍS": "ARGENTINA", "LATITUDE": -32.850463678761685, "LONGITUDE": -60.714608783296171, "PÚBLICO PAGANTE": "PA", "PÚBLICO TOTAL": "PA", "RENDA BRUTA (R$)": "0.0", "RENDA LÍQUIDA (R$)": "ND", "TICKET MÉDIO (R$)": "ND", "AUTORAS": null, "TÍTULO?": "ROSARIO CUP", "OBSERVAÇÕES": "Portões abertos / Corinthians campeão da Rosario Cup 2018", "ERA": "Depois da reativação" }, "geometry": { "type": "Point", "coordinates": [ -60.714608783296171, -32.850463678761685 ] } },
{ "type": "Feature", "properties": { "DATA": "2019-02-19", "DIA DA SEMANA": "terça-feira", "DIA DO JOGO": "2019-02-19 00:00:00", "MÊS DO JOGO": "2019-02-19 00:00:00", "ANO JOGO": 2019.0, "ANO COMPETIÇÃO": 2019.0, "MANDANTE / VISITANTE (SCCP)": "Sim", "TIME MANDANTE": "CORINTHIANS", "GOLS MANDANTE": "4.0", "x": "x", "GOLS VISITANTE": "0.0", "TIME VISITANTE": "SANTOS", "PLACAR": "4x0", "RESULTADO": "VITÓRIA", "ADVERSÁRIO": "SANTOS", "ESTADO ADVERSÁRIO": "SÃO PAULO", "PAÍS ADVERSÁRIO": "BRASIL", "GOLS SCCP": "4.0", "GOLS ADVERSÁRIO": "0.0", "SALDO DE GOLS": "4", "TREINADOR": "ARTHUR ELIAS", "JOGO OFICIAL?": "NÃO", "COMPETIÇÃO": "AMISTOSO", "FASE": "N/A", "ESTÁDIO": "ALFREDO SCHÜRIG (PARQUE SÃO JORGE / FAZENDINHA)", "CAPACIDADE": "9800", "CIDADE": "SÃO PAULO ", "ESTADO/PROVÍNCIA": "SÃO PAULO", "PAÍS": "BRASIL", "LATITUDE": -23.526659630812546, "LONGITUDE": -46.569480895169598, "PÚBLICO PAGANTE": "PF", "PÚBLICO TOTAL": "PF", "RENDA BRUTA (R$)": "PF", "RENDA LÍQUIDA (R$)": "PF", "TICKET MÉDIO (R$)": "PF", "AUTORAS": null, "TÍTULO?": "N/A", "OBSERVAÇÕES": "Amistoso com portões abertos", "ERA": "Depois da reativação" }, "geometry": { "type": "Point", "coordinates": [ -46.569480895169598, -23.526659630812546 ] } },
{ "type": "Feature", "properties": { "DATA": "2019-03-01", "DIA DA SEMANA": "sexta-feira", "DIA DO JOGO": "2019-03-01 00:00:00", "MÊS DO JOGO": "2019-03-01 00:00:00", "ANO JOGO": 2019.0, "ANO COMPETIÇÃO": 2019.0, "MANDANTE / VISITANTE (SCCP)": "Sim", "TIME MANDANTE": "CORINTHIANS", "GOLS MANDANTE": "1.0", "x": "x", "GOLS VISITANTE": "0.0", "TIME VISITANTE": "SÃO PAULO", "PLACAR": "1x0", "RESULTADO": "VITÓRIA", "ADVERSÁRIO": "SÃO PAULO", "ESTADO ADVERSÁRIO": "SÃO PAULO", "PAÍS ADVERSÁRIO": "BRASIL", "GOLS SCCP": "1.0", "GOLS ADVERSÁRIO": "0.0", "SALDO DE GOLS": "1", "TREINADOR": "ARTHUR ELIAS", "JOGO OFICIAL?": "NÃO", "COMPETIÇÃO": "JOGO-TREINO", "FASE": "N/A", "ESTÁDIO": "CENTRO DE TREINAMENTO DAS CATEGORIAS DE BASE DO CORINTHIANS", "CAPACIDADE": "CONFERIR", "CIDADE": "SÃO PAULO ", "ESTADO/PROVÍNCIA": "SÃO PAULO", "PAÍS": "BRASIL", "LATITUDE": -23.493701238558412, "LONGITUDE": -46.511488142992633, "PÚBLICO PAGANTE": "PF", "PÚBLICO TOTAL": "PF", "RENDA BRUTA (R$)": "PF", "RENDA LÍQUIDA (R$)": "PF", "TICKET MÉDIO (R$)": "PF", "AUTORAS": null, "TÍTULO?": "N/A", "OBSERVAÇÕES": "Jogo-treino com portões fechados", "ERA": "Depois da reativação" }, "geometry": { "type": "Point", "coordinates": [ -46.511488142992633, -23.493701238558412 ] } },
{ "type": "Feature", "properties": { "DATA": "2019-03-09", "DIA DA SEMANA": "sábado", "DIA DO JOGO": "2019-03-09 00:00:00", "MÊS DO JOGO": "2019-03-09 00:00:00", "ANO JOGO": 2019.0, "ANO COMPETIÇÃO": 2019.0, "MANDANTE / VISITANTE (SCCP)": "Sim", "TIME MANDANTE": "CORINTHIANS", "GOLS MANDANTE": "1.0", "x": "x", "GOLS VISITANTE": "0.0", "TIME VISITANTE": "FERROVIÁRIA", "PLACAR": "1x0", "RESULTADO": "VITÓRIA", "ADVERSÁRIO": "FERROVIÁRIA", "ESTADO ADVERSÁRIO": "SÃO PAULO", "PAÍS ADVERSÁRIO": "BRASIL", "GOLS SCCP": "1.0", "GOLS ADVERSÁRIO": "0.0", "SALDO DE GOLS": "1", "TREINADOR": "ARTHUR ELIAS", "JOGO OFICIAL?": "NÃO", "COMPETIÇÃO": "JOGO-TREINO", "FASE": "N/A", "ESTÁDIO": "CENTRO DE TREINAMENTO DAS CATEGORIAS DE BASE DO CORINTHIANS", "CAPACIDADE": "CONFERIR", "CIDADE": "SÃO PAULO ", "ESTADO/PROVÍNCIA": "SÃO PAULO", "PAÍS": "BRASIL", "LATITUDE": -23.493701238558412, "LONGITUDE": -46.511488142992633, "PÚBLICO PAGANTE": "PF", "PÚBLICO TOTAL": "PF", "RENDA BRUTA (R$)": "PF", "RENDA LÍQUIDA (R$)": "PF", "TICKET MÉDIO (R$)": "PF", "AUTORAS": null, "TÍTULO?": "N/A", "OBSERVAÇÕES": "Jogo-treino com portões fechados", "ERA": "Depois da reativação" }, "geometry": { "type": "Point", "coordinates": [ -46.511488142992633, -23.493701238558412 ] } },
{ "type": "Feature", "properties": { "DATA": "2019-03-16", "DIA DA SEMANA": "sábado", "DIA DO JOGO": "2019-03-16 00:00:00", "MÊS DO JOGO": "2019-03-16 00:00:00", "ANO JOGO": 2019.0, "ANO COMPETIÇÃO": 2019.0, "MANDANTE / VISITANTE (SCCP)": "Não", "TIME MANDANTE": "PONTE PRETA", "GOLS MANDANTE": "1.0", "x": "x", "GOLS VISITANTE": "4.0", "TIME VISITANTE": "CORINTHIANS", "PLACAR": "1x4", "RESULTADO": "VITÓRIA", "ADVERSÁRIO": "PONTE PRETA", "ESTADO ADVERSÁRIO": "SÃO PAULO", "PAÍS ADVERSÁRIO": "BRASIL", "GOLS SCCP": "4.0", "GOLS ADVERSÁRIO": "1.0", "SALDO DE GOLS": "3", "TREINADOR": "ARTHUR ELIAS", "JOGO OFICIAL?": "SIM", "COMPETIÇÃO": "CAMPEONATO BRASILEIRO", "FASE": "1ª FASE", "ESTÁDIO": "MANOEL FRANCISCO FERREIRA", "CAPACIDADE": "1000", "CIDADE": "BÁLSAMO ", "ESTADO/PROVÍNCIA": "SÃO PAULO", "PAÍS": "BRASIL", "LATITUDE": -20.732369937748992, "LONGITUDE": -49.5820706754265, "PÚBLICO PAGANTE": "ND", "PÚBLICO TOTAL": "ND", "RENDA BRUTA (R$)": "ND", "RENDA LÍQUIDA (R$)": "ND", "TICKET MÉDIO (R$)": "ND", "AUTORAS": "GIOVANNA CRIVELARI, GABI ZANOTTI, GIOVANNA CRIVELARI, MILLENE", "TÍTULO?": "N/A", "OBSERVAÇÕES": null, "ERA": "Depois da reativação" }, "geometry": { "type": "Point", "coordinates": [ -49.5820706754265, -20.732369937748992 ] } },
{ "type": "Feature", "properties": { "DATA": "2019-03-21", "DIA DA SEMANA": "quinta-feira", "DIA DO JOGO": "2019-03-21 00:00:00", "MÊS DO JOGO": "2019-03-21 00:00:00", "ANO JOGO": 2019.0, "ANO COMPETIÇÃO": 2019.0, "MANDANTE / VISITANTE (SCCP)": "Sim", "TIME MANDANTE": "CORINTHIANS", "GOLS MANDANTE": "1.0", "x": "x", "GOLS VISITANTE": "2.0", "TIME VISITANTE": "SANTOS", "PLACAR": "1x2", "RESULTADO": "DERROTA", "ADVERSÁRIO": "SANTOS", "ESTADO ADVERSÁRIO": "SÃO PAULO", "PAÍS ADVERSÁRIO": "BRASIL", "GOLS SCCP": "1.0", "GOLS ADVERSÁRIO": "2.0", "SALDO DE GOLS": "-1", "TREINADOR": "ARTHUR ELIAS", "JOGO OFICIAL?": "SIM", "COMPETIÇÃO": "CAMPEONATO BRASILEIRO", "FASE": "1ª FASE", "ESTÁDIO": "ALFREDO SCHÜRIG (PARQUE SÃO JORGE / FAZENDINHA)", "CAPACIDADE": "9800", "CIDADE": "SÃO PAULO ", "ESTADO/PROVÍNCIA": "SÃO PAULO", "PAÍS": "BRASIL", "LATITUDE": -23.526659630812546, "LONGITUDE": -46.569480895169598, "PÚBLICO PAGANTE": "ND", "PÚBLICO TOTAL": "ND", "RENDA BRUTA (R$)": "ND", "RENDA LÍQUIDA (R$)": "ND", "TICKET MÉDIO (R$)": "ND", "AUTORAS": "MILLENE", "TÍTULO?": "N/A", "OBSERVAÇÕES": null, "ERA": "Depois da reativação" }, "geometry": { "type": "Point", "coordinates": [ -46.569480895169598, -23.526659630812546 ] } },
{ "type": "Feature", "properties": { "DATA": "2019-03-26", "DIA DA SEMANA": "terça-feira", "DIA DO JOGO": "2019-03-26 00:00:00", "MÊS DO JOGO": "2019-03-26 00:00:00", "ANO JOGO": 2019.0, "ANO COMPETIÇÃO": 2019.0, "MANDANTE / VISITANTE (SCCP)": "Sim", "TIME MANDANTE": "CORINTHIANS", "GOLS MANDANTE": "5.0", "x": "x", "GOLS VISITANTE": "0.0", "TIME VISITANTE": "INTERNACIONAL", "PLACAR": "5x0", "RESULTADO": "VITÓRIA", "ADVERSÁRIO": "INTERNACIONAL", "ESTADO ADVERSÁRIO": "RIO GRANDE DO SUL", "PAÍS ADVERSÁRIO": "BRASIL", "GOLS SCCP": "5.0", "GOLS ADVERSÁRIO": "0.0", "SALDO DE GOLS": "5", "TREINADOR": "ARTHUR ELIAS", "JOGO OFICIAL?": "SIM", "COMPETIÇÃO": "CAMPEONATO BRASILEIRO", "FASE": "1ª FASE", "ESTÁDIO": "ALFREDO SCHÜRIG (PARQUE SÃO JORGE / FAZENDINHA)", "CAPACIDADE": "9800", "CIDADE": "SÃO PAULO ", "ESTADO/PROVÍNCIA": "SÃO PAULO", "PAÍS": "BRASIL", "LATITUDE": -23.526659630812546, "LONGITUDE": -46.569480895169598, "PÚBLICO PAGANTE": "ND", "PÚBLICO TOTAL": "ND", "RENDA BRUTA (R$)": "ND", "RENDA LÍQUIDA (R$)": "ND", "TICKET MÉDIO (R$)": "ND", "AUTORAS": "KATIUSCIA, MILLENE, ADRIANA, KATIUSCIA, GIOVANNA CRIVELARI", "TÍTULO?": "N/A", "OBSERVAÇÕES": null, "ERA": "Depois da reativação" }, "geometry": { "type": "Point", "coordinates": [ -46.569480895169598, -23.526659630812546 ] } },
{ "type": "Feature", "properties": { "DATA": "2019-03-31", "DIA DA SEMANA": "domingo", "DIA DO JOGO": "2019-03-31 00:00:00", "MÊS DO JOGO": "2019-03-31 00:00:00", "ANO JOGO": 2019.0, "ANO COMPETIÇÃO": 2019.0, "MANDANTE / VISITANTE (SCCP)": "Sim", "TIME MANDANTE": "CORINTHIANS", "GOLS MANDANTE": "3.0", "x": "x", "GOLS VISITANTE": "1.0", "TIME VISITANTE": "SANTOS", "PLACAR": "3x1", "RESULTADO": "VITÓRIA", "ADVERSÁRIO": "SANTOS", "ESTADO ADVERSÁRIO": "SÃO PAULO", "PAÍS ADVERSÁRIO": "BRASIL", "GOLS SCCP": "3.0", "GOLS ADVERSÁRIO": "1.0", "SALDO DE GOLS": "2", "TREINADOR": "ARTHUR ELIAS", "JOGO OFICIAL?": "SIM", "COMPETIÇÃO": "CAMPEONATO PAULISTA / FPF", "FASE": "1ª FASE", "ESTÁDIO": "ALFREDO SCHÜRIG (PARQUE SÃO JORGE / FAZENDINHA)", "CAPACIDADE": "9800", "CIDADE": "SÃO PAULO ", "ESTADO/PROVÍNCIA": "SÃO PAULO", "PAÍS": "BRASIL", "LATITUDE": -23.526659630812546, "LONGITUDE": -46.569480895169598, "PÚBLICO PAGANTE": "ND", "PÚBLICO TOTAL": "ND", "RENDA BRUTA (R$)": "ND", "RENDA LÍQUIDA (R$)": "ND", "TICKET MÉDIO (R$)": "ND", "AUTORAS": "ADRIANA, VIC ALBUQUERQUE, GABI NUNES", "TÍTULO?": "N/A", "OBSERVAÇÕES": null, "ERA": "Depois da reativação" }, "geometry": { "type": "Point", "coordinates": [ -46.569480895169598, -23.526659630812546 ] } },
{ "type": "Feature", "properties": { "DATA": "2019-04-07", "DIA DA SEMANA": "domingo", "DIA DO JOGO": "2019-04-07 00:00:00", "MÊS DO JOGO": "2019-04-07 00:00:00", "ANO JOGO": 2019.0, "ANO COMPETIÇÃO": 2019.0, "MANDANTE / VISITANTE (SCCP)": "Não", "TIME MANDANTE": "PORTUGUESA", "GOLS MANDANTE": "0.0", "x": "x", "GOLS VISITANTE": "5.0", "TIME VISITANTE": "CORINTHIANS", "PLACAR": "0x5", "RESULTADO": "VITÓRIA", "ADVERSÁRIO": "PORTUGUESA", "ESTADO ADVERSÁRIO": "SÃO PAULO", "PAÍS ADVERSÁRIO": "BRASIL", "GOLS SCCP": "5.0", "GOLS ADVERSÁRIO": "0.0", "SALDO DE GOLS": "5", "TREINADOR": "RODRIGO IGLESIAS", "JOGO OFICIAL?": "SIM", "COMPETIÇÃO": "CAMPEONATO PAULISTA / FPF", "FASE": "1ª FASE", "ESTÁDIO": "OSWALDO TEIXEIRA DUARTE (CANINDÉ)", "CAPACIDADE": "21004", "CIDADE": "SÃO PAULO ", "ESTADO/PROVÍNCIA": "SÃO PAULO", "PAÍS": "BRASIL", "LATITUDE": -23.520132719349128, "LONGITUDE": -46.618264502415194, "PÚBLICO PAGANTE": "ND", "PÚBLICO TOTAL": "ND", "RENDA BRUTA (R$)": "ND", "RENDA LÍQUIDA (R$)": "ND", "TICKET MÉDIO (R$)": "ND", "AUTORAS": "PAULINHA, GRAZI, VIC ALBUQUERQUE, GIOVANNA CRIVELARI, CONTRA", "TÍTULO?": "N/A", "OBSERVAÇÕES": null, "ERA": "Depois da reativação" }, "geometry": { "type": "Point", "coordinates": [ -46.618264502415194, -23.520132719349128 ] } },
{ "type": "Feature", "properties": { "DATA": "2019-04-11", "DIA DA SEMANA": "quinta-feira", "DIA DO JOGO": "2019-04-11 00:00:00", "MÊS DO JOGO": "2019-04-11 00:00:00", "ANO JOGO": 2019.0, "ANO COMPETIÇÃO": 2019.0, "MANDANTE / VISITANTE (SCCP)": "Não", "TIME MANDANTE": "SPORT", "GOLS MANDANTE": "0.0", "x": "x", "GOLS VISITANTE": "7.0", "TIME VISITANTE": "CORINTHIANS", "PLACAR": "0x7", "RESULTADO": "VITÓRIA", "ADVERSÁRIO": "SPORT", "ESTADO ADVERSÁRIO": "PERNAMBUCO", "PAÍS ADVERSÁRIO": "BRASIL", "GOLS SCCP": "7.0", "GOLS ADVERSÁRIO": "0.0", "SALDO DE GOLS": "7", "TREINADOR": "RODRIGO IGLESIAS", "JOGO OFICIAL?": "SIM", "COMPETIÇÃO": "CAMPEONATO BRASILEIRO", "FASE": "1ª FASE", "ESTÁDIO": "ADEMIR CUNHA", "CAPACIDADE": "12000", "CIDADE": "PAULISTA ", "ESTADO/PROVÍNCIA": "PERNAMBUCO", "PAÍS": "BRASIL", "LATITUDE": -7.9452429061648928, "LONGITUDE": -34.888020321449119, "PÚBLICO PAGANTE": "0.0", "PÚBLICO TOTAL": "ND", "RENDA BRUTA (R$)": "0.0", "RENDA LÍQUIDA (R$)": "-3355.2", "TICKET MÉDIO (R$)": "ND", "AUTORAS": "GABI NUNES, MILLENE, GABI NUNES, GABI NUNES, GABI NUNES, GIOVANNA CRIVELARI, MILLENE", "TÍTULO?": "N/A", "OBSERVAÇÕES": null, "ERA": "Depois da reativação" }, "geometry": { "type": "Point", "coordinates": [ -34.888020321449119, -7.945242906164893 ] } },
{ "type": "Feature", "properties": { "DATA": "2019-04-14", "DIA DA SEMANA": "domingo", "DIA DO JOGO": "2019-04-14 00:00:00", "MÊS DO JOGO": "2019-04-14 00:00:00", "ANO JOGO": 2019.0, "ANO COMPETIÇÃO": 2019.0, "MANDANTE / VISITANTE (SCCP)": "Não", "TIME MANDANTE": "TAUBATÉ", "GOLS MANDANTE": "0.0", "x": "x", "GOLS VISITANTE": "1.0", "TIME VISITANTE": "CORINTHIANS", "PLACAR": "0x1", "RESULTADO": "VITÓRIA", "ADVERSÁRIO": "TAUBATÉ", "ESTADO ADVERSÁRIO": "SÃO PAULO", "PAÍS ADVERSÁRIO": "BRASIL", "GOLS SCCP": "1.0", "GOLS ADVERSÁRIO": "0.0", "SALDO DE GOLS": "1", "TREINADOR": "RODRIGO IGLESIAS", "JOGO OFICIAL?": "SIM", "COMPETIÇÃO": "CAMPEONATO PAULISTA / FPF", "FASE": "1ª FASE", "ESTÁDIO": "JOAQUIM DE MORAIS FILHO (JOAQUINZÃO)", "CAPACIDADE": "9600", "CIDADE": "TAUBATÉ ", "ESTADO/PROVÍNCIA": "SÃO PAULO", "PAÍS": "BRASIL", "LATITUDE": -23.027800963309272, "LONGITUDE": -45.56983161590955, "PÚBLICO PAGANTE": "ND", "PÚBLICO TOTAL": "ND", "RENDA BRUTA (R$)": "ND", "RENDA LÍQUIDA (R$)": "ND", "TICKET MÉDIO (R$)": "ND", "AUTORAS": "JULIETE", "TÍTULO?": "N/A", "OBSERVAÇÕES": null, "ERA": "Depois da reativação" }, "geometry": { "type": "Point", "coordinates": [ -45.56983161590955, -23.027800963309272 ] } },
{ "type": "Feature", "properties": { "DATA": "2019-04-20", "DIA DA SEMANA": "sábado", "DIA DO JOGO": "2019-04-20 00:00:00", "MÊS DO JOGO": "2019-04-20 00:00:00", "ANO JOGO": 2019.0, "ANO COMPETIÇÃO": 2019.0, "MANDANTE / VISITANTE (SCCP)": "Não", "TIME MANDANTE": "AVAÍ/KINDERMANN", "GOLS MANDANTE": "0.0", "x": "x", "GOLS VISITANTE": "1.0", "TIME VISITANTE": "CORINTHIANS", "PLACAR": "0x1", "RESULTADO": "VITÓRIA", "ADVERSÁRIO": "AVAÍ/KINDERMANN", "ESTADO ADVERSÁRIO": "SANTA CATARINA", "PAÍS ADVERSÁRIO": "BRASIL", "GOLS SCCP": "1.0", "GOLS ADVERSÁRIO": "0.0", "SALDO DE GOLS": "1", "TREINADOR": "ARTHUR ELIAS", "JOGO OFICIAL?": "SIM", "COMPETIÇÃO": "CAMPEONATO BRASILEIRO", "FASE": "1ª FASE", "ESTÁDIO": "CARLOS ALBERTO COSTA NEVES", "CAPACIDADE": "6500", "CIDADE": "CAÇADOR ", "ESTADO/PROVÍNCIA": "SANTA CATARINA", "PAÍS": "BRASIL", "LATITUDE": -26.771027999853985, "LONGITUDE": -51.007584674327376, "PÚBLICO PAGANTE": "ND", "PÚBLICO TOTAL": "ND", "RENDA BRUTA (R$)": "ND", "RENDA LÍQUIDA (R$)": "ND", "TICKET MÉDIO (R$)": "ND", "AUTORAS": "ADRIANA", "TÍTULO?": "N/A", "OBSERVAÇÕES": null, "ERA": "Depois da reativação" }, "geometry": { "type": "Point", "coordinates": [ -51.007584674327376, -26.771027999853985 ] } },
{ "type": "Feature", "properties": { "DATA": "2019-04-25", "DIA DA SEMANA": "quinta-feira", "DIA DO JOGO": "2019-04-25 00:00:00", "MÊS DO JOGO": "2019-04-25 00:00:00", "ANO JOGO": 2019.0, "ANO COMPETIÇÃO": 2019.0, "MANDANTE / VISITANTE (SCCP)": "Sim", "TIME MANDANTE": "CORINTHIANS", "GOLS MANDANTE": "3.0", "x": "x", "GOLS VISITANTE": "0.0", "TIME VISITANTE": "SÃO JOSÉ", "PLACAR": "3x0", "RESULTADO": "VITÓRIA", "ADVERSÁRIO": "SÃO JOSÉ", "ESTADO ADVERSÁRIO": "SÃO PAULO", "PAÍS ADVERSÁRIO": "BRASIL", "GOLS SCCP": "3.0", "GOLS ADVERSÁRIO": "0.0", "SALDO DE GOLS": "3", "TREINADOR": "ARTHUR ELIAS", "JOGO OFICIAL?": "SIM", "COMPETIÇÃO": "CAMPEONATO BRASILEIRO", "FASE": "1ª FASE", "ESTÁDIO": "ALFREDO SCHÜRIG (PARQUE SÃO JORGE / FAZENDINHA)", "CAPACIDADE": "9800", "CIDADE": "SÃO PAULO ", "ESTADO/PROVÍNCIA": "SÃO PAULO", "PAÍS": "BRASIL", "LATITUDE": -23.526659630812546, "LONGITUDE": -46.569480895169598, "PÚBLICO PAGANTE": "ND", "PÚBLICO TOTAL": "ND", "RENDA BRUTA (R$)": "ND", "RENDA LÍQUIDA (R$)": "ND", "TICKET MÉDIO (R$)": "ND", "AUTORAS": "GABI NUNES, CACAU, INGRYD", "TÍTULO?": "N/A", "OBSERVAÇÕES": null, "ERA": "Depois da reativação" }, "geometry": { "type": "Point", "coordinates": [ -46.569480895169598, -23.526659630812546 ] } },
{ "type": "Feature", "properties": { "DATA": "2019-04-28", "DIA DA SEMANA": "domingo", "DIA DO JOGO": "2019-04-28 00:00:00", "MÊS DO JOGO": "2019-04-28 00:00:00", "ANO JOGO": 2019.0, "ANO COMPETIÇÃO": 2019.0, "MANDANTE / VISITANTE (SCCP)": "Sim", "TIME MANDANTE": "CORINTHIANS", "GOLS MANDANTE": "4.0", "x": "x", "GOLS VISITANTE": "1.0", "TIME VISITANTE": "SÃO JOSÉ", "PLACAR": "4x1", "RESULTADO": "VITÓRIA", "ADVERSÁRIO": "SÃO JOSÉ", "ESTADO ADVERSÁRIO": "SÃO PAULO", "PAÍS ADVERSÁRIO": "BRASIL", "GOLS SCCP": "4.0", "GOLS ADVERSÁRIO": "1.0", "SALDO DE GOLS": "3", "TREINADOR": "ARTHUR ELIAS", "JOGO OFICIAL?": "SIM", "COMPETIÇÃO": "CAMPEONATO PAULISTA / FPF", "FASE": "1ª FASE", "ESTÁDIO": "ALFREDO SCHÜRIG (PARQUE SÃO JORGE / FAZENDINHA)", "CAPACIDADE": "9800", "CIDADE": "SÃO PAULO ", "ESTADO/PROVÍNCIA": "SÃO PAULO", "PAÍS": "BRASIL", "LATITUDE": -23.526659630812546, "LONGITUDE": -46.569480895169598, "PÚBLICO PAGANTE": "ND", "PÚBLICO TOTAL": "ND", "RENDA BRUTA (R$)": "ND", "RENDA LÍQUIDA (R$)": "ND", "TICKET MÉDIO (R$)": "ND", "AUTORAS": "ADRIANA, ADRIANA, GABI NUNES, VIC ALBUQUERQUE", "TÍTULO?": "N/A", "OBSERVAÇÕES": null, "ERA": "Depois da reativação" }, "geometry": { "type": "Point", "coordinates": [ -46.569480895169598, -23.526659630812546 ] } },
{ "type": "Feature", "properties": { "DATA": "2019-05-02", "DIA DA SEMANA": "quinta-feira", "DIA DO JOGO": "2019-05-02 00:00:00", "MÊS DO JOGO": "2019-05-02 00:00:00", "ANO JOGO": 2019.0, "ANO COMPETIÇÃO": 2019.0, "MANDANTE / VISITANTE (SCCP)": "Não", "TIME MANDANTE": "AUDAX", "GOLS MANDANTE": "0.0", "x": "x", "GOLS VISITANTE": "4.0", "TIME VISITANTE": "CORINTHIANS", "PLACAR": "0x4", "RESULTADO": "VITÓRIA", "ADVERSÁRIO": "AUDAX", "ESTADO ADVERSÁRIO": "SÃO PAULO", "PAÍS ADVERSÁRIO": "BRASIL", "GOLS SCCP": "4.0", "GOLS ADVERSÁRIO": "0.0", "SALDO DE GOLS": "4", "TREINADOR": "ARTHUR ELIAS", "JOGO OFICIAL?": "SIM", "COMPETIÇÃO": "CAMPEONATO BRASILEIRO", "FASE": "1ª FASE", "ESTÁDIO": "PREFEITO JOSÉ LIBERATTI (ROCHDALÃO)", "CAPACIDADE": "11780", "CIDADE": "OSASCO ", "ESTADO/PROVÍNCIA": "SÃO PAULO", "PAÍS": "BRASIL", "LATITUDE": -23.51198315274678, "LONGITUDE": -46.775554302415202, "PÚBLICO PAGANTE": "ND", "PÚBLICO TOTAL": "ND", "RENDA BRUTA (R$)": "ND", "RENDA LÍQUIDA (R$)": "ND", "TICKET MÉDIO (R$)": "ND", "AUTORAS": "GABI NUNES, MILLENE, MILLENE, MILLENE", "TÍTULO?": "N/A", "OBSERVAÇÕES": null, "ERA": "Depois da reativação" }, "geometry": { "type": "Point", "coordinates": [ -46.775554302415202, -23.51198315274678 ] } },
{ "type": "Feature", "properties": { "DATA": "2019-05-05", "DIA DA SEMANA": "domingo", "DIA DO JOGO": "2019-05-05 00:00:00", "MÊS DO JOGO": "2019-05-05 00:00:00", "ANO JOGO": 2019.0, "ANO COMPETIÇÃO": 2019.0, "MANDANTE / VISITANTE (SCCP)": "Não", "TIME MANDANTE": "JUVENTUS", "GOLS MANDANTE": "0.0", "x": "x", "GOLS VISITANTE": "4.0", "TIME VISITANTE": "CORINTHIANS", "PLACAR": "0x4", "RESULTADO": "VITÓRIA", "ADVERSÁRIO": "JUVENTUS", "ESTADO ADVERSÁRIO": "SÃO PAULO", "PAÍS ADVERSÁRIO": "BRASIL", "GOLS SCCP": "4.0", "GOLS ADVERSÁRIO": "0.0", "SALDO DE GOLS": "4", "TREINADOR": "RODRIGO IGLESIAS", "JOGO OFICIAL?": "SIM", "COMPETIÇÃO": "CAMPEONATO PAULISTA / FPF", "FASE": "1ª FASE", "ESTÁDIO": "CONDE RODOLFO CRESPI (RUA JAVARI)", "CAPACIDADE": "3800", "CIDADE": "SÃO PAULO ", "ESTADO/PROVÍNCIA": "SÃO PAULO", "PAÍS": "BRASIL", "LATITUDE": -23.552485627232432, "LONGITUDE": -46.601420574225386, "PÚBLICO PAGANTE": "ND", "PÚBLICO TOTAL": "ND", "RENDA BRUTA (R$)": "ND", "RENDA LÍQUIDA (R$)": "ND", "TICKET MÉDIO (R$)": "ND", "AUTORAS": "CACAU, CACAU, MARCELA, ADRIANA", "TÍTULO?": "N/A", "OBSERVAÇÕES": null, "ERA": "Depois da reativação" }, "geometry": { "type": "Point", "coordinates": [ -46.601420574225386, -23.552485627232432 ] } },
{ "type": "Feature", "properties": { "DATA": "2019-05-09", "DIA DA SEMANA": "quinta-feira", "DIA DO JOGO": "2019-05-09 00:00:00", "MÊS DO JOGO": "2019-05-09 00:00:00", "ANO JOGO": 2019.0, "ANO COMPETIÇÃO": 2019.0, "MANDANTE / VISITANTE (SCCP)": "Sim", "TIME MANDANTE": "CORINTHIANS", "GOLS MANDANTE": "3.0", "x": "x", "GOLS VISITANTE": "1.0", "TIME VISITANTE": "IRANDUBA", "PLACAR": "3x1", "RESULTADO": "VITÓRIA", "ADVERSÁRIO": "IRANDUBA", "ESTADO ADVERSÁRIO": "AMAZONAS", "PAÍS ADVERSÁRIO": "BRASIL", "GOLS SCCP": "3.0", "GOLS ADVERSÁRIO": "1.0", "SALDO DE GOLS": "2", "TREINADOR": "ARTHUR ELIAS", "JOGO OFICIAL?": "SIM", "COMPETIÇÃO": "CAMPEONATO BRASILEIRO", "FASE": "1ª FASE", "ESTÁDIO": "PAULO MACHADO DE CARVALHO (MERCADO LIVRE ARENA PACAEMBU)", "CAPACIDADE": "37730", "CIDADE": "SÃO PAULO ", "ESTADO/PROVÍNCIA": "SÃO PAULO", "PAÍS": "BRASIL", "LATITUDE": -23.548265580968636, "LONGITUDE": -46.665377888920851, "PÚBLICO PAGANTE": "ND", "PÚBLICO TOTAL": "ND", "RENDA BRUTA (R$)": "ND", "RENDA LÍQUIDA (R$)": "ND", "TICKET MÉDIO (R$)": "ND", "AUTORAS": "GABI NUNES, ADRIANA, GIOVANNA CRIVELARI", "TÍTULO?": "N/A", "OBSERVAÇÕES": null, "ERA": "Depois da reativação" }, "geometry": { "type": "Point", "coordinates": [ -46.665377888920851, -23.548265580968636 ] } },
{ "type": "Feature", "properties": { "DATA": "2019-05-15", "DIA DA SEMANA": "quarta-feira", "DIA DO JOGO": "2019-05-15 00:00:00", "MÊS DO JOGO": "2019-05-15 00:00:00", "ANO JOGO": 2019.0, "ANO COMPETIÇÃO": 2019.0, "MANDANTE / VISITANTE (SCCP)": "Não", "TIME MANDANTE": "SANTOS", "GOLS MANDANTE": "2.0", "x": "x", "GOLS VISITANTE": "3.0", "TIME VISITANTE": "CORINTHIANS", "PLACAR": "2x3", "RESULTADO": "VITÓRIA", "ADVERSÁRIO": "SANTOS", "ESTADO ADVERSÁRIO": "SÃO PAULO", "PAÍS ADVERSÁRIO": "BRASIL", "GOLS SCCP": "3.0", "GOLS ADVERSÁRIO": "2.0", "SALDO DE GOLS": "1", "TREINADOR": "RODRIGO IGLESIAS", "JOGO OFICIAL?": "SIM", "COMPETIÇÃO": "CAMPEONATO PAULISTA / FPF", "FASE": "1ª FASE", "ESTÁDIO": "PAULO MACHADO DE CARVALHO (MERCADO LIVRE ARENA PACAEMBU)", "CAPACIDADE": "37730", "CIDADE": "SÃO PAULO ", "ESTADO/PROVÍNCIA": "SÃO PAULO", "PAÍS": "BRASIL", "LATITUDE": -23.548265580968636, "LONGITUDE": -46.665377888920851, "PÚBLICO PAGANTE": "ND", "PÚBLICO TOTAL": "ND", "RENDA BRUTA (R$)": "ND", "RENDA LÍQUIDA (R$)": "ND", "TICKET MÉDIO (R$)": "ND", "AUTORAS": "GIOVANNA CRIVELARI, ADRIANA, GABI NUNES", "TÍTULO?": "N/A", "OBSERVAÇÕES": null, "ERA": "Depois da reativação" }, "geometry": { "type": "Point", "coordinates": [ -46.665377888920851, -23.548265580968636 ] } },
{ "type": "Feature", "properties": { "DATA": "2019-05-19", "DIA DA SEMANA": "domingo", "DIA DO JOGO": "2019-05-19 00:00:00", "MÊS DO JOGO": "2019-05-19 00:00:00", "ANO JOGO": 2019.0, "ANO COMPETIÇÃO": 2019.0, "MANDANTE / VISITANTE (SCCP)": "Sim", "TIME MANDANTE": "CORINTHIANS", "GOLS MANDANTE": "5.0", "x": "x", "GOLS VISITANTE": "0.0", "TIME VISITANTE": "VITÓRIA DAS TABOCAS-PE", "PLACAR": "5x0", "RESULTADO": "VITÓRIA", "ADVERSÁRIO": "VITÓRIA DAS TABOCAS-PE", "ESTADO ADVERSÁRIO": "PERNAMBUCO", "PAÍS ADVERSÁRIO": "BRASIL", "GOLS SCCP": "5.0", "GOLS ADVERSÁRIO": "0.0", "SALDO DE GOLS": "5", "TREINADOR": "RODRIGO IGLESIAS", "JOGO OFICIAL?": "SIM", "COMPETIÇÃO": "CAMPEONATO BRASILEIRO", "FASE": "1ª FASE", "ESTÁDIO": "ALFREDO SCHÜRIG (PARQUE SÃO JORGE / FAZENDINHA)", "CAPACIDADE": "9800", "CIDADE": "SÃO PAULO ", "ESTADO/PROVÍNCIA": "SÃO PAULO", "PAÍS": "BRASIL", "LATITUDE": -23.526659630812546, "LONGITUDE": -46.569480895169598, "PÚBLICO PAGANTE": "ND", "PÚBLICO TOTAL": "ND", "RENDA BRUTA (R$)": "ND", "RENDA LÍQUIDA (R$)": "ND", "TICKET MÉDIO (R$)": "ND", "AUTORAS": "VIC ALBUQUERQUE, MILLENE, GIOVANNA CRIVELARI, GABI NUNES, MILLENE", "TÍTULO?": "N/A", "OBSERVAÇÕES": null, "ERA": "Depois da reativação" }, "geometry": { "type": "Point", "coordinates": [ -46.569480895169598, -23.526659630812546 ] } },
{ "type": "Feature", "properties": { "DATA": "2019-05-26", "DIA DA SEMANA": "domingo", "DIA DO JOGO": "2019-05-26 00:00:00", "MÊS DO JOGO": "2019-05-26 00:00:00", "ANO JOGO": 2019.0, "ANO COMPETIÇÃO": 2019.0, "MANDANTE / VISITANTE (SCCP)": "Sim", "TIME MANDANTE": "CORINTHIANS", "GOLS MANDANTE": "3.0", "x": "x", "GOLS VISITANTE": "0.0", "TIME VISITANTE": "PORTUGUESA", "PLACAR": "3x0", "RESULTADO": "VITÓRIA", "ADVERSÁRIO": "PORTUGUESA", "ESTADO ADVERSÁRIO": "SÃO PAULO", "PAÍS ADVERSÁRIO": "BRASIL", "GOLS SCCP": "3.0", "GOLS ADVERSÁRIO": "0.0", "SALDO DE GOLS": "3", "TREINADOR": "ARTHUR ELIAS", "JOGO OFICIAL?": "SIM", "COMPETIÇÃO": "CAMPEONATO PAULISTA / FPF", "FASE": "1ª FASE", "ESTÁDIO": "ANTÔNIO SOARES DE OLIVEIRA", "CAPACIDADE": "6235", "CIDADE": "GUARULHOS ", "ESTADO/PROVÍNCIA": "SÃO PAULO", "PAÍS": "BRASIL", "LATITUDE": -23.47036920270418, "LONGITUDE": -46.551778361932165, "PÚBLICO PAGANTE": "ND", "PÚBLICO TOTAL": "ND", "RENDA BRUTA (R$)": "ND", "RENDA LÍQUIDA (R$)": "ND", "TICKET MÉDIO (R$)": "ND", "AUTORAS": "PARDAL, MILLENE, INGRYD", "TÍTULO?": "N/A", "OBSERVAÇÕES": null, "ERA": "Depois da reativação" }, "geometry": { "type": "Point", "coordinates": [ -46.551778361932165, -23.47036920270418 ] } },
{ "type": "Feature", "properties": { "DATA": "2019-06-01", "DIA DA SEMANA": "sábado", "DIA DO JOGO": "2019-06-01 00:00:00", "MÊS DO JOGO": "2019-06-01 00:00:00", "ANO JOGO": 2019.0, "ANO COMPETIÇÃO": 2019.0, "MANDANTE / VISITANTE (SCCP)": "Sim", "TIME MANDANTE": "CORINTHIANS", "GOLS MANDANTE": "3.0", "x": "x", "GOLS VISITANTE": "1.0", "TIME VISITANTE": "TAUBATÉ", "PLACAR": "3x1", "RESULTADO": "VITÓRIA", "ADVERSÁRIO": "TAUBATÉ", "ESTADO ADVERSÁRIO": "SÃO PAULO", "PAÍS ADVERSÁRIO": "BRASIL", "GOLS SCCP": "3.0", "GOLS ADVERSÁRIO": "1.0", "SALDO DE GOLS": "2", "TREINADOR": "ARTHUR ELIAS", "JOGO OFICIAL?": "SIM", "COMPETIÇÃO": "CAMPEONATO PAULISTA / FPF", "FASE": "1ª FASE", "ESTÁDIO": "ALFREDO SCHÜRIG (PARQUE SÃO JORGE / FAZENDINHA)", "CAPACIDADE": "9800", "CIDADE": "SÃO PAULO ", "ESTADO/PROVÍNCIA": "SÃO PAULO", "PAÍS": "BRASIL", "LATITUDE": -23.526659630812546, "LONGITUDE": -46.569480895169598, "PÚBLICO PAGANTE": "ND", "PÚBLICO TOTAL": "ND", "RENDA BRUTA (R$)": "ND", "RENDA LÍQUIDA (R$)": "ND", "TICKET MÉDIO (R$)": "ND", "AUTORAS": "GIOVANNA CAMPIOLO, GABI NUNES, GIOVANNA CRIVELARI", "TÍTULO?": "N/A", "OBSERVAÇÕES": null, "ERA": "Depois da reativação" }, "geometry": { "type": "Point", "coordinates": [ -46.569480895169598, -23.526659630812546 ] } },
{ "type": "Feature", "properties": { "DATA": "2019-06-09", "DIA DA SEMANA": "domingo", "DIA DO JOGO": "2019-06-09 00:00:00", "MÊS DO JOGO": "2019-06-09 00:00:00", "ANO JOGO": 2019.0, "ANO COMPETIÇÃO": 2019.0, "MANDANTE / VISITANTE (SCCP)": "Não", "TIME MANDANTE": "SÃO JOSÉ", "GOLS MANDANTE": "0.0", "x": "x", "GOLS VISITANTE": "2.0", "TIME VISITANTE": "CORINTHIANS", "PLACAR": "0x2", "RESULTADO": "VITÓRIA", "ADVERSÁRIO": "SÃO JOSÉ", "ESTADO ADVERSÁRIO": "SÃO PAULO", "PAÍS ADVERSÁRIO": "BRASIL", "GOLS SCCP": "2.0", "GOLS ADVERSÁRIO": "0.0", "SALDO DE GOLS": "2", "TREINADOR": "ARTHUR ELIAS", "JOGO OFICIAL?": "SIM", "COMPETIÇÃO": "CAMPEONATO PAULISTA / FPF", "FASE": "1ª FASE", "ESTÁDIO": "MARTINS PEREIRA", "CAPACIDADE": "16500", "CIDADE": "SÃO JOSÉ DOS CAMPOS ", "ESTADO/PROVÍNCIA": "SÃO PAULO", "PAÍS": "BRASIL", "LATITUDE": -23.1884912615151, "LONGITUDE": -45.869827477202776, "PÚBLICO PAGANTE": "ND", "PÚBLICO TOTAL": "ND", "RENDA BRUTA (R$)": "ND", "RENDA LÍQUIDA (R$)": "ND", "TICKET MÉDIO (R$)": "ND", "AUTORAS": "MILLENE, MILLENE", "TÍTULO?": "N/A", "OBSERVAÇÕES": null, "ERA": "Depois da reativação" }, "geometry": { "type": "Point", "coordinates": [ -45.869827477202776, -23.1884912615151 ] } },
{ "type": "Feature", "properties": { "DATA": "2019-06-15", "DIA DA SEMANA": "sábado", "DIA DO JOGO": "2019-06-15 00:00:00", "MÊS DO JOGO": "2019-06-15 00:00:00", "ANO JOGO": 2019.0, "ANO COMPETIÇÃO": 2019.0, "MANDANTE / VISITANTE (SCCP)": "Sim", "TIME MANDANTE": "CORINTHIANS", "GOLS MANDANTE": "4.0", "x": "x", "GOLS VISITANTE": "0.0", "TIME VISITANTE": "JUVENTUS", "PLACAR": "4x0", "RESULTADO": "VITÓRIA", "ADVERSÁRIO": "JUVENTUS", "ESTADO ADVERSÁRIO": "SÃO PAULO", "PAÍS ADVERSÁRIO": "BRASIL", "GOLS SCCP": "4.0", "GOLS ADVERSÁRIO": "0.0", "SALDO DE GOLS": "4", "TREINADOR": "ARTHUR ELIAS", "JOGO OFICIAL?": "SIM", "COMPETIÇÃO": "CAMPEONATO PAULISTA / FPF", "FASE": "1ª FASE", "ESTÁDIO": "ALFREDO SCHÜRIG (PARQUE SÃO JORGE / FAZENDINHA)", "CAPACIDADE": "9800", "CIDADE": "SÃO PAULO ", "ESTADO/PROVÍNCIA": "SÃO PAULO", "PAÍS": "BRASIL", "LATITUDE": -23.526659630812546, "LONGITUDE": -46.569480895169598, "PÚBLICO PAGANTE": "ND", "PÚBLICO TOTAL": "ND", "RENDA BRUTA (R$)": "ND", "RENDA LÍQUIDA (R$)": "ND", "TICKET MÉDIO (R$)": "ND", "AUTORAS": "VIC ALBUQUERQUE, VIC ALBUQUERQUE, GIOVANNA CRIVELARI, GRAZI", "TÍTULO?": "N/A", "OBSERVAÇÕES": null, "ERA": "Depois da reativação" }, "geometry": { "type": "Point", "coordinates": [ -46.569480895169598, -23.526659630812546 ] } },
{ "type": "Feature", "properties": { "DATA": "2019-07-10", "DIA DA SEMANA": "quarta-feira", "DIA DO JOGO": "2019-07-10 00:00:00", "MÊS DO JOGO": "2019-07-10 00:00:00", "ANO JOGO": 2019.0, "ANO COMPETIÇÃO": 2019.0, "MANDANTE / VISITANTE (SCCP)": "Não", "TIME MANDANTE": "FOZ CATARATAS", "GOLS MANDANTE": "0.0", "x": "x", "GOLS VISITANTE": "1.0", "TIME VISITANTE": "CORINTHIANS", "PLACAR": "0x1", "RESULTADO": "VITÓRIA", "ADVERSÁRIO": "FOZ CATARATAS", "ESTADO ADVERSÁRIO": "PARANÁ", "PAÍS ADVERSÁRIO": "BRASIL", "GOLS SCCP": "1.0", "GOLS ADVERSÁRIO": "0.0", "SALDO DE GOLS": "1", "TREINADOR": "ARTHUR ELIAS", "JOGO OFICIAL?": "SIM", "COMPETIÇÃO": "CAMPEONATO BRASILEIRO", "FASE": "1ª FASE", "ESTÁDIO": "PEDRO BASSO", "CAPACIDADE": "5000", "CIDADE": "FOZ DO IGUAÇU", "ESTADO/PROVÍNCIA": "PARANÁ", "PAÍS": "BRASIL", "LATITUDE": -25.536427857443265, "LONGITUDE": -54.573876783675161, "PÚBLICO PAGANTE": "0.0", "PÚBLICO TOTAL": "ND", "RENDA BRUTA (R$)": "0.0", "RENDA LÍQUIDA (R$)": "-9124.0", "TICKET MÉDIO (R$)": "ND", "AUTORAS": "GABI ZANOTTI", "TÍTULO?": "N/A", "OBSERVAÇÕES": null, "ERA": "Depois da reativação" }, "geometry": { "type": "Point", "coordinates": [ -54.573876783675161, -25.536427857443265 ] } },
{ "type": "Feature", "properties": { "DATA": "2019-07-14", "DIA DA SEMANA": "domingo", "DIA DO JOGO": "2019-07-14 00:00:00", "MÊS DO JOGO": "2019-07-14 00:00:00", "ANO JOGO": 2019.0, "ANO COMPETIÇÃO": 2019.0, "MANDANTE / VISITANTE (SCCP)": "Sim", "TIME MANDANTE": "CORINTHIANS", "GOLS MANDANTE": "9.0", "x": "x", "GOLS VISITANTE": "0.0", "TIME VISITANTE": "SÃO FRANCISCO-BA", "PLACAR": "9x0", "RESULTADO": "VITÓRIA", "ADVERSÁRIO": "SÃO FRANCISCO-BA", "ESTADO ADVERSÁRIO": "BAHIA", "PAÍS ADVERSÁRIO": "BRASIL", "GOLS SCCP": "9.0", "GOLS ADVERSÁRIO": "0.0", "SALDO DE GOLS": "9", "TREINADOR": "ARTHUR ELIAS", "JOGO OFICIAL?": "SIM", "COMPETIÇÃO": "CAMPEONATO BRASILEIRO", "FASE": "1ª FASE", "ESTÁDIO": "ALFREDO SCHÜRIG (PARQUE SÃO JORGE / FAZENDINHA)", "CAPACIDADE": "9800", "CIDADE": "SÃO PAULO ", "ESTADO/PROVÍNCIA": "SÃO PAULO", "PAÍS": "BRASIL", "LATITUDE": -23.526659630812546, "LONGITUDE": -46.569480895169598, "PÚBLICO PAGANTE": "ND", "PÚBLICO TOTAL": "ND", "RENDA BRUTA (R$)": "ND", "RENDA LÍQUIDA (R$)": "ND", "TICKET MÉDIO (R$)": "ND", "AUTORAS": "VIC ALBUQUERQUE, PARDAL, GABI NUNES, TAMIRES, DIANY, MILLENE, MILLENE, TAMIRES, MILLENE", "TÍTULO?": "N/A", "OBSERVAÇÕES": null, "ERA": "Depois da reativação" }, "geometry": { "type": "Point", "coordinates": [ -46.569480895169598, -23.526659630812546 ] } },
{ "type": "Feature", "properties": { "DATA": "2019-07-18", "DIA DA SEMANA": "quinta-feira", "DIA DO JOGO": "2019-07-18 00:00:00", "MÊS DO JOGO": "2019-07-18 00:00:00", "ANO JOGO": 2019.0, "ANO COMPETIÇÃO": 2019.0, "MANDANTE / VISITANTE (SCCP)": "Não", "TIME MANDANTE": "FERROVIÁRIA", "GOLS MANDANTE": "0.0", "x": "x", "GOLS VISITANTE": "2.0", "TIME VISITANTE": "CORINTHIANS", "PLACAR": "0x2", "RESULTADO": "VITÓRIA", "ADVERSÁRIO": "FERROVIÁRIA", "ESTADO ADVERSÁRIO": "SÃO PAULO", "PAÍS ADVERSÁRIO": "BRASIL", "GOLS SCCP": "2.0", "GOLS ADVERSÁRIO": "0.0", "SALDO DE GOLS": "2", "TREINADOR": "ARTHUR ELIAS", "JOGO OFICIAL?": "SIM", "COMPETIÇÃO": "CAMPEONATO BRASILEIRO", "FASE": "1ª FASE", "ESTÁDIO": "OLIVÉRIO BAZZANI FILHO (ARENA DA FONTE LUMINOSA)", "CAPACIDADE": "20205", "CIDADE": "ARARAQUARA ", "ESTADO/PROVÍNCIA": "SÃO PAULO", "PAÍS": "BRASIL", "LATITUDE": -21.775035435893585, "LONGITUDE": -48.169600583381282, "PÚBLICO PAGANTE": "ND", "PÚBLICO TOTAL": "ND", "RENDA BRUTA (R$)": "ND", "RENDA LÍQUIDA (R$)": "ND", "TICKET MÉDIO (R$)": "ND", "AUTORAS": "MILLENE, MILLENE", "TÍTULO?": "N/A", "OBSERVAÇÕES": null, "ERA": "Depois da reativação" }, "geometry": { "type": "Point", "coordinates": [ -48.169600583381282, -21.775035435893585 ] } },
{ "type": "Feature", "properties": { "DATA": "2019-07-21", "DIA DA SEMANA": "domingo", "DIA DO JOGO": "2019-07-21 00:00:00", "MÊS DO JOGO": "2019-07-21 00:00:00", "ANO JOGO": 2019.0, "ANO COMPETIÇÃO": 2019.0, "MANDANTE / VISITANTE (SCCP)": "Sim", "TIME MANDANTE": "CORINTHIANS", "GOLS MANDANTE": "1.0", "x": "x", "GOLS VISITANTE": "0.0", "TIME VISITANTE": "FLAMENGO", "PLACAR": "1x0", "RESULTADO": "VITÓRIA", "ADVERSÁRIO": "FLAMENGO", "ESTADO ADVERSÁRIO": "RIO DE JANEIRO", "PAÍS ADVERSÁRIO": "BRASIL", "GOLS SCCP": "1.0", "GOLS ADVERSÁRIO": "0.0", "SALDO DE GOLS": "1", "TREINADOR": "ARTHUR ELIAS", "JOGO OFICIAL?": "SIM", "COMPETIÇÃO": "CAMPEONATO BRASILEIRO", "FASE": "1ª FASE", "ESTÁDIO": "PAULO MACHADO DE CARVALHO (MERCADO LIVRE ARENA PACAEMBU)", "CAPACIDADE": "37730", "CIDADE": "SÃO PAULO ", "ESTADO/PROVÍNCIA": "SÃO PAULO", "PAÍS": "BRASIL", "LATITUDE": -23.548265580968636, "LONGITUDE": -46.665377888920851, "PÚBLICO PAGANTE": "ND", "PÚBLICO TOTAL": "ND", "RENDA BRUTA (R$)": "ND", "RENDA LÍQUIDA (R$)": "ND", "TICKET MÉDIO (R$)": "ND", "AUTORAS": "GIOVANNA CRIVELARI", "TÍTULO?": "N/A", "OBSERVAÇÕES": null, "ERA": "Depois da reativação" }, "geometry": { "type": "Point", "coordinates": [ -46.665377888920851, -23.548265580968636 ] } },
{ "type": "Feature", "properties": { "DATA": "2019-07-27", "DIA DA SEMANA": "sábado", "DIA DO JOGO": "2019-07-27 00:00:00", "MÊS DO JOGO": "2019-07-27 00:00:00", "ANO JOGO": 2019.0, "ANO COMPETIÇÃO": 2019.0, "MANDANTE / VISITANTE (SCCP)": "Não", "TIME MANDANTE": "MINAS BRASÍLIA", "GOLS MANDANTE": "0.0", "x": "x", "GOLS VISITANTE": "4.0", "TIME VISITANTE": "CORINTHIANS", "PLACAR": "0x4", "RESULTADO": "VITÓRIA", "ADVERSÁRIO": "MINAS BRASÍLIA", "ESTADO ADVERSÁRIO": "DISTRITO FEDERAL", "PAÍS ADVERSÁRIO": "BRASIL", "GOLS SCCP": "4.0", "GOLS ADVERSÁRIO": "0.0", "SALDO DE GOLS": "4", "TREINADOR": "ARTHUR ELIAS", "JOGO OFICIAL?": "SIM", "COMPETIÇÃO": "CAMPEONATO BRASILEIRO", "FASE": "1ª FASE", "ESTÁDIO": "MARIA DE LOURDES ABADIA (ABADIÃO)", "CAPACIDADE": "5000", "CIDADE": "CEILÂNDIA ", "ESTADO/PROVÍNCIA": "DISTRITO FEDERAL", "PAÍS": "BRASIL", "LATITUDE": -15.827361329856274, "LONGITUDE": -48.109266271733446, "PÚBLICO PAGANTE": "0.0", "PÚBLICO TOTAL": "ND", "RENDA BRUTA (R$)": "0.0", "RENDA LÍQUIDA (R$)": "-7742.0", "TICKET MÉDIO (R$)": "ND", "AUTORAS": "VIC ALBUQUERQUE, VIC ALBUQUERQUE, VIC ALBUQUERQUE, MILLENE", "TÍTULO?": "N/A", "OBSERVAÇÕES": null, "ERA": "Depois da reativação" }, "geometry": { "type": "Point", "coordinates": [ -48.109266271733446, -15.827361329856274 ] } },
{ "type": "Feature", "properties": { "DATA": "2019-07-31", "DIA DA SEMANA": "quarta-feira", "DIA DO JOGO": "2019-07-31 00:00:00", "MÊS DO JOGO": "2019-07-31 00:00:00", "ANO JOGO": 2019.0, "ANO COMPETIÇÃO": 2019.0, "MANDANTE / VISITANTE (SCCP)": "Não", "TIME MANDANTE": "JUVENTUS", "GOLS MANDANTE": "0.0", "x": "x", "GOLS VISITANTE": "2.0", "TIME VISITANTE": "CORINTHIANS", "PLACAR": "0x2", "RESULTADO": "VITÓRIA", "ADVERSÁRIO": "JUVENTUS", "ESTADO ADVERSÁRIO": "SÃO PAULO", "PAÍS ADVERSÁRIO": "BRASIL", "GOLS SCCP": "2.0", "GOLS ADVERSÁRIO": "0.0", "SALDO DE GOLS": "2", "TREINADOR": "ARTHUR ELIAS", "JOGO OFICIAL?": "SIM", "COMPETIÇÃO": "CAMPEONATO PAULISTA / FPF", "FASE": "2ª FASE", "ESTÁDIO": "NICOLAU ALAYON (COMENDADOR SOUZA)", "CAPACIDADE": "10723", "CIDADE": "SÃO PAULO ", "ESTADO/PROVÍNCIA": "SÃO PAULO", "PAÍS": "BRASIL", "LATITUDE": -23.518152537113252, "LONGITUDE": -46.685252863969751, "PÚBLICO PAGANTE": "ND", "PÚBLICO TOTAL": "ND", "RENDA BRUTA (R$)": "ND", "RENDA LÍQUIDA (R$)": "ND", "TICKET MÉDIO (R$)": "ND", "AUTORAS": "INGRYD, JULIETE", "TÍTULO?": "N/A", "OBSERVAÇÕES": null, "ERA": "Depois da reativação" }, "geometry": { "type": "Point", "coordinates": [ -46.685252863969751, -23.518152537113252 ] } },
{ "type": "Feature", "properties": { "DATA": "2019-08-04", "DIA DA SEMANA": "domingo", "DIA DO JOGO": "2019-08-04 00:00:00", "MÊS DO JOGO": "2019-08-04 00:00:00", "ANO JOGO": 2019.0, "ANO COMPETIÇÃO": 2019.0, "MANDANTE / VISITANTE (SCCP)": "Sim", "TIME MANDANTE": "CORINTHIANS", "GOLS MANDANTE": "2.0", "x": "x", "GOLS VISITANTE": "1.0", "TIME VISITANTE": "VITÓRIA ", "PLACAR": "2x1", "RESULTADO": "VITÓRIA", "ADVERSÁRIO": "VITÓRIA ", "ESTADO ADVERSÁRIO": "BAHIA", "PAÍS ADVERSÁRIO": "BRASIL", "GOLS SCCP": "2.0", "GOLS ADVERSÁRIO": "1.0", "SALDO DE GOLS": "1", "TREINADOR": "ARTHUR ELIAS", "JOGO OFICIAL?": "SIM", "COMPETIÇÃO": "CAMPEONATO BRASILEIRO", "FASE": "1ª FASE", "ESTÁDIO": "ALFREDO SCHÜRIG (PARQUE SÃO JORGE / FAZENDINHA)", "CAPACIDADE": "9800", "CIDADE": "SÃO PAULO ", "ESTADO/PROVÍNCIA": "SÃO PAULO", "PAÍS": "BRASIL", "LATITUDE": -23.526659630812546, "LONGITUDE": -46.569480895169598, "PÚBLICO PAGANTE": "ND", "PÚBLICO TOTAL": "ND", "RENDA BRUTA (R$)": "ND", "RENDA LÍQUIDA (R$)": "ND", "TICKET MÉDIO (R$)": "ND", "AUTORAS": "MILLENE, GABI ZANOTTI", "TÍTULO?": "N/A", "OBSERVAÇÕES": null, "ERA": "Depois da reativação" }, "geometry": { "type": "Point", "coordinates": [ -46.569480895169598, -23.526659630812546 ] } },
{ "type": "Feature", "properties": { "DATA": "2019-08-10", "DIA DA SEMANA": "sábado", "DIA DO JOGO": "2019-08-10 00:00:00", "MÊS DO JOGO": "2019-08-10 00:00:00", "ANO JOGO": 2019.0, "ANO COMPETIÇÃO": 2019.0, "MANDANTE / VISITANTE (SCCP)": "Sim", "TIME MANDANTE": "CORINTHIANS", "GOLS MANDANTE": "6.0", "x": "x", "GOLS VISITANTE": "0.0", "TIME VISITANTE": "PONTE PRETA", "PLACAR": "6x0", "RESULTADO": "VITÓRIA", "ADVERSÁRIO": "PONTE PRETA", "ESTADO ADVERSÁRIO": "SÃO PAULO", "PAÍS ADVERSÁRIO": "BRASIL", "GOLS SCCP": "6.0", "GOLS ADVERSÁRIO": "0.0", "SALDO DE GOLS": "6", "TREINADOR": "ARTHUR ELIAS", "JOGO OFICIAL?": "SIM", "COMPETIÇÃO": "CAMPEONATO PAULISTA / FPF", "FASE": "2ª FASE", "ESTÁDIO": "ALFREDO SCHÜRIG (PARQUE SÃO JORGE / FAZENDINHA)", "CAPACIDADE": "9800", "CIDADE": "SÃO PAULO ", "ESTADO/PROVÍNCIA": "SÃO PAULO", "PAÍS": "BRASIL", "LATITUDE": -23.526659630812546, "LONGITUDE": -46.569480895169598, "PÚBLICO PAGANTE": "ND", "PÚBLICO TOTAL": "ND", "RENDA BRUTA (R$)": "ND", "RENDA LÍQUIDA (R$)": "ND", "TICKET MÉDIO (R$)": "ND", "AUTORAS": "PADRAL, ERIKA, VIC ALBUQUERQUE, GABI ZANOTTI, TAMIRES, INGRYD", "TÍTULO?": "N/A", "OBSERVAÇÕES": null, "ERA": "Depois da reativação" }, "geometry": { "type": "Point", "coordinates": [ -46.569480895169598, -23.526659630812546 ] } },
{ "type": "Feature", "properties": { "DATA": "2019-08-14", "DIA DA SEMANA": "quarta-feira", "DIA DO JOGO": "2019-08-14 00:00:00", "MÊS DO JOGO": "2019-08-14 00:00:00", "ANO JOGO": 2019.0, "ANO COMPETIÇÃO": 2019.0, "MANDANTE / VISITANTE (SCCP)": "Não", "TIME MANDANTE": "SÃO JOSÉ", "GOLS MANDANTE": "1.0", "x": "x", "GOLS VISITANTE": "4.0", "TIME VISITANTE": "CORINTHIANS", "PLACAR": "1x4", "RESULTADO": "VITÓRIA", "ADVERSÁRIO": "SÃO JOSÉ", "ESTADO ADVERSÁRIO": "SÃO PAULO", "PAÍS ADVERSÁRIO": "BRASIL", "GOLS SCCP": "4.0", "GOLS ADVERSÁRIO": "1.0", "SALDO DE GOLS": "3", "TREINADOR": "ARTHUR ELIAS", "JOGO OFICIAL?": "SIM", "COMPETIÇÃO": "CAMPEONATO BRASILEIRO", "FASE": "QUARTAS DE FINAL", "ESTÁDIO": "MARTINS PEREIRA", "CAPACIDADE": "16500", "CIDADE": "SÃO JOSÉ DOS CAMPOS ", "ESTADO/PROVÍNCIA": "SÃO PAULO", "PAÍS": "BRASIL", "LATITUDE": -23.1884912615151, "LONGITUDE": -45.869827477202776, "PÚBLICO PAGANTE": "ND", "PÚBLICO TOTAL": "ND", "RENDA BRUTA (R$)": "ND", "RENDA LÍQUIDA (R$)": "ND", "TICKET MÉDIO (R$)": "ND", "AUTORAS": "GABI ZANOTTI, MILLENE, VIC ALBUQUERQUE, VIC ALBUQUERQUE", "TÍTULO?": "N/A", "OBSERVAÇÕES": null, "ERA": "Depois da reativação" }, "geometry": { "type": "Point", "coordinates": [ -45.869827477202776, -23.1884912615151 ] } },
{ "type": "Feature", "properties": { "DATA": "2019-08-18", "DIA DA SEMANA": "domingo", "DIA DO JOGO": "2019-08-18 00:00:00", "MÊS DO JOGO": "2019-08-18 00:00:00", "ANO JOGO": 2019.0, "ANO COMPETIÇÃO": 2019.0, "MANDANTE / VISITANTE (SCCP)": "Não", "TIME MANDANTE": "FERROVIÁRIA", "GOLS MANDANTE": "0.0", "x": "x", "GOLS VISITANTE": "4.0", "TIME VISITANTE": "CORINTHIANS", "PLACAR": "0x4", "RESULTADO": "VITÓRIA", "ADVERSÁRIO": "FERROVIÁRIA", "ESTADO ADVERSÁRIO": "SÃO PAULO", "PAÍS ADVERSÁRIO": "BRASIL", "GOLS SCCP": "4.0", "GOLS ADVERSÁRIO": "0.0", "SALDO DE GOLS": "4", "TREINADOR": "ARTHUR ELIAS", "JOGO OFICIAL?": "SIM", "COMPETIÇÃO": "CAMPEONATO PAULISTA / FPF", "FASE": "2ª FASE", "ESTÁDIO": "OLIVÉRIO BAZZANI FILHO (ARENA DA FONTE LUMINOSA)", "CAPACIDADE": "20205", "CIDADE": "ARARAQUARA ", "ESTADO/PROVÍNCIA": "SÃO PAULO", "PAÍS": "BRASIL", "LATITUDE": -21.775035435893585, "LONGITUDE": -48.169600583381282, "PÚBLICO PAGANTE": "ND", "PÚBLICO TOTAL": "ND", "RENDA BRUTA (R$)": "ND", "RENDA LÍQUIDA (R$)": "ND", "TICKET MÉDIO (R$)": "ND", "AUTORAS": "GABI ZANOTTI, GIOVANNA CRIVELARI, GIOVANNA CRIVELARI, MAIARA", "TÍTULO?": "N/A", "OBSERVAÇÕES": null, "ERA": "Depois da reativação" }, "geometry": { "type": "Point", "coordinates": [ -48.169600583381282, -21.775035435893585 ] } },
{ "type": "Feature", "properties": { "DATA": "2019-08-21", "DIA DA SEMANA": "quarta-feira", "DIA DO JOGO": "2019-08-21 00:00:00", "MÊS DO JOGO": "2019-08-21 00:00:00", "ANO JOGO": 2019.0, "ANO COMPETIÇÃO": 2019.0, "MANDANTE / VISITANTE (SCCP)": "Sim", "TIME MANDANTE": "CORINTHIANS", "GOLS MANDANTE": "1.0", "x": "x", "GOLS VISITANTE": "0.0", "TIME VISITANTE": "SÃO JOSÉ", "PLACAR": "1x0", "RESULTADO": "VITÓRIA", "ADVERSÁRIO": "SÃO JOSÉ", "ESTADO ADVERSÁRIO": "SÃO PAULO", "PAÍS ADVERSÁRIO": "BRASIL", "GOLS SCCP": "1.0", "GOLS ADVERSÁRIO": "0.0", "SALDO DE GOLS": "1", "TREINADOR": "ARTHUR ELIAS", "JOGO OFICIAL?": "SIM", "COMPETIÇÃO": "CAMPEONATO BRASILEIRO", "FASE": "QUARTAS DE FINAL", "ESTÁDIO": "ALFREDO SCHÜRIG (PARQUE SÃO JORGE / FAZENDINHA)", "CAPACIDADE": "9800", "CIDADE": "SÃO PAULO ", "ESTADO/PROVÍNCIA": "SÃO PAULO", "PAÍS": "BRASIL", "LATITUDE": -23.526659630812546, "LONGITUDE": -46.569480895169598, "PÚBLICO PAGANTE": "ND", "PÚBLICO TOTAL": "ND", "RENDA BRUTA (R$)": "ND", "RENDA LÍQUIDA (R$)": "ND", "TICKET MÉDIO (R$)": "ND", "AUTORAS": "MILLENE", "TÍTULO?": "N/A", "OBSERVAÇÕES": null, "ERA": "Depois da reativação" }, "geometry": { "type": "Point", "coordinates": [ -46.569480895169598, -23.526659630812546 ] } },
{ "type": "Feature", "properties": { "DATA": "2019-08-24", "DIA DA SEMANA": "sábado", "DIA DO JOGO": "2019-08-24 00:00:00", "MÊS DO JOGO": "2019-08-24 00:00:00", "ANO JOGO": 2019.0, "ANO COMPETIÇÃO": 2019.0, "MANDANTE / VISITANTE (SCCP)": "Sim", "TIME MANDANTE": "CORINTHIANS", "GOLS MANDANTE": "3.0", "x": "x", "GOLS VISITANTE": "1.0", "TIME VISITANTE": "FERROVIÁRIA", "PLACAR": "3x1", "RESULTADO": "VITÓRIA", "ADVERSÁRIO": "FERROVIÁRIA", "ESTADO ADVERSÁRIO": "SÃO PAULO", "PAÍS ADVERSÁRIO": "BRASIL", "GOLS SCCP": "3.0", "GOLS ADVERSÁRIO": "1.0", "SALDO DE GOLS": "2", "TREINADOR": "ARTHUR ELIAS", "JOGO OFICIAL?": "SIM", "COMPETIÇÃO": "CAMPEONATO PAULISTA / FPF", "FASE": "2ª FASE", "ESTÁDIO": "ALFREDO SCHÜRIG (PARQUE SÃO JORGE / FAZENDINHA)", "CAPACIDADE": "9800", "CIDADE": "SÃO PAULO ", "ESTADO/PROVÍNCIA": "SÃO PAULO", "PAÍS": "BRASIL", "LATITUDE": -23.526659630812546, "LONGITUDE": -46.569480895169598, "PÚBLICO PAGANTE": "ND", "PÚBLICO TOTAL": "ND", "RENDA BRUTA (R$)": "ND", "RENDA LÍQUIDA (R$)": "ND", "TICKET MÉDIO (R$)": "ND", "AUTORAS": "GIOVANNA CRIVELARI, MILLENE, GABI ZANOTTI", "TÍTULO?": "N/A", "OBSERVAÇÕES": null, "ERA": "Depois da reativação" }, "geometry": { "type": "Point", "coordinates": [ -46.569480895169598, -23.526659630812546 ] } },
{ "type": "Feature", "properties": { "DATA": "2019-08-31", "DIA DA SEMANA": "sábado", "DIA DO JOGO": "2019-08-31 00:00:00", "MÊS DO JOGO": "2019-08-31 00:00:00", "ANO JOGO": 2019.0, "ANO COMPETIÇÃO": 2019.0, "MANDANTE / VISITANTE (SCCP)": "Não", "TIME MANDANTE": "PONTE PRETA", "GOLS MANDANTE": "0.0", "x": "x", "GOLS VISITANTE": "3.0", "TIME VISITANTE": "CORINTHIANS", "PLACAR": "0x3", "RESULTADO": "VITÓRIA", "ADVERSÁRIO": "PONTE PRETA", "ESTADO ADVERSÁRIO": "SÃO PAULO", "PAÍS ADVERSÁRIO": "BRASIL", "GOLS SCCP": "3.0", "GOLS ADVERSÁRIO": "0.0", "SALDO DE GOLS": "3", "TREINADOR": "ARTHUR ELIAS", "JOGO OFICIAL?": "SIM", "COMPETIÇÃO": "CAMPEONATO PAULISTA / FPF", "FASE": "2ª FASE", "ESTÁDIO": "BENEDITO TEIXEIRA (TEIXEIRÃO)", "CAPACIDADE": "32168", "CIDADE": "SÃO JOSÉ DO RIO PRETO ", "ESTADO/PROVÍNCIA": "SÃO PAULO", "PAÍS": "BRASIL", "LATITUDE": -20.796638593251124, "LONGITUDE": -49.358320688049581, "PÚBLICO PAGANTE": "ND", "PÚBLICO TOTAL": "ND", "RENDA BRUTA (R$)": "ND", "RENDA LÍQUIDA (R$)": "ND", "TICKET MÉDIO (R$)": "ND", "AUTORAS": "GABI ZANOTTI, CACAU, MAIARA", "TÍTULO?": "N/A", "OBSERVAÇÕES": null, "ERA": "Depois da reativação" }, "geometry": { "type": "Point", "coordinates": [ -49.358320688049581, -20.796638593251124 ] } },
{ "type": "Feature", "properties": { "DATA": "2019-09-08", "DIA DA SEMANA": "domingo", "DIA DO JOGO": "2019-09-08 00:00:00", "MÊS DO JOGO": "2019-09-08 00:00:00", "ANO JOGO": 2019.0, "ANO COMPETIÇÃO": 2019.0, "MANDANTE / VISITANTE (SCCP)": "Não", "TIME MANDANTE": "FLAMENGO", "GOLS MANDANTE": "1.0", "x": "x", "GOLS VISITANTE": "2.0", "TIME VISITANTE": "CORINTHIANS", "PLACAR": "1x2", "RESULTADO": "VITÓRIA", "ADVERSÁRIO": "FLAMENGO", "ESTADO ADVERSÁRIO": "RIO DE JANEIRO", "PAÍS ADVERSÁRIO": "BRASIL", "GOLS SCCP": "2.0", "GOLS ADVERSÁRIO": "1.0", "SALDO DE GOLS": "1", "TREINADOR": "ARTHUR ELIAS", "JOGO OFICIAL?": "SIM", "COMPETIÇÃO": "CAMPEONATO BRASILEIRO", "FASE": "SEMIFINAL", "ESTÁDIO": "KLEBER ANDRADE", "CAPACIDADE": "21000", "CIDADE": "CARIACICA", "ESTADO/PROVÍNCIA": "ESPÍRITO SANTO", "PAÍS": "BRASIL", "LATITUDE": -20.332542717054267, "LONGITUDE": -40.384585114063029, "PÚBLICO PAGANTE": "5003.0", "PÚBLICO TOTAL": "ND", "RENDA BRUTA (R$)": "53040.0", "RENDA LÍQUIDA (R$)": "-16624.25", "TICKET MÉDIO (R$)": "10.60163902", "AUTORAS": "ERIKA, VIC ALBUQUERQUE", "TÍTULO?": "N/A", "OBSERVAÇÕES": null, "ERA": "Depois da reativação" }, "geometry": { "type": "Point", "coordinates": [ -40.384585114063029, -20.332542717054267 ] } },
{ "type": "Feature", "properties": { "DATA": "2019-09-11", "DIA DA SEMANA": "quarta-feira", "DIA DO JOGO": "11.0", "MÊS DO JOGO": "setembro", "ANO JOGO": 2019.0, "ANO COMPETIÇÃO": 2019.0, "MANDANTE / VISITANTE (SCCP)": "Sim", "TIME MANDANTE": "CORINTHIANS", "GOLS MANDANTE": "4.0", "x": "x", "GOLS VISITANTE": "0.0", "TIME VISITANTE": "JUVENTUS", "PLACAR": "4x0", "RESULTADO": "VITÓRIA", "ADVERSÁRIO": "JUVENTUS", "ESTADO ADVERSÁRIO": "SÃO PAULO", "PAÍS ADVERSÁRIO": "BRASIL", "GOLS SCCP": "4.0", "GOLS ADVERSÁRIO": "0.0", "SALDO DE GOLS": "4", "TREINADOR": "ARTHUR ELIAS", "JOGO OFICIAL?": "SIM", "COMPETIÇÃO": "CAMPEONATO PAULISTA / FPF", "FASE": "2ª FASE", "ESTÁDIO": "ALFREDO SCHÜRIG (PARQUE SÃO JORGE / FAZENDINHA)", "CAPACIDADE": "9800", "CIDADE": "SÃO PAULO ", "ESTADO/PROVÍNCIA": "SÃO PAULO", "PAÍS": "BRASIL", "LATITUDE": -23.526659630812546, "LONGITUDE": -46.569480895169598, "PÚBLICO PAGANTE": "ND", "PÚBLICO TOTAL": "ND", "RENDA BRUTA (R$)": "ND", "RENDA LÍQUIDA (R$)": "ND", "TICKET MÉDIO (R$)": "ND", "AUTORAS": "GRAZI, VIC ALBUQUERQUE, SUELLEN, GRAZI", "TÍTULO?": "N/A", "OBSERVAÇÕES": null, "ERA": "Depois da reativação" }, "geometry": { "type": "Point", "coordinates": [ -46.569480895169598, -23.526659630812546 ] } },
{ "type": "Feature", "properties": { "DATA": "2019-09-15", "DIA DA SEMANA": "domingo", "DIA DO JOGO": "2019-09-15 00:00:00", "MÊS DO JOGO": "2019-09-15 00:00:00", "ANO JOGO": 2019.0, "ANO COMPETIÇÃO": 2019.0, "MANDANTE / VISITANTE (SCCP)": "Sim", "TIME MANDANTE": "CORINTHIANS", "GOLS MANDANTE": "2.0", "x": "x", "GOLS VISITANTE": "0.0", "TIME VISITANTE": "FLAMENGO", "PLACAR": "2x0", "RESULTADO": "VITÓRIA", "ADVERSÁRIO": "FLAMENGO", "ESTADO ADVERSÁRIO": "RIO DE JANEIRO", "PAÍS ADVERSÁRIO": "BRASIL", "GOLS SCCP": "2.0", "GOLS ADVERSÁRIO": "0.0", "SALDO DE GOLS": "2", "TREINADOR": "ARTHUR ELIAS", "JOGO OFICIAL?": "SIM", "COMPETIÇÃO": "CAMPEONATO BRASILEIRO", "FASE": "SEMIFINAL", "ESTÁDIO": "ALFREDO SCHÜRIG (PARQUE SÃO JORGE / FAZENDINHA)", "CAPACIDADE": "9800", "CIDADE": "SÃO PAULO ", "ESTADO/PROVÍNCIA": "SÃO PAULO", "PAÍS": "BRASIL", "LATITUDE": -23.526659630812546, "LONGITUDE": -46.569480895169598, "PÚBLICO PAGANTE": "ND", "PÚBLICO TOTAL": "ND", "RENDA BRUTA (R$)": "ND", "RENDA LÍQUIDA (R$)": "ND", "TICKET MÉDIO (R$)": "ND", "AUTORAS": "TAMIRES, INGRYD", "TÍTULO?": "N/A", "OBSERVAÇÕES": null, "ERA": "Depois da reativação" }, "geometry": { "type": "Point", "coordinates": [ -46.569480895169598, -23.526659630812546 ] } },
{ "type": "Feature", "properties": { "DATA": "2019-09-18", "DIA DA SEMANA": "quarta-feira", "DIA DO JOGO": "2019-09-18 00:00:00", "MÊS DO JOGO": "2019-09-18 00:00:00", "ANO JOGO": 2019.0, "ANO COMPETIÇÃO": 2019.0, "MANDANTE / VISITANTE (SCCP)": "Não", "TIME MANDANTE": "FERROVIÁRIA", "GOLS MANDANTE": "0.0", "x": "x", "GOLS VISITANTE": "4.0", "TIME VISITANTE": "CORINTHIANS", "PLACAR": "0x4", "RESULTADO": "VITÓRIA", "ADVERSÁRIO": "FERROVIÁRIA", "ESTADO ADVERSÁRIO": "SÃO PAULO", "PAÍS ADVERSÁRIO": "BRASIL", "GOLS SCCP": "4.0", "GOLS ADVERSÁRIO": "0.0", "SALDO DE GOLS": "4", "TREINADOR": "ARTHUR ELIAS", "JOGO OFICIAL?": "SIM", "COMPETIÇÃO": "CAMPEONATO PAULISTA / FPF", "FASE": "SEMIFINAL", "ESTÁDIO": "OLIVÉRIO BAZZANI FILHO (ARENA DA FONTE LUMINOSA)", "CAPACIDADE": "20205", "CIDADE": "ARARAQUARA ", "ESTADO/PROVÍNCIA": "SÃO PAULO", "PAÍS": "BRASIL", "LATITUDE": -21.775035435893585, "LONGITUDE": -48.169600583381282, "PÚBLICO PAGANTE": "ND", "PÚBLICO TOTAL": "ND", "RENDA BRUTA (R$)": "ND", "RENDA LÍQUIDA (R$)": "ND", "TICKET MÉDIO (R$)": "ND", "AUTORAS": "PARDAL, MILLENE, MAIARA, VIC ALBUQUERQUE", "TÍTULO?": "N/A", "OBSERVAÇÕES": null, "ERA": "Depois da reativação" }, "geometry": { "type": "Point", "coordinates": [ -48.169600583381282, -21.775035435893585 ] } },
{ "type": "Feature", "properties": { "DATA": "2019-09-22", "DIA DA SEMANA": "domingo", "DIA DO JOGO": "2019-09-22 00:00:00", "MÊS DO JOGO": "2019-09-22 00:00:00", "ANO JOGO": 2019.0, "ANO COMPETIÇÃO": 2019.0, "MANDANTE / VISITANTE (SCCP)": "Não", "TIME MANDANTE": "FERROVIÁRIA", "GOLS MANDANTE": "1.0", "x": "x", "GOLS VISITANTE": "1.0", "TIME VISITANTE": "CORINTHIANS", "PLACAR": "1x1", "RESULTADO": "EMPATE", "ADVERSÁRIO": "FERROVIÁRIA", "ESTADO ADVERSÁRIO": "SÃO PAULO", "PAÍS ADVERSÁRIO": "BRASIL", "GOLS SCCP": "1.0", "GOLS ADVERSÁRIO": "1.0", "SALDO DE GOLS": "0", "TREINADOR": "ARTHUR ELIAS", "JOGO OFICIAL?": "SIM", "COMPETIÇÃO": "CAMPEONATO BRASILEIRO", "FASE": "FINAL", "ESTÁDIO": "OLIVÉRIO BAZZANI FILHO (ARENA DA FONTE LUMINOSA)", "CAPACIDADE": "20205", "CIDADE": "ARARAQUARA ", "ESTADO/PROVÍNCIA": "SÃO PAULO", "PAÍS": "BRASIL", "LATITUDE": -21.775035435893585, "LONGITUDE": -48.169600583381282, "PÚBLICO PAGANTE": "ND", "PÚBLICO TOTAL": "ND", "RENDA BRUTA (R$)": "ND", "RENDA LÍQUIDA (R$)": "ND", "TICKET MÉDIO (R$)": "ND", "AUTORAS": "ERIKA", "TÍTULO?": "N/A", "OBSERVAÇÕES": null, "ERA": "Depois da reativação" }, "geometry": { "type": "Point", "coordinates": [ -48.169600583381282, -21.775035435893585 ] } },
{ "type": "Feature", "properties": { "DATA": "2019-09-25", "DIA DA SEMANA": "quarta-feira", "DIA DO JOGO": "2019-09-25 00:00:00", "MÊS DO JOGO": "2019-09-25 00:00:00", "ANO JOGO": 2019.0, "ANO COMPETIÇÃO": 2019.0, "MANDANTE / VISITANTE (SCCP)": "Sim", "TIME MANDANTE": "CORINTHIANS", "GOLS MANDANTE": "5.0", "x": "x", "GOLS VISITANTE": "1.0", "TIME VISITANTE": "FERROVIÁRIA", "PLACAR": "5x1", "RESULTADO": "VITÓRIA", "ADVERSÁRIO": "FERROVIÁRIA", "ESTADO ADVERSÁRIO": "SÃO PAULO", "PAÍS ADVERSÁRIO": "BRASIL", "GOLS SCCP": "5.0", "GOLS ADVERSÁRIO": "1.0", "SALDO DE GOLS": "4", "TREINADOR": "ARTHUR ELIAS", "JOGO OFICIAL?": "SIM", "COMPETIÇÃO": "CAMPEONATO PAULISTA / FPF", "FASE": "SEMIFINAL", "ESTÁDIO": "ALFREDO SCHÜRIG (PARQUE SÃO JORGE / FAZENDINHA)", "CAPACIDADE": "9800", "CIDADE": "SÃO PAULO ", "ESTADO/PROVÍNCIA": "SÃO PAULO", "PAÍS": "BRASIL", "LATITUDE": -23.526659630812546, "LONGITUDE": -46.569480895169598, "PÚBLICO PAGANTE": "ND", "PÚBLICO TOTAL": "ND", "RENDA BRUTA (R$)": "ND", "RENDA LÍQUIDA (R$)": "ND", "TICKET MÉDIO (R$)": "ND", "AUTORAS": "CONTRA, VIC ALBUQUERQUE, MILLENE, MILLENE, TAMIRES", "TÍTULO?": "N/A", "OBSERVAÇÕES": null, "ERA": "Depois da reativação" }, "geometry": { "type": "Point", "coordinates": [ -46.569480895169598, -23.526659630812546 ] } },
{ "type": "Feature", "properties": { "DATA": "2019-09-29", "DIA DA SEMANA": "domingo", "DIA DO JOGO": "2019-09-29 00:00:00", "MÊS DO JOGO": "2019-09-29 00:00:00", "ANO JOGO": 2019.0, "ANO COMPETIÇÃO": 2019.0, "MANDANTE / VISITANTE (SCCP)": "Sim", "TIME MANDANTE": "CORINTHIANS", "GOLS MANDANTE": "0.0", "x": "x", "GOLS VISITANTE": "0.0", "TIME VISITANTE": "FERROVIÁRIA", "PLACAR": "0x0", "RESULTADO": "EMPATE", "ADVERSÁRIO": "FERROVIÁRIA", "ESTADO ADVERSÁRIO": "SÃO PAULO", "PAÍS ADVERSÁRIO": "BRASIL", "GOLS SCCP": "0.0", "GOLS ADVERSÁRIO": "0.0", "SALDO DE GOLS": "0", "TREINADOR": "ARTHUR ELIAS", "JOGO OFICIAL?": "SIM", "COMPETIÇÃO": "CAMPEONATO BRASILEIRO", "FASE": "FINAL", "ESTÁDIO": "ALFREDO SCHÜRIG (PARQUE SÃO JORGE / FAZENDINHA)", "CAPACIDADE": "9800", "CIDADE": "SÃO PAULO ", "ESTADO/PROVÍNCIA": "SÃO PAULO", "PAÍS": "BRASIL", "LATITUDE": -23.526659630812546, "LONGITUDE": -46.569480895169598, "PÚBLICO PAGANTE": "ND", "PÚBLICO TOTAL": "ND", "RENDA BRUTA (R$)": "ND", "RENDA LÍQUIDA (R$)": "ND", "TICKET MÉDIO (R$)": "ND", "AUTORAS": null, "TÍTULO?": "N/A", "OBSERVAÇÕES": null, "ERA": "Depois da reativação" }, "geometry": { "type": "Point", "coordinates": [ -46.569480895169598, -23.526659630812546 ] } },
{ "type": "Feature", "properties": { "DATA": "2019-10-14", "DIA DA SEMANA": "segunda-feira", "DIA DO JOGO": "2019-10-14 00:00:00", "MÊS DO JOGO": "2019-10-14 00:00:00", "ANO JOGO": 2019.0, "ANO COMPETIÇÃO": 2019.0, "MANDANTE / VISITANTE (SCCP)": "Neutro", "TIME MANDANTE": "CORINTHIANS", "GOLS MANDANTE": "3.0", "x": "x", "GOLS VISITANTE": "1.0", "TIME VISITANTE": "ÑAÑAS (EQU)", "PLACAR": "3x1", "RESULTADO": "VITÓRIA", "ADVERSÁRIO": "ÑAÑAS (EQU)", "ESTADO ADVERSÁRIO": "N/A (ESTRANGEIRO)", "PAÍS ADVERSÁRIO": "EQUADOR", "GOLS SCCP": "3.0", "GOLS ADVERSÁRIO": "1.0", "SALDO DE GOLS": "2", "TREINADOR": "ARTHUR ELIAS", "JOGO OFICIAL?": "SIM", "COMPETIÇÃO": "COPA LIBERTADORES", "FASE": "FASE DE GRUPOS", "ESTÁDIO": "OLÍMPICO ATAHUALPA", "CAPACIDADE": "35258", "CIDADE": "QUITO", "ESTADO/PROVÍNCIA": "PICHINCHA", "PAÍS": "EQUADOR", "LATITUDE": -0.17726933113467663, "LONGITUDE": -78.476194631250408, "PÚBLICO PAGANTE": "ND", "PÚBLICO TOTAL": "ND", "RENDA BRUTA (R$)": "ND", "RENDA LÍQUIDA (R$)": "ND", "TICKET MÉDIO (R$)": "ND", "AUTORAS": "MILLENE, GRAZI, JULIETE", "TÍTULO?": "N/A", "OBSERVAÇÕES": null, "ERA": "Depois da reativação" }, "geometry": { "type": "Point", "coordinates": [ -78.476194631250408, -0.177269331134677 ] } },
{ "type": "Feature", "properties": { "DATA": "2019-10-17", "DIA DA SEMANA": "quinta-feira", "DIA DO JOGO": "2019-10-17 00:00:00", "MÊS DO JOGO": "2019-10-17 00:00:00", "ANO JOGO": 2019.0, "ANO COMPETIÇÃO": 2019.0, "MANDANTE / VISITANTE (SCCP)": "Neutro", "TIME MANDANTE": "CORINTHIANS", "GOLS MANDANTE": "3.0", "x": "x", "GOLS VISITANTE": "1.0", "TIME VISITANTE": "AMÉRICA DE CALI (COL)", "PLACAR": "3x1", "RESULTADO": "VITÓRIA", "ADVERSÁRIO": "AMÉRICA DE CALI (COL)", "ESTADO ADVERSÁRIO": "N/A (ESTRANGEIRO)", "PAÍS ADVERSÁRIO": "COLÔMBIA", "GOLS SCCP": "3.0", "GOLS ADVERSÁRIO": "1.0", "SALDO DE GOLS": "2", "TREINADOR": "ARTHUR ELIAS", "JOGO OFICIAL?": "SIM", "COMPETIÇÃO": "COPA LIBERTADORES", "FASE": "FASE DE GRUPOS", "ESTÁDIO": "OLÍMPICO ATAHUALPA", "CAPACIDADE": "35258", "CIDADE": "QUITO", "ESTADO/PROVÍNCIA": "PICHINCHA", "PAÍS": "EQUADOR", "LATITUDE": -0.17726933113467663, "LONGITUDE": -78.476194631250408, "PÚBLICO PAGANTE": "ND", "PÚBLICO TOTAL": "ND", "RENDA BRUTA (R$)": "ND", "RENDA LÍQUIDA (R$)": "ND", "TICKET MÉDIO (R$)": "ND", "AUTORAS": "VIC ALBUQUERQUE, MILLENE, MILLENE", "TÍTULO?": "N/A", "OBSERVAÇÕES": null, "ERA": "Depois da reativação" }, "geometry": { "type": "Point", "coordinates": [ -78.476194631250408, -0.177269331134677 ] } },
{ "type": "Feature", "properties": { "DATA": "2019-10-19", "DIA DA SEMANA": "sábado", "DIA DO JOGO": "2019-10-19 00:00:00", "MÊS DO JOGO": "2019-10-19 00:00:00", "ANO JOGO": 2019.0, "ANO COMPETIÇÃO": 2019.0, "MANDANTE / VISITANTE (SCCP)": "Neutro", "TIME MANDANTE": "LIBERTAD-LIMPEÑO (PAR)", "GOLS MANDANTE": "2.0", "x": "x", "GOLS VISITANTE": "2.0", "TIME VISITANTE": "CORINTHIANS", "PLACAR": "2x2", "RESULTADO": "EMPATE", "ADVERSÁRIO": "LIBERTAD-LIMPEÑO (PAR)", "ESTADO ADVERSÁRIO": "N/A (ESTRANGEIRO)", "PAÍS ADVERSÁRIO": "PARAGUAI", "GOLS SCCP": "2.0", "GOLS ADVERSÁRIO": "2.0", "SALDO DE GOLS": "0", "TREINADOR": "ARTHUR ELIAS", "JOGO OFICIAL?": "SIM", "COMPETIÇÃO": "COPA LIBERTADORES", "FASE": "FASE DE GRUPOS", "ESTÁDIO": "OLÍMPICO ATAHUALPA", "CAPACIDADE": "35258", "CIDADE": "QUITO", "ESTADO/PROVÍNCIA": "PICHINCHA", "PAÍS": "EQUADOR", "LATITUDE": -0.17726933113467663, "LONGITUDE": -78.476194631250408, "PÚBLICO PAGANTE": "ND", "PÚBLICO TOTAL": "ND", "RENDA BRUTA (R$)": "ND", "RENDA LÍQUIDA (R$)": "ND", "TICKET MÉDIO (R$)": "ND", "AUTORAS": "KATIUSCIA, VIC ALBUQUERQUE", "TÍTULO?": "N/A", "OBSERVAÇÕES": null, "ERA": "Depois da reativação" }, "geometry": { "type": "Point", "coordinates": [ -78.476194631250408, -0.177269331134677 ] } },
{ "type": "Feature", "properties": { "DATA": "2019-10-22", "DIA DA SEMANA": "terça-feira", "DIA DO JOGO": "2019-10-22 00:00:00", "MÊS DO JOGO": "2019-10-22 00:00:00", "ANO JOGO": 2019.0, "ANO COMPETIÇÃO": 2019.0, "MANDANTE / VISITANTE (SCCP)": "Neutro", "TIME MANDANTE": "CORINTHIANS", "GOLS MANDANTE": "2.0", "x": "x", "GOLS VISITANTE": "0.0", "TIME VISITANTE": "SANTIAGO MORNING (CHI)", "PLACAR": "2x0", "RESULTADO": "VITÓRIA", "ADVERSÁRIO": "SANTIAGO MORNING (CHI)", "ESTADO ADVERSÁRIO": "N/A (ESTRANGEIRO)", "PAÍS ADVERSÁRIO": "CHILE", "GOLS SCCP": "2.0", "GOLS ADVERSÁRIO": "0.0", "SALDO DE GOLS": "2", "TREINADOR": "ARTHUR ELIAS", "JOGO OFICIAL?": "SIM", "COMPETIÇÃO": "COPA LIBERTADORES", "FASE": "QUARTAS DE FINAL", "ESTÁDIO": "OLÍMPICO ATAHUALPA", "CAPACIDADE": "35258", "CIDADE": "QUITO", "ESTADO/PROVÍNCIA": "PICHINCHA", "PAÍS": "EQUADOR", "LATITUDE": -0.17726933113467663, "LONGITUDE": -78.476194631250408, "PÚBLICO PAGANTE": "ND", "PÚBLICO TOTAL": "ND", "RENDA BRUTA (R$)": "ND", "RENDA LÍQUIDA (R$)": "ND", "TICKET MÉDIO (R$)": "ND", "AUTORAS": "GIOVANNA CRIVELARI, JULIETE", "TÍTULO?": "N/A", "OBSERVAÇÕES": null, "ERA": "Depois da reativação" }, "geometry": { "type": "Point", "coordinates": [ -78.476194631250408, -0.177269331134677 ] } },
{ "type": "Feature", "properties": { "DATA": "2019-10-25", "DIA DA SEMANA": "sexta-feira", "DIA DO JOGO": "2019-10-25 00:00:00", "MÊS DO JOGO": "2019-10-25 00:00:00", "ANO JOGO": 2019.0, "ANO COMPETIÇÃO": 2019.0, "MANDANTE / VISITANTE (SCCP)": "Neutro", "TIME MANDANTE": "CORINTHIANS", "GOLS MANDANTE": "4.0", "x": "x", "GOLS VISITANTE": "0.0", "TIME VISITANTE": "AMÉRICA DE CALI (COL)", "PLACAR": "4x0", "RESULTADO": "VITÓRIA", "ADVERSÁRIO": "AMÉRICA DE CALI (COL)", "ESTADO ADVERSÁRIO": "N/A (ESTRANGEIRO)", "PAÍS ADVERSÁRIO": "COLÔMBIA", "GOLS SCCP": "4.0", "GOLS ADVERSÁRIO": "0.0", "SALDO DE GOLS": "4", "TREINADOR": "ARTHUR ELIAS", "JOGO OFICIAL?": "SIM", "COMPETIÇÃO": "COPA LIBERTADORES", "FASE": "SEMIFINAL", "ESTÁDIO": "OLÍMPICO ATAHUALPA", "CAPACIDADE": "35258", "CIDADE": "QUITO", "ESTADO/PROVÍNCIA": "PICHINCHA", "PAÍS": "EQUADOR", "LATITUDE": -0.17726933113467663, "LONGITUDE": -78.476194631250408, "PÚBLICO PAGANTE": "ND", "PÚBLICO TOTAL": "ND", "RENDA BRUTA (R$)": "ND", "RENDA LÍQUIDA (R$)": "ND", "TICKET MÉDIO (R$)": "ND", "AUTORAS": "MILLENE, MILLENE, ERIKA, GRAZI", "TÍTULO?": "N/A", "OBSERVAÇÕES": null, "ERA": "Depois da reativação" }, "geometry": { "type": "Point", "coordinates": [ -78.476194631250408, -0.177269331134677 ] } },
{ "type": "Feature", "properties": { "DATA": "2019-10-28", "DIA DA SEMANA": "segunda-feira", "DIA DO JOGO": "2019-10-28 00:00:00", "MÊS DO JOGO": "2019-10-28 00:00:00", "ANO JOGO": 2019.0, "ANO COMPETIÇÃO": 2019.0, "MANDANTE / VISITANTE (SCCP)": "Neutro", "TIME MANDANTE": "FERROVIÁRIA", "GOLS MANDANTE": "0.0", "x": "x", "GOLS VISITANTE": "2.0", "TIME VISITANTE": "CORINTHIANS", "PLACAR": "0x2", "RESULTADO": "VITÓRIA", "ADVERSÁRIO": "FERROVIÁRIA", "ESTADO ADVERSÁRIO": "SÃO PAULO", "PAÍS ADVERSÁRIO": "BRASIL", "GOLS SCCP": "2.0", "GOLS ADVERSÁRIO": "0.0", "SALDO DE GOLS": "2", "TREINADOR": "ARTHUR ELIAS", "JOGO OFICIAL?": "SIM", "COMPETIÇÃO": "COPA LIBERTADORES", "FASE": "FINAL", "ESTÁDIO": "OLÍMPICO ATAHUALPA", "CAPACIDADE": "35258", "CIDADE": "QUITO", "ESTADO/PROVÍNCIA": "PICHINCHA", "PAÍS": "EQUADOR", "LATITUDE": -0.17726933113467663, "LONGITUDE": -78.476194631250408, "PÚBLICO PAGANTE": "ND", "PÚBLICO TOTAL": "ND", "RENDA BRUTA (R$)": "ND", "RENDA LÍQUIDA (R$)": "ND", "TICKET MÉDIO (R$)": "ND", "AUTORAS": "GIOVANNA CRIVELARI, JULIETE", "TÍTULO?": "COPA LIBERTADORES", "OBSERVAÇÕES": "Corinthians campeão da Copa Libertadores 2019 (2º título)", "ERA": "Depois da reativação" }, "geometry": { "type": "Point", "coordinates": [ -78.476194631250408, -0.177269331134677 ] } },
{ "type": "Feature", "properties": { "DATA": "2019-11-02", "DIA DA SEMANA": "sábado", "DIA DO JOGO": "2019-11-02 00:00:00", "MÊS DO JOGO": "2019-11-02 00:00:00", "ANO JOGO": 2019.0, "ANO COMPETIÇÃO": 2019.0, "MANDANTE / VISITANTE (SCCP)": "Não", "TIME MANDANTE": "SÃO PAULO", "GOLS MANDANTE": "0.0", "x": "x", "GOLS VISITANTE": "1.0", "TIME VISITANTE": "CORINTHIANS", "PLACAR": "0x1", "RESULTADO": "VITÓRIA", "ADVERSÁRIO": "SÃO PAULO", "ESTADO ADVERSÁRIO": "SÃO PAULO", "PAÍS ADVERSÁRIO": "BRASIL", "GOLS SCCP": "1.0", "GOLS ADVERSÁRIO": "0.0", "SALDO DE GOLS": "1", "TREINADOR": "ARTHUR ELIAS", "JOGO OFICIAL?": "SIM", "COMPETIÇÃO": "CAMPEONATO PAULISTA / FPF", "FASE": "FINAL", "ESTÁDIO": "CÍCERO POMPEU DE TOLEDO - MORUMBIS", "CAPACIDADE": "66795", "CIDADE": "SÃO PAULO ", "ESTADO/PROVÍNCIA": "SÃO PAULO", "PAÍS": "BRASIL", "LATITUDE": -23.600668615234898, "LONGITUDE": -46.719567331250424, "PÚBLICO PAGANTE": "ND", "PÚBLICO TOTAL": "ND", "RENDA BRUTA (R$)": "ND", "RENDA LÍQUIDA (R$)": "ND", "TICKET MÉDIO (R$)": "ND", "AUTORAS": "GIOVANNA CRIVELARI", "TÍTULO?": "N/A", "OBSERVAÇÕES": null, "ERA": "Depois da reativação" }, "geometry": { "type": "Point", "coordinates": [ -46.719567331250424, -23.600668615234898 ] } },
{ "type": "Feature", "properties": { "DATA": "2019-11-16", "DIA DA SEMANA": "sábado", "DIA DO JOGO": "2019-11-16 00:00:00", "MÊS DO JOGO": "2019-11-16 00:00:00", "ANO JOGO": 2019.0, "ANO COMPETIÇÃO": 2019.0, "MANDANTE / VISITANTE (SCCP)": "Sim", "TIME MANDANTE": "CORINTHIANS", "GOLS MANDANTE": "3.0", "x": "x", "GOLS VISITANTE": "0.0", "TIME VISITANTE": "SÃO PAULO", "PLACAR": "3x0", "RESULTADO": "VITÓRIA", "ADVERSÁRIO": "SÃO PAULO", "ESTADO ADVERSÁRIO": "SÃO PAULO", "PAÍS ADVERSÁRIO": "BRASIL", "GOLS SCCP": "3.0", "GOLS ADVERSÁRIO": "0.0", "SALDO DE GOLS": "3", "TREINADOR": "ARTHUR ELIAS", "JOGO OFICIAL?": "SIM", "COMPETIÇÃO": "CAMPEONATO PAULISTA / FPF", "FASE": "FINAL", "ESTÁDIO": "NEO QUÍMICA ARENA (ARENA CORINTHIANS)", "CAPACIDADE": "48905", "CIDADE": "SÃO PAULO ", "ESTADO/PROVÍNCIA": "SÃO PAULO", "PAÍS": "BRASIL", "LATITUDE": -23.545141276878514, "LONGITUDE": -46.473682029403896, "PÚBLICO PAGANTE": "28862.0", "PÚBLICO TOTAL": "ND", "RENDA BRUTA (R$)": "0.0", "RENDA LÍQUIDA (R$)": "ND", "TICKET MÉDIO (R$)": "0", "AUTORAS": "VIC ALBUQUERQUE, JULIETE, MILLENE", "TÍTULO?": "CAMPEONATO PAULISTA", "OBSERVAÇÕES": "Corinthians campeão do Campeonato Paulista 2019", "ERA": "Depois da reativação" }, "geometry": { "type": "Point", "coordinates": [ -46.473682029403896, -23.545141276878514 ] } },
{ "type": "Feature", "properties": { "DATA": "2019-12-16", "DIA DA SEMANA": "segunda-feira", "DIA DO JOGO": "2019-12-16 00:00:00", "MÊS DO JOGO": "2019-12-16 00:00:00", "ANO JOGO": 2019.0, "ANO COMPETIÇÃO": 2019.0, "MANDANTE / VISITANTE (SCCP)": "Sim", "TIME MANDANTE": "CORINTHIANS", "GOLS MANDANTE": "4.0", "x": "x", "GOLS VISITANTE": "4.0", "TIME VISITANTE": "AMIGAS DA MILENE DOMINGUES", "PLACAR": "4x4", "RESULTADO": "EMPATE", "ADVERSÁRIO": "AMIGAS DA MILENE DOMINGUES", "ESTADO ADVERSÁRIO": "N/A (COMBINADO)", "PAÍS ADVERSÁRIO": "BRASIL", "GOLS SCCP": "4.0", "GOLS ADVERSÁRIO": "4.0", "SALDO DE GOLS": "0", "TREINADOR": "ARTHUR ELIAS", "JOGO OFICIAL?": "NÃO", "COMPETIÇÃO": "JOGO FESTIVO", "FASE": "N/A", "ESTÁDIO": "ALFREDO SCHÜRIG (PARQUE SÃO JORGE / FAZENDINHA)", "CAPACIDADE": "9800", "CIDADE": "SÃO PAULO ", "ESTADO/PROVÍNCIA": "SÃO PAULO", "PAÍS": "BRASIL", "LATITUDE": -23.526659630812546, "LONGITUDE": -46.569480895169598, "PÚBLICO PAGANTE": "ND", "PÚBLICO TOTAL": "ND", "RENDA BRUTA (R$)": "0.0", "RENDA LÍQUIDA (R$)": "ND", "TICKET MÉDIO (R$)": "ND", "AUTORAS": null, "TÍTULO?": "N/A", "OBSERVAÇÕES": "Jogo beneficente de final de ano", "ERA": "Depois da reativação" }, "geometry": { "type": "Point", "coordinates": [ -46.569480895169598, -23.526659630812546 ] } },
{ "type": "Feature", "properties": { "DATA": "2020-02-09", "DIA DA SEMANA": "domingo", "DIA DO JOGO": "2020-02-09 00:00:00", "MÊS DO JOGO": "2020-02-09 00:00:00", "ANO JOGO": 2020.0, "ANO COMPETIÇÃO": 2020.0, "MANDANTE / VISITANTE (SCCP)": "Não", "TIME MANDANTE": "PALMEIRAS", "GOLS MANDANTE": "1.0", "x": "x", "GOLS VISITANTE": "3.0", "TIME VISITANTE": "CORINTHIANS", "PLACAR": "1x3", "RESULTADO": "VITÓRIA", "ADVERSÁRIO": "PALMEIRAS", "ESTADO ADVERSÁRIO": "SÃO PAULO", "PAÍS ADVERSÁRIO": "BRASIL", "GOLS SCCP": "3.0", "GOLS ADVERSÁRIO": "1.0", "SALDO DE GOLS": "2", "TREINADOR": "ARTHUR ELIAS", "JOGO OFICIAL?": "SIM", "COMPETIÇÃO": "CAMPEONATO BRASILEIRO", "FASE": "1ª FASE", "ESTÁDIO": "NELO BRACALENTE (CAMPO DO AQUÁRIO)", "CAPACIDADE": "4200", "CIDADE": "VINHEDO ", "ESTADO/PROVÍNCIA": "SÃO PAULO", "PAÍS": "BRASIL", "LATITUDE": -23.026066256410274, "LONGITUDE": -46.987202025851325, "PÚBLICO PAGANTE": "ND", "PÚBLICO TOTAL": "ND", "RENDA BRUTA (R$)": "ND", "RENDA LÍQUIDA (R$)": "ND", "TICKET MÉDIO (R$)": "ND", "AUTORAS": "GIOVANNA CRIVELARI, GRAZI, ERIKA", "TÍTULO?": "N/A", "OBSERVAÇÕES": null, "ERA": "Depois da reativação" }, "geometry": { "type": "Point", "coordinates": [ -46.987202025851325, -23.026066256410274 ] } },
{ "type": "Feature", "properties": { "DATA": "2020-02-13", "DIA DA SEMANA": "quinta-feira", "DIA DO JOGO": "2020-02-13 00:00:00", "MÊS DO JOGO": "2020-02-13 00:00:00", "ANO JOGO": 2020.0, "ANO COMPETIÇÃO": 2020.0, "MANDANTE / VISITANTE (SCCP)": "Sim", "TIME MANDANTE": "CORINTHIANS", "GOLS MANDANTE": "2.0", "x": "x", "GOLS VISITANTE": "1.0", "TIME VISITANTE": "AVAÍ/KINDERMANN", "PLACAR": "2x1", "RESULTADO": "VITÓRIA", "ADVERSÁRIO": "AVAÍ/KINDERMANN", "ESTADO ADVERSÁRIO": "SANTA CATARINA", "PAÍS ADVERSÁRIO": "BRASIL", "GOLS SCCP": "2.0", "GOLS ADVERSÁRIO": "1.0", "SALDO DE GOLS": "1", "TREINADOR": "ARTHUR ELIAS", "JOGO OFICIAL?": "SIM", "COMPETIÇÃO": "CAMPEONATO BRASILEIRO", "FASE": "1ª FASE", "ESTÁDIO": "ALFREDO SCHÜRIG (PARQUE SÃO JORGE / FAZENDINHA)", "CAPACIDADE": "9800", "CIDADE": "SÃO PAULO ", "ESTADO/PROVÍNCIA": "SÃO PAULO", "PAÍS": "BRASIL", "LATITUDE": -23.526659630812546, "LONGITUDE": -46.569480895169598, "PÚBLICO PAGANTE": "ND", "PÚBLICO TOTAL": "ND", "RENDA BRUTA (R$)": "ND", "RENDA LÍQUIDA (R$)": "ND", "TICKET MÉDIO (R$)": "ND", "AUTORAS": "ADRIANA, VIC ALBUQUERQUE", "TÍTULO?": "N/A", "OBSERVAÇÕES": null, "ERA": "Depois da reativação" }, "geometry": { "type": "Point", "coordinates": [ -46.569480895169598, -23.526659630812546 ] } },
{ "type": "Feature", "properties": { "DATA": "2020-02-17", "DIA DA SEMANA": "segunda-feira", "DIA DO JOGO": "2020-02-17 00:00:00", "MÊS DO JOGO": "2020-02-17 00:00:00", "ANO JOGO": 2020.0, "ANO COMPETIÇÃO": 2020.0, "MANDANTE / VISITANTE (SCCP)": "Sim", "TIME MANDANTE": "CORINTHIANS", "GOLS MANDANTE": "3.0", "x": "x", "GOLS VISITANTE": "0.0", "TIME VISITANTE": "AUDAX", "PLACAR": "3x0", "RESULTADO": "VITÓRIA", "ADVERSÁRIO": "AUDAX", "ESTADO ADVERSÁRIO": "SÃO PAULO", "PAÍS ADVERSÁRIO": "BRASIL", "GOLS SCCP": "3.0", "GOLS ADVERSÁRIO": "0.0", "SALDO DE GOLS": "3", "TREINADOR": "ARTHUR ELIAS", "JOGO OFICIAL?": "SIM", "COMPETIÇÃO": "CAMPEONATO BRASILEIRO", "FASE": "1ª FASE", "ESTÁDIO": "ALFREDO SCHÜRIG (PARQUE SÃO JORGE / FAZENDINHA)", "CAPACIDADE": "9800", "CIDADE": "SÃO PAULO ", "ESTADO/PROVÍNCIA": "SÃO PAULO", "PAÍS": "BRASIL", "LATITUDE": -23.526659630812546, "LONGITUDE": -46.569480895169598, "PÚBLICO PAGANTE": "ND", "PÚBLICO TOTAL": "ND", "RENDA BRUTA (R$)": "ND", "RENDA LÍQUIDA (R$)": "ND", "TICKET MÉDIO (R$)": "ND", "AUTORAS": "GIOVANNA CRIVELARI, VIC ALBUQUERQUE, MAIARA", "TÍTULO?": "N/A", "OBSERVAÇÕES": null, "ERA": "Depois da reativação" }, "geometry": { "type": "Point", "coordinates": [ -46.569480895169598, -23.526659630812546 ] } },
{ "type": "Feature", "properties": { "DATA": "2020-02-29", "DIA DA SEMANA": "sábado", "DIA DO JOGO": "2020-02-29 00:00:00", "MÊS DO JOGO": "2020-02-29 00:00:00", "ANO JOGO": 2020.0, "ANO COMPETIÇÃO": 2020.0, "MANDANTE / VISITANTE (SCCP)": "Não", "TIME MANDANTE": "SÃO PAULO", "GOLS MANDANTE": "2.0", "x": "x", "GOLS VISITANTE": "0.0", "TIME VISITANTE": "CORINTHIANS", "PLACAR": "2x0", "RESULTADO": "DERROTA", "ADVERSÁRIO": "SÃO PAULO", "ESTADO ADVERSÁRIO": "SÃO PAULO", "PAÍS ADVERSÁRIO": "BRASIL", "GOLS SCCP": "0.0", "GOLS ADVERSÁRIO": "2.0", "SALDO DE GOLS": "-2", "TREINADOR": "ARTHUR ELIAS", "JOGO OFICIAL?": "SIM", "COMPETIÇÃO": "CAMPEONATO BRASILEIRO", "FASE": "1ª FASE", "ESTÁDIO": "CENTRO DE FORMAÇÃO DE ATLETAS LAUDO NATEL (CT DE COTIA)", "CAPACIDADE": "1500", "CIDADE": "COTIA ", "ESTADO/PROVÍNCIA": "SÃO PAULO", "PAÍS": "BRASIL", "LATITUDE": -23.621368389045369, "LONGITUDE": -46.913702630845982, "PÚBLICO PAGANTE": "ND", "PÚBLICO TOTAL": "ND", "RENDA BRUTA (R$)": "ND", "RENDA LÍQUIDA (R$)": "ND", "TICKET MÉDIO (R$)": "ND", "AUTORAS": null, "TÍTULO?": "N/A", "OBSERVAÇÕES": "Último jogo antes da interrupção das competições devido à pandemia de COVID-19", "ERA": "Depois da reativação" }, "geometry": { "type": "Point", "coordinates": [ -46.913702630845982, -23.621368389045369 ] } },
{ "type": "Feature", "properties": { "DATA": "2020-08-26", "DIA DA SEMANA": "quarta-feira", "DIA DO JOGO": "2020-08-26 00:00:00", "MÊS DO JOGO": "2020-08-26 00:00:00", "ANO JOGO": 2020.0, "ANO COMPETIÇÃO": 2020.0, "MANDANTE / VISITANTE (SCCP)": "Sim", "TIME MANDANTE": "CORINTHIANS", "GOLS MANDANTE": "2.0", "x": "x", "GOLS VISITANTE": "0.0", "TIME VISITANTE": "FERROVIÁRIA", "PLACAR": "2x0", "RESULTADO": "VITÓRIA", "ADVERSÁRIO": "FERROVIÁRIA", "ESTADO ADVERSÁRIO": "SÃO PAULO", "PAÍS ADVERSÁRIO": "BRASIL", "GOLS SCCP": "2.0", "GOLS ADVERSÁRIO": "0.0", "SALDO DE GOLS": "2", "TREINADOR": "ARTHUR ELIAS", "JOGO OFICIAL?": "SIM", "COMPETIÇÃO": "CAMPEONATO BRASILEIRO", "FASE": "1ª FASE", "ESTÁDIO": "ALFREDO SCHÜRIG (PARQUE SÃO JORGE / FAZENDINHA)", "CAPACIDADE": "9800", "CIDADE": "SÃO PAULO ", "ESTADO/PROVÍNCIA": "SÃO PAULO", "PAÍS": "BRASIL", "LATITUDE": -23.526659630812546, "LONGITUDE": -46.569480895169598, "PÚBLICO PAGANTE": "COVID", "PÚBLICO TOTAL": "COVID", "RENDA BRUTA (R$)": "0.0", "RENDA LÍQUIDA (R$)": "-8856.7", "TICKET MÉDIO (R$)": "ND", "AUTORAS": "TAMIRES, ADRIANA", "TÍTULO?": "N/A", "OBSERVAÇÕES": "Jogo disputado com portões fechados devido à pandemia de COVID-19", "ERA": "Depois da reativação" }, "geometry": { "type": "Point", "coordinates": [ -46.569480895169598, -23.526659630812546 ] } },
{ "type": "Feature", "properties": { "DATA": "2020-08-31", "DIA DA SEMANA": "segunda-feira", "DIA DO JOGO": "2020-08-31 00:00:00", "MÊS DO JOGO": "2020-08-31 00:00:00", "ANO JOGO": 2020.0, "ANO COMPETIÇÃO": 2020.0, "MANDANTE / VISITANTE (SCCP)": "Não", "TIME MANDANTE": "FLAMENGO", "GOLS MANDANTE": "1.0", "x": "x", "GOLS VISITANTE": "3.0", "TIME VISITANTE": "CORINTHIANS", "PLACAR": "1x3", "RESULTADO": "VITÓRIA", "ADVERSÁRIO": "FLAMENGO", "ESTADO ADVERSÁRIO": "RIO DE JANEIRO", "PAÍS ADVERSÁRIO": "BRASIL", "GOLS SCCP": "3.0", "GOLS ADVERSÁRIO": "1.0", "SALDO DE GOLS": "2", "TREINADOR": "ARTHUR ELIAS", "JOGO OFICIAL?": "SIM", "COMPETIÇÃO": "CAMPEONATO BRASILEIRO", "FASE": "1ª FASE", "ESTÁDIO": "GIULITE COUTINHO (ARENA DO AMERICA / VERMELHÃO)", "CAPACIDADE": "12150", "CIDADE": "RIO DE JANEIRO ", "ESTADO/PROVÍNCIA": "RIO DE JANEIRO", "PAÍS": "BRASIL", "LATITUDE": -22.795256355772853, "LONGITUDE": -43.419062196875615, "PÚBLICO PAGANTE": "COVID", "PÚBLICO TOTAL": "COVID", "RENDA BRUTA (R$)": "0.0", "RENDA LÍQUIDA (R$)": "-5087.84", "TICKET MÉDIO (R$)": "ND", "AUTORAS": "VIC ALBUQUERQUE, ADRIANA, ANDRESSINHA", "TÍTULO?": "N/A", "OBSERVAÇÕES": "Jogo disputado com portões fechados devido à pandemia de COVID-19", "ERA": "Depois da reativação" }, "geometry": { "type": "Point", "coordinates": [ -43.419062196875615, -22.795256355772853 ] } },
{ "type": "Feature", "properties": { "DATA": "2020-09-07", "DIA DA SEMANA": "segunda-feira", "DIA DO JOGO": "2020-09-07 00:00:00", "MÊS DO JOGO": "2020-09-07 00:00:00", "ANO JOGO": 2020.0, "ANO COMPETIÇÃO": 2020.0, "MANDANTE / VISITANTE (SCCP)": "Sim", "TIME MANDANTE": "CORINTHIANS", "GOLS MANDANTE": "4.0", "x": "x", "GOLS VISITANTE": "1.0", "TIME VISITANTE": "CRUZEIRO", "PLACAR": "4x1", "RESULTADO": "VITÓRIA", "ADVERSÁRIO": "CRUZEIRO", "ESTADO ADVERSÁRIO": "MINAS GERAIS", "PAÍS ADVERSÁRIO": "BRASIL", "GOLS SCCP": "4.0", "GOLS ADVERSÁRIO": "1.0", "SALDO DE GOLS": "3", "TREINADOR": "ARTHUR ELIAS", "JOGO OFICIAL?": "SIM", "COMPETIÇÃO": "CAMPEONATO BRASILEIRO", "FASE": "1ª FASE", "ESTÁDIO": "ALFREDO SCHÜRIG (PARQUE SÃO JORGE / FAZENDINHA)", "CAPACIDADE": "9800", "CIDADE": "SÃO PAULO ", "ESTADO/PROVÍNCIA": "SÃO PAULO", "PAÍS": "BRASIL", "LATITUDE": -23.526659630812546, "LONGITUDE": -46.569480895169598, "PÚBLICO PAGANTE": "COVID", "PÚBLICO TOTAL": "COVID", "RENDA BRUTA (R$)": "0.0", "RENDA LÍQUIDA (R$)": "-11136.5", "TICKET MÉDIO (R$)": "ND", "AUTORAS": "GABI ZANOTTI, CACAU, GABI PORTILHO, PÂMELA", "TÍTULO?": "N/A", "OBSERVAÇÕES": "Jogo disputado com portões fechados devido à pandemia de COVID-19", "ERA": "Depois da reativação" }, "geometry": { "type": "Point", "coordinates": [ -46.569480895169598, -23.526659630812546 ] } },
{ "type": "Feature", "properties": { "DATA": "2020-09-10", "DIA DA SEMANA": "quinta-feira", "DIA DO JOGO": "2020-09-10 00:00:00", "MÊS DO JOGO": "2020-09-10 00:00:00", "ANO JOGO": 2020.0, "ANO COMPETIÇÃO": 2020.0, "MANDANTE / VISITANTE (SCCP)": "Não", "TIME MANDANTE": "INTERNACIONAL", "GOLS MANDANTE": "0.0", "x": "x", "GOLS VISITANTE": "4.0", "TIME VISITANTE": "CORINTHIANS", "PLACAR": "0x4", "RESULTADO": "VITÓRIA", "ADVERSÁRIO": "INTERNACIONAL", "ESTADO ADVERSÁRIO": "RIO GRANDE DO SUL", "PAÍS ADVERSÁRIO": "BRASIL", "GOLS SCCP": "4.0", "GOLS ADVERSÁRIO": "0.0", "SALDO DE GOLS": "4", "TREINADOR": "ARTHUR ELIAS", "JOGO OFICIAL?": "SIM", "COMPETIÇÃO": "CAMPEONATO BRASILEIRO", "FASE": "1ª FASE", "ESTÁDIO": "SESC PROTÁSIO ALVES (ANTIGO SESC CAMPESTRE)", "CAPACIDADE": "0.0", "CIDADE": "PORTO ALEGRE ", "ESTADO/PROVÍNCIA": "RIO GRANDE DO SUL", "PAÍS": "BRASIL", "LATITUDE": -30.039326299187358, "LONGITUDE": -51.14635268892085, "PÚBLICO PAGANTE": "COVID", "PÚBLICO TOTAL": "COVID", "RENDA BRUTA (R$)": "0.0", "RENDA LÍQUIDA (R$)": "-8306.9", "TICKET MÉDIO (R$)": "ND", "AUTORAS": "INGRYD, GABI ZANOTTI, ADRIANA, GABI PORTILHO", "TÍTULO?": "N/A", "OBSERVAÇÕES": "Jogo disputado com portões fechados devido à pandemia de COVID-19", "ERA": "Depois da reativação" }, "geometry": { "type": "Point", "coordinates": [ -51.14635268892085, -30.039326299187358 ] } },
{ "type": "Feature", "properties": { "DATA": "2020-09-13", "DIA DA SEMANA": "domingo", "DIA DO JOGO": "2020-09-13 00:00:00", "MÊS DO JOGO": "2020-09-13 00:00:00", "ANO JOGO": 2020.0, "ANO COMPETIÇÃO": 2020.0, "MANDANTE / VISITANTE (SCCP)": "Sim", "TIME MANDANTE": "CORINTHIANS", "GOLS MANDANTE": "1.0", "x": "x", "GOLS VISITANTE": "0.0", "TIME VISITANTE": "GRÊMIO", "PLACAR": "1x0", "RESULTADO": "VITÓRIA", "ADVERSÁRIO": "GRÊMIO", "ESTADO ADVERSÁRIO": "RIO GRANDE DO SUL", "PAÍS ADVERSÁRIO": "BRASIL", "GOLS SCCP": "1.0", "GOLS ADVERSÁRIO": "0.0", "SALDO DE GOLS": "1", "TREINADOR": "ARTHUR ELIAS", "JOGO OFICIAL?": "SIM", "COMPETIÇÃO": "CAMPEONATO BRASILEIRO", "FASE": "1ª FASE", "ESTÁDIO": "ALFREDO SCHÜRIG (PARQUE SÃO JORGE / FAZENDINHA)", "CAPACIDADE": "9800", "CIDADE": "SÃO PAULO ", "ESTADO/PROVÍNCIA": "SÃO PAULO", "PAÍS": "BRASIL", "LATITUDE": -23.526659630812546, "LONGITUDE": -46.569480895169598, "PÚBLICO PAGANTE": "COVID", "PÚBLICO TOTAL": "COVID", "RENDA BRUTA (R$)": "0.0", "RENDA LÍQUIDA (R$)": "-11865.4", "TICKET MÉDIO (R$)": "ND", "AUTORAS": "ERIKA", "TÍTULO?": "N/A", "OBSERVAÇÕES": "Jogo disputado com portões fechados devido à pandemia de COVID-19", "ERA": "Depois da reativação" }, "geometry": { "type": "Point", "coordinates": [ -46.569480895169598, -23.526659630812546 ] } },
{ "type": "Feature", "properties": { "DATA": "2020-09-23", "DIA DA SEMANA": "quarta-feira", "DIA DO JOGO": "2020-09-23 00:00:00", "MÊS DO JOGO": "2020-09-23 00:00:00", "ANO JOGO": 2020.0, "ANO COMPETIÇÃO": 2020.0, "MANDANTE / VISITANTE (SCCP)": "Não", "TIME MANDANTE": "IRANDUBA", "GOLS MANDANTE": "0.0", "x": "x", "GOLS VISITANTE": "2.0", "TIME VISITANTE": "CORINTHIANS", "PLACAR": "0x2", "RESULTADO": "VITÓRIA", "ADVERSÁRIO": "IRANDUBA", "ESTADO ADVERSÁRIO": "AMAZONAS", "PAÍS ADVERSÁRIO": "BRASIL", "GOLS SCCP": "2.0", "GOLS ADVERSÁRIO": "0.0", "SALDO DE GOLS": "2", "TREINADOR": "ARTHUR ELIAS", "JOGO OFICIAL?": "SIM", "COMPETIÇÃO": "CAMPEONATO BRASILEIRO", "FASE": "1ª FASE", "ESTÁDIO": "ARENA DA AMAZÔNIA - VIVALDO LIMA", "CAPACIDADE": "44300", "CIDADE": "MANAUS ", "ESTADO/PROVÍNCIA": "AMAZONAS", "PAÍS": "BRASIL", "LATITUDE": -3.0830207174485653, "LONGITUDE": -60.027613492125674, "PÚBLICO PAGANTE": "COVID", "PÚBLICO TOTAL": "COVID", "RENDA BRUTA (R$)": "0.0", "RENDA LÍQUIDA (R$)": "-7148.0", "TICKET MÉDIO (R$)": "ND", "AUTORAS": "GIOVANNA CRIVELARI, PAULINHA", "TÍTULO?": "N/A", "OBSERVAÇÕES": "Jogo disputado com portões fechados devido à pandemia de COVID-19", "ERA": "Depois da reativação" }, "geometry": { "type": "Point", "coordinates": [ -60.027613492125674, -3.083020717448565 ] } },
{ "type": "Feature", "properties": { "DATA": "2020-09-26", "DIA DA SEMANA": "sábado", "DIA DO JOGO": "2020-09-26 00:00:00", "MÊS DO JOGO": "2020-09-26 00:00:00", "ANO JOGO": 2020.0, "ANO COMPETIÇÃO": 2020.0, "MANDANTE / VISITANTE (SCCP)": "Sim", "TIME MANDANTE": "CORINTHIANS", "GOLS MANDANTE": "6.0", "x": "x", "GOLS VISITANTE": "0.0", "TIME VISITANTE": "VITÓRIA", "PLACAR": "6x0", "RESULTADO": "VITÓRIA", "ADVERSÁRIO": "VITÓRIA", "ESTADO ADVERSÁRIO": "BAHIA", "PAÍS ADVERSÁRIO": "BRASIL", "GOLS SCCP": "6.0", "GOLS ADVERSÁRIO": "0.0", "SALDO DE GOLS": "6", "TREINADOR": "ARTHUR ELIAS", "JOGO OFICIAL?": "SIM", "COMPETIÇÃO": "CAMPEONATO BRASILEIRO", "FASE": "1ª FASE", "ESTÁDIO": "ALFREDO SCHÜRIG (PARQUE SÃO JORGE / FAZENDINHA)", "CAPACIDADE": "9800", "CIDADE": "SÃO PAULO ", "ESTADO/PROVÍNCIA": "SÃO PAULO", "PAÍS": "BRASIL", "LATITUDE": -23.526659630812546, "LONGITUDE": -46.569480895169598, "PÚBLICO PAGANTE": "COVID", "PÚBLICO TOTAL": "COVID", "RENDA BRUTA (R$)": "0.0", "RENDA LÍQUIDA (R$)": "-10299.06", "TICKET MÉDIO (R$)": "ND", "AUTORAS": "ADRIANA, INGRYD, YASMIM, GABI ZANOTTI, KATIUSCIA, TAMIRES", "TÍTULO?": "N/A", "OBSERVAÇÕES": "Jogo disputado com portões fechados devido à pandemia de COVID-19", "ERA": "Depois da reativação" }, "geometry": { "type": "Point", "coordinates": [ -46.569480895169598, -23.526659630812546 ] } },
{ "type": "Feature", "properties": { "DATA": "2020-09-30", "DIA DA SEMANA": "quarta-feira", "DIA DO JOGO": "2020-09-30 00:00:00", "MÊS DO JOGO": "2020-09-30 00:00:00", "ANO JOGO": 2020.0, "ANO COMPETIÇÃO": 2020.0, "MANDANTE / VISITANTE (SCCP)": "Não", "TIME MANDANTE": "MINAS BRASÍLIA", "GOLS MANDANTE": "1.0", "x": "x", "GOLS VISITANTE": "4.0", "TIME VISITANTE": "CORINTHIANS", "PLACAR": "1x4", "RESULTADO": "VITÓRIA", "ADVERSÁRIO": "MINAS BRASÍLIA", "ESTADO ADVERSÁRIO": "DISTRITO FEDERAL", "PAÍS ADVERSÁRIO": "BRASIL", "GOLS SCCP": "4.0", "GOLS ADVERSÁRIO": "1.0", "SALDO DE GOLS": "3", "TREINADOR": "ARTHUR ELIAS", "JOGO OFICIAL?": "SIM", "COMPETIÇÃO": "CAMPEONATO BRASILEIRO", "FASE": "1ª FASE", "ESTÁDIO": "VALMIR CAMPELO BEZERRA (BEZERRÃO)", "CAPACIDADE": "20310", "CIDADE": "GAMA ", "ESTADO/PROVÍNCIA": "DISTRITO FEDERAL", "PAÍS": "BRASIL", "LATITUDE": -16.010988388571377, "LONGITUDE": -48.061410548437806, "PÚBLICO PAGANTE": "COVID", "PÚBLICO TOTAL": "COVID", "RENDA BRUTA (R$)": "0.0", "RENDA LÍQUIDA (R$)": "-4868.8", "TICKET MÉDIO (R$)": "ND", "AUTORAS": "GIOVANNA CRIVELARI, GIOVANNA CRIVELARI, VIC ALBUQUERQUE, VIC ALBUQUERQUE", "TÍTULO?": "N/A", "OBSERVAÇÕES": "Jogo disputado com portões fechados devido à pandemia de COVID-19", "ERA": "Depois da reativação" }, "geometry": { "type": "Point", "coordinates": [ -48.061410548437806, -16.010988388571377 ] } },
{ "type": "Feature", "properties": { "DATA": "2020-10-04", "DIA DA SEMANA": "domingo", "DIA DO JOGO": "2020-10-04 00:00:00", "MÊS DO JOGO": "2020-10-04 00:00:00", "ANO JOGO": 2020.0, "ANO COMPETIÇÃO": 2020.0, "MANDANTE / VISITANTE (SCCP)": "Sim", "TIME MANDANTE": "CORINTHIANS", "GOLS MANDANTE": "3.0", "x": "x", "GOLS VISITANTE": "0.0", "TIME VISITANTE": "SÃO JOSÉ", "PLACAR": "3x0", "RESULTADO": "VITÓRIA", "ADVERSÁRIO": "SÃO JOSÉ", "ESTADO ADVERSÁRIO": "SÃO PAULO", "PAÍS ADVERSÁRIO": "BRASIL", "GOLS SCCP": "3.0", "GOLS ADVERSÁRIO": "0.0", "SALDO DE GOLS": "3", "TREINADOR": "ARTHUR ELIAS", "JOGO OFICIAL?": "SIM", "COMPETIÇÃO": "CAMPEONATO BRASILEIRO", "FASE": "1ª FASE", "ESTÁDIO": "ALFREDO SCHÜRIG (PARQUE SÃO JORGE / FAZENDINHA)", "CAPACIDADE": "9800", "CIDADE": "SÃO PAULO ", "ESTADO/PROVÍNCIA": "SÃO PAULO", "PAÍS": "BRASIL", "LATITUDE": -23.526659630812546, "LONGITUDE": -46.569480895169598, "PÚBLICO PAGANTE": "COVID", "PÚBLICO TOTAL": "COVID", "RENDA BRUTA (R$)": "0.0", "RENDA LÍQUIDA (R$)": "-10602.22", "TICKET MÉDIO (R$)": "ND", "AUTORAS": "ERIKA, ADRIANA, GABI PORTILHO", "TÍTULO?": "N/A", "OBSERVAÇÕES": "Jogo disputado com portões fechados devido à pandemia de COVID-19", "ERA": "Depois da reativação" }, "geometry": { "type": "Point", "coordinates": [ -46.569480895169598, -23.526659630812546 ] } },
{ "type": "Feature", "properties": { "DATA": "2020-10-11", "DIA DA SEMANA": "domingo", "DIA DO JOGO": "2020-10-11 00:00:00", "MÊS DO JOGO": "2020-10-11 00:00:00", "ANO JOGO": 2020.0, "ANO COMPETIÇÃO": 2020.0, "MANDANTE / VISITANTE (SCCP)": "Não", "TIME MANDANTE": "PONTE PRETA", "GOLS MANDANTE": "0.0", "x": "x", "GOLS VISITANTE": "7.0", "TIME VISITANTE": "CORINTHIANS", "PLACAR": "0x7", "RESULTADO": "VITÓRIA", "ADVERSÁRIO": "PONTE PRETA", "ESTADO ADVERSÁRIO": "SÃO PAULO", "PAÍS ADVERSÁRIO": "BRASIL", "GOLS SCCP": "7.0", "GOLS ADVERSÁRIO": "0.0", "SALDO DE GOLS": "7", "TREINADOR": "ARTHUR ELIAS", "JOGO OFICIAL?": "SIM", "COMPETIÇÃO": "CAMPEONATO BRASILEIRO", "FASE": "1ª FASE", "ESTÁDIO": "MOISÉS LUCARELLI (MAJESTOSO)", "CAPACIDADE": "15728", "CIDADE": "CAMPINAS ", "ESTADO/PROVÍNCIA": "SÃO PAULO", "PAÍS": "BRASIL", "LATITUDE": -22.912600582555537, "LONGITUDE": -47.05115367918981, "PÚBLICO PAGANTE": "COVID", "PÚBLICO TOTAL": "COVID", "RENDA BRUTA (R$)": "0.0", "RENDA LÍQUIDA (R$)": "-7902.23", "TICKET MÉDIO (R$)": "ND", "AUTORAS": "GABI PORTILHO, GRAZI, GRAZI, GABI PORTILHO, CACAU, GRAZI, PAULINHA", "TÍTULO?": "N/A", "OBSERVAÇÕES": "Jogo disputado com portões fechados devido à pandemia de COVID-19", "ERA": "Depois da reativação" }, "geometry": { "type": "Point", "coordinates": [ -47.05115367918981, -22.912600582555537 ] } },
{ "type": "Feature", "properties": { "DATA": "2020-10-14", "DIA DA SEMANA": "quarta-feira", "DIA DO JOGO": "2020-10-14 00:00:00", "MÊS DO JOGO": "2020-10-14 00:00:00", "ANO JOGO": 2020.0, "ANO COMPETIÇÃO": 2020.0, "MANDANTE / VISITANTE (SCCP)": "Sim", "TIME MANDANTE": "CORINTHIANS", "GOLS MANDANTE": "1.0", "x": "x", "GOLS VISITANTE": "0.0", "TIME VISITANTE": "SANTOS", "PLACAR": "1x0", "RESULTADO": "VITÓRIA", "ADVERSÁRIO": "SANTOS", "ESTADO ADVERSÁRIO": "SÃO PAULO", "PAÍS ADVERSÁRIO": "BRASIL", "GOLS SCCP": "1.0", "GOLS ADVERSÁRIO": "0.0", "SALDO DE GOLS": "1", "TREINADOR": "ARTHUR ELIAS", "JOGO OFICIAL?": "SIM", "COMPETIÇÃO": "CAMPEONATO BRASILEIRO", "FASE": "1ª FASE", "ESTÁDIO": "ALFREDO SCHÜRIG (PARQUE SÃO JORGE / FAZENDINHA)", "CAPACIDADE": "9800", "CIDADE": "SÃO PAULO ", "ESTADO/PROVÍNCIA": "SÃO PAULO", "PAÍS": "BRASIL", "LATITUDE": -23.526659630812546, "LONGITUDE": -46.569480895169598, "PÚBLICO PAGANTE": "COVID", "PÚBLICO TOTAL": "COVID", "RENDA BRUTA (R$)": "0.0", "RENDA LÍQUIDA (R$)": "-10064.09", "TICKET MÉDIO (R$)": "ND", "AUTORAS": "YASMIM", "TÍTULO?": "N/A", "OBSERVAÇÕES": "Jogo disputado com portões fechados devido à pandemia de COVID-19", "ERA": "Depois da reativação" }, "geometry": { "type": "Point", "coordinates": [ -46.569480895169598, -23.526659630812546 ] } },
{ "type": "Feature", "properties": { "DATA": "2020-10-18", "DIA DA SEMANA": "domingo", "DIA DO JOGO": "2020-10-18 00:00:00", "MÊS DO JOGO": "2020-10-18 00:00:00", "ANO JOGO": 2020.0, "ANO COMPETIÇÃO": 2020.0, "MANDANTE / VISITANTE (SCCP)": "Não", "TIME MANDANTE": "SÃO JOSÉ", "GOLS MANDANTE": "0.0", "x": "x", "GOLS VISITANTE": "4.0", "TIME VISITANTE": "CORINTHIANS", "PLACAR": "0x4", "RESULTADO": "VITÓRIA", "ADVERSÁRIO": "SÃO JOSÉ", "ESTADO ADVERSÁRIO": "SÃO PAULO", "PAÍS ADVERSÁRIO": "BRASIL", "GOLS SCCP": "4.0", "GOLS ADVERSÁRIO": "0.0", "SALDO DE GOLS": "4", "TREINADOR": "ARTHUR ELIAS", "JOGO OFICIAL?": "SIM", "COMPETIÇÃO": "CAMPEONATO PAULISTA / FPF", "FASE": "1ª FASE", "ESTÁDIO": "MARTINS PEREIRA", "CAPACIDADE": "16500", "CIDADE": "SÃO JOSÉ DOS CAMPOS ", "ESTADO/PROVÍNCIA": "SÃO PAULO", "PAÍS": "BRASIL", "LATITUDE": -23.1884912615151, "LONGITUDE": -45.869827477202776, "PÚBLICO PAGANTE": "COVID", "PÚBLICO TOTAL": "COVID", "RENDA BRUTA (R$)": "0.0", "RENDA LÍQUIDA (R$)": "ND", "TICKET MÉDIO (R$)": "ND", "AUTORAS": "VIC ALBUQUERQUE, GRAZI, VIC ALBUQUERQUE, INGRYD", "TÍTULO?": "N/A", "OBSERVAÇÕES": "Jogo disputado com portões fechados devido à pandemia de COVID-19", "ERA": "Depois da reativação" }, "geometry": { "type": "Point", "coordinates": [ -45.869827477202776, -23.1884912615151 ] } },
{ "type": "Feature", "properties": { "DATA": "2020-10-21", "DIA DA SEMANA": "quarta-feira", "DIA DO JOGO": "2020-10-21 00:00:00", "MÊS DO JOGO": "2020-10-21 00:00:00", "ANO JOGO": 2020.0, "ANO COMPETIÇÃO": 2020.0, "MANDANTE / VISITANTE (SCCP)": "Sim", "TIME MANDANTE": "CORINTHIANS", "GOLS MANDANTE": "3.0", "x": "x", "GOLS VISITANTE": "1.0", "TIME VISITANTE": "SANTOS", "PLACAR": "3x1", "RESULTADO": "VITÓRIA", "ADVERSÁRIO": "SANTOS", "ESTADO ADVERSÁRIO": "SÃO PAULO", "PAÍS ADVERSÁRIO": "BRASIL", "GOLS SCCP": "3.0", "GOLS ADVERSÁRIO": "1.0", "SALDO DE GOLS": "2", "TREINADOR": "ARTHUR ELIAS", "JOGO OFICIAL?": "SIM", "COMPETIÇÃO": "CAMPEONATO PAULISTA / FPF", "FASE": "1ª FASE", "ESTÁDIO": "ALFREDO SCHÜRIG (PARQUE SÃO JORGE / FAZENDINHA)", "CAPACIDADE": "9800", "CIDADE": "SÃO PAULO ", "ESTADO/PROVÍNCIA": "SÃO PAULO", "PAÍS": "BRASIL", "LATITUDE": -23.526659630812546, "LONGITUDE": -46.569480895169598, "PÚBLICO PAGANTE": "COVID", "PÚBLICO TOTAL": "COVID", "RENDA BRUTA (R$)": "0.0", "RENDA LÍQUIDA (R$)": "ND", "TICKET MÉDIO (R$)": "ND", "AUTORAS": "GIOVANNA CRIVELARI, ADRIANA, TAMIRES", "TÍTULO?": "N/A", "OBSERVAÇÕES": "Jogo disputado com portões fechados devido à pandemia de COVID-19", "ERA": "Depois da reativação" }, "geometry": { "type": "Point", "coordinates": [ -46.569480895169598, -23.526659630812546 ] } },
{ "type": "Feature", "properties": { "DATA": "2020-10-25", "DIA DA SEMANA": "domingo", "DIA DO JOGO": "2020-10-25 00:00:00", "MÊS DO JOGO": "2020-10-25 00:00:00", "ANO JOGO": 2020.0, "ANO COMPETIÇÃO": 2020.0, "MANDANTE / VISITANTE (SCCP)": "Não", "TIME MANDANTE": "GRÊMIO", "GOLS MANDANTE": "0.0", "x": "x", "GOLS VISITANTE": "3.0", "TIME VISITANTE": "CORINTHIANS", "PLACAR": "0x3", "RESULTADO": "VITÓRIA", "ADVERSÁRIO": "GRÊMIO", "ESTADO ADVERSÁRIO": "RIO GRANDE DO SUL", "PAÍS ADVERSÁRIO": "BRASIL", "GOLS SCCP": "3.0", "GOLS ADVERSÁRIO": "0.0", "SALDO DE GOLS": "3", "TREINADOR": "ARTHUR ELIAS", "JOGO OFICIAL?": "SIM", "COMPETIÇÃO": "CAMPEONATO BRASILEIRO", "FASE": "QUARTAS DE FINAL", "ESTÁDIO": "ARENA DO GRÊMIO", "CAPACIDADE": "55662", "CIDADE": "PORTO ALEGRE ", "ESTADO/PROVÍNCIA": "RIO GRANDE DO SUL", "PAÍS": "BRASIL", "LATITUDE": -29.973786084932922, "LONGITUDE": -51.194217389527033, "PÚBLICO PAGANTE": "COVID", "PÚBLICO TOTAL": "COVID", "RENDA BRUTA (R$)": "0.0", "RENDA LÍQUIDA (R$)": "-5184.95", "TICKET MÉDIO (R$)": "ND", "AUTORAS": "CONTRA, GIOVANNA CRIVELARI, GIOVANNA CRIVELARI", "TÍTULO?": "N/A", "OBSERVAÇÕES": "Jogo disputado com portões fechados devido à pandemia de COVID-19", "ERA": "Depois da reativação" }, "geometry": { "type": "Point", "coordinates": [ -51.194217389527033, -29.973786084932922 ] } },
{ "type": "Feature", "properties": { "DATA": "2020-10-28", "DIA DA SEMANA": "quarta-feira", "DIA DO JOGO": "2020-10-28 00:00:00", "MÊS DO JOGO": "2020-10-28 00:00:00", "ANO JOGO": 2020.0, "ANO COMPETIÇÃO": 2020.0, "MANDANTE / VISITANTE (SCCP)": "Sim", "TIME MANDANTE": "CORINTHIANS", "GOLS MANDANTE": "11.0", "x": "x", "GOLS VISITANTE": "0.0", "TIME VISITANTE": "NACIONAL-SP", "PLACAR": "11x0", "RESULTADO": "VITÓRIA", "ADVERSÁRIO": "NACIONAL-SP", "ESTADO ADVERSÁRIO": "SÃO PAULO", "PAÍS ADVERSÁRIO": "BRASIL", "GOLS SCCP": "11.0", "GOLS ADVERSÁRIO": "0.0", "SALDO DE GOLS": "11", "TREINADOR": "ARTHUR ELIAS", "JOGO OFICIAL?": "SIM", "COMPETIÇÃO": "CAMPEONATO PAULISTA / FPF", "FASE": "1ª FASE", "ESTÁDIO": "ALFREDO SCHÜRIG (PARQUE SÃO JORGE / FAZENDINHA)", "CAPACIDADE": "9800", "CIDADE": "SÃO PAULO ", "ESTADO/PROVÍNCIA": "SÃO PAULO", "PAÍS": "BRASIL", "LATITUDE": -23.526659630812546, "LONGITUDE": -46.569480895169598, "PÚBLICO PAGANTE": "COVID", "PÚBLICO TOTAL": "COVID", "RENDA BRUTA (R$)": "0.0", "RENDA LÍQUIDA (R$)": "ND", "TICKET MÉDIO (R$)": "ND", "AUTORAS": "GABI NUNES, PÂMELA, MIMI, GABI NUNES, MIMI, GABI NUNES, VIC ALBUQUERQUE, GABI NUNES, GABI NUNES, GABI PORTILHO, GABI NUNES", "TÍTULO?": "N/A", "OBSERVAÇÕES": "Jogo disputado com portões fechados devido à pandemia de COVID-19", "ERA": "Depois da reativação" }, "geometry": { "type": "Point", "coordinates": [ -46.569480895169598, -23.526659630812546 ] } },
{ "type": "Feature", "properties": { "DATA": "2020-11-02", "DIA DA SEMANA": "segunda-feira", "DIA DO JOGO": "2020-11-02 00:00:00", "MÊS DO JOGO": "2020-11-02 00:00:00", "ANO JOGO": 2020.0, "ANO COMPETIÇÃO": 2020.0, "MANDANTE / VISITANTE (SCCP)": "Sim", "TIME MANDANTE": "CORINTHIANS", "GOLS MANDANTE": "2.0", "x": "x", "GOLS VISITANTE": "1.0", "TIME VISITANTE": "GRÊMIO", "PLACAR": "2x1", "RESULTADO": "VITÓRIA", "ADVERSÁRIO": "GRÊMIO", "ESTADO ADVERSÁRIO": "RIO GRANDE DO SUL", "PAÍS ADVERSÁRIO": "BRASIL", "GOLS SCCP": "2.0", "GOLS ADVERSÁRIO": "1.0", "SALDO DE GOLS": "1", "TREINADOR": "ARTHUR ELIAS", "JOGO OFICIAL?": "SIM", "COMPETIÇÃO": "CAMPEONATO BRASILEIRO", "FASE": "QUARTAS DE FINAL", "ESTÁDIO": "NEO QUÍMICA ARENA (ARENA CORINTHIANS)", "CAPACIDADE": "48905", "CIDADE": "SÃO PAULO ", "ESTADO/PROVÍNCIA": "SÃO PAULO", "PAÍS": "BRASIL", "LATITUDE": -23.545141276878514, "LONGITUDE": -46.473682029403896, "PÚBLICO PAGANTE": "COVID", "PÚBLICO TOTAL": "COVID", "RENDA BRUTA (R$)": "0.0", "RENDA LÍQUIDA (R$)": "-12999.19", "TICKET MÉDIO (R$)": "ND", "AUTORAS": "GABI ZANOTTI, TAMIRES", "TÍTULO?": "N/A", "OBSERVAÇÕES": "Jogo disputado com portões fechados devido à pandemia de COVID-19", "ERA": "Depois da reativação" }, "geometry": { "type": "Point", "coordinates": [ -46.473682029403896, -23.545141276878514 ] } },
{ "type": "Feature", "properties": { "DATA": "2020-11-05", "DIA DA SEMANA": "quinta-feira", "DIA DO JOGO": "2020-11-05 00:00:00", "MÊS DO JOGO": "2020-11-05 00:00:00", "ANO JOGO": 2020.0, "ANO COMPETIÇÃO": 2020.0, "MANDANTE / VISITANTE (SCCP)": "Não", "TIME MANDANTE": "JUVENTUS", "GOLS MANDANTE": "0.0", "x": "x", "GOLS VISITANTE": "3.0", "TIME VISITANTE": "CORINTHIANS", "PLACAR": "0x3", "RESULTADO": "VITÓRIA", "ADVERSÁRIO": "JUVENTUS", "ESTADO ADVERSÁRIO": "SÃO PAULO", "PAÍS ADVERSÁRIO": "BRASIL", "GOLS SCCP": "3.0", "GOLS ADVERSÁRIO": "0.0", "SALDO DE GOLS": "3", "TREINADOR": "ARTHUR ELIAS", "JOGO OFICIAL?": "SIM", "COMPETIÇÃO": "CAMPEONATO PAULISTA / FPF", "FASE": "1ª FASE", "ESTÁDIO": "CONDE RODOLFO CRESPI (RUA JAVARI)", "CAPACIDADE": "3800", "CIDADE": "SÃO PAULO ", "ESTADO/PROVÍNCIA": "SÃO PAULO", "PAÍS": "BRASIL", "LATITUDE": -23.552485627232432, "LONGITUDE": -46.601420574225386, "PÚBLICO PAGANTE": "COVID", "PÚBLICO TOTAL": "COVID", "RENDA BRUTA (R$)": "0.0", "RENDA LÍQUIDA (R$)": "ND", "TICKET MÉDIO (R$)": "ND", "AUTORAS": "GIOVANNA CAMPIOLO, GABI NUNES, DIANY", "TÍTULO?": "N/A", "OBSERVAÇÕES": "Jogo disputado com portões fechados devido à pandemia de COVID-19", "ERA": "Depois da reativação" }, "geometry": { "type": "Point", "coordinates": [ -46.601420574225386, -23.552485627232432 ] } },
{ "type": "Feature", "properties": { "DATA": "2020-11-08", "DIA DA SEMANA": "domingo", "DIA DO JOGO": "2020-11-08 00:00:00", "MÊS DO JOGO": "2020-11-08 00:00:00", "ANO JOGO": 2020.0, "ANO COMPETIÇÃO": 2020.0, "MANDANTE / VISITANTE (SCCP)": "Não", "TIME MANDANTE": "PALMEIRAS", "GOLS MANDANTE": "0.0", "x": "x", "GOLS VISITANTE": "0.0", "TIME VISITANTE": "CORINTHIANS", "PLACAR": "0x0", "RESULTADO": "EMPATE", "ADVERSÁRIO": "PALMEIRAS", "ESTADO ADVERSÁRIO": "SÃO PAULO", "PAÍS ADVERSÁRIO": "BRASIL", "GOLS SCCP": "0.0", "GOLS ADVERSÁRIO": "0.0", "SALDO DE GOLS": "0", "TREINADOR": "ARTHUR ELIAS", "JOGO OFICIAL?": "SIM", "COMPETIÇÃO": "CAMPEONATO BRASILEIRO", "FASE": "SEMIFINAL", "ESTÁDIO": "NUBANK PARQUE (ARENA PALMEIRAS)", "CAPACIDADE": "43713", "CIDADE": "SÃO PAULO ", "ESTADO/PROVÍNCIA": "SÃO PAULO", "PAÍS": "BRASIL", "LATITUDE": -23.527428879851925, "LONGITUDE": -46.678112148437812, "PÚBLICO PAGANTE": "COVID", "PÚBLICO TOTAL": "COVID", "RENDA BRUTA (R$)": "0.0", "RENDA LÍQUIDA (R$)": "-45373.77", "TICKET MÉDIO (R$)": "ND", "AUTORAS": null, "TÍTULO?": "N/A", "OBSERVAÇÕES": "Jogo disputado com portões fechados devido à pandemia de COVID-19", "ERA": "Depois da reativação" }, "geometry": { "type": "Point", "coordinates": [ -46.678112148437812, -23.527428879851925 ] } },
{ "type": "Feature", "properties": { "DATA": "2020-11-11", "DIA DA SEMANA": "quarta-feira", "DIA DO JOGO": "2020-11-11 00:00:00", "MÊS DO JOGO": "2020-11-11 00:00:00", "ANO JOGO": 2020.0, "ANO COMPETIÇÃO": 2020.0, "MANDANTE / VISITANTE (SCCP)": "Sim", "TIME MANDANTE": "CORINTHIANS", "GOLS MANDANTE": "4.0", "x": "x", "GOLS VISITANTE": "0.0", "TIME VISITANTE": "TAUBATÉ", "PLACAR": "4x0", "RESULTADO": "VITÓRIA", "ADVERSÁRIO": "TAUBATÉ", "ESTADO ADVERSÁRIO": "SÃO PAULO", "PAÍS ADVERSÁRIO": "BRASIL", "GOLS SCCP": "4.0", "GOLS ADVERSÁRIO": "0.0", "SALDO DE GOLS": "4", "TREINADOR": "ARTHUR ELIAS", "JOGO OFICIAL?": "SIM", "COMPETIÇÃO": "CAMPEONATO PAULISTA / FPF", "FASE": "1ª FASE", "ESTÁDIO": "NEO QUÍMICA ARENA (ARENA CORINTHIANS)", "CAPACIDADE": "48905", "CIDADE": "SÃO PAULO ", "ESTADO/PROVÍNCIA": "SÃO PAULO", "PAÍS": "BRASIL", "LATITUDE": -23.545141276878514, "LONGITUDE": -46.473682029403896, "PÚBLICO PAGANTE": "COVID", "PÚBLICO TOTAL": "COVID", "RENDA BRUTA (R$)": "0.0", "RENDA LÍQUIDA (R$)": "ND", "TICKET MÉDIO (R$)": "ND", "AUTORAS": "GRAZI, GABI NUNES, GIOVANNA CRIVELARI, GIOVANNA CRIVELARI", "TÍTULO?": "N/A", "OBSERVAÇÕES": "Jogo disputado com portões fechados devido à pandemia de COVID-19", "ERA": "Depois da reativação" }, "geometry": { "type": "Point", "coordinates": [ -46.473682029403896, -23.545141276878514 ] } },
{ "type": "Feature", "properties": { "DATA": "2020-11-16", "DIA DA SEMANA": "segunda-feira", "DIA DO JOGO": "2020-11-16 00:00:00", "MÊS DO JOGO": "2020-11-16 00:00:00", "ANO JOGO": 2020.0, "ANO COMPETIÇÃO": 2020.0, "MANDANTE / VISITANTE (SCCP)": "Sim", "TIME MANDANTE": "CORINTHIANS", "GOLS MANDANTE": "3.0", "x": "x", "GOLS VISITANTE": "0.0", "TIME VISITANTE": "PALMEIRAS", "PLACAR": "3x0", "RESULTADO": "VITÓRIA", "ADVERSÁRIO": "PALMEIRAS", "ESTADO ADVERSÁRIO": "SÃO PAULO", "PAÍS ADVERSÁRIO": "BRASIL", "GOLS SCCP": "3.0", "GOLS ADVERSÁRIO": "0.0", "SALDO DE GOLS": "3", "TREINADOR": "ARTHUR ELIAS", "JOGO OFICIAL?": "SIM", "COMPETIÇÃO": "CAMPEONATO BRASILEIRO", "FASE": "SEMIFINAL", "ESTÁDIO": "NEO QUÍMICA ARENA (ARENA CORINTHIANS)", "CAPACIDADE": "48905", "CIDADE": "SÃO PAULO ", "ESTADO/PROVÍNCIA": "SÃO PAULO", "PAÍS": "BRASIL", "LATITUDE": -23.545141276878514, "LONGITUDE": -46.473682029403896, "PÚBLICO PAGANTE": "COVID", "PÚBLICO TOTAL": "COVID", "RENDA BRUTA (R$)": "0.0", "RENDA LÍQUIDA (R$)": "-10633.15", "TICKET MÉDIO (R$)": "ND", "AUTORAS": "POLIANA, INGRYD, DIANY", "TÍTULO?": "N/A", "OBSERVAÇÕES": "Jogo disputado com portões fechados devido à pandemia de COVID-19", "ERA": "Depois da reativação" }, "geometry": { "type": "Point", "coordinates": [ -46.473682029403896, -23.545141276878514 ] } },
{ "type": "Feature", "properties": { "DATA": "2020-11-19", "DIA DA SEMANA": "quinta-feira", "DIA DO JOGO": "2020-11-19 00:00:00", "MÊS DO JOGO": "2020-11-19 00:00:00", "ANO JOGO": 2020.0, "ANO COMPETIÇÃO": 2020.0, "MANDANTE / VISITANTE (SCCP)": "Não", "TIME MANDANTE": "SANTOS", "GOLS MANDANTE": "2.0", "x": "x", "GOLS VISITANTE": "5.0", "TIME VISITANTE": "CORINTHIANS", "PLACAR": "2x5", "RESULTADO": "VITÓRIA", "ADVERSÁRIO": "SANTOS", "ESTADO ADVERSÁRIO": "SÃO PAULO", "PAÍS ADVERSÁRIO": "BRASIL", "GOLS SCCP": "5.0", "GOLS ADVERSÁRIO": "2.0", "SALDO DE GOLS": "3", "TREINADOR": "ARTHUR ELIAS", "JOGO OFICIAL?": "SIM", "COMPETIÇÃO": "CAMPEONATO PAULISTA / FPF", "FASE": "QUARTAS DE FINAL", "ESTÁDIO": "URBANO CALDEIRA (VILA BELMIRO)", "CAPACIDADE": "20360", "CIDADE": "SANTOS", "ESTADO/PROVÍNCIA": "SÃO PAULO", "PAÍS": "BRASIL", "LATITUDE": -23.950833202245221, "LONGITUDE": -46.338367960085641, "PÚBLICO PAGANTE": "COVID", "PÚBLICO TOTAL": "COVID", "RENDA BRUTA (R$)": "0.0", "RENDA LÍQUIDA (R$)": "ND", "TICKET MÉDIO (R$)": "ND", "AUTORAS": "GABI NUNES, VIC ALBUQUERQUE, GABI NUNES, GRAZI, CACAU", "TÍTULO?": "N/A", "OBSERVAÇÕES": "Jogo disputado com portões fechados devido à pandemia de COVID-19", "ERA": "Depois da reativação" }, "geometry": { "type": "Point", "coordinates": [ -46.338367960085641, -23.950833202245221 ] } },
{ "type": "Feature", "properties": { "DATA": "2020-11-22", "DIA DA SEMANA": "domingo", "DIA DO JOGO": "2020-11-22 00:00:00", "MÊS DO JOGO": "2020-11-22 00:00:00", "ANO JOGO": 2020.0, "ANO COMPETIÇÃO": 2020.0, "MANDANTE / VISITANTE (SCCP)": "Não", "TIME MANDANTE": "AVAÍ/KINDERMANN", "GOLS MANDANTE": "0.0", "x": "x", "GOLS VISITANTE": "0.0", "TIME VISITANTE": "CORINTHIANS", "PLACAR": "0x0", "RESULTADO": "EMPATE", "ADVERSÁRIO": "AVAÍ/KINDERMANN", "ESTADO ADVERSÁRIO": "SANTA CATARINA", "PAÍS ADVERSÁRIO": "BRASIL", "GOLS SCCP": "0.0", "GOLS ADVERSÁRIO": "0.0", "SALDO DE GOLS": "0", "TREINADOR": "ARTHUR ELIAS", "JOGO OFICIAL?": "SIM", "COMPETIÇÃO": "CAMPEONATO BRASILEIRO", "FASE": "FINAL", "ESTÁDIO": "DOUTOR ADERBAL RAMOS DA SILVA (RESSACADA)", "CAPACIDADE": "17826", "CIDADE": "FLORIANÓPOLIS ", "ESTADO/PROVÍNCIA": "SANTA CATARINA", "PAÍS": "BRASIL", "LATITUDE": -27.666282090468339, "LONGITUDE": -48.531319206108236, "PÚBLICO PAGANTE": "COVID", "PÚBLICO TOTAL": "COVID", "RENDA BRUTA (R$)": "0.0", "RENDA LÍQUIDA (R$)": "-1401.8", "TICKET MÉDIO (R$)": "ND", "AUTORAS": null, "TÍTULO?": "N/A", "OBSERVAÇÕES": "Jogo disputado com portões fechados devido à pandemia de COVID-19", "ERA": "Depois da reativação" }, "geometry": { "type": "Point", "coordinates": [ -48.531319206108236, -27.666282090468339 ] } },
{ "type": "Feature", "properties": { "DATA": "2020-11-27", "DIA DA SEMANA": "sexta-feira", "DIA DO JOGO": "2020-11-27 00:00:00", "MÊS DO JOGO": "2020-11-27 00:00:00", "ANO JOGO": 2020.0, "ANO COMPETIÇÃO": 2020.0, "MANDANTE / VISITANTE (SCCP)": "Sim", "TIME MANDANTE": "CORINTHIANS", "GOLS MANDANTE": "0.0", "x": "x", "GOLS VISITANTE": "2.0", "TIME VISITANTE": "SANTOS", "PLACAR": "0x2", "RESULTADO": "DERROTA", "ADVERSÁRIO": "SANTOS", "ESTADO ADVERSÁRIO": "SÃO PAULO", "PAÍS ADVERSÁRIO": "BRASIL", "GOLS SCCP": "0.0", "GOLS ADVERSÁRIO": "2.0", "SALDO DE GOLS": "-2", "TREINADOR": "ARTHUR ELIAS", "JOGO OFICIAL?": "SIM", "COMPETIÇÃO": "CAMPEONATO PAULISTA / FPF", "FASE": "QUARTAS DE FINAL", "ESTÁDIO": "ALFREDO SCHÜRIG (PARQUE SÃO JORGE / FAZENDINHA)", "CAPACIDADE": "9800", "CIDADE": "SÃO PAULO ", "ESTADO/PROVÍNCIA": "SÃO PAULO", "PAÍS": "BRASIL", "LATITUDE": -23.526659630812546, "LONGITUDE": -46.569480895169598, "PÚBLICO PAGANTE": "COVID", "PÚBLICO TOTAL": "COVID", "RENDA BRUTA (R$)": "0.0", "RENDA LÍQUIDA (R$)": "ND", "TICKET MÉDIO (R$)": "ND", "AUTORAS": null, "TÍTULO?": "N/A", "OBSERVAÇÕES": "Jogo disputado com portões fechados devido à pandemia de COVID-19", "ERA": "Depois da reativação" }, "geometry": { "type": "Point", "coordinates": [ -46.569480895169598, -23.526659630812546 ] } },
{ "type": "Feature", "properties": { "DATA": "2020-12-02", "DIA DA SEMANA": "quarta-feira", "DIA DO JOGO": "2020-12-02 00:00:00", "MÊS DO JOGO": "2020-12-02 00:00:00", "ANO JOGO": 2020.0, "ANO COMPETIÇÃO": 2020.0, "MANDANTE / VISITANTE (SCCP)": "Não", "TIME MANDANTE": "PALMEIRAS", "GOLS MANDANTE": "0.0", "x": "x", "GOLS VISITANTE": "1.0", "TIME VISITANTE": "CORINTHIANS", "PLACAR": "0x1", "RESULTADO": "VITÓRIA", "ADVERSÁRIO": "PALMEIRAS", "ESTADO ADVERSÁRIO": "SÃO PAULO", "PAÍS ADVERSÁRIO": "BRASIL", "GOLS SCCP": "1.0", "GOLS ADVERSÁRIO": "0.0", "SALDO DE GOLS": "1", "TREINADOR": "ARTHUR ELIAS", "JOGO OFICIAL?": "SIM", "COMPETIÇÃO": "CAMPEONATO PAULISTA / FPF", "FASE": "SEMIFINAL", "ESTÁDIO": "NELO BRACALENTE (CAMPO DO AQUÁRIO)", "CAPACIDADE": "4200", "CIDADE": "VINHEDO ", "ESTADO/PROVÍNCIA": "SÃO PAULO", "PAÍS": "BRASIL", "LATITUDE": -23.026066256410274, "LONGITUDE": -46.987202025851325, "PÚBLICO PAGANTE": "COVID", "PÚBLICO TOTAL": "COVID", "RENDA BRUTA (R$)": "0.0", "RENDA LÍQUIDA (R$)": "ND", "TICKET MÉDIO (R$)": "ND", "AUTORAS": "GABI NUNES", "TÍTULO?": "N/A", "OBSERVAÇÕES": "Jogo disputado com portões fechados devido à pandemia de COVID-19", "ERA": "Depois da reativação" }, "geometry": { "type": "Point", "coordinates": [ -46.987202025851325, -23.026066256410274 ] } },
{ "type": "Feature", "properties": { "DATA": "2020-12-06", "DIA DA SEMANA": "domingo", "DIA DO JOGO": "2020-12-06 00:00:00", "MÊS DO JOGO": "2020-12-06 00:00:00", "ANO JOGO": 2020.0, "ANO COMPETIÇÃO": 2020.0, "MANDANTE / VISITANTE (SCCP)": "Sim", "TIME MANDANTE": "CORINTHIANS", "GOLS MANDANTE": "4.0", "x": "x", "GOLS VISITANTE": "2.0", "TIME VISITANTE": "AVAÍ/KINDERMANN", "PLACAR": "4x2", "RESULTADO": "VITÓRIA", "ADVERSÁRIO": "AVAÍ/KINDERMANN", "ESTADO ADVERSÁRIO": "SANTA CATARINA", "PAÍS ADVERSÁRIO": "BRASIL", "GOLS SCCP": "4.0", "GOLS ADVERSÁRIO": "2.0", "SALDO DE GOLS": "2", "TREINADOR": "ARTHUR ELIAS", "JOGO OFICIAL?": "SIM", "COMPETIÇÃO": "CAMPEONATO BRASILEIRO", "FASE": "FINAL", "ESTÁDIO": "NEO QUÍMICA ARENA (ARENA CORINTHIANS)", "CAPACIDADE": "48905", "CIDADE": "SÃO PAULO ", "ESTADO/PROVÍNCIA": "SÃO PAULO", "PAÍS": "BRASIL", "LATITUDE": -23.545141276878514, "LONGITUDE": -46.473682029403896, "PÚBLICO PAGANTE": "COVID", "PÚBLICO TOTAL": "COVID", "RENDA BRUTA (R$)": "0.0", "RENDA LÍQUIDA (R$)": "-12169.03", "TICKET MÉDIO (R$)": "ND", "AUTORAS": "GABI NUNES, GABI ZANOTTI, GABI ZANOTTI, VIC ALBUQUERQUE", "TÍTULO?": "CAMPEONATO BRASILEIRO", "OBSERVAÇÕES": "Jogo disputado com portões fechados devido à pandemia de COVID-19 / Corinthians campeão do Campeonato Brasileiro 2020 (2º título)", "ERA": "Depois da reativação" }, "geometry": { "type": "Point", "coordinates": [ -46.473682029403896, -23.545141276878514 ] } },
{ "type": "Feature", "properties": { "DATA": "2020-12-10", "DIA DA SEMANA": "quinta-feira", "DIA DO JOGO": "2020-12-10 00:00:00", "MÊS DO JOGO": "2020-12-10 00:00:00", "ANO JOGO": 2020.0, "ANO COMPETIÇÃO": 2020.0, "MANDANTE / VISITANTE (SCCP)": "Sim", "TIME MANDANTE": "CORINTHIANS", "GOLS MANDANTE": "2.0", "x": "x", "GOLS VISITANTE": "2.0", "TIME VISITANTE": "PALMEIRAS", "PLACAR": "2x2", "RESULTADO": "EMPATE", "ADVERSÁRIO": "PALMEIRAS", "ESTADO ADVERSÁRIO": "SÃO PAULO", "PAÍS ADVERSÁRIO": "BRASIL", "GOLS SCCP": "2.0", "GOLS ADVERSÁRIO": "2.0", "SALDO DE GOLS": "0", "TREINADOR": "ARTHUR ELIAS", "JOGO OFICIAL?": "SIM", "COMPETIÇÃO": "CAMPEONATO PAULISTA / FPF", "FASE": "SEMIFINAL", "ESTÁDIO": "ORLANDO BATISTA NOVELI (ARENA BARUERI / CREFISA)", "CAPACIDADE": "31452", "CIDADE": "BARUERI ", "ESTADO/PROVÍNCIA": "SÃO PAULO", "PAÍS": "BRASIL", "LATITUDE": -23.511935566878485, "LONGITUDE": -46.899810331250407, "PÚBLICO PAGANTE": "COVID", "PÚBLICO TOTAL": "COVID", "RENDA BRUTA (R$)": "0.0", "RENDA LÍQUIDA (R$)": "ND", "TICKET MÉDIO (R$)": "ND", "AUTORAS": "GABI ZANOTTI, GIOVANNA CRIVALERI", "TÍTULO?": "N/A", "OBSERVAÇÕES": "Jogo disputado com portões fechados devido à pandemia de COVID-19", "ERA": "Depois da reativação" }, "geometry": { "type": "Point", "coordinates": [ -46.899810331250407, -23.511935566878485 ] } },
{ "type": "Feature", "properties": { "DATA": "2020-12-13", "DIA DA SEMANA": "domingo", "DIA DO JOGO": "2020-12-13 00:00:00", "MÊS DO JOGO": "2020-12-13 00:00:00", "ANO JOGO": 2020.0, "ANO COMPETIÇÃO": 2020.0, "MANDANTE / VISITANTE (SCCP)": "Sim", "TIME MANDANTE": "CORINTHIANS", "GOLS MANDANTE": "3.0", "x": "x", "GOLS VISITANTE": "1.0", "TIME VISITANTE": "FERROVIÁRIA", "PLACAR": "3x1", "RESULTADO": "VITÓRIA", "ADVERSÁRIO": "FERROVIÁRIA", "ESTADO ADVERSÁRIO": "SÃO PAULO", "PAÍS ADVERSÁRIO": "BRASIL", "GOLS SCCP": "3.0", "GOLS ADVERSÁRIO": "1.0", "SALDO DE GOLS": "2", "TREINADOR": "ARTHUR ELIAS", "JOGO OFICIAL?": "SIM", "COMPETIÇÃO": "CAMPEONATO PAULISTA / FPF", "FASE": "FINAL", "ESTÁDIO": "ORLANDO BATISTA NOVELI (ARENA BARUERI / CREFISA)", "CAPACIDADE": "31452", "CIDADE": "BARUERI ", "ESTADO/PROVÍNCIA": "SÃO PAULO", "PAÍS": "BRASIL", "LATITUDE": -23.511935566878485, "LONGITUDE": -46.899810331250407, "PÚBLICO PAGANTE": "COVID", "PÚBLICO TOTAL": "COVID", "RENDA BRUTA (R$)": "0.0", "RENDA LÍQUIDA (R$)": "ND", "TICKET MÉDIO (R$)": "ND", "AUTORAS": "VIC ALBUQUERQUE, DIANY, VIC ALBUQUERQUE", "TÍTULO?": "N/A", "OBSERVAÇÕES": "Jogo disputado com portões fechados devido à pandemia de COVID-19", "ERA": "Depois da reativação" }, "geometry": { "type": "Point", "coordinates": [ -46.899810331250407, -23.511935566878485 ] } },
{ "type": "Feature", "properties": { "DATA": "2020-12-20", "DIA DA SEMANA": "domingo", "DIA DO JOGO": "2020-12-20 00:00:00", "MÊS DO JOGO": "2020-12-20 00:00:00", "ANO JOGO": 2020.0, "ANO COMPETIÇÃO": 2020.0, "MANDANTE / VISITANTE (SCCP)": "Não", "TIME MANDANTE": "FERROVIÁRIA", "GOLS MANDANTE": "0.0", "x": "x", "GOLS VISITANTE": "5.0", "TIME VISITANTE": "CORINTHIANS", "PLACAR": "0x5", "RESULTADO": "VITÓRIA", "ADVERSÁRIO": "FERROVIÁRIA", "ESTADO ADVERSÁRIO": "SÃO PAULO", "PAÍS ADVERSÁRIO": "BRASIL", "GOLS SCCP": "5.0", "GOLS ADVERSÁRIO": "0.0", "SALDO DE GOLS": "5", "TREINADOR": "ARTHUR ELIAS", "JOGO OFICIAL?": "SIM", "COMPETIÇÃO": "CAMPEONATO PAULISTA / FPF", "FASE": "FINAL", "ESTÁDIO": "OLIVÉRIO BAZZANI FILHO (ARENA DA FONTE LUMINOSA)", "CAPACIDADE": "20205", "CIDADE": "ARARAQUARA ", "ESTADO/PROVÍNCIA": "SÃO PAULO", "PAÍS": "BRASIL", "LATITUDE": -21.775035435893585, "LONGITUDE": -48.169600583381282, "PÚBLICO PAGANTE": "COVID", "PÚBLICO TOTAL": "COVID", "RENDA BRUTA (R$)": "0.0", "RENDA LÍQUIDA (R$)": "ND", "TICKET MÉDIO (R$)": "ND", "AUTORAS": "GIOVANNA CRIVELARI, ERIKA, TAMIRES, DIANY, GRAZI", "TÍTULO?": "CAMPEONATO PAULISTA", "OBSERVAÇÕES": "Jogo disputado com portões fechados devido à pandemia de COVID-19 / Corinthians campeão do Campeonato Paulista 2020 (2º título)", "ERA": "Depois da reativação" }, "geometry": { "type": "Point", "coordinates": [ -48.169600583381282, -21.775035435893585 ] } },
{ "type": "Feature", "properties": { "DATA": "2021-02-20", "DIA DA SEMANA": "sábado", "DIA DO JOGO": "2021-02-20 00:00:00", "MÊS DO JOGO": "2021-02-20 00:00:00", "ANO JOGO": 2021.0, "ANO COMPETIÇÃO": 2020.0, "MANDANTE / VISITANTE (SCCP)": "Não", "TIME MANDANTE": "SÃO PAULO", "GOLS MANDANTE": "0.0", "x": "x", "GOLS VISITANTE": "3.0", "TIME VISITANTE": "CORINTHIANS", "PLACAR": "0x3", "RESULTADO": "VITÓRIA", "ADVERSÁRIO": "SÃO PAULO", "ESTADO ADVERSÁRIO": "SÃO PAULO", "PAÍS ADVERSÁRIO": "BRASIL", "GOLS SCCP": "3.0", "GOLS ADVERSÁRIO": "0.0", "SALDO DE GOLS": "3", "TREINADOR": "ARTHUR ELIAS", "JOGO OFICIAL?": "NÃO", "COMPETIÇÃO": "JOGO-TREINO", "FASE": "N/A", "ESTÁDIO": "CENTRO DE FORMAÇÃO DE ATLETAS LAUDO NATEL (CT DE COTIA)", "CAPACIDADE": "1500", "CIDADE": "COTIA ", "ESTADO/PROVÍNCIA": "SÃO PAULO", "PAÍS": "BRASIL", "LATITUDE": -23.621368389045369, "LONGITUDE": -46.913702630845982, "PÚBLICO PAGANTE": "PF", "PÚBLICO TOTAL": "PF", "RENDA BRUTA (R$)": "PF", "RENDA LÍQUIDA (R$)": "PF", "TICKET MÉDIO (R$)": "PF", "AUTORAS": null, "TÍTULO?": "N/A", "OBSERVAÇÕES": "Jogo-treino com portões fechados / Três tempos de 30 minutos", "ERA": "Depois da reativação" }, "geometry": { "type": "Point", "coordinates": [ -46.913702630845982, -23.621368389045369 ] } },
{ "type": "Feature", "properties": { "DATA": "2021-03-05", "DIA DA SEMANA": "sexta-feira", "DIA DO JOGO": "2021-03-05 00:00:00", "MÊS DO JOGO": "2021-03-05 00:00:00", "ANO JOGO": 2021.0, "ANO COMPETIÇÃO": 2020.0, "MANDANTE / VISITANTE (SCCP)": "Neutro", "TIME MANDANTE": "CORINTHIANS", "GOLS MANDANTE": "16.0", "x": "x", "GOLS VISITANTE": "0.0", "TIME VISITANTE": "EL NACIONAL (EQU)", "PLACAR": "16x0", "RESULTADO": "VITÓRIA", "ADVERSÁRIO": "EL NACIONAL (EQU)", "ESTADO ADVERSÁRIO": "N/A (ESTRANGEIRO)", "PAÍS ADVERSÁRIO": "EQUADOR", "GOLS SCCP": "16.0", "GOLS ADVERSÁRIO": "0.0", "SALDO DE GOLS": "16", "TREINADOR": "ARTHUR ELIAS", "JOGO OFICIAL?": "SIM", "COMPETIÇÃO": "COPA LIBERTADORES", "FASE": "FASE DE GRUPOS", "ESTÁDIO": "NUEVO FRANCISCO URBANO", "CAPACIDADE": "32000", "CIDADE": "MORÓN", "ESTADO/PROVÍNCIA": "BUENOS AIRES", "PAÍS": "ARGENTINA", "LATITUDE": -34.661687417932058, "LONGITUDE": -58.630843446591278, "PÚBLICO PAGANTE": "COVID", "PÚBLICO TOTAL": "COVID", "RENDA BRUTA (R$)": "0.0", "RENDA LÍQUIDA (R$)": "ND", "TICKET MÉDIO (R$)": "ND", "AUTORAS": "VIC ALBUQUERQUE, GIOVANNA CRIVELARI, PARDAL, GIOVANNA CRIVELARI, VIC ALBUQUERQUE, TAMIRES, POLIANA, GABI ZANOTTI, GABI NUNES, GABI NUNES, GABI NUNES, ADRIANA, GRAZI, GRAZI, VIC ALBUQUERQUE, GRAZI", "TÍTULO?": "N/A", "OBSERVAÇÕES": "Jogo disputado com portões fechados devido à pandemia de COVID-19", "ERA": "Depois da reativação" }, "geometry": { "type": "Point", "coordinates": [ -58.630843446591278, -34.661687417932058 ] } },
{ "type": "Feature", "properties": { "DATA": "2021-03-08", "DIA DA SEMANA": "segunda-feira", "DIA DO JOGO": "2021-03-08 00:00:00", "MÊS DO JOGO": "2021-03-08 00:00:00", "ANO JOGO": 2021.0, "ANO COMPETIÇÃO": 2020.0, "MANDANTE / VISITANTE (SCCP)": "Neutro", "TIME MANDANTE": "CORINTHIANS", "GOLS MANDANTE": "8.0", "x": "x", "GOLS VISITANTE": "0.0", "TIME VISITANTE": "UNIVERSITARIO (PER)", "PLACAR": "8x0", "RESULTADO": "VITÓRIA", "ADVERSÁRIO": "UNIVERSITARIO (PER)", "ESTADO ADVERSÁRIO": "N/A (ESTRANGEIRO)", "PAÍS ADVERSÁRIO": "PERU", "GOLS SCCP": "8.0", "GOLS ADVERSÁRIO": "0.0", "SALDO DE GOLS": "8", "TREINADOR": "ARTHUR ELIAS", "JOGO OFICIAL?": "SIM", "COMPETIÇÃO": "COPA LIBERTADORES", "FASE": "FASE DE GRUPOS", "ESTÁDIO": "NUEVO FRANCISCO URBANO", "CAPACIDADE": "32000", "CIDADE": "MORÓN", "ESTADO/PROVÍNCIA": "BUENOS AIRES", "PAÍS": "ARGENTINA", "LATITUDE": -34.661687417932058, "LONGITUDE": -58.630843446591278, "PÚBLICO PAGANTE": "COVID", "PÚBLICO TOTAL": "COVID", "RENDA BRUTA (R$)": "0.0", "RENDA LÍQUIDA (R$)": "ND", "TICKET MÉDIO (R$)": "ND", "AUTORAS": "GRAZI, GABI NUNES, GRAZI, GIOVANNA CRIVELARI, GABI NUNES, GABI NUNES, DIANY, GRAZI", "TÍTULO?": "N/A", "OBSERVAÇÕES": "Jogo disputado com portões fechados devido à pandemia de COVID-19", "ERA": "Depois da reativação" }, "geometry": { "type": "Point", "coordinates": [ -58.630843446591278, -34.661687417932058 ] } },
{ "type": "Feature", "properties": { "DATA": "2021-03-11", "DIA DA SEMANA": "quinta-feira", "DIA DO JOGO": "2021-03-11 00:00:00", "MÊS DO JOGO": "2021-03-11 00:00:00", "ANO JOGO": 2021.0, "ANO COMPETIÇÃO": 2020.0, "MANDANTE / VISITANTE (SCCP)": "Neutro", "TIME MANDANTE": "AMÉRICA DE CALI (COL)", "GOLS MANDANTE": "0.0", "x": "x", "GOLS VISITANTE": "3.0", "TIME VISITANTE": "CORINTHIANS", "PLACAR": "0x3", "RESULTADO": "VITÓRIA", "ADVERSÁRIO": "AMÉRICA DE CALI (COL)", "ESTADO ADVERSÁRIO": "N/A (ESTRANGEIRO)", "PAÍS ADVERSÁRIO": "COLÔMBIA", "GOLS SCCP": "3.0", "GOLS ADVERSÁRIO": "0.0", "SALDO DE GOLS": "3", "TREINADOR": "ARTHUR ELIAS", "JOGO OFICIAL?": "SIM", "COMPETIÇÃO": "COPA LIBERTADORES", "FASE": "FASE DE GRUPOS", "ESTÁDIO": "NUEVO FRANCISCO URBANO", "CAPACIDADE": "32000", "CIDADE": "MORÓN", "ESTADO/PROVÍNCIA": "BUENOS AIRES", "PAÍS": "ARGENTINA", "LATITUDE": -34.661687417932058, "LONGITUDE": -58.630843446591278, "PÚBLICO PAGANTE": "COVID", "PÚBLICO TOTAL": "COVID", "RENDA BRUTA (R$)": "0.0", "RENDA LÍQUIDA (R$)": "ND", "TICKET MÉDIO (R$)": "ND", "AUTORAS": "TAMIRES, ADRIANA, GIOVANNA CAMPIOLO", "TÍTULO?": "N/A", "OBSERVAÇÕES": "Jogo disputado com portões fechados devido à pandemia de COVID-19", "ERA": "Depois da reativação" }, "geometry": { "type": "Point", "coordinates": [ -58.630843446591278, -34.661687417932058 ] } },
{ "type": "Feature", "properties": { "DATA": "2021-03-14", "DIA DA SEMANA": "domingo", "DIA DO JOGO": "2021-03-14 00:00:00", "MÊS DO JOGO": "2021-03-14 00:00:00", "ANO JOGO": 2021.0, "ANO COMPETIÇÃO": 2020.0, "MANDANTE / VISITANTE (SCCP)": "Neutro", "TIME MANDANTE": "CORINTHIANS", "GOLS MANDANTE": "7.0", "x": "x", "GOLS VISITANTE": "0.0", "TIME VISITANTE": "SANTIAGO MORNING (CHI)", "PLACAR": "7x0", "RESULTADO": "VITÓRIA", "ADVERSÁRIO": "SANTIAGO MORNING (CHI)", "ESTADO ADVERSÁRIO": "N/A (ESTRANGEIRO)", "PAÍS ADVERSÁRIO": "CHILE", "GOLS SCCP": "7.0", "GOLS ADVERSÁRIO": "0.0", "SALDO DE GOLS": "7", "TREINADOR": "ARTHUR ELIAS", "JOGO OFICIAL?": "SIM", "COMPETIÇÃO": "COPA LIBERTADORES", "FASE": "QUARTAS DE FINAL", "ESTÁDIO": "JOSÉ AMALFITANI iEL FORTÍN DE LINIERS)", "CAPACIDADE": "49540", "CIDADE": "BUENOS AIRES", "ESTADO/PROVÍNCIA": "BUENOS AIRES", "PAÍS": "ARGENTINA", "LATITUDE": -34.635154380242916, "LONGITUDE": -58.519916623864319, "PÚBLICO PAGANTE": "COVID", "PÚBLICO TOTAL": "COVID", "RENDA BRUTA (R$)": "0.0", "RENDA LÍQUIDA (R$)": "ND", "TICKET MÉDIO (R$)": "ND", "AUTORAS": "GABI NUNES, GRAZI, GABI NUNES, GIOVANNA CRIVELARI, VIC ALBUQUERQUE, VIC ALBUQUERQUE, ADRIANA", "TÍTULO?": "N/A", "OBSERVAÇÕES": "Jogo disputado com portões fechados devido à pandemia de COVID-19", "ERA": "Depois da reativação" }, "geometry": { "type": "Point", "coordinates": [ -58.519916623864319, -34.635154380242916 ] } },
{ "type": "Feature", "properties": { "DATA": "2021-03-17", "DIA DA SEMANA": "quarta-feira", "DIA DO JOGO": "2021-03-17 00:00:00", "MÊS DO JOGO": "2021-03-17 00:00:00", "ANO JOGO": 2021.0, "ANO COMPETIÇÃO": 2020.0, "MANDANTE / VISITANTE (SCCP)": "Neutro", "TIME MANDANTE": "CORINTHIANS", "GOLS MANDANTE": "1.0", "x": "x", "GOLS VISITANTE": "1.0", "TIME VISITANTE": "AMÉRICA DE CALI (COL)", "PLACAR": "1x1", "RESULTADO": "EMPATE", "ADVERSÁRIO": "AMÉRICA DE CALI (COL)", "ESTADO ADVERSÁRIO": "N/A (ESTRANGEIRO)", "PAÍS ADVERSÁRIO": "COLÔMBIA", "GOLS SCCP": "1.0", "GOLS ADVERSÁRIO": "1.0", "SALDO DE GOLS": "0", "TREINADOR": "ARTHUR ELIAS", "JOGO OFICIAL?": "SIM", "COMPETIÇÃO": "COPA LIBERTADORES", "FASE": "SEMIFINAL", "ESTÁDIO": "NUEVO FRANCISCO URBANO", "CAPACIDADE": "32000", "CIDADE": "MORÓN", "ESTADO/PROVÍNCIA": "BUENOS AIRES", "PAÍS": "ARGENTINA", "LATITUDE": -34.661687417932058, "LONGITUDE": -58.630843446591278, "PÚBLICO PAGANTE": "COVID", "PÚBLICO TOTAL": "COVID", "RENDA BRUTA (R$)": "0.0", "RENDA LÍQUIDA (R$)": "ND", "TICKET MÉDIO (R$)": "ND", "AUTORAS": "TAMIRES", "TÍTULO?": "N/A", "OBSERVAÇÕES": "Jogo disputado com portões fechados devido à pandemia de COVID-19 / Derrota nos pênaltis por 4x3", "ERA": "Depois da reativação" }, "geometry": { "type": "Point", "coordinates": [ -58.630843446591278, -34.661687417932058 ] } },
{ "type": "Feature", "properties": { "DATA": "2021-03-21", "DIA DA SEMANA": "domingo", "DIA DO JOGO": "2021-03-21 00:00:00", "MÊS DO JOGO": "2021-03-21 00:00:00", "ANO JOGO": 2021.0, "ANO COMPETIÇÃO": 2020.0, "MANDANTE / VISITANTE (SCCP)": "Neutro", "TIME MANDANTE": "CORINTHIANS", "GOLS MANDANTE": "4.0", "x": "x", "GOLS VISITANTE": "0.0", "TIME VISITANTE": "UNIVERSIDAD DE CHILE (CHI)", "PLACAR": "4x0", "RESULTADO": "VITÓRIA", "ADVERSÁRIO": "UNIVERSIDAD DE CHILE (CHI)", "ESTADO ADVERSÁRIO": "N/A (ESTRANGEIRO)", "PAÍS ADVERSÁRIO": "CHILE", "GOLS SCCP": "4.0", "GOLS ADVERSÁRIO": "0.0", "SALDO DE GOLS": "4", "TREINADOR": "ARTHUR ELIAS", "JOGO OFICIAL?": "SIM", "COMPETIÇÃO": "COPA LIBERTADORES", "FASE": "DISPUTA DE 3º LUGAR", "ESTÁDIO": "JOSÉ AMALFITANI iEL FORTÍN DE LINIERS)", "CAPACIDADE": "49540", "CIDADE": "BUENOS AIRES", "ESTADO/PROVÍNCIA": "BUENOS AIRES", "PAÍS": "ARGENTINA", "LATITUDE": -34.635154380242916, "LONGITUDE": -58.519916623864319, "PÚBLICO PAGANTE": "COVID", "PÚBLICO TOTAL": "COVID", "RENDA BRUTA (R$)": "0.0", "RENDA LÍQUIDA (R$)": "ND", "TICKET MÉDIO (R$)": "ND", "AUTORAS": "ADRIANA, VIC ALBUQUERQUE, JULIETE, VIC ALBUQUERQUE", "TÍTULO?": "N/A", "OBSERVAÇÕES": "Jogo disputado com portões fechados devido à pandemia de COVID-19 / Corinthians 3º colocado da Copa Libertadores 2020", "ERA": "Depois da reativação" }, "geometry": { "type": "Point", "coordinates": [ -58.519916623864319, -34.635154380242916 ] } },
{ "type": "Feature", "properties": { "DATA": "2021-04-17", "DIA DA SEMANA": "sábado", "DIA DO JOGO": "2021-04-17 00:00:00", "MÊS DO JOGO": "2021-04-17 00:00:00", "ANO JOGO": 2021.0, "ANO COMPETIÇÃO": 2021.0, "MANDANTE / VISITANTE (SCCP)": "Sim", "TIME MANDANTE": "CORINTHIANS", "GOLS MANDANTE": "3.0", "x": "x", "GOLS VISITANTE": "0.0", "TIME VISITANTE": "NAPOLI", "PLACAR": "3x0", "RESULTADO": "VITÓRIA", "ADVERSÁRIO": "NAPOLI", "ESTADO ADVERSÁRIO": "SANTA CATARINA", "PAÍS ADVERSÁRIO": "BRASIL", "GOLS SCCP": "3.0", "GOLS ADVERSÁRIO": "0.0", "SALDO DE GOLS": "3", "TREINADOR": "ARTHUR ELIAS", "JOGO OFICIAL?": "SIM", "COMPETIÇÃO": "CAMPEONATO BRASILEIRO", "FASE": "1ª FASE", "ESTÁDIO": "ALFREDO SCHÜRIG (PARQUE SÃO JORGE / FAZENDINHA)", "CAPACIDADE": "9800", "CIDADE": "SÃO PAULO ", "ESTADO/PROVÍNCIA": "SÃO PAULO", "PAÍS": "BRASIL", "LATITUDE": -23.526659630812546, "LONGITUDE": -46.569480895169598, "PÚBLICO PAGANTE": "COVID", "PÚBLICO TOTAL": "COVID", "RENDA BRUTA (R$)": "0.0", "RENDA LÍQUIDA (R$)": "-12102.88", "TICKET MÉDIO (R$)": "ND", "AUTORAS": "JHENIFFER, GABI NUNES, GABI ZANOTTI", "TÍTULO?": "N/A", "OBSERVAÇÕES": "Jogo disputado com portões fechados devido à pandemia de COVID-19", "ERA": "Depois da reativação" }, "geometry": { "type": "Point", "coordinates": [ -46.569480895169598, -23.526659630812546 ] } },
{ "type": "Feature", "properties": { "DATA": "2021-04-21", "DIA DA SEMANA": "quarta-feira", "DIA DO JOGO": "2021-04-21 00:00:00", "MÊS DO JOGO": "2021-04-21 00:00:00", "ANO JOGO": 2021.0, "ANO COMPETIÇÃO": 2021.0, "MANDANTE / VISITANTE (SCCP)": "Não", "TIME MANDANTE": "FERROVIÁRIA", "GOLS MANDANTE": "0.0", "x": "x", "GOLS VISITANTE": "1.0", "TIME VISITANTE": "CORINTHIANS", "PLACAR": "0x1", "RESULTADO": "VITÓRIA", "ADVERSÁRIO": "FERROVIÁRIA", "ESTADO ADVERSÁRIO": "SÃO PAULO", "PAÍS ADVERSÁRIO": "BRASIL", "GOLS SCCP": "1.0", "GOLS ADVERSÁRIO": "0.0", "SALDO DE GOLS": "1", "TREINADOR": "ARTHUR ELIAS", "JOGO OFICIAL?": "SIM", "COMPETIÇÃO": "CAMPEONATO BRASILEIRO", "FASE": "1ª FASE", "ESTÁDIO": "OLIVÉRIO BAZZANI FILHO (ARENA DA FONTE LUMINOSA)", "CAPACIDADE": "20205", "CIDADE": "ARARAQUARA ", "ESTADO/PROVÍNCIA": "SÃO PAULO", "PAÍS": "BRASIL", "LATITUDE": -21.775035435893585, "LONGITUDE": -48.169600583381282, "PÚBLICO PAGANTE": "COVID", "PÚBLICO TOTAL": "COVID", "RENDA BRUTA (R$)": "0.0", "RENDA LÍQUIDA (R$)": "-10777.55", "TICKET MÉDIO (R$)": "ND", "AUTORAS": "GABI ZANOTTI", "TÍTULO?": "N/A", "OBSERVAÇÕES": "Jogo disputado com portões fechados devido à pandemia de COVID-19", "ERA": "Depois da reativação" }, "geometry": { "type": "Point", "coordinates": [ -48.169600583381282, -21.775035435893585 ] } },
{ "type": "Feature", "properties": { "DATA": "2021-04-25", "DIA DA SEMANA": "domingo", "DIA DO JOGO": "2021-04-25 00:00:00", "MÊS DO JOGO": "2021-04-25 00:00:00", "ANO JOGO": 2021.0, "ANO COMPETIÇÃO": 2021.0, "MANDANTE / VISITANTE (SCCP)": "Sim", "TIME MANDANTE": "CORINTHIANS", "GOLS MANDANTE": "3.0", "x": "x", "GOLS VISITANTE": "1.0", "TIME VISITANTE": "BOTAFOGO", "PLACAR": "3x1", "RESULTADO": "VITÓRIA", "ADVERSÁRIO": "BOTAFOGO", "ESTADO ADVERSÁRIO": "RIO DE JANEIRO", "PAÍS ADVERSÁRIO": "BRASIL", "GOLS SCCP": "3.0", "GOLS ADVERSÁRIO": "1.0", "SALDO DE GOLS": "2", "TREINADOR": "ARTHUR ELIAS", "JOGO OFICIAL?": "SIM", "COMPETIÇÃO": "CAMPEONATO BRASILEIRO", "FASE": "1ª FASE", "ESTÁDIO": "ALFREDO SCHÜRIG (PARQUE SÃO JORGE / FAZENDINHA)", "CAPACIDADE": "9800", "CIDADE": "SÃO PAULO ", "ESTADO/PROVÍNCIA": "SÃO PAULO", "PAÍS": "BRASIL", "LATITUDE": -23.526659630812546, "LONGITUDE": -46.569480895169598, "PÚBLICO PAGANTE": "COVID", "PÚBLICO TOTAL": "COVID", "RENDA BRUTA (R$)": "0.0", "RENDA LÍQUIDA (R$)": "-11162.28", "TICKET MÉDIO (R$)": "ND", "AUTORAS": "JHENIFFER, ADRIANA, JHENIFFER", "TÍTULO?": "N/A", "OBSERVAÇÕES": "Jogo disputado com portões fechados devido à pandemia de COVID-19", "ERA": "Depois da reativação" }, "geometry": { "type": "Point", "coordinates": [ -46.569480895169598, -23.526659630812546 ] } },
{ "type": "Feature", "properties": { "DATA": "2021-04-28", "DIA DA SEMANA": "quarta-feira", "DIA DO JOGO": "2021-04-28 00:00:00", "MÊS DO JOGO": "2021-04-28 00:00:00", "ANO JOGO": 2021.0, "ANO COMPETIÇÃO": 2021.0, "MANDANTE / VISITANTE (SCCP)": "Não", "TIME MANDANTE": "INTERNACIONAL", "GOLS MANDANTE": "0.0", "x": "x", "GOLS VISITANTE": "4.0", "TIME VISITANTE": "CORINTHIANS", "PLACAR": "0x4", "RESULTADO": "VITÓRIA", "ADVERSÁRIO": "INTERNACIONAL", "ESTADO ADVERSÁRIO": "RIO GRANDE DO SUL", "PAÍS ADVERSÁRIO": "BRASIL", "GOLS SCCP": "4.0", "GOLS ADVERSÁRIO": "0.0", "SALDO DE GOLS": "4", "TREINADOR": "ARTHUR ELIAS", "JOGO OFICIAL?": "SIM", "COMPETIÇÃO": "CAMPEONATO BRASILEIRO", "FASE": "1ª FASE", "ESTÁDIO": "SESC PROTÁSIO ALVES (ANTIGO SESC CAMPESTRE)", "CAPACIDADE": "0.0", "CIDADE": "PORTO ALEGRE ", "ESTADO/PROVÍNCIA": "RIO GRANDE DO SUL", "PAÍS": "BRASIL", "LATITUDE": -30.039326299187358, "LONGITUDE": -51.14635268892085, "PÚBLICO PAGANTE": "COVID", "PÚBLICO TOTAL": "COVID", "RENDA BRUTA (R$)": "0.0", "RENDA LÍQUIDA (R$)": "-6902.11", "TICKET MÉDIO (R$)": "ND", "AUTORAS": "JHENIFFER, CONTRA, GABI PORTILHO, CACAU", "TÍTULO?": "N/A", "OBSERVAÇÕES": "Jogo disputado com portões fechados devido à pandemia de COVID-19", "ERA": "Depois da reativação" }, "geometry": { "type": "Point", "coordinates": [ -51.14635268892085, -30.039326299187358 ] } },
{ "type": "Feature", "properties": { "DATA": "2021-05-02", "DIA DA SEMANA": "domingo", "DIA DO JOGO": "2021-05-02 00:00:00", "MÊS DO JOGO": "2021-05-02 00:00:00", "ANO JOGO": 2021.0, "ANO COMPETIÇÃO": 2021.0, "MANDANTE / VISITANTE (SCCP)": "Não", "TIME MANDANTE": "SANTOS", "GOLS MANDANTE": "2.0", "x": "x", "GOLS VISITANTE": "1.0", "TIME VISITANTE": "CORINTHIANS", "PLACAR": "2x1", "RESULTADO": "DERROTA", "ADVERSÁRIO": "SANTOS", "ESTADO ADVERSÁRIO": "SÃO PAULO", "PAÍS ADVERSÁRIO": "BRASIL", "GOLS SCCP": "1.0", "GOLS ADVERSÁRIO": "2.0", "SALDO DE GOLS": "-1", "TREINADOR": "ARTHUR ELIAS", "JOGO OFICIAL?": "SIM", "COMPETIÇÃO": "CAMPEONATO BRASILEIRO", "FASE": "1ª FASE", "ESTÁDIO": "URBANO CALDEIRA (VILA BELMIRO)", "CAPACIDADE": "20360", "CIDADE": "SANTOS", "ESTADO/PROVÍNCIA": "SÃO PAULO", "PAÍS": "BRASIL", "LATITUDE": -23.950833202245221, "LONGITUDE": -46.338367960085641, "PÚBLICO PAGANTE": "COVID", "PÚBLICO TOTAL": "COVID", "RENDA BRUTA (R$)": "0.0", "RENDA LÍQUIDA (R$)": "-20237.47", "TICKET MÉDIO (R$)": "ND", "AUTORAS": "ADRIANA", "TÍTULO?": "N/A", "OBSERVAÇÕES": "Jogo disputado com portões fechados devido à pandemia de COVID-19", "ERA": "Depois da reativação" }, "geometry": { "type": "Point", "coordinates": [ -46.338367960085641, -23.950833202245221 ] } },
{ "type": "Feature", "properties": { "DATA": "2021-05-09", "DIA DA SEMANA": "domingo", "DIA DO JOGO": "2021-05-09 00:00:00", "MÊS DO JOGO": "2021-05-09 00:00:00", "ANO JOGO": 2021.0, "ANO COMPETIÇÃO": 2021.0, "MANDANTE / VISITANTE (SCCP)": "Sim", "TIME MANDANTE": "CORINTHIANS", "GOLS MANDANTE": "1.0", "x": "x", "GOLS VISITANTE": "1.0", "TIME VISITANTE": "PALMEIRAS", "PLACAR": "1x1", "RESULTADO": "EMPATE", "ADVERSÁRIO": "PALMEIRAS", "ESTADO ADVERSÁRIO": "SÃO PAULO", "PAÍS ADVERSÁRIO": "BRASIL", "GOLS SCCP": "1.0", "GOLS ADVERSÁRIO": "1.0", "SALDO DE GOLS": "0", "TREINADOR": "ARTHUR ELIAS", "JOGO OFICIAL?": "SIM", "COMPETIÇÃO": "CAMPEONATO BRASILEIRO", "FASE": "1ª FASE", "ESTÁDIO": "ALFREDO SCHÜRIG (PARQUE SÃO JORGE / FAZENDINHA)", "CAPACIDADE": "9800", "CIDADE": "SÃO PAULO ", "ESTADO/PROVÍNCIA": "SÃO PAULO", "PAÍS": "BRASIL", "LATITUDE": -23.526659630812546, "LONGITUDE": -46.569480895169598, "PÚBLICO PAGANTE": "COVID", "PÚBLICO TOTAL": "COVID", "RENDA BRUTA (R$)": "0.0", "RENDA LÍQUIDA (R$)": "ND", "TICKET MÉDIO (R$)": "ND", "AUTORAS": "VIC ALBUQUERQUE", "TÍTULO?": "N/A", "OBSERVAÇÕES": "Jogo disputado com portões fechados devido à pandemia de COVID-19", "ERA": "Depois da reativação" }, "geometry": { "type": "Point", "coordinates": [ -46.569480895169598, -23.526659630812546 ] } },
{ "type": "Feature", "properties": { "DATA": "2021-05-13", "DIA DA SEMANA": "quinta-feira", "DIA DO JOGO": "2021-05-13 00:00:00", "MÊS DO JOGO": "2021-05-13 00:00:00", "ANO JOGO": 2021.0, "ANO COMPETIÇÃO": 2021.0, "MANDANTE / VISITANTE (SCCP)": "Não", "TIME MANDANTE": "SÃO JOSÉ", "GOLS MANDANTE": "2.0", "x": "x", "GOLS VISITANTE": "8.0", "TIME VISITANTE": "CORINTHIANS", "PLACAR": "2x8", "RESULTADO": "VITÓRIA", "ADVERSÁRIO": "SÃO JOSÉ", "ESTADO ADVERSÁRIO": "SÃO PAULO", "PAÍS ADVERSÁRIO": "BRASIL", "GOLS SCCP": "8.0", "GOLS ADVERSÁRIO": "2.0", "SALDO DE GOLS": "6", "TREINADOR": "RODRIGO IGLESIAS", "JOGO OFICIAL?": "SIM", "COMPETIÇÃO": "CAMPEONATO BRASILEIRO", "FASE": "1ª FASE", "ESTÁDIO": "MARTINS PEREIRA", "CAPACIDADE": "16500", "CIDADE": "SÃO JOSÉ DOS CAMPOS ", "ESTADO/PROVÍNCIA": "SÃO PAULO", "PAÍS": "BRASIL", "LATITUDE": -23.1884912615151, "LONGITUDE": -45.869827477202776, "PÚBLICO PAGANTE": "COVID", "PÚBLICO TOTAL": "COVID", "RENDA BRUTA (R$)": "0.0", "RENDA LÍQUIDA (R$)": "-16370.25", "TICKET MÉDIO (R$)": "ND", "AUTORAS": "GIOVANNA CRIVELARI, VIC ALBUQUERQUE, GABI NUNES, GABI NUNES, VIC ALBUQUERQUE, GIOVANNA CRIVELARI, GRAZI, VIC ALBUQUERQUE", "TÍTULO?": "N/A", "OBSERVAÇÕES": "Jogo disputado com portões fechados devido à pandemia de COVID-19", "ERA": "Depois da reativação" }, "geometry": { "type": "Point", "coordinates": [ -45.869827477202776, -23.1884912615151 ] } },
{ "type": "Feature", "properties": { "DATA": "2021-05-17", "DIA DA SEMANA": "segunda-feira", "DIA DO JOGO": "2021-05-17 00:00:00", "MÊS DO JOGO": "2021-05-17 00:00:00", "ANO JOGO": 2021.0, "ANO COMPETIÇÃO": 2021.0, "MANDANTE / VISITANTE (SCCP)": "Sim", "TIME MANDANTE": "CORINTHIANS", "GOLS MANDANTE": "3.0", "x": "x", "GOLS VISITANTE": "2.0", "TIME VISITANTE": "GRÊMIO", "PLACAR": "3x2", "RESULTADO": "VITÓRIA", "ADVERSÁRIO": "GRÊMIO", "ESTADO ADVERSÁRIO": "RIO GRANDE DO SUL", "PAÍS ADVERSÁRIO": "BRASIL", "GOLS SCCP": "3.0", "GOLS ADVERSÁRIO": "2.0", "SALDO DE GOLS": "1", "TREINADOR": "ARTHUR ELIAS", "JOGO OFICIAL?": "SIM", "COMPETIÇÃO": "CAMPEONATO BRASILEIRO", "FASE": "1ª FASE", "ESTÁDIO": "ALFREDO SCHÜRIG (PARQUE SÃO JORGE / FAZENDINHA)", "CAPACIDADE": "9800", "CIDADE": "SÃO PAULO ", "ESTADO/PROVÍNCIA": "SÃO PAULO", "PAÍS": "BRASIL", "LATITUDE": -23.526659630812546, "LONGITUDE": -46.569480895169598, "PÚBLICO PAGANTE": "COVID", "PÚBLICO TOTAL": "COVID", "RENDA BRUTA (R$)": "0.0", "RENDA LÍQUIDA (R$)": "-12229.96", "TICKET MÉDIO (R$)": "ND", "AUTORAS": "CONTRA, GIOVANNA CRIVELARI, GIOVANNA CRIVELARI", "TÍTULO?": "N/A", "OBSERVAÇÕES": "Jogo disputado com portões fechados devido à pandemia de COVID-19", "ERA": "Depois da reativação" }, "geometry": { "type": "Point", "coordinates": [ -46.569480895169598, -23.526659630812546 ] } },
{ "type": "Feature", "properties": { "DATA": "2021-05-23", "DIA DA SEMANA": "domingo", "DIA DO JOGO": "2021-05-23 00:00:00", "MÊS DO JOGO": "2021-05-23 00:00:00", "ANO JOGO": 2021.0, "ANO COMPETIÇÃO": 2021.0, "MANDANTE / VISITANTE (SCCP)": "Sim", "TIME MANDANTE": "CORINTHIANS", "GOLS MANDANTE": "5.0", "x": "x", "GOLS VISITANTE": "2.0", "TIME VISITANTE": "REAL BRASÍLIA", "PLACAR": "5x2", "RESULTADO": "VITÓRIA", "ADVERSÁRIO": "REAL BRASÍLIA", "ESTADO ADVERSÁRIO": "DISTRITO FEDERAL", "PAÍS ADVERSÁRIO": "BRASIL", "GOLS SCCP": "5.0", "GOLS ADVERSÁRIO": "2.0", "SALDO DE GOLS": "3", "TREINADOR": "ARTHUR ELIAS", "JOGO OFICIAL?": "SIM", "COMPETIÇÃO": "CAMPEONATO BRASILEIRO", "FASE": "1ª FASE", "ESTÁDIO": "ALFREDO SCHÜRIG (PARQUE SÃO JORGE / FAZENDINHA)", "CAPACIDADE": "9800", "CIDADE": "SÃO PAULO ", "ESTADO/PROVÍNCIA": "SÃO PAULO", "PAÍS": "BRASIL", "LATITUDE": -23.526659630812546, "LONGITUDE": -46.569480895169598, "PÚBLICO PAGANTE": "COVID", "PÚBLICO TOTAL": "COVID", "RENDA BRUTA (R$)": "0.0", "RENDA LÍQUIDA (R$)": "-11416.04", "TICKET MÉDIO (R$)": "ND", "AUTORAS": "VIC ALBUQUERQUE, GABI NUNES, ANDRESSINHA, TAMIRES, INGRYD", "TÍTULO?": "N/A", "OBSERVAÇÕES": "Jogo disputado com portões fechados devido à pandemia de COVID-19", "ERA": "Depois da reativação" }, "geometry": { "type": "Point", "coordinates": [ -46.569480895169598, -23.526659630812546 ] } },
{ "type": "Feature", "properties": { "DATA": "2021-05-27", "DIA DA SEMANA": "quinta-feira", "DIA DO JOGO": "2021-05-27 00:00:00", "MÊS DO JOGO": "2021-05-27 00:00:00", "ANO JOGO": 2021.0, "ANO COMPETIÇÃO": 2021.0, "MANDANTE / VISITANTE (SCCP)": "Não", "TIME MANDANTE": "FLAMENGO", "GOLS MANDANTE": "0.0", "x": "x", "GOLS VISITANTE": "3.0", "TIME VISITANTE": "CORINTHIANS", "PLACAR": "0x3", "RESULTADO": "VITÓRIA", "ADVERSÁRIO": "FLAMENGO", "ESTADO ADVERSÁRIO": "RIO DE JANEIRO", "PAÍS ADVERSÁRIO": "BRASIL", "GOLS SCCP": "3.0", "GOLS ADVERSÁRIO": "0.0", "SALDO DE GOLS": "3", "TREINADOR": "ARTHUR ELIAS", "JOGO OFICIAL?": "SIM", "COMPETIÇÃO": "CAMPEONATO BRASILEIRO", "FASE": "1ª FASE", "ESTÁDIO": "JOSÉ BASTOS PADILHA (GÁVEA)", "CAPACIDADE": "6000", "CIDADE": "RIO DE JANEIRO ", "ESTADO/PROVÍNCIA": "RIO DE JANEIRO", "PAÍS": "BRASIL", "LATITUDE": -22.978323663490634, "LONGITUDE": -43.221570067471745, "PÚBLICO PAGANTE": "COVID", "PÚBLICO TOTAL": "COVID", "RENDA BRUTA (R$)": "0.0", "RENDA LÍQUIDA (R$)": "-4462.32", "TICKET MÉDIO (R$)": "ND", "AUTORAS": "ADRIANA, MIRIÃ, JHENIFFER", "TÍTULO?": "N/A", "OBSERVAÇÕES": "Jogo disputado com portões fechados devido à pandemia de COVID-19", "ERA": "Depois da reativação" }, "geometry": { "type": "Point", "coordinates": [ -43.221570067471745, -22.978323663490634 ] } },
{ "type": "Feature", "properties": { "DATA": "2021-05-30", "DIA DA SEMANA": "domingo", "DIA DO JOGO": "2021-05-30 00:00:00", "MÊS DO JOGO": "2021-05-30 00:00:00", "ANO JOGO": 2021.0, "ANO COMPETIÇÃO": 2021.0, "MANDANTE / VISITANTE (SCCP)": "Sim", "TIME MANDANTE": "CORINTHIANS", "GOLS MANDANTE": "2.0", "x": "x", "GOLS VISITANTE": "0.0", "TIME VISITANTE": "BAHIA", "PLACAR": "2x0", "RESULTADO": "VITÓRIA", "ADVERSÁRIO": "BAHIA", "ESTADO ADVERSÁRIO": "BAHIA", "PAÍS ADVERSÁRIO": "BRASIL", "GOLS SCCP": "2.0", "GOLS ADVERSÁRIO": "0.0", "SALDO DE GOLS": "2", "TREINADOR": "ARTHUR ELIAS", "JOGO OFICIAL?": "SIM", "COMPETIÇÃO": "CAMPEONATO BRASILEIRO", "FASE": "1ª FASE", "ESTÁDIO": "ALFREDO SCHÜRIG (PARQUE SÃO JORGE / FAZENDINHA)", "CAPACIDADE": "9800", "CIDADE": "SÃO PAULO ", "ESTADO/PROVÍNCIA": "SÃO PAULO", "PAÍS": "BRASIL", "LATITUDE": -23.526659630812546, "LONGITUDE": -46.569480895169598, "PÚBLICO PAGANTE": "COVID", "PÚBLICO TOTAL": "COVID", "RENDA BRUTA (R$)": "0.0", "RENDA LÍQUIDA (R$)": "ND", "TICKET MÉDIO (R$)": "ND", "AUTORAS": "POLIANA, JHENIFFER", "TÍTULO?": "N/A", "OBSERVAÇÕES": "Jogo disputado com portões fechados devido à pandemia de COVID-19", "ERA": "Depois da reativação" }, "geometry": { "type": "Point", "coordinates": [ -46.569480895169598, -23.526659630812546 ] } },
{ "type": "Feature", "properties": { "DATA": "2021-06-03", "DIA DA SEMANA": "quinta-feira", "DIA DO JOGO": "2021-06-03 00:00:00", "MÊS DO JOGO": "2021-06-03 00:00:00", "ANO JOGO": 2021.0, "ANO COMPETIÇÃO": 2021.0, "MANDANTE / VISITANTE (SCCP)": "Não", "TIME MANDANTE": "SÃO PAULO", "GOLS MANDANTE": "1.0", "x": "x", "GOLS VISITANTE": "2.0", "TIME VISITANTE": "CORINTHIANS", "PLACAR": "1x2", "RESULTADO": "VITÓRIA", "ADVERSÁRIO": "SÃO PAULO", "ESTADO ADVERSÁRIO": "SÃO PAULO", "PAÍS ADVERSÁRIO": "BRASIL", "GOLS SCCP": "2.0", "GOLS ADVERSÁRIO": "1.0", "SALDO DE GOLS": "1", "TREINADOR": "ARTHUR ELIAS", "JOGO OFICIAL?": "SIM", "COMPETIÇÃO": "CAMPEONATO BRASILEIRO", "FASE": "1ª FASE", "ESTÁDIO": "CENTRO DE FORMAÇÃO DE ATLETAS LAUDO NATEL (CT DE COTIA)", "CAPACIDADE": "1500", "CIDADE": "COTIA ", "ESTADO/PROVÍNCIA": "SÃO PAULO", "PAÍS": "BRASIL", "LATITUDE": -23.621368389045369, "LONGITUDE": -46.913702630845982, "PÚBLICO PAGANTE": "COVID", "PÚBLICO TOTAL": "COVID", "RENDA BRUTA (R$)": "0.0", "RENDA LÍQUIDA (R$)": "-9015.39", "TICKET MÉDIO (R$)": "ND", "AUTORAS": "ANDRESSINHA, GABI NUNES", "TÍTULO?": "N/A", "OBSERVAÇÕES": "Jogo disputado com portões fechados devido à pandemia de COVID-19", "ERA": "Depois da reativação" }, "geometry": { "type": "Point", "coordinates": [ -46.913702630845982, -23.621368389045369 ] } },
{ "type": "Feature", "properties": { "DATA": "2021-06-06", "DIA DA SEMANA": "domingo", "DIA DO JOGO": "2021-06-06 00:00:00", "MÊS DO JOGO": "2021-06-06 00:00:00", "ANO JOGO": 2021.0, "ANO COMPETIÇÃO": 2021.0, "MANDANTE / VISITANTE (SCCP)": "Sim", "TIME MANDANTE": "CORINTHIANS", "GOLS MANDANTE": "2.0", "x": "x", "GOLS VISITANTE": "1.0", "TIME VISITANTE": "CRUZEIRO", "PLACAR": "2x1", "RESULTADO": "VITÓRIA", "ADVERSÁRIO": "CRUZEIRO", "ESTADO ADVERSÁRIO": "MINAS GERAIS", "PAÍS ADVERSÁRIO": "BRASIL", "GOLS SCCP": "2.0", "GOLS ADVERSÁRIO": "1.0", "SALDO DE GOLS": "1", "TREINADOR": "ARTHUR ELIAS", "JOGO OFICIAL?": "SIM", "COMPETIÇÃO": "CAMPEONATO BRASILEIRO", "FASE": "1ª FASE", "ESTÁDIO": "ALFREDO SCHÜRIG (PARQUE SÃO JORGE / FAZENDINHA)", "CAPACIDADE": "9800", "CIDADE": "SÃO PAULO ", "ESTADO/PROVÍNCIA": "SÃO PAULO", "PAÍS": "BRASIL", "LATITUDE": -23.526659630812546, "LONGITUDE": -46.569480895169598, "PÚBLICO PAGANTE": "COVID", "PÚBLICO TOTAL": "COVID", "RENDA BRUTA (R$)": "0.0", "RENDA LÍQUIDA (R$)": "-11580.45", "TICKET MÉDIO (R$)": "ND", "AUTORAS": "GABI PORTILHO, GABI NUNES", "TÍTULO?": "N/A", "OBSERVAÇÕES": "Jogo disputado com portões fechados devido à pandemia de COVID-19", "ERA": "Depois da reativação" }, "geometry": { "type": "Point", "coordinates": [ -46.569480895169598, -23.526659630812546 ] } },
{ "type": "Feature", "properties": { "DATA": "2021-06-19", "DIA DA SEMANA": "sábado", "DIA DO JOGO": "2021-06-19 00:00:00", "MÊS DO JOGO": "2021-06-19 00:00:00", "ANO JOGO": 2021.0, "ANO COMPETIÇÃO": 2021.0, "MANDANTE / VISITANTE (SCCP)": "Sim", "TIME MANDANTE": "CORINTHIANS", "GOLS MANDANTE": "5.0", "x": "x", "GOLS VISITANTE": "0.0", "TIME VISITANTE": "MINAS BRASÍLIA", "PLACAR": "5x0", "RESULTADO": "VITÓRIA", "ADVERSÁRIO": "MINAS BRASÍLIA", "ESTADO ADVERSÁRIO": "DISTRITO FEDERAL", "PAÍS ADVERSÁRIO": "BRASIL", "GOLS SCCP": "5.0", "GOLS ADVERSÁRIO": "0.0", "SALDO DE GOLS": "5", "TREINADOR": "RODRIGO IGLESIAS", "JOGO OFICIAL?": "SIM", "COMPETIÇÃO": "CAMPEONATO BRASILEIRO", "FASE": "1ª FASE", "ESTÁDIO": "ALFREDO SCHÜRIG (PARQUE SÃO JORGE / FAZENDINHA)", "CAPACIDADE": "9800", "CIDADE": "SÃO PAULO ", "ESTADO/PROVÍNCIA": "SÃO PAULO", "PAÍS": "BRASIL", "LATITUDE": -23.526659630812546, "LONGITUDE": -46.569480895169598, "PÚBLICO PAGANTE": "COVID", "PÚBLICO TOTAL": "COVID", "RENDA BRUTA (R$)": "0.0", "RENDA LÍQUIDA (R$)": "-12258.36", "TICKET MÉDIO (R$)": "ND", "AUTORAS": "GABI NUNES, GABI NUNES, GABI NUNES, VIC ALBUQUERQUE, GABI PORTILHO", "TÍTULO?": "N/A", "OBSERVAÇÕES": "Jogo disputado com portões fechados devido à pandemia de COVID-19", "ERA": "Depois da reativação" }, "geometry": { "type": "Point", "coordinates": [ -46.569480895169598, -23.526659630812546 ] } },
{ "type": "Feature", "properties": { "DATA": "2021-06-24", "DIA DA SEMANA": "quinta-feira", "DIA DO JOGO": "2021-06-24 00:00:00", "MÊS DO JOGO": "2021-06-24 00:00:00", "ANO JOGO": 2021.0, "ANO COMPETIÇÃO": 2021.0, "MANDANTE / VISITANTE (SCCP)": "Não", "TIME MANDANTE": "AVAÍ/KINDERMANN", "GOLS MANDANTE": "1.0", "x": "x", "GOLS VISITANTE": "1.0", "TIME VISITANTE": "CORINTHIANS", "PLACAR": "1x1", "RESULTADO": "EMPATE", "ADVERSÁRIO": "AVAÍ/KINDERMANN", "ESTADO ADVERSÁRIO": "SANTA CATARINA", "PAÍS ADVERSÁRIO": "BRASIL", "GOLS SCCP": "1.0", "GOLS ADVERSÁRIO": "1.0", "SALDO DE GOLS": "0", "TREINADOR": "ARTHUR ELIAS", "JOGO OFICIAL?": "SIM", "COMPETIÇÃO": "CAMPEONATO BRASILEIRO", "FASE": "1ª FASE", "ESTÁDIO": "CARLOS ALBERTO COSTA NEVES", "CAPACIDADE": "6500", "CIDADE": "CAÇADOR ", "ESTADO/PROVÍNCIA": "SANTA CATARINA", "PAÍS": "BRASIL", "LATITUDE": -26.771027999853985, "LONGITUDE": -51.007584674327376, "PÚBLICO PAGANTE": "COVID", "PÚBLICO TOTAL": "COVID", "RENDA BRUTA (R$)": "0.0", "RENDA LÍQUIDA (R$)": "ND", "TICKET MÉDIO (R$)": "ND", "AUTORAS": "GRAZI", "TÍTULO?": "N/A", "OBSERVAÇÕES": "Jogo disputado com portões fechados devido à pandemia de COVID-19", "ERA": "Depois da reativação" }, "geometry": { "type": "Point", "coordinates": [ -51.007584674327376, -26.771027999853985 ] } },
{ "type": "Feature", "properties": { "DATA": "2021-08-10", "DIA DA SEMANA": "terça-feira", "DIA DO JOGO": "2021-08-10 00:00:00", "MÊS DO JOGO": "2021-08-10 00:00:00", "ANO JOGO": 2021.0, "ANO COMPETIÇÃO": 2021.0, "MANDANTE / VISITANTE (SCCP)": "Não", "TIME MANDANTE": "FERROVIÁRIA", "GOLS MANDANTE": "0.0", "x": "x", "GOLS VISITANTE": "3.0", "TIME VISITANTE": "CORINTHIANS", "PLACAR": "0x3", "RESULTADO": "VITÓRIA", "ADVERSÁRIO": "FERROVIÁRIA", "ESTADO ADVERSÁRIO": "SÃO PAULO", "PAÍS ADVERSÁRIO": "BRASIL", "GOLS SCCP": "3.0", "GOLS ADVERSÁRIO": "0.0", "SALDO DE GOLS": "3", "TREINADOR": "ARTHUR ELIAS", "JOGO OFICIAL?": "SIM", "COMPETIÇÃO": "CAMPEONATO PAULISTA / FPF", "FASE": "1ª FASE", "ESTÁDIO": "OLIVÉRIO BAZZANI FILHO (ARENA DA FONTE LUMINOSA)", "CAPACIDADE": "20205", "CIDADE": "ARARAQUARA ", "ESTADO/PROVÍNCIA": "SÃO PAULO", "PAÍS": "BRASIL", "LATITUDE": -21.775035435893585, "LONGITUDE": -48.169600583381282, "PÚBLICO PAGANTE": "COVID", "PÚBLICO TOTAL": "COVID", "RENDA BRUTA (R$)": "0.0", "RENDA LÍQUIDA (R$)": "ND", "TICKET MÉDIO (R$)": "ND", "AUTORAS": "GABI ZANOTTI, JHENIFFER, DIANY", "TÍTULO?": "N/A", "OBSERVAÇÕES": "Jogo disputado com portões fechados devido à pandemia de COVID-19", "ERA": "Depois da reativação" }, "geometry": { "type": "Point", "coordinates": [ -48.169600583381282, -21.775035435893585 ] } },
{ "type": "Feature", "properties": { "DATA": "2021-08-15", "DIA DA SEMANA": "domingo", "DIA DO JOGO": "2021-08-15 00:00:00", "MÊS DO JOGO": "2021-08-15 00:00:00", "ANO JOGO": 2021.0, "ANO COMPETIÇÃO": 2021.0, "MANDANTE / VISITANTE (SCCP)": "Não", "TIME MANDANTE": "AVAÍ/KINDERMANN", "GOLS MANDANTE": "1.0", "x": "x", "GOLS VISITANTE": "4.0", "TIME VISITANTE": "CORINTHIANS", "PLACAR": "1x4", "RESULTADO": "VITÓRIA", "ADVERSÁRIO": "AVAÍ/KINDERMANN", "ESTADO ADVERSÁRIO": "SANTA CATARINA", "PAÍS ADVERSÁRIO": "BRASIL", "GOLS SCCP": "4.0", "GOLS ADVERSÁRIO": "1.0", "SALDO DE GOLS": "3", "TREINADOR": "ARTHUR ELIAS", "JOGO OFICIAL?": "SIM", "COMPETIÇÃO": "CAMPEONATO BRASILEIRO", "FASE": "QUARTAS DE FINAL", "ESTÁDIO": "DOUTOR ADERBAL RAMOS DA SILVA (RESSACADA)", "CAPACIDADE": "17826", "CIDADE": "FLORIANÓPOLIS ", "ESTADO/PROVÍNCIA": "SANTA CATARINA", "PAÍS": "BRASIL", "LATITUDE": -27.666282090468339, "LONGITUDE": -48.531319206108236, "PÚBLICO PAGANTE": "COVID", "PÚBLICO TOTAL": "COVID", "RENDA BRUTA (R$)": "0.0", "RENDA LÍQUIDA (R$)": "-6430.44", "TICKET MÉDIO (R$)": "ND", "AUTORAS": "JHENIFFER, TAMIRES, VIC ALBUQUERQUE, GIOVANNA CAMPIOLO", "TÍTULO?": "N/A", "OBSERVAÇÕES": "Jogo disputado com portões fechados devido à pandemia de COVID-19", "ERA": "Depois da reativação" }, "geometry": { "type": "Point", "coordinates": [ -48.531319206108236, -27.666282090468339 ] } },
{ "type": "Feature", "properties": { "DATA": "2021-08-19", "DIA DA SEMANA": "quinta-feira", "DIA DO JOGO": "2021-08-19 00:00:00", "MÊS DO JOGO": "2021-08-19 00:00:00", "ANO JOGO": 2021.0, "ANO COMPETIÇÃO": 2021.0, "MANDANTE / VISITANTE (SCCP)": "Sim", "TIME MANDANTE": "CORINTHIANS", "GOLS MANDANTE": "2.0", "x": "x", "GOLS VISITANTE": "1.0", "TIME VISITANTE": "SÃO PAULO", "PLACAR": "2x1", "RESULTADO": "VITÓRIA", "ADVERSÁRIO": "SÃO PAULO", "ESTADO ADVERSÁRIO": "SÃO PAULO", "PAÍS ADVERSÁRIO": "BRASIL", "GOLS SCCP": "2.0", "GOLS ADVERSÁRIO": "1.0", "SALDO DE GOLS": "1", "TREINADOR": "ARTHUR ELIAS", "JOGO OFICIAL?": "SIM", "COMPETIÇÃO": "CAMPEONATO PAULISTA / FPF", "FASE": "1ª FASE", "ESTÁDIO": "ALFREDO SCHÜRIG (PARQUE SÃO JORGE / FAZENDINHA)", "CAPACIDADE": "9800", "CIDADE": "SÃO PAULO ", "ESTADO/PROVÍNCIA": "SÃO PAULO", "PAÍS": "BRASIL", "LATITUDE": -23.526659630812546, "LONGITUDE": -46.569480895169598, "PÚBLICO PAGANTE": "COVID", "PÚBLICO TOTAL": "COVID", "RENDA BRUTA (R$)": "0.0", "RENDA LÍQUIDA (R$)": "ND", "TICKET MÉDIO (R$)": "ND", "AUTORAS": "GABI ZANOTTI, TAMIRES", "TÍTULO?": "N/A", "OBSERVAÇÕES": "Jogo disputado com portões fechados devido à pandemia de COVID-19", "ERA": "Depois da reativação" }, "geometry": { "type": "Point", "coordinates": [ -46.569480895169598, -23.526659630812546 ] } },
{ "type": "Feature", "properties": { "DATA": "2021-08-22", "DIA DA SEMANA": "domingo", "DIA DO JOGO": "2021-08-22 00:00:00", "MÊS DO JOGO": "2021-08-22 00:00:00", "ANO JOGO": 2021.0, "ANO COMPETIÇÃO": 2021.0, "MANDANTE / VISITANTE (SCCP)": "Sim", "TIME MANDANTE": "CORINTHIANS", "GOLS MANDANTE": "6.0", "x": "x", "GOLS VISITANTE": "0.0", "TIME VISITANTE": "AVAÍ/KINDERMANN", "PLACAR": "6x0", "RESULTADO": "VITÓRIA", "ADVERSÁRIO": "AVAÍ/KINDERMANN", "ESTADO ADVERSÁRIO": "SANTA CATARINA", "PAÍS ADVERSÁRIO": "BRASIL", "GOLS SCCP": "6.0", "GOLS ADVERSÁRIO": "0.0", "SALDO DE GOLS": "6", "TREINADOR": "ARTHUR ELIAS", "JOGO OFICIAL?": "SIM", "COMPETIÇÃO": "CAMPEONATO BRASILEIRO", "FASE": "QUARTAS DE FINAL", "ESTÁDIO": "ALFREDO SCHÜRIG (PARQUE SÃO JORGE / FAZENDINHA)", "CAPACIDADE": "9800", "CIDADE": "SÃO PAULO ", "ESTADO/PROVÍNCIA": "SÃO PAULO", "PAÍS": "BRASIL", "LATITUDE": -23.526659630812546, "LONGITUDE": -46.569480895169598, "PÚBLICO PAGANTE": "COVID", "PÚBLICO TOTAL": "COVID", "RENDA BRUTA (R$)": "0.0", "RENDA LÍQUIDA (R$)": "-12240.72", "TICKET MÉDIO (R$)": "ND", "AUTORAS": "VIC ALBUQUERQUE, ADRIANA, YASMIM, JHENIFFER, TAMIRES, KATIUSCIA", "TÍTULO?": "N/A", "OBSERVAÇÕES": "Jogo disputado com portões fechados devido à pandemia de COVID-19", "ERA": "Depois da reativação" }, "geometry": { "type": "Point", "coordinates": [ -46.569480895169598, -23.526659630812546 ] } },
{ "type": "Feature", "properties": { "DATA": "2021-08-26", "DIA DA SEMANA": "quinta-feira", "DIA DO JOGO": "2021-08-26 00:00:00", "MÊS DO JOGO": "2021-08-26 00:00:00", "ANO JOGO": 2021.0, "ANO COMPETIÇÃO": 2021.0, "MANDANTE / VISITANTE (SCCP)": "Não", "TIME MANDANTE": "SÃO JOSÉ", "GOLS MANDANTE": "0.0", "x": "x", "GOLS VISITANTE": "5.0", "TIME VISITANTE": "CORINTHIANS", "PLACAR": "0x5", "RESULTADO": "VITÓRIA", "ADVERSÁRIO": "SÃO JOSÉ", "ESTADO ADVERSÁRIO": "SÃO PAULO", "PAÍS ADVERSÁRIO": "BRASIL", "GOLS SCCP": "5.0", "GOLS ADVERSÁRIO": "0.0", "SALDO DE GOLS": "5", "TREINADOR": "ARTHUR ELIAS", "JOGO OFICIAL?": "SIM", "COMPETIÇÃO": "CAMPEONATO PAULISTA / FPF", "FASE": "1ª FASE", "ESTÁDIO": "MARTINS PEREIRA", "CAPACIDADE": "16500", "CIDADE": "SÃO JOSÉ DOS CAMPOS ", "ESTADO/PROVÍNCIA": "SÃO PAULO", "PAÍS": "BRASIL", "LATITUDE": -23.1884912615151, "LONGITUDE": -45.869827477202776, "PÚBLICO PAGANTE": "COVID", "PÚBLICO TOTAL": "COVID", "RENDA BRUTA (R$)": "0.0", "RENDA LÍQUIDA (R$)": "ND", "TICKET MÉDIO (R$)": "ND", "AUTORAS": "JHENIFFER, MIRIÃ, VIC ALBUQUERQUE, ERIKA, ADRIANA", "TÍTULO?": "N/A", "OBSERVAÇÕES": "Jogo disputado com portões fechados devido à pandemia de COVID-19", "ERA": "Depois da reativação" }, "geometry": { "type": "Point", "coordinates": [ -45.869827477202776, -23.1884912615151 ] } },
{ "type": "Feature", "properties": { "DATA": "2021-08-29", "DIA DA SEMANA": "domingo", "DIA DO JOGO": "2021-08-29 00:00:00", "MÊS DO JOGO": "2021-08-29 00:00:00", "ANO JOGO": 2021.0, "ANO COMPETIÇÃO": 2021.0, "MANDANTE / VISITANTE (SCCP)": "Não", "TIME MANDANTE": "FERROVIÁRIA", "GOLS MANDANTE": "1.0", "x": "x", "GOLS VISITANTE": "3.0", "TIME VISITANTE": "CORINTHIANS", "PLACAR": "1x3", "RESULTADO": "VITÓRIA", "ADVERSÁRIO": "FERROVIÁRIA", "ESTADO ADVERSÁRIO": "SÃO PAULO", "PAÍS ADVERSÁRIO": "BRASIL", "GOLS SCCP": "3.0", "GOLS ADVERSÁRIO": "1.0", "SALDO DE GOLS": "2", "TREINADOR": "ARTHUR ELIAS", "JOGO OFICIAL?": "SIM", "COMPETIÇÃO": "CAMPEONATO BRASILEIRO", "FASE": "SEMIFINAL", "ESTÁDIO": "OLIVÉRIO BAZZANI FILHO (ARENA DA FONTE LUMINOSA)", "CAPACIDADE": "20205", "CIDADE": "ARARAQUARA ", "ESTADO/PROVÍNCIA": "SÃO PAULO", "PAÍS": "BRASIL", "LATITUDE": -21.775035435893585, "LONGITUDE": -48.169600583381282, "PÚBLICO PAGANTE": "COVID", "PÚBLICO TOTAL": "COVID", "RENDA BRUTA (R$)": "0.0", "RENDA LÍQUIDA (R$)": "-6143.0", "TICKET MÉDIO (R$)": "ND", "AUTORAS": "VIC ALBUQUERQUE, GABI ZANOTTI, ERIKA", "TÍTULO?": "N/A", "OBSERVAÇÕES": "Jogo disputado com portões fechados devido à pandemia de COVID-19", "ERA": "Depois da reativação" }, "geometry": { "type": "Point", "coordinates": [ -48.169600583381282, -21.775035435893585 ] } },
{ "type": "Feature", "properties": { "DATA": "2021-09-01", "DIA DA SEMANA": "quarta-feira", "DIA DO JOGO": "2021-09-01 00:00:00", "MÊS DO JOGO": "2021-09-01 00:00:00", "ANO JOGO": 2021.0, "ANO COMPETIÇÃO": 2021.0, "MANDANTE / VISITANTE (SCCP)": "Sim", "TIME MANDANTE": "CORINTHIANS", "GOLS MANDANTE": "7.0", "x": "x", "GOLS VISITANTE": "0.0", "TIME VISITANTE": "NACIONAL-SP", "PLACAR": "7x0", "RESULTADO": "VITÓRIA", "ADVERSÁRIO": "NACIONAL-SP", "ESTADO ADVERSÁRIO": "SÃO PAULO", "PAÍS ADVERSÁRIO": "BRASIL", "GOLS SCCP": "7.0", "GOLS ADVERSÁRIO": "0.0", "SALDO DE GOLS": "7", "TREINADOR": "ARTHUR ELIAS", "JOGO OFICIAL?": "SIM", "COMPETIÇÃO": "CAMPEONATO PAULISTA / FPF", "FASE": "1ª FASE", "ESTÁDIO": "ALFREDO SCHÜRIG (PARQUE SÃO JORGE / FAZENDINHA)", "CAPACIDADE": "9800", "CIDADE": "SÃO PAULO ", "ESTADO/PROVÍNCIA": "SÃO PAULO", "PAÍS": "BRASIL", "LATITUDE": -23.526659630812546, "LONGITUDE": -46.569480895169598, "PÚBLICO PAGANTE": "COVID", "PÚBLICO TOTAL": "COVID", "RENDA BRUTA (R$)": "0.0", "RENDA LÍQUIDA (R$)": "ND", "TICKET MÉDIO (R$)": "ND", "AUTORAS": "PARDAL, BIANCA GOMES, GRAZI, DIANY, MIRIÃ, JHENIFFER, TARCIANE", "TÍTULO?": "N/A", "OBSERVAÇÕES": "Jogo disputado com portões fechados devido à pandemia de COVID-19", "ERA": "Depois da reativação" }, "geometry": { "type": "Point", "coordinates": [ -46.569480895169598, -23.526659630812546 ] } },
{ "type": "Feature", "properties": { "DATA": "2021-09-05", "DIA DA SEMANA": "domingo", "DIA DO JOGO": "2021-09-05 00:00:00", "MÊS DO JOGO": "2021-09-05 00:00:00", "ANO JOGO": 2021.0, "ANO COMPETIÇÃO": 2021.0, "MANDANTE / VISITANTE (SCCP)": "Sim", "TIME MANDANTE": "CORINTHIANS", "GOLS MANDANTE": "3.0", "x": "x", "GOLS VISITANTE": "1.0", "TIME VISITANTE": "FERROVIÁRIA", "PLACAR": "3x1", "RESULTADO": "VITÓRIA", "ADVERSÁRIO": "FERROVIÁRIA", "ESTADO ADVERSÁRIO": "SÃO PAULO", "PAÍS ADVERSÁRIO": "BRASIL", "GOLS SCCP": "3.0", "GOLS ADVERSÁRIO": "1.0", "SALDO DE GOLS": "2", "TREINADOR": "ARTHUR ELIAS", "JOGO OFICIAL?": "SIM", "COMPETIÇÃO": "CAMPEONATO BRASILEIRO", "FASE": "SEMIFINAL", "ESTÁDIO": "ORLANDO BATISTA NOVELI (ARENA BARUERI / CREFISA)", "CAPACIDADE": "31452", "CIDADE": "BARUERI ", "ESTADO/PROVÍNCIA": "SÃO PAULO", "PAÍS": "BRASIL", "LATITUDE": -23.511935566878485, "LONGITUDE": -46.899810331250407, "PÚBLICO PAGANTE": "COVID", "PÚBLICO TOTAL": "COVID", "RENDA BRUTA (R$)": "0.0", "RENDA LÍQUIDA (R$)": "-13747.75", "TICKET MÉDIO (R$)": "ND", "AUTORAS": "CONTRA, ERIKA, GABI ZANOTTI", "TÍTULO?": "N/A", "OBSERVAÇÕES": "Jogo disputado com portões fechados devido à pandemia de COVID-19", "ERA": "Depois da reativação" }, "geometry": { "type": "Point", "coordinates": [ -46.899810331250407, -23.511935566878485 ] } },
{ "type": "Feature", "properties": { "DATA": "2021-09-08", "DIA DA SEMANA": "quarta-feira", "DIA DO JOGO": "2021-09-08 00:00:00", "MÊS DO JOGO": "2021-09-08 00:00:00", "ANO JOGO": 2021.0, "ANO COMPETIÇÃO": 2021.0, "MANDANTE / VISITANTE (SCCP)": "Sim", "TIME MANDANTE": "CORINTHIANS", "GOLS MANDANTE": "10.0", "x": "x", "GOLS VISITANTE": "0.0", "TIME VISITANTE": "REALIDADE JOVEM", "PLACAR": "10x0", "RESULTADO": "VITÓRIA", "ADVERSÁRIO": "REALIDADE JOVEM", "ESTADO ADVERSÁRIO": "SÃO PAULO", "PAÍS ADVERSÁRIO": "BRASIL", "GOLS SCCP": "10.0", "GOLS ADVERSÁRIO": "0.0", "SALDO DE GOLS": "10", "TREINADOR": "ARTHUR ELIAS", "JOGO OFICIAL?": "SIM", "COMPETIÇÃO": "CAMPEONATO PAULISTA / FPF", "FASE": "1ª FASE", "ESTÁDIO": "ALFREDO SCHÜRIG (PARQUE SÃO JORGE / FAZENDINHA)", "CAPACIDADE": "9800", "CIDADE": "SÃO PAULO ", "ESTADO/PROVÍNCIA": "SÃO PAULO", "PAÍS": "BRASIL", "LATITUDE": -23.526659630812546, "LONGITUDE": -46.569480895169598, "PÚBLICO PAGANTE": "COVID", "PÚBLICO TOTAL": "COVID", "RENDA BRUTA (R$)": "0.0", "RENDA LÍQUIDA (R$)": "ND", "TICKET MÉDIO (R$)": "ND", "AUTORAS": "INGRYD, INGRYD, JHENIFFER, MIRIÃ, JHENIFFER, DIANY, POLIANA, POLIANA, MIRIÃ, MIRIÃ", "TÍTULO?": "N/A", "OBSERVAÇÕES": "Jogo disputado com portões fechados devido à pandemia de COVID-19", "ERA": "Depois da reativação" }, "geometry": { "type": "Point", "coordinates": [ -46.569480895169598, -23.526659630812546 ] } },
{ "type": "Feature", "properties": { "DATA": "2021-09-12", "DIA DA SEMANA": "domingo", "DIA DO JOGO": "2021-09-12 00:00:00", "MÊS DO JOGO": "2021-09-12 00:00:00", "ANO JOGO": 2021.0, "ANO COMPETIÇÃO": 2021.0, "MANDANTE / VISITANTE (SCCP)": "Não", "TIME MANDANTE": "PALMEIRAS", "GOLS MANDANTE": "0.0", "x": "x", "GOLS VISITANTE": "1.0", "TIME VISITANTE": "CORINTHIANS", "PLACAR": "0x1", "RESULTADO": "VITÓRIA", "ADVERSÁRIO": "PALMEIRAS", "ESTADO ADVERSÁRIO": "SÃO PAULO", "PAÍS ADVERSÁRIO": "BRASIL", "GOLS SCCP": "1.0", "GOLS ADVERSÁRIO": "0.0", "SALDO DE GOLS": "1", "TREINADOR": "ARTHUR ELIAS", "JOGO OFICIAL?": "SIM", "COMPETIÇÃO": "CAMPEONATO BRASILEIRO", "FASE": "FINAL", "ESTÁDIO": "NUBANK PARQUE (ARENA PALMEIRAS)", "CAPACIDADE": "43713", "CIDADE": "SÃO PAULO ", "ESTADO/PROVÍNCIA": "SÃO PAULO", "PAÍS": "BRASIL", "LATITUDE": -23.527428879851925, "LONGITUDE": -46.678112148437812, "PÚBLICO PAGANTE": "COVID", "PÚBLICO TOTAL": "COVID", "RENDA BRUTA (R$)": "0.0", "RENDA LÍQUIDA (R$)": "-41382.96", "TICKET MÉDIO (R$)": "ND", "AUTORAS": "GABI PORTILHO", "TÍTULO?": "N/A", "OBSERVAÇÕES": "Jogo disputado com portões fechados devido à pandemia de COVID-19", "ERA": "Depois da reativação" }, "geometry": { "type": "Point", "coordinates": [ -46.678112148437812, -23.527428879851925 ] } },
{ "type": "Feature", "properties": { "DATA": "2021-09-22", "DIA DA SEMANA": "quarta-feira", "DIA DO JOGO": "2021-09-22 00:00:00", "MÊS DO JOGO": "2021-09-22 00:00:00", "ANO JOGO": 2021.0, "ANO COMPETIÇÃO": 2021.0, "MANDANTE / VISITANTE (SCCP)": "Não", "TIME MANDANTE": "PALMEIRAS", "GOLS MANDANTE": "1.0", "x": "x", "GOLS VISITANTE": "1.0", "TIME VISITANTE": "CORINTHIANS", "PLACAR": "1x1", "RESULTADO": "EMPATE", "ADVERSÁRIO": "PALMEIRAS", "ESTADO ADVERSÁRIO": "SÃO PAULO", "PAÍS ADVERSÁRIO": "BRASIL", "GOLS SCCP": "1.0", "GOLS ADVERSÁRIO": "1.0", "SALDO DE GOLS": "0", "TREINADOR": "ARTHUR ELIAS", "JOGO OFICIAL?": "SIM", "COMPETIÇÃO": "CAMPEONATO PAULISTA / FPF", "FASE": "1ª FASE", "ESTÁDIO": "NUBANK PARQUE (ARENA PALMEIRAS)", "CAPACIDADE": "43713", "CIDADE": "SÃO PAULO ", "ESTADO/PROVÍNCIA": "SÃO PAULO", "PAÍS": "BRASIL", "LATITUDE": -23.527428879851925, "LONGITUDE": -46.678112148437812, "PÚBLICO PAGANTE": "COVID", "PÚBLICO TOTAL": "COVID", "RENDA BRUTA (R$)": "0.0", "RENDA LÍQUIDA (R$)": "ND", "TICKET MÉDIO (R$)": "ND", "AUTORAS": "ADRIANA", "TÍTULO?": "N/A", "OBSERVAÇÕES": "Jogo disputado com portões fechados devido à pandemia de COVID-19", "ERA": "Depois da reativação" }, "geometry": { "type": "Point", "coordinates": [ -46.678112148437812, -23.527428879851925 ] } },
{ "type": "Feature", "properties": { "DATA": "2021-09-26", "DIA DA SEMANA": "domingo", "DIA DO JOGO": "2021-09-26 00:00:00", "MÊS DO JOGO": "2021-09-26 00:00:00", "ANO JOGO": 2021.0, "ANO COMPETIÇÃO": 2021.0, "MANDANTE / VISITANTE (SCCP)": "Sim", "TIME MANDANTE": "CORINTHIANS", "GOLS MANDANTE": "3.0", "x": "x", "GOLS VISITANTE": "1.0", "TIME VISITANTE": "PALMEIRAS", "PLACAR": "3x1", "RESULTADO": "VITÓRIA", "ADVERSÁRIO": "PALMEIRAS", "ESTADO ADVERSÁRIO": "SÃO PAULO", "PAÍS ADVERSÁRIO": "BRASIL", "GOLS SCCP": "3.0", "GOLS ADVERSÁRIO": "1.0", "SALDO DE GOLS": "2", "TREINADOR": "ARTHUR ELIAS", "JOGO OFICIAL?": "SIM", "COMPETIÇÃO": "CAMPEONATO BRASILEIRO", "FASE": "FINAL", "ESTÁDIO": "NEO QUÍMICA ARENA (ARENA CORINTHIANS)", "CAPACIDADE": "48905", "CIDADE": "SÃO PAULO ", "ESTADO/PROVÍNCIA": "SÃO PAULO", "PAÍS": "BRASIL", "LATITUDE": -23.545141276878514, "LONGITUDE": -46.473682029403896, "PÚBLICO PAGANTE": "COVID", "PÚBLICO TOTAL": "COVID", "RENDA BRUTA (R$)": "0.0", "RENDA LÍQUIDA (R$)": "-13740.3", "TICKET MÉDIO (R$)": "ND", "AUTORAS": "CONTRA, ADRIANA, VIC ALBUQUERQUE", "TÍTULO?": "CAMPEONATO BRASILEIRO", "OBSERVAÇÕES": "Jogo disputado com portões fechados devido à pandemia de COVID-19 / Corinthians campeão do Campeonato Brasileiro 2021 (3º título)", "ERA": "Depois da reativação" }, "geometry": { "type": "Point", "coordinates": [ -46.473682029403896, -23.545141276878514 ] } },
{ "type": "Feature", "properties": { "DATA": "2021-09-29", "DIA DA SEMANA": "quarta-feira", "DIA DO JOGO": "2021-09-29 00:00:00", "MÊS DO JOGO": "2021-09-29 00:00:00", "ANO JOGO": 2021.0, "ANO COMPETIÇÃO": 2021.0, "MANDANTE / VISITANTE (SCCP)": "Sim", "TIME MANDANTE": "CORINTHIANS", "GOLS MANDANTE": "8.0", "x": "x", "GOLS VISITANTE": "0.0", "TIME VISITANTE": "PINDA", "PLACAR": "8x0", "RESULTADO": "VITÓRIA", "ADVERSÁRIO": "PINDA", "ESTADO ADVERSÁRIO": "SÃO PAULO", "PAÍS ADVERSÁRIO": "BRASIL", "GOLS SCCP": "8.0", "GOLS ADVERSÁRIO": "0.0", "SALDO DE GOLS": "8", "TREINADOR": "ARTHUR ELIAS", "JOGO OFICIAL?": "SIM", "COMPETIÇÃO": "CAMPEONATO PAULISTA / FPF", "FASE": "1ª FASE", "ESTÁDIO": "ALFREDO SCHÜRIG (PARQUE SÃO JORGE / FAZENDINHA)", "CAPACIDADE": "9800", "CIDADE": "SÃO PAULO ", "ESTADO/PROVÍNCIA": "SÃO PAULO", "PAÍS": "BRASIL", "LATITUDE": -23.526659630812546, "LONGITUDE": -46.569480895169598, "PÚBLICO PAGANTE": "COVID", "PÚBLICO TOTAL": "COVID", "RENDA BRUTA (R$)": "0.0", "RENDA LÍQUIDA (R$)": "ND", "TICKET MÉDIO (R$)": "ND", "AUTORAS": "TARCIANE, MIRIÃ, GRAZI, TARCIANE, CACAU, JULIETE, MIRIÃ, JHENIFFER", "TÍTULO?": "N/A", "OBSERVAÇÕES": "Jogo disputado com portões fechados devido à pandemia de COVID-19", "ERA": "Depois da reativação" }, "geometry": { "type": "Point", "coordinates": [ -46.569480895169598, -23.526659630812546 ] } },
{ "type": "Feature", "properties": { "DATA": "2021-10-03", "DIA DA SEMANA": "domingo", "DIA DO JOGO": "2021-10-03 00:00:00", "MÊS DO JOGO": "2021-10-03 00:00:00", "ANO JOGO": 2021.0, "ANO COMPETIÇÃO": 2021.0, "MANDANTE / VISITANTE (SCCP)": "Não", "TIME MANDANTE": "PORTUGUESA", "GOLS MANDANTE": "0.0", "x": "x", "GOLS VISITANTE": "4.0", "TIME VISITANTE": "CORINTHIANS", "PLACAR": "0x4", "RESULTADO": "VITÓRIA", "ADVERSÁRIO": "PORTUGUESA", "ESTADO ADVERSÁRIO": "SÃO PAULO", "PAÍS ADVERSÁRIO": "BRASIL", "GOLS SCCP": "4.0", "GOLS ADVERSÁRIO": "0.0", "SALDO DE GOLS": "4", "TREINADOR": "ARTHUR ELIAS", "JOGO OFICIAL?": "SIM", "COMPETIÇÃO": "CAMPEONATO PAULISTA / FPF", "FASE": "1ª FASE", "ESTÁDIO": "OSWALDO TEIXEIRA DUARTE (CANINDÉ)", "CAPACIDADE": "21004", "CIDADE": "SÃO PAULO ", "ESTADO/PROVÍNCIA": "SÃO PAULO", "PAÍS": "BRASIL", "LATITUDE": -23.520132719349128, "LONGITUDE": -46.618264502415194, "PÚBLICO PAGANTE": "COVID", "PÚBLICO TOTAL": "COVID", "RENDA BRUTA (R$)": "0.0", "RENDA LÍQUIDA (R$)": "ND", "TICKET MÉDIO (R$)": "ND", "AUTORAS": "VIC ALBUQUERQUE, ADRIANA, TARCIANE, VIC ALBUQUERQUE", "TÍTULO?": "N/A", "OBSERVAÇÕES": "Jogo disputado com portões fechados devido à pandemia de COVID-19", "ERA": "Depois da reativação" }, "geometry": { "type": "Point", "coordinates": [ -46.618264502415194, -23.520132719349128 ] } },
{ "type": "Feature", "properties": { "DATA": "2021-10-06", "DIA DA SEMANA": "quarta-feira", "DIA DO JOGO": "2021-10-06 00:00:00", "MÊS DO JOGO": "2021-10-06 00:00:00", "ANO JOGO": 2021.0, "ANO COMPETIÇÃO": 2021.0, "MANDANTE / VISITANTE (SCCP)": "Sim", "TIME MANDANTE": "CORINTHIANS", "GOLS MANDANTE": "2.0", "x": "x", "GOLS VISITANTE": "1.0", "TIME VISITANTE": "SANTOS", "PLACAR": "2x1", "RESULTADO": "VITÓRIA", "ADVERSÁRIO": "SANTOS", "ESTADO ADVERSÁRIO": "SÃO PAULO", "PAÍS ADVERSÁRIO": "BRASIL", "GOLS SCCP": "2.0", "GOLS ADVERSÁRIO": "1.0", "SALDO DE GOLS": "1", "TREINADOR": "ARTHUR ELIAS", "JOGO OFICIAL?": "SIM", "COMPETIÇÃO": "CAMPEONATO PAULISTA / FPF", "FASE": "1ª FASE", "ESTÁDIO": "ALFREDO SCHÜRIG (PARQUE SÃO JORGE / FAZENDINHA)", "CAPACIDADE": "9800", "CIDADE": "SÃO PAULO ", "ESTADO/PROVÍNCIA": "SÃO PAULO", "PAÍS": "BRASIL", "LATITUDE": -23.526659630812546, "LONGITUDE": -46.569480895169598, "PÚBLICO PAGANTE": "COVID", "PÚBLICO TOTAL": "COVID", "RENDA BRUTA (R$)": "0.0", "RENDA LÍQUIDA (R$)": "ND", "TICKET MÉDIO (R$)": "ND", "AUTORAS": "MIRIÃ, GABI PORTILHO", "TÍTULO?": "N/A", "OBSERVAÇÕES": "Jogo disputado com portões fechados devido à pandemia de COVID-19", "ERA": "Depois da reativação" }, "geometry": { "type": "Point", "coordinates": [ -46.569480895169598, -23.526659630812546 ] } },
{ "type": "Feature", "properties": { "DATA": "2021-10-09", "DIA DA SEMANA": "sábado", "DIA DO JOGO": "2021-10-09 00:00:00", "MÊS DO JOGO": "2021-10-09 00:00:00", "ANO JOGO": 2021.0, "ANO COMPETIÇÃO": 2021.0, "MANDANTE / VISITANTE (SCCP)": "Não", "TIME MANDANTE": "TAUBATÉ", "GOLS MANDANTE": "0.0", "x": "x", "GOLS VISITANTE": "3.0", "TIME VISITANTE": "CORINTHIANS", "PLACAR": "0x3", "RESULTADO": "VITÓRIA", "ADVERSÁRIO": "TAUBATÉ", "ESTADO ADVERSÁRIO": "SÃO PAULO", "PAÍS ADVERSÁRIO": "BRASIL", "GOLS SCCP": "3.0", "GOLS ADVERSÁRIO": "0.0", "SALDO DE GOLS": "3", "TREINADOR": "ARTHUR ELIAS", "JOGO OFICIAL?": "SIM", "COMPETIÇÃO": "CAMPEONATO PAULISTA / FPF", "FASE": "1ª FASE", "ESTÁDIO": "JOAQUIM DE MORAIS FILHO (JOAQUINZÃO)", "CAPACIDADE": "9600", "CIDADE": "TAUBATÉ ", "ESTADO/PROVÍNCIA": "SÃO PAULO", "PAÍS": "BRASIL", "LATITUDE": -23.027800963309272, "LONGITUDE": -45.56983161590955, "PÚBLICO PAGANTE": "COVID", "PÚBLICO TOTAL": "COVID", "RENDA BRUTA (R$)": "0.0", "RENDA LÍQUIDA (R$)": "ND", "TICKET MÉDIO (R$)": "ND", "AUTORAS": "GRAZI, VIC ALBUQUERQUE, DIANY", "TÍTULO?": "N/A", "OBSERVAÇÕES": "Jogo disputado com portões fechados devido à pandemia de COVID-19", "ERA": "Depois da reativação" }, "geometry": { "type": "Point", "coordinates": [ -45.56983161590955, -23.027800963309272 ] } },
{ "type": "Feature", "properties": { "DATA": "2021-10-13", "DIA DA SEMANA": "quarta-feira", "DIA DO JOGO": "2021-10-13 00:00:00", "MÊS DO JOGO": "2021-10-13 00:00:00", "ANO JOGO": 2021.0, "ANO COMPETIÇÃO": 2021.0, "MANDANTE / VISITANTE (SCCP)": "Sim", "TIME MANDANTE": "CORINTHIANS", "GOLS MANDANTE": "2.0", "x": "x", "GOLS VISITANTE": "0.0", "TIME VISITANTE": "RED BULL BRAGANTINO", "PLACAR": "2x0", "RESULTADO": "VITÓRIA", "ADVERSÁRIO": "RED BULL BRAGANTINO", "ESTADO ADVERSÁRIO": "SÃO PAULO", "PAÍS ADVERSÁRIO": "BRASIL", "GOLS SCCP": "2.0", "GOLS ADVERSÁRIO": "0.0", "SALDO DE GOLS": "2", "TREINADOR": "ARTHUR ELIAS", "JOGO OFICIAL?": "SIM", "COMPETIÇÃO": "CAMPEONATO PAULISTA / FPF", "FASE": "1ª FASE", "ESTÁDIO": "ALFREDO SCHÜRIG (PARQUE SÃO JORGE / FAZENDINHA)", "CAPACIDADE": "9800", "CIDADE": "SÃO PAULO ", "ESTADO/PROVÍNCIA": "SÃO PAULO", "PAÍS": "BRASIL", "LATITUDE": -23.526659630812546, "LONGITUDE": -46.569480895169598, "PÚBLICO PAGANTE": "COVID", "PÚBLICO TOTAL": "COVID", "RENDA BRUTA (R$)": "0.0", "RENDA LÍQUIDA (R$)": "ND", "TICKET MÉDIO (R$)": "ND", "AUTORAS": "ADRIANA, ADRIANA", "TÍTULO?": "N/A", "OBSERVAÇÕES": "Jogo disputado com portões fechados devido à pandemia de COVID-19", "ERA": "Depois da reativação" }, "geometry": { "type": "Point", "coordinates": [ -46.569480895169598, -23.526659630812546 ] } },
{ "type": "Feature", "properties": { "DATA": "2021-10-16", "DIA DA SEMANA": "sábado", "DIA DO JOGO": "2021-10-16 00:00:00", "MÊS DO JOGO": "2021-10-16 00:00:00", "ANO JOGO": 2021.0, "ANO COMPETIÇÃO": 2021.0, "MANDANTE / VISITANTE (SCCP)": "Não", "TIME MANDANTE": "FERROVIÁRIA", "GOLS MANDANTE": "0.0", "x": "x", "GOLS VISITANTE": "1.0", "TIME VISITANTE": "CORINTHIANS", "PLACAR": "0x1", "RESULTADO": "VITÓRIA", "ADVERSÁRIO": "FERROVIÁRIA", "ESTADO ADVERSÁRIO": "SÃO PAULO", "PAÍS ADVERSÁRIO": "BRASIL", "GOLS SCCP": "1.0", "GOLS ADVERSÁRIO": "0.0", "SALDO DE GOLS": "1", "TREINADOR": "ARTHUR ELIAS", "JOGO OFICIAL?": "SIM", "COMPETIÇÃO": "CAMPEONATO PAULISTA / FPF", "FASE": "SEMIFINAL", "ESTÁDIO": "OLIVÉRIO BAZZANI FILHO (ARENA DA FONTE LUMINOSA)", "CAPACIDADE": "20205", "CIDADE": "ARARAQUARA ", "ESTADO/PROVÍNCIA": "SÃO PAULO", "PAÍS": "BRASIL", "LATITUDE": -21.775035435893585, "LONGITUDE": -48.169600583381282, "PÚBLICO PAGANTE": "ND", "PÚBLICO TOTAL": "ND", "RENDA BRUTA (R$)": "ND", "RENDA LÍQUIDA (R$)": "ND", "TICKET MÉDIO (R$)": "ND", "AUTORAS": "GABI ZANOTTI", "TÍTULO?": "N/A", "OBSERVAÇÕES": "Primeira partida após o fim da proibição de público nos jogos devido à pandemia de COVID-19", "ERA": "Depois da reativação" }, "geometry": { "type": "Point", "coordinates": [ -48.169600583381282, -21.775035435893585 ] } },
{ "type": "Feature", "properties": { "DATA": "2021-10-31", "DIA DA SEMANA": "domingo", "DIA DO JOGO": "2021-10-31 00:00:00", "MÊS DO JOGO": "2021-10-31 00:00:00", "ANO JOGO": 2021.0, "ANO COMPETIÇÃO": 2021.0, "MANDANTE / VISITANTE (SCCP)": "Sim", "TIME MANDANTE": "CORINTHIANS", "GOLS MANDANTE": "4.0", "x": "x", "GOLS VISITANTE": "1.0", "TIME VISITANTE": "FERROVIÁRIA", "PLACAR": "4x1", "RESULTADO": "VITÓRIA", "ADVERSÁRIO": "FERROVIÁRIA", "ESTADO ADVERSÁRIO": "SÃO PAULO", "PAÍS ADVERSÁRIO": "BRASIL", "GOLS SCCP": "4.0", "GOLS ADVERSÁRIO": "1.0", "SALDO DE GOLS": "3", "TREINADOR": "ARTHUR ELIAS", "JOGO OFICIAL?": "SIM", "COMPETIÇÃO": "CAMPEONATO PAULISTA / FPF", "FASE": "SEMIFINAL", "ESTÁDIO": "ORLANDO BATISTA NOVELI (ARENA BARUERI / CREFISA)", "CAPACIDADE": "31452", "CIDADE": "BARUERI ", "ESTADO/PROVÍNCIA": "SÃO PAULO", "PAÍS": "BRASIL", "LATITUDE": -23.511935566878485, "LONGITUDE": -46.899810331250407, "PÚBLICO PAGANTE": "ND", "PÚBLICO TOTAL": "ND", "RENDA BRUTA (R$)": "ND", "RENDA LÍQUIDA (R$)": "ND", "TICKET MÉDIO (R$)": "ND", "AUTORAS": "ADRIANA, GABI ZANOTTI, VIC ALBUQUERQUE, ADRIANA", "TÍTULO?": "N/A", "OBSERVAÇÕES": null, "ERA": "Depois da reativação" }, "geometry": { "type": "Point", "coordinates": [ -46.899810331250407, -23.511935566878485 ] } },
{ "type": "Feature", "properties": { "DATA": "2021-11-04", "DIA DA SEMANA": "quinta-feira", "DIA DO JOGO": "2021-11-04 00:00:00", "MÊS DO JOGO": "2021-11-04 00:00:00", "ANO JOGO": 2021.0, "ANO COMPETIÇÃO": 2021.0, "MANDANTE / VISITANTE (SCCP)": "Neutro", "TIME MANDANTE": "CORINTHIANS", "GOLS MANDANTE": "2.0", "x": "x", "GOLS VISITANTE": "0.0", "TIME VISITANTE": "SAN LORENZO (ARG)", "PLACAR": "2x0", "RESULTADO": "VITÓRIA", "ADVERSÁRIO": "SAN LORENZO (ARG)", "ESTADO ADVERSÁRIO": "N/A (ESTRANGEIRO)", "PAÍS ADVERSÁRIO": "ARGENTINA", "GOLS SCCP": "2.0", "GOLS ADVERSÁRIO": "0.0", "SALDO DE GOLS": "2", "TREINADOR": "ARTHUR ELIAS", "JOGO OFICIAL?": "SIM", "COMPETIÇÃO": "COPA LIBERTADORES", "FASE": "FASE DE GRUPOS", "ESTÁDIO": "ARSENIO ERICO", "CAPACIDADE": "7500", "CIDADE": "ASSUNÇÃO", "ESTADO/PROVÍNCIA": "DEPARTAMENTO CENTRAL", "PAÍS": "PARAGUAI", "LATITUDE": -25.298264179462183, "LONGITUDE": -57.641082774528385, "PÚBLICO PAGANTE": "ND", "PÚBLICO TOTAL": "ND", "RENDA BRUTA (R$)": "ND", "RENDA LÍQUIDA (R$)": "ND", "TICKET MÉDIO (R$)": "ND", "AUTORAS": "ERIKA, YASMIM", "TÍTULO?": "N/A", "OBSERVAÇÕES": null, "ERA": "Depois da reativação" }, "geometry": { "type": "Point", "coordinates": [ -57.641082774528385, -25.298264179462183 ] } },
{ "type": "Feature", "properties": { "DATA": "2021-11-07", "DIA DA SEMANA": "domingo", "DIA DO JOGO": "2021-11-07 00:00:00", "MÊS DO JOGO": "2021-11-07 00:00:00", "ANO JOGO": 2021.0, "ANO COMPETIÇÃO": 2021.0, "MANDANTE / VISITANTE (SCCP)": "Neutro", "TIME MANDANTE": "CORINTHIANS", "GOLS MANDANTE": "5.0", "x": "x", "GOLS VISITANTE": "1.0", "TIME VISITANTE": "NACIONAL (URU)", "PLACAR": "5x1", "RESULTADO": "VITÓRIA", "ADVERSÁRIO": "NACIONAL (URU)", "ESTADO ADVERSÁRIO": "N/A (ESTRANGEIRO)", "PAÍS ADVERSÁRIO": "URUGUAI", "GOLS SCCP": "5.0", "GOLS ADVERSÁRIO": "1.0", "SALDO DE GOLS": "4", "TREINADOR": "ARTHUR ELIAS", "JOGO OFICIAL?": "SIM", "COMPETIÇÃO": "COPA LIBERTADORES", "FASE": "FASE DE GRUPOS", "ESTÁDIO": "ARSENIO ERICO", "CAPACIDADE": "7500", "CIDADE": "ASSUNÇÃO", "ESTADO/PROVÍNCIA": "DEPARTAMENTO CENTRAL", "PAÍS": "PARAGUAI", "LATITUDE": -25.298264179462183, "LONGITUDE": -57.641082774528385, "PÚBLICO PAGANTE": "ND", "PÚBLICO TOTAL": "ND", "RENDA BRUTA (R$)": "ND", "RENDA LÍQUIDA (R$)": "ND", "TICKET MÉDIO (R$)": "ND", "AUTORAS": "TAMIRES, VIC ALBUQUERQUE, TAMIRES, GABI ZANOTTI, JHENIFFER", "TÍTULO?": "N/A", "OBSERVAÇÕES": null, "ERA": "Depois da reativação" }, "geometry": { "type": "Point", "coordinates": [ -57.641082774528385, -25.298264179462183 ] } },
{ "type": "Feature", "properties": { "DATA": "2021-11-10", "DIA DA SEMANA": "quarta-feira", "DIA DO JOGO": "2021-11-10 00:00:00", "MÊS DO JOGO": "2021-11-10 00:00:00", "ANO JOGO": 2021.0, "ANO COMPETIÇÃO": 2021.0, "MANDANTE / VISITANTE (SCCP)": "Neutro", "TIME MANDANTE": "DEPORTIVO CAPIATÁ (PAR)", "GOLS MANDANTE": "0.0", "x": "x", "GOLS VISITANTE": "4.0", "TIME VISITANTE": "CORINTHIANS", "PLACAR": "0x4", "RESULTADO": "VITÓRIA", "ADVERSÁRIO": "DEPORTIVO CAPIATÁ (PAR)", "ESTADO ADVERSÁRIO": "N/A (ESTRANGEIRO)", "PAÍS ADVERSÁRIO": "PARAGUAI", "GOLS SCCP": "4.0", "GOLS ADVERSÁRIO": "0.0", "SALDO DE GOLS": "4", "TREINADOR": "ARTHUR ELIAS", "JOGO OFICIAL?": "SIM", "COMPETIÇÃO": "COPA LIBERTADORES", "FASE": "FASE DE GRUPOS", "ESTÁDIO": "ARSENIO ERICO", "CAPACIDADE": "7500", "CIDADE": "ASSUNÇÃO", "ESTADO/PROVÍNCIA": "DEPARTAMENTO CENTRAL", "PAÍS": "PARAGUAI", "LATITUDE": -25.298264179462183, "LONGITUDE": -57.641082774528385, "PÚBLICO PAGANTE": "ND", "PÚBLICO TOTAL": "ND", "RENDA BRUTA (R$)": "ND", "RENDA LÍQUIDA (R$)": "ND", "TICKET MÉDIO (R$)": "ND", "AUTORAS": "JHENIFFER, JHENIFFER, DIANY, GRAZI", "TÍTULO?": "N/A", "OBSERVAÇÕES": null, "ERA": "Depois da reativação" }, "geometry": { "type": "Point", "coordinates": [ -57.641082774528385, -25.298264179462183 ] } },
{ "type": "Feature", "properties": { "DATA": "2021-11-13", "DIA DA SEMANA": "sábado", "DIA DO JOGO": "2021-11-13 00:00:00", "MÊS DO JOGO": "2021-11-13 00:00:00", "ANO JOGO": 2021.0, "ANO COMPETIÇÃO": 2021.0, "MANDANTE / VISITANTE (SCCP)": "Neutro", "TIME MANDANTE": "CORINTHIANS", "GOLS MANDANTE": "3.0", "x": "x", "GOLS VISITANTE": "1.0", "TIME VISITANTE": "ALIANZA LIMA (PER)", "PLACAR": "3x1", "RESULTADO": "VITÓRIA", "ADVERSÁRIO": "ALIANZA LIMA (PER)", "ESTADO ADVERSÁRIO": "N/A (ESTRANGEIRO)", "PAÍS ADVERSÁRIO": "PERU", "GOLS SCCP": "3.0", "GOLS ADVERSÁRIO": "1.0", "SALDO DE GOLS": "2", "TREINADOR": "ARTHUR ELIAS", "JOGO OFICIAL?": "SIM", "COMPETIÇÃO": "COPA LIBERTADORES", "FASE": "QUARTAS DE FINAL", "ESTÁDIO": "OSVALDO DOMÍNGUEZ DIBB (ANTIGO MANUEL FERREIRA)", "CAPACIDADE": "25820", "CIDADE": "ASSUNÇÃO", "ESTADO/PROVÍNCIA": "DEPARTAMENTO CENTRAL", "PAÍS": "PARAGUAI", "LATITUDE": -25.291469240808979, "LONGITUDE": -57.607807123864319, "PÚBLICO PAGANTE": "ND", "PÚBLICO TOTAL": "ND", "RENDA BRUTA (R$)": "ND", "RENDA LÍQUIDA (R$)": "ND", "TICKET MÉDIO (R$)": "ND", "AUTORAS": "TAMIRES, VIC ALBUQUERQUE, VIC ALBUQUERQUE", "TÍTULO?": "N/A", "OBSERVAÇÕES": null, "ERA": "Depois da reativação" }, "geometry": { "type": "Point", "coordinates": [ -57.607807123864319, -25.291469240808979 ] } },
{ "type": "Feature", "properties": { "DATA": "2021-11-16", "DIA DA SEMANA": "terça-feira", "DIA DO JOGO": "2021-11-16 00:00:00", "MÊS DO JOGO": "2021-11-16 00:00:00", "ANO JOGO": 2021.0, "ANO COMPETIÇÃO": 2021.0, "MANDANTE / VISITANTE (SCCP)": "Neutro", "TIME MANDANTE": "NACIONAL (URU)", "GOLS MANDANTE": "0.0", "x": "x", "GOLS VISITANTE": "8.0", "TIME VISITANTE": "CORINTHIANS", "PLACAR": "0x8", "RESULTADO": "VITÓRIA", "ADVERSÁRIO": "NACIONAL (URU)", "ESTADO ADVERSÁRIO": "N/A (ESTRANGEIRO)", "PAÍS ADVERSÁRIO": "URUGUAI", "GOLS SCCP": "8.0", "GOLS ADVERSÁRIO": "0.0", "SALDO DE GOLS": "8", "TREINADOR": "ARTHUR ELIAS", "JOGO OFICIAL?": "SIM", "COMPETIÇÃO": "COPA LIBERTADORES", "FASE": "SEMIFINAL", "ESTÁDIO": "OSVALDO DOMÍNGUEZ DIBB (ANTIGO MANUEL FERREIRA)", "CAPACIDADE": "25820", "CIDADE": "ASSUNÇÃO", "ESTADO/PROVÍNCIA": "DEPARTAMENTO CENTRAL", "PAÍS": "PARAGUAI", "LATITUDE": -25.291469240808979, "LONGITUDE": -57.607807123864319, "PÚBLICO PAGANTE": "ND", "PÚBLICO TOTAL": "ND", "RENDA BRUTA (R$)": "ND", "RENDA LÍQUIDA (R$)": "ND", "TICKET MÉDIO (R$)": "ND", "AUTORAS": "GIOVANNA CAMPIOLO, DIANY, VIC ALBUQUERQUE, GABI PORTILHO, JHENIFFER, ADRIANA, JULIETE, GRAZI", "TÍTULO?": "N/A", "OBSERVAÇÕES": null, "ERA": "Depois da reativação" }, "geometry": { "type": "Point", "coordinates": [ -57.607807123864319, -25.291469240808979 ] } },
{ "type": "Feature", "properties": { "DATA": "2021-11-21", "DIA DA SEMANA": "domingo", "DIA DO JOGO": "2021-11-21 00:00:00", "MÊS DO JOGO": "2021-11-21 00:00:00", "ANO JOGO": 2021.0, "ANO COMPETIÇÃO": 2021.0, "MANDANTE / VISITANTE (SCCP)": "Neutro", "TIME MANDANTE": "INDEPENDIENTE SANTA FE (COL)", "GOLS MANDANTE": "0.0", "x": "x", "GOLS VISITANTE": "2.0", "TIME VISITANTE": "CORINTHIANS", "PLACAR": "0x2", "RESULTADO": "VITÓRIA", "ADVERSÁRIO": "INDEPENDIENTE SANTA FE (COL)", "ESTADO ADVERSÁRIO": "N/A (ESTRANGEIRO)", "PAÍS ADVERSÁRIO": "COLÔMBIA", "GOLS SCCP": "2.0", "GOLS ADVERSÁRIO": "0.0", "SALDO DE GOLS": "2", "TREINADOR": "ARTHUR ELIAS", "JOGO OFICIAL?": "SIM", "COMPETIÇÃO": "COPA LIBERTADORES", "FASE": "FINAL", "ESTÁDIO": "GRAN PARQUE CENTRAL", "CAPACIDADE": "37000", "CIDADE": "MONTEVIDÉU", "ESTADO/PROVÍNCIA": "DEPARTAMENTO MONTEVIDÉU", "PAÍS": "URUGUAI", "LATITUDE": -34.884261789014836, "LONGITUDE": -56.158249987074328, "PÚBLICO PAGANTE": "ND", "PÚBLICO TOTAL": "ND", "RENDA BRUTA (R$)": "ND", "RENDA LÍQUIDA (R$)": "ND", "TICKET MÉDIO (R$)": "ND", "AUTORAS": "ADRIANA, GABI PORTILHO", "TÍTULO?": "COPA LIBERTADORES", "OBSERVAÇÕES": "Corinthians campeão da Copa Libertadores 2021 (3º título)", "ERA": "Depois da reativação" }, "geometry": { "type": "Point", "coordinates": [ -56.158249987074328, -34.884261789014836 ] } },
{ "type": "Feature", "properties": { "DATA": "2021-12-04", "DIA DA SEMANA": "sábado", "DIA DO JOGO": "2021-12-04 00:00:00", "MÊS DO JOGO": "2021-12-04 00:00:00", "ANO JOGO": 2021.0, "ANO COMPETIÇÃO": 2021.0, "MANDANTE / VISITANTE (SCCP)": "Não", "TIME MANDANTE": "SÃO PAULO", "GOLS MANDANTE": "1.0", "x": "x", "GOLS VISITANTE": "0.0", "TIME VISITANTE": "CORINTHIANS", "PLACAR": "1x0", "RESULTADO": "DERROTA", "ADVERSÁRIO": "SÃO PAULO", "ESTADO ADVERSÁRIO": "SÃO PAULO", "PAÍS ADVERSÁRIO": "BRASIL", "GOLS SCCP": "0.0", "GOLS ADVERSÁRIO": "1.0", "SALDO DE GOLS": "-1", "TREINADOR": "ARTHUR ELIAS", "JOGO OFICIAL?": "SIM", "COMPETIÇÃO": "CAMPEONATO PAULISTA / FPF", "FASE": "FINAL", "ESTÁDIO": "CÍCERO POMPEU DE TOLEDO - MORUMBIS", "CAPACIDADE": "66795", "CIDADE": "SÃO PAULO ", "ESTADO/PROVÍNCIA": "SÃO PAULO", "PAÍS": "BRASIL", "LATITUDE": -23.600668615234898, "LONGITUDE": -46.719567331250424, "PÚBLICO PAGANTE": "ND", "PÚBLICO TOTAL": "ND", "RENDA BRUTA (R$)": "ND", "RENDA LÍQUIDA (R$)": "ND", "TICKET MÉDIO (R$)": "ND", "AUTORAS": null, "TÍTULO?": "N/A", "OBSERVAÇÕES": null, "ERA": "Depois da reativação" }, "geometry": { "type": "Point", "coordinates": [ -46.719567331250424, -23.600668615234898 ] } },
{ "type": "Feature", "properties": { "DATA": "2021-12-08", "DIA DA SEMANA": "quarta-feira", "DIA DO JOGO": "2021-12-08 00:00:00", "MÊS DO JOGO": "2021-12-08 00:00:00", "ANO JOGO": 2021.0, "ANO COMPETIÇÃO": 2021.0, "MANDANTE / VISITANTE (SCCP)": "Sim", "TIME MANDANTE": "CORINTHIANS", "GOLS MANDANTE": "3.0", "x": "x", "GOLS VISITANTE": "1.0", "TIME VISITANTE": "SÃO PAULO", "PLACAR": "3x1", "RESULTADO": "VITÓRIA", "ADVERSÁRIO": "SÃO PAULO", "ESTADO ADVERSÁRIO": "SÃO PAULO", "PAÍS ADVERSÁRIO": "BRASIL", "GOLS SCCP": "3.0", "GOLS ADVERSÁRIO": "1.0", "SALDO DE GOLS": "2", "TREINADOR": "ARTHUR ELIAS", "JOGO OFICIAL?": "SIM", "COMPETIÇÃO": "CAMPEONATO PAULISTA / FPF", "FASE": "FINAL", "ESTÁDIO": "NEO QUÍMICA ARENA (ARENA CORINTHIANS)", "CAPACIDADE": "48905", "CIDADE": "SÃO PAULO ", "ESTADO/PROVÍNCIA": "SÃO PAULO", "PAÍS": "BRASIL", "LATITUDE": -23.545141276878514, "LONGITUDE": -46.473682029403896, "PÚBLICO PAGANTE": "30077.0", "PÚBLICO TOTAL": "ND", "RENDA BRUTA (R$)": "0.0", "RENDA LÍQUIDA (R$)": "ND", "TICKET MÉDIO (R$)": "0", "AUTORAS": "GABI ZANOTTI, GABI ZANOTTI, ADRIANA", "TÍTULO?": "CAMPEONATO PAULISTA", "OBSERVAÇÕES": "Ingressos gratuitos / Corinthians campeão do Campeonato Paulista 2021 (3º título)", "ERA": "Depois da reativação" }, "geometry": { "type": "Point", "coordinates": [ -46.473682029403896, -23.545141276878514 ] } },
{ "type": "Feature", "properties": { "DATA": "2022-02-06", "DIA DA SEMANA": "domingo", "DIA DO JOGO": "2022-02-06 00:00:00", "MÊS DO JOGO": "2022-02-06 00:00:00", "ANO JOGO": 2022.0, "ANO COMPETIÇÃO": 2022.0, "MANDANTE / VISITANTE (SCCP)": "Sim", "TIME MANDANTE": "CORINTHIANS", "GOLS MANDANTE": "3.0", "x": "x", "GOLS VISITANTE": "0.0", "TIME VISITANTE": "PALMEIRAS", "PLACAR": "3x0", "RESULTADO": "VITÓRIA", "ADVERSÁRIO": "PALMEIRAS", "ESTADO ADVERSÁRIO": "SÃO PAULO", "PAÍS ADVERSÁRIO": "BRASIL", "GOLS SCCP": "3.0", "GOLS ADVERSÁRIO": "0.0", "SALDO DE GOLS": "3", "TREINADOR": "ARTHUR ELIAS", "JOGO OFICIAL?": "SIM", "COMPETIÇÃO": "SUPERCOPA DO BRASIL", "FASE": "QUARTAS DE FINAL", "ESTÁDIO": "NEO QUÍMICA ARENA (ARENA CORINTHIANS)", "CAPACIDADE": "48905", "CIDADE": "SÃO PAULO ", "ESTADO/PROVÍNCIA": "SÃO PAULO", "PAÍS": "BRASIL", "LATITUDE": -23.545141276878514, "LONGITUDE": -46.473682029403896, "PÚBLICO PAGANTE": "13890.0", "PÚBLICO TOTAL": "ND", "RENDA BRUTA (R$)": "322467.5", "RENDA LÍQUIDA (R$)": "ND", "TICKET MÉDIO (R$)": "23.21580274", "AUTORAS": "GABI PORTILHO, TAMIRES, JAQUELINE", "TÍTULO?": "N/A", "OBSERVAÇÕES": null, "ERA": "Depois da reativação" }, "geometry": { "type": "Point", "coordinates": [ -46.473682029403896, -23.545141276878514 ] } },
{ "type": "Feature", "properties": { "DATA": "2022-02-09", "DIA DA SEMANA": "quarta-feira", "DIA DO JOGO": "2022-02-09 00:00:00", "MÊS DO JOGO": "2022-02-09 00:00:00", "ANO JOGO": 2022.0, "ANO COMPETIÇÃO": 2022.0, "MANDANTE / VISITANTE (SCCP)": "Sim", "TIME MANDANTE": "CORINTHIANS", "GOLS MANDANTE": "2.0", "x": "x", "GOLS VISITANTE": "0.0", "TIME VISITANTE": "REAL BRASÍLIA", "PLACAR": "2x0", "RESULTADO": "VITÓRIA", "ADVERSÁRIO": "REAL BRASÍLIA", "ESTADO ADVERSÁRIO": "DISTRITO FEDERAL", "PAÍS ADVERSÁRIO": "BRASIL", "GOLS SCCP": "2.0", "GOLS ADVERSÁRIO": "0.0", "SALDO DE GOLS": "2", "TREINADOR": "ARTHUR ELIAS", "JOGO OFICIAL?": "SIM", "COMPETIÇÃO": "SUPERCOPA DO BRASIL", "FASE": "SEMIFINAL", "ESTÁDIO": "ORLANDO BATISTA NOVELI (ARENA BARUERI / CREFISA)", "CAPACIDADE": "31452", "CIDADE": "BARUERI ", "ESTADO/PROVÍNCIA": "SÃO PAULO", "PAÍS": "BRASIL", "LATITUDE": -23.511935566878485, "LONGITUDE": -46.899810331250407, "PÚBLICO PAGANTE": "ND", "PÚBLICO TOTAL": "ND", "RENDA BRUTA (R$)": "ND", "RENDA LÍQUIDA (R$)": "ND", "TICKET MÉDIO (R$)": "ND", "AUTORAS": "JHENIFFER, LIANA SALAZAR", "TÍTULO?": "N/A", "OBSERVAÇÕES": null, "ERA": "Depois da reativação" }, "geometry": { "type": "Point", "coordinates": [ -46.899810331250407, -23.511935566878485 ] } },
{ "type": "Feature", "properties": { "DATA": "2022-02-13", "DIA DA SEMANA": "domingo", "DIA DO JOGO": "2022-02-13 00:00:00", "MÊS DO JOGO": "2022-02-13 00:00:00", "ANO JOGO": 2022.0, "ANO COMPETIÇÃO": 2022.0, "MANDANTE / VISITANTE (SCCP)": "Sim", "TIME MANDANTE": "CORINTHIANS", "GOLS MANDANTE": "1.0", "x": "x", "GOLS VISITANTE": "0.0", "TIME VISITANTE": "GRÊMIO", "PLACAR": "1x0", "RESULTADO": "VITÓRIA", "ADVERSÁRIO": "GRÊMIO", "ESTADO ADVERSÁRIO": "RIO GRANDE DO SUL", "PAÍS ADVERSÁRIO": "BRASIL", "GOLS SCCP": "1.0", "GOLS ADVERSÁRIO": "0.0", "SALDO DE GOLS": "1", "TREINADOR": "ARTHUR ELIAS", "JOGO OFICIAL?": "SIM", "COMPETIÇÃO": "SUPERCOPA DO BRASIL", "FASE": "FINAL", "ESTÁDIO": "NEO QUÍMICA ARENA (ARENA CORINTHIANS)", "CAPACIDADE": "48905", "CIDADE": "SÃO PAULO ", "ESTADO/PROVÍNCIA": "SÃO PAULO", "PAÍS": "BRASIL", "LATITUDE": -23.545141276878514, "LONGITUDE": -46.473682029403896, "PÚBLICO PAGANTE": "19547.0", "PÚBLICO TOTAL": "ND", "RENDA BRUTA (R$)": "442644.5", "RENDA LÍQUIDA (R$)": "ND", "TICKET MÉDIO (R$)": "22.64513736", "AUTORAS": "GABI ZANOTTI", "TÍTULO?": "SUPERCOPA FEMININA", "OBSERVAÇÕES": "Corinthians campeão da Supercopa Feminina 2022", "ERA": "Depois da reativação" }, "geometry": { "type": "Point", "coordinates": [ -46.473682029403896, -23.545141276878514 ] } },
{ "type": "Feature", "properties": { "DATA": "2022-02-22", "DIA DA SEMANA": "terça-feira", "DIA DO JOGO": "2022-02-22 00:00:00", "MÊS DO JOGO": "2022-02-22 00:00:00", "ANO JOGO": 2022.0, "ANO COMPETIÇÃO": 2022.0, "MANDANTE / VISITANTE (SCCP)": "Sim", "TIME MANDANTE": "CORINTHIANS", "GOLS MANDANTE": "1.0", "x": "x", "GOLS VISITANTE": "2.0", "TIME VISITANTE": "SELEÇÃO BRASILEIRA SUB-20", "PLACAR": "1x2", "RESULTADO": "DERROTA", "ADVERSÁRIO": "SELEÇÃO BRASILEIRA SUB-20", "ESTADO ADVERSÁRIO": "N/A (SELEÇÃO NACIONAL)", "PAÍS ADVERSÁRIO": "BRASIL", "GOLS SCCP": "1.0", "GOLS ADVERSÁRIO": "2.0", "SALDO DE GOLS": "-1", "TREINADOR": "ARTHUR ELIAS", "JOGO OFICIAL?": "NÃO", "COMPETIÇÃO": "JOGO-TREINO", "FASE": "N/A", "ESTÁDIO": "ALFREDO SCHÜRIG (PARQUE SÃO JORGE / FAZENDINHA)", "CAPACIDADE": "9800", "CIDADE": "SÃO PAULO ", "ESTADO/PROVÍNCIA": "SÃO PAULO", "PAÍS": "BRASIL", "LATITUDE": -23.526659630812546, "LONGITUDE": -46.569480895169598, "PÚBLICO PAGANTE": "PF", "PÚBLICO TOTAL": "PF", "RENDA BRUTA (R$)": "PF", "RENDA LÍQUIDA (R$)": "PF", "TICKET MÉDIO (R$)": "PF", "AUTORAS": null, "TÍTULO?": "N/A", "OBSERVAÇÕES": "Jogo-treino com portões fechados / Dois tempos de 35 minutos", "ERA": "Depois da reativação" }, "geometry": { "type": "Point", "coordinates": [ -46.569480895169598, -23.526659630812546 ] } },
{ "type": "Feature", "properties": { "DATA": "2022-03-05", "DIA DA SEMANA": "sábado", "DIA DO JOGO": "2022-03-05 00:00:00", "MÊS DO JOGO": "2022-03-05 00:00:00", "ANO JOGO": 2022.0, "ANO COMPETIÇÃO": 2022.0, "MANDANTE / VISITANTE (SCCP)": "Sim", "TIME MANDANTE": "CORINTHIANS", "GOLS MANDANTE": "2.0", "x": "x", "GOLS VISITANTE": "1.0", "TIME VISITANTE": "RED BULL BRAGANTINO", "PLACAR": "2x1", "RESULTADO": "VITÓRIA", "ADVERSÁRIO": "RED BULL BRAGANTINO", "ESTADO ADVERSÁRIO": "SÃO PAULO", "PAÍS ADVERSÁRIO": "BRASIL", "GOLS SCCP": "2.0", "GOLS ADVERSÁRIO": "1.0", "SALDO DE GOLS": "1", "TREINADOR": "ARTHUR ELIAS", "JOGO OFICIAL?": "SIM", "COMPETIÇÃO": "CAMPEONATO BRASILEIRO", "FASE": "1ª FASE", "ESTÁDIO": "ALFREDO SCHÜRIG (PARQUE SÃO JORGE / FAZENDINHA)", "CAPACIDADE": "9800", "CIDADE": "SÃO PAULO ", "ESTADO/PROVÍNCIA": "SÃO PAULO", "PAÍS": "BRASIL", "LATITUDE": -23.526659630812546, "LONGITUDE": -46.569480895169598, "PÚBLICO PAGANTE": "0.0", "PÚBLICO TOTAL": "ND", "RENDA BRUTA (R$)": "0.0", "RENDA LÍQUIDA (R$)": "-17425.5", "TICKET MÉDIO (R$)": "ND", "AUTORAS": "CONTRA, BIANCA GOMES", "TÍTULO?": "N/A", "OBSERVAÇÕES": null, "ERA": "Depois da reativação" }, "geometry": { "type": "Point", "coordinates": [ -46.569480895169598, -23.526659630812546 ] } },
{ "type": "Feature", "properties": { "DATA": "2022-03-14", "DIA DA SEMANA": "segunda-feira", "DIA DO JOGO": "2022-03-14 00:00:00", "MÊS DO JOGO": "2022-03-14 00:00:00", "ANO JOGO": 2022.0, "ANO COMPETIÇÃO": 2022.0, "MANDANTE / VISITANTE (SCCP)": "Não", "TIME MANDANTE": "ATLÉTICO-MG", "GOLS MANDANTE": "1.0", "x": "x", "GOLS VISITANTE": "1.0", "TIME VISITANTE": "CORINTHIANS", "PLACAR": "1x1", "RESULTADO": "EMPATE", "ADVERSÁRIO": "ATLÉTICO-MG", "ESTADO ADVERSÁRIO": "MINAS GERAIS", "PAÍS ADVERSÁRIO": "BRASIL", "GOLS SCCP": "1.0", "GOLS ADVERSÁRIO": "1.0", "SALDO DE GOLS": "0", "TREINADOR": "ARTHUR ELIAS", "JOGO OFICIAL?": "SIM", "COMPETIÇÃO": "CAMPEONATO BRASILEIRO", "FASE": "1ª FASE", "ESTÁDIO": "RAIMUNDO SAMPAIO (ARENA INDEPENDÊNCIA)", "CAPACIDADE": "23018", "CIDADE": "BELO HORIZONTE", "ESTADO/PROVÍNCIA": "MINAS GERAIS", "PAÍS": "BRASIL", "LATITUDE": -19.90848330206083, "LONGITUDE": -43.91854807059611, "PÚBLICO PAGANTE": "3431.0", "PÚBLICO TOTAL": "ND", "RENDA BRUTA (R$)": "11205.0", "RENDA LÍQUIDA (R$)": "-55327.32", "TICKET MÉDIO (R$)": "3.265811717", "AUTORAS": "GRAZI", "TÍTULO?": "N/A", "OBSERVAÇÕES": null, "ERA": "Depois da reativação" }, "geometry": { "type": "Point", "coordinates": [ -43.91854807059611, -19.90848330206083 ] } },
{ "type": "Feature", "properties": { "DATA": "2022-03-18", "DIA DA SEMANA": "sexta-feira", "DIA DO JOGO": "2022-03-18 00:00:00", "MÊS DO JOGO": "2022-03-18 00:00:00", "ANO JOGO": 2022.0, "ANO COMPETIÇÃO": 2022.0, "MANDANTE / VISITANTE (SCCP)": "Sim", "TIME MANDANTE": "CORINTHIANS", "GOLS MANDANTE": "1.0", "x": "x", "GOLS VISITANTE": "0.0", "TIME VISITANTE": "CRUZEIRO", "PLACAR": "1x0", "RESULTADO": "VITÓRIA", "ADVERSÁRIO": "CRUZEIRO", "ESTADO ADVERSÁRIO": "MINAS GERAIS", "PAÍS ADVERSÁRIO": "BRASIL", "GOLS SCCP": "1.0", "GOLS ADVERSÁRIO": "0.0", "SALDO DE GOLS": "1", "TREINADOR": "ARTHUR ELIAS", "JOGO OFICIAL?": "SIM", "COMPETIÇÃO": "CAMPEONATO BRASILEIRO", "FASE": "1ª FASE", "ESTÁDIO": "OSWALDO TEIXEIRA DUARTE (CANINDÉ)", "CAPACIDADE": "21004", "CIDADE": "SÃO PAULO ", "ESTADO/PROVÍNCIA": "SÃO PAULO", "PAÍS": "BRASIL", "LATITUDE": -23.520132719349128, "LONGITUDE": -46.618264502415194, "PÚBLICO PAGANTE": "2644.0", "PÚBLICO TOTAL": "ND", "RENDA BRUTA (R$)": "26170.0", "RENDA LÍQUIDA (R$)": "-9795.66", "TICKET MÉDIO (R$)": "9.897881997", "AUTORAS": "MIRIÃ", "TÍTULO?": "N/A", "OBSERVAÇÕES": null, "ERA": "Depois da reativação" }, "geometry": { "type": "Point", "coordinates": [ -46.618264502415194, -23.520132719349128 ] } },
{ "type": "Feature", "properties": { "DATA": "2022-03-27", "DIA DA SEMANA": "domingo", "DIA DO JOGO": "2022-03-27 00:00:00", "MÊS DO JOGO": "2022-03-27 00:00:00", "ANO JOGO": 2022.0, "ANO COMPETIÇÃO": 2022.0, "MANDANTE / VISITANTE (SCCP)": "Não", "TIME MANDANTE": "SANTOS", "GOLS MANDANTE": "1.0", "x": "x", "GOLS VISITANTE": "2.0", "TIME VISITANTE": "CORINTHIANS", "PLACAR": "1x2", "RESULTADO": "VITÓRIA", "ADVERSÁRIO": "SANTOS", "ESTADO ADVERSÁRIO": "SÃO PAULO", "PAÍS ADVERSÁRIO": "BRASIL", "GOLS SCCP": "2.0", "GOLS ADVERSÁRIO": "1.0", "SALDO DE GOLS": "1", "TREINADOR": "ARTHUR ELIAS", "JOGO OFICIAL?": "SIM", "COMPETIÇÃO": "CAMPEONATO BRASILEIRO", "FASE": "1ª FASE", "ESTÁDIO": "URBANO CALDEIRA (VILA BELMIRO)", "CAPACIDADE": "20360", "CIDADE": "SANTOS", "ESTADO/PROVÍNCIA": "SÃO PAULO", "PAÍS": "BRASIL", "LATITUDE": -23.950833202245221, "LONGITUDE": -46.338367960085641, "PÚBLICO PAGANTE": "1721.0", "PÚBLICO TOTAL": "ND", "RENDA BRUTA (R$)": "11485.0", "RENDA LÍQUIDA (R$)": "-23264.46", "TICKET MÉDIO (R$)": "6.673445671", "AUTORAS": "CONTRA, MYLENA", "TÍTULO?": "N/A", "OBSERVAÇÕES": null, "ERA": "Depois da reativação" }, "geometry": { "type": "Point", "coordinates": [ -46.338367960085641, -23.950833202245221 ] } },
{ "type": "Feature", "properties": { "DATA": "2022-04-03", "DIA DA SEMANA": "domingo", "DIA DO JOGO": "2022-04-03 00:00:00", "MÊS DO JOGO": "2022-04-03 00:00:00", "ANO JOGO": 2022.0, "ANO COMPETIÇÃO": 2022.0, "MANDANTE / VISITANTE (SCCP)": "Sim", "TIME MANDANTE": "CORINTHIANS", "GOLS MANDANTE": "1.0", "x": "x", "GOLS VISITANTE": "1.0", "TIME VISITANTE": "SÃO PAULO", "PLACAR": "1x1", "RESULTADO": "EMPATE", "ADVERSÁRIO": "SÃO PAULO", "ESTADO ADVERSÁRIO": "SÃO PAULO", "PAÍS ADVERSÁRIO": "BRASIL", "GOLS SCCP": "1.0", "GOLS ADVERSÁRIO": "1.0", "SALDO DE GOLS": "0", "TREINADOR": "ARTHUR ELIAS", "JOGO OFICIAL?": "SIM", "COMPETIÇÃO": "CAMPEONATO BRASILEIRO", "FASE": "1ª FASE", "ESTÁDIO": "ALFREDO SCHÜRIG (PARQUE SÃO JORGE / FAZENDINHA)", "CAPACIDADE": "9800", "CIDADE": "SÃO PAULO ", "ESTADO/PROVÍNCIA": "SÃO PAULO", "PAÍS": "BRASIL", "LATITUDE": -23.526659630812546, "LONGITUDE": -46.569480895169598, "PÚBLICO PAGANTE": "1871.0", "PÚBLICO TOTAL": "1326.0", "RENDA BRUTA (R$)": "35565.0", "RENDA LÍQUIDA (R$)": "15716.6", "TICKET MÉDIO (R$)": "19.00855158", "AUTORAS": "GABI PORTILHO", "TÍTULO?": "N/A", "OBSERVAÇÕES": null, "ERA": "Depois da reativação" }, "geometry": { "type": "Point", "coordinates": [ -46.569480895169598, -23.526659630812546 ] } },
{ "type": "Feature", "properties": { "DATA": "2022-04-17", "DIA DA SEMANA": "domingo", "DIA DO JOGO": "2022-04-17 00:00:00", "MÊS DO JOGO": "2022-04-17 00:00:00", "ANO JOGO": 2022.0, "ANO COMPETIÇÃO": 2022.0, "MANDANTE / VISITANTE (SCCP)": "Sim", "TIME MANDANTE": "CORINTHIANS", "GOLS MANDANTE": "3.0", "x": "x", "GOLS VISITANTE": "0.0", "TIME VISITANTE": "REAL BRASÍLIA", "PLACAR": "3x0", "RESULTADO": "VITÓRIA", "ADVERSÁRIO": "REAL BRASÍLIA", "ESTADO ADVERSÁRIO": "DISTRITO FEDERAL", "PAÍS ADVERSÁRIO": "BRASIL", "GOLS SCCP": "3.0", "GOLS ADVERSÁRIO": "0.0", "SALDO DE GOLS": "3", "TREINADOR": "ARTHUR ELIAS", "JOGO OFICIAL?": "SIM", "COMPETIÇÃO": "CAMPEONATO BRASILEIRO", "FASE": "1ª FASE", "ESTÁDIO": "ALFREDO SCHÜRIG (PARQUE SÃO JORGE / FAZENDINHA)", "CAPACIDADE": "9800", "CIDADE": "SÃO PAULO ", "ESTADO/PROVÍNCIA": "SÃO PAULO", "PAÍS": "BRASIL", "LATITUDE": -23.526659630812546, "LONGITUDE": -46.569480895169598, "PÚBLICO PAGANTE": "1133.0", "PÚBLICO TOTAL": "574.0", "RENDA BRUTA (R$)": "24777.0", "RENDA LÍQUIDA (R$)": "4085.15", "TICKET MÉDIO (R$)": "21.86849073", "AUTORAS": "JAQUELINE, GABI ZANOTTI, ADRIANA", "TÍTULO?": "N/A", "OBSERVAÇÕES": null, "ERA": "Depois da reativação" }, "geometry": { "type": "Point", "coordinates": [ -46.569480895169598, -23.526659630812546 ] } },
{ "type": "Feature", "properties": { "DATA": "2022-04-25", "DIA DA SEMANA": "segunda-feira", "DIA DO JOGO": "2022-04-25 00:00:00", "MÊS DO JOGO": "2022-04-25 00:00:00", "ANO JOGO": 2022.0, "ANO COMPETIÇÃO": 2022.0, "MANDANTE / VISITANTE (SCCP)": "Não", "TIME MANDANTE": "SÃO JOSÉ", "GOLS MANDANTE": "0.0", "x": "x", "GOLS VISITANTE": "5.0", "TIME VISITANTE": "CORINTHIANS", "PLACAR": "0x5", "RESULTADO": "VITÓRIA", "ADVERSÁRIO": "SÃO JOSÉ", "ESTADO ADVERSÁRIO": "SÃO PAULO", "PAÍS ADVERSÁRIO": "BRASIL", "GOLS SCCP": "5.0", "GOLS ADVERSÁRIO": "0.0", "SALDO DE GOLS": "5", "TREINADOR": "ARTHUR ELIAS", "JOGO OFICIAL?": "SIM", "COMPETIÇÃO": "CAMPEONATO BRASILEIRO", "FASE": "1ª FASE", "ESTÁDIO": "MARTINS PEREIRA", "CAPACIDADE": "16500", "CIDADE": "SÃO JOSÉ DOS CAMPOS ", "ESTADO/PROVÍNCIA": "SÃO PAULO", "PAÍS": "BRASIL", "LATITUDE": -23.1884912615151, "LONGITUDE": -45.869827477202776, "PÚBLICO PAGANTE": "ND", "PÚBLICO TOTAL": "ND", "RENDA BRUTA (R$)": "ND", "RENDA LÍQUIDA (R$)": "ND", "TICKET MÉDIO (R$)": "ND", "AUTORAS": "GABI ZANOTTI, GABI ZANOTTI, ADRIANA, GABI ZANOTTI, JHENIFFER", "TÍTULO?": "N/A", "OBSERVAÇÕES": null, "ERA": "Depois da reativação" }, "geometry": { "type": "Point", "coordinates": [ -45.869827477202776, -23.1884912615151 ] } },
{ "type": "Feature", "properties": { "DATA": "2022-05-01", "DIA DA SEMANA": "domingo", "DIA DO JOGO": "2022-05-01 00:00:00", "MÊS DO JOGO": "2022-05-01 00:00:00", "ANO JOGO": 2022.0, "ANO COMPETIÇÃO": 2022.0, "MANDANTE / VISITANTE (SCCP)": "Sim", "TIME MANDANTE": "CORINTHIANS", "GOLS MANDANTE": "2.0", "x": "x", "GOLS VISITANTE": "2.0", "TIME VISITANTE": "FERROVIÁRIA", "PLACAR": "2x2", "RESULTADO": "EMPATE", "ADVERSÁRIO": "FERROVIÁRIA", "ESTADO ADVERSÁRIO": "SÃO PAULO", "PAÍS ADVERSÁRIO": "BRASIL", "GOLS SCCP": "2.0", "GOLS ADVERSÁRIO": "2.0", "SALDO DE GOLS": "0", "TREINADOR": "ARTHUR ELIAS", "JOGO OFICIAL?": "SIM", "COMPETIÇÃO": "CAMPEONATO BRASILEIRO", "FASE": "1ª FASE", "ESTÁDIO": "ALFREDO SCHÜRIG (PARQUE SÃO JORGE / FAZENDINHA)", "CAPACIDADE": "9800", "CIDADE": "SÃO PAULO ", "ESTADO/PROVÍNCIA": "SÃO PAULO", "PAÍS": "BRASIL", "LATITUDE": -23.526659630812546, "LONGITUDE": -46.569480895169598, "PÚBLICO PAGANTE": "1954.0", "PÚBLICO TOTAL": "ND", "RENDA BRUTA (R$)": "46170.0", "RENDA LÍQUIDA (R$)": "ND", "TICKET MÉDIO (R$)": "23.62845445", "AUTORAS": "GABI ZANOTTI, ADRIANA", "TÍTULO?": "N/A", "OBSERVAÇÕES": null, "ERA": "Depois da reativação" }, "geometry": { "type": "Point", "coordinates": [ -46.569480895169598, -23.526659630812546 ] } },
{ "type": "Feature", "properties": { "DATA": "2022-05-15", "DIA DA SEMANA": "domingo", "DIA DO JOGO": "2022-05-15 00:00:00", "MÊS DO JOGO": "2022-05-15 00:00:00", "ANO JOGO": 2022.0, "ANO COMPETIÇÃO": 2022.0, "MANDANTE / VISITANTE (SCCP)": "Não", "TIME MANDANTE": "CRESSPOM-DF", "GOLS MANDANTE": "0.0", "x": "x", "GOLS VISITANTE": "3.0", "TIME VISITANTE": "CORINTHIANS", "PLACAR": "0x3", "RESULTADO": "VITÓRIA", "ADVERSÁRIO": "CRESSPOM-DF", "ESTADO ADVERSÁRIO": "DISTRITO FEDERAL", "PAÍS ADVERSÁRIO": "BRASIL", "GOLS SCCP": "3.0", "GOLS ADVERSÁRIO": "0.0", "SALDO DE GOLS": "3", "TREINADOR": "ARTHUR ELIAS", "JOGO OFICIAL?": "SIM", "COMPETIÇÃO": "CAMPEONATO BRASILEIRO", "FASE": "1ª FASE", "ESTÁDIO": "MARIA DE LOURDES ABADIA (ABADIÃO)", "CAPACIDADE": "5000", "CIDADE": "CEILÂNDIA ", "ESTADO/PROVÍNCIA": "DISTRITO FEDERAL", "PAÍS": "BRASIL", "LATITUDE": -15.827361329856274, "LONGITUDE": -48.109266271733446, "PÚBLICO PAGANTE": "200.0", "PÚBLICO TOTAL": "ND", "RENDA BRUTA (R$)": "1100.0", "RENDA LÍQUIDA (R$)": "-2969.2", "TICKET MÉDIO (R$)": "5.5", "AUTORAS": "CONTRA, ANDRESSA PEREIRA, GABI PORTILHO", "TÍTULO?": "N/A", "OBSERVAÇÕES": null, "ERA": "Depois da reativação" }, "geometry": { "type": "Point", "coordinates": [ -48.109266271733446, -15.827361329856274 ] } },
{ "type": "Feature", "properties": { "DATA": "2022-05-28", "DIA DA SEMANA": "sábado", "DIA DO JOGO": "2022-05-28 00:00:00", "MÊS DO JOGO": "2022-05-28 00:00:00", "ANO JOGO": 2022.0, "ANO COMPETIÇÃO": 2022.0, "MANDANTE / VISITANTE (SCCP)": "Sim", "TIME MANDANTE": "CORINTHIANS", "GOLS MANDANTE": "4.0", "x": "x", "GOLS VISITANTE": "0.0", "TIME VISITANTE": "AVAÍ/KINDERMANN", "PLACAR": "4x0", "RESULTADO": "VITÓRIA", "ADVERSÁRIO": "AVAÍ/KINDERMANN", "ESTADO ADVERSÁRIO": "SANTA CATARINA", "PAÍS ADVERSÁRIO": "BRASIL", "GOLS SCCP": "4.0", "GOLS ADVERSÁRIO": "0.0", "SALDO DE GOLS": "4", "TREINADOR": "ARTHUR ELIAS", "JOGO OFICIAL?": "SIM", "COMPETIÇÃO": "CAMPEONATO BRASILEIRO", "FASE": "1ª FASE", "ESTÁDIO": "ALFREDO SCHÜRIG (PARQUE SÃO JORGE / FAZENDINHA)", "CAPACIDADE": "9800", "CIDADE": "SÃO PAULO ", "ESTADO/PROVÍNCIA": "SÃO PAULO", "PAÍS": "BRASIL", "LATITUDE": -23.526659630812546, "LONGITUDE": -46.569480895169598, "PÚBLICO PAGANTE": "2267.0", "PÚBLICO TOTAL": "918.0", "RENDA BRUTA (R$)": "50307.0", "RENDA LÍQUIDA (R$)": "29871.28", "TICKET MÉDIO (R$)": "22.19100132", "AUTORAS": "ADRIANA, GABI PORTILHO, DIANY, TARCIANE", "TÍTULO?": "N/A", "OBSERVAÇÕES": null, "ERA": "Depois da reativação" }, "geometry": { "type": "Point", "coordinates": [ -46.569480895169598, -23.526659630812546 ] } },
{ "type": "Feature", "properties": { "DATA": "2022-06-04", "DIA DA SEMANA": "sábado", "DIA DO JOGO": "2022-06-04 00:00:00", "MÊS DO JOGO": "2022-06-04 00:00:00", "ANO JOGO": 2022.0, "ANO COMPETIÇÃO": 2022.0, "MANDANTE / VISITANTE (SCCP)": "Não", "TIME MANDANTE": "PALMEIRAS", "GOLS MANDANTE": "2.0", "x": "x", "GOLS VISITANTE": "0.0", "TIME VISITANTE": "CORINTHIANS", "PLACAR": "2x0", "RESULTADO": "DERROTA", "ADVERSÁRIO": "PALMEIRAS", "ESTADO ADVERSÁRIO": "SÃO PAULO", "PAÍS ADVERSÁRIO": "BRASIL", "GOLS SCCP": "0.0", "GOLS ADVERSÁRIO": "2.0", "SALDO DE GOLS": "-2", "TREINADOR": "ARTHUR ELIAS", "JOGO OFICIAL?": "SIM", "COMPETIÇÃO": "CAMPEONATO BRASILEIRO", "FASE": "1ª FASE", "ESTÁDIO": "NUBANK PARQUE (ARENA PALMEIRAS)", "CAPACIDADE": "43713", "CIDADE": "SÃO PAULO ", "ESTADO/PROVÍNCIA": "SÃO PAULO", "PAÍS": "BRASIL", "LATITUDE": -23.527428879851925, "LONGITUDE": -46.678112148437812, "PÚBLICO PAGANTE": "5947.0", "PÚBLICO TOTAL": "ND", "RENDA BRUTA (R$)": "120165.0", "RENDA LÍQUIDA (R$)": "78938.72", "TICKET MÉDIO (R$)": "20.20598621", "AUTORAS": null, "TÍTULO?": "N/A", "OBSERVAÇÕES": null, "ERA": "Depois da reativação" }, "geometry": { "type": "Point", "coordinates": [ -46.678112148437812, -23.527428879851925 ] } },
{ "type": "Feature", "properties": { "DATA": "2022-06-11", "DIA DA SEMANA": "sábado", "DIA DO JOGO": "2022-06-11 00:00:00", "MÊS DO JOGO": "2022-06-11 00:00:00", "ANO JOGO": 2022.0, "ANO COMPETIÇÃO": 2022.0, "MANDANTE / VISITANTE (SCCP)": "Não", "TIME MANDANTE": "FLAMENGO", "GOLS MANDANTE": "1.0", "x": "x", "GOLS VISITANTE": "2.0", "TIME VISITANTE": "CORINTHIANS", "PLACAR": "1x2", "RESULTADO": "VITÓRIA", "ADVERSÁRIO": "FLAMENGO", "ESTADO ADVERSÁRIO": "RIO DE JANEIRO", "PAÍS ADVERSÁRIO": "BRASIL", "GOLS SCCP": "2.0", "GOLS ADVERSÁRIO": "1.0", "SALDO DE GOLS": "1", "TREINADOR": "ARTHUR ELIAS", "JOGO OFICIAL?": "SIM", "COMPETIÇÃO": "CAMPEONATO BRASILEIRO", "FASE": "1ª FASE", "ESTÁDIO": "JOSÉ BASTOS PADILHA (GÁVEA)", "CAPACIDADE": "6000", "CIDADE": "RIO DE JANEIRO ", "ESTADO/PROVÍNCIA": "RIO DE JANEIRO", "PAÍS": "BRASIL", "LATITUDE": -22.978323663490634, "LONGITUDE": -43.221570067471745, "PÚBLICO PAGANTE": "ND", "PÚBLICO TOTAL": "ND", "RENDA BRUTA (R$)": "ND", "RENDA LÍQUIDA (R$)": "ND", "TICKET MÉDIO (R$)": "ND", "AUTORAS": null, "TÍTULO?": "N/A", "OBSERVAÇÕES": null, "ERA": "Depois da reativação" }, "geometry": { "type": "Point", "coordinates": [ -43.221570067471745, -22.978323663490634 ] } },
{ "type": "Feature", "properties": { "DATA": "2022-06-18", "DIA DA SEMANA": "sábado", "DIA DO JOGO": "2022-06-18 00:00:00", "MÊS DO JOGO": "2022-06-18 00:00:00", "ANO JOGO": 2022.0, "ANO COMPETIÇÃO": 2022.0, "MANDANTE / VISITANTE (SCCP)": "Sim", "TIME MANDANTE": "CORINTHIANS", "GOLS MANDANTE": "1.0", "x": "x", "GOLS VISITANTE": "1.0", "TIME VISITANTE": "INTERNACIONAL", "PLACAR": "1x1", "RESULTADO": "EMPATE", "ADVERSÁRIO": "INTERNACIONAL", "ESTADO ADVERSÁRIO": "RIO GRANDE DO SUL", "PAÍS ADVERSÁRIO": "BRASIL", "GOLS SCCP": "1.0", "GOLS ADVERSÁRIO": "1.0", "SALDO DE GOLS": "0", "TREINADOR": "ARTHUR ELIAS", "JOGO OFICIAL?": "SIM", "COMPETIÇÃO": "CAMPEONATO BRASILEIRO", "FASE": "1ª FASE", "ESTÁDIO": "ALFREDO SCHÜRIG (PARQUE SÃO JORGE / FAZENDINHA)", "CAPACIDADE": "9800", "CIDADE": "SÃO PAULO ", "ESTADO/PROVÍNCIA": "SÃO PAULO", "PAÍS": "BRASIL", "LATITUDE": -23.526659630812546, "LONGITUDE": -46.569480895169598, "PÚBLICO PAGANTE": "2512.0", "PÚBLICO TOTAL": "1089.0", "RENDA BRUTA (R$)": "58242.0", "RENDA LÍQUIDA (R$)": "37695.55", "TICKET MÉDIO (R$)": "23.18550955", "AUTORAS": "ADRIANA, GRAZI", "TÍTULO?": "N/A", "OBSERVAÇÕES": null, "ERA": "Depois da reativação" }, "geometry": { "type": "Point", "coordinates": [ -46.569480895169598, -23.526659630812546 ] } },
{ "type": "Feature", "properties": { "DATA": "2022-08-03", "DIA DA SEMANA": "quarta-feira", "DIA DO JOGO": "2022-08-03 00:00:00", "MÊS DO JOGO": "2022-08-03 00:00:00", "ANO JOGO": 2022.0, "ANO COMPETIÇÃO": 2022.0, "MANDANTE / VISITANTE (SCCP)": "Sim", "TIME MANDANTE": "CORINTHIANS", "GOLS MANDANTE": "4.0", "x": "x", "GOLS VISITANTE": "0.0", "TIME VISITANTE": "ESMAC-PA", "PLACAR": "4x0", "RESULTADO": "VITÓRIA", "ADVERSÁRIO": "ESMAC-PA", "ESTADO ADVERSÁRIO": "PARÁ", "PAÍS ADVERSÁRIO": "BRASIL", "GOLS SCCP": "4.0", "GOLS ADVERSÁRIO": "0.0", "SALDO DE GOLS": "4", "TREINADOR": "ARTHUR ELIAS", "JOGO OFICIAL?": "SIM", "COMPETIÇÃO": "CAMPEONATO BRASILEIRO", "FASE": "1ª FASE", "ESTÁDIO": "ALFREDO SCHÜRIG (PARQUE SÃO JORGE / FAZENDINHA)", "CAPACIDADE": "9800", "CIDADE": "SÃO PAULO ", "ESTADO/PROVÍNCIA": "SÃO PAULO", "PAÍS": "BRASIL", "LATITUDE": -23.526659630812546, "LONGITUDE": -46.569480895169598, "PÚBLICO PAGANTE": "3364.0", "PÚBLICO TOTAL": "736.0", "RENDA BRUTA (R$)": "70602.0", "RENDA LÍQUIDA (R$)": "51990.01", "TICKET MÉDIO (R$)": "20.98751486", "AUTORAS": "JAQUELINE, GRAZI, JHENIFFER, JAQUELINE", "TÍTULO?": "N/A", "OBSERVAÇÕES": null, "ERA": "Depois da reativação" }, "geometry": { "type": "Point", "coordinates": [ -46.569480895169598, -23.526659630812546 ] } },
{ "type": "Feature", "properties": { "DATA": "2022-08-07", "DIA DA SEMANA": "domingo", "DIA DO JOGO": "2022-08-07 00:00:00", "MÊS DO JOGO": "2022-08-07 00:00:00", "ANO JOGO": 2022.0, "ANO COMPETIÇÃO": 2022.0, "MANDANTE / VISITANTE (SCCP)": "Não", "TIME MANDANTE": "GRÊMIO", "GOLS MANDANTE": "2.0", "x": "x", "GOLS VISITANTE": "2.0", "TIME VISITANTE": "CORINTHIANS", "PLACAR": "2x2", "RESULTADO": "EMPATE", "ADVERSÁRIO": "GRÊMIO", "ESTADO ADVERSÁRIO": "RIO GRANDE DO SUL", "PAÍS ADVERSÁRIO": "BRASIL", "GOLS SCCP": "2.0", "GOLS ADVERSÁRIO": "2.0", "SALDO DE GOLS": "0", "TREINADOR": "ARTHUR ELIAS", "JOGO OFICIAL?": "SIM", "COMPETIÇÃO": "CAMPEONATO BRASILEIRO", "FASE": "1ª FASE", "ESTÁDIO": "ANTÔNIO VIEIRA RAMOS (VIEIRÃO)", "CAPACIDADE": "8000", "CIDADE": "GRAVATAÍ", "ESTADO/PROVÍNCIA": "RIO GRANDE DO SUL", "PAÍS": "BRASIL", "LATITUDE": -29.934730553219048, "LONGITUDE": -50.996962888657364, "PÚBLICO PAGANTE": "150.0", "PÚBLICO TOTAL": "ND", "RENDA BRUTA (R$)": "1130.0", "RENDA LÍQUIDA (R$)": "-6101.4", "TICKET MÉDIO (R$)": "7.533333333", "AUTORAS": "GABI ZANOTTI, ADRIANA", "TÍTULO?": "N/A", "OBSERVAÇÕES": null, "ERA": "Depois da reativação" }, "geometry": { "type": "Point", "coordinates": [ -50.996962888657364, -29.934730553219048 ] } },
{ "type": "Feature", "properties": { "DATA": "2022-08-10", "DIA DA SEMANA": "quarta-feira", "DIA DO JOGO": "2022-08-10 00:00:00", "MÊS DO JOGO": "2022-08-10 00:00:00", "ANO JOGO": 2022.0, "ANO COMPETIÇÃO": 2022.0, "MANDANTE / VISITANTE (SCCP)": "Não", "TIME MANDANTE": "SÃO BERNARDO", "GOLS MANDANTE": "1.0", "x": "x", "GOLS VISITANTE": "6.0", "TIME VISITANTE": "CORINTHIANS", "PLACAR": "1x6", "RESULTADO": "VITÓRIA", "ADVERSÁRIO": "SÃO BERNARDO", "ESTADO ADVERSÁRIO": "SÃO PAULO", "PAÍS ADVERSÁRIO": "BRASIL", "GOLS SCCP": "6.0", "GOLS ADVERSÁRIO": "1.0", "SALDO DE GOLS": "5", "TREINADOR": "ARTHUR ELIAS", "JOGO OFICIAL?": "SIM", "COMPETIÇÃO": "CAMPEONATO PAULISTA / FPF", "FASE": "1ª FASE", "ESTÁDIO": "BRUNO JOSÉ DANIEL (BRUNÃO)", "CAPACIDADE": "11440", "CIDADE": "SANTO ANDRÉ", "ESTADO/PROVÍNCIA": "SÃO PAULO", "PAÍS": "BRASIL", "LATITUDE": -23.669570064310722, "LONGITUDE": -46.509300705133256, "PÚBLICO PAGANTE": "ND", "PÚBLICO TOTAL": "ND", "RENDA BRUTA (R$)": "ND", "RENDA LÍQUIDA (R$)": "ND", "TICKET MÉDIO (R$)": "ND", "AUTORAS": "JHENIFFER, JHENIFFER, MYLENA, VIC ALBUQUERQUE, GRAZI, BIANCA GOMES", "TÍTULO?": "N/A", "OBSERVAÇÕES": null, "ERA": "Depois da reativação" }, "geometry": { "type": "Point", "coordinates": [ -46.509300705133256, -23.669570064310722 ] } },
{ "type": "Feature", "properties": { "DATA": "2022-08-14", "DIA DA SEMANA": "domingo", "DIA DO JOGO": "2022-08-14 00:00:00", "MÊS DO JOGO": "2022-08-14 00:00:00", "ANO JOGO": 2022.0, "ANO COMPETIÇÃO": 2022.0, "MANDANTE / VISITANTE (SCCP)": "Não", "TIME MANDANTE": "REAL BRASÍLIA", "GOLS MANDANTE": "0.0", "x": "x", "GOLS VISITANTE": "2.0", "TIME VISITANTE": "CORINTHIANS", "PLACAR": "0x2", "RESULTADO": "VITÓRIA", "ADVERSÁRIO": "REAL BRASÍLIA", "ESTADO ADVERSÁRIO": "DISTRITO FEDERAL", "PAÍS ADVERSÁRIO": "BRASIL", "GOLS SCCP": "2.0", "GOLS ADVERSÁRIO": "0.0", "SALDO DE GOLS": "2", "TREINADOR": "ARTHUR ELIAS", "JOGO OFICIAL?": "SIM", "COMPETIÇÃO": "CAMPEONATO BRASILEIRO", "FASE": "QUARTAS DE FINAL", "ESTÁDIO": "ARENA BRB MANÉ GARRINCHA (ESTÁDIO NACIONAL DE BRASÍLIA)", "CAPACIDADE": "72788", "CIDADE": "BRASÍLIA", "ESTADO/PROVÍNCIA": "DISTRITO FEDERAL", "PAÍS": "BRASIL", "LATITUDE": -15.783414667854856, "LONGITUDE": -47.900118878659491, "PÚBLICO PAGANTE": "1101.0", "PÚBLICO TOTAL": "ND", "RENDA BRUTA (R$)": "25590.0", "RENDA LÍQUIDA (R$)": "-5321.2", "TICKET MÉDIO (R$)": "23.24250681", "AUTORAS": "ADRIANA, VIC ALBUQUERQUE", "TÍTULO?": "N/A", "OBSERVAÇÕES": null, "ERA": "Depois da reativação" }, "geometry": { "type": "Point", "coordinates": [ -47.900118878659491, -15.783414667854856 ] } },
{ "type": "Feature", "properties": { "DATA": "2022-08-18", "DIA DA SEMANA": "quinta-feira", "DIA DO JOGO": "2022-08-18 00:00:00", "MÊS DO JOGO": "2022-08-18 00:00:00", "ANO JOGO": 2022.0, "ANO COMPETIÇÃO": 2022.0, "MANDANTE / VISITANTE (SCCP)": "Sim", "TIME MANDANTE": "CORINTHIANS", "GOLS MANDANTE": "6.0", "x": "x", "GOLS VISITANTE": "0.0", "TIME VISITANTE": "PORTUGUESA", "PLACAR": "6x0", "RESULTADO": "VITÓRIA", "ADVERSÁRIO": "PORTUGUESA", "ESTADO ADVERSÁRIO": "SÃO PAULO", "PAÍS ADVERSÁRIO": "BRASIL", "GOLS SCCP": "6.0", "GOLS ADVERSÁRIO": "0.0", "SALDO DE GOLS": "6", "TREINADOR": "ARTHUR ELIAS", "JOGO OFICIAL?": "SIM", "COMPETIÇÃO": "CAMPEONATO PAULISTA / FPF", "FASE": "1ª FASE", "ESTÁDIO": "ALFREDO SCHÜRIG (PARQUE SÃO JORGE / FAZENDINHA)", "CAPACIDADE": "9800", "CIDADE": "SÃO PAULO ", "ESTADO/PROVÍNCIA": "SÃO PAULO", "PAÍS": "BRASIL", "LATITUDE": -23.526659630812546, "LONGITUDE": -46.569480895169598, "PÚBLICO PAGANTE": "3081.0", "PÚBLICO TOTAL": "305.0", "RENDA BRUTA (R$)": "66987.0", "RENDA LÍQUIDA (R$)": "ND", "TICKET MÉDIO (R$)": "21.74196689", "AUTORAS": "BIANCA GOMES, ANDRESSA PEREIRA, GRAZI, MIRIÃ, GABI MORAIS, JHENIFFER", "TÍTULO?": "N/A", "OBSERVAÇÕES": null, "ERA": "Depois da reativação" }, "geometry": { "type": "Point", "coordinates": [ -46.569480895169598, -23.526659630812546 ] } },
{ "type": "Feature", "properties": { "DATA": "2022-08-21", "DIA DA SEMANA": "domingo", "DIA DO JOGO": "2022-08-21 00:00:00", "MÊS DO JOGO": "2022-08-21 00:00:00", "ANO JOGO": 2022.0, "ANO COMPETIÇÃO": 2022.0, "MANDANTE / VISITANTE (SCCP)": "Sim", "TIME MANDANTE": "CORINTHIANS", "GOLS MANDANTE": "1.0", "x": "x", "GOLS VISITANTE": "0.0", "TIME VISITANTE": "REAL BRASÍLIA", "PLACAR": "1x0", "RESULTADO": "VITÓRIA", "ADVERSÁRIO": "REAL BRASÍLIA", "ESTADO ADVERSÁRIO": "DISTRITO FEDERAL", "PAÍS ADVERSÁRIO": "BRASIL", "GOLS SCCP": "1.0", "GOLS ADVERSÁRIO": "0.0", "SALDO DE GOLS": "1", "TREINADOR": "ARTHUR ELIAS", "JOGO OFICIAL?": "SIM", "COMPETIÇÃO": "CAMPEONATO BRASILEIRO", "FASE": "QUARTAS DE FINAL", "ESTÁDIO": "NEO QUÍMICA ARENA (ARENA CORINTHIANS)", "CAPACIDADE": "48905", "CIDADE": "SÃO PAULO ", "ESTADO/PROVÍNCIA": "SÃO PAULO", "PAÍS": "BRASIL", "LATITUDE": -23.545141276878514, "LONGITUDE": -46.473682029403896, "PÚBLICO PAGANTE": "15507.0", "PÚBLICO TOTAL": "9854.0", "RENDA BRUTA (R$)": "306018.5", "RENDA LÍQUIDA (R$)": "141086.36", "TICKET MÉDIO (R$)": "19.73421681", "AUTORAS": "TAMIRES", "TÍTULO?": "N/A", "OBSERVAÇÕES": null, "ERA": "Depois da reativação" }, "geometry": { "type": "Point", "coordinates": [ -46.473682029403896, -23.545141276878514 ] } },
{ "type": "Feature", "properties": { "DATA": "2022-08-24", "DIA DA SEMANA": "quarta-feira", "DIA DO JOGO": "2022-08-24 00:00:00", "MÊS DO JOGO": "2022-08-24 00:00:00", "ANO JOGO": 2022.0, "ANO COMPETIÇÃO": 2022.0, "MANDANTE / VISITANTE (SCCP)": "Sim", "TIME MANDANTE": "CORINTHIANS", "GOLS MANDANTE": "1.0", "x": "x", "GOLS VISITANTE": "2.0", "TIME VISITANTE": "FERROVIÁRIA", "PLACAR": "1x2", "RESULTADO": "DERROTA", "ADVERSÁRIO": "FERROVIÁRIA", "ESTADO ADVERSÁRIO": "SÃO PAULO", "PAÍS ADVERSÁRIO": "BRASIL", "GOLS SCCP": "1.0", "GOLS ADVERSÁRIO": "2.0", "SALDO DE GOLS": "-1", "TREINADOR": "ARTHUR ELIAS", "JOGO OFICIAL?": "SIM", "COMPETIÇÃO": "CAMPEONATO PAULISTA / FPF", "FASE": "1ª FASE", "ESTÁDIO": "FRANCISCO RIBEIRO NOGUEIRA (NOGUEIRÃO)", "CAPACIDADE": "14384", "CIDADE": "MOGI DAS CRUZES ", "ESTADO/PROVÍNCIA": "SÃO PAULO", "PAÍS": "BRASIL", "LATITUDE": -23.517361700125463, "LONGITUDE": -46.205638531250408, "PÚBLICO PAGANTE": "3368.0", "PÚBLICO TOTAL": "334.0", "RENDA BRUTA (R$)": "38113.5", "RENDA LÍQUIDA (R$)": "ND", "TICKET MÉDIO (R$)": "11.31635986", "AUTORAS": "MIRACATU", "TÍTULO?": "N/A", "OBSERVAÇÕES": null, "ERA": "Depois da reativação" }, "geometry": { "type": "Point", "coordinates": [ -46.205638531250408, -23.517361700125463 ] } },
{ "type": "Feature", "properties": { "DATA": "2022-08-27", "DIA DA SEMANA": "sábado", "DIA DO JOGO": "2022-08-27 00:00:00", "MÊS DO JOGO": "2022-08-27 00:00:00", "ANO JOGO": 2022.0, "ANO COMPETIÇÃO": 2022.0, "MANDANTE / VISITANTE (SCCP)": "Sim", "TIME MANDANTE": "CORINTHIANS", "GOLS MANDANTE": "2.0", "x": "x", "GOLS VISITANTE": "1.0", "TIME VISITANTE": "PALMEIRAS", "PLACAR": "2x1", "RESULTADO": "VITÓRIA", "ADVERSÁRIO": "PALMEIRAS", "ESTADO ADVERSÁRIO": "SÃO PAULO", "PAÍS ADVERSÁRIO": "BRASIL", "GOLS SCCP": "2.0", "GOLS ADVERSÁRIO": "1.0", "SALDO DE GOLS": "1", "TREINADOR": "ARTHUR ELIAS", "JOGO OFICIAL?": "SIM", "COMPETIÇÃO": "CAMPEONATO BRASILEIRO", "FASE": "SEMIFINAL", "ESTÁDIO": "NEO QUÍMICA ARENA (ARENA CORINTHIANS)", "CAPACIDADE": "48905", "CIDADE": "SÃO PAULO ", "ESTADO/PROVÍNCIA": "SÃO PAULO", "PAÍS": "BRASIL", "LATITUDE": -23.545141276878514, "LONGITUDE": -46.473682029403896, "PÚBLICO PAGANTE": "18622.0", "PÚBLICO TOTAL": "13314.0", "RENDA BRUTA (R$)": "365384.0", "RENDA LÍQUIDA (R$)": "195405.02", "TICKET MÉDIO (R$)": "19.62109333", "AUTORAS": "ADRIANA, JAQUELINE", "TÍTULO?": "N/A", "OBSERVAÇÕES": null, "ERA": "Depois da reativação" }, "geometry": { "type": "Point", "coordinates": [ -46.473682029403896, -23.545141276878514 ] } },
{ "type": "Feature", "properties": { "DATA": "2022-09-07", "DIA DA SEMANA": "quarta-feira", "DIA DO JOGO": "2022-09-07 00:00:00", "MÊS DO JOGO": "2022-09-07 00:00:00", "ANO JOGO": 2022.0, "ANO COMPETIÇÃO": 2022.0, "MANDANTE / VISITANTE (SCCP)": "Não", "TIME MANDANTE": "SÃO PAULO", "GOLS MANDANTE": "3.0", "x": "x", "GOLS VISITANTE": "0.0", "TIME VISITANTE": "CORINTHIANS", "PLACAR": "3x0", "RESULTADO": "DERROTA", "ADVERSÁRIO": "SÃO PAULO", "ESTADO ADVERSÁRIO": "SÃO PAULO", "PAÍS ADVERSÁRIO": "BRASIL", "GOLS SCCP": "0.0", "GOLS ADVERSÁRIO": "3.0", "SALDO DE GOLS": "-3", "TREINADOR": "ARTHUR ELIAS", "JOGO OFICIAL?": "SIM", "COMPETIÇÃO": "CAMPEONATO PAULISTA / FPF", "FASE": "1ª FASE", "ESTÁDIO": "ORLANDO BATISTA NOVELI (ARENA BARUERI / CREFISA)", "CAPACIDADE": "31452", "CIDADE": "BARUERI ", "ESTADO/PROVÍNCIA": "SÃO PAULO", "PAÍS": "BRASIL", "LATITUDE": -23.511935566878485, "LONGITUDE": -46.899810331250407, "PÚBLICO PAGANTE": "ND", "PÚBLICO TOTAL": "ND", "RENDA BRUTA (R$)": "ND", "RENDA LÍQUIDA (R$)": "ND", "TICKET MÉDIO (R$)": "ND", "AUTORAS": null, "TÍTULO?": "N/A", "OBSERVAÇÕES": null, "ERA": "Depois da reativação" }, "geometry": { "type": "Point", "coordinates": [ -46.899810331250407, -23.511935566878485 ] } },
{ "type": "Feature", "properties": { "DATA": "2022-09-10", "DIA DA SEMANA": "sábado", "DIA DO JOGO": "2022-09-10 00:00:00", "MÊS DO JOGO": "2022-09-10 00:00:00", "ANO JOGO": 2022.0, "ANO COMPETIÇÃO": 2022.0, "MANDANTE / VISITANTE (SCCP)": "Não", "TIME MANDANTE": "PALMEIRAS", "GOLS MANDANTE": "0.0", "x": "x", "GOLS VISITANTE": "4.0", "TIME VISITANTE": "CORINTHIANS", "PLACAR": "0x4", "RESULTADO": "VITÓRIA", "ADVERSÁRIO": "PALMEIRAS", "ESTADO ADVERSÁRIO": "SÃO PAULO", "PAÍS ADVERSÁRIO": "BRASIL", "GOLS SCCP": "4.0", "GOLS ADVERSÁRIO": "0.0", "SALDO DE GOLS": "4", "TREINADOR": "ARTHUR ELIAS", "JOGO OFICIAL?": "SIM", "COMPETIÇÃO": "CAMPEONATO BRASILEIRO", "FASE": "SEMIFINAL", "ESTÁDIO": "NUBANK PARQUE (ARENA PALMEIRAS)", "CAPACIDADE": "43713", "CIDADE": "SÃO PAULO ", "ESTADO/PROVÍNCIA": "SÃO PAULO", "PAÍS": "BRASIL", "LATITUDE": -23.527428879851925, "LONGITUDE": -46.678112148437812, "PÚBLICO PAGANTE": "11450.0", "PÚBLICO TOTAL": "ND", "RENDA BRUTA (R$)": "203460.0", "RENDA LÍQUIDA (R$)": "122113.51", "TICKET MÉDIO (R$)": "17.76943231", "AUTORAS": "ADRIANA, GABI PORTILHO, JHENIFFER, JHENIFFER", "TÍTULO?": "N/A", "OBSERVAÇÕES": null, "ERA": "Depois da reativação" }, "geometry": { "type": "Point", "coordinates": [ -46.678112148437812, -23.527428879851925 ] } },
{ "type": "Feature", "properties": { "DATA": "2022-09-15", "DIA DA SEMANA": "quinta-feira", "DIA DO JOGO": "2022-09-15 00:00:00", "MÊS DO JOGO": "2022-09-15 00:00:00", "ANO JOGO": 2022.0, "ANO COMPETIÇÃO": 2022.0, "MANDANTE / VISITANTE (SCCP)": "Não", "TIME MANDANTE": "PINDA", "GOLS MANDANTE": "0.0", "x": "x", "GOLS VISITANTE": "2.0", "TIME VISITANTE": "CORINTHIANS", "PLACAR": "0x2", "RESULTADO": "VITÓRIA", "ADVERSÁRIO": "PINDA", "ESTADO ADVERSÁRIO": "SÃO PAULO", "PAÍS ADVERSÁRIO": "BRASIL", "GOLS SCCP": "2.0", "GOLS ADVERSÁRIO": "0.0", "SALDO DE GOLS": "2", "TREINADOR": "ARTHUR ELIAS", "JOGO OFICIAL?": "SIM", "COMPETIÇÃO": "CAMPEONATO PAULISTA / FPF", "FASE": "1ª FASE", "ESTÁDIO": "CARLOS FERRACINI", "CAPACIDADE": "6195", "CIDADE": "CAIEIRAS", "ESTADO/PROVÍNCIA": "SÃO PAULO", "PAÍS": "BRASIL", "LATITUDE": -23.365223502581316, "LONGITUDE": -46.743111810684397, "PÚBLICO PAGANTE": "ND", "PÚBLICO TOTAL": "ND", "RENDA BRUTA (R$)": "ND", "RENDA LÍQUIDA (R$)": "ND", "TICKET MÉDIO (R$)": "ND", "AUTORAS": "BIANCA GOMES, GRAZI", "TÍTULO?": "N/A", "OBSERVAÇÕES": null, "ERA": "Depois da reativação" }, "geometry": { "type": "Point", "coordinates": [ -46.743111810684397, -23.365223502581316 ] } },
{ "type": "Feature", "properties": { "DATA": "2022-09-18", "DIA DA SEMANA": "domingo", "DIA DO JOGO": "2022-09-18 00:00:00", "MÊS DO JOGO": "2022-09-18 00:00:00", "ANO JOGO": 2022.0, "ANO COMPETIÇÃO": 2022.0, "MANDANTE / VISITANTE (SCCP)": "Não", "TIME MANDANTE": "INTERNACIONAL", "GOLS MANDANTE": "1.0", "x": "x", "GOLS VISITANTE": "1.0", "TIME VISITANTE": "CORINTHIANS", "PLACAR": "1x1", "RESULTADO": "EMPATE", "ADVERSÁRIO": "INTERNACIONAL", "ESTADO ADVERSÁRIO": "RIO GRANDE DO SUL", "PAÍS ADVERSÁRIO": "BRASIL", "GOLS SCCP": "1.0", "GOLS ADVERSÁRIO": "1.0", "SALDO DE GOLS": "0", "TREINADOR": "ARTHUR ELIAS", "JOGO OFICIAL?": "SIM", "COMPETIÇÃO": "CAMPEONATO BRASILEIRO", "FASE": "FINAL", "ESTÁDIO": "JOSÉ PINHEIRO BORDA (BEIRA-RIO)", "CAPACIDADE": "50842", "CIDADE": "PORTO ALEGRE", "ESTADO/PROVÍNCIA": "RIO GRANDE DO SUL", "PAÍS": "BRASIL", "LATITUDE": -30.06537789528555, "LONGITUDE": -51.235430831250419, "PÚBLICO PAGANTE": "36330.0", "PÚBLICO TOTAL": "ND", "RENDA BRUTA (R$)": "0.0", "RENDA LÍQUIDA (R$)": "-79288.12", "TICKET MÉDIO (R$)": "0", "AUTORAS": "JHENIFFER", "TÍTULO?": "N/A", "OBSERVAÇÕES": null, "ERA": "Depois da reativação" }, "geometry": { "type": "Point", "coordinates": [ -51.235430831250419, -30.06537789528555 ] } },
{ "type": "Feature", "properties": { "DATA": "2022-09-21", "DIA DA SEMANA": "quarta-feira", "DIA DO JOGO": "2022-09-21 00:00:00", "MÊS DO JOGO": "2022-09-21 00:00:00", "ANO JOGO": 2022.0, "ANO COMPETIÇÃO": 2022.0, "MANDANTE / VISITANTE (SCCP)": "Sim", "TIME MANDANTE": "CORINTHIANS", "GOLS MANDANTE": "0.0", "x": "x", "GOLS VISITANTE": "2.0", "TIME VISITANTE": "PALMEIRAS", "PLACAR": "0x2", "RESULTADO": "DERROTA", "ADVERSÁRIO": "PALMEIRAS", "ESTADO ADVERSÁRIO": "SÃO PAULO", "PAÍS ADVERSÁRIO": "BRASIL", "GOLS SCCP": "0.0", "GOLS ADVERSÁRIO": "2.0", "SALDO DE GOLS": "-2", "TREINADOR": "ARTHUR ELIAS", "JOGO OFICIAL?": "SIM", "COMPETIÇÃO": "CAMPEONATO PAULISTA / FPF", "FASE": "1ª FASE", "ESTÁDIO": "FRANCISCO RIBEIRO NOGUEIRA (NOGUEIRÃO)", "CAPACIDADE": "14384", "CIDADE": "MOGI DAS CRUZES ", "ESTADO/PROVÍNCIA": "SÃO PAULO", "PAÍS": "BRASIL", "LATITUDE": -23.517361700125463, "LONGITUDE": -46.205638531250408, "PÚBLICO PAGANTE": "4345.0", "PÚBLICO TOTAL": "493.0", "RENDA BRUTA (R$)": "49684.5", "RENDA LÍQUIDA (R$)": "ND", "TICKET MÉDIO (R$)": "11.43486766", "AUTORAS": null, "TÍTULO?": "N/A", "OBSERVAÇÕES": null, "ERA": "Depois da reativação" }, "geometry": { "type": "Point", "coordinates": [ -46.205638531250408, -23.517361700125463 ] } },
{ "type": "Feature", "properties": { "DATA": "2022-09-24", "DIA DA SEMANA": "sábado", "DIA DO JOGO": "2022-09-24 00:00:00", "MÊS DO JOGO": "2022-09-24 00:00:00", "ANO JOGO": 2022.0, "ANO COMPETIÇÃO": 2022.0, "MANDANTE / VISITANTE (SCCP)": "Sim", "TIME MANDANTE": "CORINTHIANS", "GOLS MANDANTE": "4.0", "x": "x", "GOLS VISITANTE": "1.0", "TIME VISITANTE": "INTERNACIONAL", "PLACAR": "4x1", "RESULTADO": "VITÓRIA", "ADVERSÁRIO": "INTERNACIONAL", "ESTADO ADVERSÁRIO": "RIO GRANDE DO SUL", "PAÍS ADVERSÁRIO": "BRASIL", "GOLS SCCP": "4.0", "GOLS ADVERSÁRIO": "1.0", "SALDO DE GOLS": "3", "TREINADOR": "ARTHUR ELIAS", "JOGO OFICIAL?": "SIM", "COMPETIÇÃO": "CAMPEONATO BRASILEIRO", "FASE": "FINAL", "ESTÁDIO": "NEO QUÍMICA ARENA (ARENA CORINTHIANS)", "CAPACIDADE": "48905", "CIDADE": "SÃO PAULO ", "ESTADO/PROVÍNCIA": "SÃO PAULO", "PAÍS": "BRASIL", "LATITUDE": -23.545141276878514, "LONGITUDE": -46.473682029403896, "PÚBLICO PAGANTE": "40691.0", "PÚBLICO TOTAL": "41070.0", "RENDA BRUTA (R$)": "900981.0", "RENDA LÍQUIDA (R$)": "314882.36", "TICKET MÉDIO (R$)": "22.14202158", "AUTORAS": "JAQUELINE, DIANY, VIC ALBUQUERQUE, JHENIFFER", "TÍTULO?": "CAMPEONATO BRASILEIRO", "OBSERVAÇÕES": "Corinthians campeão do Campeonato Brasileiro 2022 (4º título)", "ERA": "Depois da reativação" }, "geometry": { "type": "Point", "coordinates": [ -46.473682029403896, -23.545141276878514 ] } },
{ "type": "Feature", "properties": { "DATA": "2022-09-27", "DIA DA SEMANA": "terça-feira", "DIA DO JOGO": "2022-09-27 00:00:00", "MÊS DO JOGO": "2022-09-27 00:00:00", "ANO JOGO": 2022.0, "ANO COMPETIÇÃO": 2022.0, "MANDANTE / VISITANTE (SCCP)": "Sim", "TIME MANDANTE": "CORINTHIANS", "GOLS MANDANTE": "2.0", "x": "x", "GOLS VISITANTE": "0.0", "TIME VISITANTE": "SÃO JOSÉ", "PLACAR": "2x0", "RESULTADO": "VITÓRIA", "ADVERSÁRIO": "SÃO JOSÉ", "ESTADO ADVERSÁRIO": "SÃO PAULO", "PAÍS ADVERSÁRIO": "BRASIL", "GOLS SCCP": "2.0", "GOLS ADVERSÁRIO": "0.0", "SALDO DE GOLS": "2", "TREINADOR": "ARTHUR ELIAS", "JOGO OFICIAL?": "SIM", "COMPETIÇÃO": "CAMPEONATO PAULISTA / FPF", "FASE": "1ª FASE", "ESTÁDIO": "ALFREDO SCHÜRIG (PARQUE SÃO JORGE / FAZENDINHA)", "CAPACIDADE": "9800", "CIDADE": "SÃO PAULO ", "ESTADO/PROVÍNCIA": "SÃO PAULO", "PAÍS": "BRASIL", "LATITUDE": -23.526659630812546, "LONGITUDE": -46.569480895169598, "PÚBLICO PAGANTE": "ND", "PÚBLICO TOTAL": "ND", "RENDA BRUTA (R$)": "ND", "RENDA LÍQUIDA (R$)": "ND", "TICKET MÉDIO (R$)": "ND", "AUTORAS": "JULIETE, JULIETE", "TÍTULO?": "N/A", "OBSERVAÇÕES": null, "ERA": "Depois da reativação" }, "geometry": { "type": "Point", "coordinates": [ -46.569480895169598, -23.526659630812546 ] } },
{ "type": "Feature", "properties": { "DATA": "2022-10-09", "DIA DA SEMANA": "domingo", "DIA DO JOGO": "9.0", "MÊS DO JOGO": "2022-10-13 00:00:00", "ANO JOGO": 2022.0, "ANO COMPETIÇÃO": 2022.0, "MANDANTE / VISITANTE (SCCP)": "Neutro", "TIME MANDANTE": "DRAGONAS INDEPENDIENTE DEL VALLE (EQU)", "GOLS MANDANTE": "0.0", "x": "x", "GOLS VISITANTE": "1.0", "TIME VISITANTE": "CORINTHIANS", "PLACAR": "0x1", "RESULTADO": "VITÓRIA", "ADVERSÁRIO": "DRAGONAS INDEPENDIENTE DEL VALLE (EQU)", "ESTADO ADVERSÁRIO": "N/A (ESTRANGEIRO)", "PAÍS ADVERSÁRIO": "EQUADOR", "GOLS SCCP": "1.0", "GOLS ADVERSÁRIO": "0.0", "SALDO DE GOLS": "1", "TREINADOR": "ARTHUR ELIAS", "JOGO OFICIAL?": "NÃO", "COMPETIÇÃO": "JOGO-TREINO", "FASE": "N/A", "ESTÁDIO": "CENTRO DE ALTO RENDIMIENTO INDEPENDIENTE DEL VALLE", "CAPACIDADE": "DESCONHECIDA", "CIDADE": "QUITO", "ESTADO/PROVÍNCIA": "PICHINCHA", "PAÍS": "EQUADOR", "LATITUDE": -0.34539043604867198, "LONGITUDE": -78.468047931941669, "PÚBLICO PAGANTE": "PF", "PÚBLICO TOTAL": "PF", "RENDA BRUTA (R$)": "PF", "RENDA LÍQUIDA (R$)": "PF", "TICKET MÉDIO (R$)": "PF", "AUTORAS": null, "TÍTULO?": "N/A", "OBSERVAÇÕES": "Jogo-treino com portões fechados / Dois tempos de 30 minutos / PLACAR A CONFIRMAR", "ERA": "Depois da reativação" }, "geometry": { "type": "Point", "coordinates": [ -78.468047931941669, -0.345390436048672 ] } },
{ "type": "Feature", "properties": { "DATA": "2022-10-13", "DIA DA SEMANA": "quinta-feira", "DIA DO JOGO": "2022-10-13 00:00:00", "MÊS DO JOGO": "2022-10-13 00:00:00", "ANO JOGO": 2022.0, "ANO COMPETIÇÃO": 2022.0, "MANDANTE / VISITANTE (SCCP)": "Neutro", "TIME MANDANTE": "CORINTHIANS", "GOLS MANDANTE": "1.0", "x": "x", "GOLS VISITANTE": "2.0", "TIME VISITANTE": "DEPORTIVO CALI (COL)", "PLACAR": "1x2", "RESULTADO": "DERROTA", "ADVERSÁRIO": "DEPORTIVO CALI (COL)", "ESTADO ADVERSÁRIO": "N/A (ESTRANGEIRO)", "PAÍS ADVERSÁRIO": "COLÔMBIA", "GOLS SCCP": "1.0", "GOLS ADVERSÁRIO": "2.0", "SALDO DE GOLS": "-1", "TREINADOR": "ARTHUR ELIAS", "JOGO OFICIAL?": "SIM", "COMPETIÇÃO": "COPA LIBERTADORES", "FASE": "FASE DE GRUPOS", "ESTÁDIO": "GONZALO POZO RIPALDA (CHILLOGALLO)", "CAPACIDADE": "18799", "CIDADE": "QUITO", "ESTADO/PROVÍNCIA": "PICHINCHA", "PAÍS": "EQUADOR", "LATITUDE": -0.27863817534163016, "LONGITUDE": -78.545734075426495, "PÚBLICO PAGANTE": "ND", "PÚBLICO TOTAL": "ND", "RENDA BRUTA (R$)": "ND", "RENDA LÍQUIDA (R$)": "ND", "TICKET MÉDIO (R$)": "ND", "AUTORAS": "VIC ALBUQUERQUE", "TÍTULO?": "N/A", "OBSERVAÇÕES": null, "ERA": "Depois da reativação" }, "geometry": { "type": "Point", "coordinates": [ -78.545734075426495, -0.27863817534163 ] } },
{ "type": "Feature", "properties": { "DATA": "2022-10-16", "DIA DA SEMANA": "domingo", "DIA DO JOGO": "2022-10-16 00:00:00", "MÊS DO JOGO": "2022-10-16 00:00:00", "ANO JOGO": 2022.0, "ANO COMPETIÇÃO": 2022.0, "MANDANTE / VISITANTE (SCCP)": "Neutro", "TIME MANDANTE": "ALWAYS READY (BOL)", "GOLS MANDANTE": "0.0", "x": "x", "GOLS VISITANTE": "5.0", "TIME VISITANTE": "CORINTHIANS", "PLACAR": "0x5", "RESULTADO": "VITÓRIA", "ADVERSÁRIO": "ALWAYS READY (BOL)", "ESTADO ADVERSÁRIO": "N/A (ESTRANGEIRO)", "PAÍS ADVERSÁRIO": "BOLÍVIA", "GOLS SCCP": "5.0", "GOLS ADVERSÁRIO": "0.0", "SALDO DE GOLS": "5", "TREINADOR": "ARTHUR ELIAS", "JOGO OFICIAL?": "SIM", "COMPETIÇÃO": "COPA LIBERTADORES", "FASE": "FASE DE GRUPOS", "ESTÁDIO": "GONZALO POZO RIPALDA (CHILLOGALLO)", "CAPACIDADE": "18799", "CIDADE": "QUITO", "ESTADO/PROVÍNCIA": "PICHINCHA", "PAÍS": "EQUADOR", "LATITUDE": -0.27863817534163016, "LONGITUDE": -78.545734075426495, "PÚBLICO PAGANTE": "ND", "PÚBLICO TOTAL": "ND", "RENDA BRUTA (R$)": "ND", "RENDA LÍQUIDA (R$)": "ND", "TICKET MÉDIO (R$)": "ND", "AUTORAS": "GABI PORTILHO, GABI PORTILHO, ADRIANA, VIC ALBUQUERQUE, JULIETE", "TÍTULO?": "N/A", "OBSERVAÇÕES": null, "ERA": "Depois da reativação" }, "geometry": { "type": "Point", "coordinates": [ -78.545734075426495, -0.27863817534163 ] } },
{ "type": "Feature", "properties": { "DATA": "2022-10-19", "DIA DA SEMANA": "quarta-feira", "DIA DO JOGO": "2022-10-19 00:00:00", "MÊS DO JOGO": "2022-10-19 00:00:00", "ANO JOGO": 2022.0, "ANO COMPETIÇÃO": 2022.0, "MANDANTE / VISITANTE (SCCP)": "Neutro", "TIME MANDANTE": "CORINTHIANS", "GOLS MANDANTE": "4.0", "x": "x", "GOLS VISITANTE": "0.0", "TIME VISITANTE": "OLIMPIA (PAR)", "PLACAR": "4x0", "RESULTADO": "VITÓRIA", "ADVERSÁRIO": "OLIMPIA (PAR)", "ESTADO ADVERSÁRIO": "N/A (ESTRANGEIRO)", "PAÍS ADVERSÁRIO": "PARAGUAI", "GOLS SCCP": "4.0", "GOLS ADVERSÁRIO": "0.0", "SALDO DE GOLS": "4", "TREINADOR": "ARTHUR ELIAS", "JOGO OFICIAL?": "SIM", "COMPETIÇÃO": "COPA LIBERTADORES", "FASE": "FASE DE GRUPOS", "ESTÁDIO": "GONZALO POZO RIPALDA (CHILLOGALLO)", "CAPACIDADE": "18799", "CIDADE": "QUITO", "ESTADO/PROVÍNCIA": "PICHINCHA", "PAÍS": "EQUADOR", "LATITUDE": -0.27863817534163016, "LONGITUDE": -78.545734075426495, "PÚBLICO PAGANTE": "ND", "PÚBLICO TOTAL": "ND", "RENDA BRUTA (R$)": "ND", "RENDA LÍQUIDA (R$)": "ND", "TICKET MÉDIO (R$)": "ND", "AUTORAS": "CONTRA, GABI PORTILHO, BIANCA GOMES, GABI ZANOTTI", "TÍTULO?": "N/A", "OBSERVAÇÕES": null, "ERA": "Depois da reativação" }, "geometry": { "type": "Point", "coordinates": [ -78.545734075426495, -0.27863817534163 ] } },
{ "type": "Feature", "properties": { "DATA": "2022-10-22", "DIA DA SEMANA": "sábado", "DIA DO JOGO": "2022-10-22 00:00:00", "MÊS DO JOGO": "2022-10-22 00:00:00", "ANO JOGO": 2022.0, "ANO COMPETIÇÃO": 2022.0, "MANDANTE / VISITANTE (SCCP)": "Neutro", "TIME MANDANTE": "BOCA JUNIORS (ARG)", "GOLS MANDANTE": "2.0", "x": "x", "GOLS VISITANTE": "1.0", "TIME VISITANTE": "CORINTHIANS", "PLACAR": "2x1", "RESULTADO": "DERROTA", "ADVERSÁRIO": "BOCA JUNIORS (ARG)", "ESTADO ADVERSÁRIO": "N/A (ESTRANGEIRO)", "PAÍS ADVERSÁRIO": "ARGENTINA", "GOLS SCCP": "1.0", "GOLS ADVERSÁRIO": "2.0", "SALDO DE GOLS": "-1", "TREINADOR": "ARTHUR ELIAS", "JOGO OFICIAL?": "SIM", "COMPETIÇÃO": "COPA LIBERTADORES", "FASE": "QUARTAS DE FINAL", "ESTÁDIO": "RODRIGO PAZ DELGADO (CASA BLANCA)", "CAPACIDADE": "41575", "CIDADE": "QUITO", "ESTADO/PROVÍNCIA": "PICHINCHA", "PAÍS": "EQUADOR", "LATITUDE": -0.10741937280164725, "LONGITUDE": -78.488589187074325, "PÚBLICO PAGANTE": "ND", "PÚBLICO TOTAL": "ND", "RENDA BRUTA (R$)": "ND", "RENDA LÍQUIDA (R$)": "ND", "TICKET MÉDIO (R$)": "ND", "AUTORAS": "ADRIANA", "TÍTULO?": "N/A", "OBSERVAÇÕES": "Corinthians 7º colocado da Copa Libertadores 2022", "ERA": "Depois da reativação" }, "geometry": { "type": "Point", "coordinates": [ -78.488589187074325, -0.107419372801647 ] } },
{ "type": "Feature", "properties": { "DATA": "2022-11-03", "DIA DA SEMANA": "quinta-feira", "DIA DO JOGO": "2022-11-03 00:00:00", "MÊS DO JOGO": "2022-11-03 00:00:00", "ANO JOGO": 2022.0, "ANO COMPETIÇÃO": 2022.0, "MANDANTE / VISITANTE (SCCP)": "Não", "TIME MANDANTE": "REALIDADE JOVEM", "GOLS MANDANTE": "1.0", "x": "x", "GOLS VISITANTE": "4.0", "TIME VISITANTE": "CORINTHIANS", "PLACAR": "1x4", "RESULTADO": "VITÓRIA", "ADVERSÁRIO": "REALIDADE JOVEM", "ESTADO ADVERSÁRIO": "SÃO PAULO", "PAÍS ADVERSÁRIO": "BRASIL", "GOLS SCCP": "4.0", "GOLS ADVERSÁRIO": "1.0", "SALDO DE GOLS": "3", "TREINADOR": "RODRIGO IGLESIAS", "JOGO OFICIAL?": "SIM", "COMPETIÇÃO": "CAMPEONATO PAULISTA / FPF", "FASE": "1ª FASE", "ESTÁDIO": "JOÃO MENDES ATHAYDE", "CAPACIDADE": "4000", "CIDADE": "SÃO JOSÉ DO RIO PRETO ", "ESTADO/PROVÍNCIA": "SÃO PAULO", "PAÍS": "BRASIL", "LATITUDE": -20.814393599785742, "LONGITUDE": -49.419027756392587, "PÚBLICO PAGANTE": "ND", "PÚBLICO TOTAL": "ND", "RENDA BRUTA (R$)": "ND", "RENDA LÍQUIDA (R$)": "ND", "TICKET MÉDIO (R$)": "ND", "AUTORAS": "JHENIFFER, JAQUELINE, ADRIANA, LIANA SALAZAR", "TÍTULO?": "N/A", "OBSERVAÇÕES": null, "ERA": "Depois da reativação" }, "geometry": { "type": "Point", "coordinates": [ -49.419027756392587, -20.814393599785742 ] } },
{ "type": "Feature", "properties": { "DATA": "2022-11-16", "DIA DA SEMANA": "quarta-feira", "DIA DO JOGO": "2022-11-16 00:00:00", "MÊS DO JOGO": "2022-11-16 00:00:00", "ANO JOGO": 2022.0, "ANO COMPETIÇÃO": 2022.0, "MANDANTE / VISITANTE (SCCP)": "Sim", "TIME MANDANTE": "CORINTHIANS", "GOLS MANDANTE": "1.0", "x": "x", "GOLS VISITANTE": "0.0", "TIME VISITANTE": "SANTOS", "PLACAR": "1x0", "RESULTADO": "VITÓRIA", "ADVERSÁRIO": "SANTOS", "ESTADO ADVERSÁRIO": "SÃO PAULO", "PAÍS ADVERSÁRIO": "BRASIL", "GOLS SCCP": "1.0", "GOLS ADVERSÁRIO": "0.0", "SALDO DE GOLS": "1", "TREINADOR": "ARTHUR ELIAS", "JOGO OFICIAL?": "SIM", "COMPETIÇÃO": "CAMPEONATO PAULISTA / FPF", "FASE": "1ª FASE", "ESTÁDIO": "NEO QUÍMICA ARENA (ARENA CORINTHIANS)", "CAPACIDADE": "48905", "CIDADE": "SÃO PAULO ", "ESTADO/PROVÍNCIA": "SÃO PAULO", "PAÍS": "BRASIL", "LATITUDE": -23.545141276878514, "LONGITUDE": -46.473682029403896, "PÚBLICO PAGANTE": "8719.0", "PÚBLICO TOTAL": "8757.0", "RENDA BRUTA (R$)": "137229.0", "RENDA LÍQUIDA (R$)": "ND", "TICKET MÉDIO (R$)": "15.73907558", "AUTORAS": "VIC ALBUQUERQUE", "TÍTULO?": "N/A", "OBSERVAÇÕES": null, "ERA": "Depois da reativação" }, "geometry": { "type": "Point", "coordinates": [ -46.473682029403896, -23.545141276878514 ] } },
{ "type": "Feature", "properties": { "DATA": "2022-11-19", "DIA DA SEMANA": "sábado", "DIA DO JOGO": "2022-11-19 00:00:00", "MÊS DO JOGO": "2022-11-19 00:00:00", "ANO JOGO": 2022.0, "ANO COMPETIÇÃO": 2022.0, "MANDANTE / VISITANTE (SCCP)": "Não", "TIME MANDANTE": "RED BULL BRAGANTINO", "GOLS MANDANTE": "0.0", "x": "x", "GOLS VISITANTE": "1.0", "TIME VISITANTE": "CORINTHIANS", "PLACAR": "0x1", "RESULTADO": "VITÓRIA", "ADVERSÁRIO": "RED BULL BRAGANTINO", "ESTADO ADVERSÁRIO": "SÃO PAULO", "PAÍS ADVERSÁRIO": "BRASIL", "GOLS SCCP": "1.0", "GOLS ADVERSÁRIO": "0.0", "SALDO DE GOLS": "1", "TREINADOR": "ARTHUR ELIAS", "JOGO OFICIAL?": "SIM", "COMPETIÇÃO": "CAMPEONATO PAULISTA / FPF", "FASE": "1ª FASE", "ESTÁDIO": "NABI ABI CHEDID (NABIZÃO / ARENA RED BULL)", "CAPACIDADE": "12332", "CIDADE": "BRAGANÇA PAULISTA", "ESTADO/PROVÍNCIA": "SÃO PAULO", "PAÍS": "BRASIL", "LATITUDE": -22.965202469589247, "LONGITUDE": -46.536742839205189, "PÚBLICO PAGANTE": "ND", "PÚBLICO TOTAL": "ND", "RENDA BRUTA (R$)": "ND", "RENDA LÍQUIDA (R$)": "ND", "TICKET MÉDIO (R$)": "ND", "AUTORAS": "VIC ALBUQUERQUE", "TÍTULO?": "N/A", "OBSERVAÇÕES": null, "ERA": "Depois da reativação" }, "geometry": { "type": "Point", "coordinates": [ -46.536742839205189, -22.965202469589247 ] } },
{ "type": "Feature", "properties": { "DATA": "2022-11-23", "DIA DA SEMANA": "quarta-feira", "DIA DO JOGO": "2022-11-23 00:00:00", "MÊS DO JOGO": "2022-11-23 00:00:00", "ANO JOGO": 2022.0, "ANO COMPETIÇÃO": 2022.0, "MANDANTE / VISITANTE (SCCP)": "Sim", "TIME MANDANTE": "CORINTHIANS", "GOLS MANDANTE": "5.0", "x": "x", "GOLS VISITANTE": "0.0", "TIME VISITANTE": "TAUBATÉ", "PLACAR": "5x0", "RESULTADO": "VITÓRIA", "ADVERSÁRIO": "TAUBATÉ", "ESTADO ADVERSÁRIO": "SÃO PAULO", "PAÍS ADVERSÁRIO": "BRASIL", "GOLS SCCP": "5.0", "GOLS ADVERSÁRIO": "0.0", "SALDO DE GOLS": "5", "TREINADOR": "ARTHUR ELIAS", "JOGO OFICIAL?": "SIM", "COMPETIÇÃO": "CAMPEONATO PAULISTA / FPF", "FASE": "1ª FASE", "ESTÁDIO": "ALFREDO SCHÜRIG (PARQUE SÃO JORGE / FAZENDINHA)", "CAPACIDADE": "9800", "CIDADE": "SÃO PAULO ", "ESTADO/PROVÍNCIA": "SÃO PAULO", "PAÍS": "BRASIL", "LATITUDE": -23.526659630812546, "LONGITUDE": -46.569480895169598, "PÚBLICO PAGANTE": "ND", "PÚBLICO TOTAL": "ND", "RENDA BRUTA (R$)": "ND", "RENDA LÍQUIDA (R$)": "ND", "TICKET MÉDIO (R$)": "ND", "AUTORAS": "JHENIFFER, GRAZI, JAQUELINE, JHENIFFER, TARCIANE", "TÍTULO?": "N/A", "OBSERVAÇÕES": "Corinthians 5º colocado do Campeonato Paulista 2022", "ERA": "Depois da reativação" }, "geometry": { "type": "Point", "coordinates": [ -46.569480895169598, -23.526659630812546 ] } },
{ "type": "Feature", "properties": { "DATA": "2022-11-30", "DIA DA SEMANA": "quarta-feira", "DIA DO JOGO": "2022-11-30 00:00:00", "MÊS DO JOGO": "2022-11-30 00:00:00", "ANO JOGO": 2022.0, "ANO COMPETIÇÃO": 2022.0, "MANDANTE / VISITANTE (SCCP)": "Não", "TIME MANDANTE": "SÃO BERNARDO", "GOLS MANDANTE": "0.0", "x": "x", "GOLS VISITANTE": "4.0", "TIME VISITANTE": "CORINTHIANS", "PLACAR": "0x4", "RESULTADO": "VITÓRIA", "ADVERSÁRIO": "SÃO BERNARDO", "ESTADO ADVERSÁRIO": "SÃO PAULO", "PAÍS ADVERSÁRIO": "BRASIL", "GOLS SCCP": "4.0", "GOLS ADVERSÁRIO": "0.0", "SALDO DE GOLS": "4", "TREINADOR": "ARTHUR ELIAS", "JOGO OFICIAL?": "SIM", "COMPETIÇÃO": "COPA PAULISTA", "FASE": "SEMIFINAL", "ESTÁDIO": "GÍGLIO PORTUGAL PICHININ (BAETÃO)", "CAPACIDADE": "6315", "CIDADE": "SÃO BERNARDO DO CAMPO ", "ESTADO/PROVÍNCIA": "SÃO PAULO", "PAÍS": "BRASIL", "LATITUDE": -23.698838141812001, "LONGITUDE": -46.542356029403884, "PÚBLICO PAGANTE": "ND", "PÚBLICO TOTAL": "ND", "RENDA BRUTA (R$)": "ND", "RENDA LÍQUIDA (R$)": "ND", "TICKET MÉDIO (R$)": "ND", "AUTORAS": "JHENIFFER, VIC ALBUQUERQUE, JAQUELINE, GRAZI", "TÍTULO?": "N/A", "OBSERVAÇÕES": null, "ERA": "Depois da reativação" }, "geometry": { "type": "Point", "coordinates": [ -46.542356029403884, -23.698838141812001 ] } },
{ "type": "Feature", "properties": { "DATA": "2022-12-04", "DIA DA SEMANA": "domingo", "DIA DO JOGO": "2022-12-04 00:00:00", "MÊS DO JOGO": "2022-12-04 00:00:00", "ANO JOGO": 2022.0, "ANO COMPETIÇÃO": 2022.0, "MANDANTE / VISITANTE (SCCP)": "Sim", "TIME MANDANTE": "CORINTHIANS", "GOLS MANDANTE": "6.0", "x": "x", "GOLS VISITANTE": "0.0", "TIME VISITANTE": "SÃO BERNARDO", "PLACAR": "6x0", "RESULTADO": "VITÓRIA", "ADVERSÁRIO": "SÃO BERNARDO", "ESTADO ADVERSÁRIO": "SÃO PAULO", "PAÍS ADVERSÁRIO": "BRASIL", "GOLS SCCP": "6.0", "GOLS ADVERSÁRIO": "0.0", "SALDO DE GOLS": "6", "TREINADOR": "ARTHUR ELIAS", "JOGO OFICIAL?": "SIM", "COMPETIÇÃO": "COPA PAULISTA", "FASE": "SEMIFINAL", "ESTÁDIO": "ALFREDO SCHÜRIG (PARQUE SÃO JORGE / FAZENDINHA)", "CAPACIDADE": "9800", "CIDADE": "SÃO PAULO ", "ESTADO/PROVÍNCIA": "SÃO PAULO", "PAÍS": "BRASIL", "LATITUDE": -23.526659630812546, "LONGITUDE": -46.569480895169598, "PÚBLICO PAGANTE": "ND", "PÚBLICO TOTAL": "ND", "RENDA BRUTA (R$)": "ND", "RENDA LÍQUIDA (R$)": "ND", "TICKET MÉDIO (R$)": "ND", "AUTORAS": "JULIETE, GABI PORTILHO, JHENIFFER, DIANY, TAMIRES, MILLENE", "TÍTULO?": "N/A", "OBSERVAÇÕES": null, "ERA": "Depois da reativação" }, "geometry": { "type": "Point", "coordinates": [ -46.569480895169598, -23.526659630812546 ] } },
{ "type": "Feature", "properties": { "DATA": "2022-12-08", "DIA DA SEMANA": "quinta-feira", "DIA DO JOGO": "2022-12-08 00:00:00", "MÊS DO JOGO": "2022-12-08 00:00:00", "ANO JOGO": 2022.0, "ANO COMPETIÇÃO": 2022.0, "MANDANTE / VISITANTE (SCCP)": "Não", "TIME MANDANTE": "RED BULL BRAGANTINO", "GOLS MANDANTE": "1.0", "x": "x", "GOLS VISITANTE": "3.0", "TIME VISITANTE": "CORINTHIANS", "PLACAR": "1x3", "RESULTADO": "VITÓRIA", "ADVERSÁRIO": "RED BULL BRAGANTINO", "ESTADO ADVERSÁRIO": "SÃO PAULO", "PAÍS ADVERSÁRIO": "BRASIL", "GOLS SCCP": "3.0", "GOLS ADVERSÁRIO": "1.0", "SALDO DE GOLS": "2", "TREINADOR": "ARTHUR ELIAS", "JOGO OFICIAL?": "SIM", "COMPETIÇÃO": "COPA PAULISTA", "FASE": "FINAL", "ESTÁDIO": "NABI ABI CHEDID (NABIZÃO / ARENA RED BULL)", "CAPACIDADE": "12332", "CIDADE": "BRAGANÇA PAULISTA", "ESTADO/PROVÍNCIA": "SÃO PAULO", "PAÍS": "BRASIL", "LATITUDE": -22.965202469589247, "LONGITUDE": -46.536742839205189, "PÚBLICO PAGANTE": "ND", "PÚBLICO TOTAL": "ND", "RENDA BRUTA (R$)": "ND", "RENDA LÍQUIDA (R$)": "ND", "TICKET MÉDIO (R$)": "ND", "AUTORAS": "JAQUELINE, GIOVANNA CAMPIOLO, JHENIFFER", "TÍTULO?": "N/A", "OBSERVAÇÕES": null, "ERA": "Depois da reativação" }, "geometry": { "type": "Point", "coordinates": [ -46.536742839205189, -22.965202469589247 ] } },
{ "type": "Feature", "properties": { "DATA": "2022-12-11", "DIA DA SEMANA": "domingo", "DIA DO JOGO": "2022-12-11 00:00:00", "MÊS DO JOGO": "2022-12-11 00:00:00", "ANO JOGO": 2022.0, "ANO COMPETIÇÃO": 2022.0, "MANDANTE / VISITANTE (SCCP)": "Sim", "TIME MANDANTE": "CORINTHIANS", "GOLS MANDANTE": "2.0", "x": "x", "GOLS VISITANTE": "1.0", "TIME VISITANTE": "RED BULL BRAGANTINO", "PLACAR": "2x1", "RESULTADO": "VITÓRIA", "ADVERSÁRIO": "RED BULL BRAGANTINO", "ESTADO ADVERSÁRIO": "SÃO PAULO", "PAÍS ADVERSÁRIO": "BRASIL", "GOLS SCCP": "2.0", "GOLS ADVERSÁRIO": "1.0", "SALDO DE GOLS": "1", "TREINADOR": "ARTHUR ELIAS", "JOGO OFICIAL?": "SIM", "COMPETIÇÃO": "COPA PAULISTA", "FASE": "FINAL", "ESTÁDIO": "ORLANDO BATISTA NOVELI (ARENA BARUERI / CREFISA)", "CAPACIDADE": "31452", "CIDADE": "BARUERI ", "ESTADO/PROVÍNCIA": "SÃO PAULO", "PAÍS": "BRASIL", "LATITUDE": -23.511935566878485, "LONGITUDE": -46.899810331250407, "PÚBLICO PAGANTE": "ND", "PÚBLICO TOTAL": "ND", "RENDA BRUTA (R$)": "ND", "RENDA LÍQUIDA (R$)": "ND", "TICKET MÉDIO (R$)": "ND", "AUTORAS": "JHENIFFER, TAMIRES", "TÍTULO?": "COPA PAULISTA", "OBSERVAÇÕES": "Corinthians campeão da Copa Paulista 2022", "ERA": "Depois da reativação" }, "geometry": { "type": "Point", "coordinates": [ -46.899810331250407, -23.511935566878485 ] } },
{ "type": "Feature", "properties": { "DATA": "2023-02-05", "DIA DA SEMANA": "domingo", "DIA DO JOGO": "2023-02-05 00:00:00", "MÊS DO JOGO": "2023-02-05 00:00:00", "ANO JOGO": 2023.0, "ANO COMPETIÇÃO": 2023.0, "MANDANTE / VISITANTE (SCCP)": "Sim", "TIME MANDANTE": "CORINTHIANS", "GOLS MANDANTE": "1.0", "x": "x", "GOLS VISITANTE": "0.0", "TIME VISITANTE": "ATLÉTICO-MG", "PLACAR": "1x0", "RESULTADO": "VITÓRIA", "ADVERSÁRIO": "ATLÉTICO-MG", "ESTADO ADVERSÁRIO": "MINAS GERAIS", "PAÍS ADVERSÁRIO": "BRASIL", "GOLS SCCP": "1.0", "GOLS ADVERSÁRIO": "0.0", "SALDO DE GOLS": "1", "TREINADOR": "ARTHUR ELIAS", "JOGO OFICIAL?": "SIM", "COMPETIÇÃO": "SUPERCOPA DO BRASIL", "FASE": "QUARTAS DE FINAL", "ESTÁDIO": "JOSÉ BATISTA PEREIRA FERNANDES (DISTRITAL DO INAMAR)", "CAPACIDADE": "8075", "CIDADE": "DIADEMA", "ESTADO/PROVÍNCIA": "SÃO PAULO", "PAÍS": "BRASIL", "LATITUDE": -23.722659911285689, "LONGITUDE": -46.612701553000392, "PÚBLICO PAGANTE": "5025.0", "PÚBLICO TOTAL": "ND", "RENDA BRUTA (R$)": "72312.0", "RENDA LÍQUIDA (R$)": "44085.44", "TICKET MÉDIO (R$)": "14.39044776", "AUTORAS": "VIC ALBUQUERQUE", "TÍTULO?": "N/A", "OBSERVAÇÕES": null, "ERA": "Depois da reativação" }, "geometry": { "type": "Point", "coordinates": [ -46.612701553000392, -23.722659911285689 ] } },
{ "type": "Feature", "properties": { "DATA": "2023-02-09", "DIA DA SEMANA": "quinta-feira", "DIA DO JOGO": "2023-02-09 00:00:00", "MÊS DO JOGO": "2023-02-09 00:00:00", "ANO JOGO": 2023.0, "ANO COMPETIÇÃO": 2023.0, "MANDANTE / VISITANTE (SCCP)": "Sim", "TIME MANDANTE": "CORINTHIANS", "GOLS MANDANTE": "2.0", "x": "x", "GOLS VISITANTE": "1.0", "TIME VISITANTE": "INTERNACIONAL", "PLACAR": "2x1", "RESULTADO": "VITÓRIA", "ADVERSÁRIO": "INTERNACIONAL", "ESTADO ADVERSÁRIO": "RIO GRANDE DO SUL", "PAÍS ADVERSÁRIO": "BRASIL", "GOLS SCCP": "2.0", "GOLS ADVERSÁRIO": "1.0", "SALDO DE GOLS": "1", "TREINADOR": "ARTHUR ELIAS", "JOGO OFICIAL?": "SIM", "COMPETIÇÃO": "SUPERCOPA DO BRASIL", "FASE": "SEMIFINAL", "ESTÁDIO": "NEO QUÍMICA ARENA (ARENA CORINTHIANS)", "CAPACIDADE": "48905", "CIDADE": "SÃO PAULO ", "ESTADO/PROVÍNCIA": "SÃO PAULO", "PAÍS": "BRASIL", "LATITUDE": -23.545141276878514, "LONGITUDE": -46.473682029403896, "PÚBLICO PAGANTE": "9183.0", "PÚBLICO TOTAL": "4777.0", "RENDA BRUTA (R$)": "147469.5", "RENDA LÍQUIDA (R$)": "12963.67", "TICKET MÉDIO (R$)": "16.05896766", "AUTORAS": "DIANY, TAMIRES", "TÍTULO?": "N/A", "OBSERVAÇÕES": null, "ERA": "Depois da reativação" }, "geometry": { "type": "Point", "coordinates": [ -46.473682029403896, -23.545141276878514 ] } },
{ "type": "Feature", "properties": { "DATA": "2023-02-12", "DIA DA SEMANA": "domingo", "DIA DO JOGO": "2023-02-12 00:00:00", "MÊS DO JOGO": "2023-02-12 00:00:00", "ANO JOGO": 2023.0, "ANO COMPETIÇÃO": 2023.0, "MANDANTE / VISITANTE (SCCP)": "Sim", "TIME MANDANTE": "CORINTHIANS", "GOLS MANDANTE": "4.0", "x": "x", "GOLS VISITANTE": "1.0", "TIME VISITANTE": "FLAMENGO", "PLACAR": "4x1", "RESULTADO": "VITÓRIA", "ADVERSÁRIO": "FLAMENGO", "ESTADO ADVERSÁRIO": "RIO DE JANEIRO", "PAÍS ADVERSÁRIO": "BRASIL", "GOLS SCCP": "4.0", "GOLS ADVERSÁRIO": "1.0", "SALDO DE GOLS": "3", "TREINADOR": "ARTHUR ELIAS", "JOGO OFICIAL?": "SIM", "COMPETIÇÃO": "SUPERCOPA DO BRASIL", "FASE": "FINAL", "ESTÁDIO": "NEO QUÍMICA ARENA (ARENA CORINTHIANS)", "CAPACIDADE": "48905", "CIDADE": "SÃO PAULO ", "ESTADO/PROVÍNCIA": "SÃO PAULO", "PAÍS": "BRASIL", "LATITUDE": -23.545141276878514, "LONGITUDE": -46.473682029403896, "PÚBLICO PAGANTE": "25554.0", "PÚBLICO TOTAL": "25779.0", "RENDA BRUTA (R$)": "612183.0", "RENDA LÍQUIDA (R$)": "257756.37", "TICKET MÉDIO (R$)": "23.95644517", "AUTORAS": "TAMIRES, MILLENE, MILLENE, TAMIRES", "TÍTULO?": "SUPERCOPA FEMININA", "OBSERVAÇÕES": "Corinthians campeão da Supercopa do Brasil 2023 (2º título)", "ERA": "Depois da reativação" }, "geometry": { "type": "Point", "coordinates": [ -46.473682029403896, -23.545141276878514 ] } },
{ "type": "Feature", "properties": { "DATA": "2023-02-25", "DIA DA SEMANA": "sábado", "DIA DO JOGO": "2023-02-25 00:00:00", "MÊS DO JOGO": "2023-02-25 00:00:00", "ANO JOGO": 2023.0, "ANO COMPETIÇÃO": 2023.0, "MANDANTE / VISITANTE (SCCP)": "Sim", "TIME MANDANTE": "CORINTHIANS", "GOLS MANDANTE": "14.0", "x": "x", "GOLS VISITANTE": "0.0", "TIME VISITANTE": "CEARÁ", "PLACAR": "14x0", "RESULTADO": "VITÓRIA", "ADVERSÁRIO": "CEARÁ", "ESTADO ADVERSÁRIO": "CEARÁ", "PAÍS ADVERSÁRIO": "BRASIL", "GOLS SCCP": "14.0", "GOLS ADVERSÁRIO": "0.0", "SALDO DE GOLS": "14", "TREINADOR": "ARTHUR ELIAS", "JOGO OFICIAL?": "SIM", "COMPETIÇÃO": "CAMPEONATO BRASILEIRO", "FASE": "1ª FASE", "ESTÁDIO": "FRANCISCO RIBEIRO NOGUEIRA (NOGUEIRÃO)", "CAPACIDADE": "14384", "CIDADE": "MOGI DAS CRUZES ", "ESTADO/PROVÍNCIA": "SÃO PAULO", "PAÍS": "BRASIL", "LATITUDE": -23.517361700125463, "LONGITUDE": -46.205638531250408, "PÚBLICO PAGANTE": "6725.0", "PÚBLICO TOTAL": "ND", "RENDA BRUTA (R$)": "74594.0", "RENDA LÍQUIDA (R$)": "45743.74", "TICKET MÉDIO (R$)": "11.09204461", "AUTORAS": "JAQUELINE, DIANY, JHENIFFER, GABI MORAIS, DIANY, LUANA BERTOLUCCI, DIANY, JHENIFFER, JAQUELINE, VIC ALBUQUERQUE, FERNANDA, MILLENE, GABI MORAIS, FERNANDA", "TÍTULO?": "N/A", "OBSERVAÇÕES": null, "ERA": "Depois da reativação" }, "geometry": { "type": "Point", "coordinates": [ -46.205638531250408, -23.517361700125463 ] } },
{ "type": "Feature", "properties": { "DATA": "2023-03-04", "DIA DA SEMANA": "sábado", "DIA DO JOGO": "2023-03-04 00:00:00", "MÊS DO JOGO": "2023-03-04 00:00:00", "ANO JOGO": 2023.0, "ANO COMPETIÇÃO": 2023.0, "MANDANTE / VISITANTE (SCCP)": "Não", "TIME MANDANTE": "REAL ARIQUEMES-RO", "GOLS MANDANTE": "0.0", "x": "x", "GOLS VISITANTE": "6.0", "TIME VISITANTE": "CORINTHIANS", "PLACAR": "0x6", "RESULTADO": "VITÓRIA", "ADVERSÁRIO": "REAL ARIQUEMES-RO", "ESTADO ADVERSÁRIO": "RONDÔNIA", "PAÍS ADVERSÁRIO": "BRASIL", "GOLS SCCP": "6.0", "GOLS ADVERSÁRIO": "0.0", "SALDO DE GOLS": "6", "TREINADOR": "ARTHUR ELIAS", "JOGO OFICIAL?": "SIM", "COMPETIÇÃO": "CAMPEONATO BRASILEIRO", "FASE": "1ª FASE", "ESTÁDIO": "GENTIL VALÉRIO (VALERIÃO)", "CAPACIDADE": "5000", "CIDADE": "ARIQUEMES", "ESTADO/PROVÍNCIA": "RONDÔNIA", "PAÍS": "BRASIL", "LATITUDE": -9.9051824307238707, "LONGITUDE": -63.032681390767372, "PÚBLICO PAGANTE": "518.0", "PÚBLICO TOTAL": "ND", "RENDA BRUTA (R$)": "21715.0", "RENDA LÍQUIDA (R$)": "11999.66", "TICKET MÉDIO (R$)": "41.92084942", "AUTORAS": "CAROL NOGUEIRA, JAQUELINE, GRAZI, JHENIFFER, MILLENE, MILLENE", "TÍTULO?": "N/A", "OBSERVAÇÕES": null, "ERA": "Depois da reativação" }, "geometry": { "type": "Point", "coordinates": [ -63.032681390767372, -9.905182430723871 ] } },
{ "type": "Feature", "properties": { "DATA": "2023-03-13", "DIA DA SEMANA": "segunda-feira", "DIA DO JOGO": "2023-03-14 00:00:00", "MÊS DO JOGO": "2023-03-14 00:00:00", "ANO JOGO": 2023.0, "ANO COMPETIÇÃO": 2023.0, "MANDANTE / VISITANTE (SCCP)": "Sim", "TIME MANDANTE": "CORINTHIANS", "GOLS MANDANTE": "4.0", "x": "x", "GOLS VISITANTE": "0.0", "TIME VISITANTE": "GRÊMIO", "PLACAR": "4x0", "RESULTADO": "VITÓRIA", "ADVERSÁRIO": "GRÊMIO", "ESTADO ADVERSÁRIO": "RIO GRANDE DO SUL", "PAÍS ADVERSÁRIO": "BRASIL", "GOLS SCCP": "4.0", "GOLS ADVERSÁRIO": "0.0", "SALDO DE GOLS": "4", "TREINADOR": "ARTHUR ELIAS", "JOGO OFICIAL?": "SIM", "COMPETIÇÃO": "CAMPEONATO BRASILEIRO", "FASE": "1ª FASE", "ESTÁDIO": "OSWALDO TEIXEIRA DUARTE (CANINDÉ)", "CAPACIDADE": "21004", "CIDADE": "SÃO PAULO ", "ESTADO/PROVÍNCIA": "SÃO PAULO", "PAÍS": "BRASIL", "LATITUDE": -23.520132719349128, "LONGITUDE": -46.618264502415194, "PÚBLICO PAGANTE": "7812.0", "PÚBLICO TOTAL": "718.0", "RENDA BRUTA (R$)": "103016.5", "RENDA LÍQUIDA (R$)": "67591.34", "TICKET MÉDIO (R$)": "13.18695597", "AUTORAS": "YASMIM, VIC ALBUQUERQUE, MARIA, DUDA SAMPAIO", "TÍTULO?": "N/A", "OBSERVAÇÕES": null, "ERA": "Depois da reativação" }, "geometry": { "type": "Point", "coordinates": [ -46.618264502415194, -23.520132719349128 ] } },
{ "type": "Feature", "properties": { "DATA": "2023-03-20", "DIA DA SEMANA": "segunda-feira", "DIA DO JOGO": "2023-03-20 00:00:00", "MÊS DO JOGO": "2023-03-20 00:00:00", "ANO JOGO": 2023.0, "ANO COMPETIÇÃO": 2023.0, "MANDANTE / VISITANTE (SCCP)": "Não", "TIME MANDANTE": "FERROVIÁRIA", "GOLS MANDANTE": "1.0", "x": "x", "GOLS VISITANTE": "4.0", "TIME VISITANTE": "CORINTHIANS", "PLACAR": "1x4", "RESULTADO": "VITÓRIA", "ADVERSÁRIO": "FERROVIÁRIA", "ESTADO ADVERSÁRIO": "SÃO PAULO", "PAÍS ADVERSÁRIO": "BRASIL", "GOLS SCCP": "4.0", "GOLS ADVERSÁRIO": "1.0", "SALDO DE GOLS": "3", "TREINADOR": "ARTHUR ELIAS", "JOGO OFICIAL?": "SIM", "COMPETIÇÃO": "CAMPEONATO BRASILEIRO", "FASE": "1ª FASE", "ESTÁDIO": "OLIVÉRIO BAZZANI FILHO (ARENA DA FONTE LUMINOSA)", "CAPACIDADE": "20205", "CIDADE": "ARARAQUARA ", "ESTADO/PROVÍNCIA": "SÃO PAULO", "PAÍS": "BRASIL", "LATITUDE": -21.775035435893585, "LONGITUDE": -48.169600583381282, "PÚBLICO PAGANTE": "3627.0", "PÚBLICO TOTAL": "ND", "RENDA BRUTA (R$)": "22250.0", "RENDA LÍQUIDA (R$)": "3827.45", "TICKET MÉDIO (R$)": "6.134546457", "AUTORAS": "VIC ALBUQUERQUE, JAQUELINE, VIC ALBUQUERQUE, JHENIFFER", "TÍTULO?": "N/A", "OBSERVAÇÕES": null, "ERA": "Depois da reativação" }, "geometry": { "type": "Point", "coordinates": [ -48.169600583381282, -21.775035435893585 ] } },
{ "type": "Feature", "properties": { "DATA": "2023-03-26", "DIA DA SEMANA": "domingo", "DIA DO JOGO": "2023-03-26 00:00:00", "MÊS DO JOGO": "2023-03-26 00:00:00", "ANO JOGO": 2023.0, "ANO COMPETIÇÃO": 2023.0, "MANDANTE / VISITANTE (SCCP)": "Sim", "TIME MANDANTE": "CORINTHIANS", "GOLS MANDANTE": "1.0", "x": "x", "GOLS VISITANTE": "0.0", "TIME VISITANTE": "ATHLETICO-PR", "PLACAR": "1x0", "RESULTADO": "VITÓRIA", "ADVERSÁRIO": "ATHLETICO-PR", "ESTADO ADVERSÁRIO": "PARANÁ", "PAÍS ADVERSÁRIO": "BRASIL", "GOLS SCCP": "1.0", "GOLS ADVERSÁRIO": "0.0", "SALDO DE GOLS": "1", "TREINADOR": "ARTHUR ELIAS", "JOGO OFICIAL?": "SIM", "COMPETIÇÃO": "CAMPEONATO BRASILEIRO", "FASE": "1ª FASE", "ESTÁDIO": "FRANCISCO RIBEIRO NOGUEIRA (NOGUEIRÃO)", "CAPACIDADE": "14384", "CIDADE": "MOGI DAS CRUZES ", "ESTADO/PROVÍNCIA": "SÃO PAULO", "PAÍS": "BRASIL", "LATITUDE": -23.517361700125463, "LONGITUDE": -46.205638531250408, "PÚBLICO PAGANTE": "5388.0", "PÚBLICO TOTAL": "922.0", "RENDA BRUTA (R$)": "74774.0", "RENDA LÍQUIDA (R$)": "50375.66", "TICKET MÉDIO (R$)": "13.87787676", "AUTORAS": "LUANA BERTOLUCCI", "TÍTULO?": "N/A", "OBSERVAÇÕES": null, "ERA": "Depois da reativação" }, "geometry": { "type": "Point", "coordinates": [ -46.205638531250408, -23.517361700125463 ] } },
{ "type": "Feature", "properties": { "DATA": "2023-04-02", "DIA DA SEMANA": "domingo", "DIA DO JOGO": "2023-04-02 00:00:00", "MÊS DO JOGO": "2023-04-02 00:00:00", "ANO JOGO": 2023.0, "ANO COMPETIÇÃO": 2023.0, "MANDANTE / VISITANTE (SCCP)": "Não", "TIME MANDANTE": "REAL BRASÍLIA", "GOLS MANDANTE": "0.0", "x": "x", "GOLS VISITANTE": "0.0", "TIME VISITANTE": "CORINTHIANS", "PLACAR": "0x0", "RESULTADO": "EMPATE", "ADVERSÁRIO": "REAL BRASÍLIA", "ESTADO ADVERSÁRIO": "DISTRITO FEDERAL", "PAÍS ADVERSÁRIO": "BRASIL", "GOLS SCCP": "0.0", "GOLS ADVERSÁRIO": "0.0", "SALDO DE GOLS": "0", "TREINADOR": "ARTHUR ELIAS", "JOGO OFICIAL?": "SIM", "COMPETIÇÃO": "CAMPEONATO BRASILEIRO", "FASE": "1ª FASE", "ESTÁDIO": "CIRO MACHADO DO ESPÍRITO SANTO (DEFELÊ)", "CAPACIDADE": "6875", "CIDADE": "BRASÍLIA", "ESTADO/PROVÍNCIA": "DISTRITO FEDERAL", "PAÍS": "BRASIL", "LATITUDE": -15.790862358451054, "LONGITUDE": -47.85364308666135, "PÚBLICO PAGANTE": "356.0", "PÚBLICO TOTAL": "ND", "RENDA BRUTA (R$)": "2510.0", "RENDA LÍQUIDA (R$)": "5599.24", "TICKET MÉDIO (R$)": "7.050561798", "AUTORAS": null, "TÍTULO?": "N/A", "OBSERVAÇÕES": null, "ERA": "Depois da reativação" }, "geometry": { "type": "Point", "coordinates": [ -47.85364308666135, -15.790862358451054 ] } },
{ "type": "Feature", "properties": { "DATA": "2023-04-17", "DIA DA SEMANA": "segunda-feira", "DIA DO JOGO": "2023-04-17 00:00:00", "MÊS DO JOGO": "2023-04-17 00:00:00", "ANO JOGO": 2023.0, "ANO COMPETIÇÃO": 2023.0, "MANDANTE / VISITANTE (SCCP)": "Sim", "TIME MANDANTE": "CORINTHIANS", "GOLS MANDANTE": "3.0", "x": "x", "GOLS VISITANTE": "2.0", "TIME VISITANTE": "PALMEIRAS", "PLACAR": "3x2", "RESULTADO": "VITÓRIA", "ADVERSÁRIO": "PALMEIRAS", "ESTADO ADVERSÁRIO": "SÃO PAULO", "PAÍS ADVERSÁRIO": "BRASIL", "GOLS SCCP": "3.0", "GOLS ADVERSÁRIO": "2.0", "SALDO DE GOLS": "1", "TREINADOR": "ARTHUR ELIAS", "JOGO OFICIAL?": "SIM", "COMPETIÇÃO": "CAMPEONATO BRASILEIRO", "FASE": "1ª FASE", "ESTÁDIO": "ALFREDO SCHÜRIG (PARQUE SÃO JORGE / FAZENDINHA)", "CAPACIDADE": "9800", "CIDADE": "SÃO PAULO ", "ESTADO/PROVÍNCIA": "SÃO PAULO", "PAÍS": "BRASIL", "LATITUDE": -23.526659630812546, "LONGITUDE": -46.569480895169598, "PÚBLICO PAGANTE": "7454.0", "PÚBLICO TOTAL": "1933.0", "RENDA BRUTA (R$)": "121525.0", "RENDA LÍQUIDA (R$)": "90026.63", "TICKET MÉDIO (R$)": "16.30332707", "AUTORAS": "VIC ALBUQUERQUE, TAMIRES, TARCIANE", "TÍTULO?": "N/A", "OBSERVAÇÕES": null, "ERA": "Depois da reativação" }, "geometry": { "type": "Point", "coordinates": [ -46.569480895169598, -23.526659630812546 ] } },
{ "type": "Feature", "properties": { "DATA": "2023-04-24", "DIA DA SEMANA": "segunda-feira", "DIA DO JOGO": "2023-04-24 00:00:00", "MÊS DO JOGO": "2023-04-24 00:00:00", "ANO JOGO": 2023.0, "ANO COMPETIÇÃO": 2023.0, "MANDANTE / VISITANTE (SCCP)": "Não", "TIME MANDANTE": "INTERNACIONAL", "GOLS MANDANTE": "2.0", "x": "x", "GOLS VISITANTE": "0.0", "TIME VISITANTE": "CORINTHIANS", "PLACAR": "2x0", "RESULTADO": "DERROTA", "ADVERSÁRIO": "INTERNACIONAL", "ESTADO ADVERSÁRIO": "RIO GRANDE DO SUL", "PAÍS ADVERSÁRIO": "BRASIL", "GOLS SCCP": "0.0", "GOLS ADVERSÁRIO": "2.0", "SALDO DE GOLS": "-2", "TREINADOR": "ARTHUR ELIAS", "JOGO OFICIAL?": "SIM", "COMPETIÇÃO": "CAMPEONATO BRASILEIRO", "FASE": "1ª FASE", "ESTÁDIO": "JOÃO CORRÊA DA SILVEIRA (MONUMENTAL DO CRISTO REI)", "CAPACIDADE": "10000", "CIDADE": "SÃO LEOPOLDO", "ESTADO/PROVÍNCIA": "RIO GRANDE DO SUL", "PAÍS": "BRASIL", "LATITUDE": -29.782214791486421, "LONGITUDE": -51.155012231250431, "PÚBLICO PAGANTE": "455.0", "PÚBLICO TOTAL": "ND", "RENDA BRUTA (R$)": "4550.0", "RENDA LÍQUIDA (R$)": "-8282.42", "TICKET MÉDIO (R$)": "10", "AUTORAS": null, "TÍTULO?": "N/A", "OBSERVAÇÕES": null, "ERA": "Depois da reativação" }, "geometry": { "type": "Point", "coordinates": [ -51.155012231250431, -29.782214791486421 ] } },
{ "type": "Feature", "properties": { "DATA": "2023-04-30", "DIA DA SEMANA": "domingo", "DIA DO JOGO": "2023-04-30 00:00:00", "MÊS DO JOGO": "2023-04-30 00:00:00", "ANO JOGO": 2023.0, "ANO COMPETIÇÃO": 2023.0, "MANDANTE / VISITANTE (SCCP)": "Sim", "TIME MANDANTE": "CORINTHIANS", "GOLS MANDANTE": "7.0", "x": "x", "GOLS VISITANTE": "1.0", "TIME VISITANTE": "CRUZEIRO", "PLACAR": "7x1", "RESULTADO": "VITÓRIA", "ADVERSÁRIO": "CRUZEIRO", "ESTADO ADVERSÁRIO": "MINAS GERAIS", "PAÍS ADVERSÁRIO": "BRASIL", "GOLS SCCP": "7.0", "GOLS ADVERSÁRIO": "1.0", "SALDO DE GOLS": "6", "TREINADOR": "ARTHUR ELIAS", "JOGO OFICIAL?": "SIM", "COMPETIÇÃO": "CAMPEONATO BRASILEIRO", "FASE": "1ª FASE", "ESTÁDIO": "ALFREDO SCHÜRIG (PARQUE SÃO JORGE / FAZENDINHA)", "CAPACIDADE": "9800", "CIDADE": "SÃO PAULO ", "ESTADO/PROVÍNCIA": "SÃO PAULO", "PAÍS": "BRASIL", "LATITUDE": -23.526659630812546, "LONGITUDE": -46.569480895169598, "PÚBLICO PAGANTE": "5438.0", "PÚBLICO TOTAL": "1787.0", "RENDA BRUTA (R$)": "95778.0", "RENDA LÍQUIDA (R$)": "71221.96", "TICKET MÉDIO (R$)": "17.61272527", "AUTORAS": "YASMIM, GABI ZANOTTI, GABI ZANOTTI, JHENIFFER, GABI ZANOTTI, GABI ZANOTTI, DUDA SAMPAIO", "TÍTULO?": "N/A", "OBSERVAÇÕES": null, "ERA": "Depois da reativação" }, "geometry": { "type": "Point", "coordinates": [ -46.569480895169598, -23.526659630812546 ] } },
{ "type": "Feature", "properties": { "DATA": "2023-05-03", "DIA DA SEMANA": "quarta-feira", "DIA DO JOGO": "2023-05-03 00:00:00", "MÊS DO JOGO": "2023-05-03 00:00:00", "ANO JOGO": 2023.0, "ANO COMPETIÇÃO": 2023.0, "MANDANTE / VISITANTE (SCCP)": "Sim", "TIME MANDANTE": "CORINTHIANS", "GOLS MANDANTE": "2.0", "x": "x", "GOLS VISITANTE": "1.0", "TIME VISITANTE": "SÃO PAULO", "PLACAR": "2x1", "RESULTADO": "VITÓRIA", "ADVERSÁRIO": "SÃO PAULO", "ESTADO ADVERSÁRIO": "SÃO PAULO", "PAÍS ADVERSÁRIO": "BRASIL", "GOLS SCCP": "2.0", "GOLS ADVERSÁRIO": "1.0", "SALDO DE GOLS": "1", "TREINADOR": "ARTHUR ELIAS", "JOGO OFICIAL?": "SIM", "COMPETIÇÃO": "CAMPEONATO PAULISTA / FPF", "FASE": "1ª FASE", "ESTÁDIO": "ALFREDO SCHÜRIG (PARQUE SÃO JORGE / FAZENDINHA)", "CAPACIDADE": "9800", "CIDADE": "SÃO PAULO ", "ESTADO/PROVÍNCIA": "SÃO PAULO", "PAÍS": "BRASIL", "LATITUDE": -23.526659630812546, "LONGITUDE": -46.569480895169598, "PÚBLICO PAGANTE": "5021.0", "PÚBLICO TOTAL": "986.0", "RENDA BRUTA (R$)": "84508.0", "RENDA LÍQUIDA (R$)": "63067.99", "TICKET MÉDIO (R$)": "16.83091018", "AUTORAS": "CONTRA, JHENIFFER", "TÍTULO?": "N/A", "OBSERVAÇÕES": null, "ERA": "Depois da reativação" }, "geometry": { "type": "Point", "coordinates": [ -46.569480895169598, -23.526659630812546 ] } },
{ "type": "Feature", "properties": { "DATA": "2023-05-07", "DIA DA SEMANA": "domingo", "DIA DO JOGO": "2023-05-07 00:00:00", "MÊS DO JOGO": "2023-05-07 00:00:00", "ANO JOGO": 2023.0, "ANO COMPETIÇÃO": 2023.0, "MANDANTE / VISITANTE (SCCP)": "Não", "TIME MANDANTE": "SÃO PAULO", "GOLS MANDANTE": "0.0", "x": "x", "GOLS VISITANTE": "3.0", "TIME VISITANTE": "CORINTHIANS", "PLACAR": "0x3", "RESULTADO": "VITÓRIA", "ADVERSÁRIO": "SÃO PAULO", "ESTADO ADVERSÁRIO": "SÃO PAULO", "PAÍS ADVERSÁRIO": "BRASIL", "GOLS SCCP": "3.0", "GOLS ADVERSÁRIO": "0.0", "SALDO DE GOLS": "3", "TREINADOR": "ARTHUR ELIAS", "JOGO OFICIAL?": "SIM", "COMPETIÇÃO": "CAMPEONATO BRASILEIRO", "FASE": "1ª FASE", "ESTÁDIO": "CENTRO DE FORMAÇÃO DE ATLETAS LAUDO NATEL (CT DE COTIA)", "CAPACIDADE": "1500", "CIDADE": "COTIA ", "ESTADO/PROVÍNCIA": "SÃO PAULO", "PAÍS": "BRASIL", "LATITUDE": -23.621368389045369, "LONGITUDE": -46.913702630845982, "PÚBLICO PAGANTE": "0.0", "PÚBLICO TOTAL": "ND", "RENDA BRUTA (R$)": "0.0", "RENDA LÍQUIDA (R$)": "-14749.78", "TICKET MÉDIO (R$)": "ND", "AUTORAS": "TARCIANE, YASMIM, LUANA BERTOLUCCI", "TÍTULO?": "N/A", "OBSERVAÇÕES": null, "ERA": "Depois da reativação" }, "geometry": { "type": "Point", "coordinates": [ -46.913702630845982, -23.621368389045369 ] } },
{ "type": "Feature", "properties": { "DATA": "2023-05-10", "DIA DA SEMANA": "quarta-feira", "DIA DO JOGO": "2023-05-10 00:00:00", "MÊS DO JOGO": "2023-05-10 00:00:00", "ANO JOGO": 2023.0, "ANO COMPETIÇÃO": 2023.0, "MANDANTE / VISITANTE (SCCP)": "Não", "TIME MANDANTE": "FERROVIÁRIA", "GOLS MANDANTE": "1.0", "x": "x", "GOLS VISITANTE": "2.0", "TIME VISITANTE": "CORINTHIANS", "PLACAR": "1x2", "RESULTADO": "VITÓRIA", "ADVERSÁRIO": "FERROVIÁRIA", "ESTADO ADVERSÁRIO": "SÃO PAULO", "PAÍS ADVERSÁRIO": "BRASIL", "GOLS SCCP": "2.0", "GOLS ADVERSÁRIO": "1.0", "SALDO DE GOLS": "1", "TREINADOR": "ARTHUR ELIAS", "JOGO OFICIAL?": "SIM", "COMPETIÇÃO": "CAMPEONATO PAULISTA / FPF", "FASE": "1ª FASE", "ESTÁDIO": "OLIVÉRIO BAZZANI FILHO (ARENA DA FONTE LUMINOSA)", "CAPACIDADE": "20205", "CIDADE": "ARARAQUARA ", "ESTADO/PROVÍNCIA": "SÃO PAULO", "PAÍS": "BRASIL", "LATITUDE": -21.775035435893585, "LONGITUDE": -48.169600583381282, "PÚBLICO PAGANTE": "509.0", "PÚBLICO TOTAL": "ND", "RENDA BRUTA (R$)": "3160.0", "RENDA LÍQUIDA (R$)": "-3668.09", "TICKET MÉDIO (R$)": "6.208251473", "AUTORAS": "JAQUELINE, YASMIM", "TÍTULO?": "N/A", "OBSERVAÇÕES": null, "ERA": "Depois da reativação" }, "geometry": { "type": "Point", "coordinates": [ -48.169600583381282, -21.775035435893585 ] } },
{ "type": "Feature", "properties": { "DATA": "2023-05-14", "DIA DA SEMANA": "domingo", "DIA DO JOGO": "2023-05-14 00:00:00", "MÊS DO JOGO": "2023-05-14 00:00:00", "ANO JOGO": 2023.0, "ANO COMPETIÇÃO": 2023.0, "MANDANTE / VISITANTE (SCCP)": "Sim", "TIME MANDANTE": "CORINTHIANS", "GOLS MANDANTE": "1.0", "x": "x", "GOLS VISITANTE": "0.0", "TIME VISITANTE": "SANTOS", "PLACAR": "1x0", "RESULTADO": "VITÓRIA", "ADVERSÁRIO": "SANTOS", "ESTADO ADVERSÁRIO": "SÃO PAULO", "PAÍS ADVERSÁRIO": "BRASIL", "GOLS SCCP": "1.0", "GOLS ADVERSÁRIO": "0.0", "SALDO DE GOLS": "1", "TREINADOR": "ARTHUR ELIAS", "JOGO OFICIAL?": "SIM", "COMPETIÇÃO": "CAMPEONATO BRASILEIRO", "FASE": "1ª FASE", "ESTÁDIO": "ALFREDO SCHÜRIG (PARQUE SÃO JORGE / FAZENDINHA)", "CAPACIDADE": "9800", "CIDADE": "SÃO PAULO ", "ESTADO/PROVÍNCIA": "SÃO PAULO", "PAÍS": "BRASIL", "LATITUDE": -23.526659630812546, "LONGITUDE": -46.569480895169598, "PÚBLICO PAGANTE": "4613.0", "PÚBLICO TOTAL": "1097.0", "RENDA BRUTA (R$)": "77803.0", "RENDA LÍQUIDA (R$)": "50075.37", "TICKET MÉDIO (R$)": "16.86603078", "AUTORAS": "JHENIFFER", "TÍTULO?": "N/A", "OBSERVAÇÕES": null, "ERA": "Depois da reativação" }, "geometry": { "type": "Point", "coordinates": [ -46.569480895169598, -23.526659630812546 ] } },
{ "type": "Feature", "properties": { "DATA": "2023-05-17", "DIA DA SEMANA": "quarta-feira", "DIA DO JOGO": "2023-05-17 00:00:00", "MÊS DO JOGO": "2023-05-17 00:00:00", "ANO JOGO": 2023.0, "ANO COMPETIÇÃO": 2023.0, "MANDANTE / VISITANTE (SCCP)": "Não", "TIME MANDANTE": "PALMEIRAS", "GOLS MANDANTE": "1.0", "x": "x", "GOLS VISITANTE": "1.0", "TIME VISITANTE": "CORINTHIANS", "PLACAR": "1x1", "RESULTADO": "EMPATE", "ADVERSÁRIO": "PALMEIRAS", "ESTADO ADVERSÁRIO": "SÃO PAULO", "PAÍS ADVERSÁRIO": "BRASIL", "GOLS SCCP": "1.0", "GOLS ADVERSÁRIO": "1.0", "SALDO DE GOLS": "0", "TREINADOR": "ARTHUR ELIAS", "JOGO OFICIAL?": "SIM", "COMPETIÇÃO": "CAMPEONATO PAULISTA / FPF", "FASE": "1ª FASE", "ESTÁDIO": "DOUTOR JAYME PINHEIRO DE ULHÔA CINTRA (JAYME CINTRA)", "CAPACIDADE": "13905", "CIDADE": "JUNDIAÍ", "ESTADO/PROVÍNCIA": "SÃO PAULO", "PAÍS": "BRASIL", "LATITUDE": -23.187952588395312, "LONGITUDE": -46.859666700568667, "PÚBLICO PAGANTE": "748.0", "PÚBLICO TOTAL": "ND", "RENDA BRUTA (R$)": "11370.0", "RENDA LÍQUIDA (R$)": "-5643.97", "TICKET MÉDIO (R$)": "15.20053476", "AUTORAS": "DUDA SAMPAIO", "TÍTULO?": "N/A", "OBSERVAÇÕES": null, "ERA": "Depois da reativação" }, "geometry": { "type": "Point", "coordinates": [ -46.859666700568667, -23.187952588395312 ] } },
{ "type": "Feature", "properties": { "DATA": "2023-05-20", "DIA DA SEMANA": "sábado", "DIA DO JOGO": "2023-05-20 00:00:00", "MÊS DO JOGO": "2023-05-20 00:00:00", "ANO JOGO": 2023.0, "ANO COMPETIÇÃO": 2023.0, "MANDANTE / VISITANTE (SCCP)": "Não", "TIME MANDANTE": "AVAÍ/KINDERMANN", "GOLS MANDANTE": "1.0", "x": "x", "GOLS VISITANTE": "0.0", "TIME VISITANTE": "CORINTHIANS", "PLACAR": "1x0", "RESULTADO": "DERROTA", "ADVERSÁRIO": "AVAÍ/KINDERMANN", "ESTADO ADVERSÁRIO": "SANTA CATARINA", "PAÍS ADVERSÁRIO": "BRASIL", "GOLS SCCP": "0.0", "GOLS ADVERSÁRIO": "1.0", "SALDO DE GOLS": "-1", "TREINADOR": "RODRIGO IGLESIAS", "JOGO OFICIAL?": "SIM", "COMPETIÇÃO": "CAMPEONATO BRASILEIRO", "FASE": "1ª FASE", "ESTÁDIO": "CARLOS ALBERTO COSTA NEVES", "CAPACIDADE": "6500", "CIDADE": "CAÇADOR ", "ESTADO/PROVÍNCIA": "SANTA CATARINA", "PAÍS": "BRASIL", "LATITUDE": -26.771027999853985, "LONGITUDE": -51.007584674327376, "PÚBLICO PAGANTE": "337.0", "PÚBLICO TOTAL": "ND", "RENDA BRUTA (R$)": "2930.0", "RENDA LÍQUIDA (R$)": "-5764.78", "TICKET MÉDIO (R$)": "8.694362018", "AUTORAS": null, "TÍTULO?": "N/A", "OBSERVAÇÕES": null, "ERA": "Depois da reativação" }, "geometry": { "type": "Point", "coordinates": [ -51.007584674327376, -26.771027999853985 ] } },
{ "type": "Feature", "properties": { "DATA": "2023-05-25", "DIA DA SEMANA": "quinta-feira", "DIA DO JOGO": "2023-05-25 00:00:00", "MÊS DO JOGO": "2023-05-25 00:00:00", "ANO JOGO": 2023.0, "ANO COMPETIÇÃO": 2023.0, "MANDANTE / VISITANTE (SCCP)": "Sim", "TIME MANDANTE": "CORINTHIANS", "GOLS MANDANTE": "12.0", "x": "x", "GOLS VISITANTE": "0.0", "TIME VISITANTE": "SKA BRASIL", "PLACAR": "12x0", "RESULTADO": "VITÓRIA", "ADVERSÁRIO": "SKA BRASIL", "ESTADO ADVERSÁRIO": "SÃO PAULO", "PAÍS ADVERSÁRIO": "BRASIL", "GOLS SCCP": "12.0", "GOLS ADVERSÁRIO": "0.0", "SALDO DE GOLS": "12", "TREINADOR": "ARTHUR ELIAS", "JOGO OFICIAL?": "SIM", "COMPETIÇÃO": "CAMPEONATO PAULISTA / FPF", "FASE": "1ª FASE", "ESTÁDIO": "ORLANDO BATISTA NOVELI (ARENA BARUERI / CREFISA)", "CAPACIDADE": "31452", "CIDADE": "BARUERI ", "ESTADO/PROVÍNCIA": "SÃO PAULO", "PAÍS": "BRASIL", "LATITUDE": -23.511935566878485, "LONGITUDE": -46.899810331250407, "PÚBLICO PAGANTE": "1794.0", "PÚBLICO TOTAL": "ND", "RENDA BRUTA (R$)": "9862.0", "RENDA LÍQUIDA (R$)": "-13059.54", "TICKET MÉDIO (R$)": "5.497212932", "AUTORAS": "JAQUELINE, VIC ALBUQUERQUE, MILLENE, VIC ALBUQUERQUE, GRAZI, JAQUELINE, MILLENE, VIC ALBUQUERQUE, MILLENE, GRAZI, ANDRESSA PEREIRA, JAQUELINE", "TÍTULO?": "N/A", "OBSERVAÇÕES": null, "ERA": "Depois da reativação" }, "geometry": { "type": "Point", "coordinates": [ -46.899810331250407, -23.511935566878485 ] } },
{ "type": "Feature", "properties": { "DATA": "2023-05-28", "DIA DA SEMANA": "domingo", "DIA DO JOGO": "2023-05-28 00:00:00", "MÊS DO JOGO": "2023-05-28 00:00:00", "ANO JOGO": 2023.0, "ANO COMPETIÇÃO": 2023.0, "MANDANTE / VISITANTE (SCCP)": "Sim", "TIME MANDANTE": "CORINTHIANS", "GOLS MANDANTE": "1.0", "x": "x", "GOLS VISITANTE": "0.0", "TIME VISITANTE": "ATLÉTICO-MG", "PLACAR": "1x0", "RESULTADO": "VITÓRIA", "ADVERSÁRIO": "ATLÉTICO-MG", "ESTADO ADVERSÁRIO": "MINAS GERAIS", "PAÍS ADVERSÁRIO": "BRASIL", "GOLS SCCP": "1.0", "GOLS ADVERSÁRIO": "0.0", "SALDO DE GOLS": "1", "TREINADOR": "ARTHUR ELIAS", "JOGO OFICIAL?": "SIM", "COMPETIÇÃO": "CAMPEONATO BRASILEIRO", "FASE": "1ª FASE", "ESTÁDIO": "1º DE MAIO (PRIMEIRÃO)", "CAPACIDADE": "15759", "CIDADE": "SÃO BERNARDO DO CAMPO", "ESTADO/PROVÍNCIA": "SÃO PAULO", "PAÍS": "BRASIL", "LATITUDE": -23.699558583592914, "LONGITUDE": -46.554931460085633, "PÚBLICO PAGANTE": "1476.0", "PÚBLICO TOTAL": "ND", "RENDA BRUTA (R$)": "10871.0", "RENDA LÍQUIDA (R$)": "-10384.3", "TICKET MÉDIO (R$)": "7.365176152", "AUTORAS": "DUDA SAMPAIO", "TÍTULO?": "N/A", "OBSERVAÇÕES": null, "ERA": "Depois da reativação" }, "geometry": { "type": "Point", "coordinates": [ -46.554931460085633, -23.699558583592914 ] } },
{ "type": "Feature", "properties": { "DATA": "2023-06-01", "DIA DA SEMANA": "quinta-feira", "DIA DO JOGO": "2023-06-01 00:00:00", "MÊS DO JOGO": "2023-06-01 00:00:00", "ANO JOGO": 2023.0, "ANO COMPETIÇÃO": 2023.0, "MANDANTE / VISITANTE (SCCP)": "Não", "TIME MANDANTE": "SANTOS", "GOLS MANDANTE": "0.0", "x": "x", "GOLS VISITANTE": "1.0", "TIME VISITANTE": "CORINTHIANS", "PLACAR": "0x1", "RESULTADO": "VITÓRIA", "ADVERSÁRIO": "SANTOS", "ESTADO ADVERSÁRIO": "SÃO PAULO", "PAÍS ADVERSÁRIO": "BRASIL", "GOLS SCCP": "1.0", "GOLS ADVERSÁRIO": "0.0", "SALDO DE GOLS": "1", "TREINADOR": "ARTHUR ELIAS", "JOGO OFICIAL?": "SIM", "COMPETIÇÃO": "CAMPEONATO PAULISTA / FPF", "FASE": "1ª FASE", "ESTÁDIO": "URBANO CALDEIRA (VILA BELMIRO)", "CAPACIDADE": "20360", "CIDADE": "SANTOS", "ESTADO/PROVÍNCIA": "SÃO PAULO", "PAÍS": "BRASIL", "LATITUDE": -23.950833202245221, "LONGITUDE": -46.338367960085641, "PÚBLICO PAGANTE": "1624.0", "PÚBLICO TOTAL": "ND", "RENDA BRUTA (R$)": "0.0", "RENDA LÍQUIDA (R$)": "-22130.88", "TICKET MÉDIO (R$)": "0", "AUTORAS": "GABI PORTILHO", "TÍTULO?": "N/A", "OBSERVAÇÕES": null, "ERA": "Depois da reativação" }, "geometry": { "type": "Point", "coordinates": [ -46.338367960085641, -23.950833202245221 ] } },
{ "type": "Feature", "properties": { "DATA": "2023-06-05", "DIA DA SEMANA": "segunda-feira", "DIA DO JOGO": "2023-06-05 00:00:00", "MÊS DO JOGO": "2023-06-05 00:00:00", "ANO JOGO": 2023.0, "ANO COMPETIÇÃO": 2023.0, "MANDANTE / VISITANTE (SCCP)": "Sim", "TIME MANDANTE": "CORINTHIANS", "GOLS MANDANTE": "4.0", "x": "x", "GOLS VISITANTE": "0.0", "TIME VISITANTE": "FLAMENGO", "PLACAR": "4x0", "RESULTADO": "VITÓRIA", "ADVERSÁRIO": "FLAMENGO", "ESTADO ADVERSÁRIO": "RIO DE JANEIRO", "PAÍS ADVERSÁRIO": "BRASIL", "GOLS SCCP": "4.0", "GOLS ADVERSÁRIO": "0.0", "SALDO DE GOLS": "4", "TREINADOR": "ARTHUR ELIAS", "JOGO OFICIAL?": "SIM", "COMPETIÇÃO": "CAMPEONATO BRASILEIRO", "FASE": "1ª FASE", "ESTÁDIO": "ALFREDO SCHÜRIG (PARQUE SÃO JORGE / FAZENDINHA)", "CAPACIDADE": "9800", "CIDADE": "SÃO PAULO ", "ESTADO/PROVÍNCIA": "SÃO PAULO", "PAÍS": "BRASIL", "LATITUDE": -23.526659630812546, "LONGITUDE": -46.569480895169598, "PÚBLICO PAGANTE": "2409.0", "PÚBLICO TOTAL": "1140.0", "RENDA BRUTA (R$)": "30380.0", "RENDA LÍQUIDA (R$)": "7591.57", "TICKET MÉDIO (R$)": "12.61104193", "AUTORAS": "GABI PORTILHO, DUDA SAMPAIO, ISABELA, ISABELA", "TÍTULO?": "N/A", "OBSERVAÇÕES": null, "ERA": "Depois da reativação" }, "geometry": { "type": "Point", "coordinates": [ -46.569480895169598, -23.526659630812546 ] } },
{ "type": "Feature", "properties": { "DATA": "2023-06-08", "DIA DA SEMANA": "quinta-feira", "DIA DO JOGO": "2023-06-08 00:00:00", "MÊS DO JOGO": "2023-06-08 00:00:00", "ANO JOGO": 2023.0, "ANO COMPETIÇÃO": 2023.0, "MANDANTE / VISITANTE (SCCP)": "Sim", "TIME MANDANTE": "CORINTHIANS", "GOLS MANDANTE": "11.0", "x": "x", "GOLS VISITANTE": "0.0", "TIME VISITANTE": "REALIDADE JOVEM", "PLACAR": "11x0", "RESULTADO": "VITÓRIA", "ADVERSÁRIO": "REALIDADE JOVEM", "ESTADO ADVERSÁRIO": "SÃO PAULO", "PAÍS ADVERSÁRIO": "BRASIL", "GOLS SCCP": "11.0", "GOLS ADVERSÁRIO": "0.0", "SALDO DE GOLS": "11", "TREINADOR": "ARTHUR ELIAS", "JOGO OFICIAL?": "SIM", "COMPETIÇÃO": "CAMPEONATO PAULISTA / FPF", "FASE": "1ª FASE", "ESTÁDIO": "ALFREDO SCHÜRIG (PARQUE SÃO JORGE / FAZENDINHA)", "CAPACIDADE": "9800", "CIDADE": "SÃO PAULO ", "ESTADO/PROVÍNCIA": "SÃO PAULO", "PAÍS": "BRASIL", "LATITUDE": -23.526659630812546, "LONGITUDE": -46.569480895169598, "PÚBLICO PAGANTE": "1719.0", "PÚBLICO TOTAL": "643.0", "RENDA BRUTA (R$)": "15667.0", "RENDA LÍQUIDA (R$)": "2035.21", "TICKET MÉDIO (R$)": "9.114019779", "AUTORAS": "CAROL NOGUEIRA, TARCIANE, GRAZI, CAROL TAVARES, GRAZI, GRAZI, MILLENE, CAROL NOGUEIRA, PAULINHA, MIRIÃ, JHONSON", "TÍTULO?": "N/A", "OBSERVAÇÕES": null, "ERA": "Depois da reativação" }, "geometry": { "type": "Point", "coordinates": [ -46.569480895169598, -23.526659630812546 ] } },
{ "type": "Feature", "properties": { "DATA": "2023-06-12", "DIA DA SEMANA": "segunda-feira", "DIA DO JOGO": "2023-06-12 00:00:00", "MÊS DO JOGO": "2023-06-12 00:00:00", "ANO JOGO": 2023.0, "ANO COMPETIÇÃO": 2023.0, "MANDANTE / VISITANTE (SCCP)": "Não", "TIME MANDANTE": "BAHIA", "GOLS MANDANTE": "1.0", "x": "x", "GOLS VISITANTE": "5.0", "TIME VISITANTE": "CORINTHIANS", "PLACAR": "1x5", "RESULTADO": "VITÓRIA", "ADVERSÁRIO": "BAHIA", "ESTADO ADVERSÁRIO": "BAHIA", "PAÍS ADVERSÁRIO": "BRASIL", "GOLS SCCP": "5.0", "GOLS ADVERSÁRIO": "1.0", "SALDO DE GOLS": "4", "TREINADOR": "ARTHUR ELIAS", "JOGO OFICIAL?": "SIM", "COMPETIÇÃO": "CAMPEONATO BRASILEIRO", "FASE": "1ª FASE", "ESTÁDIO": "GOVERNADOR ROBERTO SANTOS (PITUAÇU)", "CAPACIDADE": "32157", "CIDADE": "SALVADOR", "ESTADO/PROVÍNCIA": "BAHIA", "PAÍS": "BRASIL", "LATITUDE": -12.945935124966327, "LONGITUDE": -38.417250187074316, "PÚBLICO PAGANTE": "102.0", "PÚBLICO TOTAL": "ND", "RENDA BRUTA (R$)": "102.0", "RENDA LÍQUIDA (R$)": "-9953.37", "TICKET MÉDIO (R$)": "1", "AUTORAS": "DUDA SAMPAIO, GIOVANNA CAMPIOLO, TAMIRES, JHENIFFER, VIC ALBUQUERQUE", "TÍTULO?": "N/A", "OBSERVAÇÕES": null, "ERA": "Depois da reativação" }, "geometry": { "type": "Point", "coordinates": [ -38.417250187074316, -12.945935124966327 ] } },
{ "type": "Feature", "properties": { "DATA": "2023-06-19", "DIA DA SEMANA": "segunda-feira", "DIA DO JOGO": "2023-06-19 00:00:00", "MÊS DO JOGO": "2023-06-19 00:00:00", "ANO JOGO": 2023.0, "ANO COMPETIÇÃO": 2023.0, "MANDANTE / VISITANTE (SCCP)": "Não", "TIME MANDANTE": "CRUZEIRO", "GOLS MANDANTE": "1.0", "x": "x", "GOLS VISITANTE": "2.0", "TIME VISITANTE": "CORINTHIANS", "PLACAR": "1x2", "RESULTADO": "VITÓRIA", "ADVERSÁRIO": "CRUZEIRO", "ESTADO ADVERSÁRIO": "MINAS GERAIS", "PAÍS ADVERSÁRIO": "BRASIL", "GOLS SCCP": "2.0", "GOLS ADVERSÁRIO": "1.0", "SALDO DE GOLS": "1", "TREINADOR": "ARTHUR ELIAS", "JOGO OFICIAL?": "SIM", "COMPETIÇÃO": "CAMPEONATO BRASILEIRO", "FASE": "QUARTAS DE FINAL", "ESTÁDIO": "SOARES DE AZEVEDO (GIGANTE DA 356)", "CAPACIDADE": "13971", "CIDADE": "MURIAÉ", "ESTADO/PROVÍNCIA": "MINAS GERAIS", "PAÍS": "BRASIL", "LATITUDE": -21.126403210954635, "LONGITUDE": -42.337147066193893, "PÚBLICO PAGANTE": "3200.0", "PÚBLICO TOTAL": "ND", "RENDA BRUTA (R$)": "0.0", "RENDA LÍQUIDA (R$)": "-43156.03", "TICKET MÉDIO (R$)": "0", "AUTORAS": "GABI ZANOTTI, VIC ALBUQUERQUE", "TÍTULO?": "N/A", "OBSERVAÇÕES": null, "ERA": "Depois da reativação" }, "geometry": { "type": "Point", "coordinates": [ -42.337147066193893, -21.126403210954635 ] } },
{ "type": "Feature", "properties": { "DATA": "2023-06-22", "DIA DA SEMANA": "quinta-feira", "DIA DO JOGO": "2023-06-22 00:00:00", "MÊS DO JOGO": "2023-06-22 00:00:00", "ANO JOGO": 2023.0, "ANO COMPETIÇÃO": 2023.0, "MANDANTE / VISITANTE (SCCP)": "Sim", "TIME MANDANTE": "CORINTHIANS", "GOLS MANDANTE": "4.0", "x": "x", "GOLS VISITANTE": "1.0", "TIME VISITANTE": "RED BULL BRAGANTINO", "PLACAR": "4x1", "RESULTADO": "VITÓRIA", "ADVERSÁRIO": "RED BULL BRAGANTINO", "ESTADO ADVERSÁRIO": "SÃO PAULO", "PAÍS ADVERSÁRIO": "BRASIL", "GOLS SCCP": "4.0", "GOLS ADVERSÁRIO": "1.0", "SALDO DE GOLS": "3", "TREINADOR": "ARTHUR ELIAS", "JOGO OFICIAL?": "SIM", "COMPETIÇÃO": "CAMPEONATO PAULISTA / FPF", "FASE": "1ª FASE", "ESTÁDIO": "ALFREDO SCHÜRIG (PARQUE SÃO JORGE / FAZENDINHA)", "CAPACIDADE": "9800", "CIDADE": "SÃO PAULO ", "ESTADO/PROVÍNCIA": "SÃO PAULO", "PAÍS": "BRASIL", "LATITUDE": -23.526659630812546, "LONGITUDE": -46.569480895169598, "PÚBLICO PAGANTE": "1486.0", "PÚBLICO TOTAL": "373.0", "RENDA BRUTA (R$)": "8120.0", "RENDA LÍQUIDA (R$)": "-3220.91", "TICKET MÉDIO (R$)": "5.464333782", "AUTORAS": "VIC ALBUQUERQUE, JHENIFFER, FERNANDA, MIRIÃ", "TÍTULO?": "N/A", "OBSERVAÇÕES": null, "ERA": "Depois da reativação" }, "geometry": { "type": "Point", "coordinates": [ -46.569480895169598, -23.526659630812546 ] } },
{ "type": "Feature", "properties": { "DATA": "2023-06-26", "DIA DA SEMANA": "segunda-feira", "DIA DO JOGO": "2023-06-26 00:00:00", "MÊS DO JOGO": "2023-06-26 00:00:00", "ANO JOGO": 2023.0, "ANO COMPETIÇÃO": 2023.0, "MANDANTE / VISITANTE (SCCP)": "Sim", "TIME MANDANTE": "CORINTHIANS", "GOLS MANDANTE": "4.0", "x": "x", "GOLS VISITANTE": "2.0", "TIME VISITANTE": "CRUZEIRO", "PLACAR": "4x2", "RESULTADO": "VITÓRIA", "ADVERSÁRIO": "CRUZEIRO", "ESTADO ADVERSÁRIO": "MINAS GERAIS", "PAÍS ADVERSÁRIO": "BRASIL", "GOLS SCCP": "4.0", "GOLS ADVERSÁRIO": "2.0", "SALDO DE GOLS": "2", "TREINADOR": "ARTHUR ELIAS", "JOGO OFICIAL?": "SIM", "COMPETIÇÃO": "CAMPEONATO BRASILEIRO", "FASE": "QUARTAS DE FINAL", "ESTÁDIO": "ALFREDO SCHÜRIG (PARQUE SÃO JORGE / FAZENDINHA)", "CAPACIDADE": "9800", "CIDADE": "SÃO PAULO ", "ESTADO/PROVÍNCIA": "SÃO PAULO", "PAÍS": "BRASIL", "LATITUDE": -23.526659630812546, "LONGITUDE": -46.569480895169598, "PÚBLICO PAGANTE": "3914.0", "PÚBLICO TOTAL": "ND", "RENDA BRUTA (R$)": "62591.0", "RENDA LÍQUIDA (R$)": "22248.47", "TICKET MÉDIO (R$)": "15.99156873", "AUTORAS": "JHENIFFER, VIC ALBUQUERQUE, DUDA SAMPAIO, TAMIRES", "TÍTULO?": "N/A", "OBSERVAÇÕES": null, "ERA": "Depois da reativação" }, "geometry": { "type": "Point", "coordinates": [ -46.569480895169598, -23.526659630812546 ] } },
{ "type": "Feature", "properties": { "DATA": "2023-06-29", "DIA DA SEMANA": "quinta-feira", "DIA DO JOGO": "2023-06-29 00:00:00", "MÊS DO JOGO": "2023-06-29 00:00:00", "ANO JOGO": 2023.0, "ANO COMPETIÇÃO": 2023.0, "MANDANTE / VISITANTE (SCCP)": "Não", "TIME MANDANTE": "SÃO JOSÉ", "GOLS MANDANTE": "1.0", "x": "x", "GOLS VISITANTE": "5.0", "TIME VISITANTE": "CORINTHIANS", "PLACAR": "1x5", "RESULTADO": "VITÓRIA", "ADVERSÁRIO": "SÃO JOSÉ", "ESTADO ADVERSÁRIO": "SÃO PAULO", "PAÍS ADVERSÁRIO": "BRASIL", "GOLS SCCP": "5.0", "GOLS ADVERSÁRIO": "1.0", "SALDO DE GOLS": "4", "TREINADOR": "ARTHUR ELIAS", "JOGO OFICIAL?": "SIM", "COMPETIÇÃO": "CAMPEONATO PAULISTA / FPF", "FASE": "1ª FASE", "ESTÁDIO": "PREFEITO JOSÉ LIBERATTI (ROCHDALÃO)", "CAPACIDADE": "11780", "CIDADE": "OSASCO ", "ESTADO/PROVÍNCIA": "SÃO PAULO", "PAÍS": "BRASIL", "LATITUDE": -23.51198315274678, "LONGITUDE": -46.775554302415202, "PÚBLICO PAGANTE": "300.0", "PÚBLICO TOTAL": "ND", "RENDA BRUTA (R$)": "0.0", "RENDA LÍQUIDA (R$)": "-8353.0", "TICKET MÉDIO (R$)": "0", "AUTORAS": "JU FERREIRA, FERNANDA, FERNANDA, GRAZI, CAROL NOGUEIRA", "TÍTULO?": "N/A", "OBSERVAÇÕES": null, "ERA": "Depois da reativação" }, "geometry": { "type": "Point", "coordinates": [ -46.775554302415202, -23.51198315274678 ] } },
{ "type": "Feature", "properties": { "DATA": "2023-08-17", "DIA DA SEMANA": "quinta-feira", "DIA DO JOGO": "2023-08-17 00:00:00", "MÊS DO JOGO": "2023-08-17 00:00:00", "ANO JOGO": 2023.0, "ANO COMPETIÇÃO": 2023.0, "MANDANTE / VISITANTE (SCCP)": "Sim", "TIME MANDANTE": "CORINTHIANS", "GOLS MANDANTE": "1.0", "x": "x", "GOLS VISITANTE": "0.0", "TIME VISITANTE": "ATLÉTICO-MG", "PLACAR": "1x0", "RESULTADO": "VITÓRIA", "ADVERSÁRIO": "ATLÉTICO-MG", "ESTADO ADVERSÁRIO": "MINAS GERAIS", "PAÍS ADVERSÁRIO": "BRASIL", "GOLS SCCP": "1.0", "GOLS ADVERSÁRIO": "0.0", "SALDO DE GOLS": "1", "TREINADOR": "ARTHUR ELIAS", "JOGO OFICIAL?": "NÃO", "COMPETIÇÃO": "AMISTOSO", "FASE": "N/A", "ESTÁDIO": "ALFREDO SCHÜRIG (PARQUE SÃO JORGE / FAZENDINHA)", "CAPACIDADE": "9800", "CIDADE": "SÃO PAULO ", "ESTADO/PROVÍNCIA": "SÃO PAULO", "PAÍS": "BRASIL", "LATITUDE": -23.526659630812546, "LONGITUDE": -46.569480895169598, "PÚBLICO PAGANTE": "PF", "PÚBLICO TOTAL": "PF", "RENDA BRUTA (R$)": "PF", "RENDA LÍQUIDA (R$)": "PF", "TICKET MÉDIO (R$)": "PF", "AUTORAS": null, "TÍTULO?": "N/A", "OBSERVAÇÕES": "Amistoso com portões fechados / Três tempos de 30 minutos", "ERA": "Depois da reativação" }, "geometry": { "type": "Point", "coordinates": [ -46.569480895169598, -23.526659630812546 ] } },
{ "type": "Feature", "properties": { "DATA": "2023-08-21", "DIA DA SEMANA": "segunda-feira", "DIA DO JOGO": "2023-08-21 00:00:00", "MÊS DO JOGO": "2023-08-21 00:00:00", "ANO JOGO": 2023.0, "ANO COMPETIÇÃO": 2023.0, "MANDANTE / VISITANTE (SCCP)": "Sim", "TIME MANDANTE": "CORINTHIANS", "GOLS MANDANTE": "5.0", "x": "x", "GOLS VISITANTE": "0.0", "TIME VISITANTE": "PINDA", "PLACAR": "5x0", "RESULTADO": "VITÓRIA", "ADVERSÁRIO": "PINDA", "ESTADO ADVERSÁRIO": "SÃO PAULO", "PAÍS ADVERSÁRIO": "BRASIL", "GOLS SCCP": "5.0", "GOLS ADVERSÁRIO": "0.0", "SALDO DE GOLS": "5", "TREINADOR": "ARTHUR ELIAS", "JOGO OFICIAL?": "SIM", "COMPETIÇÃO": "CAMPEONATO PAULISTA / FPF", "FASE": "1ª FASE", "ESTÁDIO": "ALFREDO SCHÜRIG (PARQUE SÃO JORGE / FAZENDINHA)", "CAPACIDADE": "9800", "CIDADE": "SÃO PAULO ", "ESTADO/PROVÍNCIA": "SÃO PAULO", "PAÍS": "BRASIL", "LATITUDE": -23.526659630812546, "LONGITUDE": -46.569480895169598, "PÚBLICO PAGANTE": "1786.0", "PÚBLICO TOTAL": "526.0", "RENDA BRUTA (R$)": "13642.0", "RENDA LÍQUIDA (R$)": "839.04", "TICKET MÉDIO (R$)": "7.638297872", "AUTORAS": "YASMIM, TAMIRES, MIRIÃ, VIC ALBUQUERQUE, DUDA SAMPAIO", "TÍTULO?": "N/A", "OBSERVAÇÕES": null, "ERA": "Depois da reativação" }, "geometry": { "type": "Point", "coordinates": [ -46.569480895169598, -23.526659630812546 ] } },
{ "type": "Feature", "properties": { "DATA": "2023-08-27", "DIA DA SEMANA": "domingo", "DIA DO JOGO": "2023-08-27 00:00:00", "MÊS DO JOGO": "2023-08-27 00:00:00", "ANO JOGO": 2023.0, "ANO COMPETIÇÃO": 2023.0, "MANDANTE / VISITANTE (SCCP)": "Não", "TIME MANDANTE": "SANTOS", "GOLS MANDANTE": "0.0", "x": "x", "GOLS VISITANTE": "3.0", "TIME VISITANTE": "CORINTHIANS", "PLACAR": "0x3", "RESULTADO": "VITÓRIA", "ADVERSÁRIO": "SANTOS", "ESTADO ADVERSÁRIO": "SÃO PAULO", "PAÍS ADVERSÁRIO": "BRASIL", "GOLS SCCP": "3.0", "GOLS ADVERSÁRIO": "0.0", "SALDO DE GOLS": "3", "TREINADOR": "ARTHUR ELIAS", "JOGO OFICIAL?": "SIM", "COMPETIÇÃO": "CAMPEONATO BRASILEIRO", "FASE": "SEMIFINAL", "ESTÁDIO": "URBANO CALDEIRA (VILA BELMIRO)", "CAPACIDADE": "20360", "CIDADE": "SANTOS", "ESTADO/PROVÍNCIA": "SÃO PAULO", "PAÍS": "BRASIL", "LATITUDE": -23.950833202245221, "LONGITUDE": -46.338367960085641, "PÚBLICO PAGANTE": "4471.0", "PÚBLICO TOTAL": "ND", "RENDA BRUTA (R$)": "0.0", "RENDA LÍQUIDA (R$)": "-84071.27", "TICKET MÉDIO (R$)": "0", "AUTORAS": "JHENIFFER, VIC ALBUQUERQUE, JHENIFFER", "TÍTULO?": "N/A", "OBSERVAÇÕES": null, "ERA": "Depois da reativação" }, "geometry": { "type": "Point", "coordinates": [ -46.338367960085641, -23.950833202245221 ] } },
{ "type": "Feature", "properties": { "DATA": "2023-08-30", "DIA DA SEMANA": "quarta-feira", "DIA DO JOGO": "2023-08-30 00:00:00", "MÊS DO JOGO": "2023-08-30 00:00:00", "ANO JOGO": 2023.0, "ANO COMPETIÇÃO": 2023.0, "MANDANTE / VISITANTE (SCCP)": "Não", "TIME MANDANTE": "TAUBATÉ", "GOLS MANDANTE": "0.0", "x": "x", "GOLS VISITANTE": "3.0", "TIME VISITANTE": "CORINTHIANS", "PLACAR": "0x3", "RESULTADO": "VITÓRIA", "ADVERSÁRIO": "TAUBATÉ", "ESTADO ADVERSÁRIO": "SÃO PAULO", "PAÍS ADVERSÁRIO": "BRASIL", "GOLS SCCP": "3.0", "GOLS ADVERSÁRIO": "0.0", "SALDO DE GOLS": "3", "TREINADOR": "ARTHUR ELIAS", "JOGO OFICIAL?": "SIM", "COMPETIÇÃO": "CAMPEONATO PAULISTA / FPF", "FASE": "1ª FASE", "ESTÁDIO": "JOAQUIM DE MORAIS FILHO (JOAQUINZÃO)", "CAPACIDADE": "9600", "CIDADE": "TAUBATÉ ", "ESTADO/PROVÍNCIA": "SÃO PAULO", "PAÍS": "BRASIL", "LATITUDE": -23.027800963309272, "LONGITUDE": -45.56983161590955, "PÚBLICO PAGANTE": "350.0", "PÚBLICO TOTAL": "ND", "RENDA BRUTA (R$)": "0.0", "RENDA LÍQUIDA (R$)": "-7353.5", "TICKET MÉDIO (R$)": "0", "AUTORAS": "CAROL NOGUEIRA, MILLENE, ANDRESSA PEREIRA", "TÍTULO?": "N/A", "OBSERVAÇÕES": null, "ERA": "Depois da reativação" }, "geometry": { "type": "Point", "coordinates": [ -45.56983161590955, -23.027800963309272 ] } },
{ "type": "Feature", "properties": { "DATA": "2023-09-02", "DIA DA SEMANA": "sábado", "DIA DO JOGO": "2023-09-02 00:00:00", "MÊS DO JOGO": "2023-09-02 00:00:00", "ANO JOGO": 2023.0, "ANO COMPETIÇÃO": 2023.0, "MANDANTE / VISITANTE (SCCP)": "Sim", "TIME MANDANTE": "CORINTHIANS", "GOLS MANDANTE": "2.0", "x": "x", "GOLS VISITANTE": "0.0", "TIME VISITANTE": "SANTOS", "PLACAR": "2x0", "RESULTADO": "VITÓRIA", "ADVERSÁRIO": "SANTOS", "ESTADO ADVERSÁRIO": "SÃO PAULO", "PAÍS ADVERSÁRIO": "BRASIL", "GOLS SCCP": "2.0", "GOLS ADVERSÁRIO": "0.0", "SALDO DE GOLS": "2", "TREINADOR": "ARTHUR ELIAS", "JOGO OFICIAL?": "SIM", "COMPETIÇÃO": "CAMPEONATO BRASILEIRO", "FASE": "SEMIFINAL", "ESTÁDIO": "ALFREDO SCHÜRIG (PARQUE SÃO JORGE / FAZENDINHA)", "CAPACIDADE": "9800", "CIDADE": "SÃO PAULO ", "ESTADO/PROVÍNCIA": "SÃO PAULO", "PAÍS": "BRASIL", "LATITUDE": -23.526659630812546, "LONGITUDE": -46.569480895169598, "PÚBLICO PAGANTE": "8398.0", "PÚBLICO TOTAL": "6723.0", "RENDA BRUTA (R$)": "149345.0", "RENDA LÍQUIDA (R$)": "68373.57", "TICKET MÉDIO (R$)": "17.78340081", "AUTORAS": "DUDA SAMPAIO, FERNANDA", "TÍTULO?": "N/A", "OBSERVAÇÕES": null, "ERA": "Depois da reativação" }, "geometry": { "type": "Point", "coordinates": [ -46.569480895169598, -23.526659630812546 ] } },
{ "type": "Feature", "properties": { "DATA": "2023-09-07", "DIA DA SEMANA": "quinta-feira", "DIA DO JOGO": "2023-09-07 00:00:00", "MÊS DO JOGO": "2023-09-07 00:00:00", "ANO JOGO": 2023.0, "ANO COMPETIÇÃO": 2023.0, "MANDANTE / VISITANTE (SCCP)": "Não", "TIME MANDANTE": "FERROVIÁRIA", "GOLS MANDANTE": "0.0", "x": "x", "GOLS VISITANTE": "0.0", "TIME VISITANTE": "CORINTHIANS", "PLACAR": "0x0", "RESULTADO": "EMPATE", "ADVERSÁRIO": "FERROVIÁRIA", "ESTADO ADVERSÁRIO": "SÃO PAULO", "PAÍS ADVERSÁRIO": "BRASIL", "GOLS SCCP": "0.0", "GOLS ADVERSÁRIO": "0.0", "SALDO DE GOLS": "0", "TREINADOR": "ARTHUR ELIAS", "JOGO OFICIAL?": "SIM", "COMPETIÇÃO": "CAMPEONATO BRASILEIRO", "FASE": "FINAL", "ESTÁDIO": "OLIVÉRIO BAZZANI FILHO (ARENA DA FONTE LUMINOSA)", "CAPACIDADE": "20205", "CIDADE": "ARARAQUARA ", "ESTADO/PROVÍNCIA": "SÃO PAULO", "PAÍS": "BRASIL", "LATITUDE": -21.775035435893585, "LONGITUDE": -48.169600583381282, "PÚBLICO PAGANTE": "9899.0", "PÚBLICO TOTAL": "ND", "RENDA BRUTA (R$)": "129680.0", "RENDA LÍQUIDA (R$)": "55763.47", "TICKET MÉDIO (R$)": "13.10031316", "AUTORAS": null, "TÍTULO?": "N/A", "OBSERVAÇÕES": null, "ERA": "Depois da reativação" }, "geometry": { "type": "Point", "coordinates": [ -48.169600583381282, -21.775035435893585 ] } },
{ "type": "Feature", "properties": { "DATA": "2023-09-10", "DIA DA SEMANA": "domingo", "DIA DO JOGO": "2023-09-10 00:00:00", "MÊS DO JOGO": "2023-09-10 00:00:00", "ANO JOGO": 2023.0, "ANO COMPETIÇÃO": 2023.0, "MANDANTE / VISITANTE (SCCP)": "Sim", "TIME MANDANTE": "CORINTHIANS", "GOLS MANDANTE": "2.0", "x": "x", "GOLS VISITANTE": "1.0", "TIME VISITANTE": "FERROVIÁRIA", "PLACAR": "2x1", "RESULTADO": "VITÓRIA", "ADVERSÁRIO": "FERROVIÁRIA", "ESTADO ADVERSÁRIO": "SÃO PAULO", "PAÍS ADVERSÁRIO": "BRASIL", "GOLS SCCP": "2.0", "GOLS ADVERSÁRIO": "1.0", "SALDO DE GOLS": "1", "TREINADOR": "ARTHUR ELIAS", "JOGO OFICIAL?": "SIM", "COMPETIÇÃO": "CAMPEONATO BRASILEIRO", "FASE": "FINAL", "ESTÁDIO": "NEO QUÍMICA ARENA (ARENA CORINTHIANS)", "CAPACIDADE": "48905", "CIDADE": "SÃO PAULO ", "ESTADO/PROVÍNCIA": "SÃO PAULO", "PAÍS": "BRASIL", "LATITUDE": -23.545141276878514, "LONGITUDE": -46.473682029403896, "PÚBLICO PAGANTE": "42326.0", "PÚBLICO TOTAL": "42566.0", "RENDA BRUTA (R$)": "920125.9", "RENDA LÍQUIDA (R$)": "471057.36", "TICKET MÉDIO (R$)": "21.7390233", "AUTORAS": "JHENIFFER, TAMIRES", "TÍTULO?": "CAMPEONATO BRASILEIRO", "OBSERVAÇÕES": "Corinthians campeão do Campeonato Brasileiro 2023 (5º título)", "ERA": "Depois da reativação" }, "geometry": { "type": "Point", "coordinates": [ -46.473682029403896, -23.545141276878514 ] } },
{ "type": "Feature", "properties": { "DATA": "2023-09-14", "DIA DA SEMANA": "quinta-feira", "DIA DO JOGO": "2023-09-14 00:00:00", "MÊS DO JOGO": "2023-09-14 00:00:00", "ANO JOGO": 2023.0, "ANO COMPETIÇÃO": 2023.0, "MANDANTE / VISITANTE (SCCP)": "Sim", "TIME MANDANTE": "CORINTHIANS", "GOLS MANDANTE": "6.0", "x": "x", "GOLS VISITANTE": "0.0", "TIME VISITANTE": "SÃO BERNARDO", "PLACAR": "6x0", "RESULTADO": "VITÓRIA", "ADVERSÁRIO": "SÃO BERNARDO", "ESTADO ADVERSÁRIO": "SÃO PAULO", "PAÍS ADVERSÁRIO": "BRASIL", "GOLS SCCP": "6.0", "GOLS ADVERSÁRIO": "0.0", "SALDO DE GOLS": "6", "TREINADOR": "RODRIGO IGLESIAS", "JOGO OFICIAL?": "SIM", "COMPETIÇÃO": "CAMPEONATO PAULISTA / FPF", "FASE": "1ª FASE", "ESTÁDIO": "ALFREDO SCHÜRIG (PARQUE SÃO JORGE / FAZENDINHA)", "CAPACIDADE": "9800", "CIDADE": "SÃO PAULO ", "ESTADO/PROVÍNCIA": "SÃO PAULO", "PAÍS": "BRASIL", "LATITUDE": -23.526659630812546, "LONGITUDE": -46.569480895169598, "PÚBLICO PAGANTE": "1344.0", "PÚBLICO TOTAL": "218.0", "RENDA BRUTA (R$)": "5560.0", "RENDA LÍQUIDA (R$)": "-9228.04", "TICKET MÉDIO (R$)": "4.136904762", "AUTORAS": "MARIZA, VIC ALBUQUERQUE, GRAZI, ANDRESSA PEREIRA, CAROL NOGUEIRA, VIC ALBUQUERQUE", "TÍTULO?": "N/A", "OBSERVAÇÕES": null, "ERA": "Depois da reativação" }, "geometry": { "type": "Point", "coordinates": [ -46.569480895169598, -23.526659630812546 ] } },
{ "type": "Feature", "properties": { "DATA": "2023-10-06", "DIA DA SEMANA": "sexta-feira", "DIA DO JOGO": "2023-10-06 00:00:00", "MÊS DO JOGO": "2023-10-06 00:00:00", "ANO JOGO": 2023.0, "ANO COMPETIÇÃO": 2023.0, "MANDANTE / VISITANTE (SCCP)": "Neutro", "TIME MANDANTE": "CORINTHIANS", "GOLS MANDANTE": "1.0", "x": "x", "GOLS VISITANTE": "0.0", "TIME VISITANTE": "COLO COLO (CHI)", "PLACAR": "1x0", "RESULTADO": "VITÓRIA", "ADVERSÁRIO": "COLO COLO (CHI)", "ESTADO ADVERSÁRIO": "N/A (ESTRANGEIRO)", "PAÍS ADVERSÁRIO": "CHILE", "GOLS SCCP": "1.0", "GOLS ADVERSÁRIO": "0.0", "SALDO DE GOLS": "1", "TREINADOR": "ARTHUR ELIAS", "JOGO OFICIAL?": "SIM", "COMPETIÇÃO": "COPA LIBERTADORES", "FASE": "FASE DE GRUPOS", "ESTÁDIO": "METROPOLITANO DE TECHO", "CAPACIDADE": "10000", "CIDADE": "BOGOTÁ", "ESTADO/PROVÍNCIA": "DISTRITO CAPITAL", "PAÍS": "COLÔMBIA", "LATITUDE": 4.6237169071617794, "LONGITUDE": -74.136347199431327, "PÚBLICO PAGANTE": "ND", "PÚBLICO TOTAL": "ND", "RENDA BRUTA (R$)": "ND", "RENDA LÍQUIDA (R$)": "ND", "TICKET MÉDIO (R$)": "ND", "AUTORAS": "MILLENE", "TÍTULO?": "N/A", "OBSERVAÇÕES": null, "ERA": "Depois da reativação" }, "geometry": { "type": "Point", "coordinates": [ -74.136347199431327, 4.623716907161779 ] } },
{ "type": "Feature", "properties": { "DATA": "2023-10-09", "DIA DA SEMANA": "segunda-feira", "DIA DO JOGO": "2023-10-09 00:00:00", "MÊS DO JOGO": "2023-10-09 00:00:00", "ANO JOGO": 2023.0, "ANO COMPETIÇÃO": 2023.0, "MANDANTE / VISITANTE (SCCP)": "Neutro", "TIME MANDANTE": "CORINTHIANS", "GOLS MANDANTE": "6.0", "x": "x", "GOLS VISITANTE": "0.0", "TIME VISITANTE": "ALWAYS READY (BOL)", "PLACAR": "6x0", "RESULTADO": "VITÓRIA", "ADVERSÁRIO": "ALWAYS READY (BOL)", "ESTADO ADVERSÁRIO": "N/A (ESTRANGEIRO)", "PAÍS ADVERSÁRIO": "BOLÍVIA", "GOLS SCCP": "6.0", "GOLS ADVERSÁRIO": "0.0", "SALDO DE GOLS": "6", "TREINADOR": "ARTHUR ELIAS", "JOGO OFICIAL?": "SIM", "COMPETIÇÃO": "COPA LIBERTADORES", "FASE": "FASE DE GRUPOS", "ESTÁDIO": "METROPOLITANO DE TECHO", "CAPACIDADE": "10000", "CIDADE": "BOGOTÁ", "ESTADO/PROVÍNCIA": "DISTRITO CAPITAL", "PAÍS": "COLÔMBIA", "LATITUDE": 4.6237169071617794, "LONGITUDE": -74.136347199431327, "PÚBLICO PAGANTE": "ND", "PÚBLICO TOTAL": "ND", "RENDA BRUTA (R$)": "ND", "RENDA LÍQUIDA (R$)": "ND", "TICKET MÉDIO (R$)": "ND", "AUTORAS": "FERNANDA, MILLENE, MILLENE, JAQUELINE, MILLENE, TAMIRES", "TÍTULO?": "N/A", "OBSERVAÇÕES": null, "ERA": "Depois da reativação" }, "geometry": { "type": "Point", "coordinates": [ -74.136347199431327, 4.623716907161779 ] } },
{ "type": "Feature", "properties": { "DATA": "2023-10-12", "DIA DA SEMANA": "quinta-feira", "DIA DO JOGO": "2023-10-12 00:00:00", "MÊS DO JOGO": "2023-10-12 00:00:00", "ANO JOGO": 2023.0, "ANO COMPETIÇÃO": 2023.0, "MANDANTE / VISITANTE (SCCP)": "Neutro", "TIME MANDANTE": "LIBERTAD-LIMPEÑO (PAR)", "GOLS MANDANTE": "0.0", "x": "x", "GOLS VISITANTE": "5.0", "TIME VISITANTE": "CORINTHIANS", "PLACAR": "0x5", "RESULTADO": "VITÓRIA", "ADVERSÁRIO": "LIBERTAD-LIMPEÑO (PAR)", "ESTADO ADVERSÁRIO": "N/A (ESTRANGEIRO)", "PAÍS ADVERSÁRIO": "PARAGUAI", "GOLS SCCP": "5.0", "GOLS ADVERSÁRIO": "0.0", "SALDO DE GOLS": "5", "TREINADOR": "ARTHUR ELIAS", "JOGO OFICIAL?": "SIM", "COMPETIÇÃO": "COPA LIBERTADORES", "FASE": "FASE DE GRUPOS", "ESTÁDIO": "OLÍMPICO PASCUAL GUERRERO (EL PASCUAL)", "CAPACIDADE": "42200", "CIDADE": "CALI", "ESTADO/PROVÍNCIA": "VALLE DEL CAUCA", "PAÍS": "COLÔMBIA", "LATITUDE": 3.4301899432979908, "LONGITUDE": -76.540561531250418, "PÚBLICO PAGANTE": "ND", "PÚBLICO TOTAL": "ND", "RENDA BRUTA (R$)": "ND", "RENDA LÍQUIDA (R$)": "ND", "TICKET MÉDIO (R$)": "ND", "AUTORAS": "VIC ALBUQUERQUE, GABI ZANOTTI, ANDRESSA PEREIRA, JHENIFFER", "TÍTULO?": "N/A", "OBSERVAÇÕES": null, "ERA": "Depois da reativação" }, "geometry": { "type": "Point", "coordinates": [ -76.540561531250418, 3.430189943297991 ] } },
{ "type": "Feature", "properties": { "DATA": "2023-10-15", "DIA DA SEMANA": "domingo", "DIA DO JOGO": "2023-10-15 00:00:00", "MÊS DO JOGO": "2023-10-15 00:00:00", "ANO JOGO": 2023.0, "ANO COMPETIÇÃO": 2023.0, "MANDANTE / VISITANTE (SCCP)": "Neutro", "TIME MANDANTE": "CORINTHIANS", "GOLS MANDANTE": "4.0", "x": "x", "GOLS VISITANTE": "0.0", "TIME VISITANTE": "AMÉRICA DE CALI (COL)", "PLACAR": "4x0", "RESULTADO": "VITÓRIA", "ADVERSÁRIO": "AMÉRICA DE CALI (COL)", "ESTADO ADVERSÁRIO": "N/A (ESTRANGEIRO)", "PAÍS ADVERSÁRIO": "COLÔMBIA", "GOLS SCCP": "4.0", "GOLS ADVERSÁRIO": "0.0", "SALDO DE GOLS": "4", "TREINADOR": "ARTHUR ELIAS", "JOGO OFICIAL?": "SIM", "COMPETIÇÃO": "COPA LIBERTADORES", "FASE": "QUARTAS DE FINAL", "ESTÁDIO": "OLÍMPICO PASCUAL GUERRERO (EL PASCUAL)", "CAPACIDADE": "42200", "CIDADE": "CALI", "ESTADO/PROVÍNCIA": "VALLE DEL CAUCA", "PAÍS": "COLÔMBIA", "LATITUDE": 3.4301899432979908, "LONGITUDE": -76.540561531250418, "PÚBLICO PAGANTE": "ND", "PÚBLICO TOTAL": "ND", "RENDA BRUTA (R$)": "ND", "RENDA LÍQUIDA (R$)": "ND", "TICKET MÉDIO (R$)": "ND", "AUTORAS": "DUDA SAMPAIO, MILLENE, VIC ALBUQUERQUE, FERNANDA", "TÍTULO?": "N/A", "OBSERVAÇÕES": null, "ERA": "Depois da reativação" }, "geometry": { "type": "Point", "coordinates": [ -76.540561531250418, 3.430189943297991 ] } },
{ "type": "Feature", "properties": { "DATA": "2023-10-18", "DIA DA SEMANA": "quarta-feira", "DIA DO JOGO": "2023-10-18 00:00:00", "MÊS DO JOGO": "2023-10-18 00:00:00", "ANO JOGO": 2023.0, "ANO COMPETIÇÃO": 2023.0, "MANDANTE / VISITANTE (SCCP)": "Neutro", "TIME MANDANTE": "CORINTHIANS", "GOLS MANDANTE": "1.0", "x": "x", "GOLS VISITANTE": "1.0", "TIME VISITANTE": "INTERNACIONAL", "PLACAR": "1x1", "RESULTADO": "EMPATE", "ADVERSÁRIO": "INTERNACIONAL", "ESTADO ADVERSÁRIO": "RIO GRANDE DO SUL", "PAÍS ADVERSÁRIO": "BRASIL", "GOLS SCCP": "1.0", "GOLS ADVERSÁRIO": "1.0", "SALDO DE GOLS": "0", "TREINADOR": "ARTHUR ELIAS", "JOGO OFICIAL?": "SIM", "COMPETIÇÃO": "COPA LIBERTADORES", "FASE": "SEMIFINAL", "ESTÁDIO": "OLÍMPICO PASCUAL GUERRERO (EL PASCUAL)", "CAPACIDADE": "42200", "CIDADE": "CALI", "ESTADO/PROVÍNCIA": "VALLE DEL CAUCA", "PAÍS": "COLÔMBIA", "LATITUDE": 3.4301899432979908, "LONGITUDE": -76.540561531250418, "PÚBLICO PAGANTE": "ND", "PÚBLICO TOTAL": "ND", "RENDA BRUTA (R$)": "ND", "RENDA LÍQUIDA (R$)": "ND", "TICKET MÉDIO (R$)": "ND", "AUTORAS": "VIC ALBUQUERQUE", "TÍTULO?": "N/A", "OBSERVAÇÕES": "Vitória nos pênaltis por 4x3", "ERA": "Depois da reativação" }, "geometry": { "type": "Point", "coordinates": [ -76.540561531250418, 3.430189943297991 ] } },
{ "type": "Feature", "properties": { "DATA": "2023-10-21", "DIA DA SEMANA": "sábado", "DIA DO JOGO": "2023-10-21 00:00:00", "MÊS DO JOGO": "2023-10-21 00:00:00", "ANO JOGO": 2023.0, "ANO COMPETIÇÃO": 2023.0, "MANDANTE / VISITANTE (SCCP)": "Neutro", "TIME MANDANTE": "PALMEIRAS", "GOLS MANDANTE": "0.0", "x": "x", "GOLS VISITANTE": "1.0", "TIME VISITANTE": "CORINTHIANS", "PLACAR": "0x1", "RESULTADO": "VITÓRIA", "ADVERSÁRIO": "PALMEIRAS", "ESTADO ADVERSÁRIO": "SÃO PAULO", "PAÍS ADVERSÁRIO": "BRASIL", "GOLS SCCP": "1.0", "GOLS ADVERSÁRIO": "0.0", "SALDO DE GOLS": "1", "TREINADOR": "ARTHUR ELIAS", "JOGO OFICIAL?": "SIM", "COMPETIÇÃO": "COPA LIBERTADORES", "FASE": "FINAL", "ESTÁDIO": "OLÍMPICO PASCUAL GUERRERO (EL PASCUAL)", "CAPACIDADE": "42200", "CIDADE": "CALI", "ESTADO/PROVÍNCIA": "VALLE DEL CAUCA", "PAÍS": "COLÔMBIA", "LATITUDE": 3.4301899432979908, "LONGITUDE": -76.540561531250418, "PÚBLICO PAGANTE": "ND", "PÚBLICO TOTAL": "ND", "RENDA BRUTA (R$)": "ND", "RENDA LÍQUIDA (R$)": "ND", "TICKET MÉDIO (R$)": "ND", "AUTORAS": "MILLENE", "TÍTULO?": "COPA LIBERTADORES", "OBSERVAÇÕES": "Corinthians campeão da Copa Libertadores 2023 (4º título)", "ERA": "Depois da reativação" }, "geometry": { "type": "Point", "coordinates": [ -76.540561531250418, 3.430189943297991 ] } },
{ "type": "Feature", "properties": { "DATA": "2023-11-04", "DIA DA SEMANA": "sábado", "DIA DO JOGO": "2023-11-04 00:00:00", "MÊS DO JOGO": "2023-11-04 00:00:00", "ANO JOGO": 2023.0, "ANO COMPETIÇÃO": 2023.0, "MANDANTE / VISITANTE (SCCP)": "Não", "TIME MANDANTE": "PALMEIRAS", "GOLS MANDANTE": "0.0", "x": "x", "GOLS VISITANTE": "1.0", "TIME VISITANTE": "CORINTHIANS", "PLACAR": "0x1", "RESULTADO": "VITÓRIA", "ADVERSÁRIO": "PALMEIRAS", "ESTADO ADVERSÁRIO": "SÃO PAULO", "PAÍS ADVERSÁRIO": "BRASIL", "GOLS SCCP": "1.0", "GOLS ADVERSÁRIO": "0.0", "SALDO DE GOLS": "1", "TREINADOR": "RODRIGO IGLESIAS", "JOGO OFICIAL?": "SIM", "COMPETIÇÃO": "CAMPEONATO PAULISTA / FPF", "FASE": "SEMIFINAL", "ESTÁDIO": "DOUTOR JAYME PINHEIRO DE ULHÔA CINTRA (JAYME CINTRA)", "CAPACIDADE": "13905", "CIDADE": "JUNDIAÍ", "ESTADO/PROVÍNCIA": "SÃO PAULO", "PAÍS": "BRASIL", "LATITUDE": -23.187952588395312, "LONGITUDE": -46.859666700568667, "PÚBLICO PAGANTE": "1246.0", "PÚBLICO TOTAL": "ND", "RENDA BRUTA (R$)": "20410.0", "RENDA LÍQUIDA (R$)": "-6130.36", "TICKET MÉDIO (R$)": "16.38041734", "AUTORAS": "MARIZA", "TÍTULO?": "N/A", "OBSERVAÇÕES": null, "ERA": "Depois da reativação" }, "geometry": { "type": "Point", "coordinates": [ -46.859666700568667, -23.187952588395312 ] } },
{ "type": "Feature", "properties": { "DATA": "2023-11-12", "DIA DA SEMANA": "domingo", "DIA DO JOGO": "2023-11-12 00:00:00", "MÊS DO JOGO": "2023-11-12 00:00:00", "ANO JOGO": 2023.0, "ANO COMPETIÇÃO": 2023.0, "MANDANTE / VISITANTE (SCCP)": "Sim", "TIME MANDANTE": "CORINTHIANS", "GOLS MANDANTE": "8.0", "x": "x", "GOLS VISITANTE": "0.0", "TIME VISITANTE": "PALMEIRAS", "PLACAR": "8x0", "RESULTADO": "VITÓRIA", "ADVERSÁRIO": "PALMEIRAS", "ESTADO ADVERSÁRIO": "SÃO PAULO", "PAÍS ADVERSÁRIO": "BRASIL", "GOLS SCCP": "8.0", "GOLS ADVERSÁRIO": "0.0", "SALDO DE GOLS": "8", "TREINADOR": "RODRIGO IGLESIAS", "JOGO OFICIAL?": "SIM", "COMPETIÇÃO": "CAMPEONATO PAULISTA / FPF", "FASE": "SEMIFINAL", "ESTÁDIO": "NEO QUÍMICA ARENA (ARENA CORINTHIANS)", "CAPACIDADE": "48905", "CIDADE": "SÃO PAULO ", "ESTADO/PROVÍNCIA": "SÃO PAULO", "PAÍS": "BRASIL", "LATITUDE": -23.545141276878514, "LONGITUDE": -46.473682029403896, "PÚBLICO PAGANTE": "24100.0", "PÚBLICO TOTAL": "24215.0", "RENDA BRUTA (R$)": "574638.3", "RENDA LÍQUIDA (R$)": "292493.78", "TICKET MÉDIO (R$)": "23.84391286", "AUTORAS": "DUDA SAMPAIO, LUANA BERTOLUCCI, GABI PORTILHO, VIC ALBUQUERQUE, MILLENE, MARIZA, JHENIFFER, MIRIÃ", "TÍTULO?": "N/A", "OBSERVAÇÕES": null, "ERA": "Depois da reativação" }, "geometry": { "type": "Point", "coordinates": [ -46.473682029403896, -23.545141276878514 ] } },
{ "type": "Feature", "properties": { "DATA": "2023-11-19", "DIA DA SEMANA": "domingo", "DIA DO JOGO": "2023-11-19 00:00:00", "MÊS DO JOGO": "2023-11-19 00:00:00", "ANO JOGO": 2023.0, "ANO COMPETIÇÃO": 2023.0, "MANDANTE / VISITANTE (SCCP)": "Não", "TIME MANDANTE": "SÃO PAULO", "GOLS MANDANTE": "2.0", "x": "x", "GOLS VISITANTE": "1.0", "TIME VISITANTE": "CORINTHIANS", "PLACAR": "2x1", "RESULTADO": "DERROTA", "ADVERSÁRIO": "SÃO PAULO", "ESTADO ADVERSÁRIO": "SÃO PAULO", "PAÍS ADVERSÁRIO": "BRASIL", "GOLS SCCP": "1.0", "GOLS ADVERSÁRIO": "2.0", "SALDO DE GOLS": "-1", "TREINADOR": "RODRIGO IGLESIAS", "JOGO OFICIAL?": "SIM", "COMPETIÇÃO": "CAMPEONATO PAULISTA / FPF", "FASE": "FINAL", "ESTÁDIO": "URBANO CALDEIRA (VILA BELMIRO)", "CAPACIDADE": "20360", "CIDADE": "SANTOS", "ESTADO/PROVÍNCIA": "SÃO PAULO", "PAÍS": "BRASIL", "LATITUDE": -23.950833202245221, "LONGITUDE": -46.338367960085641, "PÚBLICO PAGANTE": "2064.0", "PÚBLICO TOTAL": "ND", "RENDA BRUTA (R$)": "0.0", "RENDA LÍQUIDA (R$)": "-87109.28", "TICKET MÉDIO (R$)": "0", "AUTORAS": "VIC ALBUQUERQUE", "TÍTULO?": "N/A", "OBSERVAÇÕES": null, "ERA": "Depois da reativação" }, "geometry": { "type": "Point", "coordinates": [ -46.338367960085641, -23.950833202245221 ] } },
{ "type": "Feature", "properties": { "DATA": "2023-11-26", "DIA DA SEMANA": "domingo", "DIA DO JOGO": "2023-11-26 00:00:00", "MÊS DO JOGO": "2023-11-26 00:00:00", "ANO JOGO": 2023.0, "ANO COMPETIÇÃO": 2023.0, "MANDANTE / VISITANTE (SCCP)": "Sim", "TIME MANDANTE": "CORINTHIANS", "GOLS MANDANTE": "4.0", "x": "x", "GOLS VISITANTE": "1.0", "TIME VISITANTE": "SÃO PAULO", "PLACAR": "4x1", "RESULTADO": "VITÓRIA", "ADVERSÁRIO": "SÃO PAULO", "ESTADO ADVERSÁRIO": "SÃO PAULO", "PAÍS ADVERSÁRIO": "BRASIL", "GOLS SCCP": "4.0", "GOLS ADVERSÁRIO": "1.0", "SALDO DE GOLS": "3", "TREINADOR": "RODRIGO IGLESIAS", "JOGO OFICIAL?": "SIM", "COMPETIÇÃO": "CAMPEONATO PAULISTA / FPF", "FASE": "FINAL", "ESTÁDIO": "NEO QUÍMICA ARENA (ARENA CORINTHIANS)", "CAPACIDADE": "48905", "CIDADE": "SÃO PAULO ", "ESTADO/PROVÍNCIA": "SÃO PAULO", "PAÍS": "BRASIL", "LATITUDE": -23.545141276878514, "LONGITUDE": -46.473682029403896, "PÚBLICO PAGANTE": "39902.0", "PÚBLICO TOTAL": "40235.0", "RENDA BRUTA (R$)": "970782.2", "RENDA LÍQUIDA (R$)": "496542.74", "TICKET MÉDIO (R$)": "24.32916145", "AUTORAS": "JAQUELINE, TARCIANE, VIC ALBUQUERQUE, JHENIFFER", "TÍTULO?": "CAMPEONATO PAULISTA", "OBSERVAÇÕES": "Corinthians campeão do Campeonato Paulista 2023 (4º título)", "ERA": "Depois da reativação" }, "geometry": { "type": "Point", "coordinates": [ -46.473682029403896, -23.545141276878514 ] } },
{ "type": "Feature", "properties": { "DATA": "2023-12-01", "DIA DA SEMANA": "sexta-feira", "DIA DO JOGO": "1.0", "MÊS DO JOGO": "dezembro", "ANO JOGO": 2023.0, "ANO COMPETIÇÃO": 2023.0, "MANDANTE / VISITANTE (SCCP)": "Sim", "TIME MANDANTE": "CORINTHIANS", "GOLS MANDANTE": "6.0", "x": "x", "GOLS VISITANTE": "12.0", "TIME VISITANTE": "AMIGAS DA GRAZI", "PLACAR": "6x12", "RESULTADO": "DERROTA", "ADVERSÁRIO": "AMIGAS DA GRAZI", "ESTADO ADVERSÁRIO": "SÃO PAULO", "PAÍS ADVERSÁRIO": "BRASIL", "GOLS SCCP": "6.0", "GOLS ADVERSÁRIO": "12.0", "SALDO DE GOLS": "-6", "TREINADOR": "SEM TREINADOR", "JOGO OFICIAL?": "NÃO", "COMPETIÇÃO": "JOGO FESTIVO", "FASE": "N/A", "ESTÁDIO": "ALFREDO SCHÜRIG (PARQUE SÃO JORGE / FAZENDINHA)", "CAPACIDADE": "9800", "CIDADE": "SÃO PAULO ", "ESTADO/PROVÍNCIA": "SÃO PAULO", "PAÍS": "BRASIL", "LATITUDE": -23.526659630812546, "LONGITUDE": -46.569480895169598, "PÚBLICO PAGANTE": "ND", "PÚBLICO TOTAL": "ND", "RENDA BRUTA (R$)": "0.0", "RENDA LÍQUIDA (R$)": "ND", "TICKET MÉDIO (R$)": "ND", "AUTORAS": null, "TÍTULO?": "N/A", "OBSERVAÇÕES": "Jogo festivo em homenagem a Grazi, que se despediu dos gramados", "ERA": "Depois da reativação" }, "geometry": { "type": "Point", "coordinates": [ -46.569480895169598, -23.526659630812546 ] } },
{ "type": "Feature", "properties": { "DATA": "2024-01-27", "DIA DA SEMANA": "sábado", "DIA DO JOGO": "2024-01-27 00:00:00", "MÊS DO JOGO": "2024-01-27 00:00:00", "ANO JOGO": 2024.0, "ANO COMPETIÇÃO": 2024.0, "MANDANTE / VISITANTE (SCCP)": "Sim", "TIME MANDANTE": "CORINTHIANS", "GOLS MANDANTE": "2.0", "x": "x", "GOLS VISITANTE": "2.0", "TIME VISITANTE": "SÃO PAULO", "PLACAR": "2x2", "RESULTADO": "EMPATE", "ADVERSÁRIO": "SÃO PAULO", "ESTADO ADVERSÁRIO": "SÃO PAULO", "PAÍS ADVERSÁRIO": "BRASIL", "GOLS SCCP": "2.0", "GOLS ADVERSÁRIO": "2.0", "SALDO DE GOLS": "0", "TREINADOR": "LUCAS PICCINATO", "JOGO OFICIAL?": "NÃO", "COMPETIÇÃO": "JOGO-TREINO", "FASE": "N/A", "ESTÁDIO": "CENTRO DE TREINAMENTO DARTANHÃ", "CAPACIDADE": "DESCONHECIDA", "CIDADE": "GUARAREMA", "ESTADO/PROVÍNCIA": "SÃO PAULO", "PAÍS": "BRASIL", "LATITUDE": -23.414227998270004, "LONGITUDE": -46.022475633978289, "PÚBLICO PAGANTE": "PF", "PÚBLICO TOTAL": "PF", "RENDA BRUTA (R$)": "PF", "RENDA LÍQUIDA (R$)": "PF", "TICKET MÉDIO (R$)": "PF", "AUTORAS": null, "TÍTULO?": "N/A", "OBSERVAÇÕES": "Jogo-treino com portões fechados", "ERA": "Depois da reativação" }, "geometry": { "type": "Point", "coordinates": [ -46.022475633978289, -23.414227998270004 ] } },
{ "type": "Feature", "properties": { "DATA": "2024-02-03", "DIA DA SEMANA": "sábado", "DIA DO JOGO": "2024-02-03 00:00:00", "MÊS DO JOGO": "2024-02-03 00:00:00", "ANO JOGO": 2024.0, "ANO COMPETIÇÃO": 2024.0, "MANDANTE / VISITANTE (SCCP)": "Sim", "TIME MANDANTE": "CORINTHIANS", "GOLS MANDANTE": "1.0", "x": "x", "GOLS VISITANTE": "0.0", "TIME VISITANTE": "BOTAFOGO", "PLACAR": "1x0", "RESULTADO": "VITÓRIA", "ADVERSÁRIO": "BOTAFOGO", "ESTADO ADVERSÁRIO": "RIO DE JANEIRO", "PAÍS ADVERSÁRIO": "BRASIL", "GOLS SCCP": "1.0", "GOLS ADVERSÁRIO": "0.0", "SALDO DE GOLS": "1", "TREINADOR": "LUCAS PICCINATO", "JOGO OFICIAL?": "NÃO", "COMPETIÇÃO": "JOGO-TREINO", "FASE": "N/A", "ESTÁDIO": "ALFREDO SCHÜRIG (PARQUE SÃO JORGE / FAZENDINHA)", "CAPACIDADE": "9800", "CIDADE": "SÃO PAULO ", "ESTADO/PROVÍNCIA": "SÃO PAULO", "PAÍS": "BRASIL", "LATITUDE": -23.526659630812546, "LONGITUDE": -46.569480895169598, "PÚBLICO PAGANTE": "PF", "PÚBLICO TOTAL": "PF", "RENDA BRUTA (R$)": "PF", "RENDA LÍQUIDA (R$)": "PF", "TICKET MÉDIO (R$)": "PF", "AUTORAS": null, "TÍTULO?": "N/A", "OBSERVAÇÕES": "Jogo-treino com portões fechados", "ERA": "Depois da reativação" }, "geometry": { "type": "Point", "coordinates": [ -46.569480895169598, -23.526659630812546 ] } },
{ "type": "Feature", "properties": { "DATA": "2024-02-11", "DIA DA SEMANA": "domingo", "DIA DO JOGO": "2024-02-11 00:00:00", "MÊS DO JOGO": "2024-02-11 00:00:00", "ANO JOGO": 2024.0, "ANO COMPETIÇÃO": 2024.0, "MANDANTE / VISITANTE (SCCP)": "Não", "TIME MANDANTE": "INTERNACIONAL", "GOLS MANDANTE": "2.0", "x": "x", "GOLS VISITANTE": "4.0", "TIME VISITANTE": "CORINTHIANS", "PLACAR": "2x4", "RESULTADO": "VITÓRIA", "ADVERSÁRIO": "INTERNACIONAL", "ESTADO ADVERSÁRIO": "RIO GRANDE DO SUL", "PAÍS ADVERSÁRIO": "BRASIL", "GOLS SCCP": "4.0", "GOLS ADVERSÁRIO": "2.0", "SALDO DE GOLS": "2", "TREINADOR": "LUCAS PICCINATO", "JOGO OFICIAL?": "SIM", "COMPETIÇÃO": "SUPERCOPA DO BRASIL", "FASE": "QUARTAS DE FINAL", "ESTÁDIO": "JOSÉ PINHEIRO BORDA (BEIRA-RIO)", "CAPACIDADE": "50842", "CIDADE": "PORTO ALEGRE", "ESTADO/PROVÍNCIA": "RIO GRANDE DO SUL", "PAÍS": "BRASIL", "LATITUDE": -30.06537789528555, "LONGITUDE": -51.235430831250419, "PÚBLICO PAGANTE": "3892.0", "PÚBLICO TOTAL": "ND", "RENDA BRUTA (R$)": "34480.0", "RENDA LÍQUIDA (R$)": "-15269.09", "TICKET MÉDIO (R$)": "8.859198356", "AUTORAS": "JAQUELINE, MILLENE, GABI PORTILHO, JHENIFFER", "TÍTULO?": "N/A", "OBSERVAÇÕES": null, "ERA": "Depois da reativação" }, "geometry": { "type": "Point", "coordinates": [ -51.235430831250419, -30.06537789528555 ] } },
{ "type": "Feature", "properties": { "DATA": "2024-02-15", "DIA DA SEMANA": "quinta-feira", "DIA DO JOGO": "2024-02-15 00:00:00", "MÊS DO JOGO": "2024-02-15 00:00:00", "ANO JOGO": 2024.0, "ANO COMPETIÇÃO": 2024.0, "MANDANTE / VISITANTE (SCCP)": "Sim", "TIME MANDANTE": "CORINTHIANS", "GOLS MANDANTE": "2.0", "x": "x", "GOLS VISITANTE": "0.0", "TIME VISITANTE": "FERROVIÁRIA", "PLACAR": "2x0", "RESULTADO": "VITÓRIA", "ADVERSÁRIO": "FERROVIÁRIA", "ESTADO ADVERSÁRIO": "SÃO PAULO", "PAÍS ADVERSÁRIO": "BRASIL", "GOLS SCCP": "2.0", "GOLS ADVERSÁRIO": "0.0", "SALDO DE GOLS": "2", "TREINADOR": "LUCAS PICCINATO", "JOGO OFICIAL?": "SIM", "COMPETIÇÃO": "SUPERCOPA DO BRASIL", "FASE": "SEMIFINAL", "ESTÁDIO": "NEO QUÍMICA ARENA (ARENA CORINTHIANS)", "CAPACIDADE": "48905", "CIDADE": "SÃO PAULO ", "ESTADO/PROVÍNCIA": "SÃO PAULO", "PAÍS": "BRASIL", "LATITUDE": -23.545141276878514, "LONGITUDE": -46.473682029403896, "PÚBLICO PAGANTE": "8765.0", "PÚBLICO TOTAL": "8943.0", "RENDA BRUTA (R$)": "188073.2", "RENDA LÍQUIDA (R$)": "4440.34", "TICKET MÉDIO (R$)": "21.45729606", "AUTORAS": "MARIZA, GABI ZANOTTI", "TÍTULO?": "N/A", "OBSERVAÇÕES": null, "ERA": "Depois da reativação" }, "geometry": { "type": "Point", "coordinates": [ -46.473682029403896, -23.545141276878514 ] } },
{ "type": "Feature", "properties": { "DATA": "2024-02-18", "DIA DA SEMANA": "domingo", "DIA DO JOGO": "2024-02-18 00:00:00", "MÊS DO JOGO": "2024-02-18 00:00:00", "ANO JOGO": 2024.0, "ANO COMPETIÇÃO": 2024.0, "MANDANTE / VISITANTE (SCCP)": "Sim", "TIME MANDANTE": "CORINTHIANS", "GOLS MANDANTE": "1.0", "x": "x", "GOLS VISITANTE": "0.0", "TIME VISITANTE": "CRUZEIRO", "PLACAR": "1x0", "RESULTADO": "VITÓRIA", "ADVERSÁRIO": "CRUZEIRO", "ESTADO ADVERSÁRIO": "MINAS GERAIS", "PAÍS ADVERSÁRIO": "BRASIL", "GOLS SCCP": "1.0", "GOLS ADVERSÁRIO": "0.0", "SALDO DE GOLS": "1", "TREINADOR": "LUCAS PICCINATO", "JOGO OFICIAL?": "SIM", "COMPETIÇÃO": "SUPERCOPA DO BRASIL", "FASE": "FINAL", "ESTÁDIO": "NEO QUÍMICA ARENA (ARENA CORINTHIANS)", "CAPACIDADE": "48905", "CIDADE": "SÃO PAULO ", "ESTADO/PROVÍNCIA": "SÃO PAULO", "PAÍS": "BRASIL", "LATITUDE": -23.545141276878514, "LONGITUDE": -46.473682029403896, "PÚBLICO PAGANTE": "33175.0", "PÚBLICO TOTAL": "33424.0", "RENDA BRUTA (R$)": "750268.2", "RENDA LÍQUIDA (R$)": "290999.16", "TICKET MÉDIO (R$)": "22.61546948", "AUTORAS": "DUDA SAMPAIO", "TÍTULO?": "SUPERCOPA FEMININA", "OBSERVAÇÕES": "Corinthians campeão da Supercopa do Brasil 2024 (3º título)", "ERA": "Depois da reativação" }, "geometry": { "type": "Point", "coordinates": [ -46.473682029403896, -23.545141276878514 ] } },
{ "type": "Feature", "properties": { "DATA": "2024-03-09", "DIA DA SEMANA": "sábado", "DIA DO JOGO": "2024-03-09 00:00:00", "MÊS DO JOGO": "2024-03-09 00:00:00", "ANO JOGO": 2024.0, "ANO COMPETIÇÃO": 2024.0, "MANDANTE / VISITANTE (SCCP)": "Sim", "TIME MANDANTE": "CORINTHIANS", "GOLS MANDANTE": "1.0", "x": "x", "GOLS VISITANTE": "2.0", "TIME VISITANTE": "RED BULL BRAGANTINO", "PLACAR": "1x2", "RESULTADO": "DERROTA", "ADVERSÁRIO": "RED BULL BRAGANTINO", "ESTADO ADVERSÁRIO": "SÃO PAULO", "PAÍS ADVERSÁRIO": "BRASIL", "GOLS SCCP": "1.0", "GOLS ADVERSÁRIO": "2.0", "SALDO DE GOLS": "-1", "TREINADOR": "LUCAS PICCINATO", "JOGO OFICIAL?": "NÃO", "COMPETIÇÃO": "JOGO-TREINO", "FASE": "N/A", "ESTÁDIO": "ALFREDO SCHÜRIG (PARQUE SÃO JORGE / FAZENDINHA)", "CAPACIDADE": "9800", "CIDADE": "SÃO PAULO ", "ESTADO/PROVÍNCIA": "SÃO PAULO", "PAÍS": "BRASIL", "LATITUDE": -23.526659630812546, "LONGITUDE": -46.569480895169598, "PÚBLICO PAGANTE": "PF", "PÚBLICO TOTAL": "PF", "RENDA BRUTA (R$)": "PF", "RENDA LÍQUIDA (R$)": "PF", "TICKET MÉDIO (R$)": "PF", "AUTORAS": null, "TÍTULO?": "N/A", "OBSERVAÇÕES": "Jogo-treino com portões fechados / Partida disputada em 80 minutos", "ERA": "Depois da reativação" }, "geometry": { "type": "Point", "coordinates": [ -46.569480895169598, -23.526659630812546 ] } },
{ "type": "Feature", "properties": { "DATA": "2024-03-18", "DIA DA SEMANA": "segunda-feira", "DIA DO JOGO": "2024-03-18 00:00:00", "MÊS DO JOGO": "2024-03-18 00:00:00", "ANO JOGO": 2024.0, "ANO COMPETIÇÃO": 2024.0, "MANDANTE / VISITANTE (SCCP)": "Não", "TIME MANDANTE": "GRÊMIO", "GOLS MANDANTE": "0.0", "x": "x", "GOLS VISITANTE": "3.0", "TIME VISITANTE": "CORINTHIANS", "PLACAR": "0x3", "RESULTADO": "VITÓRIA", "ADVERSÁRIO": "GRÊMIO", "ESTADO ADVERSÁRIO": "RIO GRANDE DO SUL", "PAÍS ADVERSÁRIO": "BRASIL", "GOLS SCCP": "3.0", "GOLS ADVERSÁRIO": "0.0", "SALDO DE GOLS": "3", "TREINADOR": "LUCAS PICCINATO", "JOGO OFICIAL?": "SIM", "COMPETIÇÃO": "CAMPEONATO BRASILEIRO", "FASE": "1ª FASE", "ESTÁDIO": "AIRTON FERREIRA DA SILVA (CT HÉLIO DOURADO)", "CAPACIDADE": "2000", "CIDADE": "ELDORADO DO SUL ", "ESTADO/PROVÍNCIA": "RIO GRANDE DO SUL", "PAÍS": "BRASIL", "LATITUDE": -30.019920501199675, "LONGITUDE": -51.307765361932162, "PÚBLICO PAGANTE": "214.0", "PÚBLICO TOTAL": "ND", "RENDA BRUTA (R$)": "1070.0", "RENDA LÍQUIDA (R$)": "-9052.42", "TICKET MÉDIO (R$)": "5", "AUTORAS": "MILLENE, JHENIFFER, MILLENE", "TÍTULO?": "N/A", "OBSERVAÇÕES": null, "ERA": "Depois da reativação" }, "geometry": { "type": "Point", "coordinates": [ -51.307765361932162, -30.019920501199675 ] } },
{ "type": "Feature", "properties": { "DATA": "2024-03-21", "DIA DA SEMANA": "quinta-feira", "DIA DO JOGO": "2024-03-21 00:00:00", "MÊS DO JOGO": "2024-03-21 00:00:00", "ANO JOGO": 2024.0, "ANO COMPETIÇÃO": 2024.0, "MANDANTE / VISITANTE (SCCP)": "Sim", "TIME MANDANTE": "CORINTHIANS", "GOLS MANDANTE": "4.0", "x": "x", "GOLS VISITANTE": "1.0", "TIME VISITANTE": "AMÉRICA-MG", "PLACAR": "4x1", "RESULTADO": "VITÓRIA", "ADVERSÁRIO": "AMÉRICA-MG", "ESTADO ADVERSÁRIO": "MINAS GERAIS", "PAÍS ADVERSÁRIO": "BRASIL", "GOLS SCCP": "4.0", "GOLS ADVERSÁRIO": "1.0", "SALDO DE GOLS": "3", "TREINADOR": "LUCAS PICCINATO", "JOGO OFICIAL?": "SIM", "COMPETIÇÃO": "CAMPEONATO BRASILEIRO", "FASE": "1ª FASE", "ESTÁDIO": "ALFREDO SCHÜRIG (PARQUE SÃO JORGE / FAZENDINHA)", "CAPACIDADE": "9800", "CIDADE": "SÃO PAULO ", "ESTADO/PROVÍNCIA": "SÃO PAULO", "PAÍS": "BRASIL", "LATITUDE": -23.526659630812546, "LONGITUDE": -46.569480895169598, "PÚBLICO PAGANTE": "4775.0", "PÚBLICO TOTAL": "1168.0", "RENDA BRUTA (R$)": "72715.0", "RENDA LÍQUIDA (R$)": "43195.52", "TICKET MÉDIO (R$)": "15.22827225", "AUTORAS": "DUDA SAMPAIO, YAYA, MARIZA, TARCIANE", "TÍTULO?": "N/A", "OBSERVAÇÕES": null, "ERA": "Depois da reativação" }, "geometry": { "type": "Point", "coordinates": [ -46.569480895169598, -23.526659630812546 ] } },
{ "type": "Feature", "properties": { "DATA": "2024-03-25", "DIA DA SEMANA": "segunda-feira", "DIA DO JOGO": "2024-03-25 00:00:00", "MÊS DO JOGO": "2024-03-25 00:00:00", "ANO JOGO": 2024.0, "ANO COMPETIÇÃO": 2024.0, "MANDANTE / VISITANTE (SCCP)": "Não", "TIME MANDANTE": "FLAMENGO", "GOLS MANDANTE": "2.0", "x": "x", "GOLS VISITANTE": "3.0", "TIME VISITANTE": "CORINTHIANS", "PLACAR": "2x3", "RESULTADO": "VITÓRIA", "ADVERSÁRIO": "FLAMENGO", "ESTADO ADVERSÁRIO": "RIO DE JANEIRO", "PAÍS ADVERSÁRIO": "BRASIL", "GOLS SCCP": "3.0", "GOLS ADVERSÁRIO": "2.0", "SALDO DE GOLS": "1", "TREINADOR": "LUCAS PICCINATO", "JOGO OFICIAL?": "SIM", "COMPETIÇÃO": "CAMPEONATO BRASILEIRO", "FASE": "1ª FASE", "ESTÁDIO": "LUSO-BRASILEIRO (ESTÁDIO DOS VENTOS UIVANTES)", "CAPACIDADE": "5044", "CIDADE": "RIO DE JANEIRO ", "ESTADO/PROVÍNCIA": "RIO DE JANEIRO", "PAÍS": "BRASIL", "LATITUDE": -22.801433427456193, "LONGITUDE": -43.207472348437818, "PÚBLICO PAGANTE": "0.0", "PÚBLICO TOTAL": "ND", "RENDA BRUTA (R$)": "0.0", "RENDA LÍQUIDA (R$)": "-7112.76", "TICKET MÉDIO (R$)": "ND", "AUTORAS": "MARIZA, MILLENE, GABI PORTILHO", "TÍTULO?": "N/A", "OBSERVAÇÕES": null, "ERA": "Depois da reativação" }, "geometry": { "type": "Point", "coordinates": [ -43.207472348437818, -22.801433427456193 ] } },
{ "type": "Feature", "properties": { "DATA": "2024-03-29", "DIA DA SEMANA": "sexta-feira", "DIA DO JOGO": "2024-03-29 00:00:00", "MÊS DO JOGO": "2024-03-29 00:00:00", "ANO JOGO": 2024.0, "ANO COMPETIÇÃO": 2024.0, "MANDANTE / VISITANTE (SCCP)": "Sim", "TIME MANDANTE": "CORINTHIANS", "GOLS MANDANTE": "3.0", "x": "x", "GOLS VISITANTE": "0.0", "TIME VISITANTE": "INTERNACIONAL", "PLACAR": "3x0", "RESULTADO": "VITÓRIA", "ADVERSÁRIO": "INTERNACIONAL", "ESTADO ADVERSÁRIO": "RIO GRANDE DO SUL", "PAÍS ADVERSÁRIO": "BRASIL", "GOLS SCCP": "3.0", "GOLS ADVERSÁRIO": "0.0", "SALDO DE GOLS": "3", "TREINADOR": "LUCAS PICCINATO", "JOGO OFICIAL?": "SIM", "COMPETIÇÃO": "CAMPEONATO BRASILEIRO", "FASE": "1ª FASE", "ESTÁDIO": "NEO QUÍMICA ARENA (ARENA CORINTHIANS)", "CAPACIDADE": "48905", "CIDADE": "SÃO PAULO ", "ESTADO/PROVÍNCIA": "SÃO PAULO", "PAÍS": "BRASIL", "LATITUDE": -23.545141276878514, "LONGITUDE": -46.473682029403896, "PÚBLICO PAGANTE": "11830.0", "PÚBLICO TOTAL": "11890.0", "RENDA BRUTA (R$)": "246769.5", "RENDA LÍQUIDA (R$)": "71750.99", "TICKET MÉDIO (R$)": "20.85963652", "AUTORAS": "DUDA SAMPAIO, YASMIM, VIC ALBUQUERQUE", "TÍTULO?": "N/A", "OBSERVAÇÕES": null, "ERA": "Depois da reativação" }, "geometry": { "type": "Point", "coordinates": [ -46.473682029403896, -23.545141276878514 ] } },
{ "type": "Feature", "properties": { "DATA": "2024-04-12", "DIA DA SEMANA": "sexta-feira", "DIA DO JOGO": "2024-04-12 00:00:00", "MÊS DO JOGO": "2024-04-12 00:00:00", "ANO JOGO": 2024.0, "ANO COMPETIÇÃO": 2024.0, "MANDANTE / VISITANTE (SCCP)": "Não", "TIME MANDANTE": "SANTOS", "GOLS MANDANTE": "1.0", "x": "x", "GOLS VISITANTE": "3.0", "TIME VISITANTE": "CORINTHIANS", "PLACAR": "1x3", "RESULTADO": "VITÓRIA", "ADVERSÁRIO": "SANTOS", "ESTADO ADVERSÁRIO": "SÃO PAULO", "PAÍS ADVERSÁRIO": "BRASIL", "GOLS SCCP": "3.0", "GOLS ADVERSÁRIO": "1.0", "SALDO DE GOLS": "2", "TREINADOR": "LUCAS PICCINATO", "JOGO OFICIAL?": "SIM", "COMPETIÇÃO": "CAMPEONATO BRASILEIRO", "FASE": "1ª FASE", "ESTÁDIO": "URBANO CALDEIRA (VILA BELMIRO)", "CAPACIDADE": "20360", "CIDADE": "SANTOS", "ESTADO/PROVÍNCIA": "SÃO PAULO", "PAÍS": "BRASIL", "LATITUDE": -23.950833202245221, "LONGITUDE": -46.338367960085641, "PÚBLICO PAGANTE": "1335.0", "PÚBLICO TOTAL": "ND", "RENDA BRUTA (R$)": "10705.0", "RENDA LÍQUIDA (R$)": "-29956.82", "TICKET MÉDIO (R$)": "8.018726592", "AUTORAS": "VIC ALBUQUERQUE, TAMIRES, TAMIRES", "TÍTULO?": "N/A", "OBSERVAÇÕES": null, "ERA": "Depois da reativação" }, "geometry": { "type": "Point", "coordinates": [ -46.338367960085641, -23.950833202245221 ] } },
{ "type": "Feature", "properties": { "DATA": "2024-04-22", "DIA DA SEMANA": "segunda-feira", "DIA DO JOGO": "2024-04-22 00:00:00", "MÊS DO JOGO": "2024-04-22 00:00:00", "ANO JOGO": 2024.0, "ANO COMPETIÇÃO": 2024.0, "MANDANTE / VISITANTE (SCCP)": "Sim", "TIME MANDANTE": "CORINTHIANS", "GOLS MANDANTE": "0.0", "x": "x", "GOLS VISITANTE": "0.0", "TIME VISITANTE": "FERROVIÁRIA", "PLACAR": "0x0", "RESULTADO": "EMPATE", "ADVERSÁRIO": "FERROVIÁRIA", "ESTADO ADVERSÁRIO": "SÃO PAULO", "PAÍS ADVERSÁRIO": "BRASIL", "GOLS SCCP": "0.0", "GOLS ADVERSÁRIO": "0.0", "SALDO DE GOLS": "0", "TREINADOR": "LUCAS PICCINATO", "JOGO OFICIAL?": "SIM", "COMPETIÇÃO": "CAMPEONATO BRASILEIRO", "FASE": "1ª FASE", "ESTÁDIO": "NEO QUÍMICA ARENA (ARENA CORINTHIANS)", "CAPACIDADE": "48905", "CIDADE": "SÃO PAULO ", "ESTADO/PROVÍNCIA": "SÃO PAULO", "PAÍS": "BRASIL", "LATITUDE": -23.545141276878514, "LONGITUDE": -46.473682029403896, "PÚBLICO PAGANTE": "10190.0", "PÚBLICO TOTAL": "10271.0", "RENDA BRUTA (R$)": "189560.3", "RENDA LÍQUIDA (R$)": "953.9", "TICKET MÉDIO (R$)": "18.60258096", "AUTORAS": null, "TÍTULO?": "N/A", "OBSERVAÇÕES": null, "ERA": "Depois da reativação" }, "geometry": { "type": "Point", "coordinates": [ -46.473682029403896, -23.545141276878514 ] } },
{ "type": "Feature", "properties": { "DATA": "2024-04-28", "DIA DA SEMANA": "domingo", "DIA DO JOGO": "2024-04-28 00:00:00", "MÊS DO JOGO": "2024-04-28 00:00:00", "ANO JOGO": 2024.0, "ANO COMPETIÇÃO": 2024.0, "MANDANTE / VISITANTE (SCCP)": "Sim", "TIME MANDANTE": "CORINTHIANS", "GOLS MANDANTE": "5.0", "x": "x", "GOLS VISITANTE": "0.0", "TIME VISITANTE": "FLUMINENSE", "PLACAR": "5x0", "RESULTADO": "VITÓRIA", "ADVERSÁRIO": "FLUMINENSE", "ESTADO ADVERSÁRIO": "RIO DE JANEIRO", "PAÍS ADVERSÁRIO": "BRASIL", "GOLS SCCP": "5.0", "GOLS ADVERSÁRIO": "0.0", "SALDO DE GOLS": "5", "TREINADOR": "LUCAS PICCINATO", "JOGO OFICIAL?": "SIM", "COMPETIÇÃO": "CAMPEONATO BRASILEIRO", "FASE": "1ª FASE", "ESTÁDIO": "ALFREDO SCHÜRIG (PARQUE SÃO JORGE / FAZENDINHA)", "CAPACIDADE": "9800", "CIDADE": "SÃO PAULO ", "ESTADO/PROVÍNCIA": "SÃO PAULO", "PAÍS": "BRASIL", "LATITUDE": -23.526659630812546, "LONGITUDE": -46.569480895169598, "PÚBLICO PAGANTE": "5301.0", "PÚBLICO TOTAL": "940.0", "RENDA BRUTA (R$)": "88661.0", "RENDA LÍQUIDA (R$)": "32678.12", "TICKET MÉDIO (R$)": "16.72533484", "AUTORAS": "ERIKA, ERIKA, DUDA SAMPAIO, JHENIFFER, DUDA SAMPAIO", "TÍTULO?": "N/A", "OBSERVAÇÕES": null, "ERA": "Depois da reativação" }, "geometry": { "type": "Point", "coordinates": [ -46.569480895169598, -23.526659630812546 ] } },
{ "type": "Feature", "properties": { "DATA": "2024-05-01", "DIA DA SEMANA": "quarta-feira", "DIA DO JOGO": "2024-05-01 00:00:00", "MÊS DO JOGO": "2024-05-01 00:00:00", "ANO JOGO": 2024.0, "ANO COMPETIÇÃO": 2024.0, "MANDANTE / VISITANTE (SCCP)": "Não", "TIME MANDANTE": "ATLÉTICO-MG", "GOLS MANDANTE": "1.0", "x": "x", "GOLS VISITANTE": "3.0", "TIME VISITANTE": "CORINTHIANS", "PLACAR": "1x3", "RESULTADO": "VITÓRIA", "ADVERSÁRIO": "ATLÉTICO-MG", "ESTADO ADVERSÁRIO": "MINAS GERAIS", "PAÍS ADVERSÁRIO": "BRASIL", "GOLS SCCP": "3.0", "GOLS ADVERSÁRIO": "1.0", "SALDO DE GOLS": "2", "TREINADOR": "LUCAS PICCINATO", "JOGO OFICIAL?": "SIM", "COMPETIÇÃO": "CAMPEONATO BRASILEIRO", "FASE": "1ª FASE", "ESTÁDIO": "ALTEROSAS (SESC VENDA NOVA)", "CAPACIDADE": "2000", "CIDADE": "BELO HORIZONTE", "ESTADO/PROVÍNCIA": "MINAS GERAIS", "PAÍS": "BRASIL", "LATITUDE": -19.79361236860667, "LONGITUDE": -43.97873850426172, "PÚBLICO PAGANTE": "0.0", "PÚBLICO TOTAL": "ND", "RENDA BRUTA (R$)": "0.0", "RENDA LÍQUIDA (R$)": "-13005.26", "TICKET MÉDIO (R$)": "ND", "AUTORAS": "VIC ALBUQUERQUE, VIC ALBUQUERQUE, FERNANDA", "TÍTULO?": "N/A", "OBSERVAÇÕES": null, "ERA": "Depois da reativação" }, "geometry": { "type": "Point", "coordinates": [ -43.97873850426172, -19.79361236860667 ] } },
{ "type": "Feature", "properties": { "DATA": "2024-05-06", "DIA DA SEMANA": "segunda-feira", "DIA DO JOGO": "2024-05-06 00:00:00", "MÊS DO JOGO": "2024-05-06 00:00:00", "ANO JOGO": 2024.0, "ANO COMPETIÇÃO": 2024.0, "MANDANTE / VISITANTE (SCCP)": "Não", "TIME MANDANTE": "BOTAFOGO", "GOLS MANDANTE": "0.0", "x": "x", "GOLS VISITANTE": "2.0", "TIME VISITANTE": "CORINTHIANS", "PLACAR": "0x2", "RESULTADO": "VITÓRIA", "ADVERSÁRIO": "BOTAFOGO", "ESTADO ADVERSÁRIO": "RIO DE JANEIRO", "PAÍS ADVERSÁRIO": "BRASIL", "GOLS SCCP": "2.0", "GOLS ADVERSÁRIO": "0.0", "SALDO DE GOLS": "2", "TREINADOR": "LUCAS PICCINATO", "JOGO OFICIAL?": "SIM", "COMPETIÇÃO": "CAMPEONATO BRASILEIRO", "FASE": "1ª FASE", "ESTÁDIO": "OLÍMPICO NILTON SANTOS (ENGENHÃO)", "CAPACIDADE": "44661", "CIDADE": "RIO DE JANEIRO ", "ESTADO/PROVÍNCIA": "RIO DE JANEIRO", "PAÍS": "BRASIL", "LATITUDE": -22.893062399488951, "LONGITUDE": -43.291819273579982, "PÚBLICO PAGANTE": "0.0", "PÚBLICO TOTAL": "ND", "RENDA BRUTA (R$)": "0.0", "RENDA LÍQUIDA (R$)": "-6939.96", "TICKET MÉDIO (R$)": "ND", "AUTORAS": "JHENIFFER, FERNANDA", "TÍTULO?": "N/A", "OBSERVAÇÕES": null, "ERA": "Depois da reativação" }, "geometry": { "type": "Point", "coordinates": [ -43.291819273579982, -22.893062399488951 ] } },
{ "type": "Feature", "properties": { "DATA": "2024-05-12", "DIA DA SEMANA": "domingo", "DIA DO JOGO": "2024-05-12 00:00:00", "MÊS DO JOGO": "2024-05-12 00:00:00", "ANO JOGO": 2024.0, "ANO COMPETIÇÃO": 2024.0, "MANDANTE / VISITANTE (SCCP)": "Sim", "TIME MANDANTE": "CORINTHIANS", "GOLS MANDANTE": "3.0", "x": "x", "GOLS VISITANTE": "2.0", "TIME VISITANTE": "SÃO PAULO", "PLACAR": "3x2", "RESULTADO": "VITÓRIA", "ADVERSÁRIO": "SÃO PAULO", "ESTADO ADVERSÁRIO": "SÃO PAULO", "PAÍS ADVERSÁRIO": "BRASIL", "GOLS SCCP": "3.0", "GOLS ADVERSÁRIO": "2.0", "SALDO DE GOLS": "1", "TREINADOR": "LUCAS PICCINATO", "JOGO OFICIAL?": "SIM", "COMPETIÇÃO": "CAMPEONATO BRASILEIRO", "FASE": "1ª FASE", "ESTÁDIO": "NEO QUÍMICA ARENA (ARENA CORINTHIANS)", "CAPACIDADE": "48905", "CIDADE": "SÃO PAULO ", "ESTADO/PROVÍNCIA": "SÃO PAULO", "PAÍS": "BRASIL", "LATITUDE": -23.545141276878514, "LONGITUDE": -46.473682029403896, "PÚBLICO PAGANTE": "12222.0", "PÚBLICO TOTAL": "12286.0", "RENDA BRUTA (R$)": "261476.7", "RENDA LÍQUIDA (R$)": "59161.59", "TICKET MÉDIO (R$)": "21.39393716", "AUTORAS": "JHENIFFER, VIC ALBUQUERQUE, JAQUELINE", "TÍTULO?": "N/A", "OBSERVAÇÕES": null, "ERA": "Depois da reativação" }, "geometry": { "type": "Point", "coordinates": [ -46.473682029403896, -23.545141276878514 ] } },
{ "type": "Feature", "properties": { "DATA": "2024-05-18", "DIA DA SEMANA": "sábado", "DIA DO JOGO": "2024-05-18 00:00:00", "MÊS DO JOGO": "2024-05-18 00:00:00", "ANO JOGO": 2024.0, "ANO COMPETIÇÃO": 2024.0, "MANDANTE / VISITANTE (SCCP)": "Sim", "TIME MANDANTE": "CORINTHIANS", "GOLS MANDANTE": "1.0", "x": "x", "GOLS VISITANTE": "0.0", "TIME VISITANTE": "REAL BRASÍLIA", "PLACAR": "1x0", "RESULTADO": "VITÓRIA", "ADVERSÁRIO": "REAL BRASÍLIA", "ESTADO ADVERSÁRIO": "DISTRITO FEDERAL", "PAÍS ADVERSÁRIO": "BRASIL", "GOLS SCCP": "1.0", "GOLS ADVERSÁRIO": "0.0", "SALDO DE GOLS": "1", "TREINADOR": "LUCAS PICCINATO", "JOGO OFICIAL?": "SIM", "COMPETIÇÃO": "CAMPEONATO BRASILEIRO", "FASE": "1ª FASE", "ESTÁDIO": "ALFREDO SCHÜRIG (PARQUE SÃO JORGE / FAZENDINHA)", "CAPACIDADE": "9800", "CIDADE": "SÃO PAULO ", "ESTADO/PROVÍNCIA": "SÃO PAULO", "PAÍS": "BRASIL", "LATITUDE": -23.526659630812546, "LONGITUDE": -46.569480895169598, "PÚBLICO PAGANTE": "5075.0", "PÚBLICO TOTAL": "1006.0", "RENDA BRUTA (R$)": "81936.0", "RENDA LÍQUIDA (R$)": "52414.56", "TICKET MÉDIO (R$)": "16.14502463", "AUTORAS": "VIC ALBUQUERQUE", "TÍTULO?": "N/A", "OBSERVAÇÕES": null, "ERA": "Depois da reativação" }, "geometry": { "type": "Point", "coordinates": [ -46.569480895169598, -23.526659630812546 ] } },
{ "type": "Feature", "properties": { "DATA": "2024-05-21", "DIA DA SEMANA": "terça-feira", "DIA DO JOGO": "2024-05-21 00:00:00", "MÊS DO JOGO": "2024-05-21 00:00:00", "ANO JOGO": 2024.0, "ANO COMPETIÇÃO": 2024.0, "MANDANTE / VISITANTE (SCCP)": "Sim", "TIME MANDANTE": "CORINTHIANS", "GOLS MANDANTE": "4.0", "x": "x", "GOLS VISITANTE": "1.0", "TIME VISITANTE": "TAUBATÉ", "PLACAR": "4x1", "RESULTADO": "VITÓRIA", "ADVERSÁRIO": "TAUBATÉ", "ESTADO ADVERSÁRIO": "SÃO PAULO", "PAÍS ADVERSÁRIO": "BRASIL", "GOLS SCCP": "4.0", "GOLS ADVERSÁRIO": "1.0", "SALDO DE GOLS": "3", "TREINADOR": "LUCAS PICCINATO", "JOGO OFICIAL?": "SIM", "COMPETIÇÃO": "CAMPEONATO PAULISTA / FPF", "FASE": "1ª FASE", "ESTÁDIO": "ALFREDO SCHÜRIG (PARQUE SÃO JORGE / FAZENDINHA)", "CAPACIDADE": "9800", "CIDADE": "SÃO PAULO ", "ESTADO/PROVÍNCIA": "SÃO PAULO", "PAÍS": "BRASIL", "LATITUDE": -23.526659630812546, "LONGITUDE": -46.569480895169598, "PÚBLICO PAGANTE": "4140.0", "PÚBLICO TOTAL": "418.0", "RENDA BRUTA (R$)": "57693.0", "RENDA LÍQUIDA (R$)": "44532.0", "TICKET MÉDIO (R$)": "13.93550725", "AUTORAS": "GI FERNANDES, LETÍCIA SANTOS, EUDIMILLA, JAQUELINE", "TÍTULO?": "N/A", "OBSERVAÇÕES": null, "ERA": "Depois da reativação" }, "geometry": { "type": "Point", "coordinates": [ -46.569480895169598, -23.526659630812546 ] } },
{ "type": "Feature", "properties": { "DATA": "2024-05-24", "DIA DA SEMANA": "sexta-feira", "DIA DO JOGO": "2024-05-24 00:00:00", "MÊS DO JOGO": "2024-05-24 00:00:00", "ANO JOGO": 2024.0, "ANO COMPETIÇÃO": 2024.0, "MANDANTE / VISITANTE (SCCP)": "Não", "TIME MANDANTE": "RED BULL BRAGANTINO", "GOLS MANDANTE": "1.0", "x": "x", "GOLS VISITANTE": "3.0", "TIME VISITANTE": "CORINTHIANS", "PLACAR": "1x3", "RESULTADO": "VITÓRIA", "ADVERSÁRIO": "RED BULL BRAGANTINO", "ESTADO ADVERSÁRIO": "SÃO PAULO", "PAÍS ADVERSÁRIO": "BRASIL", "GOLS SCCP": "3.0", "GOLS ADVERSÁRIO": "1.0", "SALDO DE GOLS": "2", "TREINADOR": "LUCAS PICCINATO", "JOGO OFICIAL?": "SIM", "COMPETIÇÃO": "CAMPEONATO PAULISTA / FPF", "FASE": "1ª FASE", "ESTÁDIO": "PREFEITO GABRIEL MARQUES DA SILVA", "CAPACIDADE": "7000", "CIDADE": "SANTANA DE PARNAÍBA", "ESTADO/PROVÍNCIA": "SÃO PAULO", "PAÍS": "BRASIL", "LATITUDE": -23.439125511761116, "LONGITUDE": -46.917716173579983, "PÚBLICO PAGANTE": "341.0", "PÚBLICO TOTAL": "ND", "RENDA BRUTA (R$)": "0.0", "RENDA LÍQUIDA (R$)": "-27998.41", "TICKET MÉDIO (R$)": "0", "AUTORAS": "DUDA SAMPAIO, DUDA SAMPAIO, JAQUELINE", "TÍTULO?": "N/A", "OBSERVAÇÕES": null, "ERA": "Depois da reativação" }, "geometry": { "type": "Point", "coordinates": [ -46.917716173579983, -23.439125511761116 ] } },
{ "type": "Feature", "properties": { "DATA": "2024-06-05", "DIA DA SEMANA": "quarta-feira", "DIA DO JOGO": "2024-06-05 00:00:00", "MÊS DO JOGO": "2024-06-05 00:00:00", "ANO JOGO": 2024.0, "ANO COMPETIÇÃO": 2024.0, "MANDANTE / VISITANTE (SCCP)": "Sim", "TIME MANDANTE": "CORINTHIANS", "GOLS MANDANTE": "1.0", "x": "x", "GOLS VISITANTE": "1.0", "TIME VISITANTE": "SANTOS", "PLACAR": "1x1", "RESULTADO": "EMPATE", "ADVERSÁRIO": "SANTOS", "ESTADO ADVERSÁRIO": "SÃO PAULO", "PAÍS ADVERSÁRIO": "BRASIL", "GOLS SCCP": "1.0", "GOLS ADVERSÁRIO": "1.0", "SALDO DE GOLS": "0", "TREINADOR": "LUCAS PICCINATO", "JOGO OFICIAL?": "SIM", "COMPETIÇÃO": "CAMPEONATO PAULISTA / FPF", "FASE": "1ª FASE", "ESTÁDIO": "ALFREDO SCHÜRIG (PARQUE SÃO JORGE / FAZENDINHA)", "CAPACIDADE": "9800", "CIDADE": "SÃO PAULO ", "ESTADO/PROVÍNCIA": "SÃO PAULO", "PAÍS": "BRASIL", "LATITUDE": -23.526659630812546, "LONGITUDE": -46.569480895169598, "PÚBLICO PAGANTE": "4598.0", "PÚBLICO TOTAL": "ND", "RENDA BRUTA (R$)": "72139.0", "RENDA LÍQUIDA (R$)": "50778.09", "TICKET MÉDIO (R$)": "15.6892127", "AUTORAS": "JU FERREIRA", "TÍTULO?": "N/A", "OBSERVAÇÕES": null, "ERA": "Depois da reativação" }, "geometry": { "type": "Point", "coordinates": [ -46.569480895169598, -23.526659630812546 ] } },
{ "type": "Feature", "properties": { "DATA": "2024-06-09", "DIA DA SEMANA": "domingo", "DIA DO JOGO": "2024-06-09 00:00:00", "MÊS DO JOGO": "2024-06-09 00:00:00", "ANO JOGO": 2024.0, "ANO COMPETIÇÃO": 2024.0, "MANDANTE / VISITANTE (SCCP)": "Não", "TIME MANDANTE": "PALMEIRAS", "GOLS MANDANTE": "0.0", "x": "x", "GOLS VISITANTE": "1.0", "TIME VISITANTE": "CORINTHIANS", "PLACAR": "0x1", "RESULTADO": "VITÓRIA", "ADVERSÁRIO": "PALMEIRAS", "ESTADO ADVERSÁRIO": "SÃO PAULO", "PAÍS ADVERSÁRIO": "BRASIL", "GOLS SCCP": "1.0", "GOLS ADVERSÁRIO": "0.0", "SALDO DE GOLS": "1", "TREINADOR": "LUCAS PICCINATO", "JOGO OFICIAL?": "SIM", "COMPETIÇÃO": "CAMPEONATO BRASILEIRO", "FASE": "1ª FASE", "ESTÁDIO": "DOUTOR JAYME PINHEIRO DE ULHÔA CINTRA (JAYME CINTRA)", "CAPACIDADE": "13905", "CIDADE": "JUNDIAÍ", "ESTADO/PROVÍNCIA": "SÃO PAULO", "PAÍS": "BRASIL", "LATITUDE": -23.187952588395312, "LONGITUDE": -46.859666700568667, "PÚBLICO PAGANTE": "881.0", "PÚBLICO TOTAL": "ND", "RENDA BRUTA (R$)": "14985.0", "RENDA LÍQUIDA (R$)": "-21083.93", "TICKET MÉDIO (R$)": "17.00908059", "AUTORAS": "JHENIFFER", "TÍTULO?": "N/A", "OBSERVAÇÕES": null, "ERA": "Depois da reativação" }, "geometry": { "type": "Point", "coordinates": [ -46.859666700568667, -23.187952588395312 ] } },
{ "type": "Feature", "properties": { "DATA": "2024-06-17", "DIA DA SEMANA": "segunda-feira", "DIA DO JOGO": "2024-06-17 00:00:00", "MÊS DO JOGO": "2024-06-17 00:00:00", "ANO JOGO": 2024.0, "ANO COMPETIÇÃO": 2024.0, "MANDANTE / VISITANTE (SCCP)": "Sim", "TIME MANDANTE": "CORINTHIANS", "GOLS MANDANTE": "4.0", "x": "x", "GOLS VISITANTE": "2.0", "TIME VISITANTE": "RED BULL BRAGANTINO", "PLACAR": "4x2", "RESULTADO": "VITÓRIA", "ADVERSÁRIO": "RED BULL BRAGANTINO", "ESTADO ADVERSÁRIO": "SÃO PAULO", "PAÍS ADVERSÁRIO": "BRASIL", "GOLS SCCP": "4.0", "GOLS ADVERSÁRIO": "2.0", "SALDO DE GOLS": "2", "TREINADOR": "LUCAS PICCINATO", "JOGO OFICIAL?": "SIM", "COMPETIÇÃO": "CAMPEONATO BRASILEIRO", "FASE": "1ª FASE", "ESTÁDIO": "ALFREDO SCHÜRIG (PARQUE SÃO JORGE / FAZENDINHA)", "CAPACIDADE": "9800", "CIDADE": "SÃO PAULO ", "ESTADO/PROVÍNCIA": "SÃO PAULO", "PAÍS": "BRASIL", "LATITUDE": -23.526659630812546, "LONGITUDE": -46.569480895169598, "PÚBLICO PAGANTE": "4472.0", "PÚBLICO TOTAL": "547.0", "RENDA BRUTA (R$)": "67400.0", "RENDA LÍQUIDA (R$)": "34708.97", "TICKET MÉDIO (R$)": "15.07155635", "AUTORAS": "VIC ALBUQUERQUE, VIC ALBUQUERQUE, EUDIMILLA, YAYA", "TÍTULO?": "N/A", "OBSERVAÇÕES": null, "ERA": "Depois da reativação" }, "geometry": { "type": "Point", "coordinates": [ -46.569480895169598, -23.526659630812546 ] } },
{ "type": "Feature", "properties": { "DATA": "2024-06-21", "DIA DA SEMANA": "sexta-feira", "DIA DO JOGO": "2024-06-21 00:00:00", "MÊS DO JOGO": "2024-06-21 00:00:00", "ANO JOGO": 2024.0, "ANO COMPETIÇÃO": 2024.0, "MANDANTE / VISITANTE (SCCP)": "Não", "TIME MANDANTE": "PINDA", "GOLS MANDANTE": "1.0", "x": "x", "GOLS VISITANTE": "5.0", "TIME VISITANTE": "CORINTHIANS", "PLACAR": "1x5", "RESULTADO": "VITÓRIA", "ADVERSÁRIO": "PINDA", "ESTADO ADVERSÁRIO": "SÃO PAULO", "PAÍS ADVERSÁRIO": "BRASIL", "GOLS SCCP": "5.0", "GOLS ADVERSÁRIO": "1.0", "SALDO DE GOLS": "4", "TREINADOR": "LUCAS PICCINATO", "JOGO OFICIAL?": "SIM", "COMPETIÇÃO": "CAMPEONATO PAULISTA / FPF", "FASE": "1ª FASE", "ESTÁDIO": "DOUTOR ANTÔNIO PINHEIRO JÚNIOR", "CAPACIDADE": "3000", "CIDADE": "PINDAMONHANGABA", "ESTADO/PROVÍNCIA": "SÃO PAULO", "PAÍS": "BRASIL", "LATITUDE": -22.92173666600527, "LONGITUDE": -45.465904504141214, "PÚBLICO PAGANTE": "261.0", "PÚBLICO TOTAL": "ND", "RENDA BRUTA (R$)": "0.0", "RENDA LÍQUIDA (R$)": "-2.61", "TICKET MÉDIO (R$)": "0", "AUTORAS": "JAQUELINE, ISABELA, JHENIFFER, FERNANDA, VIC ALBUQUERQUE", "TÍTULO?": "N/A", "OBSERVAÇÕES": null, "ERA": "Depois da reativação" }, "geometry": { "type": "Point", "coordinates": [ -45.465904504141214, -22.92173666600527 ] } },
{ "type": "Feature", "properties": { "DATA": "2024-06-28", "DIA DA SEMANA": "sexta-feira", "DIA DO JOGO": "2024-06-28 00:00:00", "MÊS DO JOGO": "2024-06-28 00:00:00", "ANO JOGO": 2024.0, "ANO COMPETIÇÃO": 2024.0, "MANDANTE / VISITANTE (SCCP)": "Não", "TIME MANDANTE": "SÃO PAULO", "GOLS MANDANTE": "1.0", "x": "x", "GOLS VISITANTE": "2.0", "TIME VISITANTE": "CORINTHIANS", "PLACAR": "1x2", "RESULTADO": "VITÓRIA", "ADVERSÁRIO": "SÃO PAULO", "ESTADO ADVERSÁRIO": "SÃO PAULO", "PAÍS ADVERSÁRIO": "BRASIL", "GOLS SCCP": "2.0", "GOLS ADVERSÁRIO": "1.0", "SALDO DE GOLS": "1", "TREINADOR": "LUCAS PICCINATO", "JOGO OFICIAL?": "SIM", "COMPETIÇÃO": "CAMPEONATO PAULISTA / FPF", "FASE": "1ª FASE", "ESTÁDIO": "OSWALDO TEIXEIRA DUARTE (CANINDÉ)", "CAPACIDADE": "21004", "CIDADE": "SÃO PAULO ", "ESTADO/PROVÍNCIA": "SÃO PAULO", "PAÍS": "BRASIL", "LATITUDE": -23.520132719349128, "LONGITUDE": -46.618264502415194, "PÚBLICO PAGANTE": "327.0", "PÚBLICO TOTAL": "ND", "RENDA BRUTA (R$)": "0.0", "RENDA LÍQUIDA (R$)": "-50500.6", "TICKET MÉDIO (R$)": "0", "AUTORAS": "VIC ALBUQUERQUE, EUDIMILLA", "TÍTULO?": "N/A", "OBSERVAÇÕES": null, "ERA": "Depois da reativação" }, "geometry": { "type": "Point", "coordinates": [ -46.618264502415194, -23.520132719349128 ] } },
{ "type": "Feature", "properties": { "DATA": "2024-07-01", "DIA DA SEMANA": "segunda-feira", "DIA DO JOGO": "2024-07-01 00:00:00", "MÊS DO JOGO": "2024-07-01 00:00:00", "ANO JOGO": 2024.0, "ANO COMPETIÇÃO": 2024.0, "MANDANTE / VISITANTE (SCCP)": "Sim", "TIME MANDANTE": "CORINTHIANS", "GOLS MANDANTE": "2.0", "x": "x", "GOLS VISITANTE": "1.0", "TIME VISITANTE": "FERROVIÁRIA", "PLACAR": "2x1", "RESULTADO": "VITÓRIA", "ADVERSÁRIO": "FERROVIÁRIA", "ESTADO ADVERSÁRIO": "SÃO PAULO", "PAÍS ADVERSÁRIO": "BRASIL", "GOLS SCCP": "2.0", "GOLS ADVERSÁRIO": "1.0", "SALDO DE GOLS": "1", "TREINADOR": "LUCAS PICCINATO", "JOGO OFICIAL?": "SIM", "COMPETIÇÃO": "CAMPEONATO PAULISTA / FPF", "FASE": "1ª FASE", "ESTÁDIO": "OSWALDO TEIXEIRA DUARTE (CANINDÉ)", "CAPACIDADE": "21004", "CIDADE": "SÃO PAULO ", "ESTADO/PROVÍNCIA": "SÃO PAULO", "PAÍS": "BRASIL", "LATITUDE": -23.520132719349128, "LONGITUDE": -46.618264502415194, "PÚBLICO PAGANTE": "4666.0", "PÚBLICO TOTAL": "ND", "RENDA BRUTA (R$)": "62221.0", "RENDA LÍQUIDA (R$)": "9680.87", "TICKET MÉDIO (R$)": "13.33497643", "AUTORAS": "EUDIMILLA, LETÍCIA SANTOS", "TÍTULO?": "N/A", "OBSERVAÇÕES": null, "ERA": "Depois da reativação" }, "geometry": { "type": "Point", "coordinates": [ -46.618264502415194, -23.520132719349128 ] } },
{ "type": "Feature", "properties": { "DATA": "2024-07-04", "DIA DA SEMANA": "quinta-feira", "DIA DO JOGO": "2024-07-04 00:00:00", "MÊS DO JOGO": "2024-07-04 00:00:00", "ANO JOGO": 2024.0, "ANO COMPETIÇÃO": 2024.0, "MANDANTE / VISITANTE (SCCP)": "Sim", "TIME MANDANTE": "CORINTHIANS", "GOLS MANDANTE": "1.0", "x": "x", "GOLS VISITANTE": "2.0", "TIME VISITANTE": "PALMEIRAS", "PLACAR": "1x2", "RESULTADO": "DERROTA", "ADVERSÁRIO": "PALMEIRAS", "ESTADO ADVERSÁRIO": "SÃO PAULO", "PAÍS ADVERSÁRIO": "BRASIL", "GOLS SCCP": "1.0", "GOLS ADVERSÁRIO": "2.0", "SALDO DE GOLS": "-1", "TREINADOR": "LUCAS PICCINATO", "JOGO OFICIAL?": "SIM", "COMPETIÇÃO": "CAMPEONATO PAULISTA / FPF", "FASE": "1ª FASE", "ESTÁDIO": "ALFREDO SCHÜRIG (PARQUE SÃO JORGE / FAZENDINHA)", "CAPACIDADE": "9800", "CIDADE": "SÃO PAULO ", "ESTADO/PROVÍNCIA": "SÃO PAULO", "PAÍS": "BRASIL", "LATITUDE": -23.526659630812546, "LONGITUDE": -46.569480895169598, "PÚBLICO PAGANTE": "3960.0", "PÚBLICO TOTAL": "ND", "RENDA BRUTA (R$)": "57243.0", "RENDA LÍQUIDA (R$)": "39976.14", "TICKET MÉDIO (R$)": "14.45530303", "AUTORAS": "MILLENE", "TÍTULO?": "N/A", "OBSERVAÇÕES": null, "ERA": "Depois da reativação" }, "geometry": { "type": "Point", "coordinates": [ -46.569480895169598, -23.526659630812546 ] } },
{ "type": "Feature", "properties": { "DATA": "2024-08-13", "DIA DA SEMANA": "terça-feira", "DIA DO JOGO": "2024-08-13 00:00:00", "MÊS DO JOGO": "2024-08-13 00:00:00", "ANO JOGO": 2024.0, "ANO COMPETIÇÃO": 2024.0, "MANDANTE / VISITANTE (SCCP)": "Não", "TIME MANDANTE": "REALIDADE JOVEM", "GOLS MANDANTE": "0.0", "x": "x", "GOLS VISITANTE": "4.0", "TIME VISITANTE": "CORINTHIANS", "PLACAR": "0x4", "RESULTADO": "VITÓRIA", "ADVERSÁRIO": "REALIDADE JOVEM", "ESTADO ADVERSÁRIO": "SÃO PAULO", "PAÍS ADVERSÁRIO": "BRASIL", "GOLS SCCP": "4.0", "GOLS ADVERSÁRIO": "0.0", "SALDO DE GOLS": "4", "TREINADOR": "LUCAS PICCINATO", "JOGO OFICIAL?": "SIM", "COMPETIÇÃO": "CAMPEONATO PAULISTA / FPF", "FASE": "1ª FASE", "ESTÁDIO": "JOÃO MENDES ATHAYDE", "CAPACIDADE": "4000", "CIDADE": "SÃO JOSÉ DO RIO PRETO ", "ESTADO/PROVÍNCIA": "SÃO PAULO", "PAÍS": "BRASIL", "LATITUDE": -20.814393599785742, "LONGITUDE": -49.419027756392587, "PÚBLICO PAGANTE": "400.0", "PÚBLICO TOTAL": "ND", "RENDA BRUTA (R$)": "0.0", "RENDA LÍQUIDA (R$)": "-3684.0", "TICKET MÉDIO (R$)": "0", "AUTORAS": "CAROL NOGUEIRA, FERNANDA, ELLEN, VIC ALBUQUERQUE", "TÍTULO?": "N/A", "OBSERVAÇÕES": null, "ERA": "Depois da reativação" }, "geometry": { "type": "Point", "coordinates": [ -49.419027756392587, -20.814393599785742 ] } },
{ "type": "Feature", "properties": { "DATA": "2024-08-17", "DIA DA SEMANA": "sábado", "DIA DO JOGO": "2024-08-17 00:00:00", "MÊS DO JOGO": "2024-08-17 00:00:00", "ANO JOGO": 2024.0, "ANO COMPETIÇÃO": 2024.0, "MANDANTE / VISITANTE (SCCP)": "Não", "TIME MANDANTE": "CRUZEIRO", "GOLS MANDANTE": "7.0", "x": "x", "GOLS VISITANTE": "2.0", "TIME VISITANTE": "CORINTHIANS", "PLACAR": "7x2", "RESULTADO": "DERROTA", "ADVERSÁRIO": "CRUZEIRO", "ESTADO ADVERSÁRIO": "MINAS GERAIS", "PAÍS ADVERSÁRIO": "BRASIL", "GOLS SCCP": "2.0", "GOLS ADVERSÁRIO": "7.0", "SALDO DE GOLS": "-5", "TREINADOR": "LUCAS PICCINATO", "JOGO OFICIAL?": "SIM", "COMPETIÇÃO": "CAMPEONATO BRASILEIRO", "FASE": "1ª FASE", "ESTÁDIO": "CASTOR CIFUENTES (PENIDÃO)", "CAPACIDADE": "5160", "CIDADE": "NOVA LIMA", "ESTADO/PROVÍNCIA": "MINAS GERAIS", "PAÍS": "BRASIL", "LATITUDE": -19.988071977780734, "LONGITUDE": -43.843886378275307, "PÚBLICO PAGANTE": "1253.0", "PÚBLICO TOTAL": "ND", "RENDA BRUTA (R$)": "8300.0", "RENDA LÍQUIDA (R$)": "-21417.3", "TICKET MÉDIO (R$)": "6.624102155", "AUTORAS": "JAQUELINE, ERIKA", "TÍTULO?": "N/A", "OBSERVAÇÕES": null, "ERA": "Depois da reativação" }, "geometry": { "type": "Point", "coordinates": [ -43.843886378275307, -19.988071977780734 ] } },
{ "type": "Feature", "properties": { "DATA": "2024-08-21", "DIA DA SEMANA": "quarta-feira", "DIA DO JOGO": "2024-08-21 00:00:00", "MÊS DO JOGO": "2024-08-21 00:00:00", "ANO JOGO": 2024.0, "ANO COMPETIÇÃO": 2024.0, "MANDANTE / VISITANTE (SCCP)": "Sim", "TIME MANDANTE": "CORINTHIANS", "GOLS MANDANTE": "3.0", "x": "x", "GOLS VISITANTE": "1.0", "TIME VISITANTE": "AVAÍ/KINDERMANN", "PLACAR": "3x1", "RESULTADO": "VITÓRIA", "ADVERSÁRIO": "AVAÍ/KINDERMANN", "ESTADO ADVERSÁRIO": "SANTA CATARINA", "PAÍS ADVERSÁRIO": "BRASIL", "GOLS SCCP": "3.0", "GOLS ADVERSÁRIO": "1.0", "SALDO DE GOLS": "2", "TREINADOR": "LUCAS PICCINATO", "JOGO OFICIAL?": "SIM", "COMPETIÇÃO": "CAMPEONATO BRASILEIRO", "FASE": "1ª FASE", "ESTÁDIO": "ALFREDO SCHÜRIG (PARQUE SÃO JORGE / FAZENDINHA)", "CAPACIDADE": "9800", "CIDADE": "SÃO PAULO ", "ESTADO/PROVÍNCIA": "SÃO PAULO", "PAÍS": "BRASIL", "LATITUDE": -23.526659630812546, "LONGITUDE": -46.569480895169598, "PÚBLICO PAGANTE": "4956.0", "PÚBLICO TOTAL": "ND", "RENDA BRUTA (R$)": "70960.0", "RENDA LÍQUIDA (R$)": "43563.84", "TICKET MÉDIO (R$)": "14.31799839", "AUTORAS": "VIC ALBUQUERQUE, JHENIFFER, JHENIFFER", "TÍTULO?": "N/A", "OBSERVAÇÕES": null, "ERA": "Depois da reativação" }, "geometry": { "type": "Point", "coordinates": [ -46.569480895169598, -23.526659630812546 ] } },
{ "type": "Feature", "properties": { "DATA": "2024-08-24", "DIA DA SEMANA": "sábado", "DIA DO JOGO": "2024-08-24 00:00:00", "MÊS DO JOGO": "2024-08-24 00:00:00", "ANO JOGO": 2024.0, "ANO COMPETIÇÃO": 2024.0, "MANDANTE / VISITANTE (SCCP)": "Não", "TIME MANDANTE": "RED BULL BRAGANTINO", "GOLS MANDANTE": "1.0", "x": "x", "GOLS VISITANTE": "1.0", "TIME VISITANTE": "CORINTHIANS", "PLACAR": "1x1", "RESULTADO": "EMPATE", "ADVERSÁRIO": "RED BULL BRAGANTINO", "ESTADO ADVERSÁRIO": "SÃO PAULO", "PAÍS ADVERSÁRIO": "BRASIL", "GOLS SCCP": "1.0", "GOLS ADVERSÁRIO": "1.0", "SALDO DE GOLS": "0", "TREINADOR": "LUCAS PICCINATO", "JOGO OFICIAL?": "SIM", "COMPETIÇÃO": "CAMPEONATO BRASILEIRO", "FASE": "QUARTAS DE FINAL", "ESTÁDIO": "NABI ABI CHEDID (NABIZÃO / ARENA RED BULL)", "CAPACIDADE": "12332", "CIDADE": "BRAGANÇA PAULISTA", "ESTADO/PROVÍNCIA": "SÃO PAULO", "PAÍS": "BRASIL", "LATITUDE": -22.965202469589247, "LONGITUDE": -46.536742839205189, "PÚBLICO PAGANTE": "880.0", "PÚBLICO TOTAL": "ND", "RENDA BRUTA (R$)": "10920.0", "RENDA LÍQUIDA (R$)": "-44648.31", "TICKET MÉDIO (R$)": "12.40909091", "AUTORAS": "JAQUELINE", "TÍTULO?": "N/A", "OBSERVAÇÕES": null, "ERA": "Depois da reativação" }, "geometry": { "type": "Point", "coordinates": [ -46.536742839205189, -22.965202469589247 ] } },
{ "type": "Feature", "properties": { "DATA": "2024-08-27", "DIA DA SEMANA": "terça-feira", "DIA DO JOGO": "2024-08-27 00:00:00", "MÊS DO JOGO": "2024-08-27 00:00:00", "ANO JOGO": 2024.0, "ANO COMPETIÇÃO": 2024.0, "MANDANTE / VISITANTE (SCCP)": "Sim", "TIME MANDANTE": "CORINTHIANS", "GOLS MANDANTE": "1.0", "x": "x", "GOLS VISITANTE": "0.0", "TIME VISITANTE": "RED BULL BRAGANTINO", "PLACAR": "1x0", "RESULTADO": "VITÓRIA", "ADVERSÁRIO": "RED BULL BRAGANTINO", "ESTADO ADVERSÁRIO": "SÃO PAULO", "PAÍS ADVERSÁRIO": "BRASIL", "GOLS SCCP": "1.0", "GOLS ADVERSÁRIO": "0.0", "SALDO DE GOLS": "1", "TREINADOR": "LUCAS PICCINATO", "JOGO OFICIAL?": "SIM", "COMPETIÇÃO": "CAMPEONATO BRASILEIRO", "FASE": "QUARTAS DE FINAL", "ESTÁDIO": "OSWALDO TEIXEIRA DUARTE (CANINDÉ)", "CAPACIDADE": "21004", "CIDADE": "SÃO PAULO ", "ESTADO/PROVÍNCIA": "SÃO PAULO", "PAÍS": "BRASIL", "LATITUDE": -23.520132719349128, "LONGITUDE": -46.618264502415194, "PÚBLICO PAGANTE": "5844.0", "PÚBLICO TOTAL": "878.0", "RENDA BRUTA (R$)": "84447.0", "RENDA LÍQUIDA (R$)": "33360.99", "TICKET MÉDIO (R$)": "14.45020534", "AUTORAS": "VIC ALBUQUERQUE", "TÍTULO?": "N/A", "OBSERVAÇÕES": null, "ERA": "Depois da reativação" }, "geometry": { "type": "Point", "coordinates": [ -46.618264502415194, -23.520132719349128 ] } },
{ "type": "Feature", "properties": { "DATA": "2024-09-01", "DIA DA SEMANA": "domingo", "DIA DO JOGO": "2024-09-01 00:00:00", "MÊS DO JOGO": "2024-09-01 00:00:00", "ANO JOGO": 2024.0, "ANO COMPETIÇÃO": 2024.0, "MANDANTE / VISITANTE (SCCP)": "Não", "TIME MANDANTE": "PALMEIRAS", "GOLS MANDANTE": "1.0", "x": "x", "GOLS VISITANTE": "3.0", "TIME VISITANTE": "CORINTHIANS", "PLACAR": "1x3", "RESULTADO": "VITÓRIA", "ADVERSÁRIO": "PALMEIRAS", "ESTADO ADVERSÁRIO": "SÃO PAULO", "PAÍS ADVERSÁRIO": "BRASIL", "GOLS SCCP": "3.0", "GOLS ADVERSÁRIO": "1.0", "SALDO DE GOLS": "2", "TREINADOR": "LUCAS PICCINATO", "JOGO OFICIAL?": "SIM", "COMPETIÇÃO": "CAMPEONATO BRASILEIRO", "FASE": "SEMIFINAL", "ESTÁDIO": "DOUTOR JAYME PINHEIRO DE ULHÔA CINTRA (JAYME CINTRA)", "CAPACIDADE": "13905", "CIDADE": "JUNDIAÍ", "ESTADO/PROVÍNCIA": "SÃO PAULO", "PAÍS": "BRASIL", "LATITUDE": -23.187952588395312, "LONGITUDE": -46.859666700568667, "PÚBLICO PAGANTE": "1696.0", "PÚBLICO TOTAL": "ND", "RENDA BRUTA (R$)": "27405.0", "RENDA LÍQUIDA (R$)": "-37379.64", "TICKET MÉDIO (R$)": "16.15860849", "AUTORAS": "VIC ALBUQUERQUE, CAROL NOGUEIRA, DUDA SAMPAIO", "TÍTULO?": "N/A", "OBSERVAÇÕES": null, "ERA": "Depois da reativação" }, "geometry": { "type": "Point", "coordinates": [ -46.859666700568667, -23.187952588395312 ] } },
{ "type": "Feature", "properties": { "DATA": "2024-09-08", "DIA DA SEMANA": "domingo", "DIA DO JOGO": "8.0", "MÊS DO JOGO": "2024-09-01 00:00:00", "ANO JOGO": 2024.0, "ANO COMPETIÇÃO": 2024.0, "MANDANTE / VISITANTE (SCCP)": "Sim", "TIME MANDANTE": "CORINTHIANS", "GOLS MANDANTE": "1.0", "x": "x", "GOLS VISITANTE": "2.0", "TIME VISITANTE": "PALMEIRAS", "PLACAR": "1x2", "RESULTADO": "DERROTA", "ADVERSÁRIO": "PALMEIRAS", "ESTADO ADVERSÁRIO": "SÃO PAULO", "PAÍS ADVERSÁRIO": "BRASIL", "GOLS SCCP": "1.0", "GOLS ADVERSÁRIO": "2.0", "SALDO DE GOLS": "-1", "TREINADOR": "LUCAS PICCINATO", "JOGO OFICIAL?": "SIM", "COMPETIÇÃO": "CAMPEONATO BRASILEIRO", "FASE": "SEMIFINAL", "ESTÁDIO": "OSWALDO TEIXEIRA DUARTE (CANINDÉ)", "CAPACIDADE": "21004", "CIDADE": "SÃO PAULO ", "ESTADO/PROVÍNCIA": "SÃO PAULO", "PAÍS": "BRASIL", "LATITUDE": -23.520132719349128, "LONGITUDE": -46.618264502415194, "PÚBLICO PAGANTE": "15867.0", "PÚBLICO TOTAL": "ND", "RENDA BRUTA (R$)": "254169.0", "RENDA LÍQUIDA (R$)": "159005.74", "TICKET MÉDIO (R$)": "16.01871809", "AUTORAS": "DUDA SAMPAIO", "TÍTULO?": "N/A", "OBSERVAÇÕES": null, "ERA": "Depois da reativação" }, "geometry": { "type": "Point", "coordinates": [ -46.618264502415194, -23.520132719349128 ] } },
{ "type": "Feature", "properties": { "DATA": "2024-09-15", "DIA DA SEMANA": "domingo", "DIA DO JOGO": "15.0", "MÊS DO JOGO": "2024-09-01 00:00:00", "ANO JOGO": 2024.0, "ANO COMPETIÇÃO": 2024.0, "MANDANTE / VISITANTE (SCCP)": "Não", "TIME MANDANTE": "SÃO PAULO", "GOLS MANDANTE": "1.0", "x": "x", "GOLS VISITANTE": "3.0", "TIME VISITANTE": "CORINTHIANS", "PLACAR": "1x3", "RESULTADO": "VITÓRIA", "ADVERSÁRIO": "SÃO PAULO", "ESTADO ADVERSÁRIO": "SÃO PAULO", "PAÍS ADVERSÁRIO": "BRASIL", "GOLS SCCP": "3.0", "GOLS ADVERSÁRIO": "1.0", "SALDO DE GOLS": "2", "TREINADOR": "LUCAS PICCINATO", "JOGO OFICIAL?": "SIM", "COMPETIÇÃO": "CAMPEONATO BRASILEIRO", "FASE": "FINAL", "ESTÁDIO": "CÍCERO POMPEU DE TOLEDO - MORUMBIS", "CAPACIDADE": "66795", "CIDADE": "SÃO PAULO ", "ESTADO/PROVÍNCIA": "SÃO PAULO", "PAÍS": "BRASIL", "LATITUDE": -23.600668615234898, "LONGITUDE": -46.719567331250424, "PÚBLICO PAGANTE": "28420.0", "PÚBLICO TOTAL": "ND", "RENDA BRUTA (R$)": "402497.5", "RENDA LÍQUIDA (R$)": "43407.49", "TICKET MÉDIO (R$)": "14.16247361", "AUTORAS": "MILLENE, VIC ALBUQUERQUE, VIC ALBUQUERQUE", "TÍTULO?": "N/A", "OBSERVAÇÕES": null, "ERA": "Depois da reativação" }, "geometry": { "type": "Point", "coordinates": [ -46.719567331250424, -23.600668615234898 ] } },
{ "type": "Feature", "properties": { "DATA": "2024-09-22", "DIA DA SEMANA": "domingo", "DIA DO JOGO": "22.0", "MÊS DO JOGO": "2024-09-01 00:00:00", "ANO JOGO": 2024.0, "ANO COMPETIÇÃO": 2024.0, "MANDANTE / VISITANTE (SCCP)": "Sim", "TIME MANDANTE": "CORINTHIANS", "GOLS MANDANTE": "2.0", "x": "x", "GOLS VISITANTE": "0.0", "TIME VISITANTE": "SÃO PAULO", "PLACAR": "2x0", "RESULTADO": "VITÓRIA", "ADVERSÁRIO": "SÃO PAULO", "ESTADO ADVERSÁRIO": "SÃO PAULO", "PAÍS ADVERSÁRIO": "BRASIL", "GOLS SCCP": "2.0", "GOLS ADVERSÁRIO": "0.0", "SALDO DE GOLS": "2", "TREINADOR": "LUCAS PICCINATO", "JOGO OFICIAL?": "SIM", "COMPETIÇÃO": "CAMPEONATO BRASILEIRO", "FASE": "FINAL", "ESTÁDIO": "NEO QUÍMICA ARENA (ARENA CORINTHIANS)", "CAPACIDADE": "48905", "CIDADE": "SÃO PAULO ", "ESTADO/PROVÍNCIA": "SÃO PAULO", "PAÍS": "BRASIL", "LATITUDE": -23.545141276878514, "LONGITUDE": -46.473682029403896, "PÚBLICO PAGANTE": "44136.0", "PÚBLICO TOTAL": "44529.0", "RENDA BRUTA (R$)": "974416.3", "RENDA LÍQUIDA (R$)": "421106.89", "TICKET MÉDIO (R$)": "22.07758519", "AUTORAS": "JAQUELINE, CAROL NOGUEIRA", "TÍTULO?": "CAMPEONATO BRASILEIRO", "OBSERVAÇÕES": "Corinthians campeão do Campeonato Brasileiro 2024 (6º título)", "ERA": "Depois da reativação" }, "geometry": { "type": "Point", "coordinates": [ -46.473682029403896, -23.545141276878514 ] } },
{ "type": "Feature", "properties": { "DATA": "2024-09-25", "DIA DA SEMANA": "quarta-feira", "DIA DO JOGO": "25.0", "MÊS DO JOGO": "2024-09-01 00:00:00", "ANO JOGO": 2024.0, "ANO COMPETIÇÃO": 2024.0, "MANDANTE / VISITANTE (SCCP)": "Não", "TIME MANDANTE": "MARÍLIA", "GOLS MANDANTE": "0.0", "x": "x", "GOLS VISITANTE": "5.0", "TIME VISITANTE": "CORINTHIANS", "PLACAR": "0x5", "RESULTADO": "VITÓRIA", "ADVERSÁRIO": "MARÍLIA", "ESTADO ADVERSÁRIO": "SÃO PAULO", "PAÍS ADVERSÁRIO": "BRASIL", "GOLS SCCP": "5.0", "GOLS ADVERSÁRIO": "0.0", "SALDO DE GOLS": "5", "TREINADOR": "LUCAS PICCINATO", "JOGO OFICIAL?": "SIM", "COMPETIÇÃO": "CAMPEONATO PAULISTA / FPF", "FASE": "1ª FASE", "ESTÁDIO": "BENTO DE ABREU SAMPAIO VIDAL (ABREUZÃO)", "CAPACIDADE": "15010", "CIDADE": "MARÍLIA", "ESTADO/PROVÍNCIA": "SÃO PAULO", "PAÍS": "BRASIL", "LATITUDE": -22.219356144243438, "LONGITUDE": -49.940957970952724, "PÚBLICO PAGANTE": "700.0", "PÚBLICO TOTAL": "ND", "RENDA BRUTA (R$)": "0.0", "RENDA LÍQUIDA (R$)": "-3986.43", "TICKET MÉDIO (R$)": "0", "AUTORAS": "FERNANDA, JHONSON, CAROL NOGUEIRA, JHONSON, JHONSON", "TÍTULO?": "N/A", "OBSERVAÇÕES": null, "ERA": "Depois da reativação" }, "geometry": { "type": "Point", "coordinates": [ -49.940957970952724, -22.219356144243438 ] } },
{ "type": "Feature", "properties": { "DATA": "2024-09-29", "DIA DA SEMANA": "domingo", "DIA DO JOGO": "29.0", "MÊS DO JOGO": "2024-09-01 00:00:00", "ANO JOGO": 2024.0, "ANO COMPETIÇÃO": 2024.0, "MANDANTE / VISITANTE (SCCP)": "Sim", "TIME MANDANTE": "CORINTHIANS", "GOLS MANDANTE": "5.0", "x": "x", "GOLS VISITANTE": "0.0", "TIME VISITANTE": "SÃO JOSÉ", "PLACAR": "5x0", "RESULTADO": "VITÓRIA", "ADVERSÁRIO": "SÃO JOSÉ", "ESTADO ADVERSÁRIO": "SÃO PAULO", "PAÍS ADVERSÁRIO": "BRASIL", "GOLS SCCP": "5.0", "GOLS ADVERSÁRIO": "0.0", "SALDO DE GOLS": "5", "TREINADOR": "LUCAS PICCINATO", "JOGO OFICIAL?": "SIM", "COMPETIÇÃO": "CAMPEONATO PAULISTA / FPF", "FASE": "1ª FASE", "ESTÁDIO": "ALFREDO SCHÜRIG (PARQUE SÃO JORGE / FAZENDINHA)", "CAPACIDADE": "9800", "CIDADE": "SÃO PAULO ", "ESTADO/PROVÍNCIA": "SÃO PAULO", "PAÍS": "BRASIL", "LATITUDE": -23.526659630812546, "LONGITUDE": -46.569480895169598, "PÚBLICO PAGANTE": "6586.0", "PÚBLICO TOTAL": "827.0", "RENDA BRUTA (R$)": "117329.0", "RENDA LÍQUIDA (R$)": "93424.61", "TICKET MÉDIO (R$)": "17.81491042", "AUTORAS": "FERNANDA, JHONSON, GI FERNANDES, ERIKA, ELLEN", "TÍTULO?": "N/A", "OBSERVAÇÕES": null, "ERA": "Depois da reativação" }, "geometry": { "type": "Point", "coordinates": [ -46.569480895169598, -23.526659630812546 ] } },
{ "type": "Feature", "properties": { "DATA": "2024-10-03", "DIA DA SEMANA": "quinta-feira", "DIA DO JOGO": "3.0", "MÊS DO JOGO": "outubro", "ANO JOGO": 2024.0, "ANO COMPETIÇÃO": 2024.0, "MANDANTE / VISITANTE (SCCP)": "Neutro", "TIME MANDANTE": "CORINTHIANS", "GOLS MANDANTE": "0.0", "x": "x", "GOLS VISITANTE": "0.0", "TIME VISITANTE": "BOCA JUNIORS (ARG)", "PLACAR": "0x0", "RESULTADO": "EMPATE", "ADVERSÁRIO": "BOCA JUNIORS (ARG)", "ESTADO ADVERSÁRIO": "N/A (ESTRANGEIRO)", "PAÍS ADVERSÁRIO": "ARGENTINA", "GOLS SCCP": "0.0", "GOLS ADVERSÁRIO": "0.0", "SALDO DE GOLS": "0", "TREINADOR": "LUCAS PICCINATO", "JOGO OFICIAL?": "SIM", "COMPETIÇÃO": "COPA LIBERTADORES", "FASE": "FASE DE GRUPOS", "ESTÁDIO": "ARSENIO ERICO", "CAPACIDADE": "7500", "CIDADE": "ASSUNÇÃO", "ESTADO/PROVÍNCIA": "DEPARTAMENTO CENTRAL", "PAÍS": "PARAGUAI", "LATITUDE": -25.298264179462183, "LONGITUDE": -57.641082774528385, "PÚBLICO PAGANTE": "ND", "PÚBLICO TOTAL": "ND", "RENDA BRUTA (R$)": "ND", "RENDA LÍQUIDA (R$)": "ND", "TICKET MÉDIO (R$)": "ND", "AUTORAS": null, "TÍTULO?": "N/A", "OBSERVAÇÕES": null, "ERA": "Depois da reativação" }, "geometry": { "type": "Point", "coordinates": [ -57.641082774528385, -25.298264179462183 ] } },
{ "type": "Feature", "properties": { "DATA": "2024-10-06", "DIA DA SEMANA": "domingo", "DIA DO JOGO": "6.0", "MÊS DO JOGO": "outubro", "ANO JOGO": 2024.0, "ANO COMPETIÇÃO": 2024.0, "MANDANTE / VISITANTE (SCCP)": "Neutro", "TIME MANDANTE": "CORINTHIANS", "GOLS MANDANTE": "8.0", "x": "x", "GOLS VISITANTE": "0.0", "TIME VISITANTE": "ADIFFEM (VEN)", "PLACAR": "8x0", "RESULTADO": "VITÓRIA", "ADVERSÁRIO": "ADIFFEM (VEN)", "ESTADO ADVERSÁRIO": "N/A (ESTRANGEIRO)", "PAÍS ADVERSÁRIO": "VENEZUELA", "GOLS SCCP": "8.0", "GOLS ADVERSÁRIO": "0.0", "SALDO DE GOLS": "8", "TREINADOR": "LUCAS PICCINATO", "JOGO OFICIAL?": "SIM", "COMPETIÇÃO": "COPA LIBERTADORES", "FASE": "FASE DE GRUPOS", "ESTÁDIO": "ARSENIO ERICO", "CAPACIDADE": "7500", "CIDADE": "ASSUNÇÃO", "ESTADO/PROVÍNCIA": "DEPARTAMENTO CENTRAL", "PAÍS": "PARAGUAI", "LATITUDE": -25.298264179462183, "LONGITUDE": -57.641082774528385, "PÚBLICO PAGANTE": "ND", "PÚBLICO TOTAL": "ND", "RENDA BRUTA (R$)": "ND", "RENDA LÍQUIDA (R$)": "ND", "TICKET MÉDIO (R$)": "ND", "AUTORAS": "GABI ZANOTTI, DUDA SAMPAIO, EUDIMILLA, JU FERREIRA, EUDIMILLA, EUDIMILLA, GABI ZANOTTI, YASMIM", "TÍTULO?": "N/A", "OBSERVAÇÕES": null, "ERA": "Depois da reativação" }, "geometry": { "type": "Point", "coordinates": [ -57.641082774528385, -25.298264179462183 ] } },
{ "type": "Feature", "properties": { "DATA": "2024-10-09", "DIA DA SEMANA": "quarta-feira", "DIA DO JOGO": "9.0", "MÊS DO JOGO": "outubro", "ANO JOGO": 2024.0, "ANO COMPETIÇÃO": 2024.0, "MANDANTE / VISITANTE (SCCP)": "Neutro", "TIME MANDANTE": "LIBERTAD (PAR)", "GOLS MANDANTE": "1.0", "x": "x", "GOLS VISITANTE": "3.0", "TIME VISITANTE": "CORINTHIANS", "PLACAR": "1x3", "RESULTADO": "VITÓRIA", "ADVERSÁRIO": "LIBERTAD (PAR)", "ESTADO ADVERSÁRIO": "N/A (ESTRANGEIRO)", "PAÍS ADVERSÁRIO": "PARAGUAI", "GOLS SCCP": "3.0", "GOLS ADVERSÁRIO": "1.0", "SALDO DE GOLS": "2", "TREINADOR": "LUCAS PICCINATO", "JOGO OFICIAL?": "SIM", "COMPETIÇÃO": "COPA LIBERTADORES", "FASE": "FASE DE GRUPOS", "ESTÁDIO": "ARSENIO ERICO", "CAPACIDADE": "7500", "CIDADE": "ASSUNÇÃO", "ESTADO/PROVÍNCIA": "DEPARTAMENTO CENTRAL", "PAÍS": "PARAGUAI", "LATITUDE": -25.298264179462183, "LONGITUDE": -57.641082774528385, "PÚBLICO PAGANTE": "ND", "PÚBLICO TOTAL": "ND", "RENDA BRUTA (R$)": "ND", "RENDA LÍQUIDA (R$)": "ND", "TICKET MÉDIO (R$)": "ND", "AUTORAS": "JU FERREIRA, JAQUELINE, GABI ZANOTTI", "TÍTULO?": "N/A", "OBSERVAÇÕES": null, "ERA": "Depois da reativação" }, "geometry": { "type": "Point", "coordinates": [ -57.641082774528385, -25.298264179462183 ] } },
{ "type": "Feature", "properties": { "DATA": "2024-10-12", "DIA DA SEMANA": "sábado", "DIA DO JOGO": "12.0", "MÊS DO JOGO": "outubro", "ANO JOGO": 2024.0, "ANO COMPETIÇÃO": 2024.0, "MANDANTE / VISITANTE (SCCP)": "Neutro", "TIME MANDANTE": "CORINTHIANS", "GOLS MANDANTE": "2.0", "x": "x", "GOLS VISITANTE": "0.0", "TIME VISITANTE": "OLIMPIA (PAR)", "PLACAR": "2x0", "RESULTADO": "VITÓRIA", "ADVERSÁRIO": "OLIMPIA (PAR)", "ESTADO ADVERSÁRIO": "N/A (ESTRANGEIRO)", "PAÍS ADVERSÁRIO": "PARAGUAI", "GOLS SCCP": "2.0", "GOLS ADVERSÁRIO": "0.0", "SALDO DE GOLS": "2", "TREINADOR": "LUCAS PICCINATO", "JOGO OFICIAL?": "SIM", "COMPETIÇÃO": "COPA LIBERTADORES", "FASE": "QUARTAS DE FINAL", "ESTÁDIO": "CENTRO DE ALTO RENDIMIENTO DE FÚTBOL FEMININO - CARFEM", "CAPACIDADE": "1000", "CIDADE": "YPANÉ", "ESTADO/PROVÍNCIA": "DEPARTAMENTO CENTRAL", "PAÍS": "PARAGUAI", "LATITUDE": -25.471019513167029, "LONGITUDE": -57.499561043699181, "PÚBLICO PAGANTE": "ND", "PÚBLICO TOTAL": "ND", "RENDA BRUTA (R$)": "ND", "RENDA LÍQUIDA (R$)": "ND", "TICKET MÉDIO (R$)": "ND", "AUTORAS": "GABI ZANOTTI, MILLENE", "TÍTULO?": "N/A", "OBSERVAÇÕES": null, "ERA": "Depois da reativação" }, "geometry": { "type": "Point", "coordinates": [ -57.499561043699181, -25.471019513167029 ] } },
{ "type": "Feature", "properties": { "DATA": "2024-10-15", "DIA DA SEMANA": "terça-feira", "DIA DO JOGO": "15.0", "MÊS DO JOGO": "outubro", "ANO JOGO": 2024.0, "ANO COMPETIÇÃO": 2024.0, "MANDANTE / VISITANTE (SCCP)": "Neutro", "TIME MANDANTE": "CORINTHIANS", "GOLS MANDANTE": "1.0", "x": "x", "GOLS VISITANTE": "0.0", "TIME VISITANTE": "BOCA JUNIORS (ARG)", "PLACAR": "1x0", "RESULTADO": "VITÓRIA", "ADVERSÁRIO": "BOCA JUNIORS (ARG)", "ESTADO ADVERSÁRIO": "N/A (ESTRANGEIRO)", "PAÍS ADVERSÁRIO": "ARGENTINA", "GOLS SCCP": "1.0", "GOLS ADVERSÁRIO": "0.0", "SALDO DE GOLS": "1", "TREINADOR": "LUCAS PICCINATO", "JOGO OFICIAL?": "SIM", "COMPETIÇÃO": "COPA LIBERTADORES", "FASE": "SEMIFINAL", "ESTÁDIO": "GENERAL ADRIÁN JARA (CONMEBOL)", "CAPACIDADE": "4000", "CIDADE": "LUQUE", "ESTADO/PROVÍNCIA": "DEPARTAMENTO CENTRAL", "PAÍS": "PARAGUAI", "LATITUDE": -25.263001464955789, "LONGITUDE": -57.518140014063022, "PÚBLICO PAGANTE": "ND", "PÚBLICO TOTAL": "ND", "RENDA BRUTA (R$)": "ND", "RENDA LÍQUIDA (R$)": "ND", "TICKET MÉDIO (R$)": "ND", "AUTORAS": "GABI ZANOTTI", "TÍTULO?": "N/A", "OBSERVAÇÕES": null, "ERA": "Depois da reativação" }, "geometry": { "type": "Point", "coordinates": [ -57.518140014063022, -25.263001464955789 ] } },
{ "type": "Feature", "properties": { "DATA": "2024-10-19", "DIA DA SEMANA": "sábado", "DIA DO JOGO": "19.0", "MÊS DO JOGO": "outubro", "ANO JOGO": 2024.0, "ANO COMPETIÇÃO": 2024.0, "MANDANTE / VISITANTE (SCCP)": "Neutro", "TIME MANDANTE": "CORINTHIANS", "GOLS MANDANTE": "2.0", "x": "x", "GOLS VISITANTE": "0.0", "TIME VISITANTE": "INDEPENDIENTE SANTA FE (COL)", "PLACAR": "2x0", "RESULTADO": "VITÓRIA", "ADVERSÁRIO": "INDEPENDIENTE SANTA FE (COL)", "ESTADO ADVERSÁRIO": "N/A (ESTRANGEIRO)", "PAÍS ADVERSÁRIO": "COLÔMBIA", "GOLS SCCP": "2.0", "GOLS ADVERSÁRIO": "0.0", "SALDO DE GOLS": "2", "TREINADOR": "LUCAS PICCINATO", "JOGO OFICIAL?": "SIM", "COMPETIÇÃO": "COPA LIBERTADORES", "FASE": "FINAL", "ESTÁDIO": "DEFENSORES DEL CHACO", "CAPACIDADE": "42345", "CIDADE": "ASSUNÇÃO", "ESTADO/PROVÍNCIA": "DEPARTAMENTO CENTRAL", "PAÍS": "PARAGUAI", "LATITUDE": -25.291906369779717, "LONGITUDE": -57.656815576234642, "PÚBLICO PAGANTE": "ND", "PÚBLICO TOTAL": "ND", "RENDA BRUTA (R$)": "ND", "RENDA LÍQUIDA (R$)": "ND", "TICKET MÉDIO (R$)": "ND", "AUTORAS": "VIC ALBUQUERQUE, ERIKA", "TÍTULO?": "COPA LIBERTADORES", "OBSERVAÇÕES": "Corinthians campeão da Copa Libertadores 2024 (5º título)", "ERA": "Depois da reativação" }, "geometry": { "type": "Point", "coordinates": [ -57.656815576234642, -25.291906369779717 ] } },
{ "type": "Feature", "properties": { "DATA": "2024-11-03", "DIA DA SEMANA": "domingo", "DIA DO JOGO": "3.0", "MÊS DO JOGO": "novembro", "ANO JOGO": 2024.0, "ANO COMPETIÇÃO": 2024.0, "MANDANTE / VISITANTE (SCCP)": "Não", "TIME MANDANTE": "SÃO PAULO", "GOLS MANDANTE": "0.0", "x": "x", "GOLS VISITANTE": "1.0", "TIME VISITANTE": "CORINTHIANS", "PLACAR": "0x1", "RESULTADO": "VITÓRIA", "ADVERSÁRIO": "SÃO PAULO", "ESTADO ADVERSÁRIO": "SÃO PAULO", "PAÍS ADVERSÁRIO": "BRASIL", "GOLS SCCP": "1.0", "GOLS ADVERSÁRIO": "0.0", "SALDO DE GOLS": "1", "TREINADOR": "LUCAS PICCINATO", "JOGO OFICIAL?": "SIM", "COMPETIÇÃO": "CAMPEONATO PAULISTA / FPF", "FASE": "SEMIFINAL", "ESTÁDIO": "OSWALDO TEIXEIRA DUARTE (CANINDÉ)", "CAPACIDADE": "21004", "CIDADE": "SÃO PAULO ", "ESTADO/PROVÍNCIA": "SÃO PAULO", "PAÍS": "BRASIL", "LATITUDE": -23.520132719349128, "LONGITUDE": -46.618264502415194, "PÚBLICO PAGANTE": "2017.0", "PÚBLICO TOTAL": "ND", "RENDA BRUTA (R$)": "13824.3", "RENDA LÍQUIDA (R$)": "-57380.11", "TICKET MÉDIO (R$)": "6.853891919", "AUTORAS": "DUDA SAMPAIO", "TÍTULO?": "N/A", "OBSERVAÇÕES": null, "ERA": "Depois da reativação" }, "geometry": { "type": "Point", "coordinates": [ -46.618264502415194, -23.520132719349128 ] } },
{ "type": "Feature", "properties": { "DATA": "2024-11-10", "DIA DA SEMANA": "domingo", "DIA DO JOGO": "10.0", "MÊS DO JOGO": "novembro", "ANO JOGO": 2024.0, "ANO COMPETIÇÃO": 2024.0, "MANDANTE / VISITANTE (SCCP)": "Sim", "TIME MANDANTE": "CORINTHIANS", "GOLS MANDANTE": "1.0", "x": "x", "GOLS VISITANTE": "1.0", "TIME VISITANTE": "SÃO PAULO", "PLACAR": "1x1", "RESULTADO": "EMPATE", "ADVERSÁRIO": "SÃO PAULO", "ESTADO ADVERSÁRIO": "SÃO PAULO", "PAÍS ADVERSÁRIO": "BRASIL", "GOLS SCCP": "1.0", "GOLS ADVERSÁRIO": "1.0", "SALDO DE GOLS": "0", "TREINADOR": "LUCAS PICCINATO", "JOGO OFICIAL?": "SIM", "COMPETIÇÃO": "CAMPEONATO PAULISTA / FPF", "FASE": "SEMIFINAL", "ESTÁDIO": "NEO QUÍMICA ARENA (ARENA CORINTHIANS)", "CAPACIDADE": "48905", "CIDADE": "SÃO PAULO ", "ESTADO/PROVÍNCIA": "SÃO PAULO", "PAÍS": "BRASIL", "LATITUDE": -23.545141276878514, "LONGITUDE": -46.473682029403896, "PÚBLICO PAGANTE": "32799.0", "PÚBLICO TOTAL": "32918.0", "RENDA BRUTA (R$)": "709079.0", "RENDA LÍQUIDA (R$)": "333409.84", "TICKET MÉDIO (R$)": "21.61892131", "AUTORAS": "MILLENE", "TÍTULO?": "N/A", "OBSERVAÇÕES": null, "ERA": "Depois da reativação" }, "geometry": { "type": "Point", "coordinates": [ -46.473682029403896, -23.545141276878514 ] } },
{ "type": "Feature", "properties": { "DATA": "2024-11-15", "DIA DA SEMANA": "sexta-feira", "DIA DO JOGO": "15.0", "MÊS DO JOGO": "novembro", "ANO JOGO": 2024.0, "ANO COMPETIÇÃO": 2024.0, "MANDANTE / VISITANTE (SCCP)": "Sim", "TIME MANDANTE": "CORINTHIANS", "GOLS MANDANTE": "1.0", "x": "x", "GOLS VISITANTE": "0.0", "TIME VISITANTE": "PALMEIRAS", "PLACAR": "1x0", "RESULTADO": "VITÓRIA", "ADVERSÁRIO": "PALMEIRAS", "ESTADO ADVERSÁRIO": "SÃO PAULO", "PAÍS ADVERSÁRIO": "BRASIL", "GOLS SCCP": "1.0", "GOLS ADVERSÁRIO": "0.0", "SALDO DE GOLS": "1", "TREINADOR": "BRENNO BASSO", "JOGO OFICIAL?": "SIM", "COMPETIÇÃO": "CAMPEONATO PAULISTA / FPF", "FASE": "FINAL", "ESTÁDIO": "NEO QUÍMICA ARENA (ARENA CORINTHIANS)", "CAPACIDADE": "48905", "CIDADE": "SÃO PAULO ", "ESTADO/PROVÍNCIA": "SÃO PAULO", "PAÍS": "BRASIL", "LATITUDE": -23.545141276878514, "LONGITUDE": -46.473682029403896, "PÚBLICO PAGANTE": "34418.0", "PÚBLICO TOTAL": "34736.0", "RENDA BRUTA (R$)": "811248.0", "RENDA LÍQUIDA (R$)": "397062.53", "TICKET MÉDIO (R$)": "23.57045732", "AUTORAS": "GABI ZANOTTI", "TÍTULO?": "N/A", "OBSERVAÇÕES": null, "ERA": "Depois da reativação" }, "geometry": { "type": "Point", "coordinates": [ -46.473682029403896, -23.545141276878514 ] } },
{ "type": "Feature", "properties": { "DATA": "2024-11-20", "DIA DA SEMANA": "quarta-feira", "DIA DO JOGO": "20.0", "MÊS DO JOGO": "novembro", "ANO JOGO": 2024.0, "ANO COMPETIÇÃO": 2024.0, "MANDANTE / VISITANTE (SCCP)": "Não", "TIME MANDANTE": "PALMEIRAS", "GOLS MANDANTE": "2.0", "x": "x", "GOLS VISITANTE": "1.0", "TIME VISITANTE": "CORINTHIANS", "PLACAR": "2x1", "RESULTADO": "DERROTA", "ADVERSÁRIO": "PALMEIRAS", "ESTADO ADVERSÁRIO": "SÃO PAULO", "PAÍS ADVERSÁRIO": "BRASIL", "GOLS SCCP": "1.0", "GOLS ADVERSÁRIO": "2.0", "SALDO DE GOLS": "-1", "TREINADOR": "LUCAS PICCINATO", "JOGO OFICIAL?": "SIM", "COMPETIÇÃO": "CAMPEONATO PAULISTA / FPF", "FASE": "FINAL", "ESTÁDIO": "BRINCO DE OURO DA PRINCESA", "CAPACIDADE": "20580", "CIDADE": "CAMPINAS", "ESTADO/PROVÍNCIA": "SÃO PAULO", "PAÍS": "BRASIL", "LATITUDE": -22.91041180492228, "LONGITUDE": -47.042982920502688, "PÚBLICO PAGANTE": "4386.0", "PÚBLICO TOTAL": "ND", "RENDA BRUTA (R$)": "65320.0", "RENDA LÍQUIDA (R$)": "-90659.55", "TICKET MÉDIO (R$)": "14.89284086", "AUTORAS": "YAYA", "TÍTULO?": "N/A", "OBSERVAÇÕES": "Derrota nos pênaltis por 2 x 0 / Corinthians vice-campeão do Campeonato Paulista 2024", "ERA": "Depois da reativação" }, "geometry": { "type": "Point", "coordinates": [ -47.042982920502688, -22.91041180492228 ] } },
{ "type": "Feature", "properties": { "DATA": "2025-02-01", "DIA DA SEMANA": "sábado", "DIA DO JOGO": "1.0", "MÊS DO JOGO": "fevereiro", "ANO JOGO": 2025.0, "ANO COMPETIÇÃO": 2025.0, "MANDANTE / VISITANTE (SCCP)": "Sim", "TIME MANDANTE": "CORINTHIANS", "GOLS MANDANTE": "1.0", "x": "x", "GOLS VISITANTE": "0.0", "TIME VISITANTE": "SÃO PAULO", "PLACAR": "1x0", "RESULTADO": "VITÓRIA", "ADVERSÁRIO": "SÃO PAULO", "ESTADO ADVERSÁRIO": "SÃO PAULO", "PAÍS ADVERSÁRIO": "BRASIL", "GOLS SCCP": "1.0", "GOLS ADVERSÁRIO": "0.0", "SALDO DE GOLS": "1", "TREINADOR": "LUCAS PICCINATO", "JOGO OFICIAL?": "NÃO", "COMPETIÇÃO": "JOGO-TREINO", "FASE": "N/A", "ESTÁDIO": "CENTRO DE TREINAMENTO DARTANHÃ", "CAPACIDADE": "DESCONHECIDA", "CIDADE": "GUARAREMA", "ESTADO/PROVÍNCIA": "SÃO PAULO", "PAÍS": "BRASIL", "LATITUDE": -23.414227998270004, "LONGITUDE": -46.022475633978289, "PÚBLICO PAGANTE": "PF", "PÚBLICO TOTAL": "PF", "RENDA BRUTA (R$)": "PF", "RENDA LÍQUIDA (R$)": "PF", "TICKET MÉDIO (R$)": "PF", "AUTORAS": null, "TÍTULO?": "N/A", "OBSERVAÇÕES": "Jogo-treino com portões fechados / Dois tempos de 40 minutos", "ERA": "Depois da reativação" }, "geometry": { "type": "Point", "coordinates": [ -46.022475633978289, -23.414227998270004 ] } },
{ "type": "Feature", "properties": { "DATA": "2025-02-07", "DIA DA SEMANA": "sexta-feira", "DIA DO JOGO": "7.0", "MÊS DO JOGO": "fevereiro", "ANO JOGO": 2025.0, "ANO COMPETIÇÃO": 2025.0, "MANDANTE / VISITANTE (SCCP)": "Sim", "TIME MANDANTE": "CORINTHIANS", "GOLS MANDANTE": "5.0", "x": "x", "GOLS VISITANTE": "0.0", "TIME VISITANTE": "RED BULL BRAGANTINO", "PLACAR": "5x0", "RESULTADO": "VITÓRIA", "ADVERSÁRIO": "RED BULL BRAGANTINO", "ESTADO ADVERSÁRIO": "SÃO PAULO", "PAÍS ADVERSÁRIO": "BRASIL", "GOLS SCCP": "5.0", "GOLS ADVERSÁRIO": "0.0", "SALDO DE GOLS": "5", "TREINADOR": "LUCAS PICCINATO", "JOGO OFICIAL?": "NÃO", "COMPETIÇÃO": "JOGO-TREINO", "FASE": "N/A", "ESTÁDIO": "ALFREDO SCHÜRIG (PARQUE SÃO JORGE / FAZENDINHA)", "CAPACIDADE": "9800", "CIDADE": "SÃO PAULO ", "ESTADO/PROVÍNCIA": "SÃO PAULO", "PAÍS": "BRASIL", "LATITUDE": -23.526659630812546, "LONGITUDE": -46.569480895169598, "PÚBLICO PAGANTE": "PF", "PÚBLICO TOTAL": "PF", "RENDA BRUTA (R$)": "PF", "RENDA LÍQUIDA (R$)": "PF", "TICKET MÉDIO (R$)": "PF", "AUTORAS": null, "TÍTULO?": "N/A", "OBSERVAÇÕES": "Jogo-treino com portões fechados / Três tempos de 30 minutos", "ERA": "Depois da reativação" }, "geometry": { "type": "Point", "coordinates": [ -46.569480895169598, -23.526659630812546 ] } },
{ "type": "Feature", "properties": { "DATA": "2025-03-09", "DIA DA SEMANA": "domingo", "DIA DO JOGO": "9.0", "MÊS DO JOGO": "março", "ANO JOGO": 2025.0, "ANO COMPETIÇÃO": 2025.0, "MANDANTE / VISITANTE (SCCP)": "Não", "TIME MANDANTE": "GRÊMIO", "GOLS MANDANTE": "0.0", "x": "x", "GOLS VISITANTE": "3.0", "TIME VISITANTE": "CORINTHIANS", "PLACAR": "0x3", "RESULTADO": "VITÓRIA", "ADVERSÁRIO": "GRÊMIO", "ESTADO ADVERSÁRIO": "RIO GRANDE DO SUL", "PAÍS ADVERSÁRIO": "BRASIL", "GOLS SCCP": "3.0", "GOLS ADVERSÁRIO": "0.0", "SALDO DE GOLS": "3", "TREINADOR": "LUCAS PICCINATO", "JOGO OFICIAL?": "SIM", "COMPETIÇÃO": "SUPERCOPA DO BRASIL", "FASE": "QUARTAS DE FINAL", "ESTÁDIO": "ARENA DO GRÊMIO", "CAPACIDADE": "55662", "CIDADE": "PORTO ALEGRE ", "ESTADO/PROVÍNCIA": "RIO GRANDE DO SUL", "PAÍS": "BRASIL", "LATITUDE": -29.973786084932922, "LONGITUDE": -51.194217389527033, "PÚBLICO PAGANTE": "972.0", "PÚBLICO TOTAL": "ND", "RENDA BRUTA (R$)": "4860.0", "RENDA LÍQUIDA (R$)": "-5581.24", "TICKET MÉDIO (R$)": "5", "AUTORAS": "VIC ALBUQUERQUE, ANDRESSA ALVES, ANDRESSA ALVES", "TÍTULO?": "N/A", "OBSERVAÇÕES": null, "ERA": "Depois da reativação" }, "geometry": { "type": "Point", "coordinates": [ -51.194217389527033, -29.973786084932922 ] } },
{ "type": "Feature", "properties": { "DATA": "2025-03-12", "DIA DA SEMANA": "quarta-feira", "DIA DO JOGO": "12.0", "MÊS DO JOGO": "março", "ANO JOGO": 2025.0, "ANO COMPETIÇÃO": 2025.0, "MANDANTE / VISITANTE (SCCP)": "Sim", "TIME MANDANTE": "CORINTHIANS", "GOLS MANDANTE": "1.0", "x": "x", "GOLS VISITANTE": "0.0", "TIME VISITANTE": "CRUZEIRO", "PLACAR": "1x0", "RESULTADO": "VITÓRIA", "ADVERSÁRIO": "CRUZEIRO", "ESTADO ADVERSÁRIO": "MINAS GERAIS", "PAÍS ADVERSÁRIO": "BRASIL", "GOLS SCCP": "1.0", "GOLS ADVERSÁRIO": "0.0", "SALDO DE GOLS": "1", "TREINADOR": "LUCAS PICCINATO", "JOGO OFICIAL?": "SIM", "COMPETIÇÃO": "SUPERCOPA DO BRASIL", "FASE": "SEMIFINAL", "ESTÁDIO": "1º DE MAIO (PRIMEIRÃO)", "CAPACIDADE": "15759", "CIDADE": "SÃO BERNARDO DO CAMPO", "ESTADO/PROVÍNCIA": "SÃO PAULO", "PAÍS": "BRASIL", "LATITUDE": -23.699558583592914, "LONGITUDE": -46.554931460085633, "PÚBLICO PAGANTE": "8949.0", "PÚBLICO TOTAL": "ND", "RENDA BRUTA (R$)": "73887.0", "RENDA LÍQUIDA (R$)": "-35415.27", "TICKET MÉDIO (R$)": "8.256453235", "AUTORAS": "VIC ALBUQUERQUE", "TÍTULO?": "N/A", "OBSERVAÇÕES": null, "ERA": "Depois da reativação" }, "geometry": { "type": "Point", "coordinates": [ -46.554931460085633, -23.699558583592914 ] } },
{ "type": "Feature", "properties": { "DATA": "2025-03-15", "DIA DA SEMANA": "sábado", "DIA DO JOGO": "15.0", "MÊS DO JOGO": "março", "ANO JOGO": 2025.0, "ANO COMPETIÇÃO": 2025.0, "MANDANTE / VISITANTE (SCCP)": "Não", "TIME MANDANTE": "SÃO PAULO", "GOLS MANDANTE": "0.0", "x": "x", "GOLS VISITANTE": "0.0", "TIME VISITANTE": "CORINTHIANS", "PLACAR": "0x0", "RESULTADO": "EMPATE", "ADVERSÁRIO": "SÃO PAULO", "ESTADO ADVERSÁRIO": "SÃO PAULO", "PAÍS ADVERSÁRIO": "BRASIL", "GOLS SCCP": "0.0", "GOLS ADVERSÁRIO": "0.0", "SALDO DE GOLS": "0", "TREINADOR": "LUCAS PICCINATO", "JOGO OFICIAL?": "SIM", "COMPETIÇÃO": "SUPERCOPA DO BRASIL", "FASE": "FINAL", "ESTÁDIO": "CÍCERO POMPEU DE TOLEDO - MORUMBIS", "CAPACIDADE": "66795", "CIDADE": "SÃO PAULO ", "ESTADO/PROVÍNCIA": "SÃO PAULO", "PAÍS": "BRASIL", "LATITUDE": -23.600668615234898, "LONGITUDE": -46.719567331250424, "PÚBLICO PAGANTE": "9031.0", "PÚBLICO TOTAL": "ND", "RENDA BRUTA (R$)": "126412.6", "RENDA LÍQUIDA (R$)": "-173223.29", "TICKET MÉDIO (R$)": "13.99763038", "AUTORAS": null, "TÍTULO?": "N/A", "OBSERVAÇÕES": "Derrota nos pênaltis por 4 X 3 / Corinthians vice-campeão da Supercopa do Brasil 2025", "ERA": "Depois da reativação" }, "geometry": { "type": "Point", "coordinates": [ -46.719567331250424, -23.600668615234898 ] } },
{ "type": "Feature", "properties": { "DATA": "2025-03-24", "DIA DA SEMANA": "segunda-feira", "DIA DO JOGO": "24.0", "MÊS DO JOGO": "março", "ANO JOGO": 2025.0, "ANO COMPETIÇÃO": 2025.0, "MANDANTE / VISITANTE (SCCP)": "Não", "TIME MANDANTE": "REAL BRASÍLIA", "GOLS MANDANTE": "2.0", "x": "x", "GOLS VISITANTE": "8.0", "TIME VISITANTE": "CORINTHIANS", "PLACAR": "2x8", "RESULTADO": "VITÓRIA", "ADVERSÁRIO": "REAL BRASÍLIA", "ESTADO ADVERSÁRIO": "DISTRITO FEDERAL", "PAÍS ADVERSÁRIO": "BRASIL", "GOLS SCCP": "8.0", "GOLS ADVERSÁRIO": "2.0", "SALDO DE GOLS": "6", "TREINADOR": "LUCAS PICCINATO", "JOGO OFICIAL?": "SIM", "COMPETIÇÃO": "CAMPEONATO BRASILEIRO", "FASE": "1ª FASE", "ESTÁDIO": "VALMIR CAMPELO BEZERRA (BEZERRÃO)", "CAPACIDADE": "20310", "CIDADE": "GAMA ", "ESTADO/PROVÍNCIA": "DISTRITO FEDERAL", "PAÍS": "BRASIL", "LATITUDE": -16.010988388571377, "LONGITUDE": -48.061410548437806, "PÚBLICO PAGANTE": "322.0", "PÚBLICO TOTAL": "ND", "RENDA BRUTA (R$)": "5175.0", "RENDA LÍQUIDA (R$)": "-3990.1", "TICKET MÉDIO (R$)": "16.07142857", "AUTORAS": "JAQUELINE, ANDRESSA ALVES, VIC ALBUQUERQUE, CAROL NOGUEIRA, LETÍCIA MONTEIRO, LETÍCIA MONTEIRO, JHONSON, ROBLEDO", "TÍTULO?": "N/A", "OBSERVAÇÕES": null, "ERA": "Depois da reativação" }, "geometry": { "type": "Point", "coordinates": [ -48.061410548437806, -16.010988388571377 ] } },
{ "type": "Feature", "properties": { "DATA": "2025-03-27", "DIA DA SEMANA": "quinta-feira", "DIA DO JOGO": "27.0", "MÊS DO JOGO": "março", "ANO JOGO": 2025.0, "ANO COMPETIÇÃO": 2025.0, "MANDANTE / VISITANTE (SCCP)": "Sim", "TIME MANDANTE": "CORINTHIANS", "GOLS MANDANTE": "2.0", "x": "x", "GOLS VISITANTE": "0.0", "TIME VISITANTE": "JUVENTUDE", "PLACAR": "2x0", "RESULTADO": "VITÓRIA", "ADVERSÁRIO": "JUVENTUDE", "ESTADO ADVERSÁRIO": "RIO GRANDE DO SUL", "PAÍS ADVERSÁRIO": "BRASIL", "GOLS SCCP": "2.0", "GOLS ADVERSÁRIO": "0.0", "SALDO DE GOLS": "2", "TREINADOR": "LUCAS PICCINATO", "JOGO OFICIAL?": "SIM", "COMPETIÇÃO": "CAMPEONATO BRASILEIRO", "FASE": "1ª FASE", "ESTÁDIO": "ALFREDO SCHÜRIG (PARQUE SÃO JORGE / FAZENDINHA)", "CAPACIDADE": "9800", "CIDADE": "SÃO PAULO ", "ESTADO/PROVÍNCIA": "SÃO PAULO", "PAÍS": "BRASIL", "LATITUDE": -23.526659630812546, "LONGITUDE": -46.569480895169598, "PÚBLICO PAGANTE": "6414.0", "PÚBLICO TOTAL": "283.0", "RENDA BRUTA (R$)": "115504.0", "RENDA LÍQUIDA (R$)": "81547.87", "TICKET MÉDIO (R$)": "18.00810727", "AUTORAS": "VIC ALBUQUERQUE, VIC ALBUQUERQUE", "TÍTULO?": "N/A", "OBSERVAÇÕES": null, "ERA": "Depois da reativação" }, "geometry": { "type": "Point", "coordinates": [ -46.569480895169598, -23.526659630812546 ] } },
{ "type": "Feature", "properties": { "DATA": "2025-03-30", "DIA DA SEMANA": "domingo", "DIA DO JOGO": "30.0", "MÊS DO JOGO": "março", "ANO JOGO": 2025.0, "ANO COMPETIÇÃO": 2025.0, "MANDANTE / VISITANTE (SCCP)": "Não", "TIME MANDANTE": "RED BULL BRAGANTINO", "GOLS MANDANTE": "2.0", "x": "x", "GOLS VISITANTE": "2.0", "TIME VISITANTE": "CORINTHIANS", "PLACAR": "2x2", "RESULTADO": "EMPATE", "ADVERSÁRIO": "RED BULL BRAGANTINO", "ESTADO ADVERSÁRIO": "SÃO PAULO", "PAÍS ADVERSÁRIO": "BRASIL", "GOLS SCCP": "2.0", "GOLS ADVERSÁRIO": "2.0", "SALDO DE GOLS": "0", "TREINADOR": "LUCAS PICCINATO", "JOGO OFICIAL?": "SIM", "COMPETIÇÃO": "CAMPEONATO BRASILEIRO", "FASE": "1ª FASE", "ESTÁDIO": "PREFEITO GABRIEL MARQUES DA SILVA", "CAPACIDADE": "7000", "CIDADE": "SANTANA DE PARNAÍBA", "ESTADO/PROVÍNCIA": "SÃO PAULO", "PAÍS": "BRASIL", "LATITUDE": -23.439125511761116, "LONGITUDE": -46.917716173579983, "PÚBLICO PAGANTE": "282.0", "PÚBLICO TOTAL": "ND", "RENDA BRUTA (R$)": "0.0", "RENDA LÍQUIDA (R$)": "-37109.77", "TICKET MÉDIO (R$)": "0", "AUTORAS": "TAMIRES, GABI ZANOTTI", "TÍTULO?": "N/A", "OBSERVAÇÕES": null, "ERA": "Depois da reativação" }, "geometry": { "type": "Point", "coordinates": [ -46.917716173579983, -23.439125511761116 ] } },
{ "type": "Feature", "properties": { "DATA": "2025-04-12", "DIA DA SEMANA": "sábado", "DIA DO JOGO": "12.0", "MÊS DO JOGO": "abril", "ANO JOGO": 2025.0, "ANO COMPETIÇÃO": 2025.0, "MANDANTE / VISITANTE (SCCP)": "Sim", "TIME MANDANTE": "CORINTHIANS", "GOLS MANDANTE": "1.0", "x": "x", "GOLS VISITANTE": "2.0", "TIME VISITANTE": "PALMEIRAS", "PLACAR": "1x2", "RESULTADO": "DERROTA", "ADVERSÁRIO": "PALMEIRAS", "ESTADO ADVERSÁRIO": "SÃO PAULO", "PAÍS ADVERSÁRIO": "BRASIL", "GOLS SCCP": "1.0", "GOLS ADVERSÁRIO": "2.0", "SALDO DE GOLS": "-1", "TREINADOR": "LUCAS PICCINATO", "JOGO OFICIAL?": "SIM", "COMPETIÇÃO": "CAMPEONATO BRASILEIRO", "FASE": "1ª FASE", "ESTÁDIO": "ALFREDO SCHÜRIG (PARQUE SÃO JORGE / FAZENDINHA)", "CAPACIDADE": "9800", "CIDADE": "SÃO PAULO ", "ESTADO/PROVÍNCIA": "SÃO PAULO", "PAÍS": "BRASIL", "LATITUDE": -23.526659630812546, "LONGITUDE": -46.569480895169598, "PÚBLICO PAGANTE": "7842.0", "PÚBLICO TOTAL": "1657.0", "RENDA BRUTA (R$)": "150649.0", "RENDA LÍQUIDA (R$)": "109746.79", "TICKET MÉDIO (R$)": "19.21053303", "AUTORAS": "ANDRESSA ALVES", "TÍTULO?": "N/A", "OBSERVAÇÕES": null, "ERA": "Depois da reativação" }, "geometry": { "type": "Point", "coordinates": [ -46.569480895169598, -23.526659630812546 ] } },
{ "type": "Feature", "properties": { "DATA": "2025-04-15", "DIA DA SEMANA": "terça-feira", "DIA DO JOGO": "15.0", "MÊS DO JOGO": "abril", "ANO JOGO": 2025.0, "ANO COMPETIÇÃO": 2025.0, "MANDANTE / VISITANTE (SCCP)": "Não", "TIME MANDANTE": "FLUMINENSE", "GOLS MANDANTE": "1.0", "x": "x", "GOLS VISITANTE": "1.0", "TIME VISITANTE": "CORINTHIANS", "PLACAR": "1x1", "RESULTADO": "EMPATE", "ADVERSÁRIO": "FLUMINENSE", "ESTADO ADVERSÁRIO": "RIO DE JANEIRO", "PAÍS ADVERSÁRIO": "BRASIL", "GOLS SCCP": "1.0", "GOLS ADVERSÁRIO": "1.0", "SALDO DE GOLS": "0", "TREINADOR": "LUCAS PICCINATO", "JOGO OFICIAL?": "SIM", "COMPETIÇÃO": "CAMPEONATO BRASILEIRO", "FASE": "1ª FASE", "ESTÁDIO": "PROLETÁRIO GUILHERME DA SILVEIRA FILHO (MOÇA BONITA)", "CAPACIDADE": "9024", "CIDADE": "BANGU", "ESTADO/PROVÍNCIA": "RIO DE JANEIRO", "PAÍS": "BRASIL", "LATITUDE": -22.872287466966249, "LONGITUDE": -43.457608681675254, "PÚBLICO PAGANTE": "0.0", "PÚBLICO TOTAL": "ND", "RENDA BRUTA (R$)": "0.0", "RENDA LÍQUIDA (R$)": "-6757.1", "TICKET MÉDIO (R$)": "ND", "AUTORAS": "LETÍCIA MONTEIRO", "TÍTULO?": "N/A", "OBSERVAÇÕES": null, "ERA": "Depois da reativação" }, "geometry": { "type": "Point", "coordinates": [ -43.457608681675254, -22.872287466966249 ] } },
{ "type": "Feature", "properties": { "DATA": "2025-04-19", "DIA DA SEMANA": "sábado", "DIA DO JOGO": "19.0", "MÊS DO JOGO": "abril", "ANO JOGO": 2025.0, "ANO COMPETIÇÃO": 2025.0, "MANDANTE / VISITANTE (SCCP)": "Sim", "TIME MANDANTE": "CORINTHIANS", "GOLS MANDANTE": "8.0", "x": "x", "GOLS VISITANTE": "0.0", "TIME VISITANTE": "INSTITUTO 3B", "PLACAR": "8x0", "RESULTADO": "VITÓRIA", "ADVERSÁRIO": "INSTITUTO 3B", "ESTADO ADVERSÁRIO": "AMAZONAS", "PAÍS ADVERSÁRIO": "BRASIL", "GOLS SCCP": "8.0", "GOLS ADVERSÁRIO": "0.0", "SALDO DE GOLS": "8", "TREINADOR": "LUCAS PICCINATO", "JOGO OFICIAL?": "SIM", "COMPETIÇÃO": "CAMPEONATO BRASILEIRO", "FASE": "1ª FASE", "ESTÁDIO": "ALFREDO SCHÜRIG (PARQUE SÃO JORGE / FAZENDINHA)", "CAPACIDADE": "9800", "CIDADE": "SÃO PAULO ", "ESTADO/PROVÍNCIA": "SÃO PAULO", "PAÍS": "BRASIL", "LATITUDE": -23.526659630812546, "LONGITUDE": -46.569480895169598, "PÚBLICO PAGANTE": "6503.0", "PÚBLICO TOTAL": "531.0", "RENDA BRUTA (R$)": "132929.5", "RENDA LÍQUIDA (R$)": "91843.62", "TICKET MÉDIO (R$)": "20.44125788", "AUTORAS": "VIC ALBUQUERQUE, JAQUELINE, JAQUELINE, LETÍCIA MONTEIRO, ARIEL GODOI, VIC ALBUQUERQUE, EUDIMILLA, JHONSON", "TÍTULO?": "N/A", "OBSERVAÇÕES": null, "ERA": "Depois da reativação" }, "geometry": { "type": "Point", "coordinates": [ -46.569480895169598, -23.526659630812546 ] } },
{ "type": "Feature", "properties": { "DATA": "2025-04-26", "DIA DA SEMANA": "sábado", "DIA DO JOGO": "26.0", "MÊS DO JOGO": "abril", "ANO JOGO": 2025.0, "ANO COMPETIÇÃO": 2025.0, "MANDANTE / VISITANTE (SCCP)": "Não", "TIME MANDANTE": "SÃO PAULO", "GOLS MANDANTE": "1.0", "x": "x", "GOLS VISITANTE": "1.0", "TIME VISITANTE": "CORINTHIANS", "PLACAR": "1x1", "RESULTADO": "EMPATE", "ADVERSÁRIO": "SÃO PAULO", "ESTADO ADVERSÁRIO": "SÃO PAULO", "PAÍS ADVERSÁRIO": "BRASIL", "GOLS SCCP": "1.0", "GOLS ADVERSÁRIO": "1.0", "SALDO DE GOLS": "0", "TREINADOR": "LUCAS PICCINATO", "JOGO OFICIAL?": "SIM", "COMPETIÇÃO": "CAMPEONATO BRASILEIRO", "FASE": "1ª FASE", "ESTÁDIO": "CENTRO DE FORMAÇÃO DE ATLETAS LAUDO NATEL (CT DE COTIA)", "CAPACIDADE": "1500", "CIDADE": "COTIA ", "ESTADO/PROVÍNCIA": "SÃO PAULO", "PAÍS": "BRASIL", "LATITUDE": -23.621368389045369, "LONGITUDE": -46.913702630845982, "PÚBLICO PAGANTE": "360.0", "PÚBLICO TOTAL": "ND", "RENDA BRUTA (R$)": "0.0", "RENDA LÍQUIDA (R$)": "-17019.49", "TICKET MÉDIO (R$)": "0", "AUTORAS": "JHONSON", "TÍTULO?": "N/A", "OBSERVAÇÕES": null, "ERA": "Depois da reativação" }, "geometry": { "type": "Point", "coordinates": [ -46.913702630845982, -23.621368389045369 ] } },
{ "type": "Feature", "properties": { "DATA": "2025-05-01", "DIA DA SEMANA": "quinta-feira", "DIA DO JOGO": "1.0", "MÊS DO JOGO": "maio", "ANO JOGO": 2025.0, "ANO COMPETIÇÃO": 2025.0, "MANDANTE / VISITANTE (SCCP)": "Sim", "TIME MANDANTE": "CORINTHIANS", "GOLS MANDANTE": "2.0", "x": "x", "GOLS VISITANTE": "0.0", "TIME VISITANTE": "GRÊMIO", "PLACAR": "2x0", "RESULTADO": "VITÓRIA", "ADVERSÁRIO": "GRÊMIO", "ESTADO ADVERSÁRIO": "RIO GRANDE DO SUL", "PAÍS ADVERSÁRIO": "BRASIL", "GOLS SCCP": "2.0", "GOLS ADVERSÁRIO": "0.0", "SALDO DE GOLS": "2", "TREINADOR": "LUCAS PICCINATO", "JOGO OFICIAL?": "SIM", "COMPETIÇÃO": "CAMPEONATO BRASILEIRO", "FASE": "1ª FASE", "ESTÁDIO": "ALFREDO SCHÜRIG (PARQUE SÃO JORGE / FAZENDINHA)", "CAPACIDADE": "9800", "CIDADE": "SÃO PAULO ", "ESTADO/PROVÍNCIA": "SÃO PAULO", "PAÍS": "BRASIL", "LATITUDE": -23.526659630812546, "LONGITUDE": -46.569480895169598, "PÚBLICO PAGANTE": "6472.0", "PÚBLICO TOTAL": "1165.0", "RENDA BRUTA (R$)": "131664.0", "RENDA LÍQUIDA (R$)": "91279.3", "TICKET MÉDIO (R$)": "20.34363412", "AUTORAS": "JAQUELINE, GABI ZANOTTI", "TÍTULO?": "N/A", "OBSERVAÇÕES": null, "ERA": "Depois da reativação" }, "geometry": { "type": "Point", "coordinates": [ -46.569480895169598, -23.526659630812546 ] } },
{ "type": "Feature", "properties": { "DATA": "2025-05-04", "DIA DA SEMANA": "domingo", "DIA DO JOGO": "4.0", "MÊS DO JOGO": "maio", "ANO JOGO": 2025.0, "ANO COMPETIÇÃO": 2025.0, "MANDANTE / VISITANTE (SCCP)": "Sim", "TIME MANDANTE": "CORINTHIANS", "GOLS MANDANTE": "5.0", "x": "x", "GOLS VISITANTE": "1.0", "TIME VISITANTE": "BAHIA", "PLACAR": "5x1", "RESULTADO": "VITÓRIA", "ADVERSÁRIO": "BAHIA", "ESTADO ADVERSÁRIO": "BAHIA", "PAÍS ADVERSÁRIO": "BRASIL", "GOLS SCCP": "5.0", "GOLS ADVERSÁRIO": "1.0", "SALDO DE GOLS": "4", "TREINADOR": "LUCAS PICCINATO", "JOGO OFICIAL?": "SIM", "COMPETIÇÃO": "CAMPEONATO BRASILEIRO", "FASE": "1ª FASE", "ESTÁDIO": "ALFREDO SCHÜRIG (PARQUE SÃO JORGE / FAZENDINHA)", "CAPACIDADE": "9800", "CIDADE": "SÃO PAULO ", "ESTADO/PROVÍNCIA": "SÃO PAULO", "PAÍS": "BRASIL", "LATITUDE": -23.526659630812546, "LONGITUDE": -46.569480895169598, "PÚBLICO PAGANTE": "6489.0", "PÚBLICO TOTAL": "648.0", "RENDA BRUTA (R$)": "133086.0", "RENDA LÍQUIDA (R$)": "88647.33", "TICKET MÉDIO (R$)": "20.50947758", "AUTORAS": "JHONSON, JHONSON, GABI ZANOTTI, ARIEL GODOI, GABI ZANOTTI", "TÍTULO?": "N/A", "OBSERVAÇÕES": null, "ERA": "Depois da reativação" }, "geometry": { "type": "Point", "coordinates": [ -46.569480895169598, -23.526659630812546 ] } },
{ "type": "Feature", "properties": { "DATA": "2025-05-07", "DIA DA SEMANA": "quarta-feira", "DIA DO JOGO": "7.0", "MÊS DO JOGO": "maio", "ANO JOGO": 2025.0, "ANO COMPETIÇÃO": 2025.0, "MANDANTE / VISITANTE (SCCP)": "Sim", "TIME MANDANTE": "CORINTHIANS", "GOLS MANDANTE": "4.0", "x": "x", "GOLS VISITANTE": "0.0", "TIME VISITANTE": "RED BULL BRAGANTINO", "PLACAR": "4x0", "RESULTADO": "VITÓRIA", "ADVERSÁRIO": "RED BULL BRAGANTINO", "ESTADO ADVERSÁRIO": "SÃO PAULO", "PAÍS ADVERSÁRIO": "BRASIL", "GOLS SCCP": "4.0", "GOLS ADVERSÁRIO": "0.0", "SALDO DE GOLS": "4", "TREINADOR": "LUCAS PICCINATO", "JOGO OFICIAL?": "SIM", "COMPETIÇÃO": "CAMPEONATO PAULISTA / FPF", "FASE": "1ª FASE", "ESTÁDIO": "ALFREDO SCHÜRIG (PARQUE SÃO JORGE / FAZENDINHA)", "CAPACIDADE": "9800", "CIDADE": "SÃO PAULO ", "ESTADO/PROVÍNCIA": "SÃO PAULO", "PAÍS": "BRASIL", "LATITUDE": -23.526659630812546, "LONGITUDE": -46.569480895169598, "PÚBLICO PAGANTE": "6455.0", "PÚBLICO TOTAL": "317.0", "RENDA BRUTA (R$)": "132788.5", "RENDA LÍQUIDA (R$)": "104719.75", "TICKET MÉDIO (R$)": "20.57141751", "AUTORAS": "JHONSON, YAYA, VIC ALBUQUERQUE, ARIEL GODOI", "TÍTULO?": "N/A", "OBSERVAÇÕES": null, "ERA": "Depois da reativação" }, "geometry": { "type": "Point", "coordinates": [ -46.569480895169598, -23.526659630812546 ] } },
{ "type": "Feature", "properties": { "DATA": "2025-05-11", "DIA DA SEMANA": "domingo", "DIA DO JOGO": "11.0", "MÊS DO JOGO": "maio", "ANO JOGO": 2025.0, "ANO COMPETIÇÃO": 2025.0, "MANDANTE / VISITANTE (SCCP)": "Não", "TIME MANDANTE": "FERROVIÁRIA", "GOLS MANDANTE": "1.0", "x": "x", "GOLS VISITANTE": "1.0", "TIME VISITANTE": "CORINTHIANS", "PLACAR": "1x1", "RESULTADO": "EMPATE", "ADVERSÁRIO": "FERROVIÁRIA", "ESTADO ADVERSÁRIO": "SÃO PAULO", "PAÍS ADVERSÁRIO": "BRASIL", "GOLS SCCP": "1.0", "GOLS ADVERSÁRIO": "1.0", "SALDO DE GOLS": "0", "TREINADOR": "LUCAS PICCINATO", "JOGO OFICIAL?": "SIM", "COMPETIÇÃO": "CAMPEONATO BRASILEIRO", "FASE": "1ª FASE", "ESTÁDIO": "OLIVÉRIO BAZZANI FILHO (ARENA DA FONTE LUMINOSA)", "CAPACIDADE": "20205", "CIDADE": "ARARAQUARA ", "ESTADO/PROVÍNCIA": "SÃO PAULO", "PAÍS": "BRASIL", "LATITUDE": -21.775035435893585, "LONGITUDE": -48.169600583381282, "PÚBLICO PAGANTE": "683.0", "PÚBLICO TOTAL": "ND", "RENDA BRUTA (R$)": "10700.0", "RENDA LÍQUIDA (R$)": "-15716.86", "TICKET MÉDIO (R$)": "15.66617862", "AUTORAS": "VIC ALBUQUERQUE", "TÍTULO?": "N/A", "OBSERVAÇÕES": null, "ERA": "Depois da reativação" }, "geometry": { "type": "Point", "coordinates": [ -48.169600583381282, -21.775035435893585 ] } },
{ "type": "Feature", "properties": { "DATA": "2025-05-14", "DIA DA SEMANA": "quarta-feira", "DIA DO JOGO": "14.0", "MÊS DO JOGO": "maio", "ANO JOGO": 2025.0, "ANO COMPETIÇÃO": 2025.0, "MANDANTE / VISITANTE (SCCP)": "Não", "TIME MANDANTE": "SANTOS", "GOLS MANDANTE": "0.0", "x": "x", "GOLS VISITANTE": "3.0", "TIME VISITANTE": "CORINTHIANS", "PLACAR": "0x3", "RESULTADO": "VITÓRIA", "ADVERSÁRIO": "SANTOS", "ESTADO ADVERSÁRIO": "SÃO PAULO", "PAÍS ADVERSÁRIO": "BRASIL", "GOLS SCCP": "3.0", "GOLS ADVERSÁRIO": "0.0", "SALDO DE GOLS": "3", "TREINADOR": "LUCAS PICCINATO", "JOGO OFICIAL?": "SIM", "COMPETIÇÃO": "CAMPEONATO PAULISTA / FPF", "FASE": "1ª FASE", "ESTÁDIO": "BRUNO JOSÉ DANIEL (BRUNÃO)", "CAPACIDADE": "11440", "CIDADE": "SANTO ANDRÉ", "ESTADO/PROVÍNCIA": "SÃO PAULO", "PAÍS": "BRASIL", "LATITUDE": -23.669570064310722, "LONGITUDE": -46.509300705133256, "PÚBLICO PAGANTE": "239.0", "PÚBLICO TOTAL": "ND", "RENDA BRUTA (R$)": "0.0", "RENDA LÍQUIDA (R$)": "-39707.5", "TICKET MÉDIO (R$)": "0", "AUTORAS": "ARIEL GODOI, ARIEL GODOI, EUDIMILLA", "TÍTULO?": "N/A", "OBSERVAÇÕES": null, "ERA": "Depois da reativação" }, "geometry": { "type": "Point", "coordinates": [ -46.509300705133256, -23.669570064310722 ] } },
{ "type": "Feature", "properties": { "DATA": "2025-05-17", "DIA DA SEMANA": "sábado", "DIA DO JOGO": "17.0", "MÊS DO JOGO": "maio", "ANO JOGO": 2025.0, "ANO COMPETIÇÃO": 2025.0, "MANDANTE / VISITANTE (SCCP)": "Sim", "TIME MANDANTE": "CORINTHIANS", "GOLS MANDANTE": "4.0", "x": "x", "GOLS VISITANTE": "0.0", "TIME VISITANTE": "SPORT", "PLACAR": "4x0", "RESULTADO": "VITÓRIA", "ADVERSÁRIO": "SPORT", "ESTADO ADVERSÁRIO": "PERNAMBUCO", "PAÍS ADVERSÁRIO": "BRASIL", "GOLS SCCP": "4.0", "GOLS ADVERSÁRIO": "0.0", "SALDO DE GOLS": "4", "TREINADOR": "LUCAS PICCINATO", "JOGO OFICIAL?": "SIM", "COMPETIÇÃO": "CAMPEONATO BRASILEIRO", "FASE": "1ª FASE", "ESTÁDIO": "PREFEITO JOSÉ LIBERATTI (ROCHDALÃO)", "CAPACIDADE": "11780", "CIDADE": "OSASCO ", "ESTADO/PROVÍNCIA": "SÃO PAULO", "PAÍS": "BRASIL", "LATITUDE": -23.51198315274678, "LONGITUDE": -46.775554302415202, "PÚBLICO PAGANTE": "5775.0", "PÚBLICO TOTAL": "ND", "RENDA BRUTA (R$)": "102243.5", "RENDA LÍQUIDA (R$)": "66881.79", "TICKET MÉDIO (R$)": "17.70450216", "AUTORAS": "JHONSON, JHONSON, JHONSON, GABI ZANOTTI", "TÍTULO?": "N/A", "OBSERVAÇÕES": null, "ERA": "Depois da reativação" }, "geometry": { "type": "Point", "coordinates": [ -46.775554302415202, -23.51198315274678 ] } },
{ "type": "Feature", "properties": { "DATA": "2025-05-21", "DIA DA SEMANA": "quarta-feira", "DIA DO JOGO": "21.0", "MÊS DO JOGO": "maio", "ANO JOGO": 2025.0, "ANO COMPETIÇÃO": 2025.0, "MANDANTE / VISITANTE (SCCP)": "Não", "TIME MANDANTE": "AMÉRICA-MG", "GOLS MANDANTE": "0.0", "x": "x", "GOLS VISITANTE": "1.0", "TIME VISITANTE": "CORINTHIANS", "PLACAR": "0x1", "RESULTADO": "VITÓRIA", "ADVERSÁRIO": "AMÉRICA-MG", "ESTADO ADVERSÁRIO": "MINAS GERAIS", "PAÍS ADVERSÁRIO": "BRASIL", "GOLS SCCP": "1.0", "GOLS ADVERSÁRIO": "0.0", "SALDO DE GOLS": "1", "TREINADOR": "LUCAS PICCINATO", "JOGO OFICIAL?": "SIM", "COMPETIÇÃO": "CAMPEONATO BRASILEIRO", "FASE": "1ª FASE", "ESTÁDIO": "JOAQUIM HENRIQUE NOGUEIRA (ARENA DO JACARÉ)", "CAPACIDADE": "19998", "CIDADE": "SETE LAGOAS", "ESTADO/PROVÍNCIA": "MINAS GERAIS", "PAÍS": "BRASIL", "LATITUDE": -19.478257002276273, "LONGITUDE": -44.223801910510474, "PÚBLICO PAGANTE": "107.0", "PÚBLICO TOTAL": "ND", "RENDA BRUTA (R$)": "280.0", "RENDA LÍQUIDA (R$)": "-17886.32", "TICKET MÉDIO (R$)": "2.61682243", "AUTORAS": "ANDRESSA ALVES", "TÍTULO?": "N/A", "OBSERVAÇÕES": null, "ERA": "Depois da reativação" }, "geometry": { "type": "Point", "coordinates": [ -44.223801910510474, -19.478257002276273 ] } },
{ "type": "Feature", "properties": { "DATA": "2025-06-04", "DIA DA SEMANA": "quarta-feira", "DIA DO JOGO": "4.0", "MÊS DO JOGO": "junho", "ANO JOGO": 2025.0, "ANO COMPETIÇÃO": 2025.0, "MANDANTE / VISITANTE (SCCP)": "Sim", "TIME MANDANTE": "CORINTHIANS", "GOLS MANDANTE": "5.0", "x": "x", "GOLS VISITANTE": "1.0", "TIME VISITANTE": "TAUBATÉ", "PLACAR": "5x1", "RESULTADO": "VITÓRIA", "ADVERSÁRIO": "TAUBATÉ", "ESTADO ADVERSÁRIO": "SÃO PAULO", "PAÍS ADVERSÁRIO": "BRASIL", "GOLS SCCP": "5.0", "GOLS ADVERSÁRIO": "1.0", "SALDO DE GOLS": "4", "TREINADOR": "LUCAS PICCINATO", "JOGO OFICIAL?": "SIM", "COMPETIÇÃO": "CAMPEONATO PAULISTA / FPF", "FASE": "1ª FASE", "ESTÁDIO": "PREFEITO JOSÉ LIBERATTI (ROCHDALÃO)", "CAPACIDADE": "11780", "CIDADE": "OSASCO ", "ESTADO/PROVÍNCIA": "SÃO PAULO", "PAÍS": "BRASIL", "LATITUDE": -23.51198315274678, "LONGITUDE": -46.775554302415202, "PÚBLICO PAGANTE": "5772.0", "PÚBLICO TOTAL": "ND", "RENDA BRUTA (R$)": "104497.5", "RENDA LÍQUIDA (R$)": "82357.85", "TICKET MÉDIO (R$)": "18.10420998", "AUTORAS": "JAQUELINE, ARIEL GODOI, ANDRESSA ALVES, GABI ZANOTTI, GABI ZANOTTI", "TÍTULO?": "N/A", "OBSERVAÇÕES": null, "ERA": "Depois da reativação" }, "geometry": { "type": "Point", "coordinates": [ -46.775554302415202, -23.51198315274678 ] } },
{ "type": "Feature", "properties": { "DATA": "2025-06-09", "DIA DA SEMANA": "segunda-feira", "DIA DO JOGO": "9.0", "MÊS DO JOGO": "junho", "ANO JOGO": 2025.0, "ANO COMPETIÇÃO": 2025.0, "MANDANTE / VISITANTE (SCCP)": "Sim", "TIME MANDANTE": "CORINTHIANS", "GOLS MANDANTE": "1.0", "x": "x", "GOLS VISITANTE": "0.0", "TIME VISITANTE": "FLAMENGO", "PLACAR": "1x0", "RESULTADO": "VITÓRIA", "ADVERSÁRIO": "FLAMENGO", "ESTADO ADVERSÁRIO": "RIO DE JANEIRO", "PAÍS ADVERSÁRIO": "BRASIL", "GOLS SCCP": "1.0", "GOLS ADVERSÁRIO": "0.0", "SALDO DE GOLS": "1", "TREINADOR": "LUCAS PICCINATO", "JOGO OFICIAL?": "SIM", "COMPETIÇÃO": "CAMPEONATO BRASILEIRO", "FASE": "1ª FASE", "ESTÁDIO": "OSWALDO TEIXEIRA DUARTE (CANINDÉ)", "CAPACIDADE": "21004", "CIDADE": "SÃO PAULO ", "ESTADO/PROVÍNCIA": "SÃO PAULO", "PAÍS": "BRASIL", "LATITUDE": -23.520132719349128, "LONGITUDE": -46.618264502415194, "PÚBLICO PAGANTE": "8606.0", "PÚBLICO TOTAL": "ND", "RENDA BRUTA (R$)": "142588.0", "RENDA LÍQUIDA (R$)": "59135.26", "TICKET MÉDIO (R$)": "16.56844062", "AUTORAS": "VIC ALBUQUERQUE", "TÍTULO?": "N/A", "OBSERVAÇÕES": null, "ERA": "Depois da reativação" }, "geometry": { "type": "Point", "coordinates": [ -46.618264502415194, -23.520132719349128 ] } },
{ "type": "Feature", "properties": { "DATA": "2025-06-15", "DIA DA SEMANA": "domingo", "DIA DO JOGO": "15.0", "MÊS DO JOGO": "junho", "ANO JOGO": 2025.0, "ANO COMPETIÇÃO": 2025.0, "MANDANTE / VISITANTE (SCCP)": "Não", "TIME MANDANTE": "INTERNACIONAL", "GOLS MANDANTE": "0.0", "x": "x", "GOLS VISITANTE": "5.0", "TIME VISITANTE": "CORINTHIANS", "PLACAR": "0x5", "RESULTADO": "VITÓRIA", "ADVERSÁRIO": "INTERNACIONAL", "ESTADO ADVERSÁRIO": "RIO GRANDE DO SUL", "PAÍS ADVERSÁRIO": "BRASIL", "GOLS SCCP": "5.0", "GOLS ADVERSÁRIO": "0.0", "SALDO DE GOLS": "5", "TREINADOR": "LUCAS PICCINATO", "JOGO OFICIAL?": "SIM", "COMPETIÇÃO": "CAMPEONATO BRASILEIRO", "FASE": "1ª FASE", "ESTÁDIO": "FRANCISCO NOVELLETTO NETO (PASSO D'AREIA)", "CAPACIDADE": "10600", "CIDADE": "PORTO ALEGRE", "ESTADO/PROVÍNCIA": "RIO GRANDE DO SUL", "PAÍS": "BRASIL", "LATITUDE": -30.006290184356924, "LONGITUDE": -51.173179690767363, "PÚBLICO PAGANTE": "331.0", "PÚBLICO TOTAL": "ND", "RENDA BRUTA (R$)": "3310.0", "RENDA LÍQUIDA (R$)": "-19299.61", "TICKET MÉDIO (R$)": "10", "AUTORAS": "TAMIRES, JAQUELINE, VIC ALBUQUERQUE, LETÍCIA MONTEIRO, EUDIMILLA", "TÍTULO?": "N/A", "OBSERVAÇÕES": null, "ERA": "Depois da reativação" }, "geometry": { "type": "Point", "coordinates": [ -51.173179690767363, -30.006290184356924 ] } },
{ "type": "Feature", "properties": { "DATA": "2025-06-18", "DIA DA SEMANA": "quarta-feira", "DIA DO JOGO": "18.0", "MÊS DO JOGO": "junho", "ANO JOGO": 2025.0, "ANO COMPETIÇÃO": 2025.0, "MANDANTE / VISITANTE (SCCP)": "Sim", "TIME MANDANTE": "CORINTHIANS", "GOLS MANDANTE": "4.0", "x": "x", "GOLS VISITANTE": "2.0", "TIME VISITANTE": "CRUZEIRO", "PLACAR": "4x2", "RESULTADO": "VITÓRIA", "ADVERSÁRIO": "CRUZEIRO", "ESTADO ADVERSÁRIO": "MINAS GERAIS", "PAÍS ADVERSÁRIO": "BRASIL", "GOLS SCCP": "4.0", "GOLS ADVERSÁRIO": "2.0", "SALDO DE GOLS": "2", "TREINADOR": "LUCAS PICCINATO", "JOGO OFICIAL?": "SIM", "COMPETIÇÃO": "CAMPEONATO BRASILEIRO", "FASE": "1ª FASE", "ESTÁDIO": "ALFREDO SCHÜRIG (PARQUE SÃO JORGE / FAZENDINHA)", "CAPACIDADE": "9800", "CIDADE": "SÃO PAULO ", "ESTADO/PROVÍNCIA": "SÃO PAULO", "PAÍS": "BRASIL", "LATITUDE": -23.526659630812546, "LONGITUDE": -46.569480895169598, "PÚBLICO PAGANTE": "6392.0", "PÚBLICO TOTAL": "775.0", "RENDA BRUTA (R$)": "125403.0", "RENDA LÍQUIDA (R$)": "89682.55", "TICKET MÉDIO (R$)": "19.61874218", "AUTORAS": "GABI ZANOTTI, DUDA SAMPAIO, TAMIRES, LETÍCIA MONTEIRO", "TÍTULO?": "N/A", "OBSERVAÇÕES": null, "ERA": "Depois da reativação" }, "geometry": { "type": "Point", "coordinates": [ -46.569480895169598, -23.526659630812546 ] } },
{ "type": "Feature", "properties": { "DATA": "2025-06-22", "DIA DA SEMANA": "domingo", "DIA DO JOGO": "22.0", "MÊS DO JOGO": "junho", "ANO JOGO": 2025.0, "ANO COMPETIÇÃO": 2025.0, "MANDANTE / VISITANTE (SCCP)": "Não", "TIME MANDANTE": "SÃO PAULO", "GOLS MANDANTE": "2.0", "x": "x", "GOLS VISITANTE": "1.0", "TIME VISITANTE": "CORINTHIANS", "PLACAR": "2x1", "RESULTADO": "DERROTA", "ADVERSÁRIO": "SÃO PAULO", "ESTADO ADVERSÁRIO": "SÃO PAULO", "PAÍS ADVERSÁRIO": "BRASIL", "GOLS SCCP": "1.0", "GOLS ADVERSÁRIO": "2.0", "SALDO DE GOLS": "-1", "TREINADOR": "LUCAS PICCINATO", "JOGO OFICIAL?": "SIM", "COMPETIÇÃO": "CAMPEONATO PAULISTA / FPF", "FASE": "1ª FASE", "ESTÁDIO": "PREFEITO GABRIEL MARQUES DA SILVA", "CAPACIDADE": "7000", "CIDADE": "SANTANA DE PARNAÍBA", "ESTADO/PROVÍNCIA": "SÃO PAULO", "PAÍS": "BRASIL", "LATITUDE": -23.439125511761116, "LONGITUDE": -46.917716173579983, "PÚBLICO PAGANTE": "297.0", "PÚBLICO TOTAL": "ND", "RENDA BRUTA (R$)": "0.0", "RENDA LÍQUIDA (R$)": "-21860.97", "TICKET MÉDIO (R$)": "0", "AUTORAS": "DUDA SAMPAIO", "TÍTULO?": "N/A", "OBSERVAÇÕES": null, "ERA": "Depois da reativação" }, "geometry": { "type": "Point", "coordinates": [ -46.917716173579983, -23.439125511761116 ] } },
{ "type": "Feature", "properties": { "DATA": "2025-07-12", "DIA DA SEMANA": "sábado", "DIA DO JOGO": "12.0", "MÊS DO JOGO": "julho", "ANO JOGO": 2025.0, "ANO COMPETIÇÃO": 2025.0, "MANDANTE / VISITANTE (SCCP)": "Não", "TIME MANDANTE": "CHICAGO STARS (EUA)", "GOLS MANDANTE": "0.0", "x": "x", "GOLS VISITANTE": "1.0", "TIME VISITANTE": "CORINTHIANS", "PLACAR": "0x1", "RESULTADO": "VITÓRIA", "ADVERSÁRIO": "CHICAGO STARS (EUA)", "ESTADO ADVERSÁRIO": "N/A (ESTRANGEIRO)", "PAÍS ADVERSÁRIO": "EUA", "GOLS SCCP": "1.0", "GOLS ADVERSÁRIO": "0.0", "SALDO DE GOLS": "1", "TREINADOR": "LUCAS PICCINATO", "JOGO OFICIAL?": "NÃO", "COMPETIÇÃO": "TEAL RISING CUP", "FASE": "SEMIFINAL", "ESTÁDIO": "CPKC STADIUM", "CAPACIDADE": "11500", "CIDADE": "KANSAS CITY", "ESTADO/PROVÍNCIA": "MISSOURI", "PAÍS": "EUA", "LATITUDE": 39.119704451761542, "LONGITUDE": -94.565949175864532, "PÚBLICO PAGANTE": "ND", "PÚBLICO TOTAL": "ND", "RENDA BRUTA (R$)": "ND", "RENDA LÍQUIDA (R$)": "ND", "TICKET MÉDIO (R$)": "ND", "AUTORAS": "LETICIA TELES", "TÍTULO?": "N/A", "OBSERVAÇÕES": null, "ERA": "Depois da reativação" }, "geometry": { "type": "Point", "coordinates": [ -94.565949175864532, 39.119704451761542 ] } },
{ "type": "Feature", "properties": { "DATA": "2025-07-15", "DIA DA SEMANA": "terça-feira", "DIA DO JOGO": "15.0", "MÊS DO JOGO": "julho", "ANO JOGO": 2025.0, "ANO COMPETIÇÃO": 2025.0, "MANDANTE / VISITANTE (SCCP)": "Não", "TIME MANDANTE": "KANSAS CITY CURRENT (EUA)", "GOLS MANDANTE": "2.0", "x": "x", "GOLS VISITANTE": "1.0", "TIME VISITANTE": "CORINTHIANS", "PLACAR": "2x1", "RESULTADO": "DERROTA", "ADVERSÁRIO": "KANSAS CITY CURRENT (EUA)", "ESTADO ADVERSÁRIO": "N/A (ESTRANGEIRO)", "PAÍS ADVERSÁRIO": "EUA", "GOLS SCCP": "1.0", "GOLS ADVERSÁRIO": "2.0", "SALDO DE GOLS": "-1", "TREINADOR": "LUCAS PICCINATO", "JOGO OFICIAL?": "NÃO", "COMPETIÇÃO": "TEAL RISING CUP", "FASE": "FINAL", "ESTÁDIO": "CPKC STADIUM", "CAPACIDADE": "11500", "CIDADE": "KANSAS CITY", "ESTADO/PROVÍNCIA": "MISSOURI", "PAÍS": "EUA", "LATITUDE": 39.119704451761542, "LONGITUDE": -94.565949175864532, "PÚBLICO PAGANTE": "ND", "PÚBLICO TOTAL": "ND", "RENDA BRUTA (R$)": "ND", "RENDA LÍQUIDA (R$)": "ND", "TICKET MÉDIO (R$)": "ND", "AUTORAS": "GABI ZANOTTI", "TÍTULO?": "N/A", "OBSERVAÇÕES": "Corinthians vice-campeão da Teal Rising Cup 2025", "ERA": "Depois da reativação" }, "geometry": { "type": "Point", "coordinates": [ -94.565949175864532, 39.119704451761542 ] } },
{ "type": "Feature", "properties": { "DATA": "2025-08-03", "DIA DA SEMANA": "domingo", "DIA DO JOGO": "3.0", "MÊS DO JOGO": "agosto", "ANO JOGO": 2025.0, "ANO COMPETIÇÃO": 2025.0, "MANDANTE / VISITANTE (SCCP)": "Sim", "TIME MANDANTE": "CORINTHIANS", "GOLS MANDANTE": "1.0", "x": "x", "GOLS VISITANTE": "0.0", "TIME VISITANTE": "PALMEIRAS", "PLACAR": "1x0", "RESULTADO": "VITÓRIA", "ADVERSÁRIO": "PALMEIRAS", "ESTADO ADVERSÁRIO": "SÃO PAULO", "PAÍS ADVERSÁRIO": "BRASIL", "GOLS SCCP": "1.0", "GOLS ADVERSÁRIO": "0.0", "SALDO DE GOLS": "1", "TREINADOR": "LUCAS PICCINATO", "JOGO OFICIAL?": "SIM", "COMPETIÇÃO": "CAMPEONATO PAULISTA / FPF", "FASE": "1ª FASE", "ESTÁDIO": "ALFREDO SCHÜRIG (PARQUE SÃO JORGE / FAZENDINHA)", "CAPACIDADE": "9800", "CIDADE": "SÃO PAULO ", "ESTADO/PROVÍNCIA": "SÃO PAULO", "PAÍS": "BRASIL", "LATITUDE": -23.526659630812546, "LONGITUDE": -46.569480895169598, "PÚBLICO PAGANTE": "4680.0", "PÚBLICO TOTAL": "792.0", "RENDA BRUTA (R$)": "72487.0", "RENDA LÍQUIDA (R$)": "41026.56", "TICKET MÉDIO (R$)": "15.48867521", "AUTORAS": "GABI ZANOTTI", "TÍTULO?": "N/A", "OBSERVAÇÕES": null, "ERA": "Depois da reativação" }, "geometry": { "type": "Point", "coordinates": [ -46.569480895169598, -23.526659630812546 ] } },
{ "type": "Feature", "properties": { "DATA": "2025-08-06", "DIA DA SEMANA": "quarta-feira", "DIA DO JOGO": "6.0", "MÊS DO JOGO": "agosto", "ANO JOGO": 2025.0, "ANO COMPETIÇÃO": 2025.0, "MANDANTE / VISITANTE (SCCP)": "Não", "TIME MANDANTE": "CRUZEIRO", "GOLS MANDANTE": "1.0", "x": "x", "GOLS VISITANTE": "1.0", "TIME VISITANTE": "CORINTHIANS", "PLACAR": "1x1", "RESULTADO": "EMPATE", "ADVERSÁRIO": "CRUZEIRO", "ESTADO ADVERSÁRIO": "MINAS GERAIS", "PAÍS ADVERSÁRIO": "BRASIL", "GOLS SCCP": "1.0", "GOLS ADVERSÁRIO": "1.0", "SALDO DE GOLS": "0", "TREINADOR": "LUCAS PICCINATO", "JOGO OFICIAL?": "SIM", "COMPETIÇÃO": "COPA DO BRASIL", "FASE": "3ª FASE", "ESTÁDIO": "CASTOR CIFUENTES (PENIDÃO)", "CAPACIDADE": "5160", "CIDADE": "NOVA LIMA", "ESTADO/PROVÍNCIA": "MINAS GERAIS", "PAÍS": "BRASIL", "LATITUDE": -19.988071977780734, "LONGITUDE": -43.843886378275307, "PÚBLICO PAGANTE": "737.0", "PÚBLICO TOTAL": "ND", "RENDA BRUTA (R$)": "4845.0", "RENDA LÍQUIDA (R$)": "-3634.28", "TICKET MÉDIO (R$)": "6.57394844", "AUTORAS": "VIC ALBUQUERQUE", "TÍTULO?": "N/A", "OBSERVAÇÕES": "Vitória nos pênaltis por 4 x 2", "ERA": "Depois da reativação" }, "geometry": { "type": "Point", "coordinates": [ -43.843886378275307, -19.988071977780734 ] } },
{ "type": "Feature", "properties": { "DATA": "2025-08-09", "DIA DA SEMANA": "sábado", "DIA DO JOGO": "9.0", "MÊS DO JOGO": "agosto", "ANO JOGO": 2025.0, "ANO COMPETIÇÃO": 2025.0, "MANDANTE / VISITANTE (SCCP)": "Não", "TIME MANDANTE": "BAHIA", "GOLS MANDANTE": "1.0", "x": "x", "GOLS VISITANTE": "2.0", "TIME VISITANTE": "CORINTHIANS", "PLACAR": "1x2", "RESULTADO": "VITÓRIA", "ADVERSÁRIO": "BAHIA", "ESTADO ADVERSÁRIO": "BAHIA", "PAÍS ADVERSÁRIO": "BRASIL", "GOLS SCCP": "2.0", "GOLS ADVERSÁRIO": "1.0", "SALDO DE GOLS": "1", "TREINADOR": "LUCAS PICCINATO", "JOGO OFICIAL?": "SIM", "COMPETIÇÃO": "CAMPEONATO BRASILEIRO", "FASE": "QUARTAS DE FINAL", "ESTÁDIO": "LOURIVAL BAPTISTA (ARENA BATISTÃO)", "CAPACIDADE": "15586", "CIDADE": "ARACAJU", "ESTADO/PROVÍNCIA": "SERGIPE", "PAÍS": "BRASIL", "LATITUDE": -10.927212775239989, "LONGITUDE": -37.048405969886929, "PÚBLICO PAGANTE": "2670.0", "PÚBLICO TOTAL": "ND", "RENDA BRUTA (R$)": "2670.0", "RENDA LÍQUIDA (R$)": "-34402.78", "TICKET MÉDIO (R$)": "1", "AUTORAS": "GI FERNANDES, GABI ZANOTTI", "TÍTULO?": "N/A", "OBSERVAÇÕES": null, "ERA": "Depois da reativação" }, "geometry": { "type": "Point", "coordinates": [ -37.048405969886929, -10.927212775239989 ] } },
{ "type": "Feature", "properties": { "DATA": "2025-08-12", "DIA DA SEMANA": "terça-feira", "DIA DO JOGO": "12.0", "MÊS DO JOGO": "agosto", "ANO JOGO": 2025.0, "ANO COMPETIÇÃO": 2025.0, "MANDANTE / VISITANTE (SCCP)": "Sim", "TIME MANDANTE": "CORINTHIANS", "GOLS MANDANTE": "2.0", "x": "x", "GOLS VISITANTE": "0.0", "TIME VISITANTE": "FERROVIÁRIA", "PLACAR": "2x0", "RESULTADO": "VITÓRIA", "ADVERSÁRIO": "FERROVIÁRIA", "ESTADO ADVERSÁRIO": "SÃO PAULO", "PAÍS ADVERSÁRIO": "BRASIL", "GOLS SCCP": "2.0", "GOLS ADVERSÁRIO": "0.0", "SALDO DE GOLS": "2", "TREINADOR": "LUCAS PICCINATO", "JOGO OFICIAL?": "SIM", "COMPETIÇÃO": "CAMPEONATO PAULISTA / FPF", "FASE": "1ª FASE", "ESTÁDIO": "PAULO MACHADO DE CARVALHO (MERCADO LIVRE ARENA PACAEMBU)", "CAPACIDADE": "37730", "CIDADE": "SÃO PAULO ", "ESTADO/PROVÍNCIA": "SÃO PAULO", "PAÍS": "BRASIL", "LATITUDE": -23.548265580968636, "LONGITUDE": -46.665377888920851, "PÚBLICO PAGANTE": "2902.0", "PÚBLICO TOTAL": "290.0", "RENDA BRUTA (R$)": "35930.0", "RENDA LÍQUIDA (R$)": "-49005.72", "TICKET MÉDIO (R$)": "12.38111647", "AUTORAS": "DAY RODRÍGUEZ, CAROL NOGUEIRA", "TÍTULO?": "N/A", "OBSERVAÇÕES": null, "ERA": "Depois da reativação" }, "geometry": { "type": "Point", "coordinates": [ -46.665377888920851, -23.548265580968636 ] } },
{ "type": "Feature", "properties": { "DATA": "2025-08-15", "DIA DA SEMANA": "sexta-feira", "DIA DO JOGO": "15.0", "MÊS DO JOGO": "agosto", "ANO JOGO": 2025.0, "ANO COMPETIÇÃO": 2025.0, "MANDANTE / VISITANTE (SCCP)": "Sim", "TIME MANDANTE": "CORINTHIANS", "GOLS MANDANTE": "2.0", "x": "x", "GOLS VISITANTE": "0.0", "TIME VISITANTE": "BAHIA", "PLACAR": "2x0", "RESULTADO": "VITÓRIA", "ADVERSÁRIO": "BAHIA", "ESTADO ADVERSÁRIO": "BAHIA", "PAÍS ADVERSÁRIO": "BRASIL", "GOLS SCCP": "2.0", "GOLS ADVERSÁRIO": "0.0", "SALDO DE GOLS": "2", "TREINADOR": "LUCAS PICCINATO", "JOGO OFICIAL?": "SIM", "COMPETIÇÃO": "CAMPEONATO BRASILEIRO", "FASE": "QUARTAS DE FINAL", "ESTÁDIO": "PAULO MACHADO DE CARVALHO (MERCADO LIVRE ARENA PACAEMBU)", "CAPACIDADE": "37730", "CIDADE": "SÃO PAULO ", "ESTADO/PROVÍNCIA": "SÃO PAULO", "PAÍS": "BRASIL", "LATITUDE": -23.548265580968636, "LONGITUDE": -46.665377888920851, "PÚBLICO PAGANTE": "6125.0", "PÚBLICO TOTAL": "1374.0", "RENDA BRUTA (R$)": "112220.0", "RENDA LÍQUIDA (R$)": "-69402.35", "TICKET MÉDIO (R$)": "18.32163265", "AUTORAS": "ERIKA, DUDA SAMPAIO", "TÍTULO?": "N/A", "OBSERVAÇÕES": null, "ERA": "Depois da reativação" }, "geometry": { "type": "Point", "coordinates": [ -46.665377888920851, -23.548265580968636 ] } },
{ "type": "Feature", "properties": { "DATA": "2025-08-21", "DIA DA SEMANA": "quinta-feira", "DIA DO JOGO": "21.0", "MÊS DO JOGO": "agosto", "ANO JOGO": 2025.0, "ANO COMPETIÇÃO": 2025.0, "MANDANTE / VISITANTE (SCCP)": "Não", "TIME MANDANTE": "REALIDADE JOVEM", "GOLS MANDANTE": "0.0", "x": "x", "GOLS VISITANTE": "3.0", "TIME VISITANTE": "CORINTHIANS", "PLACAR": "0x3", "RESULTADO": "VITÓRIA", "ADVERSÁRIO": "REALIDADE JOVEM", "ESTADO ADVERSÁRIO": "SÃO PAULO", "PAÍS ADVERSÁRIO": "BRASIL", "GOLS SCCP": "3.0", "GOLS ADVERSÁRIO": "0.0", "SALDO DE GOLS": "3", "TREINADOR": "LUCAS PICCINATO", "JOGO OFICIAL?": "SIM", "COMPETIÇÃO": "CAMPEONATO PAULISTA / FPF", "FASE": "1ª FASE", "ESTÁDIO": "JOÃO MENDES ATHAYDE", "CAPACIDADE": "4000", "CIDADE": "SÃO JOSÉ DO RIO PRETO ", "ESTADO/PROVÍNCIA": "SÃO PAULO", "PAÍS": "BRASIL", "LATITUDE": -20.814393599785742, "LONGITUDE": -49.419027756392587, "PÚBLICO PAGANTE": "200.0", "PÚBLICO TOTAL": "ND", "RENDA BRUTA (R$)": "0.0", "RENDA LÍQUIDA (R$)": "-3702.0", "TICKET MÉDIO (R$)": "0", "AUTORAS": "IVANA FUSO, JU PASSARI, THAÍS REGINA", "TÍTULO?": "N/A", "OBSERVAÇÕES": null, "ERA": "Depois da reativação" }, "geometry": { "type": "Point", "coordinates": [ -49.419027756392587, -20.814393599785742 ] } },
{ "type": "Feature", "properties": { "DATA": "2025-08-24", "DIA DA SEMANA": "domingo", "DIA DO JOGO": "24.0", "MÊS DO JOGO": "agosto", "ANO JOGO": 2025.0, "ANO COMPETIÇÃO": 2025.0, "MANDANTE / VISITANTE (SCCP)": "Não", "TIME MANDANTE": "SÃO PAULO", "GOLS MANDANTE": "0.0", "x": "x", "GOLS VISITANTE": "2.0", "TIME VISITANTE": "CORINTHIANS", "PLACAR": "0x2", "RESULTADO": "VITÓRIA", "ADVERSÁRIO": "SÃO PAULO", "ESTADO ADVERSÁRIO": "SÃO PAULO", "PAÍS ADVERSÁRIO": "BRASIL", "GOLS SCCP": "2.0", "GOLS ADVERSÁRIO": "0.0", "SALDO DE GOLS": "2", "TREINADOR": "LUCAS PICCINATO", "JOGO OFICIAL?": "SIM", "COMPETIÇÃO": "CAMPEONATO BRASILEIRO", "FASE": "SEMIFINAL", "ESTÁDIO": "PAULO MACHADO DE CARVALHO (MERCADO LIVRE ARENA PACAEMBU)", "CAPACIDADE": "37730", "CIDADE": "SÃO PAULO ", "ESTADO/PROVÍNCIA": "SÃO PAULO", "PAÍS": "BRASIL", "LATITUDE": -23.548265580968636, "LONGITUDE": -46.665377888920851, "PÚBLICO PAGANTE": "3246.0", "PÚBLICO TOTAL": "ND", "RENDA BRUTA (R$)": "41553.3", "RENDA LÍQUIDA (R$)": "-105335.7", "TICKET MÉDIO (R$)": "12.80138632", "AUTORAS": "JAQUELINE, DAY RODRÍGUEZ", "TÍTULO?": "N/A", "OBSERVAÇÕES": null, "ERA": "Depois da reativação" }, "geometry": { "type": "Point", "coordinates": [ -46.665377888920851, -23.548265580968636 ] } },
{ "type": "Feature", "properties": { "DATA": "2025-08-31", "DIA DA SEMANA": "domingo", "DIA DO JOGO": "31.0", "MÊS DO JOGO": "agosto", "ANO JOGO": 2025.0, "ANO COMPETIÇÃO": 2025.0, "MANDANTE / VISITANTE (SCCP)": "Sim", "TIME MANDANTE": "CORINTHIANS", "GOLS MANDANTE": "2.0", "x": "x", "GOLS VISITANTE": "2.0", "TIME VISITANTE": "SÃO PAULO", "PLACAR": "2x2", "RESULTADO": "EMPATE", "ADVERSÁRIO": "SÃO PAULO", "ESTADO ADVERSÁRIO": "SÃO PAULO", "PAÍS ADVERSÁRIO": "BRASIL", "GOLS SCCP": "2.0", "GOLS ADVERSÁRIO": "2.0", "SALDO DE GOLS": "0", "TREINADOR": "LUCAS PICCINATO", "JOGO OFICIAL?": "SIM", "COMPETIÇÃO": "CAMPEONATO BRASILEIRO", "FASE": "SEMIFINAL", "ESTÁDIO": "OSWALDO TEIXEIRA DUARTE (CANINDÉ)", "CAPACIDADE": "21004", "CIDADE": "SÃO PAULO ", "ESTADO/PROVÍNCIA": "SÃO PAULO", "PAÍS": "BRASIL", "LATITUDE": -23.520132719349128, "LONGITUDE": -46.618264502415194, "PÚBLICO PAGANTE": "7807.0", "PÚBLICO TOTAL": "ND", "RENDA BRUTA (R$)": "142631.5", "RENDA LÍQUIDA (R$)": "-7244.91", "TICKET MÉDIO (R$)": "18.26969386", "AUTORAS": "MARIZA, ANDRESSSA ALVES", "TÍTULO?": "N/A", "OBSERVAÇÕES": null, "ERA": "Depois da reativação" }, "geometry": { "type": "Point", "coordinates": [ -46.618264502415194, -23.520132719349128 ] } },
{ "type": "Feature", "properties": { "DATA": "2025-09-04", "DIA DA SEMANA": "quinta-feira", "DIA DO JOGO": "4.0", "MÊS DO JOGO": "setembro", "ANO JOGO": 2025.0, "ANO COMPETIÇÃO": 2025.0, "MANDANTE / VISITANTE (SCCP)": "Não", "TIME MANDANTE": "RED BULL BRAGANTINO", "GOLS MANDANTE": "2.0", "x": "x", "GOLS VISITANTE": "3.0", "TIME VISITANTE": "CORINTHIANS", "PLACAR": "2x3", "RESULTADO": "VITÓRIA", "ADVERSÁRIO": "RED BULL BRAGANTINO", "ESTADO ADVERSÁRIO": "SÃO PAULO", "PAÍS ADVERSÁRIO": "BRASIL", "GOLS SCCP": "3.0", "GOLS ADVERSÁRIO": "2.0", "SALDO DE GOLS": "1", "TREINADOR": "LUCAS PICCINATO", "JOGO OFICIAL?": "SIM", "COMPETIÇÃO": "CAMPEONATO PAULISTA / FPF", "FASE": "1ª FASE", "ESTÁDIO": "CÍCERO DE SOUZA MARQUES", "CAPACIDADE": "12000", "CIDADE": "BRAGANÇA PAULISTA", "ESTADO/PROVÍNCIA": "SÃO PAULO", "PAÍS": "BRASIL", "LATITUDE": -22.950756311294995, "LONGITUDE": -46.530956611408946, "PÚBLICO PAGANTE": "580.0", "PÚBLICO TOTAL": "ND", "RENDA BRUTA (R$)": "0.0", "RENDA LÍQUIDA (R$)": "-75960.15", "TICKET MÉDIO (R$)": "0", "AUTORAS": "LETÍCIA MONTEIRO, ELLEN, ROBLEDO", "TÍTULO?": "N/A", "OBSERVAÇÕES": null, "ERA": "Depois da reativação" }, "geometry": { "type": "Point", "coordinates": [ -46.530956611408946, -22.950756311294995 ] } },
{ "type": "Feature", "properties": { "DATA": "2025-09-07", "DIA DA SEMANA": "domingo", "DIA DO JOGO": "7.0", "MÊS DO JOGO": "setembro", "ANO JOGO": 2025.0, "ANO COMPETIÇÃO": 2025.0, "MANDANTE / VISITANTE (SCCP)": "Não", "TIME MANDANTE": "CRUZEIRO", "GOLS MANDANTE": "2.0", "x": "x", "GOLS VISITANTE": "2.0", "TIME VISITANTE": "CORINTHIANS", "PLACAR": "2x2", "RESULTADO": "EMPATE", "ADVERSÁRIO": "CRUZEIRO", "ESTADO ADVERSÁRIO": "MINAS GERAIS", "PAÍS ADVERSÁRIO": "BRASIL", "GOLS SCCP": "2.0", "GOLS ADVERSÁRIO": "2.0", "SALDO DE GOLS": "0", "TREINADOR": "LUCAS PICCINATO", "JOGO OFICIAL?": "SIM", "COMPETIÇÃO": "CAMPEONATO BRASILEIRO", "FASE": "FINAL", "ESTÁDIO": "RAIMUNDO SAMPAIO (ARENA INDEPENDÊNCIA)", "CAPACIDADE": "23018", "CIDADE": "BELO HORIZONTE", "ESTADO/PROVÍNCIA": "MINAS GERAIS", "PAÍS": "BRASIL", "LATITUDE": -19.90848330206083, "LONGITUDE": -43.91854807059611, "PÚBLICO PAGANTE": "19175.0", "PÚBLICO TOTAL": "ND", "RENDA BRUTA (R$)": "371740.0", "RENDA LÍQUIDA (R$)": "295089.61", "TICKET MÉDIO (R$)": "19.38670143", "AUTORAS": "GI FERNANDES, GABI ZANOTTI", "TÍTULO?": "N/A", "OBSERVAÇÕES": null, "ERA": "Depois da reativação" }, "geometry": { "type": "Point", "coordinates": [ -43.91854807059611, -19.90848330206083 ] } },
{ "type": "Feature", "properties": { "DATA": "2025-09-14", "DIA DA SEMANA": "domingo", "DIA DO JOGO": "14.0", "MÊS DO JOGO": "setembro", "ANO JOGO": 2025.0, "ANO COMPETIÇÃO": 2025.0, "MANDANTE / VISITANTE (SCCP)": "Sim", "TIME MANDANTE": "CORINTHIANS", "GOLS MANDANTE": "1.0", "x": "x", "GOLS VISITANTE": "0.0", "TIME VISITANTE": "CRUZEIRO", "PLACAR": "1x0", "RESULTADO": "VITÓRIA", "ADVERSÁRIO": "CRUZEIRO", "ESTADO ADVERSÁRIO": "MINAS GERAIS", "PAÍS ADVERSÁRIO": "BRASIL", "GOLS SCCP": "1.0", "GOLS ADVERSÁRIO": "0.0", "SALDO DE GOLS": "1", "TREINADOR": "LUCAS PICCINATO", "JOGO OFICIAL?": "SIM", "COMPETIÇÃO": "CAMPEONATO BRASILEIRO", "FASE": "FINAL", "ESTÁDIO": "NEO QUÍMICA ARENA (ARENA CORINTHIANS)", "CAPACIDADE": "48905", "CIDADE": "SÃO PAULO ", "ESTADO/PROVÍNCIA": "SÃO PAULO", "PAÍS": "BRASIL", "LATITUDE": -23.545141276878514, "LONGITUDE": -46.473682029403896, "PÚBLICO PAGANTE": "40727.0", "PÚBLICO TOTAL": "41130.0", "RENDA BRUTA (R$)": "1237699.0", "RENDA LÍQUIDA (R$)": "567785.43", "TICKET MÉDIO (R$)": "30.39013431", "AUTORAS": "THAÍS FERREIRA", "TÍTULO?": "CAMPEONATO BRASILEIRO", "OBSERVAÇÕES": "Corinthians campeão do Campeonato Brasileiro 2025 (7º título)", "ERA": "Depois da reativação" }, "geometry": { "type": "Point", "coordinates": [ -46.473682029403896, -23.545141276878514 ] } },
{ "type": "Feature", "properties": { "DATA": "2025-09-17", "DIA DA SEMANA": "quarta-feira", "DIA DO JOGO": "17.0", "MÊS DO JOGO": "setembro", "ANO JOGO": 2025.0, "ANO COMPETIÇÃO": 2025.0, "MANDANTE / VISITANTE (SCCP)": "Sim", "TIME MANDANTE": "CORINTHIANS", "GOLS MANDANTE": "3.0", "x": "x", "GOLS VISITANTE": "0.0", "TIME VISITANTE": "JUVENTUDE", "PLACAR": "3x0", "RESULTADO": "VITÓRIA", "ADVERSÁRIO": "JUVENTUDE", "ESTADO ADVERSÁRIO": "RIO GRANDE DO SUL", "PAÍS ADVERSÁRIO": "BRASIL", "GOLS SCCP": "3.0", "GOLS ADVERSÁRIO": "0.0", "SALDO DE GOLS": "3", "TREINADOR": "LUCAS PICCINATO", "JOGO OFICIAL?": "SIM", "COMPETIÇÃO": "COPA DO BRASIL", "FASE": "OITAVAS DE FINAL", "ESTÁDIO": "ALFREDO SCHÜRIG (PARQUE SÃO JORGE / FAZENDINHA)", "CAPACIDADE": "9800", "CIDADE": "SÃO PAULO ", "ESTADO/PROVÍNCIA": "SÃO PAULO", "PAÍS": "BRASIL", "LATITUDE": -23.526659630812546, "LONGITUDE": -46.569480895169598, "PÚBLICO PAGANTE": "3806.0", "PÚBLICO TOTAL": "277.0", "RENDA BRUTA (R$)": "58818.5", "RENDA LÍQUIDA (R$)": "22648.14", "TICKET MÉDIO (R$)": "15.45415134", "AUTORAS": "VIC ALBUQUERQUE, ARIEL GODOI, ROBLEDO", "TÍTULO?": "N/A", "OBSERVAÇÕES": null, "ERA": "Depois da reativação" }, "geometry": { "type": "Point", "coordinates": [ -46.569480895169598, -23.526659630812546 ] } },
{ "type": "Feature", "properties": { "DATA": "2025-09-20", "DIA DA SEMANA": "sábado", "DIA DO JOGO": "20.0", "MÊS DO JOGO": "setembro", "ANO JOGO": 2025.0, "ANO COMPETIÇÃO": 2025.0, "MANDANTE / VISITANTE (SCCP)": "Sim", "TIME MANDANTE": "CORINTHIANS", "GOLS MANDANTE": "1.0", "x": "x", "GOLS VISITANTE": "0.0", "TIME VISITANTE": "SANTOS", "PLACAR": "1x0", "RESULTADO": "VITÓRIA", "ADVERSÁRIO": "SANTOS", "ESTADO ADVERSÁRIO": "SÃO PAULO", "PAÍS ADVERSÁRIO": "BRASIL", "GOLS SCCP": "1.0", "GOLS ADVERSÁRIO": "0.0", "SALDO DE GOLS": "1", "TREINADOR": "LUCAS PICCINATO", "JOGO OFICIAL?": "SIM", "COMPETIÇÃO": "CAMPEONATO PAULISTA / FPF", "FASE": "1ª FASE", "ESTÁDIO": "ALFREDO SCHÜRIG (PARQUE SÃO JORGE / FAZENDINHA)", "CAPACIDADE": "9800", "CIDADE": "SÃO PAULO ", "ESTADO/PROVÍNCIA": "SÃO PAULO", "PAÍS": "BRASIL", "LATITUDE": -23.526659630812546, "LONGITUDE": -46.569480895169598, "PÚBLICO PAGANTE": "4934.0", "PÚBLICO TOTAL": "637.0", "RENDA BRUTA (R$)": "79935.5", "RENDA LÍQUIDA (R$)": "57911.87", "TICKET MÉDIO (R$)": "16.20095257", "AUTORAS": "JAQUELINE", "TÍTULO?": "N/A", "OBSERVAÇÕES": null, "ERA": "Depois da reativação" }, "geometry": { "type": "Point", "coordinates": [ -46.569480895169598, -23.526659630812546 ] } },
{ "type": "Feature", "properties": { "DATA": "2025-09-24", "DIA DA SEMANA": "quarta-feira", "DIA DO JOGO": "24.0", "MÊS DO JOGO": "setembro", "ANO JOGO": 2025.0, "ANO COMPETIÇÃO": 2025.0, "MANDANTE / VISITANTE (SCCP)": "Não", "TIME MANDANTE": "SÃO PAULO", "GOLS MANDANTE": "3.0", "x": "x", "GOLS VISITANTE": "1.0", "TIME VISITANTE": "CORINTHIANS", "PLACAR": "3x1", "RESULTADO": "DERROTA", "ADVERSÁRIO": "SÃO PAULO", "ESTADO ADVERSÁRIO": "SÃO PAULO", "PAÍS ADVERSÁRIO": "BRASIL", "GOLS SCCP": "1.0", "GOLS ADVERSÁRIO": "3.0", "SALDO DE GOLS": "-2", "TREINADOR": "LUCAS PICCINATO", "JOGO OFICIAL?": "SIM", "COMPETIÇÃO": "COPA DO BRASIL", "FASE": "QUARTAS DE FINAL", "ESTÁDIO": "PREFEITO GABRIEL MARQUES DA SILVA", "CAPACIDADE": "7000", "CIDADE": "SANTANA DE PARNAÍBA", "ESTADO/PROVÍNCIA": "SÃO PAULO", "PAÍS": "BRASIL", "LATITUDE": -23.439125511761116, "LONGITUDE": -46.917716173579983, "PÚBLICO PAGANTE": "297.0", "PÚBLICO TOTAL": "ND", "RENDA BRUTA (R$)": "0.0", "RENDA LÍQUIDA (R$)": "-40275.12", "TICKET MÉDIO (R$)": "0", "AUTORAS": "VIC ALBUQUERQUE", "TÍTULO?": "N/A", "OBSERVAÇÕES": "Corinthians 8º colocado da Copa do Brasil 2025", "ERA": "Depois da reativação" }, "geometry": { "type": "Point", "coordinates": [ -46.917716173579983, -23.439125511761116 ] } },
{ "type": "Feature", "properties": { "DATA": "2025-09-27", "DIA DA SEMANA": "sábado", "DIA DO JOGO": "27.0", "MÊS DO JOGO": "setembro", "ANO JOGO": 2025.0, "ANO COMPETIÇÃO": 2025.0, "MANDANTE / VISITANTE (SCCP)": "Não", "TIME MANDANTE": "TAUBATÉ", "GOLS MANDANTE": "0.0", "x": "x", "GOLS VISITANTE": "3.0", "TIME VISITANTE": "CORINTHIANS", "PLACAR": "0x3", "RESULTADO": "VITÓRIA", "ADVERSÁRIO": "TAUBATÉ", "ESTADO ADVERSÁRIO": "SÃO PAULO", "PAÍS ADVERSÁRIO": "BRASIL", "GOLS SCCP": "3.0", "GOLS ADVERSÁRIO": "0.0", "SALDO DE GOLS": "3", "TREINADOR": "LUCAS PICCINATO", "JOGO OFICIAL?": "SIM", "COMPETIÇÃO": "CAMPEONATO PAULISTA / FPF", "FASE": "1ª FASE", "ESTÁDIO": "JOAQUIM DE MORAIS FILHO (JOAQUINZÃO)", "CAPACIDADE": "9600", "CIDADE": "TAUBATÉ ", "ESTADO/PROVÍNCIA": "SÃO PAULO", "PAÍS": "BRASIL", "LATITUDE": -23.027800963309272, "LONGITUDE": -45.56983161590955, "PÚBLICO PAGANTE": "250.0", "PÚBLICO TOTAL": "ND", "RENDA BRUTA (R$)": "0.0", "RENDA LÍQUIDA (R$)": "-5642.5", "TICKET MÉDIO (R$)": "0", "AUTORAS": "JULIETE, IVANA FUSO, ARIEL GODOI", "TÍTULO?": "N/A", "OBSERVAÇÕES": null, "ERA": "Depois da reativação" }, "geometry": { "type": "Point", "coordinates": [ -45.56983161590955, -23.027800963309272 ] } },
{ "type": "Feature", "properties": { "DATA": "2025-10-02", "DIA DA SEMANA": "quinta-feira", "DIA DO JOGO": "2.0", "MÊS DO JOGO": "outubro", "ANO JOGO": 2025.0, "ANO COMPETIÇÃO": 2025.0, "MANDANTE / VISITANTE (SCCP)": "Neutro", "TIME MANDANTE": "CORINTHIANS", "GOLS MANDANTE": "1.0", "x": "x", "GOLS VISITANTE": "1.0", "TIME VISITANTE": "DRAGONAS INDEPENDIENTE DEL VALLE (EQU)", "PLACAR": "1x1", "RESULTADO": "EMPATE", "ADVERSÁRIO": "DRAGONAS INDEPENDIENTE DEL VALLE (EQU)", "ESTADO ADVERSÁRIO": "N/A (ESTRANGEIRO)", "PAÍS ADVERSÁRIO": "EQUADOR", "GOLS SCCP": "1.0", "GOLS ADVERSÁRIO": "1.0", "SALDO DE GOLS": "0", "TREINADOR": "LUCAS PICCINATO", "JOGO OFICIAL?": "SIM", "COMPETIÇÃO": "COPA LIBERTADORES", "FASE": "FASE DE GRUPOS", "ESTÁDIO": "FLORENCIO SOLA", "CAPACIDADE": "35000", "CIDADE": "LOMAS DE ZAMORA", "ESTADO/PROVÍNCIA": "BUENOS AIRES", "PAÍS": "ARGENTINA", "LATITUDE": -34.750531335056031, "LONGITUDE": -58.387661248437816, "PÚBLICO PAGANTE": "184.0", "PÚBLICO TOTAL": "ND", "RENDA BRUTA (R$)": "ND", "RENDA LÍQUIDA (R$)": "ND", "TICKET MÉDIO (R$)": "ND", "AUTORAS": "GABI ZANOTTI", "TÍTULO?": "N/A", "OBSERVAÇÕES": null, "ERA": "Depois da reativação" }, "geometry": { "type": "Point", "coordinates": [ -58.387661248437816, -34.750531335056031 ] } },
{ "type": "Feature", "properties": { "DATA": "2025-10-05", "DIA DA SEMANA": "domingo", "DIA DO JOGO": "5.0", "MÊS DO JOGO": "outubro", "ANO JOGO": 2025.0, "ANO COMPETIÇÃO": 2025.0, "MANDANTE / VISITANTE (SCCP)": "Neutro", "TIME MANDANTE": "CORINTHIANS", "GOLS MANDANTE": "11.0", "x": "x", "GOLS VISITANTE": "0.0", "TIME VISITANTE": "ALWAYS READY (BOL)", "PLACAR": "11x0", "RESULTADO": "VITÓRIA", "ADVERSÁRIO": "ALWAYS READY (BOL)", "ESTADO ADVERSÁRIO": "N/A (ESTRANGEIRO)", "PAÍS ADVERSÁRIO": "BOLÍVIA", "GOLS SCCP": "11.0", "GOLS ADVERSÁRIO": "0.0", "SALDO DE GOLS": "11", "TREINADOR": "LUCAS PICCINATO", "JOGO OFICIAL?": "SIM", "COMPETIÇÃO": "COPA LIBERTADORES", "FASE": "FASE DE GRUPOS", "ESTÁDIO": "NUEVO FRANCISCO URBANO", "CAPACIDADE": "32000", "CIDADE": "MORÓN", "ESTADO/PROVÍNCIA": "BUENOS AIRES", "PAÍS": "ARGENTINA", "LATITUDE": -34.661687417932058, "LONGITUDE": -58.630843446591278, "PÚBLICO PAGANTE": "91.0", "PÚBLICO TOTAL": "ND", "RENDA BRUTA (R$)": "ND", "RENDA LÍQUIDA (R$)": "ND", "TICKET MÉDIO (R$)": "ND", "AUTORAS": "ARIEL GODOI, THAÍS REGINA, DAY RODRÍGUEZ, LETÍCIA MONTEIRO, GABI ZANOTTI, LETÍCIA MONTEIRO, ARIEL GODOI, THAÍS REGINA, DUDA SAMPAIO, GI FERNANDES, JHONSON", "TÍTULO?": "N/A", "OBSERVAÇÕES": null, "ERA": "Depois da reativação" }, "geometry": { "type": "Point", "coordinates": [ -58.630843446591278, -34.661687417932058 ] } },
{ "type": "Feature", "properties": { "DATA": "2025-10-08", "DIA DA SEMANA": "quarta-feira", "DIA DO JOGO": "8.0", "MÊS DO JOGO": "outubro", "ANO JOGO": 2025.0, "ANO COMPETIÇÃO": 2025.0, "MANDANTE / VISITANTE (SCCP)": "Neutro", "TIME MANDANTE": "INDEPENDIENTE SANTA FE (COL)", "GOLS MANDANTE": "0.0", "x": "x", "GOLS VISITANTE": "1.0", "TIME VISITANTE": "CORINTHIANS", "PLACAR": "0x1", "RESULTADO": "VITÓRIA", "ADVERSÁRIO": "INDEPENDIENTE SANTA FE (COL)", "ESTADO ADVERSÁRIO": "N/A (ESTRANGEIRO)", "PAÍS ADVERSÁRIO": "COLÔMBIA", "GOLS SCCP": "1.0", "GOLS ADVERSÁRIO": "0.0", "SALDO DE GOLS": "1", "TREINADOR": "LUCAS PICCINATO", "JOGO OFICIAL?": "SIM", "COMPETIÇÃO": "COPA LIBERTADORES", "FASE": "FASE DE GRUPOS", "ESTÁDIO": "FLORENCIO SOLA", "CAPACIDADE": "35000", "CIDADE": "LOMAS DE ZAMORA", "ESTADO/PROVÍNCIA": "BUENOS AIRES", "PAÍS": "ARGENTINA", "LATITUDE": -34.750531335056031, "LONGITUDE": -58.387661248437816, "PÚBLICO PAGANTE": "151.0", "PÚBLICO TOTAL": "ND", "RENDA BRUTA (R$)": "ND", "RENDA LÍQUIDA (R$)": "ND", "TICKET MÉDIO (R$)": "ND", "AUTORAS": "GABI ZANOTTI", "TÍTULO?": "N/A", "OBSERVAÇÕES": null, "ERA": "Depois da reativação" }, "geometry": { "type": "Point", "coordinates": [ -58.387661248437816, -34.750531335056031 ] } },
{ "type": "Feature", "properties": { "DATA": "2025-10-11", "DIA DA SEMANA": "sábado", "DIA DO JOGO": "11.0", "MÊS DO JOGO": "outubro", "ANO JOGO": 2025.0, "ANO COMPETIÇÃO": 2025.0, "MANDANTE / VISITANTE (SCCP)": "Neutro", "TIME MANDANTE": "CORINTHIANS", "GOLS MANDANTE": "4.0", "x": "x", "GOLS VISITANTE": "0.0", "TIME VISITANTE": "BOCA JUNIORS (ARG)", "PLACAR": "4x0", "RESULTADO": "VITÓRIA", "ADVERSÁRIO": "BOCA JUNIORS (ARG)", "ESTADO ADVERSÁRIO": "N/A (ESTRANGEIRO)", "PAÍS ADVERSÁRIO": "ARGENTINA", "GOLS SCCP": "4.0", "GOLS ADVERSÁRIO": "0.0", "SALDO DE GOLS": "4", "TREINADOR": "LUCAS PICCINATO", "JOGO OFICIAL?": "SIM", "COMPETIÇÃO": "COPA LIBERTADORES", "FASE": "QUARTAS DE FINAL", "ESTÁDIO": "NUEVO FRANCISCO URBANO", "CAPACIDADE": "32000", "CIDADE": "MORÓN", "ESTADO/PROVÍNCIA": "BUENOS AIRES", "PAÍS": "ARGENTINA", "LATITUDE": -34.661687417932058, "LONGITUDE": -58.630843446591278, "PÚBLICO PAGANTE": "1415.0", "PÚBLICO TOTAL": "ND", "RENDA BRUTA (R$)": "ND", "RENDA LÍQUIDA (R$)": "ND", "TICKET MÉDIO (R$)": "ND", "AUTORAS": "GABI ZANOTTI, GABI ZANOTTI, GABI ZANOTTI, JHONSON", "TÍTULO?": "N/A", "OBSERVAÇÕES": null, "ERA": "Depois da reativação" }, "geometry": { "type": "Point", "coordinates": [ -58.630843446591278, -34.661687417932058 ] } },
{ "type": "Feature", "properties": { "DATA": "2025-10-15", "DIA DA SEMANA": "quarta-feira", "DIA DO JOGO": "15.0", "MÊS DO JOGO": "outubro", "ANO JOGO": 2025.0, "ANO COMPETIÇÃO": 2025.0, "MANDANTE / VISITANTE (SCCP)": "Neutro", "TIME MANDANTE": "CORINTHIANS", "GOLS MANDANTE": "1.0", "x": "x", "GOLS VISITANTE": "1.0", "TIME VISITANTE": "FERROVIÁRIA", "PLACAR": "1x1", "RESULTADO": "EMPATE", "ADVERSÁRIO": "FERROVIÁRIA", "ESTADO ADVERSÁRIO": "SÃO PAULO", "PAÍS ADVERSÁRIO": "BRASIL", "GOLS SCCP": "1.0", "GOLS ADVERSÁRIO": "1.0", "SALDO DE GOLS": "0", "TREINADOR": "LUCAS PICCINATO", "JOGO OFICIAL?": "SIM", "COMPETIÇÃO": "COPA LIBERTADORES", "FASE": "SEMIFINAL", "ESTÁDIO": "FLORENCIO SOLA", "CAPACIDADE": "35000", "CIDADE": "LOMAS DE ZAMORA", "ESTADO/PROVÍNCIA": "BUENOS AIRES", "PAÍS": "ARGENTINA", "LATITUDE": -34.750531335056031, "LONGITUDE": -58.387661248437816, "PÚBLICO PAGANTE": "126.0", "PÚBLICO TOTAL": "ND", "RENDA BRUTA (R$)": "ND", "RENDA LÍQUIDA (R$)": "ND", "TICKET MÉDIO (R$)": "ND", "AUTORAS": "MARIZA", "TÍTULO?": "N/A", "OBSERVAÇÕES": "Vitória nos pênaltis por 6 x 5", "ERA": "Depois da reativação" }, "geometry": { "type": "Point", "coordinates": [ -58.387661248437816, -34.750531335056031 ] } },
{ "type": "Feature", "properties": { "DATA": "2025-10-18", "DIA DA SEMANA": "sábado", "DIA DO JOGO": "18.0", "MÊS DO JOGO": "outubro", "ANO JOGO": 2025.0, "ANO COMPETIÇÃO": 2025.0, "MANDANTE / VISITANTE (SCCP)": "Neutro", "TIME MANDANTE": "CORINTHIANS", "GOLS MANDANTE": "0.0", "x": "x", "GOLS VISITANTE": "0.0", "TIME VISITANTE": "DEPORTIVO CALI (COL)", "PLACAR": "0x0", "RESULTADO": "EMPATE", "ADVERSÁRIO": "DEPORTIVO CALI (COL)", "ESTADO ADVERSÁRIO": "N/A (ESTRANGEIRO)", "PAÍS ADVERSÁRIO": "COLÔMBIA", "GOLS SCCP": "0.0", "GOLS ADVERSÁRIO": "0.0", "SALDO DE GOLS": "0", "TREINADOR": "LUCAS PICCINATO", "JOGO OFICIAL?": "SIM", "COMPETIÇÃO": "COPA LIBERTADORES", "FASE": "FINAL", "ESTÁDIO": "FLORENCIO SOLA", "CAPACIDADE": "35000", "CIDADE": "LOMAS DE ZAMORA", "ESTADO/PROVÍNCIA": "BUENOS AIRES", "PAÍS": "ARGENTINA", "LATITUDE": -34.750531335056031, "LONGITUDE": -58.387661248437816, "PÚBLICO PAGANTE": "1980.0", "PÚBLICO TOTAL": "ND", "RENDA BRUTA (R$)": "ND", "RENDA LÍQUIDA (R$)": "ND", "TICKET MÉDIO (R$)": "ND", "AUTORAS": null, "TÍTULO?": "COPA LIBERTADORES", "OBSERVAÇÕES": "Vitória nos pênaltis por 5 x 3 / Corinthians campeão da Copa Libertadores 2025 (6º título)", "ERA": "Depois da reativação" }, "geometry": { "type": "Point", "coordinates": [ -58.387661248437816, -34.750531335056031 ] } },
{ "type": "Feature", "properties": { "DATA": "2025-11-01", "DIA DA SEMANA": "sábado", "DIA DO JOGO": "1.0", "MÊS DO JOGO": "novembro", "ANO JOGO": 2025.0, "ANO COMPETIÇÃO": 2025.0, "MANDANTE / VISITANTE (SCCP)": "Sim", "TIME MANDANTE": "CORINTHIANS", "GOLS MANDANTE": "3.0", "x": "x", "GOLS VISITANTE": "1.0", "TIME VISITANTE": "SÃO PAULO", "PLACAR": "3x1", "RESULTADO": "VITÓRIA", "ADVERSÁRIO": "SÃO PAULO", "ESTADO ADVERSÁRIO": "SÃO PAULO", "PAÍS ADVERSÁRIO": "BRASIL", "GOLS SCCP": "3.0", "GOLS ADVERSÁRIO": "1.0", "SALDO DE GOLS": "2", "TREINADOR": "LUCAS PICCINATO", "JOGO OFICIAL?": "SIM", "COMPETIÇÃO": "CAMPEONATO PAULISTA / FPF", "FASE": "1ª FASE", "ESTÁDIO": "ALFREDO SCHÜRIG (PARQUE SÃO JORGE / FAZENDINHA)", "CAPACIDADE": "9800", "CIDADE": "SÃO PAULO ", "ESTADO/PROVÍNCIA": "SÃO PAULO", "PAÍS": "BRASIL", "LATITUDE": -23.526659630812546, "LONGITUDE": -46.569480895169598, "PÚBLICO PAGANTE": "5707.0", "PÚBLICO TOTAL": "635.0", "RENDA BRUTA (R$)": "95306.0", "RENDA LÍQUIDA (R$)": "68421.31", "TICKET MÉDIO (R$)": "16.6998423", "AUTORAS": "JHONSON, TAMIRES, THAÍS REGINA", "TÍTULO?": "N/A", "OBSERVAÇÕES": null, "ERA": "Depois da reativação" }, "geometry": { "type": "Point", "coordinates": [ -46.569480895169598, -23.526659630812546 ] } },
{ "type": "Feature", "properties": { "DATA": "2025-11-10", "DIA DA SEMANA": "segunda-feira", "DIA DO JOGO": "10.0", "MÊS DO JOGO": "novembro", "ANO JOGO": 2025.0, "ANO COMPETIÇÃO": 2025.0, "MANDANTE / VISITANTE (SCCP)": "Não", "TIME MANDANTE": "PALMEIRAS", "GOLS MANDANTE": "0.0", "x": "x", "GOLS VISITANTE": "0.0", "TIME VISITANTE": "CORINTHIANS", "PLACAR": "0x0", "RESULTADO": "EMPATE", "ADVERSÁRIO": "PALMEIRAS", "ESTADO ADVERSÁRIO": "SÃO PAULO", "PAÍS ADVERSÁRIO": "BRASIL", "GOLS SCCP": "0.0", "GOLS ADVERSÁRIO": "0.0", "SALDO DE GOLS": "0", "TREINADOR": "LUCAS PICCINATO", "JOGO OFICIAL?": "SIM", "COMPETIÇÃO": "CAMPEONATO PAULISTA / FPF", "FASE": "1ª FASE", "ESTÁDIO": "ORLANDO BATISTA NOVELI (ARENA BARUERI / CREFISA)", "CAPACIDADE": "31452", "CIDADE": "BARUERI ", "ESTADO/PROVÍNCIA": "SÃO PAULO", "PAÍS": "BRASIL", "LATITUDE": -23.511935566878485, "LONGITUDE": -46.899810331250407, "PÚBLICO PAGANTE": "372.0", "PÚBLICO TOTAL": "ND", "RENDA BRUTA (R$)": "0.0", "RENDA LÍQUIDA (R$)": "-24028.34", "TICKET MÉDIO (R$)": "0", "AUTORAS": null, "TÍTULO?": "N/A", "OBSERVAÇÕES": null, "ERA": "Depois da reativação" }, "geometry": { "type": "Point", "coordinates": [ -46.899810331250407, -23.511935566878485 ] } },
{ "type": "Feature", "properties": { "DATA": "2025-11-13", "DIA DA SEMANA": "quinta-feira", "DIA DO JOGO": "13.0", "MÊS DO JOGO": "novembro", "ANO JOGO": 2025.0, "ANO COMPETIÇÃO": 2025.0, "MANDANTE / VISITANTE (SCCP)": "Não", "TIME MANDANTE": "FERROVIÁRIA", "GOLS MANDANTE": "0.0", "x": "x", "GOLS VISITANTE": "0.0", "TIME VISITANTE": "CORINTHIANS", "PLACAR": "0x0", "RESULTADO": "EMPATE", "ADVERSÁRIO": "FERROVIÁRIA", "ESTADO ADVERSÁRIO": "SÃO PAULO", "PAÍS ADVERSÁRIO": "BRASIL", "GOLS SCCP": "0.0", "GOLS ADVERSÁRIO": "0.0", "SALDO DE GOLS": "0", "TREINADOR": "LUCAS PICCINATO", "JOGO OFICIAL?": "SIM", "COMPETIÇÃO": "CAMPEONATO PAULISTA / FPF", "FASE": "1ª FASE", "ESTÁDIO": "OLIVÉRIO BAZZANI FILHO (ARENA DA FONTE LUMINOSA)", "CAPACIDADE": "20205", "CIDADE": "ARARAQUARA ", "ESTADO/PROVÍNCIA": "SÃO PAULO", "PAÍS": "BRASIL", "LATITUDE": -21.775035435893585, "LONGITUDE": -48.169600583381282, "PÚBLICO PAGANTE": "669.0", "PÚBLICO TOTAL": "ND", "RENDA BRUTA (R$)": "4850.0", "RENDA LÍQUIDA (R$)": "-9941.59", "TICKET MÉDIO (R$)": "7.249626308", "AUTORAS": null, "TÍTULO?": "N/A", "OBSERVAÇÕES": null, "ERA": "Depois da reativação" }, "geometry": { "type": "Point", "coordinates": [ -48.169600583381282, -21.775035435893585 ] } },
{ "type": "Feature", "properties": { "DATA": "2025-11-16", "DIA DA SEMANA": "domingo", "DIA DO JOGO": "16.0", "MÊS DO JOGO": "novembro", "ANO JOGO": 2025.0, "ANO COMPETIÇÃO": 2025.0, "MANDANTE / VISITANTE (SCCP)": "Sim", "TIME MANDANTE": "CORINTHIANS", "GOLS MANDANTE": "3.0", "x": "x", "GOLS VISITANTE": "0.0", "TIME VISITANTE": "REALIDADE JOVEM", "PLACAR": "3x0", "RESULTADO": "VITÓRIA", "ADVERSÁRIO": "REALIDADE JOVEM", "ESTADO ADVERSÁRIO": "SÃO PAULO", "PAÍS ADVERSÁRIO": "BRASIL", "GOLS SCCP": "3.0", "GOLS ADVERSÁRIO": "0.0", "SALDO DE GOLS": "3", "TREINADOR": "LUCAS PICCINATO", "JOGO OFICIAL?": "SIM", "COMPETIÇÃO": "CAMPEONATO PAULISTA / FPF", "FASE": "1ª FASE", "ESTÁDIO": "PREFEITO JOSÉ LIBERATTI (ROCHDALÃO)", "CAPACIDADE": "11780", "CIDADE": "OSASCO ", "ESTADO/PROVÍNCIA": "SÃO PAULO", "PAÍS": "BRASIL", "LATITUDE": -23.51198315274678, "LONGITUDE": -46.775554302415202, "PÚBLICO PAGANTE": "3560.0", "PÚBLICO TOTAL": "ND", "RENDA BRUTA (R$)": "51522.5", "RENDA LÍQUIDA (R$)": "27881.02", "TICKET MÉDIO (R$)": "14.47261236", "AUTORAS": "LETÍCIA MONTEIRO, IVANA FUSO, EUDIMILLA", "TÍTULO?": "N/A", "OBSERVAÇÕES": null, "ERA": "Depois da reativação" }, "geometry": { "type": "Point", "coordinates": [ -46.775554302415202, -23.51198315274678 ] } },
{ "type": "Feature", "properties": { "DATA": "2025-11-22", "DIA DA SEMANA": "sábado", "DIA DO JOGO": "22.0", "MÊS DO JOGO": "novembro", "ANO JOGO": 2025.0, "ANO COMPETIÇÃO": 2025.0, "MANDANTE / VISITANTE (SCCP)": "Não", "TIME MANDANTE": "SÃO PAULO", "GOLS MANDANTE": "1.0", "x": "x", "GOLS VISITANTE": "2.0", "TIME VISITANTE": "CORINTHIANS", "PLACAR": "1x2", "RESULTADO": "VITÓRIA", "ADVERSÁRIO": "SÃO PAULO", "ESTADO ADVERSÁRIO": "SÃO PAULO", "PAÍS ADVERSÁRIO": "BRASIL", "GOLS SCCP": "2.0", "GOLS ADVERSÁRIO": "1.0", "SALDO DE GOLS": "1", "TREINADOR": "LUCAS PICCINATO", "JOGO OFICIAL?": "SIM", "COMPETIÇÃO": "CAMPEONATO PAULISTA / FPF", "FASE": "SEMIFINAL", "ESTÁDIO": "ORLANDO BATISTA NOVELI (ARENA BARUERI / CREFISA)", "CAPACIDADE": "31452", "CIDADE": "BARUERI ", "ESTADO/PROVÍNCIA": "SÃO PAULO", "PAÍS": "BRASIL", "LATITUDE": -23.511935566878485, "LONGITUDE": -46.899810331250407, "PÚBLICO PAGANTE": "238.0", "PÚBLICO TOTAL": "ND", "RENDA BRUTA (R$)": "0.0", "RENDA LÍQUIDA (R$)": "-76192.92", "TICKET MÉDIO (R$)": "0", "AUTORAS": "JHONSON, JHONSON", "TÍTULO?": "N/A", "OBSERVAÇÕES": null, "ERA": "Depois da reativação" }, "geometry": { "type": "Point", "coordinates": [ -46.899810331250407, -23.511935566878485 ] } },
{ "type": "Feature", "properties": { "DATA": "2025-12-04", "DIA DA SEMANA": "quinta-feira", "DIA DO JOGO": "4.0", "MÊS DO JOGO": "dezembro", "ANO JOGO": 2025.0, "ANO COMPETIÇÃO": 2025.0, "MANDANTE / VISITANTE (SCCP)": "Sim", "TIME MANDANTE": "CORINTHIANS", "GOLS MANDANTE": "2.0", "x": "x", "GOLS VISITANTE": "1.0", "TIME VISITANTE": "SÃO PAULO", "PLACAR": "2x1", "RESULTADO": "VITÓRIA", "ADVERSÁRIO": "SÃO PAULO", "ESTADO ADVERSÁRIO": "SÃO PAULO", "PAÍS ADVERSÁRIO": "BRASIL", "GOLS SCCP": "2.0", "GOLS ADVERSÁRIO": "1.0", "SALDO DE GOLS": "1", "TREINADOR": "LUCAS PICCINATO", "JOGO OFICIAL?": "SIM", "COMPETIÇÃO": "CAMPEONATO PAULISTA / FPF", "FASE": "SEMIFINAL", "ESTÁDIO": "NEO QUÍMICA ARENA (ARENA CORINTHIANS)", "CAPACIDADE": "48905", "CIDADE": "SÃO PAULO ", "ESTADO/PROVÍNCIA": "SÃO PAULO", "PAÍS": "BRASIL", "LATITUDE": -23.545141276878514, "LONGITUDE": -46.473682029403896, "PÚBLICO PAGANTE": "8077.0", "PÚBLICO TOTAL": "8203.0", "RENDA BRUTA (R$)": "197186.0", "RENDA LÍQUIDA (R$)": "-5661.94", "TICKET MÉDIO (R$)": "24.41327225", "AUTORAS": "DUDA SAMPAIO, JAQUELINE", "TÍTULO?": "N/A", "OBSERVAÇÕES": null, "ERA": "Depois da reativação" }, "geometry": { "type": "Point", "coordinates": [ -46.473682029403896, -23.545141276878514 ] } },
{ "type": "Feature", "properties": { "DATA": "2025-12-07", "DIA DA SEMANA": "domingo", "DIA DO JOGO": "7.0", "MÊS DO JOGO": "dezembro", "ANO JOGO": 2025.0, "ANO COMPETIÇÃO": 2025.0, "MANDANTE / VISITANTE (SCCP)": "Não", "TIME MANDANTE": "PALMEIRAS", "GOLS MANDANTE": "5.0", "x": "x", "GOLS VISITANTE": "1.0", "TIME VISITANTE": "CORINTHIANS", "PLACAR": "5x1", "RESULTADO": "DERROTA", "ADVERSÁRIO": "PALMEIRAS", "ESTADO ADVERSÁRIO": "SÃO PAULO", "PAÍS ADVERSÁRIO": "BRASIL", "GOLS SCCP": "1.0", "GOLS ADVERSÁRIO": "5.0", "SALDO DE GOLS": "-4", "TREINADOR": "LUCAS PICCINATO", "JOGO OFICIAL?": "SIM", "COMPETIÇÃO": "CAMPEONATO PAULISTA / FPF", "FASE": "FINAL", "ESTÁDIO": "ORLANDO BATISTA NOVELI (ARENA BARUERI / CREFISA)", "CAPACIDADE": "31452", "CIDADE": "BARUERI ", "ESTADO/PROVÍNCIA": "SÃO PAULO", "PAÍS": "BRASIL", "LATITUDE": -23.511935566878485, "LONGITUDE": -46.899810331250407, "PÚBLICO PAGANTE": "1492.0", "PÚBLICO TOTAL": "ND", "RENDA BRUTA (R$)": "0.0", "RENDA LÍQUIDA (R$)": "0.0", "TICKET MÉDIO (R$)": "0", "AUTORAS": "CONTRA", "TÍTULO?": "N/A", "OBSERVAÇÕES": null, "ERA": "Depois da reativação" }, "geometry": { "type": "Point", "coordinates": [ -46.899810331250407, -23.511935566878485 ] } },
{ "type": "Feature", "properties": { "DATA": "2025-12-14", "DIA DA SEMANA": "domingo", "DIA DO JOGO": "14.0", "MÊS DO JOGO": "dezembro", "ANO JOGO": 2025.0, "ANO COMPETIÇÃO": 2025.0, "MANDANTE / VISITANTE (SCCP)": "Sim", "TIME MANDANTE": "CORINTHIANS", "GOLS MANDANTE": "1.0", "x": "x", "GOLS VISITANTE": "0.0", "TIME VISITANTE": "PALMEIRAS", "PLACAR": "1x0", "RESULTADO": "VITÓRIA", "ADVERSÁRIO": "PALMEIRAS", "ESTADO ADVERSÁRIO": "SÃO PAULO", "PAÍS ADVERSÁRIO": "BRASIL", "GOLS SCCP": "1.0", "GOLS ADVERSÁRIO": "0.0", "SALDO DE GOLS": "1", "TREINADOR": "LUCAS PICCINATO", "JOGO OFICIAL?": "SIM", "COMPETIÇÃO": "CAMPEONATO PAULISTA / FPF", "FASE": "FINAL", "ESTÁDIO": "OSWALDO TEIXEIRA DUARTE (CANINDÉ)", "CAPACIDADE": "21004", "CIDADE": "SÃO PAULO ", "ESTADO/PROVÍNCIA": "SÃO PAULO", "PAÍS": "BRASIL", "LATITUDE": -23.520132719349128, "LONGITUDE": -46.618264502415194, "PÚBLICO PAGANTE": "7211.0", "PÚBLICO TOTAL": "ND", "RENDA BRUTA (R$)": "95304.0", "RENDA LÍQUIDA (R$)": "23198.81", "TICKET MÉDIO (R$)": "13.21647483", "AUTORAS": "GABI ZANOTTI", "TÍTULO?": "N/A", "OBSERVAÇÕES": "Corinthians vice-campeão do Campeonato Paulista 2025", "ERA": "Depois da reativação" }, "geometry": { "type": "Point", "coordinates": [ -46.618264502415194, -23.520132719349128 ] } },
{ "type": "Feature", "properties": { "DATA": "2026-01-28", "DIA DA SEMANA": "quarta-feira", "DIA DO JOGO": "28.0", "MÊS DO JOGO": "janeiro", "ANO JOGO": 2026.0, "ANO COMPETIÇÃO": 2026.0, "MANDANTE / VISITANTE (SCCP)": "Neutro", "TIME MANDANTE": "GOTHAM (EUA)", "GOLS MANDANTE": "0.0", "x": "x", "GOLS VISITANTE": "1.0", "TIME VISITANTE": "CORINTHIANS", "PLACAR": "0x1", "RESULTADO": "VITÓRIA", "ADVERSÁRIO": "GOTHAM (EUA)", "ESTADO ADVERSÁRIO": "N/A (ESTRANGEIRO)", "PAÍS ADVERSÁRIO": "EUA", "GOLS SCCP": "1.0", "GOLS ADVERSÁRIO": "0.0", "SALDO DE GOLS": "1", "TREINADOR": "LUCAS PICCINATO", "JOGO OFICIAL?": "SIM", "COMPETIÇÃO": "COPA DAS CAMPEÃS DA FIFA", "FASE": "SEMIFINAL", "ESTÁDIO": "GTECH COMMUNITY STADIUM", "CAPACIDADE": "17250", "CIDADE": "LONDRES", "ESTADO/PROVÍNCIA": "BRENTFORD", "PAÍS": "INGLATERRA", "LATITUDE": 51.490918003443369, "LONGITUDE": -0.28880181349239775, "PÚBLICO PAGANTE": "6177.0", "PÚBLICO TOTAL": "ND", "RENDA BRUTA (R$)": "ND", "RENDA LÍQUIDA (R$)": "ND", "TICKET MÉDIO (R$)": "ND", "AUTORAS": "GABI ZANOTTI", "TÍTULO?": "N/A", "OBSERVAÇÕES": null, "ERA": "Depois da reativação" }, "geometry": { "type": "Point", "coordinates": [ -0.288801813492398, 51.490918003443369 ] } },
{ "type": "Feature", "properties": { "DATA": "2026-02-01", "DIA DA SEMANA": "domingo", "DIA DO JOGO": "1.0", "MÊS DO JOGO": "fevereiro", "ANO JOGO": 2026.0, "ANO COMPETIÇÃO": 2026.0, "MANDANTE / VISITANTE (SCCP)": "Neutro", "TIME MANDANTE": "ARSENAL (ING)", "GOLS MANDANTE": "3.0", "x": "x", "GOLS VISITANTE": "2.0", "TIME VISITANTE": "CORINTHIANS", "PLACAR": "3x2", "RESULTADO": "DERROTA", "ADVERSÁRIO": "ARSENAL (ING)", "ESTADO ADVERSÁRIO": "N/A (ESTRANGEIRO)", "PAÍS ADVERSÁRIO": "INGLATERRA", "GOLS SCCP": "2.0", "GOLS ADVERSÁRIO": "3.0", "SALDO DE GOLS": "-1", "TREINADOR": "LUCAS PICCINATO", "JOGO OFICIAL?": "SIM", "COMPETIÇÃO": "COPA DAS CAMPEÃS DA FIFA", "FASE": "FINAL", "ESTÁDIO": "EMIRATES STADIUM (ARSENAL STADIUM)", "CAPACIDADE": "60704", "CIDADE": "LONDRES", "ESTADO/PROVÍNCIA": "HOLLOWAY", "PAÍS": "INGLATERRA", "LATITUDE": 51.555162121144335, "LONGITUDE": -0.10804575171505924, "PÚBLICO PAGANTE": "25031.0", "PÚBLICO TOTAL": "ND", "RENDA BRUTA (R$)": "ND", "RENDA LÍQUIDA (R$)": "ND", "TICKET MÉDIO (R$)": "ND", "AUTORAS": "GABI ZANOTTI, VIC ALBUQUERQUE", "TÍTULO?": "N/A", "OBSERVAÇÕES": "Corinthians vice-campeão da Copa das Campeãs da FIFA 2026", "ERA": "Depois da reativação" }, "geometry": { "type": "Point", "coordinates": [ -0.108045751715059, 51.555162121144335 ] } },
{ "type": "Feature", "properties": { "DATA": "2026-02-07", "DIA DA SEMANA": "sábado", "DIA DO JOGO": "7.0", "MÊS DO JOGO": "fevereiro", "ANO JOGO": 2026.0, "ANO COMPETIÇÃO": 2026.0, "MANDANTE / VISITANTE (SCCP)": "Neutro", "TIME MANDANTE": "PALMEIRAS", "GOLS MANDANTE": "1.0", "x": "x", "GOLS VISITANTE": "1.0", "TIME VISITANTE": "CORINTHIANS", "PLACAR": "1x1", "RESULTADO": "EMPATE", "ADVERSÁRIO": "PALMEIRAS", "ESTADO ADVERSÁRIO": "SÃO PAULO", "PAÍS ADVERSÁRIO": "BRASIL", "GOLS SCCP": "1.0", "GOLS ADVERSÁRIO": "1.0", "SALDO DE GOLS": "0", "TREINADOR": "LUCAS PICCINATO", "JOGO OFICIAL?": "SIM", "COMPETIÇÃO": "SUPERCOPA DO BRASIL", "FASE": "FINAL", "ESTÁDIO": "ORLANDO BATISTA NOVELI (ARENA BARUERI / CREFISA)", "CAPACIDADE": "31452", "CIDADE": "BARUERI ", "ESTADO/PROVÍNCIA": "SÃO PAULO", "PAÍS": "BRASIL", "LATITUDE": -23.511935566878485, "LONGITUDE": -46.899810331250407, "PÚBLICO PAGANTE": "2576.0", "PÚBLICO TOTAL": "ND", "RENDA BRUTA (R$)": "42920.0", "RENDA LÍQUIDA (R$)": "-50571.14", "TICKET MÉDIO (R$)": "16.66149068", "AUTORAS": "JAQUELINE", "TÍTULO?": "N/A", "OBSERVAÇÕES": "Derrota nos pênaltis por 5 x 4 / Corinthians vice-campeão da Supercopa do Brasil 2026", "ERA": "Depois da reativação" }, "geometry": { "type": "Point", "coordinates": [ -46.899810331250407, -23.511935566878485 ] } },
{ "type": "Feature", "properties": { "DATA": "2026-02-13", "DIA DA SEMANA": "sexta-feira", "DIA DO JOGO": "13.0", "MÊS DO JOGO": "fevereiro", "ANO JOGO": 2026.0, "ANO COMPETIÇÃO": 2026.0, "MANDANTE / VISITANTE (SCCP)": "Não", "TIME MANDANTE": "ATLÉTICO-MG", "GOLS MANDANTE": "0.0", "x": "x", "GOLS VISITANTE": "1.0", "TIME VISITANTE": "CORINTHIANS", "PLACAR": "0x1", "RESULTADO": "VITÓRIA", "ADVERSÁRIO": "ATLÉTICO-MG", "ESTADO ADVERSÁRIO": "MINAS GERAIS", "PAÍS ADVERSÁRIO": "BRASIL", "GOLS SCCP": "1.0", "GOLS ADVERSÁRIO": "0.0", "SALDO DE GOLS": "1", "TREINADOR": "LUCAS PICCINATO", "JOGO OFICIAL?": "SIM", "COMPETIÇÃO": "CAMPEONATO BRASILEIRO", "FASE": "1ª FASE", "ESTÁDIO": "ARENA MRV", "CAPACIDADE": "44892", "CIDADE": "BELO HORIZONTE", "ESTADO/PROVÍNCIA": "MINAS GERAIS", "PAÍS": "BRASIL", "LATITUDE": -19.929905218586342, "LONGITUDE": -44.01384728925445, "PÚBLICO PAGANTE": "5081.0", "PÚBLICO TOTAL": "ND", "RENDA BRUTA (R$)": "8490.0", "RENDA LÍQUIDA (R$)": "-50251.95", "TICKET MÉDIO (R$)": "#REF!", "AUTORAS": "LETÍCIA MONTEIRO", "TÍTULO?": "N/A", "OBSERVAÇÕES": null, "ERA": "Depois da reativação" }, "geometry": { "type": "Point", "coordinates": [ -44.01384728925445, -19.929905218586342 ] } },
{ "type": "Feature", "properties": { "DATA": "2026-02-20", "DIA DA SEMANA": "sexta-feira", "DIA DO JOGO": "20.0", "MÊS DO JOGO": "fevereiro", "ANO JOGO": 2026.0, "ANO COMPETIÇÃO": 2026.0, "MANDANTE / VISITANTE (SCCP)": "Sim", "TIME MANDANTE": "CORINTHIANS", "GOLS MANDANTE": "2.0", "x": "x", "GOLS VISITANTE": "2.0", "TIME VISITANTE": "FLUMINENSE", "PLACAR": "2x2", "RESULTADO": "EMPATE", "ADVERSÁRIO": "FLUMINENSE", "ESTADO ADVERSÁRIO": "RIO DE JANEIRO", "PAÍS ADVERSÁRIO": "BRASIL", "GOLS SCCP": "2.0", "GOLS ADVERSÁRIO": "2.0", "SALDO DE GOLS": "0", "TREINADOR": "LUCAS PICCINATO", "JOGO OFICIAL?": "SIM", "COMPETIÇÃO": "CAMPEONATO BRASILEIRO", "FASE": "1ª FASE", "ESTÁDIO": "NEO QUÍMICA ARENA (ARENA CORINTHIANS)", "CAPACIDADE": "48905", "CIDADE": "SÃO PAULO ", "ESTADO/PROVÍNCIA": "SÃO PAULO", "PAÍS": "BRASIL", "LATITUDE": -23.545141276878514, "LONGITUDE": -46.473682029403896, "PÚBLICO PAGANTE": null, "PÚBLICO TOTAL": "5178.0", "RENDA BRUTA (R$)": "105040.0", "RENDA LÍQUIDA (R$)": "-38619.46", "TICKET MÉDIO (R$)": "20.67309585", "AUTORAS": null, "TÍTULO?": "N/A", "OBSERVAÇÕES": null, "ERA": "Depois da reativação" }, "geometry": { "type": "Point", "coordinates": [ -46.473682029403896, -23.545141276878514 ] } },
{ "type": "Feature", "properties": { "DATA": "2026-03-13", "DIA DA SEMANA": "sexta-feira", "DIA DO JOGO": "13.0", "MÊS DO JOGO": "março", "ANO JOGO": 2026.0, "ANO COMPETIÇÃO": 2026.0, "MANDANTE / VISITANTE (SCCP)": "Não", "TIME MANDANTE": "PALMEIRAS", "GOLS MANDANTE": "3.0", "x": "x", "GOLS VISITANTE": "2.0", "TIME VISITANTE": "CORINTHIANS", "PLACAR": "3x2", "RESULTADO": "DERROTA", "ADVERSÁRIO": "PALMEIRAS", "ESTADO ADVERSÁRIO": "SÃO PAULO", "PAÍS ADVERSÁRIO": "BRASIL", "GOLS SCCP": "2.0", "GOLS ADVERSÁRIO": "3.0", "SALDO DE GOLS": "-1", "TREINADOR": "EMILY LIMA", "JOGO OFICIAL?": "SIM", "COMPETIÇÃO": "CAMPEONATO BRASILEIRO", "FASE": "1ª FASE", "ESTÁDIO": "ORLANDO BATISTA NOVELI (ARENA BARUERI / CREFISA)", "CAPACIDADE": "31452", "CIDADE": "BARUERI ", "ESTADO/PROVÍNCIA": "SÃO PAULO", "PAÍS": "BRASIL", "LATITUDE": -23.511935566878485, "LONGITUDE": -46.899810331250407, "PÚBLICO PAGANTE": "697.0", "PÚBLICO TOTAL": "ND", "RENDA BRUTA (R$)": "0.0", "RENDA LÍQUIDA (R$)": "-28730.5", "TICKET MÉDIO (R$)": "0", "AUTORAS": null, "TÍTULO?": "N/A", "OBSERVAÇÕES": null, "ERA": "Depois da reativação" }, "geometry": { "type": "Point", "coordinates": [ -46.899810331250407, -23.511935566878485 ] } },
{ "type": "Feature", "properties": { "DATA": "2026-03-23", "DIA DA SEMANA": "segunda-feira", "DIA DO JOGO": "23.0", "MÊS DO JOGO": "março", "ANO JOGO": 2026.0, "ANO COMPETIÇÃO": 2026.0, "MANDANTE / VISITANTE (SCCP)": "Sim", "TIME MANDANTE": "CORINTHIANS", "GOLS MANDANTE": "4.0", "x": "x", "GOLS VISITANTE": "0.0", "TIME VISITANTE": "AMÉRICA-MG", "PLACAR": "4x0", "RESULTADO": "VITÓRIA", "ADVERSÁRIO": "AMÉRICA-MG", "ESTADO ADVERSÁRIO": "MINAS GERAIS", "PAÍS ADVERSÁRIO": "BRASIL", "GOLS SCCP": "4.0", "GOLS ADVERSÁRIO": "0.0", "SALDO DE GOLS": "4", "TREINADOR": "EMILY LIMA", "JOGO OFICIAL?": "SIM", "COMPETIÇÃO": "CAMPEONATO BRASILEIRO", "FASE": "1ª FASE", "ESTÁDIO": "NEO QUÍMICA ARENA (ARENA CORINTHIANS)", "CAPACIDADE": "48905", "CIDADE": "SÃO PAULO ", "ESTADO/PROVÍNCIA": "SÃO PAULO", "PAÍS": "BRASIL", "LATITUDE": -23.545141276878514, "LONGITUDE": -46.473682029403896, "PÚBLICO PAGANTE": "4147.0", "PÚBLICO TOTAL": "ND", "RENDA BRUTA (R$)": "70975.0", "RENDA LÍQUIDA (R$)": "-62015.62", "TICKET MÉDIO (R$)": "17.11478177", "AUTORAS": null, "TÍTULO?": "N/A", "OBSERVAÇÕES": null, "ERA": "Depois da reativação" }, "geometry": { "type": "Point", "coordinates": [ -46.473682029403896, -23.545141276878514 ] } },
{ "type": "Feature", "properties": { "DATA": "2026-03-27", "DIA DA SEMANA": "sexta-feira", "DIA DO JOGO": "27.0", "MÊS DO JOGO": "março", "ANO JOGO": 2026.0, "ANO COMPETIÇÃO": 2026.0, "MANDANTE / VISITANTE (SCCP)": "Não", "TIME MANDANTE": "BOTAFOGO", "GOLS MANDANTE": "1.0", "x": "x", "GOLS VISITANTE": "3.0", "TIME VISITANTE": "CORINTHIANS", "PLACAR": "1x3", "RESULTADO": "VITÓRIA", "ADVERSÁRIO": "BOTAFOGO", "ESTADO ADVERSÁRIO": "RIO DE JANEIRO", "PAÍS ADVERSÁRIO": "BRASIL", "GOLS SCCP": "3.0", "GOLS ADVERSÁRIO": "1.0", "SALDO DE GOLS": "2", "TREINADOR": "EMILY LIMA", "JOGO OFICIAL?": "SIM", "COMPETIÇÃO": "CAMPEONATO BRASILEIRO", "FASE": "1ª FASE", "ESTÁDIO": "OLÍMPICO NILTON SANTOS (ENGENHÃO)", "CAPACIDADE": "44661", "CIDADE": "RIO DE JANEIRO ", "ESTADO/PROVÍNCIA": "RIO DE JANEIRO", "PAÍS": "BRASIL", "LATITUDE": -22.893062399488951, "LONGITUDE": -43.291819273579982, "PÚBLICO PAGANTE": "380.0", "PÚBLICO TOTAL": "ND", "RENDA BRUTA (R$)": "0.0", "RENDA LÍQUIDA (R$)": "-7192.98", "TICKET MÉDIO (R$)": "0", "AUTORAS": null, "TÍTULO?": "N/A", "OBSERVAÇÕES": null, "ERA": "Depois da reativação" }, "geometry": { "type": "Point", "coordinates": [ -43.291819273579982, -22.893062399488951 ] } },
{ "type": "Feature", "properties": { "DATA": "2026-04-03", "DIA DA SEMANA": "sexta-feira", "DIA DO JOGO": "3.0", "MÊS DO JOGO": "abril", "ANO JOGO": 2026.0, "ANO COMPETIÇÃO": 2026.0, "MANDANTE / VISITANTE (SCCP)": "Sim", "TIME MANDANTE": "CORINTHIANS", "GOLS MANDANTE": "5.0", "x": "x", "GOLS VISITANTE": "1.0", "TIME VISITANTE": "RED BULL BRAGANTINO", "PLACAR": "5x1", "RESULTADO": "VITÓRIA", "ADVERSÁRIO": "RED BULL BRAGANTINO", "ESTADO ADVERSÁRIO": "SÃO PAULO", "PAÍS ADVERSÁRIO": "BRASIL", "GOLS SCCP": "5.0", "GOLS ADVERSÁRIO": "1.0", "SALDO DE GOLS": "4", "TREINADOR": "EMILY LIMA", "JOGO OFICIAL?": "SIM", "COMPETIÇÃO": "CAMPEONATO BRASILEIRO", "FASE": "1ª FASE", "ESTÁDIO": "ALFREDO SCHÜRIG (PARQUE SÃO JORGE / FAZENDINHA)", "CAPACIDADE": "9800", "CIDADE": "SÃO PAULO ", "ESTADO/PROVÍNCIA": "SÃO PAULO", "PAÍS": "BRASIL", "LATITUDE": -23.526659630812546, "LONGITUDE": -46.569480895169598, "PÚBLICO PAGANTE": "3860.0", "PÚBLICO TOTAL": "929.0", "RENDA BRUTA (R$)": "58289.5", "RENDA LÍQUIDA (R$)": "17005.39", "TICKET MÉDIO (R$)": "15.10090674", "AUTORAS": null, "TÍTULO?": "N/A", "OBSERVAÇÕES": null, "ERA": "Depois da reativação" }, "geometry": { "type": "Point", "coordinates": [ -46.569480895169598, -23.526659630812546 ] } },
{ "type": "Feature", "properties": { "DATA": "2026-04-09", "DIA DA SEMANA": "quinta-feira", "DIA DO JOGO": "9.0", "MÊS DO JOGO": "abril", "ANO JOGO": 2026.0, "ANO COMPETIÇÃO": 2026.0, "MANDANTE / VISITANTE (SCCP)": "Não", "TIME MANDANTE": "KANSAS CITY CURRENT (EUA)", "GOLS MANDANTE": "2.0", "x": "x", "GOLS VISITANTE": "1.0", "TIME VISITANTE": "CORINTHIANS", "PLACAR": "2x1", "RESULTADO": "DERROTA", "ADVERSÁRIO": "KANSAS CITY CURRENT (EUA)", "ESTADO ADVERSÁRIO": "N/A (ESTRANGEIRO)", "PAÍS ADVERSÁRIO": "EUA", "GOLS SCCP": "1.0", "GOLS ADVERSÁRIO": "2.0", "SALDO DE GOLS": "-1", "TREINADOR": "EMILY LIMA", "JOGO OFICIAL?": "NÃO", "COMPETIÇÃO": "TEAL RISING CUP", "FASE": "SEMIFINAL", "ESTÁDIO": "CPKC STADIUM", "CAPACIDADE": "11500", "CIDADE": "KANSAS CITY", "ESTADO/PROVÍNCIA": "MISSOURI", "PAÍS": "EUA", "LATITUDE": 39.119704451761542, "LONGITUDE": -94.565949175864532, "PÚBLICO PAGANTE": "ND", "PÚBLICO TOTAL": "ND", "RENDA BRUTA (R$)": "ND", "RENDA LÍQUIDA (R$)": "ND", "TICKET MÉDIO (R$)": "ND", "AUTORAS": null, "TÍTULO?": "N/A", "OBSERVAÇÕES": null, "ERA": "Depois da reativação" }, "geometry": { "type": "Point", "coordinates": [ -94.565949175864532, 39.119704451761542 ] } },
{ "type": "Feature", "properties": { "DATA": "2026-04-12", "DIA DA SEMANA": "domingo", "DIA DO JOGO": "12.0", "MÊS DO JOGO": "abril", "ANO JOGO": 2026.0, "ANO COMPETIÇÃO": 2026.0, "MANDANTE / VISITANTE (SCCP)": "Não", "TIME MANDANTE": "AMÉRICA (MEX)", "GOLS MANDANTE": "0.0", "x": "x", "GOLS VISITANTE": "8.0", "TIME VISITANTE": "CORINTHIANS", "PLACAR": "0x8", "RESULTADO": "VITÓRIA", "ADVERSÁRIO": "AMÉRICA (MEX)", "ESTADO ADVERSÁRIO": "N/A (ESTRANGEIRO)", "PAÍS ADVERSÁRIO": "MÉXICO", "GOLS SCCP": "8.0", "GOLS ADVERSÁRIO": "0.0", "SALDO DE GOLS": "8", "TREINADOR": "EMILY LIMA", "JOGO OFICIAL?": "NÃO", "COMPETIÇÃO": "TEAL RISING CUP", "FASE": "DISPUTA DE 3º LUGAR", "ESTÁDIO": "CPKC STADIUM", "CAPACIDADE": "11500", "CIDADE": "KANSAS CITY", "ESTADO/PROVÍNCIA": "MISSOURI", "PAÍS": "EUA", "LATITUDE": 39.119704451761542, "LONGITUDE": -94.565949175864532, "PÚBLICO PAGANTE": "ND", "PÚBLICO TOTAL": "ND", "RENDA BRUTA (R$)": "ND", "RENDA LÍQUIDA (R$)": "ND", "TICKET MÉDIO (R$)": "ND", "AUTORAS": null, "TÍTULO?": "N/A", "OBSERVAÇÕES": "Corinthians 3º colocado da Teal Rising Cup 2026", "ERA": "Depois da reativação" }, "geometry": { "type": "Point", "coordinates": [ -94.565949175864532, 39.119704451761542 ] } },
{ "type": "Feature", "properties": { "DATA": "2026-04-20", "DIA DA SEMANA": "segunda-feira", "DIA DO JOGO": "20.0", "MÊS DO JOGO": "abril", "ANO JOGO": 2026.0, "ANO COMPETIÇÃO": 2026.0, "MANDANTE / VISITANTE (SCCP)": "Não", "TIME MANDANTE": "JUVENTUDE", "GOLS MANDANTE": "0.0", "x": "x", "GOLS VISITANTE": "1.0", "TIME VISITANTE": "CORINTHIANS", "PLACAR": "0x1", "RESULTADO": "VITÓRIA", "ADVERSÁRIO": "JUVENTUDE", "ESTADO ADVERSÁRIO": "RIO GRANDE DO SUL", "PAÍS ADVERSÁRIO": "BRASIL", "GOLS SCCP": "1.0", "GOLS ADVERSÁRIO": "0.0", "SALDO DE GOLS": "1", "TREINADOR": "EMILY LIMA", "JOGO OFICIAL?": "SIM", "COMPETIÇÃO": "CAMPEONATO BRASILEIRO", "FASE": "1ª FASE", "ESTÁDIO": "DARCY POZZA (MONTANHA DOS VINHEDOS)", "CAPACIDADE": "12859", "CIDADE": "BENTO GONÇALVES", "ESTADO/PROVÍNCIA": "RIO GRANDE DO SUL", "PAÍS": "BRASIL", "LATITUDE": -29.153624171426525, "LONGITUDE": -51.536297374211969, "PÚBLICO PAGANTE": "111.0", "PÚBLICO TOTAL": "ND", "RENDA BRUTA (R$)": "1110.0", "RENDA LÍQUIDA (R$)": "-17245.34", "TICKET MÉDIO (R$)": "10", "AUTORAS": null, "TÍTULO?": "N/A", "OBSERVAÇÕES": null, "ERA": "Depois da reativação" }, "geometry": { "type": "Point", "coordinates": [ -51.536297374211969, -29.153624171426525 ] } },
{ "type": "Feature", "properties": { "DATA": "2026-04-24", "DIA DA SEMANA": "sexta-feira", "DIA DO JOGO": "24.0", "MÊS DO JOGO": "abril", "ANO JOGO": 2026.0, "ANO COMPETIÇÃO": 2026.0, "MANDANTE / VISITANTE (SCCP)": "Sim", "TIME MANDANTE": "CORINTHIANS", "GOLS MANDANTE": "3.0", "x": "x", "GOLS VISITANTE": "1.0", "TIME VISITANTE": "FERROVIÁRIA", "PLACAR": "3x1", "RESULTADO": "VITÓRIA", "ADVERSÁRIO": "FERROVIÁRIA", "ESTADO ADVERSÁRIO": "SÃO PAULO", "PAÍS ADVERSÁRIO": "BRASIL", "GOLS SCCP": "3.0", "GOLS ADVERSÁRIO": "1.0", "SALDO DE GOLS": "2", "TREINADOR": "EMILY LIMA", "JOGO OFICIAL?": "SIM", "COMPETIÇÃO": "CAMPEONATO BRASILEIRO", "FASE": "1ª FASE", "ESTÁDIO": "ALFREDO SCHÜRIG (PARQUE SÃO JORGE / FAZENDINHA)", "CAPACIDADE": "9800", "CIDADE": "SÃO PAULO ", "ESTADO/PROVÍNCIA": "SÃO PAULO", "PAÍS": "BRASIL", "LATITUDE": -23.526659630812546, "LONGITUDE": -46.569480895169598, "PÚBLICO PAGANTE": "3297.0", "PÚBLICO TOTAL": "607.0", "RENDA BRUTA (R$)": "50263.5", "RENDA LÍQUIDA (R$)": "12351.75", "TICKET MÉDIO (R$)": "15.24522293", "AUTORAS": null, "TÍTULO?": "N/A", "OBSERVAÇÕES": null, "ERA": "Depois da reativação" }, "geometry": { "type": "Point", "coordinates": [ -46.569480895169598, -23.526659630812546 ] } },
{ "type": "Feature", "properties": { "DATA": "2026-05-01", "DIA DA SEMANA": "sexta-feira", "DIA DO JOGO": "1.0", "MÊS DO JOGO": "maio", "ANO JOGO": 2026.0, "ANO COMPETIÇÃO": 2026.0, "MANDANTE / VISITANTE (SCCP)": "Não", "TIME MANDANTE": "GRÊMIO", "GOLS MANDANTE": "0.0", "x": "x", "GOLS VISITANTE": "2.0", "TIME VISITANTE": "CORINTHIANS", "PLACAR": "0x2", "RESULTADO": "VITÓRIA", "ADVERSÁRIO": "GRÊMIO", "ESTADO ADVERSÁRIO": "RIO GRANDE DO SUL", "PAÍS ADVERSÁRIO": "BRASIL", "GOLS SCCP": "2.0", "GOLS ADVERSÁRIO": "0.0", "SALDO DE GOLS": "2", "TREINADOR": "EMILY LIMA", "JOGO OFICIAL?": "SIM", "COMPETIÇÃO": "CAMPEONATO BRASILEIRO", "FASE": "1ª FASE", "ESTÁDIO": "FRANCISCO NOVELLETTO NETO (PASSO D'AREIA)", "CAPACIDADE": "10600", "CIDADE": "PORTO ALEGRE", "ESTADO/PROVÍNCIA": "RIO GRANDE DO SUL", "PAÍS": "BRASIL", "LATITUDE": -30.006290184356924, "LONGITUDE": -51.173179690767363, "PÚBLICO PAGANTE": "294.0", "PÚBLICO TOTAL": "ND", "RENDA BRUTA (R$)": "3490.0", "RENDA LÍQUIDA (R$)": "-22196.17", "TICKET MÉDIO (R$)": "11.8707483", "AUTORAS": null, "TÍTULO?": "N/A", "OBSERVAÇÕES": null, "ERA": "Depois da reativação" }, "geometry": { "type": "Point", "coordinates": [ -51.173179690767363, -30.006290184356924 ] } },
{ "type": "Feature", "properties": { "DATA": "2026-05-07", "DIA DA SEMANA": "quinta-feira", "DIA DO JOGO": "7.0", "MÊS DO JOGO": "maio", "ANO JOGO": 2026.0, "ANO COMPETIÇÃO": 2026.0, "MANDANTE / VISITANTE (SCCP)": "Sim", "TIME MANDANTE": "CORINTHIANS", "GOLS MANDANTE": "1.0", "x": "x", "GOLS VISITANTE": "2.0", "TIME VISITANTE": "SÃO PAULO", "PLACAR": "1x2", "RESULTADO": "DERROTA", "ADVERSÁRIO": "SÃO PAULO", "ESTADO ADVERSÁRIO": "SÃO PAULO", "PAÍS ADVERSÁRIO": "BRASIL", "GOLS SCCP": "1.0", "GOLS ADVERSÁRIO": "2.0", "SALDO DE GOLS": "-1", "TREINADOR": "EMILY LIMA", "JOGO OFICIAL?": "SIM", "COMPETIÇÃO": "CAMPEONATO PAULISTA / FPF", "FASE": "1ª FASE", "ESTÁDIO": "ALFREDO SCHÜRIG (PARQUE SÃO JORGE / FAZENDINHA)", "CAPACIDADE": "9800", "CIDADE": "SÃO PAULO ", "ESTADO/PROVÍNCIA": "SÃO PAULO", "PAÍS": "BRASIL", "LATITUDE": -23.526659630812546, "LONGITUDE": -46.569480895169598, "PÚBLICO PAGANTE": "4116.0", "PÚBLICO TOTAL": "ND", "RENDA BRUTA (R$)": "53748.0", "RENDA LÍQUIDA (R$)": "24016.98", "TICKET MÉDIO (R$)": "13.05830904", "AUTORAS": null, "TÍTULO?": "N/A", "OBSERVAÇÕES": null, "ERA": "Depois da reativação" }, "geometry": { "type": "Point", "coordinates": [ -46.569480895169598, -23.526659630812546 ] } },
{ "type": "Feature", "properties": { "DATA": "2026-05-11", "DIA DA SEMANA": "segunda-feira", "DIA DO JOGO": "11.0", "MÊS DO JOGO": "maio", "ANO JOGO": 2026.0, "ANO COMPETIÇÃO": 2026.0, "MANDANTE / VISITANTE (SCCP)": "Sim", "TIME MANDANTE": "CORINTHIANS", "GOLS MANDANTE": "2.0", "x": "x", "GOLS VISITANTE": "1.0", "TIME VISITANTE": "SÃO PAULO", "PLACAR": "2x1", "RESULTADO": "VITÓRIA", "ADVERSÁRIO": "SÃO PAULO", "ESTADO ADVERSÁRIO": "SÃO PAULO", "PAÍS ADVERSÁRIO": "BRASIL", "GOLS SCCP": "2.0", "GOLS ADVERSÁRIO": "1.0", "SALDO DE GOLS": "1", "TREINADOR": "EMILY LIMA", "JOGO OFICIAL?": "SIM", "COMPETIÇÃO": "CAMPEONATO BRASILEIRO", "FASE": "1ª FASE", "ESTÁDIO": "ALFREDO SCHÜRIG (PARQUE SÃO JORGE / FAZENDINHA)", "CAPACIDADE": "9800", "CIDADE": "SÃO PAULO ", "ESTADO/PROVÍNCIA": "SÃO PAULO", "PAÍS": "BRASIL", "LATITUDE": -23.526659630812546, "LONGITUDE": -46.569480895169598, "PÚBLICO PAGANTE": "3120.0", "PÚBLICO TOTAL": "363.0", "RENDA BRUTA (R$)": "35552.0", "RENDA LÍQUIDA (R$)": "-1729.96", "TICKET MÉDIO (R$)": "11.39487179", "AUTORAS": null, "TÍTULO?": "N/A", "OBSERVAÇÕES": null, "ERA": "Depois da reativação" }, "geometry": { "type": "Point", "coordinates": [ -46.569480895169598, -23.526659630812546 ] } },
{ "type": "Feature", "properties": { "DATA": "2026-05-14", "DIA DA SEMANA": "quinta-feira", "DIA DO JOGO": "14.0", "MÊS DO JOGO": "maio", "ANO JOGO": 2026.0, "ANO COMPETIÇÃO": 2026.0, "MANDANTE / VISITANTE (SCCP)": "Não", "TIME MANDANTE": "RED BULL BRAGANTINO", "GOLS MANDANTE": "0.0", "x": "x", "GOLS VISITANTE": "6.0", "TIME VISITANTE": "CORINTHIANS", "PLACAR": "0x6", "RESULTADO": "VITÓRIA", "ADVERSÁRIO": "RED BULL BRAGANTINO", "ESTADO ADVERSÁRIO": "SÃO PAULO", "PAÍS ADVERSÁRIO": "BRASIL", "GOLS SCCP": "6.0", "GOLS ADVERSÁRIO": "0.0", "SALDO DE GOLS": "6", "TREINADOR": "EMILY LIMA", "JOGO OFICIAL?": "SIM", "COMPETIÇÃO": "CAMPEONATO PAULISTA / FPF", "FASE": "1ª FASE", "ESTÁDIO": "BENITO AGNELLO CASTELLANO (BENITÃO)", "CAPACIDADE": "8136", "CIDADE": "RIO CLARO", "ESTADO/PROVÍNCIA": "SÃO PAULO", "PAÍS": "BRASIL", "LATITUDE": -22.417927844664639, "LONGITUDE": -47.556306642875498, "PÚBLICO PAGANTE": "391.0", "PÚBLICO TOTAL": "ND", "RENDA BRUTA (R$)": "0.0", "RENDA LÍQUIDA (R$)": "-13663.91", "TICKET MÉDIO (R$)": "0", "AUTORAS": null, "TÍTULO?": "N/A", "OBSERVAÇÕES": null, "ERA": "Depois da reativação" }, "geometry": { "type": "Point", "coordinates": [ -47.556306642875498, -22.417927844664639 ] } },
{ "type": "Feature", "properties": { "DATA": "2026-05-18", "DIA DA SEMANA": "segunda-feira", "DIA DO JOGO": "18.0", "MÊS DO JOGO": "maio", "ANO JOGO": 2026.0, "ANO COMPETIÇÃO": 2026.0, "MANDANTE / VISITANTE (SCCP)": "Não", "TIME MANDANTE": "CRUZEIRO", "GOLS MANDANTE": "3.0", "x": "x", "GOLS VISITANTE": "2.0", "TIME VISITANTE": "CORINTHIANS", "PLACAR": "3x2", "RESULTADO": "DERROTA", "ADVERSÁRIO": "CRUZEIRO", "ESTADO ADVERSÁRIO": "MINAS GERAIS", "PAÍS ADVERSÁRIO": "BRASIL", "GOLS SCCP": "2.0", "GOLS ADVERSÁRIO": "3.0", "SALDO DE GOLS": "-1", "TREINADOR": "EMILY LIMA", "JOGO OFICIAL?": "SIM", "COMPETIÇÃO": "CAMPEONATO BRASILEIRO", "FASE": "1ª FASE", "ESTÁDIO": "JOAQUIM HENRIQUE NOGUEIRA (ARENA DO JACARÉ)", "CAPACIDADE": "19998", "CIDADE": "SETE LAGOAS", "ESTADO/PROVÍNCIA": "MINAS GERAIS", "PAÍS": "BRASIL", "LATITUDE": -19.478257002276273, "LONGITUDE": -44.223801910510474, "PÚBLICO PAGANTE": "706.0", "PÚBLICO TOTAL": "ND", "RENDA BRUTA (R$)": "5330.0", "RENDA LÍQUIDA (R$)": "-5596.68", "TICKET MÉDIO (R$)": "7.549575071", "AUTORAS": null, "TÍTULO?": "N/A", "OBSERVAÇÕES": null, "ERA": "Depois da reativação" }, "geometry": { "type": "Point", "coordinates": [ -44.223801910510474, -19.478257002276273 ] } },
{ "type": "Feature", "properties": { "DATA": "2026-05-21", "DIA DA SEMANA": "quinta-feira", "DIA DO JOGO": "21.0", "MÊS DO JOGO": "maio", "ANO JOGO": 2026.0, "ANO COMPETIÇÃO": 2026.0, "MANDANTE / VISITANTE (SCCP)": "Sim", "TIME MANDANTE": "CORINTHIANS", "GOLS MANDANTE": "2.0", "x": "x", "GOLS VISITANTE": "2.0", "TIME VISITANTE": "SANTOS", "PLACAR": "2x2", "RESULTADO": "EMPATE", "ADVERSÁRIO": "SANTOS", "ESTADO ADVERSÁRIO": "SÃO PAULO", "PAÍS ADVERSÁRIO": "BRASIL", "GOLS SCCP": "2.0", "GOLS ADVERSÁRIO": "2.0", "SALDO DE GOLS": "0", "TREINADOR": "EMILY LIMA", "JOGO OFICIAL?": "SIM", "COMPETIÇÃO": "CAMPEONATO PAULISTA / FPF", "FASE": "1ª FASE", "ESTÁDIO": "ALFREDO SCHÜRIG (PARQUE SÃO JORGE / FAZENDINHA)", "CAPACIDADE": "9800", "CIDADE": "SÃO PAULO ", "ESTADO/PROVÍNCIA": "SÃO PAULO", "PAÍS": "BRASIL", "LATITUDE": -23.526659630812546, "LONGITUDE": -46.569480895169598, "PÚBLICO PAGANTE": "3248.0", "PÚBLICO TOTAL": "377.0", "RENDA BRUTA (R$)": "36259.0", "RENDA LÍQUIDA (R$)": "10301.26", "TICKET MÉDIO (R$)": "11.16348522", "AUTORAS": null, "TÍTULO?": "N/A", "OBSERVAÇÕES": null, "ERA": "Depois da reativação" }, "geometry": { "type": "Point", "coordinates": [ -46.569480895169598, -23.526659630812546 ] } },
{ "type": "Feature", "properties": { "DATA": "2026-05-25", "DIA DA SEMANA": "segunda-feira", "DIA DO JOGO": "25.0", "MÊS DO JOGO": "maio", "ANO JOGO": 2026.0, "ANO COMPETIÇÃO": 2026.0, "MANDANTE / VISITANTE (SCCP)": "Sim", "TIME MANDANTE": "CORINTHIANS", "GOLS MANDANTE": "4.0", "x": "x", "GOLS VISITANTE": "1.0", "TIME VISITANTE": "MIXTO", "PLACAR": "4x1", "RESULTADO": "VITÓRIA", "ADVERSÁRIO": "MIXTO", "ESTADO ADVERSÁRIO": "MATO GROSSO", "PAÍS ADVERSÁRIO": "BRASIL", "GOLS SCCP": "4.0", "GOLS ADVERSÁRIO": "1.0", "SALDO DE GOLS": "3", "TREINADOR": "EMILY LIMA", "JOGO OFICIAL?": "SIM", "COMPETIÇÃO": "CAMPEONATO BRASILEIRO", "FASE": "1ª FASE", "ESTÁDIO": "OSWALDO TEIXEIRA DUARTE (CANINDÉ)", "CAPACIDADE": "21004", "CIDADE": "SÃO PAULO ", "ESTADO/PROVÍNCIA": "SÃO PAULO", "PAÍS": "BRASIL", "LATITUDE": -23.520132719349128, "LONGITUDE": -46.618264502415194, "PÚBLICO PAGANTE": "2928.0", "PÚBLICO TOTAL": "ND", "RENDA BRUTA (R$)": "30358.0", "RENDA LÍQUIDA (R$)": "-57981.48", "TICKET MÉDIO (R$)": "10.3681694", "AUTORAS": null, "TÍTULO?": "N/A", "OBSERVAÇÕES": null, "ERA": "Depois da reativação" }, "geometry": { "type": "Point", "coordinates": [ -46.618264502415194, -23.520132719349128 ] } },
{ "type": "Feature", "properties": { "DATA": "2026-05-30", "DIA DA SEMANA": "sábado", "DIA DO JOGO": "30.0", "MÊS DO JOGO": "maio", "ANO JOGO": 2026.0, "ANO COMPETIÇÃO": 2026.0, "MANDANTE / VISITANTE (SCCP)": "Não", "TIME MANDANTE": "PALMEIRAS", "GOLS MANDANTE": "0.0", "x": "x", "GOLS VISITANTE": "1.0", "TIME VISITANTE": "CORINTHIANS", "PLACAR": "0x1", "RESULTADO": "VITÓRIA", "ADVERSÁRIO": "PALMEIRAS", "ESTADO ADVERSÁRIO": "SÃO PAULO", "PAÍS ADVERSÁRIO": "BRASIL", "GOLS SCCP": "1.0", "GOLS ADVERSÁRIO": "0.0", "SALDO DE GOLS": "1", "TREINADOR": "EMILY LIMA", "JOGO OFICIAL?": "SIM", "COMPETIÇÃO": "COPA DO BRASIL", "FASE": "3ª FASE", "ESTÁDIO": "NUBANK PARQUE (ARENA PALMEIRAS)", "CAPACIDADE": "43713", "CIDADE": "SÃO PAULO ", "ESTADO/PROVÍNCIA": "SÃO PAULO", "PAÍS": "BRASIL", "LATITUDE": -23.527428879851925, "LONGITUDE": -46.678112148437812, "PÚBLICO PAGANTE": "3351.0", "PÚBLICO TOTAL": "ND", "RENDA BRUTA (R$)": "52090.0", "RENDA LÍQUIDA (R$)": "-86233.82", "TICKET MÉDIO (R$)": "15.54461355", "AUTORAS": null, "TÍTULO?": "N/A", "OBSERVAÇÕES": null, "ERA": "Depois da reativação" }, "geometry": { "type": "Point", "coordinates": [ -46.678112148437812, -23.527428879851925 ] } },
{ "type": "Feature", "properties": { "DATA": "2026-06-05", "DIA DA SEMANA": "sexta-feira", "DIA DO JOGO": "5.0", "MÊS DO JOGO": "junho", "ANO JOGO": 2026.0, "ANO COMPETIÇÃO": 2026.0, "MANDANTE / VISITANTE (SCCP)": "Sim", "TIME MANDANTE": "CORINTHIANS", "GOLS MANDANTE": "0.0", "x": "x", "GOLS VISITANTE": "2.0", "TIME VISITANTE": "SELEÇÃO DOS EUA SUB-23", "PLACAR": "0x2", "RESULTADO": "DERROTA", "ADVERSÁRIO": "SELEÇÃO DOS EUA SUB-23", "ESTADO ADVERSÁRIO": "N/A (ESTRANGEIRO)", "PAÍS ADVERSÁRIO": "EUA", "GOLS SCCP": "0.0", "GOLS ADVERSÁRIO": "2.0", "SALDO DE GOLS": "-2", "TREINADOR": "EMILY LIMA", "JOGO OFICIAL?": "NÃO", "COMPETIÇÃO": "AMISTOSO", "FASE": "N/A", "ESTÁDIO": "CENTRO DE TREINAMENTO DOUTOR JOAQUIM GRAVA", "CAPACIDADE": "0.0", "CIDADE": "SÃO PAULO ", "ESTADO/PROVÍNCIA": "SÃO PAULO", "PAÍS": "BRASIL", "LATITUDE": -23.489299036314396, "LONGITUDE": -46.507488109617533, "PÚBLICO PAGANTE": "PF", "PÚBLICO TOTAL": "PF", "RENDA BRUTA (R$)": "PF", "RENDA LÍQUIDA (R$)": "PF", "TICKET MÉDIO (R$)": "PF", "AUTORAS": null, "TÍTULO?": "N/A", "OBSERVAÇÕES": null, "ERA": "Depois da reativação" }, "geometry": { "type": "Point", "coordinates": [ -46.507488109617533, -23.489299036314396 ] } },
{ "type": "Feature", "properties": { "DATA": "2026-06-09", "DIA DA SEMANA": "terça-feira", "DIA DO JOGO": "9.0", "MÊS DO JOGO": "junho", "ANO JOGO": 2026.0, "ANO COMPETIÇÃO": 2026.0, "MANDANTE / VISITANTE (SCCP)": "Não", "TIME MANDANTE": "SELEÇÃO DOS EUA SUB-23", "GOLS MANDANTE": "1.0", "x": "x", "GOLS VISITANTE": "0.0", "TIME VISITANTE": "CORINTHIANS", "PLACAR": "1x0", "RESULTADO": "DERROTA", "ADVERSÁRIO": "SELEÇÃO DOS EUA SUB-23", "ESTADO ADVERSÁRIO": "N/A (ESTRANGEIRO)", "PAÍS ADVERSÁRIO": "EUA", "GOLS SCCP": "0.0", "GOLS ADVERSÁRIO": "1.0", "SALDO DE GOLS": "-1", "TREINADOR": "EMILY LIMA", "JOGO OFICIAL?": "NÃO", "COMPETIÇÃO": "AMISTOSO", "FASE": "N/A", "ESTÁDIO": "CENTRO DE FORMAÇÃO DE ATLETAS LAUDO NATEL (CT DE COTIA)", "CAPACIDADE": "1500", "CIDADE": "COTIA ", "ESTADO/PROVÍNCIA": "SÃO PAULO", "PAÍS": "BRASIL", "LATITUDE": -23.621368389045369, "LONGITUDE": -46.913702630845982, "PÚBLICO PAGANTE": "PF", "PÚBLICO TOTAL": "PF", "RENDA BRUTA (R$)": "PF", "RENDA LÍQUIDA (R$)": "PF", "TICKET MÉDIO (R$)": "PF", "AUTORAS": null, "TÍTULO?": "N/A", "OBSERVAÇÕES": null, "ERA": "Depois da reativação" }, "geometry": { "type": "Point", "coordinates": [ -46.913702630845982, -23.621368389045369 ] } },
{ "type": "Feature", "properties": { "DATA": "2026-07-17", "DIA DA SEMANA": "sexta-feira", "DIA DO JOGO": "17.0", "MÊS DO JOGO": "julho", "ANO JOGO": 2026.0, "ANO COMPETIÇÃO": 2026.0, "MANDANTE / VISITANTE (SCCP)": "Sim", "TIME MANDANTE": "CORINTHIANS", "GOLS MANDANTE": "1.0", "x": "x", "GOLS VISITANTE": "0.0", "TIME VISITANTE": "FERROVIÁRIA", "PLACAR": "1x0", "RESULTADO": "VITÓRIA", "ADVERSÁRIO": "FERROVIÁRIA", "ESTADO ADVERSÁRIO": "SÃO PAULO", "PAÍS ADVERSÁRIO": "BRASIL", "GOLS SCCP": "1.0", "GOLS ADVERSÁRIO": "0.0", "SALDO DE GOLS": "1", "TREINADOR": "EMILY LIMA", "JOGO OFICIAL?": "SIM", "COMPETIÇÃO": "CAMPEONATO PAULISTA / FPF", "FASE": "1ª FASE", "ESTÁDIO": "ALFREDO SCHÜRIG (PARQUE SÃO JORGE / FAZENDINHA)", "CAPACIDADE": "9800", "CIDADE": "SÃO PAULO ", "ESTADO/PROVÍNCIA": "SÃO PAULO", "PAÍS": "BRASIL", "LATITUDE": -23.526659630812546, "LONGITUDE": -46.569480895169598, "PÚBLICO PAGANTE": "3163.0", "PÚBLICO TOTAL": "672.0", "RENDA BRUTA (R$)": "36918.5", "RENDA LÍQUIDA (R$)": "7367.6", "TICKET MÉDIO (R$)": "11.67198862", "AUTORAS": null, "TÍTULO?": "N/A", "OBSERVAÇÕES": null, "ERA": "Depois da reativação" }, "geometry": { "type": "Point", "coordinates": [ -46.569480895169598, -23.526659630812546 ] } },
{ "type": "Feature", "properties": { "DATA": "2026-07-20", "DIA DA SEMANA": "segunda-feira", "DIA DO JOGO": "20.0", "MÊS DO JOGO": "julho", "ANO JOGO": 2026.0, "ANO COMPETIÇÃO": 2026.0, "MANDANTE / VISITANTE (SCCP)": "Não", "TIME MANDANTE": "FERROVIÁRIA", "GOLS MANDANTE": "1.0", "x": "x", "GOLS VISITANTE": "0.0", "TIME VISITANTE": "CORINTHIANS", "PLACAR": "1x0", "RESULTADO": "DERROTA", "ADVERSÁRIO": "FERROVIÁRIA", "ESTADO ADVERSÁRIO": "SÃO PAULO", "PAÍS ADVERSÁRIO": "BRASIL", "GOLS SCCP": "0.0", "GOLS ADVERSÁRIO": "1.0", "SALDO DE GOLS": "-1", "TREINADOR": "EMILY LIMA", "JOGO OFICIAL?": "SIM", "COMPETIÇÃO": "COPA DO BRASIL", "FASE": "OITAVAS DE FINAL", "ESTÁDIO": "OLIVÉRIO BAZZANI FILHO (ARENA DA FONTE LUMINOSA)", "CAPACIDADE": "20205", "CIDADE": "ARARAQUARA ", "ESTADO/PROVÍNCIA": "SÃO PAULO", "PAÍS": "BRASIL", "LATITUDE": -21.775035435893585, "LONGITUDE": -48.169600583381282, "PÚBLICO PAGANTE": "1489.0", "PÚBLICO TOTAL": "ND", "RENDA BRUTA (R$)": "22390.0", "RENDA LÍQUIDA (R$)": "-3251.95", "TICKET MÉDIO (R$)": "15.03693754", "AUTORAS": null, "TÍTULO?": "N/A", "OBSERVAÇÕES": null, "ERA": "Depois da reativação" }, "geometry": { "type": "Point", "coordinates": [ -48.169600583381282, -21.775035435893585 ] } },
{ "type": "Feature", "properties": { "DATA": "2026-07-26", "DIA DA SEMANA": "domingo", "DIA DO JOGO": "26.0", "MÊS DO JOGO": "julho", "ANO JOGO": 2026.0, "ANO COMPETIÇÃO": 2026.0, "MANDANTE / VISITANTE (SCCP)": "Sim", "TIME MANDANTE": "CORINTHIANS", "GOLS MANDANTE": "4.0", "x": "x", "GOLS VISITANTE": "0.0", "TIME VISITANTE": "VITÓRIA", "PLACAR": "4x0", "RESULTADO": "VITÓRIA", "ADVERSÁRIO": "VITÓRIA", "ESTADO ADVERSÁRIO": "BAHIA", "PAÍS ADVERSÁRIO": "BRASIL", "GOLS SCCP": "4.0", "GOLS ADVERSÁRIO": "0.0", "SALDO DE GOLS": "4", "TREINADOR": "EMILY LIMA", "JOGO OFICIAL?": "SIM", "COMPETIÇÃO": "CAMPEONATO BRASILEIRO", "FASE": "1ª FASE", "ESTÁDIO": "OSWALDO TEIXEIRA DUARTE (CANINDÉ)", "CAPACIDADE": "21004", "CIDADE": "SÃO PAULO ", "ESTADO/PROVÍNCIA": "SÃO PAULO", "PAÍS": "BRASIL", "LATITUDE": -23.520132719349128, "LONGITUDE": -46.618264502415194, "PÚBLICO PAGANTE": "3135.0", "PÚBLICO TOTAL": "ND", "RENDA BRUTA (R$)": "36247.5", "RENDA LÍQUIDA (R$)": "-36966.75", "TICKET MÉDIO (R$)": "11.56220096", "AUTORAS": null, "TÍTULO?": "N/A", "OBSERVAÇÕES": null, "ERA": "Depois da reativação" }, "geometry": { "type": "Point", "coordinates": [ -46.618264502415194, -23.520132719349128 ] } },
{ "type": "Feature", "properties": { "DATA": "2026-07-29", "DIA DA SEMANA": "quarta-feira", "DIA DO JOGO": "29.0", "MÊS DO JOGO": "julho", "ANO JOGO": 2026.0, "ANO COMPETIÇÃO": 2026.0, "MANDANTE / VISITANTE (SCCP)": "Não", "TIME MANDANTE": "PALMEIRAS", "GOLS MANDANTE": "1.0", "x": "x", "GOLS VISITANTE": "0.0", "TIME VISITANTE": "CORINTHIANS", "PLACAR": "1x0", "RESULTADO": "DERROTA", "ADVERSÁRIO": "PALMEIRAS", "ESTADO ADVERSÁRIO": "SÃO PAULO", "PAÍS ADVERSÁRIO": "BRASIL", "GOLS SCCP": "0.0", "GOLS ADVERSÁRIO": "1.0", "SALDO DE GOLS": "-1", "TREINADOR": "EMILY LIMA", "JOGO OFICIAL?": "SIM", "COMPETIÇÃO": "CAMPEONATO PAULISTA / FPF", "FASE": "1ª FASE", "ESTÁDIO": "ORLANDO BATISTA NOVELI (ARENA BARUERI / CREFISA)", "CAPACIDADE": "31452", "CIDADE": "BARUERI ", "ESTADO/PROVÍNCIA": "SÃO PAULO", "PAÍS": "BRASIL", "LATITUDE": -23.511935566878485, "LONGITUDE": -46.899810331250407, "PÚBLICO PAGANTE": "212.0", "PÚBLICO TOTAL": "ND", "RENDA BRUTA (R$)": "0.0", "RENDA LÍQUIDA (R$)": "-26738.99", "TICKET MÉDIO (R$)": "0", "AUTORAS": null, "TÍTULO?": "N/A", "OBSERVAÇÕES": null, "ERA": "Depois da reativação" }, "geometry": { "type": "Point", "coordinates": [ -46.899810331250407, -23.511935566878485 ] } },
{ "type": "Feature", "properties": { "DATA": "2026-08-03", "DIA DA SEMANA": "segunda-feira", "DIA DO JOGO": "3.0", "MÊS DO JOGO": "agosto", "ANO JOGO": 2026.0, "ANO COMPETIÇÃO": 2026.0, "MANDANTE / VISITANTE (SCCP)": "Não", "TIME MANDANTE": "FLAMENGO", "GOLS MANDANTE": "0.0", "x": "x", "GOLS VISITANTE": "1.0", "TIME VISITANTE": "CORINTHIANS", "PLACAR": "0x1", "RESULTADO": "VITÓRIA", "ADVERSÁRIO": "FLAMENGO", "ESTADO ADVERSÁRIO": "RIO DE JANEIRO", "PAÍS ADVERSÁRIO": "BRASIL", "GOLS SCCP": "1.0", "GOLS ADVERSÁRIO": "0.0", "SALDO DE GOLS": "1", "TREINADOR": "EMILY LIMA", "JOGO OFICIAL?": "SIM", "COMPETIÇÃO": "CAMPEONATO BRASILEIRO", "FASE": "1ª FASE", "ESTÁDIO": "LUSO-BRASILEIRO (ESTÁDIO DOS VENTOS UIVANTES)", "CAPACIDADE": "5044", "CIDADE": "RIO DE JANEIRO ", "ESTADO/PROVÍNCIA": "RIO DE JANEIRO", "PAÍS": "BRASIL", "LATITUDE": -22.801433427456193, "LONGITUDE": -43.207472348437818, "PÚBLICO PAGANTE": "229.0", "PÚBLICO TOTAL": "ND", "RENDA BRUTA (R$)": "0.0", "RENDA LÍQUIDA (R$)": "-7205.13", "TICKET MÉDIO (R$)": "0", "AUTORAS": null, "TÍTULO?": "N/A", "OBSERVAÇÕES": null, "ERA": "Depois da reativação" }, "geometry": { "type": "Point", "coordinates": [ -43.207472348437818, -22.801433427456193 ] } },
{ "type": "Feature", "properties": { "DATA": "2026-08-09", "DIA DA SEMANA": "domingo", "DIA DO JOGO": "9.0", "MÊS DO JOGO": "agosto", "ANO JOGO": 2026.0, "ANO COMPETIÇÃO": 2026.0, "MANDANTE / VISITANTE (SCCP)": "Sim", "TIME MANDANTE": "CORINTHIANS", "GOLS MANDANTE": "4.0", "x": "x", "GOLS VISITANTE": "1.0", "TIME VISITANTE": "SANTOS", "PLACAR": "4x1", "RESULTADO": "VITÓRIA", "ADVERSÁRIO": "SANTOS", "ESTADO ADVERSÁRIO": "SÃO PAULO", "PAÍS ADVERSÁRIO": "BRASIL", "GOLS SCCP": "4.0", "GOLS ADVERSÁRIO": "1.0", "SALDO DE GOLS": "3", "TREINADOR": "EMILY LIMA", "JOGO OFICIAL?": "SIM", "COMPETIÇÃO": "CAMPEONATO BRASILEIRO", "FASE": "1ª FASE", "ESTÁDIO": "OSWALDO TEIXEIRA DUARTE (CANINDÉ)", "CAPACIDADE": "21004", "CIDADE": "SÃO PAULO ", "ESTADO/PROVÍNCIA": "SÃO PAULO", "PAÍS": "BRASIL", "LATITUDE": -23.520132719349128, "LONGITUDE": -46.618264502415194, "PÚBLICO PAGANTE": "2762.0", "PÚBLICO TOTAL": "ND", "RENDA BRUTA (R$)": "29928.5", "RENDA LÍQUIDA (R$)": "-45958.14", "TICKET MÉDIO (R$)": "10.83580739", "AUTORAS": null, "TÍTULO?": "N/A", "OBSERVAÇÕES": null, "ERA": "Depois da reativação" }, "geometry": { "type": "Point", "coordinates": [ -46.618264502415194, -23.520132719349128 ] } },
{ "type": "Feature", "properties": { "DATA": "2026-08-12", "DIA DA SEMANA": "quarta-feira", "DIA DO JOGO": "12.0", "MÊS DO JOGO": "agosto", "ANO JOGO": 2026.0, "ANO COMPETIÇÃO": 2026.0, "MANDANTE / VISITANTE (SCCP)": "Não", "TIME MANDANTE": "MIRASSOL", "GOLS MANDANTE": "1.0", "x": "x", "GOLS VISITANTE": "4.0", "TIME VISITANTE": "CORINTHIANS", "PLACAR": "1x4", "RESULTADO": "VITÓRIA", "ADVERSÁRIO": "MIRASSOL", "ESTADO ADVERSÁRIO": "SÃO PAULO", "PAÍS ADVERSÁRIO": "BRASIL", "GOLS SCCP": "4.0", "GOLS ADVERSÁRIO": "1.0", "SALDO DE GOLS": "3", "TREINADOR": "EMILY LIMA", "JOGO OFICIAL?": "SIM", "COMPETIÇÃO": "CAMPEONATO PAULISTA / FPF", "FASE": "1ª FASE", "ESTÁDIO": "MANOEL FRANCISCO FERREIRA", "CAPACIDADE": "1000", "CIDADE": "BÁLSAMO ", "ESTADO/PROVÍNCIA": "SÃO PAULO", "PAÍS": "BRASIL", "LATITUDE": -20.732369937748992, "LONGITUDE": -49.5820706754265, "PÚBLICO PAGANTE": "223.0", "PÚBLICO TOTAL": "ND", "RENDA BRUTA (R$)": "0.0", "RENDA LÍQUIDA (R$)": "-7712.23", "TICKET MÉDIO (R$)": "0", "AUTORAS": null, "TÍTULO?": "N/A", "OBSERVAÇÕES": null, "ERA": "Depois da reativação" }, "geometry": { "type": "Point", "coordinates": [ -49.5820706754265, -20.732369937748992 ] } },
{ "type": "Feature", "properties": { "DATA": "2026-08-15", "DIA DA SEMANA": "sábado", "DIA DO JOGO": "15.0", "MÊS DO JOGO": "agosto", "ANO JOGO": 2026.0, "ANO COMPETIÇÃO": 2026.0, "MANDANTE / VISITANTE (SCCP)": "Não", "TIME MANDANTE": "BAHIA", "GOLS MANDANTE": "1.0", "x": "x", "GOLS VISITANTE": "1.0", "TIME VISITANTE": "CORINTHIANS", "PLACAR": "1x1", "RESULTADO": "EMPATE", "ADVERSÁRIO": "BAHIA", "ESTADO ADVERSÁRIO": "BAHIA", "PAÍS ADVERSÁRIO": "BRASIL", "GOLS SCCP": "1.0", "GOLS ADVERSÁRIO": "1.0", "SALDO DE GOLS": "0", "TREINADOR": "EMILY LIMA", "JOGO OFICIAL?": "SIM", "COMPETIÇÃO": "CAMPEONATO BRASILEIRO", "FASE": "1ª FASE", "ESTÁDIO": "COMPLEXO ESPORTIVO CULTURAL OCTÁVIO MANGABEIRA (CASA DE APOSTAS ARENA FONTE NOVA)", "CAPACIDADE": "48661", "CIDADE": "SALVADOR", "ESTADO/PROVÍNCIA": "BAHIA", "PAÍS": "BRASIL", "LATITUDE": -12.978698305026947, "LONGITUDE": -38.504148592328669, "PÚBLICO PAGANTE": "2400.0", "PÚBLICO TOTAL": "ND", "RENDA BRUTA (R$)": "41852.0", "RENDA LÍQUIDA (R$)": "-57467.79", "TICKET MÉDIO (R$)": "17.43833333", "AUTORAS": null, "TÍTULO?": "N/A", "OBSERVAÇÕES": null, "ERA": "Depois da reativação" }, "geometry": { "type": "Point", "coordinates": [ -38.504148592328669, -12.978698305026947 ] } },
{ "type": "Feature", "properties": { "DATA": "2026-08-22", "DIA DA SEMANA": "sábado", "DIA DO JOGO": "22.0", "MÊS DO JOGO": "agosto", "ANO JOGO": 2026.0, "ANO COMPETIÇÃO": 2026.0, "MANDANTE / VISITANTE (SCCP)": "Sim", "TIME MANDANTE": "CORINTHIANS", "GOLS MANDANTE": "1.0", "x": "x", "GOLS VISITANTE": "3.0", "TIME VISITANTE": "INTERNACIONAL", "PLACAR": "1x3", "RESULTADO": "DERROTA", "ADVERSÁRIO": "INTERNACIONAL", "ESTADO ADVERSÁRIO": "RIO GRANDE DO SUL", "PAÍS ADVERSÁRIO": "BRASIL", "GOLS SCCP": "1.0", "GOLS ADVERSÁRIO": "3.0", "SALDO DE GOLS": "-2", "TREINADOR": "EMILY LIMA", "JOGO OFICIAL?": "SIM", "COMPETIÇÃO": "CAMPEONATO BRASILEIRO", "FASE": "1ª FASE", "ESTÁDIO": "ALFREDO SCHÜRIG (PARQUE SÃO JORGE / FAZENDINHA)", "CAPACIDADE": "9800", "CIDADE": "SÃO PAULO ", "ESTADO/PROVÍNCIA": "SÃO PAULO", "PAÍS": "BRASIL", "LATITUDE": -23.526659630812546, "LONGITUDE": -46.569480895169598, "PÚBLICO PAGANTE": "3916.0", "PÚBLICO TOTAL": "884.0", "RENDA BRUTA (R$)": "58633.0", "RENDA LÍQUIDA (R$)": "11442.68", "TICKET MÉDIO (R$)": "14.9726762", "AUTORAS": null, "TÍTULO?": "N/A", "OBSERVAÇÕES": null, "ERA": "Depois da reativação" }, "geometry": { "type": "Point", "coordinates": [ -46.569480895169598, -23.526659630812546 ] } },
{ "type": "Feature", "properties": { "DATA": "2026-08-26", "DIA DA SEMANA": "quarta-feira", "DIA DO JOGO": "26.0", "MÊS DO JOGO": "agosto", "ANO JOGO": 2026.0, "ANO COMPETIÇÃO": 2026.0, "MANDANTE / VISITANTE (SCCP)": "Sim", "TIME MANDANTE": "CORINTHIANS", "GOLS MANDANTE": "6.0", "x": "x", "GOLS VISITANTE": "2.0", "TIME VISITANTE": "TAUBATÉ", "PLACAR": "6x2", "RESULTADO": "VITÓRIA", "ADVERSÁRIO": "TAUBATÉ", "ESTADO ADVERSÁRIO": "SÃO PAULO", "PAÍS ADVERSÁRIO": "BRASIL", "GOLS SCCP": "6.0", "GOLS ADVERSÁRIO": "2.0", "SALDO DE GOLS": "4", "TREINADOR": "EMILY LIMA", "JOGO OFICIAL?": "SIM", "COMPETIÇÃO": "CAMPEONATO PAULISTA / FPF", "FASE": "1ª FASE", "ESTÁDIO": "ALFREDO SCHÜRIG (PARQUE SÃO JORGE / FAZENDINHA)", "CAPACIDADE": "9800", "CIDADE": "SÃO PAULO ", "ESTADO/PROVÍNCIA": "SÃO PAULO", "PAÍS": "BRASIL", "LATITUDE": -23.526659630812546, "LONGITUDE": -46.569480895169598, "PÚBLICO PAGANTE": "3075.0", "PÚBLICO TOTAL": "291.0", "RENDA BRUTA (R$)": "33709.0", "RENDA LÍQUIDA (R$)": "4988.02", "TICKET MÉDIO (R$)": "10.96227642", "AUTORAS": null, "TÍTULO?": "N/A", "OBSERVAÇÕES": null, "ERA": "Depois da reativação" }, "geometry": { "type": "Point", "coordinates": [ -46.569480895169598, -23.526659630812546 ] } },
{ "type": "Feature", "properties": { "DATA": "2026-08-31", "DIA DA SEMANA": "segunda-feira", "DIA DO JOGO": "31.0", "MÊS DO JOGO": "agosto", "ANO JOGO": 2026.0, "ANO COMPETIÇÃO": 2026.0, "MANDANTE / VISITANTE (SCCP)": "Não", "TIME MANDANTE": "CRUZEIRO", "GOLS MANDANTE": "0.0", "x": "x", "GOLS VISITANTE": "1.0", "TIME VISITANTE": "CORINTHIANS", "PLACAR": "0x1", "RESULTADO": "VITÓRIA", "ADVERSÁRIO": "CRUZEIRO", "ESTADO ADVERSÁRIO": "MINAS GERAIS", "PAÍS ADVERSÁRIO": "BRASIL", "GOLS SCCP": "1.0", "GOLS ADVERSÁRIO": "0.0", "SALDO DE GOLS": "1", "TREINADOR": "EMILY LIMA", "JOGO OFICIAL?": "SIM", "COMPETIÇÃO": "CAMPEONATO BRASILEIRO", "FASE": "QUARTAS DE FINAL", "ESTÁDIO": "RAIMUNDO SAMPAIO (ARENA INDEPENDÊNCIA)", "CAPACIDADE": "23018", "CIDADE": "BELO HORIZONTE", "ESTADO/PROVÍNCIA": "MINAS GERAIS", "PAÍS": "BRASIL", "LATITUDE": -19.90848330206083, "LONGITUDE": -43.91854807059611, "PÚBLICO PAGANTE": "2288.0", "PÚBLICO TOTAL": "ND", "RENDA BRUTA (R$)": "19645.0", "RENDA LÍQUIDA (R$)": "-3097.34", "TICKET MÉDIO (R$)": "8.586101399", "AUTORAS": null, "TÍTULO?": "N/A", "OBSERVAÇÕES": null, "ERA": "Depois da reativação" }, "geometry": { "type": "Point", "coordinates": [ -43.91854807059611, -19.90848330206083 ] } },
{ "type": "Feature", "properties": { "DATA": "2026-09-07", "DIA DA SEMANA": "segunda-feira", "DIA DO JOGO": "7.0", "MÊS DO JOGO": "setembro", "ANO JOGO": 2026.0, "ANO COMPETIÇÃO": 2026.0, "MANDANTE / VISITANTE (SCCP)": "Sim", "TIME MANDANTE": "CORINTHIANS", "GOLS MANDANTE": "3.0", "x": "x", "GOLS VISITANTE": "1.0", "TIME VISITANTE": "CRUZEIRO", "PLACAR": "3x1", "RESULTADO": "VITÓRIA", "ADVERSÁRIO": "CRUZEIRO", "ESTADO ADVERSÁRIO": "MINAS GERAIS", "PAÍS ADVERSÁRIO": "BRASIL", "GOLS SCCP": "3.0", "GOLS ADVERSÁRIO": "1.0", "SALDO DE GOLS": "2", "TREINADOR": "EMILY LIMA", "JOGO OFICIAL?": "SIM", "COMPETIÇÃO": "CAMPEONATO BRASILEIRO", "FASE": "QUARTAS DE FINAL", "ESTÁDIO": "OSWALDO TEIXEIRA DUARTE (CANINDÉ)", "CAPACIDADE": "21004", "CIDADE": "SÃO PAULO ", "ESTADO/PROVÍNCIA": "SÃO PAULO", "PAÍS": "BRASIL", "LATITUDE": -23.520132719349128, "LONGITUDE": -46.618264502415194, "PÚBLICO PAGANTE": "5701.0", "PÚBLICO TOTAL": "2201.0", "RENDA BRUTA (R$)": "80234.5", "RENDA LÍQUIDA (R$)": "-28762.65", "TICKET MÉDIO (R$)": "14.07375899", "AUTORAS": null, "TÍTULO?": "N/A", "OBSERVAÇÕES": null, "ERA": "Depois da reativação" }, "geometry": { "type": "Point", "coordinates": [ -46.618264502415194, -23.520132719349128 ] } },
{ "type": "Feature", "properties": { "DATA": "2026-09-15", "DIA DA SEMANA": "terça-feira", "DIA DO JOGO": "15.0", "MÊS DO JOGO": "setembro", "ANO JOGO": 2026.0, "ANO COMPETIÇÃO": 2026.0, "MANDANTE / VISITANTE (SCCP)": "Não", "TIME MANDANTE": "BAHIA", "GOLS MANDANTE": "0.0", "x": "x", "GOLS VISITANTE": "1.0", "TIME VISITANTE": "CORINTHIANS", "PLACAR": "0x1", "RESULTADO": "VITÓRIA", "ADVERSÁRIO": "BAHIA", "ESTADO ADVERSÁRIO": "BAHIA", "PAÍS ADVERSÁRIO": "BRASIL", "GOLS SCCP": "1.0", "GOLS ADVERSÁRIO": "0.0", "SALDO DE GOLS": "1", "TREINADOR": "EMILY LIMA", "JOGO OFICIAL?": "SIM", "COMPETIÇÃO": "CAMPEONATO BRASILEIRO", "FASE": "SEMIFINAL", "ESTÁDIO": "COMPLEXO ESPORTIVO CULTURAL OCTÁVIO MANGABEIRA (CASA DE APOSTAS ARENA FONTE NOVA)", "CAPACIDADE": "48661", "CIDADE": "SALVADOR", "ESTADO/PROVÍNCIA": "BAHIA", "PAÍS": "BRASIL", "LATITUDE": -12.978698305026947, "LONGITUDE": -38.504148592328669, "PÚBLICO PAGANTE": "5758.0", "PÚBLICO TOTAL": "5811.0", "RENDA BRUTA (R$)": "102857.0", "RENDA LÍQUIDA (R$)": "-31165.26", "TICKET MÉDIO (R$)": "17.8633206", "AUTORAS": null, "TÍTULO?": "N/A", "OBSERVAÇÕES": null, "ERA": "Depois da reativação" }, "geometry": { "type": "Point", "coordinates": [ -38.504148592328669, -12.978698305026947 ] } },
{ "type": "Feature", "properties": { "DATA": "2026-09-21", "DIA DA SEMANA": "segunda-feira", "DIA DO JOGO": "21.0", "MÊS DO JOGO": "setembro", "ANO JOGO": 2026.0, "ANO COMPETIÇÃO": 2026.0, "MANDANTE / VISITANTE (SCCP)": "Sim", "TIME MANDANTE": "CORINTHIANS", "GOLS MANDANTE": "1.0", "x": "x", "GOLS VISITANTE": "0.0", "TIME VISITANTE": "BAHIA", "PLACAR": "1x0", "RESULTADO": "VITÓRIA", "ADVERSÁRIO": "BAHIA", "ESTADO ADVERSÁRIO": "BAHIA", "PAÍS ADVERSÁRIO": "BRASIL", "GOLS SCCP": "1.0", "GOLS ADVERSÁRIO": "0.0", "SALDO DE GOLS": "1", "TREINADOR": "EMILY LIMA", "JOGO OFICIAL?": "SIM", "COMPETIÇÃO": "CAMPEONATO BRASILEIRO", "FASE": "SEMIFINAL", "ESTÁDIO": "NEO QUÍMICA ARENA (ARENA CORINTHIANS)", "CAPACIDADE": "48905", "CIDADE": "SÃO PAULO ", "ESTADO/PROVÍNCIA": "SÃO PAULO", "PAÍS": "BRASIL", "LATITUDE": -23.545141276878514, "LONGITUDE": -46.473682029403896, "PÚBLICO PAGANTE": "9551.0", "PÚBLICO TOTAL": "9755.0", "RENDA BRUTA (R$)": "194830.0", "RENDA LÍQUIDA (R$)": null, "TICKET MÉDIO (R$)": "20.39891111", "AUTORAS": null, "TÍTULO?": "N/A", "OBSERVAÇÕES": null, "ERA": "Depois da reativação" }, "geometry": { "type": "Point", "coordinates": [ -46.473682029403896, -23.545141276878514 ] } },
{ "type": "Feature", "properties": { "DATA": "2026-09-26", "DIA DA SEMANA": "sábado", "DIA DO JOGO": "26.0", "MÊS DO JOGO": "setembro", "ANO JOGO": 2026.0, "ANO COMPETIÇÃO": 2026.0, "MANDANTE / VISITANTE (SCCP)": "Sim", "TIME MANDANTE": "CORINTHIANS", "GOLS MANDANTE": null, "x": "x", "GOLS VISITANTE": null, "TIME VISITANTE": "SÃO PAULO", "PLACAR": "x", "RESULTADO": "EMPATE", "ADVERSÁRIO": "SÃO PAULO", "ESTADO ADVERSÁRIO": "SÃO PAULO", "PAÍS ADVERSÁRIO": "BRASIL", "GOLS SCCP": null, "GOLS ADVERSÁRIO": null, "SALDO DE GOLS": "0", "TREINADOR": "EMILY LIMA", "JOGO OFICIAL?": "SIM", "COMPETIÇÃO": "CAMPEONATO BRASILEIRO", "FASE": "FINAL", "ESTÁDIO": "NEO QUÍMICA ARENA (ARENA CORINTHIANS)", "CAPACIDADE": "48905", "CIDADE": "SÃO PAULO ", "ESTADO/PROVÍNCIA": "SÃO PAULO", "PAÍS": "BRASIL", "LATITUDE": -23.545141276878514, "LONGITUDE": -46.473682029403896, "PÚBLICO PAGANTE": null, "PÚBLICO TOTAL": null, "RENDA BRUTA (R$)": null, "RENDA LÍQUIDA (R$)": null, "TICKET MÉDIO (R$)": "ND", "AUTORAS": null, "TÍTULO?": "N/A", "OBSERVAÇÕES": null, "ERA": "Depois da reativação" }, "geometry": { "type": "Point", "coordinates": [ -46.473682029403896, -23.545141276878514 ] } },
{ "type": "Feature", "properties": { "DATA": "2026-10-03", "DIA DA SEMANA": "sábado", "DIA DO JOGO": "3.0", "MÊS DO JOGO": "outubro", "ANO JOGO": 2025.0, "ANO COMPETIÇÃO": 2025.0, "MANDANTE / VISITANTE (SCCP)": "Não", "TIME MANDANTE": "SÃO PAULO", "GOLS MANDANTE": null, "x": "x", "GOLS VISITANTE": null, "TIME VISITANTE": "CORINTHIANS", "PLACAR": "x", "RESULTADO": "EMPATE", "ADVERSÁRIO": "SÃO PAULO", "ESTADO ADVERSÁRIO": "SÃO PAULO", "PAÍS ADVERSÁRIO": "BRASIL", "GOLS SCCP": null, "GOLS ADVERSÁRIO": null, "SALDO DE GOLS": "0", "TREINADOR": "EMILY LIMA", "JOGO OFICIAL?": "SIM", "COMPETIÇÃO": "CAMPEONATO BRASILEIRO", "FASE": "FINAL", "ESTÁDIO": "CÍCERO POMPEU DE TOLEDO - MORUMBIS", "CAPACIDADE": "66795", "CIDADE": "SÃO PAULO ", "ESTADO/PROVÍNCIA": "SÃO PAULO", "PAÍS": "BRASIL", "LATITUDE": -23.600668615234898, "LONGITUDE": -46.719567331250424, "PÚBLICO PAGANTE": null, "PÚBLICO TOTAL": null, "RENDA BRUTA (R$)": null, "RENDA LÍQUIDA (R$)": null, "TICKET MÉDIO (R$)": "ND", "AUTORAS": null, "TÍTULO?": "N/A", "OBSERVAÇÕES": null, "ERA": "Depois da reativação" }, "geometry": { "type": "Point", "coordinates": [ -46.719567331250424, -23.600668615234898 ] } },
{ "type": "Feature", "properties": { "DATA": "2026-10-15", "DIA DA SEMANA": "quinta-feira", "DIA DO JOGO": "15.0", "MÊS DO JOGO": "outubro", "ANO JOGO": 2026.0, "ANO COMPETIÇÃO": 2026.0, "MANDANTE / VISITANTE (SCCP)": "Sim", "TIME MANDANTE": "CORINTHIANS", "GOLS MANDANTE": null, "x": "x", "GOLS VISITANTE": null, "TIME VISITANTE": "COLO COLO (CHI)", "PLACAR": "x", "RESULTADO": "EMPATE", "ADVERSÁRIO": "COLO COLO (CHI)", "ESTADO ADVERSÁRIO": "N/A (ESTRANGEIRO)", "PAÍS ADVERSÁRIO": "CHILE", "GOLS SCCP": null, "GOLS ADVERSÁRIO": null, "SALDO DE GOLS": "0", "TREINADOR": "EMILY LIMA", "JOGO OFICIAL?": "SIM", "COMPETIÇÃO": "COPA LIBERTADORES", "FASE": "FASE DE GRUPOS", "ESTÁDIO": "RODRIGO PAZ DELGADO (CASA BLANCA)", "CAPACIDADE": "41575", "CIDADE": "QUITO", "ESTADO/PROVÍNCIA": "PICHINCHA", "PAÍS": "EQUADOR", "LATITUDE": -0.10741937280164725, "LONGITUDE": -78.488589187074325, "PÚBLICO PAGANTE": null, "PÚBLICO TOTAL": null, "RENDA BRUTA (R$)": null, "RENDA LÍQUIDA (R$)": null, "TICKET MÉDIO (R$)": "ND", "AUTORAS": null, "TÍTULO?": "N/A", "OBSERVAÇÕES": null, "ERA": "Depois da reativação" }, "geometry": { "type": "Point", "coordinates": [ -78.488589187074325, -0.107419372801647 ] } },
{ "type": "Feature", "properties": { "DATA": "2026-10-18", "DIA DA SEMANA": "domingo", "DIA DO JOGO": "21.0", "MÊS DO JOGO": "outubro", "ANO JOGO": 2026.0, "ANO COMPETIÇÃO": 2026.0, "MANDANTE / VISITANTE (SCCP)": "Sim", "TIME MANDANTE": "CORINTHIANS", "GOLS MANDANTE": null, "x": "x", "GOLS VISITANTE": null, "TIME VISITANTE": "CARACAS (VEN)", "PLACAR": "x", "RESULTADO": "EMPATE", "ADVERSÁRIO": "CARACAS (VEN)", "ESTADO ADVERSÁRIO": "N/A (ESTRANGEIRO)", "PAÍS ADVERSÁRIO": "VENEZUELA", "GOLS SCCP": null, "GOLS ADVERSÁRIO": null, "SALDO DE GOLS": "0", "TREINADOR": "EMILY LIMA", "JOGO OFICIAL?": "SIM", "COMPETIÇÃO": "COPA LIBERTADORES", "FASE": "FASE DE GRUPOS", "ESTÁDIO": "RODRIGO PAZ DELGADO (CASA BLANCA)", "CAPACIDADE": "41575", "CIDADE": "QUITO", "ESTADO/PROVÍNCIA": "PICHINCHA", "PAÍS": "EQUADOR", "LATITUDE": -0.10741937280164725, "LONGITUDE": -78.488589187074325, "PÚBLICO PAGANTE": null, "PÚBLICO TOTAL": null, "RENDA BRUTA (R$)": null, "RENDA LÍQUIDA (R$)": null, "TICKET MÉDIO (R$)": "ND", "AUTORAS": null, "TÍTULO?": "N/A", "OBSERVAÇÕES": null, "ERA": "Depois da reativação" }, "geometry": { "type": "Point", "coordinates": [ -78.488589187074325, -0.107419372801647 ] } },
{ "type": "Feature", "properties": { "DATA": "2026-10-21", "DIA DA SEMANA": "quarta-feira", "DIA DO JOGO": "21.0", "MÊS DO JOGO": "outubro", "ANO JOGO": 2026.0, "ANO COMPETIÇÃO": 2026.0, "MANDANTE / VISITANTE (SCCP)": "Não", "TIME MANDANTE": "A DEFINIR", "GOLS MANDANTE": null, "x": "x", "GOLS VISITANTE": null, "TIME VISITANTE": "CORINTHIANS", "PLACAR": "x", "RESULTADO": "EMPATE", "ADVERSÁRIO": "A DEFINIR", "ESTADO ADVERSÁRIO": "N/A (ESTRANGEIRO)", "PAÍS ADVERSÁRIO": "COLÔMBIA", "GOLS SCCP": null, "GOLS ADVERSÁRIO": null, "SALDO DE GOLS": "0", "TREINADOR": "EMILY LIMA", "JOGO OFICIAL?": "SIM", "COMPETIÇÃO": "COPA LIBERTADORES", "FASE": "FASE DE GRUPOS", "ESTÁDIO": "ESTADIO BANCO GUAYAQUIL (ESTADIO IDV)", "CAPACIDADE": "12000", "CIDADE": "QUITO", "ESTADO/PROVÍNCIA": "PICHINCHA", "PAÍS": "EQUADOR", "LATITUDE": -0.34917987956985463, "LONGITUDE": -78.470307401566345, "PÚBLICO PAGANTE": null, "PÚBLICO TOTAL": null, "RENDA BRUTA (R$)": null, "RENDA LÍQUIDA (R$)": null, "TICKET MÉDIO (R$)": "ND", "AUTORAS": null, "TÍTULO?": "N/A", "OBSERVAÇÕES": null, "ERA": "Depois da reativação" }, "geometry": { "type": "Point", "coordinates": [ -78.470307401566345, -0.349179879569855 ] } }
]
}
