{
"type": "FeatureCollection",
"name": "estadios_mundo",
"crs": { "type": "name", "properties": { "name": "urn:ogc:def:crs:OGC:1.3:CRS84" } },
"features": [
{ "type": "Feature", "properties": { "id": null, "Name": "Castelão", "descriptio": "Estádio Governador Plácido Castelo<br><br>Primeira partida: ceará 0 x 1 Corinthians 03/02/1974 - Brasileiro", "timestamp": null, "begin": null, "end": null, "altitudeMo": null, "tessellate": -1, "extrude": 0, "visibility": -1, "drawOrder": null, "icon": null }, "geometry": { "type": "Point", "coordinates": [ -38.5224331, -3.8072834 ] } },
{ "type": "Feature", "properties": { "id": null, "Name": "Abreuzão", "descriptio": "Estádio Municipal Bento de Abreu Sampaio Vidal<br><br>Primeira partida: são bento de marília 1 x 6 Corinthians 03/11/1940 - Amistoso", "timestamp": null, "begin": null, "end": null, "altitudeMo": null, "tessellate": -1, "extrude": 0, "visibility": -1, "drawOrder": null, "icon": null }, "geometry": { "type": "Point", "coordinates": [ -49.9400031, -22.2196144 ] } },
{ "type": "Feature", "properties": { "id": null, "Name": "Achiles Pimpão/Vitorino Gonçalves Dias", "descriptio": "Primeira partida: operario de londrina 1 x 3 Corinthians 01/05/1951 - Amistoso<br><br>OBS: No Almanaque do timão, aparecem como 2 estádios diferentes, mas o local é o mesmo<br><br>https://www.londrinaesporteclube.com.br/noticia/2020/6/24/estadio-vgd-c", "timestamp": null, "begin": null, "end": null, "altitudeMo": null, "tessellate": -1, "extrude": 0, "visibility": -1, "drawOrder": null, "icon": null }, "geometry": { "type": "Point", "coordinates": [ -51.1519682, -23.3086433 ] } },
{ "type": "Feature", "properties": { "id": null, "Name": "Adhemar de Barros", "descriptio": "Estádio Dr Adhemar de Barros<br><br>Primeira partida: ferroviaria de assis 1 x 4 Corinthians 1/05/1951 - Amistoso", "timestamp": null, "begin": null, "end": null, "altitudeMo": null, "tessellate": -1, "extrude": 0, "visibility": -1, "drawOrder": null, "icon": null }, "geometry": { "type": "Point", "coordinates": [ -50.4203455, -22.6702485 ] } },
{ "type": "Feature", "properties": { "id": null, "Name": "Adhemarzão\n", "descriptio": "Estádio Municipal Adhemar de Barros<br><br>Primeira partida: ferroviario de araçatuba 2 x 5 Corinthians 22/01/1967 - Amistoso", "timestamp": null, "begin": null, "end": null, "altitudeMo": null, "tessellate": -1, "extrude": 0, "visibility": -1, "drawOrder": null, "icon": null }, "geometry": { "type": "Point", "coordinates": [ -50.4444156, -21.2168008 ] } },
{ "type": "Feature", "properties": { "id": null, "Name": "Aflitos", "descriptio": "Estádio Eládio de Barros Carvalho <br><br>Primeira partida: santa cruz 0 x 3 Corinthians 13/01/1965 - Pentagonal do Recife", "timestamp": null, "begin": null, "end": null, "altitudeMo": null, "tessellate": -1, "extrude": 0, "visibility": -1, "drawOrder": null, "icon": null }, "geometry": { "type": "Point", "coordinates": [ -34.8968178, -8.0405628 ] } },
{ "type": "Feature", "properties": { "id": null, "Name": "Mangueirão", "descriptio": "Estádio Estadual Jornalista Edgar Augusto Proença<br><br>Primeira partida: remo 1 x 0 Corinthians 19/03/1980 - Brasileiro", "timestamp": null, "begin": null, "end": null, "altitudeMo": null, "tessellate": -1, "extrude": 0, "visibility": -1, "drawOrder": null, "icon": null }, "geometry": { "type": "Point", "coordinates": [ -48.4441767, -1.3811857 ] } },
{ "type": "Feature", "properties": { "id": null, "Name": "Alameda\n", "descriptio": "Estádio Otacílio Negrão de Lima <br><br>Primeira partida: villa nova 2 x 2 Corinthians 04/08/1937 - Amistoso<br><br>OBS: https://pt.wikipedia.org/wiki/Est%C3%A1dio_Otac%C3%ADlio_Negr%C3%A3o_de_Lima e http://camposinvisiveis.com/alameda.html", "timestamp": null, "begin": null, "end": null, "altitudeMo": null, "tessellate": -1, "extrude": 0, "visibility": -1, "drawOrder": null, "icon": null }, "geometry": { "type": "Point", "coordinates": [ -43.9294622, -19.9232019 ] } },
{ "type": "Feature", "properties": { "id": null, "Name": "Albertão\n", "descriptio": "Estádio Governador Alberto Tavares Silva <br><br>Primeira partida: tiradentes 1 x 0 Corinthians 16/09/1973 - Brasileiro", "timestamp": null, "begin": null, "end": null, "altitudeMo": null, "tessellate": -1, "extrude": 0, "visibility": -1, "drawOrder": null, "icon": null }, "geometry": { "type": "Point", "coordinates": [ -42.792737, -5.1161156 ] } },
{ "type": "Feature", "properties": { "id": null, "Name": "Alfredo Jaconi", "descriptio": "Primeira partida: juventude 2 x 0 Corinthians 20/03/1997 - Copa do Brasil", "timestamp": null, "begin": null, "end": null, "altitudeMo": null, "tessellate": -1, "extrude": 0, "visibility": -1, "drawOrder": null, "icon": null }, "geometry": { "type": "Point", "coordinates": [ -51.176265, -29.162314 ] } },
{ "type": "Feature", "properties": { "id": null, "Name": "Parque Antarctica\n", "descriptio": "Atual Allianz Parque<br><br>Primeira partida: Cambridge ? x ? Corinthians 16/04/1911 - Jogo varzeano", "timestamp": null, "begin": null, "end": null, "altitudeMo": null, "tessellate": -1, "extrude": 0, "visibility": -1, "drawOrder": null, "icon": null }, "geometry": { "type": "Point", "coordinates": [ -46.6784662, -23.5276207 ] } },
{ "type": "Feature", "properties": { "id": null, "Name": "Almeidão", "descriptio": "Estádio José Américo de Almeida Filho<br><br>botafogo-pb 0 x 1 Corinthians 24/09/1986 - Brasileiro", "timestamp": null, "begin": null, "end": null, "altitudeMo": null, "tessellate": -1, "extrude": 0, "visibility": -1, "drawOrder": null, "icon": null }, "geometry": { "type": "Point", "coordinates": [ -34.8734486, -7.1671695 ] } },
{ "type": "Feature", "properties": { "id": null, "Name": "Alonso de Carvalho Braga", "descriptio": "Primeira partida: tupã 1 x 1 Corinthians 29/06/1956 - Amistoso<br><br>Obs: Alguns jogos no Alamanaque do Timão também marcados como \"Municipal de Tupã\"  (1956 e 1960)", "timestamp": null, "begin": null, "end": null, "altitudeMo": null, "tessellate": -1, "extrude": 0, "visibility": -1, "drawOrder": null, "icon": null }, "geometry": { "type": "Point", "coordinates": [ -50.5191875, -21.9331875 ] } },
{ "type": "Feature", "properties": { "id": null, "Name": "Aluísio Ferreira", "descriptio": "Estádio Municipal Aluízio Pinheiro Ferreira<br><br>Primeira partida: combinado fla-moto-ro 0 x 4 Corinthians 23/11/1980 - Amistoso", "timestamp": null, "begin": null, "end": null, "altitudeMo": null, "tessellate": -1, "extrude": 0, "visibility": -1, "drawOrder": null, "icon": null }, "geometry": { "type": "Point", "coordinates": [ -63.9103967, -8.7573356 ] } },
{ "type": "Feature", "properties": { "id": null, "Name": "Alçapão da Pires Barbosa", "descriptio": "Campo da esportiva de guaratingueta<br><br>Benedito Meireles<br><br>Primeira partida: esportiva de guará 0 x 3 Corinthians 19/09/1920 - Amistoso Taça prefeitura de Guaratinguetá<br><br>Obs: A localização exata do estádio não foi encontrada, as ref", "timestamp": null, "begin": null, "end": null, "altitudeMo": null, "tessellate": -1, "extrude": 0, "visibility": -1, "drawOrder": null, "icon": null }, "geometry": { "type": "Point", "coordinates": [ -45.1979528, -22.8154448 ] } },
{ "type": "Feature", "properties": { "id": null, "Name": "Alçapão do Bonfim\n", "descriptio": "Estádio Municipal Castor Cifuentes<br><br>Primeira partida: vila nova 2 x 1 Corinthians 01/08/1937 - Amistoso", "timestamp": null, "begin": null, "end": null, "altitudeMo": null, "tessellate": -1, "extrude": 0, "visibility": -1, "drawOrder": null, "icon": null }, "geometry": { "type": "Point", "coordinates": [ -43.84464, -19.9878391 ] } },
{ "type": "Feature", "properties": { "id": null, "Name": "Amigão", "descriptio": "Estadio Governador Ernani Sátiro<br><br>Primeira partida: treze 0 x 0 Corinthians 18/03/1984 - Brasileiro", "timestamp": null, "begin": null, "end": null, "altitudeMo": null, "tessellate": -1, "extrude": 0, "visibility": -1, "drawOrder": null, "icon": null }, "geometry": { "type": "Point", "coordinates": [ -35.879906, -7.2537422 ] } },
{ "type": "Feature", "properties": { "id": null, "Name": "Anacleto Campanella", "descriptio": "Estádio Municipal Anacleto Campanella que também teve o nome de Lauro Gomes (https://pt.wikipedia.org/wiki/Est%C3%A1dio_Municipal_Anacleto_Campanella#Est%C3%A1dio_Lauro_Gomes_de_Almeida)<br><br>Também houve partida como \"Estádio Municipal de São Cae", "timestamp": null, "begin": null, "end": null, "altitudeMo": null, "tessellate": -1, "extrude": 0, "visibility": -1, "drawOrder": null, "icon": null }, "geometry": { "type": "Point", "coordinates": [ -46.5609028, -23.6302452 ] } },
{ "type": "Feature", "properties": { "id": null, "Name": "Andaraí\n", "descriptio": "Campo da Rua Prefeito Serzedello Correa, atual Rua Barão de São Francisco<br><br>Primeira partida: andarahy 1 x 5 Corinthians 04/12/1921 - Amistoso<br><br>Obs: Localização exata não encontrada https://pt.wikipedia.org/wiki/Andarahy_Athletico_Club#Hi", "timestamp": null, "begin": null, "end": null, "altitudeMo": null, "tessellate": -1, "extrude": 0, "visibility": -1, "drawOrder": null, "icon": null }, "geometry": { "type": "Point", "coordinates": [ -43.2502973, -22.9218137 ] } },
{ "type": "Feature", "properties": { "id": null, "Name": "Antônio Alonso \n", "descriptio": "Primeira partida: hespanha 5 x 6 Corinthians 29/01/1933 - Amistoso<br><br>Obs: A localização exata na Rua Vinte e Oito de Setembro não encontrada https://www.novomilenio.inf.br/santos/h0100b25b.htm e https://www.santosfc.com.br/memoria-santos-fc-jogan", "timestamp": null, "begin": null, "end": null, "altitudeMo": null, "tessellate": -1, "extrude": 0, "visibility": -1, "drawOrder": null, "icon": null }, "geometry": { "type": "Point", "coordinates": [ -46.3159358, -23.9562015 ] } },
{ "type": "Feature", "properties": { "id": null, "Name": "Antônio Barbosa Pinto da Fonseca", "descriptio": "Primeira partida: seleção de serra negra 0 x 3 Corinthias 04/08/1996 - Amistoso", "timestamp": null, "begin": null, "end": null, "altitudeMo": null, "tessellate": -1, "extrude": 0, "visibility": -1, "drawOrder": null, "icon": null }, "geometry": { "type": "Point", "coordinates": [ -46.7036114, -22.6133151 ] } },
{ "type": "Feature", "properties": { "id": null, "Name": "Antônio Carlos", "descriptio": "Estádio Presidente Antônio Carlos<br><br>Primeira partida: atlético-mg 4 x 2 Corinthians 30/05/1929 - Amistoso<br><br>Obs: Atual DiamondMall, https://pt.wikipedia.org/wiki/Est%C3%A1dio_Presidente_Ant%C3%B4nio_Carlos e https://terceirotempo.uol.com.br/", "timestamp": null, "begin": null, "end": null, "altitudeMo": null, "tessellate": -1, "extrude": 0, "visibility": -1, "drawOrder": null, "icon": null }, "geometry": { "type": "Point", "coordinates": [ -43.9474041, -19.9279851 ] } },
{ "type": "Feature", "properties": { "id": null, "Name": "Antônio Fragoas *\n", "descriptio": "Localização exata não encontrada*<br><br>Primeira partida: bauru 0 x 1 Corinthians 15/08/1952 - Amistoso", "timestamp": null, "begin": null, "end": null, "altitudeMo": null, "tessellate": -1, "extrude": 0, "visibility": -1, "drawOrder": null, "icon": null }, "geometry": { "type": "Point", "coordinates": [ -49.0586951, -22.314459 ] } },
{ "type": "Feature", "properties": { "id": null, "Name": "Antonio Lins Ribeiro Guimarães", "descriptio": "Estádio Antonio Lins Ribeiro Guimarães<br><br>Primeira partida: união barbarense 1 x 1 Corinthians 07/06/1998 - Amistoso", "timestamp": null, "begin": null, "end": null, "altitudeMo": null, "tessellate": -1, "extrude": 0, "visibility": -1, "drawOrder": null, "icon": null }, "geometry": { "type": "Point", "coordinates": [ -47.4243333, -22.7555141 ] } },
{ "type": "Feature", "properties": { "id": null, "Name": "Arena Barueri", "descriptio": "Primeira partida: grêmio barueri 1 x 1 Corinthians 06/02/2008 - Paulista", "timestamp": null, "begin": null, "end": null, "altitudeMo": null, "tessellate": -1, "extrude": 0, "visibility": -1, "drawOrder": null, "icon": null }, "geometry": { "type": "Point", "coordinates": [ -46.8995624, -23.5124719 ] } },
{ "type": "Feature", "properties": { "id": null, "Name": "Arena Condá", "descriptio": "Indio Condá<br><br>Primeira partida: chapecoense 0 x 1 Corinthians 04/05/2014 - Brasileiro", "timestamp": null, "begin": null, "end": null, "altitudeMo": null, "tessellate": -1, "extrude": 0, "visibility": -1, "drawOrder": null, "icon": null }, "geometry": { "type": "Point", "coordinates": [ -52.6069171, -27.1041983 ] } },
{ "type": "Feature", "properties": { "id": null, "Name": "Neo Quimica Arena\n", "descriptio": "Antiga 'Arena Corinthians'<br><br>Faça sua visita!<br><br>https://www.neoquimicaarena.com.br/", "timestamp": null, "begin": null, "end": null, "altitudeMo": null, "tessellate": -1, "extrude": 0, "visibility": -1, "drawOrder": null, "icon": null }, "geometry": { "type": "Point", "coordinates": [ -46.4742676, -23.5453221 ] } },
{ "type": "Feature", "properties": { "id": null, "Name": "Arena Fonte Luminosa", "descriptio": "Estádio Doutor Adhemar de Barros<br><br>Primeira partida: ferroviaria 3 x 1 Corinthians 02/06/1957 - Amistoso", "timestamp": null, "begin": null, "end": null, "altitudeMo": null, "tessellate": -1, "extrude": 0, "visibility": -1, "drawOrder": null, "icon": null }, "geometry": { "type": "Point", "coordinates": [ -48.17, -21.7744444 ] } },
{ "type": "Feature", "properties": { "id": null, "Name": "Arena Inamar", "descriptio": "Estádio Municipal José Batista Pereira Fernandes<br><br>Primeira partida: agua santa 2 x 1 Corinthians 22/02/2020 - Paulista", "timestamp": null, "begin": null, "end": null, "altitudeMo": null, "tessellate": -1, "extrude": 0, "visibility": -1, "drawOrder": null, "icon": null }, "geometry": { "type": "Point", "coordinates": [ -46.6130556, -23.7227778 ] } },
{ "type": "Feature", "properties": { "id": null, "Name": "Arena Joinville", "descriptio": "Primeira partida: joinville 0 x 1 Corinthians 06/06/2015 - Brasileiro", "timestamp": null, "begin": null, "end": null, "altitudeMo": null, "tessellate": -1, "extrude": 0, "visibility": -1, "drawOrder": null, "icon": null }, "geometry": { "type": "Point", "coordinates": [ -48.8334964, -26.3166507 ] } },
{ "type": "Feature", "properties": { "id": null, "Name": "Arena Pantanal", "descriptio": "Estou somando também os resultados dos jogos realizados antes da demolição, no antigo José Fragelli (Verdâo)<br><br>Primeira partida: combinado de cuiabá 0 x 3 Corinthians 12/05/1976 - Amistoso (Ainda como José Fragelli, \"Verdâo\")", "timestamp": null, "begin": null, "end": null, "altitudeMo": null, "tessellate": -1, "extrude": 0, "visibility": -1, "drawOrder": null, "icon": null }, "geometry": { "type": "Point", "coordinates": [ -56.1216245, -15.6040194 ] } },
{ "type": "Feature", "properties": { "id": null, "Name": "Arena de Pernambuco", "descriptio": "Estádio Governador Carlos Wilson Campos <br><br>Primeira partida: náutico 1 x 0 Corinthians 07/12/2013 - Brasileiro", "timestamp": null, "begin": null, "end": null, "altitudeMo": null, "tessellate": -1, "extrude": 0, "visibility": -1, "drawOrder": null, "icon": null }, "geometry": { "type": "Point", "coordinates": [ -35.0081868, -8.0406625 ] } },
{ "type": "Feature", "properties": { "id": null, "Name": "Estádio Luso Brasileiro", "descriptio": "O estàdio teve diferentes nomes ao longo dos anos<br><br>Primeira partida: botafogo 3 x 1 Corinthians 01/05/2005", "timestamp": null, "begin": null, "end": null, "altitudeMo": null, "tessellate": -1, "extrude": 0, "visibility": -1, "drawOrder": null, "icon": null }, "geometry": { "type": "Point", "coordinates": [ -43.2085454, -22.8017816 ] } },
{ "type": "Feature", "properties": { "id": null, "Name": "Arena da Amazônia", "descriptio": "Antigo Vivaldo Lima, demolido para a construção da nova, Arena da Amazônia.<br><br>Primeira partida: fast 1 x 2 Corinthians 03/11/1971 - Amistoso", "timestamp": null, "begin": null, "end": null, "altitudeMo": null, "tessellate": -1, "extrude": 0, "visibility": -1, "drawOrder": null, "icon": null }, "geometry": { "type": "Point", "coordinates": [ -60.0281392, -3.0832457 ] } },
{ "type": "Feature", "properties": { "id": null, "Name": "Arena da baixada\n", "descriptio": "Estádio Joaquim Américo Guimarães<br><br>Primeira partida: atlético pr 1 x 0 Corinthians 21/07/1930 - Amistoso", "timestamp": null, "begin": null, "end": null, "altitudeMo": null, "tessellate": -1, "extrude": 0, "visibility": -1, "drawOrder": null, "icon": null }, "geometry": { "type": "Point", "coordinates": [ -49.2769866, -25.4482116 ] } },
{ "type": "Feature", "properties": { "id": null, "Name": "Arena do Grêmio", "descriptio": "Primeira partida: gremio 1 x 0 Corinthians 16/10/2013 - Brasileiro", "timestamp": null, "begin": null, "end": null, "altitudeMo": null, "tessellate": -1, "extrude": 0, "visibility": -1, "drawOrder": null, "icon": null }, "geometry": { "type": "Point", "coordinates": [ -51.1948838, -29.9739628 ] } },
{ "type": "Feature", "properties": { "id": null, "Name": "Arena do Jacaré\n", "descriptio": "Estádio Joaquim Henrique Nogueira<br><br>Primeira partida: atlético mg 2 x 1 Corinthians 06/10/2010 - Brasileiro", "timestamp": null, "begin": null, "end": null, "altitudeMo": null, "tessellate": -1, "extrude": 0, "visibility": -1, "drawOrder": null, "icon": null }, "geometry": { "type": "Point", "coordinates": [ -44.2215488, -19.4776055 ] } },
{ "type": "Feature", "properties": { "id": null, "Name": "Arruda", "descriptio": "Estádio José do Rego Maciel<br><br>Primeira partida: santa cruz 3 x 3 Corinthians 05/10/1972 - Brasileiro", "timestamp": null, "begin": null, "end": null, "altitudeMo": null, "tessellate": -1, "extrude": 0, "visibility": -1, "drawOrder": null, "icon": null }, "geometry": { "type": "Point", "coordinates": [ -34.8911112, -8.0266992 ] } },
{ "type": "Feature", "properties": { "id": null, "Name": "Artemio Franchi", "descriptio": "Primeira partida: fiorentina 2 x 2 Corinthians 05/09/1974 - Amistoso", "timestamp": null, "begin": null, "end": null, "altitudeMo": null, "tessellate": -1, "extrude": 0, "visibility": -1, "drawOrder": null, "icon": null }, "geometry": { "type": "Point", "coordinates": [ 11.2825717000001, 43.7808349 ] } },
{ "type": "Feature", "properties": { "id": null, "Name": "Arthur Marinho", "descriptio": "Primeira partida: corumbaense 3 x 4 Corinthians 11/06/1964 - Amistoso", "timestamp": null, "begin": null, "end": null, "altitudeMo": null, "tessellate": -1, "extrude": 0, "visibility": -1, "drawOrder": null, "icon": null }, "geometry": { "type": "Point", "coordinates": [ -57.6654218, -19.0028126 ] } },
{ "type": "Feature", "properties": { "id": null, "Name": "Atanasio Girardot\n", "descriptio": "Primeira partida: atlético nacional 3 x 4 Corinthians 14/03/1954 - Troféu Maria Eugênia Rojas", "timestamp": null, "begin": null, "end": null, "altitudeMo": null, "tessellate": -1, "extrude": 0, "visibility": -1, "drawOrder": null, "icon": null }, "geometry": { "type": "Point", "coordinates": [ -75.59013, 6.256864 ] } },
{ "type": "Feature", "properties": { "id": null, "Name": "Augusto Bauer", "descriptio": "Primeira partida: brusque 0 x 0 Corinthians 01/03/2017 - Copa do Brasil", "timestamp": null, "begin": null, "end": null, "altitudeMo": null, "tessellate": -1, "extrude": 0, "visibility": -1, "drawOrder": null, "icon": null }, "geometry": { "type": "Point", "coordinates": [ -48.9159822, -27.1014153 ] } },
{ "type": "Feature", "properties": { "id": null, "Name": "Augusto Schmidt Filho", "descriptio": "Primeira partida: rio claro 2 x 2 Corinthians 14/05/1950 - Amistoso", "timestamp": null, "begin": null, "end": null, "altitudeMo": null, "tessellate": -1, "extrude": 0, "visibility": -1, "drawOrder": null, "icon": null }, "geometry": { "type": "Point", "coordinates": [ -47.5618982, -22.4224595 ] } },
{ "type": "Feature", "properties": { "id": null, "Name": "AutoStade\n", "descriptio": "Localização fornecida via wikipedia: https://fr.wikipedia.org/wiki/Autostade<br><br>Primeira partida: Corinthians 2 x 1 river plate 27/07/1969 - Troféu Apolo V", "timestamp": null, "begin": null, "end": null, "altitudeMo": null, "tessellate": -1, "extrude": 0, "visibility": -1, "drawOrder": null, "icon": null }, "geometry": { "type": "Point", "coordinates": [ -73.543655, 45.492247 ] } },
{ "type": "Feature", "properties": { "id": null, "Name": "Libertadores de América/Avellaneda", "descriptio": "Antigo Avellaneda<br>Primeira partida: independiente 2 x 0 Corinthians 28/09/1999 - Copa Mercosul", "timestamp": null, "begin": null, "end": null, "altitudeMo": null, "tessellate": -1, "extrude": 0, "visibility": -1, "drawOrder": null, "icon": null }, "geometry": { "type": "Point", "coordinates": [ -58.3713407, -34.6702197 ] } },
{ "type": "Feature", "properties": { "id": null, "Name": "Avenida Água Branca*\n", "descriptio": "Avenido mudou de nome para francisco matarazzo, local exato do campo não encontrado<br><br>Primeira partida: seleção da 2º divisão 2 x 4 Corinthians  16/02/1919 - Amistoso", "timestamp": null, "begin": null, "end": null, "altitudeMo": null, "tessellate": -1, "extrude": 0, "visibility": -1, "drawOrder": null, "icon": null }, "geometry": { "type": "Point", "coordinates": [ -46.6754905, -23.5261698 ] } },
{ "type": "Feature", "properties": { "id": null, "Name": "Baenão", "descriptio": "Estádio Evandro Almeida<br><br>Primeira partida: paysandu 0 x 1 Corinthians 19/05/1955 - Amistoso", "timestamp": null, "begin": null, "end": null, "altitudeMo": null, "tessellate": -1, "extrude": 0, "visibility": -1, "drawOrder": null, "icon": null }, "geometry": { "type": "Point", "coordinates": [ -48.4658781, -1.4452147 ] } },
{ "type": "Feature", "properties": { "id": null, "Name": "Barradão", "descriptio": "Manoel Barradas<br><br>Primeira partida: vitória 1 x 1 Corinthians 11/11/1994 - Copa Conmebol", "timestamp": null, "begin": null, "end": null, "altitudeMo": null, "tessellate": -1, "extrude": 0, "visibility": -1, "drawOrder": null, "icon": null }, "geometry": { "type": "Point", "coordinates": [ -38.4282201, -12.9195408 ] } },
{ "type": "Feature", "properties": { "id": null, "Name": "Barão da Serra Negra", "descriptio": "Primeira partida: xv de piracicaba 1 x 3 Corinthians 19/09/1965 - Paulista", "timestamp": null, "begin": null, "end": null, "altitudeMo": null, "tessellate": -1, "extrude": 0, "visibility": -1, "drawOrder": null, "icon": null }, "geometry": { "type": "Point", "coordinates": [ -47.6371371, -22.7296738 ] } },
{ "type": "Feature", "properties": { "id": null, "Name": "Batistão", "descriptio": "Lourival Batista<br><br>Primeira partida: bahia 3 x 2 Corinthians 29/11/1970 - Robertão", "timestamp": null, "begin": null, "end": null, "altitudeMo": null, "tessellate": -1, "extrude": 0, "visibility": -1, "drawOrder": null, "icon": null }, "geometry": { "type": "Point", "coordinates": [ -37.0490497, -10.9274814 ] } },
{ "type": "Feature", "properties": { "id": null, "Name": "Beira-Rio", "descriptio": "Estádio José Pinheiro Borda <br><br>Primeira partida: internacional 2 x 2 Corinthians 05/09/1971 - Brasileiro", "timestamp": null, "begin": null, "end": null, "altitudeMo": null, "tessellate": -1, "extrude": 0, "visibility": -1, "drawOrder": null, "icon": null }, "geometry": { "type": "Point", "coordinates": [ -51.2358459, -30.0654826 ] } },
{ "type": "Feature", "properties": { "id": null, "Name": "Lanchão\n", "descriptio": "Doutor Lancha Filho<br><br>Primeira partida: francana 3 x 3 Corinthians 01/02/1948 - Amistoso", "timestamp": null, "begin": null, "end": null, "altitudeMo": null, "tessellate": -1, "extrude": 0, "visibility": -1, "drawOrder": null, "icon": null }, "geometry": { "type": "Point", "coordinates": [ -47.385693, -20.5353204 ] } },
{ "type": "Feature", "properties": { "id": null, "Name": "Major Antônio Couto Pereira", "descriptio": "Alto da Glória<br><br>Primeira partida: seleção paranaense 2 x 5 Corinthians 13/04/1941 - Copa Getúlio Vargas (amistoso)", "timestamp": null, "begin": null, "end": null, "altitudeMo": null, "tessellate": -1, "extrude": 0, "visibility": -1, "drawOrder": null, "icon": null }, "geometry": { "type": "Point", "coordinates": [ -49.2597547, -25.4214176 ] } },
{ "type": "Feature", "properties": { "id": null, "Name": "Benito A. Castellano.", "descriptio": "Primeira partida: velo club 0 x 2 Corinthians 24/06/1975 - Amistoso", "timestamp": null, "begin": null, "end": null, "altitudeMo": null, "tessellate": -1, "extrude": 0, "visibility": -1, "drawOrder": null, "icon": null }, "geometry": { "type": "Point", "coordinates": [ -47.5564202, -22.4180623 ] } },
{ "type": "Feature", "properties": { "id": null, "Name": "Bosuilstadion", "descriptio": "Primeira partida; seleção de antuérpia 2 x 3 Corinthians 31/05/1959 - Amistoso", "timestamp": null, "begin": null, "end": null, "altitudeMo": null, "tessellate": -1, "extrude": 0, "visibility": -1, "drawOrder": null, "icon": null }, "geometry": { "type": "Point", "coordinates": [ 4.4715695, 51.2327385 ] } },
{ "type": "Feature", "properties": { "id": null, "Name": "Boulanger Pucci", "descriptio": "Conhecido também como Estádio das Mercês<br><br>Primeira partida: uberaba 0 x 3 Corinthians 30/04/1933 - Amistoso", "timestamp": null, "begin": null, "end": null, "altitudeMo": null, "tessellate": -1, "extrude": 0, "visibility": -1, "drawOrder": null, "icon": null }, "geometry": { "type": "Point", "coordinates": [ -47.9469209, -19.7478969 ] } },
{ "type": "Feature", "properties": { "id": null, "Name": "Spectrum Stadium", "descriptio": "Bright House<br><br>Primeira partida: vasco 1 x 4 Corinthians 18/01/2017 - Florida Cup", "timestamp": null, "begin": null, "end": null, "altitudeMo": null, "tessellate": -1, "extrude": 0, "visibility": -1, "drawOrder": null, "icon": null }, "geometry": { "type": "Point", "coordinates": [ -81.1926196, 28.6082145 ] } },
{ "type": "Feature", "properties": { "id": null, "Name": "Brinco de Ouro da Princesa\n", "descriptio": "Primeira partida: guarani 0 x 0 Corinthians 03/01/1954 - Paulista", "timestamp": null, "begin": null, "end": null, "altitudeMo": null, "tessellate": -1, "extrude": 0, "visibility": -1, "drawOrder": null, "icon": null }, "geometry": { "type": "Point", "coordinates": [ -47.0433705, -22.9095857 ] } },
{ "type": "Feature", "properties": { "id": null, "Name": "Bruno José Daniel", "descriptio": "Primeira partida: santo andré 2 x 1 Corinthians 03/06/1979 - Amistoso", "timestamp": null, "begin": null, "end": null, "altitudeMo": null, "tessellate": -1, "extrude": 0, "visibility": -1, "drawOrder": null, "icon": null }, "geometry": { "type": "Point", "coordinates": [ -46.5098586, -23.6698747 ] } },
{ "type": "Feature", "properties": { "id": null, "Name": "La Bombonera", "descriptio": "Alberto J. Armando<br><br>Primeira partida: boca juniors 3 x 4 Corinthians 21/01/1961 - Torneio Octogonal de Verão", "timestamp": null, "begin": null, "end": null, "altitudeMo": null, "tessellate": -1, "extrude": 0, "visibility": -1, "drawOrder": null, "icon": null }, "geometry": { "type": "Point", "coordinates": [ -58.3647563, -34.6356109 ] } },
{ "type": "Feature", "properties": { "id": null, "Name": "Joaquinzão", "descriptio": "Joaquim de Morais Filho<br><br>Primeira partida: taubaté 1 x 4 Corinthians 23/01/1976 - Amistoso", "timestamp": null, "begin": null, "end": null, "altitudeMo": null, "tessellate": -1, "extrude": 0, "visibility": -1, "drawOrder": null, "icon": null }, "geometry": { "type": "Point", "coordinates": [ -45.5703466, -23.028033 ] } },
{ "type": "Feature", "properties": { "id": null, "Name": "Cachmay", "descriptio": "Poliesportivo Cachamay<br><br>Primeira partida: minerven 2 x 5 Corinthians 18/11/1994 - Copa Conmebol", "timestamp": null, "begin": null, "end": null, "altitudeMo": null, "tessellate": -1, "extrude": 0, "visibility": -1, "drawOrder": null, "icon": null }, "geometry": { "type": "Point", "coordinates": [ -62.6962556, 8.3126419 ] } },
{ "type": "Feature", "properties": { "id": null, "Name": "Caio Martins", "descriptio": "Primeira partida: botafogo 1 x 0 Corinthians 24/10/1990 - Brasileiro", "timestamp": null, "begin": null, "end": null, "altitudeMo": null, "tessellate": -1, "extrude": 0, "visibility": -1, "drawOrder": null, "icon": null }, "geometry": { "type": "Point", "coordinates": [ -43.1058558, -22.9006008 ] } },
{ "type": "Feature", "properties": { "id": null, "Name": "Caliente", "descriptio": "Primeira partida: tijuana 1 x 0 Corinthians 06/03/2013 - Libertadores", "timestamp": null, "begin": null, "end": null, "altitudeMo": null, "tessellate": -1, "extrude": 0, "visibility": -1, "drawOrder": null, "icon": null }, "geometry": { "type": "Point", "coordinates": [ -116.9934082, 32.5068213 ] } },
{ "type": "Feature", "properties": { "id": null, "Name": "Camp Nou", "descriptio": "Primeira partida: barcelona 3 x 5 Corinthians 24/06/1959 - Amistoso", "timestamp": null, "begin": null, "end": null, "altitudeMo": null, "tessellate": -1, "extrude": 0, "visibility": -1, "drawOrder": null, "icon": null }, "geometry": { "type": "Point", "coordinates": [ 2.1228198, 41.380896 ] } },
{ "type": "Feature", "properties": { "id": null, "Name": "Campo Vera Cruz*", "descriptio": "Localização exata não encontrada<br>https://ge.globo.com/sp/vale-do-paraiba-regiao/noticia/clubes-do-passado-cacapavense-o-que-time-faz-parte-das-historias-de-atletico-mineiro-e-cruzeiro.ghtml<br><br>Primeira partida: caçapavense 1 x 2 Corinthians 14", "timestamp": null, "begin": null, "end": null, "altitudeMo": null, "tessellate": -1, "extrude": 0, "visibility": -1, "drawOrder": null, "icon": null }, "geometry": { "type": "Point", "coordinates": [ -45.7147982, -23.1033932 ] } },
{ "type": "Feature", "properties": { "id": null, "Name": "Campo da Lema", "descriptio": "Ficava mais ao lado do Hospital, demolido pra obras de ampliação do hospital https://pousoalegre.net/noticia/2018/09/estadio-da-lema-comeca-a-ser-destruido-em-pouso-alegre/<br><br>Primeira partida: seleção de pouso alegre 2 x 0 Corinthians 23/06/199", "timestamp": null, "begin": null, "end": null, "altitudeMo": null, "tessellate": -1, "extrude": 0, "visibility": -1, "drawOrder": null, "icon": null }, "geometry": { "type": "Point", "coordinates": [ -45.9296777, -22.2262466 ] } },
{ "type": "Feature", "properties": { "id": null, "Name": "Campo do Bosque", "descriptio": "Praça Monsenhor Silva Barros, antigo estádio do EC Taubaté<br><br> Primeira partida: taubaté 0 x 2 Corinthians 08/10/1916 - Amistoso", "timestamp": null, "begin": null, "end": null, "altitudeMo": null, "tessellate": -1, "extrude": 0, "visibility": -1, "drawOrder": null, "icon": null }, "geometry": { "type": "Point", "coordinates": [ -45.5523915, -23.0227929 ] } },
{ "type": "Feature", "properties": { "id": null, "Name": "Campo do Brasil Futebol Clube*", "descriptio": "Estadio Doutor Arnaldo Guinle<br><br>Localização não encontrada<br><br>Primeira partida: seleção santista 1 x 2 Corinthians 13/05/1921 - Amistoso", "timestamp": null, "begin": null, "end": null, "altitudeMo": null, "tessellate": -1, "extrude": 0, "visibility": -1, "drawOrder": null, "icon": null }, "geometry": { "type": "Point", "coordinates": [ -46.3037674, -23.977095 ] } },
{ "type": "Feature", "properties": { "id": null, "Name": "Campo do Brasil Futebol Clube (Av conselheiro Nébias)*", "descriptio": "Localização exata não encontrada<br><br>Primeira partida: santos 0 x 0 Corinthians 30/08/1914 - Amistoso", "timestamp": null, "begin": null, "end": null, "altitudeMo": null, "tessellate": -1, "extrude": 0, "visibility": -1, "drawOrder": null, "icon": null }, "geometry": { "type": "Point", "coordinates": [ -46.3224017, -23.9532448 ] } },
{ "type": "Feature", "properties": { "id": null, "Name": "Campo do Frigorifico Wilson*", "descriptio": "Localização exata não encontrada, o frigorifico aparentemente ficava proximo ao que hoje é a estação presidente altino<br><br>https://www.osasco.sp.leg.br/institucional/especial-cidade-de-osasco/fotos/industrias/321.jpg/view<br><br>http://www.hagop", "timestamp": null, "begin": null, "end": null, "altitudeMo": null, "tessellate": -1, "extrude": 0, "visibility": -1, "drawOrder": null, "icon": null }, "geometry": { "type": "Point", "coordinates": [ -46.7618009, -23.5312117 ] } },
{ "type": "Feature", "properties": { "id": null, "Name": "Campo do Grêmio dos empregados da Paulista\n", "descriptio": "Referências:<br>https://asmilcamisas.wordpress.com/tag/estadio-do-gremio-recreativo-dos-empregados-da-cia-paulista-de-estradas-de-ferro/ e<br>http://www.gremiocp.com.br/site/<br><br>Primeira partida: rio claro 2 x 3 Corinthians 25/12/1916 - Amistoso", "timestamp": null, "begin": null, "end": null, "altitudeMo": null, "tessellate": -1, "extrude": 0, "visibility": -1, "drawOrder": null, "icon": null }, "geometry": { "type": "Point", "coordinates": [ -47.5673752, -22.4073047 ] } },
{ "type": "Feature", "properties": { "id": null, "Name": "Campo do Lenheiro", "descriptio": "Primeiro campo onde o Corinthians mandou jogos, o local já não existe mais.<br><br>Primeira partida: Corinthians 2 x 0 estrela polar 14/09/1910 - Jogo Varzeano", "timestamp": null, "begin": null, "end": null, "altitudeMo": null, "tessellate": -1, "extrude": 0, "visibility": -1, "drawOrder": null, "icon": null }, "geometry": { "type": "Point", "coordinates": [ -46.6378626, -23.531526 ] } },
{ "type": "Feature", "properties": { "id": null, "Name": "Campo do Nacional de Rolândia\n", "descriptio": "Atual Estádio Erich George<br><br>Referência:<br>https://pt.wikipedia.org/wiki/Nacional_Atl%C3%A9tico_Clube_(Paran%C3%A1)#O_Est%C3%A1dio<br><br>Primeira partida: nacional de rolândia 2 x 5 Corinthians 29/04/1951 - Amistoso", "timestamp": null, "begin": null, "end": null, "altitudeMo": null, "tessellate": -1, "extrude": 0, "visibility": -1, "drawOrder": null, "icon": null }, "geometry": { "type": "Point", "coordinates": [ -51.3688525, -23.3161963 ] } },
{ "type": "Feature", "properties": { "id": null, "Name": "Campo do Nitro Química*", "descriptio": "Estádio José Ermírio de Moraes<br><br>Localização aproximada (https://www.ogol.com.br/estadio.php?id=11890)<br><br>Primeira partida: nitroquimica 1 x 7 Corinthians 07/05/1961 - Amistoso", "timestamp": null, "begin": null, "end": null, "altitudeMo": null, "tessellate": -1, "extrude": 0, "visibility": -1, "drawOrder": null, "icon": null }, "geometry": { "type": "Point", "coordinates": [ -46.4367352, -23.4857926 ] } },
{ "type": "Feature", "properties": { "id": null, "Name": "Caneleira", "descriptio": "Estadio Espanha<br><br>Primeira partida: jabaquara 2 x 6 Corinthians 12/10/1989 - Amistoso", "timestamp": null, "begin": null, "end": null, "altitudeMo": null, "tessellate": -1, "extrude": 0, "visibility": -1, "drawOrder": null, "icon": null }, "geometry": { "type": "Point", "coordinates": [ -46.3640427, -23.9457944 ] } },
{ "type": "Feature", "properties": { "id": null, "Name": "Carlos Colnaghi\n", "descriptio": "Nova Arena Capivari<br><br>Primeira partida: capivariano 2 x 3 Corinthians 22/03/2015 - Paulista", "timestamp": null, "begin": null, "end": null, "altitudeMo": null, "tessellate": -1, "extrude": 0, "visibility": -1, "drawOrder": null, "icon": null }, "geometry": { "type": "Point", "coordinates": [ -47.5144315, -22.9937357 ] } },
{ "type": "Feature", "properties": { "id": null, "Name": "Canindé\n", "descriptio": "Primeira partida: portuguesa 1 x 4 Corinthians 19/09/1959 - Amistoso", "timestamp": null, "begin": null, "end": null, "altitudeMo": null, "tessellate": -1, "extrude": 0, "visibility": -1, "drawOrder": null, "icon": null }, "geometry": { "type": "Point", "coordinates": [ -46.6186972, -23.5205333 ] } },
{ "type": "Feature", "properties": { "id": null, "Name": "Carneirão", "descriptio": "Estádio Municipal Antônio de Figueiredo Carneiro<br><br>Primeira partida: bahia 3 x 1 Corinthians 23/01/1971 - Amistoso", "timestamp": null, "begin": null, "end": null, "altitudeMo": null, "tessellate": -1, "extrude": 0, "visibility": -1, "drawOrder": null, "icon": null }, "geometry": { "type": "Point", "coordinates": [ -38.4150548, -12.1402713 ] } },
{ "type": "Feature", "properties": { "id": null, "Name": "Casa Blanca\n", "descriptio": "Estádio Rodrigo Paz Delgado<br><br>Primeira partida: liga deportiva universitária (LDU) 0 x 2 Corinthians 11/04/2000 - Libertadores", "timestamp": null, "begin": null, "end": null, "altitudeMo": null, "tessellate": -1, "extrude": 0, "visibility": -1, "drawOrder": null, "icon": null }, "geometry": { "type": "Point", "coordinates": [ -78.4890979, -0.1076798 ] } },
{ "type": "Feature", "properties": { "id": null, "Name": "Castelão", "descriptio": "Estádio Governador João Castelo<br><br>Primeira partida: sampaio corrêa 3 x 2 Corinthians 19/07/1989 - Copa do Brasil", "timestamp": null, "begin": null, "end": null, "altitudeMo": null, "tessellate": -1, "extrude": 0, "visibility": -1, "drawOrder": null, "icon": null }, "geometry": { "type": "Point", "coordinates": [ -44.2600722, -2.5487007 ] } },
{ "type": "Feature", "properties": { "id": null, "Name": "Castelões\n", "descriptio": "Atual Rua Savóia<br><br>Primeira partida: sorocabano 1 x 8 Corinthians 29/09/1918 - Amistoso", "timestamp": null, "begin": null, "end": null, "altitudeMo": null, "tessellate": -1, "extrude": 0, "visibility": -1, "drawOrder": null, "icon": null }, "geometry": { "type": "Point", "coordinates": [ -47.4455032, -23.5459562 ] } },
{ "type": "Feature", "properties": { "id": null, "Name": "Centenário", "descriptio": "Primeira partida: combinado uruguaio 1 x 4 Corinthians 30/06/1951 - Torneio internacional Quadrangular de Montevidéu", "timestamp": null, "begin": null, "end": null, "altitudeMo": null, "tessellate": -1, "extrude": 0, "visibility": -1, "drawOrder": null, "icon": null }, "geometry": { "type": "Point", "coordinates": [ -56.1528289, -34.8945376 ] } },
{ "type": "Feature", "properties": { "id": null, "Name": "Centro esportivo José Liberatti", "descriptio": "Primeira partida: independência 1 x 1 Corinthians 18/02/1976 - Amistoso", "timestamp": null, "begin": null, "end": null, "altitudeMo": null, "tessellate": -1, "extrude": 0, "visibility": -1, "drawOrder": null, "icon": null }, "geometry": { "type": "Point", "coordinates": [ -46.7761948, -23.5112646 ] } },
{ "type": "Feature", "properties": { "id": null, "Name": "Cidade do Panamá", "descriptio": "* Local exato não descrito no Almanaque do timão <br><br>Primeira partida: seleção panamenha 0 x 7 Corinthians 30/01/1963 - Amistoso", "timestamp": null, "begin": null, "end": null, "altitudeMo": null, "tessellate": -1, "extrude": 0, "visibility": -1, "drawOrder": null, "icon": null }, "geometry": { "type": "Point", "coordinates": [ -79.5198696, 8.9823792 ] } },
{ "type": "Feature", "properties": { "id": null, "Name": "Coberto da ilha de Okinawa\n", "descriptio": "Antigo Okinawa Athletic Park Stadium , atual Tapic Kenso Hiyagon Stadium<br><br>Referência: https://www.meutimao.com.br/jogo/2575/amistosos_1994/yokohama_flugels-0-x-2-corinthians<br><br>Primeir Partida: flugels 0 x 2 Corinthians 27/02/1994 - Amistoso", "timestamp": null, "begin": null, "end": null, "altitudeMo": null, "tessellate": -1, "extrude": 0, "visibility": -1, "drawOrder": null, "icon": null }, "geometry": { "type": "Point", "coordinates": [ 127.8212072, 26.3086934 ] } },
{ "type": "Feature", "properties": { "id": null, "Name": "Colina Melancólica", "descriptio": "Também conhecido como Estádio da Montanha <br><br>Referência: https://www.verminososporfutebol.com.br/viagem-no-tempo/colina-melancolica-o-estadio-de-porto-alegre-que-virou-cemiterio/<br><br>Primeira partida: cruzeiro-RS 0 x 2 Corinthians 31/03/1953 -", "timestamp": null, "begin": null, "end": null, "altitudeMo": null, "tessellate": -1, "extrude": 0, "visibility": -1, "drawOrder": null, "icon": null }, "geometry": { "type": "Point", "coordinates": [ -51.2096667, -30.0604856 ] } },
{ "type": "Feature", "properties": { "id": null, "Name": "Coliseum\n", "descriptio": "Los Angeles Memorial Sports Arena<br><br>Primeira partida: atlante-MX 2 x 3 Corinthians 31/08/1982 - Amistoso", "timestamp": null, "begin": null, "end": null, "altitudeMo": null, "tessellate": -1, "extrude": 0, "visibility": -1, "drawOrder": null, "icon": null }, "geometry": { "type": "Point", "coordinates": [ -118.2878754, 34.0140526 ] } },
{ "type": "Feature", "properties": { "id": null, "Name": "Comendador Agostinho Prada", "descriptio": "Primeira partida: internacional de limeira 2 x 0 Corinthians 14/05/1961 - Amistoso", "timestamp": null, "begin": null, "end": null, "altitudeMo": null, "tessellate": -1, "extrude": 0, "visibility": -1, "drawOrder": null, "icon": null }, "geometry": { "type": "Point", "coordinates": [ -47.4128666, -22.5746475 ] } },
{ "type": "Feature", "properties": { "id": null, "Name": "Complexo esportivo da Cidade de Deus\n", "descriptio": "Amistoso na sede do Bradesco<br><br>Primeira partida: grêmio osasco 0 x 2 Corinthians 15/09/2011 - Amistoso (Troféu Bradesco)", "timestamp": null, "begin": null, "end": null, "altitudeMo": null, "tessellate": -1, "extrude": 0, "visibility": -1, "drawOrder": null, "icon": null }, "geometry": { "type": "Point", "coordinates": [ -46.771807, -23.5478554 ] } },
{ "type": "Feature", "properties": { "id": null, "Name": "Comunale de Caserta\n", "descriptio": "Stadio Alberto Pinto<br><br>Primeira partida: casertana 1 x 0 Corinthians 26/08/1969 - Amistoso", "timestamp": null, "begin": null, "end": null, "altitudeMo": null, "tessellate": -1, "extrude": 0, "visibility": -1, "drawOrder": null, "icon": null }, "geometry": { "type": "Point", "coordinates": [ 14.3457453, 41.0747346 ] } },
{ "type": "Feature", "properties": { "id": null, "Name": "Comunale de Turim\n", "descriptio": "Atual Estádio Olímpico Grande Torino<br><br>Primeira partida: español 1 x 1 Corinthians 01/06/1966 - Torneio Copa Cidade de Turim (Vencido pelo Timão)", "timestamp": null, "begin": null, "end": null, "altitudeMo": null, "tessellate": -1, "extrude": 0, "visibility": -1, "drawOrder": null, "icon": null }, "geometry": { "type": "Point", "coordinates": [ 7.6500522, 45.0418233 ] } },
{ "type": "Feature", "properties": { "id": null, "Name": "Coronel Cristiano Osório\n", "descriptio": "Campo desativado<br><br>Referência: http://www.caldense.com.br/futebol_christiano_osorio.asp<br><br>Primeira partida: caldense 1 x 3 Corinthians 18/06/1950 - Amistoso", "timestamp": null, "begin": null, "end": null, "altitudeMo": null, "tessellate": -1, "extrude": 0, "visibility": -1, "drawOrder": null, "icon": null }, "geometry": { "type": "Point", "coordinates": [ -46.5629017, -21.7848768 ] } },
{ "type": "Feature", "properties": { "id": null, "Name": "Coronel Francisco Vieira\n", "descriptio": "Primeira partida: seleção de itapira 1 x 7 Corinthians 09/07/1998 - Amistoso", "timestamp": null, "begin": null, "end": null, "altitudeMo": null, "tessellate": -1, "extrude": 0, "visibility": -1, "drawOrder": null, "icon": null }, "geometry": { "type": "Point", "coordinates": [ -46.8312407, -22.4396355 ] } },
{ "type": "Feature", "properties": { "id": null, "Name": "Cônsul Carlos Renaux\n", "descriptio": "Primeira partida: paysandu de brusque 0 x 0 Corinthians 20/05/1982 - Amistoso", "timestamp": null, "begin": null, "end": null, "altitudeMo": null, "tessellate": -1, "extrude": 0, "visibility": -1, "drawOrder": null, "icon": null }, "geometry": { "type": "Point", "coordinates": [ -48.9187094, -27.1034867 ] } },
{ "type": "Feature", "properties": { "id": null, "Name": "Defensores del Chaco", "descriptio": "Primeira partida: seleção paraguaia 4 x 3 Corinthians 28/02/1965 - Amistoso", "timestamp": null, "begin": null, "end": null, "altitudeMo": null, "tessellate": -1, "extrude": 0, "visibility": -1, "drawOrder": null, "icon": null }, "geometry": { "type": "Point", "coordinates": [ -57.6574033, -25.2920837 ] } },
{ "type": "Feature", "properties": { "id": null, "Name": "ESPN Wide World of Sports Complex", "descriptio": "Primeira partida: colônia 1 x 0 Corinthians 15/01/2015 - Florida Cup", "timestamp": null, "begin": null, "end": null, "altitudeMo": null, "tessellate": -1, "extrude": 0, "visibility": -1, "drawOrder": null, "icon": null }, "geometry": { "type": "Point", "coordinates": [ -81.5563845, 28.3381102 ] } },
{ "type": "Feature", "properties": { "id": null, "Name": "Douradão", "descriptio": "Primeira partida: ubiratan de dourados 0 x 1 Corinthians 03/02/1999 - Copa do Brasil", "timestamp": null, "begin": null, "end": null, "altitudeMo": null, "tessellate": -1, "extrude": 0, "visibility": -1, "drawOrder": null, "icon": null }, "geometry": { "type": "Point", "coordinates": [ -54.7819643, -22.2441952 ] } },
{ "type": "Feature", "properties": { "id": null, "Name": "Dr. Acrísio Paes Cruz", "descriptio": "Referência: https://www.asmilcamisas.com.br/2011/11/21/botucatu/<br><br>Primeira partida: ferroviária de botucatu 0 x 4 Corinthians 16/05/1964 - Amistoso", "timestamp": null, "begin": null, "end": null, "altitudeMo": null, "tessellate": -1, "extrude": 0, "visibility": -1, "drawOrder": null, "icon": null }, "geometry": { "type": "Point", "coordinates": [ -48.4469638, -22.8767099 ] } },
{ "type": "Feature", "properties": { "id": null, "Name": "Downing Stadium\n", "descriptio": "Estadio demolido em 2002, dando espaço ao atual Icahn Stadium<br><br>Primeira partida: river Plate - ARG 1 x 1 Corinthians 02/08/1969 - Troféu Apolo V", "timestamp": null, "begin": null, "end": null, "altitudeMo": null, "tessellate": -1, "extrude": 0, "visibility": -1, "drawOrder": null, "icon": null }, "geometry": { "type": "Point", "coordinates": [ -73.9244123, 40.7929773 ] } },
{ "type": "Feature", "properties": { "id": null, "Name": "Décio Vitta (Rio Brancão)", "descriptio": "Primeira partida: rio branco de americana 0 x 0 Corinthians 11/02/1993 - Paulista", "timestamp": null, "begin": null, "end": null, "altitudeMo": null, "tessellate": -1, "extrude": 0, "visibility": -1, "drawOrder": null, "icon": null }, "geometry": { "type": "Point", "coordinates": [ -47.3479018, -22.7342966 ] } },
{ "type": "Feature", "properties": { "id": null, "Name": "Ipatingão\n", "descriptio": "Estádio Municipal João Lamego Neto<br><br>Primeira partida: cruzeiro 0 x 2 Corinthians 22/08/2001 - Copa Mercosul", "timestamp": null, "begin": null, "end": null, "altitudeMo": null, "tessellate": -1, "extrude": 0, "visibility": -1, "drawOrder": null, "icon": null }, "geometry": { "type": "Point", "coordinates": [ -42.541674, -19.4710319 ] } },
{ "type": "Feature", "properties": { "id": null, "Name": "Raulino de Oliveira\n", "descriptio": "General Sylvio Raulino de Oliveira<br><br>Primeira partida: fluminense 0 x 2 Corinthians 05/10/2005 -  Brasileiro", "timestamp": null, "begin": null, "end": null, "altitudeMo": null, "tessellate": -1, "extrude": 0, "visibility": -1, "drawOrder": null, "icon": null }, "geometry": { "type": "Point", "coordinates": [ -44.0968421, -22.5083419 ] } },
{ "type": "Feature", "properties": { "id": null, "Name": "El Campín\n", "descriptio": "Estádio distrital nemesio camacho<br><br>Primeira partida: milionarios - COL 1 x 0 Corinthians 28/02/1954 - Troféu Maria Eugênia Rojas", "timestamp": null, "begin": null, "end": null, "altitudeMo": null, "tessellate": -1, "extrude": 0, "visibility": -1, "drawOrder": null, "icon": null }, "geometry": { "type": "Point", "coordinates": [ -74.0773771, 4.6458552 ] } },
{ "type": "Feature", "properties": { "id": null, "Name": "El Cilindro\n", "descriptio": "Estadio Presidente Perón<br><br>Primeira partida: racing 1 x 0 Corinthians 29/02/1998 - Copa Mercosul", "timestamp": null, "begin": null, "end": null, "altitudeMo": null, "tessellate": -1, "extrude": 0, "visibility": -1, "drawOrder": null, "icon": null }, "geometry": { "type": "Point", "coordinates": [ -58.3682195, -34.667737 ] } },
{ "type": "Feature", "properties": { "id": null, "Name": "El Cobre", "descriptio": "Primeira partida: cobresal 0 x 1 Corinthians 17/02/2016 - Libertadores", "timestamp": null, "begin": null, "end": null, "altitudeMo": null, "tessellate": -1, "extrude": 0, "visibility": -1, "drawOrder": null, "icon": null }, "geometry": { "type": "Point", "coordinates": [ -69.6287103, -26.251913 ] } },
{ "type": "Feature", "properties": { "id": null, "Name": "El Egido\n", "descriptio": "Alejandro Serrano Aguilar<br><br>Primeira partida: deportivo cuenca 2 x 1 Corinthians 13/04/1977 - Libertadores", "timestamp": null, "begin": null, "end": null, "altitudeMo": null, "tessellate": -1, "extrude": 0, "visibility": -1, "drawOrder": null, "icon": null }, "geometry": { "type": "Point", "coordinates": [ -79.0055218, -2.9067434 ] } },
{ "type": "Feature", "properties": { "id": null, "Name": "El Fortín\n", "descriptio": "Estádio José Amalfitani<br><br>Primeira partida: velez sarsfield 0 x 3 Corinthians 10/08/1999 - Mercosul", "timestamp": null, "begin": null, "end": null, "altitudeMo": null, "tessellate": -1, "extrude": 0, "visibility": -1, "drawOrder": null, "icon": null }, "geometry": { "type": "Point", "coordinates": [ -58.5206968, -34.635406 ] } },
{ "type": "Feature", "properties": { "id": null, "Name": "El Vivero*\n", "descriptio": "Ciudad Deportiva del Viejo Vivero<br>Localização exata não encontrada<br><br>O clube CD Badajoz usou o estádio até 1999 quando foi para o Nuevo Vivero (https://espanaestadios.com/2018/08/25/badajoz-el-vivero/, https://en.wikipedia.org/wiki/Estadio_N", "timestamp": null, "begin": null, "end": null, "altitudeMo": null, "tessellate": -1, "extrude": 0, "visibility": -1, "drawOrder": null, "icon": null }, "geometry": { "type": "Point", "coordinates": [ -6.99287789999994, 38.8856703 ] } },
{ "type": "Feature", "properties": { "id": null, "Name": "Engenheiro Araripe\n", "descriptio": "Estádio Engenheiro Alencar Araripe<br><br>Primeira partida: rio branco-ES 2 x 0 Corinthians 13/12/1970 - Amistoso", "timestamp": null, "begin": null, "end": null, "altitudeMo": null, "tessellate": -1, "extrude": 0, "visibility": -1, "drawOrder": null, "icon": null }, "geometry": { "type": "Point", "coordinates": [ -40.3561167, -20.3340616 ] } },
{ "type": "Feature", "properties": { "id": null, "Name": "Engº Péricles D'Ávila Mendes", "descriptio": "DERAC<br><br>Primeira partida: derac 1 x 2 Corinthians 21/05/1961 - Amistoso", "timestamp": null, "begin": null, "end": null, "altitudeMo": null, "tessellate": -1, "extrude": 0, "visibility": -1, "drawOrder": null, "icon": null }, "geometry": { "type": "Point", "coordinates": [ -48.0553569, -23.5888363 ] } },
{ "type": "Feature", "properties": { "id": null, "Name": "Engenhão", "descriptio": "Estádio Nilton Santos<br><br>Primeira partida: botafogo 2 x 1 Corinthians 20/05/2008 - Copa do brasil", "timestamp": null, "begin": null, "end": null, "altitudeMo": null, "tessellate": -1, "extrude": 0, "visibility": -1, "drawOrder": null, "icon": null }, "geometry": { "type": "Point", "coordinates": [ -43.2923128, -22.8932749 ] } },
{ "type": "Feature", "properties": { "id": null, "Name": "Ernestão\n", "descriptio": "Estádio Ernesto Schlemm Sobrinho - Ernestão<br><br>Primeira partida: américa de joinville 1 x 1 Corinthians 20/07/1969 - Amistoso", "timestamp": null, "begin": null, "end": null, "altitudeMo": null, "tessellate": -1, "extrude": 0, "visibility": -1, "drawOrder": null, "icon": null }, "geometry": { "type": "Point", "coordinates": [ -48.8437322, -26.3186757 ] } },
{ "type": "Feature", "properties": { "id": null, "Name": "Estádio Azteca", "descriptio": "Primeira partida: américa 2 x 0 Corinthians 16/02/2000 - Libertadors", "timestamp": null, "begin": null, "end": null, "altitudeMo": null, "tessellate": -1, "extrude": 0, "visibility": -1, "drawOrder": null, "icon": null }, "geometry": { "type": "Point", "coordinates": [ -99.1505277, 19.3028607 ] } },
{ "type": "Feature", "properties": { "id": null, "Name": "Estádio Azul", "descriptio": "Primeira partida:  cruz azul 3 x 0 Corinthians 26/03/2003 - LIbertadores", "timestamp": null, "begin": null, "end": null, "altitudeMo": null, "tessellate": -1, "extrude": 0, "visibility": -1, "drawOrder": null, "icon": null }, "geometry": { "type": "Point", "coordinates": [ -99.1782654, 19.3834469 ] } },
{ "type": "Feature", "properties": { "id": null, "Name": "Metropolitano de Fútbol de Lara", "descriptio": "Primeira partida: deportivo lara 2 x 7 Corinthians 17/05/2018 - Libertadores", "timestamp": null, "begin": null, "end": null, "altitudeMo": null, "tessellate": -1, "extrude": 0, "visibility": -1, "drawOrder": null, "icon": null }, "geometry": { "type": "Point", "coordinates": [ -69.2201603, 9.99353 ] } },
{ "type": "Feature", "properties": { "id": null, "Name": "Arena Independência", "descriptio": "Estádio Raimundo Sampaio<br><br>Primeira partida: atlético-MG 1 x 1 Corinthians 24/03/1946 - Amistoso", "timestamp": null, "begin": null, "end": null, "altitudeMo": null, "tessellate": -1, "extrude": 0, "visibility": -1, "drawOrder": null, "icon": null }, "geometry": { "type": "Point", "coordinates": [ -43.9180009, -19.9087708 ] } },
{ "type": "Feature", "properties": { "id": null, "Name": "Willie Davids", "descriptio": "Estádio Regional Willie Davids<br><br>Primeira partida: londrina 2 x 1 Corinthians 07/07/2019 - Amistoso", "timestamp": null, "begin": null, "end": null, "altitudeMo": null, "tessellate": -1, "extrude": 0, "visibility": -1, "drawOrder": null, "icon": null }, "geometry": { "type": "Point", "coordinates": [ -51.9380737, -23.4142951 ] } },
{ "type": "Feature", "properties": { "id": null, "Name": "Estádio da A.A. Jacarezinho\n", "descriptio": "Campo ao lado do  'Estádio Municipal Pedro Vilela' <br><br>Primeira partida: jacarezinho 1 x 1 Corinthians 28/10/1945 - Amistoso", "timestamp": null, "begin": null, "end": null, "altitudeMo": null, "tessellate": -1, "extrude": 0, "visibility": -1, "drawOrder": null, "icon": null }, "geometry": { "type": "Point", "coordinates": [ -49.9777202, -23.157939 ] } },
{ "type": "Feature", "properties": { "id": null, "Name": "Estádio da Luz\n", "descriptio": "Estádio Sport Lisboa e Benfica<br><br>Primeira partida: benfica 1 x 1 Corinthians 04/06/1959 - Amistoso", "timestamp": null, "begin": null, "end": null, "altitudeMo": null, "tessellate": -1, "extrude": 0, "visibility": -1, "drawOrder": null, "icon": null }, "geometry": { "type": "Point", "coordinates": [ -9.184774, 38.752711 ] } },
{ "type": "Feature", "properties": { "id": null, "Name": "Estádio das Antas*\n", "descriptio": "Numeração exata não encontrada, segundo o wikipedia, 1 dos refletores permanece no local<br><br>Primeira partida: porto 0 x 1 Corinthians 07/06/1959 - amistoso", "timestamp": null, "begin": null, "end": null, "altitudeMo": null, "tessellate": -1, "extrude": 0, "visibility": -1, "drawOrder": null, "icon": null }, "geometry": { "type": "Point", "coordinates": [ -8.589025900000021, 41.1652504 ] } },
{ "type": "Feature", "properties": { "id": null, "Name": "Estádio de Ancara*", "descriptio": "19 Mayıs Stadium<br><br>Localização não confirmada, não existe facilmente um 'estádio de ancara'. Levei em conta a data de construção do estádio e sua localização<br><br>Primeira partida: seleção de ancara 1 x 3 Corinthians 03/05/1952 - Amis", "timestamp": null, "begin": null, "end": null, "altitudeMo": null, "tessellate": -1, "extrude": 0, "visibility": -1, "drawOrder": null, "icon": null }, "geometry": { "type": "Point", "coordinates": [ 32.8457395, 39.9401436 ] } },
{ "type": "Feature", "properties": { "id": null, "Name": "Estádio de Gaevle\n", "descriptio": "Gavlestadion<br><br>Primeira partida: seleção de gävle 0 x 6 Corinthias 04/06/1952 - Amistoso", "timestamp": null, "begin": null, "end": null, "altitudeMo": null, "tessellate": -1, "extrude": 0, "visibility": -1, "drawOrder": null, "icon": null }, "geometry": { "type": "Point", "coordinates": [ 17.132090300000101, 60.6928807 ] } },
{ "type": "Feature", "properties": { "id": null, "Name": "De Kuip\n", "descriptio": "Feyenoord Stadium<br><br>No aplicativo \"Almanaque do Timão\", consta apenas o jogo Feyenoord 4 x 2 Corinthians, de 1970. Porém, outro jogo aparece no estádio 'Nehnoord,', Feyenoord 5 x 1 Corinthians de 1959, mas esse estádio aparentemente não existe.", "timestamp": null, "begin": null, "end": null, "altitudeMo": null, "tessellate": -1, "extrude": 0, "visibility": -1, "drawOrder": null, "icon": null }, "geometry": { "type": "Point", "coordinates": [ 4.5231354, 51.8939035 ] } },
{ "type": "Feature", "properties": { "id": null, "Name": "Estádio do CIC\n", "descriptio": "Estádio Municipal Doutor Octávio da Silva Bastos<br><br>Primeira partida: palmeiras de são joão da boa vista 0 x 2 Corinthians 03/09/1989 - Amistoso", "timestamp": null, "begin": null, "end": null, "altitudeMo": null, "tessellate": -1, "extrude": 0, "visibility": -1, "drawOrder": null, "icon": null }, "geometry": { "type": "Point", "coordinates": [ -46.7913949, -21.9632405 ] } },
{ "type": "Feature", "properties": { "id": null, "Name": "Estádio do Café", "descriptio": "Primeira partida: londrina 1 x 1 Corinthians 25/08/1976 - Amistoso", "timestamp": null, "begin": null, "end": null, "altitudeMo": null, "tessellate": -1, "extrude": 0, "visibility": -1, "drawOrder": null, "icon": null }, "geometry": { "type": "Point", "coordinates": [ -51.1649186, -23.2823595 ] } },
{ "type": "Feature", "properties": { "id": null, "Name": "Estádio do Clube Atlético Monte Azul\n", "descriptio": "Estádio Otacília Patrício Arroyo <br><br>monte azul 1 x 2 Corinthians 24/08/1947 - Amistoso", "timestamp": null, "begin": null, "end": null, "altitudeMo": null, "tessellate": -1, "extrude": 0, "visibility": -1, "drawOrder": null, "icon": null }, "geometry": { "type": "Point", "coordinates": [ -48.6458416, -20.9041132 ] } },
{ "type": "Feature", "properties": { "id": null, "Name": "Estádio do Corinthians Saltense\n", "descriptio": "Associação Atlética Saltense<br><br>Enfrentamos o Corinthians Saltense em um amisoso no ano de 1932, antes da fusão com os demais clubes de Salto que deram origem a Associação Atlética Saltense.<br><br>Fonte que informa que o clube herdou o estád", "timestamp": null, "begin": null, "end": null, "altitudeMo": null, "tessellate": -1, "extrude": 0, "visibility": -1, "drawOrder": null, "icon": null }, "geometry": { "type": "Point", "coordinates": [ -47.2936686, -23.2034536 ] } },
{ "type": "Feature", "properties": { "id": null, "Name": "Estádio do Vale", "descriptio": "Primeira partida: internacional 1 x 0 Corinthians 04/09/2013 - Brasileiro", "timestamp": null, "begin": null, "end": null, "altitudeMo": null, "tessellate": -1, "extrude": 0, "visibility": -1, "drawOrder": null, "icon": null }, "geometry": { "type": "Point", "coordinates": [ -51.144376, -29.7260092 ] } },
{ "type": "Feature", "properties": { "id": null, "Name": "Estádio dos Eucaliptos\n", "descriptio": "Posteriormente: Gigante da madeira.<br><br>http://www.calinense.com.br/gilbertao Hoje o local é um mercado no centro da cidade.<br>Referência: https://www.asmilcamisas.com.br/2013/06/07/estadios-do-oeste-paulista-2-lins/<br><br>Primeira partida: linens", "timestamp": null, "begin": null, "end": null, "altitudeMo": null, "tessellate": -1, "extrude": 0, "visibility": -1, "drawOrder": null, "icon": null }, "geometry": { "type": "Point", "coordinates": [ -49.7569149, -21.6743999 ] } },
{ "type": "Feature", "properties": { "id": null, "Name": "EverBank Field", "descriptio": "Primeira partida: Corinthians 2 x 1 bayer leverkusen 17/01/2015 - Florida Cup", "timestamp": null, "begin": null, "end": null, "altitudeMo": null, "tessellate": -1, "extrude": 0, "visibility": -1, "drawOrder": null, "icon": null }, "geometry": { "type": "Point", "coordinates": [ -81.6372528, 30.3239536 ] } },
{ "type": "Feature", "properties": { "id": null, "Name": "Exploria Stadium\n", "descriptio": "Orlando City Stadium<br><br>Primeira partida: Corinthians 2 x 1 new york city 15/01/2020 - Florida Cup", "timestamp": null, "begin": null, "end": null, "altitudeMo": null, "tessellate": -1, "extrude": 0, "visibility": -1, "drawOrder": null, "icon": null }, "geometry": { "type": "Point", "coordinates": [ -81.3890904, 28.5412473 ] } },
{ "type": "Feature", "properties": { "id": null, "Name": "FAU Stadium\n", "descriptio": "Primeira Partida: Corinthians 0 x 1 atletico mineiro 17/01/2016 - Florida Cup", "timestamp": null, "begin": null, "end": null, "altitudeMo": null, "tessellate": -1, "extrude": 0, "visibility": -1, "drawOrder": null, "icon": null }, "geometry": { "type": "Point", "coordinates": [ -80.1016311, 26.3761349 ] } },
{ "type": "Feature", "properties": { "id": null, "Name": "Farazão\n", "descriptio": "Estádio Paulo Constantino (1982-2002 e 2013 atualmente)<br>Estádio Eduardo José Farah (2002-2013) <br><br>Primeira partida: Corinthians 1 x 3 palmeiras 03/03/1996 - Paulista", "timestamp": null, "begin": null, "end": null, "altitudeMo": null, "tessellate": -1, "extrude": 0, "visibility": -1, "drawOrder": null, "icon": null }, "geometry": { "type": "Point", "coordinates": [ -51.4148828, -22.0985498 ] } },
{ "type": "Feature", "properties": { "id": null, "Name": "Felipão\n", "descriptio": "Estádio Municipal Doutor Waldemiro Wagner<br><br>Primeira partida: atlético paranavai 1 x 2 Corinthians 30/06/1996 - Amistoso", "timestamp": null, "begin": null, "end": null, "altitudeMo": null, "tessellate": -1, "extrude": 0, "visibility": -1, "drawOrder": null, "icon": null }, "geometry": { "type": "Point", "coordinates": [ -52.4681991, -23.074008 ] } },
{ "type": "Feature", "properties": { "id": null, "Name": "Figueira de Melo\n", "descriptio": "Estádio Ronaldo Luís Nazário de Lima<br><br>Primeira partida: são cristovão 2 x 1 Corinthians 22/10/1935 - Amistoso", "timestamp": null, "begin": null, "end": null, "altitudeMo": null, "tessellate": -1, "extrude": 0, "visibility": -1, "drawOrder": null, "icon": null }, "geometry": { "type": "Point", "coordinates": [ -43.2139294, -22.9050176 ] } },
{ "type": "Feature", "properties": { "id": null, "Name": "Flaminio", "descriptio": "Primeira partida: lazio 2 x 3 Corinthians 25/05/1966 - Amistoso", "timestamp": null, "begin": null, "end": null, "altitudeMo": null, "tessellate": -1, "extrude": 0, "visibility": -1, "drawOrder": null, "icon": null }, "geometry": { "type": "Point", "coordinates": [ 12.472095399999899, 41.9265865 ] } },
{ "type": "Feature", "properties": { "id": null, "Name": "Floresta\n", "descriptio": "Clube Tietê<br><br>Campo permanece dentro do Clube Tietê (https://pt.wikipedia.org/wiki/Ch%C3%A1cara_da_Floresta)<br><br>Primeira partida: morgan ? x ? Corinthians 08/10/1910 - Jogo Varzeano", "timestamp": null, "begin": null, "end": null, "altitudeMo": null, "tessellate": -1, "extrude": 0, "visibility": -1, "drawOrder": null, "icon": null }, "geometry": { "type": "Point", "coordinates": [ -46.6307932, -23.5212261 ] } },
{ "type": "Feature", "properties": { "id": null, "Name": "Fortaleza\n", "descriptio": "Estádio Antônio Gomes Martins - Estádio Fortaleza<br><br>Primeira partida: combinad barretos/fortaleza 2 x 7 Corinthians 15/05/1960 - Amistoso", "timestamp": null, "begin": null, "end": null, "altitudeMo": null, "tessellate": -1, "extrude": 0, "visibility": -1, "drawOrder": null, "icon": null }, "geometry": { "type": "Point", "coordinates": [ -48.563717, -20.5680119 ] } },
{ "type": "Feature", "properties": { "id": null, "Name": "Francisco Vasques\n", "descriptio": "Estádio Francisco Vasques (Souza)<br><br>Primeira partida: remo 0 x 4 Corinthians 22/05/1955 - Amistoso", "timestamp": null, "begin": null, "end": null, "altitudeMo": null, "tessellate": -1, "extrude": 0, "visibility": -1, "drawOrder": null, "icon": null }, "geometry": { "type": "Point", "coordinates": [ -48.4457716, -1.4178113 ] } },
{ "type": "Feature", "properties": { "id": null, "Name": "Frasqueirão\n", "descriptio": "Estádio Maria Lamas Farache - FRASQUEIRÃO <br><br>Primeira partida: abc 0 x 1 Corinthians 24/05/2008 - Brasileiro B", "timestamp": null, "begin": null, "end": null, "altitudeMo": null, "tessellate": -1, "extrude": 0, "visibility": -1, "drawOrder": null, "icon": null }, "geometry": { "type": "Point", "coordinates": [ -35.1792889, -5.8891468 ] } },
{ "type": "Feature", "properties": { "id": null, "Name": "Frederico Dalmaso", "descriptio": "Estádio Municipal Frederico Dalmaso<br><br>Primeira partida: sertãozinho 0 x 1 Corinthians 29/05/1990 - Amistoso", "timestamp": null, "begin": null, "end": null, "altitudeMo": null, "tessellate": -1, "extrude": 0, "visibility": -1, "drawOrder": null, "icon": null }, "geometry": { "type": "Point", "coordinates": [ -47.9922131, -21.1439821 ] } },
{ "type": "Feature", "properties": { "id": null, "Name": "Félix Capriles", "descriptio": "Primeira partida: jorge wilstermann 1 x 1 Corinthians 14/04/1999 - Libertadores", "timestamp": null, "begin": null, "end": null, "altitudeMo": null, "tessellate": -1, "extrude": 0, "visibility": -1, "drawOrder": null, "icon": null }, "geometry": { "type": "Point", "coordinates": [ -66.1617936, -17.3792677 ] } },
{ "type": "Feature", "properties": { "id": null, "Name": "Gauchão\n", "descriptio": "Lozalização não confirmada no wikipedia ou fonte difundida.<br>Fontes: http://wikimapia.org/3838520/pt/Est%C3%A1dio-Municipal-George-Yunes-Gauch%C3%A3o, https://www.ogol.com.br/estadio.php?id=2807<br><br>Primeira partida: seleção de araguaiana 0 x 4", "timestamp": null, "begin": null, "end": null, "altitudeMo": null, "tessellate": -1, "extrude": 0, "visibility": -1, "drawOrder": null, "icon": null }, "geometry": { "type": "Point", "coordinates": [ -48.23942, -7.211167 ] } },
{ "type": "Feature", "properties": { "id": null, "Name": "General Affonseca\n", "descriptio": "Atualmente Supermercado Nagumo<br><br>Registros sobre o campo e a transformação para supermercado:<br>- https://jogosperdidos2.blogspot.com/2008/12/estadios-pelo-brasil-volume-36-estadio.html<br>- http://www.asmilcamisas.com.br/2019/04/08/lorena/<br><b", "timestamp": null, "begin": null, "end": null, "altitudeMo": null, "tessellate": -1, "extrude": 0, "visibility": -1, "drawOrder": null, "icon": null }, "geometry": { "type": "Point", "coordinates": [ -45.1253621, -22.735018 ] } },
{ "type": "Feature", "properties": { "id": null, "Name": "General Severiano\n", "descriptio": "Wenceslau Brás - General Severiano-Sede Social do botafogo de Futebol e Regatas<br><br>Estádio já demolido, terreno deixou de ser do botafogo duante anos e voltou a ser na década de 90 (https://pt.wikipedia.org/wiki/Est%C3%A1dio_de_General_Severiano)", "timestamp": null, "begin": null, "end": null, "altitudeMo": null, "tessellate": -1, "extrude": 0, "visibility": -1, "drawOrder": null, "icon": null }, "geometry": { "type": "Point", "coordinates": [ -43.1779218, -22.9537511 ] } },
{ "type": "Feature", "properties": { "id": null, "Name": "George Capwell", "descriptio": "Primeira partida: emelec 0 x 0 Corinthians 02/05/2012 - Libertadores", "timestamp": null, "begin": null, "end": null, "altitudeMo": null, "tessellate": -1, "extrude": 0, "visibility": -1, "drawOrder": null, "icon": null }, "geometry": { "type": "Point", "coordinates": [ -79.8937912, -2.2067158 ] } },
{ "type": "Feature", "properties": { "id": null, "Name": "Gerland\n", "descriptio": "Matmut Stadium<br><br>Primeira partida: lyon 0 x 1 Corinthians 18/07/1996 - Amistoso", "timestamp": null, "begin": null, "end": null, "altitudeMo": null, "tessellate": -1, "extrude": 0, "visibility": -1, "drawOrder": null, "icon": null }, "geometry": { "type": "Point", "coordinates": [ 4.83214010000006, 45.723699 ] } },
{ "type": "Feature", "properties": { "id": null, "Name": "Germano Krüger", "descriptio": "Primeira partida: operario ferroviario 1 x 7 Corinthians 01/03/1962 - Amistoso", "timestamp": null, "begin": null, "end": null, "altitudeMo": null, "tessellate": -1, "extrude": 0, "visibility": -1, "drawOrder": null, "icon": null }, "geometry": { "type": "Point", "coordinates": [ -50.1566018, -25.1161531 ] } },
{ "type": "Feature", "properties": { "id": null, "Name": "Gigante de Arroyito", "descriptio": "Primeira partida: rosario central 3 x 2 Corinthians 03/05/2000 - Libertadores", "timestamp": null, "begin": null, "end": null, "altitudeMo": null, "tessellate": -1, "extrude": 0, "visibility": -1, "drawOrder": null, "icon": null }, "geometry": { "type": "Point", "coordinates": [ -60.6745499, -32.9140305 ] } },
{ "type": "Feature", "properties": { "id": null, "Name": "Ground do Santos Dumont*\n", "descriptio": "Bairro Cidade Santos Dumont<br><br>Localização exata não encontrada - Não encontrei referências<br><br>Primeira partida: paulista de jundiai 0 x 1 Corinthians 09/06/1912 - Jogo Varzeano", "timestamp": null, "begin": null, "end": null, "altitudeMo": null, "tessellate": -1, "extrude": 0, "visibility": -1, "drawOrder": null, "icon": null }, "geometry": { "type": "Point", "coordinates": [ -46.9101143, -23.1676264 ] } },
{ "type": "Feature", "properties": { "id": null, "Name": "Gustavo Nunes Diniz*\n", "descriptio": "Cidade de Cambará<br><br>Localização exata não encontrada, clube extinto desde 1963.<br><br>A fonte: https://www.folhadelondrina.com.br/esporte/cambaraense-teve-trajetoria-curta-mas-vitoriosa-467307.html informa que o estádio situava-se na Vila Rubi", "timestamp": null, "begin": null, "end": null, "altitudeMo": null, "tessellate": -1, "extrude": 0, "visibility": -1, "drawOrder": null, "icon": null }, "geometry": { "type": "Point", "coordinates": [ -50.0720282, -23.0465199 ] } },
{ "type": "Feature", "properties": { "id": null, "Name": "Gymnásio de Jaú*\n", "descriptio": "Cidade de Jaú<br><br>Localização exata não encontrada, não consegui ter certeza se o Ginásio de Jaú indicado em alguns sites é o mesmo onde aconteceram os jogos.<br><br>Partidas até 1936<br><br>Primeira partida: xv de jaú 0 x 3 Corinthians 15/1", "timestamp": null, "begin": null, "end": null, "altitudeMo": null, "tessellate": -1, "extrude": 0, "visibility": -1, "drawOrder": null, "icon": null }, "geometry": { "type": "Point", "coordinates": [ -48.5755491, -22.30275 ] } },
{ "type": "Feature", "properties": { "id": null, "Name": "Hercílio Luz", "descriptio": "Estádio Dr. Hercílio Luz<br><br>Primeira partida: marcilio dias 0 x 1 Corinthians 18/08/1968 - Amistoso", "timestamp": null, "begin": null, "end": null, "altitudeMo": null, "tessellate": -1, "extrude": 0, "visibility": -1, "drawOrder": null, "icon": null }, "geometry": { "type": "Point", "coordinates": [ -48.6597802, -26.9084026 ] } },
{ "type": "Feature", "properties": { "id": null, "Name": "Heriberto Hulse", "descriptio": "Primeira partida: criciúma 1 x 0 Corinthians 10/12/1986 - Brasileiro", "timestamp": null, "begin": null, "end": null, "altitudeMo": null, "tessellate": -1, "extrude": 0, "visibility": -1, "drawOrder": null, "icon": null }, "geometry": { "type": "Point", "coordinates": [ -49.3676877, -28.6845169 ] } },
{ "type": "Feature", "properties": { "id": null, "Name": "Hermínio Ometto", "descriptio": "Estádio Municipal Doutor Hermínio Ometto<br><br>Primeira partida: união são joão de araras 2 x 0 Corinthians 12/02/1989 - Amistoso", "timestamp": null, "begin": null, "end": null, "altitudeMo": null, "tessellate": -1, "extrude": 0, "visibility": -1, "drawOrder": null, "icon": null }, "geometry": { "type": "Point", "coordinates": [ -47.3406672, -22.3592045 ] } },
{ "type": "Feature", "properties": { "id": null, "Name": "Hernando Siles\n", "descriptio": "Olympic Stadium Hernando Siles<br><br>Primeira partida: the strongest 0 x 2 Corinthians 09/04/2003 - Libertadores", "timestamp": null, "begin": null, "end": null, "altitudeMo": null, "tessellate": -1, "extrude": 0, "visibility": -1, "drawOrder": null, "icon": null }, "geometry": { "type": "Point", "coordinates": [ -68.1226791, -16.499465 ] } },
{ "type": "Feature", "properties": { "id": null, "Name": "Highbury", "descriptio": "Estádio demolido em 2006<br><br>O Corinthians representando a seleção brasileira<br><br>Primeira partida: arsenal 2 x 0 Corinthians 16/11/1965 - Amistoso", "timestamp": null, "begin": null, "end": null, "altitudeMo": null, "tessellate": -1, "extrude": 0, "visibility": -1, "drawOrder": null, "icon": null }, "geometry": { "type": "Point", "coordinates": [ -0.101917500000013, 51.557732 ] } },
{ "type": "Feature", "properties": { "id": null, "Name": "Hong Kong Stadium", "descriptio": "Primeira partida: seiko 0 x 0 Corinthians 24/01/1984 - Amistoso", "timestamp": null, "begin": null, "end": null, "altitudeMo": null, "tessellate": -1, "extrude": 0, "visibility": -1, "drawOrder": null, "icon": null }, "geometry": { "type": "Point", "coordinates": [ 114.1886196, 22.2730071 ] } },
{ "type": "Feature", "properties": { "id": null, "Name": "Horácio Antônio da Costa", "descriptio": "Estádio Cerecamp<br><br>Conhecido também como estádio da Mogiana, hoje. Estádio Cerecamp<br><br>- Matéria sobre o antigo clube e a praça de esportes (https://ihggcampinas.org/2019/09/04/o-esporte-clube-mogiana-e-a-praca-de-esportes-horacio-costa/)<", "timestamp": null, "begin": null, "end": null, "altitudeMo": null, "tessellate": -1, "extrude": 0, "visibility": -1, "drawOrder": null, "icon": null }, "geometry": { "type": "Point", "coordinates": [ -47.0694161, -22.8958907 ] } },
{ "type": "Feature", "properties": { "id": null, "Name": "Horácio Klabin", "descriptio": "Primeira partida: athletico-PR 3 x 3 Corinthians 10/04/1949 - Amistoso", "timestamp": null, "begin": null, "end": null, "altitudeMo": null, "tessellate": -1, "extrude": 0, "visibility": -1, "drawOrder": null, "icon": null }, "geometry": { "type": "Point", "coordinates": [ -50.6201913, -24.3279349 ] } },
{ "type": "Feature", "properties": { "id": null, "Name": "Hudson Buck Ferreira", "descriptio": "Estádio Municipal Doutor Hudson Buck Ferreira<br><br>Primeira partida: matonense 2 x 4 Corinthians 06/03/1999 - Paulista", "timestamp": null, "begin": null, "end": null, "altitudeMo": null, "tessellate": -1, "extrude": 0, "visibility": -1, "drawOrder": null, "icon": null }, "geometry": { "type": "Point", "coordinates": [ -48.3667262, -21.6073952 ] } },
{ "type": "Feature", "properties": { "id": null, "Name": "Hyppodromo Campineiro*\n", "descriptio": "Sesc Campinas<br><br>Localização exata não encontrada, deduzi que seja o local onde ficava o hipódromo do Bonfim.<br><br>Primeira partida: ponte preta 1 x 2 Corinthias 04/10/1914 - Amistoso", "timestamp": null, "begin": null, "end": null, "altitudeMo": null, "tessellate": -1, "extrude": 0, "visibility": -1, "drawOrder": null, "icon": null }, "geometry": { "type": "Point", "coordinates": [ -47.0749616, -22.904163 ] } },
{ "type": "Feature", "properties": { "id": null, "Name": "Ibirapuera", "descriptio": "Estádio Ícaro de Castro Melo<br><br>Primeira partida: Corinthians 3 x 1 fluminense 13/10/1996 - Brasileiro", "timestamp": null, "begin": null, "end": null, "altitudeMo": null, "tessellate": -1, "extrude": 0, "visibility": -1, "drawOrder": null, "icon": null }, "geometry": { "type": "Point", "coordinates": [ -46.6544714, -23.5781368 ] } },
{ "type": "Feature", "properties": { "id": null, "Name": "Ilha do Retiro\n", "descriptio": "Estádio Adelmar da Costa Carvalho<br><br>Primeira partida: américa 0 x 3 Corinthians 06/05/1954 - Amistoso", "timestamp": null, "begin": null, "end": null, "altitudeMo": null, "tessellate": -1, "extrude": 0, "visibility": -1, "drawOrder": null, "icon": null }, "geometry": { "type": "Point", "coordinates": [ -34.9029094, -8.0629168 ] } },
{ "type": "Feature", "properties": { "id": null, "Name": "Ismet Inonu/Mitatpasa\n", "descriptio": "Vodafone Park<br><br>Estádio demolido em 2013 para construção de nova Arena<br><br>Joos da excursão do Corinthians a Europa em 1952 e um amistoso em 1972 (https://timoneirosblog.wordpress.com/2017/05/16/corinthians-derrota-djugardens-em-excursao-pela", "timestamp": null, "begin": null, "end": null, "altitudeMo": null, "tessellate": -1, "extrude": 0, "visibility": -1, "drawOrder": null, "icon": null }, "geometry": { "type": "Point", "coordinates": [ 28.9941087, 41.0393954 ] } },
{ "type": "Feature", "properties": { "id": null, "Name": "Vail Chaves", "descriptio": "Primeira Partida:  mogi-mirim 0 x 2 Corinthians 23/07/1986 - Paulista", "timestamp": null, "begin": null, "end": null, "altitudeMo": null, "tessellate": -1, "extrude": 0, "visibility": -1, "drawOrder": null, "icon": null }, "geometry": { "type": "Point", "coordinates": [ -46.9619915, -22.4395925 ] } },
{ "type": "Feature", "properties": { "id": null, "Name": "Jaime Cintra\n", "descriptio": "Estádio Doutor Jayme Cintra<br><br>Primeira partida: paulista de jundiai 2 x 3 Corinthians 20/04/1958 - Amistoso", "timestamp": null, "begin": null, "end": null, "altitudeMo": null, "tessellate": -1, "extrude": 0, "visibility": -1, "drawOrder": null, "icon": null }, "geometry": { "type": "Point", "coordinates": [ -46.8599183, -23.1882884 ] } },
{ "type": "Feature", "properties": { "id": null, "Name": "Jardim América\n", "descriptio": "Club Athletico Paulistano<br><br>Estádio demolido em 1950<br><br>Primeira partida: paulistano 1 x 2 Corinthians 08/09/1918 - Paulista", "timestamp": null, "begin": null, "end": null, "altitudeMo": null, "tessellate": -1, "extrude": 0, "visibility": -1, "drawOrder": null, "icon": null }, "geometry": { "type": "Point", "coordinates": [ -46.668675, -23.568036 ] } },
{ "type": "Feature", "properties": { "id": null, "Name": "Jesús Bermúdez", "descriptio": "Primeira partida: san josé 1 x 1 Corinthians 20/02/2013 - Libertadores", "timestamp": null, "begin": null, "end": null, "altitudeMo": null, "tessellate": -1, "extrude": 0, "visibility": -1, "drawOrder": null, "icon": null }, "geometry": { "type": "Point", "coordinates": [ -67.1116054, -17.9462579 ] } },
{ "type": "Feature", "properties": { "id": null, "Name": "Joia da Princesa\n", "descriptio": "Estádio Alberto Oliveira<br><br>Primeira partida: fluminense de feira de santana 1 x 2 Corinthians 02/02/1958 - Amistoso", "timestamp": null, "begin": null, "end": null, "altitudeMo": null, "tessellate": -1, "extrude": 0, "visibility": -1, "drawOrder": null, "icon": null }, "geometry": { "type": "Point", "coordinates": [ -38.9727778, -12.2441667 ] } },
{ "type": "Feature", "properties": { "id": null, "Name": "Jonas Duarte", "descriptio": "Primeira partida: anapolina 0 x 0 Corinthians 26/03/1978 - Brasileiro", "timestamp": null, "begin": null, "end": null, "altitudeMo": null, "tessellate": -1, "extrude": 0, "visibility": -1, "drawOrder": null, "icon": null }, "geometry": { "type": "Point", "coordinates": [ -48.9555716, -16.3464273 ] } },
{ "type": "Feature", "properties": { "id": null, "Name": "Jorge Ismael de Biasi", "descriptio": "Jorjão<br><br>Primeira partida: novorizonte 1 x 1 Corinthians 28/06/1987 - Paulista", "timestamp": null, "begin": null, "end": null, "altitudeMo": null, "tessellate": -1, "extrude": 0, "visibility": -1, "drawOrder": null, "icon": null }, "geometry": { "type": "Point", "coordinates": [ -49.2319125, -21.4670913 ] } },
{ "type": "Feature", "properties": { "id": null, "Name": "Josué Quirino de Moraes\n", "descriptio": "Estádio Quirinão<br><br>Primeira partida: novorizonte 1 x 1 Corinthians 04/05/1986 - Paulista", "timestamp": null, "begin": null, "end": null, "altitudeMo": null, "tessellate": -1, "extrude": 0, "visibility": -1, "drawOrder": null, "icon": null }, "geometry": { "type": "Point", "coordinates": [ -49.2170019, -21.4698362 ] } },
{ "type": "Feature", "properties": { "id": null, "Name": "José Maria de Campos Maia", "descriptio": "Primeira partida: américa de rio preto 0 x 1 Corinthians 21/03/1948 - Amistoso", "timestamp": null, "begin": null, "end": null, "altitudeMo": null, "tessellate": -1, "extrude": 0, "visibility": -1, "drawOrder": null, "icon": null }, "geometry": { "type": "Point", "coordinates": [ -49.5063968, -20.82242 ] } },
{ "type": "Feature", "properties": { "id": null, "Name": "José Zuquim Nogueira", "descriptio": "Estádio Municipal José Zuquim Nogueira<br><br>Primeira partida: são paulo 2 x 1 Corinthians 23/05/1976 - Amistoso", "timestamp": null, "begin": null, "end": null, "altitudeMo": null, "tessellate": -1, "extrude": 0, "visibility": -1, "drawOrder": null, "icon": null }, "geometry": { "type": "Point", "coordinates": [ -48.3118433, -20.31531 ] } },
{ "type": "Feature", "properties": { "id": null, "Name": "José de Melo", "descriptio": "Primeira partida: rio branco 0 x 3 Corinthians 11/04/1995 - Copa do Brasil", "timestamp": null, "begin": null, "end": null, "altitudeMo": null, "tessellate": -1, "extrude": 0, "visibility": -1, "drawOrder": null, "icon": null }, "geometry": { "type": "Point", "coordinates": [ -67.8079838, -9.9703891 ] } },
{ "type": "Feature", "properties": { "id": null, "Name": "Juscelino Kubitschek\n", "descriptio": "Estádio J.K.<br><br>Primeira partida: rio branco de andradas 1 x 1 Corinthians 15/02/1989 - Amistoso", "timestamp": null, "begin": null, "end": null, "altitudeMo": null, "tessellate": -1, "extrude": 0, "visibility": -1, "drawOrder": null, "icon": null }, "geometry": { "type": "Point", "coordinates": [ -46.5692842, -22.0668055 ] } },
{ "type": "Feature", "properties": { "id": null, "Name": "Juscelino Kubitschek", "descriptio": "Estádio Municipal Juscelino Kubitschek<br><br>Primeira partida: itumbiara 0 x 2 Corinthians 04/03/2009 - Copa do Brasil", "timestamp": null, "begin": null, "end": null, "altitudeMo": null, "tessellate": -1, "extrude": 0, "visibility": -1, "drawOrder": null, "icon": null }, "geometry": { "type": "Point", "coordinates": [ -49.2436111, -18.4086111 ] } },
{ "type": "Feature", "properties": { "id": null, "Name": "Juvevê*", "descriptio": "Parque Graciosa (Juvevê)<br><br>Localização exata não confirmada (Fonte da localização aproximada: https://joaoparanista.blogspot.com/2014/05/estadios-de-futebol-antigos-de-curitiba.html a partir de comentários) visitado em 24/02/2022<br><br>Prime", "timestamp": null, "begin": null, "end": null, "altitudeMo": null, "tessellate": -1, "extrude": 0, "visibility": -1, "drawOrder": null, "icon": null }, "geometry": { "type": "Point", "coordinates": [ -49.2586613, -25.4130919 ] } },
{ "type": "Feature", "properties": { "id": null, "Name": "Kleber Andrade", "descriptio": "Estádio Estadual Kleber José de Andrade<br><br>Primeira partida: rio branco 1 x 2 Corinthians 09/11/1986 - Brasileirão", "timestamp": null, "begin": null, "end": null, "altitudeMo": null, "tessellate": -1, "extrude": 0, "visibility": -1, "drawOrder": null, "icon": null }, "geometry": { "type": "Point", "coordinates": [ -40.3852101, -20.33293 ] } },
{ "type": "Feature", "properties": { "id": null, "Name": "La Fortaleza\n", "descriptio": "Estádio Ciudad de Lanús - Néstor Díaz Pérez<br><br>Primeira partida: lanus 4 x 2 Corinthians 11/10/2006 - Sul-Americana", "timestamp": null, "begin": null, "end": null, "altitudeMo": null, "tessellate": -1, "extrude": 0, "visibility": -1, "drawOrder": null, "icon": null }, "geometry": { "type": "Point", "coordinates": [ -58.3837397, -34.7167386 ] } },
{ "type": "Feature", "properties": { "id": null, "Name": "La Independencia", "descriptio": "Primeira partida: patriotas 1 x 1 Corinthians 28/06/2017 - Sul-Americana", "timestamp": null, "begin": null, "end": null, "altitudeMo": null, "tessellate": -1, "extrude": 0, "visibility": -1, "drawOrder": null, "icon": null }, "geometry": { "type": "Point", "coordinates": [ -73.3533681, 5.5420478 ] } },
{ "type": "Feature", "properties": { "id": null, "Name": "La Nueva Olla\n", "descriptio": "Estádio General Pablo Rojas<br><br>Primeira partida: cerro porteño 3 x 0 Corinthians 24/03/1999 - Libertadores", "timestamp": null, "begin": null, "end": null, "altitudeMo": null, "tessellate": -1, "extrude": 0, "visibility": -1, "drawOrder": null, "icon": null }, "geometry": { "type": "Point", "coordinates": [ -57.6374375, -25.2998797 ] } },
{ "type": "Feature", "properties": { "id": null, "Name": "La Rosaleda\n", "descriptio": "Primeira partida: málaga 0 x 1 Corinthians 16/08/1969 - IV Copa Costa del sol", "timestamp": null, "begin": null, "end": null, "altitudeMo": null, "tessellate": -1, "extrude": 0, "visibility": -1, "drawOrder": null, "icon": null }, "geometry": { "type": "Point", "coordinates": [ -4.42665109999996, 36.7335796 ] } },
{ "type": "Feature", "properties": { "id": null, "Name": "Laranjeiras - Álvaro Chaves\n", "descriptio": "Atual Estádio Manoel Schwartz<br><br>Primeira partida: américa 2 x 2 Corinthians 13/05/1929 - Amistoso", "timestamp": null, "begin": null, "end": null, "altitudeMo": null, "tessellate": -1, "extrude": 0, "visibility": -1, "drawOrder": null, "icon": null }, "geometry": { "type": "Point", "coordinates": [ -43.1844181, -22.9368681 ] } },
{ "type": "Feature", "properties": { "id": null, "Name": "Letzigrund", "descriptio": "Primeira partida: zurich 0 x 5 Corinthians 18/05/1966 - Amistoso", "timestamp": null, "begin": null, "end": null, "altitudeMo": null, "tessellate": -1, "extrude": 0, "visibility": -1, "drawOrder": null, "icon": null }, "geometry": { "type": "Point", "coordinates": [ 8.503807599999959, 47.3826664 ] } },
{ "type": "Feature", "properties": { "id": null, "Name": "Limeirão\n", "descriptio": "Estádio Major José Levy Sobrinho<br><br>Primeira partida: internacional de limeira 2 x 3 Corinthians 30/01/1977 - Amistoso", "timestamp": null, "begin": null, "end": null, "altitudeMo": null, "tessellate": -1, "extrude": 0, "visibility": -1, "drawOrder": null, "icon": null }, "geometry": { "type": "Point", "coordinates": [ -47.3851779, -22.5554318 ] } },
{ "type": "Feature", "properties": { "id": null, "Name": "Lindolfinho\n", "descriptio": "Estádio Municipal Lindolfo Monteiro<br><br>Primeira partida: seleção piauiense 3 x 5 Corinthians 16/01/1968 - Amistoso", "timestamp": null, "begin": null, "end": null, "altitudeMo": null, "tessellate": -1, "extrude": 0, "visibility": -1, "drawOrder": null, "icon": null }, "geometry": { "type": "Point", "coordinates": [ -42.8211732, -5.0849876 ] } },
{ "type": "Feature", "properties": { "id": null, "Name": "Lockhart Stadium", "descriptio": "Primeira partida: fort lauderdale strikers 0 x 0 Corinthians 23/01/2016 - Amistoso", "timestamp": null, "begin": null, "end": null, "altitudeMo": null, "tessellate": -1, "extrude": 0, "visibility": -1, "drawOrder": null, "icon": null }, "geometry": { "type": "Point", "coordinates": [ -80.1610244, 26.1931127 ] } },
{ "type": "Feature", "properties": { "id": null, "Name": "Luis Franzini", "descriptio": "Primeira partida: fênix 1 x 2 Corinthians 19/02/2003 - Libertadores", "timestamp": null, "begin": null, "end": null, "altitudeMo": null, "tessellate": -1, "extrude": 0, "visibility": -1, "drawOrder": null, "icon": null }, "geometry": { "type": "Point", "coordinates": [ -56.1667866, -34.9164312 ] } },
{ "type": "Feature", "properties": { "id": null, "Name": "Luisão\n", "descriptio": "Estádio Luis Augusto de Oliveira - Luizão<br><br>Primeira partida: estrela da bela vista 0 x 5 Corinthians 10/06/1956 - Amistoso", "timestamp": null, "begin": null, "end": null, "altitudeMo": null, "tessellate": -1, "extrude": 0, "visibility": -1, "drawOrder": null, "icon": null }, "geometry": { "type": "Point", "coordinates": [ -47.9017043, -22.0325974 ] } },
{ "type": "Feature", "properties": { "id": null, "Name": "Luis Sitjar\n", "descriptio": "Primeira partida: deportivo mallorca 0 x 2 Corinthians 24/08/1969 - Amistoso", "timestamp": null, "begin": null, "end": null, "altitudeMo": null, "tessellate": -1, "extrude": 0, "visibility": -1, "drawOrder": null, "icon": null }, "geometry": { "type": "Point", "coordinates": [ 2.64069444444442, 39.5808055555556 ] } },
{ "type": "Feature", "properties": { "id": null, "Name": "Marcelo Stefani/Nabi Abi Chedid", "descriptio": "Primeira partida: bragantino 1 x 3 Corinthians 12/11/1944 - Amistoso", "timestamp": null, "begin": null, "end": null, "altitudeMo": null, "tessellate": -1, "extrude": 0, "visibility": -1, "drawOrder": null, "icon": null }, "geometry": { "type": "Point", "coordinates": [ -46.5369361, -22.9654139 ] } },
{ "type": "Feature", "properties": { "id": null, "Name": "Pacaembu\n", "descriptio": "Estádio Municipal Paulo Machado de Carvalho<br><br>Primeira partida: Corinthians 4 x 2 atlético mineiro 28/04/1940 - Taça cidade de são paulo", "timestamp": null, "begin": null, "end": null, "altitudeMo": null, "tessellate": -1, "extrude": 0, "visibility": -1, "drawOrder": null, "icon": null }, "geometry": { "type": "Point", "coordinates": [ -46.6652465, -23.5473429 ] } },
{ "type": "Feature", "properties": { "id": null, "Name": "Moisés Lucarelli/Majestoso", "descriptio": "Primeira partida: ponte preta 0 x 6 Corinthians 08/12/1948 - Amistoso", "timestamp": null, "begin": null, "end": null, "altitudeMo": null, "tessellate": -1, "extrude": 0, "visibility": -1, "drawOrder": null, "icon": null }, "geometry": { "type": "Point", "coordinates": [ -47.0505475, -22.9126747 ] } },
{ "type": "Feature", "properties": { "id": null, "Name": "Malmö Stadion*", "descriptio": "A inauguração aparece como 1958, mas o jogo aconteceu antes disso, não consigo afirmar ser o local exato<br><br>Primeira partida: malmoe 1 x 2 Corinthians 27/05/1952 - Amistoso", "timestamp": null, "begin": null, "end": null, "altitudeMo": null, "tessellate": -1, "extrude": 0, "visibility": -1, "drawOrder": null, "icon": null }, "geometry": { "type": "Point", "coordinates": [ 12.9892328999999, 55.5860979 ] } },
{ "type": "Feature", "properties": { "id": null, "Name": "Manuel Toro\n", "descriptio": "Estádio Manuel Murillo Toro<br><br>Primeira partida: tolima 2 x 0 Corinthians 02/02/2011 - Libertadores", "timestamp": null, "begin": null, "end": null, "altitudeMo": null, "tessellate": -1, "extrude": 0, "visibility": -1, "drawOrder": null, "icon": null }, "geometry": { "type": "Point", "coordinates": [ -75.2181362, 4.4300469 ] } },
{ "type": "Feature", "properties": { "id": null, "Name": "Martins Pereira", "descriptio": "Primeira partida: taubaté 3 x 1 Corinthians 20/04/1957 - Amistoso", "timestamp": null, "begin": null, "end": null, "altitudeMo": null, "tessellate": -1, "extrude": 0, "visibility": -1, "drawOrder": null, "icon": null }, "geometry": { "type": "Point", "coordinates": [ -45.8698618, -23.1886066 ] } },
{ "type": "Feature", "properties": { "id": null, "Name": "Mateo Flores\n", "descriptio": "Estádio Doroteo Guamuch Flores<br><br>Primeira partida: Corinthians 3 x 2 flamengo 08/05/1966 - Amistoso", "timestamp": null, "begin": null, "end": null, "altitudeMo": null, "tessellate": -1, "extrude": 0, "visibility": -1, "drawOrder": null, "icon": null }, "geometry": { "type": "Point", "coordinates": [ -90.5101753, 14.6257186 ] } },
{ "type": "Feature", "properties": { "id": null, "Name": "Melão\n", "descriptio": "Estadio Municipal Prefeito Dilzon Melo<br><br>Primeira partida: flamengo de varginha 0 x 0 Corinthians 23/01/1990 - Amistoso", "timestamp": null, "begin": null, "end": null, "altitudeMo": null, "tessellate": -1, "extrude": 0, "visibility": -1, "drawOrder": null, "icon": null }, "geometry": { "type": "Point", "coordinates": [ -45.4141273, -21.5701332 ] } },
{ "type": "Feature", "properties": { "id": null, "Name": "Memorial Stadium\n", "descriptio": "Estádio Memorial da Universidade de Kobe<br><br>Primeira partida: seleção japonesa 2 x 1 Corinthians 14/01/1984 - Amistoso", "timestamp": null, "begin": null, "end": null, "altitudeMo": null, "tessellate": -1, "extrude": 0, "visibility": -1, "drawOrder": null, "icon": null }, "geometry": { "type": "Point", "coordinates": [ 135.08034330000001, 34.6823814 ] } },
{ "type": "Feature", "properties": { "id": null, "Name": "Ménez Paul", "descriptio": "Primeira partida: brest 0 x 2 Corinthians 23/05/1970 - Amistoso", "timestamp": null, "begin": null, "end": null, "altitudeMo": null, "tessellate": -1, "extrude": 0, "visibility": -1, "drawOrder": null, "icon": null }, "geometry": { "type": "Point", "coordinates": [ -4.46943729999998, 48.4078242 ] } },
{ "type": "Feature", "properties": { "id": null, "Name": "Mestalla", "descriptio": "Primeira partida: combinado de valencia/mestalla 1 x 3 Corinthians 11/06/1959 - Amistoso", "timestamp": null, "begin": null, "end": null, "altitudeMo": null, "tessellate": -1, "extrude": 0, "visibility": -1, "drawOrder": null, "icon": null }, "geometry": { "type": "Point", "coordinates": [ -0.358240099999989, 39.4746099 ] } },
{ "type": "Feature", "properties": { "id": null, "Name": "Mineirão", "descriptio": "Primeira partida: seleção mineira 1 x 6 Corinthians 27/02/1966 - Amistoso", "timestamp": null, "begin": null, "end": null, "altitudeMo": null, "tessellate": -1, "extrude": 0, "visibility": -1, "drawOrder": null, "icon": null }, "geometry": { "type": "Point", "coordinates": [ -43.9711315, -19.865867 ] } },
{ "type": "Feature", "properties": { "id": null, "Name": "Hailé Pinheiro (Serrinha)", "descriptio": "Primeira partida: goias 1 x 2 Corinthians 02/09/2020 - Brasileiro", "timestamp": null, "begin": null, "end": null, "altitudeMo": null, "tessellate": -1, "extrude": 0, "visibility": -1, "drawOrder": null, "icon": null }, "geometry": { "type": "Point", "coordinates": [ -49.2612882, -16.7104284 ] } },
{ "type": "Feature", "properties": { "id": null, "Name": "Mohamed V", "descriptio": "Primeira partida: seleção marroquina 1 x 0 Corinthians 10/05/1970 - Amistoso", "timestamp": null, "begin": null, "end": null, "altitudeMo": null, "tessellate": -1, "extrude": 0, "visibility": -1, "drawOrder": null, "icon": null }, "geometry": { "type": "Point", "coordinates": [ -7.6467228, 33.5827953 ] } },
{ "type": "Feature", "properties": { "id": null, "Name": "Monumental de Núñez", "descriptio": "Primeira partida: river plate 2 x 1 Corinthians 24/01/1961 - Octagonal de verão", "timestamp": null, "begin": null, "end": null, "altitudeMo": null, "tessellate": -1, "extrude": 0, "visibility": -1, "drawOrder": null, "icon": null }, "geometry": { "type": "Point", "coordinates": [ -58.4497749, -34.5453062 ] } },
{ "type": "Feature", "properties": { "id": null, "Name": "Monumental de Santiago\n", "descriptio": "Estádio Monumental David Arellano<br><br>Primeira partida: colo colo 0 x 2 Corinthians 26/07/2001 - Mercosul", "timestamp": null, "begin": null, "end": null, "altitudeMo": null, "tessellate": -1, "extrude": 0, "visibility": -1, "drawOrder": null, "icon": null }, "geometry": { "type": "Point", "coordinates": [ -70.6060094, -33.5066621 ] } },
{ "type": "Feature", "properties": { "id": null, "Name": "Morenão", "descriptio": "Estádio Universitário Pedro Pedrossian<br><br>Primeira partida: flamengo 3 x 1 Corinthians 07/03/1971 - Amistoso", "timestamp": null, "begin": null, "end": null, "altitudeMo": null, "tessellate": -1, "extrude": 0, "visibility": -1, "drawOrder": null, "icon": null }, "geometry": { "type": "Point", "coordinates": [ -54.6100501, -20.5019956 ] } },
{ "type": "Feature", "properties": { "id": null, "Name": "Morumbi", "descriptio": "Estádio Cícero Pompeu de Toledo<br><br>Primeira partida: são paulo 1 x 2 Corinthians 25/01/1962 - Troféu Lourenço Fló Júnior", "timestamp": null, "begin": null, "end": null, "altitudeMo": null, "tessellate": -1, "extrude": 0, "visibility": -1, "drawOrder": null, "icon": null }, "geometry": { "type": "Point", "coordinates": [ -46.7200902, -23.6000888 ] } },
{ "type": "Feature", "properties": { "id": null, "Name": "Moça Bonita", "descriptio": "Proletário Guilherme da Silveira<br><br>Primeira partida: bangu 2 x 1 Corinthians 09/11/1988 - Brasileiro", "timestamp": null, "begin": null, "end": null, "altitudeMo": null, "tessellate": -1, "extrude": 0, "visibility": -1, "drawOrder": null, "icon": null }, "geometry": { "type": "Point", "coordinates": [ -43.4566109, -22.8725 ] } },
{ "type": "Feature", "properties": { "id": null, "Name": "Mundialista", "descriptio": "Estádio José María Minella<br><br>Primeira partida: independiente 0 x 1 Corinthians 18/02/1986 - Troféu copa dos campeões", "timestamp": null, "begin": null, "end": null, "altitudeMo": null, "tessellate": -1, "extrude": 0, "visibility": -1, "drawOrder": null, "icon": null }, "geometry": { "type": "Point", "coordinates": [ -57.5822691, -38.0179547 ] } },
{ "type": "Feature", "properties": { "id": null, "Name": "Municipal de Andradina*", "descriptio": "Localização exata não confirmada, o jogo do Corinthians consta como exato 1 anos antes da inauguração, não encontrei outro estádio municipal<br><br>Primeira partida: andradina 2 x 4 Corinthians 11/07/1956 - Amistoso", "timestamp": null, "begin": null, "end": null, "altitudeMo": null, "tessellate": -1, "extrude": 0, "visibility": -1, "drawOrder": null, "icon": null }, "geometry": { "type": "Point", "coordinates": [ -51.3732046, -20.9008066 ] } },
{ "type": "Feature", "properties": { "id": null, "Name": "Municipal de Aracaju *\n", "descriptio": "Municipal do Anchietao<br><br>Não consegui confirmar que esse é o local, dado que não encontrei a data de inauguração do estádio <br><br>Primeira partida: sergipe 1 x 4 Corinthians 27/01/1965 - Amistoso", "timestamp": null, "begin": null, "end": null, "altitudeMo": null, "tessellate": -1, "extrude": 0, "visibility": -1, "drawOrder": null, "icon": null }, "geometry": { "type": "Point", "coordinates": [ -37.1017728, -10.8906356 ] } },
{ "type": "Feature", "properties": { "id": null, "Name": "Municipal de Araguari", "descriptio": "Estádio Sebastião César<br><br>https://en.wikipedia.org/wiki/Fluminense_Futebol_Clube_(Araguari)<br><br>Primeira partida: fluminense 1 x 1 Corinthians 28/05/1961 - Amistoso", "timestamp": null, "begin": null, "end": null, "altitudeMo": null, "tessellate": -1, "extrude": 0, "visibility": -1, "drawOrder": null, "icon": null }, "geometry": { "type": "Point", "coordinates": [ -48.1822937, -18.6526447 ] } },
{ "type": "Feature", "properties": { "id": null, "Name": "Municipal de Arapongas*", "descriptio": "Localização incorreta, o estadio é posterior a primeira partida do clube, informações sobre o estadio anterior ou sobre o adversário não foram encontradas<br><br>Primeira partida: lavoura 1 x 4 Corinthians 06/05/1951 - Amistoso", "timestamp": null, "begin": null, "end": null, "altitudeMo": null, "tessellate": -1, "extrude": 0, "visibility": -1, "drawOrder": null, "icon": null }, "geometry": { "type": "Point", "coordinates": [ -51.4231486, -23.418164 ] } },
{ "type": "Feature", "properties": { "id": null, "Name": "Municipal de Avaré*", "descriptio": "Estádio Doutor Paulo Araújo de Novaes<br><br>Localização não confirmada<br><br>Primeira partida: avareense 0 x 4 Corinthians 05/06/1960 - Amistoso", "timestamp": null, "begin": null, "end": null, "altitudeMo": null, "tessellate": -1, "extrude": 0, "visibility": -1, "drawOrder": null, "icon": null }, "geometry": { "type": "Point", "coordinates": [ -48.9300433, -23.1033722 ] } },
{ "type": "Feature", "properties": { "id": null, "Name": "Municipal de Banja Luka", "descriptio": "Banja Luka City Stadium<br><br>Primeira partida: borac (IUG) 0 x 2 Corinthians - 15/06/1972 - Amistoso", "timestamp": null, "begin": null, "end": null, "altitudeMo": null, "tessellate": -1, "extrude": 0, "visibility": -1, "drawOrder": null, "icon": null }, "geometry": { "type": "Point", "coordinates": [ 17.1995594, 44.7760279 ] } },
{ "type": "Feature", "properties": { "id": null, "Name": "Municipal de Batatais", "descriptio": "Atual Estádio Doutor Oswaldo Scatena<br><br>https://pt.wikipedia.org/wiki/Batatais_Futebol_Clube<br><br>Primeira partida: batatais 4 x 3 Corinthians 05/05/1946 - Amistoso", "timestamp": null, "begin": null, "end": null, "altitudeMo": null, "tessellate": -1, "extrude": 0, "visibility": -1, "drawOrder": null, "icon": null }, "geometry": { "type": "Point", "coordinates": [ -47.5860473, -20.8967844 ] } },
{ "type": "Feature", "properties": { "id": null, "Name": "Municipal de Catanduva", "descriptio": "Hoje Garden Shopping Catanduva https://pt.wikipedia.org/wiki/Est%C3%A1dio_Municipal_Silvio_Salles<br><br>Primeira partida: comercial de catanduva 0 x 5 Corinthians 01/03/1925 - Amistoso", "timestamp": null, "begin": null, "end": null, "altitudeMo": null, "tessellate": -1, "extrude": 0, "visibility": -1, "drawOrder": null, "icon": null }, "geometry": { "type": "Point", "coordinates": [ -48.9687878, -21.1361732 ] } },
{ "type": "Feature", "properties": { "id": null, "Name": "Municipal de Espírito Santo de Pinhal*", "descriptio": "Estádio Municipal Prefeito José Costa<br><br>Localização exata não encontrada, aparentemente o jogo ocorreu antes da inauguração desse espaço<br><br>Primeira partida: seleção de pinhal 0 x 4 Corinthians 07/09/1947 - Amistoso", "timestamp": null, "begin": null, "end": null, "altitudeMo": null, "tessellate": -1, "extrude": 0, "visibility": -1, "drawOrder": null, "icon": null }, "geometry": { "type": "Point", "coordinates": [ -46.7556545, -22.2012941 ] } },
{ "type": "Feature", "properties": { "id": null, "Name": "Municipal de Garça*", "descriptio": "Estádio Municipal Frederico Platzeck<br><br>Localização não confirmada, o jogo ocoreu antes da inauguração desse espaço https://www.garcaonline.com.br/2014/06/o-estadio-municipal-frederico-platzeck, informações sobre o estádio anterior ou sobre", "timestamp": null, "begin": null, "end": null, "altitudeMo": null, "tessellate": -1, "extrude": 0, "visibility": -1, "drawOrder": null, "icon": null }, "geometry": { "type": "Point", "coordinates": [ -49.650064, -22.2040696 ] } },
{ "type": "Feature", "properties": { "id": null, "Name": "Fernando Costa", "descriptio": "Municipal Doutor Fernando Costa<br><br>Primeira partida: seleção de pinhal 1 x 2 Corinthians 30/09/1956 - Amistoso", "timestamp": null, "begin": null, "end": null, "altitudeMo": null, "tessellate": -1, "extrude": 0, "visibility": -1, "drawOrder": null, "icon": null }, "geometry": { "type": "Point", "coordinates": [ -46.7433756, -22.1991124 ] } },
{ "type": "Feature", "properties": { "id": null, "Name": "Municipal de Ipauçu\n", "descriptio": "Estádio \"Arnaldo Borba de Moraes\" https://jogosperdidos2.blogspot.com/2008/05/uma-volta-ao-passado-volume-28-ca.html<br><br>Primeira partida: ipuçuense 0 x 7 Corinthians 07/04/1957 - Amistoso", "timestamp": null, "begin": null, "end": null, "altitudeMo": null, "tessellate": -1, "extrude": 0, "visibility": -1, "drawOrder": null, "icon": null }, "geometry": { "type": "Point", "coordinates": [ -49.6240915, -23.0505655 ] } },
{ "type": "Feature", "properties": { "id": null, "Name": "Municipal de Ituverava*\n", "descriptio": "estadio orlando seixas rego (Nome atual)<br><br>Não consegui confirmar que esse é o estádio da partida<br><br>Localização encontrada no wikimapia 20°19'59\"S 47°46'46\"W<br><br>Primeira partida: ituveravense 2 x 5 Corinthians 10/06/1960 - Amistoso", "timestamp": null, "begin": null, "end": null, "altitudeMo": null, "tessellate": -1, "extrude": 0, "visibility": -1, "drawOrder": null, "icon": null }, "geometry": { "type": "Point", "coordinates": [ -47.779444444444401, -20.3330555555556 ] } },
{ "type": "Feature", "properties": { "id": null, "Name": "Municipal de Jacareí*", "descriptio": "* Não foi possivel determinar o local do unico jogo <br><br>Primeira partida: elvira de jacarei 2 x 4 Corinthians  07/12/1924 - Amistoso", "timestamp": null, "begin": null, "end": null, "altitudeMo": null, "tessellate": -1, "extrude": 0, "visibility": -1, "drawOrder": null, "icon": null }, "geometry": { "type": "Point", "coordinates": [ -45.9662542, -23.2987827 ] } },
{ "type": "Feature", "properties": { "id": null, "Name": "Municipal de Laranjal Paulista", "descriptio": "Municipal Acácio Luvizoto<br><br>Não consegui confirmar a data de inauguração do estádio<br><br>Combinado regional de Laranjal 0 x 6 Corinthians 01/07/1962 - Amistoso", "timestamp": null, "begin": null, "end": null, "altitudeMo": null, "tessellate": -1, "extrude": 0, "visibility": -1, "drawOrder": null, "icon": null }, "geometry": { "type": "Point", "coordinates": [ -47.8394633, -23.0534264 ] } },
{ "type": "Feature", "properties": { "id": null, "Name": "Municipal de Mandaguari*", "descriptio": "*Localização exata do estádio da partida não encontrada<br><br>Mandaguari 1 x 4 Corinthians 16/11/1956 - Amistoso", "timestamp": null, "begin": null, "end": null, "altitudeMo": null, "tessellate": -1, "extrude": 0, "visibility": -1, "drawOrder": null, "icon": null }, "geometry": { "type": "Point", "coordinates": [ -51.6878456, -23.5167916 ] } },
{ "type": "Feature", "properties": { "id": null, "Name": "Municipal de Novi Sadi", "descriptio": "Estádio Karađorđe, inaugurado em 1924 e casa do adversário.<br><br>Ingresso da partida: https://m.facebook.com/mantoalvinegro1910/photos/a.1686456814726710/2150212738351113/?type=3<br><br>Primeira partida: vojvodina 1 X 1 Corinthains<br>13/05/1970 -", "timestamp": null, "begin": null, "end": null, "altitudeMo": null, "tessellate": -1, "extrude": 0, "visibility": -1, "drawOrder": null, "icon": null }, "geometry": { "type": "Point", "coordinates": [ 19.8421991, 45.2468973 ] } },
{ "type": "Feature", "properties": { "id": null, "Name": "Municipal de Pirassununga", "descriptio": "Estádio Bellarmino Del Nero<br><br>No Almanaque do Timão, o estádio aparece somente como Municipal de Pirassununga, no portal Meu Timão, existe a confirmação do local (https://www.meutimao.com.br/jogo/6314/amistosos_1940/pirassununguense-0-x-5-cori", "timestamp": null, "begin": null, "end": null, "altitudeMo": null, "tessellate": -1, "extrude": 0, "visibility": -1, "drawOrder": null, "icon": null }, "geometry": { "type": "Point", "coordinates": [ -47.4228593, -21.9951945 ] } },
{ "type": "Feature", "properties": { "id": null, "Name": "Municipal de Santa Cruz do Rio Pardo", "descriptio": "Estádio Municipal Leônidas Camarinha<br><br>Primeira partida: santacruzense 2 x 4 Corinthians 03/04/1949 - Amistoso", "timestamp": null, "begin": null, "end": null, "altitudeMo": null, "tessellate": -1, "extrude": 0, "visibility": -1, "drawOrder": null, "icon": null }, "geometry": { "type": "Point", "coordinates": [ -49.6262729, -22.8949624 ] } },
{ "type": "Feature", "properties": { "id": null, "Name": "Municipal de São Carlos\n", "descriptio": "Estádio Municipal Rui Barbosa<br><br>https://pt.wikipedia.org/wiki/Est%C3%A1dio_Municipal_Rui_Barbosa#Amistosos_no_local<br><br>Primeira partida: ferroviário de são carlos 2 x 7 Corinthians 05/01/1947 - Amistoso", "timestamp": null, "begin": null, "end": null, "altitudeMo": null, "tessellate": -1, "extrude": 0, "visibility": -1, "drawOrder": null, "icon": null }, "geometry": { "type": "Point", "coordinates": [ -47.882517, -22.0132139 ] } },
{ "type": "Feature", "properties": { "id": null, "Name": "Municipal de Taquaritinga\n", "descriptio": "Estádio Municipal Antônio Storti<br><br>Estádio renomeado em 1962, provavelmente o estádio municipal na data do jogo (https://legislacao.camarataquaritinga.sp.gov.br/consultas/norma_juridica/norma_juridica_mostrar_proc?cod_norma=1243)<br><br>Primeira", "timestamp": null, "begin": null, "end": null, "altitudeMo": null, "tessellate": -1, "extrude": 0, "visibility": -1, "drawOrder": null, "icon": null }, "geometry": { "type": "Point", "coordinates": [ -48.5075505, -21.4055446 ] } },
{ "type": "Feature", "properties": { "id": null, "Name": "Municipal de Tietê\n", "descriptio": "Estádio José Ferreira Alves<br><br>Aparentemente o campo fica um pouco mais ao lado, no clube Comercial (http://wikimapia.org/22380002/pt/Est%C3%A1dio-Jos%C3%A9-Ferreira-Alves)<br><br>Primeira partida: seleção de Tietê 1 x 3 Corinthians 08/03/1965 -", "timestamp": null, "begin": null, "end": null, "altitudeMo": null, "tessellate": -1, "extrude": 0, "visibility": -1, "drawOrder": null, "icon": null }, "geometry": { "type": "Point", "coordinates": [ -47.7172492, -23.0957625 ] } },
{ "type": "Feature", "properties": { "id": null, "Name": "Municipal de Tulza\n", "descriptio": "Tušanj City Stadium<br><br>https://pt.wikipedia.org/wiki/Fudbalski_Klub_Sloboda#Est%C3%A1dio<br>O adversário da partida não é o proprietário do estádio<br><br>Primeira partida: sloboda uzice 2 x 2 Corinthians 14/06/1972 - Amistoso", "timestamp": null, "begin": null, "end": null, "altitudeMo": null, "tessellate": -1, "extrude": 0, "visibility": -1, "drawOrder": null, "icon": null }, "geometry": { "type": "Point", "coordinates": [ 18.661445, 44.5418275 ] } },
{ "type": "Feature", "properties": { "id": null, "Name": "Municipal de Uberlândia\n", "descriptio": "Juca Ribeiro<br><br>Provavelmente, o estádio 'Municipal de Uberlândia' seja o mesmo local<br><br>OBS: Estádio demolido (https://www.youtube.com/watch?v=WOJS-WpnGpI)<br><br>Primeira partida: uberlândia 1 x 5 Corinthians 17/08/1947 - Amistoso", "timestamp": null, "begin": null, "end": null, "altitudeMo": null, "tessellate": -1, "extrude": 0, "visibility": -1, "drawOrder": null, "icon": null }, "geometry": { "type": "Point", "coordinates": [ -48.2725062, -18.9127982 ] } },
{ "type": "Feature", "properties": { "id": null, "Name": "Municipal de Umuarama\n", "descriptio": "Estádio Municipal Lúcio Pipino<br><br>Umuarama 1 x 1 Corinthians 05/12/1973 - Amistoso", "timestamp": null, "begin": null, "end": null, "altitudeMo": null, "tessellate": -1, "extrude": 0, "visibility": -1, "drawOrder": null, "icon": null }, "geometry": { "type": "Point", "coordinates": [ -53.3070403, -23.755355 ] } },
{ "type": "Feature", "properties": { "id": null, "Name": "Municipal de Águas de Lindóia\n", "descriptio": "Estádio Leonardo Barbieri<br><br>* Houveram dois jogos como \"Municipal de Águas de Lindóia\" uma em 1966 contra o Amparo 7x1 para o Corinthians. E outra 1998, vitória por 3x1 contra o Mogi Mirim . O estádio aparece no wikipedia construido em 1972 htt", "timestamp": null, "begin": null, "end": null, "altitudeMo": null, "tessellate": -1, "extrude": 0, "visibility": -1, "drawOrder": null, "icon": null }, "geometry": { "type": "Point", "coordinates": [ -46.636692, -22.4789379 ] } },
{ "type": "Feature", "properties": { "id": null, "Name": "Mário Alves Mendonça\n", "descriptio": "Atacadão - São José do Rio Preto (América)<br><br>*Estádio foi demolido para a construção de um supermercado, no que encontrei, o terreno ficava na Vila Santa Cruz, acredito ser esse o supermercado em questão, deve-se confirmar<br><br>Primeira pa", "timestamp": null, "begin": null, "end": null, "altitudeMo": null, "tessellate": -1, "extrude": 0, "visibility": -1, "drawOrder": null, "icon": null }, "geometry": { "type": "Point", "coordinates": [ -49.3731686, -20.8190423 ] } },
{ "type": "Feature", "properties": { "id": null, "Name": "Mané Garrincha", "descriptio": "Inicialmente, o nome do estádio era Hélio Prates da Silveira, somei os jogos descritos no aplicativo Almanaque do Timão como dois locais distintos.<br><br>Primeira partida: ceub 1 x 2 Corinthians 10/03/1974 - Brasileiro", "timestamp": null, "begin": null, "end": null, "altitudeMo": null, "tessellate": -1, "extrude": 0, "visibility": -1, "drawOrder": null, "icon": null }, "geometry": { "type": "Point", "coordinates": [ -47.899211, -15.7835191 ] } },
{ "type": "Feature", "properties": { "id": null, "Name": "Nacional de Bangcoc\n", "descriptio": "Estádio Suphachalasai<br><br>Consta outro estadio como o nacional (Estádio Nacional Rajamangala) mas inaugurado somente em 1998, o Corinthians jogou em Bangcoc em 1984, dando a entender que correto é o Suphachalasai<br><br>Primeira partida: seleção", "timestamp": null, "begin": null, "end": null, "altitudeMo": null, "tessellate": -1, "extrude": 0, "visibility": -1, "drawOrder": null, "icon": null }, "geometry": { "type": "Point", "coordinates": [ 100.5256813, 13.7455077 ] } },
{ "type": "Feature", "properties": { "id": null, "Name": "Nacional de Brasilia*\n", "descriptio": "Brasilia<br><br>Apontamento de um jogo contra o Atlético Mineiro, em 1967. O Mané Garrincha foi construído em 1974, não encontrei referência a localização do antigo nacional de brasilia, pode inclusive, ser no mesmo terreno do Mané Garrincha. (O", "timestamp": null, "begin": null, "end": null, "altitudeMo": null, "tessellate": -1, "extrude": 0, "visibility": -1, "drawOrder": null, "icon": null }, "geometry": { "type": "Point", "coordinates": [ -47.9218204, -15.826691 ] } },
{ "type": "Feature", "properties": { "id": null, "Name": "Nacional de Copenhague\n", "descriptio": "Estádio Parken<br><br>Referências: https://web.archive.org/web/20140826114454/http://teliaparken.dk/presse/parkens-historie/<br>https://pt.wikipedia.org/wiki/Est%C3%A1dio_Parken<br><br>Primeira partida: staevenet/Combinado Copenhague 1 x  1 Corinthian", "timestamp": null, "begin": null, "end": null, "altitudeMo": null, "tessellate": -1, "extrude": 0, "visibility": -1, "drawOrder": null, "icon": null }, "geometry": { "type": "Point", "coordinates": [ 12.572316, 55.7027169 ] } },
{ "type": "Feature", "properties": { "id": null, "Name": "Nacional de Guayaquil\n", "descriptio": "Estádio Monumental Isidro Romero Carbo<br><br>Referências:<br>https://www.meutimao.com.br/jogo/4635/amistosos_1966/emelec-x-corinthians<br><br>Primeira partida: emelec 1 x 0 Corinthians 13/04/1966 - Amistoso", "timestamp": null, "begin": null, "end": null, "altitudeMo": null, "tessellate": -1, "extrude": 0, "visibility": -1, "drawOrder": null, "icon": null }, "geometry": { "type": "Point", "coordinates": [ -79.9250389, -2.186578 ] } },
{ "type": "Feature", "properties": { "id": null, "Name": "Nacional de Kingston\n", "descriptio": "Independence Park<br><br>Primeira partida: santos jam 2 x 1 Corinthians 10/06/1984 - Amistoso", "timestamp": null, "begin": null, "end": null, "altitudeMo": null, "tessellate": -1, "extrude": 0, "visibility": -1, "drawOrder": null, "icon": null }, "geometry": { "type": "Point", "coordinates": [ -76.7725635, 18.0009772 ] } },
{ "type": "Feature", "properties": { "id": null, "Name": "Nacional de Lima\n", "descriptio": "Estádio Nacional do Peru<br><br>Referências:<br>https://pt.wikipedia.org/wiki/Est%C3%A1dio_Nacional_do_Peru construção 1952<br><br>Primeiro jogo:  universitario 3 x 3 Corinthians 13/02/1954 - Amistoso", "timestamp": null, "begin": null, "end": null, "altitudeMo": null, "tessellate": -1, "extrude": 0, "visibility": -1, "drawOrder": null, "icon": null }, "geometry": { "type": "Point", "coordinates": [ -77.0337292, -12.0672896 ] } },
{ "type": "Feature", "properties": { "id": null, "Name": "Nacional de Port of Spain\n", "descriptio": "Atual Hasely Crawford Stadium<br><br>https://en.wikipedia.org/wiki/Hasely_Crawford_Stadium<br><br>Primeira partida: seleção de trindad e tobago 2 x 8 Corinthians 03/09/1982 - Amistoso ", "timestamp": null, "begin": null, "end": null, "altitudeMo": null, "tessellate": -1, "extrude": 0, "visibility": -1, "drawOrder": null, "icon": null }, "geometry": { "type": "Point", "coordinates": [ -61.5330448, 10.6614597 ] } },
{ "type": "Feature", "properties": { "id": null, "Name": "Nacional de Santiago\n", "descriptio": "Primeira partida: combinado universidads católica e de chile 2 x 4 Corinthians 28/01/1960 - Amistoso", "timestamp": null, "begin": null, "end": null, "altitudeMo": null, "tessellate": -1, "extrude": 0, "visibility": -1, "drawOrder": null, "icon": null }, "geometry": { "type": "Point", "coordinates": [ -70.6106762, -33.4646281 ] } },
{ "type": "Feature", "properties": { "id": null, "Name": "Nagoya-Shi Mizuho", "descriptio": "Mizuho Athletic Stadium<br><br>* No aplicativo, o estádio leva o nome da região pelo que entendi e não do estádio de fato<br><br>Primeira partida: seleção japonesa 1 x 2 Corinthians 16/01/1984 - Amistoso", "timestamp": null, "begin": null, "end": null, "altitudeMo": null, "tessellate": -1, "extrude": 0, "visibility": -1, "drawOrder": null, "icon": null }, "geometry": { "type": "Point", "coordinates": [ 136.9442276, 35.1224265 ] } },
{ "type": "Feature", "properties": { "id": null, "Name": "Napoleão Francisco de Souza", "descriptio": "Estádio da L.E.D.A<br><br>Primeira partida: dourados 0 x 3 Corinthians 24/08/1984 - Amistoso", "timestamp": null, "begin": null, "end": null, "altitudeMo": null, "tessellate": -1, "extrude": 0, "visibility": -1, "drawOrder": null, "icon": null }, "geometry": { "type": "Point", "coordinates": [ -54.8247945, -22.2272248 ] } },
{ "type": "Feature", "properties": { "id": null, "Name": "Natal Francisco Pereira", "descriptio": "Atual Praça dos Pioneiros - Paranavaí<br><br>https://www.paranavai.pr.gov.br/municipio/1611#:~:text=Numa%20entrevista%20publicada%20pelo%20Di%C3%A1rio,de%20onde%20vieram%20os%20irm%C3%A3os<br><br>Primeira partida: atlético Paranavaí 0 x 2 Corinthians", "timestamp": null, "begin": null, "end": null, "altitudeMo": null, "tessellate": -1, "extrude": 0, "visibility": -1, "drawOrder": null, "icon": null }, "geometry": { "type": "Point", "coordinates": [ -52.4563486, -23.0781371 ] } },
{ "type": "Feature", "properties": { "id": null, "Name": "Nhozinho Santos", "descriptio": "Primeiro jogo: seleção do maranhão 0 x 2 Corinthians 14/01/1968 - Amistoso", "timestamp": null, "begin": null, "end": null, "altitudeMo": null, "tessellate": -1, "extrude": 0, "visibility": -1, "drawOrder": null, "icon": null }, "geometry": { "type": "Point", "coordinates": [ -44.2891777, -2.5363386 ] } },
{ "type": "Feature", "properties": { "id": null, "Name": "Ninho da garça\n", "descriptio": "Estádio Municipal Professor Dario Rodrigues Leite<br><br>Primeira partida: guaratingueta 2 x 3 Corinthians  04/02/2007 - Paulista", "timestamp": null, "begin": null, "end": null, "altitudeMo": null, "tessellate": -1, "extrude": 0, "visibility": -1, "drawOrder": null, "icon": null }, "geometry": { "type": "Point", "coordinates": [ -45.185426, -22.807262 ] } },
{ "type": "Feature", "properties": { "id": null, "Name": "Nissam Stadium\n", "descriptio": "Estádio Internacional de Yokohama<br><br>Primeira partida: Corinthians 1 x 0 chelsea - Final do mundial de clubes 2012", "timestamp": null, "begin": null, "end": null, "altitudeMo": null, "tessellate": -1, "extrude": 0, "visibility": -1, "drawOrder": null, "icon": null }, "geometry": { "type": "Point", "coordinates": [ 139.606393700000012, 35.5099461 ] } },
{ "type": "Feature", "properties": { "id": null, "Name": "Nogueirão\n", "descriptio": "Estádio Municipal Francisco Ribeiro Nogueira<br><br>OBS: Dois jogos listados como nogueirão, União Mogi 0 x 0 Corinthians de 1990 e Corinthians 0 x 1 Juventude de 1995. Porém, o wikipedia aponta a inauguração do estádio em 31 de maio de 1995. Prov", "timestamp": null, "begin": null, "end": null, "altitudeMo": null, "tessellate": -1, "extrude": 0, "visibility": -1, "drawOrder": null, "icon": null }, "geometry": { "type": "Point", "coordinates": [ -46.2060118, -23.5187203 ] } },
{ "type": "Feature", "properties": { "id": null, "Name": "Novelli Junior\n", "descriptio": "Estádio Municipal Doutor Novelli Júnior<br><br>Primeira partida: ituano 1 x 4 Corinthians 08/03/1959 - Amistoso", "timestamp": null, "begin": null, "end": null, "altitudeMo": null, "tessellate": -1, "extrude": 0, "visibility": -1, "drawOrder": null, "icon": null }, "geometry": { "type": "Point", "coordinates": [ -47.2877526, -23.2808026 ] } },
{ "type": "Feature", "properties": { "id": null, "Name": "Nuevo Gasómetro\n", "descriptio": "Estádio Pedro Bidegain<br><br>Primeira partida: san lorenzo 2 x 1 Corinthians 21/10/1999 - Copa Mercosul", "timestamp": null, "begin": null, "end": null, "altitudeMo": null, "tessellate": -1, "extrude": 0, "visibility": -1, "drawOrder": null, "icon": null }, "geometry": { "type": "Point", "coordinates": [ -58.4401169, -34.6520652 ] } },
{ "type": "Feature", "properties": { "id": null, "Name": "Nya Ullevi *\n", "descriptio": "Estádio Gamla Ullevi<br><br>* O estádio Nya Ullevi aparece no wikipedia como construido em 1958, o jogo do Corinthians foi em 1952, por isso assinalei no Gamla Ullevi, construido em 1916<br><br>Primeira partida: seleção de gottemburgo 3 x 9 Corinthia", "timestamp": null, "begin": null, "end": null, "altitudeMo": null, "tessellate": -1, "extrude": 0, "visibility": -1, "drawOrder": null, "icon": null }, "geometry": { "type": "Point", "coordinates": [ 11.9801221, 57.7062579 ] } },
{ "type": "Feature", "properties": { "id": null, "Name": "OAKA Spiridon Louis *\n", "descriptio": "Estádio Olímpico de Atenas<br><br>*O local foi construido em 1979 e o jogo foi anterior a isso, preciso de mais informações<br><br>Primeira partida: olympiakos 0 x 2 Corinthians 11/06/1972 - Amistoso", "timestamp": null, "begin": null, "end": null, "altitudeMo": null, "tessellate": -1, "extrude": 0, "visibility": -1, "drawOrder": null, "icon": null }, "geometry": { "type": "Point", "coordinates": [ 23.7875913, 38.0361294 ] } },
{ "type": "Feature", "properties": { "id": null, "Name": "Olimpico\n", "descriptio": "Estádio Olímpico Monumental<br><br>Primeira partida:  gremio 4 x 2 Corinthians 22/12/1955 - Amistoso", "timestamp": null, "begin": null, "end": null, "altitudeMo": null, "tessellate": -1, "extrude": 0, "visibility": -1, "drawOrder": null, "icon": null }, "geometry": { "type": "Point", "coordinates": [ -51.2132691, -30.0603752 ] } },
{ "type": "Feature", "properties": { "id": null, "Name": "Olimpico Regional\n", "descriptio": "Estádio Municipal Arnaldo Busato<br><br>Primeira partida: cascavel 1 x 1 Corinthians 12/11/1982 - Amistoso", "timestamp": null, "begin": null, "end": null, "altitudeMo": null, "tessellate": -1, "extrude": 0, "visibility": -1, "drawOrder": null, "icon": null }, "geometry": { "type": "Point", "coordinates": [ -53.5023756, -24.9751235 ] } },
{ "type": "Feature", "properties": { "id": null, "Name": "Olimpico da Cidade do Mexico\n", "descriptio": "Estadio Olímpico Universitario<br><br>Primeira partida: u.n.a.m - pumas 3 x 0 Corinthians 09/11/2005 - Sulamericana", "timestamp": null, "begin": null, "end": null, "altitudeMo": null, "tessellate": -1, "extrude": 0, "visibility": -1, "drawOrder": null, "icon": null }, "geometry": { "type": "Point", "coordinates": [ -99.1921777, 19.3319125 ] } },
{ "type": "Feature", "properties": { "id": null, "Name": "Olimpico de Caracas\n", "descriptio": "Estádio Olímpico de la Universidad Central de Venezuela<br><br>Estádio onde aconteceram os jogos da Pequena Taça do Mundo de 1953, vale a pena ver o video  do \"The Leonardo SCCP\" https://www.youtube.com/watch?v=Ft4j5xSOauM<br><br>Primeira partida: C", "timestamp": null, "begin": null, "end": null, "altitudeMo": null, "tessellate": -1, "extrude": 0, "visibility": -1, "drawOrder": null, "icon": null }, "geometry": { "type": "Point", "coordinates": [ -66.885831, 10.4913486 ] } },
{ "type": "Feature", "properties": { "id": null, "Name": "Olimpico de  Halmstad\n", "descriptio": "Örjans Vall<br><br>Estádio construido em 1922, não encontrei um olimpico da cidade, parece ser o Örjans Vall o estádio correto.<br><br>Primeira partida: seleção de halmstads/hamlia 1 x 10 Corinthians 08/06/1952 - Amistoso", "timestamp": null, "begin": null, "end": null, "altitudeMo": null, "tessellate": -1, "extrude": 0, "visibility": -1, "drawOrder": null, "icon": null }, "geometry": { "type": "Point", "coordinates": [ 12.867545, 56.6842999 ] } },
{ "type": "Feature", "properties": { "id": null, "Name": "Olímpico de Helsinque", "descriptio": "Primeira partida: seleção filandesa (Olimpica) 1 x 5 Corinthians 01/06/1952 - Amistoso", "timestamp": null, "begin": null, "end": null, "altitudeMo": null, "tessellate": -1, "extrude": 0, "visibility": -1, "drawOrder": null, "icon": null }, "geometry": { "type": "Point", "coordinates": [ 24.926746, 60.187902 ] } },
{ "type": "Feature", "properties": { "id": null, "Name": "Olímpico de Roma", "descriptio": "Primeira partida: roma 0 x 1 Corinthians 20/06/1972 - Amistoso", "timestamp": null, "begin": null, "end": null, "altitudeMo": null, "tessellate": -1, "extrude": 0, "visibility": -1, "drawOrder": null, "icon": null }, "geometry": { "type": "Point", "coordinates": [ 12.454725, 41.934077 ] } },
{ "type": "Feature", "properties": { "id": null, "Name": "Orlando Scarpelli", "descriptio": "Primeira partida: figueirense 1 x 1 Corinthians 05/09/1973 - Brasileiro", "timestamp": null, "begin": null, "end": null, "altitudeMo": null, "tessellate": -1, "extrude": 0, "visibility": -1, "drawOrder": null, "icon": null }, "geometry": { "type": "Point", "coordinates": [ -48.5864866, -27.5856563 ] } },
{ "type": "Feature", "properties": { "id": null, "Name": "Parque São Jorge\n", "descriptio": "Estádio Alfredo Schürig<br><br>Primeira partida: Sirio 0 x 1 Corinthians 25/01/2023 (O Timão ainda como visitante, a primeira partida após a compra do terreno, aconteceu em 22/07/1928, 2x2 contra o América do Rio)<br><br>Última partida: Corinthians", "timestamp": null, "begin": null, "end": null, "altitudeMo": null, "tessellate": -1, "extrude": 0, "visibility": -1, "drawOrder": null, "icon": null }, "geometry": { "type": "Point", "coordinates": [ -46.5685153, -23.5268908 ] } },
{ "type": "Feature", "properties": { "id": null, "Name": "Pachuca*\n", "descriptio": "*No Almanaque do timão, o estádio aparece como 'Pachuca', porém, os jogos desse troféu são atribuidos mais precisamente para o estádio Revolucion Mexicana https://pt.wikipedia.org/wiki/Trof%C3%A9u_Internacional_Feira_de_Hidalgo_de_1981<br><br>Hoje", "timestamp": null, "begin": null, "end": null, "altitudeMo": null, "tessellate": -1, "extrude": 0, "visibility": -1, "drawOrder": null, "icon": null }, "geometry": { "type": "Point", "coordinates": [ -98.7411083, 20.1158676 ] } },
{ "type": "Feature", "properties": { "id": null, "Name": "Palma Travassos\n", "descriptio": "Estádio Doutor Francisco de Palma Travassos-Comercial F.C<br><br>Primeira partida: Corinthians 2 x 2 botafogo RJ 27/05/1965 - Taça cidade de ribeirão preto", "timestamp": null, "begin": null, "end": null, "altitudeMo": null, "tessellate": -1, "extrude": 0, "visibility": -1, "drawOrder": null, "icon": null }, "geometry": { "type": "Point", "coordinates": [ -47.788714, -21.1866813 ] } },
{ "type": "Feature", "properties": { "id": null, "Name": "Palmeirão*\n", "descriptio": "Estadio Os Pioneiros<br><br>* No Almanaque do timão o estádio aparece como Palmeirão, seria o palco de Pato Branco 0 x 3 Corinthians, no wikipedia, o time parece mandar seus jogos no estádio Os Pioneiros, mas existe um detalhe, o clube Pato Branco Es", "timestamp": null, "begin": null, "end": null, "altitudeMo": null, "tessellate": -1, "extrude": 0, "visibility": -1, "drawOrder": null, "icon": null }, "geometry": { "type": "Point", "coordinates": [ -52.6802337, -26.2110211 ] } },
{ "type": "Feature", "properties": { "id": null, "Name": "Palogrande", "descriptio": "Primeira partida: once caldas 0 x 1 Corinthians 23/01/1963 - Amistoso", "timestamp": null, "begin": null, "end": null, "altitudeMo": null, "tessellate": -1, "extrude": 0, "visibility": -1, "drawOrder": null, "icon": null }, "geometry": { "type": "Point", "coordinates": [ -75.4899949, 5.0569638 ] } },
{ "type": "Feature", "properties": { "id": null, "Name": "Parc des Princes", "descriptio": "Primeira partida: stade reims 3 x 2 Corinthians 20/05/1959 - Amistoso", "timestamp": null, "begin": null, "end": null, "altitudeMo": null, "tessellate": -1, "extrude": 0, "visibility": -1, "drawOrder": null, "icon": null }, "geometry": { "type": "Point", "coordinates": [ 2.2530487, 48.8414356 ] } },
{ "type": "Feature", "properties": { "id": null, "Name": "Parque São Jorge de Presidente Prudente", "descriptio": "Atual Parque Shopping Prudente, historia da venda do terreno - https://pt.wikipedia.org/wiki/Esporte_Clube_Corinthians#D%C3%A9cada_de_1980:_a_venda_do_est%C3%A1dio<br><br>Primeira partida: Corinthians de PP 1 x 1 Corinthians 28/01/1962 - Amistoso", "timestamp": null, "begin": null, "end": null, "altitudeMo": null, "tessellate": -1, "extrude": 0, "visibility": -1, "drawOrder": null, "icon": null }, "geometry": { "type": "Point", "coordinates": [ -51.3902292, -22.131652 ] } },
{ "type": "Feature", "properties": { "id": null, "Name": "Parque do Sabiá", "descriptio": "Primeira partida: Uberlândia 0 x 0 Corinthians 27/06/1982 - Amistoso", "timestamp": null, "begin": null, "end": null, "altitudeMo": null, "tessellate": -1, "extrude": 0, "visibility": -1, "drawOrder": null, "icon": null }, "geometry": { "type": "Point", "coordinates": [ -48.2330308, -18.9130624 ] } },
{ "type": "Feature", "properties": { "id": null, "Name": "Pascual Guerrero", "descriptio": "Estádio Olímpico Pascual Guerrero<br><br>Primeira partida: boca juniors de cali 1 x 3 Corinthians 31/03/1954 - Amistoso", "timestamp": null, "begin": null, "end": null, "altitudeMo": null, "tessellate": -1, "extrude": 0, "visibility": -1, "drawOrder": null, "icon": null }, "geometry": { "type": "Point", "coordinates": [ -76.5412366, 3.4299548 ] } },
{ "type": "Feature", "properties": { "id": null, "Name": "Passo das Emas", "descriptio": "Estádio Municipal Passo das Emas<br><br>Primeira partida: luverdense 1 x 0 Corinthians 21/08/2013 - Copa do Brasil", "timestamp": null, "begin": null, "end": null, "altitudeMo": null, "tessellate": -1, "extrude": 0, "visibility": -1, "drawOrder": null, "icon": null }, "geometry": { "type": "Point", "coordinates": [ -55.9241914, -13.0745028 ] } },
{ "type": "Feature", "properties": { "id": null, "Name": "Pastinho*\n", "descriptio": "Rua Barão Geraldo de Rezende<br><br>* Não foi possível localizar o número exato, mas muitas fontes apontam para essa rua como local do estádio.<br><br>Algumas fontes: https://www.guaranifc.com.br/pastinho/, https://movimentobugreguerreiro.wordpress.", "timestamp": null, "begin": null, "end": null, "altitudeMo": null, "tessellate": -1, "extrude": 0, "visibility": -1, "drawOrder": null, "icon": null }, "geometry": { "type": "Point", "coordinates": [ -47.0663726, -22.897266 ] } },
{ "type": "Feature", "properties": { "id": null, "Name": "Pedro Benedetti", "descriptio": "Estádio Municipal Pedro Benedetti<br><br>Primeira partida: santo andré 1 x 0 Corinthians 21/09/1985 - Paulista", "timestamp": null, "begin": null, "end": null, "altitudeMo": null, "tessellate": -1, "extrude": 0, "visibility": -1, "drawOrder": null, "icon": null }, "geometry": { "type": "Point", "coordinates": [ -46.4708551, -23.6689672 ] } },
{ "type": "Feature", "properties": { "id": null, "Name": "Pedro Marin Berbel", "descriptio": "Estádio Municipal Pedro Marin Berbel<br><br>Primeira partida: bandeirante de birigui 1 x 3 Corinthians 06/12/1984 - Amistoso", "timestamp": null, "begin": null, "end": null, "altitudeMo": null, "tessellate": -1, "extrude": 0, "visibility": -1, "drawOrder": null, "icon": null }, "geometry": { "type": "Point", "coordinates": [ -50.3319381, -21.2688871 ] } },
{ "type": "Feature", "properties": { "id": null, "Name": "Pedro Vilela", "descriptio": "Estádio Municipal de Futebol Pedro Vilela<br><br>Primeira partida: jacarezinho 0 x 4 Corinthians 06/08/1950 - Amistoso", "timestamp": null, "begin": null, "end": null, "altitudeMo": null, "tessellate": -1, "extrude": 0, "visibility": -1, "drawOrder": null, "icon": null }, "geometry": { "type": "Point", "coordinates": [ -49.9769314, -23.1567705 ] } },
{ "type": "Feature", "properties": { "id": null, "Name": "Pelezão\n", "descriptio": "Atual Living Superquadra Park Sul (http://doc.brazilia.jor.br/Construcao/estadio-Pelezao.shtml e https://pt.wikipedia.org/wiki/Est%C3%A1dio_Edson_Arantes_do_Nascimento)<br><br>Primeira partida: ceub 2 x 1 Corinthians 31/10/1973 - Campeonato Brasileiro", "timestamp": null, "begin": null, "end": null, "altitudeMo": null, "tessellate": -1, "extrude": 0, "visibility": -1, "drawOrder": null, "icon": null }, "geometry": { "type": "Point", "coordinates": [ -47.957359, -15.8288907 ] } },
{ "type": "Feature", "properties": { "id": null, "Name": "Pequeno Maracanã\n", "descriptio": "Clube Atlético Ourinhense<br><br>Primeira partida: ourinhense 1 x 1 Corinthians 13/05/1962 - Amistoso", "timestamp": null, "begin": null, "end": null, "altitudeMo": null, "tessellate": -1, "extrude": 0, "visibility": -1, "drawOrder": null, "icon": null }, "geometry": { "type": "Point", "coordinates": [ -49.8607496, -22.9760427 ] } },
{ "type": "Feature", "properties": { "id": null, "Name": "Pinheirão\n", "descriptio": "Complexo Poliesportivo Pinheirão<br><br>Primeira partida: atlético PR 0 x 0 Corinthians - 02/10/1988 - Campeonato Brasileiro", "timestamp": null, "begin": null, "end": null, "altitudeMo": null, "tessellate": -1, "extrude": 0, "visibility": -1, "drawOrder": null, "icon": null }, "geometry": { "type": "Point", "coordinates": [ -49.2193652, -25.4313977 ] } },
{ "type": "Feature", "properties": { "id": null, "Name": "Pituaçu", "descriptio": "Estádio Roberto Santos (Pituaçu)<br><br>Primeira partida: bahia 0 x 1 Corinthians 29/06/2011 - Campeonato Brasileiro", "timestamp": null, "begin": null, "end": null, "altitudeMo": null, "tessellate": -1, "extrude": 0, "visibility": -1, "drawOrder": null, "icon": null }, "geometry": { "type": "Point", "coordinates": [ -38.4187011, -12.9466152 ] } },
{ "type": "Feature", "properties": { "id": null, "Name": "Plínio Marin*", "descriptio": "Arena Plínio Marin<br><br>OBS: No wikipedia, a construção do estádio aparece como 1975, data posterior aos jogos registrados lá, não consegui identificar qual o possível estádio, se não esse.<br><br>Primeira partida: votuporanguense 2 x 2 Corint", "timestamp": null, "begin": null, "end": null, "altitudeMo": null, "tessellate": -1, "extrude": 0, "visibility": -1, "drawOrder": null, "icon": null }, "geometry": { "type": "Point", "coordinates": [ -49.964782, -20.4065179 ] } },
{ "type": "Feature", "properties": { "id": null, "Name": "Ponte Grande\n", "descriptio": "Centro Esportivo Tietê<br><br>Não consegui colocar com certeza o local exato do estádio dentro do clube, mas segundo o wikipedia, o local é onde depois estariam as quadras de tênis (https://pt.wikipedia.org/wiki/Est%C3%A1dio_da_Ponte_Grande)<br><br>", "timestamp": null, "begin": null, "end": null, "altitudeMo": null, "tessellate": -1, "extrude": 0, "visibility": -1, "drawOrder": null, "icon": null }, "geometry": { "type": "Point", "coordinates": [ -46.6319313, -23.520628 ] } },
{ "type": "Feature", "properties": { "id": null, "Name": "Prado da Mooca\n", "descriptio": "Rua Bresser<br><br>História do local: https://saopauloantiga.com.br/a-heranca-do-hipodromo-na-mooca/<br><br>Primeira partida: parnahyba ? x ? Corinthians 29/01/1911 - Jogo varzeano", "timestamp": null, "begin": null, "end": null, "altitudeMo": null, "tessellate": -1, "extrude": 0, "visibility": -1, "drawOrder": null, "icon": null }, "geometry": { "type": "Point", "coordinates": [ -46.6005221, -23.5510928 ] } },
{ "type": "Feature", "properties": { "id": null, "Name": "Presidente Dutra\n", "descriptio": "Estádio Eurico Gaspar Dutra - Dutrinha<br><br>Primeira partida: mixto 0  x 1 Corinthians 14/05/1975 - Amistoso", "timestamp": null, "begin": null, "end": null, "altitudeMo": null, "tessellate": -1, "extrude": 0, "visibility": -1, "drawOrder": null, "icon": null }, "geometry": { "type": "Point", "coordinates": [ -56.1052672, -15.6070545 ] } },
{ "type": "Feature", "properties": { "id": null, "Name": "Presidente Vargas", "descriptio": "Estádio Presidente Vargas<br><br>Primeira partida: fortaleza 1 x 2 Corinthians 18/01/1968 - Amistoso", "timestamp": null, "begin": null, "end": null, "altitudeMo": null, "tessellate": -1, "extrude": 0, "visibility": -1, "drawOrder": null, "icon": null }, "geometry": { "type": "Point", "coordinates": [ -38.5368042, -3.7458445 ] } },
{ "type": "Feature", "properties": { "id": null, "Name": "Prudentão*\n", "descriptio": "Estádio Paulo Constantino (Prudentão)<br><br>*A inauguração do estádio consta como 1982, mas um dos jogos no local, é de 1975<br><br>Primeira partida: presidente prudente 0 x 3 Corinthians 06/05/1975 - Amistoso", "timestamp": null, "begin": null, "end": null, "altitudeMo": null, "tessellate": -1, "extrude": 0, "visibility": -1, "drawOrder": null, "icon": null }, "geometry": { "type": "Point", "coordinates": [ -51.4148828, -22.0985498 ] } },
{ "type": "Feature", "properties": { "id": null, "Name": "Pueblo Nuevo\n", "descriptio": "Estádio Polideportivo de Pueblo Nuevo<br><br>Primeira partida: deportivo táchira 1 x 1 Corinthians 15/02/2012 - Libertadores", "timestamp": null, "begin": null, "end": null, "altitudeMo": null, "tessellate": -1, "extrude": 0, "visibility": -1, "drawOrder": null, "icon": null }, "geometry": { "type": "Point", "coordinates": [ -72.1982544, 7.7873656 ] } },
{ "type": "Feature", "properties": { "id": null, "Name": "Quintino de Lima\n", "descriptio": "Estadio Municipal Quintino de Lima<br><br>Primeira partida: paulistano de São Roque 0 x 2 Corinthians 30/05/1991 - Amistoso", "timestamp": null, "begin": null, "end": null, "altitudeMo": null, "tessellate": -1, "extrude": 0, "visibility": -1, "drawOrder": null, "icon": null }, "geometry": { "type": "Point", "coordinates": [ -47.1357642, -23.5403667 ] } },
{ "type": "Feature", "properties": { "id": null, "Name": "Råsunda", "descriptio": "Atual Friends Arena https://pt.wikipedia.org/wiki/Est%C3%A1dio_R%C3%A5sunda<br><br>Partidas:<br>aik 3 x 3 Corinthians 14/05/1952 - Amistoso<br>djurgardens 2 x 3 Corinthians 16/05/1952 - Amistoso", "timestamp": null, "begin": null, "end": null, "altitudeMo": null, "tessellate": -1, "extrude": 0, "visibility": -1, "drawOrder": null, "icon": null }, "geometry": { "type": "Point", "coordinates": [ 18.0002317, 59.3727005 ] } },
{ "type": "Feature", "properties": { "id": null, "Name": "Ramón Sánchez Pizjuán", "descriptio": "Estádio Ramón Sánchez Pizjuán<br><br>Primeira partida: sevilla 3 x 4 Corinthians 17/06/1959 - Amistoso", "timestamp": null, "begin": null, "end": null, "altitudeMo": null, "tessellate": -1, "extrude": 0, "visibility": -1, "drawOrder": null, "icon": null }, "geometry": { "type": "Point", "coordinates": [ -5.9706902, 37.3840655 ] } },
{ "type": "Feature", "properties": { "id": null, "Name": "Ramon de Carranza", "descriptio": "Atual Nuevo Miradilla<br><br>Primeira partida: real madrid 1 x 1 Corinthians 03/09/1966 - Troféu Ramon de Carranza", "timestamp": null, "begin": null, "end": null, "altitudeMo": null, "tessellate": -1, "extrude": 0, "visibility": -1, "drawOrder": null, "icon": null }, "geometry": { "type": "Point", "coordinates": [ -6.2729285, 36.502601 ] } },
{ "type": "Feature", "properties": { "id": null, "Name": "Ray\n", "descriptio": "Stade du Ray https://pt.wikipedia.org/wiki/Stade_du_Ray e https://fr.wikipedia.org/wiki/Stade_du_Ray<br><br>Primeira partida: nice 0 x 1 Corinthians 30/04/1970 - Amistoso", "timestamp": null, "begin": null, "end": null, "altitudeMo": null, "tessellate": -1, "extrude": 0, "visibility": -1, "drawOrder": null, "icon": null }, "geometry": { "type": "Point", "coordinates": [ 7.2605292, 43.7216181 ] } },
{ "type": "Feature", "properties": { "id": null, "Name": "Rei Pelé", "descriptio": "Primeira partida: csa 1 x 6 Corinthians 02/12/1970 - Amistoso", "timestamp": null, "begin": null, "end": null, "altitudeMo": null, "tessellate": -1, "extrude": 0, "visibility": -1, "drawOrder": null, "icon": null }, "geometry": { "type": "Point", "coordinates": [ -35.759448, -9.6708828 ] } },
{ "type": "Feature", "properties": { "id": null, "Name": "Ressacada\n", "descriptio": "Estádio Doutor Aderbal Ramos da Silva<br><br>Primeira partida: avai 1 x 1 Corinthians 12/08/2008 - Brasileirão série B", "timestamp": null, "begin": null, "end": null, "altitudeMo": null, "tessellate": -1, "extrude": 0, "visibility": -1, "drawOrder": null, "icon": null }, "geometry": { "type": "Point", "coordinates": [ -48.5316518, -27.6665434 ] } },
{ "type": "Feature", "properties": { "id": null, "Name": "Riazor\n", "descriptio": "Estádio Municipal de Riazor<br><br>Primeira partida: seleção de la coruña 0 x 3 Corinthians 28/06/1959 - Amistoso", "timestamp": null, "begin": null, "end": null, "altitudeMo": null, "tessellate": -1, "extrude": 0, "visibility": -1, "drawOrder": null, "icon": null }, "geometry": { "type": "Point", "coordinates": [ -8.4174835, 43.3687184 ] } },
{ "type": "Feature", "properties": { "id": null, "Name": "Rio Pretão\n", "descriptio": "Estádio Anísio Haddad<br><br>Primeira partida: rio preto 0 x 1 Corinthians 12/03/2008 - Paulistão", "timestamp": null, "begin": null, "end": null, "altitudeMo": null, "tessellate": -1, "extrude": 0, "visibility": -1, "drawOrder": null, "icon": null }, "geometry": { "type": "Point", "coordinates": [ -49.4011085, -20.8345771 ] } },
{ "type": "Feature", "properties": { "id": null, "Name": "Romeirão\n", "descriptio": "Arena Romeirão,  Mauro Sampaio<br><br>Primeira partida: Corinthians 3 x 0 vasco 03/06/1984 - Amistoso", "timestamp": null, "begin": null, "end": null, "altitudeMo": null, "tessellate": -1, "extrude": 0, "visibility": -1, "drawOrder": null, "icon": null }, "geometry": { "type": "Point", "coordinates": [ -39.3179898, -7.2241967 ] } },
{ "type": "Feature", "properties": { "id": null, "Name": "Ronaldo Junqueira\n", "descriptio": "Estádio Doutor Ronaldo Junqueira<br><br>Primeira partida: Caldense 0 x 3 Corinthians 04/09/1979 - Amistoso<br>Última partida: Caldense 0 x 1 Corinthians 08/02/2017 - Copa do Brasil<br><br>- Vitórias: 4<br>- Empates: 2<br>- Derrotas: 1", "timestamp": null, "begin": null, "end": null, "altitudeMo": null, "tessellate": -1, "extrude": 0, "visibility": -1, "drawOrder": null, "icon": null }, "geometry": { "type": "Point", "coordinates": [ -46.6058489, -21.7778564 ] } },
{ "type": "Feature", "properties": { "id": null, "Name": "Rua 32\n", "descriptio": "Atual Terminal De Integração<br><br>Referências: https://www.asmilcamisas.com.br/2020/09/24/o-futebol-em-barretos/ e https://www.odiarioonline.com.br/noticia/103167/estadio-da-rua-32-lembrava-o-alfredo-schurig<br><br>Primeira partida: Corinthians 0 x", "timestamp": null, "begin": null, "end": null, "altitudeMo": null, "tessellate": -1, "extrude": 0, "visibility": -1, "drawOrder": null, "icon": null }, "geometry": { "type": "Point", "coordinates": [ -48.5753285, -20.5600307 ] } },
{ "type": "Feature", "properties": { "id": null, "Name": "Rua Bariri\n", "descriptio": "Estádio Antônio Mourão Vieira Filho<br><br>Primeira partida: olaria 2 x 4 Corinthians 04/04/1948 - Amistoso", "timestamp": null, "begin": null, "end": null, "altitudeMo": null, "tessellate": -1, "extrude": 0, "visibility": -1, "drawOrder": null, "icon": null }, "geometry": { "type": "Point", "coordinates": [ -43.2669575, -22.8419525 ] } },
{ "type": "Feature", "properties": { "id": null, "Name": "Rua Bocaiúva\n", "descriptio": "Adolpho Konder, atual Beiramar Shopping<br><br>Primeira partida: figueirense 3 x 6 Corinthians 04/02/1943 - Amistoso", "timestamp": null, "begin": null, "end": null, "altitudeMo": null, "tessellate": -1, "extrude": 0, "visibility": -1, "drawOrder": null, "icon": null }, "geometry": { "type": "Point", "coordinates": [ -48.5450349, -27.5848902 ] } },
{ "type": "Feature", "properties": { "id": null, "Name": "Rua Brás Cubas\n", "descriptio": "* As duas fontes citam que o terreno era próximo a catedral, mas nenhuma delas diz o número da rua.<br><br>https://www.asmilcamisas.com.br/2020/06/24/o-estadio-da-rua-bras-cubas-a-casa-do-primeiro-de-maio-fc/<br><br>http://www.santoandre.sp.gov.br/pesq", "timestamp": null, "begin": null, "end": null, "altitudeMo": null, "tessellate": -1, "extrude": 0, "visibility": -1, "drawOrder": null, "icon": null }, "geometry": { "type": "Point", "coordinates": [ -46.5258135, -23.6566898 ] } },
{ "type": "Feature", "properties": { "id": null, "Name": "Rua Campos Salles\n", "descriptio": "Atual Parque Shopping America<br><br>https://pt.wikipedia.org/wiki/Est%C3%A1dio_da_Rua_Campos_Sales<br><br>https://diariodorio.com/para-construcao-de-um-shopping-tradicional-sede-do-america-na-tijuca-e-demolida/<br><br>Primeira partida: américa 4 x 2 Co", "timestamp": null, "begin": null, "end": null, "altitudeMo": null, "tessellate": -1, "extrude": 0, "visibility": -1, "drawOrder": null, "icon": null }, "geometry": { "type": "Point", "coordinates": [ -43.2177987, -22.9166264 ] } },
{ "type": "Feature", "properties": { "id": null, "Name": "Rua Cesário Ramalho", "descriptio": "Não identifiquei o número exato<br><br>http://portuguesa.com.br/site/clube/historia/<br><br>Foi o primeiro estádio da Portuguesa, mas o primeiro jogo do Corinthians no local, é anterior a isso<br><br>Primeira partida: união artística e recreativa d", "timestamp": null, "begin": null, "end": null, "altitudeMo": null, "tessellate": -1, "extrude": 0, "visibility": -1, "drawOrder": null, "icon": null }, "geometry": { "type": "Point", "coordinates": [ -46.6216534, -23.5613191 ] } },
{ "type": "Feature", "properties": { "id": null, "Name": "Rua Comendador Souza\n", "descriptio": "Estádio Nicolau Alayon<br><br>Primeira partida: spr 1 x 2 Corinthians 15/05/1938 - Torneio extra/Taça Arthur Tarantino", "timestamp": null, "begin": null, "end": null, "altitudeMo": null, "tessellate": -1, "extrude": 0, "visibility": -1, "drawOrder": null, "icon": null }, "geometry": { "type": "Point", "coordinates": [ -46.6852378, -23.5180229 ] } },
{ "type": "Feature", "properties": { "id": null, "Name": "Antônio Accioly", "descriptio": "Primeira partida: atlético goianiense 0 x 0 Corinthians 09/06/2021 - Copa do Brasil", "timestamp": null, "begin": null, "end": null, "altitudeMo": null, "tessellate": -1, "extrude": 0, "visibility": -1, "drawOrder": null, "icon": null }, "geometry": { "type": "Point", "coordinates": [ -49.2842301, -16.6701544 ] } },
{ "type": "Feature", "properties": { "id": null, "Name": "Rua Coronel Montenegro*", "descriptio": "Avenida Coronel Joaquim Montenegro<br><br>* O Almanaque do Timão aponta como Coronel Montenegro, mas não encontrei como Rua, e sim como avenida. Sua criação é de 1922.<br><br>Referência: https://www.novomilenio.inf.br/santos/poli1898.htm<br><br>Pr", "timestamp": null, "begin": null, "end": null, "altitudeMo": null, "tessellate": -1, "extrude": 0, "visibility": -1, "drawOrder": null, "icon": null }, "geometry": { "type": "Point", "coordinates": [ -46.3037332, -23.9796868 ] } },
{ "type": "Feature", "properties": { "id": null, "Name": "Rua Coronel Nogueira Padilha ", "descriptio": "Somei os jogos que aparecem como Rua Coronel Nogueira Padilha e Umberto Reali<br><br>R. Cel. Nogueira Padilha, 657<br><br>Primeiro jogo: são bento 1 x 5 Corinthians 29/08/1943 - Amistoso", "timestamp": null, "begin": null, "end": null, "altitudeMo": null, "tessellate": -1, "extrude": 0, "visibility": -1, "drawOrder": null, "icon": null }, "geometry": { "type": "Point", "coordinates": [ -47.4460532, -23.5045237 ] } },
{ "type": "Feature", "properties": { "id": null, "Name": "Rua Doze de Novembro", "descriptio": "Referências: https://pt.wikipedia.org/wiki/Rio_Branco_Esporte_Clube#Est%C3%A1dio<br><br>* Numeração exata não encontrada<br><br>Primeira partida: rio branco de americana 1 x 2 Corinthians 06/12/1925 - Amistoso, taça agencia ford", "timestamp": null, "begin": null, "end": null, "altitudeMo": null, "tessellate": -1, "extrude": 0, "visibility": -1, "drawOrder": null, "icon": null }, "geometry": { "type": "Point", "coordinates": [ -47.3320709, -22.7378583 ] } },
{ "type": "Feature", "properties": { "id": null, "Name": "Rua Javari", "descriptio": "Atual Estádio Conde Rodolfo Crespi<br><br>Primeira partida: juventus 0 x 5 Corinthians 27/04/1930 - Paulista", "timestamp": null, "begin": null, "end": null, "altitudeMo": null, "tessellate": -1, "extrude": 0, "visibility": -1, "drawOrder": null, "icon": null }, "geometry": { "type": "Point", "coordinates": [ -46.6048538, -23.5532921 ] } },
{ "type": "Feature", "properties": { "id": null, "Name": "Rua Muller nº 57 *\n", "descriptio": "* Não encontrei referências sobre o antigo campo<br><br>Primeira partida: minas gerais-sp 2 x 4 Corinthians 20/02/1916 - Amistoso", "timestamp": null, "begin": null, "end": null, "altitudeMo": null, "tessellate": -1, "extrude": 0, "visibility": -1, "drawOrder": null, "icon": null }, "geometry": { "type": "Point", "coordinates": [ -46.6171309, -23.5408397 ] } },
{ "type": "Feature", "properties": { "id": null, "Name": "Rua Paraíba (Conde Francisco Matarazzo)", "descriptio": "R. Paraíba, 698<br><br>* Numeração exata não encontrada<br><br>Referência do possível local: https://www.asmilcamisas.com.br/2020/06/01/os-estadios-do-sao-caetano-esporte-clube/<br><br>Primeira partida: seleção de santo andré 0 x 7 Corinthians", "timestamp": null, "begin": null, "end": null, "altitudeMo": null, "tessellate": -1, "extrude": 0, "visibility": -1, "drawOrder": null, "icon": null }, "geometry": { "type": "Point", "coordinates": [ -46.5754454, -23.6149177 ] } },
{ "type": "Feature", "properties": { "id": null, "Name": "Rua Paysandu", "descriptio": "* Numeração exata não encontrada<br><br>Primeira partida: flamengo 1 x 2 Corinthians 01/12/1918 - Amistoso", "timestamp": null, "begin": null, "end": null, "altitudeMo": null, "tessellate": -1, "extrude": 0, "visibility": -1, "drawOrder": null, "icon": null }, "geometry": { "type": "Point", "coordinates": [ -43.1785049, -22.9350489 ] } },
{ "type": "Feature", "properties": { "id": null, "Name": "Rua Regente Feijó (Roberto Gomes Pedrosa)", "descriptio": "R. Reg. Feijó, 823, atualmente o local abriga um hipermercado https://pt.wikipedia.org/wiki/Est%C3%A1dio_Roberto_Gomes_Pedrosa<br><br>Primeira partida: xv de piracicaba 2 x 2 Corinthians 06/11/1949 - Paulista", "timestamp": null, "begin": null, "end": null, "altitudeMo": null, "tessellate": -1, "extrude": 0, "visibility": -1, "drawOrder": null, "icon": null }, "geometry": { "type": "Point", "coordinates": [ -47.6462089, -22.7207685 ] } },
{ "type": "Feature", "properties": { "id": null, "Name": "Rua São Jorge (Campo do Lusitano e Comercial)", "descriptio": "* Não encontrei o número exato, tudo indica ser a rua são jorge proxima ao Corinthians, a rua é de 1917 https://dicionarioderuas.prefeitura.sp.gov.br/logradouro/rua-sao-jorge<br><br>O Campo era do lusitano e  depois se fundiu ao comercial<br><br>Pa", "timestamp": null, "begin": null, "end": null, "altitudeMo": null, "tessellate": -1, "extrude": 0, "visibility": -1, "drawOrder": null, "icon": null }, "geometry": { "type": "Point", "coordinates": [ -46.5652656, -23.5308042 ] } },
{ "type": "Feature", "properties": { "id": null, "Name": "Rua Tabor", "descriptio": "* Numeração exata não identificada, campo do Silex<br><br>Primeira partida: sirio 1 x 5 Corinthians 28/03/1926 - Amistoso Taça Apea", "timestamp": null, "begin": null, "end": null, "altitudeMo": null, "tessellate": -1, "extrude": 0, "visibility": -1, "drawOrder": null, "icon": null }, "geometry": { "type": "Point", "coordinates": [ -46.6072972, -23.5770946 ] } },
{ "type": "Feature", "properties": { "id": null, "Name": "Rua Tibiriçá", "descriptio": "Atual = Recra - Sociedade Recreativa e de Esportes de Ribeirão Preto https://pt.wikipedia.org/wiki/Est%C3%A1dio_da_Rua_Tibiri%C3%A7%C3%A1<br><br>Primeira partida: comercial 1 x 0 Corinthians 09/06/1918 - Amistoso Taça Clark", "timestamp": null, "begin": null, "end": null, "altitudeMo": null, "tessellate": -1, "extrude": 0, "visibility": -1, "drawOrder": null, "icon": null }, "geometry": { "type": "Point", "coordinates": [ -47.8137741, -21.1817073 ] } },
{ "type": "Feature", "properties": { "id": null, "Name": "Arnoldo Bulle (Rua Valim)", "descriptio": "* Por algum motivo, ao procurar no google por Arnoldo Bulle somos direcionados para a rua de tras, porém o estádio Arnoldo Bulle foi construido no antigo campo da Rua Valim.<br><br>Primeira partida: internacional de bebedouro 3 x 3 Corinthians 26/10/19", "timestamp": null, "begin": null, "end": null, "altitudeMo": null, "tessellate": -1, "extrude": 0, "visibility": -1, "drawOrder": null, "icon": null }, "geometry": { "type": "Point", "coordinates": [ -48.4845881, -20.9528571 ] } },
{ "type": "Feature", "properties": { "id": null, "Name": "Rua da Mooca", "descriptio": "Estádio Antônio Alonso<br><br>* Numeração exata não encontrada<br><br>Primeira partida: antartica 2 x 4 Corinthians 29/05/1927 - Paulista", "timestamp": null, "begin": null, "end": null, "altitudeMo": null, "tessellate": -1, "extrude": 0, "visibility": -1, "drawOrder": null, "icon": null }, "geometry": { "type": "Point", "coordinates": [ -46.6012186, -23.5554007 ] } },
{ "type": "Feature", "properties": { "id": null, "Name": "Rua do Conselho", "descriptio": "Atual Rua Prudente de Moraes https://g1.globo.com/sp/piracicaba-regiao/piracicaba-250-anos/noticia/ruas-do-centro-de-piracicaba-contam-historia-do-brasil-diz-pesquisador-veja-nomes-curiosos.ghtml<br><br>* Numeração exata não encontrada<br><br>Primeir", "timestamp": null, "begin": null, "end": null, "altitudeMo": null, "tessellate": -1, "extrude": 0, "visibility": -1, "drawOrder": null, "icon": null }, "geometry": { "type": "Point", "coordinates": [ -47.6484682, -22.7235027 ] } },
{ "type": "Feature", "properties": { "id": null, "Name": "Professor Nami Jafet", "descriptio": "Nos primeiros jogos a entrada era pela rua dos Ituanos, posteriormente foi para a rua dos Sorocabanos e a partir de 1940 com o nome Professor Nami Jafet. Deduzo que todos esses jogos dizem respeito ao mesmo campo. <br><br>Rua dos Ituanos/Rua dos sorocab", "timestamp": null, "begin": null, "end": null, "altitudeMo": null, "tessellate": -1, "extrude": 0, "visibility": -1, "drawOrder": null, "icon": null }, "geometry": { "type": "Point", "coordinates": [ -46.6079546, -23.5811811 ] } },
{ "type": "Feature", "properties": { "id": null, "Name": "San Carlos de Apoquindo", "descriptio": "Estádio San Carlos de Apoquindo<br><br>Primeira partida: universidad católica 2 x 3 Corinthians 19/03/1996 - Libertadores", "timestamp": null, "begin": null, "end": null, "altitudeMo": null, "tessellate": -1, "extrude": 0, "visibility": -1, "drawOrder": null, "icon": null }, "geometry": { "type": "Point", "coordinates": [ -70.5005397, -33.3960344 ] } },
{ "type": "Feature", "properties": { "id": null, "Name": "San Siro", "descriptio": "Estádio Giuseppe Meazza<br><br>Primeira partida: internazionale 1 x 3 Corinthians 29/05/1966 - Copa cidade de Turim", "timestamp": null, "begin": null, "end": null, "altitudeMo": null, "tessellate": -1, "extrude": 0, "visibility": -1, "drawOrder": null, "icon": null }, "geometry": { "type": "Point", "coordinates": [ 9.123962, 45.4781236 ] } },
{ "type": "Feature", "properties": { "id": null, "Name": "Santa Cruz", "descriptio": "Estádio Santa Cruz - Botafogo FC Eurobike<br><br>Primeira partida: botafogo 1 x 0 Corinthians 19/05/1968 - Paulista", "timestamp": null, "begin": null, "end": null, "altitudeMo": null, "tessellate": -1, "extrude": 0, "visibility": -1, "drawOrder": null, "icon": null }, "geometry": { "type": "Point", "coordinates": [ -47.7901447, -21.2021264 ] } },
{ "type": "Feature", "properties": { "id": null, "Name": "Santa Teresa", "descriptio": "Santa Tereza I<br><br>* Localização exata não confirmada, aparentemente o campo ainda existe e existiam projetos de revitalização, como encontrado no site da prefeitura http://barbacena.mg.gov.br/2/noticias/?id=5340<br><br>Primeira partida: olimpic", "timestamp": null, "begin": null, "end": null, "altitudeMo": null, "tessellate": -1, "extrude": 0, "visibility": -1, "drawOrder": null, "icon": null }, "geometry": { "type": "Point", "coordinates": [ -43.7824734, -21.2297233 ] } },
{ "type": "Feature", "properties": { "id": null, "Name": "Saturn Stadium", "descriptio": "Primeira partida: saturn ren tv 1 x 0 Corinthians 07/09/2003 - Amistoso", "timestamp": null, "begin": null, "end": null, "altitudeMo": null, "tessellate": -1, "extrude": 0, "visibility": -1, "drawOrder": null, "icon": null }, "geometry": { "type": "Point", "coordinates": [ 38.2262203, 55.5774164 ] } },
{ "type": "Feature", "properties": { "id": null, "Name": "Sclessin", "descriptio": "Estádio de Sclessin<br><br>Primeira partida: standard liége 2 x 2 Corinthians 02/05/1970 - Amistoso", "timestamp": null, "begin": null, "end": null, "altitudeMo": null, "tessellate": -1, "extrude": 0, "visibility": -1, "drawOrder": null, "icon": null }, "geometry": { "type": "Point", "coordinates": [ 5.5441133, 50.6098975 ] } },
{ "type": "Feature", "properties": { "id": null, "Name": "Senayan Utama", "descriptio": "Estádio Gelora Bung Karno<br><br>* Senayan Utama é o nome presente no almanaque do timão, mas não encontrei com esse nome, tudo indica ser o Gelora Bung Karno, construído em 1960<br><br>Primeira partida: combinado tunas indi/seleção de jacarta 2 x", "timestamp": null, "begin": null, "end": null, "altitudeMo": null, "tessellate": -1, "extrude": 0, "visibility": -1, "drawOrder": null, "icon": null }, "geometry": { "type": "Point", "coordinates": [ 106.8017969, -6.2185701 ] } },
{ "type": "Feature", "properties": { "id": null, "Name": "Elmo Serejo (Serejão/Boca do Jacaré)", "descriptio": "Estádio Elmo Serejo Farias - Serejão<br><br>Primeira partida: flamengo 2 x 0 Corinthians 16/03/1979 - Amistoso", "timestamp": null, "begin": null, "end": null, "altitudeMo": null, "tessellate": -1, "extrude": 0, "visibility": -1, "drawOrder": null, "icon": null }, "geometry": { "type": "Point", "coordinates": [ -48.0806217, -15.8361382 ] } },
{ "type": "Feature", "properties": { "id": null, "Name": "Serra Dourada", "descriptio": "Estádio Serra Dourada<br><br>Primeira partida: goiás 0 x 0 Corinthians 02/04/1978 - Brasileiro", "timestamp": null, "begin": null, "end": null, "altitudeMo": null, "tessellate": -1, "extrude": 0, "visibility": -1, "drawOrder": null, "icon": null }, "geometry": { "type": "Point", "coordinates": [ -49.2341521, -16.6990618 ] } },
{ "type": "Feature", "properties": { "id": null, "Name": "Severiano Gomes", "descriptio": "Estádio Severiano Gomes Filho https://pt.wikipedia.org/wiki/Est%C3%A1dio_Severiano_Gomes_Filho<br><br>Primeira partida: crb 1 x 3 Corinthians 24/01/1965 - Amistoso", "timestamp": null, "begin": null, "end": null, "altitudeMo": null, "tessellate": -1, "extrude": 0, "visibility": -1, "drawOrder": null, "icon": null }, "geometry": { "type": "Point", "coordinates": [ -35.7182112, -9.6687968 ] } },
{ "type": "Feature", "properties": { "id": null, "Name": "Starling Soares", "descriptio": "Estádio Municipal Starling Soares<br><br>Primeira partida: esportivo de passos 2 x 2 Corinthians 06/12/1987 - Amistoso", "timestamp": null, "begin": null, "end": null, "altitudeMo": null, "tessellate": -1, "extrude": 0, "visibility": -1, "drawOrder": null, "icon": null }, "geometry": { "type": "Point", "coordinates": [ -46.6040921, -20.7277377 ] } },
{ "type": "Feature", "properties": { "id": null, "Name": "Städtisches stadion an der grünwalder strasse", "descriptio": "Primeira partida: bayern munique 2 x 3 Corinthians 24/05/1959 - Amistoso", "timestamp": null, "begin": null, "end": null, "altitudeMo": null, "tessellate": -1, "extrude": 0, "visibility": -1, "drawOrder": null, "icon": null }, "geometry": { "type": "Point", "coordinates": [ 11.5744736, 48.1109961 ] } },
{ "type": "Feature", "properties": { "id": null, "Name": "Suzanão", "descriptio": "Estadio Municipal Francisco Marques Figueira - SUZANÃO<br><br>Primeira partida: suzano 0 x 1 Corinthians 10/06/1982 - Amistoso", "timestamp": null, "begin": null, "end": null, "altitudeMo": null, "tessellate": -1, "extrude": 0, "visibility": -1, "drawOrder": null, "icon": null }, "geometry": { "type": "Point", "coordinates": [ -46.2982162, -23.5540915 ] } },
{ "type": "Feature", "properties": { "id": null, "Name": "São Januário", "descriptio": "Estádio São Januário<br><br>Primeira partida: vasco 5 x 0 Corinthians 14/04/1928 - Amistoso", "timestamp": null, "begin": null, "end": null, "altitudeMo": null, "tessellate": -1, "extrude": 0, "visibility": -1, "drawOrder": null, "icon": null }, "geometry": { "type": "Point", "coordinates": [ -43.2280427, -22.8911648 ] } },
{ "type": "Feature", "properties": { "id": null, "Name": "Silvio Salles", "descriptio": "Estádio Municipal Silvio Salles<br><br>Primeira partida: grêmio catanduvense 2 x 1 Corinthians 09/04/1989 - Paulista", "timestamp": null, "begin": null, "end": null, "altitudeMo": null, "tessellate": -1, "extrude": 0, "visibility": -1, "drawOrder": null, "icon": null }, "geometry": { "type": "Point", "coordinates": [ -48.9759431, -21.1526862 ] } },
{ "type": "Feature", "properties": { "id": null, "Name": "Taquarão", "descriptio": "Estádio Dr. Adail Nunes da Silva<br><br>Primeira partida: taquaritinga 2 x 0 Corinthians 10/07/1983 - Paulista", "timestamp": null, "begin": null, "end": null, "altitudeMo": null, "tessellate": -1, "extrude": 0, "visibility": -1, "drawOrder": null, "icon": null }, "geometry": { "type": "Point", "coordinates": [ -48.4936051, -21.4010401 ] } },
{ "type": "Feature", "properties": { "id": null, "Name": "Teixeirão\n", "descriptio": "Estádio Benedito Teixeira - Teixeirão<br><br>Primeira partida: américa de rio preto 3 x 3 Corinthians 24/02/1996 - Paulista", "timestamp": null, "begin": null, "end": null, "altitudeMo": null, "tessellate": -1, "extrude": 0, "visibility": -1, "drawOrder": null, "icon": null }, "geometry": { "type": "Point", "coordinates": [ -49.3589966, -20.796769 ] } },
{ "type": "Feature", "properties": { "id": null, "Name": "Tenente Carriço", "descriptio": "Estádio Municipal Tenente Carriço<br><br>Primeira partida: penapolense 0 x 0 Corinthians 16/03/2014 - Paulista", "timestamp": null, "begin": null, "end": null, "altitudeMo": null, "tessellate": -1, "extrude": 0, "visibility": -1, "drawOrder": null, "icon": null }, "geometry": { "type": "Point", "coordinates": [ -50.0689887, -21.4221447 ] } },
{ "type": "Feature", "properties": { "id": null, "Name": "Tenente Siqueira Campos", "descriptio": "Av. Dom Pedro Ⅱ, 1192, hoje clube Araraquarense<br><br>Primeira partida: seleção de araraquara 1 x 4 Corinthians 23/08/1942 - Amistoso", "timestamp": null, "begin": null, "end": null, "altitudeMo": null, "tessellate": -1, "extrude": 0, "visibility": -1, "drawOrder": null, "icon": null }, "geometry": { "type": "Point", "coordinates": [ -48.182508, -21.7974831 ] } },
{ "type": "Feature", "properties": { "id": null, "Name": "Timbaúva", "descriptio": "Primeira partida: corinthians-rs 2 x 1 Corinthians 14/12/1947 - Amistoso", "timestamp": null, "begin": null, "end": null, "altitudeMo": null, "tessellate": -1, "extrude": 0, "visibility": -1, "drawOrder": null, "icon": null }, "geometry": { "type": "Point", "coordinates": [ -51.2026866, -30.040014 ] } },
{ "type": "Feature", "properties": { "id": null, "Name": "Tonicão", "descriptio": "Estádio “Tonicão” Antônio Viana da Silva<br><br>Primeira partida: vocem 1 x 4 Corinthians 18/03/1992 - Amistoso (Inauguração do estádio)", "timestamp": null, "begin": null, "end": null, "altitudeMo": null, "tessellate": -1, "extrude": 0, "visibility": -1, "drawOrder": null, "icon": null }, "geometry": { "type": "Point", "coordinates": [ -50.4331571, -22.6597615 ] } },
{ "type": "Feature", "properties": { "id": null, "Name": "Toyota Stadium", "descriptio": "Pimeira partida: al-ahly 0 x 1 Corinthians 12/12/2012 - Mundial de clubes da FIFA", "timestamp": null, "begin": null, "end": null, "altitudeMo": null, "tessellate": -1, "extrude": 0, "visibility": -1, "drawOrder": null, "icon": null }, "geometry": { "type": "Point", "coordinates": [ 137.1709193, 35.0844793 ] } },
{ "type": "Feature", "properties": { "id": null, "Name": "Tokyo Dome", "descriptio": "Primeira partida: hiratsuka bellmare 4 x 7 Corinthians 02/03/1994 - Amistoso", "timestamp": null, "begin": null, "end": null, "altitudeMo": null, "tessellate": -1, "extrude": 0, "visibility": -1, "drawOrder": null, "icon": null }, "geometry": { "type": "Point", "coordinates": [ 139.751891300000011, 35.7056396 ] } },
{ "type": "Feature", "properties": { "id": null, "Name": "Alfredão", "descriptio": "Estádio Alfredo de Castilho<br><br>Primeira partida: seleção de bauru 2 x 5 Corinthians 01/08/1946 - Amistoso", "timestamp": null, "begin": null, "end": null, "altitudeMo": null, "tessellate": -1, "extrude": 0, "visibility": -1, "drawOrder": null, "icon": null }, "geometry": { "type": "Point", "coordinates": [ -49.0975768, -22.3243423 ] } },
{ "type": "Feature", "properties": { "id": null, "Name": "Uberabão", "descriptio": "Estádio Engenheiro João Guido Uberabão<br><br>Primeira partida: fluminense 1 x 1 Corinthians 26/11/1995 - Brasileiro", "timestamp": null, "begin": null, "end": null, "altitudeMo": null, "tessellate": -1, "extrude": 0, "visibility": -1, "drawOrder": null, "icon": null }, "geometry": { "type": "Point", "coordinates": [ -47.940574, -19.739209 ] } },
{ "type": "Feature", "properties": { "id": null, "Name": "Ulrico Mursa", "descriptio": "Primeira partida: portuguesa santista 0 x 4 Corinthians 19/12/1926 - Amistoso Taça Adamastor", "timestamp": null, "begin": null, "end": null, "altitudeMo": null, "tessellate": -1, "extrude": 0, "visibility": -1, "drawOrder": null, "icon": null }, "geometry": { "type": "Point", "coordinates": [ -46.337299, -23.9470355 ] } },
{ "type": "Feature", "properties": { "id": null, "Name": "Universitario", "descriptio": "Primeira partida: tigres 2 x 0 Corinthians 09/03/2006 - Libertadores", "timestamp": null, "begin": null, "end": null, "altitudeMo": null, "tessellate": -1, "extrude": 0, "visibility": -1, "drawOrder": null, "icon": null }, "geometry": { "type": "Point", "coordinates": [ -100.3120225, 25.7225198 ] } },
{ "type": "Feature", "properties": { "id": null, "Name": "Vila Belmiro", "descriptio": "Estádio Urbano Caldeira<br><br>Primeira partida: santos 3 x 3 Corinthians 10/06/1917 - Paulista", "timestamp": null, "begin": null, "end": null, "altitudeMo": null, "tessellate": -1, "extrude": 0, "visibility": -1, "drawOrder": null, "icon": null }, "geometry": { "type": "Point", "coordinates": [ -46.3388549, -23.9510794 ] } },
{ "type": "Feature", "properties": { "id": null, "Name": "Velódromo Paulistano", "descriptio": "Atual Teatro Cultura Artística https://pt.wikipedia.org/wiki/Vel%C3%B3dromo_de_S%C3%A3o_Paulo#Localiza%C3%A7%C3%A3o<br><br>Primeira partida: Corinthians 1 x 0 Minas Gerais 23/03/1913 - Paulista", "timestamp": null, "begin": null, "end": null, "altitudeMo": null, "tessellate": -1, "extrude": 0, "visibility": -1, "drawOrder": null, "icon": null }, "geometry": { "type": "Point", "coordinates": [ -46.645903, -23.5493048 ] } },
{ "type": "Feature", "properties": { "id": null, "Name": "Victor Brito Bastos", "descriptio": "Atual R. Bernardino de Campos, 3959 https://www.youtube.com/watch?v=bq3uTaEh2BE<br><br>rio preto 2 x 2 Corinthians 30/01/1949 - Amistoso", "timestamp": null, "begin": null, "end": null, "altitudeMo": null, "tessellate": -1, "extrude": 0, "visibility": -1, "drawOrder": null, "icon": null }, "geometry": { "type": "Point", "coordinates": [ -49.3872613, -20.81764 ] } },
{ "type": "Feature", "properties": { "id": null, "Name": "Vila Alzira", "descriptio": "R. Sete de Setembro, 288<br><br>Referência: https://www.asmilcamisas.com.br/2020/05/28/o-estadio-americo-guazzelli/<br><br>Primeira partida: corinthians de santo andre 0 x 0 Corinthians 14/09/1924 - Amistoso", "timestamp": null, "begin": null, "end": null, "altitudeMo": null, "tessellate": -1, "extrude": 0, "visibility": -1, "drawOrder": null, "icon": null }, "geometry": { "type": "Point", "coordinates": [ -46.520645, -23.6693894 ] } },
{ "type": "Feature", "properties": { "id": null, "Name": "Vila América\n", "descriptio": "Antônio Garcia, Atual Tauste Rio Branco<br><br>Primeira partida: bauru 0 x 3 Corinthians 08/12/1944 - Amistoso<br><br>* No almanaque do timão usa-se tb o nome do bairro (Vila América), mas segundo pesquisas, o antigo estádio do bauru no bairro, atual", "timestamp": null, "begin": null, "end": null, "altitudeMo": null, "tessellate": -1, "extrude": 0, "visibility": -1, "drawOrder": null, "icon": null }, "geometry": { "type": "Point", "coordinates": [ -49.0696459, -22.3336429 ] } },
{ "type": "Feature", "properties": { "id": null, "Name": "Vila Arens *", "descriptio": "R. Bento Pires, 1<br><br>Aqui somei também o jogo marcado como Vila Lema no almanaque, pois nas fontes, o jogo se passa na vila Arens, onde existia o estádio do então Corinthians de Judiai (https://www.asmilcamisas.com.br/2019/02/06/o_futebol_em_jundi", "timestamp": null, "begin": null, "end": null, "altitudeMo": null, "tessellate": -1, "extrude": 0, "visibility": -1, "drawOrder": null, "icon": null }, "geometry": { "type": "Point", "coordinates": [ -46.8749097, -23.2025115 ] } },
{ "type": "Feature", "properties": { "id": null, "Name": "Vila Capanema", "descriptio": "Estádio Durival Britto e Silva<br><br>Primeira partida: ferroviário-PR 3 x 3 Corinthians 02/06/1956 - Amistoso", "timestamp": null, "begin": null, "end": null, "altitudeMo": null, "tessellate": -1, "extrude": 0, "visibility": -1, "drawOrder": null, "icon": null }, "geometry": { "type": "Point", "coordinates": [ -49.2558691, -25.43948 ] } },
{ "type": "Feature", "properties": { "id": null, "Name": "Vila Euclides", "descriptio": "Estádio Municipal 1° de Maio<br><br>Primeira partida: são bernardo 2 x 2 Corinthians 30/01/2011 - Paulista", "timestamp": null, "begin": null, "end": null, "altitudeMo": null, "tessellate": -1, "extrude": 0, "visibility": -1, "drawOrder": null, "icon": null }, "geometry": { "type": "Point", "coordinates": [ -46.5553928, -23.6997698 ] } },
{ "type": "Feature", "properties": { "id": null, "Name": "Vila Famosa", "descriptio": "R. Joaquim Miguel Pereira, 1315<br><br>https://pt.wikipedia.org/wiki/Est%C3%A1dio_Sociedade_Esportiva_Palmeirinha<br><br>Primeira partida: palmeirinha de porto ferreira 1 x 0 Corinthians 10/06/1992 - Amistoso", "timestamp": null, "begin": null, "end": null, "altitudeMo": null, "tessellate": -1, "extrude": 0, "visibility": -1, "drawOrder": null, "icon": null }, "geometry": { "type": "Point", "coordinates": [ -47.486168, -21.8704151 ] } },
{ "type": "Feature", "properties": { "id": null, "Name": "Vila Leme", "descriptio": "Atual Velórimo Municipal Adamastor Fernandes<br><br>Primeira partida: corinthians de Jundiai 0 x 5 Corinthians 05/09/1915 - Amistoso (O site asmilcamisas, indica que o jogo foi realizado no estádio da Vila Arens https://www.asmilcamisas.com.br/2019/02/", "timestamp": null, "begin": null, "end": null, "altitudeMo": null, "tessellate": -1, "extrude": 0, "visibility": -1, "drawOrder": null, "icon": null }, "geometry": { "type": "Point", "coordinates": [ -46.8908132, -23.1816786 ] } },
{ "type": "Feature", "properties": { "id": null, "Name": "Vila Luis Leite*", "descriptio": "Cidade de Amparo<br><br>* Não consegui determinar o local, apenas confirmado ser na cidade de Amparo<br><br>amparo 0 x 3 Corinthians 15/11/1919 - Amistoso", "timestamp": null, "begin": null, "end": null, "altitudeMo": null, "tessellate": -1, "extrude": 0, "visibility": -1, "drawOrder": null, "icon": null }, "geometry": { "type": "Point", "coordinates": [ -46.7748446, -22.7097409 ] } },
{ "type": "Feature", "properties": { "id": null, "Name": "Vila Manoel Cecilio\n", "descriptio": "Getúlio Vargas Filho, R. João Matos Taváres, 76<br><br>Primeira partida: palmeiras de são joão da boa vista 2 x 4 Corinthians 13/05/1956 - Amistoso", "timestamp": null, "begin": null, "end": null, "altitudeMo": null, "tessellate": -1, "extrude": 0, "visibility": -1, "drawOrder": null, "icon": null }, "geometry": { "type": "Point", "coordinates": [ -46.804252, -21.9742254 ] } },
{ "type": "Feature", "properties": { "id": null, "Name": "Vila Mariana", "descriptio": "Atual Sabesp - R. Cap. Miguel Ferreira, 290 (https://www.campeoesdofutebol.com.br/radiumfc_mococa.html, https://pt.wikipedia.org/wiki/Est%C3%A1dio_Ol%C3%ADmpico_S%C3%A3o_Sebasti%C3%A3o)<br><br>Primeira partida: radium 2 x 4 Corinthians 06/04/1952 - Amist", "timestamp": null, "begin": null, "end": null, "altitudeMo": null, "tessellate": -1, "extrude": 0, "visibility": -1, "drawOrder": null, "icon": null }, "geometry": { "type": "Point", "coordinates": [ -47.0088707, -21.4648807 ] } },
{ "type": "Feature", "properties": { "id": null, "Name": "Vila Olimpica", "descriptio": "Estádio Vila Olímpica - Paraná Clube<br><br>Primeira partida: parana 0 x 0 Corinthians 21/10/1998 - Brasileiro", "timestamp": null, "begin": null, "end": null, "altitudeMo": null, "tessellate": -1, "extrude": 0, "visibility": -1, "drawOrder": null, "icon": null }, "geometry": { "type": "Point", "coordinates": [ -49.2319996, -25.5229681 ] } },
{ "type": "Feature", "properties": { "id": null, "Name": "Vila Redemptora *\n", "descriptio": "* Localização exata não encontrada, acredito ser no mesmo campo da bernardino de campos ou na sede do palestra, próxima a Vila Redemptora.<br><br>Primeira partida: palestra de rio preto 3 x 9 Corinthians 21/06/1936 - Amistoso", "timestamp": null, "begin": null, "end": null, "altitudeMo": null, "tessellate": -1, "extrude": 0, "visibility": -1, "drawOrder": null, "icon": null }, "geometry": { "type": "Point", "coordinates": [ -49.3871034, -20.8209302 ] } },
{ "type": "Feature", "properties": { "id": null, "Name": "Vila Resende\n", "descriptio": "Av. Dona Francisca, 333, antigo Doutor Kok, não encontrei registro da construção do estádio, mas parece ser o campo da Vila Resende (https://pt.wikipedia.org/wiki/Clube_Atl%C3%A9tico_Piracicabano, https://pt.wikipedia.org/wiki/Est%C3%A1dio_Doutor_Kok", "timestamp": null, "begin": null, "end": null, "altitudeMo": null, "tessellate": -1, "extrude": 0, "visibility": -1, "drawOrder": null, "icon": null }, "geometry": { "type": "Point", "coordinates": [ -47.6551293, -22.7107181 ] } },
{ "type": "Feature", "properties": { "id": null, "Name": "Vila Sophia (Lapa)*\n", "descriptio": "* Não foi possível identificar o local exato, o campo conhecido da Lapa no período, era a várzea da lapa. Não encontrei qual região do bairro ficava a vila sofia (https://www.prefeitura.sp.gov.br/cidade/secretarias/subprefeituras/lapa/historico/)<b", "timestamp": null, "begin": null, "end": null, "altitudeMo": null, "tessellate": -1, "extrude": 0, "visibility": -1, "drawOrder": null, "icon": null }, "geometry": { "type": "Point", "coordinates": [ -46.6979238, -23.5291898 ] } },
{ "type": "Feature", "properties": { "id": null, "Name": "Várzea da Lapa", "descriptio": "Atual Mercado Municipal da Lapa<br><br>Local da primeira partida do Corinthians<br><br>Primeira partida: união lapa 1 x 0 Corinthians 10/09/1910 - Jogo Varzeano", "timestamp": null, "begin": null, "end": null, "altitudeMo": null, "tessellate": -1, "extrude": 0, "visibility": -1, "drawOrder": null, "icon": null }, "geometry": { "type": "Point", "coordinates": [ -46.7017183, -23.5193489 ] } },
{ "type": "Feature", "properties": { "id": null, "Name": "Vélodrome", "descriptio": "Stade Vélodrome<br><br>Primeira partida: olympique de marselha 1 x 2 Corinthians 15/05/1970 - Amistoso", "timestamp": null, "begin": null, "end": null, "altitudeMo": null, "tessellate": -1, "extrude": 0, "visibility": -1, "drawOrder": null, "icon": null }, "geometry": { "type": "Point", "coordinates": [ 5.3958873, 43.269827 ] } },
{ "type": "Feature", "properties": { "id": null, "Name": "Walter Ribeiro/Estádio do CIC", "descriptio": "Estádio Municipal de Sorocaba Walter Ribeiro<br><br>Primeira partida: são bento 0 x 2 Corinthians 22/10/1978 - Paulista", "timestamp": null, "begin": null, "end": null, "altitudeMo": null, "tessellate": -1, "extrude": 0, "visibility": -1, "drawOrder": null, "icon": null }, "geometry": { "type": "Point", "coordinates": [ -47.4486124, -23.4903864 ] } },
{ "type": "Feature", "properties": { "id": null, "Name": "Wanderley José Vicentini", "descriptio": "Estádio Municipal Wanderley José Vicentini<br><br>Primeira partida: Corinthians 1 x 0 ituano 11/01/1998 - Amistoso", "timestamp": null, "begin": null, "end": null, "altitudeMo": null, "tessellate": -1, "extrude": 0, "visibility": -1, "drawOrder": null, "icon": null }, "geometry": { "type": "Point", "coordinates": [ -46.8914446, -22.7359758 ] } },
{ "type": "Feature", "properties": { "id": null, "Name": "XV de Novembro", "descriptio": "Primeira partida: xv de caraguá 0 x 2 Corinthians 30/06/1991 - Amistoso", "timestamp": null, "begin": null, "end": null, "altitudeMo": null, "tessellate": -1, "extrude": 0, "visibility": -1, "drawOrder": null, "icon": null }, "geometry": { "type": "Point", "coordinates": [ -45.4101619, -23.6180241 ] } },
{ "type": "Feature", "properties": { "id": null, "Name": "Zezinho Magalhães", "descriptio": "Primeira partida: xv de jaú 3 x 0 Corinthians 05/06/1977 - Paulista", "timestamp": null, "begin": null, "end": null, "altitudeMo": null, "tessellate": -1, "extrude": 0, "visibility": -1, "drawOrder": null, "icon": null }, "geometry": { "type": "Point", "coordinates": [ -48.5726166, -22.2965664 ] } },
{ "type": "Feature", "properties": { "id": null, "Name": "Giulite Coutinho (Édson Passos)\n", "descriptio": "Primeira partida: américa 0 x 2 Corinthians 09/02/2002 - Rio São Paulo", "timestamp": null, "begin": null, "end": null, "altitudeMo": null, "tessellate": -1, "extrude": 0, "visibility": -1, "drawOrder": null, "icon": null }, "geometry": { "type": "Point", "coordinates": [ -43.4197703, -22.7954789 ] } },
{ "type": "Feature", "properties": { "id": null, "Name": "Ítalo Setti", "descriptio": "Estádio demolido, https://pt.wikipedia.org/wiki/Esporte_Clube_S%C3%A3o_Bernardo#Est%C3%A1dios<br><br>Primeira partida: são bernardo 2 x 2 Corinthians 01/03/1959 - Amistoso", "timestamp": null, "begin": null, "end": null, "altitudeMo": null, "tessellate": -1, "extrude": 0, "visibility": -1, "drawOrder": null, "icon": null }, "geometry": { "type": "Point", "coordinates": [ -46.5515933, -23.7056855 ] } },
{ "type": "Feature", "properties": { "id": null, "Name": "Ítalo Del Cima", "descriptio": "Primeira partida: campo grande 1 x 1 Corinthians 23/03/1983 - Brasileiro", "timestamp": null, "begin": null, "end": null, "altitudeMo": null, "tessellate": -1, "extrude": 0, "visibility": -1, "drawOrder": null, "icon": null }, "geometry": { "type": "Point", "coordinates": [ -43.5458351, -22.9015803 ] } },
{ "type": "Feature", "properties": { "id": null, "Name": "Olímpico Atahualpa", "descriptio": "Primeira partida: el nacional 2 x 1 Corinthians  10/04/1977 - Libertadores", "timestamp": null, "begin": null, "end": null, "altitudeMo": null, "tessellate": -1, "extrude": 0, "visibility": -1, "drawOrder": null, "icon": null }, "geometry": { "type": "Point", "coordinates": [ -78.4766667, -0.1775 ] } },
{ "type": "Feature", "properties": { "id": null, "Name": "3 de Febrero", "descriptio": "Estádio Tenente Coronel Antonio Oddone Sarubbi<br><br>Primeira partida: nacional (PAR) 1 x 3 Corinthians 11/04/2012 - Libertadores", "timestamp": null, "begin": null, "end": null, "altitudeMo": null, "tessellate": -1, "extrude": 0, "visibility": -1, "drawOrder": null, "icon": null }, "geometry": { "type": "Point", "coordinates": [ -54.6118291, -25.5268431 ] } },
{ "type": "Feature", "properties": { "id": null, "Name": "Fonte Nova", "descriptio": "Itaipava Arena Fonte Nova<br><br>Primeira partida: botafogo (BA) 2 x 2 Corinthians 04/06/1955 - Amistoso", "timestamp": null, "begin": null, "end": null, "altitudeMo": null, "tessellate": -1, "extrude": 0, "visibility": -1, "drawOrder": null, "icon": null }, "geometry": { "type": "Point", "coordinates": [ -38.5043711, -12.97883 ] } },
{ "type": "Feature", "properties": { "id": null, "Name": "Artur Simões*\n", "descriptio": "O estádio foi demolido e ocupado por residencias, mas não encontrei o local onde ficava o estádio https://xvdejau.com.br/estadio/<br><br>Primeira partida: xv de jaú 0 x 3 Corinthians 16/11/1947 - Amistoso", "timestamp": null, "begin": null, "end": null, "altitudeMo": null, "tessellate": -1, "extrude": 0, "visibility": -1, "drawOrder": null, "icon": null }, "geometry": { "type": "Point", "coordinates": [ -48.5723053, -22.3023754 ] } },
{ "type": "Feature", "properties": { "id": null, "Name": "Avenida Bento Gonçalves\n", "descriptio": "Estádio Boca do Lobo<br><br>primeira partida: pelotas 1 x 2 Corinthians 08/10/1957 - Amistoso", "timestamp": null, "begin": null, "end": null, "altitudeMo": null, "tessellate": -1, "extrude": 0, "visibility": -1, "drawOrder": null, "icon": null }, "geometry": { "type": "Point", "coordinates": [ -52.3367302, -31.760726 ] } },
{ "type": "Feature", "properties": { "id": null, "Name": "Robert Todd Locke\n", "descriptio": "Estádio da Marechal<br><br>Localização Av. Mal. Deodoro, 1116<br><br>Primeira partida: jaboticabal 1 x 1 Corinthians 05/08/1928 - Amistoso", "timestamp": null, "begin": null, "end": null, "altitudeMo": null, "tessellate": -1, "extrude": 0, "visibility": -1, "drawOrder": null, "icon": null }, "geometry": { "type": "Point", "coordinates": [ -48.3252536, -21.26086 ] } },
{ "type": "Feature", "properties": { "id": null, "Name": "Baetão", "descriptio": "Atual: Estádio Municipal Giglio Portugal Pichinin<br>Antigo: Humberto de Alencar Castello Branco<br><br>Primeira partida: palestra de são bernardo 2 x 3 Corinthians 12/06/1974 - Amistoso", "timestamp": null, "begin": null, "end": null, "altitudeMo": null, "tessellate": -1, "extrude": 0, "visibility": -1, "drawOrder": null, "icon": null }, "geometry": { "type": "Point", "coordinates": [ -46.5425045, -23.6996464 ] } },
{ "type": "Feature", "properties": { "id": null, "Name": "Baixada Rubra\n", "descriptio": "Atual Estádio Francisco Stédile (Centenário)<br><br>Primeira partida: flamengo-rs 1 x 4 Corinthians 06/10/1957 - Amistoso", "timestamp": null, "begin": null, "end": null, "altitudeMo": null, "tessellate": -1, "extrude": 0, "visibility": -1, "drawOrder": null, "icon": null }, "geometry": { "type": "Point", "coordinates": [ -51.1964629, -29.165035 ] } },
{ "type": "Feature", "properties": { "id": null, "Name": "Baixada dos Moinhos de vento", "descriptio": "Estádio da Baixada ou \tFortim da Baixada<br><br>Localização exata não encontrada. Localização aproximada é baseada no conteúdo: https://www.gremiopedia.com/wiki/Est%C3%A1dio_da_Baixada<br><br>Primeira partida: grêmio 0 x 1 Corinthians 11/12/1947", "timestamp": null, "begin": null, "end": null, "altitudeMo": null, "tessellate": -1, "extrude": 0, "visibility": -1, "drawOrder": null, "icon": null }, "geometry": { "type": "Point", "coordinates": [ -51.1993427, -30.0285661 ] } },
{ "type": "Feature", "properties": { "id": null, "Name": "Campeón del Siglo", "descriptio": "Primeira partida: peñarol 4 x 0 Corinthians 13/05/2021 - Sul-Americana", "timestamp": null, "begin": null, "end": null, "altitudeMo": null, "tessellate": -1, "extrude": 0, "visibility": -1, "drawOrder": null, "icon": null }, "geometry": { "type": "Point", "coordinates": [ -56.0672739, -34.7970057 ] } },
{ "type": "Feature", "properties": { "id": null, "Name": "Campo da A. A. Sãomanuelense\n", "descriptio": "Estádio Municipal “DR. Adhemar De Barros”<br><br>Primeira partida: sãomanuelense 1 x 2 Corinthians 18/05/1924 - Amistoso", "timestamp": null, "begin": null, "end": null, "altitudeMo": null, "tessellate": -1, "extrude": 0, "visibility": -1, "drawOrder": null, "icon": null }, "geometry": { "type": "Point", "coordinates": [ -48.5667362, -22.7315345 ] } },
{ "type": "Feature", "properties": { "id": null, "Name": "Campo da graça*\n", "descriptio": "Localização exata não encontrada https://atarde.com.br/muito/campo-da-graca-os-100-anos-do-primeiro-estadio-de-futebol-de-salvador-1116011<br><br>Primeira partida: ypiranga-BA 1 x 2 Corinthians 13/09/1936 - Amistoso", "timestamp": null, "begin": null, "end": null, "altitudeMo": null, "tessellate": -1, "extrude": 0, "visibility": -1, "drawOrder": null, "icon": null }, "geometry": { "type": "Point", "coordinates": [ -38.5205235, -12.9991643 ] } },
{ "type": "Feature", "properties": { "id": null, "Name": "Campo do Byron*", "descriptio": "O número exato não foi encontrado https://pt.wikipedia.org/wiki/Byron_Football_Club <br><br>Primeira partida: seleção de niterói 1 x 1 Corinthians 31/08/1940 - Amistoso", "timestamp": null, "begin": null, "end": null, "altitudeMo": null, "tessellate": -1, "extrude": 0, "visibility": -1, "drawOrder": null, "icon": null }, "geometry": { "type": "Point", "coordinates": [ -43.0938917, -22.8618299 ] } },
{ "type": "Feature", "properties": { "id": null, "Name": "Campo do General Motors* (Eucaliptos)", "descriptio": "Númeração não confirmada, antigo clube da GM<br>https://www.dgabc.com.br/Noticia/1690751/clube-da-gm-fecha-as-portas-no-dia-31<br>e<br>https://www.dgabc.com.br/2017/Noticia/3511664/o-clube-da-gm-a-liga-o-corinthians<br><br>Primeira partida: general m", "timestamp": null, "begin": null, "end": null, "altitudeMo": null, "tessellate": -1, "extrude": 0, "visibility": -1, "drawOrder": null, "icon": null }, "geometry": { "type": "Point", "coordinates": [ -46.5510341, -23.6196195 ] } },
{ "type": "Feature", "properties": { "id": null, "Name": "Campo do Largo São Benedito\n", "descriptio": "Atual Bosque Praça Prof. Silvia Simões Magro<br><br>Referências: <br>https://conheca.campinas.sp.gov.br/pois/806 e https://www.campinas.sp.gov.br/governo/cultura/patrimonio/bens-tombados/verBem.php?id=28<br><br>Primeira partida: corinthians campineiro", "timestamp": null, "begin": null, "end": null, "altitudeMo": null, "tessellate": -1, "extrude": 0, "visibility": -1, "drawOrder": null, "icon": null }, "geometry": { "type": "Point", "coordinates": [ -47.0543685, -22.9071162 ] } },
{ "type": "Feature", "properties": { "id": null, "Name": "Campo do Volkswagen Clube", "descriptio": "Referência:<br>https://www.saobernardo.sp.gov.br/busca?p_p_id=101&p_p_lifecycle=0&p_p_state=maximized&p_p_mode=view&_101_struts_action=%2Fasset_publisher%2Fview_content&_101_returnToFullPageURL=http%3A%2F%2Fwww.saobernardo.sp.gov.br%2Fweb%2Fsbc%2Fbusca%", "timestamp": null, "begin": null, "end": null, "altitudeMo": null, "tessellate": -1, "extrude": 0, "visibility": -1, "drawOrder": null, "icon": null }, "geometry": { "type": "Point", "coordinates": [ -46.5258807, -23.7235187 ] } },
{ "type": "Feature", "properties": { "id": null, "Name": "Campo do Votorantim", "descriptio": "Estádio Municipal Domenico Paolo Metidieri<br><br>Primeira partida: votorantim 1 x 4 Corinthians 30/04/1950 - Amistoso", "timestamp": null, "begin": null, "end": null, "altitudeMo": null, "tessellate": -1, "extrude": 0, "visibility": -1, "drawOrder": null, "icon": null }, "geometry": { "type": "Point", "coordinates": [ -47.4466102, -23.5433861 ] } },
{ "type": "Feature", "properties": { "id": null, "Name": "Castelão/Machadão\n", "descriptio": "Atual Arena das Dunas, antigo Humberto de Alencar Castelo Branco<br><br>Referência:<br>https://pt.wikipedia.org/wiki/Arena_das_Dunas, https://pt.wikipedia.org/wiki/Est%C3%A1dio_Jo%C3%A3o_Machado<br><br>Primeira partida: abc 0 x 3 Corinthians 22/11/1972", "timestamp": null, "begin": null, "end": null, "altitudeMo": null, "tessellate": -1, "extrude": 0, "visibility": -1, "drawOrder": null, "icon": null }, "geometry": { "type": "Point", "coordinates": [ -35.2124213, -5.8268375 ] } },
{ "type": "Feature", "properties": { "id": null, "Name": "Centro esportivo de Curaçao\n", "descriptio": "Sentro Deportivo Korsou (provavelmente o jogo ocorreu ao lado, no Ergilio Hatostadion)<br><br>Primeira partida: seleção de curaçao 0 x 6 Corinthians 02/12/1981 - Amistoso", "timestamp": null, "begin": null, "end": null, "altitudeMo": null, "tessellate": -1, "extrude": 0, "visibility": -1, "drawOrder": null, "icon": null }, "geometry": { "type": "Point", "coordinates": [ -68.8904339, 12.154319 ] } },
{ "type": "Feature", "properties": { "id": null, "Name": "Costa Coelho\n", "descriptio": "Esporte Clube Mogiana<br><br>Primeira partida: comercial 2 x 0 Corinthians 0709/1959 - Paulista", "timestamp": null, "begin": null, "end": null, "altitudeMo": null, "tessellate": -1, "extrude": 0, "visibility": -1, "drawOrder": null, "icon": null }, "geometry": { "type": "Point", "coordinates": [ -47.8223072, -21.1792438 ] } },
{ "type": "Feature", "properties": { "id": null, "Name": "Cuscatlán*\n", "descriptio": "Estádio Jorge \"Mágico\" González<br><br>Localização exata não encontrada, no almanaque do timão aparece como 'Cuscatlán', mas o estadio que carrega esse nome, foi fundado anos depois da partida. <br><br>Registrei o Magico Gonzalez por ser o maior", "timestamp": null, "begin": null, "end": null, "altitudeMo": null, "tessellate": -1, "extrude": 0, "visibility": -1, "drawOrder": null, "icon": null }, "geometry": { "type": "Point", "coordinates": [ -89.2153659, 13.6983143 ] } },
{ "type": "Feature", "properties": { "id": null, "Name": "Derby Sancarlense\n", "descriptio": "Localização exata retirada da wikipedia (https://pt.wikipedia.org/wiki/Est%C3%A1dio_Derby_S%C3%A3ocarlense)  <br>Agrupado jogo do 'velodromo sancarlense', por ser o mesmo lugar<br><br>Primeira partida: paulista de são carlos 1 x 4 Corinthians 04/07/1", "timestamp": null, "begin": null, "end": null, "altitudeMo": null, "tessellate": -1, "extrude": 0, "visibility": -1, "drawOrder": null, "icon": null }, "geometry": { "type": "Point", "coordinates": [ -47.8961827, -22.0226264 ] } },
{ "type": "Feature", "properties": { "id": null, "Name": "Elcyr Resende de Mendonça", "descriptio": "Primeira partida: Corinthians 1 x 1 retrô 26/03/2021 - Copa do brasil", "timestamp": null, "begin": null, "end": null, "altitudeMo": null, "tessellate": -1, "extrude": 0, "visibility": -1, "drawOrder": null, "icon": null }, "geometry": { "type": "Point", "coordinates": [ -42.4768496, -22.8949796 ] } },
{ "type": "Feature", "properties": { "id": null, "Name": "Cornélio de Barros", "descriptio": "Estádio Cornélio de Barros Muniz e Sá<br><br>Primeira partida: salgueiro 0 x 3 Corinthians 17/03/2021 - Copa do Brasil", "timestamp": null, "begin": null, "end": null, "altitudeMo": null, "tessellate": -1, "extrude": 0, "visibility": -1, "drawOrder": null, "icon": null }, "geometry": { "type": "Point", "coordinates": [ -39.1194047, -8.0759612 ] } },
{ "type": "Feature", "properties": { "id": null, "Name": "Maracanã", "descriptio": "Estádio Mario Filho<br><br>Primeira partida: vasco 3 x 4 Corinthians 24/02/1951 - Rio São Paulo", "timestamp": null, "begin": null, "end": null, "altitudeMo": null, "tessellate": -1, "extrude": 0, "visibility": -1, "drawOrder": null, "icon": null }, "geometry": { "type": "Point", "coordinates": [ -43.2301558, -22.9121089 ] } },
{ "type": "Feature", "properties": { "id": null, "Name": "Pedro Ludovico Teixeira\n", "descriptio": "Estádio Olímpico Pedro Ludovico Teixeira<br><br>Primeira partida: atlético-GO 0 x 4 Corinthians 19/06/1958 - Quadrangular de Brasilia", "timestamp": null, "begin": null, "end": null, "altitudeMo": null, "tessellate": -1, "extrude": 0, "visibility": -1, "drawOrder": null, "icon": null }, "geometry": { "type": "Point", "coordinates": [ -49.2624329, -16.6707516 ] } },
{ "type": "Feature", "properties": { "id": null, "Name": "Gilbertão\n", "descriptio": "Estádio Municipal Gilberto Siqueira Lopes<br><br>Primeira partida: linense 0 x 2 Corinthians 05/03/2011 - Paulista", "timestamp": null, "begin": null, "end": null, "altitudeMo": null, "tessellate": -1, "extrude": 0, "visibility": -1, "drawOrder": null, "icon": null }, "geometry": { "type": "Point", "coordinates": [ -49.763251, -21.666821 ] } },
{ "type": "Feature", "properties": { "id": null, "Name": "Gino Rossi\n", "descriptio": "Estádio Municipal Irmão Gino Maria Rossi - Manduzão<br><br>Primeira partida: seleção de pouso alegre 0 x 8 Corinthians 11/07/1998 - Amistoso", "timestamp": null, "begin": null, "end": null, "altitudeMo": null, "tessellate": -1, "extrude": 0, "visibility": -1, "drawOrder": null, "icon": null }, "geometry": { "type": "Point", "coordinates": [ -45.9214646, -22.2514166 ] } },
{ "type": "Feature", "properties": { "id": null, "Name": "Godofredo Cruz\n", "descriptio": "Estádio demolido, segundo minha pesquisa, o estádio ficava nessa região<br><br>wikipedia: https://pt.wikipedia.org/wiki/Est%C3%A1dio_Godofredo_Cruz<br><br>Primeira partida: americano 2 x 6 Corinthians 20/02/2002 - Copa do Brasil", "timestamp": null, "begin": null, "end": null, "altitudeMo": null, "tessellate": -1, "extrude": 0, "visibility": -1, "drawOrder": null, "icon": null }, "geometry": { "type": "Point", "coordinates": [ -41.3411293, -21.7605072 ] } },
{ "type": "Feature", "properties": { "id": null, "Name": "Gran Parque Central", "descriptio": "Primeira partida: racing-URUGUAI 0 x 2 Corinthians 14/04/2010 - Libertadores", "timestamp": null, "begin": null, "end": null, "altitudeMo": null, "tessellate": -1, "extrude": 0, "visibility": -1, "drawOrder": null, "icon": null }, "geometry": { "type": "Point", "coordinates": [ -56.1594734, -34.8839988 ] } },
{ "type": "Feature", "properties": { "id": null, "Name": "José de Freitas Cayres\n", "descriptio": "R. Padre José de Anchieta, 250<br><br>Localização confirmada getilmente pela equipe do 'As mil camisas': https://www.asmilcamisas.com.br/2018/06/22/role-2018-pelo-interior-paulista-lucelia-parte-10-de-27/#comment-6861<br><br>Primeira partida: lucélia", "timestamp": null, "begin": null, "end": null, "altitudeMo": null, "tessellate": -1, "extrude": 0, "visibility": -1, "drawOrder": null, "icon": null }, "geometry": { "type": "Point", "coordinates": [ -51.0229513, -21.7164517 ] } },
{ "type": "Feature", "properties": { "id": null, "Name": "Lauro Gomes", "descriptio": "Estádio Municipal Lauro Gomes<br><br>Ícone: SAAD, adversário da única partida<br><br>Data Primeira Partida: 04/02/1973<br>Data Última Partida: 04/02/1973<br><br>-Vitórias: 1<br>-Derrotas: 0<br>-Empates: 0", "timestamp": null, "begin": null, "end": null, "altitudeMo": null, "tessellate": -1, "extrude": 0, "visibility": -1, "drawOrder": null, "icon": null }, "geometry": { "type": "Point", "coordinates": [ -46.5610739, -23.6304416 ] } },
{ "type": "Feature", "properties": { "id": null, "Name": "Luis Pereira\n", "descriptio": "Estadio demolido, mas uma arquibancada preservada<br><br>Fonte: https://thathi.com.br/opiniao/o-velho-estadio-luiz-pereira/<br><br>Primeira partida: botafogo-SP 1 x 5 Corinthians 02/05/1954 - Amistoso", "timestamp": null, "begin": null, "end": null, "altitudeMo": null, "tessellate": -1, "extrude": 0, "visibility": -1, "drawOrder": null, "icon": null }, "geometry": { "type": "Point", "coordinates": [ -47.8208648, -21.1678465 ] } },
{ "type": "Feature", "properties": { "id": null, "Name": "Municipal de Americana*\n", "descriptio": "Atual Escola Heitor Penteado<br><br>Localização exata não confirmada, jogo é anterior ao atual estadio municipal (Localização extraida do wikipedia do Décio Vitta https://pt.wikipedia.org/wiki/Est%C3%A1dio_D%C3%A9cio_Vitta)<br><br>Primeira partida", "timestamp": null, "begin": null, "end": null, "altitudeMo": null, "tessellate": -1, "extrude": 0, "visibility": -1, "drawOrder": null, "icon": null }, "geometry": { "type": "Point", "coordinates": [ -47.3306606, -22.7441655 ] } },
{ "type": "Feature", "properties": { "id": null, "Name": "Municipal de Campo Grande*\n", "descriptio": "Localização não encontrada<br><br>Primeira partida: seleção de campo grande 0 x 2 Corinthians 14/06/1964 - Amistoso", "timestamp": null, "begin": null, "end": null, "altitudeMo": null, "tessellate": -1, "extrude": 0, "visibility": -1, "drawOrder": null, "icon": null }, "geometry": { "type": "Point", "coordinates": [ -54.6218477, -20.4648517 ] } },
{ "type": "Feature", "properties": { "id": null, "Name": "Municipal de Juiz de Fora\n", "descriptio": "Estádio José Paiz Soares<br><br>https://pt.wikipedia.org/wiki/Tupynamb%C3%A1s_Futebol_Clube#Est%C3%A1dio<br><br>Primeira partida: tupinambás de juiz de fora 3 x 5 Corinthians 26/03/1950 - Amistoso", "timestamp": null, "begin": null, "end": null, "altitudeMo": null, "tessellate": -1, "extrude": 0, "visibility": -1, "drawOrder": null, "icon": null }, "geometry": { "type": "Point", "coordinates": [ -43.3338481, -21.7653322 ] } },
{ "type": "Feature", "properties": { "id": null, "Name": "Municipal de Mirassol\n", "descriptio": "Antigo Estádio Giocondo Zancaner, atual Capelas Prever Mirassol ou ao lado onde hoje é o cemitério<br><br>O Almanaque do timão aponta como 'Municipal de mirassol', mesmo com o José Maria de Campos Maia sendo também municipal, parece pelo adversári", "timestamp": null, "begin": null, "end": null, "altitudeMo": null, "tessellate": -1, "extrude": 0, "visibility": -1, "drawOrder": null, "icon": null }, "geometry": { "type": "Point", "coordinates": [ -49.5053569, -20.8176961 ] } },
{ "type": "Feature", "properties": { "id": null, "Name": "Municipal de Moji das Cruzes\n", "descriptio": "Rua Casarejos Localização aproximada<br><br>O Almanaque do timão aponta como 'Municipal de Moji das Cruzes', pela historia do adversário, é grande a possibilidade de o jogo ter sido no campo da Rua Casarejos<br><br>Referência:<br><br>- Historia do", "timestamp": null, "begin": null, "end": null, "altitudeMo": null, "tessellate": -1, "extrude": 0, "visibility": -1, "drawOrder": null, "icon": null }, "geometry": { "type": "Point", "coordinates": [ -46.19662, -23.5179604 ] } },
{ "type": "Feature", "properties": { "id": null, "Name": "Municipal de Presidente Prudente\n", "descriptio": "APEA - Associação Prudentina de Esportes Atléticos<br><br>No Almanaque do Timão constam jogos de 1949 a 1967, sempre como Municipal de Presidente Prudente, mas as fontes indicam que a Prudentina jogava no Estádio Félix Ribeiro Marcondes, já demoli", "timestamp": null, "begin": null, "end": null, "altitudeMo": null, "tessellate": -1, "extrude": 0, "visibility": -1, "drawOrder": null, "icon": null }, "geometry": { "type": "Point", "coordinates": [ -51.3850019, -22.116927 ] } },
{ "type": "Feature", "properties": { "id": null, "Name": "Nacional de Manágua", "descriptio": "Dennis Martínez National Stadium<br><br>Primeira partida: barcelona 1 x 5 Corinthians 21/04/1966 - Amistoso", "timestamp": null, "begin": null, "end": null, "altitudeMo": null, "tessellate": -1, "extrude": 0, "visibility": -1, "drawOrder": null, "icon": null }, "geometry": { "type": "Point", "coordinates": [ -86.2693829, 12.1344391 ] } },
{ "type": "Feature", "properties": { "id": null, "Name": "Nacional de Tóquio", "descriptio": "Estádio Jingu, provável local da partida<br><br>Primeira partida: seleção japonesa 3 x 2 Corinthians 22/01/1984 - Amistoso", "timestamp": null, "begin": null, "end": null, "altitudeMo": null, "tessellate": -1, "extrude": 0, "visibility": -1, "drawOrder": null, "icon": null }, "geometry": { "type": "Point", "coordinates": [ 139.716953499999988, 35.6742569 ] } },
{ "type": "Feature", "properties": { "id": null, "Name": "Spartan\n", "descriptio": "Atual CEFCU Stadium<br><br>Primeira partida: seleção mexicana 1 x 1 Corinthians 31/08/1985 - Amistoso", "timestamp": null, "begin": null, "end": null, "altitudeMo": null, "tessellate": -1, "extrude": 0, "visibility": -1, "drawOrder": null, "icon": null }, "geometry": { "type": "Point", "coordinates": [ -121.8682962, 37.3196675 ] } },
{ "type": "Feature", "properties": { "id": null, "Name": "Velodromo de Sorocaba\n", "descriptio": "Rua da Penha<br><br>*Localização exata não encontrada https://www.facebook.com/sorocabaatravesdahistoria/posts/184426029581616/<br><br>Primeira partida: britannia de sorocaba 0 x 5 Corinthians 28/01/1934 - Amistoso", "timestamp": null, "begin": null, "end": null, "altitudeMo": null, "tessellate": -1, "extrude": 0, "visibility": -1, "drawOrder": null, "icon": null }, "geometry": { "type": "Point", "coordinates": [ -47.4614178, -23.5007937 ] } }
]
}
