{"type":"FeatureCollection","name":"as_brabas_estadios","features":[{"type":"Feature","properties":{"ESTÁDIO":"1º DE MAIO (PRIMEIRÃO)","CIDADE":"SÃO BERNARDO DO CAMPO","ESTADO":"SÃO PAULO","PAÍS":"BRASIL","CAPACIDADE":"15759","PRIMEIRA_PARTIDA":"CORINTHIANS 1x0 ATLÉTICO-MG","DATA_PRIMEIRA_PARTIDA":"2023-05-28","ANO_PRIMEIRA_PARTIDA":2023,"ADVERSARIO":"ATLÉTICO-MG","PLACAR":"1x0","COMPETICAO_PRIMEIRA_PARTIDA":"Brasileiro Feminino 2023","MANDO_PRIMEIRA_PARTIDA":"Sim","FONTE_PRIMEIRA_PARTIDA":"https://www.meutimao.com.br/jogo/7618/brasileiro-feminino-2023/corinthians-1-x-0-atletico-mg","TOTAL_JOGOS":2,"VITÓRIAS":2,"EMPATES":0,"DERROTAS":0,"APROVEITAMENTO_PCT":100.0,"GOLS_MARCADOS":2,"GOLS_SOFRIDOS":0,"NOMES_ALTERNATIVOS":[],"FONTES_JOGOS":["Meu Timão"],"LATITUDE":-23.699558583592914,"LONGITUDE":-46.55493146008563,"PAIS_ISO3":"BRA"},"geometry":{"type":"Point","coordinates":[-46.55493146008563,-23.699558583592914]}},{"type":"Feature","properties":{"ESTÁDIO":"ADEMIR CUNHA","CIDADE":"PAULISTA ","ESTADO":"PERNAMBUCO","PAÍS":"BRASIL","CAPACIDADE":"12000","PRIMEIRA_PARTIDA":null,"DATA_PRIMEIRA_PARTIDA":null,"ANO_PRIMEIRA_PARTIDA":null,"ADVERSARIO":null,"PLACAR":null,"COMPETICAO_PRIMEIRA_PARTIDA":null,"MANDO_PRIMEIRA_PARTIDA":null,"FONTE_PRIMEIRA_PARTIDA":null,"TOTAL_JOGOS":0,"VITÓRIAS":0,"EMPATES":0,"DERROTAS":0,"APROVEITAMENTO_PCT":0,"GOLS_MARCADOS":0,"GOLS_SOFRIDOS":0,"NOMES_ALTERNATIVOS":[],"FONTES_JOGOS":[],"LATITUDE":-7.945242906164893,"LONGITUDE":-34.88802032144912,"PAIS_ISO3":"BRA"},"geometry":{"type":"Point","coordinates":[-34.88802032144912,-7.945242906164893]}},{"type":"Feature","properties":{"ESTÁDIO":"AIRTON FERREIRA DA SILVA (CT HÉLIO DOURADO)","CIDADE":"ELDORADO DO SUL ","ESTADO":"RIO GRANDE DO SUL","PAÍS":"BRASIL","CAPACIDADE":"2000","PRIMEIRA_PARTIDA":"GRÊMIO 0x5 CORINTHIANS","DATA_PRIMEIRA_PARTIDA":"2017-03-26","ANO_PRIMEIRA_PARTIDA":2017,"ADVERSARIO":"GRÊMIO","PLACAR":"0x5","COMPETICAO_PRIMEIRA_PARTIDA":"Brasileirão Feminino 2017","MANDO_PRIMEIRA_PARTIDA":"Não","FONTE_PRIMEIRA_PARTIDA":"https://www.meutimao.com.br/jogo/5154/brasileirao-feminino-2017/gremio-0-x-5-corinthians","TOTAL_JOGOS":1,"VITÓRIAS":1,"EMPATES":0,"DERROTAS":0,"APROVEITAMENTO_PCT":100.0,"GOLS_MARCADOS":5,"GOLS_SOFRIDOS":0,"NOMES_ALTERNATIVOS":[],"FONTES_JOGOS":["Meu Timão"],"LATITUDE":-30.019920501199675,"LONGITUDE":-51.30776536193216,"PAIS_ISO3":"BRA"},"geometry":{"type":"Point","coordinates":[-51.30776536193216,-30.019920501199675]}},{"type":"Feature","properties":{"ESTÁDIO":"ALTEROSAS (SESC VENDA NOVA)","CIDADE":"BELO HORIZONTE","ESTADO":"MINAS GERAIS","PAÍS":"BRASIL","CAPACIDADE":"2000","PRIMEIRA_PARTIDA":"ATLÉTICO-MG 1x3 CORINTHIANS","DATA_PRIMEIRA_PARTIDA":"2024-05-01","ANO_PRIMEIRA_PARTIDA":2024,"ADVERSARIO":"ATLÉTICO-MG","PLACAR":"1x3","COMPETICAO_PRIMEIRA_PARTIDA":"Brasileiro Feminino 2024","MANDO_PRIMEIRA_PARTIDA":"Não","FONTE_PRIMEIRA_PARTIDA":"https://www.meutimao.com.br/jogo/8034/brasileiro-feminino-2024/atletico-mg-1-x-3-corinthians","TOTAL_JOGOS":1,"VITÓRIAS":1,"EMPATES":0,"DERROTAS":0,"APROVEITAMENTO_PCT":100.0,"GOLS_MARCADOS":3,"GOLS_SOFRIDOS":1,"NOMES_ALTERNATIVOS":[],"FONTES_JOGOS":["Meu Timão"],"LATITUDE":-19.79361236860667,"LONGITUDE":-43.97873850426172,"PAIS_ISO3":"BRA"},"geometry":{"type":"Point","coordinates":[-43.97873850426172,-19.79361236860667]}},{"type":"Feature","properties":{"ESTÁDIO":"ANTÔNIO SOARES DE OLIVEIRA","CIDADE":"GUARULHOS ","ESTADO":"SÃO PAULO","PAÍS":"BRASIL","CAPACIDADE":"6235","PRIMEIRA_PARTIDA":"CORINTHIANS 1x1 SÃO BERNARDO","DATA_PRIMEIRA_PARTIDA":"2008-05-11","ANO_PRIMEIRA_PARTIDA":2008,"ADVERSARIO":"SÃO BERNARDO","PLACAR":"1x1","COMPETICAO_PRIMEIRA_PARTIDA":"CAMPEONATO PAULISTA / FPF","MANDO_PRIMEIRA_PARTIDA":"Sim","FONTE_PRIMEIRA_PARTIDA":null,"TOTAL_JOGOS":4,"VITÓRIAS":3,"EMPATES":1,"DERROTAS":0,"APROVEITAMENTO_PCT":83.3,"GOLS_MARCADOS":15,"GOLS_SOFRIDOS":3,"NOMES_ALTERNATIVOS":[],"FONTES_JOGOS":["Daniel Keppler"],"LATITUDE":-23.47036920270418,"LONGITUDE":-46.551778361932165,"PAIS_ISO3":"BRA"},"geometry":{"type":"Point","coordinates":[-46.551778361932165,-23.47036920270418]}},{"type":"Feature","properties":{"ESTÁDIO":"ANTÔNIO VIEIRA RAMOS (VIEIRÃO)","CIDADE":"GRAVATAÍ","ESTADO":"RIO GRANDE DO SUL","PAÍS":"BRASIL","CAPACIDADE":"8000","PRIMEIRA_PARTIDA":"GRÊMIO 2x2 CORINTHIANS","DATA_PRIMEIRA_PARTIDA":"2022-08-07","ANO_PRIMEIRA_PARTIDA":2022,"ADVERSARIO":"GRÊMIO","PLACAR":"2x2","COMPETICAO_PRIMEIRA_PARTIDA":"Brasileiro Feminino 2022","MANDO_PRIMEIRA_PARTIDA":"Não","FONTE_PRIMEIRA_PARTIDA":"https://www.meutimao.com.br/jogo/7315/brasileiro-feminino-2022/gremio-2-x-2-corinthians","TOTAL_JOGOS":1,"VITÓRIAS":0,"EMPATES":1,"DERROTAS":0,"APROVEITAMENTO_PCT":33.3,"GOLS_MARCADOS":2,"GOLS_SOFRIDOS":2,"NOMES_ALTERNATIVOS":[],"FONTES_JOGOS":["Meu Timão"],"LATITUDE":-29.934730553219048,"LONGITUDE":-50.996962888657364,"PAIS_ISO3":"BRA"},"geometry":{"type":"Point","coordinates":[-50.996962888657364,-29.934730553219048]}},{"type":"Feature","properties":{"ESTÁDIO":"ARENA DO GRÊMIO","CIDADE":"PORTO ALEGRE ","ESTADO":"RIO GRANDE DO SUL","PAÍS":"BRASIL","CAPACIDADE":"55662","PRIMEIRA_PARTIDA":"GRÊMIO 0x3 CORINTHIANS","DATA_PRIMEIRA_PARTIDA":"2020-10-25","ANO_PRIMEIRA_PARTIDA":2020,"ADVERSARIO":"GRÊMIO","PLACAR":"0x3","COMPETICAO_PRIMEIRA_PARTIDA":"Brasileiro Feminino 2020","MANDO_PRIMEIRA_PARTIDA":"Não","FONTE_PRIMEIRA_PARTIDA":"https://www.meutimao.com.br/jogo/4347/brasileiro-feminino-2020/quartas_de_final/gremio-0-x-3-corinthians","TOTAL_JOGOS":2,"VITÓRIAS":2,"EMPATES":0,"DERROTAS":0,"APROVEITAMENTO_PCT":100.0,"GOLS_MARCADOS":6,"GOLS_SOFRIDOS":0,"NOMES_ALTERNATIVOS":[],"FONTES_JOGOS":["Meu Timão"],"LATITUDE":-29.97378608493292,"LONGITUDE":-51.19421738952703,"PAIS_ISO3":"BRA"},"geometry":{"type":"Point","coordinates":[-51.19421738952703,-29.97378608493292]}},{"type":"Feature","properties":{"ESTÁDIO":"ARENA MRV","CIDADE":"BELO HORIZONTE","ESTADO":"MINAS GERAIS","PAÍS":"BRASIL","CAPACIDADE":"44892","PRIMEIRA_PARTIDA":"ATLÉTICO-MG 0x1 CORINTHIANS","DATA_PRIMEIRA_PARTIDA":"2026-02-13","ANO_PRIMEIRA_PARTIDA":2026,"ADVERSARIO":"ATLÉTICO-MG","PLACAR":"0x1","COMPETICAO_PRIMEIRA_PARTIDA":"Brasileiro Feminino 2026","MANDO_PRIMEIRA_PARTIDA":"Não","FONTE_PRIMEIRA_PARTIDA":"https://www.meutimao.com.br/jogo/8901/brasileiro-feminino-2026/atletico-mg-0-x-1-corinthians","TOTAL_JOGOS":1,"VITÓRIAS":1,"EMPATES":0,"DERROTAS":0,"APROVEITAMENTO_PCT":100.0,"GOLS_MARCADOS":1,"GOLS_SOFRIDOS":0,"NOMES_ALTERNATIVOS":[],"FONTES_JOGOS":["Meu Timão"],"LATITUDE":-19.92990521858634,"LONGITUDE":-44.01384728925445,"CAPACIDADE_STADIUMDB":"46000","FONTE_CAPACIDADE_STADIUMDB":"StadiumDB.com","URL_CAPACIDADE_STADIUMDB":"https://stadiumdb.com/stadiums/bra/arena_mrv","PAIS_ISO3":"BRA"},"geometry":{"type":"Point","coordinates":[-44.01384728925445,-19.92990521858634]}},{"type":"Feature","properties":{"ESTÁDIO":"ARSENIO ERICO","CIDADE":"ASSUNÇÃO","ESTADO":"DEPARTAMENTO CENTRAL","PAÍS":"PARAGUAI","CAPACIDADE":"7500","PRIMEIRA_PARTIDA":"CORINTHIANS 0x0 COLO-COLO","DATA_PRIMEIRA_PARTIDA":"2017-10-21","ANO_PRIMEIRA_PARTIDA":2017,"ADVERSARIO":"COLO-COLO","PLACAR":"0x0","COMPETICAO_PRIMEIRA_PARTIDA":"Libertadores Feminina 2017","MANDO_PRIMEIRA_PARTIDA":"Sim","FONTE_PRIMEIRA_PARTIDA":"https://www.meutimao.com.br/jogo/7127/libertadores-feminina-2017/final/corinthians-0-x-0-colo-colo","TOTAL_JOGOS":7,"VITÓRIAS":5,"EMPATES":2,"DERROTAS":0,"APROVEITAMENTO_PCT":81.0,"GOLS_MARCADOS":22,"GOLS_SOFRIDOS":2,"NOMES_ALTERNATIVOS":[],"FONTES_JOGOS":["Meu Timão"],"LATITUDE":-25.298264179462183,"LONGITUDE":-57.641082774528385,"PAIS_ISO3":"PRY"},"geometry":{"type":"Point","coordinates":[-57.641082774528385,-25.298264179462183]}},{"type":"Feature","properties":{"ESTÁDIO":"Abreuzão","CIDADE":null,"ESTADO":null,"PAÍS":"Brazil","CAPACIDADE":"19500","PRIMEIRA_PARTIDA":"MARÍLIA 0x5 CORINTHIANS","DATA_PRIMEIRA_PARTIDA":"2024-09-25","ANO_PRIMEIRA_PARTIDA":2024,"ADVERSARIO":"MARÍLIA","PLACAR":"0x5","COMPETICAO_PRIMEIRA_PARTIDA":"Paulista Feminino 2024","MANDO_PRIMEIRA_PARTIDA":"Não","FONTE_PRIMEIRA_PARTIDA":"https://www.meutimao.com.br/jogo/8191/paulista-feminino-2024/marilia-0-x-5-corinthians","TOTAL_JOGOS":1,"VITÓRIAS":1,"EMPATES":0,"DERROTAS":0,"APROVEITAMENTO_PCT":100.0,"GOLS_MARCADOS":5,"GOLS_SOFRIDOS":0,"NOMES_ALTERNATIVOS":[],"FONTES_JOGOS":["Meu Timão"],"LATITUDE":-22.2196144,"LONGITUDE":-49.9400031,"CAPACIDADE_FONTE":"Meu Timão","URL_FONTE_CAPACIDADE":"https://www.meutimao.com.br/estadio/abreuzao/","PAIS_ISO3":"BRA","FONTE_CORRECAO_PAIS":"https://data.geocode.earth/wof/dist/legacy/whosonfirst-data-country-latest.tar.bz2"},"geometry":{"type":"Point","coordinates":[-49.9400031,-22.2196144]}},{"type":"Feature","properties":{"ESTÁDIO":"Anísio Haddad","CIDADE":"SÃO JOSÉ DO RIO PRETO ","ESTADO":"SÃO PAULO","PAÍS":"BRASIL","CAPACIDADE":"14014","PRIMEIRA_PARTIDA":"RIO PRETO 3x2 CORINTHIANS","DATA_PRIMEIRA_PARTIDA":"2016-07-03","ANO_PRIMEIRA_PARTIDA":2016,"ADVERSARIO":"RIO PRETO","PLACAR":"3x2","COMPETICAO_PRIMEIRA_PARTIDA":"Paulista 2016","MANDO_PRIMEIRA_PARTIDA":"Não","FONTE_PRIMEIRA_PARTIDA":"https://www.meutimao.com.br/jogo/4721/paulista-2016/rio_preto-3-x-2-corinthians","TOTAL_JOGOS":3,"VITÓRIAS":1,"EMPATES":0,"DERROTAS":2,"APROVEITAMENTO_PCT":33.3,"GOLS_MARCADOS":4,"GOLS_SOFRIDOS":5,"NOMES_ALTERNATIVOS":["Rio Pretão"],"FONTES_JOGOS":["Meu Timão"],"LATITUDE":-20.8345771,"LONGITUDE":-49.4011085,"PAIS_ISO3":"BRA"},"geometry":{"type":"Point","coordinates":[-49.4011085,-20.8345771]}},{"type":"Feature","properties":{"ESTÁDIO":"Arena BRB Mané Garrincha","CIDADE":"BRASÍLIA","ESTADO":"DISTRITO FEDERAL","PAÍS":"BRASIL","CAPACIDADE":"72788","PRIMEIRA_PARTIDA":"REAL BRASÍLIA 0x2 CORINTHIANS","DATA_PRIMEIRA_PARTIDA":"2022-08-14","ANO_PRIMEIRA_PARTIDA":2022,"ADVERSARIO":"REAL BRASÍLIA","PLACAR":"0x2","COMPETICAO_PRIMEIRA_PARTIDA":"Brasileiro Feminino 2022","MANDO_PRIMEIRA_PARTIDA":"Não","FONTE_PRIMEIRA_PARTIDA":"https://www.meutimao.com.br/jogo/7465/brasileiro-feminino-2022/quartas_de_final/real_brasilia-0-x-2-corinthians","TOTAL_JOGOS":1,"VITÓRIAS":1,"EMPATES":0,"DERROTAS":0,"APROVEITAMENTO_PCT":100.0,"GOLS_MARCADOS":2,"GOLS_SOFRIDOS":0,"NOMES_ALTERNATIVOS":["Mané Garrincha"],"FONTES_JOGOS":["Meu Timão"],"LATITUDE":-15.7835191,"LONGITUDE":-47.899211,"CAPACIDADE_STADIUMDB":"72000","FONTE_CAPACIDADE_STADIUMDB":"StadiumDB.com","URL_CAPACIDADE_STADIUMDB":"https://stadiumdb.com/stadiums/bra/estadio_nacional_mane_garrincha","PAIS_ISO3":"BRA"},"geometry":{"type":"Point","coordinates":[-47.899211,-15.7835191]}},{"type":"Feature","properties":{"ESTÁDIO":"Arena Barueri","CIDADE":"BARUERI ","ESTADO":"SÃO PAULO","PAÍS":"Brasil","CAPACIDADE":"31452","PRIMEIRA_PARTIDA":"CORINTHIANS 3x2 KINDERMANN","DATA_PRIMEIRA_PARTIDA":"2017-03-20","ANO_PRIMEIRA_PARTIDA":2017,"ADVERSARIO":"KINDERMANN","PLACAR":"3x2","COMPETICAO_PRIMEIRA_PARTIDA":"Brasileirão Feminino 2017","MANDO_PRIMEIRA_PARTIDA":"Sim","FONTE_PRIMEIRA_PARTIDA":"https://www.meutimao.com.br/jogo/5153/brasileirao-feminino-2017/corinthians-3-x-2-kindermann","TOTAL_JOGOS":34,"VITÓRIAS":23,"EMPATES":6,"DERROTAS":5,"APROVEITAMENTO_PCT":73.5,"GOLS_MARCADOS":112,"GOLS_SOFRIDOS":27,"NOMES_ALTERNATIVOS":[],"FONTES_JOGOS":["Meu Timão"],"LATITUDE":-23.5124719,"LONGITUDE":-46.8995624,"PAIS_ISO3":"BRA"},"geometry":{"type":"Point","coordinates":[-46.8995624,-23.5124719]}},{"type":"Feature","properties":{"ESTÁDIO":"Arena Fonte Nova","CIDADE":"SALVADOR","ESTADO":"BAHIA","PAÍS":"BRASIL","CAPACIDADE":"48661","PRIMEIRA_PARTIDA":"BAHIA 1x1 CORINTHIANS","DATA_PRIMEIRA_PARTIDA":"2026-08-15","ANO_PRIMEIRA_PARTIDA":2026,"ADVERSARIO":"BAHIA","PLACAR":"1x1","COMPETICAO_PRIMEIRA_PARTIDA":"Brasileiro Feminino 2026","MANDO_PRIMEIRA_PARTIDA":"Não","FONTE_PRIMEIRA_PARTIDA":"https://www.meutimao.com.br/jogo/8917/brasileiro-feminino-2026/bahia-1-x-1-corinthians","TOTAL_JOGOS":2,"VITÓRIAS":1,"EMPATES":1,"DERROTAS":0,"APROVEITAMENTO_PCT":66.7,"GOLS_MARCADOS":2,"GOLS_SOFRIDOS":1,"NOMES_ALTERNATIVOS":["Fonte Nova"],"FONTES_JOGOS":["Meu Timão"],"LATITUDE":-12.97883,"LONGITUDE":-38.5043711,"CAPACIDADE_STADIUMDB":"50000","FONTE_CAPACIDADE_STADIUMDB":"StadiumDB.com","URL_CAPACIDADE_STADIUMDB":"https://stadiumdb.com/stadiums/bra/arena_fonte_nova","PAIS_ISO3":"BRA"},"geometry":{"type":"Point","coordinates":[-38.5043711,-12.97883]}},{"type":"Feature","properties":{"ESTÁDIO":"Arena da Amazônia","CIDADE":"MANAUS ","ESTADO":"AMAZONAS","PAÍS":"BRASIL","CAPACIDADE":"44300","PRIMEIRA_PARTIDA":"IRANDUBA 2x2 CORINTHIANS","DATA_PRIMEIRA_PARTIDA":"2016-03-23","ANO_PRIMEIRA_PARTIDA":2016,"ADVERSARIO":"IRANDUBA","PLACAR":"2x2","COMPETICAO_PRIMEIRA_PARTIDA":"Brasileirão 2016","MANDO_PRIMEIRA_PARTIDA":"Não","FONTE_PRIMEIRA_PARTIDA":"https://www.meutimao.com.br/jogo/4704/brasileirao-2016/iranduba-2-x-2-corinthians","TOTAL_JOGOS":4,"VITÓRIAS":1,"EMPATES":2,"DERROTAS":1,"APROVEITAMENTO_PCT":41.7,"GOLS_MARCADOS":5,"GOLS_SOFRIDOS":4,"NOMES_ALTERNATIVOS":[],"FONTES_JOGOS":["Meu Timão"],"LATITUDE":-3.0832457,"LONGITUDE":-60.0281392,"CAPACIDADE_STADIUMDB":"44351","FONTE_CAPACIDADE_STADIUMDB":"StadiumDB.com","URL_CAPACIDADE_STADIUMDB":"https://stadiumdb.com/stadiums/bra/arena_da_amazonia","PAIS_ISO3":"BRA"},"geometry":{"type":"Point","coordinates":[-60.0281392,-3.0832457]}},{"type":"Feature","properties":{"ESTÁDIO":"Arena do Jacaré","CIDADE":null,"ESTADO":null,"PAÍS":"Brazil","CAPACIDADE":"25000","PRIMEIRA_PARTIDA":"AMÉRICA-MG 0x1 CORINTHIANS","DATA_PRIMEIRA_PARTIDA":"2025-05-21","ANO_PRIMEIRA_PARTIDA":2025,"ADVERSARIO":"AMÉRICA-MG","PLACAR":"0x1","COMPETICAO_PRIMEIRA_PARTIDA":"Brasileiro Feminino 2025","MANDO_PRIMEIRA_PARTIDA":"Não","FONTE_PRIMEIRA_PARTIDA":"https://www.meutimao.com.br/jogo/8497/brasileiro-feminino-2025/america-mg-0-x-1-corinthians","TOTAL_JOGOS":2,"VITÓRIAS":1,"EMPATES":0,"DERROTAS":1,"APROVEITAMENTO_PCT":50.0,"GOLS_MARCADOS":3,"GOLS_SOFRIDOS":3,"NOMES_ALTERNATIVOS":[],"FONTES_JOGOS":["Meu Timão"],"LATITUDE":-19.4776055,"LONGITUDE":-44.2215488,"CAPACIDADE_FONTE":"Meu Timão","URL_FONTE_CAPACIDADE":"https://www.meutimao.com.br/estadio/arena_do_jacare/","PAIS_ISO3":"BRA","FONTE_CORRECAO_PAIS":"https://data.geocode.earth/wof/dist/legacy/whosonfirst-data-country-latest.tar.bz2"},"geometry":{"type":"Point","coordinates":[-44.2215488,-19.4776055]}},{"type":"Feature","properties":{"ESTÁDIO":"BARÃO DA SERRA NEGRA","CIDADE":"PIRACICABA ","ESTADO":"SÃO PAULO","PAÍS":"BRASIL","CAPACIDADE":"18000","PRIMEIRA_PARTIDA":null,"DATA_PRIMEIRA_PARTIDA":null,"ANO_PRIMEIRA_PARTIDA":null,"ADVERSARIO":null,"PLACAR":null,"COMPETICAO_PRIMEIRA_PARTIDA":null,"MANDO_PRIMEIRA_PARTIDA":null,"FONTE_PRIMEIRA_PARTIDA":null,"TOTAL_JOGOS":0,"VITÓRIAS":0,"EMPATES":0,"DERROTAS":0,"APROVEITAMENTO_PCT":0,"GOLS_MARCADOS":0,"GOLS_SOFRIDOS":0,"NOMES_ALTERNATIVOS":[],"FONTES_JOGOS":[],"LATITUDE":-22.729396701895876,"LONGITUDE":-47.636643578179694,"PAIS_ISO3":"BRA"},"geometry":{"type":"Point","coordinates":[-47.636643578179694,-22.729396701895876]}},{"type":"Feature","properties":{"ESTÁDIO":"BENITO AGNELLO CASTELLANO (BENITÃO)","CIDADE":"RIO CLARO","ESTADO":"SÃO PAULO","PAÍS":"BRASIL","CAPACIDADE":"8136","PRIMEIRA_PARTIDA":null,"DATA_PRIMEIRA_PARTIDA":null,"ANO_PRIMEIRA_PARTIDA":null,"ADVERSARIO":null,"PLACAR":null,"COMPETICAO_PRIMEIRA_PARTIDA":null,"MANDO_PRIMEIRA_PARTIDA":null,"FONTE_PRIMEIRA_PARTIDA":null,"TOTAL_JOGOS":0,"VITÓRIAS":0,"EMPATES":0,"DERROTAS":0,"APROVEITAMENTO_PCT":0,"GOLS_MARCADOS":0,"GOLS_SOFRIDOS":0,"NOMES_ALTERNATIVOS":[],"FONTES_JOGOS":[],"LATITUDE":-22.41792784466464,"LONGITUDE":-47.5563066428755,"PAIS_ISO3":"BRA"},"geometry":{"type":"Point","coordinates":[-47.5563066428755,-22.41792784466464]}},{"type":"Feature","properties":{"ESTÁDIO":"BENTO DE ABREU SAMPAIO VIDAL (ABREUZÃO)","CIDADE":"MARÍLIA","ESTADO":"SÃO PAULO","PAÍS":"BRASIL","CAPACIDADE":"15010","PRIMEIRA_PARTIDA":null,"DATA_PRIMEIRA_PARTIDA":null,"ANO_PRIMEIRA_PARTIDA":null,"ADVERSARIO":null,"PLACAR":null,"COMPETICAO_PRIMEIRA_PARTIDA":null,"MANDO_PRIMEIRA_PARTIDA":null,"FONTE_PRIMEIRA_PARTIDA":null,"TOTAL_JOGOS":0,"VITÓRIAS":0,"EMPATES":0,"DERROTAS":0,"APROVEITAMENTO_PCT":0,"GOLS_MARCADOS":0,"GOLS_SOFRIDOS":0,"NOMES_ALTERNATIVOS":[],"FONTES_JOGOS":[],"LATITUDE":-22.219356144243438,"LONGITUDE":-49.940957970952724,"PAIS_ISO3":"BRA"},"geometry":{"type":"Point","coordinates":[-49.940957970952724,-22.219356144243438]}},{"type":"Feature","properties":{"ESTÁDIO":"BRINCO DE OURO DA PRINCESA","CIDADE":"CAMPINAS","ESTADO":"SÃO PAULO","PAÍS":"BRASIL","CAPACIDADE":"20580","PRIMEIRA_PARTIDA":"PALMEIRAS 2x1 CORINTHIANS","DATA_PRIMEIRA_PARTIDA":"2024-11-20","ANO_PRIMEIRA_PARTIDA":2024,"ADVERSARIO":"PALMEIRAS","PLACAR":"2x1","COMPETICAO_PRIMEIRA_PARTIDA":"Paulista Feminino 2024","MANDO_PRIMEIRA_PARTIDA":"Não","FONTE_PRIMEIRA_PARTIDA":"https://www.meutimao.com.br/jogo/8383/paulista-feminino-2024/final/palmeiras-2-x-1-corinthians","TOTAL_JOGOS":1,"VITÓRIAS":0,"EMPATES":0,"DERROTAS":1,"APROVEITAMENTO_PCT":0.0,"GOLS_MARCADOS":1,"GOLS_SOFRIDOS":2,"NOMES_ALTERNATIVOS":[],"FONTES_JOGOS":["Meu Timão"],"LATITUDE":-22.91041180492228,"LONGITUDE":-47.04298292050269,"PAIS_ISO3":"BRA"},"geometry":{"type":"Point","coordinates":[-47.04298292050269,-22.91041180492228]}},{"type":"Feature","properties":{"ESTÁDIO":"Baetão","CIDADE":null,"ESTADO":null,"PAÍS":"Brasil","CAPACIDADE":"5200","PRIMEIRA_PARTIDA":"AD CENTRO OLÍMPICO 0x0 CORINTHIANS","DATA_PRIMEIRA_PARTIDA":"2016-02-02","ANO_PRIMEIRA_PARTIDA":2016,"ADVERSARIO":"AD CENTRO OLÍMPICO","PLACAR":"0x0","COMPETICAO_PRIMEIRA_PARTIDA":"Brasileirão 2016","MANDO_PRIMEIRA_PARTIDA":"Não","FONTE_PRIMEIRA_PARTIDA":"https://www.meutimao.com.br/jogo/4701/brasileirao-2016/ad_centro_olimpico-0-x-0-corinthians","TOTAL_JOGOS":1,"VITÓRIAS":0,"EMPATES":1,"DERROTAS":0,"APROVEITAMENTO_PCT":33.3,"GOLS_MARCADOS":0,"GOLS_SOFRIDOS":0,"NOMES_ALTERNATIVOS":[],"FONTES_JOGOS":["Meu Timão"],"LATITUDE":-23.6996464,"LONGITUDE":-46.5425045,"CAPACIDADE_FONTE":"Meu Timão","URL_FONTE_CAPACIDADE":"https://www.meutimao.com.br/estadio/baetao/","PAIS_ISO3":"BRA"},"geometry":{"type":"Point","coordinates":[-46.5425045,-23.6996464]}},{"type":"Feature","properties":{"ESTÁDIO":"Barbosão","CIDADE":"Chã Grande","ESTADO":"Pernambuco","PAÍS":"Brasil","CAPACIDADE":"3400","PRIMEIRA_PARTIDA":"VITÓRIA-PE 0x3 CORINTHIANS","DATA_PRIMEIRA_PARTIDA":"2017-04-05","ANO_PRIMEIRA_PARTIDA":2017,"ADVERSARIO":"VITÓRIA-PE","PLACAR":"0x3","COMPETICAO_PRIMEIRA_PARTIDA":"Brasileirão Feminino 2017","MANDO_PRIMEIRA_PARTIDA":"Não","FONTE_PRIMEIRA_PARTIDA":"https://www.meutimao.com.br/jogo/5157/brasileirao-feminino-2017/vitoria-pe-0-x-3-corinthians","TOTAL_JOGOS":1,"VITÓRIAS":1,"EMPATES":0,"DERROTAS":0,"APROVEITAMENTO_PCT":100.0,"GOLS_MARCADOS":3,"GOLS_SOFRIDOS":0,"NOMES_ALTERNATIVOS":[],"FONTES_JOGOS":["Meu Timão"],"LATITUDE":-8.238271,"LONGITUDE":-35.457148,"PRECISAO_COORDENADAS":"Município (estádio exato não identificado)","FONTE_COORDENADAS":"OpenStreetMap Nominatim (localidade aproximada)","URL_FONTE_COORDENADAS":"https://www.openstreetmap.org/relation/303662","ATRIBUICAO_COORDENADAS":"© OpenStreetMap contributors, ODbL 1.0","CAPACIDADE_FONTE":"Meu Timão","URL_FONTE_CAPACIDADE":"https://www.meutimao.com.br/estadio/barbosao?genero=feminino","PAIS_ISO3":"BRA"},"geometry":{"type":"Point","coordinates":[-35.457148,-8.238271]}},{"type":"Feature","properties":{"ESTÁDIO":"Barão","CIDADE":null,"ESTADO":null,"PAÍS":"Brazil","CAPACIDADE":"18000","PRIMEIRA_PARTIDA":"XV DE PIRACICABA 0x0 CORINTHIANS","DATA_PRIMEIRA_PARTIDA":"2016-05-15","ANO_PRIMEIRA_PARTIDA":2016,"ADVERSARIO":"XV DE PIRACICABA","PLACAR":"0x0","COMPETICAO_PRIMEIRA_PARTIDA":"Paulista 2016","MANDO_PRIMEIRA_PARTIDA":"Não","FONTE_PRIMEIRA_PARTIDA":"https://www.meutimao.com.br/jogo/4714/paulista-2016/xv_de_piracicaba-0-x-0-corinthians","TOTAL_JOGOS":1,"VITÓRIAS":0,"EMPATES":1,"DERROTAS":0,"APROVEITAMENTO_PCT":33.3,"GOLS_MARCADOS":0,"GOLS_SOFRIDOS":0,"NOMES_ALTERNATIVOS":[],"FONTES_JOGOS":["Meu Timão"],"LATITUDE":-22.7295831,"LONGITUDE":-47.6371327,"PRECISAO_COORDENADAS":"Estádio identificado","FONTE_COORDENADAS":"OpenStreetMap Nominatim","URL_FONTE_COORDENADAS":"https://www.openstreetmap.org/way/89849118","ATRIBUICAO_COORDENADAS":"© OpenStreetMap contributors, ODbL 1.0","CAPACIDADE_FONTE":"Meu Timão","URL_FONTE_CAPACIDADE":"https://www.meutimao.com.br/estadio/barao/","PAIS_ISO3":"BRA","FONTE_CORRECAO_PAIS":"https://data.geocode.earth/wof/dist/legacy/whosonfirst-data-country-latest.tar.bz2"},"geometry":{"type":"Point","coordinates":[-47.6371327,-22.7295831]}},{"type":"Feature","properties":{"ESTÁDIO":"Batistão","CIDADE":"ARACAJU","ESTADO":"SERGIPE","PAÍS":"BRASIL","CAPACIDADE":"15586","PRIMEIRA_PARTIDA":"BAHIA 1x2 CORINTHIANS","DATA_PRIMEIRA_PARTIDA":"2025-08-09","ANO_PRIMEIRA_PARTIDA":2025,"ADVERSARIO":"BAHIA","PLACAR":"1x2","COMPETICAO_PRIMEIRA_PARTIDA":"Brasileiro Feminino 2025","MANDO_PRIMEIRA_PARTIDA":"Não","FONTE_PRIMEIRA_PARTIDA":"https://www.meutimao.com.br/jogo/8666/brasileiro-feminino-2025/quartas_de_final/bahia-1-x-2-corinthians","TOTAL_JOGOS":1,"VITÓRIAS":1,"EMPATES":0,"DERROTAS":0,"APROVEITAMENTO_PCT":100.0,"GOLS_MARCADOS":2,"GOLS_SOFRIDOS":1,"NOMES_ALTERNATIVOS":[],"FONTES_JOGOS":["Meu Timão"],"LATITUDE":-10.9274814,"LONGITUDE":-37.0490497,"PAIS_ISO3":"BRA"},"geometry":{"type":"Point","coordinates":[-37.0490497,-10.9274814]}},{"type":"Feature","properties":{"ESTÁDIO":"Beira-Rio","CIDADE":"PORTO ALEGRE","ESTADO":"RIO GRANDE DO SUL","PAÍS":"BRASIL","CAPACIDADE":"50842","PRIMEIRA_PARTIDA":"INTERNACIONAL 1x1 CORINTHIANS","DATA_PRIMEIRA_PARTIDA":"2022-09-18","ANO_PRIMEIRA_PARTIDA":2022,"ADVERSARIO":"INTERNACIONAL","PLACAR":"1x1","COMPETICAO_PRIMEIRA_PARTIDA":"Brasileiro Feminino 2022","MANDO_PRIMEIRA_PARTIDA":"Não","FONTE_PRIMEIRA_PARTIDA":"https://www.meutimao.com.br/jogo/7514/brasileiro-feminino-2022/final/internacional-1-x-1-corinthians","TOTAL_JOGOS":3,"VITÓRIAS":1,"EMPATES":1,"DERROTAS":1,"APROVEITAMENTO_PCT":44.4,"GOLS_MARCADOS":5,"GOLS_SOFRIDOS":5,"NOMES_ALTERNATIVOS":[],"FONTES_JOGOS":["Meu Timão"],"LATITUDE":-30.0654826,"LONGITUDE":-51.2358459,"PAIS_ISO3":"BRA"},"geometry":{"type":"Point","coordinates":[-51.2358459,-30.0654826]}},{"type":"Feature","properties":{"ESTÁDIO":"Bruno José","CIDADE":null,"ESTADO":null,"PAÍS":"Brazil","CAPACIDADE":"21000","PRIMEIRA_PARTIDA":"EC SÃO BERNARDO 1x6 CORINTHIANS","DATA_PRIMEIRA_PARTIDA":"2022-08-10","ANO_PRIMEIRA_PARTIDA":2022,"ADVERSARIO":"EC SÃO BERNARDO","PLACAR":"1x6","COMPETICAO_PRIMEIRA_PARTIDA":"Paulista Feminino 2022","MANDO_PRIMEIRA_PARTIDA":"Não","FONTE_PRIMEIRA_PARTIDA":"https://www.meutimao.com.br/jogo/7434/paulista-feminino-2022/ec_sao_bernardo-1-x-6-corinthians","TOTAL_JOGOS":2,"VITÓRIAS":2,"EMPATES":0,"DERROTAS":0,"APROVEITAMENTO_PCT":100.0,"GOLS_MARCADOS":9,"GOLS_SOFRIDOS":1,"NOMES_ALTERNATIVOS":[],"FONTES_JOGOS":["Meu Timão"],"LATITUDE":-23.6695672,"LONGITUDE":-46.5093186,"PRECISAO_COORDENADAS":"Estádio identificado","FONTE_COORDENADAS":"OpenStreetMap Nominatim","URL_FONTE_COORDENADAS":"https://www.openstreetmap.org/way/350999502","ATRIBUICAO_COORDENADAS":"© OpenStreetMap contributors, ODbL 1.0","CAPACIDADE_FONTE":"Meu Timão","URL_FONTE_CAPACIDADE":"https://www.meutimao.com.br/estadio/bruno_jose?genero=feminino","PAIS_ISO3":"BRA","FONTE_CORRECAO_PAIS":"https://data.geocode.earth/wof/dist/legacy/whosonfirst-data-country-latest.tar.bz2"},"geometry":{"type":"Point","coordinates":[-46.5093186,-23.6695672]}},{"type":"Feature","properties":{"ESTÁDIO":"Bruno José Daniel","CIDADE":"SANTO ANDRÉ","ESTADO":"SÃO PAULO","PAÍS":"BRASIL","CAPACIDADE":"11440","PRIMEIRA_PARTIDA":null,"DATA_PRIMEIRA_PARTIDA":null,"ANO_PRIMEIRA_PARTIDA":null,"ADVERSARIO":null,"PLACAR":null,"COMPETICAO_PRIMEIRA_PARTIDA":null,"MANDO_PRIMEIRA_PARTIDA":null,"FONTE_PRIMEIRA_PARTIDA":null,"TOTAL_JOGOS":0,"VITÓRIAS":0,"EMPATES":0,"DERROTAS":0,"APROVEITAMENTO_PCT":0,"GOLS_MARCADOS":0,"GOLS_SOFRIDOS":0,"NOMES_ALTERNATIVOS":[],"FONTES_JOGOS":[],"LATITUDE":-23.6698747,"LONGITUDE":-46.5098586,"PAIS_ISO3":"BRA"},"geometry":{"type":"Point","coordinates":[-46.5098586,-23.6698747]}},{"type":"Feature","properties":{"ESTÁDIO":"CAMPO DO CANTO DO RIO","CIDADE":"SOROCABA ","ESTADO":"SÃO PAULO","PAÍS":"BRASIL","CAPACIDADE":"DESCONHECIDA","PRIMEIRA_PARTIDA":"VOTORANTIM 2x2 CORINTHIANS","DATA_PRIMEIRA_PARTIDA":"2015-10-31","ANO_PRIMEIRA_PARTIDA":2015,"ADVERSARIO":"VOTORANTIM","PLACAR":"2x2","COMPETICAO_PRIMEIRA_PARTIDA":"CAMPEONATO PAULISTA / LINAF","MANDO_PRIMEIRA_PARTIDA":"Não","FONTE_PRIMEIRA_PARTIDA":null,"TOTAL_JOGOS":1,"VITÓRIAS":0,"EMPATES":1,"DERROTAS":0,"APROVEITAMENTO_PCT":33.3,"GOLS_MARCADOS":2,"GOLS_SOFRIDOS":2,"NOMES_ALTERNATIVOS":[],"FONTES_JOGOS":["Daniel Keppler"],"LATITUDE":-23.515794188300706,"LONGITUDE":-47.43853746369406,"PAIS_ISO3":"BRA"},"geometry":{"type":"Point","coordinates":[-47.43853746369406,-23.515794188300706]}},{"type":"Feature","properties":{"ESTÁDIO":"CARLOS ALBERTO COSTA NEVES","CIDADE":"CAÇADOR ","ESTADO":"SANTA CATARINA","PAÍS":"BRASIL","CAPACIDADE":"6500","PRIMEIRA_PARTIDA":"KINDERMANN 1x2 CORINTHIANS","DATA_PRIMEIRA_PARTIDA":"2017-05-24","ANO_PRIMEIRA_PARTIDA":2017,"ADVERSARIO":"KINDERMANN","PLACAR":"1x2","COMPETICAO_PRIMEIRA_PARTIDA":"Brasileirão Feminino 2017","MANDO_PRIMEIRA_PARTIDA":"Não","FONTE_PRIMEIRA_PARTIDA":"https://www.meutimao.com.br/jogo/5164/brasileirao-feminino-2017/kindermann-1-x-2-corinthians","TOTAL_JOGOS":4,"VITÓRIAS":1,"EMPATES":2,"DERROTAS":1,"APROVEITAMENTO_PCT":41.7,"GOLS_MARCADOS":3,"GOLS_SOFRIDOS":3,"NOMES_ALTERNATIVOS":[],"FONTES_JOGOS":["Meu Timão"],"LATITUDE":-26.771027999853985,"LONGITUDE":-51.007584674327376,"PAIS_ISO3":"BRA"},"geometry":{"type":"Point","coordinates":[-51.007584674327376,-26.771027999853985]}},{"type":"Feature","properties":{"ESTÁDIO":"CARLOS FERRACINI","CIDADE":"CAIEIRAS","ESTADO":"SÃO PAULO","PAÍS":"BRASIL","CAPACIDADE":"6195","PRIMEIRA_PARTIDA":"PINDA 0x2 CORINTHIANS","DATA_PRIMEIRA_PARTIDA":"2022-09-15","ANO_PRIMEIRA_PARTIDA":2022,"ADVERSARIO":"PINDA","PLACAR":"0x2","COMPETICAO_PRIMEIRA_PARTIDA":"Paulista Feminino 2022","MANDO_PRIMEIRA_PARTIDA":"Não","FONTE_PRIMEIRA_PARTIDA":"https://www.meutimao.com.br/jogo/7438/paulista-feminino-2022/pinda-0-x-2-corinthians","TOTAL_JOGOS":1,"VITÓRIAS":1,"EMPATES":0,"DERROTAS":0,"APROVEITAMENTO_PCT":100.0,"GOLS_MARCADOS":2,"GOLS_SOFRIDOS":0,"NOMES_ALTERNATIVOS":[],"FONTES_JOGOS":["Meu Timão"],"LATITUDE":-23.365223502581316,"LONGITUDE":-46.7431118106844,"PAIS_ISO3":"BRA"},"geometry":{"type":"Point","coordinates":[-46.7431118106844,-23.365223502581316]}},{"type":"Feature","properties":{"ESTÁDIO":"CASTOR CIFUENTES (PENIDÃO)","CIDADE":"NOVA LIMA","ESTADO":"MINAS GERAIS","PAÍS":"BRASIL","CAPACIDADE":"5160","PRIMEIRA_PARTIDA":null,"DATA_PRIMEIRA_PARTIDA":null,"ANO_PRIMEIRA_PARTIDA":null,"ADVERSARIO":null,"PLACAR":null,"COMPETICAO_PRIMEIRA_PARTIDA":null,"MANDO_PRIMEIRA_PARTIDA":null,"FONTE_PRIMEIRA_PARTIDA":null,"TOTAL_JOGOS":0,"VITÓRIAS":0,"EMPATES":0,"DERROTAS":0,"APROVEITAMENTO_PCT":0,"GOLS_MARCADOS":0,"GOLS_SOFRIDOS":0,"NOMES_ALTERNATIVOS":[],"FONTES_JOGOS":[],"LATITUDE":-19.988071977780734,"LONGITUDE":-43.84388637827531,"PAIS_ISO3":"BRA"},"geometry":{"type":"Point","coordinates":[-43.84388637827531,-19.988071977780734]}},{"type":"Feature","properties":{"ESTÁDIO":"CDC Maria Felizarda","CIDADE":"São Paulo","ESTADO":"São Paulo","PAÍS":"Brasil","CAPACIDADE":"3000","PRIMEIRA_PARTIDA":"AD CENTRO OLÍMPICO 2x6 CORINTHIANS","DATA_PRIMEIRA_PARTIDA":"2018-03-25","ANO_PRIMEIRA_PARTIDA":2018,"ADVERSARIO":"AD CENTRO OLÍMPICO","PLACAR":"2x6","COMPETICAO_PRIMEIRA_PARTIDA":"Paulista Feminino 2018","MANDO_PRIMEIRA_PARTIDA":"Não","FONTE_PRIMEIRA_PARTIDA":"https://www.meutimao.com.br/jogo/922/paulista-feminino-2018/ad_centro_olimpico-2-x-6-corinthians","TOTAL_JOGOS":1,"VITÓRIAS":1,"EMPATES":0,"DERROTAS":0,"APROVEITAMENTO_PCT":100.0,"GOLS_MARCADOS":6,"GOLS_SOFRIDOS":2,"NOMES_ALTERNATIVOS":[],"FONTES_JOGOS":["Meu Timão"],"LATITUDE":-23.5506507,"LONGITUDE":-46.6333824,"PRECISAO_COORDENADAS":"Município (estádio exato não identificado)","FONTE_COORDENADAS":"OpenStreetMap Nominatim (localidade aproximada)","URL_FONTE_COORDENADAS":"https://www.openstreetmap.org/relation/298285","ATRIBUICAO_COORDENADAS":"© OpenStreetMap contributors, ODbL 1.0","CAPACIDADE_FONTE":"Meu Timão","URL_FONTE_CAPACIDADE":"https://www.meutimao.com.br/estadio/cdc_maria_felizarda?genero=feminino","PAIS_ISO3":"BRA"},"geometry":{"type":"Point","coordinates":[-46.6333824,-23.5506507]}},{"type":"Feature","properties":{"ESTÁDIO":"CEFAN","CIDADE":null,"ESTADO":null,"PAÍS":"Brazil","CAPACIDADE":"1000","PRIMEIRA_PARTIDA":"FLAMENGO 1x1 CORINTHIANS","DATA_PRIMEIRA_PARTIDA":"2016-09-22","ANO_PRIMEIRA_PARTIDA":2016,"ADVERSARIO":"FLAMENGO","PLACAR":"1x1","COMPETICAO_PRIMEIRA_PARTIDA":"Copa do Brasil 2016","MANDO_PRIMEIRA_PARTIDA":"Não","FONTE_PRIMEIRA_PARTIDA":"https://www.meutimao.com.br/jogo/4694/copa-do-brasil-2016/quartas_de_final/flamengo-1-x-1-corinthians","TOTAL_JOGOS":2,"VITÓRIAS":1,"EMPATES":1,"DERROTAS":0,"APROVEITAMENTO_PCT":66.7,"GOLS_MARCADOS":2,"GOLS_SOFRIDOS":1,"NOMES_ALTERNATIVOS":[],"FONTES_JOGOS":["Meu Timão"],"LATITUDE":-22.9110137,"LONGITUDE":-43.2093727,"PRECISAO_COORDENADAS":"Município (estádio exato não identificado)","FONTE_COORDENADAS":"OpenStreetMap Nominatim (localidade aproximada)","URL_FONTE_COORDENADAS":"https://www.openstreetmap.org/relation/2697338","ATRIBUICAO_COORDENADAS":"© OpenStreetMap contributors, ODbL 1.0","CAPACIDADE_FONTE":"Meu Timão","URL_FONTE_CAPACIDADE":"https://www.meutimao.com.br/estadio/cefan?genero=feminino","PAIS_ISO3":"BRA","FONTE_CORRECAO_PAIS":"https://data.geocode.earth/wof/dist/legacy/whosonfirst-data-country-latest.tar.bz2"},"geometry":{"type":"Point","coordinates":[-43.2093727,-22.9110137]}},{"type":"Feature","properties":{"ESTÁDIO":"CENTRO DE ALTO RENDIMIENTO DE FÚTBOL FEMININO - CARFEM","CIDADE":"YPANÉ","ESTADO":"DEPARTAMENTO CENTRAL","PAÍS":"PARAGUAI","CAPACIDADE":"1000","PRIMEIRA_PARTIDA":null,"DATA_PRIMEIRA_PARTIDA":null,"ANO_PRIMEIRA_PARTIDA":null,"ADVERSARIO":null,"PLACAR":null,"COMPETICAO_PRIMEIRA_PARTIDA":null,"MANDO_PRIMEIRA_PARTIDA":null,"FONTE_PRIMEIRA_PARTIDA":null,"TOTAL_JOGOS":0,"VITÓRIAS":0,"EMPATES":0,"DERROTAS":0,"APROVEITAMENTO_PCT":0,"GOLS_MARCADOS":0,"GOLS_SOFRIDOS":0,"NOMES_ALTERNATIVOS":[],"FONTES_JOGOS":[],"LATITUDE":-25.47101951316703,"LONGITUDE":-57.49956104369918,"PAIS_ISO3":"PRY"},"geometry":{"type":"Point","coordinates":[-57.49956104369918,-25.47101951316703]}},{"type":"Feature","properties":{"ESTÁDIO":"CENTRO DE ALTO RENDIMIENTO INDEPENDIENTE DEL VALLE","CIDADE":"QUITO","ESTADO":"PICHINCHA","PAÍS":"EQUADOR","CAPACIDADE":"DESCONHECIDA","PRIMEIRA_PARTIDA":null,"DATA_PRIMEIRA_PARTIDA":null,"ANO_PRIMEIRA_PARTIDA":null,"ADVERSARIO":null,"PLACAR":null,"COMPETICAO_PRIMEIRA_PARTIDA":null,"MANDO_PRIMEIRA_PARTIDA":null,"FONTE_PRIMEIRA_PARTIDA":null,"TOTAL_JOGOS":0,"VITÓRIAS":0,"EMPATES":0,"DERROTAS":0,"APROVEITAMENTO_PCT":0,"GOLS_MARCADOS":0,"GOLS_SOFRIDOS":0,"NOMES_ALTERNATIVOS":[],"FONTES_JOGOS":[],"LATITUDE":-0.345390436048672,"LONGITUDE":-78.46804793194167,"PAIS_ISO3":"ECU"},"geometry":{"type":"Point","coordinates":[-78.46804793194167,-0.345390436048672]}},{"type":"Feature","properties":{"ESTÁDIO":"CENTRO DE EDUCAÇÃO FÍSICA ALMIRANTE ADALBERTO NUNES - CEFAN","CIDADE":"RIO DE JANEIRO ","ESTADO":"RIO DE JANEIRO","PAÍS":"BRASIL","CAPACIDADE":"1000","PRIMEIRA_PARTIDA":null,"DATA_PRIMEIRA_PARTIDA":null,"ANO_PRIMEIRA_PARTIDA":null,"ADVERSARIO":null,"PLACAR":null,"COMPETICAO_PRIMEIRA_PARTIDA":null,"MANDO_PRIMEIRA_PARTIDA":null,"FONTE_PRIMEIRA_PARTIDA":null,"TOTAL_JOGOS":0,"VITÓRIAS":0,"EMPATES":0,"DERROTAS":0,"APROVEITAMENTO_PCT":0,"GOLS_MARCADOS":0,"GOLS_SOFRIDOS":0,"NOMES_ALTERNATIVOS":[],"FONTES_JOGOS":[],"LATITUDE":-22.832520685914712,"LONGITUDE":-43.26354127817607,"PAIS_ISO3":"BRA"},"geometry":{"type":"Point","coordinates":[-43.26354127817607,-22.832520685914712]}},{"type":"Feature","properties":{"ESTÁDIO":"CENTRO DE FORMAÇÃO DE ATLETAS LAUDO NATEL (CT DE COTIA)","CIDADE":"COTIA ","ESTADO":"SÃO PAULO","PAÍS":"BRASIL","CAPACIDADE":"1500","PRIMEIRA_PARTIDA":"SÃO PAULO 2x0 CORINTHIANS","DATA_PRIMEIRA_PARTIDA":"2020-02-29","ANO_PRIMEIRA_PARTIDA":2020,"ADVERSARIO":"SÃO PAULO","PLACAR":"2x0","COMPETICAO_PRIMEIRA_PARTIDA":"Brasileiro Feminino 2020","MANDO_PRIMEIRA_PARTIDA":"Não","FONTE_PRIMEIRA_PARTIDA":"https://www.meutimao.com.br/jogo/1437/brasileiro-feminino-2020/sao_paulo-2-x-0-corinthians","TOTAL_JOGOS":1,"VITÓRIAS":0,"EMPATES":0,"DERROTAS":1,"APROVEITAMENTO_PCT":0.0,"GOLS_MARCADOS":0,"GOLS_SOFRIDOS":2,"NOMES_ALTERNATIVOS":[],"FONTES_JOGOS":["Meu Timão"],"LATITUDE":-23.62136838904537,"LONGITUDE":-46.91370263084598,"PAIS_ISO3":"BRA"},"geometry":{"type":"Point","coordinates":[-46.91370263084598,-23.62136838904537]}},{"type":"Feature","properties":{"ESTÁDIO":"CENTRO DE INTEGRAÇÃO COMUNITÁRIO WALTER RIBEIRO","CIDADE":"SOROCABA ","ESTADO":"SÃO PAULO","PAÍS":"BRASIL","CAPACIDADE":"13772","PRIMEIRA_PARTIDA":"SOROCABANA 1x7 CORINTHIANS","DATA_PRIMEIRA_PARTIDA":"2008-09-06","ANO_PRIMEIRA_PARTIDA":2008,"ADVERSARIO":"SOROCABANA","PLACAR":"1x7","COMPETICAO_PRIMEIRA_PARTIDA":"CAMPEONATO PAULISTA / FPF","MANDO_PRIMEIRA_PARTIDA":"Não","FONTE_PRIMEIRA_PARTIDA":null,"TOTAL_JOGOS":2,"VITÓRIAS":2,"EMPATES":0,"DERROTAS":0,"APROVEITAMENTO_PCT":100.0,"GOLS_MARCADOS":10,"GOLS_SOFRIDOS":1,"NOMES_ALTERNATIVOS":[],"FONTES_JOGOS":["Daniel Keppler"],"LATITUDE":-23.490105968118197,"LONGITUDE":-47.44804377173344,"PAIS_ISO3":"BRA"},"geometry":{"type":"Point","coordinates":[-47.44804377173344,-23.490105968118197]}},{"type":"Feature","properties":{"ESTÁDIO":"CENTRO DE TREINAMENTO DA PORTUGUESA","CIDADE":"SÃO PAULO ","ESTADO":"SÃO PAULO","PAÍS":"BRASIL","CAPACIDADE":"1000","PRIMEIRA_PARTIDA":null,"DATA_PRIMEIRA_PARTIDA":null,"ANO_PRIMEIRA_PARTIDA":null,"ADVERSARIO":null,"PLACAR":null,"COMPETICAO_PRIMEIRA_PARTIDA":null,"MANDO_PRIMEIRA_PARTIDA":null,"FONTE_PRIMEIRA_PARTIDA":null,"TOTAL_JOGOS":0,"VITÓRIAS":0,"EMPATES":0,"DERROTAS":0,"APROVEITAMENTO_PCT":0,"GOLS_MARCADOS":0,"GOLS_SOFRIDOS":0,"NOMES_ALTERNATIVOS":[],"FONTES_JOGOS":[],"LATITUDE":-23.493357315760246,"LONGITUDE":-46.51444597999775,"PAIS_ISO3":"BRA"},"geometry":{"type":"Point","coordinates":[-46.51444597999775,-23.493357315760246]}},{"type":"Feature","properties":{"ESTÁDIO":"CENTRO DE TREINAMENTO DARTANHÃ","CIDADE":"GUARAREMA","ESTADO":"SÃO PAULO","PAÍS":"BRASIL","CAPACIDADE":"DESCONHECIDA","PRIMEIRA_PARTIDA":null,"DATA_PRIMEIRA_PARTIDA":null,"ANO_PRIMEIRA_PARTIDA":null,"ADVERSARIO":null,"PLACAR":null,"COMPETICAO_PRIMEIRA_PARTIDA":null,"MANDO_PRIMEIRA_PARTIDA":null,"FONTE_PRIMEIRA_PARTIDA":null,"TOTAL_JOGOS":0,"VITÓRIAS":0,"EMPATES":0,"DERROTAS":0,"APROVEITAMENTO_PCT":0,"GOLS_MARCADOS":0,"GOLS_SOFRIDOS":0,"NOMES_ALTERNATIVOS":[],"FONTES_JOGOS":[],"LATITUDE":-23.414227998270004,"LONGITUDE":-46.02247563397829,"PAIS_ISO3":"BRA"},"geometry":{"type":"Point","coordinates":[-46.02247563397829,-23.414227998270004]}},{"type":"Feature","properties":{"ESTÁDIO":"CENTRO DE TREINAMENTO DAS CATEGORIAS DE BASE DO CORINTHIANS","CIDADE":"SÃO PAULO ","ESTADO":"SÃO PAULO","PAÍS":"BRASIL","CAPACIDADE":"CONFERIR","PRIMEIRA_PARTIDA":null,"DATA_PRIMEIRA_PARTIDA":null,"ANO_PRIMEIRA_PARTIDA":null,"ADVERSARIO":null,"PLACAR":null,"COMPETICAO_PRIMEIRA_PARTIDA":null,"MANDO_PRIMEIRA_PARTIDA":null,"FONTE_PRIMEIRA_PARTIDA":null,"TOTAL_JOGOS":0,"VITÓRIAS":0,"EMPATES":0,"DERROTAS":0,"APROVEITAMENTO_PCT":0,"GOLS_MARCADOS":0,"GOLS_SOFRIDOS":0,"NOMES_ALTERNATIVOS":[],"FONTES_JOGOS":[],"LATITUDE":-23.493701238558412,"LONGITUDE":-46.51148814299263,"PAIS_ISO3":"BRA"},"geometry":{"type":"Point","coordinates":[-46.51148814299263,-23.493701238558412]}},{"type":"Feature","properties":{"ESTÁDIO":"CENTRO DE TREINAMENTO DOUTOR JOAQUIM GRAVA","CIDADE":"SÃO PAULO ","ESTADO":"SÃO PAULO","PAÍS":"BRASIL","CAPACIDADE":"0.0","PRIMEIRA_PARTIDA":"CORINTHIANS 3x1 SÃO JOSÉ","DATA_PRIMEIRA_PARTIDA":"2008-08-30","ANO_PRIMEIRA_PARTIDA":2008,"ADVERSARIO":"SÃO JOSÉ","PLACAR":"3x1","COMPETICAO_PRIMEIRA_PARTIDA":"CAMPEONATO PAULISTA / FPF","MANDO_PRIMEIRA_PARTIDA":"Sim","FONTE_PRIMEIRA_PARTIDA":null,"TOTAL_JOGOS":16,"VITÓRIAS":8,"EMPATES":3,"DERROTAS":4,"APROVEITAMENTO_PCT":60.0,"GOLS_MARCADOS":36,"GOLS_SOFRIDOS":19,"NOMES_ALTERNATIVOS":[],"FONTES_JOGOS":["Daniel Keppler"],"LATITUDE":-23.489299036314396,"LONGITUDE":-46.50748810961753,"PAIS_ISO3":"BRA"},"geometry":{"type":"Point","coordinates":[-46.50748810961753,-23.489299036314396]}},{"type":"Feature","properties":{"ESTÁDIO":"CENTRO DE TREINAMENTO REI PELÉ","CIDADE":"SANTOS ","ESTADO":"SÃO PAULO","PAÍS":"BRASIL","CAPACIDADE":"0.0","PRIMEIRA_PARTIDA":null,"DATA_PRIMEIRA_PARTIDA":null,"ANO_PRIMEIRA_PARTIDA":null,"ADVERSARIO":null,"PLACAR":null,"COMPETICAO_PRIMEIRA_PARTIDA":null,"MANDO_PRIMEIRA_PARTIDA":null,"FONTE_PRIMEIRA_PARTIDA":null,"TOTAL_JOGOS":0,"VITÓRIAS":0,"EMPATES":0,"DERROTAS":0,"APROVEITAMENTO_PCT":0,"GOLS_MARCADOS":0,"GOLS_SOFRIDOS":0,"NOMES_ALTERNATIVOS":[],"FONTES_JOGOS":[],"LATITUDE":-23.94239697853142,"LONGITUDE":-46.33861992415676,"PAIS_ISO3":"BRA"},"geometry":{"type":"Point","coordinates":[-46.33861992415676,-23.94239697853142]}},{"type":"Feature","properties":{"ESTÁDIO":"CENTRO ESPORTIVO DOUTOR ROMÃO DE SOUZA","CIDADE":"JUNDIAÍ ","ESTADO":"SÃO PAULO","PAÍS":"BRASIL","CAPACIDADE":"100","PRIMEIRA_PARTIDA":"PAULISTA 2x7 CORINTHIANS","DATA_PRIMEIRA_PARTIDA":"2008-06-21","ANO_PRIMEIRA_PARTIDA":2008,"ADVERSARIO":"PAULISTA","PLACAR":"2x7","COMPETICAO_PRIMEIRA_PARTIDA":"CAMPEONATO PAULISTA / FPF","MANDO_PRIMEIRA_PARTIDA":"Não","FONTE_PRIMEIRA_PARTIDA":null,"TOTAL_JOGOS":1,"VITÓRIAS":1,"EMPATES":0,"DERROTAS":0,"APROVEITAMENTO_PCT":100.0,"GOLS_MARCADOS":7,"GOLS_SOFRIDOS":2,"NOMES_ALTERNATIVOS":[],"FONTES_JOGOS":["Daniel Keppler"],"LATITUDE":-23.183980030526858,"LONGITUDE":-46.85516624577513,"PAIS_ISO3":"BRA"},"geometry":{"type":"Point","coordinates":[-46.85516624577513,-23.183980030526858]}},{"type":"Feature","properties":{"ESTÁDIO":"CENTRO ESPORTIVO E RECREATIVO JOSÉ HUMBERTO DIAS (CAMPO CANUDOS)","CIDADE":"VINHEDO ","ESTADO":"SÃO PAULO","PAÍS":"BRASIL","CAPACIDADE":"DESCONHECIDO","PRIMEIRA_PARTIDA":null,"DATA_PRIMEIRA_PARTIDA":null,"ANO_PRIMEIRA_PARTIDA":null,"ADVERSARIO":null,"PLACAR":null,"COMPETICAO_PRIMEIRA_PARTIDA":null,"MANDO_PRIMEIRA_PARTIDA":null,"FONTE_PRIMEIRA_PARTIDA":null,"TOTAL_JOGOS":0,"VITÓRIAS":0,"EMPATES":0,"DERROTAS":0,"APROVEITAMENTO_PCT":0,"GOLS_MARCADOS":0,"GOLS_SOFRIDOS":0,"NOMES_ALTERNATIVOS":[],"FONTES_JOGOS":[],"LATITUDE":-23.024735987454054,"LONGITUDE":-46.97786327357998,"PAIS_ISO3":"BRA"},"geometry":{"type":"Point","coordinates":[-46.97786327357998,-23.024735987454054]}},{"type":"Feature","properties":{"ESTÁDIO":"CENTRO ESPORTIVO RYUSO OGAWA (VILA GUARANI)","CIDADE":"SÃO PAULO ","ESTADO":"SÃO PAULO","PAÍS":"BRASIL","CAPACIDADE":"1500","PRIMEIRA_PARTIDA":null,"DATA_PRIMEIRA_PARTIDA":null,"ANO_PRIMEIRA_PARTIDA":null,"ADVERSARIO":null,"PLACAR":null,"COMPETICAO_PRIMEIRA_PARTIDA":null,"MANDO_PRIMEIRA_PARTIDA":null,"FONTE_PRIMEIRA_PARTIDA":null,"TOTAL_JOGOS":0,"VITÓRIAS":0,"EMPATES":0,"DERROTAS":0,"APROVEITAMENTO_PCT":0,"GOLS_MARCADOS":0,"GOLS_SOFRIDOS":0,"NOMES_ALTERNATIVOS":[],"FONTES_JOGOS":[],"LATITUDE":-23.641092318256526,"LONGITUDE":-46.63905934488527,"PAIS_ISO3":"BRA"},"geometry":{"type":"Point","coordinates":[-46.63905934488527,-23.641092318256526]}},{"type":"Feature","properties":{"ESTÁDIO":"CIRO MACHADO DO ESPÍRITO SANTO (DEFELÊ)","CIDADE":"BRASÍLIA","ESTADO":"DISTRITO FEDERAL","PAÍS":"BRASIL","CAPACIDADE":"6875","PRIMEIRA_PARTIDA":"REAL BRASÍLIA 0x0 CORINTHIANS","DATA_PRIMEIRA_PARTIDA":"2023-04-02","ANO_PRIMEIRA_PARTIDA":2023,"ADVERSARIO":"REAL BRASÍLIA","PLACAR":"0x0","COMPETICAO_PRIMEIRA_PARTIDA":"Brasileiro Feminino 2023","MANDO_PRIMEIRA_PARTIDA":"Não","FONTE_PRIMEIRA_PARTIDA":"https://www.meutimao.com.br/jogo/7611/brasileiro-feminino-2023/real_brasilia-0-x-0-corinthians","TOTAL_JOGOS":1,"VITÓRIAS":0,"EMPATES":1,"DERROTAS":0,"APROVEITAMENTO_PCT":33.3,"GOLS_MARCADOS":0,"GOLS_SOFRIDOS":0,"NOMES_ALTERNATIVOS":[],"FONTES_JOGOS":["Meu Timão"],"LATITUDE":-15.790862358451054,"LONGITUDE":-47.85364308666135,"PAIS_ISO3":"BRA"},"geometry":{"type":"Point","coordinates":[-47.85364308666135,-15.790862358451054]}},{"type":"Feature","properties":{"ESTÁDIO":"CLUB ATLÉTICO ACADEMIA DEPORTIVA","CIDADE":"ROSÁRIO","ESTADO":"SANTA FE","PAÍS":"ARGENTINA","CAPACIDADE":"DESCONHECIDA","PRIMEIRA_PARTIDA":null,"DATA_PRIMEIRA_PARTIDA":null,"ANO_PRIMEIRA_PARTIDA":null,"ADVERSARIO":null,"PLACAR":null,"COMPETICAO_PRIMEIRA_PARTIDA":null,"MANDO_PRIMEIRA_PARTIDA":null,"FONTE_PRIMEIRA_PARTIDA":null,"TOTAL_JOGOS":0,"VITÓRIAS":0,"EMPATES":0,"DERROTAS":0,"APROVEITAMENTO_PCT":0,"GOLS_MARCADOS":0,"GOLS_SOFRIDOS":0,"NOMES_ALTERNATIVOS":[],"FONTES_JOGOS":[],"LATITUDE":-32.850463678761685,"LONGITUDE":-60.71460878329617,"PAIS_ISO3":"ARG"},"geometry":{"type":"Point","coordinates":[-60.71460878329617,-32.850463678761685]}},{"type":"Feature","properties":{"ESTÁDIO":"CLUBE DA COMUNIDADE MARIA FELIZARDA","CIDADE":"SÃO PAULO ","ESTADO":"SÃO PAULO","PAÍS":"BRASIL","CAPACIDADE":"0.0","PRIMEIRA_PARTIDA":null,"DATA_PRIMEIRA_PARTIDA":null,"ANO_PRIMEIRA_PARTIDA":null,"ADVERSARIO":null,"PLACAR":null,"COMPETICAO_PRIMEIRA_PARTIDA":null,"MANDO_PRIMEIRA_PARTIDA":null,"FONTE_PRIMEIRA_PARTIDA":null,"TOTAL_JOGOS":0,"VITÓRIAS":0,"EMPATES":0,"DERROTAS":0,"APROVEITAMENTO_PCT":0,"GOLS_MARCADOS":0,"GOLS_SOFRIDOS":0,"NOMES_ALTERNATIVOS":[],"FONTES_JOGOS":[],"LATITUDE":-23.671594321186312,"LONGITUDE":-46.69436927173345,"PAIS_ISO3":"BRA"},"geometry":{"type":"Point","coordinates":[-46.69436927173345,-23.671594321186312]}},{"type":"Feature","properties":{"ESTÁDIO":"CLUBE ESPORTIVO RECREATIVO ARTHUR GARBELOTTO (FUNDAÇÃO)","CIDADE":"SÃO CAETANO DO SUL","ESTADO":"SÃO PAULO","PAÍS":"BRASIL","CAPACIDADE":"1000","PRIMEIRA_PARTIDA":"JUNDIAÍ 0x9 CORINTHIANS","DATA_PRIMEIRA_PARTIDA":"2009-10-08","ANO_PRIMEIRA_PARTIDA":2009,"ADVERSARIO":"JUNDIAÍ","PLACAR":"0x9","COMPETICAO_PRIMEIRA_PARTIDA":"JOGOS ABERTOS DO INTERIOR","MANDO_PRIMEIRA_PARTIDA":"Neutro","FONTE_PRIMEIRA_PARTIDA":null,"TOTAL_JOGOS":2,"VITÓRIAS":2,"EMPATES":0,"DERROTAS":0,"APROVEITAMENTO_PCT":100.0,"GOLS_MARCADOS":13,"GOLS_SOFRIDOS":0,"NOMES_ALTERNATIVOS":[],"FONTES_JOGOS":["Daniel Keppler"],"LATITUDE":-23.604037641997845,"LONGITUDE":-46.57096888610201,"PAIS_ISO3":"BRA"},"geometry":{"type":"Point","coordinates":[-46.57096888610201,-23.604037641997845]}},{"type":"Feature","properties":{"ESTÁDIO":"COMENDADOR AGOSTINHO PRADA (PRADÃO)","CIDADE":"LIMEIRA ","ESTADO":"SÃO PAULO","PAÍS":"BRASIL","CAPACIDADE":"9483","PRIMEIRA_PARTIDA":"INDEPENDENTE DE LIMEIRA 0x13 CORINTHIANS","DATA_PRIMEIRA_PARTIDA":"2016-06-19","ANO_PRIMEIRA_PARTIDA":2016,"ADVERSARIO":"INDEPENDENTE DE LIMEIRA","PLACAR":"0x13","COMPETICAO_PRIMEIRA_PARTIDA":"Paulista 2016","MANDO_PRIMEIRA_PARTIDA":"Não","FONTE_PRIMEIRA_PARTIDA":"https://www.meutimao.com.br/jogo/4719/paulista-2016/independente_de_limeira-0-x-13-corinthians","TOTAL_JOGOS":1,"VITÓRIAS":1,"EMPATES":0,"DERROTAS":0,"APROVEITAMENTO_PCT":100.0,"GOLS_MARCADOS":13,"GOLS_SOFRIDOS":0,"NOMES_ALTERNATIVOS":[],"FONTES_JOGOS":["Meu Timão"],"LATITUDE":-22.574173643057147,"LONGITUDE":-47.41149330943577,"PAIS_ISO3":"BRA"},"geometry":{"type":"Point","coordinates":[-47.41149330943577,-22.574173643057147]}},{"type":"Feature","properties":{"ESTÁDIO":"COMENDADOR ROBERTO UGOLINI","CIDADE":"SÃO PAULO ","ESTADO":"SÃO PAULO","PAÍS":"BRASIL","CAPACIDADE":"≅ 500","PRIMEIRA_PARTIDA":"ITUPEVA 0x1 CORINTHIANS","DATA_PRIMEIRA_PARTIDA":"2015-10-20","ANO_PRIMEIRA_PARTIDA":2015,"ADVERSARIO":"ITUPEVA","PLACAR":"0x1","COMPETICAO_PRIMEIRA_PARTIDA":"CAMPEONATO PAULISTA / LINAF","MANDO_PRIMEIRA_PARTIDA":"Não","FONTE_PRIMEIRA_PARTIDA":null,"TOTAL_JOGOS":1,"VITÓRIAS":1,"EMPATES":0,"DERROTAS":0,"APROVEITAMENTO_PCT":100.0,"GOLS_MARCADOS":1,"GOLS_SOFRIDOS":0,"NOMES_ALTERNATIVOS":[],"FONTES_JOGOS":["Daniel Keppler"],"LATITUDE":-23.572754480935235,"LONGITUDE":-46.585758962708056,"PAIS_ISO3":"BRA"},"geometry":{"type":"Point","coordinates":[-46.585758962708056,-23.572754480935235]}},{"type":"Feature","properties":{"ESTÁDIO":"COMPLEXO ESPORTIVO VILA PORTO","CIDADE":"BARUERI ","ESTADO":"SÃO PAULO","PAÍS":"BRASIL","CAPACIDADE":"0.0","PRIMEIRA_PARTIDA":null,"DATA_PRIMEIRA_PARTIDA":null,"ANO_PRIMEIRA_PARTIDA":null,"ADVERSARIO":null,"PLACAR":null,"COMPETICAO_PRIMEIRA_PARTIDA":null,"MANDO_PRIMEIRA_PARTIDA":null,"FONTE_PRIMEIRA_PARTIDA":null,"TOTAL_JOGOS":0,"VITÓRIAS":0,"EMPATES":0,"DERROTAS":0,"APROVEITAMENTO_PCT":0,"GOLS_MARCADOS":0,"GOLS_SOFRIDOS":0,"NOMES_ALTERNATIVOS":[],"FONTES_JOGOS":[],"LATITUDE":-23.49828194687862,"LONGITUDE":-46.87185330508753,"PAIS_ISO3":"BRA"},"geometry":{"type":"Point","coordinates":[-46.87185330508753,-23.49828194687862]}},{"type":"Feature","properties":{"ESTÁDIO":"CONDE RODOLFO CRESPI (RUA JAVARI)","CIDADE":"SÃO PAULO ","ESTADO":"SÃO PAULO","PAÍS":"BRASIL","CAPACIDADE":"3800","PRIMEIRA_PARTIDA":"JUVENTUS 0x1 CORINTHIANS","DATA_PRIMEIRA_PARTIDA":"2008-04-26","ANO_PRIMEIRA_PARTIDA":2008,"ADVERSARIO":"JUVENTUS","PLACAR":"0x1","COMPETICAO_PRIMEIRA_PARTIDA":"CAMPEONATO PAULISTA / FPF","MANDO_PRIMEIRA_PARTIDA":"Não","FONTE_PRIMEIRA_PARTIDA":null,"TOTAL_JOGOS":4,"VITÓRIAS":3,"EMPATES":1,"DERROTAS":0,"APROVEITAMENTO_PCT":83.3,"GOLS_MARCADOS":11,"GOLS_SOFRIDOS":4,"NOMES_ALTERNATIVOS":[],"FONTES_JOGOS":["Daniel Keppler"],"LATITUDE":-23.552485627232432,"LONGITUDE":-46.601420574225386,"PAIS_ISO3":"BRA"},"geometry":{"type":"Point","coordinates":[-46.601420574225386,-23.552485627232432]}},{"type":"Feature","properties":{"ESTÁDIO":"CPKC","CIDADE":null,"ESTADO":null,"PAÍS":"United States","CAPACIDADE":"11500","PRIMEIRA_PARTIDA":"CORINTHIANS 1x0 CHICAGO STARS","DATA_PRIMEIRA_PARTIDA":"2025-07-12","ANO_PRIMEIRA_PARTIDA":2025,"ADVERSARIO":"CHICAGO STARS","PLACAR":"1x0","COMPETICAO_PRIMEIRA_PARTIDA":"Teal Rising Cup 2025","MANDO_PRIMEIRA_PARTIDA":"Sim","FONTE_PRIMEIRA_PARTIDA":"https://www.meutimao.com.br/jogo/8647/teal-rising-cup-2025/amistoso/corinthians-1-x-0-chicago_stars","TOTAL_JOGOS":4,"VITÓRIAS":2,"EMPATES":0,"DERROTAS":2,"APROVEITAMENTO_PCT":50.0,"GOLS_MARCADOS":11,"GOLS_SOFRIDOS":4,"NOMES_ALTERNATIVOS":[],"FONTES_JOGOS":["Meu Timão"],"LATITUDE":39.1193789,"LONGITUDE":-94.5665908,"PRECISAO_COORDENADAS":"Estádio identificado","FONTE_COORDENADAS":"OpenStreetMap Nominatim","URL_FONTE_COORDENADAS":"https://www.openstreetmap.org/way/1351897821","ATRIBUICAO_COORDENADAS":"© OpenStreetMap contributors, ODbL 1.0","CAPACIDADE_FONTE":"Meu Timão","URL_FONTE_CAPACIDADE":"https://www.meutimao.com.br/estadio/cpkc?genero=feminino","PAIS_ISO3":"USA","FONTE_CORRECAO_PAIS":"https://data.geocode.earth/wof/dist/legacy/whosonfirst-data-country-latest.tar.bz2"},"geometry":{"type":"Point","coordinates":[-94.5665908,39.1193789]}},{"type":"Feature","properties":{"ESTÁDIO":"CPKC Stadium","CIDADE":"KANSAS CITY","ESTADO":"MISSOURI","PAÍS":"EUA","CAPACIDADE":"11500","PRIMEIRA_PARTIDA":null,"DATA_PRIMEIRA_PARTIDA":null,"ANO_PRIMEIRA_PARTIDA":null,"ADVERSARIO":null,"PLACAR":null,"COMPETICAO_PRIMEIRA_PARTIDA":null,"MANDO_PRIMEIRA_PARTIDA":null,"FONTE_PRIMEIRA_PARTIDA":null,"TOTAL_JOGOS":0,"VITÓRIAS":0,"EMPATES":0,"DERROTAS":0,"APROVEITAMENTO_PCT":0,"GOLS_MARCADOS":0,"GOLS_SOFRIDOS":0,"NOMES_ALTERNATIVOS":[],"FONTES_JOGOS":[],"LATITUDE":39.1193789,"LONGITUDE":-94.5665908,"PRECISAO_COORDENADAS":"Estádio identificado","FONTE_COORDENADAS":"OpenStreetMap Nominatim","URL_FONTE_COORDENADAS":"https://www.openstreetmap.org/way/1351897821","ATRIBUICAO_COORDENADAS":"© OpenStreetMap contributors, ODbL 1.0","PAIS_ISO3":"USA"},"geometry":{"type":"Point","coordinates":[-94.5665908,39.1193789]}},{"type":"Feature","properties":{"ESTÁDIO":"CT Vila Porto","CIDADE":null,"ESTADO":null,"PAÍS":"Brazil","CAPACIDADE":"500","PRIMEIRA_PARTIDA":"CORINTHIANS 3x0 PORTUGUESA","DATA_PRIMEIRA_PARTIDA":"2017-05-14","ANO_PRIMEIRA_PARTIDA":2017,"ADVERSARIO":"PORTUGUESA","PLACAR":"3x0","COMPETICAO_PRIMEIRA_PARTIDA":"Paulista Feminino 2017","MANDO_PRIMEIRA_PARTIDA":"Sim","FONTE_PRIMEIRA_PARTIDA":"https://www.meutimao.com.br/jogo/5320/paulista-feminino-2017/corinthians-3-x-0-portuguesa","TOTAL_JOGOS":1,"VITÓRIAS":1,"EMPATES":0,"DERROTAS":0,"APROVEITAMENTO_PCT":100.0,"GOLS_MARCADOS":3,"GOLS_SOFRIDOS":0,"NOMES_ALTERNATIVOS":[],"FONTES_JOGOS":["Meu Timão"],"LATITUDE":-23.5112184,"LONGITUDE":-46.8764612,"PRECISAO_COORDENADAS":"Município (estádio exato não identificado)","FONTE_COORDENADAS":"OpenStreetMap Nominatim (localidade aproximada)","URL_FONTE_COORDENADAS":"https://www.openstreetmap.org/relation/298021","ATRIBUICAO_COORDENADAS":"© OpenStreetMap contributors, ODbL 1.0","CAPACIDADE_FONTE":"Meu Timão","URL_FONTE_CAPACIDADE":"https://www.meutimao.com.br/estadio/ct_vila_porto?genero=feminino","PAIS_ISO3":"BRA","FONTE_CORRECAO_PAIS":"https://data.geocode.earth/wof/dist/legacy/whosonfirst-data-country-latest.tar.bz2"},"geometry":{"type":"Point","coordinates":[-46.8764612,-23.5112184]}},{"type":"Feature","properties":{"ESTÁDIO":"CT da Portuguesa","CIDADE":null,"ESTADO":null,"PAÍS":"Brazil","CAPACIDADE":"1000","PRIMEIRA_PARTIDA":"PORTUGUESA 1x3 CORINTHIANS","DATA_PRIMEIRA_PARTIDA":"2017-06-25","ANO_PRIMEIRA_PARTIDA":2017,"ADVERSARIO":"PORTUGUESA","PLACAR":"1x3","COMPETICAO_PRIMEIRA_PARTIDA":"Paulista Feminino 2017","MANDO_PRIMEIRA_PARTIDA":"Não","FONTE_PRIMEIRA_PARTIDA":"https://www.meutimao.com.br/jogo/5327/paulista-feminino-2017/portuguesa-1-x-3-corinthians","TOTAL_JOGOS":1,"VITÓRIAS":1,"EMPATES":0,"DERROTAS":0,"APROVEITAMENTO_PCT":100.0,"GOLS_MARCADOS":3,"GOLS_SOFRIDOS":1,"NOMES_ALTERNATIVOS":[],"FONTES_JOGOS":["Meu Timão"],"LATITUDE":-23.5506507,"LONGITUDE":-46.6333824,"PRECISAO_COORDENADAS":"Município (estádio exato não identificado)","FONTE_COORDENADAS":"OpenStreetMap Nominatim (localidade aproximada)","URL_FONTE_COORDENADAS":"https://www.openstreetmap.org/relation/298285","ATRIBUICAO_COORDENADAS":"© OpenStreetMap contributors, ODbL 1.0","CAPACIDADE_FONTE":"Meu Timão","URL_FONTE_CAPACIDADE":"https://www.meutimao.com.br/estadio/ct_da_portuguesa?genero=feminino","PAIS_ISO3":"BRA","FONTE_CORRECAO_PAIS":"https://data.geocode.earth/wof/dist/legacy/whosonfirst-data-country-latest.tar.bz2"},"geometry":{"type":"Point","coordinates":[-46.6333824,-23.5506507]}},{"type":"Feature","properties":{"ESTÁDIO":"Campo do Flamengo","CIDADE":"Foz do Iguaçu","ESTADO":"Paraná","PAÍS":"Brasil","CAPACIDADE":"800","PRIMEIRA_PARTIDA":"FOZ-ATHLETICO 0x1 CORINTHIANS","DATA_PRIMEIRA_PARTIDA":"2019-07-10","ANO_PRIMEIRA_PARTIDA":2019,"ADVERSARIO":"FOZ-ATHLETICO","PLACAR":"0x1","COMPETICAO_PRIMEIRA_PARTIDA":"Brasileiro Feminino 2019","MANDO_PRIMEIRA_PARTIDA":"Não","FONTE_PRIMEIRA_PARTIDA":"https://www.meutimao.com.br/jogo/1268/brasileiro-feminino-2019/foz-athletico-0-x-1-corinthians","TOTAL_JOGOS":1,"VITÓRIAS":1,"EMPATES":0,"DERROTAS":0,"APROVEITAMENTO_PCT":100.0,"GOLS_MARCADOS":1,"GOLS_SOFRIDOS":0,"NOMES_ALTERNATIVOS":[],"FONTES_JOGOS":["Meu Timão"],"LATITUDE":-25.5304023,"LONGITUDE":-54.5830692,"PRECISAO_COORDENADAS":"Município (estádio exato não identificado)","FONTE_COORDENADAS":"OpenStreetMap Nominatim (localidade aproximada)","URL_FONTE_COORDENADAS":"https://www.openstreetmap.org/relation/297473","ATRIBUICAO_COORDENADAS":"© OpenStreetMap contributors, ODbL 1.0","CAPACIDADE_FONTE":"Meu Timão","URL_FONTE_CAPACIDADE":"https://www.meutimao.com.br/estadio/campo_do_flamengo?genero=feminino","PAIS_ISO3":"BRA"},"geometry":{"type":"Point","coordinates":[-54.5830692,-25.5304023]}},{"type":"Feature","properties":{"ESTÁDIO":"Campos Maia","CIDADE":null,"ESTADO":null,"PAÍS":"Brazil","CAPACIDADE":"15000","PRIMEIRA_PARTIDA":"RIO PRETO 2x0 CORINTHIANS","DATA_PRIMEIRA_PARTIDA":"2017-09-16","ANO_PRIMEIRA_PARTIDA":2017,"ADVERSARIO":"RIO PRETO","PLACAR":"2x0","COMPETICAO_PRIMEIRA_PARTIDA":"Paulista Feminino 2017","MANDO_PRIMEIRA_PARTIDA":"Não","FONTE_PRIMEIRA_PARTIDA":"https://www.meutimao.com.br/jogo/5335/paulista-feminino-2017/rio_preto-2-x-0-corinthians","TOTAL_JOGOS":1,"VITÓRIAS":0,"EMPATES":0,"DERROTAS":1,"APROVEITAMENTO_PCT":0.0,"GOLS_MARCADOS":0,"GOLS_SOFRIDOS":2,"NOMES_ALTERNATIVOS":[],"FONTES_JOGOS":["Meu Timão"],"LATITUDE":-20.8223716,"LONGITUDE":-49.5068916,"PRECISAO_COORDENADAS":"Estádio identificado","FONTE_COORDENADAS":"OpenStreetMap Nominatim","URL_FONTE_COORDENADAS":"https://www.openstreetmap.org/relation/9955043","ATRIBUICAO_COORDENADAS":"© OpenStreetMap contributors, ODbL 1.0","CAPACIDADE_FONTE":"Meu Timão","URL_FONTE_CAPACIDADE":"https://www.meutimao.com.br/estadio/campos_maia/","PAIS_ISO3":"BRA","FONTE_CORRECAO_PAIS":"https://data.geocode.earth/wof/dist/legacy/whosonfirst-data-country-latest.tar.bz2"},"geometry":{"type":"Point","coordinates":[-49.5068916,-20.8223716]}},{"type":"Feature","properties":{"ESTÁDIO":"Canindé","CIDADE":"SÃO PAULO ","ESTADO":"SÃO PAULO","PAÍS":"Brasil","CAPACIDADE":"21004","PRIMEIRA_PARTIDA":"PORTUGUESA 5x3 CORINTHIANS","DATA_PRIMEIRA_PARTIDA":"1998-05-15","ANO_PRIMEIRA_PARTIDA":1998,"ADVERSARIO":"PORTUGUESA","PLACAR":"5x3","COMPETICAO_PRIMEIRA_PARTIDA":"CAMPEONATO PAULISTA / FPF","MANDO_PRIMEIRA_PARTIDA":"Não","FONTE_PRIMEIRA_PARTIDA":null,"TOTAL_JOGOS":24,"VITÓRIAS":20,"EMPATES":1,"DERROTAS":3,"APROVEITAMENTO_PCT":84.7,"GOLS_MARCADOS":73,"GOLS_SOFRIDOS":18,"NOMES_ALTERNATIVOS":[],"FONTES_JOGOS":["Daniel Keppler","Meu Timão"],"LATITUDE":-23.520132719349128,"LONGITUDE":-46.618264502415194,"PAIS_ISO3":"BRA"},"geometry":{"type":"Point","coordinates":[-46.618264502415194,-23.520132719349128]}},{"type":"Feature","properties":{"ESTÁDIO":"Castor Cifuentes","CIDADE":null,"ESTADO":null,"PAÍS":"Brazil","CAPACIDADE":"15000","PRIMEIRA_PARTIDA":"CRUZEIRO 7x2 CORINTHIANS","DATA_PRIMEIRA_PARTIDA":"2024-08-17","ANO_PRIMEIRA_PARTIDA":2024,"ADVERSARIO":"CRUZEIRO","PLACAR":"7x2","COMPETICAO_PRIMEIRA_PARTIDA":"Brasileiro Feminino 2024","MANDO_PRIMEIRA_PARTIDA":"Não","FONTE_PRIMEIRA_PARTIDA":"https://www.meutimao.com.br/jogo/8040/brasileiro-feminino-2024/cruzeiro-7-x-2-corinthians","TOTAL_JOGOS":2,"VITÓRIAS":0,"EMPATES":1,"DERROTAS":1,"APROVEITAMENTO_PCT":16.7,"GOLS_MARCADOS":3,"GOLS_SOFRIDOS":8,"NOMES_ALTERNATIVOS":[],"FONTES_JOGOS":["Meu Timão"],"LATITUDE":-19.9875487,"LONGITUDE":-43.8447967,"PRECISAO_COORDENADAS":"Estádio identificado","FONTE_COORDENADAS":"OpenStreetMap Nominatim","URL_FONTE_COORDENADAS":"https://www.openstreetmap.org/relation/5709288","ATRIBUICAO_COORDENADAS":"© OpenStreetMap contributors, ODbL 1.0","CAPACIDADE_FONTE":"Meu Timão","URL_FONTE_CAPACIDADE":"https://www.meutimao.com.br/estadio/castor_cifuentes?genero=feminino","PAIS_ISO3":"BRA","FONTE_CORRECAO_PAIS":"https://data.geocode.earth/wof/dist/legacy/whosonfirst-data-country-latest.tar.bz2"},"geometry":{"type":"Point","coordinates":[-43.8447967,-19.9875487]}},{"type":"Feature","properties":{"ESTÁDIO":"CÍCERO DE SOUZA MARQUES","CIDADE":"BRAGANÇA PAULISTA","ESTADO":"SÃO PAULO","PAÍS":"BRASIL","CAPACIDADE":"12000","PRIMEIRA_PARTIDA":null,"DATA_PRIMEIRA_PARTIDA":null,"ANO_PRIMEIRA_PARTIDA":null,"ADVERSARIO":null,"PLACAR":null,"COMPETICAO_PRIMEIRA_PARTIDA":null,"MANDO_PRIMEIRA_PARTIDA":null,"FONTE_PRIMEIRA_PARTIDA":null,"TOTAL_JOGOS":0,"VITÓRIAS":0,"EMPATES":0,"DERROTAS":0,"APROVEITAMENTO_PCT":0,"GOLS_MARCADOS":0,"GOLS_SOFRIDOS":0,"NOMES_ALTERNATIVOS":[],"FONTES_JOGOS":[],"LATITUDE":-22.950756311294995,"LONGITUDE":-46.530956611408946,"PAIS_ISO3":"BRA"},"geometry":{"type":"Point","coordinates":[-46.530956611408946,-22.950756311294995]}},{"type":"Feature","properties":{"ESTÁDIO":"DARCY POZZA (MONTANHA DOS VINHEDOS)","CIDADE":"BENTO GONÇALVES","ESTADO":"RIO GRANDE DO SUL","PAÍS":"BRASIL","CAPACIDADE":"12859","PRIMEIRA_PARTIDA":null,"DATA_PRIMEIRA_PARTIDA":null,"ANO_PRIMEIRA_PARTIDA":null,"ADVERSARIO":null,"PLACAR":null,"COMPETICAO_PRIMEIRA_PARTIDA":null,"MANDO_PRIMEIRA_PARTIDA":null,"FONTE_PRIMEIRA_PARTIDA":null,"TOTAL_JOGOS":0,"VITÓRIAS":0,"EMPATES":0,"DERROTAS":0,"APROVEITAMENTO_PCT":0,"GOLS_MARCADOS":0,"GOLS_SOFRIDOS":0,"NOMES_ALTERNATIVOS":[],"FONTES_JOGOS":[],"LATITUDE":-29.153624171426525,"LONGITUDE":-51.53629737421197,"PAIS_ISO3":"BRA"},"geometry":{"type":"Point","coordinates":[-51.53629737421197,-29.153624171426525]}},{"type":"Feature","properties":{"ESTÁDIO":"DEFENSORES DEL CHACO","CIDADE":"ASSUNÇÃO","ESTADO":"DEPARTAMENTO CENTRAL","PAÍS":"PARAGUAI","CAPACIDADE":"42345","PRIMEIRA_PARTIDA":"CORINTHIANS 2x0 INDEPENDIENTE SANTA FE","DATA_PRIMEIRA_PARTIDA":"2024-10-19","ANO_PRIMEIRA_PARTIDA":2024,"ADVERSARIO":"INDEPENDIENTE SANTA FE","PLACAR":"2x0","COMPETICAO_PRIMEIRA_PARTIDA":"Libertadores Feminina 2024","MANDO_PRIMEIRA_PARTIDA":"Sim","FONTE_PRIMEIRA_PARTIDA":"https://www.meutimao.com.br/jogo/8355/libertadores-feminina-2024/final/corinthians-2-x-0-independiente_santa_fe","TOTAL_JOGOS":1,"VITÓRIAS":1,"EMPATES":0,"DERROTAS":0,"APROVEITAMENTO_PCT":100.0,"GOLS_MARCADOS":2,"GOLS_SOFRIDOS":0,"NOMES_ALTERNATIVOS":[],"FONTES_JOGOS":["Meu Timão"],"LATITUDE":-25.291906369779717,"LONGITUDE":-57.65681557623464,"PAIS_ISO3":"PRY"},"geometry":{"type":"Point","coordinates":[-57.65681557623464,-25.291906369779717]}},{"type":"Feature","properties":{"ESTÁDIO":"DJALMA BAÍA (MONSTRINHO)","CIDADE":"OURINHOS","ESTADO":"SÃO PAULO","PAÍS":"BRASIL","CAPACIDADE":"1800","PRIMEIRA_PARTIDA":"OURINHOS DENTAL / SEMESPOR 2x1 CORINTHIANS","DATA_PRIMEIRA_PARTIDA":"2015-11-14","ANO_PRIMEIRA_PARTIDA":2015,"ADVERSARIO":"OURINHOS DENTAL / SEMESPOR","PLACAR":"2x1","COMPETICAO_PRIMEIRA_PARTIDA":"CAMPEONATO PAULISTA / LINAF","MANDO_PRIMEIRA_PARTIDA":"Não","FONTE_PRIMEIRA_PARTIDA":null,"TOTAL_JOGOS":1,"VITÓRIAS":0,"EMPATES":0,"DERROTAS":1,"APROVEITAMENTO_PCT":0.0,"GOLS_MARCADOS":1,"GOLS_SOFRIDOS":2,"NOMES_ALTERNATIVOS":[],"FONTES_JOGOS":["Daniel Keppler"],"LATITUDE":-22.988937080606494,"LONGITUDE":-49.86396609643238,"PAIS_ISO3":"BRA"},"geometry":{"type":"Point","coordinates":[-49.86396609643238,-22.988937080606494]}},{"type":"Feature","properties":{"ESTÁDIO":"DOUTOR ACRÍSIO PAES CRUZ","CIDADE":"BOTUCATU ","ESTADO":"SÃO PAULO","PAÍS":"BRASIL","CAPACIDADE":"5000","PRIMEIRA_PARTIDA":"BOTUCATU 1x1 CORINTHIANS","DATA_PRIMEIRA_PARTIDA":"2008-10-12","ANO_PRIMEIRA_PARTIDA":2008,"ADVERSARIO":"BOTUCATU","PLACAR":"1x1","COMPETICAO_PRIMEIRA_PARTIDA":"CAMPEONATO PAULISTA / FPF","MANDO_PRIMEIRA_PARTIDA":"Não","FONTE_PRIMEIRA_PARTIDA":null,"TOTAL_JOGOS":5,"VITÓRIAS":1,"EMPATES":2,"DERROTAS":2,"APROVEITAMENTO_PCT":33.3,"GOLS_MARCADOS":7,"GOLS_SOFRIDOS":9,"NOMES_ALTERNATIVOS":[],"FONTES_JOGOS":["Daniel Keppler"],"LATITUDE":-22.876422785498754,"LONGITUDE":-48.44750208186738,"PAIS_ISO3":"BRA"},"geometry":{"type":"Point","coordinates":[-48.44750208186738,-22.876422785498754]}},{"type":"Feature","properties":{"ESTÁDIO":"DOUTOR ANTÔNIO PINHEIRO JÚNIOR","CIDADE":"PINDAMONHANGABA","ESTADO":"SÃO PAULO","PAÍS":"BRASIL","CAPACIDADE":"3000","PRIMEIRA_PARTIDA":"PINDA 1x5 CORINTHIANS","DATA_PRIMEIRA_PARTIDA":"2024-06-21","ANO_PRIMEIRA_PARTIDA":2024,"ADVERSARIO":"PINDA","PLACAR":"1x5","COMPETICAO_PRIMEIRA_PARTIDA":"Paulista Feminino 2024","MANDO_PRIMEIRA_PARTIDA":"Não","FONTE_PRIMEIRA_PARTIDA":"https://www.meutimao.com.br/jogo/8186/paulista-feminino-2024/pinda-1-x-5-corinthians","TOTAL_JOGOS":1,"VITÓRIAS":1,"EMPATES":0,"DERROTAS":0,"APROVEITAMENTO_PCT":100.0,"GOLS_MARCADOS":5,"GOLS_SOFRIDOS":1,"NOMES_ALTERNATIVOS":[],"FONTES_JOGOS":["Meu Timão"],"LATITUDE":-22.92173666600527,"LONGITUDE":-45.465904504141214,"PAIS_ISO3":"BRA"},"geometry":{"type":"Point","coordinates":[-45.465904504141214,-22.92173666600527]}},{"type":"Feature","properties":{"ESTÁDIO":"DOUTOR JAYME PINHEIRO DE ULHÔA CINTRA (JAYME CINTRA)","CIDADE":"JUNDIAÍ","ESTADO":"SÃO PAULO","PAÍS":"BRASIL","CAPACIDADE":"13905","PRIMEIRA_PARTIDA":null,"DATA_PRIMEIRA_PARTIDA":null,"ANO_PRIMEIRA_PARTIDA":null,"ADVERSARIO":null,"PLACAR":null,"COMPETICAO_PRIMEIRA_PARTIDA":null,"MANDO_PRIMEIRA_PARTIDA":null,"FONTE_PRIMEIRA_PARTIDA":null,"TOTAL_JOGOS":0,"VITÓRIAS":0,"EMPATES":0,"DERROTAS":0,"APROVEITAMENTO_PCT":0,"GOLS_MARCADOS":0,"GOLS_SOFRIDOS":0,"NOMES_ALTERNATIVOS":[],"FONTES_JOGOS":[],"LATITUDE":-23.187952588395312,"LONGITUDE":-46.85966670056867,"PAIS_ISO3":"BRA"},"geometry":{"type":"Point","coordinates":[-46.85966670056867,-23.187952588395312]}},{"type":"Feature","properties":{"ESTÁDIO":"DOUTOR JOSÉ LANCHA FILHO (LANCHÃO)","CIDADE":"FRANCA ","ESTADO":"SÃO PAULO","PAÍS":"BRASIL","CAPACIDADE":"14686","PRIMEIRA_PARTIDA":"FRANCA 0x3 CORINTHIANS","DATA_PRIMEIRA_PARTIDA":"2008-10-18","ANO_PRIMEIRA_PARTIDA":2008,"ADVERSARIO":"FRANCA","PLACAR":"0x3","COMPETICAO_PRIMEIRA_PARTIDA":"CAMPEONATO PAULISTA / FPF","MANDO_PRIMEIRA_PARTIDA":"Não","FONTE_PRIMEIRA_PARTIDA":null,"TOTAL_JOGOS":1,"VITÓRIAS":1,"EMPATES":0,"DERROTAS":0,"APROVEITAMENTO_PCT":100.0,"GOLS_MARCADOS":3,"GOLS_SOFRIDOS":0,"NOMES_ALTERNATIVOS":[],"FONTES_JOGOS":["Daniel Keppler"],"LATITUDE":-20.53523995912761,"LONGITUDE":-47.385821748284535,"PAIS_ISO3":"BRA"},"geometry":{"type":"Point","coordinates":[-47.385821748284535,-20.53523995912761]}},{"type":"Feature","properties":{"ESTÁDIO":"Deportivo Morón","CIDADE":"Buenos Aires","ESTADO":"Autonomous City of Buenos Aires","PAÍS":"Argentina","CAPACIDADE":"32000","PRIMEIRA_PARTIDA":"CORINTHIANS 16x0 EL NACIONAL","DATA_PRIMEIRA_PARTIDA":"2021-03-05","ANO_PRIMEIRA_PARTIDA":2021,"ADVERSARIO":"EL NACIONAL","PLACAR":"16x0","COMPETICAO_PRIMEIRA_PARTIDA":"Libertadores Feminina 2020","MANDO_PRIMEIRA_PARTIDA":"Sim","FONTE_PRIMEIRA_PARTIDA":"https://www.meutimao.com.br/jogo/5003/libertadores-feminina-2020/corinthians-16-x-0-el_nacional","TOTAL_JOGOS":6,"VITÓRIAS":5,"EMPATES":1,"DERROTAS":0,"APROVEITAMENTO_PCT":88.9,"GOLS_MARCADOS":43,"GOLS_SOFRIDOS":1,"NOMES_ALTERNATIVOS":[],"FONTES_JOGOS":["Meu Timão"],"LATITUDE":-34.6095579,"LONGITUDE":-58.3887904,"PRECISAO_COORDENADAS":"Município (estádio exato não identificado)","FONTE_COORDENADAS":"OpenStreetMap Nominatim (localidade aproximada)","URL_FONTE_COORDENADAS":"https://www.openstreetmap.org/relation/1224652","ATRIBUICAO_COORDENADAS":"© OpenStreetMap contributors, ODbL 1.0","CAPACIDADE_FONTE":"Meu Timão","URL_FONTE_CAPACIDADE":"https://www.meutimao.com.br/estadio/deportivo_moron?genero=feminino","PAIS_ISO3":"ARG"},"geometry":{"type":"Point","coordinates":[-58.3887904,-34.6095579]}},{"type":"Feature","properties":{"ESTÁDIO":"EMIRATES STADIUM (ARSENAL STADIUM)","CIDADE":"LONDRES","ESTADO":"HOLLOWAY","PAÍS":"INGLATERRA","CAPACIDADE":"60704","PRIMEIRA_PARTIDA":"CORINTHIANS 2x3 ARSENAL","DATA_PRIMEIRA_PARTIDA":"2026-02-01","ANO_PRIMEIRA_PARTIDA":2026,"ADVERSARIO":"ARSENAL","PLACAR":"2x3","COMPETICAO_PRIMEIRA_PARTIDA":"Copa das Campeãs 2026","MANDO_PRIMEIRA_PARTIDA":"Sim","FONTE_PRIMEIRA_PARTIDA":"https://www.meutimao.com.br/jogo/8919/copa-das-campeas-2026/final/corinthians-2-x-3-arsenal","TOTAL_JOGOS":1,"VITÓRIAS":0,"EMPATES":0,"DERROTAS":1,"APROVEITAMENTO_PCT":0.0,"GOLS_MARCADOS":2,"GOLS_SOFRIDOS":3,"NOMES_ALTERNATIVOS":[],"FONTES_JOGOS":["Meu Timão"],"LATITUDE":51.555162121144335,"LONGITUDE":-0.108045751715059,"PAIS_ISO3":"GBR"},"geometry":{"type":"Point","coordinates":[-0.108045751715059,51.555162121144335]}},{"type":"Feature","properties":{"ESTÁDIO":"ESTADIO BANCO GUAYAQUIL (ESTADIO IDV)","CIDADE":"QUITO","ESTADO":"PICHINCHA","PAÍS":"EQUADOR","CAPACIDADE":"12000","PRIMEIRA_PARTIDA":null,"DATA_PRIMEIRA_PARTIDA":null,"ANO_PRIMEIRA_PARTIDA":null,"ADVERSARIO":null,"PLACAR":null,"COMPETICAO_PRIMEIRA_PARTIDA":null,"MANDO_PRIMEIRA_PARTIDA":null,"FONTE_PRIMEIRA_PARTIDA":null,"TOTAL_JOGOS":0,"VITÓRIAS":0,"EMPATES":0,"DERROTAS":0,"APROVEITAMENTO_PCT":0,"GOLS_MARCADOS":0,"GOLS_SOFRIDOS":0,"NOMES_ALTERNATIVOS":[],"FONTES_JOGOS":[],"LATITUDE":-0.349179879569855,"LONGITUDE":-78.47030740156634,"PAIS_ISO3":"ECU"},"geometry":{"type":"Point","coordinates":[-78.47030740156634,-0.349179879569855]}},{"type":"Feature","properties":{"ESTÁDIO":"EUCLIDES DE ALMEIDA","CIDADE":"COTIA ","ESTADO":"SÃO PAULO","PAÍS":"BRASIL","CAPACIDADE":"10000","PRIMEIRA_PARTIDA":"KURDANA 0x5 CORINTHIANS","DATA_PRIMEIRA_PARTIDA":"2008-04-12","ANO_PRIMEIRA_PARTIDA":2008,"ADVERSARIO":"KURDANA","PLACAR":"0x5","COMPETICAO_PRIMEIRA_PARTIDA":"CAMPEONATO PAULISTA / FPF","MANDO_PRIMEIRA_PARTIDA":"Não","FONTE_PRIMEIRA_PARTIDA":null,"TOTAL_JOGOS":1,"VITÓRIAS":1,"EMPATES":0,"DERROTAS":0,"APROVEITAMENTO_PCT":100.0,"GOLS_MARCADOS":5,"GOLS_SOFRIDOS":0,"NOMES_ALTERNATIVOS":[],"FONTES_JOGOS":["Daniel Keppler"],"LATITUDE":-23.600933849995343,"LONGITUDE":-46.92868434474559,"PAIS_ISO3":"BRA"},"geometry":{"type":"Point","coordinates":[-46.92868434474559,-23.600933849995343]}},{"type":"Feature","properties":{"ESTÁDIO":"EUGÊNIO FRANCISCHINI","CIDADE":"VALINHOS ","ESTADO":"SÃO PAULO","PAÍS":"BRASIL","CAPACIDADE":"2000","PRIMEIRA_PARTIDA":null,"DATA_PRIMEIRA_PARTIDA":null,"ANO_PRIMEIRA_PARTIDA":null,"ADVERSARIO":null,"PLACAR":null,"COMPETICAO_PRIMEIRA_PARTIDA":null,"MANDO_PRIMEIRA_PARTIDA":null,"FONTE_PRIMEIRA_PARTIDA":null,"TOTAL_JOGOS":0,"VITÓRIAS":0,"EMPATES":0,"DERROTAS":0,"APROVEITAMENTO_PCT":0,"GOLS_MARCADOS":0,"GOLS_SOFRIDOS":0,"NOMES_ALTERNATIVOS":[],"FONTES_JOGOS":[],"LATITUDE":-22.98053969693719,"LONGITUDE":-46.986273088589655,"PAIS_ISO3":"BRA"},"geometry":{"type":"Point","coordinates":[-46.986273088589655,-22.98053969693719]}},{"type":"Feature","properties":{"ESTÁDIO":"EWERSON SIMÕES BARBOSA","CIDADE":"CHÃ GRANDE ","ESTADO":"PERNAMBUCO","PAÍS":"BRASIL","CAPACIDADE":"3400","PRIMEIRA_PARTIDA":null,"DATA_PRIMEIRA_PARTIDA":null,"ANO_PRIMEIRA_PARTIDA":null,"ADVERSARIO":null,"PLACAR":null,"COMPETICAO_PRIMEIRA_PARTIDA":null,"MANDO_PRIMEIRA_PARTIDA":null,"FONTE_PRIMEIRA_PARTIDA":null,"TOTAL_JOGOS":0,"VITÓRIAS":0,"EMPATES":0,"DERROTAS":0,"APROVEITAMENTO_PCT":0,"GOLS_MARCADOS":0,"GOLS_SOFRIDOS":0,"NOMES_ALTERNATIVOS":[],"FONTES_JOGOS":[],"LATITUDE":-8.235315735954625,"LONGITUDE":-35.45464054289824,"PAIS_ISO3":"BRA"},"geometry":{"type":"Point","coordinates":[-35.45464054289824,-8.235315735954625]}},{"type":"Feature","properties":{"ESTÁDIO":"Estadio Gonzalo Pozo Ripalda","CIDADE":"Quito","ESTADO":"Pichincha","PAÍS":"Equador","CAPACIDADE":null,"PRIMEIRA_PARTIDA":null,"DATA_PRIMEIRA_PARTIDA":null,"ANO_PRIMEIRA_PARTIDA":null,"ADVERSARIO":null,"PLACAR":null,"COMPETICAO_PRIMEIRA_PARTIDA":null,"MANDO_PRIMEIRA_PARTIDA":null,"FONTE_PRIMEIRA_PARTIDA":null,"TOTAL_JOGOS":0,"VITÓRIAS":0,"EMPATES":0,"DERROTAS":0,"APROVEITAMENTO_PCT":0,"GOLS_MARCADOS":0,"GOLS_SOFRIDOS":0,"NOMES_ALTERNATIVOS":[],"FONTES_JOGOS":[],"LATITUDE":-0.2788989,"LONGITUDE":-78.5461745,"PRECISAO_COORDENADAS":"Estádio identificado","FONTE_COORDENADAS":"OpenStreetMap Nominatim","URL_FONTE_COORDENADAS":"https://www.openstreetmap.org/way/26216680","ATRIBUICAO_COORDENADAS":"© OpenStreetMap contributors, ODbL 1.0","PAIS_ISO3":"ECU"},"geometry":{"type":"Point","coordinates":[-78.5461745,-0.2788989]}},{"type":"Feature","properties":{"ESTÁDIO":"Estadio Olímpico Atahualpa","CIDADE":"Quito","ESTADO":"Pichincha","PAÍS":"Equador","CAPACIDADE":"35258","PRIMEIRA_PARTIDA":"CLUB ÑAÑAS 1x3 CORINTHIANS","DATA_PRIMEIRA_PARTIDA":"2019-10-14","ANO_PRIMEIRA_PARTIDA":2019,"ADVERSARIO":"CLUB ÑAÑAS","PLACAR":"1x3","COMPETICAO_PRIMEIRA_PARTIDA":"Libertadores Feminina 2019","MANDO_PRIMEIRA_PARTIDA":"Não","FONTE_PRIMEIRA_PARTIDA":"https://www.meutimao.com.br/jogo/1366/libertadores-feminina-2019/club_nanas-1-x-3-corinthians","TOTAL_JOGOS":6,"VITÓRIAS":5,"EMPATES":1,"DERROTAS":0,"APROVEITAMENTO_PCT":88.9,"GOLS_MARCADOS":16,"GOLS_SOFRIDOS":4,"NOMES_ALTERNATIVOS":[],"FONTES_JOGOS":["Meu Timão"],"LATITUDE":-0.1775141,"LONGITUDE":-78.4766126,"PRECISAO_COORDENADAS":"Estádio identificado","FONTE_COORDENADAS":"OpenStreetMap Nominatim","URL_FONTE_COORDENADAS":"https://www.openstreetmap.org/way/24611185","ATRIBUICAO_COORDENADAS":"© OpenStreetMap contributors, ODbL 1.0","CAPACIDADE_STADIUMDB":"39816","FONTE_CAPACIDADE_STADIUMDB":"StadiumDB.com","URL_CAPACIDADE_STADIUMDB":"https://stadiumdb.com/stadiums/ecu/estadio_olimpico_atahualpa","PAIS_ISO3":"ECU"},"geometry":{"type":"Point","coordinates":[-78.4766126,-0.1775141]}},{"type":"Feature","properties":{"ESTÁDIO":"Estádio Alfredo Schürig (Fazendinha)","CIDADE":"SÃO PAULO ","ESTADO":"SÃO PAULO","PAÍS":"BRASIL","CAPACIDADE":"9800","PRIMEIRA_PARTIDA":"CORINTHIANS 12x1 PALMEIRAS","DATA_PRIMEIRA_PARTIDA":"1998-05-17","ANO_PRIMEIRA_PARTIDA":1998,"ADVERSARIO":"PALMEIRAS","PLACAR":"12x1","COMPETICAO_PRIMEIRA_PARTIDA":"CAMPEONATO PAULISTA / FPF","MANDO_PRIMEIRA_PARTIDA":"Sim","FONTE_PRIMEIRA_PARTIDA":null,"TOTAL_JOGOS":114,"VITÓRIAS":95,"EMPATES":11,"DERROTAS":8,"APROVEITAMENTO_PCT":86.5,"GOLS_MARCADOS":372,"GOLS_SOFRIDOS":74,"NOMES_ALTERNATIVOS":[],"FONTES_JOGOS":["Daniel Keppler","Meu Timão"],"LATITUDE":-23.526659630812546,"LONGITUDE":-46.5694808951696,"PAIS_ISO3":"BRA"},"geometry":{"type":"Point","coordinates":[-46.5694808951696,-23.526659630812546]}},{"type":"Feature","properties":{"ESTÁDIO":"Estádio Benito Agnelo Castellano","CIDADE":null,"ESTADO":null,"PAÍS":"Brazil","CAPACIDADE":null,"PRIMEIRA_PARTIDA":"RED BULL BRAGANTINO 0x6 CORINTHIANS","DATA_PRIMEIRA_PARTIDA":"2026-05-14","ANO_PRIMEIRA_PARTIDA":2026,"ADVERSARIO":"RED BULL BRAGANTINO","PLACAR":"0x6","COMPETICAO_PRIMEIRA_PARTIDA":"Paulista Feminino 2026","MANDO_PRIMEIRA_PARTIDA":"Não","FONTE_PRIMEIRA_PARTIDA":"https://www.meutimao.com.br/jogo/9009/paulista-feminino-2026/red_bull_bragantino-0-x-6-corinthians","TOTAL_JOGOS":1,"VITÓRIAS":1,"EMPATES":0,"DERROTAS":0,"APROVEITAMENTO_PCT":100.0,"GOLS_MARCADOS":6,"GOLS_SOFRIDOS":0,"NOMES_ALTERNATIVOS":[],"FONTES_JOGOS":["Meu Timão"],"LATITUDE":-22.4181293,"LONGITUDE":-47.5564008,"PRECISAO_COORDENADAS":"Estádio identificado","FONTE_COORDENADAS":"OpenStreetMap Nominatim","URL_FONTE_COORDENADAS":"https://www.openstreetmap.org/way/188337617","ATRIBUICAO_COORDENADAS":"© OpenStreetMap contributors, ODbL 1.0","PAIS_ISO3":"BRA","FONTE_CORRECAO_PAIS":"https://data.geocode.earth/wof/dist/legacy/whosonfirst-data-country-latest.tar.bz2"},"geometry":{"type":"Point","coordinates":[-47.5564008,-22.4181293]}},{"type":"Feature","properties":{"ESTÁDIO":"Estádio Carfem","CIDADE":"Ypané","ESTADO":"Departamento Central","PAÍS":"Paraguai","CAPACIDADE":"1000","PRIMEIRA_PARTIDA":"CORINTHIANS 2x0 OLIMPIA","DATA_PRIMEIRA_PARTIDA":"2024-10-12","ANO_PRIMEIRA_PARTIDA":2024,"ADVERSARIO":"OLIMPIA","PLACAR":"2x0","COMPETICAO_PRIMEIRA_PARTIDA":"Libertadores Feminina 2024","MANDO_PRIMEIRA_PARTIDA":"Sim","FONTE_PRIMEIRA_PARTIDA":"https://www.meutimao.com.br/jogo/8353/libertadores-feminina-2024/quartas_de_final/corinthians-2-x-0-olimpia","TOTAL_JOGOS":1,"VITÓRIAS":1,"EMPATES":0,"DERROTAS":0,"APROVEITAMENTO_PCT":100.0,"GOLS_MARCADOS":2,"GOLS_SOFRIDOS":0,"NOMES_ALTERNATIVOS":[],"FONTES_JOGOS":["Meu Timão"],"LATITUDE":-25.4573519,"LONGITUDE":-57.5092575,"PRECISAO_COORDENADAS":"Município (estádio exato não identificado)","FONTE_COORDENADAS":"OpenStreetMap Nominatim (localidade aproximada)","URL_FONTE_COORDENADAS":"https://www.openstreetmap.org/relation/6601486","ATRIBUICAO_COORDENADAS":"© OpenStreetMap contributors, ODbL 1.0","CAPACIDADE_FONTE":"Meu Timão","URL_FONTE_CAPACIDADE":"https://www.meutimao.com.br/estadio/estadio_carfem?genero=feminino","PAIS_ISO3":"PRY"},"geometry":{"type":"Point","coordinates":[-57.5092575,-25.4573519]}},{"type":"Feature","properties":{"ESTÁDIO":"Estádio Eugênio Franceschini","CIDADE":null,"ESTADO":null,"PAÍS":"Brazil","CAPACIDADE":"5000","PRIMEIRA_PARTIDA":"GUARANI 2x3 CORINTHIANS","DATA_PRIMEIRA_PARTIDA":"2016-05-29","ANO_PRIMEIRA_PARTIDA":2016,"ADVERSARIO":"GUARANI","PLACAR":"2x3","COMPETICAO_PRIMEIRA_PARTIDA":"Paulista 2016","MANDO_PRIMEIRA_PARTIDA":"Não","FONTE_PRIMEIRA_PARTIDA":"https://www.meutimao.com.br/jogo/4716/paulista-2016/guarani-2-x-3-corinthians","TOTAL_JOGOS":1,"VITÓRIAS":1,"EMPATES":0,"DERROTAS":0,"APROVEITAMENTO_PCT":100.0,"GOLS_MARCADOS":3,"GOLS_SOFRIDOS":2,"NOMES_ALTERNATIVOS":[],"FONTES_JOGOS":["Meu Timão"],"LATITUDE":-22.9797018,"LONGITUDE":-46.9841708,"PRECISAO_COORDENADAS":"Município (estádio exato não identificado)","FONTE_COORDENADAS":"OpenStreetMap Nominatim (localidade aproximada)","URL_FONTE_COORDENADAS":"https://www.openstreetmap.org/relation/298319","ATRIBUICAO_COORDENADAS":"© OpenStreetMap contributors, ODbL 1.0","CAPACIDADE_FONTE":"Meu Timão","URL_FONTE_CAPACIDADE":"https://www.meutimao.com.br/estadio/estadio_eugenio_franceschini?genero=feminino","PAIS_ISO3":"BRA","FONTE_CORRECAO_PAIS":"https://data.geocode.earth/wof/dist/legacy/whosonfirst-data-country-latest.tar.bz2"},"geometry":{"type":"Point","coordinates":[-46.9841708,-22.9797018]}},{"type":"Feature","properties":{"ESTÁDIO":"Estádio Manoel Ferreira","CIDADE":null,"ESTADO":null,"PAÍS":"Brazil","CAPACIDADE":"10000","PRIMEIRA_PARTIDA":"PONTE PRETA 1x4 CORINTHIANS","DATA_PRIMEIRA_PARTIDA":"2019-03-16","ANO_PRIMEIRA_PARTIDA":2019,"ADVERSARIO":"PONTE PRETA","PLACAR":"1x4","COMPETICAO_PRIMEIRA_PARTIDA":"Brasileiro Feminino 2019","MANDO_PRIMEIRA_PARTIDA":"Não","FONTE_PRIMEIRA_PARTIDA":"https://www.meutimao.com.br/jogo/1141/brasileiro-feminino-2019/ponte_preta-1-x-4-corinthians","TOTAL_JOGOS":2,"VITÓRIAS":2,"EMPATES":0,"DERROTAS":0,"APROVEITAMENTO_PCT":100.0,"GOLS_MARCADOS":8,"GOLS_SOFRIDOS":2,"NOMES_ALTERNATIVOS":[],"FONTES_JOGOS":["Meu Timão"],"LATITUDE":-20.7316942,"LONGITUDE":-49.5832891,"PRECISAO_COORDENADAS":"Estádio identificado","FONTE_COORDENADAS":"OpenStreetMap Nominatim","URL_FONTE_COORDENADAS":"https://www.openstreetmap.org/relation/11344621","ATRIBUICAO_COORDENADAS":"© OpenStreetMap contributors, ODbL 1.0","CAPACIDADE_FONTE":"Meu Timão","URL_FONTE_CAPACIDADE":"https://www.meutimao.com.br/estadio/estadio_manoel_ferreira?genero=feminino","PAIS_ISO3":"BRA","FONTE_CORRECAO_PAIS":"https://data.geocode.earth/wof/dist/legacy/whosonfirst-data-country-latest.tar.bz2"},"geometry":{"type":"Point","coordinates":[-49.5832891,-20.7316942]}},{"type":"Feature","properties":{"ESTÁDIO":"Estádio Marcelo Portugal Gouveia","CIDADE":null,"ESTADO":null,"PAÍS":"Brazil","CAPACIDADE":null,"PRIMEIRA_PARTIDA":"SÃO PAULO 1x2 CORINTHIANS","DATA_PRIMEIRA_PARTIDA":"2021-06-03","ANO_PRIMEIRA_PARTIDA":2021,"ADVERSARIO":"SÃO PAULO","PLACAR":"1x2","COMPETICAO_PRIMEIRA_PARTIDA":"Brasileiro Feminino 2021","MANDO_PRIMEIRA_PARTIDA":"Não","FONTE_PRIMEIRA_PARTIDA":"https://www.meutimao.com.br/jogo/4822/brasileiro-feminino-2021/sao_paulo-1-x-2-corinthians","TOTAL_JOGOS":3,"VITÓRIAS":2,"EMPATES":1,"DERROTAS":0,"APROVEITAMENTO_PCT":77.8,"GOLS_MARCADOS":6,"GOLS_SOFRIDOS":2,"NOMES_ALTERNATIVOS":[],"FONTES_JOGOS":["Meu Timão"],"LATITUDE":-23.6190828,"LONGITUDE":-46.9154251,"PRECISAO_COORDENADAS":"Estádio identificado","FONTE_COORDENADAS":"OpenStreetMap Nominatim","URL_FONTE_COORDENADAS":"https://www.openstreetmap.org/way/425964115","ATRIBUICAO_COORDENADAS":"© OpenStreetMap contributors, ODbL 1.0","PAIS_ISO3":"BRA","FONTE_CORRECAO_PAIS":"https://data.geocode.earth/wof/dist/legacy/whosonfirst-data-country-latest.tar.bz2"},"geometry":{"type":"Point","coordinates":[-46.9154251,-23.6190828]}},{"type":"Feature","properties":{"ESTÁDIO":"Estádio Passo d'Areia","CIDADE":null,"ESTADO":null,"PAÍS":"Brazil","CAPACIDADE":"1100","PRIMEIRA_PARTIDA":"INTERNACIONAL 0x5 CORINTHIANS","DATA_PRIMEIRA_PARTIDA":"2025-06-15","ANO_PRIMEIRA_PARTIDA":2025,"ADVERSARIO":"INTERNACIONAL","PLACAR":"0x5","COMPETICAO_PRIMEIRA_PARTIDA":"Brasileiro Feminino 2025","MANDO_PRIMEIRA_PARTIDA":"Não","FONTE_PRIMEIRA_PARTIDA":"https://www.meutimao.com.br/jogo/8499/brasileiro-feminino-2025/internacional-0-x-5-corinthians","TOTAL_JOGOS":2,"VITÓRIAS":2,"EMPATES":0,"DERROTAS":0,"APROVEITAMENTO_PCT":100.0,"GOLS_MARCADOS":7,"GOLS_SOFRIDOS":0,"NOMES_ALTERNATIVOS":[],"FONTES_JOGOS":["Meu Timão"],"LATITUDE":-30.0066051,"LONGITUDE":-51.1736132,"PRECISAO_COORDENADAS":"Estádio identificado","FONTE_COORDENADAS":"OpenStreetMap Nominatim","URL_FONTE_COORDENADAS":"https://www.openstreetmap.org/way/241960718","ATRIBUICAO_COORDENADAS":"© OpenStreetMap contributors, ODbL 1.0","CAPACIDADE_FONTE":"Meu Timão","URL_FONTE_CAPACIDADE":"https://www.meutimao.com.br/estadio/estadio_passo_dareia?genero=feminino","PAIS_ISO3":"BRA","FONTE_CORRECAO_PAIS":"https://data.geocode.earth/wof/dist/legacy/whosonfirst-data-country-latest.tar.bz2"},"geometry":{"type":"Point","coordinates":[-51.1736132,-30.0066051]}},{"type":"Feature","properties":{"ESTÁDIO":"Estádio Pozo Ripalda","CIDADE":null,"ESTADO":null,"PAÍS":"Ecuador","CAPACIDADE":"18799","PRIMEIRA_PARTIDA":"CORINTHIANS 1x2 DEPORTIVO CALI","DATA_PRIMEIRA_PARTIDA":"2022-10-13","ANO_PRIMEIRA_PARTIDA":2022,"ADVERSARIO":"DEPORTIVO CALI","PLACAR":"1x2","COMPETICAO_PRIMEIRA_PARTIDA":"Libertadores Feminina 2022","MANDO_PRIMEIRA_PARTIDA":"Sim","FONTE_PRIMEIRA_PARTIDA":"https://www.meutimao.com.br/jogo/7520/libertadores-feminina-2022/corinthians-1-x-2-deportivo_cali","TOTAL_JOGOS":3,"VITÓRIAS":2,"EMPATES":0,"DERROTAS":1,"APROVEITAMENTO_PCT":66.7,"GOLS_MARCADOS":10,"GOLS_SOFRIDOS":2,"NOMES_ALTERNATIVOS":[],"FONTES_JOGOS":["Meu Timão"],"LATITUDE":-0.2788989,"LONGITUDE":-78.5461745,"PRECISAO_COORDENADAS":"Estádio identificado","FONTE_COORDENADAS":"OpenStreetMap Nominatim","URL_FONTE_COORDENADAS":"https://www.openstreetmap.org/way/26216680","ATRIBUICAO_COORDENADAS":"© OpenStreetMap contributors, ODbL 1.0","CAPACIDADE_FONTE":"Meu Timão","URL_FONTE_CAPACIDADE":"https://www.meutimao.com.br/estadio/estadio_pozo_ripalda?genero=feminino","PAIS_ISO3":"ECU","FONTE_CORRECAO_PAIS":"https://data.geocode.earth/wof/dist/legacy/whosonfirst-data-country-latest.tar.bz2"},"geometry":{"type":"Point","coordinates":[-78.5461745,-0.2788989]}},{"type":"Feature","properties":{"ESTÁDIO":"Estádio Prefeito José Liberatti","CIDADE":"Osasco","ESTADO":"São Paulo","PAÍS":"Brasil","CAPACIDADE":null,"PRIMEIRA_PARTIDA":null,"DATA_PRIMEIRA_PARTIDA":null,"ANO_PRIMEIRA_PARTIDA":null,"ADVERSARIO":null,"PLACAR":null,"COMPETICAO_PRIMEIRA_PARTIDA":null,"MANDO_PRIMEIRA_PARTIDA":null,"FONTE_PRIMEIRA_PARTIDA":null,"TOTAL_JOGOS":0,"VITÓRIAS":0,"EMPATES":0,"DERROTAS":0,"APROVEITAMENTO_PCT":0,"GOLS_MARCADOS":0,"GOLS_SOFRIDOS":0,"NOMES_ALTERNATIVOS":[],"FONTES_JOGOS":[],"LATITUDE":-23.5112728,"LONGITUDE":-46.7763584,"PRECISAO_COORDENADAS":"Estádio identificado","FONTE_COORDENADAS":"OpenStreetMap Nominatim","URL_FONTE_COORDENADAS":"https://www.openstreetmap.org/way/161555648","ATRIBUICAO_COORDENADAS":"© OpenStreetMap contributors, ODbL 1.0","PAIS_ISO3":"BRA"},"geometry":{"type":"Point","coordinates":[-46.7763584,-23.5112728]}},{"type":"Feature","properties":{"ESTÁDIO":"Estádio Soares de Azevedo","CIDADE":null,"ESTADO":null,"PAÍS":"Brazil","CAPACIDADE":"13971","PRIMEIRA_PARTIDA":"CRUZEIRO 1x2 CORINTHIANS","DATA_PRIMEIRA_PARTIDA":"2023-06-19","ANO_PRIMEIRA_PARTIDA":2023,"ADVERSARIO":"CRUZEIRO","PLACAR":"1x2","COMPETICAO_PRIMEIRA_PARTIDA":"Brasileiro Feminino 2023","MANDO_PRIMEIRA_PARTIDA":"Não","FONTE_PRIMEIRA_PARTIDA":"https://www.meutimao.com.br/jogo/7785/brasileiro-feminino-2023/quartas_de_final/cruzeiro-1-x-2-corinthians","TOTAL_JOGOS":1,"VITÓRIAS":1,"EMPATES":0,"DERROTAS":0,"APROVEITAMENTO_PCT":100.0,"GOLS_MARCADOS":2,"GOLS_SOFRIDOS":1,"NOMES_ALTERNATIVOS":[],"FONTES_JOGOS":["Meu Timão"],"LATITUDE":-21.1273544,"LONGITUDE":-42.3378537,"PRECISAO_COORDENADAS":"Estádio identificado","FONTE_COORDENADAS":"OpenStreetMap Nominatim","URL_FONTE_COORDENADAS":"https://www.openstreetmap.org/way/314213967","ATRIBUICAO_COORDENADAS":"© OpenStreetMap contributors, ODbL 1.0","CAPACIDADE_FONTE":"Meu Timão","URL_FONTE_CAPACIDADE":"https://www.meutimao.com.br/estadio/estadio_soares_de_azevedo?genero=feminino","PAIS_ISO3":"BRA","FONTE_CORRECAO_PAIS":"https://data.geocode.earth/wof/dist/legacy/whosonfirst-data-country-latest.tar.bz2"},"geometry":{"type":"Point","coordinates":[-42.3378537,-21.1273544]}},{"type":"Feature","properties":{"ESTÁDIO":"Estádio da Gávea","CIDADE":null,"ESTADO":null,"PAÍS":"Brazil","CAPACIDADE":"4000","PRIMEIRA_PARTIDA":"FLAMENGO 3x2 CORINTHIANS","DATA_PRIMEIRA_PARTIDA":"2016-04-12","ANO_PRIMEIRA_PARTIDA":2016,"ADVERSARIO":"FLAMENGO","PLACAR":"3x2","COMPETICAO_PRIMEIRA_PARTIDA":"Brasileirão 2016","MANDO_PRIMEIRA_PARTIDA":"Não","FONTE_PRIMEIRA_PARTIDA":"https://www.meutimao.com.br/jogo/4707/brasileirao-2016/flamengo-3-x-2-corinthians","TOTAL_JOGOS":4,"VITÓRIAS":2,"EMPATES":0,"DERROTAS":2,"APROVEITAMENTO_PCT":50.0,"GOLS_MARCADOS":8,"GOLS_SOFRIDOS":6,"NOMES_ALTERNATIVOS":[],"FONTES_JOGOS":["Meu Timão"],"LATITUDE":-22.9110137,"LONGITUDE":-43.2093727,"PRECISAO_COORDENADAS":"Município (estádio exato não identificado)","FONTE_COORDENADAS":"OpenStreetMap Nominatim (localidade aproximada)","URL_FONTE_COORDENADAS":"https://www.openstreetmap.org/relation/2697338","ATRIBUICAO_COORDENADAS":"© OpenStreetMap contributors, ODbL 1.0","CAPACIDADE_FONTE":"Meu Timão","URL_FONTE_CAPACIDADE":"https://www.meutimao.com.br/estadio/estadio_da_gavea?genero=feminino","PAIS_ISO3":"BRA","FONTE_CORRECAO_PAIS":"https://data.geocode.earth/wof/dist/legacy/whosonfirst-data-country-latest.tar.bz2"},"geometry":{"type":"Point","coordinates":[-43.2093727,-22.9110137]}},{"type":"Feature","properties":{"ESTÁDIO":"Estádio de Techo","CIDADE":"Bogotá","ESTADO":"Bogota, Capital District","PAÍS":"Colômbia","CAPACIDADE":"10000","PRIMEIRA_PARTIDA":"CORINTHIANS 1x0 COLO-COLO","DATA_PRIMEIRA_PARTIDA":"2023-10-06","ANO_PRIMEIRA_PARTIDA":2023,"ADVERSARIO":"COLO-COLO","PLACAR":"1x0","COMPETICAO_PRIMEIRA_PARTIDA":"Libertadores Feminina 2023","MANDO_PRIMEIRA_PARTIDA":"Sim","FONTE_PRIMEIRA_PARTIDA":"https://www.meutimao.com.br/jogo/7907/libertadores-feminina-2023/corinthians-1-x-0-colo-colo","TOTAL_JOGOS":2,"VITÓRIAS":2,"EMPATES":0,"DERROTAS":0,"APROVEITAMENTO_PCT":100.0,"GOLS_MARCADOS":7,"GOLS_SOFRIDOS":0,"NOMES_ALTERNATIVOS":[],"FONTES_JOGOS":["Meu Timão"],"LATITUDE":4.6533817,"LONGITUDE":-74.0836331,"PRECISAO_COORDENADAS":"Município (estádio exato não identificado)","FONTE_COORDENADAS":"OpenStreetMap Nominatim (localidade aproximada)","URL_FONTE_COORDENADAS":"https://www.openstreetmap.org/relation/7426387","ATRIBUICAO_COORDENADAS":"© OpenStreetMap contributors, ODbL 1.0","CAPACIDADE_FONTE":"Meu Timão","URL_FONTE_CAPACIDADE":"https://www.meutimao.com.br/estadio/estadio_de_techo?genero=feminino","PAIS_ISO3":"COL"},"geometry":{"type":"Point","coordinates":[-74.0836331,4.6533817]}},{"type":"Feature","properties":{"ESTÁDIO":"FLORENCIO SOLA","CIDADE":"LOMAS DE ZAMORA","ESTADO":"BUENOS AIRES","PAÍS":"ARGENTINA","CAPACIDADE":"35000","PRIMEIRA_PARTIDA":null,"DATA_PRIMEIRA_PARTIDA":null,"ANO_PRIMEIRA_PARTIDA":null,"ADVERSARIO":null,"PLACAR":null,"COMPETICAO_PRIMEIRA_PARTIDA":null,"MANDO_PRIMEIRA_PARTIDA":null,"FONTE_PRIMEIRA_PARTIDA":null,"TOTAL_JOGOS":0,"VITÓRIAS":0,"EMPATES":0,"DERROTAS":0,"APROVEITAMENTO_PCT":0,"GOLS_MARCADOS":0,"GOLS_SOFRIDOS":0,"NOMES_ALTERNATIVOS":[],"FONTES_JOGOS":[],"LATITUDE":-34.75053133505603,"LONGITUDE":-58.387661248437816,"PAIS_ISO3":"ARG"},"geometry":{"type":"Point","coordinates":[-58.387661248437816,-34.75053133505603]}},{"type":"Feature","properties":{"ESTÁDIO":"FRANCISCO NOVELLETTO NETO (PASSO D'AREIA)","CIDADE":"PORTO ALEGRE","ESTADO":"RIO GRANDE DO SUL","PAÍS":"BRASIL","CAPACIDADE":"10600","PRIMEIRA_PARTIDA":null,"DATA_PRIMEIRA_PARTIDA":null,"ANO_PRIMEIRA_PARTIDA":null,"ADVERSARIO":null,"PLACAR":null,"COMPETICAO_PRIMEIRA_PARTIDA":null,"MANDO_PRIMEIRA_PARTIDA":null,"FONTE_PRIMEIRA_PARTIDA":null,"TOTAL_JOGOS":0,"VITÓRIAS":0,"EMPATES":0,"DERROTAS":0,"APROVEITAMENTO_PCT":0,"GOLS_MARCADOS":0,"GOLS_SOFRIDOS":0,"NOMES_ALTERNATIVOS":[],"FONTES_JOGOS":[],"LATITUDE":-30.006290184356924,"LONGITUDE":-51.17317969076736,"PAIS_ISO3":"BRA"},"geometry":{"type":"Point","coordinates":[-51.17317969076736,-30.006290184356924]}},{"type":"Feature","properties":{"ESTÁDIO":"FRANCISCO RIBEIRO NOGUEIRA (NOGUEIRÃO)","CIDADE":"MOGI DAS CRUZES ","ESTADO":"SÃO PAULO","PAÍS":"BRASIL","CAPACIDADE":"14384","PRIMEIRA_PARTIDA":null,"DATA_PRIMEIRA_PARTIDA":null,"ANO_PRIMEIRA_PARTIDA":null,"ADVERSARIO":null,"PLACAR":null,"COMPETICAO_PRIMEIRA_PARTIDA":null,"MANDO_PRIMEIRA_PARTIDA":null,"FONTE_PRIMEIRA_PARTIDA":null,"TOTAL_JOGOS":0,"VITÓRIAS":0,"EMPATES":0,"DERROTAS":0,"APROVEITAMENTO_PCT":0,"GOLS_MARCADOS":0,"GOLS_SOFRIDOS":0,"NOMES_ALTERNATIVOS":[],"FONTES_JOGOS":[],"LATITUDE":-23.517361700125463,"LONGITUDE":-46.20563853125041,"PAIS_ISO3":"BRA"},"geometry":{"type":"Point","coordinates":[-46.20563853125041,-23.517361700125463]}},{"type":"Feature","properties":{"ESTÁDIO":"FRANCISCO VASQUES","CIDADE":"BELÉM ","ESTADO":"PARÁ","PAÍS":"BRASIL","CAPACIDADE":"6000","PRIMEIRA_PARTIDA":"PINHEIRENSE 0x2 CORINTHIANS","DATA_PRIMEIRA_PARTIDA":"2016-09-04","ANO_PRIMEIRA_PARTIDA":2016,"ADVERSARIO":"PINHEIRENSE","PLACAR":"0x2","COMPETICAO_PRIMEIRA_PARTIDA":"Copa do Brasil 2016","MANDO_PRIMEIRA_PARTIDA":"Não","FONTE_PRIMEIRA_PARTIDA":"https://www.meutimao.com.br/jogo/4691/copa-do-brasil-2016/pinheirense-0-x-2-corinthians","TOTAL_JOGOS":1,"VITÓRIAS":1,"EMPATES":0,"DERROTAS":0,"APROVEITAMENTO_PCT":100.0,"GOLS_MARCADOS":2,"GOLS_SOFRIDOS":0,"NOMES_ALTERNATIVOS":[],"FONTES_JOGOS":["Meu Timão"],"LATITUDE":-1.418375568604134,"LONGITUDE":-48.444865285227806,"PAIS_ISO3":"BRA"},"geometry":{"type":"Point","coordinates":[-48.444865285227806,-1.418375568604134]}},{"type":"Feature","properties":{"ESTÁDIO":"Fonte Luminosa","CIDADE":null,"ESTADO":null,"PAÍS":"Brazil","CAPACIDADE":"25000","PRIMEIRA_PARTIDA":"FERROVIÁRIA 0x1 CORINTHIANS","DATA_PRIMEIRA_PARTIDA":"2016-05-01","ANO_PRIMEIRA_PARTIDA":2016,"ADVERSARIO":"FERROVIÁRIA","PLACAR":"0x1","COMPETICAO_PRIMEIRA_PARTIDA":"Paulista 2016","MANDO_PRIMEIRA_PARTIDA":"Não","FONTE_PRIMEIRA_PARTIDA":"https://www.meutimao.com.br/jogo/4712/paulista-2016/ferroviaria-0-x-1-corinthians","TOTAL_JOGOS":20,"VITÓRIAS":14,"EMPATES":5,"DERROTAS":1,"APROVEITAMENTO_PCT":78.3,"GOLS_MARCADOS":40,"GOLS_SOFRIDOS":10,"NOMES_ALTERNATIVOS":[],"FONTES_JOGOS":["Meu Timão"],"LATITUDE":-21.7886713,"LONGITUDE":-48.1773096,"PRECISAO_COORDENADAS":"Município (estádio exato não identificado)","FONTE_COORDENADAS":"OpenStreetMap Nominatim (localidade aproximada)","URL_FONTE_COORDENADAS":"https://www.openstreetmap.org/relation/298395","ATRIBUICAO_COORDENADAS":"© OpenStreetMap contributors, ODbL 1.0","CAPACIDADE_FONTE":"Meu Timão","URL_FONTE_CAPACIDADE":"https://www.meutimao.com.br/estadio/fonte_luminosa?genero=feminino","PAIS_ISO3":"BRA","FONTE_CORRECAO_PAIS":"https://data.geocode.earth/wof/dist/legacy/whosonfirst-data-country-latest.tar.bz2"},"geometry":{"type":"Point","coordinates":[-48.1773096,-21.7886713]}},{"type":"Feature","properties":{"ESTÁDIO":"GENERAL ADRIÁN JARA (CONMEBOL)","CIDADE":"LUQUE","ESTADO":"DEPARTAMENTO CENTRAL","PAÍS":"PARAGUAI","CAPACIDADE":"4000","PRIMEIRA_PARTIDA":"CORINTHIANS 1x0 BOCA JUNIORS","DATA_PRIMEIRA_PARTIDA":"2024-10-15","ANO_PRIMEIRA_PARTIDA":2024,"ADVERSARIO":"BOCA JUNIORS","PLACAR":"1x0","COMPETICAO_PRIMEIRA_PARTIDA":"Libertadores Feminina 2024","MANDO_PRIMEIRA_PARTIDA":"Sim","FONTE_PRIMEIRA_PARTIDA":"https://www.meutimao.com.br/jogo/8354/libertadores-feminina-2024/corinthians-1-x-0-boca_juniors","TOTAL_JOGOS":1,"VITÓRIAS":1,"EMPATES":0,"DERROTAS":0,"APROVEITAMENTO_PCT":100.0,"GOLS_MARCADOS":1,"GOLS_SOFRIDOS":0,"NOMES_ALTERNATIVOS":[],"FONTES_JOGOS":["Meu Timão"],"LATITUDE":-25.26300146495579,"LONGITUDE":-57.51814001406302,"PAIS_ISO3":"PRY"},"geometry":{"type":"Point","coordinates":[-57.51814001406302,-25.26300146495579]}},{"type":"Feature","properties":{"ESTÁDIO":"GENTIL VALÉRIO (VALERIÃO)","CIDADE":"ARIQUEMES","ESTADO":"RONDÔNIA","PAÍS":"BRASIL","CAPACIDADE":"5000","PRIMEIRA_PARTIDA":"REAL ARIQUEMES 0x6 CORINTHIANS","DATA_PRIMEIRA_PARTIDA":"2023-03-04","ANO_PRIMEIRA_PARTIDA":2023,"ADVERSARIO":"REAL ARIQUEMES","PLACAR":"0x6","COMPETICAO_PRIMEIRA_PARTIDA":"Brasileiro Feminino 2023","MANDO_PRIMEIRA_PARTIDA":"Não","FONTE_PRIMEIRA_PARTIDA":"https://www.meutimao.com.br/jogo/7607/brasileiro-feminino-2023/real_ariquemes-0-x-6-corinthians","TOTAL_JOGOS":1,"VITÓRIAS":1,"EMPATES":0,"DERROTAS":0,"APROVEITAMENTO_PCT":100.0,"GOLS_MARCADOS":6,"GOLS_SOFRIDOS":0,"NOMES_ALTERNATIVOS":[],"FONTES_JOGOS":["Meu Timão"],"LATITUDE":-9.90518243072387,"LONGITUDE":-63.03268139076737,"PAIS_ISO3":"BRA"},"geometry":{"type":"Point","coordinates":[-63.03268139076737,-9.90518243072387]}},{"type":"Feature","properties":{"ESTÁDIO":"GIULITE COUTINHO (ARENA DO AMERICA / VERMELHÃO)","CIDADE":"RIO DE JANEIRO ","ESTADO":"RIO DE JANEIRO","PAÍS":"BRASIL","CAPACIDADE":"12150","PRIMEIRA_PARTIDA":null,"DATA_PRIMEIRA_PARTIDA":null,"ANO_PRIMEIRA_PARTIDA":null,"ADVERSARIO":null,"PLACAR":null,"COMPETICAO_PRIMEIRA_PARTIDA":null,"MANDO_PRIMEIRA_PARTIDA":null,"FONTE_PRIMEIRA_PARTIDA":null,"TOTAL_JOGOS":0,"VITÓRIAS":0,"EMPATES":0,"DERROTAS":0,"APROVEITAMENTO_PCT":0,"GOLS_MARCADOS":0,"GOLS_SOFRIDOS":0,"NOMES_ALTERNATIVOS":[],"FONTES_JOGOS":[],"LATITUDE":-22.795256355772853,"LONGITUDE":-43.419062196875615,"PAIS_ISO3":"BRA"},"geometry":{"type":"Point","coordinates":[-43.419062196875615,-22.795256355772853]}},{"type":"Feature","properties":{"ESTÁDIO":"GOVERNADOR ROBERTO SANTOS (PITUAÇU)","CIDADE":"SALVADOR","ESTADO":"BAHIA","PAÍS":"BRASIL","CAPACIDADE":"32157","PRIMEIRA_PARTIDA":null,"DATA_PRIMEIRA_PARTIDA":null,"ANO_PRIMEIRA_PARTIDA":null,"ADVERSARIO":null,"PLACAR":null,"COMPETICAO_PRIMEIRA_PARTIDA":null,"MANDO_PRIMEIRA_PARTIDA":null,"FONTE_PRIMEIRA_PARTIDA":null,"TOTAL_JOGOS":0,"VITÓRIAS":0,"EMPATES":0,"DERROTAS":0,"APROVEITAMENTO_PCT":0,"GOLS_MARCADOS":0,"GOLS_SOFRIDOS":0,"NOMES_ALTERNATIVOS":[],"FONTES_JOGOS":[],"LATITUDE":-12.945935124966327,"LONGITUDE":-38.417250187074316,"PAIS_ISO3":"BRA"},"geometry":{"type":"Point","coordinates":[-38.417250187074316,-12.945935124966327]}},{"type":"Feature","properties":{"ESTÁDIO":"GRAN PARQUE CENTRAL","CIDADE":"MONTEVIDÉU","ESTADO":"DEPARTAMENTO MONTEVIDÉU","PAÍS":"URUGUAI","CAPACIDADE":"37000","PRIMEIRA_PARTIDA":"CORINTHIANS 2x0 INDEPENDIENTE SANTA FE","DATA_PRIMEIRA_PARTIDA":"2021-11-21","ANO_PRIMEIRA_PARTIDA":2021,"ADVERSARIO":"INDEPENDIENTE SANTA FE","PLACAR":"2x0","COMPETICAO_PRIMEIRA_PARTIDA":"Libertadores Feminina 2021","MANDO_PRIMEIRA_PARTIDA":"Sim","FONTE_PRIMEIRA_PARTIDA":"https://www.meutimao.com.br/jogo/7206/libertadores-feminina-2021/final/corinthians-2-x-0-independiente_santa_fe","TOTAL_JOGOS":1,"VITÓRIAS":1,"EMPATES":0,"DERROTAS":0,"APROVEITAMENTO_PCT":100.0,"GOLS_MARCADOS":2,"GOLS_SOFRIDOS":0,"NOMES_ALTERNATIVOS":[],"FONTES_JOGOS":["Meu Timão"],"LATITUDE":-34.884261789014836,"LONGITUDE":-56.15824998707433,"PAIS_ISO3":"URY"},"geometry":{"type":"Point","coordinates":[-56.15824998707433,-34.884261789014836]}},{"type":"Feature","properties":{"ESTÁDIO":"GTECH COMMUNITY STADIUM","CIDADE":"LONDRES","ESTADO":"BRENTFORD","PAÍS":"INGLATERRA","CAPACIDADE":"17250","PRIMEIRA_PARTIDA":"CORINTHIANS 1x0 GOTHAM FC","DATA_PRIMEIRA_PARTIDA":"2026-01-28","ANO_PRIMEIRA_PARTIDA":2026,"ADVERSARIO":"GOTHAM FC","PLACAR":"1x0","COMPETICAO_PRIMEIRA_PARTIDA":"Copa das Campeãs 2026","MANDO_PRIMEIRA_PARTIDA":"Sim","FONTE_PRIMEIRA_PARTIDA":"https://www.meutimao.com.br/jogo/8821/copa-das-campeas-2026/corinthians-1-x-0-gotham_fc","TOTAL_JOGOS":1,"VITÓRIAS":1,"EMPATES":0,"DERROTAS":0,"APROVEITAMENTO_PCT":100.0,"GOLS_MARCADOS":1,"GOLS_SOFRIDOS":0,"NOMES_ALTERNATIVOS":[],"FONTES_JOGOS":["Meu Timão"],"LATITUDE":51.49091800344337,"LONGITUDE":-0.288801813492398,"PAIS_ISO3":"GBR"},"geometry":{"type":"Point","coordinates":[-0.288801813492398,51.49091800344337]}},{"type":"Feature","properties":{"ESTÁDIO":"Giulite Coutinho","CIDADE":null,"ESTADO":null,"PAÍS":"Brasil","CAPACIDADE":null,"PRIMEIRA_PARTIDA":"FLAMENGO 1x3 CORINTHIANS","DATA_PRIMEIRA_PARTIDA":"2020-08-31","ANO_PRIMEIRA_PARTIDA":2020,"ADVERSARIO":"FLAMENGO","PLACAR":"1x3","COMPETICAO_PRIMEIRA_PARTIDA":"Brasileiro Feminino 2020","MANDO_PRIMEIRA_PARTIDA":"Não","FONTE_PRIMEIRA_PARTIDA":"https://www.meutimao.com.br/jogo/1439/brasileiro-feminino-2020/flamengo-1-x-3-corinthians","TOTAL_JOGOS":1,"VITÓRIAS":1,"EMPATES":0,"DERROTAS":0,"APROVEITAMENTO_PCT":100.0,"GOLS_MARCADOS":3,"GOLS_SOFRIDOS":1,"NOMES_ALTERNATIVOS":["Giulite Coutinho (Édson Passos)"],"FONTES_JOGOS":["Meu Timão"],"LATITUDE":-22.7954789,"LONGITUDE":-43.4197703,"PAIS_ISO3":"BRA"},"geometry":{"type":"Point","coordinates":[-43.4197703,-22.7954789]}},{"type":"Feature","properties":{"ESTÁDIO":"Gonzalo Pozo Ripalda","CIDADE":"QUITO","ESTADO":"PICHINCHA","PAÍS":"EQUADOR","CAPACIDADE":"18799","PRIMEIRA_PARTIDA":null,"DATA_PRIMEIRA_PARTIDA":null,"ANO_PRIMEIRA_PARTIDA":null,"ADVERSARIO":null,"PLACAR":null,"COMPETICAO_PRIMEIRA_PARTIDA":null,"MANDO_PRIMEIRA_PARTIDA":null,"FONTE_PRIMEIRA_PARTIDA":null,"TOTAL_JOGOS":0,"VITÓRIAS":0,"EMPATES":0,"DERROTAS":0,"APROVEITAMENTO_PCT":0,"GOLS_MARCADOS":0,"GOLS_SOFRIDOS":0,"NOMES_ALTERNATIVOS":[],"FONTES_JOGOS":[],"LATITUDE":-0.27863817534163,"LONGITUDE":-78.5457340754265,"PAIS_ISO3":"ECU"},"geometry":{"type":"Point","coordinates":[-78.5457340754265,-0.27863817534163]}},{"type":"Feature","properties":{"ESTÁDIO":"GÍGLIO PORTUGAL PICHININ (BAETÃO)","CIDADE":"SÃO BERNARDO DO CAMPO ","ESTADO":"SÃO PAULO","PAÍS":"BRASIL","CAPACIDADE":"6315","PRIMEIRA_PARTIDA":"SÃO BERNARDO 0x3 CORINTHIANS","DATA_PRIMEIRA_PARTIDA":"2008-08-09","ANO_PRIMEIRA_PARTIDA":2008,"ADVERSARIO":"SÃO BERNARDO","PLACAR":"0x3","COMPETICAO_PRIMEIRA_PARTIDA":"CAMPEONATO PAULISTA / FPF","MANDO_PRIMEIRA_PARTIDA":"Não","FONTE_PRIMEIRA_PARTIDA":null,"TOTAL_JOGOS":3,"VITÓRIAS":2,"EMPATES":0,"DERROTAS":1,"APROVEITAMENTO_PCT":66.7,"GOLS_MARCADOS":8,"GOLS_SOFRIDOS":4,"NOMES_ALTERNATIVOS":[],"FONTES_JOGOS":["Daniel Keppler"],"LATITUDE":-23.698838141812,"LONGITUDE":-46.542356029403884,"PAIS_ISO3":"BRA"},"geometry":{"type":"Point","coordinates":[-46.542356029403884,-23.698838141812]}},{"type":"Feature","properties":{"ESTÁDIO":"HERMÍNIO ESPOSITO","CIDADE":"EMBU DAS ARTES ","ESTADO":"SÃO PAULO","PAÍS":"BRASIL","CAPACIDADE":"5048","PRIMEIRA_PARTIDA":"AD EMBU DAS ARTES 2x5 CORINTHIANS","DATA_PRIMEIRA_PARTIDA":"2017-06-11","ANO_PRIMEIRA_PARTIDA":2017,"ADVERSARIO":"AD EMBU DAS ARTES","PLACAR":"2x5","COMPETICAO_PRIMEIRA_PARTIDA":"Paulista Feminino 2017","MANDO_PRIMEIRA_PARTIDA":"Não","FONTE_PRIMEIRA_PARTIDA":"https://www.meutimao.com.br/jogo/5325/paulista-feminino-2017/ad_embu_das_artes-2-x-5-corinthians","TOTAL_JOGOS":1,"VITÓRIAS":1,"EMPATES":0,"DERROTAS":0,"APROVEITAMENTO_PCT":100.0,"GOLS_MARCADOS":5,"GOLS_SOFRIDOS":2,"NOMES_ALTERNATIVOS":[],"FONTES_JOGOS":["Meu Timão"],"LATITUDE":-23.65319035613817,"LONGITUDE":-46.856368817756056,"PAIS_ISO3":"BRA"},"geometry":{"type":"Point","coordinates":[-46.856368817756056,-23.65319035613817]}},{"type":"Feature","properties":{"ESTÁDIO":"Ilha do Retiro","CIDADE":"RECIFE ","ESTADO":"PERNAMBUCO","PAÍS":"BRASIL","CAPACIDADE":"32500","PRIMEIRA_PARTIDA":"SPORT 0x0 CORINTHIANS","DATA_PRIMEIRA_PARTIDA":"2017-05-03","ANO_PRIMEIRA_PARTIDA":2017,"ADVERSARIO":"SPORT","PLACAR":"0x0","COMPETICAO_PRIMEIRA_PARTIDA":"Brasileirão Feminino 2017","MANDO_PRIMEIRA_PARTIDA":"Não","FONTE_PRIMEIRA_PARTIDA":"https://www.meutimao.com.br/jogo/5161/brasileirao-feminino-2017/sport-0-x-0-corinthians","TOTAL_JOGOS":3,"VITÓRIAS":2,"EMPATES":1,"DERROTAS":0,"APROVEITAMENTO_PCT":77.8,"GOLS_MARCADOS":8,"GOLS_SOFRIDOS":0,"NOMES_ALTERNATIVOS":[],"FONTES_JOGOS":["Meu Timão"],"LATITUDE":-8.0629168,"LONGITUDE":-34.9029094,"CAPACIDADE_STADIUMDB":"45500","FONTE_CAPACIDADE_STADIUMDB":"StadiumDB.com","URL_CAPACIDADE_STADIUMDB":"https://stadiumdb.com/stadiums/bra/estadio_ilha_do_retiro","PAIS_ISO3":"BRA"},"geometry":{"type":"Point","coordinates":[-34.9029094,-8.0629168]}},{"type":"Feature","properties":{"ESTÁDIO":"JOAQUIM HENRIQUE NOGUEIRA (ARENA DO JACARÉ)","CIDADE":"SETE LAGOAS","ESTADO":"MINAS GERAIS","PAÍS":"BRASIL","CAPACIDADE":"19998","PRIMEIRA_PARTIDA":null,"DATA_PRIMEIRA_PARTIDA":null,"ANO_PRIMEIRA_PARTIDA":null,"ADVERSARIO":null,"PLACAR":null,"COMPETICAO_PRIMEIRA_PARTIDA":null,"MANDO_PRIMEIRA_PARTIDA":null,"FONTE_PRIMEIRA_PARTIDA":null,"TOTAL_JOGOS":0,"VITÓRIAS":0,"EMPATES":0,"DERROTAS":0,"APROVEITAMENTO_PCT":0,"GOLS_MARCADOS":0,"GOLS_SOFRIDOS":0,"NOMES_ALTERNATIVOS":[],"FONTES_JOGOS":[],"LATITUDE":-19.478257002276273,"LONGITUDE":-44.223801910510474,"PAIS_ISO3":"BRA"},"geometry":{"type":"Point","coordinates":[-44.223801910510474,-19.478257002276273]}},{"type":"Feature","properties":{"ESTÁDIO":"JORNALISTA EDGAR PROENÇA (OLÍMPICO DO PARÁ / MANGHEIRÃO)","CIDADE":"BELÉM ","ESTADO":"PARÁ","PAÍS":"BRASIL","CAPACIDADE":"53645","PRIMEIRA_PARTIDA":null,"DATA_PRIMEIRA_PARTIDA":null,"ANO_PRIMEIRA_PARTIDA":null,"ADVERSARIO":null,"PLACAR":null,"COMPETICAO_PRIMEIRA_PARTIDA":null,"MANDO_PRIMEIRA_PARTIDA":null,"FONTE_PRIMEIRA_PARTIDA":null,"TOTAL_JOGOS":0,"VITÓRIAS":0,"EMPATES":0,"DERROTAS":0,"APROVEITAMENTO_PCT":0,"GOLS_MARCADOS":0,"GOLS_SOFRIDOS":0,"NOMES_ALTERNATIVOS":[],"FONTES_JOGOS":[],"LATITUDE":-1.380978925632951,"LONGITUDE":-48.44300959133605,"PAIS_ISO3":"BRA"},"geometry":{"type":"Point","coordinates":[-48.44300959133605,-1.380978925632951]}},{"type":"Feature","properties":{"ESTÁDIO":"JOSÉ AMALFITANI iEL FORTÍN DE LINIERS)","CIDADE":"BUENOS AIRES","ESTADO":"BUENOS AIRES","PAÍS":"ARGENTINA","CAPACIDADE":"49540","PRIMEIRA_PARTIDA":null,"DATA_PRIMEIRA_PARTIDA":null,"ANO_PRIMEIRA_PARTIDA":null,"ADVERSARIO":null,"PLACAR":null,"COMPETICAO_PRIMEIRA_PARTIDA":null,"MANDO_PRIMEIRA_PARTIDA":null,"FONTE_PRIMEIRA_PARTIDA":null,"TOTAL_JOGOS":0,"VITÓRIAS":0,"EMPATES":0,"DERROTAS":0,"APROVEITAMENTO_PCT":0,"GOLS_MARCADOS":0,"GOLS_SOFRIDOS":0,"NOMES_ALTERNATIVOS":[],"FONTES_JOGOS":[],"LATITUDE":-34.635154380242916,"LONGITUDE":-58.51991662386432,"PAIS_ISO3":"ARG"},"geometry":{"type":"Point","coordinates":[-58.51991662386432,-34.635154380242916]}},{"type":"Feature","properties":{"ESTÁDIO":"JOSÉ BASTOS PADILHA (GÁVEA)","CIDADE":"RIO DE JANEIRO ","ESTADO":"RIO DE JANEIRO","PAÍS":"BRASIL","CAPACIDADE":"6000","PRIMEIRA_PARTIDA":null,"DATA_PRIMEIRA_PARTIDA":null,"ANO_PRIMEIRA_PARTIDA":null,"ADVERSARIO":null,"PLACAR":null,"COMPETICAO_PRIMEIRA_PARTIDA":null,"MANDO_PRIMEIRA_PARTIDA":null,"FONTE_PRIMEIRA_PARTIDA":null,"TOTAL_JOGOS":0,"VITÓRIAS":0,"EMPATES":0,"DERROTAS":0,"APROVEITAMENTO_PCT":0,"GOLS_MARCADOS":0,"GOLS_SOFRIDOS":0,"NOMES_ALTERNATIVOS":[],"FONTES_JOGOS":[],"LATITUDE":-22.978323663490634,"LONGITUDE":-43.221570067471745,"PAIS_ISO3":"BRA"},"geometry":{"type":"Point","coordinates":[-43.221570067471745,-22.978323663490634]}},{"type":"Feature","properties":{"ESTÁDIO":"JOSÉ BATISTA PEREIRA FERNANDES (DISTRITAL DO INAMAR)","CIDADE":"DIADEMA","ESTADO":"SÃO PAULO","PAÍS":"BRASIL","CAPACIDADE":"8075","PRIMEIRA_PARTIDA":"CORINTHIANS 1x0 ATLÉTICO-MG","DATA_PRIMEIRA_PARTIDA":"2023-02-05","ANO_PRIMEIRA_PARTIDA":2023,"ADVERSARIO":"ATLÉTICO-MG","PLACAR":"1x0","COMPETICAO_PRIMEIRA_PARTIDA":"Supercopa Feminina 2023","MANDO_PRIMEIRA_PARTIDA":"Sim","FONTE_PRIMEIRA_PARTIDA":"https://www.meutimao.com.br/jogo/7603/supercopa-feminina-2023/quartas_de_final/corinthians-1-x-0-atletico-mg","TOTAL_JOGOS":1,"VITÓRIAS":1,"EMPATES":0,"DERROTAS":0,"APROVEITAMENTO_PCT":100.0,"GOLS_MARCADOS":1,"GOLS_SOFRIDOS":0,"NOMES_ALTERNATIVOS":[],"FONTES_JOGOS":["Meu Timão"],"LATITUDE":-23.72265991128569,"LONGITUDE":-46.61270155300039,"PAIS_ISO3":"BRA"},"geometry":{"type":"Point","coordinates":[-46.61270155300039,-23.72265991128569]}},{"type":"Feature","properties":{"ESTÁDIO":"JOSÉ MARIA DE CAMPOS MAIA (MAIÃO)","CIDADE":"MIRASSOL ","ESTADO":"SÃO PAULO","PAÍS":"BRASIL","CAPACIDADE":"15000","PRIMEIRA_PARTIDA":null,"DATA_PRIMEIRA_PARTIDA":null,"ANO_PRIMEIRA_PARTIDA":null,"ADVERSARIO":null,"PLACAR":null,"COMPETICAO_PRIMEIRA_PARTIDA":null,"MANDO_PRIMEIRA_PARTIDA":null,"FONTE_PRIMEIRA_PARTIDA":null,"TOTAL_JOGOS":0,"VITÓRIAS":0,"EMPATES":0,"DERROTAS":0,"APROVEITAMENTO_PCT":0,"GOLS_MARCADOS":0,"GOLS_SOFRIDOS":0,"NOMES_ALTERNATIVOS":[],"FONTES_JOGOS":[],"LATITUDE":-20.8222211205369,"LONGITUDE":-49.50558410852345,"PAIS_ISO3":"BRA"},"geometry":{"type":"Point","coordinates":[-49.50558410852345,-20.8222211205369]}},{"type":"Feature","properties":{"ESTÁDIO":"JOSÉ TORTORELLO","CIDADE":"SÃO CAETANO DO SUL","ESTADO":"SÃO PAULO","PAÍS":"BRASIL","CAPACIDADE":"DESCONHECIDO","PRIMEIRA_PARTIDA":"CORINTHIANS 0x1 SÃO BERNARDO DO CAMPO","DATA_PRIMEIRA_PARTIDA":"2009-10-12","ANO_PRIMEIRA_PARTIDA":2009,"ADVERSARIO":"SÃO BERNARDO DO CAMPO","PLACAR":"0x1","COMPETICAO_PRIMEIRA_PARTIDA":"JOGOS ABERTOS DO INTERIOR","MANDO_PRIMEIRA_PARTIDA":"Neutro","FONTE_PRIMEIRA_PARTIDA":null,"TOTAL_JOGOS":1,"VITÓRIAS":0,"EMPATES":0,"DERROTAS":1,"APROVEITAMENTO_PCT":0.0,"GOLS_MARCADOS":0,"GOLS_SOFRIDOS":1,"NOMES_ALTERNATIVOS":[],"FONTES_JOGOS":["Daniel Keppler"],"LATITUDE":-23.64304411809633,"LONGITUDE":-46.56998143226346,"PAIS_ISO3":"BRA"},"geometry":{"type":"Point","coordinates":[-46.56998143226346,-23.64304411809633]}},{"type":"Feature","properties":{"ESTÁDIO":"JOÃO CORRÊA DA SILVEIRA (MONUMENTAL DO CRISTO REI)","CIDADE":"SÃO LEOPOLDO","ESTADO":"RIO GRANDE DO SUL","PAÍS":"BRASIL","CAPACIDADE":"10000","PRIMEIRA_PARTIDA":null,"DATA_PRIMEIRA_PARTIDA":null,"ANO_PRIMEIRA_PARTIDA":null,"ADVERSARIO":null,"PLACAR":null,"COMPETICAO_PRIMEIRA_PARTIDA":null,"MANDO_PRIMEIRA_PARTIDA":null,"FONTE_PRIMEIRA_PARTIDA":null,"TOTAL_JOGOS":0,"VITÓRIAS":0,"EMPATES":0,"DERROTAS":0,"APROVEITAMENTO_PCT":0,"GOLS_MARCADOS":0,"GOLS_SOFRIDOS":0,"NOMES_ALTERNATIVOS":[],"FONTES_JOGOS":[],"LATITUDE":-29.78221479148642,"LONGITUDE":-51.15501223125043,"PAIS_ISO3":"BRA"},"geometry":{"type":"Point","coordinates":[-51.15501223125043,-29.78221479148642]}},{"type":"Feature","properties":{"ESTÁDIO":"JOÃO LAMEGO NETTO (IPATINGÃO)","CIDADE":"IPATINGA ","ESTADO":"MINAS GERAIS","PAÍS":"BRASIL","CAPACIDADE":"22500","PRIMEIRA_PARTIDA":"IGUAÇU-MG 1x5 CORINTHIANS","DATA_PRIMEIRA_PARTIDA":"2008-11-02","ANO_PRIMEIRA_PARTIDA":2008,"ADVERSARIO":"IGUAÇU-MG","PLACAR":"1x5","COMPETICAO_PRIMEIRA_PARTIDA":"COPA DO BRASIL","MANDO_PRIMEIRA_PARTIDA":"Não","FONTE_PRIMEIRA_PARTIDA":null,"TOTAL_JOGOS":1,"VITÓRIAS":1,"EMPATES":0,"DERROTAS":0,"APROVEITAMENTO_PCT":100.0,"GOLS_MARCADOS":5,"GOLS_SOFRIDOS":1,"NOMES_ALTERNATIVOS":[],"FONTES_JOGOS":["Daniel Keppler"],"LATITUDE":-19.471272168163804,"LONGITUDE":-42.5411241582391,"PAIS_ISO3":"BRA"},"geometry":{"type":"Point","coordinates":[-42.5411241582391,-19.471272168163804]}},{"type":"Feature","properties":{"ESTÁDIO":"JOÃO MENDES ATHAYDE","CIDADE":"SÃO JOSÉ DO RIO PRETO ","ESTADO":"SÃO PAULO","PAÍS":"BRASIL","CAPACIDADE":"4000","PRIMEIRA_PARTIDA":"REALIDADE JOVEM 1x4 CORINTHIANS","DATA_PRIMEIRA_PARTIDA":"2022-11-03","ANO_PRIMEIRA_PARTIDA":2022,"ADVERSARIO":"REALIDADE JOVEM","PLACAR":"1x4","COMPETICAO_PRIMEIRA_PARTIDA":"Paulista Feminino 2022","MANDO_PRIMEIRA_PARTIDA":"Não","FONTE_PRIMEIRA_PARTIDA":"https://www.meutimao.com.br/jogo/7441/paulista-feminino-2022/realidade_jovem-1-x-4-corinthians","TOTAL_JOGOS":3,"VITÓRIAS":3,"EMPATES":0,"DERROTAS":0,"APROVEITAMENTO_PCT":100.0,"GOLS_MARCADOS":11,"GOLS_SOFRIDOS":1,"NOMES_ALTERNATIVOS":[],"FONTES_JOGOS":["Meu Timão"],"LATITUDE":-20.814393599785742,"LONGITUDE":-49.41902775639259,"PAIS_ISO3":"BRA"},"geometry":{"type":"Point","coordinates":[-49.41902775639259,-20.814393599785742]}},{"type":"Feature","properties":{"ESTÁDIO":"JUNQUEIRA AYRES","CIDADE":"SÃO FRANCISCO DO CONDE ","ESTADO":"BAHIA","PAÍS":"BRASIL","CAPACIDADE":"3000","PRIMEIRA_PARTIDA":"SÃO FRANCISCO 0x4 CORINTHIANS","DATA_PRIMEIRA_PARTIDA":"2017-03-12","ANO_PRIMEIRA_PARTIDA":2017,"ADVERSARIO":"SÃO FRANCISCO","PLACAR":"0x4","COMPETICAO_PRIMEIRA_PARTIDA":"Brasileirão Feminino 2017","MANDO_PRIMEIRA_PARTIDA":"Não","FONTE_PRIMEIRA_PARTIDA":"https://www.meutimao.com.br/jogo/5152/brasileirao-feminino-2017/sao_francisco-0-x-4-corinthians","TOTAL_JOGOS":2,"VITÓRIAS":1,"EMPATES":1,"DERROTAS":0,"APROVEITAMENTO_PCT":66.7,"GOLS_MARCADOS":4,"GOLS_SOFRIDOS":0,"NOMES_ALTERNATIVOS":[],"FONTES_JOGOS":["Meu Timão"],"LATITUDE":-12.623608328259063,"LONGITUDE":-38.684901560085635,"PAIS_ISO3":"BRA"},"geometry":{"type":"Point","coordinates":[-38.684901560085635,-12.623608328259063]}},{"type":"Feature","properties":{"ESTÁDIO":"Jayme Cintra","CIDADE":null,"ESTADO":null,"PAÍS":"Brasil","CAPACIDADE":"14771","PRIMEIRA_PARTIDA":"PALMEIRAS 1x1 CORINTHIANS","DATA_PRIMEIRA_PARTIDA":"2023-05-17","ANO_PRIMEIRA_PARTIDA":2023,"ADVERSARIO":"PALMEIRAS","PLACAR":"1x1","COMPETICAO_PRIMEIRA_PARTIDA":"Paulista Feminino 2023","MANDO_PRIMEIRA_PARTIDA":"Não","FONTE_PRIMEIRA_PARTIDA":"https://www.meutimao.com.br/jogo/7735/paulista-feminino-2023/palmeiras-1-x-1-corinthians","TOTAL_JOGOS":4,"VITÓRIAS":3,"EMPATES":1,"DERROTAS":0,"APROVEITAMENTO_PCT":83.3,"GOLS_MARCADOS":6,"GOLS_SOFRIDOS":2,"NOMES_ALTERNATIVOS":["Jaime Cintra"],"FONTES_JOGOS":["Meu Timão"],"LATITUDE":-23.1882884,"LONGITUDE":-46.8599183,"CAPACIDADE_FONTE":"Meu Timão","URL_FONTE_CAPACIDADE":"https://www.meutimao.com.br/estadio/jaime_cintra/","PAIS_ISO3":"BRA"},"geometry":{"type":"Point","coordinates":[-46.8599183,-23.1882884]}},{"type":"Feature","properties":{"ESTÁDIO":"Joaquim de Morais Filho","CIDADE":"TAUBATÉ ","ESTADO":"SÃO PAULO","PAÍS":"BRASIL","CAPACIDADE":"9600","PRIMEIRA_PARTIDA":"CORINTHIANS 10x0 NACIONAL-AM","DATA_PRIMEIRA_PARTIDA":"1997-11-08","ANO_PRIMEIRA_PARTIDA":1997,"ADVERSARIO":"NACIONAL-AM","PLACAR":"10x0","COMPETICAO_PRIMEIRA_PARTIDA":"TAÇA BRASIL","MANDO_PRIMEIRA_PARTIDA":"Sim","FONTE_PRIMEIRA_PARTIDA":null,"TOTAL_JOGOS":17,"VITÓRIAS":14,"EMPATES":2,"DERROTAS":1,"APROVEITAMENTO_PCT":86.3,"GOLS_MARCADOS":58,"GOLS_SOFRIDOS":10,"NOMES_ALTERNATIVOS":["Joaquinzão"],"FONTES_JOGOS":["Daniel Keppler","Meu Timão"],"LATITUDE":-23.02780096330927,"LONGITUDE":-45.56983161590955,"PAIS_ISO3":"BRA"},"geometry":{"type":"Point","coordinates":[-45.56983161590955,-23.02780096330927]}},{"type":"Feature","properties":{"ESTÁDIO":"José Liberatti","CIDADE":null,"ESTADO":null,"PAÍS":"Brazil","CAPACIDADE":"17430","PRIMEIRA_PARTIDA":"CORINTHIANS 2x1 RIO PRETO","DATA_PRIMEIRA_PARTIDA":"2016-01-27","ANO_PRIMEIRA_PARTIDA":2016,"ADVERSARIO":"RIO PRETO","PLACAR":"2x1","COMPETICAO_PRIMEIRA_PARTIDA":"Brasileirão 2016","MANDO_PRIMEIRA_PARTIDA":"Sim","FONTE_PRIMEIRA_PARTIDA":"https://www.meutimao.com.br/jogo/4700/brasileirao-2016/corinthians-2-x-1-rio_preto","TOTAL_JOGOS":20,"VITÓRIAS":17,"EMPATES":2,"DERROTAS":1,"APROVEITAMENTO_PCT":88.3,"GOLS_MARCADOS":73,"GOLS_SOFRIDOS":9,"NOMES_ALTERNATIVOS":[],"FONTES_JOGOS":["Meu Timão"],"LATITUDE":-23.5112728,"LONGITUDE":-46.7763584,"PRECISAO_COORDENADAS":"Estádio identificado","FONTE_COORDENADAS":"OpenStreetMap Nominatim","URL_FONTE_COORDENADAS":"https://www.openstreetmap.org/way/161555648","ATRIBUICAO_COORDENADAS":"© OpenStreetMap contributors, ODbL 1.0","CAPACIDADE_FONTE":"Meu Timão","URL_FONTE_CAPACIDADE":"https://www.meutimao.com.br/estadio/jose_liberatti?genero=feminino","PAIS_ISO3":"BRA","FONTE_CORRECAO_PAIS":"https://data.geocode.earth/wof/dist/legacy/whosonfirst-data-country-latest.tar.bz2"},"geometry":{"type":"Point","coordinates":[-46.7763584,-23.5112728]}},{"type":"Feature","properties":{"ESTÁDIO":"KLEBER ANDRADE","CIDADE":"CARIACICA","ESTADO":"ESPÍRITO SANTO","PAÍS":"BRASIL","CAPACIDADE":"21000","PRIMEIRA_PARTIDA":"FLAMENGO 1x2 CORINTHIANS","DATA_PRIMEIRA_PARTIDA":"2019-09-08","ANO_PRIMEIRA_PARTIDA":2019,"ADVERSARIO":"FLAMENGO","PLACAR":"1x2","COMPETICAO_PRIMEIRA_PARTIDA":"Brasileiro Feminino 2019","MANDO_PRIMEIRA_PARTIDA":"Não","FONTE_PRIMEIRA_PARTIDA":"https://www.meutimao.com.br/jogo/1336/brasileiro-feminino-2019/flamengo-1-x-2-corinthians","TOTAL_JOGOS":1,"VITÓRIAS":1,"EMPATES":0,"DERROTAS":0,"APROVEITAMENTO_PCT":100.0,"GOLS_MARCADOS":2,"GOLS_SOFRIDOS":1,"NOMES_ALTERNATIVOS":[],"FONTES_JOGOS":["Meu Timão"],"LATITUDE":-20.332542717054267,"LONGITUDE":-40.38458511406303,"CAPACIDADE_STADIUMDB":"21150","FONTE_CAPACIDADE_STADIUMDB":"StadiumDB.com","URL_CAPACIDADE_STADIUMDB":"https://stadiumdb.com/stadiums/bra/estadio_kleber_andrade","PAIS_ISO3":"BRA"},"geometry":{"type":"Point","coordinates":[-40.38458511406303,-20.332542717054267]}},{"type":"Feature","properties":{"ESTÁDIO":"LA ARBOLEDA","CIDADE":"ASSUNÇÃO","ESTADO":"DEPARTAMENTO CENTRAL","PAÍS":"PARAGUAI","CAPACIDADE":"8000","PRIMEIRA_PARTIDA":"SPORTIVO LIMPEÑO 0x2 CORINTHIANS","DATA_PRIMEIRA_PARTIDA":"2017-10-11","ANO_PRIMEIRA_PARTIDA":2017,"ADVERSARIO":"SPORTIVO LIMPEÑO","PLACAR":"0x2","COMPETICAO_PRIMEIRA_PARTIDA":"Libertadores Feminina 2017","MANDO_PRIMEIRA_PARTIDA":"Não","FONTE_PRIMEIRA_PARTIDA":"https://www.meutimao.com.br/jogo/5337/libertadores-feminina-2017/sportivo_limpeno-0-x-2-corinthians","TOTAL_JOGOS":3,"VITÓRIAS":3,"EMPATES":0,"DERROTAS":0,"APROVEITAMENTO_PCT":100.0,"GOLS_MARCADOS":10,"GOLS_SOFRIDOS":2,"NOMES_ALTERNATIVOS":[],"FONTES_JOGOS":["Meu Timão"],"LATITUDE":-25.257324985267747,"LONGITUDE":-57.57451669872214,"PAIS_ISO3":"PRY"},"geometry":{"type":"Point","coordinates":[-57.57451669872214,-25.257324985267747]}},{"type":"Feature","properties":{"ESTÁDIO":"LEONARDO BARBIERI","CIDADE":"ÁGUAS DE LINDOIA ","ESTADO":"SÃO PAULO","PAÍS":"BRASIL","CAPACIDADE":"7200","PRIMEIRA_PARTIDA":"SAAD-SP 1x2 CORINTHIANS","DATA_PRIMEIRA_PARTIDA":"2008-11-08","ANO_PRIMEIRA_PARTIDA":2008,"ADVERSARIO":"SAAD-SP","PLACAR":"1x2","COMPETICAO_PRIMEIRA_PARTIDA":"CAMPEONATO PAULISTA / FPF","MANDO_PRIMEIRA_PARTIDA":"Não","FONTE_PRIMEIRA_PARTIDA":null,"TOTAL_JOGOS":2,"VITÓRIAS":1,"EMPATES":0,"DERROTAS":1,"APROVEITAMENTO_PCT":50.0,"GOLS_MARCADOS":2,"GOLS_SOFRIDOS":2,"NOMES_ALTERNATIVOS":[],"FONTES_JOGOS":["Daniel Keppler"],"LATITUDE":-22.478608595106202,"LONGITUDE":-46.63596156988692,"PAIS_ISO3":"BRA"},"geometry":{"type":"Point","coordinates":[-46.63596156988692,-22.478608595106202]}},{"type":"Feature","properties":{"ESTÁDIO":"LUIS ALFONSO GIAGNI","CIDADE":"VILLA ELISA","ESTADO":"DEPARTAMENTO CENTRAL","PAÍS":"PARAGUAI","CAPACIDADE":"11000","PRIMEIRA_PARTIDA":"CORINTHIANS 3x0 CERRO PORTEÑO","DATA_PRIMEIRA_PARTIDA":"2017-10-19","ANO_PRIMEIRA_PARTIDA":2017,"ADVERSARIO":"CERRO PORTEÑO","PLACAR":"3x0","COMPETICAO_PRIMEIRA_PARTIDA":"Libertadores Feminina 2017","MANDO_PRIMEIRA_PARTIDA":"Sim","FONTE_PRIMEIRA_PARTIDA":"https://www.meutimao.com.br/jogo/7128/libertadores-feminina-2017/corinthians-3-x-0-cerro_porteno","TOTAL_JOGOS":1,"VITÓRIAS":1,"EMPATES":0,"DERROTAS":0,"APROVEITAMENTO_PCT":100.0,"GOLS_MARCADOS":3,"GOLS_SOFRIDOS":0,"NOMES_ALTERNATIVOS":[],"FONTES_JOGOS":["Meu Timão"],"LATITUDE":-25.36720022210868,"LONGITUDE":-57.58427930241521,"PAIS_ISO3":"PRY"},"geometry":{"type":"Point","coordinates":[-57.58427930241521,-25.36720022210868]}},{"type":"Feature","properties":{"ESTÁDIO":"LUSO-BRASILEIRO (ESTÁDIO DOS VENTOS UIVANTES)","CIDADE":"RIO DE JANEIRO ","ESTADO":"RIO DE JANEIRO","PAÍS":"BRASIL","CAPACIDADE":"5044","PRIMEIRA_PARTIDA":null,"DATA_PRIMEIRA_PARTIDA":null,"ANO_PRIMEIRA_PARTIDA":null,"ADVERSARIO":null,"PLACAR":null,"COMPETICAO_PRIMEIRA_PARTIDA":null,"MANDO_PRIMEIRA_PARTIDA":null,"FONTE_PRIMEIRA_PARTIDA":null,"TOTAL_JOGOS":0,"VITÓRIAS":0,"EMPATES":0,"DERROTAS":0,"APROVEITAMENTO_PCT":0,"GOLS_MARCADOS":0,"GOLS_SOFRIDOS":0,"NOMES_ALTERNATIVOS":[],"FONTES_JOGOS":[],"LATITUDE":-22.801433427456193,"LONGITUDE":-43.20747234843782,"PAIS_ISO3":"BRA"},"geometry":{"type":"Point","coordinates":[-43.20747234843782,-22.801433427456193]}},{"type":"Feature","properties":{"ESTÁDIO":"Arena Independência","CIDADE":"Belo Horizonte","ESTADO":"Minas Gerais","PAÍS":"Brasil","CAPACIDADE":"23950","PRIMEIRA_PARTIDA":"ATLÉTICO-MG 1x1 CORINTHIANS","DATA_PRIMEIRA_PARTIDA":"2022-03-14","ANO_PRIMEIRA_PARTIDA":2022,"ADVERSARIO":"ATLÉTICO-MG","PLACAR":"1x1","COMPETICAO_PRIMEIRA_PARTIDA":"Brasileiro Feminino 2022","MANDO_PRIMEIRA_PARTIDA":"Não","FONTE_PRIMEIRA_PARTIDA":"https://www.meutimao.com.br/jogo/7303/brasileiro-feminino-2022/atletico-mg-1-x-1-corinthians","TOTAL_JOGOS":3,"VITÓRIAS":1,"EMPATES":2,"DERROTAS":0,"APROVEITAMENTO_PCT":55.6,"GOLS_MARCADOS":4,"GOLS_SOFRIDOS":3,"NOMES_ALTERNATIVOS":["Independência","Estádio Raimundo Sampaio"],"FONTES_JOGOS":["Meu Timão"],"LATITUDE":-19.90848330206083,"LONGITUDE":-43.91854807059611,"CAPACIDADE_FONTE":"Meu Timão","URL_FONTE_CAPACIDADE":"https://www.meutimao.com.br/estadio/la_independencia/","ESTADIO":"Arena Independência","NOME_OFICIAL":"Estádio Raimundo Sampaio","VITORIAS":1,"PAIS_ISO3":"BRA"},"geometry":{"type":"Point","coordinates":[-43.91854807059611,-19.90848330206083]}},{"type":"Feature","properties":{"ESTÁDIO":"Lancha Filho","CIDADE":null,"ESTADO":null,"PAÍS":"Brazil","CAPACIDADE":"14686","PRIMEIRA_PARTIDA":"FRANCANA 0x2 CORINTHIANS","DATA_PRIMEIRA_PARTIDA":"2016-04-23","ANO_PRIMEIRA_PARTIDA":2016,"ADVERSARIO":"FRANCANA","PLACAR":"0x2","COMPETICAO_PRIMEIRA_PARTIDA":"Paulista 2016","MANDO_PRIMEIRA_PARTIDA":"Não","FONTE_PRIMEIRA_PARTIDA":"https://www.meutimao.com.br/jogo/4711/paulista-2016/francana-0-x-2-corinthians","TOTAL_JOGOS":1,"VITÓRIAS":1,"EMPATES":0,"DERROTAS":0,"APROVEITAMENTO_PCT":100.0,"GOLS_MARCADOS":2,"GOLS_SOFRIDOS":0,"NOMES_ALTERNATIVOS":[],"FONTES_JOGOS":["Meu Timão"],"LATITUDE":-20.5381768,"LONGITUDE":-47.4009795,"PRECISAO_COORDENADAS":"Município (estádio exato não identificado)","FONTE_COORDENADAS":"OpenStreetMap Nominatim (localidade aproximada)","URL_FONTE_COORDENADAS":"https://www.openstreetmap.org/relation/298530","ATRIBUICAO_COORDENADAS":"© OpenStreetMap contributors, ODbL 1.0","CAPACIDADE_FONTE":"Meu Timão","URL_FONTE_CAPACIDADE":"https://www.meutimao.com.br/estadio/lancha_filho?genero=feminino","PAIS_ISO3":"BRA","FONTE_CORRECAO_PAIS":"https://data.geocode.earth/wof/dist/legacy/whosonfirst-data-country-latest.tar.bz2"},"geometry":{"type":"Point","coordinates":[-47.4009795,-20.5381768]}},{"type":"Feature","properties":{"ESTÁDIO":"Lencho","CIDADE":"Buenos Aires","ESTADO":"Autonomous City of Buenos Aires","PAÍS":"Argentina","CAPACIDADE":"35000","PRIMEIRA_PARTIDA":"CORINTHIANS 1x1 INDEPENDIENTE DEL VALLE","DATA_PRIMEIRA_PARTIDA":"2025-10-02","ANO_PRIMEIRA_PARTIDA":2025,"ADVERSARIO":"INDEPENDIENTE DEL VALLE","PLACAR":"1x1","COMPETICAO_PRIMEIRA_PARTIDA":"Libertadores Feminina 2025","MANDO_PRIMEIRA_PARTIDA":"Sim","FONTE_PRIMEIRA_PARTIDA":"https://www.meutimao.com.br/jogo/8739/libertadores-feminina-2025/corinthians-1-x-1-independiente_del_valle","TOTAL_JOGOS":4,"VITÓRIAS":1,"EMPATES":3,"DERROTAS":0,"APROVEITAMENTO_PCT":50.0,"GOLS_MARCADOS":3,"GOLS_SOFRIDOS":2,"NOMES_ALTERNATIVOS":[],"FONTES_JOGOS":["Meu Timão"],"LATITUDE":-34.6095579,"LONGITUDE":-58.3887904,"PRECISAO_COORDENADAS":"Município (estádio exato não identificado)","FONTE_COORDENADAS":"OpenStreetMap Nominatim (localidade aproximada)","URL_FONTE_COORDENADAS":"https://www.openstreetmap.org/relation/1224652","ATRIBUICAO_COORDENADAS":"© OpenStreetMap contributors, ODbL 1.0","CAPACIDADE_FONTE":"Meu Timão","URL_FONTE_CAPACIDADE":"https://www.meutimao.com.br/estadio/lencho?genero=feminino","PAIS_ISO3":"ARG"},"geometry":{"type":"Point","coordinates":[-58.3887904,-34.6095579]}},{"type":"Feature","properties":{"ESTÁDIO":"Luso Brasileiro","CIDADE":null,"ESTADO":null,"PAÍS":"Brazil","CAPACIDADE":"18000","PRIMEIRA_PARTIDA":"FLAMENGO 2x3 CORINTHIANS","DATA_PRIMEIRA_PARTIDA":"2024-03-25","ANO_PRIMEIRA_PARTIDA":2024,"ADVERSARIO":"FLAMENGO","PLACAR":"2x3","COMPETICAO_PRIMEIRA_PARTIDA":"Brasileiro Feminino 2024","MANDO_PRIMEIRA_PARTIDA":"Não","FONTE_PRIMEIRA_PARTIDA":"https://www.meutimao.com.br/jogo/8029/brasileiro-feminino-2024/flamengo-2-x-3-corinthians","TOTAL_JOGOS":2,"VITÓRIAS":2,"EMPATES":0,"DERROTAS":0,"APROVEITAMENTO_PCT":100.0,"GOLS_MARCADOS":4,"GOLS_SOFRIDOS":2,"NOMES_ALTERNATIVOS":[],"FONTES_JOGOS":["Meu Timão"],"LATITUDE":-22.8017154,"LONGITUDE":-43.2081599,"PRECISAO_COORDENADAS":"Estádio identificado","FONTE_COORDENADAS":"OpenStreetMap Nominatim","URL_FONTE_COORDENADAS":"https://www.openstreetmap.org/way/499897352","ATRIBUICAO_COORDENADAS":"© OpenStreetMap contributors, ODbL 1.0","CAPACIDADE_FONTE":"Meu Timão","URL_FONTE_CAPACIDADE":"https://www.meutimao.com.br/estadio/luso_brasileiro?genero=feminino","PAIS_ISO3":"BRA","FONTE_CORRECAO_PAIS":"https://data.geocode.earth/wof/dist/legacy/whosonfirst-data-country-latest.tar.bz2"},"geometry":{"type":"Point","coordinates":[-43.2081599,-22.8017154]}},{"type":"Feature","properties":{"ESTÁDIO":"MANOEL FRANCISCO FERREIRA","CIDADE":"BÁLSAMO ","ESTADO":"SÃO PAULO","PAÍS":"BRASIL","CAPACIDADE":"1000","PRIMEIRA_PARTIDA":null,"DATA_PRIMEIRA_PARTIDA":null,"ANO_PRIMEIRA_PARTIDA":null,"ADVERSARIO":null,"PLACAR":null,"COMPETICAO_PRIMEIRA_PARTIDA":null,"MANDO_PRIMEIRA_PARTIDA":null,"FONTE_PRIMEIRA_PARTIDA":null,"TOTAL_JOGOS":0,"VITÓRIAS":0,"EMPATES":0,"DERROTAS":0,"APROVEITAMENTO_PCT":0,"GOLS_MARCADOS":0,"GOLS_SOFRIDOS":0,"NOMES_ALTERNATIVOS":[],"FONTES_JOGOS":[],"LATITUDE":-20.73236993774899,"LONGITUDE":-49.5820706754265,"PAIS_ISO3":"BRA"},"geometry":{"type":"Point","coordinates":[-49.5820706754265,-20.73236993774899]}},{"type":"Feature","properties":{"ESTÁDIO":"MARCOS EDUARDO CAMARGO TRUVILHO (SERRA DA COLINA)","CIDADE":"IBIÚNA ","ESTADO":"SÃO PAULO","PAÍS":"BRASIL","CAPACIDADE":"3720","PRIMEIRA_PARTIDA":"CORINTHIANS 4x2 JAGUARIÚNA","DATA_PRIMEIRA_PARTIDA":"2009-08-15","ANO_PRIMEIRA_PARTIDA":2009,"ADVERSARIO":"JAGUARIÚNA","PLACAR":"4x2","COMPETICAO_PRIMEIRA_PARTIDA":"CAMPEONATO PAULISTA / FPF","MANDO_PRIMEIRA_PARTIDA":"Sim","FONTE_PRIMEIRA_PARTIDA":null,"TOTAL_JOGOS":2,"VITÓRIAS":1,"EMPATES":0,"DERROTAS":1,"APROVEITAMENTO_PCT":50.0,"GOLS_MARCADOS":6,"GOLS_SOFRIDOS":5,"NOMES_ALTERNATIVOS":[],"FONTES_JOGOS":["Daniel Keppler"],"LATITUDE":-23.650985481738065,"LONGITUDE":-47.19294393125041,"PAIS_ISO3":"BRA"},"geometry":{"type":"Point","coordinates":[-47.19294393125041,-23.650985481738065]}},{"type":"Feature","properties":{"ESTÁDIO":"MARIA DE LOURDES ABADIA (ABADIÃO)","CIDADE":"CEILÂNDIA ","ESTADO":"DISTRITO FEDERAL","PAÍS":"BRASIL","CAPACIDADE":"5000","PRIMEIRA_PARTIDA":"MINAS BRASÍLIA 0x4 CORINTHIANS","DATA_PRIMEIRA_PARTIDA":"2019-07-27","ANO_PRIMEIRA_PARTIDA":2019,"ADVERSARIO":"MINAS BRASÍLIA","PLACAR":"0x4","COMPETICAO_PRIMEIRA_PARTIDA":"Brasileiro Feminino 2019","MANDO_PRIMEIRA_PARTIDA":"Não","FONTE_PRIMEIRA_PARTIDA":"https://www.meutimao.com.br/jogo/1286/brasileiro-feminino-2019/minas_brasilia-0-x-4-corinthians","TOTAL_JOGOS":2,"VITÓRIAS":2,"EMPATES":0,"DERROTAS":0,"APROVEITAMENTO_PCT":100.0,"GOLS_MARCADOS":7,"GOLS_SOFRIDOS":0,"NOMES_ALTERNATIVOS":[],"FONTES_JOGOS":["Meu Timão"],"LATITUDE":-15.827361329856274,"LONGITUDE":-48.109266271733446,"PAIS_ISO3":"BRA"},"geometry":{"type":"Point","coordinates":[-48.109266271733446,-15.827361329856274]}},{"type":"Feature","properties":{"ESTÁDIO":"MARTINS PEREIRA","CIDADE":"SÃO JOSÉ DOS CAMPOS ","ESTADO":"SÃO PAULO","PAÍS":"BRASIL","CAPACIDADE":"16500","PRIMEIRA_PARTIDA":"SÃO JOSÉ 0x2 CORINTHIANS","DATA_PRIMEIRA_PARTIDA":"2008-05-31","ANO_PRIMEIRA_PARTIDA":2008,"ADVERSARIO":"SÃO JOSÉ","PLACAR":"0x2","COMPETICAO_PRIMEIRA_PARTIDA":"CAMPEONATO PAULISTA / FPF","MANDO_PRIMEIRA_PARTIDA":"Não","FONTE_PRIMEIRA_PARTIDA":null,"TOTAL_JOGOS":16,"VITÓRIAS":12,"EMPATES":4,"DERROTAS":0,"APROVEITAMENTO_PCT":83.3,"GOLS_MARCADOS":54,"GOLS_SOFRIDOS":14,"NOMES_ALTERNATIVOS":[],"FONTES_JOGOS":["Daniel Keppler","Meu Timão"],"LATITUDE":-23.1884912615151,"LONGITUDE":-45.869827477202776,"PAIS_ISO3":"BRA"},"geometry":{"type":"Point","coordinates":[-45.869827477202776,-23.1884912615151]}},{"type":"Feature","properties":{"ESTÁDIO":"METROPOLITANO DE TECHO","CIDADE":"BOGOTÁ","ESTADO":"DISTRITO CAPITAL","PAÍS":"COLÔMBIA","CAPACIDADE":"10000","PRIMEIRA_PARTIDA":null,"DATA_PRIMEIRA_PARTIDA":null,"ANO_PRIMEIRA_PARTIDA":null,"ADVERSARIO":null,"PLACAR":null,"COMPETICAO_PRIMEIRA_PARTIDA":null,"MANDO_PRIMEIRA_PARTIDA":null,"FONTE_PRIMEIRA_PARTIDA":null,"TOTAL_JOGOS":0,"VITÓRIAS":0,"EMPATES":0,"DERROTAS":0,"APROVEITAMENTO_PCT":0,"GOLS_MARCADOS":0,"GOLS_SOFRIDOS":0,"NOMES_ALTERNATIVOS":[],"FONTES_JOGOS":[],"LATITUDE":4.623716907161779,"LONGITUDE":-74.13634719943133,"PAIS_ISO3":"COL"},"geometry":{"type":"Point","coordinates":[-74.13634719943133,4.623716907161779]}},{"type":"Feature","properties":{"ESTÁDIO":"MOISÉS LUCARELLI (MAJESTOSO)","CIDADE":"CAMPINAS ","ESTADO":"SÃO PAULO","PAÍS":"BRASIL","CAPACIDADE":"15728","PRIMEIRA_PARTIDA":"PONTE PRETA 0x1 CORINTHIANS","DATA_PRIMEIRA_PARTIDA":"2017-08-21","ANO_PRIMEIRA_PARTIDA":2017,"ADVERSARIO":"PONTE PRETA","PLACAR":"0x1","COMPETICAO_PRIMEIRA_PARTIDA":"Paulista Feminino 2017","MANDO_PRIMEIRA_PARTIDA":"Não","FONTE_PRIMEIRA_PARTIDA":"https://www.meutimao.com.br/jogo/5331/paulista-feminino-2017/ponte_preta-0-x-1-corinthians","TOTAL_JOGOS":3,"VITÓRIAS":3,"EMPATES":0,"DERROTAS":0,"APROVEITAMENTO_PCT":100.0,"GOLS_MARCADOS":9,"GOLS_SOFRIDOS":0,"NOMES_ALTERNATIVOS":[],"FONTES_JOGOS":["Meu Timão"],"LATITUDE":-22.912600582555537,"LONGITUDE":-47.05115367918981,"PAIS_ISO3":"BRA"},"geometry":{"type":"Point","coordinates":[-47.05115367918981,-22.912600582555537]}},{"type":"Feature","properties":{"ESTÁDIO":"Mangueirão","CIDADE":null,"ESTADO":null,"PAÍS":"Brasil","CAPACIDADE":null,"PRIMEIRA_PARTIDA":"PINHEIRENSE 1x6 CORINTHIANS","DATA_PRIMEIRA_PARTIDA":"2018-07-18","ANO_PRIMEIRA_PARTIDA":2018,"ADVERSARIO":"PINHEIRENSE","PLACAR":"1x6","COMPETICAO_PRIMEIRA_PARTIDA":"Brasileiro Feminino 2018","MANDO_PRIMEIRA_PARTIDA":"Não","FONTE_PRIMEIRA_PARTIDA":"https://www.meutimao.com.br/jogo/918/brasileiro-feminino-2018/pinheirense-1-x-6-corinthians","TOTAL_JOGOS":1,"VITÓRIAS":1,"EMPATES":0,"DERROTAS":0,"APROVEITAMENTO_PCT":100.0,"GOLS_MARCADOS":6,"GOLS_SOFRIDOS":1,"NOMES_ALTERNATIVOS":[],"FONTES_JOGOS":["Meu Timão"],"LATITUDE":-1.3811857,"LONGITUDE":-48.4441767,"PAIS_ISO3":"BRA"},"geometry":{"type":"Point","coordinates":[-48.4441767,-1.3811857]}},{"type":"Feature","properties":{"ESTÁDIO":"Montanha do Vinhedos","CIDADE":null,"ESTADO":null,"PAÍS":"Brazil","CAPACIDADE":"15000","PRIMEIRA_PARTIDA":"JUVENTUDE 0x1 CORINTHIANS","DATA_PRIMEIRA_PARTIDA":"2026-04-20","ANO_PRIMEIRA_PARTIDA":2026,"ADVERSARIO":"JUVENTUDE","PLACAR":"0x1","COMPETICAO_PRIMEIRA_PARTIDA":"Brasileiro Feminino 2026","MANDO_PRIMEIRA_PARTIDA":"Não","FONTE_PRIMEIRA_PARTIDA":"https://www.meutimao.com.br/jogo/8908/brasileiro-feminino-2026/juventude-0-x-1-corinthians","TOTAL_JOGOS":1,"VITÓRIAS":1,"EMPATES":0,"DERROTAS":0,"APROVEITAMENTO_PCT":100.0,"GOLS_MARCADOS":1,"GOLS_SOFRIDOS":0,"NOMES_ALTERNATIVOS":[],"FONTES_JOGOS":["Meu Timão"],"LATITUDE":-29.1656734,"LONGITUDE":-51.5201166,"PRECISAO_COORDENADAS":"Município (estádio exato não identificado)","FONTE_COORDENADAS":"OpenStreetMap Nominatim (localidade aproximada)","URL_FONTE_COORDENADAS":"https://www.openstreetmap.org/relation/242504","ATRIBUICAO_COORDENADAS":"© OpenStreetMap contributors, ODbL 1.0","CAPACIDADE_FONTE":"Meu Timão","URL_FONTE_CAPACIDADE":"https://www.meutimao.com.br/estadio/montanha_do_vinhedos?genero=feminino","PAIS_ISO3":"BRA","FONTE_CORRECAO_PAIS":"https://data.geocode.earth/wof/dist/legacy/whosonfirst-data-country-latest.tar.bz2"},"geometry":{"type":"Point","coordinates":[-51.5201166,-29.1656734]}},{"type":"Feature","properties":{"ESTÁDIO":"Morumbi","CIDADE":"SÃO PAULO ","ESTADO":"SÃO PAULO","PAÍS":"BRASIL","CAPACIDADE":"66795","PRIMEIRA_PARTIDA":"SÃO PAULO 0x1 CORINTHIANS","DATA_PRIMEIRA_PARTIDA":"2019-11-02","ANO_PRIMEIRA_PARTIDA":2019,"ADVERSARIO":"SÃO PAULO","PLACAR":"0x1","COMPETICAO_PRIMEIRA_PARTIDA":"Paulista Feminino 2019","MANDO_PRIMEIRA_PARTIDA":"Não","FONTE_PRIMEIRA_PARTIDA":"https://www.meutimao.com.br/jogo/1360/paulista-feminino-2019/final/sao_paulo-0-x-1-corinthians","TOTAL_JOGOS":4,"VITÓRIAS":2,"EMPATES":1,"DERROTAS":1,"APROVEITAMENTO_PCT":58.3,"GOLS_MARCADOS":4,"GOLS_SOFRIDOS":2,"NOMES_ALTERNATIVOS":[],"FONTES_JOGOS":["Meu Timão"],"LATITUDE":-23.6000888,"LONGITUDE":-46.7200902,"PAIS_ISO3":"BRA"},"geometry":{"type":"Point","coordinates":[-46.7200902,-23.6000888]}},{"type":"Feature","properties":{"ESTÁDIO":"Moça Bonita","CIDADE":null,"ESTADO":null,"PAÍS":"Brazil","CAPACIDADE":null,"PRIMEIRA_PARTIDA":"FLUMINENSE 1x1 CORINTHIANS","DATA_PRIMEIRA_PARTIDA":"2025-04-15","ANO_PRIMEIRA_PARTIDA":2025,"ADVERSARIO":"FLUMINENSE","PLACAR":"1x1","COMPETICAO_PRIMEIRA_PARTIDA":"Brasileiro Feminino 2025","MANDO_PRIMEIRA_PARTIDA":"Não","FONTE_PRIMEIRA_PARTIDA":"https://www.meutimao.com.br/jogo/8491/brasileiro-feminino-2025/fluminense-1-x-1-corinthians","TOTAL_JOGOS":1,"VITÓRIAS":0,"EMPATES":1,"DERROTAS":0,"APROVEITAMENTO_PCT":33.3,"GOLS_MARCADOS":1,"GOLS_SOFRIDOS":1,"NOMES_ALTERNATIVOS":[],"FONTES_JOGOS":["Meu Timão"],"LATITUDE":-22.8725,"LONGITUDE":-43.4566109,"PAIS_ISO3":"BRA","FONTE_CORRECAO_PAIS":"https://data.geocode.earth/wof/dist/legacy/whosonfirst-data-country-latest.tar.bz2"},"geometry":{"type":"Point","coordinates":[-43.4566109,-22.8725]}},{"type":"Feature","properties":{"ESTÁDIO":"Municipal de Bragança Paulista","CIDADE":null,"ESTADO":null,"PAÍS":"Brazil","CAPACIDADE":"12004","PRIMEIRA_PARTIDA":"RED BULL BRAGANTINO 2x3 CORINTHIANS","DATA_PRIMEIRA_PARTIDA":"2025-09-04","ANO_PRIMEIRA_PARTIDA":2025,"ADVERSARIO":"RED BULL BRAGANTINO","PLACAR":"2x3","COMPETICAO_PRIMEIRA_PARTIDA":"Paulista Feminino 2025","MANDO_PRIMEIRA_PARTIDA":"Não","FONTE_PRIMEIRA_PARTIDA":"https://www.meutimao.com.br/jogo/8580/paulista-feminino-2025/red_bull_bragantino-2-x-3-corinthians","TOTAL_JOGOS":1,"VITÓRIAS":1,"EMPATES":0,"DERROTAS":0,"APROVEITAMENTO_PCT":100.0,"GOLS_MARCADOS":3,"GOLS_SOFRIDOS":2,"NOMES_ALTERNATIVOS":[],"FONTES_JOGOS":["Meu Timão"],"LATITUDE":-22.9520235,"LONGITUDE":-46.5418586,"PRECISAO_COORDENADAS":"Município (estádio exato não identificado)","FONTE_COORDENADAS":"OpenStreetMap Nominatim (localidade aproximada)","URL_FONTE_COORDENADAS":"https://www.openstreetmap.org/relation/298179","ATRIBUICAO_COORDENADAS":"© OpenStreetMap contributors, ODbL 1.0","CAPACIDADE_FONTE":"Meu Timão","URL_FONTE_CAPACIDADE":"https://www.meutimao.com.br/estadio/municipal_de_braganca_paulista/","PAIS_ISO3":"BRA","FONTE_CORRECAO_PAIS":"https://data.geocode.earth/wof/dist/legacy/whosonfirst-data-country-latest.tar.bz2"},"geometry":{"type":"Point","coordinates":[-46.5418586,-22.9520235]}},{"type":"Feature","properties":{"ESTÁDIO":"NABI ABI CHEDID (NABIZÃO / ARENA RED BULL)","CIDADE":"BRAGANÇA PAULISTA","ESTADO":"SÃO PAULO","PAÍS":"BRASIL","CAPACIDADE":"12332","PRIMEIRA_PARTIDA":null,"DATA_PRIMEIRA_PARTIDA":null,"ANO_PRIMEIRA_PARTIDA":null,"ADVERSARIO":null,"PLACAR":null,"COMPETICAO_PRIMEIRA_PARTIDA":null,"MANDO_PRIMEIRA_PARTIDA":null,"FONTE_PRIMEIRA_PARTIDA":null,"TOTAL_JOGOS":0,"VITÓRIAS":0,"EMPATES":0,"DERROTAS":0,"APROVEITAMENTO_PCT":0,"GOLS_MARCADOS":0,"GOLS_SOFRIDOS":0,"NOMES_ALTERNATIVOS":[],"FONTES_JOGOS":[],"LATITUDE":-22.965202469589247,"LONGITUDE":-46.53674283920519,"PAIS_ISO3":"BRA"},"geometry":{"type":"Point","coordinates":[-46.53674283920519,-22.965202469589247]}},{"type":"Feature","properties":{"ESTÁDIO":"NELO BRACALENTE (CAMPO DO AQUÁRIO)","CIDADE":"VINHEDO ","ESTADO":"SÃO PAULO","PAÍS":"BRASIL","CAPACIDADE":"4200","PRIMEIRA_PARTIDA":"PONTE PRETA 0x3 CORINTHIANS","DATA_PRIMEIRA_PARTIDA":"2018-09-02","ANO_PRIMEIRA_PARTIDA":2018,"ADVERSARIO":"PONTE PRETA","PLACAR":"0x3","COMPETICAO_PRIMEIRA_PARTIDA":"Paulista Feminino 2018","MANDO_PRIMEIRA_PARTIDA":"Não","FONTE_PRIMEIRA_PARTIDA":"https://www.meutimao.com.br/jogo/968/paulista-feminino-2018/ponte_preta-0-x-3-corinthians","TOTAL_JOGOS":3,"VITÓRIAS":3,"EMPATES":0,"DERROTAS":0,"APROVEITAMENTO_PCT":100.0,"GOLS_MARCADOS":7,"GOLS_SOFRIDOS":1,"NOMES_ALTERNATIVOS":[],"FONTES_JOGOS":["Meu Timão"],"LATITUDE":-23.026066256410274,"LONGITUDE":-46.987202025851325,"PAIS_ISO3":"BRA"},"geometry":{"type":"Point","coordinates":[-46.987202025851325,-23.026066256410274]}},{"type":"Feature","properties":{"ESTÁDIO":"NICOLAU ALAYON (COMENDADOR SOUZA)","CIDADE":"SÃO PAULO ","ESTADO":"SÃO PAULO","PAÍS":"BRASIL","CAPACIDADE":"10723","PRIMEIRA_PARTIDA":"CORINTHIANS 7x2 PAULISTA","DATA_PRIMEIRA_PARTIDA":"2008-04-21","ANO_PRIMEIRA_PARTIDA":2008,"ADVERSARIO":"PAULISTA","PLACAR":"7x2","COMPETICAO_PRIMEIRA_PARTIDA":"CAMPEONATO PAULISTA / FPF","MANDO_PRIMEIRA_PARTIDA":"Sim","FONTE_PRIMEIRA_PARTIDA":null,"TOTAL_JOGOS":4,"VITÓRIAS":3,"EMPATES":0,"DERROTAS":1,"APROVEITAMENTO_PCT":75.0,"GOLS_MARCADOS":15,"GOLS_SOFRIDOS":6,"NOMES_ALTERNATIVOS":[],"FONTES_JOGOS":["Daniel Keppler"],"LATITUDE":-23.518152537113252,"LONGITUDE":-46.68525286396975,"PAIS_ISO3":"BRA"},"geometry":{"type":"Point","coordinates":[-46.68525286396975,-23.518152537113252]}},{"type":"Feature","properties":{"ESTÁDIO":"NIVALDO PEREIRA","CIDADE":"NOVA IGUAÇU ","ESTADO":"RIO DE JANEIRO","PAÍS":"BRASIL","CAPACIDADE":"3600","PRIMEIRA_PARTIDA":"VASCO DA GAMA 0x6 CORINTHIANS","DATA_PRIMEIRA_PARTIDA":"2016-02-17","ANO_PRIMEIRA_PARTIDA":2016,"ADVERSARIO":"VASCO DA GAMA","PLACAR":"0x6","COMPETICAO_PRIMEIRA_PARTIDA":"Brasileirão 2016","MANDO_PRIMEIRA_PARTIDA":"Não","FONTE_PRIMEIRA_PARTIDA":"https://www.meutimao.com.br/jogo/4703/brasileirao-2016/vasco_da_gama-0-x-6-corinthians","TOTAL_JOGOS":1,"VITÓRIAS":1,"EMPATES":0,"DERROTAS":0,"APROVEITAMENTO_PCT":100.0,"GOLS_MARCADOS":6,"GOLS_SOFRIDOS":0,"NOMES_ALTERNATIVOS":[],"FONTES_JOGOS":["Meu Timão"],"LATITUDE":-22.73894786903771,"LONGITUDE":-43.52384895823911,"PAIS_ISO3":"BRA"},"geometry":{"type":"Point","coordinates":[-43.52384895823911,-22.73894786903771]}},{"type":"Feature","properties":{"ESTÁDIO":"NUBANK PARQUE (ARENA PALMEIRAS)","CIDADE":"SÃO PAULO ","ESTADO":"SÃO PAULO","PAÍS":"BRASIL","CAPACIDADE":"43713","PRIMEIRA_PARTIDA":"PALMEIRAS 2x4 CORINTHIANS","DATA_PRIMEIRA_PARTIDA":"1998-04-26","ANO_PRIMEIRA_PARTIDA":1998,"ADVERSARIO":"PALMEIRAS","PLACAR":"2x4","COMPETICAO_PRIMEIRA_PARTIDA":"CAMPEONATO PAULISTA / FPF","MANDO_PRIMEIRA_PARTIDA":"Não","FONTE_PRIMEIRA_PARTIDA":null,"TOTAL_JOGOS":7,"VITÓRIAS":4,"EMPATES":2,"DERROTAS":1,"APROVEITAMENTO_PCT":66.7,"GOLS_MARCADOS":11,"GOLS_SOFRIDOS":5,"NOMES_ALTERNATIVOS":[],"FONTES_JOGOS":["Daniel Keppler","Meu Timão"],"LATITUDE":-23.527428879851925,"LONGITUDE":-46.67811214843781,"PAIS_ISO3":"BRA"},"geometry":{"type":"Point","coordinates":[-46.67811214843781,-23.527428879851925]}},{"type":"Feature","properties":{"ESTÁDIO":"NUEVO FRANCISCO URBANO","CIDADE":"MORÓN","ESTADO":"BUENOS AIRES","PAÍS":"ARGENTINA","CAPACIDADE":"32000","PRIMEIRA_PARTIDA":null,"DATA_PRIMEIRA_PARTIDA":null,"ANO_PRIMEIRA_PARTIDA":null,"ADVERSARIO":null,"PLACAR":null,"COMPETICAO_PRIMEIRA_PARTIDA":null,"MANDO_PRIMEIRA_PARTIDA":null,"FONTE_PRIMEIRA_PARTIDA":null,"TOTAL_JOGOS":0,"VITÓRIAS":0,"EMPATES":0,"DERROTAS":0,"APROVEITAMENTO_PCT":0,"GOLS_MARCADOS":0,"GOLS_SOFRIDOS":0,"NOMES_ALTERNATIVOS":[],"FONTES_JOGOS":[],"LATITUDE":-34.66168741793206,"LONGITUDE":-58.63084344659128,"PAIS_ISO3":"ARG"},"geometry":{"type":"Point","coordinates":[-58.63084344659128,-34.66168741793206]}},{"type":"Feature","properties":{"ESTÁDIO":"Nabi Abi","CIDADE":null,"ESTADO":null,"PAÍS":"Brazil","CAPACIDADE":"13212","PRIMEIRA_PARTIDA":"RED BULL BRAGANTINO 0x1 CORINTHIANS","DATA_PRIMEIRA_PARTIDA":"2022-11-19","ANO_PRIMEIRA_PARTIDA":2022,"ADVERSARIO":"RED BULL BRAGANTINO","PLACAR":"0x1","COMPETICAO_PRIMEIRA_PARTIDA":"Paulista Feminino 2022","MANDO_PRIMEIRA_PARTIDA":"Não","FONTE_PRIMEIRA_PARTIDA":"https://www.meutimao.com.br/jogo/7443/paulista-feminino-2022/red_bull_bragantino-0-x-1-corinthians","TOTAL_JOGOS":3,"VITÓRIAS":2,"EMPATES":1,"DERROTAS":0,"APROVEITAMENTO_PCT":77.8,"GOLS_MARCADOS":5,"GOLS_SOFRIDOS":2,"NOMES_ALTERNATIVOS":[],"FONTES_JOGOS":["Meu Timão"],"LATITUDE":-22.9653902,"LONGITUDE":-46.5368855,"PRECISAO_COORDENADAS":"Estádio identificado","FONTE_COORDENADAS":"OpenStreetMap Nominatim","URL_FONTE_COORDENADAS":"https://www.openstreetmap.org/way/164823423","ATRIBUICAO_COORDENADAS":"© OpenStreetMap contributors, ODbL 1.0","CAPACIDADE_FONTE":"Meu Timão","URL_FONTE_CAPACIDADE":"https://www.meutimao.com.br/estadio/nabi_abi/","PAIS_ISO3":"BRA","FONTE_CORRECAO_PAIS":"https://data.geocode.earth/wof/dist/legacy/whosonfirst-data-country-latest.tar.bz2"},"geometry":{"type":"Point","coordinates":[-46.5368855,-22.9653902]}},{"type":"Feature","properties":{"ESTÁDIO":"Neo Química Arena","CIDADE":"SÃO PAULO ","ESTADO":"SÃO PAULO","PAÍS":"BRASIL","CAPACIDADE":"48905","PRIMEIRA_PARTIDA":"CORINTHIANS 4x1 SÃO FRANCISCO","DATA_PRIMEIRA_PARTIDA":"2018-04-25","ANO_PRIMEIRA_PARTIDA":2018,"ADVERSARIO":"SÃO FRANCISCO","PLACAR":"4x1","COMPETICAO_PRIMEIRA_PARTIDA":"Brasileiro Feminino 2018","MANDO_PRIMEIRA_PARTIDA":"Sim","FONTE_PRIMEIRA_PARTIDA":"https://www.meutimao.com.br/jogo/906/brasileiro-feminino-2018/corinthians-4-x-1-sao_francisco","TOTAL_JOGOS":33,"VITÓRIAS":29,"EMPATES":3,"DERROTAS":1,"APROVEITAMENTO_PCT":90.9,"GOLS_MARCADOS":82,"GOLS_SOFRIDOS":20,"NOMES_ALTERNATIVOS":[],"FONTES_JOGOS":["Meu Timão"],"LATITUDE":-23.5453221,"LONGITUDE":-46.4742676,"PAIS_ISO3":"BRA"},"geometry":{"type":"Point","coordinates":[-46.4742676,-23.5453221]}},{"type":"Feature","properties":{"ESTÁDIO":"Nilton Santos","CIDADE":null,"ESTADO":null,"PAÍS":"Brazil","CAPACIDADE":"46931","PRIMEIRA_PARTIDA":"BOTAFOGO 0x2 CORINTHIANS","DATA_PRIMEIRA_PARTIDA":"2024-05-06","ANO_PRIMEIRA_PARTIDA":2024,"ADVERSARIO":"BOTAFOGO","PLACAR":"0x2","COMPETICAO_PRIMEIRA_PARTIDA":"Brasileiro Feminino 2024","MANDO_PRIMEIRA_PARTIDA":"Não","FONTE_PRIMEIRA_PARTIDA":"https://www.meutimao.com.br/jogo/8035/brasileiro-feminino-2024/botafogo-0-x-2-corinthians","TOTAL_JOGOS":2,"VITÓRIAS":2,"EMPATES":0,"DERROTAS":0,"APROVEITAMENTO_PCT":100.0,"GOLS_MARCADOS":5,"GOLS_SOFRIDOS":1,"NOMES_ALTERNATIVOS":[],"FONTES_JOGOS":["Meu Timão"],"LATITUDE":-22.893194,"LONGITUDE":-43.2935691,"PRECISAO_COORDENADAS":"Estádio identificado","FONTE_COORDENADAS":"OpenStreetMap Nominatim","URL_FONTE_COORDENADAS":"https://www.openstreetmap.org/relation/2339171","ATRIBUICAO_COORDENADAS":"© OpenStreetMap contributors, ODbL 1.0","CAPACIDADE_FONTE":"Meu Timão","URL_FONTE_CAPACIDADE":"https://www.meutimao.com.br/estadio/nilton_santos/","PAIS_ISO3":"BRA","FONTE_CORRECAO_PAIS":"https://data.geocode.earth/wof/dist/legacy/whosonfirst-data-country-latest.tar.bz2"},"geometry":{"type":"Point","coordinates":[-43.2935691,-22.893194]}},{"type":"Feature","properties":{"ESTÁDIO":"Ninho do Corvo","CIDADE":null,"ESTADO":null,"PAÍS":"Brazil","CAPACIDADE":"6235","PRIMEIRA_PARTIDA":"CORINTHIANS 3x0 PORTUGUESA","DATA_PRIMEIRA_PARTIDA":"2019-05-26","ANO_PRIMEIRA_PARTIDA":2019,"ADVERSARIO":"PORTUGUESA","PLACAR":"3x0","COMPETICAO_PRIMEIRA_PARTIDA":"Paulista Feminino 2019","MANDO_PRIMEIRA_PARTIDA":"Sim","FONTE_PRIMEIRA_PARTIDA":"https://www.meutimao.com.br/jogo/1152/paulista-feminino-2019/corinthians-3-x-0-portuguesa","TOTAL_JOGOS":1,"VITÓRIAS":1,"EMPATES":0,"DERROTAS":0,"APROVEITAMENTO_PCT":100.0,"GOLS_MARCADOS":3,"GOLS_SOFRIDOS":0,"NOMES_ALTERNATIVOS":[],"FONTES_JOGOS":["Meu Timão"],"LATITUDE":-23.4675941,"LONGITUDE":-46.5277704,"PRECISAO_COORDENADAS":"Município (estádio exato não identificado)","FONTE_COORDENADAS":"OpenStreetMap Nominatim (localidade aproximada)","URL_FONTE_COORDENADAS":"https://www.openstreetmap.org/relation/298165","ATRIBUICAO_COORDENADAS":"© OpenStreetMap contributors, ODbL 1.0","CAPACIDADE_FONTE":"Meu Timão","URL_FONTE_CAPACIDADE":"https://www.meutimao.com.br/estadio/ninho_do_corvo?genero=feminino","PAIS_ISO3":"BRA","FONTE_CORRECAO_PAIS":"https://data.geocode.earth/wof/dist/legacy/whosonfirst-data-country-latest.tar.bz2"},"geometry":{"type":"Point","coordinates":[-46.5277704,-23.4675941]}},{"type":"Feature","properties":{"ESTÁDIO":"Nogueirão","CIDADE":null,"ESTADO":null,"PAÍS":"Brazil","CAPACIDADE":"14384","PRIMEIRA_PARTIDA":"CORINTHIANS 3x2 SANTOS","DATA_PRIMEIRA_PARTIDA":"2018-05-27","ANO_PRIMEIRA_PARTIDA":2018,"ADVERSARIO":"SANTOS","PLACAR":"3x2","COMPETICAO_PRIMEIRA_PARTIDA":"Paulista Feminino 2018","MANDO_PRIMEIRA_PARTIDA":"Sim","FONTE_PRIMEIRA_PARTIDA":"https://www.meutimao.com.br/jogo/930/paulista-feminino-2018/corinthians-3-x-2-santos","TOTAL_JOGOS":5,"VITÓRIAS":3,"EMPATES":0,"DERROTAS":2,"APROVEITAMENTO_PCT":60.0,"GOLS_MARCADOS":19,"GOLS_SOFRIDOS":6,"NOMES_ALTERNATIVOS":[],"FONTES_JOGOS":["Meu Timão"],"LATITUDE":-23.5187203,"LONGITUDE":-46.2060118,"CAPACIDADE_FONTE":"Meu Timão","URL_FONTE_CAPACIDADE":"https://www.meutimao.com.br/estadio/nogueirao/","PAIS_ISO3":"BRA","FONTE_CORRECAO_PAIS":"https://data.geocode.earth/wof/dist/legacy/whosonfirst-data-country-latest.tar.bz2"},"geometry":{"type":"Point","coordinates":[-46.2060118,-23.5187203]}},{"type":"Feature","properties":{"ESTÁDIO":"Novelli Junior","CIDADE":null,"ESTADO":null,"PAÍS":"Brazil","CAPACIDADE":"16405","PRIMEIRA_PARTIDA":"CORINTHIANS 2x1 FRANCANA","DATA_PRIMEIRA_PARTIDA":"2016-06-11","ANO_PRIMEIRA_PARTIDA":2016,"ADVERSARIO":"FRANCANA","PLACAR":"2x1","COMPETICAO_PRIMEIRA_PARTIDA":"Paulista 2016","MANDO_PRIMEIRA_PARTIDA":"Sim","FONTE_PRIMEIRA_PARTIDA":"https://www.meutimao.com.br/jogo/4717/paulista-2016/corinthians-2-x-1-francana","TOTAL_JOGOS":1,"VITÓRIAS":1,"EMPATES":0,"DERROTAS":0,"APROVEITAMENTO_PCT":100.0,"GOLS_MARCADOS":2,"GOLS_SOFRIDOS":1,"NOMES_ALTERNATIVOS":[],"FONTES_JOGOS":["Meu Timão"],"LATITUDE":-23.2808026,"LONGITUDE":-47.2877526,"CAPACIDADE_FONTE":"Meu Timão","URL_FONTE_CAPACIDADE":"https://www.meutimao.com.br/estadio/novelli_junior/","PAIS_ISO3":"BRA","FONTE_CORRECAO_PAIS":"https://data.geocode.earth/wof/dist/legacy/whosonfirst-data-country-latest.tar.bz2"},"geometry":{"type":"Point","coordinates":[-47.2877526,-23.2808026]}},{"type":"Feature","properties":{"ESTÁDIO":"OLIVÉRIO BAZZANI FILHO (ARENA DA FONTE LUMINOSA)","CIDADE":"ARARAQUARA ","ESTADO":"SÃO PAULO","PAÍS":"BRASIL","CAPACIDADE":"20205","PRIMEIRA_PARTIDA":null,"DATA_PRIMEIRA_PARTIDA":null,"ANO_PRIMEIRA_PARTIDA":null,"ADVERSARIO":null,"PLACAR":null,"COMPETICAO_PRIMEIRA_PARTIDA":null,"MANDO_PRIMEIRA_PARTIDA":null,"FONTE_PRIMEIRA_PARTIDA":null,"TOTAL_JOGOS":0,"VITÓRIAS":0,"EMPATES":0,"DERROTAS":0,"APROVEITAMENTO_PCT":0,"GOLS_MARCADOS":0,"GOLS_SOFRIDOS":0,"NOMES_ALTERNATIVOS":[],"FONTES_JOGOS":[],"LATITUDE":-21.775035435893585,"LONGITUDE":-48.16960058338128,"PAIS_ISO3":"BRA"},"geometry":{"type":"Point","coordinates":[-48.16960058338128,-21.775035435893585]}},{"type":"Feature","properties":{"ESTÁDIO":"OLÍMPICO NILTON SANTOS (ENGENHÃO)","CIDADE":"RIO DE JANEIRO ","ESTADO":"RIO DE JANEIRO","PAÍS":"BRASIL","CAPACIDADE":"44661","PRIMEIRA_PARTIDA":null,"DATA_PRIMEIRA_PARTIDA":null,"ANO_PRIMEIRA_PARTIDA":null,"ADVERSARIO":null,"PLACAR":null,"COMPETICAO_PRIMEIRA_PARTIDA":null,"MANDO_PRIMEIRA_PARTIDA":null,"FONTE_PRIMEIRA_PARTIDA":null,"TOTAL_JOGOS":0,"VITÓRIAS":0,"EMPATES":0,"DERROTAS":0,"APROVEITAMENTO_PCT":0,"GOLS_MARCADOS":0,"GOLS_SOFRIDOS":0,"NOMES_ALTERNATIVOS":[],"FONTES_JOGOS":[],"LATITUDE":-22.89306239948895,"LONGITUDE":-43.29181927357998,"PAIS_ISO3":"BRA"},"geometry":{"type":"Point","coordinates":[-43.29181927357998,-22.89306239948895]}},{"type":"Feature","properties":{"ESTÁDIO":"OSVALDO DOMÍNGUEZ DIBB (ANTIGO MANUEL FERREIRA)","CIDADE":"ASSUNÇÃO","ESTADO":"DEPARTAMENTO CENTRAL","PAÍS":"PARAGUAI","CAPACIDADE":"25820","PRIMEIRA_PARTIDA":"CORINTHIANS 3x1 ALIANZA LIMA","DATA_PRIMEIRA_PARTIDA":"2021-11-13","ANO_PRIMEIRA_PARTIDA":2021,"ADVERSARIO":"ALIANZA LIMA","PLACAR":"3x1","COMPETICAO_PRIMEIRA_PARTIDA":"Libertadores Feminina 2021","MANDO_PRIMEIRA_PARTIDA":"Sim","FONTE_PRIMEIRA_PARTIDA":"https://www.meutimao.com.br/jogo/7204/libertadores-feminina-2021/quartas_de_final/corinthians-3-x-1-alianza_lima","TOTAL_JOGOS":2,"VITÓRIAS":2,"EMPATES":0,"DERROTAS":0,"APROVEITAMENTO_PCT":100.0,"GOLS_MARCADOS":11,"GOLS_SOFRIDOS":1,"NOMES_ALTERNATIVOS":[],"FONTES_JOGOS":["Meu Timão"],"LATITUDE":-25.29146924080898,"LONGITUDE":-57.60780712386432,"PAIS_ISO3":"PRY"},"geometry":{"type":"Point","coordinates":[-57.60780712386432,-25.29146924080898]}},{"type":"Feature","properties":{"ESTÁDIO":"PAULO MACHADO DE CARVALHO (MERCADO LIVRE ARENA PACAEMBU)","CIDADE":"SÃO PAULO ","ESTADO":"SÃO PAULO","PAÍS":"BRASIL","CAPACIDADE":"37730","PRIMEIRA_PARTIDA":"CORINTHIANS 3x1 NACIONAL-SP","DATA_PRIMEIRA_PARTIDA":"2008-05-17","ANO_PRIMEIRA_PARTIDA":2008,"ADVERSARIO":"NACIONAL-SP","PLACAR":"3x1","COMPETICAO_PRIMEIRA_PARTIDA":"CAMPEONATO PAULISTA / FPF","MANDO_PRIMEIRA_PARTIDA":"Sim","FONTE_PRIMEIRA_PARTIDA":null,"TOTAL_JOGOS":4,"VITÓRIAS":2,"EMPATES":1,"DERROTAS":1,"APROVEITAMENTO_PCT":58.3,"GOLS_MARCADOS":11,"GOLS_SOFRIDOS":8,"NOMES_ALTERNATIVOS":[],"FONTES_JOGOS":["Daniel Keppler"],"LATITUDE":-23.548265580968636,"LONGITUDE":-46.66537788892085,"CAPACIDADE_STADIUMDB":"26000","FONTE_CAPACIDADE_STADIUMDB":"StadiumDB.com","URL_CAPACIDADE_STADIUMDB":"https://stadiumdb.com/stadiums/bra/estadio_do_pacaembu","PAIS_ISO3":"BRA"},"geometry":{"type":"Point","coordinates":[-46.66537788892085,-23.548265580968636]}},{"type":"Feature","properties":{"ESTÁDIO":"PEDRO BASSO","CIDADE":"FOZ DO IGUAÇU","ESTADO":"PARANÁ","PAÍS":"BRASIL","CAPACIDADE":"5000","PRIMEIRA_PARTIDA":null,"DATA_PRIMEIRA_PARTIDA":null,"ANO_PRIMEIRA_PARTIDA":null,"ADVERSARIO":null,"PLACAR":null,"COMPETICAO_PRIMEIRA_PARTIDA":null,"MANDO_PRIMEIRA_PARTIDA":null,"FONTE_PRIMEIRA_PARTIDA":null,"TOTAL_JOGOS":0,"VITÓRIAS":0,"EMPATES":0,"DERROTAS":0,"APROVEITAMENTO_PCT":0,"GOLS_MARCADOS":0,"GOLS_SOFRIDOS":0,"NOMES_ALTERNATIVOS":[],"FONTES_JOGOS":[],"LATITUDE":-25.536427857443265,"LONGITUDE":-54.57387678367516,"PAIS_ISO3":"BRA"},"geometry":{"type":"Point","coordinates":[-54.57387678367516,-25.536427857443265]}},{"type":"Feature","properties":{"ESTÁDIO":"PREFEITO GABRIEL MARQUES DA SILVA","CIDADE":"SANTANA DE PARNAÍBA","ESTADO":"SÃO PAULO","PAÍS":"BRASIL","CAPACIDADE":"7000","PRIMEIRA_PARTIDA":"RED BULL BRAGANTINO 1x3 CORINTHIANS","DATA_PRIMEIRA_PARTIDA":"2024-05-24","ANO_PRIMEIRA_PARTIDA":2024,"ADVERSARIO":"RED BULL BRAGANTINO","PLACAR":"1x3","COMPETICAO_PRIMEIRA_PARTIDA":"Paulista Feminino 2024","MANDO_PRIMEIRA_PARTIDA":"Não","FONTE_PRIMEIRA_PARTIDA":"https://www.meutimao.com.br/jogo/8184/paulista-feminino-2024/red_bull_bragantino-1-x-3-corinthians","TOTAL_JOGOS":4,"VITÓRIAS":1,"EMPATES":1,"DERROTAS":2,"APROVEITAMENTO_PCT":33.3,"GOLS_MARCADOS":7,"GOLS_SOFRIDOS":8,"NOMES_ALTERNATIVOS":[],"FONTES_JOGOS":["Meu Timão"],"LATITUDE":-23.439125511761116,"LONGITUDE":-46.91771617357998,"PAIS_ISO3":"BRA"},"geometry":{"type":"Point","coordinates":[-46.91771617357998,-23.439125511761116]}},{"type":"Feature","properties":{"ESTÁDIO":"PREFEITO JOSÉ LIBERATTI (ROCHDALÃO)","CIDADE":"OSASCO ","ESTADO":"SÃO PAULO","PAÍS":"BRASIL","CAPACIDADE":"11780","PRIMEIRA_PARTIDA":null,"DATA_PRIMEIRA_PARTIDA":null,"ANO_PRIMEIRA_PARTIDA":null,"ADVERSARIO":null,"PLACAR":null,"COMPETICAO_PRIMEIRA_PARTIDA":null,"MANDO_PRIMEIRA_PARTIDA":null,"FONTE_PRIMEIRA_PARTIDA":null,"TOTAL_JOGOS":0,"VITÓRIAS":0,"EMPATES":0,"DERROTAS":0,"APROVEITAMENTO_PCT":0,"GOLS_MARCADOS":0,"GOLS_SOFRIDOS":0,"NOMES_ALTERNATIVOS":[],"FONTES_JOGOS":[],"LATITUDE":-23.51198315274678,"LONGITUDE":-46.7755543024152,"PAIS_ISO3":"BRA"},"geometry":{"type":"Point","coordinates":[-46.7755543024152,-23.51198315274678]}},{"type":"Feature","properties":{"ESTÁDIO":"PROLETÁRIO GUILHERME DA SILVEIRA FILHO (MOÇA BONITA)","CIDADE":"BANGU","ESTADO":"RIO DE JANEIRO","PAÍS":"BRASIL","CAPACIDADE":"9024","PRIMEIRA_PARTIDA":null,"DATA_PRIMEIRA_PARTIDA":null,"ANO_PRIMEIRA_PARTIDA":null,"ADVERSARIO":null,"PLACAR":null,"COMPETICAO_PRIMEIRA_PARTIDA":null,"MANDO_PRIMEIRA_PARTIDA":null,"FONTE_PRIMEIRA_PARTIDA":null,"TOTAL_JOGOS":0,"VITÓRIAS":0,"EMPATES":0,"DERROTAS":0,"APROVEITAMENTO_PCT":0,"GOLS_MARCADOS":0,"GOLS_SOFRIDOS":0,"NOMES_ALTERNATIVOS":[],"FONTES_JOGOS":[],"LATITUDE":-22.87228746696625,"LONGITUDE":-43.457608681675254,"PAIS_ISO3":"BRA"},"geometry":{"type":"Point","coordinates":[-43.457608681675254,-22.87228746696625]}},{"type":"Feature","properties":{"ESTÁDIO":"Pacaembu","CIDADE":null,"ESTADO":null,"PAÍS":"Brazil","CAPACIDADE":"37952","PRIMEIRA_PARTIDA":"CORINTHIANS 2x1 IRANDUBA","DATA_PRIMEIRA_PARTIDA":"2018-06-01","ANO_PRIMEIRA_PARTIDA":2018,"ADVERSARIO":"IRANDUBA","PLACAR":"2x1","COMPETICAO_PRIMEIRA_PARTIDA":"Brasileiro Feminino 2018","MANDO_PRIMEIRA_PARTIDA":"Sim","FONTE_PRIMEIRA_PARTIDA":"https://www.meutimao.com.br/jogo/913/brasileiro-feminino-2018/corinthians-2-x-1-iranduba","TOTAL_JOGOS":6,"VITÓRIAS":6,"EMPATES":0,"DERROTAS":0,"APROVEITAMENTO_PCT":100.0,"GOLS_MARCADOS":14,"GOLS_SOFRIDOS":4,"NOMES_ALTERNATIVOS":[],"FONTES_JOGOS":["Meu Timão"],"LATITUDE":-23.5473429,"LONGITUDE":-46.6652465,"CAPACIDADE_FONTE":"Meu Timão","URL_FONTE_CAPACIDADE":"https://www.meutimao.com.br/estadio/pacaembu/","PAIS_ISO3":"BRA","FONTE_CORRECAO_PAIS":"https://data.geocode.earth/wof/dist/legacy/whosonfirst-data-country-latest.tar.bz2"},"geometry":{"type":"Point","coordinates":[-46.6652465,-23.5473429]}},{"type":"Feature","properties":{"ESTÁDIO":"Pascual Guerrero","CIDADE":"CALI","ESTADO":"VALLE DEL CAUCA","PAÍS":"COLÔMBIA","CAPACIDADE":"42200","PRIMEIRA_PARTIDA":"CORINTHIANS 5x0 LIBERTAD LIMPEÑO","DATA_PRIMEIRA_PARTIDA":"2023-10-12","ANO_PRIMEIRA_PARTIDA":2023,"ADVERSARIO":"LIBERTAD LIMPEÑO","PLACAR":"5x0","COMPETICAO_PRIMEIRA_PARTIDA":"Libertadores Feminina 2023","MANDO_PRIMEIRA_PARTIDA":"Sim","FONTE_PRIMEIRA_PARTIDA":"https://www.meutimao.com.br/jogo/7909/libertadores-feminina-2023/corinthians-5-x-0-libertad_limpeno","TOTAL_JOGOS":4,"VITÓRIAS":3,"EMPATES":1,"DERROTAS":0,"APROVEITAMENTO_PCT":83.3,"GOLS_MARCADOS":11,"GOLS_SOFRIDOS":1,"NOMES_ALTERNATIVOS":[],"FONTES_JOGOS":["Meu Timão"],"LATITUDE":3.4299548,"LONGITUDE":-76.5412366,"CAPACIDADE_STADIUMDB":"33130","FONTE_CAPACIDADE_STADIUMDB":"StadiumDB.com","URL_CAPACIDADE_STADIUMDB":"https://stadiumdb.com/stadiums/col/estadio_pascual_guerrero","PAIS_ISO3":"COL"},"geometry":{"type":"Point","coordinates":[-76.5412366,3.4299548]}},{"type":"Feature","properties":{"ESTÁDIO":"Pavilhão","CIDADE":null,"ESTADO":null,"PAÍS":"Brazil","CAPACIDADE":"2000","PRIMEIRA_PARTIDA":"GRÊMIO 0x3 CORINTHIANS","DATA_PRIMEIRA_PARTIDA":"2024-03-18","ANO_PRIMEIRA_PARTIDA":2024,"ADVERSARIO":"GRÊMIO","PLACAR":"0x3","COMPETICAO_PRIMEIRA_PARTIDA":"Brasileiro Feminino 2024","MANDO_PRIMEIRA_PARTIDA":"Não","FONTE_PRIMEIRA_PARTIDA":"https://www.meutimao.com.br/jogo/8027/brasileiro-feminino-2024/gremio-0-x-3-corinthians","TOTAL_JOGOS":1,"VITÓRIAS":1,"EMPATES":0,"DERROTAS":0,"APROVEITAMENTO_PCT":100.0,"GOLS_MARCADOS":3,"GOLS_SOFRIDOS":0,"NOMES_ALTERNATIVOS":[],"FONTES_JOGOS":["Meu Timão"],"LATITUDE":-29.9976311,"LONGITUDE":-51.3063965,"PRECISAO_COORDENADAS":"Município (estádio exato não identificado)","FONTE_COORDENADAS":"OpenStreetMap Nominatim (localidade aproximada)","URL_FONTE_COORDENADAS":"https://www.openstreetmap.org/relation/242691","ATRIBUICAO_COORDENADAS":"© OpenStreetMap contributors, ODbL 1.0","CAPACIDADE_FONTE":"Meu Timão","URL_FONTE_CAPACIDADE":"https://www.meutimao.com.br/estadio/pavilhao?genero=feminino","PAIS_ISO3":"BRA","FONTE_CORRECAO_PAIS":"https://data.geocode.earth/wof/dist/legacy/whosonfirst-data-country-latest.tar.bz2"},"geometry":{"type":"Point","coordinates":[-51.3063965,-29.9976311]}},{"type":"Feature","properties":{"ESTÁDIO":"Pituaçu","CIDADE":null,"ESTADO":null,"PAÍS":"Brazil","CAPACIDADE":"32157","PRIMEIRA_PARTIDA":"BAHIA 1x5 CORINTHIANS","DATA_PRIMEIRA_PARTIDA":"2023-06-12","ANO_PRIMEIRA_PARTIDA":2023,"ADVERSARIO":"BAHIA","PLACAR":"1x5","COMPETICAO_PRIMEIRA_PARTIDA":"Brasileiro Feminino 2023","MANDO_PRIMEIRA_PARTIDA":"Não","FONTE_PRIMEIRA_PARTIDA":"https://www.meutimao.com.br/jogo/7732/brasileiro-feminino-2023/bahia-1-x-5-corinthians","TOTAL_JOGOS":1,"VITÓRIAS":1,"EMPATES":0,"DERROTAS":0,"APROVEITAMENTO_PCT":100.0,"GOLS_MARCADOS":5,"GOLS_SOFRIDOS":1,"NOMES_ALTERNATIVOS":[],"FONTES_JOGOS":["Meu Timão"],"LATITUDE":-12.9466152,"LONGITUDE":-38.4187011,"CAPACIDADE_FONTE":"Meu Timão","URL_FONTE_CAPACIDADE":"https://www.meutimao.com.br/estadio/pituacu/","PAIS_ISO3":"BRA","FONTE_CORRECAO_PAIS":"https://data.geocode.earth/wof/dist/legacy/whosonfirst-data-country-latest.tar.bz2"},"geometry":{"type":"Point","coordinates":[-38.4187011,-12.9466152]}},{"type":"Feature","properties":{"ESTÁDIO":"RUI COSTA RODRIGUES (CAMPO DO ESTRADA DE FERRO SOROCABANA)","CIDADE":"SOROCABA ","ESTADO":"SÃO PAULO","PAÍS":"BRASIL","CAPACIDADE":"6000","PRIMEIRA_PARTIDA":"SOROCABA / CLUBE CEFAS 0x1 CORINTHIANS","DATA_PRIMEIRA_PARTIDA":"2015-09-26","ANO_PRIMEIRA_PARTIDA":2015,"ADVERSARIO":"SOROCABA / CLUBE CEFAS","PLACAR":"0x1","COMPETICAO_PRIMEIRA_PARTIDA":"CAMPEONATO PAULISTA / LINAF","MANDO_PRIMEIRA_PARTIDA":"Não","FONTE_PRIMEIRA_PARTIDA":null,"TOTAL_JOGOS":1,"VITÓRIAS":1,"EMPATES":0,"DERROTAS":0,"APROVEITAMENTO_PCT":100.0,"GOLS_MARCADOS":1,"GOLS_SOFRIDOS":0,"NOMES_ALTERNATIVOS":[],"FONTES_JOGOS":["Daniel Keppler"],"LATITUDE":-23.491868363150374,"LONGITUDE":-47.45432746430542,"PAIS_ISO3":"BRA"},"geometry":{"type":"Point","coordinates":[-47.45432746430542,-23.491868363150374]}},{"type":"Feature","properties":{"ESTÁDIO":"Rei Pelé","CIDADE":null,"ESTADO":null,"PAÍS":"Brazil","CAPACIDADE":null,"PRIMEIRA_PARTIDA":"SANTOS 2x2 CORINTHIANS","DATA_PRIMEIRA_PARTIDA":"2016-09-12","ANO_PRIMEIRA_PARTIDA":2016,"ADVERSARIO":"SANTOS","PLACAR":"2x2","COMPETICAO_PRIMEIRA_PARTIDA":"Copa do Brasil 2016","MANDO_PRIMEIRA_PARTIDA":"Não","FONTE_PRIMEIRA_PARTIDA":"https://www.meutimao.com.br/jogo/4693/copa-do-brasil-2016/santos-2-x-2-corinthians","TOTAL_JOGOS":2,"VITÓRIAS":0,"EMPATES":2,"DERROTAS":0,"APROVEITAMENTO_PCT":33.3,"GOLS_MARCADOS":3,"GOLS_SOFRIDOS":3,"NOMES_ALTERNATIVOS":[],"FONTES_JOGOS":["Meu Timão"],"LATITUDE":-9.6708828,"LONGITUDE":-35.759448,"PAIS_ISO3":"BRA","FONTE_CORRECAO_PAIS":"https://data.geocode.earth/wof/dist/legacy/whosonfirst-data-country-latest.tar.bz2"},"geometry":{"type":"Point","coordinates":[-35.759448,-9.6708828]}},{"type":"Feature","properties":{"ESTÁDIO":"Ressacada","CIDADE":"FLORIANÓPOLIS ","ESTADO":"SANTA CATARINA","PAÍS":"BRASIL","CAPACIDADE":"17826","PRIMEIRA_PARTIDA":"KINDERMANN 0x1 CORINTHIANS","DATA_PRIMEIRA_PARTIDA":"2019-04-20","ANO_PRIMEIRA_PARTIDA":2019,"ADVERSARIO":"KINDERMANN","PLACAR":"0x1","COMPETICAO_PRIMEIRA_PARTIDA":"Brasileiro Feminino 2019","MANDO_PRIMEIRA_PARTIDA":"Não","FONTE_PRIMEIRA_PARTIDA":"https://www.meutimao.com.br/jogo/1188/brasileiro-feminino-2019/kindermann-0-x-1-corinthians","TOTAL_JOGOS":3,"VITÓRIAS":2,"EMPATES":1,"DERROTAS":0,"APROVEITAMENTO_PCT":77.8,"GOLS_MARCADOS":5,"GOLS_SOFRIDOS":1,"NOMES_ALTERNATIVOS":[],"FONTES_JOGOS":["Meu Timão"],"LATITUDE":-27.6665434,"LONGITUDE":-48.5316518,"PAIS_ISO3":"BRA"},"geometry":{"type":"Point","coordinates":[-48.5316518,-27.6665434]}},{"type":"Feature","properties":{"ESTÁDIO":"Rodrigo Paz Delgado","CIDADE":"QUITO","ESTADO":"PICHINCHA","PAÍS":"Ecuador","CAPACIDADE":"41575","PRIMEIRA_PARTIDA":"BOCA JUNIORS 2x1 CORINTHIANS","DATA_PRIMEIRA_PARTIDA":"2022-10-22","ANO_PRIMEIRA_PARTIDA":2022,"ADVERSARIO":"BOCA JUNIORS","PLACAR":"2x1","COMPETICAO_PRIMEIRA_PARTIDA":"Libertadores Feminina 2022","MANDO_PRIMEIRA_PARTIDA":"Não","FONTE_PRIMEIRA_PARTIDA":"https://www.meutimao.com.br/jogo/7552/libertadores-feminina-2022/boca_juniors-2-x-1-corinthians","TOTAL_JOGOS":1,"VITÓRIAS":0,"EMPATES":0,"DERROTAS":1,"APROVEITAMENTO_PCT":0.0,"GOLS_MARCADOS":1,"GOLS_SOFRIDOS":2,"NOMES_ALTERNATIVOS":["Casa Blanca"],"FONTES_JOGOS":["Meu Timão"],"LATITUDE":-0.1076798,"LONGITUDE":-78.4890979,"CAPACIDADE_STADIUMDB":"41596","FONTE_CAPACIDADE_STADIUMDB":"StadiumDB.com","URL_CAPACIDADE_STADIUMDB":"https://stadiumdb.com/stadiums/ecu/estadio_la_casa_blanca","PAIS_ISO3":"ECU","FONTE_CORRECAO_PAIS":"https://data.geocode.earth/wof/dist/legacy/whosonfirst-data-country-latest.tar.bz2"},"geometry":{"type":"Point","coordinates":[-78.4890979,-0.1076798]}},{"type":"Feature","properties":{"ESTÁDIO":"Rua Comendador Souza","CIDADE":null,"ESTADO":null,"PAÍS":"Brazil","CAPACIDADE":null,"PRIMEIRA_PARTIDA":"CORINTHIANS 0x3 RIO PRETO","DATA_PRIMEIRA_PARTIDA":"2016-05-25","ANO_PRIMEIRA_PARTIDA":2016,"ADVERSARIO":"RIO PRETO","PLACAR":"0x3","COMPETICAO_PRIMEIRA_PARTIDA":"Paulista 2016","MANDO_PRIMEIRA_PARTIDA":"Sim","FONTE_PRIMEIRA_PARTIDA":"https://www.meutimao.com.br/jogo/4715/paulista-2016/corinthians-0-x-3-rio_preto","TOTAL_JOGOS":3,"VITÓRIAS":2,"EMPATES":0,"DERROTAS":1,"APROVEITAMENTO_PCT":66.7,"GOLS_MARCADOS":6,"GOLS_SOFRIDOS":4,"NOMES_ALTERNATIVOS":[],"FONTES_JOGOS":["Meu Timão"],"LATITUDE":-23.5180229,"LONGITUDE":-46.6852378,"PAIS_ISO3":"BRA","FONTE_CORRECAO_PAIS":"https://data.geocode.earth/wof/dist/legacy/whosonfirst-data-country-latest.tar.bz2"},"geometry":{"type":"Point","coordinates":[-46.6852378,-23.5180229]}},{"type":"Feature","properties":{"ESTÁDIO":"Rua Javari","CIDADE":null,"ESTADO":null,"PAÍS":"Brazil","CAPACIDADE":"4000","PRIMEIRA_PARTIDA":"JUVENTUS 0x8 CORINTHIANS","DATA_PRIMEIRA_PARTIDA":"2017-05-07","ANO_PRIMEIRA_PARTIDA":2017,"ADVERSARIO":"JUVENTUS","PLACAR":"0x8","COMPETICAO_PRIMEIRA_PARTIDA":"Paulista Feminino 2017","MANDO_PRIMEIRA_PARTIDA":"Não","FONTE_PRIMEIRA_PARTIDA":"https://www.meutimao.com.br/jogo/5319/paulista-feminino-2017/juventus-0-x-8-corinthians","TOTAL_JOGOS":4,"VITÓRIAS":4,"EMPATES":0,"DERROTAS":0,"APROVEITAMENTO_PCT":100.0,"GOLS_MARCADOS":18,"GOLS_SOFRIDOS":0,"NOMES_ALTERNATIVOS":[],"FONTES_JOGOS":["Meu Timão"],"LATITUDE":-23.5532921,"LONGITUDE":-46.6048538,"CAPACIDADE_FONTE":"Meu Timão","URL_FONTE_CAPACIDADE":"https://www.meutimao.com.br/estadio/rua_javari/","PAIS_ISO3":"BRA","FONTE_CORRECAO_PAIS":"https://data.geocode.earth/wof/dist/legacy/whosonfirst-data-country-latest.tar.bz2"},"geometry":{"type":"Point","coordinates":[-46.6048538,-23.5532921]}},{"type":"Feature","properties":{"ESTÁDIO":"SESC PROTÁSIO ALVES (ANTIGO SESC CAMPESTRE)","CIDADE":"PORTO ALEGRE ","ESTADO":"RIO GRANDE DO SUL","PAÍS":"BRASIL","CAPACIDADE":"0.0","PRIMEIRA_PARTIDA":"INTERNACIONAL 0x4 CORINTHIANS","DATA_PRIMEIRA_PARTIDA":"2021-04-28","ANO_PRIMEIRA_PARTIDA":2021,"ADVERSARIO":"INTERNACIONAL","PLACAR":"0x4","COMPETICAO_PRIMEIRA_PARTIDA":"Brasileiro Feminino 2021","MANDO_PRIMEIRA_PARTIDA":"Não","FONTE_PRIMEIRA_PARTIDA":"https://www.meutimao.com.br/jogo/4814/brasileiro-feminino-2021/internacional-0-x-4-corinthians","TOTAL_JOGOS":1,"VITÓRIAS":1,"EMPATES":0,"DERROTAS":0,"APROVEITAMENTO_PCT":100.0,"GOLS_MARCADOS":4,"GOLS_SOFRIDOS":0,"NOMES_ALTERNATIVOS":[],"FONTES_JOGOS":["Meu Timão"],"LATITUDE":-30.03932629918736,"LONGITUDE":-51.14635268892085,"PAIS_ISO3":"BRA"},"geometry":{"type":"Point","coordinates":[-51.14635268892085,-30.03932629918736]}},{"type":"Feature","properties":{"ESTÁDIO":"SOARES DE AZEVEDO (GIGANTE DA 356)","CIDADE":"MURIAÉ","ESTADO":"MINAS GERAIS","PAÍS":"BRASIL","CAPACIDADE":"13971","PRIMEIRA_PARTIDA":null,"DATA_PRIMEIRA_PARTIDA":null,"ANO_PRIMEIRA_PARTIDA":null,"ADVERSARIO":null,"PLACAR":null,"COMPETICAO_PRIMEIRA_PARTIDA":null,"MANDO_PRIMEIRA_PARTIDA":null,"FONTE_PRIMEIRA_PARTIDA":null,"TOTAL_JOGOS":0,"VITÓRIAS":0,"EMPATES":0,"DERROTAS":0,"APROVEITAMENTO_PCT":0,"GOLS_MARCADOS":0,"GOLS_SOFRIDOS":0,"NOMES_ALTERNATIVOS":[],"FONTES_JOGOS":[],"LATITUDE":-21.126403210954635,"LONGITUDE":-42.33714706619389,"PAIS_ISO3":"BRA"},"geometry":{"type":"Point","coordinates":[-42.33714706619389,-21.126403210954635]}},{"type":"Feature","properties":{"ESTÁDIO":"TANCREDO NEVES (AZULÃO)","CIDADE":"JAGUARIÚNA","ESTADO":"SÃO PAULO","PAÍS":"BRASIL","CAPACIDADE":"DESCONHECIDO","PRIMEIRA_PARTIDA":"JAGUARIÚNA 1x4 CORINTHIANS","DATA_PRIMEIRA_PARTIDA":"2009-09-05","ANO_PRIMEIRA_PARTIDA":2009,"ADVERSARIO":"JAGUARIÚNA","PLACAR":"1x4","COMPETICAO_PRIMEIRA_PARTIDA":"CAMPEONATO PAULISTA / FPF","MANDO_PRIMEIRA_PARTIDA":"Não","FONTE_PRIMEIRA_PARTIDA":null,"TOTAL_JOGOS":1,"VITÓRIAS":1,"EMPATES":0,"DERROTAS":0,"APROVEITAMENTO_PCT":100.0,"GOLS_MARCADOS":4,"GOLS_SOFRIDOS":1,"NOMES_ALTERNATIVOS":[],"FONTES_JOGOS":["Daniel Keppler"],"LATITUDE":-22.694520826041753,"LONGITUDE":-46.99032070028346,"PAIS_ISO3":"BRA"},"geometry":{"type":"Point","coordinates":[-46.99032070028346,-22.694520826041753]}},{"type":"Feature","properties":{"ESTÁDIO":"Teixeirão","CIDADE":"SÃO JOSÉ DO RIO PRETO ","ESTADO":"SÃO PAULO","PAÍS":"BRASIL","CAPACIDADE":"32168","PRIMEIRA_PARTIDA":"PONTE PRETA 0x3 CORINTHIANS","DATA_PRIMEIRA_PARTIDA":"2019-08-31","ANO_PRIMEIRA_PARTIDA":2019,"ADVERSARIO":"PONTE PRETA","PLACAR":"0x3","COMPETICAO_PRIMEIRA_PARTIDA":"Paulista Feminino 2019","MANDO_PRIMEIRA_PARTIDA":"Não","FONTE_PRIMEIRA_PARTIDA":"https://www.meutimao.com.br/jogo/1313/paulista-feminino-2019/ponte_preta-0-x-3-corinthians","TOTAL_JOGOS":1,"VITÓRIAS":1,"EMPATES":0,"DERROTAS":0,"APROVEITAMENTO_PCT":100.0,"GOLS_MARCADOS":3,"GOLS_SOFRIDOS":0,"NOMES_ALTERNATIVOS":[],"FONTES_JOGOS":["Meu Timão"],"LATITUDE":-20.796769,"LONGITUDE":-49.3589966,"PAIS_ISO3":"BRA"},"geometry":{"type":"Point","coordinates":[-49.3589966,-20.796769]}},{"type":"Feature","properties":{"ESTÁDIO":"VALMIR CAMPELO BEZERRA (BEZERRÃO)","CIDADE":"GAMA ","ESTADO":"DISTRITO FEDERAL","PAÍS":"BRASIL","CAPACIDADE":"20310","PRIMEIRA_PARTIDA":"CRESSPOM 2x1 CORINTHIANS","DATA_PRIMEIRA_PARTIDA":"2016-10-13","ANO_PRIMEIRA_PARTIDA":2016,"ADVERSARIO":"CRESSPOM","PLACAR":"2x1","COMPETICAO_PRIMEIRA_PARTIDA":"Copa do Brasil 2016","MANDO_PRIMEIRA_PARTIDA":"Não","FONTE_PRIMEIRA_PARTIDA":"https://www.meutimao.com.br/jogo/4697/copa-do-brasil-2016/cresspom-2-x-1-corinthians","TOTAL_JOGOS":3,"VITÓRIAS":2,"EMPATES":0,"DERROTAS":1,"APROVEITAMENTO_PCT":66.7,"GOLS_MARCADOS":13,"GOLS_SOFRIDOS":5,"NOMES_ALTERNATIVOS":[],"FONTES_JOGOS":["Meu Timão"],"LATITUDE":-16.010988388571377,"LONGITUDE":-48.061410548437806,"PAIS_ISO3":"BRA"},"geometry":{"type":"Point","coordinates":[-48.061410548437806,-16.010988388571377]}},{"type":"Feature","properties":{"ESTÁDIO":"Vila Belmiro","CIDADE":"SANTOS","ESTADO":"SÃO PAULO","PAÍS":"BRASIL","CAPACIDADE":"20360","PRIMEIRA_PARTIDA":"SANTOS 0x1 CORINTHIANS","DATA_PRIMEIRA_PARTIDA":"1998-05-24","ANO_PRIMEIRA_PARTIDA":1998,"ADVERSARIO":"SANTOS","PLACAR":"0x1","COMPETICAO_PRIMEIRA_PARTIDA":"CAMPEONATO PAULISTA / FPF","MANDO_PRIMEIRA_PARTIDA":"Não","FONTE_PRIMEIRA_PARTIDA":null,"TOTAL_JOGOS":17,"VITÓRIAS":7,"EMPATES":2,"DERROTAS":8,"APROVEITAMENTO_PCT":45.1,"GOLS_MARCADOS":27,"GOLS_SOFRIDOS":27,"NOMES_ALTERNATIVOS":[],"FONTES_JOGOS":["Daniel Keppler","Meu Timão"],"LATITUDE":-23.95083320224522,"LONGITUDE":-46.33836796008564,"CAPACIDADE_STADIUMDB":"15800","FONTE_CAPACIDADE_STADIUMDB":"StadiumDB.com","URL_CAPACIDADE_STADIUMDB":"https://stadiumdb.com/stadiums/bra/estadio_urbano_caldeira","PAIS_ISO3":"BRA"},"geometry":{"type":"Point","coordinates":[-46.33836796008564,-23.95083320224522]}},{"type":"Feature","properties":{"ESTÁDIO":"Vélez Sarsfield","CIDADE":"Buenos Aires","ESTADO":"Autonomous City of Buenos Aires","PAÍS":"Argentina","CAPACIDADE":"50540","PRIMEIRA_PARTIDA":"CORINTHIANS 7x0 SANTIAGO MORNING","DATA_PRIMEIRA_PARTIDA":"2021-03-14","ANO_PRIMEIRA_PARTIDA":2021,"ADVERSARIO":"SANTIAGO MORNING","PLACAR":"7x0","COMPETICAO_PRIMEIRA_PARTIDA":"Libertadores Feminina 2020","MANDO_PRIMEIRA_PARTIDA":"Sim","FONTE_PRIMEIRA_PARTIDA":"https://www.meutimao.com.br/jogo/5080/libertadores-feminina-2020/quartas_de_final/corinthians-7-x-0-santiago_morning","TOTAL_JOGOS":2,"VITÓRIAS":2,"EMPATES":0,"DERROTAS":0,"APROVEITAMENTO_PCT":100.0,"GOLS_MARCADOS":11,"GOLS_SOFRIDOS":0,"NOMES_ALTERNATIVOS":["El Fortín"],"FONTES_JOGOS":["Meu Timão"],"LATITUDE":-34.635406,"LONGITUDE":-58.5206968,"CAPACIDADE_FONTE":"Meu Timão","URL_FONTE_CAPACIDADE":"https://www.meutimao.com.br/estadio/velez_sarsfield?genero=feminino","PAIS_ISO3":"ARG","FONTE_CORRECAO_PAIS":"https://data.geocode.earth/wof/dist/legacy/whosonfirst-data-country-latest.tar.bz2"},"geometry":{"type":"Point","coordinates":[-58.5206968,-34.635406]}},{"type":"Feature","properties":{"ESTÁDIO":"ÍCARO DE CASTRO MELO (OLÍMPICO DO IBIRAPUERA)","CIDADE":"SÃO PAULO ","ESTADO":"SÃO PAULO","PAÍS":"BRASIL","CAPACIDADE":"13400","PRIMEIRA_PARTIDA":"CORINTHIANS 3x0 USP","DATA_PRIMEIRA_PARTIDA":"1997-03-09","ANO_PRIMEIRA_PARTIDA":1997,"ADVERSARIO":"USP","PLACAR":"3x0","COMPETICAO_PRIMEIRA_PARTIDA":"TORNEIO INÍCIO","MANDO_PRIMEIRA_PARTIDA":"Neutro","FONTE_PRIMEIRA_PARTIDA":null,"TOTAL_JOGOS":8,"VITÓRIAS":3,"EMPATES":1,"DERROTAS":4,"APROVEITAMENTO_PCT":41.7,"GOLS_MARCADOS":17,"GOLS_SOFRIDOS":15,"NOMES_ALTERNATIVOS":[],"FONTES_JOGOS":["Daniel Keppler"],"LATITUDE":-23.578112052013303,"LONGITUDE":-46.65369778153475,"PAIS_ISO3":"BRA"},"geometry":{"type":"Point","coordinates":[-46.65369778153475,-23.578112052013303]}}]}